{"type":"FeatureCollection","features":[{"type":"Feature","properties":{"code":"04202","nom":"Sausses","app":11.3,"app_bas":8.9,"app_haut":14.35,"app_ech":"maille","app_obs":4,"mai":7.64,"mai_bas":5.19,"mai_haut":11.25,"mai_ech":"epci","mai_obs":2},"geometry":{"type":"Polygon","coordinates":[[[6.8013,43.9909],[6.7947,43.9983],[6.7815,43.9991],[6.7703,44.0062],[6.7498,44.0144],[6.736,44.0339],[6.7457,44.0428],[6.7726,44.0255],[6.7893,44.0226],[6.7956,44.0081],[6.798,44.0053],[6.8387,43.9897],[6.8347,43.9833],[6.8013,43.9909]]]}},{"type":"Feature","properties":{"code":"04143","nom":"Oraison","app":13.17,"app_bas":10.38,"app_haut":16.7,"app_ech":"commune","app_obs":542,"mai":11.63,"mai_bas":8.66,"mai_haut":15.61,"mai_ech":"commune","mai_obs":382},"geometry":{"type":"Polygon","coordinates":[[[5.8896,43.91],[5.8945,43.9189],[5.8976,43.9314],[5.8987,43.9449],[5.9008,43.9484],[5.9304,43.9429],[5.9505,43.9405],[5.9607,43.9377],[5.9592,43.9258],[5.9674,43.9178],[5.9596,43.9033],[5.9646,43.8876],[5.9569,43.8881],[5.9361,43.8822],[5.91,43.8792],[5.8917,43.8793],[5.8788,43.8746],[5.8859,43.8876],[5.8895,43.9012],[5.8896,43.91]]]}},{"type":"Feature","properties":{"code":"04115","nom":"Méailles","app":9.85,"app_bas":7.73,"app_haut":12.55,"app_ech":"maille","app_obs":0,"mai":7.64,"mai_bas":5.19,"mai_haut":11.25,"mai_ech":"epci","mai_obs":2},"geometry":{"type":"Polygon","coordinates":[[[6.589,44.0235],[6.59,44.0302],[6.6005,44.0377],[6.6136,44.0392],[6.6144,44.0512],[6.6178,44.0564],[6.6345,44.0596],[6.6554,44.0549],[6.6676,44.0615],[6.6738,44.0678],[6.6772,44.0775],[6.6852,44.0781],[6.6908,44.0726],[6.7062,44.0638],[6.7049,44.0571],[6.6953,44.0526],[6.679,44.0432],[6.678,44.0333],[6.6684,44.0305],[6.6532,44.0197],[6.639,44.0155],[6.6199,44.012],[6.6077,44.0077],[6.5931,44.0176],[6.589,44.0235]]]}},{"type":"Feature","properties":{"code":"04132","nom":"Montsalier","app":10.93,"app_bas":8.91,"app_haut":13.39,"app_ech":"maille","app_obs":0,"mai":8.85,"mai_bas":6.67,"mai_haut":11.76,"mai_ech":"maille","mai_obs":6},"geometry":{"type":"Polygon","coordinates":[[[5.5732,44.0594],[5.6013,44.0545],[5.6168,44.0471],[5.6178,44.042],[5.6222,44.0358],[5.6214,44.0023],[5.6127,43.9946],[5.6127,43.9869],[5.6009,43.989],[5.5952,44.0088],[5.5785,44.0257],[5.5667,44.0257],[5.5645,44.044],[5.5559,44.0548],[5.5626,44.0584],[5.5732,44.0594]]]}},{"type":"Feature","properties":{"code":"04200","nom":"Salignac","app":11.33,"app_bas":8.84,"app_haut":14.54,"app_ech":"maille","app_obs":17,"mai":9.67,"mai_bas":7.33,"mai_haut":12.76,"mai_ech":"maille","mai_obs":18},"geometry":{"type":"Polygon","coordinates":[[[5.9542,44.1576],[5.9871,44.1777],[5.994,44.1773],[6.0241,44.1674],[6.0139,44.1562],[6.0052,44.1508],[6.0005,44.1428],[5.9873,44.1347],[5.9853,44.1313],[5.9776,44.1364],[5.969,44.1482],[5.9542,44.1576]]]}},{"type":"Feature","properties":{"code":"04217","nom":"Thoard","app":11.33,"app_bas":8.84,"app_haut":14.54,"app_ech":"maille","app_obs":35,"mai":9.67,"mai_bas":7.33,"mai_haut":12.76,"mai_ech":"maille","mai_obs":8},"geometry":{"type":"Polygon","coordinates":[[[6.1326,44.1192],[6.1308,44.1215],[6.1122,44.1288],[6.106,44.1295],[6.0815,44.1223],[6.0797,44.1194],[6.072,44.1341],[6.0625,44.1412],[6.0809,44.1604],[6.0879,44.1718],[6.0958,44.18],[6.1393,44.1736],[6.1489,44.1652],[6.1559,44.1619],[6.1745,44.1597],[6.1817,44.1491],[6.1888,44.143],[6.1767,44.1317],[6.1578,44.1208],[6.1326,44.1192]]]}},{"type":"Feature","properties":{"code":"04069","nom":"Demandolx","app":11.63,"app_bas":9.35,"app_haut":14.48,"app_ech":"maille","app_obs":3,"mai":11,"mai_bas":8,"mai_haut":15.12,"mai_ech":"maille","mai_obs":7},"geometry":{"type":"Polygon","coordinates":[[[6.5445,43.8917],[6.5689,43.8922],[6.574,43.8869],[6.6056,43.8783],[6.6202,43.8808],[6.606,43.8682],[6.6018,43.8552],[6.602,43.8447],[6.5904,43.846],[6.5796,43.8523],[6.5575,43.8498],[6.5455,43.8495],[6.5555,43.8612],[6.5368,43.8797],[6.5341,43.8905],[6.5445,43.8917]]]}},{"type":"Feature","properties":{"code":"04128","nom":"Montfuron","app":11.57,"app_bas":8.22,"app_haut":16.28,"app_ech":"maille","app_obs":10,"mai":11.24,"mai_bas":7.91,"mai_haut":15.96,"mai_ech":"maille","mai_obs":5},"geometry":{"type":"Polygon","coordinates":[[[5.7272,43.8454],[5.7283,43.8367],[5.7245,43.8321],[5.7213,43.8205],[5.7122,43.8255],[5.7042,43.824],[5.7033,43.8182],[5.6943,43.8138],[5.6832,43.8171],[5.6745,43.8074],[5.6672,43.8099],[5.6564,43.8194],[5.6544,43.8251],[5.6582,43.8296],[5.6501,43.8429],[5.6767,43.8467],[5.6931,43.8478],[5.7022,43.8461],[5.7164,43.8483],[5.7272,43.8454]]]}},{"type":"Feature","properties":{"code":"04182","nom":"Saint-Julien-d'Asse","app":11.77,"app_bas":9.18,"app_haut":15.07,"app_ech":"maille","app_obs":0,"mai":9.74,"mai_bas":6.84,"mai_haut":13.88,"mai_ech":"maille","mai_obs":0},"geometry":{"type":"Polygon","coordinates":[[[6.0739,43.8957],[6.0755,43.9031],[6.0717,43.9083],[6.0623,43.9083],[6.0419,43.9047],[6.033,43.9011],[6.0328,43.9096],[6.0396,43.9201],[6.0565,43.9298],[6.0628,43.9354],[6.0685,43.9458],[6.084,43.9584],[6.0833,43.9657],[6.0778,43.9745],[6.0865,43.9758],[6.0923,43.9807],[6.1005,43.9783],[6.0925,43.9647],[6.099,43.9612],[6.0931,43.9567],[6.0929,43.9504],[6.0988,43.9312],[6.0987,43.9263],[6.1114,43.896],[6.0968,43.8968],[6.0739,43.8957]]]}},{"type":"Feature","properties":{"code":"04227","nom":"Vachères","app":10.93,"app_bas":8.91,"app_haut":13.39,"app_ech":"maille","app_obs":5,"mai":11.23,"mai_bas":8.36,"mai_haut":15.09,"mai_ech":"maille","mai_obs":8},"geometry":{"type":"Polygon","coordinates":[[[5.6135,43.9236],[5.6108,43.9266],[5.6072,43.9443],[5.6155,43.9479],[5.6132,43.9597],[5.6151,43.9696],[5.6245,43.9839],[5.6454,43.9818],[5.6434,43.9697],[5.6488,43.959],[5.6632,43.9546],[5.6717,43.9487],[5.6608,43.9427],[5.6612,43.9261],[5.6442,43.9205],[5.6403,43.9127],[5.6326,43.9169],[5.6202,43.9179],[5.6135,43.9236]]]}},{"type":"Feature","properties":{"code":"04087","nom":"Fontienne","app":12.34,"app_bas":9.77,"app_haut":15.59,"app_ech":"maille","app_obs":1,"mai":9.43,"mai_bas":7.04,"mai_haut":12.65,"mai_ech":"maille","mai_obs":3},"geometry":{"type":"Polygon","coordinates":[[[5.8087,44.0285],[5.8113,44.0233],[5.8053,44.0132],[5.809,44.0079],[5.8077,43.9958],[5.8081,43.9918],[5.799,43.9868],[5.7821,43.9991],[5.7682,44.0054],[5.7756,44.0122],[5.801,44.0228],[5.8087,44.0285]]]}},{"type":"Feature","properties":{"code":"04092","nom":"Garde","app":11.63,"app_bas":9.35,"app_haut":14.48,"app_ech":"maille","app_obs":10,"mai":11,"mai_bas":8,"mai_haut":15.12,"mai_ech":"maille","mai_obs":1},"geometry":{"type":"Polygon","coordinates":[[[6.5812,43.7981],[6.5721,43.8102],[6.562,43.8199],[6.543,43.82],[6.5304,43.8253],[6.5572,43.8429],[6.5575,43.8498],[6.5796,43.8523],[6.5904,43.846],[6.602,43.8447],[6.5959,43.8273],[6.5892,43.8175],[6.5916,43.8138],[6.5869,43.8053],[6.5812,43.7981]]]}},{"type":"Feature","properties":{"code":"04112","nom":"Manosque","app":14.74,"app_bas":11.38,"app_haut":19.1,"app_ech":"commune","app_obs":4828,"mai":13.49,"mai_bas":10.05,"mai_haut":18.12,"mai_ech":"commune","mai_obs":629},"geometry":{"type":"Polygon","coordinates":[[[5.7755,43.8061],[5.7692,43.81],[5.7549,43.8238],[5.7384,43.8347],[5.7283,43.8367],[5.7272,43.8454],[5.7291,43.8525],[5.7361,43.8485],[5.7434,43.8603],[5.7494,43.857],[5.7562,43.863],[5.7562,43.8691],[5.7622,43.8784],[5.7735,43.883],[5.7808,43.8751],[5.7907,43.8758],[5.7917,43.8695],[5.7972,43.8666],[5.812,43.8676],[5.8202,43.8629],[5.8284,43.8539],[5.8522,43.8348],[5.8305,43.8151],[5.8077,43.7747],[5.7955,43.7932],[5.7755,43.8061]]]}},{"type":"Feature","properties":{"code":"04159","nom":"Redortiers","app":10.93,"app_bas":8.91,"app_haut":13.39,"app_ech":"maille","app_obs":0,"mai":9.36,"mai_bas":6.98,"mai_haut":12.56,"mai_ech":"maille","mai_obs":0},"geometry":{"type":"Polygon","coordinates":[[[5.5732,44.0594],[5.5769,44.0644],[5.5782,44.0747],[5.5759,44.0793],[5.5825,44.0967],[5.5897,44.1076],[5.5902,44.12],[5.5947,44.1207],[5.603,44.1288],[5.6086,44.1519],[5.6311,44.1506],[5.6452,44.1486],[5.6474,44.1365],[5.6395,44.1286],[5.6378,44.1094],[5.6481,44.0936],[5.647,44.0829],[5.64,44.0759],[5.6398,44.0675],[5.6219,44.0492],[5.6178,44.042],[5.6168,44.0471],[5.6013,44.0545],[5.5732,44.0594]]]}},{"type":"Feature","properties":{"code":"04134","nom":"Motte-du-Caire","app":11.33,"app_bas":8.84,"app_haut":14.54,"app_ech":"maille","app_obs":46,"mai":9.67,"mai_bas":7.33,"mai_haut":12.76,"mai_ech":"maille","mai_obs":23},"geometry":{"type":"Polygon","coordinates":[[[6.0041,44.3274],[6.007,44.3376],[6.0073,44.3526],[6.0019,44.3589],[6.0025,44.3653],[6.0165,44.3732],[6.0263,44.3768],[6.0368,44.3786],[6.0381,44.3714],[6.0475,44.3562],[6.0592,44.3551],[6.067,44.3581],[6.0793,44.3574],[6.0734,44.3499],[6.0611,44.3467],[6.0532,44.3419],[6.0545,44.3329],[6.0449,44.3188],[6.0414,44.3053],[6.0357,44.3036],[6.026,44.3086],[6.0052,44.3095],[6.003,44.3246],[6.0041,44.3274]]]}},{"type":"Feature","properties":{"code":"04152","nom":"Pierrevert","app":12.77,"app_bas":9.08,"app_haut":17.96,"app_ech":"commune","app_obs":149,"mai":12.93,"mai_bas":9.1,"mai_haut":18.38,"mai_ech":"commune","mai_obs":175},"geometry":{"type":"Polygon","coordinates":[[[5.7136,43.7811],[5.695,43.7842],[5.6846,43.7885],[5.6745,43.8074],[5.6832,43.8171],[5.6943,43.8138],[5.7033,43.8182],[5.7042,43.824],[5.7122,43.8255],[5.7213,43.8205],[5.7245,43.8321],[5.7283,43.8367],[5.7384,43.8347],[5.7549,43.8238],[5.7692,43.81],[5.7755,43.8061],[5.7613,43.8003],[5.7417,43.7889],[5.7187,43.7886],[5.7136,43.7811]]]}},{"type":"Feature","properties":{"code":"04009","nom":"Archail","app":11.05,"app_bas":8.48,"app_haut":14.41,"app_ech":"maille","app_obs":0,"mai":8.55,"mai_bas":5.79,"mai_haut":12.61,"mai_ech":"epci","mai_obs":2},"geometry":{"type":"Polygon","coordinates":[[[6.3001,44.0935],[6.3026,44.1024],[6.3095,44.1129],[6.3282,44.1366],[6.3622,44.1104],[6.3628,44.1068],[6.3423,44.0977],[6.3409,44.0947],[6.3174,44.0963],[6.3001,44.0935]]]}},{"type":"Feature","properties":{"code":"04137","nom":"Nibles","app":9.95,"app_bas":7.4,"app_haut":13.36,"app_ech":"maille","app_obs":0,"mai":9.67,"mai_bas":7.33,"mai_haut":12.76,"mai_ech":"maille","mai_obs":0},"geometry":{"type":"Polygon","coordinates":[[[6.0052,44.3095],[6.026,44.3086],[6.0357,44.3036],[6.0281,44.2905],[6.0234,44.2784],[6.0042,44.2682],[5.9938,44.2661],[5.9885,44.2709],[5.9833,44.2817],[5.9937,44.2953],[6.0039,44.3042],[6.0052,44.3095]]]}},{"type":"Feature","properties":{"code":"04050","nom":"Châteaufort","app":9.95,"app_bas":7.4,"app_haut":13.36,"app_ech":"maille","app_obs":1,"mai":9.67,"mai_bas":7.33,"mai_haut":12.76,"mai_ech":"maille","mai_obs":0},"geometry":{"type":"Polygon","coordinates":[[[5.9938,44.2661],[6.0042,44.2682],[6.0234,44.2784],[6.0281,44.2905],[6.0357,44.3036],[6.0414,44.3053],[6.0526,44.3043],[6.0543,44.302],[6.0486,44.2852],[6.0542,44.2751],[6.0534,44.2705],[6.0401,44.2744],[6.0364,44.268],[6.0354,44.2455],[6.0264,44.251],[5.9984,44.2564],[5.9938,44.2661]]]}},{"type":"Feature","properties":{"code":"04201","nom":"Saumane","app":10.93,"app_bas":8.91,"app_haut":13.39,"app_ech":"maille","app_obs":0,"mai":9.36,"mai_bas":6.98,"mai_haut":12.56,"mai_ech":"maille","mai_obs":3},"geometry":{"type":"Polygon","coordinates":[[[5.69,44.0779],[5.6861,44.0801],[5.6759,44.0681],[5.6753,44.0646],[5.6664,44.0676],[5.672,44.0789],[5.6838,44.0873],[5.6904,44.1011],[5.6954,44.0919],[5.69,44.0779]]]}},{"type":"Feature","properties":{"code":"04208","nom":"Simiane-la-Rotonde","app":10.93,"app_bas":8.91,"app_haut":13.39,"app_ech":"maille","app_obs":9,"mai":11.14,"mai_bas":8.22,"mai_haut":15.09,"mai_ech":"maille","mai_obs":21},"geometry":{"type":"Polygon","coordinates":[[[5.545,43.9391],[5.53,43.9457],[5.5127,43.9454],[5.5086,43.9598],[5.5181,43.9901],[5.5287,44.0076],[5.536,44.0136],[5.5437,44.0287],[5.5436,44.0566],[5.5446,44.0699],[5.5452,44.0584],[5.5559,44.0548],[5.5645,44.044],[5.5667,44.0257],[5.5785,44.0257],[5.5952,44.0088],[5.6009,43.989],[5.6245,43.9839],[5.6151,43.9696],[5.6132,43.9597],[5.6155,43.9479],[5.6072,43.9443],[5.5933,43.9451],[5.5588,43.9426],[5.545,43.9391]]]}},{"type":"Feature","properties":{"code":"04240","nom":"Villars-Colmars","app":11.05,"app_bas":8.48,"app_haut":14.41,"app_ech":"maille","app_obs":1,"mai":7.64,"mai_bas":5.19,"mai_haut":11.25,"mai_ech":"epci","mai_obs":4},"geometry":{"type":"Polygon","coordinates":[[[6.5268,44.1792],[6.5373,44.1914],[6.5328,44.2038],[6.5362,44.2215],[6.535,44.2321],[6.5416,44.2377],[6.5524,44.2346],[6.5796,44.2348],[6.5922,44.2304],[6.5985,44.2155],[6.6029,44.1921],[6.6037,44.1784],[6.6141,44.168],[6.6052,44.1582],[6.5932,44.161],[6.5863,44.1664],[6.5623,44.1701],[6.5455,44.1684],[6.5281,44.1741],[6.5268,44.1792]]]}},{"type":"Feature","properties":{"code":"04084","nom":"Estoublon","app":10.15,"app_bas":7.94,"app_haut":12.98,"app_ech":"maille","app_obs":9,"mai":9.74,"mai_bas":6.84,"mai_haut":13.88,"mai_ech":"maille","mai_obs":12},"geometry":{"type":"Polygon","coordinates":[[[6.2329,43.9221],[6.2245,43.9208],[6.2054,43.9217],[6.1955,43.9199],[6.1613,43.9222],[6.1634,43.9276],[6.1496,43.9323],[6.1558,43.9417],[6.1499,43.9511],[6.1508,43.9579],[6.1473,43.9641],[6.1477,43.9786],[6.1723,43.9679],[6.1861,43.9683],[6.2156,43.9558],[6.2322,43.9543],[6.239,43.952],[6.2397,43.9459],[6.2456,43.944],[6.25,43.9323],[6.2558,43.9256],[6.2394,43.9214],[6.2329,43.9221]]]}},{"type":"Feature","properties":{"code":"04006","nom":"Allos","app":13.6,"app_bas":9.03,"app_haut":20.47,"app_ech":"commune","app_obs":137,"mai":7.64,"mai_bas":5.19,"mai_haut":11.25,"mai_ech":"epci","mai_obs":4},"geometry":{"type":"Polygon","coordinates":[[[6.5325,44.2881],[6.5374,44.3051],[6.5453,44.3233],[6.5612,44.3166],[6.581,44.3109],[6.5924,44.3005],[6.5942,44.2916],[6.6048,44.2875],[6.6119,44.2897],[6.6216,44.2966],[6.6384,44.291],[6.6493,44.2936],[6.6828,44.2939],[6.7039,44.2905],[6.7099,44.2819],[6.7047,44.2718],[6.7041,44.2656],[6.7233,44.2607],[6.7283,44.2526],[6.724,44.2498],[6.725,44.2263],[6.7141,44.2182],[6.6567,44.2221],[6.6355,44.2151],[6.6232,44.2245],[6.6133,44.223],[6.5985,44.2155],[6.5922,44.2304],[6.5796,44.2348],[6.5524,44.2346],[6.5416,44.2377],[6.5434,44.247],[6.5419,44.259],[6.5453,44.2632],[6.5439,44.2701],[6.5325,44.2881]]]}},{"type":"Feature","properties":{"code":"04039","nom":"Castellane","app":9.85,"app_bas":7.73,"app_haut":12.55,"app_ech":"maille","app_obs":88,"mai":11,"mai_bas":8,"mai_haut":15.12,"mai_ech":"maille","mai_obs":30},"geometry":{"type":"Polygon","coordinates":[[[6.3929,43.8347],[6.4018,43.8452],[6.4142,43.8485],[6.4171,43.8589],[6.4272,43.8746],[6.4445,43.878],[6.4649,43.8855],[6.4709,43.8898],[6.4785,43.9008],[6.494,43.9089],[6.5125,43.9123],[6.5271,43.9212],[6.5317,43.9207],[6.5357,43.909],[6.5445,43.8917],[6.5341,43.8905],[6.5368,43.8797],[6.5555,43.8612],[6.5455,43.8495],[6.5575,43.8498],[6.5572,43.8429],[6.5304,43.8253],[6.543,43.82],[6.562,43.8199],[6.5721,43.8102],[6.5812,43.7981],[6.5736,43.7925],[6.5541,43.7834],[6.5465,43.7755],[6.5415,43.7757],[6.5457,43.7822],[6.5414,43.7929],[6.5248,43.8064],[6.5174,43.8068],[6.5094,43.8007],[6.4869,43.7917],[6.4821,43.7911],[6.4693,43.7987],[6.4568,43.7931],[6.4388,43.7977],[6.4387,43.8085],[6.4323,43.8138],[6.4219,43.8158],[6.4012,43.8251],[6.3929,43.8347]]]}},{"type":"Feature","properties":{"code":"04174","nom":"Saint-Benoît","app":11.3,"app_bas":8.9,"app_haut":14.35,"app_ech":"maille","app_obs":1,"mai":7.64,"mai_bas":5.19,"mai_haut":11.25,"mai_ech":"epci","mai_obs":2},"geometry":{"type":"Polygon","coordinates":[[[6.7655,43.9703],[6.7507,43.9664],[6.7409,43.962],[6.7391,43.9519],[6.7262,43.9416],[6.722,43.9283],[6.6931,43.94],[6.6989,43.9531],[6.6945,43.9625],[6.7051,43.9705],[6.7122,43.9846],[6.7203,43.991],[6.7263,43.9916],[6.7491,43.9881],[6.7553,43.9783],[6.7655,43.9703]]]}},{"type":"Feature","properties":{"code":"04177","nom":"Hautes-Duyes","app":9.95,"app_bas":7.4,"app_haut":13.36,"app_ech":"maille","app_obs":0,"mai":9.67,"mai_bas":7.33,"mai_haut":12.76,"mai_ech":"maille","mai_obs":0},"geometry":{"type":"Polygon","coordinates":[[[6.1489,44.1652],[6.1498,44.1751],[6.1452,44.1802],[6.1473,44.1885],[6.1577,44.1965],[6.1583,44.2052],[6.1685,44.217],[6.1654,44.2236],[6.1671,44.2314],[6.1868,44.2325],[6.1965,44.2259],[6.1949,44.2115],[6.1976,44.1998],[6.1959,44.1895],[6.1901,44.1734],[6.1745,44.1597],[6.1559,44.1619],[6.1489,44.1652]]]}},{"type":"Feature","properties":{"code":"04180","nom":"Saint-Jacques","app":11.05,"app_bas":8.48,"app_haut":14.41,"app_ech":"maille","app_obs":0,"mai":7.64,"mai_bas":5.19,"mai_haut":11.25,"mai_ech":"epci","mai_obs":1},"geometry":{"type":"Polygon","coordinates":[[[6.3777,43.9888],[6.3798,43.9825],[6.3874,43.9764],[6.3828,43.9666],[6.3573,43.9715],[6.3546,43.9788],[6.3643,43.9885],[6.3777,43.9888]]]}},{"type":"Feature","properties":{"code":"04193","nom":"Saint-Paul-sur-Ubaye","app":10,"app_bas":7.05,"app_haut":14.19,"app_ech":"maille","app_obs":3,"mai":9.51,"mai_bas":6.64,"mai_haut":13.63,"mai_ech":"maille","mai_obs":0},"geometry":{"type":"Polygon","coordinates":[[[6.7637,44.4716],[6.7544,44.4697],[6.7393,44.4708],[6.7281,44.4788],[6.7061,44.4918],[6.6973,44.495],[6.6875,44.4947],[6.6685,44.5003],[6.6743,44.5169],[6.6814,44.5288],[6.6799,44.5419],[6.7042,44.5391],[6.7113,44.5411],[6.7236,44.5492],[6.7372,44.5525],[6.7473,44.5602],[6.7493,44.5665],[6.7566,44.5722],[6.7718,44.5758],[6.7722,44.5889],[6.7963,44.5985],[6.7999,44.6042],[6.8046,44.604],[6.8279,44.6093],[6.8398,44.6086],[6.8471,44.6111],[6.8537,44.6171],[6.8581,44.6281],[6.8801,44.63],[6.9016,44.6472],[6.9076,44.6564],[6.9145,44.6595],[6.9355,44.6534],[6.9483,44.6548],[6.9545,44.6362],[6.9668,44.6253],[6.9596,44.6212],[6.9508,44.6198],[6.9449,44.6058],[6.9384,44.6037],[6.9327,44.5927],[6.9335,44.576],[6.9219,44.5702],[6.9141,44.5637],[6.9132,44.5588],[6.8909,44.5535],[6.8811,44.5532],[6.876,44.5502],[6.8698,44.5368],[6.8585,44.5344],[6.854,44.5291],[6.8597,44.5028],[6.844,44.4985],[6.8367,44.4919],[6.8288,44.4934],[6.8166,44.5035],[6.8077,44.5066],[6.7815,44.4986],[6.7775,44.495],[6.7703,44.4803],[6.7637,44.4716]]]}},{"type":"Feature","properties":{"code":"04086","nom":"Faucon-de-Barcelonnette","app":10,"app_bas":7.05,"app_haut":14.19,"app_ech":"maille","app_obs":8,"mai":9.9,"mai_bas":7.21,"mai_haut":13.58,"mai_ech":"maille","mai_obs":0},"geometry":{"type":"Polygon","coordinates":[[[6.6522,44.4128],[6.6511,44.4185],[6.6543,44.4327],[6.6532,44.4364],[6.6775,44.4383],[6.6848,44.4304],[6.6978,44.4224],[6.7168,44.4044],[6.6956,44.399],[6.6865,44.391],[6.6701,44.3899],[6.6522,44.4128]]]}},{"type":"Feature","properties":{"code":"04133","nom":"Moriez","app":9.85,"app_bas":7.73,"app_haut":12.55,"app_ech":"maille","app_obs":10,"mai":7.64,"mai_bas":5.19,"mai_haut":11.25,"mai_ech":"epci","mai_obs":7},"geometry":{"type":"Polygon","coordinates":[[[6.448,43.9369],[6.4535,43.9384],[6.4526,43.946],[6.4332,43.9612],[6.4293,43.9669],[6.4214,43.9743],[6.4226,43.9795],[6.4326,43.9833],[6.428,43.991],[6.4363,43.9951],[6.4384,44.0064],[6.4565,44.013],[6.467,44.0056],[6.4803,43.9821],[6.4805,43.9773],[6.491,43.968],[6.4959,43.9518],[6.5037,43.947],[6.5018,43.9368],[6.489,43.9351],[6.4823,43.9199],[6.4694,43.9131],[6.45,43.9291],[6.448,43.9369]]]}},{"type":"Feature","properties":{"code":"04206","nom":"Sigonce","app":12.34,"app_bas":9.77,"app_haut":15.59,"app_ech":"maille","app_obs":8,"mai":9.43,"mai_bas":7.04,"mai_haut":12.65,"mai_ech":"maille","mai_obs":18},"geometry":{"type":"Polygon","coordinates":[[[5.8462,44.0132],[5.8523,44.0141],[5.8705,44.0265],[5.8737,44.0323],[5.8855,44.0406],[5.8937,44.0244],[5.8856,44.0016],[5.8877,43.998],[5.8804,43.9969],[5.869,43.9898],[5.8686,43.9777],[5.8647,43.9781],[5.8503,43.9899],[5.8392,43.9787],[5.8249,43.9861],[5.8179,43.9951],[5.8077,43.9958],[5.809,44.0079],[5.8144,44.0063],[5.8388,44.0077],[5.8462,44.0132]]]}},{"type":"Feature","properties":{"code":"04211","nom":"Sourribes","app":9.92,"app_bas":7.68,"app_haut":12.81,"app_ech":"maille","app_obs":7,"mai":9.43,"mai_bas":7.04,"mai_haut":12.65,"mai_ech":"maille","mai_obs":3},"geometry":{"type":"Polygon","coordinates":[[[6.0879,44.1718],[6.0809,44.1604],[6.0625,44.1412],[6.0407,44.1443],[6.028,44.1419],[6.014,44.1355],[6.0005,44.1428],[6.0052,44.1508],[6.0139,44.1562],[6.0241,44.1674],[6.0359,44.1758],[6.0605,44.1803],[6.0728,44.1776],[6.0879,44.1718]]]}},{"type":"Feature","properties":{"code":"04116","nom":"Mées","app":10.09,"app_bas":7.89,"app_haut":12.91,"app_ech":"commune","app_obs":510,"mai":10.4,"mai_bas":7.75,"mai_haut":13.96,"mai_ech":"commune","mai_obs":216},"geometry":{"type":"Polygon","coordinates":[[[5.9371,44.0089],[5.9578,44.0259],[5.9591,44.0295],[5.9754,44.0411],[5.9858,44.0467],[5.9959,44.0536],[6.0087,44.0523],[6.0245,44.0475],[6.0144,44.0416],[6.0164,44.0293],[6.0345,44.0116],[6.0221,44.0069],[6.0102,43.9944],[5.9862,43.9871],[5.9755,43.9644],[5.9734,43.9576],[5.9658,43.9479],[5.9607,43.9377],[5.9505,43.9405],[5.9304,43.9429],[5.9008,43.9484],[5.9271,44.0003],[5.9371,44.0089]]]}},{"type":"Feature","properties":{"code":"04148","nom":"Peyroules","app":11.63,"app_bas":9.35,"app_haut":14.48,"app_ech":"maille","app_obs":1,"mai":11,"mai_bas":8,"mai_haut":15.12,"mai_ech":"maille","mai_obs":1},"geometry":{"type":"Polygon","coordinates":[[[6.6364,43.7889],[6.6279,43.7916],[6.6237,43.8035],[6.62,43.8055],[6.5995,43.8036],[6.5869,43.8053],[6.5916,43.8138],[6.5892,43.8175],[6.5959,43.8273],[6.602,43.8447],[6.6086,43.8436],[6.6233,43.8359],[6.637,43.8335],[6.6511,43.8338],[6.6679,43.8306],[6.6834,43.8292],[6.7037,43.8228],[6.712,43.8149],[6.7098,43.8107],[6.6918,43.8046],[6.6757,43.8025],[6.6415,43.7955],[6.636,43.7902],[6.6364,43.7889]]]}},{"type":"Feature","properties":{"code":"04187","nom":"Saint-Lions","app":11.05,"app_bas":8.48,"app_haut":14.41,"app_ech":"maille","app_obs":3,"mai":7.64,"mai_bas":5.19,"mai_haut":11.25,"mai_ech":"epci","mai_obs":0},"geometry":{"type":"Polygon","coordinates":[[[6.3777,43.9888],[6.3861,43.9887],[6.401,43.9917],[6.4151,43.9983],[6.428,43.991],[6.4326,43.9833],[6.4226,43.9795],[6.4214,43.9743],[6.4293,43.9669],[6.4202,43.9689],[6.4183,43.9604],[6.4107,43.9576],[6.4039,43.9625],[6.3885,43.9601],[6.3916,43.9688],[6.3874,43.9764],[6.3798,43.9825],[6.3777,43.9888]]]}},{"type":"Feature","properties":{"code":"04172","nom":"Roumoules","app":11.18,"app_bas":9.16,"app_haut":13.65,"app_ech":"maille","app_obs":32,"mai":9.74,"mai_bas":6.84,"mai_haut":13.88,"mai_ech":"maille","mai_obs":9},"geometry":{"type":"Polygon","coordinates":[[[6.1684,43.8536],[6.1683,43.8504],[6.184,43.8448],[6.1915,43.8393],[6.1819,43.8339],[6.1669,43.829],[6.1716,43.8068],[6.1623,43.7949],[6.1673,43.7864],[6.1513,43.7876],[6.1425,43.7842],[6.1298,43.7951],[6.1334,43.8033],[6.125,43.8146],[6.112,43.8185],[6.1163,43.8281],[6.1159,43.8359],[6.1221,43.8436],[6.1307,43.8448],[6.1473,43.844],[6.1592,43.8512],[6.1684,43.8536]]]}},{"type":"Feature","properties":{"code":"04016","nom":"Authon","app":9.95,"app_bas":7.4,"app_haut":13.36,"app_ech":"maille","app_obs":0,"mai":10.22,"mai_bas":7.37,"mai_haut":14.16,"mai_ech":"maille","mai_obs":0},"geometry":{"type":"Polygon","coordinates":[[[6.0695,44.2539],[6.0887,44.2586],[6.108,44.2687],[6.1091,44.2727],[6.1351,44.2674],[6.1648,44.2701],[6.1885,44.2688],[6.1944,44.2651],[6.2125,44.2594],[6.2177,44.2537],[6.214,44.2464],[6.2191,44.2403],[6.1965,44.2259],[6.1868,44.2325],[6.1671,44.2314],[6.1654,44.2236],[6.1455,44.2335],[6.1326,44.2296],[6.1197,44.222],[6.1158,44.2363],[6.0797,44.2474],[6.0695,44.2539]]]}},{"type":"Feature","properties":{"code":"04234","nom":"Venterol","app":11.33,"app_bas":8.84,"app_haut":14.54,"app_ech":"maille","app_obs":17,"mai":9.9,"mai_bas":7.21,"mai_haut":13.58,"mai_ech":"maille","mai_obs":8},"geometry":{"type":"Polygon","coordinates":[[[6.0769,44.4693],[6.0827,44.4774],[6.1153,44.4756],[6.1095,44.4509],[6.1101,44.4462],[6.1195,44.4341],[6.1161,44.4321],[6.0886,44.4231],[6.0848,44.412],[6.0748,44.4026],[6.0657,44.4019],[6.0665,44.4209],[6.0587,44.4281],[6.0565,44.4367],[6.0562,44.4494],[6.0737,44.4404],[6.0761,44.4449],[6.0711,44.4505],[6.0828,44.4633],[6.0769,44.4693]]]}},{"type":"Feature","properties":{"code":"04067","nom":"Curel","app":9.38,"app_bas":7.34,"app_haut":12,"app_ech":"maille","app_obs":1,"mai":9.36,"mai_bas":6.98,"mai_haut":12.56,"mai_ech":"maille","mai_obs":0},"geometry":{"type":"Polygon","coordinates":[[[5.6516,44.1896],[5.676,44.1914],[5.6921,44.1865],[5.7001,44.1741],[5.6928,44.163],[5.6827,44.1635],[5.6626,44.1669],[5.647,44.1663],[5.6437,44.1726],[5.6523,44.1854],[5.6516,44.1896]]]}},{"type":"Feature","properties":{"code":"04051","nom":"Châteauneuf-Miravail","app":9.38,"app_bas":7.34,"app_haut":12,"app_ech":"maille","app_obs":0,"mai":9.43,"mai_bas":7.04,"mai_haut":12.65,"mai_ech":"maille","mai_obs":0},"geometry":{"type":"Polygon","coordinates":[[[5.7001,44.1741],[5.7083,44.1749],[5.7203,44.1719],[5.732,44.1723],[5.7501,44.1661],[5.7468,44.1529],[5.7429,44.147],[5.7437,44.1387],[5.7483,44.1318],[5.7293,44.1286],[5.721,44.1359],[5.7059,44.1369],[5.7002,44.1427],[5.6786,44.1461],[5.6827,44.1635],[5.6928,44.163],[5.7001,44.1741]]]}},{"type":"Feature","properties":{"code":"04170","nom":"Rochette","app":11.3,"app_bas":8.9,"app_haut":14.35,"app_ech":"maille","app_obs":0,"mai":18.76,"mai_bas":11.71,"mai_haut":30.05,"mai_ech":"maille","mai_obs":0},"geometry":{"type":"Polygon","coordinates":[[[6.8926,43.89],[6.8846,43.8891],[6.8766,43.8986],[6.8659,43.9048],[6.8426,43.9159],[6.836,43.9154],[6.8323,43.9185],[6.8325,43.9248],[6.8586,43.9298],[6.8777,43.928],[6.8917,43.9302],[6.8997,43.9267],[6.9069,43.921],[6.9147,43.9069],[6.9187,43.8936],[6.8982,43.8921],[6.8926,43.89]]]}},{"type":"Feature","properties":{"code":"04199","nom":"Saint-Vincent-sur-Jabron","app":9.38,"app_bas":7.34,"app_haut":12,"app_ech":"maille","app_obs":10,"mai":9.43,"mai_bas":7.04,"mai_haut":12.65,"mai_ech":"maille","mai_obs":10},"geometry":{"type":"Polygon","coordinates":[[[5.7001,44.1741],[5.6921,44.1865],[5.7221,44.1996],[5.7336,44.2001],[5.7443,44.2034],[5.7545,44.2098],[5.7612,44.1931],[5.7782,44.1798],[5.7802,44.1744],[5.7768,44.1599],[5.7722,44.1513],[5.7753,44.1424],[5.7855,44.1291],[5.7873,44.1224],[5.7675,44.1243],[5.7483,44.1318],[5.7437,44.1387],[5.7429,44.147],[5.7468,44.1529],[5.7501,44.1661],[5.732,44.1723],[5.7203,44.1719],[5.7083,44.1749],[5.7001,44.1741]]]}},{"type":"Feature","properties":{"code":"04076","nom":"Entrevaux","app":11.3,"app_bas":8.9,"app_haut":14.35,"app_ech":"maille","app_obs":38,"mai":7.64,"mai_bas":5.19,"mai_haut":11.25,"mai_ech":"epci","mai_obs":5},"geometry":{"type":"Polygon","coordinates":[[[6.7252,43.9217],[6.722,43.9283],[6.7262,43.9416],[6.7391,43.9519],[6.7409,43.962],[6.7507,43.9664],[6.7655,43.9703],[6.7771,43.9705],[6.7851,43.9755],[6.7864,43.9819],[6.7929,43.9877],[6.8013,43.9909],[6.8347,43.9833],[6.8421,43.979],[6.8481,43.9652],[6.8474,43.9574],[6.8519,43.9548],[6.8711,43.9539],[6.881,43.9381],[6.8917,43.9302],[6.8777,43.928],[6.8586,43.9298],[6.8325,43.9248],[6.8228,43.9326],[6.7929,43.917],[6.7848,43.9147],[6.7829,43.9243],[6.7906,43.9328],[6.7818,43.9352],[6.7563,43.9271],[6.7526,43.923],[6.7381,43.9208],[6.7296,43.924],[6.7252,43.9217]]]}},{"type":"Feature","properties":{"code":"04231","nom":"Valernes","app":11.33,"app_bas":8.84,"app_haut":14.54,"app_ech":"maille","app_obs":10,"mai":9.67,"mai_bas":7.33,"mai_haut":12.76,"mai_ech":"maille","mai_obs":2},"geometry":{"type":"Polygon","coordinates":[[[5.9206,44.2575],[5.9259,44.2544],[5.9358,44.2587],[5.953,44.2718],[5.9701,44.2801],[5.9833,44.2817],[5.9885,44.2709],[5.9938,44.2661],[5.9984,44.2564],[6.0264,44.251],[6.0354,44.2455],[6.0137,44.2431],[5.9956,44.2379],[5.9851,44.2322],[5.9821,44.2277],[5.9489,44.2338],[5.9306,44.2317],[5.9217,44.2389],[5.9218,44.2484],[5.9206,44.2575]]]}},{"type":"Feature","properties":{"code":"04025","nom":"Beauvezer","app":11.05,"app_bas":8.48,"app_haut":14.41,"app_ech":"maille","app_obs":4,"mai":7.64,"mai_bas":5.19,"mai_haut":11.25,"mai_ech":"epci","mai_obs":1},"geometry":{"type":"Polygon","coordinates":[[[6.5455,44.1684],[6.5623,44.1701],[6.5863,44.1664],[6.5932,44.161],[6.6052,44.1582],[6.6322,44.1473],[6.6601,44.1311],[6.6644,44.1267],[6.631,44.1221],[6.624,44.1219],[6.6016,44.1258],[6.5793,44.1311],[6.5557,44.1407],[6.55,44.1451],[6.55,44.1597],[6.5455,44.1684]]]}},{"type":"Feature","properties":{"code":"04120","nom":"Val d'Oronaye","app":10,"app_bas":7.05,"app_haut":14.19,"app_ech":"maille","app_obs":0,"mai":9.51,"mai_bas":6.64,"mai_haut":13.63,"mai_ech":"maille","mai_obs":0},"geometry":{"type":"Polygon","coordinates":[[[6.8715,44.3528],[6.8628,44.3577],[6.8574,44.3785],[6.8494,44.3996],[6.841,44.4091],[6.8276,44.4207],[6.8155,44.4269],[6.8064,44.4345],[6.791,44.4378],[6.7786,44.4422],[6.7691,44.4539],[6.7687,44.463],[6.7637,44.4716],[6.7703,44.4803],[6.7775,44.495],[6.7815,44.4986],[6.8077,44.5066],[6.8166,44.5035],[6.8288,44.4934],[6.8367,44.4919],[6.844,44.4985],[6.8597,44.5028],[6.8716,44.4907],[6.882,44.4773],[6.9063,44.4668],[6.9111,44.4524],[6.9151,44.4491],[6.9371,44.4389],[6.9446,44.4321],[6.924,44.4229],[6.918,44.4274],[6.9029,44.4205],[6.8929,44.4208],[6.8956,44.4085],[6.8944,44.398],[6.8965,44.3743],[6.8874,44.3611],[6.8715,44.3528]]]}},{"type":"Feature","properties":{"code":"04160","nom":"Reillanne","app":12.91,"app_bas":10.13,"app_haut":16.44,"app_ech":"maille","app_obs":81,"mai":11.78,"mai_bas":8.81,"mai_haut":15.77,"mai_ech":"maille","mai_obs":37},"geometry":{"type":"Polygon","coordinates":[[[5.6881,43.8512],[5.6797,43.8527],[5.6633,43.8592],[5.6251,43.8568],[5.6144,43.8768],[5.6104,43.8888],[5.6262,43.8947],[5.6351,43.9027],[5.6442,43.9205],[5.6612,43.9261],[5.6605,43.92],[5.6724,43.9199],[5.6893,43.9159],[5.6946,43.9031],[5.6976,43.8893],[5.702,43.8792],[5.6955,43.8781],[5.691,43.8625],[5.6855,43.858],[5.6881,43.8512]]]}},{"type":"Feature","properties":{"code":"04244","nom":"Volonne","app":9.55,"app_bas":7.39,"app_haut":12.34,"app_ech":"commune","app_obs":220,"mai":9.43,"mai_bas":7.04,"mai_haut":12.65,"mai_ech":"maille","mai_obs":77},"geometry":{"type":"Polygon","coordinates":[[[6.0625,44.1412],[6.072,44.1341],[6.0797,44.1194],[6.0807,44.1131],[6.0675,44.1081],[6.0502,44.106],[6.0405,44.107],[6.0269,44.1035],[6.0221,44.0999],[6.0102,44.1067],[6.0051,44.1129],[5.9943,44.1184],[5.9853,44.1313],[5.9873,44.1347],[6.0005,44.1428],[6.014,44.1355],[6.028,44.1419],[6.0407,44.1443],[6.0625,44.1412]]]}},{"type":"Feature","properties":{"code":"04018","nom":"Banon","app":9.38,"app_bas":7.34,"app_haut":12,"app_ech":"maille","app_obs":42,"mai":8.85,"mai_bas":6.67,"mai_haut":11.76,"mai_ech":"maille","mai_obs":33},"geometry":{"type":"Polygon","coordinates":[[[5.6664,44.0676],[5.6753,44.0646],[5.6822,44.0577],[5.687,44.0374],[5.6859,44.0196],[5.6814,44.0117],[5.6699,44.0095],[5.66,43.9955],[5.6454,43.9818],[5.6245,43.9839],[5.6127,43.9869],[5.6127,43.9946],[5.6214,44.0023],[5.6222,44.0358],[5.6178,44.042],[5.6219,44.0492],[5.6398,44.0675],[5.6561,44.0636],[5.6664,44.0676]]]}},{"type":"Feature","properties":{"code":"04019","nom":"Barcelonnette","app":10.89,"app_bas":7.68,"app_haut":15.44,"app_ech":"commune","app_obs":433,"mai":9.46,"mai_bas":6.43,"mai_haut":13.94,"mai_ech":"maille","mai_obs":17},"geometry":{"type":"Polygon","coordinates":[[[6.6188,44.3853],[6.6307,44.3861],[6.6358,44.402],[6.6522,44.4128],[6.6701,44.3899],[6.669,44.3748],[6.6701,44.3662],[6.6648,44.3374],[6.6537,44.3448],[6.6508,44.3559],[6.6394,44.369],[6.6256,44.3776],[6.6188,44.3853]]]}},{"type":"Feature","properties":{"code":"04091","nom":"Ganagobie","app":10.15,"app_bas":7.94,"app_haut":12.98,"app_ech":"maille","app_obs":0,"mai":9.43,"mai_bas":7.04,"mai_haut":12.65,"mai_ech":"maille","mai_obs":1},"geometry":{"type":"Polygon","coordinates":[[[5.8937,44.0244],[5.9011,44.0155],[5.9232,44.0157],[5.9371,44.0089],[5.9271,44.0003],[5.9168,43.9804],[5.8951,43.9903],[5.8877,43.998],[5.8856,44.0016],[5.8937,44.0244]]]}},{"type":"Feature","properties":{"code":"04162","nom":"Revest-des-Brousses","app":10.93,"app_bas":8.91,"app_haut":13.39,"app_ech":"maille","app_obs":1,"mai":11.23,"mai_bas":8.36,"mai_haut":15.09,"mai_ech":"maille","mai_obs":4},"geometry":{"type":"Polygon","coordinates":[[[5.6814,44.0117],[5.6867,44.0042],[5.6856,43.9936],[5.6891,43.9881],[5.698,43.9838],[5.7058,43.9736],[5.7011,43.9513],[5.6907,43.9468],[5.6848,43.953],[5.6782,43.9544],[5.6717,43.9487],[5.6632,43.9546],[5.6488,43.959],[5.6434,43.9697],[5.6454,43.9818],[5.66,43.9955],[5.6699,44.0095],[5.6814,44.0117]]]}},{"type":"Feature","properties":{"code":"04063","nom":"Corbières","app":12.46,"app_bas":9.98,"app_haut":15.55,"app_ech":"maille","app_obs":47,"mai":11.24,"mai_bas":7.91,"mai_haut":15.96,"mai_ech":"maille","mai_obs":59},"geometry":{"type":"Polygon","coordinates":[[[5.7136,43.7811],[5.7187,43.7886],[5.7255,43.7889],[5.7269,43.7827],[5.7397,43.7802],[5.7523,43.7744],[5.7705,43.7695],[5.7834,43.7578],[5.7573,43.7294],[5.7492,43.7405],[5.7273,43.7503],[5.7161,43.7574],[5.7136,43.7811]]]}},{"type":"Feature","properties":{"code":"04073","nom":"Enchastrayes","app":10,"app_bas":7.05,"app_haut":14.19,"app_ech":"maille","app_obs":36,"mai":9.46,"mai_bas":6.43,"mai_haut":13.94,"mai_ech":"maille","mai_obs":6},"geometry":{"type":"Polygon","coordinates":[[[6.6701,44.3899],[6.6865,44.391],[6.6956,44.399],[6.7168,44.4044],[6.7257,44.399],[6.7278,44.3933],[6.7374,44.3828],[6.7533,44.3763],[6.7589,44.3708],[6.7552,44.3541],[6.7605,44.3476],[6.7598,44.3397],[6.7551,44.3328],[6.7444,44.3409],[6.7363,44.3401],[6.7197,44.3334],[6.6898,44.334],[6.6785,44.3367],[6.6648,44.3374],[6.6701,44.3662],[6.669,44.3748],[6.6701,44.3899]]]}},{"type":"Feature","properties":{"code":"04141","nom":"Ongles","app":9.38,"app_bas":7.34,"app_haut":12,"app_ech":"maille","app_obs":3,"mai":9.36,"mai_bas":6.98,"mai_haut":12.56,"mai_ech":"maille","mai_obs":4},"geometry":{"type":"Polygon","coordinates":[[[5.6814,44.0117],[5.6859,44.0196],[5.687,44.0374],[5.6822,44.0577],[5.691,44.055],[5.697,44.0395],[5.702,44.0382],[5.7161,44.0404],[5.732,44.0591],[5.735,44.0698],[5.7416,44.0792],[5.7552,44.0852],[5.7598,44.0734],[5.7545,44.0634],[5.7468,44.0542],[5.7505,44.0258],[5.7682,44.0054],[5.7542,43.9927],[5.7476,44.0019],[5.7327,44.0127],[5.7238,44.0151],[5.7166,44.0137],[5.7058,44.0029],[5.6971,44.001],[5.6856,43.9936],[5.6867,44.0042],[5.6814,44.0117]]]}},{"type":"Feature","properties":{"code":"04195","nom":"Saint-Pons","app":10,"app_bas":7.05,"app_haut":14.19,"app_ech":"maille","app_obs":30,"mai":9.9,"mai_bas":7.21,"mai_haut":13.58,"mai_ech":"maille","mai_obs":8},"geometry":{"type":"Polygon","coordinates":[[[6.6522,44.4128],[6.6358,44.402],[6.6307,44.3861],[6.6022,44.3838],[6.5853,44.3889],[6.5828,44.3952],[6.586,44.4235],[6.5811,44.4321],[6.5862,44.4371],[6.5889,44.4456],[6.5959,44.447],[6.6323,44.4469],[6.6441,44.4394],[6.6532,44.4364],[6.6543,44.4327],[6.6511,44.4185],[6.6522,44.4128]]]}},{"type":"Feature","properties":{"code":"04053","nom":"Châteauneuf-Val-Saint-Donat","app":12.34,"app_bas":9.77,"app_haut":15.59,"app_ech":"maille","app_obs":34,"mai":9.67,"mai_bas":7.33,"mai_haut":12.76,"mai_ech":"maille","mai_obs":30},"geometry":{"type":"Polygon","coordinates":[[[5.9035,44.1167],[5.9072,44.1117],[5.9208,44.1113],[5.949,44.1061],[5.9594,44.107],[5.9772,44.1058],[5.9678,44.0917],[5.9677,44.0746],[5.9517,44.0749],[5.9351,44.0734],[5.9266,44.0813],[5.9167,44.0857],[5.8939,44.0924],[5.89,44.0949],[5.8854,44.1068],[5.8801,44.1126],[5.9035,44.1167]]]}},{"type":"Feature","properties":{"code":"04070","nom":"Digne-les-Bains","app":13.31,"app_bas":10.22,"app_haut":17.34,"app_ech":"commune","app_obs":3107,"mai":11.02,"mai_bas":8.35,"mai_haut":14.55,"mai_ech":"commune","mai_obs":228},"geometry":{"type":"Polygon","coordinates":[[[6.3001,44.0935],[6.3174,44.0963],[6.3409,44.0947],[6.339,44.0788],[6.3303,44.0629],[6.3293,44.0558],[6.3208,44.0392],[6.3118,44.0397],[6.2975,44.0468],[6.2914,44.0545],[6.278,44.0617],[6.2701,44.0738],[6.2635,44.073],[6.2563,44.0671],[6.2512,44.0562],[6.2429,44.0547],[6.2329,44.0445],[6.2114,44.0328],[6.2053,44.0385],[6.1924,44.0416],[6.1815,44.0421],[6.1596,44.0527],[6.177,44.0671],[6.1644,44.0749],[6.1658,44.0795],[6.1743,44.0843],[6.1648,44.1134],[6.1578,44.1208],[6.1767,44.1317],[6.1888,44.143],[6.1817,44.1491],[6.1863,44.1558],[6.199,44.1577],[6.2033,44.1533],[6.2277,44.1436],[6.2409,44.1447],[6.2448,44.157],[6.242,44.1615],[6.2525,44.1713],[6.2684,44.1713],[6.2553,44.1507],[6.2425,44.1391],[6.2351,44.1249],[6.2355,44.1178],[6.2423,44.1185],[6.258,44.1128],[6.2715,44.1051],[6.2692,44.1022],[6.2838,44.0943],[6.2906,44.0887],[6.3001,44.0935]]]}},{"type":"Feature","properties":{"code":"04072","nom":"Draix","app":11.05,"app_bas":8.48,"app_haut":14.41,"app_ech":"maille","app_obs":4,"mai":8.55,"mai_bas":5.79,"mai_haut":12.61,"mai_ech":"epci","mai_obs":7},"geometry":{"type":"Polygon","coordinates":[[[6.3287,44.1442],[6.3396,44.1553],[6.3464,44.1586],[6.3715,44.1458],[6.3867,44.1413],[6.3986,44.1304],[6.4111,44.1306],[6.4226,44.1256],[6.4184,44.1141],[6.3936,44.1082],[6.3622,44.1104],[6.3282,44.1366],[6.3287,44.1442]]]}},{"type":"Feature","properties":{"code":"04207","nom":"Sigoyer","app":11.33,"app_bas":8.84,"app_haut":14.54,"app_ech":"maille","app_obs":4,"mai":9.67,"mai_bas":7.33,"mai_haut":12.76,"mai_ech":"maille","mai_obs":3},"geometry":{"type":"Polygon","coordinates":[[[5.9245,44.2993],[5.9235,44.3024],[5.9251,44.3134],[5.9501,44.3331],[5.9537,44.3411],[5.9669,44.3457],[5.9821,44.339],[5.99,44.328],[6.0041,44.3274],[6.003,44.3246],[5.9955,44.3155],[5.9866,44.3145],[5.9772,44.3191],[5.9715,44.3124],[5.9418,44.3034],[5.9349,44.3001],[5.9245,44.2993]]]}},{"type":"Feature","properties":{"code":"04110","nom":"Mallemoisson","app":9.92,"app_bas":7.68,"app_haut":12.81,"app_ech":"maille","app_obs":67,"mai":9.67,"mai_bas":7.33,"mai_haut":12.76,"mai_ech":"maille","mai_obs":35},"geometry":{"type":"Polygon","coordinates":[[[6.1007,44.0292],[6.0972,44.0384],[6.1108,44.0529],[6.1112,44.0569],[6.1154,44.0569],[6.1438,44.0413],[6.1331,44.0353],[6.1007,44.0292]]]}},{"type":"Feature","properties":{"code":"04235","nom":"Verdaches","app":10,"app_bas":7.05,"app_haut":14.19,"app_ech":"maille","app_obs":0,"mai":9.9,"mai_bas":7.21,"mai_haut":13.58,"mai_ech":"maille","mai_obs":0},"geometry":{"type":"Polygon","coordinates":[[[6.3124,44.2468],[6.3117,44.247],[6.3067,44.2733],[6.3205,44.275],[6.3238,44.2785],[6.342,44.2905],[6.3568,44.294],[6.3611,44.3003],[6.3676,44.302],[6.3801,44.2948],[6.3753,44.2851],[6.369,44.2785],[6.3657,44.2693],[6.3674,44.2604],[6.3637,44.2488],[6.3493,44.2409],[6.338,44.2388],[6.3124,44.2468]]]}},{"type":"Feature","properties":{"code":"04104","nom":"Limans","app":10.93,"app_bas":8.91,"app_haut":13.39,"app_ech":"maille","app_obs":6,"mai":11.23,"mai_bas":8.36,"mai_haut":15.09,"mai_ech":"maille","mai_obs":7},"geometry":{"type":"Polygon","coordinates":[[[5.7392,43.9571],[5.7225,43.9587],[5.7106,43.9664],[5.698,43.9838],[5.6891,43.9881],[5.6856,43.9936],[5.6971,44.001],[5.7058,44.0029],[5.7166,44.0137],[5.7238,44.0151],[5.7327,44.0127],[5.7476,44.0019],[5.7542,43.9927],[5.7449,43.9747],[5.7392,43.9571]]]}},{"type":"Feature","properties":{"code":"04127","nom":"Montfort","app":10.15,"app_bas":7.94,"app_haut":12.98,"app_ech":"maille","app_obs":17,"mai":9.43,"mai_bas":7.04,"mai_haut":12.65,"mai_ech":"maille","mai_obs":10},"geometry":{"type":"Polygon","coordinates":[[[5.9351,44.0734],[5.9517,44.0749],[5.9677,44.0746],[5.973,44.0728],[5.9862,44.0592],[5.9828,44.0504],[5.9858,44.0467],[5.9754,44.0411],[5.9713,44.0497],[5.9604,44.0601],[5.9475,44.0553],[5.9384,44.0467],[5.9291,44.0456],[5.9308,44.0351],[5.9158,44.0377],[5.9162,44.0456],[5.9325,44.0506],[5.9249,44.0554],[5.9329,44.0611],[5.9269,44.0667],[5.9351,44.0734]]]}},{"type":"Feature","properties":{"code":"04037","nom":"Caire","app":9.95,"app_bas":7.4,"app_haut":13.36,"app_ech":"maille","app_obs":4,"mai":10.22,"mai_bas":7.37,"mai_haut":14.16,"mai_ech":"maille","mai_obs":0},"geometry":{"type":"Polygon","coordinates":[[[6.0793,44.3574],[6.067,44.3581],[6.0592,44.3551],[6.0475,44.3562],[6.0381,44.3714],[6.0368,44.3786],[6.0375,44.3823],[6.0584,44.3941],[6.0633,44.4002],[6.0784,44.3911],[6.0912,44.3859],[6.0994,44.3796],[6.1042,44.3584],[6.0977,44.3597],[6.0793,44.3574]]]}},{"type":"Feature","properties":{"code":"04101","nom":"Lardiers","app":10.93,"app_bas":8.91,"app_haut":13.39,"app_ech":"maille","app_obs":10,"mai":9.36,"mai_bas":6.98,"mai_haut":12.56,"mai_ech":"maille","mai_obs":8},"geometry":{"type":"Polygon","coordinates":[[[5.69,44.0779],[5.6937,44.0707],[5.6998,44.0696],[5.7097,44.0744],[5.7099,44.0793],[5.721,44.0813],[5.726,44.0948],[5.724,44.1168],[5.7293,44.1286],[5.7483,44.1318],[5.7675,44.1243],[5.7644,44.1101],[5.7584,44.0969],[5.7552,44.0852],[5.7416,44.0792],[5.735,44.0698],[5.732,44.0591],[5.7161,44.0404],[5.702,44.0382],[5.697,44.0395],[5.691,44.055],[5.6822,44.0577],[5.6753,44.0646],[5.6759,44.0681],[5.6861,44.0801],[5.69,44.0779]]]}},{"type":"Feature","properties":{"code":"04102","nom":"Lauzet-Ubaye","app":11.45,"app_bas":9.1,"app_haut":14.41,"app_ech":"maille","app_obs":1,"mai":9.9,"mai_bas":7.21,"mai_haut":13.58,"mai_ech":"maille","mai_obs":3},"geometry":{"type":"Polygon","coordinates":[[[6.3865,44.4093],[6.4006,44.4221],[6.4056,44.4308],[6.3997,44.4497],[6.37,44.4599],[6.3271,44.4635],[6.3352,44.4706],[6.3402,44.4799],[6.3485,44.4748],[6.3561,44.4738],[6.3773,44.4814],[6.3936,44.4828],[6.4084,44.4805],[6.4075,44.4766],[6.4139,44.4693],[6.4236,44.4676],[6.4306,44.4704],[6.462,44.4625],[6.4693,44.4513],[6.4816,44.454],[6.4818,44.4433],[6.469,44.4346],[6.4681,44.4275],[6.4537,44.4147],[6.4555,44.4096],[6.4634,44.405],[6.4642,44.392],[6.4415,44.3847],[6.4319,44.3803],[6.4123,44.3668],[6.4029,44.375],[6.3872,44.3977],[6.3865,44.4093]]]}},{"type":"Feature","properties":{"code":"04032","nom":"Braux","app":11.3,"app_bas":8.9,"app_haut":14.35,"app_ech":"maille","app_obs":0,"mai":9.9,"mai_bas":7.21,"mai_haut":13.58,"mai_ech":"maille","mai_obs":0},"geometry":{"type":"Polygon","coordinates":[[[6.7002,44.0174],[6.712,44.0092],[6.7168,44.0026],[6.7203,43.991],[6.7122,43.9846],[6.7051,43.9705],[6.6945,43.9625],[6.6879,43.9826],[6.6778,43.9922],[6.6751,43.9976],[6.6863,44.008],[6.7002,44.0174]]]}},{"type":"Feature","properties":{"code":"04049","nom":"Château-Arnoux-Saint-Auban","app":10.71,"app_bas":8.38,"app_haut":13.7,"app_ech":"commune","app_obs":534,"mai":11.17,"mai_bas":8.34,"mai_haut":14.96,"mai_ech":"commune","mai_obs":114},"geometry":{"type":"Polygon","coordinates":[[[6.0051,44.1129],[6.0102,44.1067],[6.0221,44.0999],[6.0211,44.0959],[6.0076,44.0782],[6.0067,44.0653],[5.9959,44.0536],[5.9858,44.0467],[5.9828,44.0504],[5.9862,44.0592],[5.973,44.0728],[5.9677,44.0746],[5.9678,44.0917],[5.9772,44.1058],[5.9984,44.1128],[6.0051,44.1129]]]}},{"type":"Feature","properties":{"code":"04055","nom":"Chaudon-Norante","app":11.01,"app_bas":8.81,"app_haut":13.75,"app_ech":"maille","app_obs":4,"mai":7.64,"mai_bas":5.19,"mai_haut":11.25,"mai_ech":"epci","mai_obs":5},"geometry":{"type":"Polygon","coordinates":[[[6.3573,43.9715],[6.3473,43.9711],[6.3355,43.9612],[6.3297,43.943],[6.3187,43.9373],[6.3165,43.9382],[6.3078,43.9591],[6.2886,43.974],[6.2888,43.9772],[6.2977,43.9845],[6.2966,43.9905],[6.2849,44.003],[6.2959,44.0068],[6.2807,44.0209],[6.2775,44.0356],[6.2924,44.0378],[6.3075,44.0349],[6.3118,44.0397],[6.3208,44.0392],[6.3178,44.0295],[6.3234,44.0155],[6.3278,44.011],[6.3462,44.0008],[6.3643,43.9885],[6.3546,43.9788],[6.3573,43.9715]]]}},{"type":"Feature","properties":{"code":"04126","nom":"Montclar","app":9.95,"app_bas":7.4,"app_haut":13.36,"app_ech":"maille","app_obs":29,"mai":9.9,"mai_bas":7.21,"mai_haut":13.58,"mai_ech":"maille","mai_obs":3},"geometry":{"type":"Polygon","coordinates":[[[6.3865,44.4093],[6.3872,44.3977],[6.3722,44.393],[6.3558,44.3859],[6.3358,44.3734],[6.3155,44.3845],[6.311,44.3956],[6.2987,44.4083],[6.301,44.4143],[6.3262,44.4204],[6.339,44.4275],[6.3566,44.4153],[6.3841,44.4117],[6.3865,44.4093]]]}},{"type":"Feature","properties":{"code":"04094","nom":"Gréoux-les-Bains","app":13.03,"app_bas":9.22,"app_haut":18.41,"app_ech":"commune","app_obs":657,"mai":14.04,"mai_bas":10.45,"mai_haut":18.86,"mai_ech":"commune","mai_obs":147},"geometry":{"type":"Polygon","coordinates":[[[5.7813,43.7557],[5.7834,43.7578],[5.7996,43.7677],[5.8077,43.7747],[5.8242,43.8045],[5.8453,43.7967],[5.8751,43.8073],[5.9144,43.8007],[5.9316,43.7943],[5.9381,43.7888],[5.9286,43.782],[5.9214,43.7735],[5.9202,43.7665],[5.9227,43.7575],[5.9103,43.7532],[5.9045,43.7482],[5.9057,43.7394],[5.9012,43.7326],[5.8818,43.7239],[5.8562,43.7236],[5.849,43.7182],[5.8474,43.7255],[5.8374,43.7415],[5.8237,43.7483],[5.7995,43.751],[5.7813,43.7557]]]}},{"type":"Feature","properties":{"code":"04097","nom":"Javie","app":12.01,"app_bas":7.97,"app_haut":18.1,"app_ech":"maille","app_obs":22,"mai":9.9,"mai_bas":7.21,"mai_haut":13.58,"mai_ech":"maille","mai_obs":12},"geometry":{"type":"Polygon","coordinates":[[[6.2912,44.1945],[6.2818,44.1949],[6.2764,44.1985],[6.2732,44.2074],[6.2744,44.2191],[6.2689,44.2261],[6.257,44.2348],[6.2659,44.232],[6.2847,44.2325],[6.2971,44.2431],[6.3007,44.2489],[6.3124,44.2468],[6.3114,44.2281],[6.3256,44.2154],[6.3421,44.2079],[6.3498,44.2023],[6.3494,44.1915],[6.3523,44.183],[6.3769,44.1724],[6.3728,44.1641],[6.3796,44.1591],[6.3784,44.1494],[6.3749,44.1452],[6.3715,44.1458],[6.3464,44.1586],[6.3396,44.1553],[6.3271,44.1666],[6.3219,44.1748],[6.3222,44.1798],[6.3127,44.2004],[6.3035,44.2044],[6.2912,44.1945]]]}},{"type":"Feature","properties":{"code":"04204","nom":"Senez","app":9.85,"app_bas":7.73,"app_haut":12.55,"app_ech":"maille","app_obs":8,"mai":9.74,"mai_bas":6.84,"mai_haut":13.88,"mai_ech":"maille","mai_obs":3},"geometry":{"type":"MultiPolygon","coordinates":[[[[6.448,43.9369],[6.45,43.9291],[6.4694,43.9131],[6.4694,43.9056],[6.4785,43.9008],[6.4709,43.8898],[6.4649,43.8855],[6.4445,43.878],[6.4272,43.8746],[6.4074,43.8874],[6.3845,43.8926],[6.3744,43.8982],[6.3613,43.9099],[6.3474,43.9172],[6.3681,43.9247],[6.3823,43.9236],[6.3873,43.9254],[6.3982,43.9358],[6.4155,43.9409],[6.4253,43.9421],[6.448,43.9369]]],[[[6.2558,43.9256],[6.25,43.9323],[6.2456,43.944],[6.2592,43.9535],[6.2562,43.9602],[6.2576,43.9723],[6.2609,43.9765],[6.2753,43.9718],[6.2888,43.9772],[6.2886,43.974],[6.3078,43.9591],[6.3165,43.9382],[6.3275,43.9311],[6.3305,43.9232],[6.3183,43.9275],[6.3155,43.9203],[6.3053,43.9232],[6.2884,43.9216],[6.2769,43.9235],[6.2628,43.9192],[6.2558,43.9256]]]]}},{"type":"Feature","properties":{"code":"04047","nom":"Champtercier","app":9.92,"app_bas":7.68,"app_haut":12.81,"app_ech":"maille","app_obs":14,"mai":9.67,"mai_bas":7.33,"mai_haut":12.76,"mai_ech":"maille","mai_obs":14},"geometry":{"type":"Polygon","coordinates":[[[6.1326,44.1192],[6.1578,44.1208],[6.1648,44.1134],[6.1743,44.0843],[6.1658,44.0795],[6.1644,44.0749],[6.1429,44.0749],[6.1215,44.0823],[6.1173,44.0851],[6.1141,44.0979],[6.1164,44.1073],[6.1291,44.1134],[6.1326,44.1192]]]}},{"type":"Feature","properties":{"code":"04079","nom":"Escale","app":9.96,"app_bas":7.71,"app_haut":12.88,"app_ech":"commune","app_obs":131,"mai":9.67,"mai_bas":7.33,"mai_haut":12.76,"mai_ech":"commune","mai_obs":116},"geometry":{"type":"Polygon","coordinates":[[[6.0675,44.1081],[6.0688,44.0949],[6.0754,44.0895],[6.0766,44.0864],[6.0652,44.0825],[6.062,44.0825],[6.0479,44.071],[6.0281,44.0613],[6.0233,44.0512],[6.0245,44.0475],[6.0087,44.0523],[5.9959,44.0536],[6.0067,44.0653],[6.0076,44.0782],[6.0211,44.0959],[6.0221,44.0999],[6.0269,44.1035],[6.0405,44.107],[6.0502,44.106],[6.0675,44.1081]]]}},{"type":"Feature","properties":{"code":"04157","nom":"Puimoisson","app":11.77,"app_bas":9.18,"app_haut":15.07,"app_ech":"maille","app_obs":44,"mai":9.74,"mai_bas":6.84,"mai_haut":13.88,"mai_ech":"maille","mai_obs":33},"geometry":{"type":"Polygon","coordinates":[[[6.0739,43.8957],[6.0968,43.8968],[6.1325,43.8955],[6.1456,43.9014],[6.1538,43.895],[6.1433,43.8869],[6.1445,43.8792],[6.1565,43.8772],[6.1703,43.8699],[6.1743,43.8624],[6.1684,43.8536],[6.1592,43.8512],[6.1473,43.844],[6.1307,43.8448],[6.1221,43.8436],[6.1159,43.8359],[6.1053,43.8527],[6.0954,43.8541],[6.0924,43.8596],[6.0794,43.8721],[6.0774,43.8777],[6.0686,43.8919],[6.0739,43.8957]]]}},{"type":"Feature","properties":{"code":"04090","nom":"Fugeret","app":12.01,"app_bas":7.97,"app_haut":18.1,"app_ech":"maille","app_obs":10,"mai":7.64,"mai_bas":5.19,"mai_haut":11.25,"mai_ech":"epci","mai_obs":6},"geometry":{"type":"Polygon","coordinates":[[[6.6225,43.9845],[6.6192,43.992],[6.6077,44.0077],[6.6199,44.012],[6.639,44.0155],[6.6532,44.0197],[6.6684,44.0305],[6.678,44.0333],[6.679,44.0432],[6.6953,44.0526],[6.7144,44.0458],[6.7175,44.0429],[6.7112,44.0292],[6.7002,44.0174],[6.6863,44.008],[6.6751,43.9976],[6.6701,43.9962],[6.6472,43.9845],[6.6225,43.9845]]]}},{"type":"Feature","properties":{"code":"04109","nom":"Mallefougasse-Augès","app":12.34,"app_bas":9.77,"app_haut":15.59,"app_ech":"maille","app_obs":8,"mai":9.67,"mai_bas":7.33,"mai_haut":12.76,"mai_ech":"maille","mai_obs":11},"geometry":{"type":"Polygon","coordinates":[[[5.8855,44.0406],[5.881,44.0584],[5.8828,44.0672],[5.881,44.0762],[5.8733,44.0894],[5.8643,44.1125],[5.8801,44.1126],[5.8854,44.1068],[5.89,44.0949],[5.8939,44.0924],[5.9167,44.0857],[5.9266,44.0813],[5.9351,44.0734],[5.9269,44.0667],[5.9329,44.0611],[5.9249,44.0554],[5.9078,44.0555],[5.8955,44.0499],[5.8855,44.0406]]]}},{"type":"Feature","properties":{"code":"04151","nom":"Pierrerue","app":12.34,"app_bas":9.77,"app_haut":15.59,"app_ech":"maille","app_obs":16,"mai":9.43,"mai_bas":7.04,"mai_haut":12.65,"mai_ech":"maille","mai_obs":9},"geometry":{"type":"Polygon","coordinates":[[[5.8249,43.9861],[5.8392,43.9787],[5.8523,43.9704],[5.8557,43.9598],[5.864,43.9456],[5.8476,43.9476],[5.8292,43.9429],[5.8216,43.9492],[5.8164,43.9675],[5.8186,43.9803],[5.8249,43.9861]]]}},{"type":"Feature","properties":{"code":"04214","nom":"Tartonne","app":11.05,"app_bas":8.48,"app_haut":14.41,"app_ech":"maille","app_obs":0,"mai":7.64,"mai_bas":5.19,"mai_haut":11.25,"mai_ech":"epci","mai_obs":2},"geometry":{"type":"Polygon","coordinates":[[[6.3409,44.0947],[6.3423,44.0977],[6.3628,44.1068],[6.3622,44.1104],[6.3936,44.1082],[6.4184,44.1141],[6.4229,44.0945],[6.429,44.0903],[6.4216,44.0799],[6.4305,44.0639],[6.4271,44.0539],[6.4181,44.047],[6.3968,44.0472],[6.3757,44.0509],[6.3644,44.0542],[6.3293,44.0558],[6.3303,44.0629],[6.339,44.0788],[6.3409,44.0947]]]}},{"type":"Feature","properties":{"code":"04236","nom":"Vergons","app":9.85,"app_bas":7.73,"app_haut":12.55,"app_ech":"maille","app_obs":0,"mai":11,"mai_bas":8,"mai_haut":15.12,"mai_ech":"maille","mai_obs":0},"geometry":{"type":"Polygon","coordinates":[[[6.6202,43.8808],[6.6056,43.8783],[6.574,43.8869],[6.5631,43.9],[6.5568,43.9145],[6.547,43.9216],[6.551,43.9235],[6.5636,43.9367],[6.5784,43.947],[6.5975,43.9301],[6.6067,43.9432],[6.6133,43.9477],[6.6282,43.954],[6.636,43.952],[6.6443,43.9431],[6.6416,43.934],[6.6578,43.9295],[6.6488,43.9279],[6.6473,43.9224],[6.651,43.9028],[6.6202,43.8808]]]}},{"type":"Feature","properties":{"code":"04004","nom":"Allemagne-en-Provence","app":11.18,"app_bas":9.16,"app_haut":13.65,"app_ech":"maille","app_obs":38,"mai":9.74,"mai_bas":6.84,"mai_haut":13.88,"mai_ech":"maille","mai_obs":54},"geometry":{"type":"Polygon","coordinates":[[[6.003,43.7634],[6.0041,43.7705],[5.9998,43.7745],[5.9881,43.7782],[5.9825,43.7836],[5.9937,43.7908],[6.0014,43.8035],[6.002,43.8082],[6.0227,43.819],[6.0361,43.8305],[6.0431,43.8233],[6.0445,43.8138],[6.0498,43.8078],[6.0675,43.801],[6.0705,43.7963],[6.0643,43.7858],[6.0596,43.773],[6.0598,43.7638],[6.0509,43.7558],[6.0462,43.7548],[6.0202,43.7625],[6.003,43.7634]]]}},{"type":"Feature","properties":{"code":"04005","nom":"Allons","app":9.85,"app_bas":7.73,"app_haut":12.55,"app_ech":"maille","app_obs":8,"mai":7.64,"mai_bas":5.19,"mai_haut":11.25,"mai_ech":"epci","mai_obs":2},"geometry":{"type":"Polygon","coordinates":[[[6.5544,43.9718],[6.5541,43.9763],[6.5616,44.0103],[6.5571,44.0209],[6.5724,44.0251],[6.589,44.0235],[6.5931,44.0176],[6.6077,44.0077],[6.6192,43.992],[6.6315,43.9684],[6.6282,43.954],[6.6133,43.9477],[6.6067,43.9432],[6.5975,43.9301],[6.5784,43.947],[6.562,43.96],[6.5568,43.9666],[6.5544,43.9718]]]}},{"type":"Feature","properties":{"code":"04030","nom":"Blieux","app":11.01,"app_bas":8.81,"app_haut":13.75,"app_ech":"maille","app_obs":0,"mai":9.74,"mai_bas":6.84,"mai_haut":13.88,"mai_ech":"maille","mai_obs":0},"geometry":{"type":"Polygon","coordinates":[[[6.3929,43.8347],[6.3878,43.8295],[6.3762,43.8269],[6.3514,43.8411],[6.3272,43.8599],[6.3152,43.8665],[6.3109,43.8707],[6.3085,43.8867],[6.3168,43.9022],[6.323,43.9087],[6.3147,43.9173],[6.3183,43.9275],[6.3474,43.9172],[6.3613,43.9099],[6.3744,43.8982],[6.3845,43.8926],[6.4074,43.8874],[6.4272,43.8746],[6.4171,43.8589],[6.4142,43.8485],[6.4018,43.8452],[6.3929,43.8347]]]}},{"type":"Feature","properties":{"code":"04226","nom":"Uvernet-Fours","app":12.01,"app_bas":7.97,"app_haut":18.1,"app_ech":"maille","app_obs":54,"mai":9.9,"mai_bas":7.21,"mai_haut":13.58,"mai_ech":"maille","mai_obs":2},"geometry":{"type":"Polygon","coordinates":[[[6.6648,44.3374],[6.6785,44.3367],[6.6898,44.334],[6.7197,44.3334],[6.7363,44.3401],[6.7444,44.3409],[6.7551,44.3328],[6.7789,44.3274],[6.796,44.3201],[6.7968,44.3167],[6.7948,44.3129],[6.7933,44.2967],[6.7863,44.2885],[6.7903,44.2723],[6.7723,44.2779],[6.7629,44.279],[6.7583,44.2744],[6.7584,44.2651],[6.7513,44.2605],[6.7283,44.2526],[6.7233,44.2607],[6.7041,44.2656],[6.7047,44.2718],[6.7099,44.2819],[6.7039,44.2905],[6.6828,44.2939],[6.6493,44.2936],[6.6384,44.291],[6.6216,44.2966],[6.6119,44.2897],[6.6048,44.2875],[6.5942,44.2916],[6.5924,44.3005],[6.581,44.3109],[6.5612,44.3166],[6.5453,44.3233],[6.5457,44.3373],[6.5575,44.3429],[6.5635,44.349],[6.5689,44.3614],[6.5803,44.3637],[6.5839,44.3719],[6.5816,44.3803],[6.5853,44.3889],[6.6022,44.3838],[6.6188,44.3853],[6.6256,44.3776],[6.6394,44.369],[6.6508,44.3559],[6.6537,44.3448],[6.6648,44.3374]]]}},{"type":"Feature","properties":{"code":"04233","nom":"Vaumeilh","app":11.33,"app_bas":8.84,"app_haut":14.54,"app_ech":"maille","app_obs":15,"mai":9.67,"mai_bas":7.33,"mai_haut":12.76,"mai_ech":"maille","mai_obs":14},"geometry":{"type":"Polygon","coordinates":[[[5.9206,44.2575],[5.9237,44.2671],[5.9156,44.2672],[5.9123,44.2715],[5.9147,44.2847],[5.9235,44.295],[5.9245,44.2993],[5.9349,44.3001],[5.9418,44.3034],[5.9715,44.3124],[5.9772,44.3191],[5.9866,44.3145],[5.9955,44.3155],[6.003,44.3246],[6.0052,44.3095],[6.0039,44.3042],[5.9937,44.2953],[5.9833,44.2817],[5.9701,44.2801],[5.953,44.2718],[5.9358,44.2587],[5.9259,44.2544],[5.9206,44.2575]]]}},{"type":"Feature","properties":{"code":"04031","nom":"Bras-d'Asse","app":11.77,"app_bas":9.18,"app_haut":15.07,"app_ech":"maille","app_obs":21,"mai":9.74,"mai_bas":6.84,"mai_haut":13.88,"mai_ech":"maille","mai_obs":14},"geometry":{"type":"Polygon","coordinates":[[[6.1114,43.896],[6.0987,43.9263],[6.0988,43.9312],[6.0929,43.9504],[6.0931,43.9567],[6.099,43.9612],[6.1092,43.9581],[6.1116,43.952],[6.1232,43.9456],[6.129,43.9457],[6.1422,43.9515],[6.1499,43.9511],[6.1558,43.9417],[6.1496,43.9323],[6.1634,43.9276],[6.1564,43.909],[6.1456,43.9014],[6.1325,43.8955],[6.1114,43.896]]]}},{"type":"Feature","properties":{"code":"04022","nom":"Barrême","app":11.01,"app_bas":8.81,"app_haut":13.75,"app_ech":"maille","app_obs":46,"mai":7.64,"mai_bas":5.19,"mai_haut":11.25,"mai_ech":"epci","mai_obs":13},"geometry":{"type":"Polygon","coordinates":[[[6.3305,43.9232],[6.3275,43.9311],[6.3187,43.9373],[6.3297,43.943],[6.3355,43.9612],[6.3473,43.9711],[6.3573,43.9715],[6.3828,43.9666],[6.3874,43.9764],[6.3916,43.9688],[6.3885,43.9601],[6.4039,43.9625],[6.4107,43.9576],[6.4183,43.9604],[6.4202,43.9689],[6.4293,43.9669],[6.4332,43.9612],[6.4526,43.946],[6.4535,43.9384],[6.448,43.9369],[6.4253,43.9421],[6.4155,43.9409],[6.3982,43.9358],[6.3873,43.9254],[6.3823,43.9236],[6.3681,43.9247],[6.3474,43.9172],[6.3305,43.9232]]]}},{"type":"Feature","properties":{"code":"04058","nom":"Claret","app":11.33,"app_bas":8.84,"app_haut":14.54,"app_ech":"maille","app_obs":12,"mai":9.99,"mai_bas":7.51,"mai_haut":13.28,"mai_ech":"maille","mai_obs":11},"geometry":{"type":"Polygon","coordinates":[[[5.9525,44.3419],[5.9486,44.3453],[5.9376,44.3447],[5.926,44.3496],[5.9374,44.3594],[5.9414,44.3727],[5.9535,44.395],[5.9715,44.4034],[5.987,44.3973],[6.0012,44.3981],[6.0052,44.3876],[6.0035,44.3829],[5.9867,44.3753],[5.9752,44.3642],[5.9682,44.3491],[5.9525,44.3419]]]}},{"type":"Feature","properties":{"code":"04241","nom":"Villemus","app":13.32,"app_bas":10.28,"app_haut":17.27,"app_ech":"maille","app_obs":4,"mai":11.78,"mai_bas":8.81,"mai_haut":15.77,"mai_ech":"maille","mai_obs":1},"geometry":{"type":"Polygon","coordinates":[[[5.6881,43.8512],[5.6855,43.858],[5.691,43.8625],[5.6955,43.8781],[5.702,43.8792],[5.7103,43.8758],[5.7236,43.8813],[5.7269,43.8735],[5.7268,43.8563],[5.7291,43.8525],[5.7272,43.8454],[5.7164,43.8483],[5.7022,43.8461],[5.6931,43.8478],[5.6881,43.8512]]]}},{"type":"Feature","properties":{"code":"04017","nom":"Auzet","app":10,"app_bas":7.05,"app_haut":14.19,"app_ech":"maille","app_obs":2,"mai":10.22,"mai_bas":7.37,"mai_haut":14.16,"mai_ech":"maille","mai_obs":5},"geometry":{"type":"Polygon","coordinates":[[[6.2717,44.3303],[6.2805,44.3356],[6.2965,44.3345],[6.3117,44.3253],[6.3248,44.3283],[6.333,44.3274],[6.3384,44.3193],[6.3577,44.3139],[6.3668,44.3082],[6.3676,44.302],[6.3611,44.3003],[6.3568,44.294],[6.342,44.2905],[6.3238,44.2785],[6.3205,44.275],[6.3067,44.2733],[6.2943,44.2791],[6.2898,44.2854],[6.2681,44.2998],[6.2664,44.3064],[6.2717,44.3303]]]}},{"type":"Feature","properties":{"code":"04130","nom":"Montlaux","app":9.38,"app_bas":7.34,"app_haut":12,"app_ech":"maille","app_obs":0,"mai":9.43,"mai_bas":7.04,"mai_haut":12.65,"mai_ech":"maille","mai_obs":0},"geometry":{"type":"Polygon","coordinates":[[[5.8462,44.0132],[5.8445,44.0167],[5.8275,44.0322],[5.8071,44.04],[5.803,44.0474],[5.8148,44.0584],[5.8286,44.0481],[5.8405,44.0468],[5.8678,44.0641],[5.8828,44.0672],[5.881,44.0584],[5.8855,44.0406],[5.8737,44.0323],[5.8705,44.0265],[5.8523,44.0141],[5.8462,44.0132]]]}},{"type":"Feature","properties":{"code":"04167","nom":"Robine-sur-Galabre","app":9.95,"app_bas":7.4,"app_haut":13.36,"app_ech":"maille","app_obs":20,"mai":9.9,"mai_bas":7.21,"mai_haut":13.58,"mai_ech":"maille","mai_obs":11},"geometry":{"type":"Polygon","coordinates":[[[6.1745,44.1597],[6.1901,44.1734],[6.1959,44.1895],[6.1976,44.1998],[6.1949,44.2115],[6.1965,44.2259],[6.2191,44.2403],[6.2346,44.2325],[6.257,44.2348],[6.2689,44.2261],[6.2744,44.2191],[6.2732,44.2074],[6.2764,44.1985],[6.2818,44.1949],[6.2912,44.1945],[6.2684,44.1713],[6.2525,44.1713],[6.242,44.1615],[6.2448,44.157],[6.2409,44.1447],[6.2277,44.1436],[6.2033,44.1533],[6.199,44.1577],[6.1863,44.1558],[6.1817,44.1491],[6.1745,44.1597]]]}},{"type":"Feature","properties":{"code":"04176","nom":"Sainte-Croix-du-Verdon","app":11.95,"app_bas":9.22,"app_haut":15.49,"app_ech":"maille","app_obs":4,"mai":9.74,"mai_bas":6.84,"mai_haut":13.88,"mai_ech":"maille","mai_obs":4},"geometry":{"type":"Polygon","coordinates":[[[6.1286,43.7368],[6.1283,43.7501],[6.1157,43.7633],[6.1242,43.7688],[6.136,43.7811],[6.1513,43.7876],[6.1673,43.7864],[6.172,43.7857],[6.1884,43.7761],[6.1842,43.7656],[6.1733,43.7548],[6.1543,43.7436],[6.1406,43.7376],[6.1286,43.7368]]]}},{"type":"Feature","properties":{"code":"04218","nom":"Thorame-Basse","app":11.05,"app_bas":8.48,"app_haut":14.41,"app_ech":"maille","app_obs":14,"mai":7.64,"mai_bas":5.19,"mai_haut":11.25,"mai_ech":"epci","mai_obs":8},"geometry":{"type":"Polygon","coordinates":[[[6.5295,44.068],[6.5258,44.0698],[6.5156,44.0656],[6.5063,44.0555],[6.4975,44.0413],[6.4944,44.034],[6.488,44.0278],[6.4767,44.0378],[6.4679,44.0408],[6.4581,44.0499],[6.4551,44.0665],[6.4365,44.0854],[6.4229,44.0945],[6.4184,44.1141],[6.4226,44.1256],[6.4279,44.1337],[6.4539,44.1343],[6.4738,44.1418],[6.4832,44.1477],[6.4901,44.1629],[6.5016,44.1743],[6.5065,44.1769],[6.5268,44.1792],[6.5281,44.1741],[6.5455,44.1684],[6.55,44.1597],[6.55,44.1451],[6.5487,44.1421],[6.5317,44.127],[6.5352,44.1164],[6.5334,44.0946],[6.538,44.0705],[6.5295,44.068]]]}},{"type":"Feature","properties":{"code":"04021","nom":"Barras","app":9.92,"app_bas":7.68,"app_haut":12.81,"app_ech":"maille","app_obs":3,"mai":9.43,"mai_bas":7.04,"mai_haut":12.65,"mai_ech":"maille","mai_obs":6},"geometry":{"type":"Polygon","coordinates":[[[6.1079,44.0603],[6.0906,44.0652],[6.0923,44.0776],[6.0841,44.0864],[6.0754,44.0895],[6.0688,44.0949],[6.0675,44.1081],[6.0807,44.1131],[6.0797,44.1194],[6.0815,44.1223],[6.106,44.1295],[6.1122,44.1288],[6.1308,44.1215],[6.1326,44.1192],[6.1291,44.1134],[6.1164,44.1073],[6.1141,44.0979],[6.1173,44.0851],[6.1135,44.0757],[6.1057,44.0701],[6.1079,44.0603]]]}},{"type":"Feature","properties":{"code":"04144","nom":"Palud-sur-Verdon","app":10.61,"app_bas":8.61,"app_haut":13.06,"app_ech":"maille","app_obs":1,"mai":9.74,"mai_bas":6.84,"mai_haut":13.88,"mai_ech":"maille","mai_obs":0},"geometry":{"type":"Polygon","coordinates":[[[6.2879,43.858],[6.2974,43.8624],[6.3105,43.8639],[6.3152,43.8665],[6.3272,43.8599],[6.3514,43.8411],[6.345,43.8339],[6.3578,43.8268],[6.3466,43.8138],[6.3539,43.8042],[6.3669,43.7988],[6.3799,43.7912],[6.3939,43.79],[6.3955,43.787],[6.3885,43.7739],[6.3814,43.7677],[6.3794,43.7594],[6.3787,43.7397],[6.3747,43.743],[6.357,43.7364],[6.3494,43.7378],[6.3406,43.7431],[6.3263,43.7469],[6.319,43.7545],[6.3054,43.7632],[6.2995,43.7644],[6.2629,43.7819],[6.2599,43.7926],[6.2542,43.8004],[6.2496,43.8016],[6.2653,43.8059],[6.273,43.7986],[6.2875,43.7982],[6.2933,43.8112],[6.2814,43.8181],[6.2931,43.8311],[6.2952,43.8364],[6.2902,43.847],[6.2879,43.858]]]}},{"type":"Feature","properties":{"code":"04001","nom":"Aiglun","app":9.92,"app_bas":7.68,"app_haut":12.81,"app_ech":"maille","app_obs":25,"mai":9.67,"mai_bas":7.33,"mai_haut":12.76,"mai_ech":"maille","mai_obs":28},"geometry":{"type":"Polygon","coordinates":[[[6.1438,44.0413],[6.1154,44.0569],[6.1112,44.0569],[6.1079,44.0603],[6.1057,44.0701],[6.1135,44.0757],[6.1173,44.0851],[6.1215,44.0823],[6.1429,44.0749],[6.1644,44.0749],[6.177,44.0671],[6.1596,44.0527],[6.1438,44.0413]]]}},{"type":"Feature","properties":{"code":"04203","nom":"Selonnet","app":9.95,"app_bas":7.4,"app_haut":13.36,"app_ech":"maille","app_obs":7,"mai":9.9,"mai_bas":7.21,"mai_haut":13.58,"mai_ech":"maille","mai_obs":13},"geometry":{"type":"Polygon","coordinates":[[[6.2639,44.4121],[6.2749,44.412],[6.2987,44.4083],[6.311,44.3956],[6.3155,44.3845],[6.3358,44.3734],[6.3349,44.3655],[6.3289,44.36],[6.3079,44.3502],[6.298,44.3437],[6.2965,44.3345],[6.2805,44.3356],[6.2717,44.3303],[6.2647,44.3315],[6.2765,44.3412],[6.2759,44.347],[6.2621,44.3591],[6.2622,44.3707],[6.2689,44.3787],[6.2776,44.3838],[6.2756,44.3992],[6.2639,44.4121]]]}},{"type":"Feature","properties":{"code":"04013","nom":"Aubignosc","app":12.34,"app_bas":9.77,"app_haut":15.59,"app_ech":"maille","app_obs":36,"mai":9.67,"mai_bas":7.33,"mai_haut":12.76,"mai_ech":"maille","mai_obs":20},"geometry":{"type":"Polygon","coordinates":[[[5.9035,44.1167],[5.9114,44.1196],[5.9281,44.1194],[5.9389,44.1282],[5.9573,44.1329],[5.9776,44.1364],[5.9853,44.1313],[5.9943,44.1184],[6.0051,44.1129],[5.9984,44.1128],[5.9772,44.1058],[5.9594,44.107],[5.949,44.1061],[5.9208,44.1113],[5.9072,44.1117],[5.9035,44.1167]]]}},{"type":"Feature","properties":{"code":"04093","nom":"Gigors","app":9.95,"app_bas":7.4,"app_haut":13.36,"app_ech":"maille","app_obs":1,"mai":9.98,"mai_bas":7.28,"mai_haut":13.7,"mai_ech":"maille","mai_obs":1},"geometry":{"type":"Polygon","coordinates":[[[6.1562,44.4421],[6.1719,44.4197],[6.1655,44.4145],[6.1525,44.4119],[6.1322,44.4054],[6.1236,44.4061],[6.1139,44.4144],[6.1117,44.425],[6.1161,44.4321],[6.1195,44.4341],[6.1388,44.4402],[6.1562,44.4421]]]}},{"type":"Feature","properties":{"code":"04020","nom":"Barles","app":9.95,"app_bas":7.4,"app_haut":13.36,"app_ech":"maille","app_obs":4,"mai":10.22,"mai_bas":7.37,"mai_haut":14.16,"mai_ech":"maille","mai_obs":5},"geometry":{"type":"Polygon","coordinates":[[[6.3067,44.2733],[6.3117,44.247],[6.3007,44.2489],[6.2971,44.2431],[6.2847,44.2325],[6.2659,44.232],[6.257,44.2348],[6.2346,44.2325],[6.2191,44.2403],[6.214,44.2464],[6.2177,44.2537],[6.2125,44.2594],[6.1944,44.2651],[6.199,44.28],[6.2147,44.2821],[6.2191,44.2906],[6.2107,44.2965],[6.2128,44.3033],[6.2304,44.3146],[6.2498,44.322],[6.2647,44.3315],[6.2717,44.3303],[6.2664,44.3064],[6.2681,44.2998],[6.2898,44.2854],[6.2943,44.2791],[6.3067,44.2733]]]}},{"type":"Feature","properties":{"code":"04054","nom":"Châteauredon","app":10.15,"app_bas":7.94,"app_haut":12.98,"app_ech":"maille","app_obs":5,"mai":8.55,"mai_bas":5.79,"mai_haut":12.61,"mai_ech":"epci","mai_obs":9},"geometry":{"type":"Polygon","coordinates":[[[6.2114,44.0328],[6.2329,44.0445],[6.2346,44.0471],[6.2425,44.0466],[6.2512,44.0404],[6.2401,44.0276],[6.2451,44.0157],[6.2258,44.0128],[6.212,44.0055],[6.1963,44.0239],[6.2114,44.0328]]]}},{"type":"Feature","properties":{"code":"04077","nom":"Entrevennes","app":11.77,"app_bas":9.18,"app_haut":15.07,"app_ech":"maille","app_obs":10,"mai":9.74,"mai_bas":6.84,"mai_haut":13.88,"mai_ech":"maille","mai_obs":3},"geometry":{"type":"Polygon","coordinates":[[[5.9982,43.9475],[6.0238,43.9602],[6.0387,43.9585],[6.057,43.9633],[6.0746,43.9777],[6.0778,43.9745],[6.0833,43.9657],[6.084,43.9584],[6.0685,43.9458],[6.0628,43.9354],[6.0565,43.9298],[6.0396,43.9201],[6.0328,43.9096],[6.0269,43.9094],[5.9947,43.9006],[5.9872,43.91],[5.9893,43.9141],[5.999,43.9165],[6.0014,43.9274],[5.9982,43.9475]]]}},{"type":"Feature","properties":{"code":"04228","nom":"Valavoire","app":9.95,"app_bas":7.4,"app_haut":13.36,"app_ech":"maille","app_obs":0,"mai":10.22,"mai_bas":7.37,"mai_haut":14.16,"mai_ech":"maille","mai_obs":0},"geometry":{"type":"Polygon","coordinates":[[[6.0695,44.2539],[6.0635,44.2663],[6.0534,44.2705],[6.0542,44.2751],[6.0486,44.2852],[6.0543,44.302],[6.0526,44.3043],[6.0735,44.3042],[6.0904,44.2992],[6.0923,44.2845],[6.1091,44.2727],[6.108,44.2687],[6.0887,44.2586],[6.0695,44.2539]]]}},{"type":"Feature","properties":{"code":"04062","nom":"Condamine-Châtelard","app":10,"app_bas":7.05,"app_haut":14.19,"app_ech":"maille","app_obs":5,"mai":9.51,"mai_bas":6.64,"mai_haut":13.63,"mai_ech":"maille","mai_obs":0},"geometry":{"type":"Polygon","coordinates":[[[6.6323,44.4469],[6.6417,44.4855],[6.6516,44.4928],[6.6685,44.5003],[6.6875,44.4947],[6.6973,44.495],[6.7061,44.4918],[6.7281,44.4788],[6.7393,44.4708],[6.7544,44.4697],[6.7637,44.4716],[6.7687,44.463],[6.7691,44.4539],[6.7786,44.4422],[6.7545,44.4378],[6.741,44.4364],[6.7059,44.4374],[6.6815,44.4403],[6.6775,44.4383],[6.6532,44.4364],[6.6441,44.4394],[6.6323,44.4469]]]}},{"type":"Feature","properties":{"code":"04154","nom":"Pontis","app":11.45,"app_bas":9.1,"app_haut":14.41,"app_ech":"maille","app_obs":1,"mai":9.9,"mai_bas":7.21,"mai_haut":13.58,"mai_ech":"maille","mai_obs":5},"geometry":{"type":"Polygon","coordinates":[[[6.362,44.5221],[6.3738,44.5086],[6.3988,44.4942],[6.399,44.4908],[6.4084,44.4805],[6.3936,44.4828],[6.3773,44.4814],[6.3561,44.4738],[6.3485,44.4748],[6.3402,44.4799],[6.341,44.488],[6.3483,44.4981],[6.3324,44.51],[6.3446,44.5139],[6.3573,44.5226],[6.362,44.5221]]]}},{"type":"Feature","properties":{"code":"04197","nom":"Sainte-Tulle","app":11.65,"app_bas":8.27,"app_haut":16.41,"app_ech":"commune","app_obs":194,"mai":12.31,"mai_bas":9.15,"mai_haut":16.55,"mai_ech":"commune","mai_obs":119},"geometry":{"type":"Polygon","coordinates":[[[5.7755,43.8061],[5.7955,43.7932],[5.8077,43.7747],[5.7996,43.7677],[5.7834,43.7578],[5.7705,43.7695],[5.7523,43.7744],[5.7397,43.7802],[5.7269,43.7827],[5.7255,43.7889],[5.7417,43.7889],[5.7613,43.8003],[5.7755,43.8061]]]}},{"type":"Feature","properties":{"code":"04129","nom":"Montjustin","app":12.91,"app_bas":10.13,"app_haut":16.44,"app_ech":"maille","app_obs":0,"mai":11.78,"mai_bas":8.81,"mai_haut":15.77,"mai_ech":"maille","mai_obs":1},"geometry":{"type":"Polygon","coordinates":[[[5.6314,43.8286],[5.6319,43.8376],[5.624,43.8465],[5.6251,43.8568],[5.6633,43.8592],[5.6797,43.8527],[5.6881,43.8512],[5.6931,43.8478],[5.6767,43.8467],[5.6501,43.8429],[5.6582,43.8296],[5.6544,43.8251],[5.6314,43.8286]]]}},{"type":"Feature","properties":{"code":"04023","nom":"Bayons","app":9.95,"app_bas":7.4,"app_haut":13.36,"app_ech":"maille","app_obs":2,"mai":9.9,"mai_bas":7.21,"mai_haut":13.58,"mai_ech":"maille","mai_obs":12},"geometry":{"type":"Polygon","coordinates":[[[6.2023,44.3753],[6.227,44.3814],[6.2354,44.3749],[6.2338,44.3659],[6.2404,44.3614],[6.2621,44.3591],[6.2759,44.347],[6.2765,44.3412],[6.2647,44.3315],[6.2498,44.322],[6.2304,44.3146],[6.2128,44.3033],[6.2107,44.2965],[6.2191,44.2906],[6.2147,44.2821],[6.199,44.28],[6.1944,44.2651],[6.1885,44.2688],[6.1648,44.2701],[6.1351,44.2674],[6.1091,44.2727],[6.0923,44.2845],[6.0904,44.2992],[6.0915,44.3091],[6.095,44.3129],[6.1152,44.3226],[6.1046,44.331],[6.1063,44.3405],[6.1042,44.3584],[6.1126,44.3646],[6.1247,44.3681],[6.1366,44.3766],[6.1506,44.3739],[6.1659,44.3753],[6.1964,44.3739],[6.2023,44.3753]]]}},{"type":"Feature","properties":{"code":"04008","nom":"Annot","app":11.3,"app_bas":8.9,"app_haut":14.35,"app_ech":"maille","app_obs":46,"mai":7.64,"mai_bas":5.19,"mai_haut":11.25,"mai_ech":"epci","mai_obs":14},"geometry":{"type":"Polygon","coordinates":[[[6.6225,43.9845],[6.6472,43.9845],[6.6701,43.9962],[6.6751,43.9976],[6.6778,43.9922],[6.6879,43.9826],[6.6945,43.9625],[6.6989,43.9531],[6.6931,43.94],[6.7032,43.9362],[6.6884,43.9379],[6.6704,43.9317],[6.6578,43.9295],[6.6416,43.934],[6.6443,43.9431],[6.636,43.952],[6.6282,43.954],[6.6315,43.9684],[6.6225,43.9845]]]}},{"type":"Feature","properties":{"code":"04111","nom":"Mane","app":12.11,"app_bas":9.48,"app_haut":15.48,"app_ech":"commune","app_obs":121,"mai":11.23,"mai_bas":8.36,"mai_haut":15.09,"mai_ech":"maille","mai_obs":35},"geometry":{"type":"Polygon","coordinates":[[[5.7392,43.9571],[5.7492,43.9569],[5.7764,43.9422],[5.776,43.9332],[5.7819,43.9248],[5.7823,43.9159],[5.7657,43.9117],[5.7617,43.9145],[5.7376,43.919],[5.7251,43.932],[5.7127,43.9383],[5.7011,43.9513],[5.7058,43.9736],[5.7106,43.9664],[5.7225,43.9587],[5.7392,43.9571]]]}},{"type":"Feature","properties":{"code":"04122","nom":"Mirabeau","app":9.92,"app_bas":7.68,"app_haut":12.81,"app_ech":"maille","app_obs":8,"mai":9.67,"mai_bas":7.33,"mai_haut":12.76,"mai_ech":"maille","mai_obs":27},"geometry":{"type":"Polygon","coordinates":[[[6.0906,44.027],[6.0828,44.0283],[6.0653,44.0396],[6.0562,44.0431],[6.054,44.053],[6.0598,44.0632],[6.0652,44.0825],[6.0766,44.0864],[6.0754,44.0895],[6.0841,44.0864],[6.0923,44.0776],[6.0906,44.0652],[6.1079,44.0603],[6.1112,44.0569],[6.1108,44.0529],[6.0972,44.0384],[6.1007,44.0292],[6.0906,44.027]]]}},{"type":"Feature","properties":{"code":"04041","nom":"Castellet","app":11.77,"app_bas":9.18,"app_haut":15.07,"app_ech":"maille","app_obs":8,"mai":9.43,"mai_bas":7.04,"mai_haut":12.65,"mai_ech":"maille","mai_obs":26},"geometry":{"type":"Polygon","coordinates":[[[5.9982,43.9475],[6.0014,43.9274],[5.999,43.9165],[5.9893,43.9141],[5.9872,43.91],[5.9947,43.9006],[5.9967,43.8913],[5.9725,43.8861],[5.9646,43.8876],[5.9596,43.9033],[5.9674,43.9178],[5.9592,43.9258],[5.9607,43.9377],[5.9658,43.9479],[5.9734,43.9576],[5.9844,43.9435],[5.9982,43.9475]]]}},{"type":"Feature","properties":{"code":"04095","nom":"Hospitalet","app":9.38,"app_bas":7.34,"app_haut":12,"app_ech":"maille","app_obs":0,"mai":9.43,"mai_bas":7.04,"mai_haut":12.65,"mai_ech":"maille","mai_obs":8},"geometry":{"type":"Polygon","coordinates":[[[5.69,44.0779],[5.6954,44.0919],[5.6886,44.1062],[5.6929,44.118],[5.6864,44.1351],[5.6891,44.1444],[5.7002,44.1427],[5.7059,44.1369],[5.721,44.1359],[5.7293,44.1286],[5.724,44.1168],[5.726,44.0948],[5.721,44.0813],[5.7099,44.0793],[5.7097,44.0744],[5.6998,44.0696],[5.6937,44.0707],[5.69,44.0779]]]}},{"type":"Feature","properties":{"code":"04245","nom":"Volx","app":14.44,"app_bas":11.14,"app_haut":18.71,"app_ech":"commune","app_obs":313,"mai":12.37,"mai_bas":9.21,"mai_haut":16.62,"mai_ech":"commune","mai_obs":168},"geometry":{"type":"Polygon","coordinates":[[[5.7907,43.8758],[5.7996,43.8803],[5.8044,43.8789],[5.8167,43.8872],[5.8134,43.892],[5.8135,43.9007],[5.8282,43.8969],[5.8379,43.8963],[5.8497,43.8857],[5.8551,43.8711],[5.8534,43.863],[5.8602,43.847],[5.8522,43.8348],[5.8284,43.8539],[5.8202,43.8629],[5.812,43.8676],[5.7972,43.8666],[5.7917,43.8695],[5.7907,43.8758]]]}},{"type":"Feature","properties":{"code":"04107","nom":"Majastres","app":10.15,"app_bas":7.94,"app_haut":12.98,"app_ech":"maille","app_obs":0,"mai":9.74,"mai_bas":6.84,"mai_haut":13.88,"mai_ech":"maille","mai_obs":0},"geometry":{"type":"Polygon","coordinates":[[[6.2329,43.9221],[6.2394,43.9214],[6.2558,43.9256],[6.2628,43.9192],[6.2769,43.9235],[6.2884,43.9216],[6.3053,43.9232],[6.3155,43.9203],[6.3147,43.9173],[6.323,43.9087],[6.3168,43.9022],[6.3085,43.8867],[6.3109,43.8707],[6.3152,43.8665],[6.3105,43.8639],[6.2974,43.8624],[6.2879,43.858],[6.2725,43.8735],[6.255,43.8977],[6.2323,43.9206],[6.2329,43.9221]]]}},{"type":"Feature","properties":{"code":"04188","nom":"Saint-Maime","app":13.32,"app_bas":10.28,"app_haut":17.27,"app_ech":"maille","app_obs":29,"mai":11.23,"mai_bas":8.36,"mai_haut":15.09,"mai_ech":"maille","mai_obs":14},"geometry":{"type":"Polygon","coordinates":[[[5.7807,43.9153],[5.8079,43.9179],[5.8168,43.911],[5.8115,43.9047],[5.8135,43.9007],[5.8134,43.892],[5.8167,43.8872],[5.8044,43.8789],[5.7996,43.8803],[5.7807,43.9153]]]}},{"type":"Feature","properties":{"code":"04033","nom":"Bréole","app":9.95,"app_bas":7.4,"app_haut":13.36,"app_ech":"maille","app_obs":16,"mai":9.9,"mai_bas":7.21,"mai_haut":13.58,"mai_ech":"maille","mai_obs":14},"geometry":{"type":"Polygon","coordinates":[[[6.2987,44.4083],[6.2749,44.412],[6.2625,44.4123],[6.2596,44.422],[6.2479,44.4394],[6.2403,44.4477],[6.2328,44.4629],[6.2335,44.4637],[6.2588,44.4658],[6.2935,44.4809],[6.301,44.4735],[6.3161,44.4657],[6.3331,44.4628],[6.3335,44.4518],[6.3396,44.4312],[6.339,44.4275],[6.3262,44.4204],[6.301,44.4143],[6.2987,44.4083]]]}},{"type":"Feature","properties":{"code":"04106","nom":"Lurs","app":12.34,"app_bas":9.77,"app_haut":15.59,"app_ech":"maille","app_obs":27,"mai":9.36,"mai_bas":6.98,"mai_haut":12.56,"mai_ech":"maille","mai_obs":15},"geometry":{"type":"Polygon","coordinates":[[[5.8987,43.9449],[5.8849,43.9499],[5.8784,43.9479],[5.8719,43.9403],[5.8655,43.9369],[5.864,43.9456],[5.8557,43.9598],[5.8523,43.9704],[5.8392,43.9787],[5.8503,43.9899],[5.8647,43.9781],[5.8686,43.9777],[5.869,43.9898],[5.8804,43.9969],[5.8877,43.998],[5.8951,43.9903],[5.9168,43.9804],[5.8987,43.9449]]]}},{"type":"Feature","properties":{"code":"04108","nom":"Malijai","app":10.03,"app_bas":7.84,"app_haut":12.85,"app_ech":"commune","app_obs":182,"mai":10.75,"mai_bas":8.02,"mai_haut":14.42,"mai_ech":"commune","mai_obs":108},"geometry":{"type":"Polygon","coordinates":[[[6.0345,44.0116],[6.0164,44.0293],[6.0144,44.0416],[6.0245,44.0475],[6.0233,44.0512],[6.0281,44.0613],[6.0479,44.071],[6.062,44.0825],[6.0652,44.0825],[6.0598,44.0632],[6.054,44.053],[6.0562,44.0431],[6.0653,44.0396],[6.0828,44.0283],[6.0906,44.027],[6.0814,43.9983],[6.0762,43.9954],[6.0711,44.0031],[6.0619,44.0073],[6.0476,44.0079],[6.0409,44.0123],[6.0345,44.0116]]]}},{"type":"Feature","properties":{"code":"04183","nom":"Saint-Julien-du-Verdon","app":9.85,"app_bas":7.73,"app_haut":12.55,"app_ech":"maille","app_obs":3,"mai":11,"mai_bas":8,"mai_haut":15.12,"mai_ech":"maille","mai_obs":4},"geometry":{"type":"Polygon","coordinates":[[[6.5445,43.8917],[6.5357,43.909],[6.5317,43.9207],[6.5271,43.9212],[6.5257,43.9319],[6.5307,43.9354],[6.5568,43.9145],[6.5631,43.9],[6.5689,43.8922],[6.5445,43.8917]]]}},{"type":"Feature","properties":{"code":"04156","nom":"Puimichel","app":10.15,"app_bas":7.94,"app_haut":12.98,"app_ech":"maille","app_obs":4,"mai":9.46,"mai_bas":6.43,"mai_haut":13.94,"mai_ech":"maille","mai_obs":17},"geometry":{"type":"Polygon","coordinates":[[[5.9982,43.9475],[5.9844,43.9435],[5.9734,43.9576],[5.9755,43.9644],[5.9862,43.9871],[6.0102,43.9944],[6.0221,44.0069],[6.0345,44.0116],[6.0409,44.0123],[6.0476,44.0079],[6.0619,44.0073],[6.0711,44.0031],[6.0762,43.9954],[6.0716,43.9889],[6.0706,43.9817],[6.0746,43.9777],[6.057,43.9633],[6.0387,43.9585],[6.0238,43.9602],[5.9982,43.9475]]]}},{"type":"Feature","properties":{"code":"04191","nom":"Saint-Martin-lès-Seyne","app":11.45,"app_bas":9.1,"app_haut":14.41,"app_ech":"maille","app_obs":0,"mai":9.9,"mai_bas":7.21,"mai_haut":13.58,"mai_ech":"maille","mai_obs":1},"geometry":{"type":"Polygon","coordinates":[[[6.227,44.3814],[6.2417,44.3849],[6.2625,44.4123],[6.2639,44.4121],[6.2756,44.3992],[6.2776,44.3838],[6.2689,44.3787],[6.2622,44.3707],[6.2621,44.3591],[6.2404,44.3614],[6.2338,44.3659],[6.2354,44.3749],[6.227,44.3814]]]}},{"type":"Feature","properties":{"code":"04035","nom":"Brunet","app":11.77,"app_bas":9.18,"app_haut":15.07,"app_ech":"maille","app_obs":9,"mai":9.43,"mai_bas":7.04,"mai_haut":12.65,"mai_ech":"maille","mai_obs":3},"geometry":{"type":"Polygon","coordinates":[[[5.9725,43.8861],[5.9967,43.8913],[5.9947,43.9006],[6.0269,43.9094],[6.0328,43.9096],[6.033,43.9011],[6.0419,43.9047],[6.0623,43.9083],[6.0717,43.9083],[6.0755,43.9031],[6.0739,43.8957],[6.0686,43.8919],[6.0774,43.8777],[6.0615,43.8644],[6.0529,43.8604],[6.0273,43.867],[6.0028,43.8708],[5.9989,43.8752],[5.9826,43.8768],[5.9725,43.8861]]]}},{"type":"Feature","properties":{"code":"04121","nom":"Mézel","app":10.15,"app_bas":7.94,"app_haut":12.98,"app_ech":"maille","app_obs":71,"mai":8.55,"mai_bas":5.79,"mai_haut":12.61,"mai_ech":"epci","mai_obs":18},"geometry":{"type":"Polygon","coordinates":[[[6.1861,43.9683],[6.1723,43.9679],[6.1477,43.9786],[6.1541,43.9894],[6.1555,43.999],[6.1646,44.012],[6.1608,44.0278],[6.1728,44.0306],[6.1786,44.0295],[6.1879,44.0215],[6.1963,44.0239],[6.212,44.0055],[6.1996,43.9937],[6.1912,43.9732],[6.1861,43.9683]]]}},{"type":"Feature","properties":{"code":"04158","nom":"Quinson","app":11.18,"app_bas":9.16,"app_haut":13.65,"app_ech":"maille","app_obs":11,"mai":10.13,"mai_bas":6.6,"mai_haut":15.57,"mai_ech":"maille","mai_obs":6},"geometry":{"type":"Polygon","coordinates":[[[6.0516,43.6977],[6.0361,43.6942],[6.038,43.6817],[6.0319,43.6748],[6.0217,43.6683],[6.0114,43.675],[6.005,43.6878],[5.9878,43.6954],[5.9845,43.7166],[5.9996,43.7258],[6.0199,43.7314],[6.0428,43.7408],[6.0629,43.7396],[6.0523,43.7263],[6.0488,43.7194],[6.0528,43.7054],[6.0565,43.7001],[6.0516,43.6977]]]}},{"type":"Feature","properties":{"code":"04024","nom":"Beaujeu","app":12.01,"app_bas":7.97,"app_haut":18.1,"app_ech":"maille","app_obs":8,"mai":8.55,"mai_bas":5.79,"mai_haut":12.61,"mai_ech":"epci","mai_obs":19},"geometry":{"type":"Polygon","coordinates":[[[6.3124,44.2468],[6.338,44.2388],[6.3493,44.2409],[6.3637,44.2488],[6.372,44.2478],[6.3921,44.2508],[6.4053,44.2563],[6.4066,44.2455],[6.4121,44.2386],[6.4309,44.2304],[6.4263,44.2254],[6.4043,44.2075],[6.4026,44.1985],[6.3877,44.1772],[6.3769,44.1724],[6.3523,44.183],[6.3494,44.1915],[6.3498,44.2023],[6.3421,44.2079],[6.3256,44.2154],[6.3114,44.2281],[6.3124,44.2468]]]}},{"type":"Feature","properties":{"code":"04046","nom":"Chaffaut-Saint-Jurson","app":9.92,"app_bas":7.68,"app_haut":12.81,"app_ech":"maille","app_obs":23,"mai":9.67,"mai_bas":7.33,"mai_haut":12.76,"mai_ech":"maille","mai_obs":10},"geometry":{"type":"Polygon","coordinates":[[[6.1555,43.999],[6.1266,44.0033],[6.1176,44.0093],[6.1042,44.0079],[6.1026,43.9997],[6.0945,43.9975],[6.0814,43.9983],[6.0906,44.027],[6.1331,44.0353],[6.1438,44.0413],[6.1596,44.0527],[6.1815,44.0421],[6.1924,44.0416],[6.2053,44.0385],[6.2114,44.0328],[6.1963,44.0239],[6.1879,44.0215],[6.1786,44.0295],[6.1728,44.0306],[6.1608,44.0278],[6.1646,44.012],[6.1555,43.999]]]}},{"type":"Feature","properties":{"code":"04065","nom":"Cruis","app":9.38,"app_bas":7.34,"app_haut":12,"app_ech":"maille","app_obs":18,"mai":9.43,"mai_bas":7.04,"mai_haut":12.65,"mai_ech":"maille","mai_obs":29},"geometry":{"type":"Polygon","coordinates":[[[5.8828,44.0672],[5.8678,44.0641],[5.8405,44.0468],[5.8286,44.0481],[5.8148,44.0584],[5.803,44.0474],[5.7994,44.0552],[5.8041,44.0628],[5.81,44.0645],[5.8067,44.0763],[5.8094,44.0917],[5.8093,44.1106],[5.8127,44.1221],[5.8332,44.1152],[5.8448,44.1132],[5.8643,44.1125],[5.8733,44.0894],[5.881,44.0762],[5.8828,44.0672]]]}},{"type":"Feature","properties":{"code":"04034","nom":"Brillanne","app":11.77,"app_bas":9.18,"app_haut":15.07,"app_ech":"maille","app_obs":73,"mai":11.23,"mai_bas":8.36,"mai_haut":15.09,"mai_ech":"maille","mai_obs":54},"geometry":{"type":"Polygon","coordinates":[[[5.8896,43.91],[5.8828,43.9178],[5.8749,43.9222],[5.8688,43.9286],[5.8655,43.9369],[5.8719,43.9403],[5.8784,43.9479],[5.8849,43.9499],[5.8987,43.9449],[5.8976,43.9314],[5.8945,43.9189],[5.8896,43.91]]]}},{"type":"Feature","properties":{"code":"04043","nom":"Val-de-Chalvagne","app":9.85,"app_bas":7.73,"app_haut":12.55,"app_ech":"maille","app_obs":0,"mai":11,"mai_bas":8,"mai_haut":15.12,"mai_ech":"maille","mai_obs":0},"geometry":{"type":"Polygon","coordinates":[[[6.7252,43.9217],[6.7296,43.924],[6.7381,43.9208],[6.7526,43.923],[6.7563,43.9271],[6.7818,43.9352],[6.7906,43.9328],[6.7829,43.9243],[6.7848,43.9147],[6.7929,43.917],[6.8228,43.9326],[6.8325,43.9248],[6.8323,43.9185],[6.8043,43.9108],[6.7924,43.8982],[6.7816,43.8836],[6.7624,43.8762],[6.7456,43.8721],[6.7165,43.8796],[6.7218,43.8877],[6.7314,43.8864],[6.736,43.8967],[6.7193,43.9153],[6.7252,43.9217]]]}},{"type":"Feature","properties":{"code":"04150","nom":"Piégut","app":9.95,"app_bas":7.4,"app_haut":13.36,"app_ech":"maille","app_obs":10,"mai":9.98,"mai_bas":7.28,"mai_haut":13.7,"mai_ech":"maille","mai_obs":14},"geometry":{"type":"Polygon","coordinates":[[[6.1318,44.4681],[6.1556,44.462],[6.1562,44.4421],[6.1388,44.4402],[6.1195,44.4341],[6.1101,44.4462],[6.1095,44.4509],[6.1153,44.4756],[6.1318,44.4681]]]}},{"type":"Feature","properties":{"code":"04205","nom":"Seyne","app":9.95,"app_bas":7.4,"app_haut":13.36,"app_ech":"maille","app_obs":97,"mai":9.9,"mai_bas":7.21,"mai_haut":13.58,"mai_ech":"maille","mai_obs":14},"geometry":{"type":"Polygon","coordinates":[[[6.4123,44.3668],[6.4328,44.356],[6.4362,44.3505],[6.4554,44.3282],[6.4645,44.3054],[6.4466,44.3007],[6.4236,44.2965],[6.4148,44.2926],[6.3983,44.2901],[6.3801,44.2948],[6.3676,44.302],[6.3668,44.3082],[6.3577,44.3139],[6.3384,44.3193],[6.333,44.3274],[6.3248,44.3283],[6.3117,44.3253],[6.2965,44.3345],[6.298,44.3437],[6.3079,44.3502],[6.3289,44.36],[6.3349,44.3655],[6.3358,44.3734],[6.3558,44.3859],[6.3722,44.393],[6.3872,44.3977],[6.4029,44.375],[6.4123,44.3668]]]}},{"type":"Feature","properties":{"code":"04007","nom":"Angles","app":9.85,"app_bas":7.73,"app_haut":12.55,"app_ech":"maille","app_obs":0,"mai":7.64,"mai_bas":5.19,"mai_haut":11.25,"mai_ech":"epci","mai_obs":3},"geometry":{"type":"Polygon","coordinates":[[[6.5307,43.9354],[6.5321,43.9429],[6.543,43.9571],[6.5568,43.9666],[6.562,43.96],[6.5784,43.947],[6.5636,43.9367],[6.551,43.9235],[6.547,43.9216],[6.5307,43.9354]]]}},{"type":"Feature","properties":{"code":"04081","nom":"Esparron-de-Verdon","app":11.77,"app_bas":9.05,"app_haut":15.29,"app_ech":"maille","app_obs":6,"mai":9.74,"mai_bas":6.84,"mai_haut":13.88,"mai_ech":"maille","mai_obs":7},"geometry":{"type":"Polygon","coordinates":[[[6.003,43.7634],[6.0202,43.7625],[6.0574,43.7511],[6.0643,43.7414],[6.0629,43.7396],[6.0428,43.7408],[6.0199,43.7314],[5.9996,43.7258],[5.9845,43.7166],[5.9845,43.7145],[5.9729,43.716],[5.9689,43.7197],[5.9564,43.7194],[5.9405,43.7273],[5.938,43.7321],[5.9416,43.7395],[5.9388,43.7488],[5.9275,43.7502],[5.9257,43.756],[5.9343,43.7561],[5.9469,43.7609],[5.9587,43.763],[6.003,43.7634]]]}},{"type":"Feature","properties":{"code":"04142","nom":"Oppedette","app":12.91,"app_bas":10.13,"app_haut":16.44,"app_ech":"maille","app_obs":2,"mai":11.23,"mai_bas":8.36,"mai_haut":15.09,"mai_ech":"maille","mai_obs":1},"geometry":{"type":"Polygon","coordinates":[[[5.6066,43.9161],[5.5943,43.9168],[5.5816,43.915],[5.5815,43.923],[5.5745,43.931],[5.5676,43.9426],[5.5933,43.9451],[5.6072,43.9443],[5.6108,43.9266],[5.6135,43.9236],[5.6066,43.9161]]]}},{"type":"Feature","properties":{"code":"04149","nom":"Peyruis","app":10.28,"app_bas":8.04,"app_haut":13.15,"app_ech":"commune","app_obs":214,"mai":9.43,"mai_bas":7.04,"mai_haut":12.65,"mai_ech":"maille","mai_obs":99},"geometry":{"type":"Polygon","coordinates":[[[5.8937,44.0244],[5.8855,44.0406],[5.8955,44.0499],[5.9078,44.0555],[5.9249,44.0554],[5.9325,44.0506],[5.9162,44.0456],[5.9158,44.0377],[5.9308,44.0351],[5.9291,44.0456],[5.9384,44.0467],[5.9475,44.0553],[5.9604,44.0601],[5.9713,44.0497],[5.9754,44.0411],[5.9591,44.0295],[5.9578,44.0259],[5.9371,44.0089],[5.9232,44.0157],[5.9011,44.0155],[5.8937,44.0244]]]}},{"type":"Feature","properties":{"code":"04042","nom":"Castellet-lès-Sausses","app":12.01,"app_bas":7.97,"app_haut":18.1,"app_ech":"maille","app_obs":0,"mai":9.9,"mai_bas":7.21,"mai_haut":13.58,"mai_ech":"maille","mai_obs":0},"geometry":{"type":"Polygon","coordinates":[[[6.7457,44.0428],[6.736,44.0339],[6.7498,44.0144],[6.7703,44.0062],[6.7815,43.9991],[6.7947,43.9983],[6.8013,43.9909],[6.7929,43.9877],[6.7864,43.9819],[6.7851,43.9755],[6.7771,43.9705],[6.7655,43.9703],[6.7553,43.9783],[6.7491,43.9881],[6.7263,43.9916],[6.7203,43.991],[6.7168,44.0026],[6.712,44.0092],[6.7002,44.0174],[6.7112,44.0292],[6.7175,44.0429],[6.7144,44.0458],[6.6953,44.0526],[6.7049,44.0571],[6.7062,44.0638],[6.6908,44.0726],[6.686,44.0813],[6.6886,44.088],[6.6995,44.0898],[6.7003,44.0964],[6.706,44.0971],[6.7126,44.1062],[6.7131,44.1157],[6.7191,44.1183],[6.7247,44.111],[6.7366,44.1023],[6.7565,44.0796],[6.7534,44.075],[6.7472,44.0552],[6.7457,44.0428]]]}},{"type":"Feature","properties":{"code":"04066","nom":"Curbans","app":11.33,"app_bas":8.84,"app_haut":14.54,"app_ech":"maille","app_obs":12,"mai":10.22,"mai_bas":7.37,"mai_haut":14.16,"mai_ech":"maille","mai_obs":14},"geometry":{"type":"Polygon","coordinates":[[[6.0263,44.3768],[6.0035,44.3829],[6.0052,44.3876],[6.0012,44.3981],[5.987,44.3973],[5.9715,44.4034],[5.9776,44.4072],[6.0204,44.4201],[6.024,44.4273],[6.0325,44.4368],[6.0549,44.4473],[6.0562,44.4494],[6.0565,44.4367],[6.0587,44.4281],[6.0665,44.4209],[6.0657,44.4019],[6.0633,44.4002],[6.0584,44.3941],[6.0375,44.3823],[6.0368,44.3786],[6.0263,44.3768]]]}},{"type":"Feature","properties":{"code":"04096","nom":"Jausiers","app":10,"app_bas":7.05,"app_haut":14.19,"app_ech":"maille","app_obs":61,"mai":9.46,"mai_bas":6.43,"mai_haut":13.94,"mai_ech":"maille","mai_obs":11},"geometry":{"type":"Polygon","coordinates":[[[6.7551,44.3328],[6.7598,44.3397],[6.7605,44.3476],[6.7552,44.3541],[6.7589,44.3708],[6.7533,44.3763],[6.7374,44.3828],[6.7278,44.3933],[6.7257,44.399],[6.7168,44.4044],[6.6978,44.4224],[6.6848,44.4304],[6.6775,44.4383],[6.6815,44.4403],[6.7059,44.4374],[6.741,44.4364],[6.7545,44.4378],[6.7786,44.4422],[6.791,44.4378],[6.8064,44.4345],[6.8155,44.4269],[6.8276,44.4207],[6.841,44.4091],[6.8494,44.3996],[6.8574,44.3785],[6.8628,44.3577],[6.8715,44.3528],[6.863,44.3466],[6.8397,44.3462],[6.8224,44.3327],[6.8146,44.3321],[6.8036,44.3203],[6.7968,44.3167],[6.796,44.3201],[6.7789,44.3274],[6.7551,44.3328]]]}},{"type":"Feature","properties":{"code":"04124","nom":"Montagnac-Montpezat","app":11.18,"app_bas":9.16,"app_haut":13.65,"app_ech":"maille","app_obs":11,"mai":9.74,"mai_bas":6.84,"mai_haut":13.88,"mai_ech":"maille","mai_obs":8},"geometry":{"type":"Polygon","coordinates":[[[6.0705,43.7963],[6.1076,43.7957],[6.124,43.794],[6.1298,43.7951],[6.1425,43.7842],[6.136,43.7811],[6.1242,43.7688],[6.1157,43.7633],[6.1283,43.7501],[6.1286,43.7368],[6.1068,43.7448],[6.1029,43.7363],[6.0953,43.7296],[6.0903,43.729],[6.079,43.7355],[6.0643,43.7414],[6.0574,43.7511],[6.0462,43.7548],[6.0509,43.7558],[6.0598,43.7638],[6.0596,43.773],[6.0643,43.7858],[6.0705,43.7963]]]}},{"type":"Feature","properties":{"code":"04216","nom":"Thèze","app":11.33,"app_bas":8.84,"app_haut":14.54,"app_ech":"maille","app_obs":10,"mai":10.22,"mai_bas":7.37,"mai_haut":14.16,"mai_ech":"maille","mai_obs":9},"geometry":{"type":"Polygon","coordinates":[[[5.9525,44.3419],[5.9537,44.3411],[5.9501,44.3331],[5.9251,44.3134],[5.918,44.3143],[5.9101,44.3111],[5.9001,44.3143],[5.8961,44.3186],[5.903,44.3264],[5.9043,44.3379],[5.9129,44.3374],[5.9175,44.3385],[5.926,44.3496],[5.9376,44.3447],[5.9486,44.3453],[5.9525,44.3419]]]}},{"type":"Feature","properties":{"code":"04242","nom":"Villeneuve","app":11.77,"app_bas":9.18,"app_haut":15.07,"app_ech":"maille","app_obs":84,"mai":12.49,"mai_bas":9.29,"mai_haut":16.79,"mai_ech":"commune","mai_obs":157},"geometry":{"type":"Polygon","coordinates":[[[5.8896,43.91],[5.8895,43.9012],[5.8859,43.8876],[5.8749,43.8667],[5.8602,43.847],[5.8534,43.863],[5.8551,43.8711],[5.8497,43.8857],[5.8379,43.8963],[5.8282,43.8969],[5.8135,43.9007],[5.8115,43.9047],[5.8265,43.9224],[5.8418,43.9208],[5.8504,43.9168],[5.8636,43.9178],[5.8749,43.9222],[5.8828,43.9178],[5.8896,43.91]]]}},{"type":"Feature","properties":{"code":"04088","nom":"Forcalquier","app":13.48,"app_bas":11.02,"app_haut":16.5,"app_ech":"commune","app_obs":432,"mai":9.36,"mai_bas":6.98,"mai_haut":12.56,"mai_ech":"maille","mai_obs":86},"geometry":{"type":"Polygon","coordinates":[[[5.7392,43.9571],[5.7449,43.9747],[5.7542,43.9927],[5.7682,44.0054],[5.7821,43.9991],[5.799,43.9868],[5.8081,43.9918],[5.8077,43.9958],[5.8179,43.9951],[5.8249,43.9861],[5.8186,43.9803],[5.8164,43.9675],[5.8216,43.9492],[5.8292,43.9429],[5.82,43.9325],[5.8265,43.9224],[5.8168,43.911],[5.8079,43.9179],[5.7823,43.9159],[5.7819,43.9248],[5.776,43.9332],[5.7764,43.9422],[5.7492,43.9569],[5.7392,43.9571]]]}},{"type":"Feature","properties":{"code":"04135","nom":"Moustiers-Sainte-Marie","app":11.18,"app_bas":9.16,"app_haut":13.65,"app_ech":"maille","app_obs":21,"mai":9.74,"mai_bas":6.84,"mai_haut":13.88,"mai_ech":"maille","mai_obs":9},"geometry":{"type":"Polygon","coordinates":[[[6.255,43.8977],[6.2725,43.8735],[6.2879,43.858],[6.2902,43.847],[6.2952,43.8364],[6.2931,43.8311],[6.2814,43.8181],[6.2933,43.8112],[6.2875,43.7982],[6.273,43.7986],[6.2653,43.8059],[6.2496,43.8016],[6.2242,43.7998],[6.2095,43.7969],[6.1982,43.7881],[6.1884,43.7761],[6.172,43.7857],[6.1673,43.7864],[6.1623,43.7949],[6.1716,43.8068],[6.1669,43.829],[6.1819,43.8339],[6.1915,43.8393],[6.184,43.8448],[6.1683,43.8504],[6.1684,43.8536],[6.1743,43.8624],[6.1703,43.8699],[6.2189,43.883],[6.2255,43.8872],[6.2311,43.8951],[6.255,43.8977]]]}},{"type":"Feature","properties":{"code":"04179","nom":"Saint-Geniez","app":11.33,"app_bas":8.84,"app_haut":14.54,"app_ech":"maille","app_obs":6,"mai":9.67,"mai_bas":7.33,"mai_haut":12.76,"mai_ech":"maille","mai_obs":0},"geometry":{"type":"Polygon","coordinates":[[[6.0695,44.2539],[6.0797,44.2474],[6.1158,44.2363],[6.1197,44.222],[6.102,44.2125],[6.0986,44.2016],[6.0874,44.2038],[6.0589,44.1997],[6.0569,44.2104],[6.0423,44.2139],[6.0407,44.2248],[6.014,44.2248],[6.0077,44.2289],[5.9851,44.2322],[5.9956,44.2379],[6.0137,44.2431],[6.0354,44.2455],[6.0364,44.268],[6.0401,44.2744],[6.0534,44.2705],[6.0635,44.2663],[6.0695,44.2539]]]}},{"type":"Feature","properties":{"code":"04190","nom":"Saint-Martin-les-Eaux","app":13.32,"app_bas":10.28,"app_haut":17.27,"app_ech":"maille","app_obs":2,"mai":11.23,"mai_bas":8.36,"mai_haut":15.09,"mai_ech":"maille","mai_obs":7},"geometry":{"type":"Polygon","coordinates":[[[5.7236,43.8813],[5.74,43.8901],[5.7538,43.8917],[5.7622,43.8784],[5.7562,43.8691],[5.7562,43.863],[5.7494,43.857],[5.7434,43.8603],[5.7361,43.8485],[5.7291,43.8525],[5.7268,43.8563],[5.7269,43.8735],[5.7236,43.8813]]]}},{"type":"Feature","properties":{"code":"04155","nom":"Prads-Haute-Bléone","app":12.01,"app_bas":7.97,"app_haut":18.1,"app_ech":"maille","app_obs":3,"mai":8.55,"mai_bas":5.79,"mai_haut":12.61,"mai_ech":"epci","mai_obs":1},"geometry":{"type":"Polygon","coordinates":[[[6.467,44.3011],[6.4778,44.2977],[6.4861,44.2883],[6.4998,44.2842],[6.5159,44.2876],[6.5325,44.2881],[6.5439,44.2701],[6.5453,44.2632],[6.5419,44.259],[6.5434,44.247],[6.5416,44.2377],[6.535,44.2321],[6.5362,44.2215],[6.5328,44.2038],[6.5373,44.1914],[6.5268,44.1792],[6.5065,44.1769],[6.5016,44.1743],[6.4901,44.1629],[6.4832,44.1477],[6.4738,44.1418],[6.4539,44.1343],[6.4279,44.1337],[6.4226,44.1256],[6.4111,44.1306],[6.3986,44.1304],[6.3867,44.1413],[6.3749,44.1452],[6.3784,44.1494],[6.3796,44.1591],[6.3728,44.1641],[6.3769,44.1724],[6.3877,44.1772],[6.4026,44.1985],[6.4043,44.2075],[6.4263,44.2254],[6.4309,44.2304],[6.4121,44.2386],[6.4066,44.2455],[6.4053,44.2563],[6.4221,44.2707],[6.4305,44.2815],[6.4435,44.2869],[6.467,44.3011]]]}},{"type":"Feature","properties":{"code":"04136","nom":"Mure-Argens","app":12.01,"app_bas":7.97,"app_haut":18.1,"app_ech":"maille","app_obs":8,"mai":7.64,"mai_bas":5.19,"mai_haut":11.25,"mai_ech":"epci","mai_obs":7},"geometry":{"type":"Polygon","coordinates":[[[6.5295,44.068],[6.552,44.0398],[6.5571,44.0209],[6.5616,44.0103],[6.5541,43.9763],[6.5544,43.9718],[6.5392,43.9695],[6.52,43.9697],[6.51,43.9782],[6.5115,43.9846],[6.5174,43.9915],[6.5231,44.0034],[6.5222,44.0102],[6.5138,44.0223],[6.4995,44.0366],[6.4975,44.0413],[6.5063,44.0555],[6.5156,44.0656],[6.5258,44.0698],[6.5295,44.068]]]}},{"type":"Feature","properties":{"code":"04140","nom":"Omergues","app":10.79,"app_bas":8.39,"app_haut":13.88,"app_ech":"maille","app_obs":2,"mai":9.36,"mai_bas":6.98,"mai_haut":12.56,"mai_ech":"maille","mai_obs":2},"geometry":{"type":"Polygon","coordinates":[[[5.5513,44.1498],[5.5695,44.1481],[5.5787,44.1521],[5.583,44.1576],[5.5732,44.1628],[5.5644,44.1709],[5.5678,44.1786],[5.5762,44.188],[5.5962,44.1876],[5.6021,44.1915],[5.6093,44.1907],[5.6162,44.1811],[5.6308,44.174],[5.6396,44.1676],[5.6311,44.1506],[5.6086,44.1519],[5.603,44.1288],[5.5947,44.1207],[5.5831,44.1195],[5.5812,44.1129],[5.5649,44.1143],[5.555,44.111],[5.5469,44.1295],[5.5513,44.1498]]]}},{"type":"Feature","properties":{"code":"04184","nom":"Saint-Jurs","app":11.18,"app_bas":9.16,"app_haut":13.65,"app_ech":"maille","app_obs":3,"mai":9.74,"mai_bas":6.84,"mai_haut":13.88,"mai_ech":"maille","mai_obs":2},"geometry":{"type":"Polygon","coordinates":[[[6.2329,43.9221],[6.2323,43.9206],[6.255,43.8977],[6.2311,43.8951],[6.2255,43.8872],[6.2189,43.883],[6.1703,43.8699],[6.1565,43.8772],[6.1445,43.8792],[6.1433,43.8869],[6.1538,43.895],[6.1456,43.9014],[6.1564,43.909],[6.1613,43.9222],[6.1955,43.9199],[6.2054,43.9217],[6.2245,43.9208],[6.2329,43.9221]]]}},{"type":"Feature","properties":{"code":"04198","nom":"Saint-Vincent-les-Forts","app":null,"app_bas":null,"app_haut":null,"app_ech":null,"app_obs":0,"mai":null,"mai_bas":null,"mai_haut":null,"mai_ech":null,"mai_obs":0},"geometry":{"type":"Polygon","coordinates":[[[6.3331,44.4628],[6.37,44.4599],[6.3997,44.4497],[6.4056,44.4308],[6.4006,44.4221],[6.3865,44.4093],[6.3841,44.4117],[6.3566,44.4153],[6.339,44.4275],[6.3396,44.4312],[6.3335,44.4518],[6.3331,44.4628]]]}},{"type":"Feature","properties":{"code":"04181","nom":"Saint-Jeannet","app":10.15,"app_bas":7.94,"app_haut":12.98,"app_ech":"maille","app_obs":0,"mai":8.55,"mai_bas":5.79,"mai_haut":12.61,"mai_ech":"epci","mai_obs":2},"geometry":{"type":"Polygon","coordinates":[[[6.0778,43.9745],[6.0706,43.9817],[6.0716,43.9889],[6.0762,43.9954],[6.0814,43.9983],[6.0945,43.9975],[6.1026,43.9997],[6.1042,44.0079],[6.1176,44.0093],[6.1266,44.0033],[6.1555,43.999],[6.1541,43.9894],[6.1477,43.9786],[6.1473,43.9641],[6.1508,43.9579],[6.1499,43.9511],[6.1422,43.9515],[6.129,43.9457],[6.1232,43.9456],[6.1116,43.952],[6.1092,43.9581],[6.099,43.9612],[6.0925,43.9647],[6.1005,43.9783],[6.0923,43.9807],[6.0865,43.9758],[6.0778,43.9745]]]}},{"type":"Feature","properties":{"code":"04123","nom":"Mison","app":11.33,"app_bas":8.84,"app_haut":14.54,"app_ech":"maille","app_obs":33,"mai":10.22,"mai_bas":7.37,"mai_haut":14.16,"mai_ech":"maille","mai_obs":40},"geometry":{"type":"Polygon","coordinates":[[[5.8361,44.2975],[5.849,44.3007],[5.866,44.2959],[5.8755,44.291],[5.8754,44.2798],[5.8801,44.271],[5.9122,44.2495],[5.9077,44.2441],[5.9063,44.2361],[5.8908,44.2275],[5.8727,44.2242],[5.8715,44.2287],[5.8545,44.2473],[5.8429,44.2526],[5.8267,44.2625],[5.823,44.2701],[5.8239,44.2789],[5.8302,44.2857],[5.8361,44.2975]]]}},{"type":"Feature","properties":{"code":"04118","nom":"Melve","app":11.33,"app_bas":8.84,"app_haut":14.54,"app_ech":"maille","app_obs":4,"mai":10.22,"mai_bas":7.37,"mai_haut":14.16,"mai_ech":"maille","mai_obs":1},"geometry":{"type":"Polygon","coordinates":[[[5.9525,44.3419],[5.9682,44.3491],[5.9752,44.3642],[5.9867,44.3753],[6.0035,44.3829],[6.0263,44.3768],[6.0165,44.3732],[6.0025,44.3653],[6.0019,44.3589],[6.0073,44.3526],[6.007,44.3376],[6.0041,44.3274],[5.99,44.328],[5.9821,44.339],[5.9669,44.3457],[5.9537,44.3411],[5.9525,44.3419]]]}},{"type":"Feature","properties":{"code":"04163","nom":"Revest-du-Bion","app":10.79,"app_bas":8.39,"app_haut":13.88,"app_ech":"maille","app_obs":19,"mai":8.85,"mai_bas":6.67,"mai_haut":11.76,"mai_ech":"maille","mai_obs":12},"geometry":{"type":"Polygon","coordinates":[[[5.5513,44.1498],[5.5469,44.1295],[5.555,44.111],[5.5649,44.1143],[5.5812,44.1129],[5.5831,44.1195],[5.5902,44.12],[5.5897,44.1076],[5.5825,44.0967],[5.5759,44.0793],[5.5782,44.0747],[5.5769,44.0644],[5.5732,44.0594],[5.5626,44.0584],[5.5559,44.0548],[5.5452,44.0584],[5.5446,44.0699],[5.5245,44.065],[5.5026,44.0634],[5.498,44.0752],[5.5004,44.1003],[5.4988,44.1157],[5.5048,44.1163],[5.5198,44.1266],[5.533,44.1301],[5.544,44.1364],[5.5513,44.1498]]]}},{"type":"Feature","properties":{"code":"04099","nom":"Lambruisse","app":11.05,"app_bas":8.48,"app_haut":14.41,"app_ech":"maille","app_obs":0,"mai":7.64,"mai_bas":5.19,"mai_haut":11.25,"mai_ech":"epci","mai_obs":6},"geometry":{"type":"Polygon","coordinates":[[[6.4181,44.047],[6.4271,44.0539],[6.4305,44.0639],[6.4216,44.0799],[6.429,44.0903],[6.4365,44.0854],[6.4551,44.0665],[6.4581,44.0499],[6.4679,44.0408],[6.4767,44.0378],[6.488,44.0278],[6.4635,44.0256],[6.4521,44.0234],[6.4565,44.013],[6.4384,44.0064],[6.4327,44.023],[6.4268,44.0348],[6.4181,44.047]]]}},{"type":"Feature","properties":{"code":"04164","nom":"Revest-Saint-Martin","app":12.34,"app_bas":9.77,"app_haut":15.59,"app_ech":"maille","app_obs":0,"mai":9.43,"mai_bas":7.04,"mai_haut":12.65,"mai_ech":"maille","mai_obs":1},"geometry":{"type":"Polygon","coordinates":[[[5.8071,44.04],[5.8275,44.0322],[5.8445,44.0167],[5.8462,44.0132],[5.8388,44.0077],[5.8144,44.0063],[5.809,44.0079],[5.8053,44.0132],[5.8113,44.0233],[5.8087,44.0285],[5.8071,44.04]]]}},{"type":"Feature","properties":{"code":"04166","nom":"Riez","app":11.56,"app_bas":9.47,"app_haut":14.1,"app_ech":"commune","app_obs":305,"mai":9.74,"mai_bas":6.84,"mai_haut":13.88,"mai_ech":"maille","mai_obs":38},"geometry":{"type":"Polygon","coordinates":[[[6.0361,43.8305],[6.048,43.8358],[6.0539,43.8446],[6.0529,43.8604],[6.0615,43.8644],[6.0774,43.8777],[6.0794,43.8721],[6.0924,43.8596],[6.0954,43.8541],[6.1053,43.8527],[6.1159,43.8359],[6.1163,43.8281],[6.112,43.8185],[6.125,43.8146],[6.1334,43.8033],[6.1298,43.7951],[6.124,43.794],[6.1076,43.7957],[6.0705,43.7963],[6.0675,43.801],[6.0498,43.8078],[6.0445,43.8138],[6.0431,43.8233],[6.0361,43.8305]]]}},{"type":"Feature","properties":{"code":"04059","nom":"Clumanc","app":11.05,"app_bas":8.48,"app_haut":14.41,"app_ech":"maille","app_obs":5,"mai":7.64,"mai_bas":5.19,"mai_haut":11.25,"mai_ech":"epci","mai_obs":8},"geometry":{"type":"Polygon","coordinates":[[[6.4181,44.047],[6.4268,44.0348],[6.4327,44.023],[6.4384,44.0064],[6.4363,43.9951],[6.428,43.991],[6.4151,43.9983],[6.401,43.9917],[6.3861,43.9887],[6.3643,43.9885],[6.3462,44.0008],[6.3278,44.011],[6.3234,44.0155],[6.3178,44.0295],[6.3208,44.0392],[6.3293,44.0558],[6.3644,44.0542],[6.3757,44.0509],[6.3968,44.0472],[6.4181,44.047]]]}},{"type":"Feature","properties":{"code":"04068","nom":"Dauphin","app":13.32,"app_bas":10.28,"app_haut":17.27,"app_ech":"maille","app_obs":19,"mai":11.78,"mai_bas":8.81,"mai_haut":15.77,"mai_ech":"maille","mai_obs":28},"geometry":{"type":"Polygon","coordinates":[[[5.7807,43.9153],[5.7996,43.8803],[5.7907,43.8758],[5.7808,43.8751],[5.7735,43.883],[5.7622,43.8784],[5.7538,43.8917],[5.7579,43.9],[5.7671,43.9068],[5.7657,43.9117],[5.7807,43.9153]]]}},{"type":"Feature","properties":{"code":"04220","nom":"Thuiles","app":10,"app_bas":7.05,"app_haut":14.19,"app_ech":"maille","app_obs":4,"mai":9.9,"mai_bas":7.21,"mai_haut":13.58,"mai_ech":"maille","mai_obs":1},"geometry":{"type":"Polygon","coordinates":[[[6.5856,44.446],[6.5889,44.4456],[6.5862,44.4371],[6.5811,44.4321],[6.586,44.4235],[6.5828,44.3952],[6.5853,44.3889],[6.5816,44.3803],[6.5839,44.3719],[6.5803,44.3637],[6.5689,44.3614],[6.5635,44.349],[6.5575,44.3429],[6.5457,44.3373],[6.5329,44.3564],[6.5301,44.3646],[6.5473,44.4005],[6.5444,44.4096],[6.553,44.4302],[6.5574,44.4345],[6.5728,44.4407],[6.5796,44.4393],[6.5856,44.446]]]}},{"type":"Feature","properties":{"code":"04057","nom":"Clamensane","app":11.33,"app_bas":8.84,"app_haut":14.54,"app_ech":"maille","app_obs":9,"mai":10.22,"mai_bas":7.37,"mai_haut":14.16,"mai_ech":"maille","mai_obs":12},"geometry":{"type":"Polygon","coordinates":[[[6.0414,44.3053],[6.0449,44.3188],[6.0545,44.3329],[6.0532,44.3419],[6.0611,44.3467],[6.0734,44.3499],[6.0793,44.3574],[6.0977,44.3597],[6.1042,44.3584],[6.1063,44.3405],[6.1046,44.331],[6.1152,44.3226],[6.095,44.3129],[6.0915,44.3091],[6.0904,44.2992],[6.0735,44.3042],[6.0526,44.3043],[6.0414,44.3053]]]}},{"type":"Feature","properties":{"code":"04074","nom":"Entrages","app":11.05,"app_bas":8.48,"app_haut":14.41,"app_ech":"maille","app_obs":6,"mai":8.55,"mai_bas":5.79,"mai_haut":12.61,"mai_ech":"epci","mai_obs":3},"geometry":{"type":"Polygon","coordinates":[[[6.2451,44.0157],[6.2401,44.0276],[6.2512,44.0404],[6.2425,44.0466],[6.2346,44.0471],[6.2429,44.0547],[6.2512,44.0562],[6.2563,44.0671],[6.2635,44.073],[6.2701,44.0738],[6.278,44.0617],[6.2914,44.0545],[6.2975,44.0468],[6.3118,44.0397],[6.3075,44.0349],[6.2924,44.0378],[6.2775,44.0356],[6.2807,44.0209],[6.2959,44.0068],[6.2849,44.003],[6.277,44.0082],[6.2672,44.0092],[6.2451,44.0157]]]}},{"type":"Feature","properties":{"code":"04085","nom":"Faucon-du-Caire","app":11.33,"app_bas":8.84,"app_haut":14.54,"app_ech":"maille","app_obs":7,"mai":9.9,"mai_bas":7.21,"mai_haut":13.58,"mai_ech":"maille","mai_obs":11},"geometry":{"type":"Polygon","coordinates":[[[6.1161,44.4321],[6.1117,44.425],[6.1139,44.4144],[6.1236,44.4061],[6.1203,44.3957],[6.1256,44.3866],[6.1366,44.3766],[6.1247,44.3681],[6.1126,44.3646],[6.1042,44.3584],[6.0994,44.3796],[6.0912,44.3859],[6.0784,44.3911],[6.0633,44.4002],[6.0657,44.4019],[6.0748,44.4026],[6.0848,44.412],[6.0886,44.4231],[6.1161,44.4321]]]}},{"type":"Feature","properties":{"code":"04219","nom":"Thorame-Haute","app":12.01,"app_bas":7.97,"app_haut":18.1,"app_ech":"maille","app_obs":22,"mai":7.64,"mai_bas":5.19,"mai_haut":11.25,"mai_ech":"epci","mai_obs":2},"geometry":{"type":"Polygon","coordinates":[[[6.5295,44.068],[6.538,44.0705],[6.5334,44.0946],[6.5352,44.1164],[6.5317,44.127],[6.5487,44.1421],[6.55,44.1451],[6.5557,44.1407],[6.5793,44.1311],[6.6016,44.1258],[6.624,44.1219],[6.631,44.1221],[6.6644,44.1267],[6.6781,44.1092],[6.6858,44.1019],[6.7003,44.0964],[6.6995,44.0898],[6.6886,44.088],[6.686,44.0813],[6.6908,44.0726],[6.6852,44.0781],[6.6772,44.0775],[6.6738,44.0678],[6.6676,44.0615],[6.6554,44.0549],[6.6345,44.0596],[6.6178,44.0564],[6.6144,44.0512],[6.6136,44.0392],[6.6005,44.0377],[6.59,44.0302],[6.589,44.0235],[6.5724,44.0251],[6.5571,44.0209],[6.552,44.0398],[6.5295,44.068]]]}},{"type":"Feature","properties":{"code":"04045","nom":"Céreste","app":12.91,"app_bas":10.13,"app_haut":16.44,"app_ech":"maille","app_obs":4,"mai":11.78,"mai_bas":8.81,"mai_haut":15.77,"mai_ech":"maille","mai_obs":4},"geometry":{"type":"Polygon","coordinates":[[[5.5613,43.8575],[5.5738,43.8665],[5.5903,43.8872],[5.6104,43.8888],[5.6144,43.8768],[5.6251,43.8568],[5.624,43.8465],[5.6319,43.8376],[5.6314,43.8286],[5.6194,43.8298],[5.6035,43.8275],[5.5782,43.8299],[5.5673,43.8271],[5.5609,43.8211],[5.5509,43.8174],[5.5448,43.8176],[5.5497,43.8512],[5.5613,43.8575]]]}},{"type":"Feature","properties":{"code":"04222","nom":"Turriers","app":9.95,"app_bas":7.4,"app_haut":13.36,"app_ech":"maille","app_obs":16,"mai":9.9,"mai_bas":7.21,"mai_haut":13.58,"mai_ech":"maille","mai_obs":4},"geometry":{"type":"Polygon","coordinates":[[[6.1236,44.4061],[6.1322,44.4054],[6.1525,44.4119],[6.1655,44.4145],[6.175,44.4097],[6.1901,44.3955],[6.1944,44.3836],[6.2023,44.3753],[6.1964,44.3739],[6.1659,44.3753],[6.1506,44.3739],[6.1366,44.3766],[6.1256,44.3866],[6.1203,44.3957],[6.1236,44.4061]]]}},{"type":"Feature","properties":{"code":"04229","nom":"Valbelle","app":9.38,"app_bas":7.34,"app_haut":12,"app_ech":"maille","app_obs":8,"mai":9.43,"mai_bas":7.04,"mai_haut":12.65,"mai_ech":"maille","mai_obs":24},"geometry":{"type":"Polygon","coordinates":[[[5.852,44.1666],[5.8589,44.1646],[5.8864,44.1672],[5.8896,44.1606],[5.9,44.1549],[5.9176,44.1517],[5.9231,44.149],[5.9182,44.14],[5.9216,44.1315],[5.9186,44.125],[5.9114,44.1196],[5.9035,44.1167],[5.8801,44.1126],[5.8448,44.1132],[5.8332,44.1152],[5.8283,44.1241],[5.8337,44.1341],[5.8451,44.1385],[5.8493,44.1519],[5.8473,44.159],[5.852,44.1666]]]}},{"type":"Feature","properties":{"code":"04036","nom":"Brusquet","app":12.01,"app_bas":7.97,"app_haut":18.1,"app_ech":"maille","app_obs":47,"mai":8.55,"mai_bas":5.79,"mai_haut":12.61,"mai_ech":"epci","mai_obs":26},"geometry":{"type":"Polygon","coordinates":[[[6.2676,44.1696],[6.2912,44.1945],[6.3035,44.2044],[6.3127,44.2004],[6.3222,44.1798],[6.3219,44.1748],[6.3271,44.1666],[6.3396,44.1553],[6.3287,44.1442],[6.3145,44.1408],[6.3059,44.142],[6.2804,44.1487],[6.285,44.1593],[6.2676,44.1696]]]}},{"type":"Feature","properties":{"code":"04192","nom":"Saint-Michel-l'Observatoire","app":12.91,"app_bas":10.13,"app_haut":16.44,"app_ech":"maille","app_obs":28,"mai":11.78,"mai_bas":8.81,"mai_haut":15.77,"mai_ech":"maille","mai_obs":38},"geometry":{"type":"Polygon","coordinates":[[[5.6907,43.9468],[5.7011,43.9513],[5.7127,43.9383],[5.7251,43.932],[5.7376,43.919],[5.7617,43.9145],[5.7657,43.9117],[5.7671,43.9068],[5.7579,43.9],[5.7538,43.8917],[5.74,43.8901],[5.7236,43.8813],[5.7103,43.8758],[5.702,43.8792],[5.6976,43.8893],[5.6946,43.9031],[5.6893,43.9159],[5.6907,43.9468]]]}},{"type":"Feature","properties":{"code":"04040","nom":"Castellard-Mélan","app":9.95,"app_bas":7.4,"app_haut":13.36,"app_ech":"maille","app_obs":0,"mai":9.67,"mai_bas":7.33,"mai_haut":12.76,"mai_ech":"maille","mai_obs":0},"geometry":{"type":"Polygon","coordinates":[[[6.0958,44.18],[6.0986,44.2016],[6.102,44.2125],[6.1326,44.2296],[6.1455,44.2335],[6.1654,44.2236],[6.1685,44.217],[6.1583,44.2052],[6.1577,44.1965],[6.1473,44.1885],[6.1452,44.1802],[6.1498,44.1751],[6.1489,44.1652],[6.1393,44.1736],[6.0958,44.18]]]}},{"type":"Feature","properties":{"code":"04027","nom":"Bevons","app":9.38,"app_bas":7.34,"app_haut":12,"app_ech":"maille","app_obs":4,"mai":10.22,"mai_bas":7.37,"mai_haut":14.16,"mai_ech":"maille","mai_obs":1},"geometry":{"type":"Polygon","coordinates":[[[5.852,44.1666],[5.8589,44.1813],[5.8591,44.1952],[5.9003,44.1909],[5.901,44.1738],[5.9,44.1549],[5.8896,44.1606],[5.8864,44.1672],[5.8589,44.1646],[5.852,44.1666]]]}},{"type":"Feature","properties":{"code":"04139","nom":"Noyers-sur-Jabron","app":9.38,"app_bas":7.34,"app_haut":12,"app_ech":"maille","app_obs":17,"mai":9.43,"mai_bas":7.04,"mai_haut":12.65,"mai_ech":"maille","mai_obs":16},"geometry":{"type":"Polygon","coordinates":[[[5.8127,44.1221],[5.7928,44.1239],[5.7873,44.1224],[5.7855,44.1291],[5.7753,44.1424],[5.7722,44.1513],[5.7768,44.1599],[5.7802,44.1744],[5.7782,44.1798],[5.7612,44.1931],[5.7545,44.2098],[5.7765,44.2055],[5.7954,44.2135],[5.8139,44.2102],[5.8286,44.2007],[5.8467,44.1992],[5.8591,44.1952],[5.8589,44.1813],[5.852,44.1666],[5.8473,44.159],[5.8493,44.1519],[5.8451,44.1385],[5.8337,44.1341],[5.8283,44.1241],[5.8332,44.1152],[5.8127,44.1221]]]}},{"type":"Feature","properties":{"code":"04186","nom":"Saint-Laurent-du-Verdon","app":11.77,"app_bas":9.05,"app_haut":15.29,"app_ech":"maille","app_obs":0,"mai":10.13,"mai_bas":6.6,"mai_haut":15.57,"mai_ech":"maille","mai_obs":0},"geometry":{"type":"Polygon","coordinates":[[[6.0643,43.7414],[6.079,43.7355],[6.0903,43.729],[6.0883,43.7185],[6.0773,43.7079],[6.0565,43.7001],[6.0528,43.7054],[6.0488,43.7194],[6.0523,43.7263],[6.0643,43.7414]]]}},{"type":"Feature","properties":{"code":"04189","nom":"Saint-Martin-de-Brômes","app":11.77,"app_bas":9.18,"app_haut":15.07,"app_ech":"maille","app_obs":17,"mai":9.74,"mai_bas":6.84,"mai_haut":13.88,"mai_ech":"maille","mai_obs":20},"geometry":{"type":"Polygon","coordinates":[[[5.9257,43.756],[5.9227,43.7575],[5.9202,43.7665],[5.9214,43.7735],[5.9286,43.782],[5.9381,43.7888],[5.9489,43.7925],[5.9625,43.7931],[5.9883,43.8009],[6.002,43.8082],[6.0014,43.8035],[5.9937,43.7908],[5.9825,43.7836],[5.9881,43.7782],[5.9998,43.7745],[6.0041,43.7705],[6.003,43.7634],[5.9587,43.763],[5.9469,43.7609],[5.9343,43.7561],[5.9257,43.756]]]}},{"type":"Feature","properties":{"code":"04194","nom":"Saint-Pierre","app":11.63,"app_bas":9.35,"app_haut":14.48,"app_ech":"maille","app_obs":0,"mai":7.64,"mai_bas":5.19,"mai_haut":11.25,"mai_ech":"epci","mai_obs":1},"geometry":{"type":"Polygon","coordinates":[[[6.9376,43.8963],[6.9187,43.8936],[6.9147,43.9069],[6.9069,43.921],[6.8997,43.9267],[6.9131,43.928],[6.9263,43.9138],[6.9414,43.9042],[6.9423,43.8973],[6.9376,43.8963]]]}},{"type":"Feature","properties":{"code":"04224","nom":"Ubraye","app":9.85,"app_bas":7.73,"app_haut":12.55,"app_ech":"maille","app_obs":0,"mai":11,"mai_bas":8,"mai_haut":15.12,"mai_ech":"maille","mai_obs":0},"geometry":{"type":"Polygon","coordinates":[[[6.7252,43.9217],[6.7193,43.9153],[6.736,43.8967],[6.7314,43.8864],[6.7218,43.8877],[6.7165,43.8796],[6.6726,43.8884],[6.6564,43.8828],[6.6436,43.8816],[6.6351,43.8919],[6.651,43.9028],[6.6473,43.9224],[6.6488,43.9279],[6.6704,43.9317],[6.6884,43.9379],[6.7032,43.9362],[6.722,43.9283],[6.7252,43.9217]]]}},{"type":"Feature","properties":{"code":"04175","nom":"Sainte-Croix-à-Lauze","app":12.91,"app_bas":10.13,"app_haut":16.44,"app_ech":"maille","app_obs":0,"mai":11.23,"mai_bas":8.36,"mai_haut":15.09,"mai_ech":"maille","mai_obs":1},"geometry":{"type":"Polygon","coordinates":[[[5.6066,43.9161],[5.6135,43.9236],[5.6202,43.9179],[5.6326,43.9169],[5.6403,43.9127],[5.6351,43.9027],[5.6262,43.8947],[5.6104,43.8888],[5.5903,43.8872],[5.5977,43.9012],[5.6071,43.9138],[5.6066,43.9161]]]}},{"type":"Feature","properties":{"code":"04230","nom":"Valensole","app":11.75,"app_bas":9.18,"app_haut":15.03,"app_ech":"commune","app_obs":332,"mai":10.15,"mai_bas":7.12,"mai_haut":14.46,"mai_ech":"commune","mai_obs":193},"geometry":{"type":"Polygon","coordinates":[[[5.9646,43.8876],[5.9725,43.8861],[5.9826,43.8768],[5.9989,43.8752],[6.0028,43.8708],[6.0273,43.867],[6.0529,43.8604],[6.0539,43.8446],[6.048,43.8358],[6.0361,43.8305],[6.0227,43.819],[5.9883,43.8009],[5.9625,43.7931],[5.9489,43.7925],[5.9381,43.7888],[5.9316,43.7943],[5.9144,43.8007],[5.8751,43.8073],[5.8453,43.7967],[5.8242,43.8045],[5.8305,43.8151],[5.8522,43.8348],[5.8749,43.8667],[5.8788,43.8746],[5.8917,43.8793],[5.91,43.8792],[5.9361,43.8822],[5.9569,43.8881],[5.9646,43.8876]]]}},{"type":"Feature","properties":{"code":"04026","nom":"Bellaffaire","app":11.45,"app_bas":9.1,"app_haut":14.41,"app_ech":"maille","app_obs":1,"mai":9.98,"mai_bas":7.28,"mai_haut":13.7,"mai_ech":"maille","mai_obs":0},"geometry":{"type":"Polygon","coordinates":[[[6.2023,44.3753],[6.1944,44.3836],[6.1901,44.3955],[6.175,44.4097],[6.1655,44.4145],[6.1719,44.4197],[6.1624,44.4344],[6.1739,44.4396],[6.1836,44.4256],[6.1964,44.4182],[6.2162,44.3976],[6.2272,44.3817],[6.2023,44.3753]]]}},{"type":"Feature","properties":{"code":"04173","nom":"Saint-André-les-Alpes","app":12.11,"app_bas":8.03,"app_haut":18.24,"app_ech":"commune","app_obs":108,"mai":11,"mai_bas":8,"mai_haut":15.12,"mai_ech":"maille","mai_obs":13},"geometry":{"type":"Polygon","coordinates":[[[6.5271,43.9212],[6.5125,43.9123],[6.494,43.9089],[6.4785,43.9008],[6.4694,43.9056],[6.4694,43.9131],[6.4823,43.9199],[6.489,43.9351],[6.5018,43.9368],[6.5037,43.947],[6.4959,43.9518],[6.491,43.968],[6.4805,43.9773],[6.4803,43.9821],[6.467,44.0056],[6.4565,44.013],[6.4521,44.0234],[6.4635,44.0256],[6.488,44.0278],[6.4944,44.034],[6.4975,44.0413],[6.4995,44.0366],[6.5138,44.0223],[6.5222,44.0102],[6.5231,44.0034],[6.5174,43.9915],[6.5115,43.9846],[6.51,43.9782],[6.52,43.9697],[6.5392,43.9695],[6.5544,43.9718],[6.5568,43.9666],[6.543,43.9571],[6.5321,43.9429],[6.5307,43.9354],[6.5257,43.9319],[6.5271,43.9212]]]}},{"type":"Feature","properties":{"code":"04210","nom":"Soleilhas","app":9.85,"app_bas":7.73,"app_haut":12.55,"app_ech":"maille","app_obs":0,"mai":11,"mai_bas":8,"mai_haut":15.12,"mai_ech":"maille","mai_obs":3},"geometry":{"type":"Polygon","coordinates":[[[6.6202,43.8808],[6.6351,43.8919],[6.6436,43.8816],[6.6564,43.8828],[6.6707,43.8877],[6.6746,43.881],[6.6871,43.8788],[6.6973,43.8737],[6.6986,43.8577],[6.7028,43.856],[6.6779,43.851],[6.6715,43.8421],[6.6679,43.8306],[6.6511,43.8338],[6.637,43.8335],[6.6233,43.8359],[6.6086,43.8436],[6.602,43.8447],[6.6018,43.8552],[6.606,43.8682],[6.6202,43.8808]]]}},{"type":"Feature","properties":{"code":"04145","nom":"Peipin","app":12.34,"app_bas":9.77,"app_haut":15.59,"app_ech":"maille","app_obs":98,"mai":9.43,"mai_bas":7.04,"mai_haut":12.65,"mai_ech":"maille","mai_obs":73},"geometry":{"type":"Polygon","coordinates":[[[5.9231,44.149],[5.9245,44.1546],[5.9342,44.1596],[5.947,44.162],[5.9556,44.1613],[5.9542,44.1576],[5.969,44.1482],[5.9776,44.1364],[5.9573,44.1329],[5.9389,44.1282],[5.9281,44.1194],[5.9114,44.1196],[5.9186,44.125],[5.9216,44.1315],[5.9182,44.14],[5.9231,44.149]]]}},{"type":"Feature","properties":{"code":"04061","nom":"Colmars","app":12.01,"app_bas":7.97,"app_haut":18.1,"app_ech":"maille","app_obs":18,"mai":7.64,"mai_bas":5.19,"mai_haut":11.25,"mai_ech":"epci","mai_obs":1},"geometry":{"type":"Polygon","coordinates":[[[6.5985,44.2155],[6.6133,44.223],[6.6232,44.2245],[6.6355,44.2151],[6.6567,44.2221],[6.7141,44.2182],[6.7183,44.2107],[6.7153,44.2052],[6.7068,44.2015],[6.6988,44.188],[6.7012,44.1775],[6.6865,44.1693],[6.7055,44.1445],[6.7071,44.1258],[6.7191,44.1183],[6.7131,44.1157],[6.7126,44.1062],[6.706,44.0971],[6.7003,44.0964],[6.6858,44.1019],[6.6781,44.1092],[6.6601,44.1311],[6.6322,44.1473],[6.6052,44.1582],[6.6141,44.168],[6.6037,44.1784],[6.6029,44.1921],[6.5985,44.2155]]]}},{"type":"Feature","properties":{"code":"04075","nom":"Entrepierres","app":11.33,"app_bas":8.84,"app_haut":14.54,"app_ech":"maille","app_obs":3,"mai":9.67,"mai_bas":7.33,"mai_haut":12.76,"mai_ech":"maille","mai_obs":11},"geometry":{"type":"Polygon","coordinates":[[[6.0879,44.1718],[6.0728,44.1776],[6.0605,44.1803],[6.0359,44.1758],[6.0241,44.1674],[5.994,44.1773],[5.9871,44.1777],[5.9542,44.1576],[5.9556,44.1613],[5.9545,44.175],[5.9617,44.1809],[5.9689,44.1828],[5.9765,44.2081],[5.9787,44.2243],[5.9851,44.2322],[6.0077,44.2289],[6.014,44.2248],[6.0407,44.2248],[6.0423,44.2139],[6.0569,44.2104],[6.0589,44.1997],[6.0874,44.2038],[6.0986,44.2016],[6.0958,44.18],[6.0879,44.1718]]]}},{"type":"Feature","properties":{"code":"04138","nom":"Niozelles","app":11.77,"app_bas":9.18,"app_haut":15.07,"app_ech":"maille","app_obs":3,"mai":9.36,"mai_bas":6.98,"mai_haut":12.56,"mai_ech":"maille","mai_obs":8},"geometry":{"type":"Polygon","coordinates":[[[5.8265,43.9224],[5.82,43.9325],[5.8292,43.9429],[5.8476,43.9476],[5.864,43.9456],[5.8655,43.9369],[5.8688,43.9286],[5.8749,43.9222],[5.8636,43.9178],[5.8504,43.9168],[5.8418,43.9208],[5.8265,43.9224]]]}},{"type":"Feature","properties":{"code":"04237","nom":"Vernet","app":10,"app_bas":7.05,"app_haut":14.19,"app_ech":"maille","app_obs":4,"mai":8.55,"mai_bas":5.79,"mai_haut":12.61,"mai_ech":"epci","mai_obs":1},"geometry":{"type":"Polygon","coordinates":[[[6.4053,44.2563],[6.3921,44.2508],[6.372,44.2478],[6.3637,44.2488],[6.3674,44.2604],[6.3657,44.2693],[6.369,44.2785],[6.3753,44.2851],[6.3801,44.2948],[6.3983,44.2901],[6.4148,44.2926],[6.4236,44.2965],[6.4466,44.3007],[6.4645,44.3054],[6.467,44.3011],[6.4435,44.2869],[6.4305,44.2815],[6.4221,44.2707],[6.4053,44.2563]]]}},{"type":"Feature","properties":{"code":"04012","nom":"Aubenas-les-Alpes","app":12.91,"app_bas":10.13,"app_haut":16.44,"app_ech":"maille","app_obs":0,"mai":11.23,"mai_bas":8.36,"mai_haut":15.09,"mai_ech":"maille","mai_obs":2},"geometry":{"type":"Polygon","coordinates":[[[5.6717,43.9487],[5.6782,43.9544],[5.6848,43.953],[5.6907,43.9468],[5.6893,43.9159],[5.6724,43.9199],[5.6605,43.92],[5.6612,43.9261],[5.6608,43.9427],[5.6717,43.9487]]]}},{"type":"Feature","properties":{"code":"04113","nom":"Marcoux","app":12.01,"app_bas":7.97,"app_haut":18.1,"app_ech":"maille","app_obs":45,"mai":8.55,"mai_bas":5.79,"mai_haut":12.61,"mai_ech":"epci","mai_obs":30},"geometry":{"type":"Polygon","coordinates":[[[6.2676,44.1696],[6.285,44.1593],[6.2804,44.1487],[6.3059,44.142],[6.3145,44.1408],[6.3287,44.1442],[6.3282,44.1366],[6.3095,44.1129],[6.3026,44.1024],[6.3001,44.0935],[6.2906,44.0887],[6.2838,44.0943],[6.2692,44.1022],[6.2715,44.1051],[6.258,44.1128],[6.2423,44.1185],[6.2355,44.1178],[6.2351,44.1249],[6.2425,44.1391],[6.2553,44.1507],[6.2676,44.1696]]]}},{"type":"Feature","properties":{"code":"04161","nom":"Méolans-Revel","app":10,"app_bas":7.05,"app_haut":14.19,"app_ech":"maille","app_obs":0,"mai":9.9,"mai_bas":7.21,"mai_haut":13.58,"mai_ech":"maille","mai_obs":6},"geometry":{"type":"Polygon","coordinates":[[[6.5453,44.3233],[6.5374,44.3051],[6.5325,44.2881],[6.5159,44.2876],[6.4998,44.2842],[6.4861,44.2883],[6.4778,44.2977],[6.467,44.3011],[6.4645,44.3054],[6.4554,44.3282],[6.4362,44.3505],[6.4328,44.356],[6.4123,44.3668],[6.4319,44.3803],[6.4415,44.3847],[6.4642,44.392],[6.4634,44.405],[6.4555,44.4096],[6.4537,44.4147],[6.4681,44.4275],[6.469,44.4346],[6.4818,44.4433],[6.4816,44.454],[6.4942,44.451],[6.5124,44.45],[6.5196,44.448],[6.5431,44.4481],[6.5624,44.4455],[6.5805,44.4471],[6.5856,44.446],[6.5796,44.4393],[6.5728,44.4407],[6.5574,44.4345],[6.553,44.4302],[6.5444,44.4096],[6.5473,44.4005],[6.5301,44.3646],[6.5329,44.3564],[6.5457,44.3373],[6.5453,44.3233]]]}},{"type":"Feature","properties":{"code":"04178","nom":"Saint-Étienne-les-Orgues","app":9.38,"app_bas":7.34,"app_haut":12,"app_ech":"maille","app_obs":56,"mai":9.43,"mai_bas":7.04,"mai_haut":12.65,"mai_ech":"maille","mai_obs":57},"geometry":{"type":"Polygon","coordinates":[[[5.7552,44.0852],[5.7584,44.0969],[5.7644,44.1101],[5.7675,44.1243],[5.7873,44.1224],[5.7928,44.1239],[5.8127,44.1221],[5.8093,44.1106],[5.8094,44.0917],[5.8067,44.0763],[5.81,44.0645],[5.8041,44.0628],[5.7994,44.0552],[5.8071,44.04],[5.8087,44.0285],[5.801,44.0228],[5.7756,44.0122],[5.7682,44.0054],[5.7505,44.0258],[5.7468,44.0542],[5.7545,44.0634],[5.7598,44.0734],[5.7552,44.0852]]]}},{"type":"Feature","properties":{"code":"04028","nom":"Beynes","app":11.01,"app_bas":8.81,"app_haut":13.75,"app_ech":"maille","app_obs":8,"mai":8.55,"mai_bas":5.79,"mai_haut":12.61,"mai_ech":"epci","mai_obs":1},"geometry":{"type":"Polygon","coordinates":[[[6.1861,43.9683],[6.1912,43.9732],[6.1996,43.9937],[6.212,44.0055],[6.2258,44.0128],[6.2451,44.0157],[6.2672,44.0092],[6.277,44.0082],[6.2849,44.003],[6.2966,43.9905],[6.2977,43.9845],[6.2888,43.9772],[6.2753,43.9718],[6.2609,43.9765],[6.2576,43.9723],[6.2562,43.9602],[6.2592,43.9535],[6.2456,43.944],[6.2397,43.9459],[6.239,43.952],[6.2322,43.9543],[6.2156,43.9558],[6.1861,43.9683]]]}},{"type":"Feature","properties":{"code":"04169","nom":"Rochegiron","app":10.93,"app_bas":8.91,"app_haut":13.39,"app_ech":"maille","app_obs":0,"mai":9.36,"mai_bas":6.98,"mai_haut":12.56,"mai_ech":"maille","mai_obs":3},"geometry":{"type":"Polygon","coordinates":[[[5.6452,44.1486],[5.6577,44.1475],[5.6679,44.1489],[5.6891,44.1444],[5.6864,44.1351],[5.6929,44.118],[5.6886,44.1062],[5.6904,44.1011],[5.6838,44.0873],[5.672,44.0789],[5.6664,44.0676],[5.6561,44.0636],[5.6398,44.0675],[5.64,44.0759],[5.647,44.0829],[5.6481,44.0936],[5.6378,44.1094],[5.6395,44.1286],[5.6474,44.1365],[5.6452,44.1486]]]}},{"type":"Feature","properties":{"code":"04171","nom":"Rougon","app":11.01,"app_bas":8.81,"app_haut":13.75,"app_ech":"maille","app_obs":0,"mai":9.74,"mai_bas":6.84,"mai_haut":13.88,"mai_ech":"maille","mai_obs":0},"geometry":{"type":"Polygon","coordinates":[[[6.3929,43.8347],[6.4012,43.8251],[6.4219,43.8158],[6.4323,43.8138],[6.4387,43.8085],[6.4388,43.7977],[6.434,43.7921],[6.4144,43.7916],[6.413,43.7781],[6.4135,43.7604],[6.3944,43.7463],[6.3835,43.7344],[6.3787,43.7397],[6.3794,43.7594],[6.3814,43.7677],[6.3885,43.7739],[6.3955,43.787],[6.3939,43.79],[6.3799,43.7912],[6.3669,43.7988],[6.3539,43.8042],[6.3466,43.8138],[6.3578,43.8268],[6.345,43.8339],[6.3514,43.8411],[6.3762,43.8269],[6.3878,43.8295],[6.3929,43.8347]]]}},{"type":"Feature","properties":{"code":"04209","nom":"Sisteron","app":9.78,"app_bas":7.65,"app_haut":12.51,"app_ech":"commune","app_obs":1400,"mai":11.58,"mai_bas":8.36,"mai_haut":16.03,"mai_ech":"commune","mai_obs":185},"geometry":{"type":"Polygon","coordinates":[[[5.9231,44.149],[5.9176,44.1517],[5.9,44.1549],[5.901,44.1738],[5.9003,44.1909],[5.9093,44.1905],[5.9147,44.2034],[5.9079,44.2066],[5.895,44.2071],[5.8818,44.211],[5.8738,44.2182],[5.8727,44.2242],[5.8908,44.2275],[5.9063,44.2361],[5.9077,44.2441],[5.9122,44.2495],[5.9218,44.2484],[5.9217,44.2389],[5.9306,44.2317],[5.9489,44.2338],[5.9821,44.2277],[5.9787,44.2243],[5.9765,44.2081],[5.9689,44.1828],[5.9617,44.1809],[5.9545,44.175],[5.9556,44.1613],[5.947,44.162],[5.9342,44.1596],[5.9245,44.1546],[5.9231,44.149]]]}}]}