{"type":"FeatureCollection","features":[{"type":"Feature","properties":{"code":"14107","nom":"Bricqueville","app":9.71,"app_bas":7.83,"app_haut":12.03,"app_ech":"maille","app_obs":0,"mai":8.3,"mai_bas":6.54,"mai_haut":10.55,"mai_ech":"maille","mai_obs":4,"a12":11.82,"a3":7.04},"geometry":{"type":"Polygon","coordinates":[[[-0.9554,49.2725],[-0.9608,49.2725],[-0.9711,49.2804],[-0.9759,49.2811],[-0.9766,49.2856],[-0.965,49.302],[-0.9545,49.3059],[-0.9431,49.3044],[-0.94,49.2878],[-0.943,49.2785],[-0.9554,49.2725]]]}},{"type":"Feature","properties":{"code":"14383","nom":"Louvigny","app":13.97,"app_bas":11.72,"app_haut":16.66,"app_ech":"commune","app_obs":113,"mai":11.42,"mai_bas":9.4,"mai_haut":13.88,"mai_ech":"commune","mai_obs":130,"a12":14.45,"a3":10.49},"geometry":{"type":"Polygon","coordinates":[[[-0.4222,49.1603],[-0.4038,49.1655],[-0.3943,49.1664],[-0.3851,49.1628],[-0.3736,49.1632],[-0.3676,49.1665],[-0.3765,49.151],[-0.391,49.1542],[-0.3983,49.1501],[-0.4003,49.1375],[-0.4153,49.1432],[-0.4111,49.1519],[-0.4222,49.1603]]]}},{"type":"Feature","properties":{"code":"14009","nom":"Amfreville","app":13.14,"app_bas":10.8,"app_haut":15.99,"app_ech":"maille","app_obs":4,"mai":11.36,"mai_bas":9.28,"mai_haut":13.9,"mai_ech":"maille","mai_obs":34,"a12":14.99,"a3":11.26},"geometry":{"type":"Polygon","coordinates":[[[-0.2474,49.263],[-0.2245,49.2554],[-0.2116,49.2478],[-0.2329,49.2385],[-0.2504,49.2419],[-0.2696,49.2489],[-0.2642,49.2547],[-0.2474,49.263]]]}},{"type":"Feature","properties":{"code":"14044","nom":"Basly","app":13.51,"app_bas":11.73,"app_haut":15.57,"app_ech":"maille","app_obs":8,"mai":11.36,"mai_bas":8.92,"mai_haut":14.45,"mai_ech":"maille","mai_obs":23,"a12":14.99,"a3":11.16},"geometry":{"type":"Polygon","coordinates":[[[-0.4434,49.2718],[-0.4276,49.284],[-0.4121,49.2907],[-0.4094,49.2827],[-0.4124,49.2737],[-0.4157,49.2694],[-0.4421,49.2661],[-0.45,49.2663],[-0.4434,49.2718]]]}},{"type":"Feature","properties":{"code":"14057","nom":"Bellengreville","app":13.32,"app_bas":11.22,"app_haut":15.81,"app_ech":"maille","app_obs":27,"mai":10.86,"mai_bas":8.81,"mai_haut":13.38,"mai_ech":"maille","mai_obs":56,"a12":13.03,"a3":11},"geometry":{"type":"Polygon","coordinates":[[[-0.2755,49.1031],[-0.2628,49.1176],[-0.2502,49.1203],[-0.2375,49.1268],[-0.2246,49.1368],[-0.2108,49.1394],[-0.1935,49.1391],[-0.2055,49.1232],[-0.2044,49.1171],[-0.2169,49.118],[-0.2362,49.1135],[-0.2431,49.1053],[-0.2531,49.1003],[-0.2687,49.104],[-0.2755,49.1031]]]}},{"type":"Feature","properties":{"code":"14281","nom":"Formigny","app":10.77,"app_bas":8.37,"app_haut":13.86,"app_ech":"maille","app_obs":15,"mai":8.3,"mai_bas":6.54,"mai_haut":10.55,"mai_ech":"maille","mai_obs":5,"a12":13.26,"a3":9.02},"geometry":{"type":"Polygon","coordinates":[[[-0.928,49.3549],[-0.9141,49.3546],[-0.8929,49.3512],[-0.8679,49.3439],[-0.8683,49.3404],[-0.8761,49.3405],[-0.8813,49.3272],[-0.8702,49.3195],[-0.8888,49.316],[-0.905,49.3181],[-0.9064,49.3377],[-0.9226,49.3409],[-0.928,49.3549]]]}},{"type":"Feature","properties":{"code":"14371","nom":"Livarot-Pays-d'Auge","app":10.08,"app_bas":7.2,"app_haut":14.13,"app_ech":"commune","app_obs":343,"mai":9.34,"mai_bas":7.18,"mai_haut":12.15,"mai_ech":"commune","mai_obs":261,"a12":12.12,"a3":8.09},"geometry":{"type":"Polygon","coordinates":[[[0.3823,48.9771],[0.3774,48.9726],[0.3684,48.9592],[0.3543,48.9487],[0.3332,48.9428],[0.3216,48.9461],[0.3095,48.9539],[0.2896,48.9488],[0.2827,48.9489],[0.2756,48.9647],[0.2631,48.9647],[0.2444,48.9586],[0.2248,48.9663],[0.2151,48.9751],[0.1955,48.9723],[0.1781,48.9727],[0.1722,48.9813],[0.1766,48.9889],[0.1532,48.9817],[0.1385,48.9655],[0.1311,48.9601],[0.1276,48.9522],[0.1253,48.9499],[0.0949,48.9358],[0.0807,48.938],[0.0639,48.9344],[0.068,48.9418],[0.083,48.9409],[0.0916,48.9541],[0.0919,48.9587],[0.1037,48.974],[0.1114,48.9866],[0.1077,48.9885],[0.1185,49.0145],[0.1023,49.0245],[0.1146,49.0327],[0.1146,49.0421],[0.122,49.0472],[0.1176,49.0534],[0.1306,49.0504],[0.1403,49.0597],[0.1549,49.0701],[0.1745,49.0547],[0.1897,49.0599],[0.2084,49.0585],[0.2165,49.0642],[0.2447,49.0699],[0.2562,49.0592],[0.2769,49.0558],[0.293,49.0613],[0.2903,49.0518],[0.2915,49.0443],[0.3077,49.0271],[0.3119,49.0177],[0.3101,49.0061],[0.3224,49.0009],[0.335,49.0063],[0.3527,49.0067],[0.3536,48.9996],[0.3636,49.0022],[0.3716,49.0013],[0.3711,48.9897],[0.3648,48.9859],[0.3697,48.9806],[0.3823,48.9771]]]}},{"type":"Feature","properties":{"code":"14646","nom":"Saint-Pierre-Canivet","app":8.26,"app_bas":6.51,"app_haut":10.48,"app_ech":"maille","app_obs":56,"mai":8.15,"mai_bas":6.33,"mai_haut":10.51,"mai_ech":"maille","mai_obs":13,"a12":13.03,"a3":8.19},"geometry":{"type":"Polygon","coordinates":[[[-0.2655,48.9105],[-0.2614,48.9169],[-0.2465,48.9253],[-0.2309,48.9272],[-0.227,48.9317],[-0.197,48.9351],[-0.1859,48.9379],[-0.1812,48.9328],[-0.1951,48.9295],[-0.2153,48.9264],[-0.2267,48.9185],[-0.2261,48.9128],[-0.2377,48.9044],[-0.2576,48.9103],[-0.2655,48.9105]]]}},{"type":"Feature","properties":{"code":"14055","nom":"Beaumont-en-Auge","app":14.1,"app_bas":11.08,"app_haut":17.94,"app_ech":"maille","app_obs":9,"mai":12.28,"mai_bas":9.18,"mai_haut":16.43,"mai_ech":"maille","mai_obs":12,"a12":16.43,"a3":9.73},"geometry":{"type":"Polygon","coordinates":[[[0.1309,49.2751],[0.1407,49.2646],[0.1262,49.2587],[0.1126,49.2575],[0.1066,49.2617],[0.0967,49.2536],[0.0874,49.249],[0.084,49.2514],[0.0897,49.2627],[0.0881,49.2788],[0.0959,49.2775],[0.1164,49.2812],[0.1254,49.2806],[0.1309,49.2751]]]}},{"type":"Feature","properties":{"code":"14070","nom":"Beuvron-en-Auge","app":11.04,"app_bas":9.46,"app_haut":12.9,"app_ech":"maille","app_obs":1,"mai":8.94,"mai_bas":7.09,"mai_haut":11.29,"mai_ech":"maille","mai_obs":24,"a12":14.89,"a3":10.13},"geometry":{"type":"Polygon","coordinates":[[[-0.0098,49.2011],[-0.0142,49.1893],[-0.0243,49.1863],[-0.0488,49.1826],[-0.0613,49.1832],[-0.084,49.2008],[-0.0838,49.2024],[-0.0521,49.2026],[-0.0409,49.2091],[-0.0354,49.2101],[-0.0189,49.2074],[-0.0098,49.2011]]]}},{"type":"Feature","properties":{"code":"14422","nom":"Mesnil-Mauger","app":null,"app_bas":null,"app_haut":null,"app_ech":null,"app_obs":0,"mai":null,"mai_bas":null,"mai_haut":null,"mai_ech":null,"mai_obs":0,"a12":null,"a3":null},"geometry":{"type":"Polygon","coordinates":[[[0.0165,49.1016],[0.0248,49.0963],[0.0497,49.0996],[0.0698,49.0925],[0.0602,49.083],[0.0534,49.0795],[0.0559,49.0728],[0.053,49.0684],[0.0421,49.0694],[0.0389,49.0663],[0.0364,49.0543],[0.0173,49.0446],[-0.0114,49.0453],[-0.0013,49.0556],[-0.0116,49.0694],[-0.0278,49.0671],[-0.0322,49.0641],[-0.0511,49.0747],[-0.0396,49.0845],[-0.032,49.0929],[-0.0109,49.0953],[0.0016,49.0995],[0.0165,49.1016]]]}},{"type":"Feature","properties":{"code":"14528","nom":"Quetteville","app":13.39,"app_bas":10,"app_haut":17.92,"app_ech":"maille","app_obs":0,"mai":10.58,"mai_bas":8.42,"mai_haut":13.3,"mai_ech":"maille","mai_obs":10,"a12":14.73,"a3":10.62},"geometry":{"type":"Polygon","coordinates":[[[0.2756,49.3387],[0.2846,49.3474],[0.3017,49.3713],[0.308,49.3581],[0.3234,49.3406],[0.3121,49.3223],[0.3071,49.3188],[0.2796,49.332],[0.2756,49.3387]]]}},{"type":"Feature","properties":{"code":"14534","nom":"Reux","app":13.39,"app_bas":10,"app_haut":17.92,"app_ech":"maille","app_obs":12,"mai":13.09,"mai_bas":9.57,"mai_haut":17.91,"mai_ech":"maille","mai_obs":21,"a12":15.64,"a3":13.7},"geometry":{"type":"Polygon","coordinates":[[[0.1309,49.2751],[0.1442,49.2811],[0.1577,49.3002],[0.1693,49.2955],[0.1729,49.2908],[0.1648,49.2723],[0.155,49.2618],[0.1538,49.2513],[0.1409,49.2579],[0.1407,49.2646],[0.1309,49.2751]]]}},{"type":"Feature","properties":{"code":"14705","nom":"Tournières","app":9.51,"app_bas":7.29,"app_haut":12.41,"app_ech":"maille","app_obs":0,"mai":10.73,"mai_bas":8.31,"mai_haut":13.85,"mai_ech":"maille","mai_obs":1,"a12":13.26,"a3":7.47},"geometry":{"type":"Polygon","coordinates":[[[-0.9293,49.2381],[-0.9207,49.2308],[-0.9269,49.231],[-0.9326,49.2177],[-0.9448,49.2206],[-0.95,49.2273],[-0.9427,49.2414],[-0.9334,49.2424],[-0.9293,49.2381]]]}},{"type":"Feature","properties":{"code":"14020","nom":"Argences","app":11.31,"app_bas":9.24,"app_haut":13.86,"app_ech":"commune","app_obs":253,"mai":10.26,"mai_bas":8.34,"mai_haut":12.63,"mai_ech":"commune","mai_obs":204,"a12":13.19,"a3":9.49},"geometry":{"type":"Polygon","coordinates":[[[-0.1896,49.1206],[-0.182,49.134],[-0.1665,49.1515],[-0.1598,49.1468],[-0.1493,49.145],[-0.1397,49.1486],[-0.1265,49.1447],[-0.1327,49.1307],[-0.1596,49.1212],[-0.1748,49.118],[-0.1896,49.1206]]]}},{"type":"Feature","properties":{"code":"14063","nom":"Bernesq","app":9.71,"app_bas":7.83,"app_haut":12.03,"app_ech":"maille","app_obs":1,"mai":10.73,"mai_bas":8.31,"mai_haut":13.85,"mai_ech":"maille","mai_obs":11,"a12":11.82,"a3":7.04},"geometry":{"type":"Polygon","coordinates":[[[-0.9554,49.2725],[-0.943,49.2785],[-0.94,49.2878],[-0.938,49.2829],[-0.9187,49.2809],[-0.9119,49.2845],[-0.905,49.2797],[-0.9061,49.2695],[-0.9265,49.2689],[-0.9372,49.2631],[-0.9496,49.2598],[-0.9532,49.262],[-0.9502,49.2718],[-0.9554,49.2725]]]}},{"type":"Feature","properties":{"code":"14659","nom":"Saint-Sylvain","app":10.89,"app_bas":8.89,"app_haut":13.35,"app_ech":"maille","app_obs":44,"mai":9.19,"mai_bas":7.45,"mai_haut":11.33,"mai_ech":"maille","mai_obs":91,"a12":13.03,"a3":9.49},"geometry":{"type":"Polygon","coordinates":[[[-0.2468,49.0685],[-0.2308,49.0725],[-0.2286,49.0694],[-0.206,49.0704],[-0.2007,49.0597],[-0.1885,49.0528],[-0.175,49.0424],[-0.1903,49.0326],[-0.2118,49.0381],[-0.2284,49.0402],[-0.2292,49.0475],[-0.2459,49.0521],[-0.2533,49.0596],[-0.2468,49.0685]]]}},{"type":"Feature","properties":{"code":"14013","nom":"Angoville","app":null,"app_bas":null,"app_haut":null,"app_ech":null,"app_obs":0,"mai":null,"mai_bas":null,"mai_haut":null,"mai_ech":null,"mai_obs":0,"a12":null,"a3":null},"geometry":{"type":"Polygon","coordinates":[[[-0.3878,48.9333],[-0.3767,48.9576],[-0.3673,48.9578],[-0.3628,48.9446],[-0.3583,48.9387],[-0.3897,48.9294],[-0.3878,48.9333]]]}},{"type":"Feature","properties":{"code":"14128","nom":"Campandré-Valcongrain","app":null,"app_bas":null,"app_haut":null,"app_ech":null,"app_obs":0,"mai":null,"mai_bas":null,"mai_haut":null,"mai_ech":null,"mai_obs":0,"a12":null,"a3":null},"geometry":{"type":"Polygon","coordinates":[[[-0.597,48.9784],[-0.5973,48.984],[-0.6052,48.9897],[-0.598,48.9959],[-0.5781,48.9963],[-0.5775,48.9915],[-0.5666,48.9906],[-0.5703,48.9766],[-0.5829,48.9702],[-0.5844,48.9641],[-0.5901,48.9597],[-0.6017,48.9626],[-0.5934,48.973],[-0.597,48.9784]]]}},{"type":"Feature","properties":{"code":"14141","nom":"Castillon-en-Auge","app":8.26,"app_bas":6.51,"app_haut":10.48,"app_ech":"maille","app_obs":0,"mai":9.98,"mai_bas":7.68,"mai_haut":12.98,"mai_ech":"maille","mai_obs":2,"a12":11.58,"a3":8.42},"geometry":{"type":"Polygon","coordinates":[[[0.0907,49.0487],[0.1089,49.0464],[0.1146,49.0421],[0.1146,49.0327],[0.1023,49.0245],[0.0932,49.0231],[0.0759,49.0239],[0.0673,49.0282],[0.0736,49.0317],[0.0758,49.041],[0.083,49.0486],[0.0907,49.0487]]]}},{"type":"Feature","properties":{"code":"14161","nom":"Clarbec","app":13.39,"app_bas":10,"app_haut":17.92,"app_ech":"maille","app_obs":0,"mai":13.09,"mai_bas":9.57,"mai_haut":17.91,"mai_ech":"maille","mai_obs":17,"a12":15.64,"a3":9.73},"geometry":{"type":"Polygon","coordinates":[[[0.1112,49.2402],[0.1167,49.2515],[0.1126,49.2575],[0.1262,49.2587],[0.1407,49.2646],[0.1409,49.2579],[0.1538,49.2513],[0.1492,49.2314],[0.1447,49.2219],[0.136,49.216],[0.1181,49.2236],[0.1291,49.2383],[0.126,49.2441],[0.1112,49.2402]]]}},{"type":"Feature","properties":{"code":"14205","nom":"Cristot","app":10.97,"app_bas":9.06,"app_haut":13.28,"app_ech":"maille","app_obs":0,"mai":9.5,"mai_bas":7.75,"mai_haut":11.65,"mai_ech":"maille","mai_obs":1,"a12":15.5,"a3":10.33},"geometry":{"type":"Polygon","coordinates":[[[-0.5566,49.186],[-0.595,49.1895],[-0.5812,49.201],[-0.5716,49.1998],[-0.5709,49.2059],[-0.5641,49.2043],[-0.553,49.1971],[-0.5566,49.186]]]}},{"type":"Feature","properties":{"code":"14616","nom":"Sainte-Marguerite-de-Viette","app":null,"app_bas":null,"app_haut":null,"app_ech":null,"app_obs":0,"mai":null,"mai_bas":null,"mai_haut":null,"mai_ech":null,"mai_obs":0,"a12":null,"a3":null},"geometry":{"type":"Polygon","coordinates":[[[0.1157,49.0067],[0.0588,48.9997],[0.0654,49.0088],[0.0573,49.0112],[0.0662,49.0147],[0.0759,49.0239],[0.0932,49.0231],[0.1023,49.0245],[0.1185,49.0145],[0.1157,49.0067]]]}},{"type":"Feature","properties":{"code":"14737","nom":"Versainville","app":10.53,"app_bas":8.39,"app_haut":13.23,"app_ech":"maille","app_obs":2,"mai":8.14,"mai_bas":6.46,"mai_haut":10.26,"mai_ech":"maille","mai_obs":34,"a12":13.03,"a3":9.49},"geometry":{"type":"Polygon","coordinates":[[[-0.1812,48.9328],[-0.15,48.9283],[-0.1478,48.9124],[-0.1662,48.9099],[-0.1796,48.9051],[-0.1865,48.9073],[-0.1951,48.9295],[-0.1812,48.9328]]]}},{"type":"Feature","properties":{"code":"14755","nom":"Villerville","app":13.39,"app_bas":10,"app_haut":17.92,"app_ech":"maille","app_obs":38,"mai":12.58,"mai_bas":8.71,"mai_haut":18.18,"mai_ech":"maille","mai_obs":12,"a12":14.73,"a3":13.7},"geometry":{"type":"Polygon","coordinates":[[[0.1054,49.3899],[0.1104,49.3943],[0.1323,49.4036],[0.1369,49.3934],[0.1252,49.3812],[0.1273,49.3769],[0.112,49.3838],[0.1054,49.3899]]]}},{"type":"Feature","properties":{"code":"14089","nom":"Bougy","app":10.97,"app_bas":9.06,"app_haut":13.28,"app_ech":"maille","app_obs":2,"mai":10.69,"mai_bas":8.8,"mai_haut":12.99,"mai_ech":"maille","mai_obs":11,"a12":14.45,"a3":10.33},"geometry":{"type":"Polygon","coordinates":[[[-0.5196,49.1015],[-0.5389,49.1042],[-0.538,49.1097],[-0.525,49.119],[-0.5108,49.1093],[-0.5017,49.1091],[-0.5196,49.1015]]]}},{"type":"Feature","properties":{"code":"14125","nom":"Cambes-en-Plaine","app":12.42,"app_bas":10.6,"app_haut":14.55,"app_ech":"maille","app_obs":75,"mai":10.7,"mai_bas":8.67,"mai_haut":13.21,"mai_ech":"maille","mai_obs":80,"a12":14.99,"a3":11.16},"geometry":{"type":"Polygon","coordinates":[[[-0.3688,49.2261],[-0.3761,49.2189],[-0.3944,49.2296],[-0.3954,49.2385],[-0.3864,49.2411],[-0.3702,49.2334],[-0.3688,49.2261]]]}},{"type":"Feature","properties":{"code":"14337","nom":"Houblonnière","app":10.8,"app_bas":8.79,"app_haut":13.25,"app_ech":"maille","app_obs":1,"mai":8.94,"mai_bas":7.09,"mai_haut":11.29,"mai_ech":"maille","mai_obs":10,"a12":14.89,"a3":9.65},"geometry":{"type":"Polygon","coordinates":[[[0.1147,49.1112],[0.0982,49.1139],[0.0712,49.1158],[0.0653,49.1185],[0.0839,49.1245],[0.0935,49.1294],[0.1026,49.1384],[0.1193,49.1373],[0.1234,49.1248],[0.1204,49.1164],[0.1147,49.1112]]]}},{"type":"Feature","properties":{"code":"14375","nom":"Loges-Saulces","app":9.38,"app_bas":7.49,"app_haut":11.74,"app_ech":"maille","app_obs":0,"mai":8.15,"mai_bas":6.33,"mai_haut":10.51,"mai_ech":"maille","mai_obs":6,"a12":12.47,"a3":7.15},"geometry":{"type":"Polygon","coordinates":[[[-0.2833,48.8524],[-0.2986,48.8492],[-0.3059,48.8583],[-0.3285,48.8576],[-0.3247,48.8679],[-0.3096,48.8784],[-0.2969,48.8812],[-0.2873,48.8735],[-0.2833,48.8524]]]}},{"type":"Feature","properties":{"code":"14203","nom":"Cricqueville-en-Auge","app":16.2,"app_bas":12.81,"app_haut":20.47,"app_ech":"maille","app_obs":0,"mai":11.36,"mai_bas":9.28,"mai_haut":13.9,"mai_ech":"maille","mai_obs":15,"a12":15.47,"a3":10.13},"geometry":{"type":"Polygon","coordinates":[[[-0.0765,49.2523],[-0.0715,49.2508],[-0.0611,49.2499],[-0.055,49.2398],[-0.0554,49.2277],[-0.0784,49.2222],[-0.0873,49.2288],[-0.0942,49.2302],[-0.0856,49.2476],[-0.0765,49.2523]]]}},{"type":"Feature","properties":{"code":"14577","nom":"Saint-Gabriel-Brécy","app":null,"app_bas":null,"app_haut":null,"app_ech":null,"app_obs":0,"mai":null,"mai_bas":null,"mai_haut":null,"mai_ech":null,"mai_obs":0,"a12":null,"a3":null},"geometry":{"type":"Polygon","coordinates":[[[-0.547,49.2578],[-0.554,49.2623],[-0.5693,49.2578],[-0.5918,49.2684],[-0.6059,49.2772],[-0.5807,49.2817],[-0.5708,49.2798],[-0.5578,49.2835],[-0.5505,49.2825],[-0.5521,49.2669],[-0.5463,49.2644],[-0.543,49.261],[-0.547,49.2578]]]}},{"type":"Feature","properties":{"code":"14623","nom":"Saint-Martin-de-Fontenay","app":null,"app_bas":null,"app_haut":null,"app_ech":null,"app_obs":0,"mai":null,"mai_bas":null,"mai_haut":null,"mai_ech":null,"mai_obs":0,"a12":null,"a3":null},"geometry":{"type":"Polygon","coordinates":[[[-0.377,49.1301],[-0.3662,49.1309],[-0.3471,49.1275],[-0.3279,49.1266],[-0.3246,49.1207],[-0.3285,49.1146],[-0.3244,49.1063],[-0.3305,49.0993],[-0.3642,49.1016],[-0.3777,49.1058],[-0.3794,49.1151],[-0.3725,49.1198],[-0.377,49.1301]]]}},{"type":"Feature","properties":{"code":"14751","nom":"Vignats","app":9.23,"app_bas":6.57,"app_haut":12.98,"app_ech":"maille","app_obs":0,"mai":7.02,"mai_bas":5.5,"mai_haut":8.97,"mai_ech":"maille","mai_obs":4,"a12":9.63,"a3":8.19},"geometry":{"type":"Polygon","coordinates":[[[-0.1248,48.8474],[-0.1281,48.8531],[-0.1259,48.8584],[-0.1156,48.8682],[-0.1068,48.8732],[-0.0871,48.8662],[-0.0962,48.8553],[-0.0763,48.8527],[-0.0758,48.8459],[-0.0696,48.8427],[-0.075,48.8407],[-0.0851,48.8447],[-0.1067,48.8396],[-0.1248,48.8474]]]}},{"type":"Feature","properties":{"code":"14151","nom":"Champ-du-Boult","app":null,"app_bas":null,"app_haut":null,"app_ech":null,"app_obs":0,"mai":null,"mai_bas":null,"mai_haut":null,"mai_ech":null,"mai_obs":0,"a12":null,"a3":null},"geometry":{"type":"Polygon","coordinates":[[[-1.0266,48.8005],[-1.0206,48.8031],[-1.0027,48.8021],[-1.0013,48.8063],[-0.9921,48.8074],[-0.9877,48.8053],[-0.9748,48.8119],[-0.9675,48.8084],[-0.9741,48.8046],[-0.9764,48.7969],[-0.9726,48.7888],[-0.9671,48.7861],[-0.9707,48.7811],[-0.971,48.7728],[-0.9861,48.7778],[-0.9942,48.7771],[-1.0102,48.774],[-1.0239,48.776],[-1.0374,48.7828],[-1.0266,48.8005]]]}},{"type":"Feature","properties":{"code":"14559","nom":"Saint-Aubin-des-Bois","app":8.47,"app_bas":6.64,"app_haut":10.82,"app_ech":"maille","app_obs":0,"mai":6.59,"mai_bas":5.13,"mai_haut":8.46,"mai_ech":"maille","mai_obs":27,"a12":11.27,"a3":6.93},"geometry":{"type":"Polygon","coordinates":[[[-1.1212,48.8482],[-1.113,48.8429],[-1.1093,48.8352],[-1.1113,48.8238],[-1.1286,48.8171],[-1.1305,48.82],[-1.1536,48.8222],[-1.1595,48.8262],[-1.1571,48.8364],[-1.1495,48.8346],[-1.1417,48.8376],[-1.1326,48.8488],[-1.1212,48.8482]]]}},{"type":"Feature","properties":{"code":"14569","nom":"Sainte-Croix-sur-Mer","app":12.57,"app_bas":10.15,"app_haut":15.55,"app_ech":"maille","app_obs":0,"mai":11.36,"mai_bas":8.92,"mai_haut":14.45,"mai_ech":"maille","mai_obs":1,"a12":15.5,"a3":11.04},"geometry":{"type":"Polygon","coordinates":[[[-0.5136,49.324],[-0.4938,49.3162],[-0.5123,49.3089],[-0.5198,49.3085],[-0.5234,49.3093],[-0.5171,49.3207],[-0.5136,49.324]]]}},{"type":"Feature","properties":{"code":"14675","nom":"Soliers","app":13.32,"app_bas":11.22,"app_haut":15.81,"app_ech":"maille","app_obs":11,"mai":9.19,"mai_bas":7.45,"mai_haut":11.33,"mai_ech":"maille","mai_obs":47,"a12":14.57,"a3":11},"geometry":{"type":"Polygon","coordinates":[[[-0.303,49.1316],[-0.3126,49.1355],[-0.3132,49.1432],[-0.3009,49.1397],[-0.2715,49.1372],[-0.2651,49.131],[-0.2678,49.1198],[-0.306,49.1245],[-0.303,49.1316]]]}},{"type":"Feature","properties":{"code":"14680","nom":"Sully","app":11.76,"app_bas":9.39,"app_haut":14.72,"app_ech":"maille","app_obs":7,"mai":10.73,"mai_bas":8.31,"mai_haut":13.85,"mai_ech":"maille","mai_obs":2,"a12":13.26,"a3":10.49},"geometry":{"type":"Polygon","coordinates":[[[-0.7289,49.3085],[-0.7232,49.3015],[-0.7214,49.2932],[-0.7571,49.294],[-0.7624,49.2968],[-0.7577,49.3047],[-0.7448,49.3091],[-0.7289,49.3085]]]}},{"type":"Feature","properties":{"code":"14731","nom":"Vauville","app":14.43,"app_bas":10.3,"app_haut":20.21,"app_ech":"maille","app_obs":1,"mai":12.28,"mai_bas":9.18,"mai_haut":16.43,"mai_ech":"maille","mai_obs":9,"a12":16.43,"a3":11.45},"geometry":{"type":"Polygon","coordinates":[[[0.0549,49.2923],[0.0603,49.3001],[0.0474,49.3064],[0.049,49.3083],[0.0445,49.3253],[0.046,49.3269],[0.0605,49.3274],[0.0696,49.3088],[0.0725,49.2969],[0.0779,49.2912],[0.0549,49.2923]]]}},{"type":"Feature","properties":{"code":"14062","nom":"Bény-sur-Mer","app":12.57,"app_bas":10.15,"app_haut":15.55,"app_ech":"maille","app_obs":7,"mai":11.36,"mai_bas":8.92,"mai_haut":14.45,"mai_ech":"maille","mai_obs":11,"a12":15.5,"a3":11.04},"geometry":{"type":"Polygon","coordinates":[[[-0.4434,49.2718],[-0.4485,49.2759],[-0.4526,49.2913],[-0.4578,49.2932],[-0.4467,49.3023],[-0.4249,49.3042],[-0.4119,49.2964],[-0.4121,49.2907],[-0.4276,49.284],[-0.4434,49.2718]]]}},{"type":"Feature","properties":{"code":"14229","nom":"Dozulé","app":11.04,"app_bas":9.46,"app_haut":12.9,"app_ech":"maille","app_obs":92,"mai":12.28,"mai_bas":9.18,"mai_haut":16.43,"mai_ech":"maille","mai_obs":91,"a12":14.17,"a3":11.77},"geometry":{"type":"Polygon","coordinates":[[[-0.0481,49.248],[-0.0416,49.2389],[-0.0324,49.2367],[-0.0329,49.2243],[-0.0354,49.2101],[-0.0409,49.2091],[-0.0487,49.2132],[-0.0497,49.2204],[-0.0554,49.2277],[-0.055,49.2398],[-0.0611,49.2499],[-0.0481,49.248]]]}},{"type":"Feature","properties":{"code":"14487","nom":"Ouilly-le-Vicomte","app":10.8,"app_bas":8.79,"app_haut":13.25,"app_ech":"maille","app_obs":1,"mai":10.71,"mai_bas":8.13,"mai_haut":14.11,"mai_ech":"maille","mai_obs":21,"a12":14.89,"a3":9.65},"geometry":{"type":"Polygon","coordinates":[[[0.2068,49.1632],[0.2006,49.163],[0.1902,49.168],[0.1837,49.1789],[0.1895,49.1794],[0.2087,49.1867],[0.219,49.1932],[0.2318,49.1933],[0.2342,49.1858],[0.2408,49.1843],[0.235,49.177],[0.2348,49.1662],[0.2237,49.1703],[0.2139,49.1702],[0.2068,49.1632]]]}},{"type":"Feature","properties":{"code":"14531","nom":"Rapilly","app":9.38,"app_bas":7.49,"app_haut":11.74,"app_ech":"maille","app_obs":0,"mai":8.15,"mai_bas":6.33,"mai_haut":10.51,"mai_ech":"maille","mai_obs":2,"a12":10.54,"a3":7.15},"geometry":{"type":"Polygon","coordinates":[[[-0.3643,48.8571],[-0.35,48.8603],[-0.3408,48.8697],[-0.3251,48.8673],[-0.3285,48.8576],[-0.3358,48.8463],[-0.3601,48.8508],[-0.3658,48.8487],[-0.3643,48.8571]]]}},{"type":"Feature","properties":{"code":"14699","nom":"Touques","app":13.85,"app_bas":11.37,"app_haut":16.87,"app_ech":"commune","app_obs":513,"mai":11.75,"mai_bas":8.94,"mai_haut":15.45,"mai_ech":"commune","mai_obs":102,"a12":16.55,"a3":14.22},"geometry":{"type":"Polygon","coordinates":[[[0.0856,49.3474],[0.0912,49.3552],[0.1287,49.375],[0.1312,49.3746],[0.1327,49.3673],[0.1281,49.3536],[0.1322,49.3448],[0.1027,49.3388],[0.0856,49.3474]]]}},{"type":"Feature","properties":{"code":"14084","nom":"Bonnemaison","app":8.6,"app_bas":7.04,"app_haut":10.5,"app_ech":"maille","app_obs":0,"mai":7.72,"mai_bas":6.01,"mai_haut":9.92,"mai_ech":"maille","mai_obs":5,"a12":9.97,"a3":9.49},"geometry":{"type":"Polygon","coordinates":[[[-0.5615,49.0157],[-0.5552,49.0118],[-0.5647,49.005],[-0.5557,48.9935],[-0.5666,48.9906],[-0.5775,48.9915],[-0.5781,48.9963],[-0.598,48.9959],[-0.6052,48.9897],[-0.6166,48.9927],[-0.6059,49.0122],[-0.5835,49.0158],[-0.5615,49.0157]]]}},{"type":"Feature","properties":{"code":"14256","nom":"Étréham","app":11.76,"app_bas":9.39,"app_haut":14.72,"app_ech":"maille","app_obs":0,"mai":9.66,"mai_bas":7.14,"mai_haut":13.07,"mai_ech":"maille","mai_obs":8,"a12":13.84,"a3":10.49},"geometry":{"type":"Polygon","coordinates":[[[-0.778,49.3127],[-0.795,49.3101],[-0.8077,49.3134],[-0.8073,49.3236],[-0.801,49.3359],[-0.7932,49.335],[-0.7844,49.3241],[-0.779,49.3245],[-0.778,49.3127]]]}},{"type":"Feature","properties":{"code":"14398","nom":"Manerbe","app":13.39,"app_bas":10,"app_haut":17.92,"app_ech":"maille","app_obs":1,"mai":13.09,"mai_bas":9.57,"mai_haut":17.91,"mai_ech":"maille","mai_obs":12,"a12":14.89,"a3":9.73},"geometry":{"type":"Polygon","coordinates":[[[0.0919,49.1705],[0.1189,49.1803],[0.123,49.187],[0.1348,49.1881],[0.1514,49.1926],[0.1578,49.1967],[0.1517,49.2076],[0.1614,49.2058],[0.1785,49.1976],[0.1895,49.1794],[0.1837,49.1789],[0.1733,49.1697],[0.1621,49.1717],[0.1326,49.16],[0.1263,49.1507],[0.115,49.1595],[0.0962,49.1633],[0.0919,49.1705]]]}},{"type":"Feature","properties":{"code":"14465","nom":"Nonant","app":11.66,"app_bas":9.79,"app_haut":13.88,"app_ech":"maille","app_obs":1,"mai":10.36,"mai_bas":8.31,"mai_haut":12.91,"mai_ech":"maille","mai_obs":2,"a12":15.5,"a3":10.33},"geometry":{"type":"Polygon","coordinates":[[[-0.6477,49.2567],[-0.6334,49.2516],[-0.6366,49.2407],[-0.6276,49.2306],[-0.6408,49.2275],[-0.659,49.219],[-0.6687,49.242],[-0.6671,49.244],[-0.6497,49.2422],[-0.6477,49.2567]]]}},{"type":"Feature","properties":{"code":"14649","nom":"Saint-Pierre-du-Bû","app":10.53,"app_bas":8.39,"app_haut":13.23,"app_ech":"maille","app_obs":0,"mai":8.14,"mai_bas":6.46,"mai_haut":10.26,"mai_ech":"maille","mai_obs":19,"a12":12.47,"a3":7.15},"geometry":{"type":"Polygon","coordinates":[[[-0.2298,48.8653],[-0.2193,48.8748],[-0.2074,48.8821],[-0.1953,48.8795],[-0.1917,48.8743],[-0.1925,48.8697],[-0.1831,48.8589],[-0.194,48.8449],[-0.2049,48.8493],[-0.204,48.8531],[-0.2298,48.8653]]]}},{"type":"Feature","properties":{"code":"14708","nom":"Tracy-Bocage","app":11.8,"app_bas":9.98,"app_haut":13.96,"app_ech":"maille","app_obs":3,"mai":7.72,"mai_bas":6.01,"mai_haut":9.92,"mai_ech":"maille","mai_obs":7,"a12":13.26,"a3":8.08},"geometry":{"type":"Polygon","coordinates":[[[-0.6925,49.082],[-0.6747,49.0878],[-0.6707,49.0871],[-0.6716,49.0846],[-0.6709,49.0734],[-0.6879,49.0659],[-0.6954,49.0596],[-0.7109,49.0654],[-0.7118,49.0667],[-0.7069,49.0731],[-0.6925,49.082]]]}},{"type":"Feature","properties":{"code":"14742","nom":"Vicques","app":8.26,"app_bas":6.51,"app_haut":10.48,"app_ech":"maille","app_obs":0,"mai":9.98,"mai_bas":7.68,"mai_haut":12.98,"mai_ech":"maille","mai_obs":0,"a12":10.54,"a3":8.19},"geometry":{"type":"Polygon","coordinates":[[[-0.0875,48.9623],[-0.0707,48.9635],[-0.0674,48.9595],[-0.0632,48.9443],[-0.0811,48.9424],[-0.0817,48.9524],[-0.0875,48.9623]]]}},{"type":"Feature","properties":{"code":"14024","nom":"Auberville","app":16.2,"app_bas":12.81,"app_haut":20.47,"app_ech":"maille","app_obs":0,"mai":12.28,"mai_bas":9.18,"mai_haut":16.43,"mai_ech":"maille","mai_obs":11,"a12":16.43,"a3":11.77},"geometry":{"type":"Polygon","coordinates":[[[-0.0135,49.3211],[-0.0226,49.2995],[-0.0369,49.3063],[-0.0415,49.3139],[-0.0135,49.3211]]]}},{"type":"Feature","properties":{"code":"14121","nom":"Cahagnolles","app":9.51,"app_bas":7.29,"app_haut":12.41,"app_ech":"maille","app_obs":5,"mai":7.72,"mai_bas":6.17,"mai_haut":9.65,"mai_ech":"maille","mai_obs":6,"a12":13.26,"a3":10.49},"geometry":{"type":"Polygon","coordinates":[[[-0.7939,49.1783],[-0.7827,49.1787],[-0.7774,49.1732],[-0.7564,49.168],[-0.7528,49.1582],[-0.7585,49.1501],[-0.7697,49.1484],[-0.7749,49.153],[-0.7848,49.1513],[-0.7946,49.1551],[-0.7946,49.1631],[-0.8,49.1651],[-0.7939,49.1783]]]}},{"type":"Feature","properties":{"code":"14261","nom":"Faulq","app":10.46,"app_bas":8.16,"app_haut":13.41,"app_ech":"maille","app_obs":1,"mai":9.6,"mai_bas":7.31,"mai_haut":12.6,"mai_ech":"maille","mai_obs":6,"a12":14.89,"a3":10.62},"geometry":{"type":"Polygon","coordinates":[[[0.3052,49.2311],[0.3047,49.2476],[0.3114,49.2532],[0.3265,49.2529],[0.326,49.2438],[0.3375,49.2312],[0.3181,49.2261],[0.3052,49.2311]]]}},{"type":"Feature","properties":{"code":"14364","nom":"Lingèvres","app":10.97,"app_bas":9.06,"app_haut":13.28,"app_ech":"maille","app_obs":1,"mai":9.5,"mai_bas":7.75,"mai_haut":11.65,"mai_ech":"maille","mai_obs":19,"a12":12.5,"a3":10.33},"geometry":{"type":"Polygon","coordinates":[[[-0.6789,49.1488],[-0.6889,49.1593],[-0.7126,49.1719],[-0.7141,49.1796],[-0.6882,49.183],[-0.6797,49.1859],[-0.6681,49.1957],[-0.6596,49.1988],[-0.6507,49.1968],[-0.6537,49.1887],[-0.6526,49.1773],[-0.6452,49.1742],[-0.6438,49.1701],[-0.6566,49.1588],[-0.666,49.1532],[-0.6751,49.1539],[-0.6789,49.1488]]]}},{"type":"Feature","properties":{"code":"14373","nom":"Locheur","app":null,"app_bas":null,"app_haut":null,"app_ech":null,"app_obs":0,"mai":null,"mai_bas":null,"mai_haut":null,"mai_ech":null,"mai_obs":0,"a12":null,"a3":null},"geometry":{"type":"Polygon","coordinates":[[[-0.538,49.1097],[-0.5389,49.1042],[-0.5588,49.0949],[-0.572,49.102],[-0.5744,49.1099],[-0.5617,49.1125],[-0.538,49.1097]]]}},{"type":"Feature","properties":{"code":"14379","nom":"Longvillers","app":11.8,"app_bas":9.98,"app_haut":13.96,"app_ech":"maille","app_obs":0,"mai":7.72,"mai_bas":6.01,"mai_haut":9.92,"mai_ech":"maille","mai_obs":2,"a12":13.61,"a3":10.49},"geometry":{"type":"Polygon","coordinates":[[[-0.6696,49.0461],[-0.6573,49.0539],[-0.6544,49.0584],[-0.6477,49.0561],[-0.6207,49.056],[-0.6188,49.0546],[-0.6201,49.0435],[-0.6347,49.0379],[-0.6464,49.0355],[-0.6541,49.0309],[-0.6696,49.0431],[-0.6696,49.0461]]]}},{"type":"Feature","properties":{"code":"14491","nom":"Parfouru-sur-Odon","app":10.97,"app_bas":9.06,"app_haut":13.28,"app_ech":"maille","app_obs":0,"mai":9.5,"mai_bas":7.75,"mai_haut":11.65,"mai_ech":"maille","mai_obs":3,"a12":13.61,"a3":10.49},"geometry":{"type":"Polygon","coordinates":[[[-0.6267,49.0921],[-0.6079,49.101],[-0.5975,49.0939],[-0.594,49.0788],[-0.614,49.0803],[-0.6267,49.0921]]]}},{"type":"Feature","properties":{"code":"14609","nom":"Saint-Loup-Hors","app":11.66,"app_bas":9.79,"app_haut":13.88,"app_ech":"maille","app_obs":1,"mai":10.36,"mai_bas":8.31,"mai_haut":12.91,"mai_ech":"maille","mai_obs":4,"a12":12.5,"a3":10.33},"geometry":{"type":"Polygon","coordinates":[[[-0.7503,49.2504],[-0.7429,49.2671],[-0.7451,49.2748],[-0.7295,49.2681],[-0.7257,49.2698],[-0.7131,49.2711],[-0.7048,49.2659],[-0.7236,49.2551],[-0.734,49.2458],[-0.7503,49.2504]]]}},{"type":"Feature","properties":{"code":"14625","nom":"Saint-Martin-de-la-Lieue","app":10.8,"app_bas":8.79,"app_haut":13.25,"app_ech":"maille","app_obs":50,"mai":8.94,"mai_bas":7.09,"mai_haut":11.29,"mai_ech":"maille","mai_obs":16,"a12":13.21,"a3":9.65},"geometry":{"type":"Polygon","coordinates":[[[0.2308,49.1232],[0.2261,49.1146],[0.2472,49.1167],[0.2502,49.1025],[0.2433,49.0985],[0.2198,49.0949],[0.2124,49.1052],[0.2075,49.1051],[0.1987,49.1117],[0.1964,49.1145],[0.2051,49.1214],[0.2218,49.1261],[0.2308,49.1232]]]}},{"type":"Feature","properties":{"code":"14045","nom":"Basseneville","app":12.44,"app_bas":10.51,"app_haut":14.72,"app_ech":"maille","app_obs":0,"mai":10.86,"mai_bas":8.81,"mai_haut":13.38,"mai_ech":"maille","mai_obs":9,"a12":14.11,"a3":11.45},"geometry":{"type":"Polygon","coordinates":[[[-0.1412,49.2264],[-0.1122,49.2122],[-0.1045,49.2026],[-0.1329,49.1872],[-0.1392,49.1934],[-0.1522,49.201],[-0.1705,49.1988],[-0.1594,49.2135],[-0.1492,49.2187],[-0.1412,49.2264]]]}},{"type":"Feature","properties":{"code":"14248","nom":"Espins","app":11.8,"app_bas":9.98,"app_haut":13.96,"app_ech":"maille","app_obs":0,"mai":9.64,"mai_bas":7.5,"mai_haut":12.38,"mai_ech":"maille","mai_obs":16,"a12":13.03,"a3":10.49},"geometry":{"type":"Polygon","coordinates":[[[-0.4247,49.0114],[-0.4197,49.0122],[-0.4027,49.0074],[-0.3923,48.9967],[-0.4034,48.9951],[-0.4206,48.9876],[-0.4326,48.9921],[-0.4247,49.0114]]]}},{"type":"Feature","properties":{"code":"14254","nom":"Éterville","app":12.3,"app_bas":10.78,"app_haut":14.03,"app_ech":"maille","app_obs":13,"mai":10.69,"mai_bas":8.8,"mai_haut":12.99,"mai_ech":"maille","mai_obs":78,"a12":14.45,"a3":10.33},"geometry":{"type":"Polygon","coordinates":[[[-0.432,49.1597],[-0.4222,49.1603],[-0.4111,49.1519],[-0.4153,49.1432],[-0.4386,49.1321],[-0.4359,49.1339],[-0.4457,49.1525],[-0.432,49.1597]]]}},{"type":"Feature","properties":{"code":"14285","nom":"Fournet","app":14.1,"app_bas":11.08,"app_haut":17.94,"app_ech":"maille","app_obs":0,"mai":8.94,"mai_bas":7.09,"mai_haut":11.29,"mai_ech":"maille","mai_obs":1,"a12":14.89,"a3":9.73},"geometry":{"type":"Polygon","coordinates":[[[0.1261,49.1894],[0.1155,49.1958],[0.098,49.1945],[0.0924,49.203],[0.1193,49.2096],[0.129,49.2003],[0.1261,49.1894]]]}},{"type":"Feature","properties":{"code":"14291","nom":"Fresney-le-Vieux","app":11.8,"app_bas":9.98,"app_haut":13.96,"app_ech":"maille","app_obs":3,"mai":9.64,"mai_bas":7.5,"mai_haut":12.38,"mai_ech":"maille","mai_obs":7,"a12":14.17,"a3":9.49},"geometry":{"type":"Polygon","coordinates":[[[-0.4027,49.0074],[-0.3802,49.0143],[-0.3715,49.0051],[-0.3796,48.9982],[-0.3923,48.9967],[-0.4027,49.0074]]]}},{"type":"Feature","properties":{"code":"14304","nom":"Gonneville-sur-Honfleur","app":13.16,"app_bas":10.67,"app_haut":16.24,"app_ech":"maille","app_obs":3,"mai":10.58,"mai_bas":8.42,"mai_haut":13.3,"mai_ech":"maille","mai_obs":16,"a12":15.64,"a3":13.7},"geometry":{"type":"Polygon","coordinates":[[[0.2629,49.395],[0.2565,49.3886],[0.2638,49.381],[0.26,49.374],[0.2531,49.37],[0.219,49.3701],[0.2142,49.3805],[0.214,49.3882],[0.2177,49.3947],[0.2217,49.3988],[0.2313,49.3936],[0.2525,49.3882],[0.2629,49.395]]]}},{"type":"Feature","properties":{"code":"14160","nom":"Cintheaux","app":12.32,"app_bas":10.54,"app_haut":14.39,"app_ech":"maille","app_obs":2,"mai":9.19,"mai_bas":7.45,"mai_haut":11.33,"mai_ech":"maille","mai_obs":5,"a12":14.17,"a3":11},"geometry":{"type":"Polygon","coordinates":[[[-0.2951,49.0518],[-0.2994,49.058],[-0.316,49.0647],[-0.3164,49.0696],[-0.3064,49.0748],[-0.2946,49.071],[-0.2811,49.0695],[-0.2681,49.0785],[-0.2543,49.0743],[-0.2493,49.0707],[-0.2557,49.0654],[-0.2698,49.0594],[-0.2869,49.0552],[-0.2896,49.0504],[-0.2951,49.0518]]]}},{"type":"Feature","properties":{"code":"14578","nom":"Saint-Gatien-des-Bois","app":13.39,"app_bas":10,"app_haut":17.92,"app_ech":"maille","app_obs":9,"mai":9.6,"mai_bas":7.31,"mai_haut":12.6,"mai_ech":"maille","mai_obs":35,"a12":15.64,"a3":13.7},"geometry":{"type":"Polygon","coordinates":[[[0.13,49.3799],[0.1391,49.3888],[0.1692,49.3932],[0.1729,49.3974],[0.1765,49.3921],[0.1631,49.3823],[0.1665,49.3774],[0.176,49.3823],[0.1964,49.3878],[0.1946,49.3953],[0.2003,49.3835],[0.2177,49.3947],[0.214,49.3882],[0.2142,49.3805],[0.219,49.3701],[0.2112,49.3567],[0.2175,49.3518],[0.2236,49.3417],[0.2376,49.3413],[0.2509,49.3351],[0.2476,49.3276],[0.2564,49.3218],[0.2452,49.3136],[0.2309,49.3131],[0.2252,49.3091],[0.2118,49.3049],[0.2018,49.3083],[0.2017,49.3111],[0.2126,49.3223],[0.2036,49.3276],[0.1851,49.326],[0.1791,49.319],[0.1607,49.318],[0.1532,49.3196],[0.1517,49.321],[0.1634,49.3282],[0.1661,49.3386],[0.1572,49.3409],[0.1473,49.3387],[0.1322,49.3448],[0.1281,49.3536],[0.1327,49.3673],[0.1312,49.3746],[0.1292,49.3767],[0.13,49.3799]]]}},{"type":"Feature","properties":{"code":"14588","nom":"Saint-Germain-Langot","app":9.38,"app_bas":7.49,"app_haut":11.74,"app_ech":"maille","app_obs":0,"mai":11.71,"mai_bas":9.02,"mai_haut":15.2,"mai_ech":"maille","mai_obs":6,"a12":10.54,"a3":8.19},"geometry":{"type":"Polygon","coordinates":[[[-0.3083,48.9422],[-0.3163,48.9345],[-0.3165,48.9294],[-0.3122,48.9098],[-0.306,48.9001],[-0.3088,48.8987],[-0.3267,48.902],[-0.3399,48.9063],[-0.3459,48.9145],[-0.3484,48.9256],[-0.3434,48.9274],[-0.3442,48.9364],[-0.3353,48.9452],[-0.3083,48.9422]]]}},{"type":"Feature","properties":{"code":"14676","nom":"Sommervieu","app":11.66,"app_bas":9.79,"app_haut":13.88,"app_ech":"maille","app_obs":3,"mai":10.36,"mai_bas":8.31,"mai_haut":12.91,"mai_ech":"maille","mai_obs":36,"a12":12.5,"a3":11.04},"geometry":{"type":"Polygon","coordinates":[[[-0.6275,49.2905],[-0.6391,49.2834],[-0.6524,49.283],[-0.6603,49.2846],[-0.6585,49.2986],[-0.6526,49.3039],[-0.6492,49.305],[-0.6255,49.2977],[-0.6275,49.2905]]]}},{"type":"Feature","properties":{"code":"14021","nom":"Arromanches-les-Bains","app":12.81,"app_bas":10.42,"app_haut":15.76,"app_ech":"maille","app_obs":15,"mai":9.66,"mai_bas":7.14,"mai_haut":13.07,"mai_ech":"maille","mai_obs":8,"a12":13.84,"a3":10.49},"geometry":{"type":"Polygon","coordinates":[[[-0.6252,49.3406],[-0.6114,49.3402],[-0.6143,49.33],[-0.6325,49.3337],[-0.6252,49.3406]]]}},{"type":"Feature","properties":{"code":"14086","nom":"Bonneville-sur-Touques","app":14.43,"app_bas":10.3,"app_haut":20.21,"app_ech":"maille","app_obs":4,"mai":12.58,"mai_bas":8.71,"mai_haut":18.18,"mai_ech":"maille","mai_obs":10,"a12":15.64,"a3":13.7},"geometry":{"type":"Polygon","coordinates":[[[0.1322,49.3448],[0.1403,49.3413],[0.1358,49.3331],[0.1367,49.327],[0.1278,49.3211],[0.1219,49.3134],[0.1177,49.3121],[0.1076,49.3183],[0.107,49.3268],[0.0956,49.3286],[0.1027,49.3388],[0.1322,49.3448]]]}},{"type":"Feature","properties":{"code":"14249","nom":"Esquay-Notre-Dame","app":12.3,"app_bas":10.78,"app_haut":14.03,"app_ech":"maille","app_obs":11,"mai":10.69,"mai_bas":8.8,"mai_haut":12.99,"mai_ech":"maille","mai_obs":48,"a12":14.45,"a3":10.49},"geometry":{"type":"Polygon","coordinates":[[[-0.4956,49.1104],[-0.489,49.1136],[-0.4606,49.1233],[-0.4567,49.1155],[-0.4613,49.1041],[-0.4805,49.1063],[-0.4839,49.1105],[-0.4956,49.1104]]]}},{"type":"Feature","properties":{"code":"14303","nom":"Glos","app":10.8,"app_bas":8.79,"app_haut":13.25,"app_ech":"maille","app_obs":11,"mai":10.71,"mai_bas":8.13,"mai_haut":14.11,"mai_ech":"maille","mai_obs":19,"a12":13.21,"a3":9.65},"geometry":{"type":"Polygon","coordinates":[[[0.3053,49.1446],[0.3124,49.1438],[0.3124,49.1358],[0.3076,49.1261],[0.2983,49.1157],[0.2817,49.1117],[0.2588,49.1002],[0.2502,49.1025],[0.2472,49.1167],[0.2624,49.1219],[0.2715,49.1359],[0.2809,49.1411],[0.2776,49.1472],[0.3053,49.1446]]]}},{"type":"Feature","properties":{"code":"14480","nom":"Osmanville","app":10.77,"app_bas":8.37,"app_haut":13.86,"app_ech":"maille","app_obs":11,"mai":8.3,"mai_bas":6.54,"mai_haut":10.55,"mai_ech":"maille","mai_obs":12,"a12":11.82,"a3":9.02},"geometry":{"type":"Polygon","coordinates":[[[-1.1133,49.3267],[-1.1196,49.3556],[-1.1134,49.3492],[-1.0817,49.3503],[-1.0767,49.3473],[-1.0725,49.3406],[-1.0582,49.3396],[-1.0628,49.3255],[-1.0603,49.3186],[-1.0774,49.3167],[-1.088,49.3215],[-1.1032,49.3213],[-1.1133,49.3267]]]}},{"type":"Feature","properties":{"code":"14677","nom":"Soulangy","app":10.53,"app_bas":8.39,"app_haut":13.23,"app_ech":"maille","app_obs":0,"mai":9.64,"mai_bas":7.5,"mai_haut":12.38,"mai_ech":"maille","mai_obs":4,"a12":13.03,"a3":9.49},"geometry":{"type":"Polygon","coordinates":[[[-0.19,48.9548],[-0.1856,48.9534],[-0.1883,48.9509],[-0.1859,48.9379],[-0.197,48.9351],[-0.227,48.9317],[-0.2309,48.9272],[-0.2465,48.9253],[-0.2472,48.9307],[-0.2406,48.9371],[-0.2257,48.9466],[-0.2107,48.9485],[-0.19,48.9548]]]}},{"type":"Feature","properties":{"code":"14758","nom":"Villons-les-Buissons","app":13.2,"app_bas":10.6,"app_haut":16.42,"app_ech":"maille","app_obs":4,"mai":11.45,"mai_bas":9.06,"mai_haut":14.46,"mai_ech":"maille","mai_obs":27,"a12":14.45,"a3":11.22},"geometry":{"type":"Polygon","coordinates":[[[-0.4158,49.2272],[-0.4264,49.2314],[-0.4254,49.2444],[-0.4136,49.246],[-0.4027,49.2434],[-0.3954,49.2385],[-0.3944,49.2296],[-0.4158,49.2272]]]}},{"type":"Feature","properties":{"code":"14032","nom":"Authieux-sur-Calonne","app":12.79,"app_bas":10.36,"app_haut":15.8,"app_ech":"maille","app_obs":0,"mai":13.09,"mai_bas":9.57,"mai_haut":17.91,"mai_ech":"maille","mai_obs":5,"a12":14.89,"a3":10.62},"geometry":{"type":"Polygon","coordinates":[[[0.2497,49.2735],[0.2485,49.2747],[0.2569,49.2848],[0.2557,49.3003],[0.2731,49.3016],[0.2875,49.2969],[0.2995,49.2873],[0.3077,49.2836],[0.2889,49.2721],[0.282,49.2665],[0.2497,49.2735]]]}},{"type":"Feature","properties":{"code":"14244","nom":"Eraines","app":10.53,"app_bas":8.39,"app_haut":13.23,"app_ech":"maille","app_obs":0,"mai":8.14,"mai_bas":6.46,"mai_haut":10.26,"mai_ech":"maille","mai_obs":23,"a12":12.47,"a3":8.19},"geometry":{"type":"Polygon","coordinates":[[[-0.1655,48.896],[-0.1801,48.8975],[-0.1796,48.9051],[-0.1662,48.9099],[-0.1478,48.9124],[-0.1275,48.9131],[-0.1388,48.905],[-0.1563,48.901],[-0.1655,48.896]]]}},{"type":"Feature","properties":{"code":"14192","nom":"Courson","app":null,"app_bas":null,"app_haut":null,"app_ech":null,"app_obs":0,"mai":null,"mai_bas":null,"mai_haut":null,"mai_ech":null,"mai_obs":0,"a12":null,"a3":null},"geometry":{"type":"Polygon","coordinates":[[[-1.1212,48.8482],[-1.1204,48.8564],[-1.1029,48.8651],[-1.0985,48.8761],[-1.0914,48.8798],[-1.087,48.8731],[-1.0793,48.8697],[-1.0712,48.8703],[-1.0592,48.8773],[-1.0536,48.863],[-1.0639,48.8535],[-1.0632,48.8509],[-1.072,48.8402],[-1.0831,48.8387],[-1.0865,48.8298],[-1.0809,48.8257],[-1.0988,48.8258],[-1.1113,48.8238],[-1.1093,48.8352],[-1.113,48.8429],[-1.1212,48.8482]]]}},{"type":"Feature","properties":{"code":"14606","nom":"Saint-Léger-Dubosq","app":10.89,"app_bas":8.89,"app_haut":13.35,"app_ech":"maille","app_obs":1,"mai":8.94,"mai_bas":7.09,"mai_haut":11.29,"mai_ech":"maille","mai_obs":0,"a12":14.17,"a3":11.45},"geometry":{"type":"Polygon","coordinates":[[[-0.0329,49.2243],[-0.0324,49.2367],[-0.0148,49.2367],[-0.0106,49.2416],[-0.0056,49.2353],[0.0085,49.231],[0.0039,49.2246],[-0.0125,49.2216],[-0.0329,49.2243]]]}},{"type":"Feature","properties":{"code":"14272","nom":"Folie","app":9.71,"app_bas":7.83,"app_haut":12.03,"app_ech":"maille","app_obs":0,"mai":8.3,"mai_bas":6.54,"mai_haut":10.55,"mai_ech":"maille","mai_obs":0,"a12":11.82,"a3":7.04},"geometry":{"type":"Polygon","coordinates":[[[-0.9554,49.2725],[-0.9502,49.2718],[-0.9532,49.262],[-0.9496,49.2598],[-0.9526,49.2561],[-0.965,49.2511],[-0.9677,49.2468],[-0.9721,49.2466],[-0.9798,49.2482],[-0.9828,49.2563],[-0.9948,49.2663],[-0.9824,49.2718],[-0.9759,49.2811],[-0.9711,49.2804],[-0.9608,49.2725],[-0.9554,49.2725]]]}},{"type":"Feature","properties":{"code":"14360","nom":"Leffard","app":9.38,"app_bas":7.49,"app_haut":11.74,"app_ech":"maille","app_obs":0,"mai":11.71,"mai_bas":9.02,"mai_haut":15.2,"mai_ech":"maille","mai_obs":12,"a12":12.47,"a3":8.19},"geometry":{"type":"Polygon","coordinates":[[[-0.3165,48.9294],[-0.2996,48.9288],[-0.2847,48.9334],[-0.285,48.9106],[-0.2742,48.9081],[-0.2891,48.9032],[-0.306,48.9001],[-0.3122,48.9098],[-0.3165,48.9294]]]}},{"type":"Feature","properties":{"code":"14369","nom":"Litteau","app":9.71,"app_bas":7.83,"app_haut":12.03,"app_ech":"maille","app_obs":0,"mai":10.73,"mai_bas":8.31,"mai_haut":13.85,"mai_ech":"maille","mai_obs":4,"a12":11.82,"a3":8.08},"geometry":{"type":"Polygon","coordinates":[[[-0.9313,49.1579],[-0.9047,49.1631],[-0.8783,49.1703],[-0.8886,49.1616],[-0.8961,49.1512],[-0.9038,49.136],[-0.9082,49.1391],[-0.9315,49.1456],[-0.9384,49.1538],[-0.9313,49.1579]]]}},{"type":"Feature","properties":{"code":"14408","nom":"May-sur-Orne","app":12.32,"app_bas":10.54,"app_haut":14.39,"app_ech":"maille","app_obs":53,"mai":10.09,"mai_bas":8.17,"mai_haut":12.45,"mai_ech":"commune","mai_obs":124,"a12":14.57,"a3":9.49},"geometry":{"type":"Polygon","coordinates":[[[-0.3843,49.1079],[-0.3642,49.1016],[-0.3671,49.092],[-0.3796,49.0857],[-0.3876,49.0874],[-0.392,49.0972],[-0.3843,49.1079]]]}},{"type":"Feature","properties":{"code":"14132","nom":"Canchy","app":10.77,"app_bas":8.37,"app_haut":13.86,"app_ech":"maille","app_obs":1,"mai":8.3,"mai_bas":6.54,"mai_haut":10.55,"mai_ech":"maille","mai_obs":11,"a12":13.26,"a3":9.02},"geometry":{"type":"Polygon","coordinates":[[[-0.9744,49.3466],[-0.9739,49.3343],[-0.9671,49.3276],[-0.9742,49.3164],[-0.9885,49.321],[-0.9997,49.3193],[-1.0033,49.3328],[-1.0009,49.3409],[-0.9826,49.3408],[-0.979,49.3476],[-0.9744,49.3466]]]}},{"type":"Feature","properties":{"code":"14433","nom":"Mittois","app":null,"app_bas":null,"app_haut":null,"app_ech":null,"app_obs":0,"mai":null,"mai_bas":null,"mai_haut":null,"mai_ech":null,"mai_obs":0,"a12":null,"a3":null},"geometry":{"type":"Polygon","coordinates":[[[0.0573,49.0112],[0.0654,49.0088],[0.0573,48.9988],[0.0502,48.9965],[0.0223,48.994],[0.0108,48.9979],[0.0101,49.009],[0.0063,49.0118],[0.0242,49.0197],[0.0427,49.0097],[0.0573,49.0112]]]}},{"type":"Feature","properties":{"code":"14460","nom":"Moyaux","app":10.54,"app_bas":8.89,"app_haut":12.5,"app_ech":"maille","app_obs":26,"mai":9.6,"mai_bas":7.31,"mai_haut":12.6,"mai_ech":"maille","mai_obs":35,"a12":11.59,"a3":9.15},"geometry":{"type":"Polygon","coordinates":[[[0.3039,49.1928],[0.3119,49.1986],[0.3312,49.2051],[0.3409,49.2064],[0.3512,49.2178],[0.3579,49.2162],[0.3731,49.2036],[0.3856,49.208],[0.3884,49.2119],[0.3947,49.2084],[0.3896,49.1994],[0.3881,49.1898],[0.3596,49.1759],[0.3394,49.1814],[0.3358,49.1835],[0.3033,49.1857],[0.3039,49.1928]]]}},{"type":"Feature","properties":{"code":"14101","nom":"Bretteville-sur-Odon","app":13.59,"app_bas":11.44,"app_haut":16.13,"app_ech":"commune","app_obs":433,"mai":11.26,"mai_bas":9.27,"mai_haut":13.67,"mai_ech":"commune","mai_obs":242,"a12":15.94,"a3":13.22},"geometry":{"type":"Polygon","coordinates":[[[-0.4485,49.1772],[-0.4357,49.1809],[-0.4318,49.1848],[-0.4133,49.1869],[-0.4067,49.1794],[-0.4052,49.1722],[-0.3943,49.1664],[-0.4038,49.1655],[-0.4222,49.1603],[-0.432,49.1597],[-0.4346,49.1685],[-0.4485,49.1772]]]}},{"type":"Feature","properties":{"code":"14245","nom":"Ernes","app":8.26,"app_bas":6.51,"app_haut":10.48,"app_ech":"maille","app_obs":2,"mai":9.98,"mai_bas":7.68,"mai_haut":12.98,"mai_ech":"maille","mai_obs":9,"a12":11.58,"a3":8.19},"geometry":{"type":"Polygon","coordinates":[[[-0.1545,49.0228],[-0.1415,49.0246],[-0.1251,49.0235],[-0.0963,49.0159],[-0.1013,49.0057],[-0.1086,48.9992],[-0.1231,48.9972],[-0.1298,49.0013],[-0.1422,49.0009],[-0.1541,49.0113],[-0.1505,49.0191],[-0.1545,49.0228]]]}},{"type":"Feature","properties":{"code":"14327","nom":"Hérouville-Saint-Clair","app":12.25,"app_bas":10.33,"app_haut":14.52,"app_ech":"commune","app_obs":4976,"mai":12.25,"mai_bas":9.41,"mai_haut":15.95,"mai_ech":"commune","mai_obs":217,"a12":14.46,"a3":10.53},"geometry":{"type":"Polygon","coordinates":[[[-0.3264,49.2233],[-0.3197,49.2242],[-0.3049,49.2109],[-0.3116,49.202],[-0.3154,49.186],[-0.3256,49.1909],[-0.3335,49.1858],[-0.3426,49.1984],[-0.3599,49.2128],[-0.3512,49.2238],[-0.3385,49.2213],[-0.3264,49.2233]]]}},{"type":"Feature","properties":{"code":"14204","nom":"Cricqueville-en-Bessin","app":10.77,"app_bas":8.37,"app_haut":13.86,"app_ech":"maille","app_obs":2,"mai":8.3,"mai_bas":6.54,"mai_haut":10.55,"mai_ech":"maille","mai_obs":0,"a12":13.26,"a3":9.02},"geometry":{"type":"Polygon","coordinates":[[[-1.0195,49.3933],[-0.9894,49.3974],[-0.985,49.3958],[-0.9857,49.3758],[-0.9912,49.3625],[-0.9983,49.3605],[-1.018,49.3601],[-1.0131,49.3767],[-1.0195,49.3933]]]}},{"type":"Feature","properties":{"code":"14495","nom":"Périers-sur-le-Dan","app":13.2,"app_bas":10.6,"app_haut":16.42,"app_ech":"maille","app_obs":10,"mai":11.45,"mai_bas":9.06,"mai_haut":14.46,"mai_ech":"maille","mai_obs":8,"a12":14.45,"a3":11.22},"geometry":{"type":"Polygon","coordinates":[[[-0.3338,49.2656],[-0.3208,49.2616],[-0.3296,49.2509],[-0.3531,49.2476],[-0.3409,49.2676],[-0.3338,49.2656]]]}},{"type":"Feature","properties":{"code":"14672","nom":"Sept-Vents","app":10.2,"app_bas":8.27,"app_haut":12.58,"app_ech":"maille","app_obs":1,"mai":7.72,"mai_bas":6.17,"mai_haut":9.65,"mai_ech":"maille","mai_obs":34,"a12":10.58,"a3":8.08},"geometry":{"type":"Polygon","coordinates":[[[-0.8431,49.0776],[-0.8305,49.0808],[-0.8094,49.088],[-0.8038,49.0835],[-0.8037,49.0788],[-0.8115,49.0638],[-0.8313,49.058],[-0.8507,49.0459],[-0.865,49.0497],[-0.8764,49.0548],[-0.8708,49.0646],[-0.8574,49.0689],[-0.8431,49.0776]]]}},{"type":"Feature","properties":{"code":"14120","nom":"Cahagnes","app":10.2,"app_bas":8.27,"app_haut":12.58,"app_ech":"maille","app_obs":12,"mai":7.72,"mai_bas":6.17,"mai_haut":9.65,"mai_ech":"maille","mai_obs":74,"a12":12.5,"a3":8.08},"geometry":{"type":"Polygon","coordinates":[[[-0.7796,49.0431],[-0.7877,49.0518],[-0.7905,49.0607],[-0.8058,49.0609],[-0.8115,49.0638],[-0.8037,49.0788],[-0.8038,49.0835],[-0.7873,49.0832],[-0.7769,49.0849],[-0.7533,49.0933],[-0.7397,49.0953],[-0.7282,49.0763],[-0.7191,49.0672],[-0.7118,49.0667],[-0.7109,49.0654],[-0.7273,49.0616],[-0.7366,49.0558],[-0.7409,49.0487],[-0.7525,49.0388],[-0.7643,49.0459],[-0.7688,49.0457],[-0.7831,49.0275],[-0.7853,49.0343],[-0.7796,49.0431]]]}},{"type":"Feature","properties":{"code":"14237","nom":"Émiéville","app":13.32,"app_bas":11.22,"app_haut":15.81,"app_ech":"maille","app_obs":2,"mai":10.26,"mai_bas":8.42,"mai_haut":12.51,"mai_ech":"maille","mai_obs":9,"a12":14.7,"a3":10.13},"geometry":{"type":"Polygon","coordinates":[[[-0.2344,49.1458],[-0.2429,49.1541],[-0.2299,49.1601],[-0.2216,49.1661],[-0.2097,49.1583],[-0.2111,49.1489],[-0.2215,49.142],[-0.2344,49.1458]]]}},{"type":"Feature","properties":{"code":"14367","nom":"Lison","app":9.71,"app_bas":7.83,"app_haut":12.03,"app_ech":"maille","app_obs":6,"mai":10.73,"mai_bas":8.31,"mai_haut":13.85,"mai_ech":"maille","mai_obs":13,"a12":10.86,"a3":7.04},"geometry":{"type":"Polygon","coordinates":[[[-1.0584,49.2252],[-1.0875,49.242],[-1.0877,49.2455],[-1.0677,49.2464],[-1.0542,49.2619],[-1.0461,49.2582],[-1.0305,49.2578],[-1.029,49.2547],[-1.0339,49.2446],[-1.0234,49.2304],[-1.0309,49.2265],[-1.0504,49.228],[-1.0584,49.2252]]]}},{"type":"Feature","properties":{"code":"14417","nom":"Mesnil-Clinchamps","app":null,"app_bas":null,"app_haut":null,"app_ech":null,"app_obs":0,"mai":null,"mai_bas":null,"mai_haut":null,"mai_ech":null,"mai_obs":0,"a12":null,"a3":null},"geometry":{"type":"Polygon","coordinates":[[[-0.9564,48.8712],[-0.9543,48.86],[-0.9427,48.8525],[-0.9532,48.839],[-0.9694,48.8326],[-0.9828,48.8321],[-0.9997,48.8265],[-1.0106,48.8306],[-1.0229,48.8303],[-1.0297,48.8357],[-1.0231,48.843],[-1.0096,48.8447],[-0.9913,48.8586],[-0.9564,48.8712]]]}},{"type":"Feature","properties":{"code":"14457","nom":"Moutiers-en-Auge","app":8.26,"app_bas":6.51,"app_haut":10.48,"app_ech":"maille","app_obs":3,"mai":8.14,"mai_bas":6.46,"mai_haut":10.26,"mai_ech":"maille","mai_obs":0,"a12":11.58,"a3":8.19},"geometry":{"type":"Polygon","coordinates":[[[-0.0297,48.8933],[-0.0346,48.8983],[-0.0029,48.9068],[0.0125,48.9093],[0.0217,48.9073],[0.0361,48.9099],[0.058,48.9078],[0.0501,48.8993],[0.0294,48.8962],[0.0033,48.8888],[-0.0099,48.8838],[-0.0182,48.885],[-0.0297,48.8933]]]}},{"type":"Feature","properties":{"code":"14627","nom":"Saint-Martin-de-Mieux","app":8.26,"app_bas":6.51,"app_haut":10.48,"app_ech":"maille","app_obs":0,"mai":8.15,"mai_bas":6.33,"mai_haut":10.51,"mai_ech":"maille","mai_obs":5,"a12":12.47,"a3":7.15},"geometry":{"type":"Polygon","coordinates":[[[-0.2627,48.8816],[-0.2392,48.8846],[-0.2213,48.8941],[-0.2181,48.8859],[-0.2074,48.8821],[-0.2193,48.8748],[-0.2298,48.8653],[-0.2422,48.8493],[-0.2537,48.8495],[-0.2503,48.8675],[-0.2619,48.8697],[-0.2774,48.8766],[-0.2627,48.8816]]]}},{"type":"Feature","properties":{"code":"14630","nom":"Saint-Martin-des-Entrées","app":11.66,"app_bas":9.79,"app_haut":13.88,"app_ech":"maille","app_obs":0,"mai":10.36,"mai_bas":8.31,"mai_haut":12.91,"mai_ech":"maille","mai_obs":26,"a12":12.5,"a3":11.04},"geometry":{"type":"Polygon","coordinates":[[[-0.6786,49.2698],[-0.6723,49.2721],[-0.6511,49.2702],[-0.6538,49.2603],[-0.6477,49.2567],[-0.6497,49.2422],[-0.6671,49.244],[-0.6719,49.2485],[-0.6844,49.2539],[-0.6846,49.2631],[-0.6786,49.2698]]]}},{"type":"Feature","properties":{"code":"14678","nom":"Soumont-Saint-Quentin","app":9.38,"app_bas":7.49,"app_haut":11.74,"app_ech":"maille","app_obs":1,"mai":8.15,"mai_bas":6.33,"mai_haut":10.51,"mai_ech":"maille","mai_obs":28,"a12":10.54,"a3":9.49},"geometry":{"type":"Polygon","coordinates":[[[-0.2722,48.9865],[-0.2697,48.9909],[-0.2338,48.9863],[-0.2123,48.9772],[-0.1926,48.9741],[-0.1951,48.9671],[-0.2242,48.9698],[-0.2309,48.9737],[-0.2495,48.976],[-0.2643,48.9797],[-0.2722,48.9865]]]}},{"type":"Feature","properties":{"code":"14724","nom":"Varaville","app":16.2,"app_bas":12.81,"app_haut":20.47,"app_ech":"maille","app_obs":33,"mai":11.36,"mai_bas":9.28,"mai_haut":13.9,"mai_ech":"maille","mai_obs":21,"a12":15.47,"a3":11.45},"geometry":{"type":"Polygon","coordinates":[[[-0.1747,49.2721],[-0.17,49.2783],[-0.1697,49.2862],[-0.1392,49.2896],[-0.1396,49.284],[-0.1511,49.2748],[-0.147,49.27],[-0.1374,49.2691],[-0.1334,49.2742],[-0.1182,49.2741],[-0.1128,49.2778],[-0.1071,49.2684],[-0.1129,49.2638],[-0.1106,49.2574],[-0.1164,49.2512],[-0.1266,49.2509],[-0.1261,49.243],[-0.1306,49.2402],[-0.1316,49.2363],[-0.1496,49.2425],[-0.1566,49.249],[-0.1631,49.2499],[-0.1834,49.2474],[-0.1708,49.2638],[-0.1747,49.2721]]]}},{"type":"Feature","properties":{"code":"14279","nom":"Fontenermont","app":null,"app_bas":null,"app_haut":null,"app_ech":null,"app_obs":0,"mai":null,"mai_bas":null,"mai_haut":null,"mai_ech":null,"mai_obs":0,"a12":null,"a3":null},"geometry":{"type":"Polygon","coordinates":[[[-1.0809,48.8257],[-1.0785,48.8214],[-1.1023,48.8143],[-1.1127,48.815],[-1.1266,48.8174],[-1.1113,48.8238],[-1.0988,48.8258],[-1.0809,48.8257]]]}},{"type":"Feature","properties":{"code":"14346","nom":"Juaye-Mondaye","app":11.66,"app_bas":9.79,"app_haut":13.88,"app_ech":"maille","app_obs":8,"mai":9.66,"mai_bas":7.14,"mai_haut":13.07,"mai_ech":"maille","mai_obs":31,"a12":12.5,"a3":10.33},"geometry":{"type":"Polygon","coordinates":[[[-0.7279,49.214],[-0.7228,49.225],[-0.7155,49.2309],[-0.7088,49.2309],[-0.7088,49.2255],[-0.6885,49.2174],[-0.6743,49.2149],[-0.6636,49.2159],[-0.6509,49.2084],[-0.644,49.1984],[-0.6507,49.1968],[-0.6596,49.1988],[-0.6681,49.1957],[-0.6797,49.1859],[-0.6882,49.183],[-0.7141,49.1796],[-0.7048,49.1914],[-0.7053,49.2059],[-0.7245,49.2081],[-0.7279,49.214]]]}},{"type":"Feature","properties":{"code":"14397","nom":"Mandeville-en-Bessin","app":11.76,"app_bas":9.39,"app_haut":14.72,"app_ech":"maille","app_obs":1,"mai":10.73,"mai_bas":8.31,"mai_haut":13.85,"mai_ech":"maille","mai_obs":10,"a12":13.26,"a3":10.49},"geometry":{"type":"Polygon","coordinates":[[[-0.8469,49.2964],[-0.8693,49.2924],[-0.8879,49.2974],[-0.8942,49.3046],[-0.8888,49.316],[-0.8702,49.3195],[-0.8415,49.315],[-0.8342,49.3127],[-0.8444,49.298],[-0.8469,49.2964]]]}},{"type":"Feature","properties":{"code":"14431","nom":"Mézidon-Canon","app":9.99,"app_bas":8.16,"app_haut":12.23,"app_ech":"commune","app_obs":208,"mai":8.24,"mai_bas":6.53,"mai_haut":10.39,"mai_ech":"commune","mai_obs":344,"a12":11.58,"a3":9.14},"geometry":{"type":"Polygon","coordinates":[[[-0.0511,49.0747],[-0.0641,49.0671],[-0.0914,49.0594],[-0.103,49.0654],[-0.1028,49.0675],[-0.0978,49.0729],[-0.0941,49.0863],[-0.072,49.0926],[-0.0604,49.0978],[-0.0481,49.0872],[-0.0396,49.0845],[-0.0511,49.0747]]]}},{"type":"Feature","properties":{"code":"14184","nom":"Cottun","app":11.76,"app_bas":9.39,"app_haut":14.72,"app_ech":"maille","app_obs":1,"mai":10.73,"mai_bas":8.31,"mai_haut":13.85,"mai_ech":"maille","mai_obs":3,"a12":12.5,"a3":11.04},"geometry":{"type":"Polygon","coordinates":[[[-0.7755,49.2589],[-0.7975,49.2586],[-0.8021,49.2751],[-0.7706,49.2769],[-0.7701,49.2663],[-0.7755,49.2589]]]}},{"type":"Feature","properties":{"code":"14610","nom":"Saint-Manvieu-Norrey","app":11.66,"app_bas":9.79,"app_haut":13.88,"app_ech":"maille","app_obs":43,"mai":10.69,"mai_bas":8.8,"mai_haut":12.99,"mai_ech":"maille","mai_obs":76,"a12":13.61,"a3":11.04},"geometry":{"type":"Polygon","coordinates":[[[-0.502,49.2032],[-0.4904,49.1851],[-0.4774,49.1899],[-0.4695,49.1777],[-0.4809,49.1748],[-0.4812,49.1709],[-0.4971,49.168],[-0.5122,49.1771],[-0.5123,49.1879],[-0.5292,49.1936],[-0.5348,49.2018],[-0.5311,49.2042],[-0.5164,49.2026],[-0.502,49.2032]]]}},{"type":"Feature","properties":{"code":"14750","nom":"Vieux-Pont-en-Auge","app":null,"app_bas":null,"app_haut":null,"app_ech":null,"app_obs":0,"mai":null,"mai_bas":null,"mai_haut":null,"mai_ech":null,"mai_obs":0,"a12":null,"a3":null},"geometry":{"type":"Polygon","coordinates":[[[0.0763,49.0598],[0.084,49.0566],[0.0907,49.0487],[0.083,49.0486],[0.0758,49.041],[0.0736,49.0317],[0.0673,49.0282],[0.048,49.0275],[0.0216,49.0245],[0.0294,49.0355],[0.0173,49.0446],[0.0277,49.0504],[0.0412,49.0541],[0.0526,49.0545],[0.0662,49.0602],[0.0763,49.0598]]]}},{"type":"Feature","properties":{"code":"14038","nom":"Banville","app":12.57,"app_bas":10.15,"app_haut":15.55,"app_ech":"maille","app_obs":4,"mai":11.36,"mai_bas":8.92,"mai_haut":14.45,"mai_ech":"maille","mai_obs":26,"a12":15.5,"a3":11.04},"geometry":{"type":"Polygon","coordinates":[[[-0.4832,49.2972],[-0.4961,49.3035],[-0.5123,49.3089],[-0.4938,49.3162],[-0.4714,49.3202],[-0.4682,49.3137],[-0.4703,49.3046],[-0.4832,49.2972]]]}},{"type":"Feature","properties":{"code":"14645","nom":"Saint-Pierre-Azif","app":14.1,"app_bas":11.08,"app_haut":17.94,"app_ech":"maille","app_obs":1,"mai":12.28,"mai_bas":9.18,"mai_haut":16.43,"mai_ech":"maille","mai_obs":1,"a12":14.17,"a3":11.45},"geometry":{"type":"Polygon","coordinates":[[[0.0476,49.2836],[0.0347,49.2793],[0.015,49.2841],[0.0172,49.2921],[0.0328,49.3044],[0.0422,49.3082],[0.0603,49.3001],[0.0476,49.2836]]]}},{"type":"Feature","properties":{"code":"14276","nom":"Fontaine-le-Pin","app":10.53,"app_bas":8.39,"app_haut":13.23,"app_ech":"maille","app_obs":0,"mai":9.64,"mai_bas":7.5,"mai_haut":12.38,"mai_ech":"maille","mai_obs":1,"a12":13.03,"a3":11},"geometry":{"type":"Polygon","coordinates":[[[-0.3048,48.9584],[-0.3141,48.981],[-0.3178,48.9839],[-0.3007,48.9876],[-0.2722,48.9865],[-0.2643,48.9797],[-0.27,48.9668],[-0.277,48.9676],[-0.288,48.9627],[-0.3048,48.9584]]]}},{"type":"Feature","properties":{"code":"14349","nom":"Laize-la-Ville","app":10.76,"app_bas":8.24,"app_haut":14.06,"app_ech":"maille","app_obs":36,"mai":10.69,"mai_bas":8.8,"mai_haut":12.99,"mai_ech":"maille","mai_obs":93,"a12":13.03,"a3":10.49},"geometry":{"type":"Polygon","coordinates":[[[-0.3912,49.0796],[-0.3876,49.0874],[-0.3796,49.0857],[-0.3703,49.0793],[-0.3747,49.0719],[-0.388,49.0736],[-0.3912,49.0796]]]}},{"type":"Feature","properties":{"code":"14387","nom":"Magny-le-Freule","app":null,"app_bas":null,"app_haut":null,"app_ech":null,"app_obs":0,"mai":null,"mai_bas":null,"mai_haut":null,"mai_ech":null,"mai_obs":0,"a12":null,"a3":null},"geometry":{"type":"Polygon","coordinates":[[[-0.0549,49.1181],[-0.0543,49.1043],[-0.0604,49.0978],[-0.072,49.0926],[-0.0881,49.0884],[-0.097,49.1013],[-0.0969,49.1026],[-0.0905,49.1081],[-0.0789,49.1134],[-0.0702,49.1137],[-0.0549,49.1181]]]}},{"type":"Feature","properties":{"code":"14126","nom":"Cambremer","app":10.89,"app_bas":8.89,"app_haut":13.35,"app_ech":"maille","app_obs":38,"mai":8.94,"mai_bas":7.09,"mai_haut":11.29,"mai_ech":"maille","mai_obs":46,"a12":11.58,"a3":11.77},"geometry":{"type":"Polygon","coordinates":[[[0.1021,49.1381],[0.0935,49.1294],[0.0839,49.1245],[0.0653,49.1185],[0.0427,49.1219],[0.0301,49.126],[0.0289,49.1273],[0.0327,49.1291],[0.0424,49.1436],[0.0373,49.149],[0.0229,49.1503],[0.015,49.145],[0.0066,49.1553],[0.0138,49.16],[0.0226,49.1713],[0.0312,49.1785],[0.0388,49.1801],[0.0414,49.1721],[0.0514,49.1657],[0.0662,49.1653],[0.0859,49.1568],[0.0815,49.1461],[0.0978,49.1433],[0.1021,49.1381]]]}},{"type":"Feature","properties":{"code":"14343","nom":"Isles-Bardel","app":9.38,"app_bas":7.49,"app_haut":11.74,"app_ech":"maille","app_obs":0,"mai":8.15,"mai_bas":6.33,"mai_haut":10.51,"mai_ech":"maille","mai_obs":0,"a12":10.54,"a3":7.15},"geometry":{"type":"Polygon","coordinates":[[[-0.3472,48.8225],[-0.3693,48.8348],[-0.3732,48.8399],[-0.361,48.8423],[-0.3634,48.8491],[-0.3601,48.8508],[-0.3358,48.8463],[-0.3274,48.8391],[-0.3297,48.8355],[-0.3401,48.8294],[-0.3454,48.8218],[-0.3472,48.8225]]]}},{"type":"Feature","properties":{"code":"14596","nom":"Saint-Jean-des-Essartiers","app":null,"app_bas":null,"app_haut":null,"app_ech":null,"app_obs":0,"mai":null,"mai_bas":null,"mai_haut":null,"mai_ech":null,"mai_obs":0,"a12":null,"a3":null},"geometry":{"type":"Polygon","coordinates":[[[-0.8472,49.0347],[-0.8507,49.0459],[-0.8313,49.058],[-0.8115,49.0638],[-0.8058,49.0609],[-0.7905,49.0607],[-0.7877,49.0518],[-0.7796,49.0431],[-0.7833,49.0426],[-0.7978,49.0556],[-0.808,49.0588],[-0.8127,49.054],[-0.824,49.0494],[-0.8141,49.0449],[-0.8096,49.0382],[-0.8234,49.0332],[-0.8325,49.0322],[-0.8472,49.0347]]]}},{"type":"Feature","properties":{"code":"14015","nom":"Anisy","app":13.2,"app_bas":10.6,"app_haut":16.42,"app_ech":"maille","app_obs":4,"mai":10.7,"mai_bas":8.67,"mai_haut":13.21,"mai_ech":"maille","mai_obs":33,"a12":14.45,"a3":11.16},"geometry":{"type":"Polygon","coordinates":[[[-0.3954,49.2385],[-0.4027,49.2434],[-0.4136,49.246],[-0.4218,49.2449],[-0.4222,49.246],[-0.4147,49.255],[-0.4054,49.2541],[-0.3778,49.2677],[-0.3833,49.2591],[-0.3864,49.2411],[-0.3954,49.2385]]]}},{"type":"Feature","properties":{"code":"14122","nom":"Caine","app":8.6,"app_bas":7.04,"app_haut":10.5,"app_ech":"maille","app_obs":0,"mai":11.71,"mai_bas":9.02,"mai_haut":15.2,"mai_ech":"maille","mai_obs":8,"a12":9.97,"a3":8.08},"geometry":{"type":"Polygon","coordinates":[[[-0.5277,49.0295],[-0.523,49.0359],[-0.5243,49.0446],[-0.5014,49.0411],[-0.5166,49.0262],[-0.5277,49.0295]]]}},{"type":"Feature","properties":{"code":"14250","nom":"Esquay-sur-Seulles","app":11.66,"app_bas":9.79,"app_haut":13.88,"app_ech":"maille","app_obs":3,"mai":9.66,"mai_bas":7.14,"mai_haut":13.07,"mai_ech":"maille","mai_obs":4,"a12":13.84,"a3":10.33},"geometry":{"type":"Polygon","coordinates":[[[-0.6543,49.2769],[-0.6491,49.2776],[-0.6177,49.2734],[-0.6059,49.2772],[-0.5918,49.2684],[-0.6003,49.26],[-0.6006,49.2655],[-0.609,49.2703],[-0.6202,49.2689],[-0.6271,49.2721],[-0.6376,49.2699],[-0.6589,49.2707],[-0.6543,49.2769]]]}},{"type":"Feature","properties":{"code":"14258","nom":"Falaise","app":10.6,"app_bas":8.44,"app_haut":13.32,"app_ech":"commune","app_obs":1576,"mai":8.37,"mai_bas":6.64,"mai_haut":10.55,"mai_ech":"commune","mai_obs":391,"a12":12.47,"a3":9},"geometry":{"type":"Polygon","coordinates":[[[-0.2213,48.8941],[-0.2197,48.8976],[-0.21,48.9041],[-0.2078,48.918],[-0.1926,48.9226],[-0.1865,48.9073],[-0.1796,48.9051],[-0.1801,48.8975],[-0.1655,48.896],[-0.1654,48.8814],[-0.1917,48.8743],[-0.1953,48.8795],[-0.2074,48.8821],[-0.2181,48.8859],[-0.2213,48.8941]]]}},{"type":"Feature","properties":{"code":"14328","nom":"Hérouvillette","app":13.14,"app_bas":10.8,"app_haut":15.99,"app_ech":"maille","app_obs":17,"mai":11.36,"mai_bas":9.28,"mai_haut":13.9,"mai_ech":"maille","mai_obs":33,"a12":15.47,"a3":11.26},"geometry":{"type":"Polygon","coordinates":[[[-0.269,49.2022],[-0.2857,49.2069],[-0.2778,49.2146],[-0.252,49.2221],[-0.244,49.2285],[-0.2393,49.2275],[-0.2383,49.2164],[-0.2607,49.2089],[-0.269,49.2022]]]}},{"type":"Feature","properties":{"code":"14146","nom":"Cauville","app":8.6,"app_bas":7.04,"app_haut":10.5,"app_ech":"maille","app_obs":0,"mai":7.72,"mai_bas":6.01,"mai_haut":9.92,"mai_ech":"maille","mai_obs":0,"a12":9.97,"a3":8.08},"geometry":{"type":"Polygon","coordinates":[[[-0.5688,48.9395],[-0.5751,48.9455],[-0.5782,48.9468],[-0.5844,48.9641],[-0.5829,48.9702],[-0.5719,48.9666],[-0.5546,48.9572],[-0.5516,48.9496],[-0.5359,48.9489],[-0.5409,48.9402],[-0.5688,48.9395]]]}},{"type":"Feature","properties":{"code":"14183","nom":"Cossesseville","app":9.38,"app_bas":7.49,"app_haut":11.74,"app_ech":"maille","app_obs":0,"mai":8.15,"mai_bas":6.33,"mai_haut":10.51,"mai_ech":"maille","mai_obs":2,"a12":9.97,"a3":8.19},"geometry":{"type":"Polygon","coordinates":[[[-0.4014,48.9012],[-0.4064,48.8915],[-0.4149,48.8903],[-0.4213,48.8913],[-0.428,48.8849],[-0.4396,48.8837],[-0.4455,48.8884],[-0.443,48.8969],[-0.4268,48.9056],[-0.4076,48.9008],[-0.4014,48.9012]]]}},{"type":"Feature","properties":{"code":"14227","nom":"Douville-en-Auge","app":14.1,"app_bas":11.08,"app_haut":17.94,"app_ech":"maille","app_obs":0,"mai":12.28,"mai_bas":9.18,"mai_haut":16.43,"mai_ech":"maille","mai_obs":5,"a12":15.47,"a3":11.45},"geometry":{"type":"Polygon","coordinates":[[[-0.0388,49.2694],[-0.013,49.2792],[-0.0006,49.2819],[0.0009,49.2812],[-0.0071,49.2754],[-0.0089,49.2685],[-0.0063,49.2548],[-0.0103,49.2489],[-0.0222,49.253],[-0.0374,49.2509],[-0.0388,49.2694]]]}},{"type":"Feature","properties":{"code":"14513","nom":"Pont-Farcy","app":null,"app_bas":null,"app_haut":null,"app_ech":null,"app_obs":0,"mai":null,"mai_bas":null,"mai_haut":null,"mai_ech":null,"mai_obs":0,"a12":null,"a3":null},"geometry":{"type":"Polygon","coordinates":[[[-1.0026,48.9369],[-1.0223,48.9381],[-1.0435,48.9336],[-1.0501,48.9272],[-1.0666,48.9194],[-1.0755,48.9214],[-1.0731,48.9289],[-1.0665,48.9301],[-1.0643,48.9425],[-1.0711,48.9451],[-1.0553,48.9508],[-1.0565,48.9586],[-1.0275,48.9626],[-1.0137,48.9541],[-1.0049,48.9539],[-0.9975,48.9503],[-0.9905,48.9508],[-0.989,48.9462],[-1.0026,48.9369]]]}},{"type":"Feature","properties":{"code":"14685","nom":"Thaon","app":13.51,"app_bas":11.73,"app_haut":15.57,"app_ech":"maille","app_obs":48,"mai":11.36,"mai_bas":8.92,"mai_haut":14.45,"mai_ech":"maille","mai_obs":64,"a12":15.12,"a3":11.04},"geometry":{"type":"Polygon","coordinates":[[[-0.4745,49.2698],[-0.45,49.2663],[-0.4421,49.2661],[-0.4147,49.255],[-0.4222,49.246],[-0.4371,49.2446],[-0.4515,49.2461],[-0.464,49.2408],[-0.4734,49.244],[-0.469,49.2535],[-0.474,49.2588],[-0.4745,49.2698]]]}},{"type":"Feature","properties":{"code":"14707","nom":"Tourville-sur-Odon","app":12.3,"app_bas":10.78,"app_haut":14.03,"app_ech":"maille","app_obs":2,"mai":10.69,"mai_bas":8.8,"mai_haut":12.99,"mai_ech":"maille","mai_obs":21,"a12":14.45,"a3":10.33},"geometry":{"type":"Polygon","coordinates":[[[-0.5028,49.1499],[-0.4954,49.1399],[-0.487,49.1355],[-0.4928,49.1354],[-0.5071,49.1264],[-0.5086,49.1343],[-0.5028,49.1499]]]}},{"type":"Feature","properties":{"code":"14296","nom":"Gast","app":null,"app_bas":null,"app_haut":null,"app_ech":null,"app_obs":0,"mai":null,"mai_bas":null,"mai_haut":null,"mai_ech":null,"mai_obs":0,"a12":null,"a3":null},"geometry":{"type":"Polygon","coordinates":[[[-1.0374,48.7828],[-1.0485,48.7811],[-1.0587,48.7733],[-1.0801,48.7779],[-1.0895,48.7815],[-1.1004,48.7897],[-1.095,48.8016],[-1.0699,48.8014],[-1.0537,48.7981],[-1.042,48.814],[-1.035,48.8141],[-1.0266,48.8005],[-1.0374,48.7828]]]}},{"type":"Feature","properties":{"code":"14334","nom":"Hôtellerie","app":10.18,"app_bas":7.99,"app_haut":12.97,"app_ech":"maille","app_obs":10,"mai":8.61,"mai_bas":6.89,"mai_haut":10.75,"mai_ech":"maille","mai_obs":12,"a12":11.59,"a3":8.42},"geometry":{"type":"Polygon","coordinates":[[[0.3874,49.1532],[0.3947,49.1501],[0.4267,49.1469],[0.4324,49.1422],[0.4249,49.1302],[0.4083,49.1286],[0.387,49.136],[0.3844,49.1488],[0.3874,49.1532]]]}},{"type":"Feature","properties":{"code":"14350","nom":"Lande-sur-Drôme","app":null,"app_bas":null,"app_haut":null,"app_ech":null,"app_obs":0,"mai":null,"mai_bas":null,"mai_haut":null,"mai_ech":null,"mai_obs":0,"a12":null,"a3":null},"geometry":{"type":"Polygon","coordinates":[[[-0.8431,49.0776],[-0.8574,49.0689],[-0.8708,49.0646],[-0.8697,49.0689],[-0.8704,49.0736],[-0.8603,49.078],[-0.8431,49.0776]]]}},{"type":"Feature","properties":{"code":"14135","nom":"Carcagny","app":10.97,"app_bas":9.06,"app_haut":13.28,"app_ech":"maille","app_obs":6,"mai":10.36,"mai_bas":8.31,"mai_haut":12.91,"mai_ech":"maille","mai_obs":14,"a12":15.5,"a3":11.04},"geometry":{"type":"Polygon","coordinates":[[[-0.5913,49.2376],[-0.587,49.236],[-0.5916,49.2293],[-0.6119,49.2332],[-0.6289,49.2327],[-0.6366,49.2407],[-0.6334,49.2516],[-0.5913,49.2376]]]}},{"type":"Feature","properties":{"code":"14166","nom":"Colleville-Montgomery","app":13.14,"app_bas":10.8,"app_haut":15.99,"app_ech":"maille","app_obs":38,"mai":11.36,"mai_bas":8.92,"mai_haut":14.45,"mai_ech":"maille","mai_obs":89,"a12":14.99,"a3":11.26},"geometry":{"type":"Polygon","coordinates":[[[-0.2858,49.2714],[-0.3027,49.2574],[-0.3338,49.2656],[-0.3321,49.2682],[-0.3133,49.2774],[-0.2875,49.2946],[-0.2792,49.2928],[-0.2797,49.2835],[-0.2858,49.2714]]]}},{"type":"Feature","properties":{"code":"14576","nom":"Val-de-Vie","app":8.26,"app_bas":6.51,"app_haut":10.48,"app_ech":"maille","app_obs":1,"mai":7.02,"mai_bas":5.5,"mai_haut":8.97,"mai_ech":"maille","mai_obs":5,"a12":9.63,"a3":8.42},"geometry":{"type":"Polygon","coordinates":[[[0.1955,48.9723],[0.1848,48.9617],[0.1818,48.9554],[0.186,48.9497],[0.1873,48.9411],[0.1797,48.9306],[0.1708,48.927],[0.1565,48.9248],[0.148,48.929],[0.1455,48.9422],[0.1366,48.95],[0.1276,48.9522],[0.1311,48.9601],[0.1385,48.9655],[0.1532,48.9817],[0.1766,48.9889],[0.1722,48.9813],[0.1781,48.9727],[0.1955,48.9723]]]}},{"type":"Feature","properties":{"code":"14656","nom":"Saint-Rémy","app":8.6,"app_bas":7.04,"app_haut":10.5,"app_ech":"maille","app_obs":31,"mai":11.71,"mai_bas":9.02,"mai_haut":15.2,"mai_ech":"maille","mai_obs":86,"a12":9.97,"a3":8.08},"geometry":{"type":"Polygon","coordinates":[[[-0.5125,48.9323],[-0.5102,48.9396],[-0.5035,48.9468],[-0.5015,48.9545],[-0.4838,48.9571],[-0.4648,48.9421],[-0.4745,48.9407],[-0.4772,48.9337],[-0.4722,48.9292],[-0.4732,48.9276],[-0.4883,48.926],[-0.4985,48.9268],[-0.5125,48.9323]]]}},{"type":"Feature","properties":{"code":"14662","nom":"Saint-Vigor-des-Mézerets","app":null,"app_bas":null,"app_haut":null,"app_ech":null,"app_obs":0,"mai":null,"mai_bas":null,"mai_haut":null,"mai_ech":null,"mai_obs":0,"a12":null,"a3":null},"geometry":{"type":"Polygon","coordinates":[[[-0.6002,48.9063],[-0.6006,48.9023],[-0.6506,48.8863],[-0.6608,48.8988],[-0.6538,48.9157],[-0.6387,48.9175],[-0.6186,48.9142],[-0.603,48.9092],[-0.6002,48.9063]]]}},{"type":"Feature","properties":{"code":"14016","nom":"Annebault","app":14.1,"app_bas":11.08,"app_haut":17.94,"app_ech":"maille","app_obs":8,"mai":12.28,"mai_bas":9.18,"mai_haut":16.43,"mai_ech":"maille","mai_obs":10,"a12":14.17,"a3":11.77},"geometry":{"type":"Polygon","coordinates":[[[0.0449,49.2635],[0.0568,49.2598],[0.079,49.2481],[0.0642,49.2347],[0.0502,49.2421],[0.0389,49.2423],[0.032,49.2487],[0.0335,49.2527],[0.0449,49.2635]]]}},{"type":"Feature","properties":{"code":"14298","nom":"Géfosse-Fontenay","app":10.77,"app_bas":8.37,"app_haut":13.86,"app_ech":"maille","app_obs":0,"mai":8.3,"mai_bas":6.54,"mai_haut":10.55,"mai_ech":"maille","mai_obs":3,"a12":13.26,"a3":9.02},"geometry":{"type":"Polygon","coordinates":[[[-1.05,49.3543],[-1.059,49.3543],[-1.0663,49.3496],[-1.0767,49.3473],[-1.0817,49.3503],[-1.1134,49.3492],[-1.1154,49.3515],[-1.115,49.3624],[-1.0898,49.3811],[-1.076,49.376],[-1.0501,49.3585],[-1.0461,49.3582],[-1.05,49.3543]]]}},{"type":"Feature","properties":{"code":"14147","nom":"Cernay","app":10.18,"app_bas":7.99,"app_haut":12.97,"app_ech":"maille","app_obs":0,"mai":9.55,"mai_bas":7.4,"mai_haut":12.32,"mai_ech":"maille","mai_obs":2,"a12":13.21,"a3":9.65},"geometry":{"type":"Polygon","coordinates":[[[0.3273,49.0277],[0.3414,49.0226],[0.3387,49.0093],[0.335,49.0063],[0.3224,49.0009],[0.3101,49.0061],[0.3119,49.0177],[0.3077,49.0271],[0.3099,49.0299],[0.3273,49.0277]]]}},{"type":"Feature","properties":{"code":"14200","nom":"Creully","app":11.66,"app_bas":9.79,"app_haut":13.88,"app_ech":"maille","app_obs":37,"mai":9.66,"mai_bas":7.14,"mai_haut":13.07,"mai_ech":"maille","mai_obs":61,"a12":13.84,"a3":10.33},"geometry":{"type":"Polygon","coordinates":[[[-0.5209,49.2757],[-0.5254,49.2703],[-0.5463,49.2644],[-0.5521,49.2669],[-0.5505,49.2825],[-0.5578,49.2835],[-0.5586,49.3011],[-0.5621,49.3079],[-0.5371,49.307],[-0.5363,49.2906],[-0.5258,49.285],[-0.5209,49.2757]]]}},{"type":"Feature","properties":{"code":"14207","nom":"Croisilles","app":11.8,"app_bas":9.98,"app_haut":13.96,"app_ech":"maille","app_obs":12,"mai":9.64,"mai_bas":7.5,"mai_haut":12.38,"mai_ech":"maille","mai_obs":21,"a12":13.03,"a3":9.49},"geometry":{"type":"Polygon","coordinates":[[[-0.4654,49.0257],[-0.4568,49.0225],[-0.4383,49.0108],[-0.4247,49.0114],[-0.4326,48.9921],[-0.4496,48.9849],[-0.4647,48.9864],[-0.4758,48.9986],[-0.4707,49.007],[-0.4745,49.0123],[-0.4654,49.0257]]]}},{"type":"Feature","properties":{"code":"14657","nom":"Saint-Samson","app":12.44,"app_bas":10.51,"app_haut":14.72,"app_ech":"maille","app_obs":11,"mai":11.11,"mai_bas":9.14,"mai_haut":13.5,"mai_ech":"maille","mai_obs":8,"a12":14.11,"a3":10.13},"geometry":{"type":"Polygon","coordinates":[[[-0.1705,49.1988],[-0.1522,49.201],[-0.1392,49.1934],[-0.1329,49.1872],[-0.1391,49.182],[-0.1595,49.1809],[-0.1648,49.1845],[-0.1667,49.195],[-0.1705,49.1988]]]}},{"type":"Feature","properties":{"code":"14236","nom":"Ellon","app":11.76,"app_bas":9.39,"app_haut":14.72,"app_ech":"maille","app_obs":0,"mai":9.66,"mai_bas":7.14,"mai_haut":13.07,"mai_ech":"maille","mai_obs":3,"a12":15.5,"a3":10.33},"geometry":{"type":"Polygon","coordinates":[[[-0.7088,49.2309],[-0.7066,49.2345],[-0.6889,49.2327],[-0.6889,49.2378],[-0.6687,49.242],[-0.659,49.219],[-0.6636,49.2159],[-0.6743,49.2149],[-0.6885,49.2174],[-0.7088,49.2255],[-0.7088,49.2309]]]}},{"type":"Feature","properties":{"code":"14378","nom":"Longueville","app":10.77,"app_bas":8.37,"app_haut":13.86,"app_ech":"maille","app_obs":0,"mai":8.3,"mai_bas":6.54,"mai_haut":10.55,"mai_ech":"maille","mai_obs":1,"a12":11.82,"a3":9.02},"geometry":{"type":"Polygon","coordinates":[[[-0.949,49.3546],[-0.9416,49.3523],[-0.9331,49.3423],[-0.9484,49.3304],[-0.9595,49.3199],[-0.9635,49.3115],[-0.9742,49.3164],[-0.9671,49.3276],[-0.9739,49.3343],[-0.9744,49.3466],[-0.9567,49.3447],[-0.949,49.3546]]]}},{"type":"Feature","properties":{"code":"14556","nom":"Saint-André-sur-Orne","app":12.32,"app_bas":10.54,"app_haut":14.39,"app_ech":"maille","app_obs":9,"mai":11.87,"mai_bas":9.12,"mai_haut":15.46,"mai_ech":"maille","mai_obs":36,"a12":14.57,"a3":11},"geometry":{"type":"Polygon","coordinates":[[[-0.3995,49.1407],[-0.3867,49.1295],[-0.377,49.1301],[-0.3725,49.1198],[-0.3794,49.1151],[-0.3777,49.1058],[-0.3843,49.1079],[-0.3894,49.1186],[-0.4063,49.1281],[-0.4003,49.1375],[-0.3995,49.1407]]]}},{"type":"Feature","properties":{"code":"14620","nom":"Saint-Martin-aux-Chartrains","app":13.39,"app_bas":10,"app_haut":17.92,"app_ech":"maille","app_obs":5,"mai":12.58,"mai_bas":8.71,"mai_haut":18.18,"mai_ech":"maille","mai_obs":18,"a12":15.64,"a3":13.7},"geometry":{"type":"Polygon","coordinates":[[[0.1521,49.2916],[0.1302,49.3075],[0.1532,49.3196],[0.1607,49.318],[0.1791,49.319],[0.1796,49.3173],[0.1707,49.3082],[0.1577,49.3002],[0.1521,49.2916]]]}},{"type":"Feature","properties":{"code":"14681","nom":"Surrain","app":10.77,"app_bas":8.37,"app_haut":13.86,"app_ech":"maille","app_obs":0,"mai":8.3,"mai_bas":6.54,"mai_haut":10.55,"mai_ech":"maille","mai_obs":7,"a12":13.26,"a3":9.02},"geometry":{"type":"Polygon","coordinates":[[[-0.8683,49.3404],[-0.8457,49.3372],[-0.8351,49.3403],[-0.8353,49.3224],[-0.8342,49.3127],[-0.8415,49.315],[-0.8702,49.3195],[-0.8813,49.3272],[-0.8761,49.3405],[-0.8683,49.3404]]]}},{"type":"Feature","properties":{"code":"14006","nom":"Amayé-sur-Orne","app":12.29,"app_bas":10.35,"app_haut":14.6,"app_ech":"maille","app_obs":3,"mai":10.69,"mai_bas":8.8,"mai_haut":12.99,"mai_ech":"maille","mai_obs":38,"a12":14.45,"a3":10.49},"geometry":{"type":"Polygon","coordinates":[[[-0.4602,49.0844],[-0.4474,49.0924],[-0.4389,49.1023],[-0.426,49.104],[-0.4115,49.0968],[-0.4201,49.0916],[-0.4248,49.0853],[-0.4259,49.0823],[-0.4451,49.0805],[-0.4602,49.0844]]]}},{"type":"Feature","properties":{"code":"14412","nom":"Mesnil-au-Grain","app":11.8,"app_bas":9.98,"app_haut":13.96,"app_ech":"maille","app_obs":0,"mai":7.72,"mai_bas":6.01,"mai_haut":9.92,"mai_ech":"maille","mai_obs":2,"a12":13.61,"a3":10.49},"geometry":{"type":"Polygon","coordinates":[[[-0.6091,49.0371],[-0.6128,49.0449],[-0.6235,49.0362],[-0.6341,49.0353],[-0.6347,49.0379],[-0.6201,49.0435],[-0.6188,49.0546],[-0.6053,49.054],[-0.5882,49.0595],[-0.59,49.0498],[-0.5876,49.0432],[-0.6012,49.0375],[-0.6091,49.0371]]]}},{"type":"Feature","properties":{"code":"14215","nom":"Cuverville","app":11.99,"app_bas":10.25,"app_haut":14.03,"app_ech":"maille","app_obs":10,"mai":10.26,"mai_bas":8.42,"mai_haut":12.51,"mai_ech":"maille","mai_obs":44,"a12":14.11,"a3":11.45},"geometry":{"type":"Polygon","coordinates":[[[-0.2737,49.1884],[-0.2755,49.1895],[-0.2682,49.2013],[-0.2598,49.1952],[-0.2468,49.1921],[-0.2473,49.1858],[-0.2737,49.1884]]]}},{"type":"Feature","properties":{"code":"14483","nom":"Ouffières","app":11.8,"app_bas":9.98,"app_haut":13.96,"app_ech":"maille","app_obs":4,"mai":11.71,"mai_bas":9.02,"mai_haut":15.2,"mai_ech":"maille","mai_obs":10,"a12":13.61,"a3":9.49},"geometry":{"type":"Polygon","coordinates":[[[-0.4958,49.0354],[-0.495,49.0296],[-0.4797,49.0271],[-0.465,49.0276],[-0.4654,49.0257],[-0.4745,49.0123],[-0.486,49.0178],[-0.5022,49.021],[-0.5166,49.0262],[-0.5055,49.0363],[-0.4958,49.0354]]]}},{"type":"Feature","properties":{"code":"14484","nom":"Ouilly-du-Houley","app":12.79,"app_bas":10.36,"app_haut":15.8,"app_ech":"maille","app_obs":0,"mai":10.71,"mai_bas":8.13,"mai_haut":14.11,"mai_ech":"maille","mai_obs":16,"a12":14.89,"a3":9.73},"geometry":{"type":"Polygon","coordinates":[[[0.3419,49.1446],[0.3395,49.157],[0.3316,49.1606],[0.3084,49.1612],[0.3168,49.1631],[0.3186,49.1793],[0.3394,49.1814],[0.3596,49.1759],[0.3585,49.1596],[0.3593,49.1476],[0.3419,49.1446]]]}},{"type":"Feature","properties":{"code":"14498","nom":"Pertheville-Ners","app":10.76,"app_bas":8.24,"app_haut":14.06,"app_ech":"maille","app_obs":0,"mai":7.02,"mai_bas":5.5,"mai_haut":8.97,"mai_ech":"maille","mai_obs":11,"a12":10.54,"a3":7.15},"geometry":{"type":"Polygon","coordinates":[[[-0.0764,48.8798],[-0.0871,48.8662],[-0.1068,48.8732],[-0.1156,48.8682],[-0.1259,48.8584],[-0.1355,48.8621],[-0.1412,48.8676],[-0.1298,48.8765],[-0.1185,48.8895],[-0.1014,48.8859],[-0.0957,48.8906],[-0.0814,48.8803],[-0.0764,48.8798]]]}},{"type":"Feature","properties":{"code":"14712","nom":"Troarn","app":12.76,"app_bas":10.78,"app_haut":15.11,"app_ech":"commune","app_obs":195,"mai":10.47,"mai_bas":8.62,"mai_haut":12.72,"mai_ech":"commune","mai_obs":102,"a12":14.12,"a3":11.45},"geometry":{"type":"Polygon","coordinates":[[[-0.1594,49.2135],[-0.1705,49.1988],[-0.1667,49.195],[-0.1648,49.1845],[-0.1595,49.1809],[-0.1601,49.1775],[-0.1726,49.1738],[-0.1959,49.1748],[-0.2024,49.1721],[-0.2061,49.1789],[-0.2,49.1841],[-0.1997,49.1912],[-0.2036,49.1983],[-0.2094,49.2051],[-0.2027,49.2088],[-0.1834,49.2089],[-0.1594,49.2135]]]}},{"type":"Feature","properties":{"code":"14762","nom":"Vire Normandie","app":9.56,"app_bas":7.52,"app_haut":12.15,"app_ech":"commune","app_obs":2764,"mai":7.75,"mai_bas":6.04,"mai_haut":9.95,"mai_ech":"commune","mai_obs":835,"a12":11.24,"a3":8.62},"geometry":{"type":"Polygon","coordinates":[[[-0.8847,48.7571],[-0.8844,48.7609],[-0.8935,48.7661],[-0.9192,48.7708],[-0.9403,48.7786],[-0.9454,48.7847],[-0.9551,48.7869],[-0.9671,48.7861],[-0.9726,48.7888],[-0.9764,48.7969],[-0.9741,48.8046],[-0.9675,48.8084],[-0.9583,48.8056],[-0.9511,48.8071],[-0.932,48.8154],[-0.9364,48.8201],[-0.9439,48.8404],[-0.9532,48.839],[-0.9427,48.8525],[-0.9543,48.86],[-0.9564,48.8712],[-0.9349,48.8734],[-0.9182,48.8815],[-0.8889,48.888],[-0.8843,48.8811],[-0.8619,48.8819],[-0.8435,48.8855],[-0.8314,48.8835],[-0.8263,48.8703],[-0.8283,48.8624],[-0.8228,48.8539],[-0.8175,48.8522],[-0.8168,48.8329],[-0.8043,48.8327],[-0.787,48.8281],[-0.8052,48.819],[-0.8009,48.8117],[-0.7887,48.8085],[-0.7633,48.8144],[-0.7719,48.8007],[-0.7777,48.7951],[-0.7901,48.7896],[-0.7806,48.7867],[-0.7849,48.7812],[-0.7944,48.7769],[-0.7945,48.7729],[-0.8082,48.7601],[-0.827,48.7524],[-0.8409,48.7522],[-0.8359,48.7591],[-0.8248,48.7635],[-0.8203,48.7705],[-0.8406,48.764],[-0.8539,48.7639],[-0.8708,48.7557],[-0.8847,48.7571]]]}},{"type":"Feature","properties":{"code":"14026","nom":"Audrieu","app":10.97,"app_bas":9.06,"app_haut":13.28,"app_ech":"maille","app_obs":1,"mai":9.5,"mai_bas":7.75,"mai_haut":11.65,"mai_ech":"maille","mai_obs":36,"a12":15.5,"a3":11.04},"geometry":{"type":"Polygon","coordinates":[[[-0.6259,49.1901],[-0.6326,49.2035],[-0.6244,49.2128],[-0.6277,49.2185],[-0.6169,49.2172],[-0.595,49.22],[-0.5868,49.2198],[-0.5783,49.2096],[-0.5709,49.2059],[-0.5716,49.1998],[-0.5812,49.201],[-0.5973,49.1884],[-0.6103,49.1903],[-0.6259,49.1901]]]}},{"type":"Feature","properties":{"code":"14424","nom":"Mesnil-Robert","app":8.83,"app_bas":6.94,"app_haut":11.23,"app_ech":"maille","app_obs":1,"mai":6.59,"mai_bas":5.13,"mai_haut":8.46,"mai_ech":"maille","mai_obs":7,"a12":10.58,"a3":7.47},"geometry":{"type":"Polygon","coordinates":[[[-0.9874,48.8756],[-0.9956,48.8857],[-0.9856,48.8885],[-0.9671,48.8869],[-0.9554,48.8803],[-0.9517,48.8715],[-0.9564,48.8712],[-0.9874,48.8756]]]}},{"type":"Feature","properties":{"code":"14221","nom":"Démouville","app":11.99,"app_bas":10.25,"app_haut":14.03,"app_ech":"maille","app_obs":79,"mai":10.26,"mai_bas":8.42,"mai_haut":12.51,"mai_ech":"maille","mai_obs":64,"a12":14.11,"a3":10.13},"geometry":{"type":"Polygon","coordinates":[[[-0.2737,49.1884],[-0.2473,49.1858],[-0.2563,49.1736],[-0.2682,49.1621],[-0.2734,49.1683],[-0.2773,49.1865],[-0.2737,49.1884]]]}},{"type":"Feature","properties":{"code":"14540","nom":"Rocques","app":12.79,"app_bas":10.36,"app_haut":15.8,"app_ech":"maille","app_obs":0,"mai":13.09,"mai_bas":9.57,"mai_haut":17.91,"mai_ech":"maille","mai_obs":4,"a12":14.89,"a3":9.73},"geometry":{"type":"Polygon","coordinates":[[[0.2678,49.1742],[0.2636,49.1611],[0.2575,49.1559],[0.2481,49.1542],[0.2346,49.1596],[0.235,49.177],[0.2408,49.1843],[0.2424,49.185],[0.2518,49.1828],[0.2678,49.1742]]]}},{"type":"Feature","properties":{"code":"14603","nom":"Saint-Laurent-de-Condel","app":12.29,"app_bas":10.35,"app_haut":14.6,"app_ech":"maille","app_obs":4,"mai":9.64,"mai_bas":7.5,"mai_haut":12.38,"mai_ech":"maille","mai_obs":25,"a12":13.03,"a3":10.49},"geometry":{"type":"Polygon","coordinates":[[[-0.4078,49.0534],[-0.4064,49.0458],[-0.4125,49.0375],[-0.3921,49.0343],[-0.3835,49.0303],[-0.3765,49.0352],[-0.367,49.0359],[-0.353,49.0282],[-0.3669,49.0162],[-0.3802,49.0143],[-0.4027,49.0074],[-0.4197,49.0122],[-0.4167,49.0234],[-0.4209,49.0319],[-0.4195,49.0456],[-0.4232,49.0493],[-0.4078,49.0534]]]}},{"type":"Feature","properties":{"code":"14728","nom":"Vaucelles","app":11.76,"app_bas":9.39,"app_haut":14.72,"app_ech":"maille","app_obs":0,"mai":9.66,"mai_bas":7.14,"mai_haut":13.07,"mai_ech":"maille","mai_obs":14,"a12":12.5,"a3":11.04},"geometry":{"type":"Polygon","coordinates":[[[-0.7257,49.2698],[-0.7295,49.2681],[-0.7451,49.2748],[-0.7352,49.2804],[-0.7419,49.2848],[-0.7595,49.2905],[-0.7571,49.294],[-0.7214,49.2932],[-0.7253,49.2796],[-0.7257,49.2698]]]}},{"type":"Feature","properties":{"code":"14081","nom":"Boissey","app":null,"app_bas":null,"app_haut":null,"app_ech":null,"app_obs":0,"mai":null,"mai_bas":null,"mai_haut":null,"mai_ech":null,"mai_obs":0,"a12":null,"a3":null},"geometry":{"type":"Polygon","coordinates":[[[0.0673,49.0282],[0.0759,49.0239],[0.0662,49.0147],[0.0573,49.0112],[0.0427,49.0097],[0.0242,49.0197],[0.0216,49.0245],[0.048,49.0275],[0.0673,49.0282]]]}},{"type":"Feature","properties":{"code":"14102","nom":"Breuil-en-Auge","app":13.39,"app_bas":10,"app_haut":17.92,"app_ech":"maille","app_obs":14,"mai":13.09,"mai_bas":9.57,"mai_haut":17.91,"mai_ech":"maille","mai_obs":41,"a12":16.43,"a3":9.73},"geometry":{"type":"Polygon","coordinates":[[[0.2132,49.2398],[0.2191,49.2361],[0.2347,49.2365],[0.2398,49.233],[0.258,49.2247],[0.2515,49.2152],[0.2342,49.2205],[0.231,49.2134],[0.2205,49.2137],[0.2138,49.2208],[0.1964,49.2201],[0.1862,49.2254],[0.1876,49.2304],[0.1872,49.2346],[0.1953,49.2405],[0.2132,49.2398]]]}},{"type":"Feature","properties":{"code":"14293","nom":"Fumichon","app":12.79,"app_bas":10.36,"app_haut":15.8,"app_ech":"maille","app_obs":0,"mai":10.71,"mai_bas":8.13,"mai_haut":14.11,"mai_ech":"maille","mai_obs":8,"a12":14.89,"a3":9.73},"geometry":{"type":"Polygon","coordinates":[[[0.3919,49.1785],[0.3911,49.1618],[0.3858,49.1541],[0.3585,49.1596],[0.3596,49.1759],[0.3881,49.1898],[0.3919,49.1785]]]}},{"type":"Feature","properties":{"code":"14297","nom":"Gavrus","app":12.3,"app_bas":10.78,"app_haut":14.03,"app_ech":"maille","app_obs":0,"mai":9.5,"mai_bas":7.75,"mai_haut":11.65,"mai_ech":"maille","mai_obs":10,"a12":14.45,"a3":10.33},"geometry":{"type":"Polygon","coordinates":[[[-0.5085,49.1246],[-0.489,49.1136],[-0.4956,49.1104],[-0.5017,49.1091],[-0.5108,49.1093],[-0.525,49.119],[-0.5228,49.1225],[-0.5085,49.1246]]]}},{"type":"Feature","properties":{"code":"14313","nom":"Grandchamp-le-Château","app":null,"app_bas":null,"app_haut":null,"app_ech":null,"app_obs":0,"mai":null,"mai_bas":null,"mai_haut":null,"mai_ech":null,"mai_obs":0,"a12":null,"a3":null},"geometry":{"type":"Polygon","coordinates":[[[0.0669,49.0763],[0.0534,49.0795],[0.0602,49.083],[0.0698,49.0925],[0.076,49.0903],[0.0909,49.0945],[0.0936,49.0886],[0.0908,49.0816],[0.0792,49.0757],[0.0669,49.0763]]]}},{"type":"Feature","properties":{"code":"14403","nom":"Marolles","app":10.54,"app_bas":8.89,"app_haut":12.5,"app_ech":"maille","app_obs":1,"mai":10.71,"mai_bas":8.13,"mai_haut":14.11,"mai_ech":"maille","mai_obs":14,"a12":13.21,"a3":9.65},"geometry":{"type":"Polygon","coordinates":[[[0.3599,49.1235],[0.3568,49.1296],[0.3433,49.1257],[0.3344,49.1308],[0.3332,49.1433],[0.3593,49.1476],[0.3585,49.1596],[0.3874,49.1532],[0.3844,49.1488],[0.387,49.136],[0.4083,49.1286],[0.4097,49.1222],[0.4094,49.1209],[0.3782,49.127],[0.3599,49.1235]]]}},{"type":"Feature","properties":{"code":"14197","nom":"Cresserons","app":13.2,"app_bas":10.6,"app_haut":16.42,"app_ech":"maille","app_obs":2,"mai":11.45,"mai_bas":9.06,"mai_haut":14.46,"mai_ech":"maille","mai_obs":23,"a12":14.99,"a3":11.22},"geometry":{"type":"Polygon","coordinates":[[[-0.3753,49.2763],[-0.3772,49.2765],[-0.3636,49.2934],[-0.3564,49.2994],[-0.332,49.2887],[-0.3491,49.2789],[-0.3617,49.2829],[-0.3753,49.2763]]]}},{"type":"Feature","properties":{"code":"14061","nom":"Souleuvre en Bocage","app":9.05,"app_bas":7.41,"app_haut":11.05,"app_ech":"commune","app_obs":147,"mai":7.35,"mai_bas":5.79,"mai_haut":9.32,"mai_ech":"commune","mai_obs":488,"a12":10.58,"a3":7.8},"geometry":{"type":"Polygon","coordinates":[[[-0.8314,48.8835],[-0.8435,48.8855],[-0.8619,48.8819],[-0.8843,48.8811],[-0.8889,48.888],[-0.9182,48.8815],[-0.9068,48.8936],[-0.9157,48.902],[-0.9253,48.907],[-0.9495,48.9063],[-0.9588,48.914],[-0.9627,48.9264],[-0.9713,48.928],[-0.9636,48.938],[-0.9684,48.9436],[-0.9832,48.9378],[-0.989,48.9462],[-0.9905,48.9508],[-0.9708,48.9573],[-0.9557,48.9662],[-0.9427,48.9677],[-0.9295,48.9796],[-0.9136,48.991],[-0.9051,49.0114],[-0.8954,49.0117],[-0.8856,49.0224],[-0.8695,49.027],[-0.8528,49.0257],[-0.8472,49.0347],[-0.8325,49.0322],[-0.8234,49.0332],[-0.8096,49.0382],[-0.7931,49.0326],[-0.7851,49.0359],[-0.7833,49.0426],[-0.7796,49.0431],[-0.7853,49.0343],[-0.7831,49.0275],[-0.7832,49.0231],[-0.7794,49.021],[-0.7957,49.0155],[-0.7961,49.0098],[-0.8026,49.0005],[-0.8094,48.9961],[-0.8029,48.9831],[-0.7904,48.9817],[-0.7743,48.9833],[-0.7652,48.9823],[-0.7549,48.9773],[-0.7599,48.9739],[-0.7317,48.9616],[-0.7129,48.97],[-0.6901,48.9634],[-0.6953,48.9558],[-0.6979,48.9418],[-0.7046,48.9364],[-0.7054,48.9302],[-0.7831,48.9353],[-0.7979,48.9349],[-0.8134,48.9097],[-0.8245,48.9038],[-0.818,48.8878],[-0.8314,48.8835]]]}},{"type":"Feature","properties":{"code":"14092","nom":"Bourguébus","app":12.32,"app_bas":10.54,"app_haut":14.39,"app_ech":"maille","app_obs":45,"mai":10.7,"mai_bas":8.68,"mai_haut":13.19,"mai_ech":"commune","mai_obs":168,"a12":14.17,"a3":9.49},"geometry":{"type":"Polygon","coordinates":[[[-0.303,49.1316],[-0.306,49.1245],[-0.2678,49.1198],[-0.2628,49.1176],[-0.2755,49.1031],[-0.2821,49.104],[-0.2813,49.1056],[-0.3148,49.1168],[-0.319,49.1197],[-0.3117,49.1212],[-0.303,49.1316]]]}},{"type":"Feature","properties":{"code":"14288","nom":"Fresne-Camilly","app":13.51,"app_bas":11.73,"app_haut":15.57,"app_ech":"maille","app_obs":6,"mai":10.7,"mai_bas":8.67,"mai_haut":13.21,"mai_ech":"maille","mai_obs":13,"a12":15.12,"a3":11.16},"geometry":{"type":"Polygon","coordinates":[[[-0.4966,49.2433],[-0.4937,49.2514],[-0.5183,49.2536],[-0.5098,49.2608],[-0.4989,49.2604],[-0.4928,49.2737],[-0.4745,49.2698],[-0.474,49.2588],[-0.469,49.2535],[-0.4734,49.244],[-0.4836,49.2383],[-0.4966,49.2433]]]}},{"type":"Feature","properties":{"code":"14348","nom":"Juvigny-sur-Seulles","app":10.97,"app_bas":9.06,"app_haut":13.28,"app_ech":"maille","app_obs":0,"mai":9.5,"mai_bas":7.75,"mai_haut":11.65,"mai_ech":"maille","mai_obs":0,"a12":13.26,"a3":10.33},"geometry":{"type":"Polygon","coordinates":[[[-0.6144,49.1662],[-0.5879,49.1601],[-0.5863,49.145],[-0.6017,49.1491],[-0.6216,49.1512],[-0.6222,49.1527],[-0.6144,49.1662]]]}},{"type":"Feature","properties":{"code":"14354","nom":"Langrune-sur-Mer","app":14.11,"app_bas":11.28,"app_haut":17.65,"app_ech":"commune","app_obs":176,"mai":11.36,"mai_bas":8.92,"mai_haut":14.45,"mai_ech":"maille","mai_obs":67,"a12":16.37,"a3":11.26},"geometry":{"type":"Polygon","coordinates":[[[-0.4013,49.3116],[-0.3889,49.3154],[-0.3777,49.3223],[-0.3758,49.3272],[-0.3595,49.3222],[-0.3636,49.313],[-0.3721,49.301],[-0.3897,49.3024],[-0.4013,49.3116]]]}},{"type":"Feature","properties":{"code":"14357","nom":"Lassy","app":8.6,"app_bas":7.04,"app_haut":10.5,"app_ech":"maille","app_obs":1,"mai":7.21,"mai_bas":5.67,"mai_haut":9.16,"mai_ech":"maille","mai_obs":15,"a12":8.72,"a3":6.93},"geometry":{"type":"Polygon","coordinates":[[[-0.7054,48.9302],[-0.7046,48.9364],[-0.6979,48.9418],[-0.6773,48.928],[-0.6793,48.9218],[-0.6711,48.915],[-0.6634,48.9134],[-0.6538,48.9157],[-0.6608,48.8988],[-0.6779,48.8925],[-0.6922,48.8926],[-0.701,48.9036],[-0.7064,48.914],[-0.708,48.9227],[-0.7054,48.9302]]]}},{"type":"Feature","properties":{"code":"14413","nom":"Mesnil-Auzouf","app":null,"app_bas":null,"app_haut":null,"app_ech":null,"app_obs":0,"mai":null,"mai_bas":null,"mai_haut":null,"mai_ech":null,"mai_obs":0,"a12":null,"a3":null},"geometry":{"type":"Polygon","coordinates":[[[-0.7469,48.9975],[-0.7427,48.9967],[-0.7389,48.9893],[-0.7157,48.9824],[-0.7056,48.9682],[-0.7129,48.97],[-0.7317,48.9616],[-0.7599,48.9739],[-0.7549,48.9773],[-0.7652,48.9823],[-0.7469,48.9975]]]}},{"type":"Feature","properties":{"code":"14415","nom":"Mesnil-Benoist","app":null,"app_bas":null,"app_haut":null,"app_ech":null,"app_obs":0,"mai":null,"mai_bas":null,"mai_haut":null,"mai_ech":null,"mai_obs":0,"a12":null,"a3":null},"geometry":{"type":"Polygon","coordinates":[[[-0.9913,48.8586],[-0.9986,48.8657],[-0.9874,48.8756],[-0.9564,48.8712],[-0.9913,48.8586]]]}},{"type":"Feature","properties":{"code":"14437","nom":"Mondeville","app":12.8,"app_bas":10.94,"app_haut":14.97,"app_ech":"commune","app_obs":1360,"mai":10.4,"mai_bas":8.51,"mai_haut":12.71,"mai_ech":"commune","mai_obs":247,"a12":14.82,"a3":11.69},"geometry":{"type":"Polygon","coordinates":[[[-0.2853,49.15],[-0.3128,49.1566],[-0.3362,49.1669],[-0.3312,49.1772],[-0.3335,49.1858],[-0.3256,49.1909],[-0.3154,49.186],[-0.3043,49.1823],[-0.293,49.1672],[-0.2863,49.1651],[-0.2853,49.15]]]}},{"type":"Feature","properties":{"code":"14535","nom":"Reviers","app":12.57,"app_bas":10.15,"app_haut":15.55,"app_ech":"maille","app_obs":10,"mai":11.36,"mai_bas":8.92,"mai_haut":14.45,"mai_ech":"maille","mai_obs":12,"a12":15.5,"a3":11.04},"geometry":{"type":"Polygon","coordinates":[[[-0.4826,49.2824],[-0.4763,49.2931],[-0.4804,49.2984],[-0.4703,49.3046],[-0.4682,49.3137],[-0.4649,49.314],[-0.4477,49.3046],[-0.4467,49.3023],[-0.4578,49.2932],[-0.4791,49.2813],[-0.4826,49.2824]]]}},{"type":"Feature","properties":{"code":"14022","nom":"Asnelles","app":12.81,"app_bas":10.42,"app_haut":15.76,"app_ech":"maille","app_obs":12,"mai":9.66,"mai_bas":7.14,"mai_haut":13.07,"mai_ech":"maille","mai_obs":26,"a12":13.84,"a3":11.04},"geometry":{"type":"Polygon","coordinates":[[[-0.5726,49.3434],[-0.5762,49.33],[-0.5797,49.3255],[-0.5893,49.3239],[-0.5935,49.3259],[-0.5935,49.3409],[-0.5726,49.3434]]]}},{"type":"Feature","properties":{"code":"14103","nom":"Breuil-en-Bessin","app":9.51,"app_bas":7.29,"app_haut":12.41,"app_ech":"maille","app_obs":7,"mai":10.73,"mai_bas":8.31,"mai_haut":13.85,"mai_ech":"maille","mai_obs":2,"a12":13.26,"a3":7.47},"geometry":{"type":"Polygon","coordinates":[[[-0.8777,49.2482],[-0.867,49.2593],[-0.8601,49.2637],[-0.8476,49.2671],[-0.8419,49.2625],[-0.8426,49.2552],[-0.8386,49.2495],[-0.8511,49.2443],[-0.8614,49.2433],[-0.8669,49.2473],[-0.8777,49.2482]]]}},{"type":"Feature","properties":{"code":"14338","nom":"Houlgate","app":16.52,"app_bas":13.05,"app_haut":20.91,"app_ech":"commune","app_obs":205,"mai":12.28,"mai_bas":9.18,"mai_haut":16.43,"mai_ech":"maille","mai_obs":27,"a12":15.1,"a3":11.77},"geometry":{"type":"Polygon","coordinates":[[[-0.0898,49.2948],[-0.0823,49.3017],[-0.0662,49.307],[-0.0484,49.3061],[-0.0457,49.3034],[-0.0484,49.2936],[-0.0687,49.2893],[-0.0847,49.2873],[-0.0898,49.2948]]]}},{"type":"Feature","properties":{"code":"14206","nom":"Crocy","app":10.76,"app_bas":8.24,"app_haut":14.06,"app_ech":"maille","app_obs":2,"mai":7.02,"mai_bas":5.5,"mai_haut":8.97,"mai_ech":"maille","mai_obs":4,"a12":11.58,"a3":8.19},"geometry":{"type":"Polygon","coordinates":[[[-0.0346,48.8983],[-0.0297,48.8933],[-0.0367,48.8889],[-0.0288,48.8827],[-0.0311,48.8737],[-0.0308,48.8697],[-0.038,48.8639],[-0.059,48.8535],[-0.063,48.8661],[-0.0824,48.8726],[-0.0764,48.8798],[-0.0472,48.8962],[-0.0346,48.8983]]]}},{"type":"Feature","properties":{"code":"14475","nom":"Noyers-Missy","app":10.97,"app_bas":9.06,"app_haut":13.28,"app_ech":"maille","app_obs":26,"mai":9.5,"mai_bas":7.75,"mai_haut":11.65,"mai_ech":"maille","mai_obs":80,"a12":13.61,"a3":10.33},"geometry":{"type":"Polygon","coordinates":[[[-0.6079,49.101],[-0.617,49.0968],[-0.6172,49.0984],[-0.6042,49.1043],[-0.5888,49.127],[-0.5879,49.1325],[-0.5807,49.1431],[-0.5528,49.1395],[-0.5437,49.1365],[-0.5228,49.1225],[-0.525,49.119],[-0.538,49.1097],[-0.5617,49.1125],[-0.5744,49.1099],[-0.5861,49.1126],[-0.6079,49.101]]]}},{"type":"Feature","properties":{"code":"14600","nom":"Saint-Julien-le-Faucon","app":null,"app_bas":null,"app_haut":null,"app_ech":null,"app_obs":0,"mai":null,"mai_bas":null,"mai_haut":null,"mai_ech":null,"mai_obs":0,"a12":null,"a3":null},"geometry":{"type":"Polygon","coordinates":[[[0.0953,49.0724],[0.1001,49.0716],[0.084,49.0566],[0.0631,49.0669],[0.0669,49.0763],[0.0792,49.0757],[0.0856,49.072],[0.0953,49.0724]]]}},{"type":"Feature","properties":{"code":"14066","nom":"Bernières-sur-Mer","app":12.57,"app_bas":10.15,"app_haut":15.55,"app_ech":"maille","app_obs":76,"mai":11.08,"mai_bas":8.89,"mai_haut":13.8,"mai_ech":"commune","mai_obs":106,"a12":15.5,"a3":11.26},"geometry":{"type":"Polygon","coordinates":[[[-0.4119,49.2964],[-0.4249,49.3042],[-0.4293,49.3038],[-0.434,49.3251],[-0.4336,49.335],[-0.411,49.3352],[-0.3975,49.3331],[-0.4073,49.3143],[-0.4119,49.2964]]]}},{"type":"Feature","properties":{"code":"14088","nom":"Bons-Tassilly","app":9.38,"app_bas":7.49,"app_haut":11.74,"app_ech":"maille","app_obs":1,"mai":9.64,"mai_bas":7.5,"mai_haut":12.38,"mai_ech":"maille","mai_obs":16,"a12":13.03,"a3":9.49},"geometry":{"type":"Polygon","coordinates":[[[-0.288,48.9627],[-0.277,48.9676],[-0.27,48.9668],[-0.2646,48.9644],[-0.2375,48.9624],[-0.2267,48.9652],[-0.2242,48.9698],[-0.1951,48.9671],[-0.19,48.9548],[-0.2107,48.9485],[-0.2257,48.9466],[-0.2263,48.9484],[-0.2538,48.9568],[-0.2646,48.955],[-0.2723,48.9616],[-0.288,48.9627]]]}},{"type":"Feature","properties":{"code":"14377","nom":"Longues-sur-Mer","app":12.81,"app_bas":10.42,"app_haut":15.76,"app_ech":"maille","app_obs":6,"mai":9.66,"mai_bas":7.14,"mai_haut":13.07,"mai_ech":"maille","mai_obs":13,"a12":13.84,"a3":10.49},"geometry":{"type":"Polygon","coordinates":[[[-0.6832,49.3116],[-0.6874,49.3114],[-0.6978,49.3188],[-0.7125,49.3144],[-0.7218,49.3245],[-0.7192,49.3264],[-0.7191,49.347],[-0.6955,49.3473],[-0.6676,49.346],[-0.6712,49.334],[-0.6632,49.3302],[-0.6649,49.3245],[-0.676,49.3209],[-0.6832,49.3116]]]}},{"type":"Feature","properties":{"code":"14224","nom":"Deux-Jumeaux","app":10.77,"app_bas":8.37,"app_haut":13.86,"app_ech":"maille","app_obs":0,"mai":8.3,"mai_bas":6.54,"mai_haut":10.55,"mai_ech":"maille","mai_obs":0,"a12":11.82,"a3":9.02},"geometry":{"type":"Polygon","coordinates":[[[-0.9862,49.3617],[-0.9741,49.3644],[-0.9544,49.3574],[-0.949,49.3546],[-0.9567,49.3447],[-0.9744,49.3466],[-0.979,49.3476],[-0.9862,49.3617]]]}},{"type":"Feature","properties":{"code":"14500","nom":"Pierrefitte-en-Auge","app":13.39,"app_bas":10,"app_haut":17.92,"app_ech":"maille","app_obs":2,"mai":9.6,"mai_bas":7.31,"mai_haut":12.6,"mai_ech":"maille","mai_obs":0,"a12":14.89,"a3":10.62},"geometry":{"type":"Polygon","coordinates":[[[0.2132,49.2398],[0.1953,49.2405],[0.1851,49.2528],[0.1872,49.2659],[0.2077,49.2733],[0.213,49.263],[0.2109,49.253],[0.2132,49.2398]]]}},{"type":"Feature","properties":{"code":"14622","nom":"Saint-Martin-de-Blagny","app":9.51,"app_bas":7.29,"app_haut":12.41,"app_ech":"maille","app_obs":1,"mai":10.73,"mai_bas":8.31,"mai_haut":13.85,"mai_ech":"maille","mai_obs":2,"a12":13.26,"a3":7.47},"geometry":{"type":"Polygon","coordinates":[[[-0.9677,49.2468],[-0.965,49.2511],[-0.9526,49.2561],[-0.9496,49.2598],[-0.9372,49.2631],[-0.9265,49.2689],[-0.9061,49.2695],[-0.9016,49.2676],[-0.9069,49.265],[-0.9137,49.2667],[-0.9267,49.2562],[-0.9293,49.2381],[-0.9334,49.2424],[-0.9427,49.2414],[-0.95,49.2273],[-0.963,49.2257],[-0.9616,49.2378],[-0.968,49.2408],[-0.9677,49.2468]]]}},{"type":"Feature","properties":{"code":"14648","nom":"Saint-Pierre-des-Ifs","app":10.89,"app_bas":8.89,"app_haut":13.35,"app_ech":"maille","app_obs":0,"mai":8.94,"mai_bas":7.09,"mai_haut":11.29,"mai_ech":"maille","mai_obs":2,"a12":14.89,"a3":9.65},"geometry":{"type":"Polygon","coordinates":[[[0.1987,49.1117],[0.1899,49.1096],[0.1765,49.1005],[0.1604,49.101],[0.1514,49.0994],[0.1457,49.0928],[0.1383,49.1134],[0.1387,49.123],[0.147,49.1324],[0.1635,49.1363],[0.1719,49.1272],[0.1853,49.117],[0.1964,49.1145],[0.1987,49.1117]]]}},{"type":"Feature","properties":{"code":"14757","nom":"Villiers-le-Sec","app":null,"app_bas":null,"app_haut":null,"app_ech":null,"app_obs":0,"mai":null,"mai_bas":null,"mai_haut":null,"mai_ech":null,"mai_obs":0,"a12":null,"a3":null},"geometry":{"type":"Polygon","coordinates":[[[-0.5732,49.2899],[-0.5678,49.3077],[-0.5621,49.3079],[-0.5586,49.3011],[-0.5578,49.2835],[-0.5708,49.2798],[-0.5732,49.2899]]]}},{"type":"Feature","properties":{"code":"14342","nom":"Isigny-sur-Mer","app":9.95,"app_bas":7.76,"app_haut":12.76,"app_ech":"commune","app_obs":302,"mai":8.14,"mai_bas":6.41,"mai_haut":10.35,"mai_ech":"commune","mai_obs":109,"a12":12.21,"a3":8.64},"geometry":{"type":"Polygon","coordinates":[[[-1.1133,49.3267],[-1.1032,49.3213],[-1.088,49.3215],[-1.0774,49.3167],[-1.0603,49.3186],[-1.0577,49.3046],[-1.0671,49.2979],[-1.0731,49.2993],[-1.0855,49.2928],[-1.1058,49.2927],[-1.1181,49.2893],[-1.1272,49.2837],[-1.1368,49.293],[-1.1401,49.2974],[-1.1395,49.3099],[-1.1133,49.3267]]]}},{"type":"Feature","properties":{"code":"14450","nom":"Montviette","app":null,"app_bas":null,"app_haut":null,"app_ech":null,"app_obs":0,"mai":null,"mai_bas":null,"mai_haut":null,"mai_ech":null,"mai_obs":0,"a12":null,"a3":null},"geometry":{"type":"Polygon","coordinates":[[[0.1157,49.0067],[0.1077,48.9885],[0.1114,48.9866],[0.1037,48.974],[0.0847,48.971],[0.0862,48.9843],[0.0818,48.9961],[0.077,49.0015],[0.1157,49.0067]]]}},{"type":"Feature","properties":{"code":"14520","nom":"Pré-d'Auge","app":10.8,"app_bas":8.79,"app_haut":13.25,"app_ech":"maille","app_obs":0,"mai":8.94,"mai_bas":7.09,"mai_haut":11.29,"mai_ech":"maille","mai_obs":27,"a12":14.89,"a3":9.65},"geometry":{"type":"Polygon","coordinates":[[[0.1263,49.1507],[0.1326,49.16],[0.1621,49.1717],[0.1733,49.1697],[0.1665,49.1601],[0.1619,49.146],[0.1635,49.1363],[0.147,49.1324],[0.1193,49.1373],[0.1026,49.1384],[0.1252,49.1454],[0.1263,49.1507]]]}},{"type":"Feature","properties":{"code":"14538","nom":"Rocquancourt","app":12.32,"app_bas":10.54,"app_haut":14.39,"app_ech":"maille","app_obs":60,"mai":9.19,"mai_bas":7.45,"mai_haut":11.33,"mai_ech":"maille","mai_obs":61,"a12":13.03,"a3":9.49},"geometry":{"type":"Polygon","coordinates":[[[-0.3133,49.0829],[-0.3296,49.092],[-0.3265,49.103],[-0.3244,49.1063],[-0.3082,49.1032],[-0.3069,49.0916],[-0.3133,49.0829]]]}},{"type":"Feature","properties":{"code":"14571","nom":"Saint-Denis-de-Mailloc","app":10.18,"app_bas":7.99,"app_haut":12.97,"app_ech":"maille","app_obs":2,"mai":9.55,"mai_bas":7.4,"mai_haut":12.32,"mai_ech":"maille","mai_obs":4,"a12":13.21,"a3":8.42},"geometry":{"type":"Polygon","coordinates":[[[0.3083,49.0855],[0.3046,49.0971],[0.2971,49.105],[0.306,49.1115],[0.3322,49.0986],[0.337,49.0953],[0.3208,49.0878],[0.3083,49.0855]]]}},{"type":"Feature","properties":{"code":"14574","nom":"Saint-Désir","app":10.8,"app_bas":8.79,"app_haut":13.25,"app_ech":"maille","app_obs":21,"mai":13.09,"mai_bas":9.57,"mai_haut":17.91,"mai_ech":"maille","mai_obs":66,"a12":13.21,"a3":9.65},"geometry":{"type":"Polygon","coordinates":[[[0.1635,49.1363],[0.1619,49.146],[0.1665,49.1601],[0.1733,49.1697],[0.1837,49.1789],[0.1902,49.168],[0.2006,49.163],[0.2068,49.1632],[0.2181,49.1565],[0.2191,49.1505],[0.2085,49.1472],[0.2088,49.1406],[0.2226,49.1414],[0.2218,49.1261],[0.2051,49.1214],[0.1964,49.1145],[0.1853,49.117],[0.1719,49.1272],[0.1635,49.1363]]]}},{"type":"Feature","properties":{"code":"14711","nom":"Trévières","app":9.71,"app_bas":7.83,"app_haut":12.03,"app_ech":"maille","app_obs":61,"mai":8.3,"mai_bas":6.54,"mai_haut":10.55,"mai_ech":"maille","mai_obs":56,"a12":11.82,"a3":7.04},"geometry":{"type":"Polygon","coordinates":[[[-0.8888,49.316],[-0.8942,49.3046],[-0.8879,49.2974],[-0.8964,49.2933],[-0.905,49.2797],[-0.9119,49.2845],[-0.9187,49.2809],[-0.938,49.2829],[-0.94,49.2878],[-0.9431,49.3044],[-0.9407,49.3089],[-0.9186,49.3126],[-0.9161,49.3199],[-0.8888,49.316]]]}},{"type":"Feature","properties":{"code":"14002","nom":"Acqueville","app":null,"app_bas":null,"app_haut":null,"app_ech":null,"app_obs":0,"mai":null,"mai_bas":null,"mai_haut":null,"mai_ech":null,"mai_obs":0,"a12":null,"a3":null},"geometry":{"type":"Polygon","coordinates":[[[-0.3718,48.9844],[-0.3548,48.9785],[-0.3478,48.9634],[-0.3673,48.9578],[-0.3767,48.9576],[-0.3947,48.9729],[-0.3835,48.9816],[-0.3718,48.9844]]]}},{"type":"Feature","properties":{"code":"14085","nom":"Bonneville-la-Louvet","app":10.46,"app_bas":8.16,"app_haut":13.41,"app_ech":"maille","app_obs":7,"mai":9.6,"mai_bas":7.31,"mai_haut":12.6,"mai_ech":"maille","mai_obs":14,"a12":13.35,"a3":10.62},"geometry":{"type":"Polygon","coordinates":[[[0.309,49.2832],[0.3133,49.2801],[0.3263,49.2791],[0.3311,49.2851],[0.3446,49.2953],[0.3657,49.2951],[0.3836,49.2858],[0.3828,49.264],[0.3654,49.2621],[0.3397,49.2529],[0.3114,49.2532],[0.2961,49.2691],[0.2889,49.2721],[0.3077,49.2836],[0.309,49.2832]]]}},{"type":"Feature","properties":{"code":"14307","nom":"Goupillières","app":null,"app_bas":null,"app_haut":null,"app_ech":null,"app_obs":0,"mai":null,"mai_bas":null,"mai_haut":null,"mai_ech":null,"mai_obs":0,"a12":null,"a3":null},"geometry":{"type":"Polygon","coordinates":[[[-0.4659,49.0371],[-0.4663,49.032],[-0.465,49.0276],[-0.4797,49.0271],[-0.495,49.0296],[-0.4958,49.0354],[-0.4905,49.0375],[-0.4659,49.0371]]]}},{"type":"Feature","properties":{"code":"14311","nom":"Grainville-sur-Odon","app":12.3,"app_bas":10.78,"app_haut":14.03,"app_ech":"maille","app_obs":2,"mai":9.5,"mai_bas":7.75,"mai_haut":11.65,"mai_ech":"maille","mai_obs":27,"a12":13.61,"a3":11.04},"geometry":{"type":"Polygon","coordinates":[[[-0.5212,49.1529],[-0.5215,49.1386],[-0.5194,49.1309],[-0.5121,49.1242],[-0.5228,49.1225],[-0.5437,49.1365],[-0.5528,49.1395],[-0.5472,49.1479],[-0.5212,49.1529]]]}},{"type":"Feature","properties":{"code":"14399","nom":"Manneville-la-Pipard","app":13.39,"app_bas":10,"app_haut":17.92,"app_ech":"maille","app_obs":3,"mai":13.09,"mai_bas":9.57,"mai_haut":17.91,"mai_ech":"maille","mai_obs":4,"a12":14.89,"a3":10.62},"geometry":{"type":"Polygon","coordinates":[[[0.2403,49.2506],[0.2214,49.2545],[0.2109,49.253],[0.213,49.263],[0.208,49.2728],[0.2249,49.2775],[0.2485,49.2747],[0.2497,49.2735],[0.2423,49.2672],[0.2455,49.2628],[0.2403,49.2506]]]}},{"type":"Feature","properties":{"code":"14169","nom":"Colombiers-sur-Seulles","app":12.57,"app_bas":10.15,"app_haut":15.55,"app_ech":"maille","app_obs":5,"mai":11.36,"mai_bas":8.92,"mai_haut":14.45,"mai_ech":"maille","mai_obs":0,"a12":15.5,"a3":11.04},"geometry":{"type":"Polygon","coordinates":[[[-0.5123,49.3089],[-0.4961,49.3035],[-0.4832,49.2972],[-0.4978,49.2928],[-0.5179,49.2924],[-0.5198,49.3085],[-0.5123,49.3089]]]}},{"type":"Feature","properties":{"code":"14452","nom":"Morteaux-Coulibœuf","app":10.76,"app_bas":8.24,"app_haut":14.06,"app_ech":"maille","app_obs":3,"mai":8.14,"mai_bas":6.46,"mai_haut":10.26,"mai_ech":"maille","mai_obs":14,"a12":10.54,"a3":8.19},"geometry":{"type":"Polygon","coordinates":[[[-0.0449,48.9109],[-0.0607,48.9097],[-0.0835,48.9124],[-0.1127,48.9046],[-0.1139,48.9134],[-0.0977,48.9186],[-0.1102,48.9308],[-0.1016,48.9356],[-0.0813,48.9372],[-0.0811,48.9424],[-0.0632,48.9443],[-0.0622,48.9402],[-0.0641,48.9358],[-0.0597,48.9251],[-0.0449,48.9109]]]}},{"type":"Feature","properties":{"code":"14619","nom":"Sainte-Marie-Outre-l'Eau","app":10.2,"app_bas":8.27,"app_haut":12.58,"app_ech":"maille","app_obs":0,"mai":6.88,"mai_bas":5.42,"mai_haut":8.73,"mai_ech":"maille","mai_obs":2,"a12":10.58,"a3":7.47},"geometry":{"type":"Polygon","coordinates":[[[-1.0026,48.9369],[-0.9945,48.9323],[-0.9907,48.926],[-1.0136,48.9217],[-1.0226,48.9271],[-1.036,48.9235],[-1.0573,48.922],[-1.0666,48.9194],[-1.0501,48.9272],[-1.0435,48.9336],[-1.0223,48.9381],[-1.0026,48.9369]]]}},{"type":"Feature","properties":{"code":"14694","nom":"Torquesne","app":13.39,"app_bas":10,"app_haut":17.92,"app_ech":"maille","app_obs":0,"mai":13.09,"mai_bas":9.57,"mai_haut":17.91,"mai_ech":"maille","mai_obs":6,"a12":16.43,"a3":9.73},"geometry":{"type":"Polygon","coordinates":[[[0.1614,49.2058],[0.1448,49.2093],[0.1519,49.2189],[0.1653,49.2275],[0.1876,49.2304],[0.1862,49.2254],[0.1964,49.2201],[0.1886,49.2159],[0.171,49.2114],[0.1614,49.2058]]]}},{"type":"Feature","properties":{"code":"14710","nom":"Tréprel","app":8.6,"app_bas":7.04,"app_haut":10.5,"app_ech":"maille","app_obs":0,"mai":11.71,"mai_bas":9.02,"mai_haut":15.2,"mai_ech":"maille","mai_obs":2,"a12":13.03,"a3":8.08},"geometry":{"type":"Polygon","coordinates":[[[-0.3692,48.893],[-0.3689,48.8975],[-0.3549,48.9095],[-0.3459,48.9145],[-0.3399,48.9063],[-0.3267,48.902],[-0.3308,48.8916],[-0.3396,48.8862],[-0.3492,48.8882],[-0.3586,48.892],[-0.3692,48.893]]]}},{"type":"Feature","properties":{"code":"14763","nom":"Vouilly","app":null,"app_bas":null,"app_haut":null,"app_ech":null,"app_obs":0,"mai":null,"mai_bas":null,"mai_haut":null,"mai_ech":null,"mai_obs":0,"a12":null,"a3":null},"geometry":{"type":"Polygon","coordinates":[[[-1.0667,49.2972],[-1.0671,49.2979],[-1.0577,49.3046],[-1.0452,49.3011],[-1.0368,49.2961],[-1.028,49.3039],[-1.0127,49.3099],[-1.0064,49.3185],[-1.0069,49.3123],[-1.0128,49.3012],[-1.011,49.2906],[-1.0206,49.2844],[-1.0292,49.2835],[-1.0365,49.2876],[-1.0571,49.2928],[-1.0667,49.2972]]]}},{"type":"Feature","properties":{"code":"14046","nom":"Bavent","app":11.04,"app_bas":9.46,"app_haut":12.9,"app_ech":"maille","app_obs":9,"mai":11.11,"mai_bas":9.14,"mai_haut":13.5,"mai_ech":"maille","mai_obs":28,"a12":15.47,"a3":11.26},"geometry":{"type":"Polygon","coordinates":[[[-0.2094,49.2051],[-0.2153,49.2144],[-0.2262,49.2172],[-0.2281,49.2197],[-0.22,49.2289],[-0.2115,49.2325],[-0.2097,49.2382],[-0.1992,49.2463],[-0.1908,49.2497],[-0.1822,49.2484],[-0.1868,49.2412],[-0.1651,49.2325],[-0.16,49.2381],[-0.1496,49.2425],[-0.1316,49.2363],[-0.1446,49.2291],[-0.1412,49.2264],[-0.1492,49.2187],[-0.1594,49.2135],[-0.1834,49.2089],[-0.2027,49.2088],[-0.2094,49.2051]]]}},{"type":"Feature","properties":{"code":"14339","nom":"Hubert-Folie","app":null,"app_bas":null,"app_haut":null,"app_ech":null,"app_obs":0,"mai":null,"mai_bas":null,"mai_haut":null,"mai_ech":null,"mai_obs":0,"a12":null,"a3":null},"geometry":{"type":"Polygon","coordinates":[[[-0.303,49.1316],[-0.3117,49.1212],[-0.319,49.1197],[-0.3246,49.1207],[-0.3279,49.1266],[-0.3192,49.1356],[-0.3126,49.1355],[-0.303,49.1316]]]}},{"type":"Feature","properties":{"code":"14106","nom":"Bréville-les-Monts","app":13.14,"app_bas":10.8,"app_haut":15.99,"app_ech":"maille","app_obs":17,"mai":11.36,"mai_bas":9.28,"mai_haut":13.9,"mai_ech":"maille","mai_obs":11,"a12":14.99,"a3":11.26},"geometry":{"type":"Polygon","coordinates":[[[-0.2116,49.2478],[-0.2009,49.2536],[-0.1992,49.2463],[-0.2097,49.2382],[-0.2115,49.2325],[-0.22,49.2289],[-0.2281,49.2197],[-0.2386,49.2203],[-0.2393,49.2275],[-0.2329,49.2385],[-0.2116,49.2478]]]}},{"type":"Feature","properties":{"code":"14332","nom":"Hoguette","app":10.76,"app_bas":8.24,"app_haut":14.06,"app_ech":"maille","app_obs":2,"mai":8.14,"mai_bas":6.46,"mai_haut":10.26,"mai_ech":"maille","mai_obs":5,"a12":10.54,"a3":7.15},"geometry":{"type":"Polygon","coordinates":[[[-0.2047,48.8465],[-0.2049,48.8493],[-0.194,48.8449],[-0.1831,48.8589],[-0.1925,48.8697],[-0.1917,48.8743],[-0.1654,48.8814],[-0.1655,48.896],[-0.1634,48.8968],[-0.144,48.8837],[-0.1515,48.8789],[-0.1566,48.8698],[-0.147,48.8662],[-0.1412,48.8676],[-0.1355,48.8621],[-0.1259,48.8584],[-0.1281,48.8531],[-0.1248,48.8474],[-0.123,48.8399],[-0.1312,48.8361],[-0.1463,48.8344],[-0.143,48.8282],[-0.1262,48.8166],[-0.1475,48.8227],[-0.1518,48.8202],[-0.1701,48.8247],[-0.1767,48.8342],[-0.1929,48.8392],[-0.2047,48.8465]]]}},{"type":"Feature","properties":{"code":"14145","nom":"Cauvicourt","app":10.76,"app_bas":8.24,"app_haut":14.06,"app_ech":"maille","app_obs":2,"mai":9.19,"mai_bas":7.45,"mai_haut":11.33,"mai_ech":"maille","mai_obs":29,"a12":13.03,"a3":11},"geometry":{"type":"Polygon","coordinates":[[[-0.2468,49.0685],[-0.2533,49.0596],[-0.2459,49.0521],[-0.2292,49.0475],[-0.2284,49.0402],[-0.2385,49.0301],[-0.2624,49.0417],[-0.278,49.0358],[-0.2874,49.0374],[-0.2896,49.0504],[-0.2869,49.0552],[-0.2698,49.0594],[-0.2557,49.0654],[-0.2493,49.0707],[-0.2468,49.0685]]]}},{"type":"Feature","properties":{"code":"14679","nom":"Subles","app":11.76,"app_bas":9.39,"app_haut":14.72,"app_ech":"maille","app_obs":0,"mai":9.66,"mai_bas":7.14,"mai_haut":13.07,"mai_ech":"maille","mai_obs":21,"a12":12.5,"a3":10.33},"geometry":{"type":"Polygon","coordinates":[[[-0.7503,49.2504],[-0.7325,49.2449],[-0.7446,49.2416],[-0.7468,49.2306],[-0.7518,49.2255],[-0.7628,49.23],[-0.7592,49.2326],[-0.7551,49.2382],[-0.7589,49.2458],[-0.7503,49.2504]]]}},{"type":"Feature","properties":{"code":"14075","nom":"Bissières","app":null,"app_bas":null,"app_haut":null,"app_ech":null,"app_obs":0,"mai":null,"mai_bas":null,"mai_haut":null,"mai_ech":null,"mai_obs":0,"a12":null,"a3":null},"geometry":{"type":"Polygon","coordinates":[[[-0.0959,49.1195],[-0.0769,49.1186],[-0.0789,49.1134],[-0.0905,49.1081],[-0.0969,49.1026],[-0.0982,49.1101],[-0.0959,49.1195]]]}},{"type":"Feature","properties":{"code":"14083","nom":"Bonnebosq","app":14.1,"app_bas":11.08,"app_haut":17.94,"app_ech":"maille","app_obs":41,"mai":12.28,"mai_bas":9.18,"mai_haut":16.43,"mai_ech":"maille","mai_obs":41,"a12":16.43,"a3":11.77},"geometry":{"type":"Polygon","coordinates":[[[0.0653,49.2266],[0.0661,49.2288],[0.0642,49.2347],[0.0875,49.236],[0.1004,49.2325],[0.1181,49.2236],[0.1245,49.2214],[0.1194,49.2161],[0.1193,49.2096],[0.073,49.1975],[0.0677,49.2011],[0.0698,49.221],[0.0653,49.2266]]]}},{"type":"Feature","properties":{"code":"14235","nom":"Écrammeville","app":null,"app_bas":null,"app_haut":null,"app_ech":null,"app_obs":0,"mai":null,"mai_bas":null,"mai_haut":null,"mai_ech":null,"mai_obs":0,"a12":null,"a3":null},"geometry":{"type":"Polygon","coordinates":[[[-0.9545,49.3059],[-0.9635,49.3115],[-0.9595,49.3199],[-0.9484,49.3304],[-0.9331,49.3423],[-0.9235,49.341],[-0.9283,49.3299],[-0.9288,49.311],[-0.9407,49.3089],[-0.9431,49.3044],[-0.9545,49.3059]]]}},{"type":"Feature","properties":{"code":"14273","nom":"Folletière-Abenon","app":10.18,"app_bas":7.99,"app_haut":12.97,"app_ech":"maille","app_obs":0,"mai":9.55,"mai_bas":7.4,"mai_haut":12.32,"mai_ech":"maille","mai_obs":6,"a12":10.52,"a3":8.42},"geometry":{"type":"Polygon","coordinates":[[[0.4002,48.9527],[0.4062,48.9633],[0.3916,48.9665],[0.3774,48.9726],[0.3966,48.9897],[0.4101,48.9962],[0.4134,48.9907],[0.4268,48.9857],[0.4329,48.9791],[0.4322,48.9719],[0.4288,48.9661],[0.4128,48.9506],[0.4002,48.9527]]]}},{"type":"Feature","properties":{"code":"14182","nom":"Cormolain","app":9.71,"app_bas":7.83,"app_haut":12.03,"app_ech":"maille","app_obs":1,"mai":7.72,"mai_bas":6.17,"mai_haut":9.65,"mai_ech":"maille","mai_obs":7,"a12":10.58,"a3":8.08},"geometry":{"type":"Polygon","coordinates":[[[-0.8785,49.1171],[-0.8941,49.1168],[-0.9248,49.1014],[-0.9134,49.1149],[-0.9041,49.1162],[-0.8915,49.1218],[-0.8866,49.1294],[-0.8955,49.1322],[-0.8774,49.1343],[-0.8678,49.1393],[-0.8662,49.1454],[-0.8563,49.1483],[-0.8307,49.1408],[-0.8306,49.1189],[-0.8409,49.1159],[-0.8566,49.1275],[-0.8716,49.1232],[-0.8785,49.1171]]]}},{"type":"Feature","properties":{"code":"14208","nom":"Croissanville","app":null,"app_bas":null,"app_haut":null,"app_ech":null,"app_obs":0,"mai":null,"mai_bas":null,"mai_haut":null,"mai_ech":null,"mai_obs":0,"a12":null,"a3":null},"geometry":{"type":"Polygon","coordinates":[[[-0.0949,49.1257],[-0.0982,49.1101],[-0.097,49.1013],[-0.1264,49.1011],[-0.1164,49.1218],[-0.0981,49.1235],[-0.0949,49.1257]]]}},{"type":"Feature","properties":{"code":"14214","nom":"Cussy","app":11.76,"app_bas":9.39,"app_haut":14.72,"app_ech":"maille","app_obs":0,"mai":10.73,"mai_bas":8.31,"mai_haut":13.85,"mai_ech":"maille","mai_obs":8,"a12":12.5,"a3":11.04},"geometry":{"type":"Polygon","coordinates":[[[-0.7595,49.2905],[-0.7419,49.2848],[-0.7706,49.2769],[-0.7801,49.2762],[-0.765,49.2914],[-0.7595,49.2905]]]}},{"type":"Feature","properties":{"code":"14492","nom":"Pennedepie","app":13.16,"app_bas":10.67,"app_haut":16.24,"app_ech":"maille","app_obs":2,"mai":12.58,"mai_bas":8.71,"mai_haut":18.18,"mai_ech":"maille","mai_obs":20,"a12":14.73,"a3":10.62},"geometry":{"type":"Polygon","coordinates":[[[0.1847,49.4154],[0.1942,49.4067],[0.1752,49.4023],[0.1729,49.3974],[0.1692,49.3932],[0.1391,49.3888],[0.13,49.3799],[0.1341,49.3874],[0.1502,49.4],[0.1488,49.4074],[0.1758,49.4124],[0.1847,49.4154]]]}},{"type":"Feature","properties":{"code":"14510","nom":"Pommeraye","app":9.38,"app_bas":7.49,"app_haut":11.74,"app_ech":"maille","app_obs":0,"mai":8.15,"mai_bas":6.33,"mai_haut":10.51,"mai_ech":"maille","mai_obs":0,"a12":9.97,"a3":8.19},"geometry":{"type":"Polygon","coordinates":[[[-0.4236,48.9159],[-0.4111,48.9197],[-0.4004,48.9047],[-0.4014,48.9012],[-0.4076,48.9008],[-0.4268,48.9056],[-0.4314,48.9083],[-0.4236,48.9159]]]}},{"type":"Feature","properties":{"code":"14533","nom":"Repentigny","app":10.89,"app_bas":8.89,"app_haut":13.35,"app_ech":"maille","app_obs":0,"mai":8.94,"mai_bas":7.09,"mai_haut":11.29,"mai_ech":"maille","mai_obs":0,"a12":14.89,"a3":11.77},"geometry":{"type":"Polygon","coordinates":[[[0.0438,49.1849],[0.0398,49.1905],[0.0414,49.1964],[0.0281,49.2047],[0.0433,49.2114],[0.0506,49.1884],[0.0438,49.1849]]]}},{"type":"Feature","properties":{"code":"14590","nom":"Sainte-Honorine-de-Ducy","app":9.71,"app_bas":7.83,"app_haut":12.03,"app_ech":"maille","app_obs":1,"mai":7.72,"mai_bas":6.17,"mai_haut":9.65,"mai_ech":"maille","mai_obs":7,"a12":10.58,"a3":7.47},"geometry":{"type":"Polygon","coordinates":[[[-0.7949,49.1225],[-0.8015,49.1236],[-0.8012,49.1402],[-0.7854,49.1473],[-0.7848,49.1513],[-0.7749,49.153],[-0.7697,49.1484],[-0.7768,49.129],[-0.7872,49.1229],[-0.7949,49.1225]]]}},{"type":"Feature","properties":{"code":"14671","nom":"Sept-Frères","app":null,"app_bas":null,"app_haut":null,"app_ech":null,"app_obs":0,"mai":null,"mai_bas":null,"mai_haut":null,"mai_ech":null,"mai_obs":0,"a12":null,"a3":null},"geometry":{"type":"Polygon","coordinates":[[[-1.0272,48.8522],[-1.0494,48.8442],[-1.0632,48.8509],[-1.0639,48.8535],[-1.0536,48.863],[-1.0592,48.8773],[-1.0527,48.8873],[-1.0367,48.8781],[-1.0235,48.8687],[-1.0087,48.8715],[-0.9991,48.866],[-1.0157,48.8644],[-1.0272,48.8522]]]}},{"type":"Feature","properties":{"code":"14761","nom":"Vimont","app":13.32,"app_bas":11.22,"app_haut":15.81,"app_ech":"maille","app_obs":9,"mai":10.26,"mai_bas":8.42,"mai_haut":12.51,"mai_ech":"maille","mai_obs":15,"a12":14.17,"a3":11},"geometry":{"type":"Polygon","coordinates":[[[-0.1937,49.1574],[-0.1665,49.1515],[-0.182,49.134],[-0.1896,49.1206],[-0.2044,49.1171],[-0.2055,49.1232],[-0.1935,49.1391],[-0.2108,49.1394],[-0.2246,49.1368],[-0.2215,49.142],[-0.2111,49.1489],[-0.2097,49.1583],[-0.1937,49.1574]]]}},{"type":"Feature","properties":{"code":"14097","nom":"Bretteville-le-Rabet","app":10.53,"app_bas":8.39,"app_haut":13.23,"app_ech":"maille","app_obs":0,"mai":9.64,"mai_bas":7.5,"mai_haut":12.38,"mai_ech":"maille","mai_obs":3,"a12":13.03,"a3":11},"geometry":{"type":"Polygon","coordinates":[[[-0.268,49.0232],[-0.278,49.0358],[-0.2624,49.0417],[-0.2385,49.0301],[-0.2422,49.0225],[-0.2521,49.016],[-0.268,49.0232]]]}},{"type":"Feature","properties":{"code":"14266","nom":"Feuguerolles-Bully","app":12.29,"app_bas":10.35,"app_haut":14.6,"app_ech":"maille","app_obs":41,"mai":10.69,"mai_bas":8.8,"mai_haut":12.99,"mai_ech":"maille","mai_obs":37,"a12":14.45,"a3":9.49},"geometry":{"type":"Polygon","coordinates":[[[-0.4063,49.1281],[-0.3894,49.1186],[-0.3843,49.1079],[-0.392,49.0972],[-0.4115,49.0968],[-0.426,49.104],[-0.4231,49.1097],[-0.4259,49.1186],[-0.4342,49.1232],[-0.4063,49.1281]]]}},{"type":"Feature","properties":{"code":"14368","nom":"Lisores","app":8.26,"app_bas":6.51,"app_haut":10.48,"app_ech":"maille","app_obs":0,"mai":7.02,"mai_bas":5.5,"mai_haut":8.97,"mai_ech":"maille","mai_obs":21,"a12":11.58,"a3":8.42},"geometry":{"type":"Polygon","coordinates":[[[0.2444,48.9586],[0.2422,48.9445],[0.2246,48.9403],[0.2106,48.9454],[0.1873,48.9411],[0.186,48.9497],[0.1818,48.9554],[0.1848,48.9617],[0.1955,48.9723],[0.2151,48.9751],[0.2248,48.9663],[0.2444,48.9586]]]}},{"type":"Feature","properties":{"code":"14134","nom":"Canteloup","app":12.44,"app_bas":10.51,"app_haut":14.72,"app_ech":"maille","app_obs":0,"mai":10.86,"mai_bas":8.81,"mai_haut":13.38,"mai_ech":"maille","mai_obs":0,"a12":14.17,"a3":10.13},"geometry":{"type":"Polygon","coordinates":[[[-0.1327,49.1307],[-0.1265,49.1447],[-0.1076,49.1437],[-0.1171,49.13],[-0.1248,49.1266],[-0.1327,49.1307]]]}},{"type":"Feature","properties":{"code":"14159","nom":"Chouain","app":10.97,"app_bas":9.06,"app_haut":13.28,"app_ech":"maille","app_obs":0,"mai":10.36,"mai_bas":8.31,"mai_haut":12.91,"mai_ech":"maille","mai_obs":3,"a12":15.5,"a3":11.04},"geometry":{"type":"Polygon","coordinates":[[[-0.6277,49.2185],[-0.6244,49.2128],[-0.6326,49.2035],[-0.644,49.1984],[-0.6509,49.2084],[-0.6599,49.2138],[-0.6509,49.2162],[-0.6277,49.2185]]]}},{"type":"Feature","properties":{"code":"14031","nom":"Authieux-Papion","app":null,"app_bas":null,"app_haut":null,"app_ech":null,"app_obs":0,"mai":null,"mai_bas":null,"mai_haut":null,"mai_ech":null,"mai_obs":0,"a12":null,"a3":null},"geometry":{"type":"Polygon","coordinates":[[[0.0763,49.0598],[0.0662,49.0602],[0.0526,49.0545],[0.0412,49.0541],[0.0277,49.0504],[0.0364,49.0543],[0.0389,49.0663],[0.0421,49.0694],[0.053,49.0684],[0.0559,49.0728],[0.0534,49.0795],[0.0669,49.0763],[0.0631,49.0669],[0.0763,49.0598]]]}},{"type":"Feature","properties":{"code":"14118","nom":"Caen","app":13.83,"app_bas":11.26,"app_haut":16.98,"app_ech":"commune","app_obs":34193,"mai":12.68,"mai_bas":9.74,"mai_haut":16.51,"mai_ech":"commune","mai_obs":1408,"a12":15.96,"a3":12.25},"geometry":{"type":"Polygon","coordinates":[[[-0.3727,49.2154],[-0.3599,49.2128],[-0.3426,49.1984],[-0.3335,49.1858],[-0.3312,49.1772],[-0.3362,49.1669],[-0.3373,49.1583],[-0.343,49.1531],[-0.3489,49.1632],[-0.3588,49.1594],[-0.3676,49.1604],[-0.3676,49.1665],[-0.3736,49.1632],[-0.3851,49.1628],[-0.3943,49.1664],[-0.4052,49.1722],[-0.4067,49.1794],[-0.4133,49.1869],[-0.4119,49.1945],[-0.4021,49.2007],[-0.3963,49.2001],[-0.3831,49.21],[-0.3727,49.2154]]]}},{"type":"Feature","properties":{"code":"14410","nom":"Méry-Corbon","app":11.04,"app_bas":9.46,"app_haut":12.9,"app_ech":"maille","app_obs":10,"mai":10.86,"mai_bas":8.81,"mai_haut":13.38,"mai_ech":"maille","mai_obs":26,"a12":11.58,"a3":10.13},"geometry":{"type":"Polygon","coordinates":[[[-0.0949,49.1257],[-0.0926,49.1303],[-0.0789,49.1416],[-0.0744,49.1556],[-0.0653,49.1549],[-0.0637,49.1513],[-0.0649,49.1343],[-0.0637,49.126],[-0.0549,49.1181],[-0.0702,49.1137],[-0.0789,49.1134],[-0.0769,49.1186],[-0.0959,49.1195],[-0.0949,49.1257]]]}},{"type":"Feature","properties":{"code":"14167","nom":"Colombelles","app":12.73,"app_bas":10.9,"app_haut":14.86,"app_ech":"commune","app_obs":992,"mai":10.92,"mai_bas":8.99,"mai_haut":13.27,"mai_ech":"commune","mai_obs":219,"a12":14.32,"a3":11.66},"geometry":{"type":"Polygon","coordinates":[[[-0.2888,49.2189],[-0.2958,49.212],[-0.2857,49.2069],[-0.2682,49.2013],[-0.2755,49.1895],[-0.2944,49.1904],[-0.3043,49.1823],[-0.3154,49.186],[-0.3116,49.202],[-0.3049,49.2109],[-0.2888,49.2189]]]}},{"type":"Feature","properties":{"code":"14212","nom":"Cully","app":null,"app_bas":null,"app_haut":null,"app_ech":null,"app_obs":0,"mai":null,"mai_bas":null,"mai_haut":null,"mai_ech":null,"mai_obs":0,"a12":null,"a3":null},"geometry":{"type":"Polygon","coordinates":[[[-0.547,49.2578],[-0.543,49.261],[-0.5098,49.2608],[-0.5183,49.2536],[-0.4937,49.2514],[-0.4966,49.2433],[-0.5088,49.2455],[-0.5258,49.244],[-0.5419,49.2379],[-0.5513,49.245],[-0.5532,49.2537],[-0.547,49.2578]]]}},{"type":"Feature","properties":{"code":"14504","nom":"Pin","app":10.54,"app_bas":8.89,"app_haut":12.5,"app_ech":"maille","app_obs":0,"mai":9.6,"mai_bas":7.31,"mai_haut":12.6,"mai_ech":"maille","mai_obs":4,"a12":11.59,"a3":9.73},"geometry":{"type":"Polygon","coordinates":[[[0.3063,49.2178],[0.3147,49.2202],[0.3181,49.2261],[0.3375,49.2312],[0.3726,49.2169],[0.3828,49.216],[0.3884,49.2119],[0.3856,49.208],[0.3731,49.2036],[0.3579,49.2162],[0.3512,49.2178],[0.3409,49.2064],[0.3312,49.2051],[0.3119,49.1986],[0.3039,49.1928],[0.3031,49.2068],[0.3063,49.2178]]]}},{"type":"Feature","properties":{"code":"14511","nom":"Pont-Bellanger","app":10.2,"app_bas":8.27,"app_haut":12.58,"app_ech":"maille","app_obs":1,"mai":6.88,"mai_bas":5.42,"mai_haut":8.73,"mai_ech":"maille","mai_obs":0,"a12":10.58,"a3":7.47},"geometry":{"type":"Polygon","coordinates":[[[-1.0026,48.9369],[-0.989,48.9462],[-0.9832,48.9378],[-0.9684,48.9436],[-0.9636,48.938],[-0.9713,48.928],[-0.9907,48.926],[-0.9945,48.9323],[-1.0026,48.9369]]]}},{"type":"Feature","properties":{"code":"14598","nom":"Saint-Jouin","app":10.89,"app_bas":8.89,"app_haut":13.35,"app_ech":"maille","app_obs":1,"mai":8.94,"mai_bas":7.09,"mai_haut":11.29,"mai_ech":"maille","mai_obs":3,"a12":14.89,"a3":11.77},"geometry":{"type":"Polygon","coordinates":[[[-0.0189,49.2074],[-0.0354,49.2101],[-0.0329,49.2243],[-0.0125,49.2216],[0.0039,49.2246],[0.0085,49.231],[0.012,49.23],[0.0094,49.2205],[0.0041,49.2138],[-0.0189,49.2074]]]}},{"type":"Feature","properties":{"code":"14601","nom":"Saint-Julien-sur-Calonne","app":12.79,"app_bas":10.36,"app_haut":15.8,"app_ech":"maille","app_obs":0,"mai":9.6,"mai_bas":7.31,"mai_haut":12.6,"mai_ech":"maille","mai_obs":2,"a12":13.35,"a3":10.62},"geometry":{"type":"Polygon","coordinates":[[[0.208,49.2728],[0.2044,49.2826],[0.2045,49.295],[0.2343,49.2979],[0.2495,49.301],[0.2557,49.3003],[0.2569,49.2848],[0.2485,49.2747],[0.2249,49.2775],[0.208,49.2728]]]}},{"type":"Feature","properties":{"code":"14604","nom":"Saint-Laurent-du-Mont","app":null,"app_bas":null,"app_haut":null,"app_ech":null,"app_obs":0,"mai":null,"mai_bas":null,"mai_haut":null,"mai_ech":null,"mai_obs":0,"a12":null,"a3":null},"geometry":{"type":"Polygon","coordinates":[[[0.0289,49.1273],[0.026,49.1326],[0.0175,49.1315],[0.0142,49.1337],[0.015,49.145],[0.0229,49.1503],[0.0373,49.149],[0.0424,49.1436],[0.0327,49.1291],[0.0289,49.1273]]]}},{"type":"Feature","properties":{"code":"14668","nom":"Saonnet","app":9.71,"app_bas":7.83,"app_haut":12.03,"app_ech":"maille","app_obs":0,"mai":10.73,"mai_bas":8.31,"mai_haut":13.85,"mai_ech":"maille","mai_obs":9,"a12":11.82,"a3":7.04},"geometry":{"type":"Polygon","coordinates":[[[-0.8577,49.2926],[-0.8711,49.2664],[-0.8866,49.2559],[-0.8908,49.2589],[-0.9052,49.261],[-0.9069,49.265],[-0.8911,49.2722],[-0.8841,49.2814],[-0.8726,49.285],[-0.8577,49.2926]]]}},{"type":"Feature","properties":{"code":"14721","nom":"Vacognes-Neuilly","app":11.8,"app_bas":9.98,"app_haut":13.96,"app_ech":"maille","app_obs":4,"mai":9.5,"mai_bas":7.75,"mai_haut":11.65,"mai_ech":"maille","mai_obs":26,"a12":13.61,"a3":10.49},"geometry":{"type":"Polygon","coordinates":[[[-0.5401,49.0742],[-0.5485,49.0764],[-0.5459,49.0867],[-0.5575,49.088],[-0.5588,49.0949],[-0.5389,49.1042],[-0.5196,49.1015],[-0.5301,49.0875],[-0.515,49.0805],[-0.5108,49.0743],[-0.5237,49.0624],[-0.5401,49.0742]]]}},{"type":"Feature","properties":{"code":"14283","nom":"Fourches","app":9.23,"app_bas":6.57,"app_haut":12.98,"app_ech":"maille","app_obs":0,"mai":7.02,"mai_bas":5.5,"mai_haut":8.97,"mai_ech":"maille","mai_obs":0,"a12":11.58,"a3":8.19},"geometry":{"type":"Polygon","coordinates":[[[-0.0696,48.8427],[-0.0758,48.8459],[-0.0763,48.8527],[-0.0962,48.8553],[-0.0824,48.8726],[-0.063,48.8661],[-0.059,48.8535],[-0.065,48.8439],[-0.0696,48.8427]]]}},{"type":"Feature","properties":{"code":"14359","nom":"Lécaude","app":null,"app_bas":null,"app_haut":null,"app_ech":null,"app_obs":0,"mai":null,"mai_bas":null,"mai_haut":null,"mai_ech":null,"mai_obs":0,"a12":null,"a3":null},"geometry":{"type":"Polygon","coordinates":[[[0.1147,49.1112],[0.1164,49.1075],[0.1011,49.0974],[0.076,49.0903],[0.055,49.0983],[0.0611,49.1073],[0.0712,49.1158],[0.0982,49.1139],[0.1147,49.1112]]]}},{"type":"Feature","properties":{"code":"14181","nom":"Cormelles-le-Royal","app":13.62,"app_bas":11.51,"app_haut":16.13,"app_ech":"commune","app_obs":401,"mai":10.69,"mai_bas":8.75,"mai_haut":13.07,"mai_ech":"commune","mai_obs":172,"a12":15.48,"a3":12.25},"geometry":{"type":"Polygon","coordinates":[[[-0.3362,49.1669],[-0.3128,49.1566],[-0.3097,49.1535],[-0.3159,49.1445],[-0.3294,49.1479],[-0.3403,49.1481],[-0.343,49.1531],[-0.3373,49.1583],[-0.3362,49.1669]]]}},{"type":"Feature","properties":{"code":"14637","nom":"Saint-Ouen-du-Mesnil-Oger","app":12.44,"app_bas":10.51,"app_haut":14.72,"app_ech":"maille","app_obs":0,"mai":11.11,"mai_bas":9.14,"mai_haut":13.5,"mai_ech":"maille","mai_obs":0,"a12":14.11,"a3":10.13},"geometry":{"type":"Polygon","coordinates":[[[-0.1151,49.1787],[-0.1092,49.1757],[-0.0978,49.1636],[-0.1057,49.1517],[-0.1076,49.1437],[-0.1265,49.1447],[-0.1397,49.1486],[-0.1233,49.1605],[-0.1186,49.1771],[-0.1151,49.1787]]]}},{"type":"Feature","properties":{"code":"14064","nom":"Bernières-d'Ailly","app":8.26,"app_bas":6.51,"app_haut":10.48,"app_ech":"maille","app_obs":0,"mai":8.14,"mai_bas":6.46,"mai_haut":10.26,"mai_ech":"maille","mai_obs":4,"a12":10.54,"a3":8.42},"geometry":{"type":"Polygon","coordinates":[[[-0.0811,48.9424],[-0.0813,48.9372],[-0.1016,48.9356],[-0.1102,48.9308],[-0.123,48.9295],[-0.1335,48.9335],[-0.1157,48.9475],[-0.11,48.9561],[-0.1078,48.9662],[-0.0854,48.969],[-0.0875,48.9623],[-0.0817,48.9524],[-0.0811,48.9424]]]}},{"type":"Feature","properties":{"code":"14098","nom":"Bretteville-l'Orgueilleuse","app":12.25,"app_bas":10.13,"app_haut":14.82,"app_ech":"commune","app_obs":170,"mai":10.58,"mai_bas":8.63,"mai_haut":12.97,"mai_ech":"commune","mai_obs":199,"a12":12.5,"a3":11.04},"geometry":{"type":"Polygon","coordinates":[[[-0.502,49.2032],[-0.5164,49.2026],[-0.5311,49.2042],[-0.5259,49.2138],[-0.5449,49.2215],[-0.5323,49.2282],[-0.4938,49.2234],[-0.5029,49.208],[-0.502,49.2032]]]}},{"type":"Feature","properties":{"code":"14345","nom":"Jort","app":8.26,"app_bas":6.51,"app_haut":10.48,"app_ech":"maille","app_obs":0,"mai":8.14,"mai_bas":6.46,"mai_haut":10.26,"mai_ech":"maille","mai_obs":9,"a12":11.58,"a3":8.42},"geometry":{"type":"Polygon","coordinates":[[[-0.0875,48.9623],[-0.0854,48.969],[-0.1078,48.9662],[-0.1097,48.9715],[-0.096,48.974],[-0.0841,48.9718],[-0.0826,48.9797],[-0.0712,48.9876],[-0.0504,48.984],[-0.0573,48.9728],[-0.0594,48.9608],[-0.0674,48.9595],[-0.0707,48.9635],[-0.0875,48.9623]]]}},{"type":"Feature","properties":{"code":"14347","nom":"Jurques","app":8.6,"app_bas":7.04,"app_haut":10.5,"app_ech":"maille","app_obs":7,"mai":7.21,"mai_bas":5.67,"mai_haut":9.16,"mai_ech":"maille","mai_obs":57,"a12":10.58,"a3":8.08},"geometry":{"type":"Polygon","coordinates":[[[-0.7794,49.021],[-0.7832,49.0231],[-0.7557,49.0267],[-0.7486,49.031],[-0.7525,49.0388],[-0.7409,49.0487],[-0.7271,49.0399],[-0.7257,49.0313],[-0.7179,49.0205],[-0.7304,49.0177],[-0.7358,49.0116],[-0.7252,49.0029],[-0.7427,48.9967],[-0.7469,48.9975],[-0.7583,49.0047],[-0.7794,49.021]]]}},{"type":"Feature","properties":{"code":"14394","nom":"Maizières","app":10.76,"app_bas":8.24,"app_haut":14.06,"app_ech":"maille","app_obs":2,"mai":9.98,"mai_bas":7.68,"mai_haut":12.98,"mai_ech":"maille","mai_obs":13,"a12":13.03,"a3":8.19},"geometry":{"type":"Polygon","coordinates":[[[-0.1422,49.0009],[-0.1521,48.9935],[-0.1797,49.0123],[-0.1968,49.0199],[-0.1961,49.0264],[-0.1885,49.0242],[-0.1807,49.0266],[-0.1698,49.0248],[-0.1592,49.0268],[-0.1505,49.0191],[-0.1541,49.0113],[-0.1422,49.0009]]]}},{"type":"Feature","properties":{"code":"14566","nom":"Saint-Contest","app":13.51,"app_bas":11.73,"app_haut":15.57,"app_ech":"maille","app_obs":61,"mai":11.49,"mai_bas":9.09,"mai_haut":14.52,"mai_ech":"commune","mai_obs":141,"a12":14.45,"a3":11.22},"geometry":{"type":"Polygon","coordinates":[[[-0.3727,49.2154],[-0.3831,49.21],[-0.3963,49.2001],[-0.4021,49.2007],[-0.4132,49.2042],[-0.4264,49.2122],[-0.4281,49.2161],[-0.4158,49.2272],[-0.3944,49.2296],[-0.3761,49.2189],[-0.3727,49.2154]]]}},{"type":"Feature","properties":{"code":"14741","nom":"Vey","app":8.6,"app_bas":7.04,"app_haut":10.5,"app_ech":"maille","app_obs":0,"mai":7.72,"mai_bas":6.01,"mai_haut":9.92,"mai_ech":"maille","mai_obs":5,"a12":9.97,"a3":8.19},"geometry":{"type":"Polygon","coordinates":[[[-0.4722,48.9292],[-0.4441,48.919],[-0.4443,48.9147],[-0.4563,48.9058],[-0.458,48.9092],[-0.4754,48.9091],[-0.4732,48.9276],[-0.4722,48.9292]]]}},{"type":"Feature","properties":{"code":"14039","nom":"Barbery","app":12.29,"app_bas":10.35,"app_haut":14.6,"app_ech":"maille","app_obs":3,"mai":9.64,"mai_bas":7.5,"mai_haut":12.38,"mai_ech":"maille","mai_obs":31,"a12":14.17,"a3":9.49},"geometry":{"type":"Polygon","coordinates":[[[-0.3311,49.0281],[-0.3251,49.0183],[-0.3113,49.016],[-0.3185,49.01],[-0.3351,49.0042],[-0.3511,49.0028],[-0.3715,49.0051],[-0.3802,49.0143],[-0.3669,49.0162],[-0.353,49.0282],[-0.349,49.0269],[-0.3311,49.0281]]]}},{"type":"Feature","properties":{"code":"14096","nom":"Brémoy","app":8.6,"app_bas":7.04,"app_haut":10.5,"app_ech":"maille","app_obs":0,"mai":7.21,"mai_bas":5.67,"mai_haut":9.16,"mai_ech":"maille","mai_obs":14,"a12":10.58,"a3":8.08},"geometry":{"type":"Polygon","coordinates":[[[-0.7794,49.021],[-0.7583,49.0047],[-0.7469,48.9975],[-0.7652,48.9823],[-0.7743,48.9833],[-0.7904,48.9817],[-0.8029,48.9831],[-0.8094,48.9961],[-0.8026,49.0005],[-0.7961,49.0098],[-0.7957,49.0155],[-0.7794,49.021]]]}},{"type":"Feature","properties":{"code":"14231","nom":"Beaufour-Druval","app":10.89,"app_bas":8.89,"app_haut":13.35,"app_ech":"maille","app_obs":0,"mai":12.28,"mai_bas":9.18,"mai_haut":16.43,"mai_ech":"maille","mai_obs":8,"a12":14.17,"a3":11.77},"geometry":{"type":"Polygon","coordinates":[[[0.012,49.23],[0.0312,49.2278],[0.0392,49.2295],[0.0605,49.2274],[0.0661,49.2288],[0.0653,49.2266],[0.0603,49.2218],[0.0433,49.2114],[0.0281,49.2047],[0.0232,49.1995],[0.0262,49.1916],[0.0203,49.1914],[0.0035,49.2018],[-0.0098,49.2011],[-0.0189,49.2074],[0.0041,49.2138],[0.0094,49.2205],[0.012,49.23]]]}},{"type":"Feature","properties":{"code":"14316","nom":"Grangues","app":16.2,"app_bas":12.81,"app_haut":20.47,"app_ech":"maille","app_obs":2,"mai":12.28,"mai_bas":9.18,"mai_haut":16.43,"mai_ech":"maille","mai_obs":9,"a12":15.47,"a3":11.45},"geometry":{"type":"Polygon","coordinates":[[[-0.0611,49.2499],[-0.0715,49.2508],[-0.067,49.2538],[-0.0726,49.2612],[-0.0844,49.2635],[-0.0807,49.2682],[-0.0672,49.2769],[-0.0388,49.2694],[-0.0374,49.2509],[-0.0481,49.248],[-0.0611,49.2499]]]}},{"type":"Feature","properties":{"code":"14325","nom":"Hermanville-sur-Mer","app":13.2,"app_bas":10.6,"app_haut":16.42,"app_ech":"maille","app_obs":44,"mai":11.36,"mai_bas":8.92,"mai_haut":14.45,"mai_ech":"maille","mai_obs":72,"a12":14.99,"a3":11.26},"geometry":{"type":"Polygon","coordinates":[[[-0.3338,49.2656],[-0.3573,49.273],[-0.3491,49.2789],[-0.3092,49.3007],[-0.2875,49.2946],[-0.3133,49.2774],[-0.3321,49.2682],[-0.3338,49.2656]]]}},{"type":"Feature","properties":{"code":"14738","nom":"Verson","app":13.56,"app_bas":11.9,"app_haut":15.46,"app_ech":"commune","app_obs":534,"mai":11.36,"mai_bas":9.36,"mai_haut":13.8,"mai_ech":"commune","mai_obs":186,"a12":15.15,"a3":12.28},"geometry":{"type":"Polygon","coordinates":[[[-0.4971,49.168],[-0.4812,49.1709],[-0.4809,49.1748],[-0.4695,49.1777],[-0.4485,49.1772],[-0.4346,49.1685],[-0.432,49.1597],[-0.4457,49.1525],[-0.4713,49.1464],[-0.4775,49.1586],[-0.5018,49.1602],[-0.4971,49.168]]]}},{"type":"Feature","properties":{"code":"14004","nom":"Aignerville","app":null,"app_bas":null,"app_haut":null,"app_ech":null,"app_obs":0,"mai":null,"mai_bas":null,"mai_haut":null,"mai_ech":null,"mai_obs":0,"a12":null,"a3":null},"geometry":{"type":"Polygon","coordinates":[[[-0.9235,49.341],[-0.9064,49.3377],[-0.905,49.3181],[-0.9161,49.3199],[-0.9186,49.3126],[-0.9288,49.311],[-0.9283,49.3299],[-0.9235,49.341]]]}},{"type":"Feature","properties":{"code":"14435","nom":"Monceaux","app":10.89,"app_bas":8.89,"app_haut":13.35,"app_ech":"maille","app_obs":0,"mai":8.94,"mai_bas":7.09,"mai_haut":11.29,"mai_ech":"maille","mai_obs":1,"a12":14.89,"a3":9.65},"geometry":{"type":"Polygon","coordinates":[[[0.1234,49.1248],[0.1387,49.123],[0.1383,49.1134],[0.1457,49.0928],[0.1287,49.0997],[0.1164,49.1075],[0.1147,49.1112],[0.1204,49.1164],[0.1234,49.1248]]]}},{"type":"Feature","properties":{"code":"14506","nom":"Planquery","app":9.71,"app_bas":7.83,"app_haut":12.03,"app_ech":"maille","app_obs":0,"mai":7.72,"mai_bas":6.17,"mai_haut":9.65,"mai_ech":"maille","mai_obs":5,"a12":10.58,"a3":7.47},"geometry":{"type":"Polygon","coordinates":[[[-0.8547,49.1672],[-0.8312,49.1732],[-0.823,49.1793],[-0.8206,49.188],[-0.7939,49.1783],[-0.8,49.1651],[-0.7946,49.1631],[-0.7946,49.1551],[-0.8036,49.1572],[-0.816,49.1534],[-0.8307,49.1408],[-0.8563,49.1483],[-0.8662,49.1454],[-0.8652,49.1549],[-0.8543,49.1637],[-0.8547,49.1672]]]}},{"type":"Feature","properties":{"code":"14565","nom":"Saint-Côme-de-Fresné","app":12.81,"app_bas":10.42,"app_haut":15.76,"app_ech":"maille","app_obs":2,"mai":9.66,"mai_bas":7.14,"mai_haut":13.07,"mai_ech":"maille","mai_obs":8,"a12":13.84,"a3":11.04},"geometry":{"type":"Polygon","coordinates":[[[-0.6114,49.3402],[-0.5935,49.3409],[-0.5935,49.3259],[-0.5893,49.3239],[-0.6027,49.3053],[-0.605,49.3131],[-0.6144,49.3262],[-0.6143,49.33],[-0.6114,49.3402]]]}},{"type":"Feature","properties":{"code":"14745","nom":"Vierville-sur-Mer","app":10.77,"app_bas":8.37,"app_haut":13.86,"app_ech":"maille","app_obs":2,"mai":8.3,"mai_bas":6.54,"mai_haut":10.55,"mai_ech":"maille","mai_obs":9,"a12":13.84,"a3":9.02},"geometry":{"type":"Polygon","coordinates":[[[-0.8929,49.3512],[-0.9141,49.3546],[-0.9171,49.3657],[-0.9177,49.3793],[-0.9128,49.3849],[-0.8959,49.3766],[-0.8817,49.3716],[-0.887,49.3592],[-0.8929,49.3512]]]}},{"type":"Feature","properties":{"code":"14074","nom":"Billy","app":null,"app_bas":null,"app_haut":null,"app_ech":null,"app_obs":0,"mai":null,"mai_bas":null,"mai_haut":null,"mai_ech":null,"mai_obs":0,"a12":null,"a3":null},"geometry":{"type":"Polygon","coordinates":[[[-0.1753,49.0798],[-0.1889,49.0769],[-0.2064,49.0789],[-0.2194,49.0898],[-0.2232,49.0905],[-0.2242,49.0943],[-0.212,49.0948],[-0.197,49.0978],[-0.1897,49.1039],[-0.1743,49.1006],[-0.1795,49.0918],[-0.1753,49.0798]]]}},{"type":"Feature","properties":{"code":"14240","nom":"Épaney","app":8.26,"app_bas":6.51,"app_haut":10.48,"app_ech":"maille","app_obs":0,"mai":8.15,"mai_bas":6.33,"mai_haut":10.51,"mai_ech":"maille","mai_obs":17,"a12":10.54,"a3":9.49},"geometry":{"type":"Polygon","coordinates":[[[-0.1859,48.9379],[-0.1883,48.9509],[-0.1856,48.9534],[-0.1656,48.9585],[-0.1497,48.9654],[-0.141,48.9602],[-0.1436,48.9537],[-0.1352,48.9467],[-0.1366,48.9397],[-0.1335,48.9335],[-0.15,48.9283],[-0.1812,48.9328],[-0.1859,48.9379]]]}},{"type":"Feature","properties":{"code":"14406","nom":"Martragny","app":11.66,"app_bas":9.79,"app_haut":13.88,"app_ech":"maille","app_obs":6,"mai":10.36,"mai_bas":8.31,"mai_haut":12.91,"mai_ech":"maille","mai_obs":22,"a12":15.5,"a3":11.04},"geometry":{"type":"Polygon","coordinates":[[[-0.6214,49.2478],[-0.6119,49.2581],[-0.6015,49.2579],[-0.5929,49.255],[-0.5821,49.2478],[-0.5913,49.2376],[-0.6214,49.2478]]]}},{"type":"Feature","properties":{"code":"14150","nom":"Cesny-Bois-Halbout","app":9.38,"app_bas":7.49,"app_haut":11.74,"app_ech":"maille","app_obs":26,"mai":11.71,"mai_bas":9.02,"mai_haut":15.2,"mai_ech":"maille","mai_obs":55,"a12":13.03,"a3":9.49},"geometry":{"type":"Polygon","coordinates":[[[-0.3796,48.9982],[-0.3713,48.9936],[-0.3718,48.9844],[-0.3835,48.9816],[-0.4023,48.9668],[-0.4047,48.9671],[-0.4088,48.9802],[-0.4206,48.9876],[-0.4034,48.9951],[-0.3796,48.9982]]]}},{"type":"Feature","properties":{"code":"14191","nom":"Courseulles-sur-Mer","app":13.16,"app_bas":10.72,"app_haut":16.15,"app_ech":"commune","app_obs":540,"mai":11.67,"mai_bas":9.32,"mai_haut":14.62,"mai_ech":"commune","mai_obs":102,"a12":14.75,"a3":12.89},"geometry":{"type":"Polygon","coordinates":[[[-0.4714,49.3202],[-0.464,49.3308],[-0.4666,49.3374],[-0.452,49.3355],[-0.4336,49.335],[-0.434,49.3251],[-0.4293,49.3038],[-0.4467,49.3023],[-0.4477,49.3046],[-0.4649,49.314],[-0.4682,49.3137],[-0.4714,49.3202]]]}},{"type":"Feature","properties":{"code":"14709","nom":"Tracy-sur-Mer","app":12.81,"app_bas":10.42,"app_haut":15.76,"app_ech":"maille","app_obs":4,"mai":9.66,"mai_bas":7.14,"mai_haut":13.07,"mai_ech":"maille","mai_obs":3,"a12":13.84,"a3":10.49},"geometry":{"type":"Polygon","coordinates":[[[-0.6325,49.3337],[-0.6516,49.3145],[-0.6624,49.3242],[-0.6518,49.3304],[-0.6474,49.3359],[-0.6451,49.3453],[-0.6252,49.3406],[-0.6325,49.3337]]]}},{"type":"Feature","properties":{"code":"14033","nom":"Auvillars","app":13.39,"app_bas":10,"app_haut":17.92,"app_ech":"maille","app_obs":0,"mai":8.94,"mai_bas":7.09,"mai_haut":11.29,"mai_ech":"maille","mai_obs":2,"a12":14.89,"a3":9.73},"geometry":{"type":"Polygon","coordinates":[[[0.0717,49.1808],[0.0502,49.1864],[0.0506,49.1884],[0.0433,49.2114],[0.0603,49.2218],[0.0653,49.2266],[0.0698,49.221],[0.0677,49.2011],[0.073,49.1975],[0.0924,49.203],[0.098,49.1945],[0.1155,49.1958],[0.1261,49.1894],[0.123,49.187],[0.0998,49.186],[0.0717,49.1808]]]}},{"type":"Feature","properties":{"code":"14079","nom":"Blonville-sur-Mer","app":14.79,"app_bas":11.62,"app_haut":18.83,"app_ech":"commune","app_obs":146,"mai":12.28,"mai_bas":9.18,"mai_haut":16.43,"mai_ech":"maille","mai_obs":27,"a12":16.99,"a3":11.77},"geometry":{"type":"Polygon","coordinates":[[[0.0314,49.3418],[0.042,49.3343],[0.046,49.3269],[0.0445,49.3253],[0.049,49.3083],[0.0474,49.3064],[0.0422,49.3082],[0.0328,49.3044],[0.0216,49.309],[0.0202,49.3192],[0.0143,49.3326],[0.0314,49.3418]]]}},{"type":"Feature","properties":{"code":"14274","nom":"Fontaine-Étoupefour","app":10.97,"app_bas":9.06,"app_haut":13.28,"app_ech":"maille","app_obs":93,"mai":10.67,"mai_bas":8.78,"mai_haut":12.96,"mai_ech":"commune","mai_obs":156,"a12":14.45,"a3":10.49},"geometry":{"type":"Polygon","coordinates":[[[-0.4713,49.1464],[-0.4457,49.1525],[-0.4359,49.1339],[-0.4524,49.1236],[-0.4606,49.1233],[-0.4713,49.1464]]]}},{"type":"Feature","properties":{"code":"14142","nom":"Castilly","app":null,"app_bas":null,"app_haut":null,"app_ech":null,"app_obs":0,"mai":null,"mai_bas":null,"mai_haut":null,"mai_ech":null,"mai_obs":0,"a12":null,"a3":null},"geometry":{"type":"Polygon","coordinates":[[[-1.0305,49.2578],[-1.0461,49.2582],[-1.0542,49.2619],[-1.0553,49.2741],[-1.0365,49.2778],[-1.0292,49.2835],[-1.0206,49.2844],[-1.011,49.2906],[-1.0002,49.2881],[-0.9766,49.2856],[-0.9759,49.2811],[-0.9824,49.2718],[-0.9948,49.2663],[-1.0181,49.2665],[-1.0266,49.2586],[-1.0305,49.2578]]]}},{"type":"Feature","properties":{"code":"14462","nom":"Neuilly-la-Forêt","app":null,"app_bas":null,"app_haut":null,"app_ech":null,"app_obs":0,"mai":null,"mai_bas":null,"mai_haut":null,"mai_ech":null,"mai_obs":0,"a12":null,"a3":null},"geometry":{"type":"Polygon","coordinates":[[[-1.0877,49.2455],[-1.0926,49.244],[-1.0973,49.252],[-1.1048,49.2529],[-1.1134,49.2613],[-1.1359,49.2703],[-1.1349,49.2775],[-1.1272,49.2837],[-1.1181,49.2893],[-1.1058,49.2927],[-1.0855,49.2928],[-1.0731,49.2993],[-1.0671,49.2979],[-1.0667,49.2972],[-1.0715,49.2883],[-1.0553,49.2741],[-1.0542,49.2619],[-1.0677,49.2464],[-1.0877,49.2455]]]}},{"type":"Feature","properties":{"code":"14572","nom":"Saint-Denis-de-Méré","app":8.6,"app_bas":7.04,"app_haut":10.5,"app_ech":"maille","app_obs":7,"mai":6.93,"mai_bas":5.46,"mai_haut":8.79,"mai_ech":"maille","mai_obs":26,"a12":9.97,"a3":8.08},"geometry":{"type":"Polygon","coordinates":[[[-0.5152,48.8793],[-0.5044,48.8758],[-0.4942,48.8776],[-0.4836,48.878],[-0.4648,48.871],[-0.4694,48.868],[-0.4783,48.8589],[-0.4966,48.8583],[-0.4998,48.8548],[-0.494,48.8486],[-0.51,48.846],[-0.5149,48.8501],[-0.524,48.8503],[-0.5266,48.8608],[-0.5389,48.8663],[-0.5206,48.8777],[-0.5152,48.8793]]]}},{"type":"Feature","properties":{"code":"14700","nom":"Tour-en-Bessin","app":9.51,"app_bas":7.29,"app_haut":12.41,"app_ech":"maille","app_obs":6,"mai":10.73,"mai_bas":8.31,"mai_haut":13.85,"mai_ech":"maille","mai_obs":10,"a12":13.26,"a3":10.49},"geometry":{"type":"Polygon","coordinates":[[[-0.8032,49.2963],[-0.795,49.3101],[-0.778,49.3127],[-0.7577,49.3047],[-0.7624,49.2968],[-0.7571,49.294],[-0.7595,49.2905],[-0.765,49.2914],[-0.7801,49.2762],[-0.8064,49.275],[-0.8032,49.2963]]]}},{"type":"Feature","properties":{"code":"14753","nom":"Villers-Canivet","app":10.53,"app_bas":8.39,"app_haut":13.23,"app_ech":"maille","app_obs":0,"mai":11.71,"mai_bas":9.02,"mai_haut":15.2,"mai_ech":"maille","mai_obs":22,"a12":12.47,"a3":8.19},"geometry":{"type":"Polygon","coordinates":[[[-0.2465,48.9253],[-0.2614,48.9169],[-0.2655,48.9105],[-0.2728,48.9078],[-0.285,48.9106],[-0.2847,48.9334],[-0.2691,48.9462],[-0.2646,48.955],[-0.2538,48.9568],[-0.2263,48.9484],[-0.2257,48.9466],[-0.2406,48.9371],[-0.2472,48.9307],[-0.2465,48.9253]]]}},{"type":"Feature","properties":{"code":"14025","nom":"Aubigny","app":10.53,"app_bas":8.39,"app_haut":13.23,"app_ech":"maille","app_obs":0,"mai":8.14,"mai_bas":6.46,"mai_haut":10.26,"mai_ech":"maille","mai_obs":9,"a12":12.47,"a3":9.49},"geometry":{"type":"Polygon","coordinates":[[[-0.2377,48.9044],[-0.2261,48.9128],[-0.2267,48.9185],[-0.2153,48.9264],[-0.1951,48.9295],[-0.1926,48.9226],[-0.2078,48.918],[-0.21,48.9041],[-0.2197,48.8976],[-0.2377,48.9044]]]}},{"type":"Feature","properties":{"code":"14078","nom":"Blay","app":11.76,"app_bas":9.39,"app_haut":14.72,"app_ech":"maille","app_obs":1,"mai":10.73,"mai_bas":8.31,"mai_haut":13.85,"mai_ech":"maille","mai_obs":9,"a12":13.84,"a3":10.49},"geometry":{"type":"Polygon","coordinates":[[[-0.8469,49.2964],[-0.8444,49.298],[-0.8295,49.293],[-0.817,49.2933],[-0.8202,49.2786],[-0.8262,49.2699],[-0.8426,49.2552],[-0.8419,49.2625],[-0.8476,49.2671],[-0.8506,49.2833],[-0.8469,49.2964]]]}},{"type":"Feature","properties":{"code":"14111","nom":"Bucéels","app":10.97,"app_bas":9.06,"app_haut":13.28,"app_ech":"maille","app_obs":0,"mai":9.5,"mai_bas":7.75,"mai_haut":11.65,"mai_ech":"maille","mai_obs":8,"a12":15.5,"a3":11.04},"geometry":{"type":"Polygon","coordinates":[[[-0.6452,49.1742],[-0.6526,49.1773],[-0.6537,49.1887],[-0.6507,49.1968],[-0.644,49.1984],[-0.6326,49.2035],[-0.6259,49.1901],[-0.6258,49.18],[-0.633,49.1744],[-0.6452,49.1742]]]}},{"type":"Feature","properties":{"code":"14393","nom":"Maizet","app":11.8,"app_bas":9.98,"app_haut":13.96,"app_ech":"maille","app_obs":12,"mai":9.64,"mai_bas":7.5,"mai_haut":12.38,"mai_ech":"maille","mai_obs":14,"a12":13.61,"a3":9.49},"geometry":{"type":"Polygon","coordinates":[[[-0.4856,49.0804],[-0.4798,49.0851],[-0.4602,49.0844],[-0.4451,49.0805],[-0.4259,49.0823],[-0.4387,49.0638],[-0.4444,49.0622],[-0.4687,49.0717],[-0.4856,49.0804]]]}},{"type":"Feature","properties":{"code":"14726","nom":"Valdallière","app":8.6,"app_bas":7.04,"app_haut":10.5,"app_ech":"maille","app_obs":63,"mai":6.79,"mai_bas":5.3,"mai_haut":8.7,"mai_ech":"commune","mai_obs":367,"a12":8.72,"a3":6.93},"geometry":{"type":"Polygon","coordinates":[[[-0.7054,48.9302],[-0.708,48.9227],[-0.7064,48.914],[-0.701,48.9036],[-0.6922,48.8926],[-0.6779,48.8925],[-0.6608,48.8988],[-0.6506,48.8863],[-0.6251,48.8941],[-0.61,48.8892],[-0.6045,48.8784],[-0.6132,48.8651],[-0.6203,48.8613],[-0.6323,48.8467],[-0.6434,48.8409],[-0.6572,48.8391],[-0.6789,48.8418],[-0.6863,48.8445],[-0.6981,48.8436],[-0.7053,48.8385],[-0.6964,48.8302],[-0.6822,48.8218],[-0.7057,48.8087],[-0.7147,48.7999],[-0.7233,48.7993],[-0.74,48.7929],[-0.7643,48.7877],[-0.7806,48.7867],[-0.7901,48.7896],[-0.7777,48.7951],[-0.7719,48.8007],[-0.7633,48.8144],[-0.7887,48.8085],[-0.8009,48.8117],[-0.8052,48.819],[-0.787,48.8281],[-0.8043,48.8327],[-0.8168,48.8329],[-0.8175,48.8522],[-0.8228,48.8539],[-0.8283,48.8624],[-0.8263,48.8703],[-0.8314,48.8835],[-0.818,48.8878],[-0.8245,48.9038],[-0.8134,48.9097],[-0.7979,48.9349],[-0.7831,48.9353],[-0.7054,48.9302]]]}},{"type":"Feature","properties":{"code":"14740","nom":"Vespière-Friardel","app":10.18,"app_bas":7.99,"app_haut":12.97,"app_ech":"maille","app_obs":50,"mai":9.55,"mai_bas":7.4,"mai_haut":12.32,"mai_ech":"maille","mai_obs":20,"a12":11.58,"a3":7.31},"geometry":{"type":"Polygon","coordinates":[[[0.3823,48.9771],[0.3697,48.9806],[0.3648,48.9859],[0.3711,48.9897],[0.3716,49.0013],[0.3636,49.0022],[0.3653,49.0061],[0.3862,49.0132],[0.3904,49.0202],[0.4016,49.0177],[0.409,49.0072],[0.4139,49.0122],[0.4095,49.0328],[0.4259,49.032],[0.435,49.024],[0.4461,49.019],[0.4463,49.015],[0.4337,49.0033],[0.4298,48.9874],[0.4268,48.9857],[0.4134,48.9907],[0.4101,48.9962],[0.3966,48.9897],[0.3823,48.9771]]]}},{"type":"Feature","properties":{"code":"14759","nom":"Villy-lez-Falaise","app":10.53,"app_bas":8.39,"app_haut":13.23,"app_ech":"maille","app_obs":0,"mai":8.14,"mai_bas":6.46,"mai_haut":10.26,"mai_ech":"maille","mai_obs":5,"a12":12.47,"a3":7.15},"geometry":{"type":"Polygon","coordinates":[[[-0.1634,48.8968],[-0.1563,48.901],[-0.1388,48.905],[-0.1275,48.9131],[-0.1139,48.9134],[-0.1127,48.9046],[-0.1274,48.8986],[-0.1419,48.8876],[-0.144,48.8837],[-0.1634,48.8968]]]}},{"type":"Feature","properties":{"code":"14008","nom":"Amblie","app":null,"app_bas":null,"app_haut":null,"app_ech":null,"app_obs":0,"mai":null,"mai_bas":null,"mai_haut":null,"mai_ech":null,"mai_obs":0,"a12":null,"a3":null},"geometry":{"type":"Polygon","coordinates":[[[-0.5258,49.285],[-0.5179,49.2924],[-0.4978,49.2928],[-0.4804,49.2984],[-0.4763,49.2931],[-0.4826,49.2824],[-0.4933,49.2726],[-0.497,49.2761],[-0.5209,49.2757],[-0.5258,49.285]]]}},{"type":"Feature","properties":{"code":"14384","nom":"Luc-sur-Mer","app":13.2,"app_bas":10.59,"app_haut":16.46,"app_ech":"commune","app_obs":192,"mai":11.97,"mai_bas":9.39,"mai_haut":15.25,"mai_ech":"commune","mai_obs":126,"a12":16.1,"a3":11.26},"geometry":{"type":"Polygon","coordinates":[[[-0.3564,49.2994],[-0.3636,49.2934],[-0.3721,49.301],[-0.3636,49.313],[-0.3595,49.3222],[-0.3397,49.3135],[-0.3564,49.2994]]]}},{"type":"Feature","properties":{"code":"14168","nom":"Colombières","app":10.77,"app_bas":8.37,"app_haut":13.86,"app_ech":"maille","app_obs":1,"mai":8.3,"mai_bas":6.54,"mai_haut":10.55,"mai_ech":"maille","mai_obs":4,"a12":13.26,"a3":9.02},"geometry":{"type":"Polygon","coordinates":[[[-0.9766,49.2856],[-1.0002,49.2881],[-1.011,49.2906],[-1.0128,49.3012],[-1.0069,49.3123],[-1.0064,49.3185],[-0.9885,49.321],[-0.9742,49.3164],[-0.9635,49.3115],[-0.9545,49.3059],[-0.965,49.302],[-0.9766,49.2856]]]}},{"type":"Feature","properties":{"code":"14756","nom":"Villette","app":8.6,"app_bas":7.04,"app_haut":10.5,"app_ech":"maille","app_obs":1,"mai":7.72,"mai_bas":6.01,"mai_haut":9.92,"mai_ech":"maille","mai_obs":22,"a12":9.97,"a3":8.08},"geometry":{"type":"Polygon","coordinates":[[[-0.5638,48.9237],[-0.5365,48.9237],[-0.5189,48.9184],[-0.5165,48.9093],[-0.5218,48.9003],[-0.5298,48.9004],[-0.5396,48.8958],[-0.5407,48.8919],[-0.5693,48.8964],[-0.5612,48.9062],[-0.5638,48.9237]]]}},{"type":"Feature","properties":{"code":"14001","nom":"Ablon","app":13.16,"app_bas":10.67,"app_haut":16.24,"app_ech":"maille","app_obs":11,"mai":10.58,"mai_bas":8.42,"mai_haut":13.3,"mai_ech":"maille","mai_obs":34,"a12":14.73,"a3":10.62},"geometry":{"type":"Polygon","coordinates":[[[0.2972,49.4299],[0.2974,49.4123],[0.3091,49.3869],[0.3017,49.3713],[0.2782,49.3758],[0.26,49.374],[0.2638,49.381],[0.2565,49.3886],[0.2702,49.3914],[0.2733,49.4042],[0.2856,49.4099],[0.2856,49.429],[0.2972,49.4299]]]}},{"type":"Feature","properties":{"code":"14390","nom":"Maisoncelles-sur-Ajon","app":8.6,"app_bas":7.04,"app_haut":10.5,"app_ech":"maille","app_obs":2,"mai":7.72,"mai_bas":6.01,"mai_haut":9.92,"mai_ech":"maille","mai_obs":9,"a12":9.97,"a3":8.08},"geometry":{"type":"Polygon","coordinates":[[[-0.5496,49.0463],[-0.5476,49.0511],[-0.5595,49.0574],[-0.546,49.067],[-0.5401,49.0742],[-0.5208,49.0602],[-0.5237,49.0542],[-0.541,49.0494],[-0.5474,49.0445],[-0.5496,49.0463]]]}},{"type":"Feature","properties":{"code":"14138","nom":"Cartigny-l'Épinay","app":9.71,"app_bas":7.83,"app_haut":12.03,"app_ech":"maille","app_obs":0,"mai":10.73,"mai_bas":8.31,"mai_haut":13.85,"mai_ech":"maille","mai_obs":6,"a12":10.86,"a3":7.04},"geometry":{"type":"Polygon","coordinates":[[[-1.0266,49.2586],[-1.0206,49.2527],[-1.001,49.2504],[-0.994,49.2441],[-0.9798,49.2482],[-0.9721,49.2466],[-0.9806,49.2285],[-1.0072,49.2242],[-1.0309,49.2265],[-1.0234,49.2304],[-1.0339,49.2446],[-1.029,49.2547],[-1.0305,49.2578],[-1.0266,49.2586]]]}},{"type":"Feature","properties":{"code":"14140","nom":"Castillon","app":9.51,"app_bas":7.29,"app_haut":12.41,"app_ech":"maille","app_obs":0,"mai":7.72,"mai_bas":6.17,"mai_haut":9.65,"mai_ech":"maille","mai_obs":4,"a12":13.26,"a3":7.47},"geometry":{"type":"Polygon","coordinates":[[[-0.7939,49.1783],[-0.8206,49.188],[-0.8293,49.188],[-0.834,49.1952],[-0.813,49.205],[-0.7865,49.2132],[-0.775,49.2119],[-0.771,49.1945],[-0.7797,49.1878],[-0.7827,49.1787],[-0.7939,49.1783]]]}},{"type":"Feature","properties":{"code":"14472","nom":"Oudon","app":null,"app_bas":null,"app_haut":null,"app_ech":null,"app_obs":0,"mai":null,"mai_bas":null,"mai_haut":null,"mai_ech":null,"mai_obs":0,"a12":null,"a3":null},"geometry":{"type":"Polygon","coordinates":[[[0.1037,48.974],[0.0919,48.9587],[0.0916,48.9541],[0.083,48.9409],[0.068,48.9418],[0.0639,48.9344],[0.0807,48.938],[0.0709,48.9321],[0.0652,48.9249],[0.0637,48.9168],[0.058,48.9078],[0.0361,48.9099],[0.0217,48.9073],[0.0125,48.9093],[0.0112,48.9268],[0.0205,48.9337],[0.021,48.9471],[0.0276,48.9524],[0.0174,48.9614],[0.0046,48.9626],[-0.0017,48.9673],[-0.0106,48.9682],[-0.0199,48.9817],[-0.0411,48.9843],[-0.0403,48.995],[-0.0288,49.0043],[-0.0219,49.0044],[-0.0133,49.0145],[-0.0036,49.015],[0.0063,49.0118],[0.0101,49.009],[0.0108,48.9979],[0.0223,48.994],[0.0502,48.9965],[0.0573,48.9988],[0.0508,48.9913],[0.051,48.9849],[0.0739,48.9835],[0.0754,48.9722],[0.0847,48.971],[0.1037,48.974]]]}},{"type":"Feature","properties":{"code":"14747","nom":"Vieux","app":12.29,"app_bas":10.35,"app_haut":14.6,"app_ech":"maille","app_obs":18,"mai":10.69,"mai_bas":8.8,"mai_haut":12.99,"mai_ech":"maille","mai_obs":17,"a12":14.45,"a3":10.49},"geometry":{"type":"Polygon","coordinates":[[[-0.4342,49.1232],[-0.4259,49.1186],[-0.4231,49.1097],[-0.426,49.104],[-0.4389,49.1023],[-0.4613,49.1041],[-0.4567,49.1155],[-0.4606,49.1233],[-0.4342,49.1232]]]}},{"type":"Feature","properties":{"code":"14130","nom":"Campigny","app":11.76,"app_bas":9.39,"app_haut":14.72,"app_ech":"maille","app_obs":0,"mai":10.73,"mai_bas":8.31,"mai_haut":13.85,"mai_ech":"maille","mai_obs":3,"a12":12.5,"a3":10.49},"geometry":{"type":"Polygon","coordinates":[[[-0.7755,49.2589],[-0.7858,49.246],[-0.7979,49.2381],[-0.8036,49.2312],[-0.8118,49.2402],[-0.8198,49.2443],[-0.82,49.2507],[-0.8105,49.2597],[-0.7975,49.2586],[-0.7755,49.2589]]]}},{"type":"Feature","properties":{"code":"14189","nom":"Coupesarte","app":null,"app_bas":null,"app_haut":null,"app_ech":null,"app_obs":0,"mai":null,"mai_bas":null,"mai_haut":null,"mai_ech":null,"mai_obs":0,"a12":null,"a3":null},"geometry":{"type":"Polygon","coordinates":[[[0.1146,49.0421],[0.1089,49.0464],[0.0907,49.0487],[0.084,49.0566],[0.1001,49.0716],[0.1099,49.0658],[0.122,49.0472],[0.1146,49.0421]]]}},{"type":"Feature","properties":{"code":"14209","nom":"Crouay","app":9.51,"app_bas":7.29,"app_haut":12.41,"app_ech":"maille","app_obs":0,"mai":10.73,"mai_bas":8.31,"mai_haut":13.85,"mai_ech":"maille","mai_obs":9,"a12":13.26,"a3":10.49},"geometry":{"type":"Polygon","coordinates":[[[-0.8032,49.2963],[-0.8064,49.275],[-0.8021,49.2751],[-0.7975,49.2586],[-0.8105,49.2597],[-0.82,49.2507],[-0.8297,49.2515],[-0.8386,49.2495],[-0.8426,49.2552],[-0.8262,49.2699],[-0.8202,49.2786],[-0.817,49.2933],[-0.8032,49.2963]]]}},{"type":"Feature","properties":{"code":"14522","nom":"Prêtreville","app":10.8,"app_bas":8.79,"app_haut":13.25,"app_ech":"maille","app_obs":0,"mai":9.55,"mai_bas":7.4,"mai_haut":12.32,"mai_ech":"maille","mai_obs":12,"a12":13.21,"a3":9.65},"geometry":{"type":"Polygon","coordinates":[[[0.2593,49.09],[0.2609,49.0831],[0.2774,49.0823],[0.288,49.0731],[0.293,49.0613],[0.2769,49.0558],[0.2562,49.0592],[0.2447,49.0699],[0.2165,49.0642],[0.2125,49.0617],[0.2176,49.0688],[0.2364,49.0793],[0.2331,49.0838],[0.2486,49.09],[0.2593,49.09]]]}},{"type":"Feature","properties":{"code":"14744","nom":"Vienne-en-Bessin","app":12.81,"app_bas":10.42,"app_haut":15.76,"app_ech":"maille","app_obs":0,"mai":9.66,"mai_bas":7.14,"mai_haut":13.07,"mai_ech":"maille","mai_obs":7,"a12":13.84,"a3":10.33},"geometry":{"type":"Polygon","coordinates":[[[-0.6275,49.2905],[-0.6033,49.2817],[-0.6012,49.2782],[-0.6177,49.2734],[-0.6491,49.2776],[-0.6543,49.2769],[-0.6524,49.283],[-0.6391,49.2834],[-0.6275,49.2905]]]}},{"type":"Feature","properties":{"code":"14100","nom":"Bretteville-sur-Laize","app":12.48,"app_bas":9.6,"app_haut":16.23,"app_ech":"commune","app_obs":130,"mai":9.64,"mai_bas":7.5,"mai_haut":12.38,"mai_ech":"maille","mai_obs":90,"a12":13.03,"a3":9.49},"geometry":{"type":"Polygon","coordinates":[[[-0.349,49.0269],[-0.3384,49.0354],[-0.35,49.0472],[-0.3523,49.0531],[-0.319,49.0708],[-0.3164,49.0696],[-0.316,49.0647],[-0.2994,49.058],[-0.2951,49.0518],[-0.3028,49.0458],[-0.3218,49.0396],[-0.3311,49.0281],[-0.349,49.0269]]]}},{"type":"Feature","properties":{"code":"14109","nom":"Brouay","app":null,"app_bas":null,"app_haut":null,"app_ech":null,"app_obs":0,"mai":null,"mai_bas":null,"mai_haut":null,"mai_ech":null,"mai_obs":0,"a12":null,"a3":null},"geometry":{"type":"Polygon","coordinates":[[[-0.5868,49.2198],[-0.5691,49.2209],[-0.5598,49.2181],[-0.5418,49.2038],[-0.553,49.1971],[-0.5641,49.2043],[-0.5709,49.2059],[-0.5783,49.2096],[-0.5868,49.2198]]]}},{"type":"Feature","properties":{"code":"14257","nom":"Évrecy","app":11.85,"app_bas":9.75,"app_haut":14.39,"app_ech":"commune","app_obs":102,"mai":10.49,"mai_bas":8.6,"mai_haut":12.79,"mai_ech":"commune","mai_obs":105,"a12":14.45,"a3":10.49},"geometry":{"type":"Polygon","coordinates":[[[-0.4956,49.1104],[-0.4839,49.1105],[-0.4805,49.1063],[-0.4848,49.1046],[-0.484,49.0949],[-0.4798,49.0851],[-0.4856,49.0804],[-0.4891,49.0825],[-0.5086,49.0822],[-0.515,49.0805],[-0.5301,49.0875],[-0.5196,49.1015],[-0.5017,49.1091],[-0.4956,49.1104]]]}},{"type":"Feature","properties":{"code":"14282","nom":"Foulognes","app":9.71,"app_bas":7.83,"app_haut":12.03,"app_ech":"maille","app_obs":0,"mai":7.72,"mai_bas":6.17,"mai_haut":9.65,"mai_ech":"maille","mai_obs":1,"a12":10.58,"a3":7.47},"geometry":{"type":"Polygon","coordinates":[[[-0.8076,49.1123],[-0.8113,49.1161],[-0.8081,49.1194],[-0.811,49.1312],[-0.8197,49.139],[-0.8298,49.142],[-0.816,49.1534],[-0.8036,49.1572],[-0.7946,49.1551],[-0.7848,49.1513],[-0.7854,49.1473],[-0.8012,49.1402],[-0.8015,49.1236],[-0.7949,49.1225],[-0.8076,49.1123]]]}},{"type":"Feature","properties":{"code":"14341","nom":"Ifs","app":13.52,"app_bas":11.4,"app_haut":16.02,"app_ech":"commune","app_obs":1023,"mai":11.96,"mai_bas":9.19,"mai_haut":15.57,"mai_ech":"commune","mai_obs":418,"a12":15.31,"a3":11.91},"geometry":{"type":"Polygon","coordinates":[[[-0.3662,49.1309],[-0.3636,49.1425],[-0.3577,49.1533],[-0.3588,49.1594],[-0.3489,49.1632],[-0.3403,49.1481],[-0.3294,49.1479],[-0.3132,49.1432],[-0.3126,49.1355],[-0.3192,49.1356],[-0.3279,49.1266],[-0.3471,49.1275],[-0.3662,49.1309]]]}},{"type":"Feature","properties":{"code":"14137","nom":"Carpiquet","app":13.3,"app_bas":11.18,"app_haut":15.84,"app_ech":"commune","app_obs":246,"mai":11.87,"mai_bas":9.12,"mai_haut":15.46,"mai_ech":"maille","mai_obs":96,"a12":15.02,"a3":12.05},"geometry":{"type":"Polygon","coordinates":[[[-0.4435,49.1938],[-0.4128,49.1888],[-0.4133,49.1869],[-0.4318,49.1848],[-0.4357,49.1809],[-0.4485,49.1772],[-0.4695,49.1777],[-0.4774,49.1899],[-0.4648,49.1961],[-0.4435,49.1938]]]}},{"type":"Feature","properties":{"code":"14211","nom":"Culey-le-Patry","app":8.6,"app_bas":7.04,"app_haut":10.5,"app_ech":"maille","app_obs":0,"mai":11.71,"mai_bas":9.02,"mai_haut":15.2,"mai_ech":"maille","mai_obs":15,"a12":9.97,"a3":8.08},"geometry":{"type":"Polygon","coordinates":[[[-0.5612,48.9605],[-0.5623,48.9695],[-0.5465,48.9683],[-0.5245,48.9624],[-0.5095,48.9625],[-0.5,48.9599],[-0.5035,48.9468],[-0.5074,48.9458],[-0.5359,48.9489],[-0.5516,48.9496],[-0.5546,48.9572],[-0.5612,48.9605]]]}},{"type":"Feature","properties":{"code":"14466","nom":"Norolles","app":13.39,"app_bas":10,"app_haut":17.92,"app_ech":"maille","app_obs":0,"mai":13.09,"mai_bas":9.57,"mai_haut":17.91,"mai_ech":"maille","mai_obs":6,"a12":16.43,"a3":9.73},"geometry":{"type":"Polygon","coordinates":[[[0.2424,49.185],[0.2408,49.1843],[0.2342,49.1858],[0.2318,49.1933],[0.219,49.1932],[0.2222,49.2064],[0.2205,49.2137],[0.231,49.2134],[0.2342,49.2205],[0.2544,49.2086],[0.2584,49.2015],[0.248,49.1971],[0.2424,49.185]]]}},{"type":"Feature","properties":{"code":"14489","nom":"Ouville-la-Bien-Tournée","app":null,"app_bas":null,"app_haut":null,"app_ech":null,"app_obs":0,"mai":null,"mai_bas":null,"mai_haut":null,"mai_ech":null,"mai_obs":0,"a12":null,"a3":null},"geometry":{"type":"Polygon","coordinates":[[[-0.0238,49.0421],[-0.0679,49.0428],[-0.0659,49.0478],[-0.0561,49.0523],[-0.0328,49.0555],[-0.0265,49.0598],[-0.0322,49.0641],[-0.0278,49.0671],[-0.0116,49.0694],[-0.0013,49.0556],[-0.0114,49.0453],[-0.0238,49.0421]]]}},{"type":"Feature","properties":{"code":"14509","nom":"Plumetot","app":13.2,"app_bas":10.6,"app_haut":16.42,"app_ech":"maille","app_obs":6,"mai":11.45,"mai_bas":9.06,"mai_haut":14.46,"mai_ech":"maille","mai_obs":5,"a12":14.45,"a3":11.22},"geometry":{"type":"Polygon","coordinates":[[[-0.3753,49.2763],[-0.3617,49.2829],[-0.3491,49.2789],[-0.3573,49.273],[-0.3753,49.2763]]]}},{"type":"Feature","properties":{"code":"14550","nom":"Rumesnil","app":10.89,"app_bas":8.89,"app_haut":13.35,"app_ech":"maille","app_obs":0,"mai":8.94,"mai_bas":7.09,"mai_haut":11.29,"mai_ech":"maille","mai_obs":2,"a12":14.89,"a3":9.73},"geometry":{"type":"Polygon","coordinates":[[[0.0262,49.1916],[0.0232,49.1995],[0.0281,49.2047],[0.0414,49.1964],[0.0398,49.1905],[0.0438,49.1849],[0.031,49.1845],[0.0312,49.1785],[0.0226,49.1713],[0.0094,49.1777],[0.0017,49.1766],[-0.0069,49.187],[0.0049,49.1862],[0.0238,49.1881],[0.0262,49.1916]]]}},{"type":"Feature","properties":{"code":"14651","nom":"Saint-Pierre-du-Jonquet","app":12.44,"app_bas":10.51,"app_haut":14.72,"app_ech":"maille","app_obs":4,"mai":11.11,"mai_bas":9.14,"mai_haut":13.5,"mai_ech":"maille","mai_obs":11,"a12":14.11,"a3":10.13},"geometry":{"type":"Polygon","coordinates":[[[-0.1601,49.1775],[-0.1595,49.1809],[-0.1391,49.182],[-0.1151,49.1787],[-0.1186,49.1771],[-0.1233,49.1605],[-0.1397,49.1486],[-0.1493,49.145],[-0.1598,49.1468],[-0.1646,49.1508],[-0.1551,49.1547],[-0.1477,49.1637],[-0.1477,49.1681],[-0.1601,49.1775]]]}},{"type":"Feature","properties":{"code":"14760","nom":"Villy-Bocage","app":11.8,"app_bas":9.98,"app_haut":13.96,"app_ech":"maille","app_obs":0,"mai":9.5,"mai_bas":7.75,"mai_haut":11.65,"mai_ech":"maille","mai_obs":10,"a12":12.5,"a3":10.49},"geometry":{"type":"Polygon","coordinates":[[[-0.6588,49.1123],[-0.6504,49.1259],[-0.6465,49.1242],[-0.6423,49.1201],[-0.6208,49.1182],[-0.6106,49.1139],[-0.6165,49.1047],[-0.617,49.0968],[-0.6267,49.0921],[-0.6303,49.0927],[-0.6716,49.0846],[-0.6588,49.1123]]]}},{"type":"Feature","properties":{"code":"14012","nom":"Angerville","app":14.1,"app_bas":11.08,"app_haut":17.94,"app_ech":"maille","app_obs":14,"mai":12.28,"mai_bas":9.18,"mai_haut":16.43,"mai_ech":"maille","mai_obs":4,"a12":15.47,"a3":11.45},"geometry":{"type":"Polygon","coordinates":[[[-0.0103,49.2489],[-0.0127,49.2462],[-0.0106,49.2416],[-0.0148,49.2367],[-0.0324,49.2367],[-0.0416,49.2389],[-0.0481,49.248],[-0.0374,49.2509],[-0.0222,49.253],[-0.0103,49.2489]]]}},{"type":"Feature","properties":{"code":"14049","nom":"Bazenville","app":12.81,"app_bas":10.42,"app_haut":15.76,"app_ech":"maille","app_obs":0,"mai":9.66,"mai_bas":7.14,"mai_haut":13.07,"mai_ech":"maille","mai_obs":2,"a12":13.84,"a3":10.33},"geometry":{"type":"Polygon","coordinates":[[[-0.5732,49.2899],[-0.5744,49.2929],[-0.5927,49.2922],[-0.602,49.2948],[-0.6037,49.3023],[-0.5781,49.3116],[-0.5678,49.3077],[-0.5732,49.2899]]]}},{"type":"Feature","properties":{"code":"14076","nom":"Blainville-sur-Orne","app":12.79,"app_bas":10.93,"app_haut":14.96,"app_ech":"commune","app_obs":487,"mai":11.4,"mai_bas":9.37,"mai_haut":13.87,"mai_ech":"commune","mai_obs":117,"a12":14.29,"a3":11.66},"geometry":{"type":"Polygon","coordinates":[[[-0.3049,49.2109],[-0.3197,49.2242],[-0.3264,49.2233],[-0.3293,49.2247],[-0.3216,49.236],[-0.3092,49.2459],[-0.2938,49.237],[-0.2791,49.2265],[-0.2888,49.2189],[-0.3049,49.2109]]]}},{"type":"Feature","properties":{"code":"14080","nom":"Bô","app":9.38,"app_bas":7.49,"app_haut":11.74,"app_ech":"maille","app_obs":0,"mai":8.15,"mai_bas":6.33,"mai_haut":10.51,"mai_ech":"maille","mai_obs":2,"a12":9.97,"a3":8.19},"geometry":{"type":"Polygon","coordinates":[[[-0.4441,48.919],[-0.4236,48.9159],[-0.4314,48.9083],[-0.4268,48.9056],[-0.443,48.8969],[-0.4539,48.8937],[-0.4592,48.8985],[-0.4563,48.9058],[-0.4443,48.9147],[-0.4441,48.919]]]}},{"type":"Feature","properties":{"code":"14093","nom":"Branville","app":14.43,"app_bas":10.3,"app_haut":20.21,"app_ech":"maille","app_obs":0,"mai":12.28,"mai_bas":9.18,"mai_haut":16.43,"mai_ech":"maille","mai_obs":4,"a12":16.43,"a3":11.45},"geometry":{"type":"Polygon","coordinates":[[[0.0347,49.2793],[0.0449,49.2635],[0.0335,49.2527],[0.0183,49.2625],[0.007,49.259],[0.0037,49.2651],[0.0044,49.2795],[0.015,49.2841],[0.0347,49.2793]]]}},{"type":"Feature","properties":{"code":"14099","nom":"Bretteville-sur-Dives","app":null,"app_bas":null,"app_haut":null,"app_ech":null,"app_obs":0,"mai":null,"mai_bas":null,"mai_haut":null,"mai_ech":null,"mai_obs":0,"a12":null,"a3":null},"geometry":{"type":"Polygon","coordinates":[[[-0.0238,49.0421],[-0.0114,49.0453],[0.0173,49.0446],[0.0294,49.0355],[0.0216,49.0245],[0.0117,49.0253],[-0.0073,49.03],[-0.0251,49.0317],[-0.0238,49.0421]]]}},{"type":"Feature","properties":{"code":"14243","nom":"Équemauville","app":13.16,"app_bas":10.67,"app_haut":16.24,"app_ech":"maille","app_obs":32,"mai":12.58,"mai_bas":8.71,"mai_haut":18.18,"mai_ech":"maille","mai_obs":32,"a12":15.64,"a3":13.7},"geometry":{"type":"Polygon","coordinates":[[[0.2177,49.3947],[0.2003,49.3835],[0.1906,49.4055],[0.1942,49.4067],[0.1993,49.4104],[0.2071,49.4069],[0.2132,49.4095],[0.2118,49.4157],[0.2157,49.4236],[0.2272,49.4194],[0.2217,49.3988],[0.2177,49.3947]]]}},{"type":"Feature","properties":{"code":"14380","nom":"Loucelles","app":10.97,"app_bas":9.06,"app_haut":13.28,"app_ech":"maille","app_obs":0,"mai":10.36,"mai_bas":8.31,"mai_haut":12.91,"mai_ech":"maille","mai_obs":7,"a12":15.5,"a3":11.04},"geometry":{"type":"Polygon","coordinates":[[[-0.5868,49.2198],[-0.595,49.22],[-0.5916,49.2293],[-0.587,49.236],[-0.5573,49.2255],[-0.5634,49.2192],[-0.5691,49.2209],[-0.5868,49.2198]]]}},{"type":"Feature","properties":{"code":"14186","nom":"Coulombs","app":null,"app_bas":null,"app_haut":null,"app_ech":null,"app_obs":0,"mai":null,"mai_bas":null,"mai_haut":null,"mai_ech":null,"mai_obs":0,"a12":null,"a3":null},"geometry":{"type":"Polygon","coordinates":[[[-0.5913,49.2376],[-0.5821,49.2478],[-0.5693,49.2578],[-0.554,49.2623],[-0.547,49.2578],[-0.5532,49.2537],[-0.5513,49.245],[-0.5734,49.2405],[-0.5833,49.2346],[-0.5913,49.2376]]]}},{"type":"Feature","properties":{"code":"14228","nom":"Douvres-la-Délivrande","app":13.14,"app_bas":10.62,"app_haut":16.25,"app_ech":"commune","app_obs":376,"mai":11.45,"mai_bas":8.99,"mai_haut":14.57,"mai_ech":"commune","mai_obs":196,"a12":15.04,"a3":11.45},"geometry":{"type":"Polygon","coordinates":[[[-0.4013,49.3116],[-0.3897,49.3024],[-0.3721,49.301],[-0.3636,49.2934],[-0.3772,49.2765],[-0.3782,49.2702],[-0.4124,49.2737],[-0.4094,49.2827],[-0.4121,49.2907],[-0.4119,49.2964],[-0.4073,49.3143],[-0.4013,49.3116]]]}},{"type":"Feature","properties":{"code":"14493","nom":"Percy-en-Auge","app":null,"app_bas":null,"app_haut":null,"app_ech":null,"app_obs":0,"mai":null,"mai_bas":null,"mai_haut":null,"mai_ech":null,"mai_obs":0,"a12":null,"a3":null},"geometry":{"type":"Polygon","coordinates":[[[-0.0659,49.0478],[-0.0953,49.0541],[-0.0914,49.0594],[-0.0641,49.0671],[-0.0511,49.0747],[-0.0322,49.0641],[-0.0265,49.0598],[-0.0328,49.0555],[-0.0561,49.0523],[-0.0659,49.0478]]]}},{"type":"Feature","properties":{"code":"14658","nom":"Saint-Sever-Calvados","app":8.83,"app_bas":6.94,"app_haut":11.23,"app_ech":"maille","app_obs":60,"mai":6.98,"mai_bas":5.56,"mai_haut":8.76,"mai_ech":"commune","mai_obs":190,"a12":10.58,"a3":6.93},"geometry":{"type":"Polygon","coordinates":[[[-1.0632,48.8509],[-1.0494,48.8442],[-1.0272,48.8522],[-1.0231,48.843],[-1.0297,48.8357],[-1.0229,48.8303],[-1.0106,48.8306],[-0.9997,48.8265],[-0.9999,48.8208],[-0.99,48.8162],[-0.9921,48.8074],[-1.0013,48.8063],[-1.0027,48.8021],[-1.0206,48.8031],[-1.0266,48.8005],[-1.035,48.8141],[-1.042,48.814],[-1.0537,48.7981],[-1.0699,48.8014],[-1.095,48.8016],[-1.1023,48.8143],[-1.0785,48.8214],[-1.0809,48.8257],[-1.0865,48.8298],[-1.0831,48.8387],[-1.072,48.8402],[-1.0632,48.8509]]]}},{"type":"Feature","properties":{"code":"14353","nom":"Landes-sur-Ajon","app":11.8,"app_bas":9.98,"app_haut":13.96,"app_ech":"maille","app_obs":0,"mai":7.72,"mai_bas":6.01,"mai_haut":9.92,"mai_ech":"maille","mai_obs":9,"a12":13.61,"a3":10.33},"geometry":{"type":"Polygon","coordinates":[[[-0.5913,49.0789],[-0.5779,49.085],[-0.5575,49.088],[-0.5459,49.0867],[-0.5485,49.0764],[-0.5677,49.0711],[-0.59,49.0592],[-0.5922,49.0684],[-0.5913,49.0789]]]}},{"type":"Feature","properties":{"code":"14401","nom":"Manvieux","app":12.81,"app_bas":10.42,"app_haut":15.76,"app_ech":"maille","app_obs":0,"mai":9.66,"mai_bas":7.14,"mai_haut":13.07,"mai_ech":"maille","mai_obs":1,"a12":13.84,"a3":10.49},"geometry":{"type":"Polygon","coordinates":[[[-0.6649,49.3245],[-0.6632,49.3302],[-0.6712,49.334],[-0.6676,49.346],[-0.6451,49.3453],[-0.6474,49.3359],[-0.6518,49.3304],[-0.6624,49.3242],[-0.6649,49.3245]]]}},{"type":"Feature","properties":{"code":"14425","nom":"Mesnil-Simon","app":10.89,"app_bas":8.89,"app_haut":13.35,"app_ech":"maille","app_obs":0,"mai":8.94,"mai_bas":7.09,"mai_haut":11.29,"mai_ech":"maille","mai_obs":13,"a12":14.89,"a3":9.65},"geometry":{"type":"Polygon","coordinates":[[[0.0792,49.0757],[0.0908,49.0816],[0.0936,49.0886],[0.0909,49.0945],[0.1011,49.0974],[0.1164,49.1075],[0.1287,49.0997],[0.1457,49.0928],[0.1472,49.09],[0.1391,49.0855],[0.1243,49.0809],[0.1029,49.0782],[0.0953,49.0724],[0.0856,49.072],[0.0792,49.0757]]]}},{"type":"Feature","properties":{"code":"14193","nom":"Courtonne-la-Meurdrac","app":10.8,"app_bas":8.79,"app_haut":13.25,"app_ech":"maille","app_obs":0,"mai":9.55,"mai_bas":7.4,"mai_haut":12.32,"mai_ech":"maille","mai_obs":5,"a12":14.89,"a3":9.65},"geometry":{"type":"Polygon","coordinates":[[[0.2983,49.1157],[0.3076,49.1261],[0.3124,49.1358],[0.3124,49.1438],[0.3332,49.1433],[0.3344,49.1308],[0.3433,49.1257],[0.3568,49.1296],[0.3599,49.1235],[0.3598,49.1154],[0.3504,49.109],[0.3504,49.1042],[0.3322,49.0986],[0.2983,49.1157]]]}},{"type":"Feature","properties":{"code":"14497","nom":"Perrières","app":10.76,"app_bas":8.24,"app_haut":14.06,"app_ech":"maille","app_obs":0,"mai":8.15,"mai_bas":6.33,"mai_haut":10.51,"mai_ech":"maille","mai_obs":1,"a12":10.54,"a3":8.19},"geometry":{"type":"Polygon","coordinates":[[[-0.1124,48.981],[-0.1078,48.9662],[-0.11,48.9561],[-0.1157,48.9475],[-0.1335,48.9335],[-0.1366,48.9397],[-0.1352,48.9467],[-0.1436,48.9537],[-0.141,48.9602],[-0.1497,48.9654],[-0.1419,48.9698],[-0.1335,48.9718],[-0.1124,48.981]]]}},{"type":"Feature","properties":{"code":"14713","nom":"Trois-Monts","app":11.8,"app_bas":9.98,"app_haut":13.96,"app_ech":"maille","app_obs":7,"mai":9.64,"mai_bas":7.5,"mai_haut":12.38,"mai_ech":"maille","mai_obs":9,"a12":13.61,"a3":9.49},"geometry":{"type":"Polygon","coordinates":[[[-0.4578,49.0638],[-0.4599,49.0516],[-0.4659,49.0371],[-0.4905,49.0375],[-0.4958,49.0354],[-0.5055,49.0363],[-0.5014,49.0411],[-0.4916,49.0604],[-0.4578,49.0638]]]}},{"type":"Feature","properties":{"code":"14734","nom":"Vendes","app":10.97,"app_bas":9.06,"app_haut":13.28,"app_ech":"maille","app_obs":22,"mai":9.5,"mai_bas":7.75,"mai_haut":11.65,"mai_ech":"maille","mai_obs":18,"a12":12.5,"a3":10.33},"geometry":{"type":"Polygon","coordinates":[[[-0.6195,49.1506],[-0.6017,49.1491],[-0.5807,49.1431],[-0.5879,49.1325],[-0.6033,49.1373],[-0.6176,49.1373],[-0.6195,49.1506]]]}},{"type":"Feature","properties":{"code":"14003","nom":"Agy","app":11.76,"app_bas":9.39,"app_haut":14.72,"app_ech":"maille","app_obs":0,"mai":10.73,"mai_bas":8.31,"mai_haut":13.85,"mai_ech":"maille","mai_obs":9,"a12":12.5,"a3":10.49},"geometry":{"type":"Polygon","coordinates":[[[-0.7589,49.2458],[-0.7551,49.2382],[-0.7592,49.2326],[-0.7664,49.2339],[-0.7912,49.2289],[-0.8036,49.2312],[-0.7979,49.2381],[-0.7858,49.246],[-0.7784,49.2433],[-0.7625,49.2435],[-0.7589,49.2458]]]}},{"type":"Feature","properties":{"code":"14366","nom":"Lisieux","app":11.74,"app_bas":9.56,"app_haut":14.41,"app_ech":"commune","app_obs":4059,"mai":11.24,"mai_bas":8.53,"mai_haut":14.81,"mai_ech":"commune","mai_obs":478,"a12":13.48,"a3":11.04},"geometry":{"type":"Polygon","coordinates":[[[0.2308,49.1232],[0.2218,49.1261],[0.2226,49.1414],[0.2088,49.1406],[0.2085,49.1472],[0.2191,49.1505],[0.2181,49.1565],[0.2068,49.1632],[0.2139,49.1702],[0.2237,49.1703],[0.2348,49.1662],[0.2346,49.1596],[0.2481,49.1542],[0.2575,49.1559],[0.2766,49.1529],[0.2776,49.1472],[0.2809,49.1411],[0.2715,49.1359],[0.2535,49.1404],[0.2495,49.1305],[0.2375,49.1323],[0.2308,49.1232]]]}},{"type":"Feature","properties":{"code":"14386","nom":"Magny-la-Campagne","app":null,"app_bas":null,"app_haut":null,"app_ech":null,"app_obs":0,"mai":null,"mai_bas":null,"mai_haut":null,"mai_ech":null,"mai_obs":0,"a12":null,"a3":null},"geometry":{"type":"Polygon","coordinates":[[[-0.0659,49.0478],[-0.0679,49.0428],[-0.0672,49.0413],[-0.1034,49.0422],[-0.1114,49.0394],[-0.1213,49.0391],[-0.1239,49.0485],[-0.1184,49.0509],[-0.103,49.0654],[-0.0914,49.0594],[-0.0953,49.0541],[-0.0659,49.0478]]]}},{"type":"Feature","properties":{"code":"14597","nom":"Saint-Jean-le-Blanc","app":null,"app_bas":null,"app_haut":null,"app_ech":null,"app_obs":0,"mai":null,"mai_bas":null,"mai_haut":null,"mai_ech":null,"mai_obs":0,"a12":null,"a3":null},"geometry":{"type":"Polygon","coordinates":[[[-0.6392,48.9659],[-0.6316,48.9562],[-0.6336,48.9503],[-0.6303,48.9445],[-0.6409,48.9411],[-0.6423,48.9329],[-0.6387,48.9175],[-0.6538,48.9157],[-0.6634,48.9134],[-0.6711,48.915],[-0.6793,48.9218],[-0.6773,48.928],[-0.6979,48.9418],[-0.6973,48.9458],[-0.6769,48.9447],[-0.6665,48.95],[-0.6535,48.9646],[-0.6457,48.9687],[-0.6392,48.9659]]]}},{"type":"Feature","properties":{"code":"14682","nom":"Surville","app":13.39,"app_bas":10,"app_haut":17.92,"app_ech":"maille","app_obs":5,"mai":13.09,"mai_bas":9.57,"mai_haut":17.91,"mai_ech":"maille","mai_obs":5,"a12":15.64,"a3":13.7},"geometry":{"type":"Polygon","coordinates":[[[0.1941,49.301],[0.2018,49.3083],[0.2118,49.3049],[0.2252,49.3091],[0.256,49.3097],[0.2495,49.301],[0.2343,49.2979],[0.2045,49.295],[0.1941,49.301]]]}},{"type":"Feature","properties":{"code":"14050","nom":"Bazoque","app":9.71,"app_bas":7.83,"app_haut":12.03,"app_ech":"maille","app_obs":0,"mai":10.73,"mai_bas":8.31,"mai_haut":13.85,"mai_ech":"maille","mai_obs":5,"a12":10.58,"a3":8.08},"geometry":{"type":"Polygon","coordinates":[[[-0.8955,49.1322],[-0.9057,49.1329],[-0.8961,49.1512],[-0.8886,49.1616],[-0.8783,49.1703],[-0.8574,49.1783],[-0.8543,49.1637],[-0.8652,49.1549],[-0.8662,49.1454],[-0.8678,49.1393],[-0.8774,49.1343],[-0.8955,49.1322]]]}},{"type":"Feature","properties":{"code":"14294","nom":"Garcelles-Secqueville","app":null,"app_bas":null,"app_haut":null,"app_ech":null,"app_obs":0,"mai":null,"mai_bas":null,"mai_haut":null,"mai_ech":null,"mai_obs":0,"a12":null,"a3":null},"geometry":{"type":"Polygon","coordinates":[[[-0.3082,49.1032],[-0.2821,49.104],[-0.2755,49.1031],[-0.2687,49.104],[-0.2531,49.1003],[-0.249,49.0979],[-0.2676,49.0865],[-0.2704,49.0889],[-0.3069,49.0916],[-0.3082,49.1032]]]}},{"type":"Feature","properties":{"code":"14299","nom":"Genneville","app":13.39,"app_bas":10,"app_haut":17.92,"app_ech":"maille","app_obs":7,"mai":10.58,"mai_bas":8.42,"mai_haut":13.3,"mai_ech":"maille","mai_obs":42,"a12":14.73,"a3":10.62},"geometry":{"type":"Polygon","coordinates":[[[0.2501,49.3614],[0.2531,49.37],[0.26,49.374],[0.2782,49.3758],[0.3017,49.3713],[0.2846,49.3474],[0.2756,49.3387],[0.2641,49.3395],[0.2571,49.343],[0.2624,49.3533],[0.2501,49.3614]]]}},{"type":"Feature","properties":{"code":"14396","nom":"Maltot","app":12.29,"app_bas":10.35,"app_haut":14.6,"app_ech":"maille","app_obs":22,"mai":10.69,"mai_bas":8.8,"mai_haut":12.99,"mai_ech":"maille","mai_obs":48,"a12":14.45,"a3":10.49},"geometry":{"type":"Polygon","coordinates":[[[-0.4524,49.1236],[-0.4386,49.1321],[-0.4153,49.1432],[-0.4003,49.1375],[-0.4063,49.1281],[-0.4342,49.1232],[-0.4524,49.1236]]]}},{"type":"Feature","properties":{"code":"14136","nom":"Cardonville","app":10.77,"app_bas":8.37,"app_haut":13.86,"app_ech":"maille","app_obs":0,"mai":8.3,"mai_bas":6.54,"mai_haut":10.55,"mai_ech":"maille","mai_obs":1,"a12":13.26,"a3":9.02},"geometry":{"type":"Polygon","coordinates":[[[-1.05,49.3543],[-1.0503,49.3524],[-1.0275,49.3462],[-1.0279,49.343],[-1.0502,49.3422],[-1.0582,49.3396],[-1.0725,49.3406],[-1.0767,49.3473],[-1.0663,49.3496],[-1.059,49.3543],[-1.05,49.3543]]]}},{"type":"Feature","properties":{"code":"14552","nom":"Ryes","app":12.81,"app_bas":10.42,"app_haut":15.76,"app_ech":"maille","app_obs":2,"mai":9.66,"mai_bas":7.14,"mai_haut":13.07,"mai_ech":"maille","mai_obs":14,"a12":13.84,"a3":10.49},"geometry":{"type":"Polygon","coordinates":[[[-0.6325,49.3337],[-0.6143,49.33],[-0.6144,49.3262],[-0.605,49.3131],[-0.6027,49.3053],[-0.6037,49.3023],[-0.6255,49.2977],[-0.6492,49.305],[-0.6526,49.3039],[-0.6562,49.3056],[-0.6516,49.3145],[-0.6325,49.3337]]]}},{"type":"Feature","properties":{"code":"14555","nom":"Saint-André-d'Hébertot","app":10.46,"app_bas":8.16,"app_haut":13.41,"app_ech":"maille","app_obs":1,"mai":9.6,"mai_bas":7.31,"mai_haut":12.6,"mai_ech":"maille","mai_obs":6,"a12":13.35,"a3":10.62},"geometry":{"type":"Polygon","coordinates":[[[0.2557,49.3003],[0.2495,49.301],[0.2567,49.311],[0.2673,49.3126],[0.2808,49.3178],[0.316,49.3113],[0.323,49.297],[0.309,49.2832],[0.2995,49.2873],[0.2875,49.2969],[0.2731,49.3016],[0.2557,49.3003]]]}},{"type":"Feature","properties":{"code":"14591","nom":"Sainte-Honorine-des-Pertes","app":11.76,"app_bas":9.39,"app_haut":14.72,"app_ech":"maille","app_obs":0,"mai":8.3,"mai_bas":6.54,"mai_haut":10.55,"mai_ech":"maille","mai_obs":14,"a12":13.84,"a3":9.02},"geometry":{"type":"Polygon","coordinates":[[[-0.8273,49.3579],[-0.789,49.3535],[-0.7869,49.3494],[-0.7907,49.34],[-0.801,49.3359],[-0.8199,49.3371],[-0.8321,49.3399],[-0.8268,49.349],[-0.8273,49.3579]]]}},{"type":"Feature","properties":{"code":"14595","nom":"Saint-Jean-de-Livet","app":10.8,"app_bas":8.79,"app_haut":13.25,"app_ech":"maille","app_obs":0,"mai":9.98,"mai_bas":7.68,"mai_haut":12.98,"mai_ech":"maille","mai_obs":37,"a12":13.21,"a3":9.65},"geometry":{"type":"Polygon","coordinates":[[[0.2198,49.0949],[0.2433,49.0985],[0.2502,49.1025],[0.2588,49.1002],[0.2653,49.0967],[0.2593,49.09],[0.2486,49.09],[0.2331,49.0838],[0.2228,49.089],[0.2198,49.0949]]]}},{"type":"Feature","properties":{"code":"14667","nom":"Saon","app":11.76,"app_bas":9.39,"app_haut":14.72,"app_ech":"maille","app_obs":0,"mai":10.73,"mai_bas":8.31,"mai_haut":13.85,"mai_ech":"maille","mai_obs":4,"a12":13.26,"a3":7.47},"geometry":{"type":"Polygon","coordinates":[[[-0.8469,49.2964],[-0.8506,49.2833],[-0.8476,49.2671],[-0.8601,49.2637],[-0.867,49.2593],[-0.8777,49.2482],[-0.8866,49.2559],[-0.8711,49.2664],[-0.8577,49.2926],[-0.8534,49.2956],[-0.8469,49.2964]]]}},{"type":"Feature","properties":{"code":"14674","nom":"Soignolles","app":10.76,"app_bas":8.24,"app_haut":14.06,"app_ech":"maille","app_obs":1,"mai":9.19,"mai_bas":7.45,"mai_haut":11.33,"mai_ech":"maille","mai_obs":0,"a12":13.03,"a3":9.49},"geometry":{"type":"Polygon","coordinates":[[[-0.1903,49.0326],[-0.1961,49.0264],[-0.1968,49.0199],[-0.2127,49.0202],[-0.2422,49.0225],[-0.2385,49.0301],[-0.2284,49.0402],[-0.2118,49.0381],[-0.1903,49.0326]]]}},{"type":"Feature","properties":{"code":"14268","nom":"Fierville-Bray","app":null,"app_bas":null,"app_haut":null,"app_ech":null,"app_obs":0,"mai":null,"mai_bas":null,"mai_haut":null,"mai_ech":null,"mai_obs":0,"a12":null,"a3":null},"geometry":{"type":"Polygon","coordinates":[[[-0.1427,49.0707],[-0.1414,49.067],[-0.156,49.0551],[-0.175,49.0424],[-0.1885,49.0528],[-0.2007,49.0597],[-0.206,49.0704],[-0.2286,49.0694],[-0.2308,49.0725],[-0.2147,49.0755],[-0.2064,49.0789],[-0.1889,49.0769],[-0.1753,49.0798],[-0.1427,49.0707]]]}},{"type":"Feature","properties":{"code":"14280","nom":"Formentin","app":14.1,"app_bas":11.08,"app_haut":17.94,"app_ech":"maille","app_obs":0,"mai":8.94,"mai_bas":7.09,"mai_haut":11.29,"mai_ech":"maille","mai_obs":11,"a12":16.43,"a3":11.77},"geometry":{"type":"Polygon","coordinates":[[[0.136,49.216],[0.1448,49.2093],[0.1517,49.2076],[0.1578,49.1967],[0.1514,49.1926],[0.1348,49.1881],[0.1237,49.1872],[0.1261,49.1894],[0.129,49.2003],[0.1193,49.2096],[0.1194,49.2161],[0.1245,49.2214],[0.136,49.216]]]}},{"type":"Feature","properties":{"code":"14217","nom":"Dampierre","app":null,"app_bas":null,"app_haut":null,"app_ech":null,"app_obs":0,"mai":null,"mai_bas":null,"mai_haut":null,"mai_ech":null,"mai_obs":0,"a12":null,"a3":null},"geometry":{"type":"Polygon","coordinates":[[[-0.8764,49.0548],[-0.865,49.0497],[-0.8507,49.0459],[-0.8472,49.0347],[-0.8528,49.0257],[-0.8626,49.0264],[-0.8642,49.0344],[-0.8737,49.0402],[-0.8845,49.0387],[-0.8918,49.0456],[-0.8764,49.0548]]]}},{"type":"Feature","properties":{"code":"14436","nom":"Monceaux-en-Bessin","app":11.66,"app_bas":9.79,"app_haut":13.88,"app_ech":"maille","app_obs":0,"mai":10.36,"mai_bas":8.31,"mai_haut":12.91,"mai_ech":"maille","mai_obs":29,"a12":12.5,"a3":11.04},"geometry":{"type":"Polygon","coordinates":[[[-0.6846,49.2631],[-0.6844,49.2539],[-0.6719,49.2485],[-0.6671,49.244],[-0.6687,49.242],[-0.6889,49.2378],[-0.7078,49.248],[-0.6986,49.2659],[-0.6846,49.2631]]]}},{"type":"Feature","properties":{"code":"14438","nom":"Mondrainville","app":12.3,"app_bas":10.78,"app_haut":14.03,"app_ech":"maille","app_obs":0,"mai":10.69,"mai_bas":8.8,"mai_haut":12.99,"mai_ech":"maille","mai_obs":8,"a12":13.61,"a3":10.33},"geometry":{"type":"Polygon","coordinates":[[[-0.5212,49.1529],[-0.5083,49.1584],[-0.5032,49.158],[-0.5028,49.1499],[-0.5086,49.1343],[-0.5071,49.1264],[-0.5085,49.1246],[-0.5121,49.1242],[-0.5194,49.1309],[-0.5215,49.1386],[-0.5212,49.1529]]]}},{"type":"Feature","properties":{"code":"14453","nom":"Mosles","app":11.76,"app_bas":9.39,"app_haut":14.72,"app_ech":"maille","app_obs":0,"mai":8.3,"mai_bas":6.54,"mai_haut":10.55,"mai_ech":"maille","mai_obs":9,"a12":13.84,"a3":9.02},"geometry":{"type":"Polygon","coordinates":[[[-0.8032,49.2963],[-0.817,49.2933],[-0.8295,49.293],[-0.8444,49.298],[-0.8342,49.3127],[-0.8353,49.3224],[-0.8219,49.3198],[-0.8192,49.3147],[-0.8077,49.3134],[-0.795,49.3101],[-0.8032,49.2963]]]}},{"type":"Feature","properties":{"code":"14527","nom":"Biéville-Quétiéville","app":11.04,"app_bas":9.46,"app_haut":12.9,"app_ech":"maille","app_obs":4,"mai":10.86,"mai_bas":8.81,"mai_haut":13.38,"mai_ech":"maille","mai_obs":18,"a12":14.17,"a3":10.13},"geometry":{"type":"Polygon","coordinates":[[[-0.0549,49.1181],[-0.0637,49.126],[-0.0649,49.1343],[-0.0637,49.1513],[-0.0467,49.1496],[-0.0425,49.1457],[-0.0411,49.137],[-0.0218,49.1315],[-0.0033,49.1212],[0.0016,49.0995],[-0.0109,49.0953],[-0.032,49.0929],[-0.0396,49.0845],[-0.0481,49.0872],[-0.0604,49.0978],[-0.0543,49.1043],[-0.0549,49.1181]]]}},{"type":"Feature","properties":{"code":"14692","nom":"Tilly-sur-Seulles","app":10.2,"app_bas":8.27,"app_haut":12.58,"app_ech":"maille","app_obs":43,"mai":9.5,"mai_bas":7.75,"mai_haut":11.65,"mai_ech":"maille","mai_obs":90,"a12":12.5,"a3":10.33},"geometry":{"type":"Polygon","coordinates":[[[-0.6259,49.1901],[-0.6103,49.1903],[-0.5973,49.1884],[-0.5931,49.1807],[-0.6118,49.1711],[-0.6222,49.1527],[-0.6446,49.1587],[-0.6566,49.1588],[-0.6438,49.1701],[-0.6452,49.1742],[-0.633,49.1744],[-0.6258,49.18],[-0.6259,49.1901]]]}},{"type":"Feature","properties":{"code":"14735","nom":"Vendeuvre","app":8.26,"app_bas":6.51,"app_haut":10.48,"app_ech":"maille","app_obs":7,"mai":9.98,"mai_bas":7.68,"mai_haut":12.98,"mai_ech":"maille","mai_obs":9,"a12":13.03,"a3":8.19},"geometry":{"type":"Polygon","coordinates":[[[-0.1124,48.981],[-0.1125,48.991],[-0.1231,48.9972],[-0.1086,48.9992],[-0.1013,49.0057],[-0.0963,49.0159],[-0.1068,49.0193],[-0.1114,49.0394],[-0.1034,49.0422],[-0.0672,49.0413],[-0.0644,49.0334],[-0.0672,49.0159],[-0.0502,49.013],[-0.0551,49.0009],[-0.0403,48.995],[-0.0411,48.9843],[-0.0504,48.984],[-0.0712,48.9876],[-0.0826,48.9797],[-0.0841,48.9718],[-0.096,48.974],[-0.1097,48.9715],[-0.1124,48.981]]]}},{"type":"Feature","properties":{"code":"14011","nom":"Anctoville","app":null,"app_bas":null,"app_haut":null,"app_ech":null,"app_obs":0,"mai":null,"mai_bas":null,"mai_haut":null,"mai_ech":null,"mai_obs":0,"a12":null,"a3":null},"geometry":{"type":"Polygon","coordinates":[[[-0.7397,49.0953],[-0.7333,49.1083],[-0.7265,49.1078],[-0.6987,49.1127],[-0.696,49.1164],[-0.7014,49.1293],[-0.6875,49.1393],[-0.6677,49.1386],[-0.6625,49.1302],[-0.6407,49.1362],[-0.6504,49.1259],[-0.6588,49.1123],[-0.6787,49.1067],[-0.6825,49.104],[-0.6984,49.084],[-0.7147,49.0893],[-0.7202,49.0958],[-0.7272,49.0985],[-0.7397,49.0953]]]}},{"type":"Feature","properties":{"code":"14117","nom":"Cabourg","app":17.28,"app_bas":13.58,"app_haut":21.98,"app_ech":"commune","app_obs":520,"mai":12.28,"mai_bas":9.18,"mai_haut":16.43,"mai_ech":"maille","mai_obs":51,"a12":17.49,"a3":12.88},"geometry":{"type":"Polygon","coordinates":[[[-0.1128,49.2778],[-0.1182,49.2741],[-0.1334,49.2742],[-0.1374,49.2691],[-0.147,49.27],[-0.1511,49.2748],[-0.1396,49.284],[-0.1392,49.2896],[-0.0996,49.2976],[-0.0872,49.2979],[-0.0898,49.2948],[-0.0986,49.2969],[-0.115,49.2824],[-0.1128,49.2778]]]}},{"type":"Feature","properties":{"code":"14241","nom":"Épinay-sur-Odon","app":10.97,"app_bas":9.06,"app_haut":13.28,"app_ech":"maille","app_obs":0,"mai":9.5,"mai_bas":7.75,"mai_haut":11.65,"mai_ech":"maille","mai_obs":17,"a12":13.61,"a3":10.49},"geometry":{"type":"Polygon","coordinates":[[[-0.5913,49.0789],[-0.5922,49.0684],[-0.59,49.0592],[-0.6053,49.054],[-0.6188,49.0546],[-0.6207,49.056],[-0.6477,49.0561],[-0.6544,49.0584],[-0.6483,49.0631],[-0.6364,49.083],[-0.6253,49.0906],[-0.614,49.0803],[-0.5913,49.0789]]]}},{"type":"Feature","properties":{"code":"14473","nom":"Notre-Dame-de-Livaye","app":11.04,"app_bas":9.46,"app_haut":12.9,"app_ech":"maille","app_obs":3,"mai":10.86,"mai_bas":8.81,"mai_haut":13.38,"mai_ech":"maille","mai_obs":2,"a12":14.17,"a3":10.13},"geometry":{"type":"Polygon","coordinates":[[[0.0268,49.1129],[0.0249,49.1138],[0.0301,49.126],[0.0427,49.1219],[0.0645,49.1185],[0.0492,49.1119],[0.0268,49.1129]]]}},{"type":"Feature","properties":{"code":"14525","nom":"Putot-en-Bessin","app":null,"app_bas":null,"app_haut":null,"app_ech":null,"app_obs":0,"mai":null,"mai_bas":null,"mai_haut":null,"mai_ech":null,"mai_obs":0,"a12":null,"a3":null},"geometry":{"type":"Polygon","coordinates":[[[-0.5348,49.2018],[-0.5418,49.2038],[-0.5598,49.2181],[-0.5634,49.2192],[-0.5573,49.2255],[-0.5449,49.2215],[-0.5259,49.2138],[-0.5311,49.2042],[-0.5348,49.2018]]]}},{"type":"Feature","properties":{"code":"14558","nom":"Saint-Aubin-d'Arquenay","app":12.42,"app_bas":10.6,"app_haut":14.55,"app_ech":"maille","app_obs":12,"mai":11.36,"mai_bas":8.92,"mai_haut":14.45,"mai_ech":"maille","mai_obs":32,"a12":14.99,"a3":11.26},"geometry":{"type":"Polygon","coordinates":[[[-0.2858,49.2714],[-0.2755,49.2684],[-0.2657,49.2613],[-0.2777,49.2517],[-0.3027,49.2574],[-0.2858,49.2714]]]}},{"type":"Feature","properties":{"code":"14733","nom":"Vaux-sur-Seulles","app":10.97,"app_bas":9.06,"app_haut":13.28,"app_ech":"maille","app_obs":1,"mai":10.36,"mai_bas":8.31,"mai_haut":12.91,"mai_ech":"maille","mai_obs":5,"a12":15.5,"a3":10.33},"geometry":{"type":"Polygon","coordinates":[[[-0.6477,49.2567],[-0.6538,49.2603],[-0.6511,49.2702],[-0.6376,49.2699],[-0.6271,49.2721],[-0.6202,49.2689],[-0.609,49.2703],[-0.6006,49.2655],[-0.6003,49.26],[-0.6015,49.2579],[-0.6119,49.2581],[-0.6214,49.2478],[-0.6477,49.2567]]]}},{"type":"Feature","properties":{"code":"14014","nom":"Colomby-Anguerny","app":13.51,"app_bas":11.73,"app_haut":15.57,"app_ech":"maille","app_obs":3,"mai":11.45,"mai_bas":9.06,"mai_haut":14.46,"mai_ech":"maille","mai_obs":41,"a12":15.12,"a3":11.16},"geometry":{"type":"Polygon","coordinates":[[[-0.3782,49.2702],[-0.3778,49.2677],[-0.4054,49.2541],[-0.4147,49.255],[-0.4421,49.2661],[-0.4157,49.2694],[-0.4124,49.2737],[-0.3782,49.2702]]]}},{"type":"Feature","properties":{"code":"14082","nom":"Boissière","app":10.89,"app_bas":8.89,"app_haut":13.35,"app_ech":"maille","app_obs":2,"mai":8.94,"mai_bas":7.09,"mai_haut":11.29,"mai_ech":"maille","mai_obs":5,"a12":14.89,"a3":9.65},"geometry":{"type":"Polygon","coordinates":[[[0.1234,49.1248],[0.1193,49.1373],[0.147,49.1324],[0.1387,49.123],[0.1234,49.1248]]]}},{"type":"Feature","properties":{"code":"14271","nom":"Fleury-sur-Orne","app":14.15,"app_bas":12.13,"app_haut":16.51,"app_ech":"commune","app_obs":1238,"mai":11.83,"mai_bas":9.08,"mai_haut":15.42,"mai_ech":"commune","mai_obs":214,"a12":16.1,"a3":12.36},"geometry":{"type":"Polygon","coordinates":[[[-0.377,49.1301],[-0.3867,49.1295],[-0.3995,49.1407],[-0.3983,49.1501],[-0.391,49.1542],[-0.3765,49.151],[-0.3676,49.1665],[-0.3676,49.1604],[-0.3588,49.1594],[-0.3577,49.1533],[-0.3636,49.1425],[-0.3662,49.1309],[-0.377,49.1301]]]}},{"type":"Feature","properties":{"code":"14326","nom":"Hermival-les-Vaux","app":12.79,"app_bas":10.36,"app_haut":15.8,"app_ech":"maille","app_obs":1,"mai":9.6,"mai_bas":7.31,"mai_haut":12.6,"mai_ech":"maille","mai_obs":11,"a12":14.89,"a3":9.73},"geometry":{"type":"Polygon","coordinates":[[[0.3053,49.1446],[0.2776,49.1472],[0.2766,49.1529],[0.2575,49.1559],[0.2636,49.1611],[0.2678,49.1742],[0.3033,49.1857],[0.3358,49.1835],[0.3394,49.1814],[0.3186,49.1793],[0.3168,49.1631],[0.3084,49.1612],[0.3048,49.1545],[0.3053,49.1446]]]}},{"type":"Feature","properties":{"code":"14404","nom":"Martainville","app":9.38,"app_bas":7.49,"app_haut":11.74,"app_ech":"maille","app_obs":0,"mai":8.15,"mai_bas":6.33,"mai_haut":10.51,"mai_ech":"maille","mai_obs":4,"a12":10.54,"a3":8.19},"geometry":{"type":"Polygon","coordinates":[[[-0.3484,48.9256],[-0.3628,48.9446],[-0.3673,48.9578],[-0.3478,48.9634],[-0.3391,48.9586],[-0.3353,48.9452],[-0.3442,48.9364],[-0.3434,48.9274],[-0.3484,48.9256]]]}},{"type":"Feature","properties":{"code":"14407","nom":"Mathieu","app":13.2,"app_bas":10.6,"app_haut":16.42,"app_ech":"maille","app_obs":46,"mai":11.37,"mai_bas":9,"mai_haut":14.35,"mai_ech":"commune","mai_obs":131,"a12":14.45,"a3":11.22},"geometry":{"type":"Polygon","coordinates":[[[-0.3702,49.2334],[-0.3864,49.2411],[-0.3833,49.2591],[-0.3778,49.2677],[-0.3772,49.2765],[-0.3573,49.273],[-0.3409,49.2676],[-0.3531,49.2476],[-0.3702,49.2334]]]}},{"type":"Feature","properties":{"code":"14202","nom":"Cricquebœuf","app":13.16,"app_bas":10.67,"app_haut":16.24,"app_ech":"maille","app_obs":15,"mai":12.58,"mai_bas":8.71,"mai_haut":18.18,"mai_ech":"maille","mai_obs":11,"a12":14.73,"a3":13.7},"geometry":{"type":"Polygon","coordinates":[[[0.1323,49.4036],[0.1488,49.4074],[0.1502,49.4],[0.1341,49.3874],[0.1292,49.3767],[0.1273,49.3769],[0.1252,49.3812],[0.1369,49.3934],[0.1323,49.4036]]]}},{"type":"Feature","properties":{"code":"14439","nom":"Monfréville","app":10.77,"app_bas":8.37,"app_haut":13.86,"app_ech":"maille","app_obs":0,"mai":8.3,"mai_bas":6.54,"mai_haut":10.55,"mai_ech":"maille","mai_obs":0,"a12":11.82,"a3":9.02},"geometry":{"type":"Polygon","coordinates":[[[-1.0603,49.3186],[-1.0614,49.3228],[-1.0391,49.3182],[-1.0253,49.323],[-1.0085,49.3254],[-1.0058,49.3186],[-1.0127,49.3099],[-1.028,49.3039],[-1.0368,49.2961],[-1.0452,49.3011],[-1.0577,49.3046],[-1.0603,49.3186]]]}},{"type":"Feature","properties":{"code":"14501","nom":"Pierrefitte-en-Cinglais","app":9.38,"app_bas":7.49,"app_haut":11.74,"app_ech":"maille","app_obs":0,"mai":11.71,"mai_bas":9.02,"mai_haut":15.2,"mai_ech":"maille","mai_obs":12,"a12":9.97,"a3":8.08},"geometry":{"type":"Polygon","coordinates":[[[-0.4089,48.9213],[-0.3897,48.9294],[-0.3811,48.9247],[-0.3884,48.914],[-0.3733,48.9095],[-0.3549,48.9095],[-0.3689,48.8975],[-0.3692,48.893],[-0.396,48.8838],[-0.4067,48.8843],[-0.4149,48.8903],[-0.4064,48.8915],[-0.4004,48.9047],[-0.4111,48.9197],[-0.4089,48.9213]]]}},{"type":"Feature","properties":{"code":"14652","nom":"Saint-Pierre-du-Mont","app":10.77,"app_bas":8.37,"app_haut":13.86,"app_ech":"maille","app_obs":2,"mai":8.3,"mai_bas":6.54,"mai_haut":10.55,"mai_ech":"maille","mai_obs":1,"a12":13.26,"a3":9.02},"geometry":{"type":"Polygon","coordinates":[[[-0.985,49.3958],[-0.9615,49.3964],[-0.963,49.3845],[-0.9681,49.3711],[-0.9741,49.3644],[-0.9862,49.3617],[-0.9912,49.3625],[-0.9857,49.3758],[-0.985,49.3958]]]}},{"type":"Feature","properties":{"code":"14365","nom":"Lion-sur-Mer","app":13.3,"app_bas":10.68,"app_haut":16.56,"app_ech":"commune","app_obs":214,"mai":11.36,"mai_bas":8.92,"mai_haut":14.45,"mai_ech":"maille","mai_obs":40,"a12":16.16,"a3":11.26},"geometry":{"type":"Polygon","coordinates":[[[-0.3564,49.2994],[-0.3397,49.3135],[-0.3251,49.3084],[-0.3092,49.3007],[-0.332,49.2887],[-0.3564,49.2994]]]}},{"type":"Feature","properties":{"code":"14519","nom":"Préaux-Bocage","app":11.8,"app_bas":9.98,"app_haut":13.96,"app_ech":"maille","app_obs":0,"mai":11.71,"mai_bas":9.02,"mai_haut":15.2,"mai_ech":"maille","mai_obs":3,"a12":13.61,"a3":9.49},"geometry":{"type":"Polygon","coordinates":[[[-0.5237,49.0542],[-0.5208,49.0602],[-0.5106,49.0629],[-0.4916,49.0604],[-0.5014,49.0411],[-0.5243,49.0446],[-0.5237,49.0542]]]}},{"type":"Feature","properties":{"code":"14663","nom":"Saint-Vigor-le-Grand","app":11.66,"app_bas":9.79,"app_haut":13.88,"app_ech":"maille","app_obs":23,"mai":10.36,"mai_bas":8.31,"mai_haut":12.91,"mai_ech":"maille","mai_obs":57,"a12":12.5,"a3":11.04},"geometry":{"type":"Polygon","coordinates":[[[-0.6832,49.3116],[-0.6776,49.3054],[-0.6585,49.2986],[-0.6603,49.2846],[-0.6524,49.283],[-0.6543,49.2769],[-0.6589,49.2707],[-0.6723,49.2721],[-0.6786,49.2698],[-0.689,49.2731],[-0.6974,49.2852],[-0.6937,49.2918],[-0.6926,49.3021],[-0.6874,49.3114],[-0.6832,49.3116]]]}},{"type":"Feature","properties":{"code":"14716","nom":"Trungy","app":11.66,"app_bas":9.79,"app_haut":13.88,"app_ech":"maille","app_obs":0,"mai":9.66,"mai_bas":7.14,"mai_haut":13.07,"mai_ech":"maille","mai_obs":6,"a12":12.5,"a3":10.33},"geometry":{"type":"Polygon","coordinates":[[[-0.7356,49.1832],[-0.7401,49.1914],[-0.7335,49.2069],[-0.7245,49.2081],[-0.7053,49.2059],[-0.7048,49.1914],[-0.7141,49.1796],[-0.7213,49.1745],[-0.7271,49.1817],[-0.7356,49.1832]]]}},{"type":"Feature","properties":{"code":"14720","nom":"Ussy","app":9.38,"app_bas":7.49,"app_haut":11.74,"app_ech":"maille","app_obs":28,"mai":11.71,"mai_bas":9.02,"mai_haut":15.2,"mai_ech":"maille","mai_obs":27,"a12":13.03,"a3":9.49},"geometry":{"type":"Polygon","coordinates":[[[-0.3083,48.9422],[-0.3024,48.9521],[-0.3048,48.9584],[-0.288,48.9627],[-0.2723,48.9616],[-0.2646,48.955],[-0.2691,48.9462],[-0.2847,48.9334],[-0.2996,48.9288],[-0.3165,48.9294],[-0.3163,48.9345],[-0.3083,48.9422]]]}},{"type":"Feature","properties":{"code":"14289","nom":"Fresné-la-Mère","app":10.76,"app_bas":8.24,"app_haut":14.06,"app_ech":"maille","app_obs":1,"mai":8.14,"mai_bas":6.46,"mai_haut":10.26,"mai_ech":"maille","mai_obs":21,"a12":10.54,"a3":7.15},"geometry":{"type":"Polygon","coordinates":[[[-0.1412,48.8676],[-0.147,48.8662],[-0.1566,48.8698],[-0.1515,48.8789],[-0.144,48.8837],[-0.1419,48.8876],[-0.1274,48.8986],[-0.1127,48.9046],[-0.0999,48.9076],[-0.0957,48.8906],[-0.1014,48.8859],[-0.1185,48.8895],[-0.1298,48.8765],[-0.1412,48.8676]]]}},{"type":"Feature","properties":{"code":"14171","nom":"Combray","app":9.38,"app_bas":7.49,"app_haut":11.74,"app_ech":"maille","app_obs":4,"mai":8.15,"mai_bas":6.33,"mai_haut":10.51,"mai_ech":"maille","mai_obs":8,"a12":9.97,"a3":9.49},"geometry":{"type":"Polygon","coordinates":[[[-0.4627,48.9518],[-0.4487,48.9519],[-0.4321,48.9572],[-0.4236,48.9485],[-0.4382,48.9379],[-0.4558,48.9362],[-0.4648,48.9421],[-0.4627,48.9518]]]}},{"type":"Feature","properties":{"code":"14575","nom":"Saint-Étienne-la-Thillaye","app":14.1,"app_bas":11.08,"app_haut":17.94,"app_ech":"maille","app_obs":1,"mai":12.28,"mai_bas":9.18,"mai_haut":16.43,"mai_ech":"maille","mai_obs":8,"a12":16.43,"a3":9.73},"geometry":{"type":"Polygon","coordinates":[[[0.1309,49.2751],[0.1254,49.2806],[0.1164,49.2812],[0.0959,49.2775],[0.0881,49.2788],[0.0863,49.2872],[0.08,49.2921],[0.1033,49.3002],[0.1177,49.3121],[0.1219,49.3134],[0.1521,49.2916],[0.1442,49.2811],[0.1309,49.2751]]]}},{"type":"Feature","properties":{"code":"14640","nom":"Saint-Pair","app":13.32,"app_bas":11.22,"app_haut":15.81,"app_ech":"maille","app_obs":9,"mai":11.11,"mai_bas":9.14,"mai_haut":13.5,"mai_ech":"maille","mai_obs":0,"a12":14.7,"a3":10.13},"geometry":{"type":"Polygon","coordinates":[[[-0.1937,49.1574],[-0.2024,49.1721],[-0.1959,49.1748],[-0.1726,49.1738],[-0.1727,49.1649],[-0.1787,49.154],[-0.1937,49.1574]]]}},{"type":"Feature","properties":{"code":"14723","nom":"Valsemé","app":14.1,"app_bas":11.08,"app_haut":17.94,"app_ech":"maille","app_obs":0,"mai":12.28,"mai_bas":9.18,"mai_haut":16.43,"mai_ech":"maille","mai_obs":9,"a12":16.43,"a3":9.73},"geometry":{"type":"Polygon","coordinates":[[[0.1112,49.2402],[0.126,49.2441],[0.1291,49.2383],[0.1181,49.2236],[0.1004,49.2325],[0.0875,49.236],[0.0642,49.2347],[0.079,49.2481],[0.084,49.2514],[0.0945,49.2414],[0.1112,49.2402]]]}},{"type":"Feature","properties":{"code":"14729","nom":"Vaudeloges","app":null,"app_bas":null,"app_haut":null,"app_ech":null,"app_obs":0,"mai":null,"mai_bas":null,"mai_haut":null,"mai_ech":null,"mai_obs":0,"a12":null,"a3":null},"geometry":{"type":"Polygon","coordinates":[[[-0.0133,48.9253],[-0.0136,48.9399],[-0.028,48.9404],[-0.025,48.9547],[-0.011,48.9556],[-0.0106,48.9682],[-0.0017,48.9673],[0.0046,48.9626],[0.0174,48.9614],[0.0276,48.9524],[0.021,48.9471],[0.0205,48.9337],[0.0112,48.9268],[-0.0133,48.9253]]]}},{"type":"Feature","properties":{"code":"14119","nom":"Cagny","app":12.44,"app_bas":10.51,"app_haut":14.72,"app_ech":"maille","app_obs":54,"mai":11.06,"mai_bas":8.41,"mai_haut":14.55,"mai_ech":"commune","mai_obs":118,"a12":14.7,"a3":11},"geometry":{"type":"Polygon","coordinates":[[[-0.2618,49.1683],[-0.2492,49.1681],[-0.2363,49.1587],[-0.2429,49.1541],[-0.2344,49.1458],[-0.252,49.1379],[-0.2597,49.1415],[-0.2692,49.1402],[-0.2793,49.1487],[-0.2853,49.15],[-0.2863,49.1651],[-0.2682,49.1621],[-0.2618,49.1683]]]}},{"type":"Feature","properties":{"code":"14252","nom":"Estrées-la-Campagne","app":10.53,"app_bas":8.39,"app_haut":13.23,"app_ech":"maille","app_obs":0,"mai":9.19,"mai_bas":7.45,"mai_haut":11.33,"mai_ech":"maille","mai_obs":11,"a12":13.03,"a3":9.49},"geometry":{"type":"Polygon","coordinates":[[[-0.218,49.0076],[-0.2396,49.0029],[-0.2536,48.9891],[-0.2697,48.9909],[-0.2716,48.9927],[-0.2521,49.016],[-0.2422,49.0225],[-0.2127,49.0202],[-0.218,49.0076]]]}},{"type":"Feature","properties":{"code":"14563","nom":"Saint-Benoît-d'Hébertot","app":10.54,"app_bas":8.89,"app_haut":12.5,"app_ech":"maille","app_obs":11,"mai":10.58,"mai_bas":8.42,"mai_haut":13.3,"mai_ech":"maille","mai_obs":10,"a12":14.73,"a3":10.62},"geometry":{"type":"Polygon","coordinates":[[[0.2564,49.3218],[0.2476,49.3276],[0.2509,49.3351],[0.2641,49.3395],[0.2756,49.3387],[0.2796,49.332],[0.3071,49.3188],[0.2982,49.3144],[0.2808,49.3178],[0.2673,49.3126],[0.2567,49.311],[0.2564,49.3218]]]}},{"type":"Feature","properties":{"code":"14277","nom":"Fontenay-le-Marmion","app":10.76,"app_bas":8.24,"app_haut":14.06,"app_ech":"maille","app_obs":78,"mai":9.19,"mai_bas":7.45,"mai_haut":11.33,"mai_ech":"maille","mai_obs":52,"a12":13.03,"a3":9.49},"geometry":{"type":"Polygon","coordinates":[[[-0.3642,49.1016],[-0.3305,49.0993],[-0.3265,49.103],[-0.3296,49.092],[-0.3133,49.0829],[-0.3095,49.0789],[-0.3349,49.0724],[-0.3494,49.0729],[-0.3703,49.0793],[-0.3796,49.0857],[-0.3671,49.092],[-0.3642,49.1016]]]}},{"type":"Feature","properties":{"code":"14309","nom":"Gouvix","app":10.76,"app_bas":8.24,"app_haut":14.06,"app_ech":"maille","app_obs":15,"mai":9.64,"mai_bas":7.5,"mai_haut":12.38,"mai_ech":"maille","mai_obs":24,"a12":13.03,"a3":9.49},"geometry":{"type":"Polygon","coordinates":[[[-0.3251,49.0183],[-0.3311,49.0281],[-0.3218,49.0396],[-0.3028,49.0458],[-0.2951,49.0518],[-0.2896,49.0504],[-0.2874,49.0374],[-0.3154,49.026],[-0.3251,49.0183]]]}},{"type":"Feature","properties":{"code":"14482","nom":"Ouézy","app":10.89,"app_bas":8.89,"app_haut":13.35,"app_ech":"maille","app_obs":0,"mai":9.19,"mai_bas":7.45,"mai_haut":11.33,"mai_ech":"maille","mai_obs":5,"a12":13.03,"a3":11.77},"geometry":{"type":"Polygon","coordinates":[[[-0.097,49.1013],[-0.0881,49.0884],[-0.0941,49.0863],[-0.0978,49.0729],[-0.1028,49.0675],[-0.1192,49.0714],[-0.1128,49.0833],[-0.107,49.0887],[-0.1124,49.1009],[-0.097,49.1013]]]}},{"type":"Feature","properties":{"code":"14499","nom":"Petiville","app":16.2,"app_bas":12.81,"app_haut":20.47,"app_ech":"maille","app_obs":0,"mai":11.36,"mai_bas":9.28,"mai_haut":13.9,"mai_ech":"maille","mai_obs":13,"a12":15.47,"a3":11.26},"geometry":{"type":"Polygon","coordinates":[[[-0.1834,49.2474],[-0.1631,49.2499],[-0.1566,49.249],[-0.1496,49.2425],[-0.16,49.2381],[-0.1651,49.2325],[-0.1868,49.2412],[-0.1834,49.2474]]]}},{"type":"Feature","properties":{"code":"14515","nom":"Port-en-Bessin-Huppain","app":11.76,"app_bas":9.39,"app_haut":14.72,"app_ech":"maille","app_obs":93,"mai":8.3,"mai_bas":6.54,"mai_haut":10.55,"mai_ech":"maille","mai_obs":24,"a12":13.84,"a3":9.02},"geometry":{"type":"Polygon","coordinates":[[[-0.789,49.3535],[-0.7457,49.3492],[-0.7482,49.3383],[-0.7626,49.3346],[-0.7627,49.3257],[-0.7844,49.3241],[-0.7932,49.335],[-0.801,49.3359],[-0.7907,49.34],[-0.7869,49.3494],[-0.789,49.3535]]]}},{"type":"Feature","properties":{"code":"14517","nom":"Poussy-la-Campagne","app":null,"app_bas":null,"app_haut":null,"app_ech":null,"app_obs":0,"mai":null,"mai_bas":null,"mai_haut":null,"mai_ech":null,"mai_obs":0,"a12":null,"a3":null},"geometry":{"type":"Polygon","coordinates":[[[-0.2468,49.0685],[-0.2543,49.0743],[-0.2514,49.0773],[-0.2232,49.0905],[-0.2194,49.0898],[-0.2064,49.0789],[-0.2147,49.0755],[-0.2468,49.0685]]]}},{"type":"Feature","properties":{"code":"14695","nom":"Torteval-Quesnay","app":null,"app_bas":null,"app_haut":null,"app_ech":null,"app_obs":0,"mai":null,"mai_bas":null,"mai_haut":null,"mai_ech":null,"mai_obs":0,"a12":null,"a3":null},"geometry":{"type":"Polygon","coordinates":[[[-0.7014,49.1293],[-0.7105,49.1318],[-0.7203,49.1297],[-0.7237,49.1217],[-0.7375,49.119],[-0.7441,49.1247],[-0.742,49.1346],[-0.7464,49.1433],[-0.7585,49.1501],[-0.7528,49.1582],[-0.7564,49.168],[-0.7356,49.1832],[-0.7271,49.1817],[-0.7138,49.1647],[-0.7191,49.155],[-0.7171,49.1516],[-0.6985,49.1376],[-0.6856,49.1421],[-0.6875,49.1393],[-0.7014,49.1293]]]}},{"type":"Feature","properties":{"code":"14754","nom":"Villers-sur-Mer","app":14.89,"app_bas":11.7,"app_haut":18.95,"app_ech":"commune","app_obs":331,"mai":12.28,"mai_bas":9.18,"mai_haut":16.43,"mai_ech":"maille","mai_obs":24,"a12":17.41,"a3":11.77},"geometry":{"type":"Polygon","coordinates":[[[-0.0088,49.3001],[-0.0204,49.3051],[-0.0135,49.3211],[0.0143,49.3326],[0.0202,49.3192],[0.0216,49.309],[0.0328,49.3044],[0.0172,49.2921],[0.0061,49.2968],[0.0002,49.302],[-0.0088,49.3001]]]}},{"type":"Feature","properties":{"code":"14116","nom":"Bû-sur-Rouvres","app":10.89,"app_bas":8.89,"app_haut":13.35,"app_ech":"maille","app_obs":0,"mai":9.19,"mai_bas":7.45,"mai_haut":11.33,"mai_ech":"maille","mai_obs":6,"a12":13.03,"a3":9.49},"geometry":{"type":"Polygon","coordinates":[[[-0.1903,49.0326],[-0.1726,49.0436],[-0.1592,49.0268],[-0.1698,49.0248],[-0.1807,49.0266],[-0.1885,49.0242],[-0.1961,49.0264],[-0.1903,49.0326]]]}},{"type":"Feature","properties":{"code":"14468","nom":"Noron-la-Poterie","app":10.2,"app_bas":8.27,"app_haut":12.58,"app_ech":"maille","app_obs":5,"mai":10.73,"mai_bas":8.31,"mai_haut":13.85,"mai_ech":"maille","mai_obs":6,"a12":13.26,"a3":10.49},"geometry":{"type":"Polygon","coordinates":[[[-0.7865,49.2132],[-0.7856,49.2236],[-0.7912,49.2289],[-0.7664,49.2339],[-0.7592,49.2326],[-0.7628,49.23],[-0.7619,49.2233],[-0.775,49.2119],[-0.7865,49.2132]]]}},{"type":"Feature","properties":{"code":"14524","nom":"Putot-en-Auge","app":16.2,"app_bas":12.81,"app_haut":20.47,"app_ech":"maille","app_obs":1,"mai":12.28,"mai_bas":9.18,"mai_haut":16.43,"mai_ech":"maille","mai_obs":8,"a12":14.17,"a3":10.13},"geometry":{"type":"Polygon","coordinates":[[[-0.0838,49.2024],[-0.0852,49.218],[-0.0784,49.2222],[-0.0554,49.2277],[-0.0497,49.2204],[-0.0487,49.2132],[-0.0409,49.2091],[-0.0521,49.2026],[-0.0838,49.2024]]]}},{"type":"Feature","properties":{"code":"14719","nom":"Urville","app":10.53,"app_bas":8.39,"app_haut":13.23,"app_ech":"maille","app_obs":5,"mai":9.64,"mai_bas":7.5,"mai_haut":12.38,"mai_ech":"maille","mai_obs":29,"a12":13.03,"a3":11},"geometry":{"type":"Polygon","coordinates":[[[-0.3251,49.0183],[-0.3154,49.026],[-0.2874,49.0374],[-0.278,49.0358],[-0.268,49.0232],[-0.2876,49.0165],[-0.3113,49.016],[-0.3251,49.0183]]]}},{"type":"Feature","properties":{"code":"14007","nom":"Amayé-sur-Seulles","app":11.8,"app_bas":9.98,"app_haut":13.96,"app_ech":"maille","app_obs":1,"mai":7.72,"mai_bas":6.17,"mai_haut":9.65,"mai_ech":"maille","mai_obs":7,"a12":12.5,"a3":10.49},"geometry":{"type":"Polygon","coordinates":[[[-0.7397,49.0953],[-0.7272,49.0985],[-0.7202,49.0958],[-0.7147,49.0893],[-0.6925,49.082],[-0.7069,49.0731],[-0.7118,49.0667],[-0.7191,49.0672],[-0.7282,49.0763],[-0.7397,49.0953]]]}},{"type":"Feature","properties":{"code":"14270","nom":"Firfol","app":10.8,"app_bas":8.79,"app_haut":13.25,"app_ech":"maille","app_obs":0,"mai":10.71,"mai_bas":8.13,"mai_haut":14.11,"mai_ech":"maille","mai_obs":7,"a12":14.89,"a3":9.65},"geometry":{"type":"Polygon","coordinates":[[[0.3053,49.1446],[0.3048,49.1545],[0.3084,49.1612],[0.3316,49.1606],[0.3395,49.157],[0.3419,49.1446],[0.3332,49.1433],[0.3053,49.1446]]]}},{"type":"Feature","properties":{"code":"14301","nom":"Giberville","app":11.99,"app_bas":10.25,"app_haut":14.03,"app_ech":"maille","app_obs":41,"mai":10.55,"mai_bas":8.62,"mai_haut":12.92,"mai_ech":"commune","mai_obs":169,"a12":14.7,"a3":10.13},"geometry":{"type":"Polygon","coordinates":[[[-0.2682,49.1621],[-0.2863,49.1651],[-0.293,49.1672],[-0.3043,49.1823],[-0.2944,49.1904],[-0.2755,49.1895],[-0.2737,49.1884],[-0.2773,49.1865],[-0.2734,49.1683],[-0.2682,49.1621]]]}},{"type":"Feature","properties":{"code":"14370","nom":"Molay-Littry","app":10.48,"app_bas":8.03,"app_haut":13.67,"app_ech":"commune","app_obs":181,"mai":11.38,"mai_bas":8.81,"mai_haut":14.71,"mai_ech":"commune","mai_obs":109,"a12":11.82,"a3":7.47},"geometry":{"type":"Polygon","coordinates":[[[-0.8562,49.2193],[-0.8754,49.2115],[-0.8873,49.2018],[-0.9009,49.203],[-0.9062,49.2102],[-0.9206,49.2211],[-0.9256,49.2273],[-0.9207,49.2308],[-0.9293,49.2381],[-0.9267,49.2562],[-0.9137,49.2667],[-0.9069,49.265],[-0.9052,49.261],[-0.8908,49.2589],[-0.8777,49.2482],[-0.8669,49.2473],[-0.8614,49.2433],[-0.8511,49.2443],[-0.8386,49.2495],[-0.8297,49.2515],[-0.8359,49.2464],[-0.8451,49.2324],[-0.8571,49.2233],[-0.8562,49.2193]]]}},{"type":"Feature","properties":{"code":"14543","nom":"Rots","app":11.66,"app_bas":9.79,"app_haut":13.88,"app_ech":"maille","app_obs":99,"mai":9.88,"mai_bas":7.95,"mai_haut":12.27,"mai_ech":"commune","mai_obs":100,"a12":12.5,"a3":11.16},"geometry":{"type":"Polygon","coordinates":[[[-0.502,49.2032],[-0.5029,49.208],[-0.4938,49.2234],[-0.5323,49.2282],[-0.5419,49.2379],[-0.5258,49.244],[-0.5088,49.2455],[-0.4966,49.2433],[-0.4836,49.2383],[-0.4734,49.244],[-0.464,49.2408],[-0.4577,49.2347],[-0.4673,49.2245],[-0.4692,49.2194],[-0.4435,49.213],[-0.4485,49.2019],[-0.4409,49.1993],[-0.4435,49.1938],[-0.4648,49.1961],[-0.4774,49.1899],[-0.4904,49.1851],[-0.502,49.2032]]]}},{"type":"Feature","properties":{"code":"14580","nom":"Saint-Georges-en-Auge","app":null,"app_bas":null,"app_haut":null,"app_ech":null,"app_obs":0,"mai":null,"mai_bas":null,"mai_haut":null,"mai_ech":null,"mai_obs":0,"a12":null,"a3":null},"geometry":{"type":"Polygon","coordinates":[[[0.0588,48.9997],[0.077,49.0015],[0.0818,48.9961],[0.0862,48.9843],[0.0847,48.971],[0.0754,48.9722],[0.0739,48.9835],[0.051,48.9849],[0.0508,48.9913],[0.0588,48.9997]]]}},{"type":"Feature","properties":{"code":"14661","nom":"Saint-Vaast-sur-Seulles","app":10.2,"app_bas":8.27,"app_haut":12.58,"app_ech":"maille","app_obs":0,"mai":7.72,"mai_bas":6.17,"mai_haut":9.65,"mai_ech":"maille","mai_obs":2,"a12":13.26,"a3":10.33},"geometry":{"type":"Polygon","coordinates":[[[-0.6216,49.1512],[-0.6195,49.1506],[-0.6176,49.1373],[-0.6128,49.1374],[-0.615,49.1339],[-0.6301,49.1241],[-0.6438,49.1267],[-0.6465,49.1242],[-0.6504,49.1259],[-0.6326,49.1457],[-0.6216,49.1512]]]}},{"type":"Feature","properties":{"code":"14123","nom":"Cairon","app":13.51,"app_bas":11.73,"app_haut":15.57,"app_ech":"maille","app_obs":27,"mai":10.7,"mai_bas":8.67,"mai_haut":13.21,"mai_ech":"maille","mai_obs":73,"a12":15.12,"a3":11.16},"geometry":{"type":"Polygon","coordinates":[[[-0.4291,49.2175],[-0.443,49.2246],[-0.4577,49.2347],[-0.464,49.2408],[-0.4515,49.2461],[-0.4371,49.2446],[-0.4222,49.246],[-0.4218,49.2449],[-0.4254,49.2444],[-0.4264,49.2314],[-0.4158,49.2272],[-0.4281,49.2161],[-0.4291,49.2175]]]}},{"type":"Feature","properties":{"code":"14322","nom":"Guéron","app":11.66,"app_bas":9.79,"app_haut":13.88,"app_ech":"maille","app_obs":1,"mai":10.36,"mai_bas":8.31,"mai_haut":12.91,"mai_ech":"maille","mai_obs":7,"a12":12.5,"a3":11.04},"geometry":{"type":"Polygon","coordinates":[[[-0.7048,49.2659],[-0.6986,49.2659],[-0.7078,49.248],[-0.6889,49.2378],[-0.6889,49.2327],[-0.7066,49.2345],[-0.7068,49.2368],[-0.7216,49.2439],[-0.734,49.2458],[-0.7236,49.2551],[-0.7048,49.2659]]]}},{"type":"Feature","properties":{"code":"14529","nom":"Ranchy","app":11.76,"app_bas":9.39,"app_haut":14.72,"app_ech":"maille","app_obs":1,"mai":9.66,"mai_bas":7.14,"mai_haut":13.07,"mai_ech":"maille","mai_obs":6,"a12":12.5,"a3":10.33},"geometry":{"type":"Polygon","coordinates":[[[-0.7755,49.2589],[-0.7701,49.2663],[-0.7635,49.2643],[-0.7429,49.2671],[-0.7503,49.2504],[-0.7625,49.2435],[-0.7784,49.2433],[-0.7858,49.246],[-0.7755,49.2589]]]}},{"type":"Feature","properties":{"code":"14530","nom":"Ranville","app":13.14,"app_bas":10.8,"app_haut":15.99,"app_ech":"maille","app_obs":10,"mai":11.36,"mai_bas":9.28,"mai_haut":13.9,"mai_ech":"maille","mai_obs":38,"a12":15.47,"a3":11.26},"geometry":{"type":"Polygon","coordinates":[[[-0.2888,49.2189],[-0.2791,49.2265],[-0.2725,49.2336],[-0.2732,49.2415],[-0.2696,49.2489],[-0.2504,49.2419],[-0.2329,49.2385],[-0.2393,49.2275],[-0.244,49.2285],[-0.252,49.2221],[-0.2778,49.2146],[-0.2857,49.2069],[-0.2958,49.212],[-0.2888,49.2189]]]}},{"type":"Feature","properties":{"code":"14684","nom":"Tessel","app":12.3,"app_bas":10.78,"app_haut":14.03,"app_ech":"maille","app_obs":0,"mai":9.5,"mai_bas":7.75,"mai_haut":11.65,"mai_ech":"maille","mai_obs":20,"a12":12.5,"a3":10.33},"geometry":{"type":"Polygon","coordinates":[[[-0.5879,49.1601],[-0.5569,49.1613],[-0.5472,49.1479],[-0.5528,49.1395],[-0.5807,49.1431],[-0.5863,49.145],[-0.5879,49.1601]]]}},{"type":"Feature","properties":{"code":"14059","nom":"Benerville-sur-Mer","app":14.43,"app_bas":10.3,"app_haut":20.21,"app_ech":"maille","app_obs":60,"mai":12.28,"mai_bas":9.18,"mai_haut":16.43,"mai_ech":"maille","mai_obs":1,"a12":16.43,"a3":11.77},"geometry":{"type":"Polygon","coordinates":[[[0.046,49.3269],[0.042,49.3343],[0.0314,49.3418],[0.0533,49.3529],[0.0545,49.3394],[0.0601,49.3316],[0.0584,49.3276],[0.046,49.3269]]]}},{"type":"Feature","properties":{"code":"14143","nom":"Caumont-l'Éventé","app":9.37,"app_bas":7.18,"app_haut":12.23,"app_ech":"commune","app_obs":122,"mai":7.58,"mai_bas":6.06,"mai_haut":9.47,"mai_ech":"commune","mai_obs":122,"a12":12.5,"a3":7.47},"geometry":{"type":"Polygon","coordinates":[[[-0.827,49.0932],[-0.8221,49.1131],[-0.8113,49.1161],[-0.8076,49.1123],[-0.798,49.0916],[-0.7873,49.0832],[-0.8038,49.0835],[-0.8094,49.088],[-0.8305,49.0808],[-0.8315,49.0862],[-0.827,49.0932]]]}},{"type":"Feature","properties":{"code":"14225","nom":"Dives-sur-Mer","app":16.21,"app_bas":12.78,"app_haut":20.56,"app_ech":"commune","app_obs":226,"mai":12.28,"mai_bas":9.18,"mai_haut":16.43,"mai_ech":"maille","mai_obs":64,"a12":15.12,"a3":11.77},"geometry":{"type":"Polygon","coordinates":[[[-0.1128,49.2778],[-0.115,49.2824],[-0.0986,49.2969],[-0.0898,49.2948],[-0.0847,49.2873],[-0.0687,49.2893],[-0.0646,49.2853],[-0.0672,49.2769],[-0.0807,49.2682],[-0.0904,49.2735],[-0.1054,49.2779],[-0.1128,49.2778]]]}},{"type":"Feature","properties":{"code":"14467","nom":"Noron-l'Abbaye","app":8.26,"app_bas":6.51,"app_haut":10.48,"app_ech":"maille","app_obs":4,"mai":8.15,"mai_bas":6.33,"mai_haut":10.51,"mai_ech":"maille","mai_obs":13,"a12":12.47,"a3":8.19},"geometry":{"type":"Polygon","coordinates":[[[-0.2377,48.9044],[-0.2197,48.8976],[-0.2213,48.8941],[-0.2392,48.8846],[-0.2627,48.8816],[-0.2647,48.8974],[-0.2728,48.9078],[-0.2655,48.9105],[-0.2576,48.9103],[-0.2377,48.9044]]]}},{"type":"Feature","properties":{"code":"14476","nom":"Olendon","app":10.53,"app_bas":8.39,"app_haut":13.23,"app_ech":"maille","app_obs":0,"mai":8.15,"mai_bas":6.33,"mai_haut":10.51,"mai_ech":"maille","mai_obs":2,"a12":10.54,"a3":8.19},"geometry":{"type":"Polygon","coordinates":[[[-0.19,48.9548],[-0.1951,48.9671],[-0.1917,48.9769],[-0.1756,48.9842],[-0.1678,48.9784],[-0.1536,48.9761],[-0.1419,48.9698],[-0.1497,48.9654],[-0.1656,48.9585],[-0.1856,48.9534],[-0.19,48.9548]]]}},{"type":"Feature","properties":{"code":"14544","nom":"Roucamps","app":null,"app_bas":null,"app_haut":null,"app_ech":null,"app_obs":0,"mai":null,"mai_bas":null,"mai_haut":null,"mai_ech":null,"mai_obs":0,"a12":null,"a3":null},"geometry":{"type":"Polygon","coordinates":[[[-0.597,48.9784],[-0.6163,48.9857],[-0.6314,48.9862],[-0.6388,48.9736],[-0.6392,48.9659],[-0.6457,48.9687],[-0.6535,48.9646],[-0.6529,48.968],[-0.6444,48.9737],[-0.6405,48.9813],[-0.6516,48.997],[-0.6584,48.9984],[-0.6534,49.0013],[-0.6289,48.9969],[-0.6052,48.9897],[-0.5973,48.984],[-0.597,48.9784]]]}},{"type":"Feature","properties":{"code":"14592","nom":"Sainte-Honorine-du-Fay","app":11.8,"app_bas":9.98,"app_haut":13.96,"app_ech":"maille","app_obs":18,"mai":11.71,"mai_bas":9.02,"mai_haut":15.2,"mai_ech":"maille","mai_obs":69,"a12":13.61,"a3":9.49},"geometry":{"type":"Polygon","coordinates":[[[-0.4856,49.0804],[-0.4687,49.0717],[-0.4515,49.0654],[-0.4578,49.0638],[-0.4916,49.0604],[-0.5106,49.0629],[-0.5208,49.0602],[-0.5237,49.0624],[-0.5108,49.0743],[-0.515,49.0805],[-0.5086,49.0822],[-0.4891,49.0825],[-0.4856,49.0804]]]}},{"type":"Feature","properties":{"code":"14607","nom":"Saint-Louet-sur-Seulles","app":10.2,"app_bas":8.27,"app_haut":12.58,"app_ech":"maille","app_obs":2,"mai":7.72,"mai_bas":6.17,"mai_haut":9.65,"mai_ech":"maille","mai_obs":5,"a12":13.26,"a3":8.08},"geometry":{"type":"Polygon","coordinates":[[[-0.6588,49.1123],[-0.6707,49.0871],[-0.6747,49.0878],[-0.6925,49.082],[-0.6984,49.084],[-0.6825,49.104],[-0.6787,49.1067],[-0.6588,49.1123]]]}},{"type":"Feature","properties":{"code":"14739","nom":"Ver-sur-Mer","app":12.81,"app_bas":10.42,"app_haut":15.76,"app_ech":"maille","app_obs":25,"mai":10.36,"mai_bas":8.31,"mai_haut":12.91,"mai_ech":"maille","mai_obs":36,"a12":13.84,"a3":11.04},"geometry":{"type":"Polygon","coordinates":[[[-0.5136,49.324],[-0.5171,49.3207],[-0.5356,49.3208],[-0.5557,49.3227],[-0.5498,49.3329],[-0.5532,49.3461],[-0.5287,49.3457],[-0.5059,49.3439],[-0.4969,49.337],[-0.5136,49.324]]]}},{"type":"Feature","properties":{"code":"14035","nom":"Balleroy-sur-Drôme","app":9.51,"app_bas":7.29,"app_haut":12.41,"app_ech":"maille","app_obs":43,"mai":10.73,"mai_bas":8.31,"mai_haut":13.85,"mai_ech":"maille","mai_obs":75,"a12":10.58,"a3":8.08},"geometry":{"type":"Polygon","coordinates":[[[-0.8519,49.2176],[-0.8366,49.2185],[-0.8148,49.2135],[-0.8009,49.2088],[-0.813,49.205],[-0.834,49.1952],[-0.8293,49.188],[-0.8206,49.188],[-0.823,49.1793],[-0.8312,49.1732],[-0.8547,49.1672],[-0.8574,49.1783],[-0.8493,49.1833],[-0.8594,49.1953],[-0.8543,49.2052],[-0.8485,49.2101],[-0.8519,49.2176]]]}},{"type":"Feature","properties":{"code":"14040","nom":"Barbeville","app":11.76,"app_bas":9.39,"app_haut":14.72,"app_ech":"maille","app_obs":11,"mai":9.66,"mai_bas":7.14,"mai_haut":13.07,"mai_ech":"maille","mai_obs":8,"a12":12.5,"a3":10.33},"geometry":{"type":"Polygon","coordinates":[[[-0.7701,49.2663],[-0.7706,49.2769],[-0.7419,49.2848],[-0.7352,49.2804],[-0.7451,49.2748],[-0.7429,49.2671],[-0.7635,49.2643],[-0.7701,49.2663]]]}},{"type":"Feature","properties":{"code":"14302","nom":"Glanville","app":14.43,"app_bas":10.3,"app_haut":20.21,"app_ech":"maille","app_obs":0,"mai":12.28,"mai_bas":9.18,"mai_haut":16.43,"mai_ech":"maille","mai_obs":1,"a12":16.43,"a3":11.77},"geometry":{"type":"Polygon","coordinates":[[[0.0854,49.2531],[0.0729,49.2616],[0.0592,49.2853],[0.0476,49.2836],[0.0549,49.2923],[0.0779,49.2912],[0.08,49.2921],[0.0863,49.2872],[0.0881,49.2788],[0.0897,49.2627],[0.0854,49.2531]]]}},{"type":"Feature","properties":{"code":"14157","nom":"Cheux","app":null,"app_bas":null,"app_haut":null,"app_ech":null,"app_obs":0,"mai":null,"mai_bas":null,"mai_haut":null,"mai_ech":null,"mai_obs":0,"a12":null,"a3":null},"geometry":{"type":"Polygon","coordinates":[[[-0.5212,49.1529],[-0.5472,49.1479],[-0.5569,49.1613],[-0.5536,49.1818],[-0.5397,49.1836],[-0.5284,49.191],[-0.5292,49.1936],[-0.5123,49.1879],[-0.5122,49.1771],[-0.4971,49.168],[-0.5032,49.158],[-0.5083,49.1584],[-0.5212,49.1529]]]}},{"type":"Feature","properties":{"code":"14158","nom":"Chicheboville","app":null,"app_bas":null,"app_haut":null,"app_ech":null,"app_obs":0,"mai":null,"mai_bas":null,"mai_haut":null,"mai_ech":null,"mai_obs":0,"a12":null,"a3":null},"geometry":{"type":"Polygon","coordinates":[[[-0.249,49.0979],[-0.2531,49.1003],[-0.2431,49.1053],[-0.2362,49.1135],[-0.2169,49.118],[-0.204,49.1172],[-0.1975,49.1053],[-0.1897,49.1039],[-0.197,49.0978],[-0.212,49.0948],[-0.2242,49.0943],[-0.2354,49.0984],[-0.249,49.0979]]]}},{"type":"Feature","properties":{"code":"14163","nom":"Cléville","app":12.44,"app_bas":10.51,"app_haut":14.72,"app_ech":"maille","app_obs":0,"mai":10.86,"mai_bas":8.81,"mai_haut":13.38,"mai_ech":"maille","mai_obs":5,"a12":14.17,"a3":10.13},"geometry":{"type":"Polygon","coordinates":[[[-0.0949,49.1257],[-0.0981,49.1235],[-0.1164,49.1218],[-0.1171,49.13],[-0.1076,49.1437],[-0.1057,49.1517],[-0.0978,49.1636],[-0.0753,49.1631],[-0.0653,49.1549],[-0.0744,49.1556],[-0.0789,49.1416],[-0.0926,49.1303],[-0.0949,49.1257]]]}},{"type":"Feature","properties":{"code":"14220","nom":"Deauville","app":16.73,"app_bas":11.95,"app_haut":23.41,"app_ech":"commune","app_obs":504,"mai":12.58,"mai_bas":8.71,"mai_haut":18.18,"mai_ech":"maille","mai_obs":76,"a12":20.7,"a3":18.79},"geometry":{"type":"Polygon","coordinates":[[[0.0583,49.3561],[0.0754,49.3658],[0.0912,49.3552],[0.0856,49.3474],[0.0745,49.3425],[0.074,49.3389],[0.0583,49.3561]]]}},{"type":"Feature","properties":{"code":"14546","nom":"Rouvres","app":10.53,"app_bas":8.39,"app_haut":13.23,"app_ech":"maille","app_obs":0,"mai":9.19,"mai_bas":7.45,"mai_haut":11.33,"mai_ech":"maille","mai_obs":2,"a12":13.03,"a3":9.49},"geometry":{"type":"Polygon","coordinates":[[[-0.218,49.0076],[-0.2127,49.0202],[-0.1968,49.0199],[-0.1797,49.0123],[-0.1521,48.9935],[-0.1643,48.9865],[-0.1731,48.9865],[-0.2054,49.0035],[-0.218,49.0076]]]}},{"type":"Feature","properties":{"code":"14691","nom":"Tilly-la-Campagne","app":null,"app_bas":null,"app_haut":null,"app_ech":null,"app_obs":0,"mai":null,"mai_bas":null,"mai_haut":null,"mai_ech":null,"mai_obs":0,"a12":null,"a3":null},"geometry":{"type":"Polygon","coordinates":[[[-0.3246,49.1207],[-0.319,49.1197],[-0.3148,49.1168],[-0.2813,49.1056],[-0.2821,49.104],[-0.3082,49.1032],[-0.3244,49.1063],[-0.3285,49.1146],[-0.3246,49.1207]]]}},{"type":"Feature","properties":{"code":"14041","nom":"Barneville-la-Bertran","app":13.16,"app_bas":10.67,"app_haut":16.24,"app_ech":"maille","app_obs":0,"mai":12.58,"mai_bas":8.71,"mai_haut":18.18,"mai_ech":"maille","mai_obs":3,"a12":15.64,"a3":13.7},"geometry":{"type":"Polygon","coordinates":[[[0.1729,49.3974],[0.1752,49.4023],[0.1906,49.4055],[0.1946,49.3953],[0.1964,49.3878],[0.176,49.3823],[0.1665,49.3774],[0.1631,49.3823],[0.1765,49.3921],[0.1729,49.3974]]]}},{"type":"Feature","properties":{"code":"14127","nom":"Campagnolles","app":8.83,"app_bas":6.94,"app_haut":11.23,"app_ech":"maille","app_obs":2,"mai":7.21,"mai_bas":5.67,"mai_haut":9.16,"mai_ech":"maille","mai_obs":24,"a12":10.58,"a3":7.47},"geometry":{"type":"Polygon","coordinates":[[[-0.9395,48.9071],[-0.9253,48.907],[-0.9157,48.902],[-0.9068,48.8936],[-0.9182,48.8815],[-0.9349,48.8734],[-0.9517,48.8715],[-0.9554,48.8803],[-0.9671,48.8869],[-0.942,48.9008],[-0.9395,48.9071]]]}},{"type":"Feature","properties":{"code":"14300","nom":"Gerrots","app":null,"app_bas":null,"app_haut":null,"app_ech":null,"app_obs":0,"mai":null,"mai_bas":null,"mai_haut":null,"mai_ech":null,"mai_obs":0,"a12":null,"a3":null},"geometry":{"type":"Polygon","coordinates":[[[-0.0098,49.2011],[0.0035,49.2018],[0.0203,49.1914],[0.0262,49.1916],[0.0238,49.1881],[0.0049,49.1862],[-0.0069,49.187],[-0.0142,49.1893],[-0.0098,49.2011]]]}},{"type":"Feature","properties":{"code":"14310","nom":"Grainville-Langannerie","app":10.53,"app_bas":8.39,"app_haut":13.23,"app_ech":"maille","app_obs":2,"mai":9.64,"mai_bas":7.5,"mai_haut":12.38,"mai_ech":"maille","mai_obs":38,"a12":13.03,"a3":11},"geometry":{"type":"Polygon","coordinates":[[[-0.2876,49.0165],[-0.268,49.0232],[-0.2521,49.016],[-0.2716,48.9927],[-0.2833,48.9939],[-0.2869,49.0058],[-0.2876,49.0165]]]}},{"type":"Feature","properties":{"code":"14376","nom":"Longraye","app":null,"app_bas":null,"app_haut":null,"app_ech":null,"app_obs":0,"mai":null,"mai_bas":null,"mai_haut":null,"mai_ech":null,"mai_obs":0,"a12":null,"a3":null},"geometry":{"type":"Polygon","coordinates":[[[-0.7213,49.1745],[-0.7141,49.1796],[-0.7126,49.1719],[-0.6889,49.1593],[-0.6789,49.1488],[-0.6856,49.1421],[-0.6985,49.1376],[-0.7171,49.1516],[-0.7191,49.155],[-0.7138,49.1647],[-0.7213,49.1745]]]}},{"type":"Feature","properties":{"code":"14481","nom":"Oubeaux","app":null,"app_bas":null,"app_haut":null,"app_ech":null,"app_obs":0,"mai":null,"mai_bas":null,"mai_haut":null,"mai_ech":null,"mai_obs":0,"a12":null,"a3":null},"geometry":{"type":"Polygon","coordinates":[[[-1.0667,49.2972],[-1.0571,49.2928],[-1.0365,49.2876],[-1.0292,49.2835],[-1.0365,49.2778],[-1.0553,49.2741],[-1.0715,49.2883],[-1.0667,49.2972]]]}},{"type":"Feature","properties":{"code":"14579","nom":"Seulline","app":11.8,"app_bas":9.98,"app_haut":13.96,"app_ech":"maille","app_obs":20,"mai":7.72,"mai_bas":6.01,"mai_haut":9.92,"mai_ech":"maille","mai_obs":45,"a12":12.5,"a3":10.49},"geometry":{"type":"Polygon","coordinates":[[[-0.6541,49.0309],[-0.6577,49.0243],[-0.6566,49.0081],[-0.6622,48.9996],[-0.6976,48.9988],[-0.7079,49.0024],[-0.7026,49.0176],[-0.7179,49.0205],[-0.7257,49.0313],[-0.7271,49.0399],[-0.7409,49.0487],[-0.7366,49.0558],[-0.7273,49.0616],[-0.7109,49.0654],[-0.6954,49.0596],[-0.6901,49.0538],[-0.6696,49.0461],[-0.6696,49.0431],[-0.6541,49.0309]]]}},{"type":"Feature","properties":{"code":"14582","nom":"Saint-Germain-de-Livet","app":10.8,"app_bas":8.79,"app_haut":13.25,"app_ech":"maille","app_obs":0,"mai":9.98,"mai_bas":7.68,"mai_haut":12.98,"mai_ech":"maille","mai_obs":0,"a12":13.21,"a3":8.42},"geometry":{"type":"Polygon","coordinates":[[[0.2075,49.1051],[0.2124,49.1052],[0.2198,49.0949],[0.2228,49.089],[0.2331,49.0838],[0.2364,49.0793],[0.2176,49.0688],[0.2125,49.0617],[0.2084,49.0585],[0.1897,49.0599],[0.1745,49.0547],[0.1549,49.0701],[0.1632,49.0743],[0.1738,49.0781],[0.1896,49.0899],[0.2075,49.1051]]]}},{"type":"Feature","properties":{"code":"14669","nom":"Sassy","app":10.76,"app_bas":8.24,"app_haut":14.06,"app_ech":"maille","app_obs":0,"mai":8.15,"mai_bas":6.33,"mai_haut":10.51,"mai_ech":"maille","mai_obs":2,"a12":13.03,"a3":9.49},"geometry":{"type":"Polygon","coordinates":[[[-0.1231,48.9972],[-0.1125,48.991],[-0.1124,48.981],[-0.1335,48.9718],[-0.1419,48.9698],[-0.1536,48.9761],[-0.1678,48.9784],[-0.1756,48.9842],[-0.1731,48.9865],[-0.1643,48.9865],[-0.1521,48.9935],[-0.1422,49.0009],[-0.1298,49.0013],[-0.1231,48.9972]]]}},{"type":"Feature","properties":{"code":"14023","nom":"Asnières-en-Bessin","app":10.77,"app_bas":8.37,"app_haut":13.86,"app_ech":"maille","app_obs":0,"mai":8.3,"mai_bas":6.54,"mai_haut":10.55,"mai_ech":"maille","mai_obs":1,"a12":13.26,"a3":9.02},"geometry":{"type":"Polygon","coordinates":[[[-0.949,49.3546],[-0.9544,49.3574],[-0.947,49.367],[-0.9418,49.3803],[-0.9327,49.377],[-0.9319,49.3606],[-0.928,49.3549],[-0.9226,49.3409],[-0.9331,49.3423],[-0.9416,49.3523],[-0.949,49.3546]]]}},{"type":"Feature","properties":{"code":"14037","nom":"Malherbe-sur-Ajon","app":11.8,"app_bas":9.98,"app_haut":13.96,"app_ech":"maille","app_obs":2,"mai":9.5,"mai_bas":7.75,"mai_haut":11.65,"mai_ech":"maille","mai_obs":12,"a12":13.61,"a3":10.49},"geometry":{"type":"Polygon","coordinates":[[[-0.6113,49.0224],[-0.6148,49.028],[-0.6091,49.0371],[-0.6012,49.0375],[-0.5876,49.0432],[-0.59,49.0498],[-0.5882,49.0595],[-0.5677,49.0711],[-0.5485,49.0764],[-0.5401,49.0742],[-0.546,49.067],[-0.5595,49.0574],[-0.5476,49.0511],[-0.5496,49.0463],[-0.583,49.035],[-0.6113,49.0224]]]}},{"type":"Feature","properties":{"code":"14043","nom":"Barou-en-Auge","app":8.26,"app_bas":6.51,"app_haut":10.48,"app_ech":"maille","app_obs":0,"mai":9.98,"mai_bas":7.68,"mai_haut":12.98,"mai_ech":"maille","mai_obs":0,"a12":10.54,"a3":8.19},"geometry":{"type":"Polygon","coordinates":[[[-0.0468,48.9126],[-0.0597,48.9251],[-0.0641,48.9358],[-0.0622,48.9402],[-0.041,48.9413],[-0.0136,48.9399],[-0.0133,48.9253],[-0.0403,48.918],[-0.0468,48.9126]]]}},{"type":"Feature","properties":{"code":"14054","nom":"Beaumesnil","app":8.6,"app_bas":7.04,"app_haut":10.5,"app_ech":"maille","app_obs":5,"mai":7.21,"mai_bas":5.67,"mai_haut":9.16,"mai_ech":"maille","mai_obs":6,"a12":10.58,"a3":6.93},"geometry":{"type":"Polygon","coordinates":[[[-0.9395,48.9071],[-0.942,48.9008],[-0.9671,48.8869],[-0.9856,48.8885],[-0.992,48.893],[-0.9942,48.8992],[-0.9855,48.9035],[-0.9709,48.8988],[-0.9495,48.9063],[-0.9395,48.9071]]]}},{"type":"Feature","properties":{"code":"14308","nom":"Goustranville","app":11.04,"app_bas":9.46,"app_haut":12.9,"app_ech":"maille","app_obs":1,"mai":10.86,"mai_bas":8.81,"mai_haut":13.38,"mai_ech":"maille","mai_obs":4,"a12":14.11,"a3":11.45},"geometry":{"type":"Polygon","coordinates":[[[-0.1045,49.2026],[-0.1122,49.2122],[-0.1412,49.2264],[-0.1446,49.2291],[-0.1316,49.2363],[-0.1306,49.2402],[-0.1151,49.2417],[-0.1013,49.2313],[-0.0873,49.2288],[-0.0784,49.2222],[-0.0852,49.218],[-0.0838,49.2024],[-0.1045,49.2026]]]}},{"type":"Feature","properties":{"code":"14344","nom":"Janville","app":13.32,"app_bas":11.22,"app_haut":15.81,"app_ech":"maille","app_obs":11,"mai":11.11,"mai_bas":9.14,"mai_haut":13.5,"mai_ech":"maille","mai_obs":17,"a12":14.7,"a3":10.13},"geometry":{"type":"Polygon","coordinates":[[[-0.1787,49.154],[-0.1727,49.1649],[-0.1726,49.1738],[-0.1601,49.1775],[-0.1477,49.1681],[-0.1477,49.1637],[-0.1551,49.1547],[-0.1646,49.1508],[-0.1787,49.154]]]}},{"type":"Feature","properties":{"code":"14389","nom":"Maisoncelles-Pelvey","app":10.97,"app_bas":9.06,"app_haut":13.28,"app_ech":"maille","app_obs":2,"mai":9.5,"mai_bas":7.75,"mai_haut":11.65,"mai_ech":"maille","mai_obs":13,"a12":12.5,"a3":10.49},"geometry":{"type":"Polygon","coordinates":[[[-0.6483,49.0631],[-0.6544,49.0584],[-0.6573,49.0539],[-0.6696,49.0461],[-0.6901,49.0538],[-0.6954,49.0596],[-0.6879,49.0659],[-0.6709,49.0734],[-0.672,49.0698],[-0.6569,49.0676],[-0.6483,49.0631]]]}},{"type":"Feature","properties":{"code":"14165","nom":"Colleville-sur-Mer","app":10.77,"app_bas":8.37,"app_haut":13.86,"app_ech":"maille","app_obs":3,"mai":8.3,"mai_bas":6.54,"mai_haut":10.55,"mai_ech":"maille","mai_obs":4,"a12":13.84,"a3":9.02},"geometry":{"type":"Polygon","coordinates":[[[-0.8683,49.3404],[-0.8651,49.3595],[-0.861,49.3653],[-0.8273,49.3579],[-0.8268,49.349],[-0.8321,49.3399],[-0.8351,49.3403],[-0.8457,49.3372],[-0.8683,49.3404]]]}},{"type":"Feature","properties":{"code":"14698","nom":"Touffréville","app":11.99,"app_bas":10.25,"app_haut":14.03,"app_ech":"maille","app_obs":5,"mai":10.26,"mai_bas":8.42,"mai_haut":12.51,"mai_ech":"maille","mai_obs":16,"a12":14.11,"a3":11.45},"geometry":{"type":"Polygon","coordinates":[[[-0.2468,49.1921],[-0.2303,49.2073],[-0.2262,49.2172],[-0.2153,49.2144],[-0.2094,49.2051],[-0.2036,49.1983],[-0.2205,49.1884],[-0.2469,49.1869],[-0.2468,49.1921]]]}},{"type":"Feature","properties":{"code":"14748","nom":"Vieux-Bourg","app":10.46,"app_bas":8.16,"app_haut":13.41,"app_ech":"maille","app_obs":0,"mai":9.6,"mai_bas":7.31,"mai_haut":12.6,"mai_ech":"maille","mai_obs":2,"a12":14.73,"a3":10.62},"geometry":{"type":"Polygon","coordinates":[[[0.2564,49.3218],[0.2567,49.311],[0.256,49.3097],[0.2252,49.3091],[0.2309,49.3131],[0.2452,49.3136],[0.2564,49.3218]]]}},{"type":"Feature","properties":{"code":"14238","nom":"Englesqueville-en-Auge","app":14.43,"app_bas":10.3,"app_haut":20.21,"app_ech":"maille","app_obs":0,"mai":12.58,"mai_bas":8.71,"mai_haut":18.18,"mai_ech":"maille","mai_obs":5,"a12":15.64,"a3":13.7},"geometry":{"type":"Polygon","coordinates":[[[0.1403,49.3413],[0.1473,49.3387],[0.1572,49.3409],[0.1661,49.3386],[0.1634,49.3282],[0.1517,49.321],[0.1367,49.327],[0.1358,49.3331],[0.1403,49.3413]]]}},{"type":"Feature","properties":{"code":"14419","nom":"Mesnil-Eudes","app":10.8,"app_bas":8.79,"app_haut":13.25,"app_ech":"maille","app_obs":0,"mai":8.94,"mai_bas":7.09,"mai_haut":11.29,"mai_ech":"maille","mai_obs":3,"a12":13.21,"a3":9.65},"geometry":{"type":"Polygon","coordinates":[[[0.1987,49.1117],[0.2075,49.1051],[0.1896,49.0899],[0.1738,49.0781],[0.1632,49.0743],[0.1472,49.09],[0.1457,49.0928],[0.1514,49.0994],[0.1604,49.101],[0.1765,49.1005],[0.1899,49.1096],[0.1987,49.1117]]]}},{"type":"Feature","properties":{"code":"14732","nom":"Vaux-sur-Aure","app":11.66,"app_bas":9.79,"app_haut":13.88,"app_ech":"maille","app_obs":6,"mai":9.66,"mai_bas":7.14,"mai_haut":13.07,"mai_ech":"maille","mai_obs":12,"a12":13.26,"a3":11.04},"geometry":{"type":"Polygon","coordinates":[[[-0.7218,49.3245],[-0.7125,49.3144],[-0.6978,49.3188],[-0.6874,49.3114],[-0.6926,49.3021],[-0.6937,49.2918],[-0.707,49.2935],[-0.7214,49.2932],[-0.7232,49.3015],[-0.7289,49.3085],[-0.7264,49.3148],[-0.7307,49.3254],[-0.7218,49.3245]]]}},{"type":"Feature","properties":{"code":"14752","nom":"Villers-Bocage","app":12.61,"app_bas":10.66,"app_haut":14.92,"app_ech":"commune","app_obs":448,"mai":9.06,"mai_bas":7.06,"mai_haut":11.62,"mai_ech":"commune","mai_obs":119,"a12":13.79,"a3":9.7},"geometry":{"type":"Polygon","coordinates":[[[-0.6483,49.0631],[-0.6569,49.0676],[-0.672,49.0698],[-0.6709,49.0734],[-0.6716,49.0846],[-0.6303,49.0927],[-0.6267,49.0921],[-0.6253,49.0906],[-0.6364,49.083],[-0.6483,49.0631]]]}},{"type":"Feature","properties":{"code":"14305","nom":"Gonneville-sur-Mer","app":16.2,"app_bas":12.81,"app_haut":20.47,"app_ech":"maille","app_obs":2,"mai":12.28,"mai_bas":9.18,"mai_haut":16.43,"mai_ech":"maille","mai_obs":4,"a12":14.17,"a3":11.77},"geometry":{"type":"Polygon","coordinates":[[[-0.0672,49.2769],[-0.0646,49.2853],[-0.0687,49.2893],[-0.0484,49.2936],[-0.0457,49.3034],[-0.0484,49.3061],[-0.0662,49.307],[-0.0415,49.3139],[-0.0369,49.3063],[-0.0226,49.2995],[-0.0204,49.3051],[-0.0088,49.3001],[-0.0106,49.2924],[-0.0006,49.2819],[-0.013,49.2792],[-0.0388,49.2694],[-0.0672,49.2769]]]}},{"type":"Feature","properties":{"code":"14329","nom":"Heuland","app":14.1,"app_bas":11.08,"app_haut":17.94,"app_ech":"maille","app_obs":0,"mai":8.94,"mai_bas":7.09,"mai_haut":11.29,"mai_ech":"maille","mai_obs":0,"a12":14.17,"a3":11.45},"geometry":{"type":"Polygon","coordinates":[[[0.0009,49.2812],[0.0044,49.2795],[0.0037,49.2651],[0.007,49.259],[0.0004,49.2498],[-0.0127,49.2462],[-0.0063,49.2548],[-0.0089,49.2685],[-0.0071,49.2754],[0.0009,49.2812]]]}},{"type":"Feature","properties":{"code":"14149","nom":"Cesny-aux-Vignes","app":10.89,"app_bas":8.89,"app_haut":13.35,"app_ech":"maille","app_obs":1,"mai":9.19,"mai_bas":7.45,"mai_haut":11.33,"mai_ech":"maille","mai_obs":15,"a12":13.03,"a3":9.49},"geometry":{"type":"Polygon","coordinates":[[[-0.1264,49.1011],[-0.1124,49.1009],[-0.107,49.0887],[-0.1128,49.0833],[-0.1192,49.0714],[-0.1363,49.0754],[-0.1279,49.0894],[-0.1264,49.1011]]]}},{"type":"Feature","properties":{"code":"14488","nom":"Ouistreham","app":13.71,"app_bas":11.26,"app_haut":16.68,"app_ech":"commune","app_obs":1393,"mai":11.46,"mai_bas":9.37,"mai_haut":14.03,"mai_ech":"commune","mai_obs":340,"a12":16.31,"a3":11.61},"geometry":{"type":"Polygon","coordinates":[[[-0.2858,49.2714],[-0.2797,49.2835],[-0.2792,49.2928],[-0.247,49.2882],[-0.2257,49.2818],[-0.2289,49.2705],[-0.2388,49.2711],[-0.2474,49.263],[-0.2642,49.2547],[-0.2696,49.2489],[-0.2777,49.2517],[-0.2657,49.2613],[-0.2755,49.2684],[-0.2858,49.2714]]]}},{"type":"Feature","properties":{"code":"14548","nom":"Rucqueville","app":null,"app_bas":null,"app_haut":null,"app_ech":null,"app_obs":0,"mai":null,"mai_bas":null,"mai_haut":null,"mai_ech":null,"mai_obs":0,"a12":null,"a3":null},"geometry":{"type":"Polygon","coordinates":[[[-0.6003,49.26],[-0.5918,49.2684],[-0.5693,49.2578],[-0.5821,49.2478],[-0.5929,49.255],[-0.6015,49.2579],[-0.6003,49.26]]]}},{"type":"Feature","properties":{"code":"14593","nom":"Saint-Hymer","app":13.39,"app_bas":10,"app_haut":17.92,"app_ech":"maille","app_obs":3,"mai":13.09,"mai_bas":9.57,"mai_haut":17.91,"mai_ech":"maille","mai_obs":23,"a12":15.64,"a3":9.73},"geometry":{"type":"Polygon","coordinates":[[[0.1648,49.2723],[0.1818,49.2637],[0.1872,49.2659],[0.1851,49.2528],[0.1953,49.2405],[0.1872,49.2346],[0.1876,49.2304],[0.1653,49.2275],[0.1519,49.2189],[0.1448,49.2093],[0.136,49.216],[0.1447,49.2219],[0.1492,49.2314],[0.1538,49.2513],[0.155,49.2618],[0.1648,49.2723]]]}},{"type":"Feature","properties":{"code":"14689","nom":"Hom","app":10.35,"app_bas":8.47,"app_haut":12.64,"app_ech":"commune","app_obs":180,"mai":11.58,"mai_bas":8.92,"mai_haut":15.03,"mai_ech":"commune","mai_obs":121,"a12":12.02,"a3":9.49},"geometry":{"type":"Polygon","coordinates":[[[-0.5166,49.0262],[-0.5022,49.021],[-0.486,49.0178],[-0.4745,49.0123],[-0.4707,49.007],[-0.4758,48.9986],[-0.4647,48.9864],[-0.4767,48.9777],[-0.4833,48.9771],[-0.4788,48.969],[-0.4812,48.9582],[-0.4627,48.9518],[-0.4648,48.9421],[-0.4838,48.9571],[-0.5015,48.9545],[-0.5,48.9599],[-0.5095,48.9625],[-0.5245,48.9624],[-0.5465,48.9683],[-0.5623,48.9695],[-0.5612,48.9605],[-0.5719,48.9666],[-0.5829,48.9702],[-0.5703,48.9766],[-0.5666,48.9906],[-0.5557,48.9935],[-0.5647,49.005],[-0.5552,49.0118],[-0.5615,49.0157],[-0.5561,49.0226],[-0.5455,49.0301],[-0.5277,49.0295],[-0.5166,49.0262]]]}},{"type":"Feature","properties":{"code":"14714","nom":"Tronquay","app":9.51,"app_bas":7.29,"app_haut":12.41,"app_ech":"maille","app_obs":0,"mai":10.73,"mai_bas":8.31,"mai_haut":13.85,"mai_ech":"maille","mai_obs":17,"a12":13.26,"a3":7.47},"geometry":{"type":"Polygon","coordinates":[[[-0.8519,49.2176],[-0.8562,49.2193],[-0.8571,49.2233],[-0.8451,49.2324],[-0.8359,49.2464],[-0.8297,49.2515],[-0.82,49.2507],[-0.8198,49.2443],[-0.8118,49.2402],[-0.8036,49.2312],[-0.7912,49.2289],[-0.7856,49.2236],[-0.7865,49.2132],[-0.8009,49.2088],[-0.8148,49.2135],[-0.8366,49.2185],[-0.8519,49.2176]]]}},{"type":"Feature","properties":{"code":"14005","nom":"Airan","app":10.89,"app_bas":8.89,"app_haut":13.35,"app_ech":"maille","app_obs":9,"mai":9.19,"mai_bas":7.45,"mai_haut":11.33,"mai_ech":"maille","mai_obs":23,"a12":13.03,"a3":9.49},"geometry":{"type":"Polygon","coordinates":[[[-0.1427,49.0707],[-0.1753,49.0798],[-0.1795,49.0918],[-0.1743,49.1006],[-0.1584,49.0961],[-0.1478,49.1072],[-0.1252,49.1234],[-0.1248,49.1266],[-0.1171,49.13],[-0.1164,49.1218],[-0.1264,49.1011],[-0.1279,49.0894],[-0.1363,49.0754],[-0.1427,49.0707]]]}},{"type":"Feature","properties":{"code":"14056","nom":"Bauquay","app":null,"app_bas":null,"app_haut":null,"app_ech":null,"app_obs":0,"mai":null,"mai_bas":null,"mai_haut":null,"mai_ech":null,"mai_obs":0,"a12":null,"a3":null},"geometry":{"type":"Polygon","coordinates":[[[-0.6148,49.028],[-0.634,49.0294],[-0.6341,49.0353],[-0.6235,49.0362],[-0.6128,49.0449],[-0.6091,49.0371],[-0.6148,49.028]]]}},{"type":"Feature","properties":{"code":"14312","nom":"Grandcamp-Maisy","app":11.87,"app_bas":9.2,"app_haut":15.31,"app_ech":"commune","app_obs":106,"mai":8.3,"mai_bas":6.54,"mai_haut":10.55,"mai_ech":"maille","mai_obs":21,"a12":13.26,"a3":9.02},"geometry":{"type":"Polygon","coordinates":[[[-1.0195,49.3933],[-1.0131,49.3767],[-1.0194,49.3557],[-1.0322,49.3528],[-1.0461,49.3582],[-1.0501,49.3585],[-1.076,49.376],[-1.0898,49.3811],[-1.0782,49.3885],[-1.0581,49.3908],[-1.0506,49.389],[-1.0302,49.3896],[-1.0195,49.3933]]]}},{"type":"Feature","properties":{"code":"14352","nom":"Landelles-et-Coupigny","app":8.6,"app_bas":7.04,"app_haut":10.5,"app_ech":"maille","app_obs":7,"mai":6.59,"mai_bas":5.13,"mai_haut":8.46,"mai_ech":"maille","mai_obs":41,"a12":10.58,"a3":6.93},"geometry":{"type":"Polygon","coordinates":[[[-0.9874,48.8756],[-0.9986,48.8657],[-1.0087,48.8715],[-1.0235,48.8687],[-1.0367,48.8781],[-1.0527,48.8873],[-1.0492,48.894],[-1.0285,48.9012],[-1.0214,48.9058],[-1.0137,48.916],[-1.0136,48.9217],[-0.9907,48.926],[-0.9713,48.928],[-0.9627,48.9264],[-0.9588,48.914],[-0.9495,48.9063],[-0.9709,48.8988],[-0.9855,48.9035],[-0.9942,48.8992],[-0.992,48.893],[-0.9856,48.8885],[-0.9956,48.8857],[-0.9874,48.8756]]]}},{"type":"Feature","properties":{"code":"14402","nom":"Marais-la-Chapelle","app":10.76,"app_bas":8.24,"app_haut":14.06,"app_ech":"maille","app_obs":0,"mai":7.02,"mai_bas":5.5,"mai_haut":8.97,"mai_ech":"maille","mai_obs":4,"a12":9.63,"a3":8.19},"geometry":{"type":"Polygon","coordinates":[[[-0.0297,48.8933],[-0.0182,48.885],[-0.0099,48.8838],[-0.0062,48.8722],[-0.0115,48.8768],[-0.0311,48.8737],[-0.0288,48.8827],[-0.0367,48.8889],[-0.0297,48.8933]]]}},{"type":"Feature","properties":{"code":"14164","nom":"Clinchamps-sur-Orne","app":null,"app_bas":null,"app_haut":null,"app_ech":null,"app_obs":0,"mai":null,"mai_bas":null,"mai_haut":null,"mai_ech":null,"mai_obs":0,"a12":null,"a3":null},"geometry":{"type":"Polygon","coordinates":[[[-0.4248,49.0853],[-0.4201,49.0916],[-0.4115,49.0968],[-0.392,49.0972],[-0.3876,49.0874],[-0.3912,49.0796],[-0.3912,49.0705],[-0.4035,49.064],[-0.4091,49.0662],[-0.4114,49.0769],[-0.4248,49.0853]]]}},{"type":"Feature","properties":{"code":"14611","nom":"Saint-Manvieu-Bocage","app":null,"app_bas":null,"app_haut":null,"app_ech":null,"app_obs":0,"mai":null,"mai_bas":null,"mai_haut":null,"mai_ech":null,"mai_obs":0,"a12":null,"a3":null},"geometry":{"type":"Polygon","coordinates":[[[-0.9675,48.8084],[-0.9748,48.8119],[-0.9877,48.8053],[-0.9921,48.8074],[-0.99,48.8162],[-0.9999,48.8208],[-0.9997,48.8265],[-0.9828,48.8321],[-0.9694,48.8326],[-0.9532,48.839],[-0.9439,48.8404],[-0.9364,48.8201],[-0.932,48.8154],[-0.9511,48.8071],[-0.9583,48.8056],[-0.9675,48.8084]]]}},{"type":"Feature","properties":{"code":"14654","nom":"Saint-Pierre-sur-Dives","app":9.14,"app_bas":7.22,"app_haut":11.57,"app_ech":"commune","app_obs":464,"mai":9.67,"mai_bas":7.43,"mai_haut":12.59,"mai_ech":"commune","mai_obs":218,"a12":11.99,"a3":8.87},"geometry":{"type":"Polygon","coordinates":[[[-0.0133,49.0145],[-0.0219,49.0044],[-0.0288,49.0043],[-0.0403,48.995],[-0.0551,49.0009],[-0.0502,49.013],[-0.0672,49.0159],[-0.0644,49.0334],[-0.0509,49.0306],[-0.0309,49.0286],[-0.0287,49.0244],[-0.0178,49.0226],[-0.0133,49.0145]]]}},{"type":"Feature","properties":{"code":"14172","nom":"Commes","app":11.66,"app_bas":9.79,"app_haut":13.88,"app_ech":"maille","app_obs":8,"mai":9.66,"mai_bas":7.14,"mai_haut":13.07,"mai_ech":"maille","mai_obs":7,"a12":13.84,"a3":10.49},"geometry":{"type":"Polygon","coordinates":[[[-0.7457,49.3492],[-0.7191,49.347],[-0.7192,49.3264],[-0.7218,49.3245],[-0.7307,49.3254],[-0.7497,49.3225],[-0.7627,49.3257],[-0.7626,49.3346],[-0.7482,49.3383],[-0.7457,49.3492]]]}},{"type":"Feature","properties":{"code":"14230","nom":"Drubec","app":13.39,"app_bas":10,"app_haut":17.92,"app_ech":"maille","app_obs":0,"mai":12.28,"mai_bas":9.18,"mai_haut":16.43,"mai_ech":"maille","mai_obs":4,"a12":15.64,"a3":9.73},"geometry":{"type":"Polygon","coordinates":[[[0.1126,49.2575],[0.1167,49.2515],[0.1112,49.2402],[0.0945,49.2414],[0.0874,49.249],[0.0967,49.2536],[0.1066,49.2617],[0.1126,49.2575]]]}},{"type":"Feature","properties":{"code":"14494","nom":"Périers-en-Auge","app":16.2,"app_bas":12.81,"app_haut":20.47,"app_ech":"maille","app_obs":1,"mai":12.28,"mai_bas":9.18,"mai_haut":16.43,"mai_ech":"maille","mai_obs":9,"a12":15.47,"a3":11.45},"geometry":{"type":"Polygon","coordinates":[[[-0.1106,49.2574],[-0.1129,49.2638],[-0.1071,49.2684],[-0.1128,49.2778],[-0.1054,49.2779],[-0.0904,49.2735],[-0.0807,49.2682],[-0.0844,49.2635],[-0.0726,49.2612],[-0.067,49.2538],[-0.0715,49.2508],[-0.0913,49.2584],[-0.1106,49.2574]]]}},{"type":"Feature","properties":{"code":"14551","nom":"Russy","app":null,"app_bas":null,"app_haut":null,"app_ech":null,"app_obs":0,"mai":null,"mai_bas":null,"mai_haut":null,"mai_ech":null,"mai_obs":0,"a12":null,"a3":null},"geometry":{"type":"Polygon","coordinates":[[[-0.8353,49.3224],[-0.8351,49.3403],[-0.8199,49.3371],[-0.801,49.3359],[-0.8073,49.3236],[-0.8077,49.3134],[-0.8192,49.3147],[-0.8219,49.3198],[-0.8353,49.3224]]]}},{"type":"Feature","properties":{"code":"14687","nom":"Theil-en-Auge","app":13.39,"app_bas":10,"app_haut":17.92,"app_ech":"maille","app_obs":0,"mai":10.58,"mai_bas":8.42,"mai_haut":13.3,"mai_ech":"maille","mai_obs":11,"a12":14.73,"a3":10.62},"geometry":{"type":"Polygon","coordinates":[[[0.2501,49.3614],[0.2624,49.3533],[0.2571,49.343],[0.2641,49.3395],[0.2509,49.3351],[0.2376,49.3413],[0.2463,49.3507],[0.2501,49.3614]]]}},{"type":"Feature","properties":{"code":"14091","nom":"Bourgeauville","app":14.43,"app_bas":10.3,"app_haut":20.21,"app_ech":"maille","app_obs":1,"mai":12.28,"mai_bas":9.18,"mai_haut":16.43,"mai_ech":"maille","mai_obs":1,"a12":16.43,"a3":11.77},"geometry":{"type":"Polygon","coordinates":[[[0.0347,49.2793],[0.0476,49.2836],[0.0592,49.2853],[0.0729,49.2616],[0.0854,49.2531],[0.079,49.2481],[0.0568,49.2598],[0.0449,49.2635],[0.0347,49.2793]]]}},{"type":"Feature","properties":{"code":"14427","nom":"Mesnil-Villement","app":8.6,"app_bas":7.04,"app_haut":10.5,"app_ech":"maille","app_obs":0,"mai":8.7,"mai_bas":6.64,"mai_haut":11.4,"mai_ech":"maille","mai_obs":6,"a12":10.54,"a3":8.08},"geometry":{"type":"Polygon","coordinates":[[[-0.4013,48.8589],[-0.3913,48.857],[-0.3835,48.8587],[-0.371,48.8663],[-0.3617,48.8632],[-0.3643,48.8571],[-0.3658,48.8487],[-0.3742,48.8455],[-0.3838,48.847],[-0.4013,48.8589]]]}},{"type":"Feature","properties":{"code":"14162","nom":"Clécy","app":8.6,"app_bas":7.04,"app_haut":10.5,"app_ech":"maille","app_obs":31,"mai":7.72,"mai_bas":6.01,"mai_haut":9.92,"mai_ech":"maille","mai_obs":82,"a12":9.97,"a3":8.08},"geometry":{"type":"Polygon","coordinates":[[[-0.5407,48.8919],[-0.5396,48.8958],[-0.5298,48.9004],[-0.5218,48.9003],[-0.5165,48.9093],[-0.5189,48.9184],[-0.5365,48.9237],[-0.5332,48.9287],[-0.5125,48.9323],[-0.4985,48.9268],[-0.4883,48.926],[-0.4732,48.9276],[-0.4754,48.9091],[-0.458,48.9092],[-0.4563,48.9058],[-0.4592,48.8985],[-0.4539,48.8937],[-0.443,48.8969],[-0.4455,48.8884],[-0.4573,48.882],[-0.4912,48.884],[-0.4942,48.8776],[-0.5044,48.8758],[-0.5152,48.8793],[-0.5199,48.89],[-0.5407,48.8919]]]}},{"type":"Feature","properties":{"code":"14173","nom":"Condé-sur-Ifs","app":8.26,"app_bas":6.51,"app_haut":10.48,"app_ech":"maille","app_obs":0,"mai":9.98,"mai_bas":7.68,"mai_haut":12.98,"mai_ech":"maille","mai_obs":6,"a12":11.58,"a3":8.19},"geometry":{"type":"Polygon","coordinates":[[[-0.1545,49.0228],[-0.1592,49.0268],[-0.1726,49.0436],[-0.156,49.0551],[-0.1473,49.0512],[-0.1239,49.0485],[-0.1213,49.0391],[-0.1114,49.0394],[-0.1068,49.0193],[-0.1251,49.0235],[-0.1415,49.0246],[-0.1545,49.0228]]]}},{"type":"Feature","properties":{"code":"14512","nom":"Pontécoulant","app":9.38,"app_bas":7.49,"app_haut":11.74,"app_ech":"maille","app_obs":0,"mai":7.72,"mai_bas":6.01,"mai_haut":9.92,"mai_ech":"maille","mai_obs":1,"a12":9.97,"a3":7.15},"geometry":{"type":"Polygon","coordinates":[[[-0.5693,48.8964],[-0.5847,48.8744],[-0.5902,48.8802],[-0.5876,48.8874],[-0.5961,48.9013],[-0.5693,48.8964]]]}},{"type":"Feature","properties":{"code":"14589","nom":"Saint-Germain-le-Vasson","app":10.53,"app_bas":8.39,"app_haut":13.23,"app_ech":"maille","app_obs":5,"mai":8.15,"mai_bas":6.33,"mai_haut":10.51,"mai_ech":"maille","mai_obs":32,"a12":13.03,"a3":11},"geometry":{"type":"Polygon","coordinates":[[[-0.2722,48.9865],[-0.3007,48.9876],[-0.3178,48.9839],[-0.3229,49],[-0.3351,49.0042],[-0.3185,49.01],[-0.3113,49.016],[-0.2876,49.0165],[-0.2869,49.0058],[-0.2833,48.9939],[-0.2716,48.9927],[-0.2697,48.9909],[-0.2722,48.9865]]]}},{"type":"Feature","properties":{"code":"14602","nom":"Saint-Lambert","app":8.6,"app_bas":7.04,"app_haut":10.5,"app_ech":"maille","app_obs":2,"mai":7.72,"mai_bas":6.01,"mai_haut":9.92,"mai_ech":"maille","mai_obs":11,"a12":9.97,"a3":8.08},"geometry":{"type":"Polygon","coordinates":[[[-0.5688,48.9395],[-0.5409,48.9402],[-0.5359,48.9489],[-0.5074,48.9458],[-0.5035,48.9468],[-0.5102,48.9396],[-0.5125,48.9323],[-0.5332,48.9287],[-0.5365,48.9237],[-0.5638,48.9237],[-0.5688,48.9395]]]}},{"type":"Feature","properties":{"code":"14034","nom":"Avenay","app":12.29,"app_bas":10.35,"app_haut":14.6,"app_ech":"maille","app_obs":0,"mai":10.69,"mai_bas":8.8,"mai_haut":12.99,"mai_ech":"maille","mai_obs":17,"a12":14.45,"a3":10.49},"geometry":{"type":"Polygon","coordinates":[[[-0.4613,49.1041],[-0.4389,49.1023],[-0.4474,49.0924],[-0.4602,49.0844],[-0.4798,49.0851],[-0.484,49.0949],[-0.4848,49.1046],[-0.4805,49.1063],[-0.4613,49.1041]]]}},{"type":"Feature","properties":{"code":"14260","nom":"Fauguernon","app":12.79,"app_bas":10.36,"app_haut":15.8,"app_ech":"maille","app_obs":11,"mai":13.09,"mai_bas":9.57,"mai_haut":17.91,"mai_ech":"maille","mai_obs":3,"a12":14.89,"a3":9.73},"geometry":{"type":"Polygon","coordinates":[[[0.2584,49.2015],[0.2719,49.2003],[0.2797,49.2028],[0.2926,49.1896],[0.3033,49.1872],[0.3033,49.1857],[0.2678,49.1742],[0.2518,49.1828],[0.2424,49.185],[0.248,49.1971],[0.2584,49.2015]]]}},{"type":"Feature","properties":{"code":"14445","nom":"Montfiquet","app":9.71,"app_bas":7.83,"app_haut":12.03,"app_ech":"maille","app_obs":0,"mai":6.98,"mai_bas":5.39,"mai_haut":9.04,"mai_ech":"maille","mai_obs":1,"a12":13.26,"a3":8.08},"geometry":{"type":"Polygon","coordinates":[[[-0.9588,49.1614],[-0.9499,49.1677],[-0.9373,49.1615],[-0.9265,49.1642],[-0.9216,49.1778],[-0.9079,49.1876],[-0.9101,49.1935],[-0.8873,49.2018],[-0.8754,49.2115],[-0.8562,49.2193],[-0.8519,49.2176],[-0.8485,49.2101],[-0.8543,49.2052],[-0.8594,49.1953],[-0.8493,49.1833],[-0.8574,49.1783],[-0.8783,49.1703],[-0.9047,49.1631],[-0.9313,49.1579],[-0.9484,49.159],[-0.9588,49.1614]]]}},{"type":"Feature","properties":{"code":"14554","nom":"Saint-Aignan-de-Cramesnil","app":12.32,"app_bas":10.54,"app_haut":14.39,"app_ech":"maille","app_obs":1,"mai":9.19,"mai_bas":7.45,"mai_haut":11.33,"mai_ech":"maille","mai_obs":52,"a12":14.17,"a3":11},"geometry":{"type":"Polygon","coordinates":[[[-0.2543,49.0743],[-0.2681,49.0785],[-0.2811,49.0695],[-0.2946,49.071],[-0.3064,49.0748],[-0.3133,49.0829],[-0.3069,49.0916],[-0.2704,49.0889],[-0.2676,49.0865],[-0.2514,49.0773],[-0.2543,49.0743]]]}},{"type":"Feature","properties":{"code":"14562","nom":"Saint-Aubin-sur-Mer","app":13.29,"app_bas":10.76,"app_haut":16.42,"app_ech":"commune","app_obs":148,"mai":11.36,"mai_bas":8.92,"mai_haut":14.45,"mai_ech":"maille","mai_obs":82,"a12":15.5,"a3":11.26},"geometry":{"type":"Polygon","coordinates":[[[-0.4013,49.3116],[-0.4073,49.3143],[-0.3975,49.3331],[-0.3758,49.3272],[-0.3777,49.3223],[-0.3889,49.3154],[-0.4013,49.3116]]]}},{"type":"Feature","properties":{"code":"14568","nom":"Sainte-Croix-Grand-Tonne","app":null,"app_bas":null,"app_haut":null,"app_ech":null,"app_obs":0,"mai":null,"mai_bas":null,"mai_haut":null,"mai_ech":null,"mai_obs":0,"a12":null,"a3":null},"geometry":{"type":"Polygon","coordinates":[[[-0.5323,49.2282],[-0.5449,49.2215],[-0.5833,49.2346],[-0.5734,49.2405],[-0.5513,49.245],[-0.5419,49.2379],[-0.5323,49.2282]]]}},{"type":"Feature","properties":{"code":"14374","nom":"Loges","app":8.6,"app_bas":7.04,"app_haut":10.5,"app_ech":"maille","app_obs":0,"mai":7.21,"mai_bas":5.67,"mai_haut":9.16,"mai_ech":"maille","mai_obs":1,"a12":10.58,"a3":8.08},"geometry":{"type":"Polygon","coordinates":[[[-0.8096,49.0382],[-0.8141,49.0449],[-0.824,49.0494],[-0.8127,49.054],[-0.808,49.0588],[-0.7978,49.0556],[-0.7833,49.0426],[-0.7851,49.0359],[-0.7931,49.0326],[-0.8096,49.0382]]]}},{"type":"Feature","properties":{"code":"14030","nom":"Authie","app":13.51,"app_bas":11.73,"app_haut":15.57,"app_ech":"maille","app_obs":23,"mai":10.7,"mai_bas":8.67,"mai_haut":13.21,"mai_ech":"maille","mai_obs":82,"a12":15.12,"a3":11.16},"geometry":{"type":"Polygon","coordinates":[[[-0.4291,49.2175],[-0.4264,49.2122],[-0.4132,49.2042],[-0.4244,49.1992],[-0.4409,49.1993],[-0.4485,49.2019],[-0.4435,49.213],[-0.4291,49.2175]]]}},{"type":"Feature","properties":{"code":"14073","nom":"Bigne","app":null,"app_bas":null,"app_haut":null,"app_ech":null,"app_obs":0,"mai":null,"mai_bas":null,"mai_haut":null,"mai_ech":null,"mai_obs":0,"a12":null,"a3":null},"geometry":{"type":"Polygon","coordinates":[[[-0.7079,49.0024],[-0.7182,49.0008],[-0.7252,49.0029],[-0.7358,49.0116],[-0.7304,49.0177],[-0.7179,49.0205],[-0.7026,49.0176],[-0.7079,49.0024]]]}},{"type":"Feature","properties":{"code":"14306","nom":"Gonneville-en-Auge","app":13.14,"app_bas":10.8,"app_haut":15.99,"app_ech":"maille","app_obs":6,"mai":11.36,"mai_bas":9.28,"mai_haut":13.9,"mai_ech":"maille","mai_obs":6,"a12":14.99,"a3":11.26},"geometry":{"type":"Polygon","coordinates":[[[-0.1747,49.2721],[-0.1708,49.2638],[-0.1822,49.2484],[-0.1908,49.2497],[-0.1992,49.2463],[-0.2009,49.2536],[-0.2079,49.2572],[-0.202,49.267],[-0.1884,49.2647],[-0.1747,49.2721]]]}},{"type":"Feature","properties":{"code":"14381","nom":"Louvagny","app":8.26,"app_bas":6.51,"app_haut":10.48,"app_ech":"maille","app_obs":0,"mai":9.98,"mai_bas":7.68,"mai_haut":12.98,"mai_ech":"maille","mai_obs":0,"a12":10.54,"a3":8.19},"geometry":{"type":"Polygon","coordinates":[[[-0.0622,48.9402],[-0.0674,48.9595],[-0.0594,48.9608],[-0.0439,48.9603],[-0.0332,48.9546],[-0.025,48.9547],[-0.028,48.9404],[-0.041,48.9413],[-0.0622,48.9402]]]}},{"type":"Feature","properties":{"code":"14469","nom":"Norrey-en-Auge","app":8.26,"app_bas":6.51,"app_haut":10.48,"app_ech":"maille","app_obs":1,"mai":9.98,"mai_bas":7.68,"mai_haut":12.98,"mai_ech":"maille","mai_obs":0,"a12":10.54,"a3":8.19},"geometry":{"type":"Polygon","coordinates":[[[-0.0449,48.9109],[-0.0468,48.9126],[-0.0403,48.918],[-0.0133,48.9253],[0.0112,48.9268],[0.0125,48.9093],[-0.0029,48.9068],[-0.0346,48.8983],[-0.0449,48.9109]]]}},{"type":"Feature","properties":{"code":"14474","nom":"Notre-Dame-d'Estrées-Corbon","app":10.89,"app_bas":8.89,"app_haut":13.35,"app_ech":"maille","app_obs":8,"mai":8.94,"mai_bas":7.09,"mai_haut":11.29,"mai_ech":"maille","mai_obs":5,"a12":14.89,"a3":10.13},"geometry":{"type":"Polygon","coordinates":[[[0.0175,49.1315],[0.0115,49.1245],[0.0111,49.1191],[-0.0023,49.118],[-0.0033,49.1212],[-0.0218,49.1315],[-0.0411,49.137],[-0.0425,49.1457],[-0.0467,49.1496],[-0.0421,49.1535],[-0.0048,49.1522],[0.0066,49.1553],[0.015,49.145],[0.0142,49.1337],[0.0175,49.1315]]]}},{"type":"Feature","properties":{"code":"14486","nom":"Ouilly-le-Tesson","app":10.53,"app_bas":8.39,"app_haut":13.23,"app_ech":"maille","app_obs":0,"mai":8.15,"mai_bas":6.33,"mai_haut":10.51,"mai_ech":"maille","mai_obs":26,"a12":10.54,"a3":8.19},"geometry":{"type":"Polygon","coordinates":[[[-0.2536,48.9891],[-0.2396,49.0029],[-0.218,49.0076],[-0.2054,49.0035],[-0.1731,48.9865],[-0.1756,48.9842],[-0.1917,48.9769],[-0.1926,48.9741],[-0.2123,48.9772],[-0.2338,48.9863],[-0.2536,48.9891]]]}},{"type":"Feature","properties":{"code":"14505","nom":"Placy","app":null,"app_bas":null,"app_haut":null,"app_ech":null,"app_obs":0,"mai":null,"mai_bas":null,"mai_haut":null,"mai_ech":null,"mai_obs":0,"a12":null,"a3":null},"geometry":{"type":"Polygon","coordinates":[[[-0.4496,48.9849],[-0.4326,48.9921],[-0.4206,48.9876],[-0.4088,48.9802],[-0.4047,48.9671],[-0.4232,48.9697],[-0.4356,48.9698],[-0.4496,48.9849]]]}},{"type":"Feature","properties":{"code":"14514","nom":"Pont-l'Évêque","app":13.23,"app_bas":10.71,"app_haut":16.34,"app_ech":"commune","app_obs":828,"mai":13.91,"mai_bas":10.14,"mai_haut":19.07,"mai_ech":"commune","mai_obs":251,"a12":15.69,"a3":10.98},"geometry":{"type":"Polygon","coordinates":[[[0.1648,49.2723],[0.1729,49.2908],[0.1863,49.2943],[0.1941,49.301],[0.2045,49.295],[0.2044,49.2826],[0.2077,49.2733],[0.1818,49.2637],[0.1648,49.2723]]]}},{"type":"Feature","properties":{"code":"14614","nom":"Sainte-Marguerite-d'Elle","app":9.51,"app_bas":7.29,"app_haut":12.41,"app_ech":"maille","app_obs":35,"mai":10.73,"mai_bas":8.31,"mai_haut":13.85,"mai_ech":"maille","mai_obs":17,"a12":11.82,"a3":7.47},"geometry":{"type":"Polygon","coordinates":[[[-0.9677,49.2468],[-0.968,49.2408],[-0.9616,49.2378],[-0.963,49.2257],[-0.95,49.2273],[-0.9448,49.2206],[-0.9326,49.2177],[-0.9486,49.2092],[-0.9555,49.1997],[-0.9755,49.1922],[-0.9873,49.1943],[-0.992,49.1985],[-1.0083,49.2044],[-1.0242,49.2039],[-1.0256,49.2081],[-1.0398,49.2217],[-1.0465,49.2211],[-1.0504,49.228],[-1.0072,49.2242],[-0.9806,49.2285],[-0.9721,49.2466],[-0.9677,49.2468]]]}},{"type":"Feature","properties":{"code":"14047","nom":"Bayeux","app":13.02,"app_bas":10.4,"app_haut":16.29,"app_ech":"commune","app_obs":1724,"mai":10.13,"mai_bas":7.48,"mai_haut":13.74,"mai_ech":"commune","mai_obs":334,"a12":14.33,"a3":11.15},"geometry":{"type":"Polygon","coordinates":[[[-0.7257,49.2698],[-0.7253,49.2796],[-0.7209,49.2928],[-0.707,49.2935],[-0.6937,49.2918],[-0.6974,49.2852],[-0.689,49.2731],[-0.6786,49.2698],[-0.6846,49.2631],[-0.6986,49.2659],[-0.7048,49.2659],[-0.7131,49.2711],[-0.7257,49.2698]]]}},{"type":"Feature","properties":{"code":"14290","nom":"Fresney-le-Puceux","app":12.32,"app_bas":10.54,"app_haut":14.39,"app_ech":"maille","app_obs":1,"mai":9.19,"mai_bas":7.45,"mai_haut":11.33,"mai_ech":"maille","mai_obs":18,"a12":14.17,"a3":9.49},"geometry":{"type":"Polygon","coordinates":[[[-0.3095,49.0789],[-0.3064,49.0748],[-0.3164,49.0696],[-0.319,49.0708],[-0.3523,49.0531],[-0.3634,49.0544],[-0.3708,49.0486],[-0.383,49.0507],[-0.382,49.0638],[-0.3747,49.0719],[-0.3703,49.0793],[-0.3494,49.0729],[-0.3349,49.0724],[-0.3095,49.0789]]]}},{"type":"Feature","properties":{"code":"14358","nom":"Léaupartie","app":10.89,"app_bas":8.89,"app_haut":13.35,"app_ech":"maille","app_obs":1,"mai":8.94,"mai_bas":7.09,"mai_haut":11.29,"mai_ech":"maille","mai_obs":1,"a12":14.89,"a3":9.73},"geometry":{"type":"Polygon","coordinates":[[[0.0438,49.1849],[0.0506,49.1884],[0.0502,49.1864],[0.0717,49.1808],[0.0609,49.171],[0.0451,49.1756],[0.0388,49.1801],[0.0312,49.1785],[0.031,49.1845],[0.0438,49.1849]]]}},{"type":"Feature","properties":{"code":"14421","nom":"Mesnil-Guillaume","app":10.8,"app_bas":8.79,"app_haut":13.25,"app_ech":"maille","app_obs":0,"mai":10.71,"mai_bas":8.13,"mai_haut":14.11,"mai_ech":"maille","mai_obs":21,"a12":14.89,"a3":9.65},"geometry":{"type":"Polygon","coordinates":[[[0.2588,49.1002],[0.2817,49.1117],[0.2983,49.1157],[0.306,49.1115],[0.2971,49.105],[0.2738,49.0935],[0.2588,49.1002]]]}},{"type":"Feature","properties":{"code":"14185","nom":"Coudray-Rabut","app":null,"app_bas":null,"app_haut":null,"app_ech":null,"app_obs":0,"mai":null,"mai_bas":null,"mai_haut":null,"mai_ech":null,"mai_obs":0,"a12":null,"a3":null},"geometry":{"type":"Polygon","coordinates":[[[0.1729,49.2908],[0.1693,49.2955],[0.1577,49.3002],[0.1707,49.3082],[0.1796,49.3173],[0.1889,49.3132],[0.2017,49.3111],[0.2018,49.3083],[0.1863,49.2943],[0.1729,49.2908]]]}},{"type":"Feature","properties":{"code":"14449","nom":"Monts-en-Bessin","app":10.97,"app_bas":9.06,"app_haut":13.28,"app_ech":"maille","app_obs":0,"mai":9.5,"mai_bas":7.75,"mai_haut":11.65,"mai_ech":"maille","mai_obs":17,"a12":12.5,"a3":10.33},"geometry":{"type":"Polygon","coordinates":[[[-0.5879,49.1325],[-0.5888,49.127],[-0.6042,49.1043],[-0.6172,49.0984],[-0.6165,49.1047],[-0.6106,49.1139],[-0.6208,49.1182],[-0.6423,49.1201],[-0.6465,49.1242],[-0.6438,49.1267],[-0.6301,49.1241],[-0.615,49.1339],[-0.6128,49.1374],[-0.6033,49.1373],[-0.5879,49.1325]]]}},{"type":"Feature","properties":{"code":"14581","nom":"Saint-Germain-d'Ectot","app":10.2,"app_bas":8.27,"app_haut":12.58,"app_ech":"maille","app_obs":2,"mai":7.72,"mai_bas":6.17,"mai_haut":9.65,"mai_ech":"maille","mai_obs":60,"a12":13.26,"a3":10.49},"geometry":{"type":"Polygon","coordinates":[[[-0.7375,49.119],[-0.7237,49.1217],[-0.7203,49.1297],[-0.7105,49.1318],[-0.7014,49.1293],[-0.696,49.1164],[-0.6987,49.1127],[-0.7265,49.1078],[-0.7333,49.1083],[-0.7375,49.119]]]}},{"type":"Feature","properties":{"code":"14586","nom":"Saint-Germain-du-Pert","app":10.77,"app_bas":8.37,"app_haut":13.86,"app_ech":"maille","app_obs":1,"mai":8.3,"mai_bas":6.54,"mai_haut":10.55,"mai_ech":"maille","mai_obs":6,"a12":13.26,"a3":9.02},"geometry":{"type":"Polygon","coordinates":[[[-1.0279,49.343],[-1.0253,49.323],[-1.0391,49.3182],[-1.0614,49.3228],[-1.0628,49.3255],[-1.0582,49.3396],[-1.0502,49.3422],[-1.0279,49.343]]]}},{"type":"Feature","properties":{"code":"14239","nom":"Englesqueville-la-Percée","app":10.77,"app_bas":8.37,"app_haut":13.86,"app_ech":"maille","app_obs":0,"mai":8.3,"mai_bas":6.54,"mai_haut":10.55,"mai_ech":"maille","mai_obs":0,"a12":13.26,"a3":9.02},"geometry":{"type":"Polygon","coordinates":[[[-0.9615,49.3964],[-0.9394,49.395],[-0.9253,49.3925],[-0.9327,49.377],[-0.9418,49.3803],[-0.947,49.367],[-0.9544,49.3574],[-0.9741,49.3644],[-0.9681,49.3711],[-0.963,49.3845],[-0.9615,49.3964]]]}},{"type":"Feature","properties":{"code":"14131","nom":"Canapville","app":14.43,"app_bas":10.3,"app_haut":20.21,"app_ech":"maille","app_obs":5,"mai":12.58,"mai_bas":8.71,"mai_haut":18.18,"mai_ech":"maille","mai_obs":6,"a12":15.64,"a3":13.7},"geometry":{"type":"Polygon","coordinates":[[[0.1367,49.327],[0.1517,49.321],[0.1532,49.3196],[0.1302,49.3075],[0.1219,49.3134],[0.1278,49.3211],[0.1367,49.327]]]}},{"type":"Feature","properties":{"code":"14608","nom":"Saint-Loup-de-Fribois","app":null,"app_bas":null,"app_haut":null,"app_ech":null,"app_obs":0,"mai":null,"mai_bas":null,"mai_haut":null,"mai_ech":null,"mai_obs":0,"a12":null,"a3":null},"geometry":{"type":"Polygon","coordinates":[[[0.0165,49.1016],[0.0016,49.0995],[-0.0023,49.118],[0.0111,49.1191],[0.0268,49.1129],[0.0165,49.1016]]]}},{"type":"Feature","properties":{"code":"14650","nom":"Saint-Pierre-du-Fresne","app":8.6,"app_bas":7.04,"app_haut":10.5,"app_ech":"maille","app_obs":5,"mai":7.21,"mai_bas":5.67,"mai_haut":9.16,"mai_ech":"maille","mai_obs":23,"a12":10.58,"a3":8.08},"geometry":{"type":"Polygon","coordinates":[[[-0.7831,49.0275],[-0.7688,49.0457],[-0.7643,49.0459],[-0.7525,49.0388],[-0.7486,49.031],[-0.7557,49.0267],[-0.7832,49.0231],[-0.7831,49.0275]]]}},{"type":"Feature","properties":{"code":"14690","nom":"Tierceville","app":null,"app_bas":null,"app_haut":null,"app_ech":null,"app_obs":0,"mai":null,"mai_bas":null,"mai_haut":null,"mai_ech":null,"mai_obs":0,"a12":null,"a3":null},"geometry":{"type":"Polygon","coordinates":[[[-0.5258,49.285],[-0.5363,49.2906],[-0.5371,49.307],[-0.5234,49.3093],[-0.5198,49.3085],[-0.5179,49.2924],[-0.5258,49.285]]]}},{"type":"Feature","properties":{"code":"14246","nom":"Escoville","app":11.04,"app_bas":9.46,"app_haut":12.9,"app_ech":"maille","app_obs":8,"mai":11.11,"mai_bas":9.14,"mai_haut":13.5,"mai_ech":"maille","mai_obs":37,"a12":15.47,"a3":11.26},"geometry":{"type":"Polygon","coordinates":[[[-0.2682,49.2013],[-0.269,49.2022],[-0.2607,49.2089],[-0.2383,49.2164],[-0.2386,49.2203],[-0.2281,49.2197],[-0.2262,49.2172],[-0.2303,49.2073],[-0.2468,49.1921],[-0.2598,49.1952],[-0.2682,49.2013]]]}},{"type":"Feature","properties":{"code":"14286","nom":"Fourneville","app":13.16,"app_bas":10.67,"app_haut":16.24,"app_ech":"maille","app_obs":2,"mai":10.58,"mai_bas":8.42,"mai_haut":13.3,"mai_ech":"maille","mai_obs":15,"a12":14.73,"a3":13.7},"geometry":{"type":"Polygon","coordinates":[[[0.2531,49.37],[0.2463,49.3507],[0.2376,49.3413],[0.2236,49.3417],[0.2175,49.3518],[0.2112,49.3567],[0.219,49.3701],[0.2531,49.37]]]}},{"type":"Feature","properties":{"code":"14318","nom":"Graye-sur-Mer","app":12.81,"app_bas":10.42,"app_haut":15.76,"app_ech":"maille","app_obs":8,"mai":10.36,"mai_bas":8.31,"mai_haut":12.91,"mai_ech":"maille","mai_obs":12,"a12":13.84,"a3":11.04},"geometry":{"type":"Polygon","coordinates":[[[-0.5136,49.324],[-0.4969,49.337],[-0.5059,49.3439],[-0.4666,49.3374],[-0.464,49.3308],[-0.4714,49.3202],[-0.4938,49.3162],[-0.5136,49.324]]]}},{"type":"Feature","properties":{"code":"14177","nom":"Coquainvilliers","app":10.8,"app_bas":8.79,"app_haut":13.25,"app_ech":"maille","app_obs":2,"mai":10.71,"mai_bas":8.13,"mai_haut":14.11,"mai_ech":"maille","mai_obs":24,"a12":14.89,"a3":9.65},"geometry":{"type":"Polygon","coordinates":[[[0.1614,49.2058],[0.171,49.2114],[0.1886,49.2159],[0.1964,49.2201],[0.2138,49.2208],[0.2205,49.2137],[0.2222,49.2064],[0.219,49.1932],[0.2087,49.1867],[0.1895,49.1794],[0.1785,49.1976],[0.1614,49.2058]]]}},{"type":"Feature","properties":{"code":"14180","nom":"Cordey","app":10.53,"app_bas":8.39,"app_haut":13.23,"app_ech":"maille","app_obs":0,"mai":8.7,"mai_bas":6.64,"mai_haut":11.4,"mai_ech":"maille","mai_obs":4,"a12":12.47,"a3":7.15},"geometry":{"type":"Polygon","coordinates":[[[-0.2298,48.8653],[-0.204,48.8531],[-0.2047,48.8465],[-0.2149,48.8407],[-0.2276,48.8433],[-0.2422,48.8493],[-0.2298,48.8653]]]}},{"type":"Feature","properties":{"code":"14194","nom":"Courtonne-les-Deux-Églises","app":10.18,"app_bas":7.99,"app_haut":12.97,"app_ech":"maille","app_obs":1,"mai":9.55,"mai_bas":7.4,"mai_haut":12.32,"mai_ech":"maille","mai_obs":15,"a12":13.21,"a3":8.42},"geometry":{"type":"Polygon","coordinates":[[[0.4173,49.0734],[0.4078,49.0774],[0.3869,49.0744],[0.3792,49.0674],[0.3689,49.0716],[0.3614,49.0793],[0.354,49.083],[0.3322,49.0986],[0.3504,49.1042],[0.3556,49.1012],[0.3761,49.103],[0.3998,49.1008],[0.4101,49.0977],[0.4093,49.0944],[0.3974,49.0906],[0.4025,49.0867],[0.4165,49.0874],[0.4188,49.0825],[0.4173,49.0734]]]}},{"type":"Feature","properties":{"code":"14639","nom":"Saint-Ouen-le-Pin","app":10.8,"app_bas":8.79,"app_haut":13.25,"app_ech":"maille","app_obs":2,"mai":8.94,"mai_bas":7.09,"mai_haut":11.29,"mai_ech":"maille","mai_obs":3,"a12":11.58,"a3":9.65},"geometry":{"type":"Polygon","coordinates":[[[0.1021,49.1381],[0.0978,49.1433],[0.0815,49.1461],[0.0859,49.1568],[0.0962,49.1633],[0.115,49.1595],[0.1263,49.1507],[0.1252,49.1454],[0.1021,49.1381]]]}},{"type":"Feature","properties":{"code":"14644","nom":"Saint-Philbert-des-Champs","app":12.79,"app_bas":10.36,"app_haut":15.8,"app_ech":"maille","app_obs":0,"mai":13.09,"mai_bas":9.57,"mai_haut":17.91,"mai_ech":"maille","mai_obs":14,"a12":14.89,"a3":9.15},"geometry":{"type":"Polygon","coordinates":[[[0.2584,49.2015],[0.2544,49.2086],[0.2342,49.2205],[0.2515,49.2152],[0.258,49.2247],[0.2398,49.233],[0.2512,49.2365],[0.267,49.228],[0.288,49.2218],[0.3063,49.2178],[0.3031,49.2068],[0.3033,49.1872],[0.2926,49.1896],[0.2797,49.2028],[0.2719,49.2003],[0.2584,49.2015]]]}},{"type":"Feature","properties":{"code":"14664","nom":"Sallen","app":9.71,"app_bas":7.83,"app_haut":12.03,"app_ech":"maille","app_obs":1,"mai":7.72,"mai_bas":6.17,"mai_haut":9.65,"mai_ech":"maille","mai_obs":8,"a12":10.58,"a3":8.08},"geometry":{"type":"Polygon","coordinates":[[[-0.827,49.0932],[-0.8384,49.0953],[-0.8458,49.109],[-0.8591,49.1075],[-0.8665,49.1106],[-0.8779,49.1028],[-0.8771,49.1056],[-0.8785,49.1171],[-0.8716,49.1232],[-0.8566,49.1275],[-0.8409,49.1159],[-0.8306,49.1189],[-0.8307,49.1408],[-0.8298,49.142],[-0.8197,49.139],[-0.811,49.1312],[-0.8081,49.1194],[-0.8113,49.1161],[-0.8221,49.1131],[-0.827,49.0932]]]}},{"type":"Feature","properties":{"code":"14665","nom":"Sallenelles","app":13.14,"app_bas":10.8,"app_haut":15.99,"app_ech":"maille","app_obs":23,"mai":11.36,"mai_bas":9.28,"mai_haut":13.9,"mai_ech":"maille","mai_obs":2,"a12":15.47,"a3":11.26},"geometry":{"type":"Polygon","coordinates":[[[-0.2474,49.263],[-0.2388,49.2711],[-0.2289,49.2705],[-0.222,49.2629],[-0.2245,49.2554],[-0.2474,49.263]]]}},{"type":"Feature","properties":{"code":"14242","nom":"Épron","app":15.18,"app_bas":13.19,"app_haut":17.47,"app_ech":"commune","app_obs":404,"mai":11.45,"mai_bas":9.06,"mai_haut":14.46,"mai_ech":"maille","mai_obs":67,"a12":14.87,"a3":11.36},"geometry":{"type":"Polygon","coordinates":[[[-0.3761,49.2189],[-0.3688,49.2261],[-0.3512,49.2238],[-0.3599,49.2128],[-0.3727,49.2154],[-0.3761,49.2189]]]}},{"type":"Feature","properties":{"code":"14336","nom":"Hottot-les-Bagues","app":10.2,"app_bas":8.27,"app_haut":12.58,"app_ech":"maille","app_obs":7,"mai":9.5,"mai_bas":7.75,"mai_haut":11.65,"mai_ech":"maille","mai_obs":9,"a12":13.26,"a3":10.33},"geometry":{"type":"Polygon","coordinates":[[[-0.6875,49.1393],[-0.6751,49.1539],[-0.666,49.1532],[-0.6566,49.1588],[-0.6446,49.1587],[-0.6222,49.1527],[-0.6216,49.1512],[-0.6326,49.1457],[-0.6407,49.1362],[-0.6625,49.1302],[-0.6677,49.1386],[-0.6875,49.1393]]]}},{"type":"Feature","properties":{"code":"14400","nom":"Manoir","app":12.81,"app_bas":10.42,"app_haut":15.76,"app_ech":"maille","app_obs":0,"mai":10.36,"mai_bas":8.31,"mai_haut":12.91,"mai_ech":"maille","mai_obs":11,"a12":13.84,"a3":11.04},"geometry":{"type":"Polygon","coordinates":[[[-0.5732,49.2899],[-0.5708,49.2798],[-0.5807,49.2817],[-0.6012,49.2782],[-0.6033,49.2817],[-0.6275,49.2905],[-0.6255,49.2977],[-0.6037,49.3023],[-0.602,49.2948],[-0.5927,49.2922],[-0.5744,49.2929],[-0.5732,49.2899]]]}},{"type":"Feature","properties":{"code":"14409","nom":"Merville-Franceville-Plage","app":14.15,"app_bas":11.6,"app_haut":17.26,"app_ech":"commune","app_obs":130,"mai":11.36,"mai_bas":9.28,"mai_haut":13.9,"mai_ech":"maille","mai_obs":93,"a12":16.94,"a3":11.26},"geometry":{"type":"Polygon","coordinates":[[[-0.2245,49.2554],[-0.222,49.2629],[-0.2289,49.2705],[-0.2257,49.2818],[-0.2121,49.286],[-0.1697,49.2862],[-0.17,49.2783],[-0.1747,49.2721],[-0.1884,49.2647],[-0.202,49.267],[-0.2079,49.2572],[-0.2009,49.2536],[-0.2116,49.2478],[-0.2245,49.2554]]]}},{"type":"Feature","properties":{"code":"14426","nom":"Mesnil-sur-Blangy","app":12.79,"app_bas":10.36,"app_haut":15.8,"app_ech":"maille","app_obs":0,"mai":13.09,"mai_bas":9.57,"mai_haut":17.91,"mai_ech":"maille","mai_obs":0,"a12":16.43,"a3":10.62},"geometry":{"type":"Polygon","coordinates":[[[0.2497,49.2735],[0.282,49.2665],[0.2863,49.2584],[0.281,49.2526],[0.2512,49.2451],[0.2403,49.2506],[0.2455,49.2628],[0.2423,49.2672],[0.2497,49.2735]]]}},{"type":"Feature","properties":{"code":"14201","nom":"Crèvecœur-en-Auge","app":null,"app_bas":null,"app_haut":null,"app_ech":null,"app_obs":0,"mai":null,"mai_bas":null,"mai_haut":null,"mai_ech":null,"mai_obs":0,"a12":null,"a3":null},"geometry":{"type":"Polygon","coordinates":[[[0.0175,49.1315],[0.026,49.1326],[0.0301,49.126],[0.0249,49.1138],[0.0111,49.1191],[0.0115,49.1245],[0.0175,49.1315]]]}},{"type":"Feature","properties":{"code":"14461","nom":"Mutrécy","app":12.29,"app_bas":10.35,"app_haut":14.6,"app_ech":"maille","app_obs":1,"mai":9.19,"mai_bas":7.45,"mai_haut":11.33,"mai_ech":"maille","mai_obs":14,"a12":13.03,"a3":10.49},"geometry":{"type":"Polygon","coordinates":[[[-0.4232,49.0493],[-0.4308,49.0493],[-0.4419,49.0576],[-0.4444,49.0622],[-0.4387,49.0638],[-0.4259,49.0823],[-0.4248,49.0853],[-0.4114,49.0769],[-0.4091,49.0662],[-0.4035,49.064],[-0.4078,49.0534],[-0.4232,49.0493]]]}},{"type":"Feature","properties":{"code":"14570","nom":"Valorbiquet","app":10.18,"app_bas":7.99,"app_haut":12.97,"app_ech":"maille","app_obs":18,"mai":9.55,"mai_bas":7.4,"mai_haut":12.32,"mai_ech":"maille","mai_obs":33,"a12":11.58,"a3":9.65},"geometry":{"type":"Polygon","coordinates":[[[0.3273,49.0277],[0.3099,49.0299],[0.3077,49.0271],[0.2915,49.0443],[0.2903,49.0518],[0.293,49.0613],[0.288,49.0731],[0.3094,49.0823],[0.3083,49.0855],[0.3208,49.0878],[0.337,49.0953],[0.354,49.083],[0.3614,49.0793],[0.3689,49.0716],[0.3792,49.0674],[0.3808,49.0613],[0.367,49.0524],[0.3539,49.0528],[0.3418,49.0574],[0.3348,49.0553],[0.3415,49.0443],[0.3397,49.0381],[0.3273,49.0277]]]}},{"type":"Feature","properties":{"code":"14688","nom":"Thiéville","app":null,"app_bas":null,"app_haut":null,"app_ech":null,"app_obs":0,"mai":null,"mai_bas":null,"mai_haut":null,"mai_ech":null,"mai_obs":0,"a12":null,"a3":null},"geometry":{"type":"Polygon","coordinates":[[[-0.0238,49.0421],[-0.0251,49.0317],[-0.0309,49.0286],[-0.0509,49.0306],[-0.0644,49.0334],[-0.0679,49.0428],[-0.0238,49.0421]]]}},{"type":"Feature","properties":{"code":"14077","nom":"Blangy-le-Château","app":10.46,"app_bas":8.16,"app_haut":13.41,"app_ech":"maille","app_obs":15,"mai":9.6,"mai_bas":7.31,"mai_haut":12.6,"mai_ech":"maille","mai_obs":22,"a12":14.89,"a3":9.73},"geometry":{"type":"Polygon","coordinates":[[[0.2512,49.2451],[0.281,49.2526],[0.2863,49.2584],[0.282,49.2665],[0.2889,49.2721],[0.2961,49.2691],[0.3114,49.2532],[0.3047,49.2476],[0.3052,49.2311],[0.2878,49.2389],[0.2792,49.2317],[0.267,49.228],[0.2512,49.2365],[0.2512,49.2451]]]}},{"type":"Feature","properties":{"code":"14090","nom":"Boulon","app":10.76,"app_bas":8.24,"app_haut":14.06,"app_ech":"maille","app_obs":13,"mai":9.19,"mai_bas":7.45,"mai_haut":11.33,"mai_ech":"maille","mai_obs":73,"a12":14.17,"a3":9.49},"geometry":{"type":"Polygon","coordinates":[[[-0.4078,49.0534],[-0.4035,49.064],[-0.3912,49.0705],[-0.3912,49.0796],[-0.388,49.0736],[-0.3747,49.0719],[-0.382,49.0638],[-0.383,49.0507],[-0.3708,49.0486],[-0.3634,49.0544],[-0.3523,49.0531],[-0.35,49.0472],[-0.3384,49.0354],[-0.349,49.0269],[-0.353,49.0282],[-0.367,49.0359],[-0.3765,49.0352],[-0.3835,49.0303],[-0.3921,49.0343],[-0.4125,49.0375],[-0.4064,49.0458],[-0.4078,49.0534]]]}},{"type":"Feature","properties":{"code":"14319","nom":"Grentheville","app":12.44,"app_bas":10.51,"app_haut":14.72,"app_ech":"maille","app_obs":10,"mai":11.87,"mai_bas":9.12,"mai_haut":15.46,"mai_ech":"maille","mai_obs":35,"a12":14.57,"a3":11},"geometry":{"type":"Polygon","coordinates":[[[-0.3159,49.1445],[-0.3097,49.1535],[-0.3128,49.1566],[-0.2793,49.1487],[-0.2692,49.1402],[-0.2715,49.1372],[-0.3009,49.1397],[-0.3159,49.1445]]]}},{"type":"Feature","properties":{"code":"14333","nom":"Honfleur","app":13.3,"app_bas":10.79,"app_haut":16.39,"app_ech":"commune","app_obs":1869,"mai":10.8,"mai_bas":7.44,"mai_haut":15.66,"mai_ech":"commune","mai_obs":277,"a12":15.57,"a3":11.82},"geometry":{"type":"Polygon","coordinates":[[[0.1847,49.4154],[0.2199,49.4268],[0.23,49.4281],[0.2755,49.4287],[0.2746,49.4108],[0.2509,49.4132],[0.2419,49.4022],[0.2519,49.4025],[0.2629,49.395],[0.2525,49.3882],[0.2313,49.3936],[0.2217,49.3988],[0.2272,49.4194],[0.2157,49.4236],[0.2118,49.4157],[0.2132,49.4095],[0.2071,49.4069],[0.1993,49.4104],[0.1942,49.4067],[0.1847,49.4154]]]}},{"type":"Feature","properties":{"code":"14335","nom":"Hotot-en-Auge","app":11.04,"app_bas":9.46,"app_haut":12.9,"app_ech":"maille","app_obs":1,"mai":10.86,"mai_bas":8.81,"mai_haut":13.38,"mai_ech":"maille","mai_obs":3,"a12":14.17,"a3":10.13},"geometry":{"type":"Polygon","coordinates":[[[-0.1329,49.1872],[-0.1045,49.2026],[-0.0838,49.2024],[-0.084,49.2008],[-0.0613,49.1832],[-0.0488,49.1826],[-0.0243,49.1863],[-0.0237,49.1797],[-0.0279,49.1752],[-0.0322,49.1629],[-0.0467,49.1496],[-0.0637,49.1513],[-0.0653,49.1549],[-0.0753,49.1631],[-0.0978,49.1636],[-0.1092,49.1757],[-0.1151,49.1787],[-0.1391,49.182],[-0.1329,49.1872]]]}},{"type":"Feature","properties":{"code":"14355","nom":"Lantheuil","app":12.57,"app_bas":10.15,"app_haut":15.55,"app_ech":"maille","app_obs":8,"mai":10.36,"mai_bas":8.31,"mai_haut":12.91,"mai_ech":"maille","mai_obs":17,"a12":15.5,"a3":11.04},"geometry":{"type":"Polygon","coordinates":[[[-0.5098,49.2608],[-0.543,49.261],[-0.5463,49.2644],[-0.5254,49.2703],[-0.5209,49.2757],[-0.497,49.2761],[-0.4933,49.2726],[-0.4989,49.2604],[-0.5098,49.2608]]]}},{"type":"Feature","properties":{"code":"14385","nom":"Magny-en-Bessin","app":12.81,"app_bas":10.42,"app_haut":15.76,"app_ech":"maille","app_obs":0,"mai":10.36,"mai_bas":8.31,"mai_haut":12.91,"mai_ech":"maille","mai_obs":7,"a12":13.84,"a3":11.04},"geometry":{"type":"Polygon","coordinates":[[[-0.6832,49.3116],[-0.676,49.3209],[-0.6649,49.3245],[-0.6624,49.3242],[-0.6516,49.3145],[-0.6562,49.3056],[-0.6526,49.3039],[-0.6585,49.2986],[-0.6776,49.3054],[-0.6832,49.3116]]]}},{"type":"Feature","properties":{"code":"14219","nom":"Danvou-la-Ferrière","app":null,"app_bas":null,"app_haut":null,"app_ech":null,"app_obs":0,"mai":null,"mai_bas":null,"mai_haut":null,"mai_ech":null,"mai_obs":0,"a12":null,"a3":null},"geometry":{"type":"Polygon","coordinates":[[[-0.6973,48.9458],[-0.6953,48.9558],[-0.6901,48.9634],[-0.7056,48.9682],[-0.6966,48.9829],[-0.689,48.9845],[-0.6765,48.9808],[-0.6682,48.9755],[-0.6556,48.9735],[-0.6529,48.968],[-0.6535,48.9646],[-0.6665,48.95],[-0.6769,48.9447],[-0.6973,48.9458]]]}},{"type":"Feature","properties":{"code":"14455","nom":"Moulines","app":9.38,"app_bas":7.49,"app_haut":11.74,"app_ech":"maille","app_obs":0,"mai":9.64,"mai_bas":7.5,"mai_haut":12.38,"mai_ech":"maille","mai_obs":2,"a12":14.17,"a3":11},"geometry":{"type":"Polygon","coordinates":[[[-0.3715,49.0051],[-0.3511,49.0028],[-0.3351,49.0042],[-0.3229,49],[-0.3178,48.9839],[-0.3165,48.9831],[-0.3468,48.9813],[-0.3548,48.9785],[-0.3718,48.9844],[-0.3713,48.9936],[-0.3796,48.9982],[-0.3715,49.0051]]]}},{"type":"Feature","properties":{"code":"14706","nom":"Tourville-en-Auge","app":12.79,"app_bas":10.36,"app_haut":15.8,"app_ech":"maille","app_obs":3,"mai":12.58,"mai_bas":8.71,"mai_haut":18.18,"mai_ech":"maille","mai_obs":4,"a12":15.64,"a3":13.7},"geometry":{"type":"Polygon","coordinates":[[[0.1791,49.319],[0.1851,49.326],[0.2036,49.3276],[0.2126,49.3223],[0.2017,49.3111],[0.1889,49.3132],[0.1796,49.3173],[0.1791,49.319]]]}},{"type":"Feature","properties":{"code":"14053","nom":"Beaumais","app":8.26,"app_bas":6.51,"app_haut":10.48,"app_ech":"maille","app_obs":1,"mai":8.14,"mai_bas":6.46,"mai_haut":10.26,"mai_ech":"maille","mai_obs":8,"a12":11.58,"a3":8.19},"geometry":{"type":"Polygon","coordinates":[[[-0.0449,48.9109],[-0.0346,48.8983],[-0.0472,48.8962],[-0.0764,48.8798],[-0.0814,48.8803],[-0.0957,48.8906],[-0.0999,48.9076],[-0.0835,48.9124],[-0.0607,48.9097],[-0.0449,48.9109]]]}},{"type":"Feature","properties":{"code":"14275","nom":"Fontaine-Henry","app":12.57,"app_bas":10.15,"app_haut":15.55,"app_ech":"maille","app_obs":5,"mai":10.36,"mai_bas":8.31,"mai_haut":12.91,"mai_ech":"maille","mai_obs":7,"a12":15.5,"a3":11.04},"geometry":{"type":"Polygon","coordinates":[[[-0.4578,49.2932],[-0.4526,49.2913],[-0.4485,49.2759],[-0.4434,49.2718],[-0.45,49.2663],[-0.4745,49.2698],[-0.4928,49.2737],[-0.4826,49.2824],[-0.4791,49.2813],[-0.4578,49.2932]]]}},{"type":"Feature","properties":{"code":"14423","nom":"Mesnil-Patry","app":null,"app_bas":null,"app_haut":null,"app_ech":null,"app_obs":0,"mai":null,"mai_bas":null,"mai_haut":null,"mai_ech":null,"mai_obs":0,"a12":null,"a3":null},"geometry":{"type":"Polygon","coordinates":[[[-0.5348,49.2018],[-0.5292,49.1936],[-0.5284,49.191],[-0.5397,49.1836],[-0.5536,49.1818],[-0.5566,49.186],[-0.553,49.1971],[-0.5418,49.2038],[-0.5348,49.2018]]]}},{"type":"Feature","properties":{"code":"14478","nom":"Orbec","app":9.91,"app_bas":7.79,"app_haut":12.62,"app_ech":"commune","app_obs":346,"mai":8.28,"mai_bas":6.4,"mai_haut":10.72,"mai_ech":"commune","mai_obs":147,"a12":11.57,"a3":7.8},"geometry":{"type":"Polygon","coordinates":[[[0.4095,49.0328],[0.4139,49.0122],[0.409,49.0072],[0.4016,49.0177],[0.3904,49.0202],[0.3862,49.0132],[0.3653,49.0061],[0.3636,49.0022],[0.3536,48.9996],[0.3527,49.0067],[0.3654,49.0153],[0.3677,49.0254],[0.3742,49.0402],[0.3708,49.0502],[0.3777,49.0495],[0.3833,49.0438],[0.383,49.0379],[0.3902,49.0344],[0.4095,49.0328]]]}},{"type":"Feature","properties":{"code":"14508","nom":"Plessis-Grimoult","app":null,"app_bas":null,"app_haut":null,"app_ech":null,"app_obs":0,"mai":null,"mai_bas":null,"mai_haut":null,"mai_ech":null,"mai_obs":0,"a12":null,"a3":null},"geometry":{"type":"Polygon","coordinates":[[[-0.6392,48.9659],[-0.6388,48.9736],[-0.6314,48.9862],[-0.6163,48.9857],[-0.597,48.9784],[-0.5934,48.973],[-0.6017,48.9626],[-0.5901,48.9597],[-0.5844,48.9641],[-0.5782,48.9468],[-0.5751,48.9455],[-0.5927,48.9453],[-0.5989,48.9401],[-0.6212,48.9369],[-0.6306,48.94],[-0.6303,48.9445],[-0.6336,48.9503],[-0.6316,48.9562],[-0.6392,48.9659]]]}},{"type":"Feature","properties":{"code":"14764","nom":"Pont-d'Ouilly","app":8.6,"app_bas":7.04,"app_haut":10.5,"app_ech":"maille","app_obs":82,"mai":8.15,"mai_bas":6.33,"mai_haut":10.51,"mai_ech":"maille","mai_obs":51,"a12":13.03,"a3":8.08},"geometry":{"type":"Polygon","coordinates":[[[-0.3692,48.893],[-0.3586,48.892],[-0.3492,48.8882],[-0.36,48.8751],[-0.3617,48.8632],[-0.371,48.8663],[-0.3835,48.8587],[-0.3913,48.857],[-0.4013,48.8589],[-0.4115,48.8701],[-0.4252,48.8665],[-0.4252,48.8723],[-0.4328,48.8746],[-0.4509,48.8698],[-0.4648,48.871],[-0.4836,48.878],[-0.4942,48.8776],[-0.4912,48.884],[-0.4573,48.882],[-0.4455,48.8884],[-0.4396,48.8837],[-0.428,48.8849],[-0.4213,48.8913],[-0.4149,48.8903],[-0.4067,48.8843],[-0.396,48.8838],[-0.3692,48.893]]]}},{"type":"Feature","properties":{"code":"14110","nom":"Brucourt","app":11.04,"app_bas":9.46,"app_haut":12.9,"app_ech":"maille","app_obs":0,"mai":11.36,"mai_bas":9.28,"mai_haut":13.9,"mai_ech":"maille","mai_obs":0,"a12":14.11,"a3":11.45},"geometry":{"type":"Polygon","coordinates":[[[-0.1106,49.2574],[-0.0913,49.2584],[-0.0765,49.2523],[-0.0856,49.2476],[-0.0942,49.2302],[-0.1013,49.2313],[-0.1151,49.2417],[-0.1306,49.2402],[-0.1261,49.243],[-0.1266,49.2509],[-0.1164,49.2512],[-0.1106,49.2574]]]}},{"type":"Feature","properties":{"code":"14269","nom":"Fierville-les-Parcs","app":12.79,"app_bas":10.36,"app_haut":15.8,"app_ech":"maille","app_obs":0,"mai":13.09,"mai_bas":9.57,"mai_haut":17.91,"mai_ech":"maille","mai_obs":9,"a12":16.43,"a3":9.73},"geometry":{"type":"Polygon","coordinates":[[[0.2132,49.2398],[0.2109,49.253],[0.2214,49.2545],[0.2403,49.2506],[0.2512,49.2451],[0.2512,49.2365],[0.2398,49.233],[0.2347,49.2365],[0.2191,49.2361],[0.2132,49.2398]]]}},{"type":"Feature","properties":{"code":"14382","nom":"Louvières","app":null,"app_bas":null,"app_haut":null,"app_ech":null,"app_obs":0,"mai":null,"mai_bas":null,"mai_haut":null,"mai_ech":null,"mai_obs":0,"a12":null,"a3":null},"geometry":{"type":"Polygon","coordinates":[[[-0.9141,49.3546],[-0.928,49.3549],[-0.9319,49.3606],[-0.9327,49.377],[-0.9253,49.3925],[-0.9128,49.3849],[-0.9177,49.3793],[-0.9171,49.3657],[-0.9141,49.3546]]]}},{"type":"Feature","properties":{"code":"14218","nom":"Danestal","app":14.1,"app_bas":11.08,"app_haut":17.94,"app_ech":"maille","app_obs":0,"mai":12.28,"mai_bas":9.18,"mai_haut":16.43,"mai_ech":"maille","mai_obs":5,"a12":14.17,"a3":11.77},"geometry":{"type":"Polygon","coordinates":[[[0.0392,49.2295],[0.0163,49.2489],[0.0004,49.2498],[0.007,49.259],[0.0183,49.2625],[0.0335,49.2527],[0.032,49.2487],[0.0389,49.2423],[0.0502,49.2421],[0.0642,49.2347],[0.0661,49.2288],[0.0605,49.2274],[0.0392,49.2295]]]}},{"type":"Feature","properties":{"code":"14502","nom":"Pierrepont","app":9.38,"app_bas":7.49,"app_haut":11.74,"app_ech":"maille","app_obs":1,"mai":8.15,"mai_bas":6.33,"mai_haut":10.51,"mai_ech":"maille","mai_obs":1,"a12":10.54,"a3":7.15},"geometry":{"type":"Polygon","coordinates":[[[-0.3088,48.8987],[-0.3181,48.8884],[-0.3115,48.8859],[-0.3096,48.8784],[-0.3247,48.8679],[-0.3282,48.883],[-0.3396,48.8862],[-0.3308,48.8916],[-0.3267,48.902],[-0.3088,48.8987]]]}},{"type":"Feature","properties":{"code":"14541","nom":"Roque-Baignard","app":10.89,"app_bas":8.89,"app_haut":13.35,"app_ech":"maille","app_obs":0,"mai":8.94,"mai_bas":7.09,"mai_haut":11.29,"mai_ech":"maille","mai_obs":0,"a12":14.89,"a3":9.65},"geometry":{"type":"Polygon","coordinates":[[[0.0717,49.1808],[0.0998,49.186],[0.123,49.187],[0.1189,49.1803],[0.0919,49.1705],[0.0733,49.169],[0.0609,49.171],[0.0717,49.1808]]]}},{"type":"Feature","properties":{"code":"14069","nom":"Beuvillers","app":10.8,"app_bas":8.79,"app_haut":13.25,"app_ech":"maille","app_obs":30,"mai":10.71,"mai_bas":8.13,"mai_haut":14.11,"mai_ech":"maille","mai_obs":48,"a12":13.21,"a3":9.65},"geometry":{"type":"Polygon","coordinates":[[[0.2308,49.1232],[0.2375,49.1323],[0.2495,49.1305],[0.2535,49.1404],[0.2715,49.1359],[0.2624,49.1219],[0.2472,49.1167],[0.2261,49.1146],[0.2308,49.1232]]]}},{"type":"Feature","properties":{"code":"14232","nom":"Ducy-Sainte-Marguerite","app":10.97,"app_bas":9.06,"app_haut":13.28,"app_ech":"maille","app_obs":1,"mai":10.36,"mai_bas":8.31,"mai_haut":12.91,"mai_ech":"maille","mai_obs":4,"a12":15.5,"a3":11.04},"geometry":{"type":"Polygon","coordinates":[[[-0.6276,49.2306],[-0.6289,49.2327],[-0.6119,49.2332],[-0.5916,49.2293],[-0.595,49.22],[-0.6169,49.2172],[-0.6283,49.2184],[-0.6248,49.2227],[-0.6276,49.2306]]]}},{"type":"Feature","properties":{"code":"14477","nom":"Ondefontaine","app":null,"app_bas":null,"app_haut":null,"app_ech":null,"app_obs":0,"mai":null,"mai_bas":null,"mai_haut":null,"mai_ech":null,"mai_obs":0,"a12":null,"a3":null},"geometry":{"type":"Polygon","coordinates":[[[-0.6622,48.9996],[-0.6516,48.997],[-0.6405,48.9813],[-0.6444,48.9737],[-0.6529,48.968],[-0.6556,48.9735],[-0.6682,48.9755],[-0.6765,48.9808],[-0.689,48.9845],[-0.6966,48.9829],[-0.7056,48.9682],[-0.7157,48.9824],[-0.7389,48.9893],[-0.7427,48.9967],[-0.7252,49.0029],[-0.7182,49.0008],[-0.7079,49.0024],[-0.6976,48.9988],[-0.6622,48.9996]]]}},{"type":"Feature","properties":{"code":"14643","nom":"Saint-Paul-du-Vernay","app":10.2,"app_bas":8.27,"app_haut":12.58,"app_ech":"maille","app_obs":0,"mai":7.72,"mai_bas":6.17,"mai_haut":9.65,"mai_ech":"maille","mai_obs":10,"a12":13.26,"a3":10.49},"geometry":{"type":"Polygon","coordinates":[[[-0.7827,49.1787],[-0.7797,49.1878],[-0.771,49.1945],[-0.775,49.2119],[-0.7619,49.2233],[-0.7628,49.23],[-0.7518,49.2255],[-0.7506,49.2178],[-0.7426,49.2144],[-0.7279,49.214],[-0.7245,49.2081],[-0.7335,49.2069],[-0.7401,49.1914],[-0.7356,49.1832],[-0.7564,49.168],[-0.7774,49.1732],[-0.7827,49.1787]]]}},{"type":"Feature","properties":{"code":"14019","nom":"Arganchy","app":11.76,"app_bas":9.39,"app_haut":14.72,"app_ech":"maille","app_obs":0,"mai":9.66,"mai_bas":7.14,"mai_haut":13.07,"mai_ech":"maille","mai_obs":8,"a12":12.5,"a3":10.33},"geometry":{"type":"Polygon","coordinates":[[[-0.7279,49.214],[-0.7426,49.2144],[-0.7506,49.2178],[-0.7518,49.2255],[-0.7468,49.2306],[-0.7446,49.2416],[-0.7325,49.2449],[-0.7216,49.2439],[-0.7068,49.2368],[-0.7066,49.2345],[-0.7088,49.2309],[-0.7155,49.2309],[-0.7228,49.225],[-0.7279,49.214]]]}},{"type":"Feature","properties":{"code":"14068","nom":"Biéville-Beuville","app":12.62,"app_bas":10.78,"app_haut":14.79,"app_ech":"commune","app_obs":152,"mai":11.32,"mai_bas":8.96,"mai_haut":14.29,"mai_ech":"commune","mai_obs":176,"a12":14.99,"a3":11.22},"geometry":{"type":"Polygon","coordinates":[[[-0.3688,49.2261],[-0.3702,49.2334],[-0.3531,49.2476],[-0.3296,49.2509],[-0.3208,49.2616],[-0.3027,49.2574],[-0.3092,49.2459],[-0.3216,49.236],[-0.3293,49.2247],[-0.3264,49.2233],[-0.3385,49.2213],[-0.3688,49.2261]]]}},{"type":"Feature","properties":{"code":"14087","nom":"Bonnœil","app":9.38,"app_bas":7.49,"app_haut":11.74,"app_ech":"maille","app_obs":0,"mai":8.15,"mai_bas":6.33,"mai_haut":10.51,"mai_ech":"maille","mai_obs":3,"a12":13.03,"a3":8.19},"geometry":{"type":"Polygon","coordinates":[[[-0.3549,48.9095],[-0.3733,48.9095],[-0.3884,48.914],[-0.3811,48.9247],[-0.3897,48.9294],[-0.3583,48.9387],[-0.3484,48.9256],[-0.3459,48.9145],[-0.3549,48.9095]]]}},{"type":"Feature","properties":{"code":"14331","nom":"Hiéville","app":null,"app_bas":null,"app_haut":null,"app_ech":null,"app_obs":0,"mai":null,"mai_bas":null,"mai_haut":null,"mai_ech":null,"mai_obs":0,"a12":null,"a3":null},"geometry":{"type":"Polygon","coordinates":[[[0.0242,49.0197],[0.0063,49.0118],[-0.0036,49.015],[-0.0133,49.0145],[-0.0178,49.0226],[-0.0287,49.0244],[-0.0309,49.0286],[-0.0251,49.0317],[-0.0073,49.03],[0.0117,49.0253],[0.0216,49.0245],[0.0242,49.0197]]]}},{"type":"Feature","properties":{"code":"14174","nom":"Condé-en-Normandie","app":8.67,"app_bas":6.92,"app_haut":10.85,"app_ech":"commune","app_obs":859,"mai":6.79,"mai_bas":5.29,"mai_haut":8.72,"mai_ech":"commune","mai_obs":267,"a12":10.09,"a3":7.39},"geometry":{"type":"Polygon","coordinates":[[[-0.5688,48.9395],[-0.5638,48.9237],[-0.5612,48.9062],[-0.5693,48.8964],[-0.5407,48.8919],[-0.5199,48.89],[-0.5152,48.8793],[-0.5206,48.8777],[-0.5389,48.8663],[-0.5266,48.8608],[-0.524,48.8503],[-0.5445,48.8479],[-0.5698,48.8305],[-0.5746,48.8304],[-0.5808,48.838],[-0.6064,48.8339],[-0.6264,48.8268],[-0.6454,48.8272],[-0.6421,48.8318],[-0.6434,48.8409],[-0.6323,48.8467],[-0.6203,48.8613],[-0.6132,48.8651],[-0.6045,48.8784],[-0.61,48.8892],[-0.6251,48.8941],[-0.6006,48.9023],[-0.5989,48.9135],[-0.5929,48.9258],[-0.5962,48.9289],[-0.6092,48.9288],[-0.6186,48.9142],[-0.6387,48.9175],[-0.6423,48.9329],[-0.6409,48.9411],[-0.6303,48.9445],[-0.6306,48.94],[-0.6212,48.9369],[-0.5989,48.9401],[-0.5927,48.9453],[-0.5751,48.9455],[-0.5688,48.9395]],[[-0.5693,48.8964],[-0.5961,48.9013],[-0.5876,48.8874],[-0.5902,48.8802],[-0.5847,48.8744],[-0.5693,48.8964]]]}},{"type":"Feature","properties":{"code":"14175","nom":"Condé-sur-Seulles","app":11.66,"app_bas":9.79,"app_haut":13.88,"app_ech":"maille","app_obs":4,"mai":9.66,"mai_bas":7.14,"mai_haut":13.07,"mai_ech":"maille","mai_obs":12,"a12":15.5,"a3":10.33},"geometry":{"type":"Polygon","coordinates":[[[-0.659,49.219],[-0.6408,49.2275],[-0.6276,49.2306],[-0.6248,49.2227],[-0.6283,49.2184],[-0.6509,49.2162],[-0.6599,49.2138],[-0.6636,49.2159],[-0.659,49.219]]]}},{"type":"Feature","properties":{"code":"14190","nom":"Courcy","app":8.26,"app_bas":6.51,"app_haut":10.48,"app_ech":"maille","app_obs":0,"mai":9.98,"mai_bas":7.68,"mai_haut":12.98,"mai_ech":"maille","mai_obs":2,"a12":11.58,"a3":8.42},"geometry":{"type":"Polygon","coordinates":[[[-0.0594,48.9608],[-0.0573,48.9728],[-0.0504,48.984],[-0.0411,48.9843],[-0.0199,48.9817],[-0.0106,48.9682],[-0.011,48.9556],[-0.0332,48.9546],[-0.0439,48.9603],[-0.0594,48.9608]]]}},{"type":"Feature","properties":{"code":"14216","nom":"Damblainville","app":10.76,"app_bas":8.24,"app_haut":14.06,"app_ech":"maille","app_obs":6,"mai":8.15,"mai_bas":6.33,"mai_haut":10.51,"mai_ech":"maille","mai_obs":6,"a12":13.03,"a3":8.19},"geometry":{"type":"Polygon","coordinates":[[[-0.1275,48.9131],[-0.1478,48.9124],[-0.15,48.9283],[-0.1335,48.9335],[-0.123,48.9295],[-0.1102,48.9308],[-0.0977,48.9186],[-0.1139,48.9134],[-0.1275,48.9131]]]}},{"type":"Feature","properties":{"code":"14557","nom":"Saint-Arnoult","app":14.33,"app_bas":11.7,"app_haut":17.54,"app_ech":"commune","app_obs":125,"mai":12.58,"mai_bas":8.71,"mai_haut":18.18,"mai_ech":"maille","mai_obs":23,"a12":16.43,"a3":13.7},"geometry":{"type":"Polygon","coordinates":[[[0.0856,49.3474],[0.1027,49.3388],[0.0956,49.3286],[0.107,49.3268],[0.1076,49.3183],[0.0944,49.32],[0.0811,49.3175],[0.074,49.3389],[0.0745,49.3425],[0.0856,49.3474]]]}},{"type":"Feature","properties":{"code":"14715","nom":"Trouville-sur-Mer","app":16.74,"app_bas":12.52,"app_haut":22.39,"app_ech":"commune","app_obs":578,"mai":12.58,"mai_bas":8.71,"mai_haut":18.18,"mai_ech":"maille","mai_obs":85,"a12":18.83,"a3":16.41},"geometry":{"type":"Polygon","coordinates":[[[0.1273,49.3769],[0.1292,49.3767],[0.1312,49.3746],[0.1287,49.375],[0.0912,49.3552],[0.0754,49.3658],[0.087,49.3767],[0.1054,49.3899],[0.112,49.3838],[0.1273,49.3769]]]}},{"type":"Feature","properties":{"code":"14722","nom":"Vacquerie","app":null,"app_bas":null,"app_haut":null,"app_ech":null,"app_obs":0,"mai":null,"mai_bas":null,"mai_haut":null,"mai_ech":null,"mai_obs":0,"a12":null,"a3":null},"geometry":{"type":"Polygon","coordinates":[[[-0.8431,49.0776],[-0.8603,49.078],[-0.8704,49.0736],[-0.8704,49.0783],[-0.8801,49.089],[-0.8779,49.1028],[-0.8665,49.1106],[-0.8591,49.1075],[-0.8458,49.109],[-0.8384,49.0953],[-0.827,49.0932],[-0.8315,49.0862],[-0.8305,49.0808],[-0.8431,49.0776]]]}},{"type":"Feature","properties":{"code":"14036","nom":"Banneville-la-Campagne","app":12.44,"app_bas":10.51,"app_haut":14.72,"app_ech":"maille","app_obs":0,"mai":10.26,"mai_bas":8.42,"mai_haut":12.51,"mai_ech":"maille","mai_obs":11,"a12":14.7,"a3":10.13},"geometry":{"type":"Polygon","coordinates":[[[-0.2618,49.1683],[-0.2563,49.1736],[-0.2354,49.1749],[-0.2266,49.1773],[-0.2061,49.1789],[-0.1937,49.1574],[-0.2097,49.1583],[-0.2216,49.1661],[-0.2299,49.1601],[-0.2429,49.1541],[-0.2363,49.1587],[-0.2492,49.1681],[-0.2618,49.1683]]]}},{"type":"Feature","properties":{"code":"14042","nom":"Baron-sur-Odon","app":12.3,"app_bas":10.78,"app_haut":14.03,"app_ech":"maille","app_obs":9,"mai":10.69,"mai_bas":8.8,"mai_haut":12.99,"mai_ech":"maille","mai_obs":15,"a12":14.45,"a3":10.49},"geometry":{"type":"Polygon","coordinates":[[[-0.487,49.1355],[-0.4713,49.1464],[-0.4606,49.1233],[-0.489,49.1136],[-0.5085,49.1246],[-0.5071,49.1264],[-0.4928,49.1354],[-0.487,49.1355]]]}},{"type":"Feature","properties":{"code":"14251","nom":"Esson","app":11.8,"app_bas":9.98,"app_haut":13.96,"app_ech":"maille","app_obs":4,"mai":11.71,"mai_bas":9.02,"mai_haut":15.2,"mai_ech":"maille","mai_obs":22,"a12":9.97,"a3":8.19},"geometry":{"type":"Polygon","coordinates":[[[-0.4627,48.9518],[-0.4812,48.9582],[-0.4788,48.969],[-0.4833,48.9771],[-0.4767,48.9777],[-0.4647,48.9864],[-0.4496,48.9849],[-0.4356,48.9698],[-0.4418,48.9614],[-0.4627,48.9518]]]}},{"type":"Feature","properties":{"code":"14226","nom":"Donnay","app":11.8,"app_bas":9.98,"app_haut":13.96,"app_ech":"maille","app_obs":0,"mai":8.15,"mai_bas":6.33,"mai_haut":10.51,"mai_ech":"maille","mai_obs":8,"a12":9.97,"a3":8.19},"geometry":{"type":"Polygon","coordinates":[[[-0.4089,48.9213],[-0.4151,48.9276],[-0.4382,48.9379],[-0.4236,48.9485],[-0.4321,48.9572],[-0.4487,48.9519],[-0.4623,48.952],[-0.4418,48.9614],[-0.4356,48.9698],[-0.4232,48.9697],[-0.4023,48.9668],[-0.4099,48.954],[-0.3966,48.9381],[-0.3878,48.9333],[-0.3897,48.9294],[-0.4089,48.9213]]]}},{"type":"Feature","properties":{"code":"14444","nom":"Monteille","app":null,"app_bas":null,"app_haut":null,"app_ech":null,"app_obs":0,"mai":null,"mai_bas":null,"mai_haut":null,"mai_ech":null,"mai_obs":0,"a12":null,"a3":null},"geometry":{"type":"Polygon","coordinates":[[[0.0165,49.1016],[0.0268,49.1129],[0.0492,49.1119],[0.0645,49.1185],[0.0712,49.1158],[0.0611,49.1073],[0.055,49.0983],[0.0497,49.0996],[0.0248,49.0963],[0.0165,49.1016]]]}},{"type":"Feature","properties":{"code":"14701","nom":"Tourgéville","app":14.43,"app_bas":10.3,"app_haut":20.21,"app_ech":"maille","app_obs":55,"mai":12.28,"mai_bas":9.18,"mai_haut":16.43,"mai_ech":"maille","mai_obs":30,"a12":16.43,"a3":11.77},"geometry":{"type":"Polygon","coordinates":[[[0.08,49.2921],[0.0779,49.2912],[0.0725,49.2969],[0.0696,49.3088],[0.0605,49.3274],[0.0584,49.3276],[0.0601,49.3316],[0.0545,49.3394],[0.0533,49.3529],[0.0583,49.3561],[0.074,49.3389],[0.0811,49.3175],[0.0944,49.32],[0.1076,49.3183],[0.1177,49.3121],[0.1033,49.3002],[0.08,49.2921]]]}},{"type":"Feature","properties":{"code":"14743","nom":"Victot-Pontfol","app":10.89,"app_bas":8.89,"app_haut":13.35,"app_ech":"maille","app_obs":0,"mai":8.94,"mai_bas":7.09,"mai_haut":11.29,"mai_ech":"maille","mai_obs":3,"a12":14.89,"a3":11.77},"geometry":{"type":"Polygon","coordinates":[[[-0.0421,49.1535],[-0.0322,49.1629],[-0.0279,49.1752],[-0.0237,49.1797],[-0.0243,49.1863],[-0.0142,49.1893],[-0.0069,49.187],[0.0017,49.1766],[0.0094,49.1777],[0.0226,49.1713],[0.0138,49.16],[0.0066,49.1553],[-0.0048,49.1522],[-0.0421,49.1535]]]}},{"type":"Feature","properties":{"code":"14320","nom":"Grimbosq","app":11.8,"app_bas":9.98,"app_haut":13.96,"app_ech":"maille","app_obs":0,"mai":9.64,"mai_bas":7.5,"mai_haut":12.38,"mai_ech":"maille","mai_obs":10,"a12":13.61,"a3":9.49},"geometry":{"type":"Polygon","coordinates":[[[-0.4515,49.0654],[-0.4444,49.0622],[-0.4419,49.0576],[-0.4308,49.0493],[-0.4232,49.0493],[-0.4195,49.0456],[-0.4209,49.0319],[-0.4246,49.0338],[-0.4394,49.0319],[-0.4663,49.032],[-0.4659,49.0371],[-0.4599,49.0516],[-0.4578,49.0638],[-0.4515,49.0654]]]}},{"type":"Feature","properties":{"code":"14405","nom":"Martigny-sur-l'Ante","app":10.53,"app_bas":8.39,"app_haut":13.23,"app_ech":"maille","app_obs":0,"mai":8.15,"mai_bas":6.33,"mai_haut":10.51,"mai_ech":"maille","mai_obs":8,"a12":12.47,"a3":7.15},"geometry":{"type":"Polygon","coordinates":[[[-0.2873,48.8735],[-0.2969,48.8812],[-0.3096,48.8784],[-0.3115,48.8859],[-0.3181,48.8884],[-0.3088,48.8987],[-0.306,48.9001],[-0.2891,48.9032],[-0.2742,48.9081],[-0.2728,48.9078],[-0.2647,48.8974],[-0.2627,48.8816],[-0.2873,48.8735]]]}},{"type":"Feature","properties":{"code":"14195","nom":"Courvaudon","app":8.6,"app_bas":7.04,"app_haut":10.5,"app_ech":"maille","app_obs":0,"mai":7.72,"mai_bas":6.01,"mai_haut":9.92,"mai_ech":"maille","mai_obs":11,"a12":9.97,"a3":8.08},"geometry":{"type":"Polygon","coordinates":[[[-0.5615,49.0157],[-0.5835,49.0158],[-0.6059,49.0122],[-0.6113,49.0224],[-0.583,49.035],[-0.5496,49.0463],[-0.5474,49.0445],[-0.5455,49.0301],[-0.5561,49.0226],[-0.5615,49.0157]]]}},{"type":"Feature","properties":{"code":"14456","nom":"Moult","app":10.89,"app_bas":8.89,"app_haut":13.35,"app_ech":"maille","app_obs":13,"mai":10.19,"mai_bas":8.27,"mai_haut":12.55,"mai_ech":"commune","mai_obs":136,"a12":13.03,"a3":9.49},"geometry":{"type":"Polygon","coordinates":[[[-0.1896,49.1206],[-0.1748,49.118],[-0.1596,49.1212],[-0.1327,49.1307],[-0.1248,49.1266],[-0.1252,49.1234],[-0.1478,49.1072],[-0.1584,49.0961],[-0.1743,49.1006],[-0.1975,49.1053],[-0.204,49.1172],[-0.1896,49.1206]]]}},{"type":"Feature","properties":{"code":"14587","nom":"Saint-Germain-la-Blanche-Herbe","app":13.59,"app_bas":11.06,"app_haut":16.7,"app_ech":"maille","app_obs":96,"mai":10.7,"mai_bas":8.67,"mai_haut":13.21,"mai_ech":"maille","mai_obs":86,"a12":15.12,"a3":11.16},"geometry":{"type":"Polygon","coordinates":[[[-0.4435,49.1938],[-0.4409,49.1993],[-0.4244,49.1992],[-0.4132,49.2042],[-0.4021,49.2007],[-0.4119,49.1945],[-0.4128,49.1888],[-0.4435,49.1938]]]}},{"type":"Feature","properties":{"code":"14124","nom":"Cambe","app":10.77,"app_bas":8.37,"app_haut":13.86,"app_ech":"maille","app_obs":13,"mai":8.3,"mai_bas":6.54,"mai_haut":10.55,"mai_ech":"maille","mai_obs":19,"a12":11.82,"a3":9.02},"geometry":{"type":"Polygon","coordinates":[[[-1.0058,49.3186],[-1.0085,49.3254],[-1.0253,49.323],[-1.0279,49.343],[-1.0275,49.3462],[-1.0503,49.3524],[-1.05,49.3543],[-1.0461,49.3582],[-1.0322,49.3528],[-1.0194,49.3557],[-1.018,49.3601],[-0.9983,49.3605],[-0.9912,49.3625],[-0.9862,49.3617],[-0.979,49.3476],[-0.9826,49.3408],[-1.0009,49.3409],[-1.0033,49.3328],[-0.9997,49.3193],[-1.0058,49.3186]]]}},{"type":"Feature","properties":{"code":"14278","nom":"Fontenay-le-Pesnel","app":10.97,"app_bas":9.06,"app_haut":13.28,"app_ech":"maille","app_obs":12,"mai":9.5,"mai_bas":7.75,"mai_haut":11.65,"mai_ech":"maille","mai_obs":29,"a12":12.5,"a3":10.33},"geometry":{"type":"Polygon","coordinates":[[[-0.595,49.1895],[-0.5566,49.186],[-0.5536,49.1818],[-0.5569,49.1613],[-0.5879,49.1601],[-0.6144,49.1662],[-0.6118,49.1711],[-0.5931,49.1807],[-0.5973,49.1884],[-0.595,49.1895]]]}},{"type":"Feature","properties":{"code":"14179","nom":"Cordebugle","app":10.8,"app_bas":8.79,"app_haut":13.25,"app_ech":"maille","app_obs":0,"mai":10.71,"mai_bas":8.13,"mai_haut":14.11,"mai_ech":"maille","mai_obs":6,"a12":13.21,"a3":9.65},"geometry":{"type":"Polygon","coordinates":[[[0.3599,49.1235],[0.3782,49.127],[0.4094,49.1209],[0.3998,49.1008],[0.3761,49.103],[0.3556,49.1012],[0.3504,49.1042],[0.3504,49.109],[0.3598,49.1154],[0.3599,49.1235]]]}},{"type":"Feature","properties":{"code":"14446","nom":"Montigny","app":11.8,"app_bas":9.98,"app_haut":13.96,"app_ech":"maille","app_obs":0,"mai":7.72,"mai_bas":6.01,"mai_haut":9.92,"mai_ech":"maille","mai_obs":0,"a12":9.97,"a3":8.08},"geometry":{"type":"Polygon","coordinates":[[[-0.5277,49.0295],[-0.5455,49.0301],[-0.5474,49.0445],[-0.541,49.0494],[-0.5237,49.0542],[-0.5243,49.0446],[-0.523,49.0359],[-0.5277,49.0295]]]}},{"type":"Feature","properties":{"code":"14496","nom":"Périgny","app":9.38,"app_bas":7.49,"app_haut":11.74,"app_ech":"maille","app_obs":0,"mai":7.21,"mai_bas":5.67,"mai_haut":9.16,"mai_ech":"maille","mai_obs":3,"a12":9.97,"a3":7.15},"geometry":{"type":"Polygon","coordinates":[[[-0.6186,48.9142],[-0.6092,48.9288],[-0.5962,48.9289],[-0.5929,48.9258],[-0.5989,48.9135],[-0.6002,48.9063],[-0.603,48.9092],[-0.6186,48.9142]]]}},{"type":"Feature","properties":{"code":"14542","nom":"Rosel","app":13.51,"app_bas":11.73,"app_haut":15.57,"app_ech":"maille","app_obs":6,"mai":10.7,"mai_bas":8.67,"mai_haut":13.21,"mai_ech":"maille","mai_obs":55,"a12":15.12,"a3":11.16},"geometry":{"type":"Polygon","coordinates":[[[-0.4291,49.2175],[-0.4435,49.213],[-0.4692,49.2194],[-0.4673,49.2245],[-0.4577,49.2347],[-0.443,49.2246],[-0.4291,49.2175]]]}},{"type":"Feature","properties":{"code":"14613","nom":"Saint-Marcouf","app":10.77,"app_bas":8.37,"app_haut":13.86,"app_ech":"maille","app_obs":0,"mai":10.73,"mai_bas":8.31,"mai_haut":13.85,"mai_ech":"maille","mai_obs":4,"a12":11.82,"a3":7.04},"geometry":{"type":"Polygon","coordinates":[[[-0.9948,49.2663],[-0.9828,49.2563],[-0.9798,49.2482],[-0.994,49.2441],[-1.001,49.2504],[-1.0206,49.2527],[-1.0266,49.2586],[-1.0181,49.2665],[-0.9948,49.2663]]]}},{"type":"Feature","properties":{"code":"14621","nom":"Saint-Martin-de-Bienfaite-la-Cressonnière","app":10.06,"app_bas":7.19,"app_haut":14.07,"app_ech":"maille","app_obs":1,"mai":9.55,"mai_bas":7.4,"mai_haut":12.32,"mai_ech":"maille","mai_obs":2,"a12":13.21,"a3":8.42},"geometry":{"type":"Polygon","coordinates":[[[0.3273,49.0277],[0.3397,49.0381],[0.3415,49.0443],[0.3348,49.0553],[0.3418,49.0574],[0.3539,49.0528],[0.367,49.0524],[0.3708,49.0502],[0.3742,49.0402],[0.3677,49.0254],[0.3654,49.0153],[0.3527,49.0067],[0.335,49.0063],[0.3387,49.0093],[0.3414,49.0226],[0.3273,49.0277]]]}},{"type":"Feature","properties":{"code":"14060","nom":"Bénouville","app":12.42,"app_bas":10.6,"app_haut":14.55,"app_ech":"maille","app_obs":63,"mai":11.8,"mai_bas":9.27,"mai_haut":15.03,"mai_ech":"commune","mai_obs":100,"a12":14.99,"a3":11.22},"geometry":{"type":"Polygon","coordinates":[[[-0.3092,49.2459],[-0.3027,49.2574],[-0.2777,49.2517],[-0.2696,49.2489],[-0.2732,49.2415],[-0.2725,49.2336],[-0.2791,49.2265],[-0.2938,49.237],[-0.3092,49.2459]]]}},{"type":"Feature","properties":{"code":"14287","nom":"Frénouville","app":13.32,"app_bas":11.22,"app_haut":15.81,"app_ech":"maille","app_obs":15,"mai":10.86,"mai_bas":8.81,"mai_haut":13.38,"mai_ech":"maille","mai_obs":47,"a12":14.17,"a3":11},"geometry":{"type":"Polygon","coordinates":[[[-0.2344,49.1458],[-0.2215,49.142],[-0.2246,49.1368],[-0.2375,49.1268],[-0.2502,49.1203],[-0.2628,49.1176],[-0.2678,49.1198],[-0.2651,49.131],[-0.2715,49.1372],[-0.2692,49.1402],[-0.2597,49.1415],[-0.252,49.1379],[-0.2344,49.1458]]]}},{"type":"Feature","properties":{"code":"14196","nom":"Crépon","app":12.57,"app_bas":10.15,"app_haut":15.55,"app_ech":"maille","app_obs":2,"mai":10.36,"mai_bas":8.31,"mai_haut":12.91,"mai_ech":"maille","mai_obs":6,"a12":15.5,"a3":11.04},"geometry":{"type":"Polygon","coordinates":[[[-0.5781,49.3116],[-0.5557,49.3227],[-0.5356,49.3208],[-0.5171,49.3207],[-0.5234,49.3093],[-0.5371,49.307],[-0.5678,49.3077],[-0.5781,49.3116]]]}},{"type":"Feature","properties":{"code":"14547","nom":"Rubercy","app":9.71,"app_bas":7.83,"app_haut":12.03,"app_ech":"maille","app_obs":1,"mai":8.3,"mai_bas":6.54,"mai_haut":10.55,"mai_ech":"maille","mai_obs":0,"a12":13.26,"a3":7.04},"geometry":{"type":"Polygon","coordinates":[[[-0.905,49.2797],[-0.8964,49.2933],[-0.8879,49.2974],[-0.8693,49.2924],[-0.8534,49.2956],[-0.8726,49.285],[-0.8841,49.2814],[-0.8911,49.2722],[-0.9016,49.2676],[-0.9061,49.2695],[-0.905,49.2797]]]}},{"type":"Feature","properties":{"code":"14666","nom":"Sannerville","app":12.23,"app_bas":10.49,"app_haut":14.26,"app_ech":"commune","app_obs":104,"mai":10.26,"mai_bas":8.42,"mai_haut":12.51,"mai_ech":"maille","mai_obs":86,"a12":14.11,"a3":11.45},"geometry":{"type":"Polygon","coordinates":[[[-0.2061,49.1789],[-0.2266,49.1773],[-0.2354,49.1749],[-0.2563,49.1736],[-0.2469,49.1869],[-0.2205,49.1884],[-0.2036,49.1983],[-0.1997,49.1912],[-0.2,49.1841],[-0.2061,49.1789]]]}},{"type":"Feature","properties":{"code":"14702","nom":"Tournay-sur-Odon","app":null,"app_bas":null,"app_haut":null,"app_ech":null,"app_obs":0,"mai":null,"mai_bas":null,"mai_haut":null,"mai_ech":null,"mai_obs":0,"a12":null,"a3":null},"geometry":{"type":"Polygon","coordinates":[[[-0.5913,49.0789],[-0.594,49.0788],[-0.5975,49.0939],[-0.6079,49.101],[-0.5861,49.1126],[-0.5744,49.1099],[-0.572,49.102],[-0.5588,49.0949],[-0.5575,49.088],[-0.5779,49.085],[-0.5913,49.0789]]]}},{"type":"Feature","properties":{"code":"14749","nom":"Vieux-Fumé","app":null,"app_bas":null,"app_haut":null,"app_ech":null,"app_obs":0,"mai":null,"mai_bas":null,"mai_haut":null,"mai_ech":null,"mai_obs":0,"a12":null,"a3":null},"geometry":{"type":"Polygon","coordinates":[[[-0.1427,49.0707],[-0.1363,49.0754],[-0.1028,49.0675],[-0.103,49.0654],[-0.1184,49.0509],[-0.1239,49.0485],[-0.1473,49.0512],[-0.156,49.0551],[-0.1414,49.067],[-0.1427,49.0707]]]}},{"type":"Feature","properties":{"code":"14027","nom":"Aunay-sur-Odon","app":10.97,"app_bas":8.98,"app_haut":13.4,"app_ech":"commune","app_obs":479,"mai":8.08,"mai_bas":6.29,"mai_haut":10.38,"mai_ech":"commune","mai_obs":187,"a12":12.45,"a3":9.21},"geometry":{"type":"Polygon","coordinates":[[[-0.6347,49.0379],[-0.634,49.0294],[-0.6148,49.028],[-0.6059,49.0122],[-0.6166,48.9927],[-0.6289,48.9969],[-0.6534,49.0013],[-0.6584,48.9984],[-0.6622,48.9996],[-0.6566,49.0081],[-0.6577,49.0243],[-0.6541,49.0309],[-0.6464,49.0355],[-0.6347,49.0379]]]}},{"type":"Feature","properties":{"code":"14372","nom":"Livry","app":null,"app_bas":null,"app_haut":null,"app_ech":null,"app_obs":0,"mai":null,"mai_bas":null,"mai_haut":null,"mai_ech":null,"mai_obs":0,"a12":null,"a3":null},"geometry":{"type":"Polygon","coordinates":[[[-0.7397,49.0953],[-0.7533,49.0933],[-0.7769,49.0849],[-0.7873,49.0832],[-0.798,49.0916],[-0.8076,49.1123],[-0.7949,49.1225],[-0.7872,49.1229],[-0.7768,49.129],[-0.7697,49.1484],[-0.7585,49.1501],[-0.7464,49.1433],[-0.742,49.1346],[-0.7441,49.1247],[-0.7375,49.119],[-0.7333,49.1083],[-0.7397,49.0953]]]}},{"type":"Feature","properties":{"code":"14391","nom":"Maisons","app":11.76,"app_bas":9.39,"app_haut":14.72,"app_ech":"maille","app_obs":1,"mai":9.66,"mai_bas":7.14,"mai_haut":13.07,"mai_ech":"maille","mai_obs":6,"a12":13.84,"a3":10.49},"geometry":{"type":"Polygon","coordinates":[[[-0.778,49.3127],[-0.779,49.3245],[-0.7627,49.3257],[-0.7497,49.3225],[-0.7307,49.3254],[-0.7264,49.3148],[-0.7289,49.3085],[-0.7448,49.3091],[-0.7577,49.3047],[-0.778,49.3127]]]}},{"type":"Feature","properties":{"code":"14430","nom":"Meuvaines","app":12.81,"app_bas":10.42,"app_haut":15.76,"app_ech":"maille","app_obs":0,"mai":9.66,"mai_bas":7.14,"mai_haut":13.07,"mai_ech":"maille","mai_obs":2,"a12":13.84,"a3":11.04},"geometry":{"type":"Polygon","coordinates":[[[-0.5726,49.3434],[-0.5532,49.3461],[-0.5498,49.3329],[-0.5557,49.3227],[-0.5781,49.3116],[-0.6037,49.3023],[-0.6027,49.3053],[-0.5893,49.3239],[-0.5797,49.3255],[-0.5762,49.33],[-0.5726,49.3434]]]}},{"type":"Feature","properties":{"code":"14198","nom":"Cresseveuille","app":14.1,"app_bas":11.08,"app_haut":17.94,"app_ech":"maille","app_obs":0,"mai":8.94,"mai_bas":7.09,"mai_haut":11.29,"mai_ech":"maille","mai_obs":13,"a12":14.17,"a3":11.45},"geometry":{"type":"Polygon","coordinates":[[[0.012,49.23],[-0.0056,49.2353],[-0.0106,49.2416],[-0.0127,49.2462],[0.0004,49.2498],[0.0163,49.2489],[0.0392,49.2295],[0.0312,49.2278],[0.012,49.23]]]}},{"type":"Feature","properties":{"code":"14458","nom":"Moutiers-en-Cinglais","app":12.29,"app_bas":10.35,"app_haut":14.6,"app_ech":"maille","app_obs":4,"mai":11.71,"mai_bas":9.02,"mai_haut":15.2,"mai_ech":"maille","mai_obs":15,"a12":13.61,"a3":9.49},"geometry":{"type":"Polygon","coordinates":[[[-0.465,49.0276],[-0.4663,49.032],[-0.4394,49.0319],[-0.4246,49.0338],[-0.4209,49.0319],[-0.4167,49.0234],[-0.4197,49.0122],[-0.4383,49.0108],[-0.4568,49.0225],[-0.4654,49.0257],[-0.465,49.0276]]]}},{"type":"Feature","properties":{"code":"14516","nom":"Potigny","app":9.38,"app_bas":7.49,"app_haut":11.74,"app_ech":"maille","app_obs":38,"mai":10.03,"mai_bas":7.81,"mai_haut":12.88,"mai_ech":"commune","mai_obs":160,"a12":13.03,"a3":9.49},"geometry":{"type":"Polygon","coordinates":[[[-0.27,48.9668],[-0.2643,48.9797],[-0.2495,48.976],[-0.2309,48.9737],[-0.2242,48.9698],[-0.2267,48.9652],[-0.2375,48.9624],[-0.2646,48.9644],[-0.27,48.9668]]]}},{"type":"Feature","properties":{"code":"14635","nom":"Saint-Omer","app":9.38,"app_bas":7.49,"app_haut":11.74,"app_ech":"maille","app_obs":5,"mai":8.15,"mai_bas":6.33,"mai_haut":10.51,"mai_ech":"maille","mai_obs":22,"a12":9.97,"a3":8.19},"geometry":{"type":"Polygon","coordinates":[[[-0.4648,48.9421],[-0.4558,48.9362],[-0.4382,48.9379],[-0.4151,48.9276],[-0.4089,48.9213],[-0.4111,48.9197],[-0.4236,48.9159],[-0.4441,48.919],[-0.4722,48.9292],[-0.4772,48.9337],[-0.4745,48.9407],[-0.4648,48.9421]]]}},{"type":"Feature","properties":{"code":"14660","nom":"Saint-Vaast-en-Auge","app":14.1,"app_bas":11.08,"app_haut":17.94,"app_ech":"maille","app_obs":0,"mai":12.28,"mai_bas":9.18,"mai_haut":16.43,"mai_ech":"maille","mai_obs":1,"a12":14.17,"a3":11.45},"geometry":{"type":"Polygon","coordinates":[[[-0.0088,49.3001],[0.0002,49.302],[0.0061,49.2968],[0.0172,49.2921],[0.015,49.2841],[0.0044,49.2795],[-0.0006,49.2819],[-0.0106,49.2924],[-0.0088,49.3001]]]}},{"type":"Feature","properties":{"code":"14703","nom":"Tournebu","app":null,"app_bas":null,"app_haut":null,"app_ech":null,"app_obs":0,"mai":null,"mai_bas":null,"mai_haut":null,"mai_ech":null,"mai_obs":0,"a12":null,"a3":null},"geometry":{"type":"Polygon","coordinates":[[[-0.3083,48.9422],[-0.3353,48.9452],[-0.3391,48.9586],[-0.3478,48.9634],[-0.3548,48.9785],[-0.3468,48.9813],[-0.3165,48.9831],[-0.3141,48.981],[-0.3024,48.9521],[-0.3083,48.9422]]]}},{"type":"Feature","properties":{"code":"14362","nom":"Lessard-et-le-Chêne","app":10.8,"app_bas":8.79,"app_haut":13.25,"app_ech":"maille","app_obs":1,"mai":9.98,"mai_bas":7.68,"mai_haut":12.98,"mai_ech":"maille","mai_obs":11,"a12":11.58,"a3":8.42},"geometry":{"type":"Polygon","coordinates":[[[0.0953,49.0724],[0.1029,49.0782],[0.1243,49.0809],[0.1391,49.0855],[0.1472,49.09],[0.1632,49.0743],[0.1549,49.0701],[0.1403,49.0597],[0.1306,49.0504],[0.1176,49.0534],[0.1099,49.0658],[0.1001,49.0716],[0.0953,49.0724]]]}},{"type":"Feature","properties":{"code":"14411","nom":"Meslay","app":11.8,"app_bas":9.98,"app_haut":13.96,"app_ech":"maille","app_obs":0,"mai":11.71,"mai_bas":9.02,"mai_haut":15.2,"mai_ech":"maille","mai_obs":0,"a12":13.03,"a3":9.49},"geometry":{"type":"Polygon","coordinates":[[[-0.3878,48.9333],[-0.3966,48.9381],[-0.4099,48.954],[-0.4023,48.9668],[-0.3947,48.9729],[-0.3767,48.9576],[-0.3878,48.9333]]]}},{"type":"Feature","properties":{"code":"14448","nom":"Montreuil-en-Auge","app":10.89,"app_bas":8.89,"app_haut":13.35,"app_ech":"maille","app_obs":0,"mai":8.94,"mai_bas":7.09,"mai_haut":11.29,"mai_ech":"maille","mai_obs":2,"a12":14.89,"a3":9.65},"geometry":{"type":"Polygon","coordinates":[[[0.0919,49.1705],[0.0962,49.1633],[0.0859,49.1568],[0.0662,49.1653],[0.0514,49.1657],[0.0414,49.1721],[0.0388,49.1801],[0.0451,49.1756],[0.0609,49.171],[0.0733,49.169],[0.0919,49.1705]]]}},{"type":"Feature","properties":{"code":"14454","nom":"Mouen","app":10.97,"app_bas":9.06,"app_haut":13.28,"app_ech":"maille","app_obs":90,"mai":10.42,"mai_bas":8.5,"mai_haut":12.78,"mai_ech":"commune","mai_obs":104,"a12":13.61,"a3":10.33},"geometry":{"type":"Polygon","coordinates":[[[-0.487,49.1355],[-0.4954,49.1399],[-0.5028,49.1499],[-0.5032,49.158],[-0.5018,49.1602],[-0.4775,49.1586],[-0.4713,49.1464],[-0.487,49.1355]]]}},{"type":"Feature","properties":{"code":"14536","nom":"Rivière-Saint-Sauveur","app":11.98,"app_bas":9.72,"app_haut":14.78,"app_ech":"commune","app_obs":432,"mai":10.43,"mai_bas":8.3,"mai_haut":13.11,"mai_ech":"commune","mai_obs":182,"a12":13.76,"a3":10.73},"geometry":{"type":"Polygon","coordinates":[[[0.2755,49.4287],[0.2856,49.429],[0.2856,49.4099],[0.2733,49.4042],[0.2702,49.3914],[0.2565,49.3886],[0.2629,49.395],[0.2519,49.4025],[0.2419,49.4022],[0.2509,49.4132],[0.2746,49.4108],[0.2755,49.4287]]]}},{"type":"Feature","properties":{"code":"14626","nom":"Saint-Martin-de-Mailloc","app":10.8,"app_bas":8.79,"app_haut":13.25,"app_ech":"maille","app_obs":1,"mai":9.98,"mai_bas":7.68,"mai_haut":12.98,"mai_ech":"maille","mai_obs":17,"a12":13.21,"a3":9.65},"geometry":{"type":"Polygon","coordinates":[[[0.288,49.0731],[0.2774,49.0823],[0.2609,49.0831],[0.2593,49.09],[0.2653,49.0967],[0.2738,49.0935],[0.2971,49.105],[0.3046,49.0971],[0.3094,49.0823],[0.288,49.0731]]]}},{"type":"Feature","properties":{"code":"14104","nom":"Brévedent","app":12.79,"app_bas":10.36,"app_haut":15.8,"app_ech":"maille","app_obs":2,"mai":13.09,"mai_bas":9.57,"mai_haut":17.91,"mai_ech":"maille","mai_obs":3,"a12":14.89,"a3":9.73},"geometry":{"type":"Polygon","coordinates":[[[0.3052,49.2311],[0.3181,49.2261],[0.3147,49.2202],[0.3063,49.2178],[0.288,49.2218],[0.267,49.228],[0.2792,49.2317],[0.2878,49.2389],[0.3052,49.2311]]]}},{"type":"Feature","properties":{"code":"14284","nom":"Fourneaux-le-Val","app":10.53,"app_bas":8.39,"app_haut":13.23,"app_ech":"maille","app_obs":1,"mai":8.7,"mai_bas":6.64,"mai_haut":11.4,"mai_ech":"maille","mai_obs":0,"a12":12.47,"a3":6.57},"geometry":{"type":"Polygon","coordinates":[[[-0.2774,48.8766],[-0.2619,48.8697],[-0.2503,48.8675],[-0.2537,48.8495],[-0.2698,48.8536],[-0.2833,48.8524],[-0.2873,48.8735],[-0.2774,48.8766]]]}},{"type":"Feature","properties":{"code":"14416","nom":"Mesnil-Caussois","app":null,"app_bas":null,"app_haut":null,"app_ech":null,"app_obs":0,"mai":null,"mai_bas":null,"mai_haut":null,"mai_ech":null,"mai_obs":0,"a12":null,"a3":null},"geometry":{"type":"Polygon","coordinates":[[[-1.0272,48.8522],[-1.0157,48.8644],[-0.9991,48.866],[-0.9913,48.8586],[-1.0096,48.8447],[-1.0231,48.843],[-1.0272,48.8522]]]}},{"type":"Feature","properties":{"code":"14176","nom":"Conteville","app":null,"app_bas":null,"app_haut":null,"app_ech":null,"app_obs":0,"mai":null,"mai_bas":null,"mai_haut":null,"mai_ech":null,"mai_obs":0,"a12":null,"a3":null},"geometry":{"type":"Polygon","coordinates":[[[-0.249,49.0979],[-0.2354,49.0984],[-0.2242,49.0943],[-0.2232,49.0905],[-0.2514,49.0773],[-0.2676,49.0865],[-0.249,49.0979]]]}},{"type":"Feature","properties":{"code":"14223","nom":"Détroit","app":9.38,"app_bas":7.49,"app_haut":11.74,"app_ech":"maille","app_obs":0,"mai":8.15,"mai_bas":6.33,"mai_haut":10.51,"mai_ech":"maille","mai_obs":6,"a12":10.54,"a3":7.15},"geometry":{"type":"Polygon","coordinates":[[[-0.3643,48.8571],[-0.3617,48.8632],[-0.36,48.8751],[-0.3492,48.8882],[-0.3282,48.883],[-0.3251,48.8673],[-0.3408,48.8697],[-0.35,48.8603],[-0.3643,48.8571]]]}},{"type":"Feature","properties":{"code":"14605","nom":"Saint-Laurent-sur-Mer","app":10.77,"app_bas":8.37,"app_haut":13.86,"app_ech":"maille","app_obs":0,"mai":8.3,"mai_bas":6.54,"mai_haut":10.55,"mai_ech":"maille","mai_obs":5,"a12":13.84,"a3":9.02},"geometry":{"type":"Polygon","coordinates":[[[-0.8929,49.3512],[-0.887,49.3592],[-0.8817,49.3716],[-0.861,49.3653],[-0.8651,49.3595],[-0.8679,49.3439],[-0.8929,49.3512]]]}}]}