{"type":"FeatureCollection","features":[{"type":"Feature","properties":{"code":"19253","nom":"Segonzac","app":8.69,"app_bas":7,"app_haut":10.8,"app_ech":"maille","app_obs":1,"mai":7.58,"mai_bas":6.11,"mai_haut":9.41,"mai_ech":"maille","mai_obs":3,"a12":11.11,"a3":6.88},"geometry":{"type":"Polygon","coordinates":[[[1.2763,45.2557],[1.2546,45.2549],[1.2394,45.2604],[1.2422,45.2659],[1.2271,45.2718],[1.2324,45.2888],[1.2401,45.2944],[1.2416,45.3013],[1.2676,45.2979],[1.2836,45.2923],[1.2862,45.2777],[1.2959,45.2738],[1.3131,45.272],[1.3104,45.2696],[1.3007,45.2689],[1.2846,45.2583],[1.2763,45.2557]]]}},{"type":"Feature","properties":{"code":"19063","nom":"Cosnac","app":9.76,"app_bas":7.94,"app_haut":12.01,"app_ech":"maille","app_obs":56,"mai":9.49,"mai_bas":7.26,"mai_haut":12.4,"mai_ech":"maille","mai_obs":91,"a12":10.88,"a3":8.01},"geometry":{"type":"Polygon","coordinates":[[[1.566,45.11],[1.5547,45.1223],[1.5548,45.1288],[1.5629,45.1323],[1.5721,45.153],[1.5694,45.1556],[1.5851,45.1559],[1.598,45.1607],[1.6127,45.1549],[1.6088,45.1359],[1.6018,45.1217],[1.6032,45.1106],[1.5828,45.0997],[1.5742,45.1012],[1.566,45.11]]]}},{"type":"Feature","properties":{"code":"19136","nom":"Meymac","app":9.19,"app_bas":6.07,"app_haut":13.92,"app_ech":"commune","app_obs":211,"mai":6.49,"mai_bas":5.16,"mai_haut":8.16,"mai_ech":"maille","mai_obs":80,"a12":8.84,"a3":6.88},"geometry":{"type":"Polygon","coordinates":[[[2.0676,45.567],[2.0674,45.5712],[2.0505,45.578],[2.0459,45.5774],[2.045,45.5845],[2.0531,45.5916],[2.0835,45.6011],[2.0773,45.606],[2.0773,45.6111],[2.088,45.6133],[2.0909,45.5992],[2.1166,45.596],[2.1305,45.5992],[2.136,45.5894],[2.1454,45.5873],[2.1507,45.5908],[2.1709,45.5927],[2.1852,45.589],[2.1917,45.5794],[2.1965,45.579],[2.199,45.5487],[2.2072,45.5395],[2.2018,45.522],[2.2023,45.5063],[2.1823,45.4921],[2.1726,45.492],[2.1624,45.4975],[2.1583,45.5056],[2.1502,45.5076],[2.1335,45.4998],[2.1113,45.4959],[2.1118,45.4998],[2.1216,45.5048],[2.1249,45.5177],[2.137,45.5239],[2.1309,45.5319],[2.1196,45.5388],[2.1086,45.5425],[2.1086,45.5506],[2.0818,45.5575],[2.0734,45.558],[2.0676,45.567]]]}},{"type":"Feature","properties":{"code":"19176","nom":"Rosiers-d'Égletons","app":7.65,"app_bas":6.16,"app_haut":9.51,"app_ech":"maille","app_obs":38,"mai":7.39,"mai_bas":5.69,"mai_haut":9.61,"mai_ech":"maille","mai_obs":26,"a12":9.98,"a3":6.95},"geometry":{"type":"Polygon","coordinates":[[[2.0745,45.3657],[2.0507,45.3677],[2.0359,45.3639],[2.0221,45.3665],[2.0083,45.3627],[1.9975,45.3646],[1.9614,45.3574],[1.9607,45.3745],[1.9755,45.3775],[1.9819,45.3814],[1.9809,45.3873],[1.9672,45.397],[1.9748,45.4065],[1.9719,45.4123],[1.9832,45.4134],[1.9979,45.426],[2.0118,45.4253],[2.0176,45.4198],[2.0327,45.4171],[2.0353,45.4078],[2.0236,45.3988],[2.0428,45.3934],[2.0571,45.397],[2.0652,45.3936],[2.0593,45.3784],[2.0727,45.3691],[2.0745,45.3657]]]}},{"type":"Feature","properties":{"code":"19250","nom":"Salon-la-Tour","app":9.87,"app_bas":7.89,"app_haut":12.35,"app_ech":"maille","app_obs":25,"mai":6.54,"mai_bas":5.16,"mai_haut":8.28,"mai_ech":"maille","mai_obs":37,"a12":8.75,"a3":7.33},"geometry":{"type":"Polygon","coordinates":[[[1.5496,45.5337],[1.561,45.5353],[1.5813,45.5321],[1.5846,45.5242],[1.5762,45.5222],[1.5752,45.5041],[1.5776,45.4941],[1.5735,45.4826],[1.5688,45.4764],[1.562,45.4799],[1.5533,45.4735],[1.5545,45.4668],[1.5461,45.4653],[1.5344,45.4746],[1.5204,45.4691],[1.5088,45.4816],[1.4992,45.4855],[1.4788,45.4879],[1.4747,45.487],[1.4772,45.5111],[1.4881,45.5184],[1.4999,45.5222],[1.5217,45.5264],[1.5283,45.5301],[1.5446,45.5281],[1.5496,45.5337]]]}},{"type":"Feature","properties":{"code":"19003","nom":"Albignac","app":7.89,"app_bas":6.15,"app_haut":10.12,"app_ech":"maille","app_obs":0,"mai":8.05,"mai_bas":6.37,"mai_haut":10.17,"mai_ech":"maille","mai_obs":4,"a12":10.81,"a3":8.53},"geometry":{"type":"Polygon","coordinates":[[[1.6551,45.1402],[1.6531,45.1478],[1.656,45.1538],[1.6698,45.1629],[1.6765,45.164],[1.6933,45.1556],[1.7063,45.1532],[1.6947,45.1379],[1.6881,45.133],[1.6712,45.1309],[1.6613,45.1403],[1.6551,45.1402]]]}},{"type":"Feature","properties":{"code":"19016","nom":"Bar","app":8.05,"app_bas":6.25,"app_haut":10.36,"app_ech":"maille","app_obs":10,"mai":6.9,"mai_bas":5.48,"mai_haut":8.68,"mai_ech":"maille","mai_obs":9,"a12":9.98,"a3":6.21},"geometry":{"type":"Polygon","coordinates":[[[1.7853,45.3621],[1.7912,45.3551],[1.7887,45.3443],[1.8068,45.3447],[1.8031,45.3511],[1.8111,45.3643],[1.8224,45.3623],[1.833,45.3583],[1.8384,45.365],[1.8474,45.36],[1.8599,45.3642],[1.844,45.3423],[1.8489,45.3278],[1.837,45.3269],[1.8144,45.3213],[1.8045,45.3172],[1.7941,45.3179],[1.7899,45.3252],[1.7923,45.3362],[1.7803,45.3403],[1.7799,45.3441],[1.768,45.3481],[1.7691,45.3569],[1.7853,45.3621]]]}},{"type":"Feature","properties":{"code":"19164","nom":"Peyrelevade","app":7.78,"app_bas":5.98,"app_haut":10.12,"app_ech":"maille","app_obs":1,"mai":7.17,"mai_bas":5.52,"mai_haut":9.31,"mai_ech":"maille","mai_obs":10,"a12":9.61,"a3":7.33},"geometry":{"type":"Polygon","coordinates":[[[2.031,45.6619],[2.0192,45.6743],[2.0045,45.6791],[1.9939,45.6875],[2.0006,45.6908],[2.002,45.6962],[1.9818,45.6973],[1.9743,45.7018],[1.9783,45.7089],[1.9765,45.7173],[1.9885,45.7214],[1.996,45.7295],[2.0015,45.7488],[2.0176,45.7555],[2.0357,45.755],[2.0469,45.7639],[2.0553,45.7628],[2.0584,45.7545],[2.0814,45.7471],[2.0845,45.7364],[2.0841,45.7226],[2.074,45.7072],[2.0703,45.6898],[2.0729,45.68],[2.0843,45.6709],[2.0846,45.665],[2.0704,45.6547],[2.0562,45.6586],[2.031,45.6619]]]}},{"type":"Feature","properties":{"code":"19251","nom":"Sarran","app":8.49,"app_bas":6.89,"app_haut":10.46,"app_ech":"maille","app_obs":7,"mai":6.9,"mai_bas":5.48,"mai_haut":8.68,"mai_ech":"maille","mai_obs":7,"a12":9.98,"a3":6.21},"geometry":{"type":"Polygon","coordinates":[[[1.9206,45.4418],[1.9352,45.4417],[1.9479,45.4229],[1.9587,45.4293],[1.9653,45.4251],[1.9748,45.4065],[1.9672,45.397],[1.9574,45.398],[1.9499,45.3923],[1.9454,45.3848],[1.9305,45.3838],[1.9252,45.3865],[1.9109,45.4014],[1.8964,45.3998],[1.8903,45.3957],[1.8873,45.4034],[1.8936,45.412],[1.894,45.4283],[1.9139,45.4286],[1.9185,45.4312],[1.9206,45.4418]]]}},{"type":"Feature","properties":{"code":"19079","nom":"Eyburie","app":7.78,"app_bas":5.98,"app_haut":10.12,"app_ech":"maille","app_obs":2,"mai":8.15,"mai_bas":6.22,"mai_haut":10.69,"mai_ech":"maille","mai_obs":27,"a12":8.75,"a3":7.33},"geometry":{"type":"Polygon","coordinates":[[[1.6664,45.5103],[1.6847,45.4999],[1.6916,45.489],[1.6813,45.4831],[1.6603,45.4605],[1.6541,45.446],[1.6478,45.4382],[1.6071,45.4244],[1.6026,45.4318],[1.6038,45.4406],[1.6006,45.4464],[1.6162,45.4598],[1.6311,45.4664],[1.6365,45.4744],[1.6371,45.4857],[1.6438,45.5068],[1.6556,45.5125],[1.6664,45.5103]]]}},{"type":"Feature","properties":{"code":"19162","nom":"Perpezac-le-Noir","app":8.97,"app_bas":7.21,"app_haut":11.16,"app_ech":"maille","app_obs":23,"mai":8.15,"mai_bas":6.22,"mai_haut":10.69,"mai_ech":"maille","mai_obs":65,"a12":10.88,"a3":8.53},"geometry":{"type":"Polygon","coordinates":[[[1.5602,45.306],[1.5537,45.3131],[1.5343,45.3215],[1.528,45.314],[1.5136,45.327],[1.5127,45.3362],[1.5202,45.3434],[1.5151,45.3472],[1.5231,45.3552],[1.5305,45.3568],[1.5405,45.3535],[1.5478,45.3579],[1.5609,45.3558],[1.5679,45.3594],[1.574,45.3678],[1.5764,45.3671],[1.586,45.3543],[1.5877,45.3421],[1.5933,45.3251],[1.5798,45.3207],[1.5693,45.3233],[1.5686,45.3172],[1.5631,45.3132],[1.5602,45.306]]]}},{"type":"Feature","properties":{"code":"19064","nom":"Couffy-sur-Sarsonne","app":8.87,"app_bas":7,"app_haut":11.24,"app_ech":"maille","app_obs":0,"mai":6.49,"mai_bas":5.16,"mai_haut":8.16,"mai_ech":"maille","mai_obs":4,"a12":11.39,"a3":6.21},"geometry":{"type":"Polygon","coordinates":[[[2.298,45.6715],[2.3088,45.676],[2.3209,45.6686],[2.3264,45.6772],[2.3378,45.6806],[2.3483,45.695],[2.3476,45.7],[2.3705,45.6847],[2.3663,45.6729],[2.3696,45.6601],[2.3755,45.6567],[2.3714,45.6495],[2.3524,45.6583],[2.3442,45.6647],[2.3341,45.6612],[2.3333,45.6562],[2.3229,45.6562],[2.31,45.6599],[2.298,45.6715]]]}},{"type":"Feature","properties":{"code":"19071","nom":"Davignac","app":8.87,"app_bas":7,"app_haut":11.24,"app_ech":"maille","app_obs":3,"mai":6.9,"mai_bas":5.48,"mai_haut":8.68,"mai_ech":"maille","mai_obs":3,"a12":9.26,"a3":5.94},"geometry":{"type":"Polygon","coordinates":[[[2.1118,45.4998],[2.1113,45.4959],[2.1154,45.4797],[2.1125,45.4647],[2.1064,45.4611],[2.0951,45.4608],[2.067,45.4656],[2.0542,45.4732],[2.0553,45.4847],[2.0515,45.4883],[2.032,45.494],[2.0337,45.5048],[2.0292,45.516],[2.0393,45.5208],[2.0517,45.5176],[2.0703,45.5167],[2.1094,45.5065],[2.1118,45.4998]]]}},{"type":"Feature","properties":{"code":"19146","nom":"Naves","app":10.01,"app_bas":8.18,"app_haut":12.27,"app_ech":"commune","app_obs":141,"mai":8.15,"mai_bas":6.22,"mai_haut":10.69,"mai_ech":"maille","mai_obs":67,"a12":9.98,"a3":6.95},"geometry":{"type":"Polygon","coordinates":[[[1.7289,45.3356],[1.7288,45.3429],[1.7411,45.3463],[1.7439,45.3525],[1.768,45.3481],[1.7799,45.3441],[1.7803,45.3403],[1.7923,45.3362],[1.7899,45.3252],[1.7941,45.3179],[1.7866,45.312],[1.7865,45.3062],[1.799,45.3],[1.7887,45.2936],[1.7852,45.2893],[1.7734,45.2965],[1.7649,45.2968],[1.7431,45.2928],[1.7293,45.2936],[1.7263,45.2901],[1.7338,45.2768],[1.7317,45.271],[1.7208,45.2725],[1.7072,45.2828],[1.7075,45.2887],[1.7127,45.2986],[1.7052,45.3037],[1.7036,45.3082],[1.7184,45.312],[1.7185,45.3211],[1.7277,45.3261],[1.7207,45.3315],[1.7289,45.3356]]]}},{"type":"Feature","properties":{"code":"19200","nom":"Saint-Étienne-la-Geneste","app":8.87,"app_bas":7,"app_haut":11.24,"app_ech":"maille","app_obs":0,"mai":6.86,"mai_bas":5.34,"mai_haut":8.81,"mai_ech":"maille","mai_obs":0,"a12":11.39,"a3":6.61},"geometry":{"type":"Polygon","coordinates":[[[2.3273,45.4444],[2.3337,45.4485],[2.3428,45.4634],[2.355,45.4656],[2.3672,45.4454],[2.3454,45.4383],[2.3273,45.4444]]]}},{"type":"Feature","properties":{"code":"19124","nom":"Mansac","app":8.97,"app_bas":7.21,"app_haut":11.16,"app_ech":"maille","app_obs":33,"mai":8.67,"mai_bas":6.92,"mai_haut":10.87,"mai_ech":"maille","mai_obs":53,"a12":11.57,"a3":8.53},"geometry":{"type":"Polygon","coordinates":[[[1.352,45.1416],[1.3663,45.1464],[1.3646,45.1632],[1.3572,45.179],[1.3597,45.1844],[1.375,45.1806],[1.3918,45.1856],[1.4091,45.1851],[1.4148,45.1711],[1.4035,45.1625],[1.3963,45.1601],[1.3955,45.1461],[1.3984,45.1297],[1.387,45.1344],[1.3742,45.1345],[1.3589,45.1323],[1.352,45.134],[1.352,45.1416]]]}},{"type":"Feature","properties":{"code":"19195","nom":"Saint-Cyprien","app":8.97,"app_bas":7.21,"app_haut":11.16,"app_ech":"maille","app_obs":1,"mai":8.67,"mai_bas":6.92,"mai_haut":10.87,"mai_ech":"maille","mai_obs":6,"a12":11.57,"a3":8.53},"geometry":{"type":"Polygon","coordinates":[[[1.3553,45.2351],[1.3445,45.2379],[1.3362,45.245],[1.3417,45.2596],[1.3392,45.2676],[1.3507,45.2734],[1.3563,45.2685],[1.3518,45.2592],[1.3646,45.2526],[1.3884,45.2547],[1.3911,45.2519],[1.3802,45.2497],[1.3729,45.2434],[1.3553,45.2351]]]}},{"type":"Feature","properties":{"code":"19120","nom":"Louignac","app":8.69,"app_bas":7,"app_haut":10.8,"app_ech":"maille","app_obs":1,"mai":7.58,"mai_bas":6.11,"mai_haut":9.41,"mai_ech":"maille","mai_obs":8,"a12":11.72,"a3":7.53},"geometry":{"type":"Polygon","coordinates":[[[1.2991,45.2381],[1.3004,45.2346],[1.3106,45.2295],[1.3068,45.2223],[1.298,45.2167],[1.296,45.2036],[1.2876,45.1972],[1.2947,45.1912],[1.2896,45.1889],[1.2752,45.1991],[1.2561,45.1993],[1.2323,45.1977],[1.2278,45.206],[1.2336,45.2222],[1.2551,45.2269],[1.2698,45.2353],[1.2777,45.2421],[1.2991,45.2381]]]}},{"type":"Feature","properties":{"code":"19156","nom":"Palazinges","app":9.76,"app_bas":7.94,"app_haut":12.01,"app_ech":"maille","app_obs":0,"mai":8.05,"mai_bas":6.37,"mai_haut":10.17,"mai_ech":"maille","mai_obs":8,"a12":10.88,"a3":8.53},"geometry":{"type":"Polygon","coordinates":[[[1.6765,45.164],[1.6799,45.1694],[1.688,45.1758],[1.701,45.1742],[1.7119,45.1708],[1.7144,45.1663],[1.7165,45.1566],[1.7063,45.1532],[1.6933,45.1556],[1.6765,45.164]]]}},{"type":"Feature","properties":{"code":"19043","nom":"Chapelle-aux-Brocs","app":9.76,"app_bas":7.94,"app_haut":12.01,"app_ech":"maille","app_obs":0,"mai":8.05,"mai_bas":6.37,"mai_haut":10.17,"mai_ech":"maille","mai_obs":6,"a12":10.88,"a3":8.53},"geometry":{"type":"Polygon","coordinates":[[[1.6127,45.1549],[1.6354,45.1522],[1.6491,45.1438],[1.6467,45.138],[1.637,45.1393],[1.6301,45.1334],[1.6234,45.1326],[1.6088,45.1359],[1.6127,45.1549]]]}},{"type":"Feature","properties":{"code":"19133","nom":"Mercœur","app":8.11,"app_bas":6.57,"app_haut":10.01,"app_ech":"maille","app_obs":7,"mai":7.39,"mai_bas":5.69,"mai_haut":9.61,"mai_ech":"maille","mai_obs":1,"a12":8.84,"a3":8.35},"geometry":{"type":"Polygon","coordinates":[[[1.9272,44.9788],[1.9078,44.9782],[1.9025,44.9949],[1.9044,45],[1.914,44.999],[1.9213,45.0046],[1.9328,45.021],[1.9501,45.0238],[1.9584,45.0325],[1.9644,45.0457],[1.9747,45.056],[1.983,45.061],[1.9882,45.0577],[1.9927,45.0365],[1.9787,45.015],[1.9792,45.0085],[1.9774,44.9911],[1.9721,44.9883],[1.9557,44.9874],[1.9455,44.9833],[1.9353,44.9836],[1.9272,44.9788]]]}},{"type":"Feature","properties":{"code":"19141","nom":"Monestier-Merlines","app":7.24,"app_bas":5.74,"app_haut":9.13,"app_ech":"maille","app_obs":7,"mai":8.81,"mai_bas":6.67,"mai_haut":11.65,"mai_ech":"maille","mai_obs":12,"a12":9.61,"a3":8.61},"geometry":{"type":"Polygon","coordinates":[[[2.4588,45.6526],[2.4784,45.6594],[2.4832,45.6679],[2.4806,45.6724],[2.4872,45.6693],[2.5093,45.6547],[2.5189,45.6471],[2.514,45.6394],[2.5011,45.6387],[2.4897,45.6424],[2.482,45.6352],[2.4714,45.6393],[2.4668,45.6477],[2.4588,45.6526]]]}},{"type":"Feature","properties":{"code":"19187","nom":"Saint-Bonnet-la-Rivière","app":8.97,"app_bas":7.21,"app_haut":11.16,"app_ech":"maille","app_obs":1,"mai":7.58,"mai_bas":6.11,"mai_haut":9.41,"mai_ech":"maille","mai_obs":3,"a12":11.57,"a3":6.88},"geometry":{"type":"Polygon","coordinates":[[[1.3364,45.2806],[1.3321,45.2901],[1.3345,45.2894],[1.3505,45.2987],[1.367,45.3188],[1.374,45.3214],[1.3765,45.3084],[1.3838,45.2969],[1.3674,45.2876],[1.3638,45.2835],[1.3661,45.2692],[1.3511,45.2737],[1.3364,45.2806]]]}},{"type":"Feature","properties":{"code":"19081","nom":"Eyrein","app":8.49,"app_bas":6.89,"app_haut":10.46,"app_ech":"maille","app_obs":8,"mai":7.39,"mai_bas":5.69,"mai_haut":9.61,"mai_ech":"maille","mai_obs":28,"a12":9.98,"a3":6.95},"geometry":{"type":"Polygon","coordinates":[[[1.9676,45.3588],[1.9725,45.3557],[1.9678,45.3465],[1.9714,45.3391],[1.9843,45.3374],[2.0032,45.3373],[2.0073,45.3354],[2.0003,45.3324],[1.9891,45.3346],[1.9769,45.3264],[1.9806,45.3188],[1.969,45.3101],[1.9607,45.309],[1.9555,45.316],[1.9478,45.3189],[1.9426,45.3099],[1.9446,45.2977],[1.9434,45.2961],[1.9303,45.2976],[1.9164,45.3021],[1.9051,45.3187],[1.9023,45.3335],[1.9037,45.3401],[1.9155,45.3395],[1.9326,45.3425],[1.9577,45.3571],[1.9676,45.3588]]]}},{"type":"Feature","properties":{"code":"19205","nom":"Saint-Geniez-ô-Merle","app":6.7,"app_bas":5.31,"app_haut":8.45,"app_ech":"maille","app_obs":0,"mai":7.39,"mai_bas":5.69,"mai_haut":9.61,"mai_ech":"maille","mai_obs":3,"a12":8.81,"a3":6.7},"geometry":{"type":"Polygon","coordinates":[[[2.0389,45.1129],[2.0487,45.1038],[2.0632,45.1048],[2.0647,45.0958],[2.0769,45.0868],[2.0822,45.0732],[2.0895,45.0716],[2.1002,45.062],[2.0952,45.056],[2.0863,45.0597],[2.0718,45.0586],[2.0646,45.0688],[2.0493,45.0675],[2.0268,45.0841],[2.032,45.0956],[2.0363,45.0995],[2.0332,45.1114],[2.0389,45.1129]]]}},{"type":"Feature","properties":{"code":"19283","nom":"Veyrières","app":8.87,"app_bas":7,"app_haut":11.24,"app_ech":"maille","app_obs":3,"mai":6.86,"mai_bas":5.34,"mai_haut":8.81,"mai_ech":"maille","mai_obs":3,"a12":11.39,"a3":6.61},"geometry":{"type":"Polygon","coordinates":[[[2.3854,45.4812],[2.3787,45.484],[2.3851,45.491],[2.3857,45.4973],[2.396,45.4994],[2.4105,45.4953],[2.4125,45.4906],[2.4053,45.4824],[2.4002,45.479],[2.3854,45.4812]]]}},{"type":"Feature","properties":{"code":"19240","nom":"Saint-Salvadour","app":8.49,"app_bas":6.89,"app_haut":10.46,"app_ech":"maille","app_obs":2,"mai":8.15,"mai_bas":6.22,"mai_haut":10.69,"mai_ech":"maille","mai_obs":19,"a12":9.98,"a3":6.95},"geometry":{"type":"Polygon","coordinates":[[[1.7853,45.3621],[1.7691,45.3569],[1.756,45.3734],[1.7487,45.373],[1.744,45.378],[1.7458,45.3863],[1.7344,45.3967],[1.7433,45.4134],[1.7498,45.417],[1.769,45.4126],[1.7772,45.4129],[1.7932,45.4088],[1.7952,45.3973],[1.7876,45.3792],[1.7823,45.3769],[1.7853,45.3621]]]}},{"type":"Feature","properties":{"code":"19132","nom":"Ménoire","app":8.11,"app_bas":6.57,"app_haut":10.01,"app_ech":"maille","app_obs":6,"mai":7.12,"mai_bas":5.62,"mai_haut":9.02,"mai_ech":"maille","mai_obs":3,"a12":8.84,"a3":6.95},"geometry":{"type":"Polygon","coordinates":[[[1.7775,45.1221],[1.7854,45.1174],[1.8009,45.1204],[1.8045,45.1096],[1.8128,45.0969],[1.8113,45.0909],[1.7952,45.0896],[1.7906,45.0942],[1.7766,45.1048],[1.7775,45.1221]]]}},{"type":"Feature","properties":{"code":"19167","nom":"Confolent-Port-Dieu","app":7.24,"app_bas":5.74,"app_haut":9.13,"app_ech":"maille","app_obs":0,"mai":8.81,"mai_bas":6.67,"mai_haut":11.65,"mai_ech":"maille","mai_obs":2,"a12":11.39,"a3":6.61},"geometry":{"type":"Polygon","coordinates":[[[2.4963,45.5568],[2.5065,45.5534],[2.5159,45.5539],[2.5182,45.5436],[2.5165,45.524],[2.5204,45.5205],[2.5115,45.5112],[2.509,45.5002],[2.506,45.5037],[2.5089,45.513],[2.5053,45.5193],[2.4899,45.5299],[2.4789,45.5308],[2.4695,45.5211],[2.4656,45.5347],[2.4864,45.5425],[2.4864,45.5521],[2.4963,45.5568]]]}},{"type":"Feature","properties":{"code":"19209","nom":"Saint-Hilaire-les-Courbes","app":7.78,"app_bas":5.98,"app_haut":10.12,"app_ech":"maille","app_obs":0,"mai":6.9,"mai_bas":5.48,"mai_haut":8.68,"mai_ech":"maille","mai_obs":0,"a12":8.75,"a3":7.33},"geometry":{"type":"Polygon","coordinates":[[[1.7849,45.6251],[1.7955,45.6246],[1.8004,45.6189],[1.8089,45.6166],[1.8165,45.6216],[1.8176,45.6323],[1.8231,45.6322],[1.844,45.6231],[1.8493,45.6231],[1.8562,45.6197],[1.8554,45.6012],[1.8592,45.5993],[1.8736,45.6023],[1.8766,45.595],[1.8824,45.5896],[1.8659,45.583],[1.86,45.5763],[1.8454,45.5781],[1.8368,45.5736],[1.8253,45.5655],[1.8188,45.5735],[1.8126,45.5765],[1.8073,45.5724],[1.7963,45.5757],[1.7934,45.5795],[1.7983,45.5865],[1.7605,45.5838],[1.759,45.5921],[1.7743,45.6008],[1.781,45.607],[1.7858,45.6186],[1.7849,45.6251]]]}},{"type":"Feature","properties":{"code":"19242","nom":"Saint-Solve","app":8.97,"app_bas":7.21,"app_haut":11.16,"app_ech":"maille","app_obs":8,"mai":7.58,"mai_bas":6.11,"mai_haut":9.41,"mai_ech":"maille","mai_obs":15,"a12":11.57,"a3":6.7},"geometry":{"type":"Polygon","coordinates":[[[1.3858,45.2952],[1.3884,45.3025],[1.3982,45.3138],[1.401,45.3249],[1.4125,45.3236],[1.4164,45.3141],[1.4119,45.2995],[1.4115,45.2897],[1.4042,45.2883],[1.3894,45.2923],[1.3858,45.2952]]]}},{"type":"Feature","properties":{"code":"19254","nom":"Ségur-le-Château","app":9.87,"app_bas":7.89,"app_haut":12.35,"app_ech":"maille","app_obs":0,"mai":7.15,"mai_bas":5.46,"mai_haut":9.37,"mai_ech":"maille","mai_obs":15,"a12":11.11,"a3":6.88},"geometry":{"type":"Polygon","coordinates":[[[1.3098,45.4451],[1.31,45.4358],[1.3279,45.4295],[1.3292,45.4216],[1.317,45.4122],[1.3046,45.4117],[1.2892,45.4173],[1.2882,45.4273],[1.2724,45.4373],[1.2866,45.441],[1.295,45.4453],[1.3098,45.4451]]]}},{"type":"Feature","properties":{"code":"19068","nom":"Dampniat","app":9.76,"app_bas":7.94,"app_haut":12.01,"app_ech":"maille","app_obs":17,"mai":9.49,"mai_bas":7.26,"mai_haut":12.4,"mai_ech":"maille","mai_obs":37,"a12":10.88,"a3":8.01},"geometry":{"type":"Polygon","coordinates":[[[1.6127,45.1549],[1.598,45.1607],[1.5975,45.1663],[1.603,45.1754],[1.6176,45.1706],[1.6247,45.1757],[1.6376,45.181],[1.6595,45.1826],[1.6697,45.1718],[1.6799,45.1694],[1.6765,45.164],[1.6698,45.1629],[1.656,45.1538],[1.6531,45.1478],[1.6551,45.1402],[1.6467,45.138],[1.6491,45.1438],[1.6354,45.1522],[1.6127,45.1549]]]}},{"type":"Feature","properties":{"code":"19179","nom":"Saillac","app":9.67,"app_bas":7.66,"app_haut":12.21,"app_ech":"maille","app_obs":1,"mai":8.05,"mai_bas":6.37,"mai_haut":10.17,"mai_ech":"maille","mai_obs":8,"a12":10.88,"a3":8.01},"geometry":{"type":"Polygon","coordinates":[[[1.6324,45.0323],[1.6299,45.0478],[1.6353,45.0581],[1.6516,45.0451],[1.6529,45.0313],[1.6519,45.0253],[1.6324,45.0323]]]}},{"type":"Feature","properties":{"code":"19004","nom":"Albussac","app":7.89,"app_bas":6.15,"app_haut":10.12,"app_ech":"maille","app_obs":1,"mai":7.39,"mai_bas":5.69,"mai_haut":9.61,"mai_ech":"maille","mai_obs":19,"a12":10.81,"a3":6.95},"geometry":{"type":"Polygon","coordinates":[[[1.845,45.1617],[1.8507,45.159],[1.8467,45.1524],[1.8594,45.1396],[1.8634,45.1401],[1.8722,45.1279],[1.8713,45.1229],[1.8645,45.1205],[1.8529,45.1112],[1.843,45.1082],[1.8405,45.1184],[1.8324,45.1227],[1.8247,45.1233],[1.811,45.1202],[1.8009,45.1204],[1.7854,45.1174],[1.7775,45.1221],[1.7712,45.1347],[1.7743,45.1407],[1.7557,45.1547],[1.7561,45.158],[1.7753,45.1699],[1.7774,45.1635],[1.8021,45.1673],[1.8096,45.1621],[1.8255,45.1643],[1.8348,45.1612],[1.845,45.1617]]]}},{"type":"Feature","properties":{"code":"19024","nom":"Beyssac","app":8.69,"app_bas":7,"app_haut":10.8,"app_ech":"maille","app_obs":1,"mai":6.54,"mai_bas":5.16,"mai_haut":8.28,"mai_ech":"maille","mai_obs":7,"a12":11.72,"a3":6.7},"geometry":{"type":"Polygon","coordinates":[[[1.4354,45.3326],[1.4269,45.3434],[1.4185,45.3473],[1.4101,45.346],[1.3998,45.3491],[1.3939,45.3546],[1.3965,45.3675],[1.3944,45.3878],[1.3915,45.395],[1.3985,45.4029],[1.4084,45.4059],[1.4206,45.384],[1.4438,45.3785],[1.4534,45.3681],[1.4482,45.3644],[1.4454,45.3502],[1.4408,45.3386],[1.4354,45.3326]]]}},{"type":"Feature","properties":{"code":"19227","nom":"Saint-Mexant","app":9.76,"app_bas":7.94,"app_haut":12.01,"app_ech":"maille","app_obs":2,"mai":8.05,"mai_bas":6.37,"mai_haut":10.17,"mai_ech":"maille","mai_obs":31,"a12":10.88,"a3":8.53},"geometry":{"type":"Polygon","coordinates":[[[1.7052,45.3037],[1.7127,45.2986],[1.7075,45.2887],[1.7072,45.2828],[1.7208,45.2725],[1.7103,45.2682],[1.6954,45.2665],[1.6919,45.27],[1.6985,45.2762],[1.6903,45.2842],[1.6733,45.2871],[1.6686,45.2733],[1.6611,45.2694],[1.6501,45.2729],[1.647,45.2824],[1.6342,45.2793],[1.6302,45.2842],[1.6336,45.2912],[1.6432,45.3037],[1.6517,45.3054],[1.6582,45.2976],[1.6662,45.3015],[1.6693,45.3089],[1.688,45.3102],[1.7052,45.3037]]]}},{"type":"Feature","properties":{"code":"19259","nom":"Sexcles","app":8.11,"app_bas":6.57,"app_haut":10.01,"app_ech":"maille","app_obs":8,"mai":7.39,"mai_bas":5.69,"mai_haut":9.61,"mai_ech":"maille","mai_obs":6,"a12":8.81,"a3":5.98},"geometry":{"type":"Polygon","coordinates":[[[1.9792,45.0085],[1.9787,45.015],[1.9927,45.0365],[1.9882,45.0577],[1.9924,45.0588],[2.0037,45.0746],[2.0119,45.081],[2.0268,45.0841],[2.0493,45.0675],[2.0421,45.0628],[2.0363,45.0416],[2.0454,45.0302],[2.047,45.0067],[2.0402,45.0094],[2.0238,45.0213],[2.0238,45.0272],[2.0165,45.0312],[2.0062,45.033],[1.9968,45.0198],[1.9792,45.0085]]]}},{"type":"Feature","properties":{"code":"19275","nom":"Ussel","app":10.32,"app_bas":8.14,"app_haut":13.07,"app_ech":"commune","app_obs":1897,"mai":7.51,"mai_bas":5.96,"mai_haut":9.46,"mai_ech":"commune","mai_obs":279,"a12":11.02,"a3":8.17},"geometry":{"type":"Polygon","coordinates":[[[2.2327,45.5301],[2.2341,45.5336],[2.2471,45.5378],[2.2567,45.535],[2.2674,45.5431],[2.2608,45.5531],[2.2708,45.5548],[2.2767,45.5599],[2.2818,45.5734],[2.2913,45.5744],[2.2955,45.5806],[2.3009,45.5827],[2.2998,45.5911],[2.3048,45.5991],[2.3114,45.6005],[2.3183,45.5944],[2.3329,45.5924],[2.3429,45.5942],[2.3561,45.5815],[2.3492,45.5727],[2.3536,45.5648],[2.3495,45.5587],[2.3407,45.5557],[2.3449,45.5404],[2.3393,45.5305],[2.3271,45.5277],[2.3166,45.5129],[2.2965,45.5077],[2.286,45.5071],[2.2747,45.5104],[2.2592,45.5072],[2.2584,45.5123],[2.2664,45.5237],[2.2599,45.5258],[2.2513,45.5236],[2.2471,45.5291],[2.2327,45.5301]]]}},{"type":"Feature","properties":{"code":"19248","nom":"Saint-Ybard","app":8.97,"app_bas":7.21,"app_haut":11.16,"app_ech":"maille","app_obs":27,"mai":6.54,"mai_bas":5.16,"mai_haut":8.28,"mai_ech":"maille","mai_obs":46,"a12":11.11,"a3":7.33},"geometry":{"type":"Polygon","coordinates":[[[1.4716,45.4835],[1.4747,45.487],[1.4788,45.4879],[1.4992,45.4855],[1.5088,45.4816],[1.5204,45.4691],[1.5344,45.4746],[1.5461,45.4653],[1.5545,45.4668],[1.5577,45.4588],[1.5581,45.4496],[1.5536,45.4464],[1.5435,45.4455],[1.5435,45.44],[1.5504,45.4324],[1.5474,45.4264],[1.5279,45.4174],[1.5267,45.4054],[1.5082,45.4115],[1.5057,45.4207],[1.495,45.4241],[1.4984,45.4403],[1.4961,45.4519],[1.482,45.4777],[1.4738,45.4809],[1.4716,45.4835]]]}},{"type":"Feature","properties":{"code":"19061","nom":"Cornil","app":9.76,"app_bas":7.94,"app_haut":12.01,"app_ech":"maille","app_obs":85,"mai":8.05,"mai_bas":6.37,"mai_haut":10.17,"mai_ech":"maille","mai_obs":40,"a12":10.88,"a3":8.53},"geometry":{"type":"Polygon","coordinates":[[[1.7215,45.1872],[1.7082,45.1926],[1.6911,45.1936],[1.6804,45.199],[1.6783,45.2062],[1.6701,45.2072],[1.6654,45.2102],[1.6565,45.2269],[1.6608,45.2352],[1.6714,45.2376],[1.6809,45.2311],[1.7013,45.2204],[1.7163,45.2321],[1.7281,45.2325],[1.73,45.2301],[1.7299,45.2092],[1.7255,45.2072],[1.7304,45.1966],[1.7215,45.1872]]]}},{"type":"Feature","properties":{"code":"19138","nom":"Meyssac","app":9.51,"app_bas":7.39,"app_haut":12.23,"app_ech":"commune","app_obs":119,"mai":7.12,"mai_bas":5.62,"mai_haut":9.02,"mai_ech":"maille","mai_obs":47,"a12":10.81,"a3":7.15},"geometry":{"type":"Polygon","coordinates":[[[1.6677,45.0366],[1.6686,45.0594],[1.6711,45.0728],[1.6918,45.0682],[1.7052,45.0611],[1.7061,45.0485],[1.6947,45.0432],[1.6886,45.0292],[1.6818,45.0238],[1.6677,45.0366]]]}},{"type":"Feature","properties":{"code":"19152","nom":"Nonards","app":7.89,"app_bas":6.15,"app_haut":10.12,"app_ech":"maille","app_obs":10,"mai":7.12,"mai_bas":5.62,"mai_haut":9.02,"mai_ech":"maille","mai_obs":16,"a12":10.81,"a3":6.95},"geometry":{"type":"Polygon","coordinates":[[[1.809,45.0015],[1.7969,44.997],[1.7875,44.999],[1.7913,45.0119],[1.7905,45.0168],[1.8004,45.0169],[1.7916,45.0281],[1.8012,45.0263],[1.7977,45.0353],[1.8003,45.0396],[1.8124,45.0455],[1.826,45.0355],[1.8273,45.0226],[1.8171,45.0189],[1.8193,45.0111],[1.8277,45.0049],[1.8295,45.0002],[1.8204,45.0065],[1.809,45.0015]]]}},{"type":"Feature","properties":{"code":"19204","nom":"Saint-Fréjoux","app":8.87,"app_bas":7,"app_haut":11.24,"app_ech":"maille","app_obs":2,"mai":6.49,"mai_bas":5.16,"mai_haut":8.16,"mai_ech":"maille","mai_obs":8,"a12":11.39,"a3":6.61},"geometry":{"type":"Polygon","coordinates":[[[2.3393,45.5305],[2.3449,45.5404],[2.3407,45.5557],[2.3495,45.5587],[2.3536,45.5648],[2.3492,45.5727],[2.3561,45.5815],[2.3649,45.5798],[2.3795,45.585],[2.3957,45.5789],[2.4035,45.5737],[2.4047,45.5625],[2.4168,45.5564],[2.425,45.5435],[2.4061,45.5385],[2.388,45.5353],[2.3578,45.537],[2.3445,45.5287],[2.3393,45.5305]]]}},{"type":"Feature","properties":{"code":"19261","nom":"Sornac","app":7.51,"app_bas":5.89,"app_haut":9.57,"app_ech":"maille","app_obs":38,"mai":6.49,"mai_bas":5.16,"mai_haut":8.16,"mai_ech":"maille","mai_obs":25,"a12":9.61,"a3":6.51},"geometry":{"type":"Polygon","coordinates":[[[2.2356,45.6645],[2.2238,45.6619],[2.2229,45.668],[2.2112,45.6673],[2.2043,45.6597],[2.1899,45.6511],[2.188,45.642],[2.1984,45.6434],[2.209,45.6419],[2.2175,45.6326],[2.2114,45.6235],[2.1974,45.6233],[2.176,45.6178],[2.1715,45.6143],[2.1543,45.6254],[2.1417,45.6397],[2.1383,45.6462],[2.1118,45.6443],[2.1186,45.6584],[2.1311,45.6671],[2.1628,45.6757],[2.1685,45.68],[2.1699,45.6875],[2.155,45.7002],[2.1647,45.7102],[2.1649,45.7174],[2.1566,45.7216],[2.1609,45.7358],[2.1743,45.7322],[2.183,45.7206],[2.2023,45.7186],[2.194,45.699],[2.2053,45.6987],[2.2124,45.7036],[2.2127,45.7128],[2.2153,45.7056],[2.2219,45.6981],[2.2379,45.6929],[2.2371,45.6864],[2.2314,45.678],[2.2411,45.6719],[2.2356,45.6645]]]}},{"type":"Feature","properties":{"code":"19199","nom":"Saint-Étienne-aux-Clos","app":7.24,"app_bas":5.74,"app_haut":9.13,"app_ech":"maille","app_obs":1,"mai":6.86,"mai_bas":5.34,"mai_haut":8.81,"mai_ech":"maille","mai_obs":10,"a12":11.39,"a3":6.61},"geometry":{"type":"Polygon","coordinates":[[[2.4464,45.5328],[2.425,45.5435],[2.4168,45.5564],[2.4047,45.5625],[2.4035,45.5737],[2.4162,45.5853],[2.4415,45.5971],[2.4465,45.6067],[2.459,45.6068],[2.4655,45.601],[2.4646,45.5944],[2.4718,45.5861],[2.4725,45.5809],[2.4874,45.5694],[2.4909,45.5604],[2.4963,45.5568],[2.4864,45.5521],[2.4864,45.5425],[2.4656,45.5347],[2.4464,45.5328]]]}},{"type":"Feature","properties":{"code":"19266","nom":"Thalamy","app":7.24,"app_bas":5.74,"app_haut":9.13,"app_ech":"maille","app_obs":0,"mai":8.81,"mai_bas":6.67,"mai_haut":11.65,"mai_ech":"maille","mai_obs":0,"a12":11.39,"a3":6.61},"geometry":{"type":"Polygon","coordinates":[[[2.4651,45.4781],[2.4548,45.4787],[2.4381,45.4981],[2.4435,45.5039],[2.4511,45.5267],[2.4464,45.5328],[2.4656,45.5347],[2.4703,45.518],[2.484,45.5061],[2.462,45.5011],[2.4708,45.4976],[2.4717,45.4921],[2.4651,45.4781]]]}},{"type":"Feature","properties":{"code":"19007","nom":"Altillac","app":8.11,"app_bas":6.57,"app_haut":10.01,"app_ech":"maille","app_obs":22,"mai":7.12,"mai_bas":5.62,"mai_haut":9.02,"mai_ech":"maille","mai_obs":16,"a12":13.04,"a3":8.35},"geometry":{"type":"Polygon","coordinates":[[[1.8871,44.9563],[1.867,44.9529],[1.8634,44.9488],[1.8511,44.9462],[1.8503,44.9647],[1.8434,44.9777],[1.8301,44.9836],[1.8326,44.9983],[1.8513,45.0051],[1.872,45.0045],[1.8864,45.0078],[1.887,45.002],[1.8929,44.9958],[1.9025,44.9949],[1.9078,44.9782],[1.8927,44.9649],[1.8871,44.9563]]]}},{"type":"Feature","properties":{"code":"19082","nom":"Favars","app":9.76,"app_bas":7.94,"app_haut":12.01,"app_ech":"maille","app_obs":27,"mai":8.05,"mai_bas":6.37,"mai_haut":10.17,"mai_ech":"maille","mai_obs":14,"a12":10.88,"a3":8.01},"geometry":{"type":"Polygon","coordinates":[[[1.6534,45.2457],[1.652,45.2556],[1.6417,45.2627],[1.6501,45.2729],[1.6611,45.2694],[1.6686,45.2733],[1.6733,45.2871],[1.6903,45.2842],[1.6985,45.2762],[1.6919,45.27],[1.6954,45.2665],[1.6869,45.2614],[1.6797,45.2495],[1.6646,45.2393],[1.6534,45.2457]]]}},{"type":"Feature","properties":{"code":"19137","nom":"Meyrignac-l'Église","app":8.49,"app_bas":6.89,"app_haut":10.46,"app_ech":"maille","app_obs":0,"mai":6.9,"mai_bas":5.48,"mai_haut":8.68,"mai_ech":"maille","mai_obs":0,"a12":9.98,"a3":6.21},"geometry":{"type":"Polygon","coordinates":[[[1.8276,45.3944],[1.8384,45.3985],[1.8538,45.4179],[1.8623,45.4173],[1.8688,45.4132],[1.8768,45.4165],[1.8791,45.4218],[1.894,45.4283],[1.8936,45.412],[1.8873,45.4034],[1.8843,45.4062],[1.8683,45.4099],[1.863,45.3977],[1.8643,45.391],[1.8585,45.3837],[1.83,45.3849],[1.8276,45.3944]]]}},{"type":"Feature","properties":{"code":"19157","nom":"Palisse","app":7.98,"app_bas":5.29,"app_haut":12.03,"app_ech":"maille","app_obs":0,"mai":6.86,"mai_bas":5.34,"mai_haut":8.81,"mai_ech":"maille","mai_obs":4,"a12":9.26,"a3":5.94},"geometry":{"type":"Polygon","coordinates":[[[2.1436,45.422],[2.1455,45.4321],[2.1551,45.4364],[2.1706,45.4407],[2.1956,45.4552],[2.2038,45.4561],[2.2094,45.4513],[2.2227,45.4547],[2.2407,45.4527],[2.2655,45.4606],[2.2692,45.4518],[2.2721,45.4395],[2.2552,45.4313],[2.2398,45.4264],[2.2327,45.4217],[2.2157,45.4182],[2.2013,45.4061],[2.1924,45.4071],[2.1903,45.4122],[2.1722,45.4123],[2.1474,45.4152],[2.1436,45.422]]]}},{"type":"Feature","properties":{"code":"19182","nom":"Saint-Aulaire","app":8.97,"app_bas":7.21,"app_haut":11.16,"app_ech":"maille","app_obs":24,"mai":7.58,"mai_bas":6.11,"mai_haut":9.41,"mai_ech":"maille","mai_obs":18,"a12":11.57,"a3":8.53},"geometry":{"type":"Polygon","coordinates":[[[1.3911,45.2519],[1.3975,45.2535],[1.4089,45.2469],[1.4121,45.2416],[1.4219,45.2326],[1.4041,45.2257],[1.3751,45.2258],[1.362,45.2203],[1.3553,45.2351],[1.3729,45.2434],[1.3802,45.2497],[1.3911,45.2519]]]}},{"type":"Feature","properties":{"code":"19115","nom":"Ligneyrac","app":9.67,"app_bas":7.66,"app_haut":12.21,"app_ech":"maille","app_obs":3,"mai":8.05,"mai_bas":6.37,"mai_haut":10.17,"mai_ech":"maille","mai_obs":8,"a12":10.88,"a3":8.01},"geometry":{"type":"Polygon","coordinates":[[[1.6324,45.0323],[1.6147,45.033],[1.609,45.0289],[1.6081,45.0335],[1.5988,45.0445],[1.5988,45.0543],[1.6019,45.0576],[1.6278,45.0683],[1.639,45.0679],[1.6353,45.0581],[1.6299,45.0478],[1.6324,45.0323]]]}},{"type":"Feature","properties":{"code":"19263","nom":"Soudeilles","app":7.98,"app_bas":5.29,"app_haut":12.03,"app_ech":"maille","app_obs":1,"mai":6.9,"mai_bas":5.48,"mai_haut":8.68,"mai_ech":"maille","mai_obs":3,"a12":9.98,"a3":6.21},"geometry":{"type":"Polygon","coordinates":[[[2.0315,45.4467],[2.0391,45.4543],[2.0464,45.4682],[2.0542,45.4732],[2.067,45.4656],[2.0951,45.4608],[2.1064,45.4611],[2.0971,45.4478],[2.0702,45.4215],[2.0577,45.4232],[2.0428,45.416],[2.0344,45.4218],[2.035,45.4347],[2.044,45.4389],[2.0315,45.4467]]]}},{"type":"Feature","properties":{"code":"19050","nom":"Chauffour-sur-Vell","app":8.08,"app_bas":6.27,"app_haut":10.41,"app_ech":"maille","app_obs":0,"mai":7.12,"mai_bas":5.62,"mai_haut":9.02,"mai_ech":"maille","mai_obs":3,"a12":10.81,"a3":7.15},"geometry":{"type":"Polygon","coordinates":[[[1.6714,45.0043],[1.6545,45.017],[1.6519,45.0253],[1.6529,45.0313],[1.6583,45.0357],[1.6677,45.0366],[1.6818,45.0238],[1.6886,45.0292],[1.6922,45.0256],[1.6874,45.0216],[1.6904,45.0091],[1.6844,45.0027],[1.6714,45.0043]]]}},{"type":"Feature","properties":{"code":"19203","nom":"Sainte-Fortunade","app":8.05,"app_bas":6.25,"app_haut":10.36,"app_ech":"maille","app_obs":27,"mai":7.39,"mai_bas":5.69,"mai_haut":9.61,"mai_ech":"maille","mai_obs":46,"a12":10.88,"a3":6.95},"geometry":{"type":"Polygon","coordinates":[[[1.7753,45.1699],[1.7561,45.158],[1.7476,45.1631],[1.7492,45.1702],[1.7462,45.1754],[1.7501,45.1815],[1.7477,45.1882],[1.7366,45.1911],[1.7304,45.1966],[1.7255,45.2072],[1.7299,45.2092],[1.73,45.2301],[1.7281,45.2325],[1.734,45.242],[1.7453,45.2442],[1.7524,45.2506],[1.76,45.2517],[1.7663,45.2456],[1.7666,45.2383],[1.7767,45.2356],[1.7893,45.2262],[1.8017,45.2259],[1.804,45.2185],[1.8024,45.2072],[1.7983,45.2029],[1.7935,45.1831],[1.7874,45.1768],[1.7753,45.1699]]]}},{"type":"Feature","properties":{"code":"19236","nom":"Saint-Priest-de-Gimel","app":8.49,"app_bas":6.89,"app_haut":10.46,"app_ech":"maille","app_obs":54,"mai":7.39,"mai_bas":5.69,"mai_haut":9.61,"mai_ech":"maille","mai_obs":15,"a12":9.98,"a3":5.98},"geometry":{"type":"Polygon","coordinates":[[[1.8701,45.3288],[1.882,45.3374],[1.9036,45.3399],[1.9023,45.3335],[1.9051,45.3187],[1.9164,45.3021],[1.9303,45.2976],[1.9219,45.2862],[1.9292,45.2812],[1.9248,45.2771],[1.9135,45.2788],[1.9078,45.2852],[1.9161,45.2888],[1.9001,45.2966],[1.8878,45.2903],[1.8708,45.293],[1.8588,45.2982],[1.8723,45.3107],[1.8772,45.3183],[1.8701,45.3288]]]}},{"type":"Feature","properties":{"code":"19065","nom":"Courteix","app":8.87,"app_bas":7,"app_haut":11.24,"app_ech":"maille","app_obs":1,"mai":6.49,"mai_bas":5.16,"mai_haut":8.16,"mai_ech":"maille","mai_obs":1,"a12":11.39,"a3":6.61},"geometry":{"type":"Polygon","coordinates":[[[2.31,45.6599],[2.3229,45.6562],[2.3333,45.6562],[2.3341,45.6612],[2.3442,45.6647],[2.3524,45.6583],[2.3714,45.6495],[2.3663,45.6434],[2.3644,45.6333],[2.3517,45.636],[2.3386,45.6246],[2.3316,45.6275],[2.3297,45.634],[2.3241,45.6454],[2.31,45.6599]]]}},{"type":"Feature","properties":{"code":"19069","nom":"Darazac","app":8.49,"app_bas":6.89,"app_haut":10.46,"app_ech":"maille","app_obs":3,"mai":7.39,"mai_bas":5.69,"mai_haut":9.61,"mai_ech":"maille","mai_obs":2,"a12":8.84,"a3":5.98},"geometry":{"type":"Polygon","coordinates":[[[2.0576,45.1633],[2.0528,45.1701],[2.0424,45.1705],[2.0354,45.175],[2.0338,45.1801],[2.0472,45.1852],[2.0599,45.1852],[2.0662,45.1797],[2.0787,45.181],[2.0884,45.1912],[2.1047,45.1894],[2.113,45.1754],[2.1309,45.163],[2.1309,45.1608],[2.1202,45.1644],[2.1034,45.1602],[2.0976,45.1642],[2.0856,45.1672],[2.072,45.1613],[2.0576,45.1633]]]}},{"type":"Feature","properties":{"code":"19084","nom":"Forgès","app":7.89,"app_bas":6.15,"app_haut":10.12,"app_ech":"maille","app_obs":27,"mai":7.39,"mai_bas":5.69,"mai_haut":9.61,"mai_ech":"maille","mai_obs":11,"a12":10.81,"a3":6.95},"geometry":{"type":"Polygon","coordinates":[[[1.8875,45.1693],[1.8867,45.1474],[1.8821,45.1441],[1.8684,45.1432],[1.8634,45.1401],[1.8594,45.1396],[1.8467,45.1524],[1.8507,45.159],[1.845,45.1617],[1.8417,45.1701],[1.8431,45.1764],[1.8508,45.1789],[1.8566,45.1761],[1.8648,45.1765],[1.8668,45.1708],[1.8736,45.1672],[1.8875,45.1693]]]}},{"type":"Feature","properties":{"code":"19105","nom":"Lanteuil","app":7.89,"app_bas":6.15,"app_haut":10.12,"app_ech":"maille","app_obs":23,"mai":8.05,"mai_bas":6.37,"mai_haut":10.17,"mai_ech":"maille","mai_obs":26,"a12":10.88,"a3":8.53},"geometry":{"type":"Polygon","coordinates":[[[1.6063,45.1015],[1.6032,45.1106],[1.6018,45.1217],[1.6088,45.1359],[1.6234,45.1326],[1.6301,45.1334],[1.637,45.1393],[1.6467,45.138],[1.6551,45.1402],[1.6613,45.1403],[1.6712,45.1309],[1.6704,45.1233],[1.6835,45.1141],[1.6841,45.1115],[1.6813,45.106],[1.6535,45.1007],[1.6257,45.0983],[1.6063,45.1015]]]}},{"type":"Feature","properties":{"code":"19121","nom":"Lubersac","app":9.52,"app_bas":7.6,"app_haut":11.94,"app_ech":"commune","app_obs":115,"mai":6.54,"mai_bas":5.16,"mai_haut":8.28,"mai_ech":"maille","mai_obs":53,"a12":11.72,"a3":6.7},"geometry":{"type":"Polygon","coordinates":[[[1.4371,45.4234],[1.4201,45.4112],[1.4084,45.4059],[1.3985,45.4029],[1.3809,45.4121],[1.3745,45.4173],[1.3718,45.4278],[1.3611,45.4302],[1.3553,45.4343],[1.3429,45.4347],[1.354,45.441],[1.3567,45.453],[1.355,45.4622],[1.3501,45.4669],[1.3683,45.4894],[1.3789,45.4954],[1.404,45.4967],[1.4224,45.4896],[1.4279,45.494],[1.4364,45.4945],[1.4422,45.4855],[1.4425,45.4793],[1.4489,45.4747],[1.4518,45.459],[1.4496,45.4527],[1.4265,45.4314],[1.4276,45.4274],[1.4371,45.4234]]]}},{"type":"Feature","properties":{"code":"19212","nom":"Saint-Hilaire-Taurieux","app":7.89,"app_bas":6.15,"app_haut":10.12,"app_ech":"maille","app_obs":0,"mai":7.12,"mai_bas":5.62,"mai_haut":9.02,"mai_ech":"maille","mai_obs":0,"a12":10.81,"a3":5.98},"geometry":{"type":"Polygon","coordinates":[[[1.8448,45.0984],[1.8464,45.0952],[1.8477,45.0713],[1.8509,45.0573],[1.8233,45.0742],[1.8162,45.0804],[1.8113,45.0909],[1.8128,45.0969],[1.8448,45.0984]]]}},{"type":"Feature","properties":{"code":"19276","nom":"Uzerche","app":9.12,"app_bas":7.01,"app_haut":11.86,"app_ech":"commune","app_obs":420,"mai":6.54,"mai_bas":5.16,"mai_haut":8.28,"mai_ech":"maille","mai_obs":89,"a12":10.27,"a3":7.3},"geometry":{"type":"Polygon","coordinates":[[[1.5577,45.4588],[1.5691,45.4608],[1.5719,45.4401],[1.5818,45.4377],[1.5856,45.4441],[1.6006,45.4464],[1.6038,45.4406],[1.6026,45.4318],[1.6071,45.4244],[1.5903,45.4216],[1.5833,45.4172],[1.5881,45.4108],[1.5735,45.4045],[1.5729,45.3965],[1.5536,45.3955],[1.5452,45.3968],[1.5362,45.4032],[1.5267,45.4054],[1.5279,45.4174],[1.5474,45.4264],[1.5504,45.4324],[1.5435,45.44],[1.5435,45.4455],[1.5536,45.4464],[1.5581,45.4496],[1.5577,45.4588]]]}},{"type":"Feature","properties":{"code":"19160","nom":"Pérols-sur-Vézère","app":8.87,"app_bas":7,"app_haut":11.24,"app_ech":"maille","app_obs":0,"mai":6.9,"mai_bas":5.48,"mai_haut":8.68,"mai_ech":"maille","mai_obs":4,"a12":9.98,"a3":6.21},"geometry":{"type":"Polygon","coordinates":[[[1.9729,45.6201],[1.9815,45.6128],[2.0085,45.611],[2.0295,45.6047],[2.0242,45.5959],[2.0177,45.5927],[2.0334,45.5759],[2.0505,45.578],[2.0674,45.5712],[2.0676,45.567],[2.0489,45.5528],[2.0477,45.5481],[2.0542,45.5402],[2.04,45.5355],[2.04,45.5253],[2.0179,45.5363],[2.0073,45.5479],[2.0102,45.5617],[2.0014,45.5634],[1.9863,45.562],[1.9814,45.5589],[1.9803,45.5492],[1.9581,45.5544],[1.9547,45.5579],[1.9566,45.5654],[1.9525,45.58],[1.9627,45.5964],[1.9572,45.6088],[1.9575,45.6132],[1.9729,45.6201]]]}},{"type":"Feature","properties":{"code":"19031","nom":"Brive-la-Gaillarde","app":11.26,"app_bas":8.91,"app_haut":14.24,"app_ech":"commune","app_obs":10085,"mai":10.25,"mai_bas":7.84,"mai_haut":13.4,"mai_ech":"commune","mai_obs":1674,"a12":13.22,"a3":9.7},"geometry":{"type":"Polygon","coordinates":[[[1.4983,45.1101],[1.4904,45.1206],[1.4705,45.118],[1.4662,45.1193],[1.4722,45.1294],[1.4551,45.1293],[1.468,45.1432],[1.4755,45.1608],[1.4849,45.162],[1.4892,45.1722],[1.4935,45.1748],[1.5029,45.1693],[1.5114,45.1754],[1.5422,45.1828],[1.5514,45.176],[1.5525,45.1662],[1.5559,45.1607],[1.5694,45.1556],[1.5721,45.153],[1.5629,45.1323],[1.5548,45.1288],[1.5547,45.1223],[1.566,45.11],[1.5464,45.1052],[1.541,45.1093],[1.5277,45.1142],[1.5169,45.1227],[1.5108,45.1202],[1.508,45.1132],[1.4983,45.1101]]]}},{"type":"Feature","properties":{"code":"19103","nom":"Lamazière-Haute","app":8.87,"app_bas":7,"app_haut":11.24,"app_ech":"maille","app_obs":0,"mai":6.49,"mai_bas":5.16,"mai_haut":8.16,"mai_ech":"maille","mai_obs":1,"a12":11.39,"a3":6.21},"geometry":{"type":"Polygon","coordinates":[[[2.3485,45.7092],[2.3678,45.7131],[2.3657,45.6986],[2.3704,45.6894],[2.3949,45.6791],[2.4073,45.6807],[2.4164,45.6795],[2.4226,45.6715],[2.4164,45.6669],[2.4117,45.6566],[2.4025,45.6533],[2.4,45.6482],[2.3918,45.6475],[2.389,45.6531],[2.3755,45.6567],[2.3696,45.6601],[2.3663,45.6729],[2.3705,45.6847],[2.3476,45.7],[2.3485,45.7092]]]}},{"type":"Feature","properties":{"code":"19030","nom":"Brignac-la-Plaine","app":8.69,"app_bas":7,"app_haut":10.8,"app_ech":"maille","app_obs":0,"mai":8.67,"mai_bas":6.92,"mai_haut":10.87,"mai_ech":"maille","mai_obs":22,"a12":11.57,"a3":7.53},"geometry":{"type":"Polygon","coordinates":[[[1.2896,45.1889],[1.2947,45.1912],[1.3277,45.1958],[1.34,45.1985],[1.348,45.1973],[1.3582,45.1924],[1.3597,45.1844],[1.3572,45.179],[1.3646,45.1632],[1.3652,45.1542],[1.3467,45.1503],[1.3298,45.1587],[1.3111,45.1721],[1.3058,45.181],[1.2931,45.1804],[1.2862,45.1739],[1.2815,45.1742],[1.291,45.1834],[1.2896,45.1889]]]}},{"type":"Feature","properties":{"code":"19041","nom":"Chanac-les-Mines","app":8.05,"app_bas":6.25,"app_haut":10.36,"app_ech":"maille","app_obs":2,"mai":7.39,"mai_bas":5.69,"mai_haut":9.61,"mai_ech":"maille","mai_obs":5,"a12":9.98,"a3":6.95},"geometry":{"type":"Polygon","coordinates":[[[1.8391,45.2847],[1.8369,45.2805],[1.846,45.2677],[1.8422,45.2621],[1.8261,45.256],[1.8049,45.2545],[1.791,45.2499],[1.7807,45.2582],[1.7896,45.2624],[1.8209,45.2934],[1.8302,45.293],[1.8391,45.2847]]]}},{"type":"Feature","properties":{"code":"19045","nom":"Chapelle-Saint-Géraud","app":6.7,"app_bas":5.31,"app_haut":8.45,"app_ech":"maille","app_obs":3,"mai":7.39,"mai_bas":5.69,"mai_haut":9.61,"mai_ech":"maille","mai_obs":6,"a12":8.84,"a3":8.35},"geometry":{"type":"Polygon","coordinates":[[[1.9319,45.0595],[1.9421,45.0614],[1.9437,45.0717],[1.9609,45.0765],[1.9625,45.0812],[1.972,45.0742],[1.983,45.061],[1.9747,45.056],[1.9644,45.0457],[1.9584,45.0325],[1.9501,45.0238],[1.9328,45.021],[1.923,45.0258],[1.9154,45.0323],[1.9134,45.0403],[1.9248,45.0454],[1.9352,45.0522],[1.9319,45.0595]]]}},{"type":"Feature","properties":{"code":"19165","nom":"Peyrissac","app":8.97,"app_bas":7.21,"app_haut":11.16,"app_ech":"maille","app_obs":1,"mai":8.15,"mai_bas":6.22,"mai_haut":10.69,"mai_ech":"maille","mai_obs":5,"a12":9.98,"a3":6.21},"geometry":{"type":"Polygon","coordinates":[[[1.7208,45.5107],[1.7081,45.5004],[1.703,45.4997],[1.6916,45.489],[1.6847,45.4999],[1.6664,45.5103],[1.6693,45.515],[1.6904,45.5127],[1.6977,45.5093],[1.7141,45.5181],[1.7208,45.5107]]]}},{"type":"Feature","properties":{"code":"19234","nom":"Saint-Pardoux-l'Ortigier","app":8.97,"app_bas":7.21,"app_haut":11.16,"app_ech":"maille","app_obs":1,"mai":8.15,"mai_bas":6.22,"mai_haut":10.69,"mai_ech":"maille","mai_obs":12,"a12":10.88,"a3":8.53},"geometry":{"type":"Polygon","coordinates":[[[1.5602,45.306],[1.5631,45.3132],[1.5686,45.3172],[1.5693,45.3233],[1.5798,45.3207],[1.6024,45.3281],[1.6022,45.3222],[1.5947,45.3059],[1.5962,45.2891],[1.5938,45.28],[1.5954,45.2724],[1.5851,45.2683],[1.5828,45.274],[1.5678,45.2814],[1.5689,45.2897],[1.5602,45.306]]]}},{"type":"Feature","properties":{"code":"19006","nom":"Alleyrat","app":8.87,"app_bas":7,"app_haut":11.24,"app_ech":"maille","app_obs":0,"mai":6.49,"mai_bas":5.16,"mai_haut":8.16,"mai_ech":"maille","mai_obs":4,"a12":11.39,"a3":6.61},"geometry":{"type":"Polygon","coordinates":[[[2.2272,45.59],[2.2358,45.5869],[2.2379,45.5804],[2.231,45.5769],[2.2399,45.5718],[2.2373,45.565],[2.2409,45.5589],[2.2347,45.5514],[2.2435,45.5485],[2.2397,45.5441],[2.2264,45.5412],[2.2072,45.5395],[2.199,45.5487],[2.1965,45.579],[2.2017,45.5791],[2.2236,45.5908],[2.2272,45.59]]]}},{"type":"Feature","properties":{"code":"19028","nom":"Bort-les-Orgues","app":7.35,"app_bas":5.82,"app_haut":9.28,"app_ech":"commune","app_obs":606,"mai":6.47,"mai_bas":5.03,"mai_haut":8.31,"mai_ech":"commune","mai_obs":102,"a12":8.25,"a3":6.35},"geometry":{"type":"Polygon","coordinates":[[[2.5222,45.4026],[2.5262,45.3893],[2.5234,45.3815],[2.5107,45.3819],[2.4858,45.3789],[2.4802,45.3697],[2.4719,45.3753],[2.4735,45.3815],[2.4581,45.3848],[2.4415,45.3845],[2.4584,45.3929],[2.4656,45.3915],[2.4811,45.4042],[2.4805,45.4151],[2.4875,45.4182],[2.4928,45.4138],[2.516,45.4032],[2.5222,45.4026]]]}},{"type":"Feature","properties":{"code":"19013","nom":"Aubazines","app":9.76,"app_bas":7.94,"app_haut":12.01,"app_ech":"maille","app_obs":8,"mai":8.05,"mai_bas":6.37,"mai_haut":10.17,"mai_ech":"maille","mai_obs":31,"a12":10.88,"a3":8.53},"geometry":{"type":"Polygon","coordinates":[[[1.6799,45.1694],[1.6697,45.1718],[1.6508,45.1916],[1.6537,45.1974],[1.6701,45.2072],[1.6783,45.2062],[1.6804,45.199],[1.6911,45.1936],[1.7082,45.1926],[1.7215,45.1872],[1.7233,45.176],[1.7144,45.1663],[1.7119,45.1708],[1.701,45.1742],[1.688,45.1758],[1.6799,45.1694]]]}},{"type":"Feature","properties":{"code":"19047","nom":"Chartrier-Ferrière","app":9.67,"app_bas":7.66,"app_haut":12.21,"app_ech":"maille","app_obs":0,"mai":9.49,"mai_bas":7.26,"mai_haut":12.4,"mai_ech":"maille","mai_obs":16,"a12":10.88,"a3":8.01},"geometry":{"type":"Polygon","coordinates":[[[1.3996,45.0612],[1.4064,45.0693],[1.4012,45.0761],[1.4399,45.0719],[1.4425,45.0775],[1.4495,45.0814],[1.456,45.0786],[1.4587,45.057],[1.4679,45.0535],[1.4664,45.0492],[1.4427,45.0411],[1.4346,45.0301],[1.4217,45.0417],[1.4162,45.0502],[1.3996,45.0612]]]}},{"type":"Feature","properties":{"code":"19048","nom":"Chastang","app":8.05,"app_bas":6.25,"app_haut":10.36,"app_ech":"maille","app_obs":0,"mai":7.12,"mai_bas":5.62,"mai_haut":9.02,"mai_ech":"maille","mai_obs":8,"a12":10.81,"a3":7.15},"geometry":{"type":"Polygon","coordinates":[[[1.7215,45.1872],[1.7304,45.1966],[1.7366,45.1911],[1.7477,45.1882],[1.7501,45.1815],[1.7462,45.1754],[1.7492,45.1702],[1.7476,45.1631],[1.7421,45.1602],[1.7282,45.1599],[1.7165,45.1566],[1.7144,45.1663],[1.7233,45.176],[1.7215,45.1872]]]}},{"type":"Feature","properties":{"code":"19097","nom":"Lafage-sur-Sombre","app":7.65,"app_bas":6.16,"app_haut":9.51,"app_ech":"maille","app_obs":1,"mai":7.39,"mai_bas":5.69,"mai_haut":9.61,"mai_ech":"maille","mai_obs":1,"a12":9.98,"a3":5.98},"geometry":{"type":"Polygon","coordinates":[[[2.0527,45.3083],[2.063,45.3054],[2.072,45.3073],[2.0893,45.3204],[2.0941,45.3139],[2.1064,45.3048],[2.1113,45.2972],[2.1086,45.2867],[2.1122,45.2806],[2.0899,45.2806],[2.0828,45.2755],[2.0763,45.2622],[2.0681,45.265],[2.0636,45.2681],[2.0597,45.2807],[2.0498,45.2913],[2.0434,45.2915],[2.0288,45.2877],[2.0196,45.2874],[2.0238,45.2929],[2.0329,45.293],[2.0392,45.2997],[2.0502,45.2939],[2.0553,45.2987],[2.0527,45.3083]]]}},{"type":"Feature","properties":{"code":"19279","nom":"Vars-sur-Roseix","app":8.69,"app_bas":7,"app_haut":10.8,"app_ech":"maille","app_obs":0,"mai":7.58,"mai_bas":6.11,"mai_haut":9.41,"mai_ech":"maille","mai_obs":10,"a12":11.72,"a3":6.88},"geometry":{"type":"Polygon","coordinates":[[[1.3911,45.2519],[1.3884,45.2547],[1.3646,45.2526],[1.3518,45.2592],[1.3563,45.2685],[1.3507,45.2734],[1.3958,45.2597],[1.3975,45.2535],[1.3911,45.2519]]]}},{"type":"Feature","properties":{"code":"19286","nom":"Vignols","app":8.69,"app_bas":7,"app_haut":10.8,"app_ech":"maille","app_obs":29,"mai":7.58,"mai_bas":6.11,"mai_haut":9.41,"mai_ech":"maille","mai_obs":12,"a12":11.72,"a3":6.88},"geometry":{"type":"Polygon","coordinates":[[[1.3939,45.3546],[1.3998,45.3491],[1.4101,45.346],[1.4185,45.3473],[1.4269,45.3434],[1.4354,45.3326],[1.4296,45.327],[1.4274,45.3178],[1.4164,45.3141],[1.4125,45.3236],[1.401,45.3249],[1.3982,45.3138],[1.3884,45.3025],[1.3858,45.2952],[1.3838,45.2969],[1.3765,45.3084],[1.374,45.3214],[1.3744,45.3287],[1.3861,45.3406],[1.3927,45.3539],[1.3939,45.3546]]]}},{"type":"Feature","properties":{"code":"19005","nom":"Allassac","app":9.86,"app_bas":7.92,"app_haut":12.26,"app_ech":"commune","app_obs":413,"mai":8.97,"mai_bas":6.84,"mai_haut":11.75,"mai_ech":"commune","mai_obs":140,"a12":10.75,"a3":8.48},"geometry":{"type":"Polygon","coordinates":[[[1.4707,45.2962],[1.4966,45.2935],[1.5121,45.2789],[1.518,45.2762],[1.5146,45.2595],[1.5049,45.2519],[1.4968,45.2408],[1.4981,45.2336],[1.4947,45.2237],[1.4811,45.2268],[1.4735,45.231],[1.4618,45.2299],[1.443,45.2323],[1.4321,45.2274],[1.4349,45.2193],[1.4077,45.2226],[1.4041,45.2257],[1.4219,45.2326],[1.4121,45.2416],[1.4266,45.2489],[1.4354,45.2513],[1.4358,45.258],[1.4283,45.264],[1.4288,45.2678],[1.4487,45.2604],[1.455,45.2615],[1.4546,45.2687],[1.4587,45.2771],[1.4676,45.2865],[1.4707,45.2962]]]}},{"type":"Feature","properties":{"code":"19011","nom":"Arnac-Pompadour","app":10.27,"app_bas":8.16,"app_haut":12.92,"app_ech":"commune","app_obs":165,"mai":6.54,"mai_bas":5.16,"mai_haut":8.28,"mai_ech":"maille","mai_obs":64,"a12":11.96,"a3":6.88},"geometry":{"type":"Polygon","coordinates":[[[1.3429,45.4347],[1.3553,45.4343],[1.3611,45.4302],[1.3718,45.4278],[1.3745,45.4173],[1.3809,45.4121],[1.3985,45.4029],[1.3915,45.395],[1.381,45.3961],[1.3704,45.3895],[1.3608,45.3895],[1.3466,45.3926],[1.3462,45.3981],[1.3339,45.4089],[1.3363,45.4233],[1.3424,45.4296],[1.3429,45.4347]]]}},{"type":"Feature","properties":{"code":"19268","nom":"Toy-Viam","app":7.98,"app_bas":5.29,"app_haut":12.03,"app_ech":"maille","app_obs":0,"mai":6.49,"mai_bas":5.16,"mai_haut":8.16,"mai_ech":"maille","mai_obs":1,"a12":8.75,"a3":6.21},"geometry":{"type":"Polygon","coordinates":[[[1.8982,45.6532],[1.9197,45.6564],[1.9245,45.6603],[1.9342,45.6592],[1.936,45.6634],[1.9502,45.6575],[1.9436,45.6466],[1.9558,45.6382],[1.9373,45.6265],[1.9247,45.6277],[1.9147,45.639],[1.9131,45.6447],[1.8982,45.6532]]]}},{"type":"Feature","properties":{"code":"19025","nom":"Beyssenac","app":9.87,"app_bas":7.89,"app_haut":12.35,"app_ech":"maille","app_obs":4,"mai":7.58,"mai_bas":6.11,"mai_haut":9.41,"mai_ech":"maille","mai_obs":9,"a12":11.72,"a3":6.7},"geometry":{"type":"Polygon","coordinates":[[[1.3232,45.3831],[1.3159,45.3845],[1.2988,45.3946],[1.2876,45.3857],[1.2798,45.3845],[1.2719,45.3972],[1.2596,45.3984],[1.2564,45.4054],[1.2591,45.4198],[1.2716,45.4183],[1.2764,45.4135],[1.2892,45.4173],[1.3046,45.4117],[1.317,45.4122],[1.3292,45.4216],[1.3363,45.4233],[1.3339,45.4089],[1.3462,45.3981],[1.3466,45.3926],[1.3232,45.3831]]]}},{"type":"Feature","properties":{"code":"19052","nom":"Chavanac","app":7.98,"app_bas":5.29,"app_haut":12.03,"app_ech":"maille","app_obs":3,"mai":6.49,"mai_bas":5.16,"mai_haut":8.16,"mai_ech":"maille","mai_obs":0,"a12":9.26,"a3":6.21},"geometry":{"type":"Polygon","coordinates":[[[2.0735,45.6225],[2.0818,45.6259],[2.0883,45.6344],[2.1051,45.6334],[2.1254,45.6274],[2.1272,45.6217],[2.1116,45.6125],[2.1064,45.6058],[2.0967,45.6021],[2.0968,45.598],[2.0909,45.5992],[2.088,45.6133],[2.0773,45.6111],[2.0735,45.6225]]]}},{"type":"Feature","properties":{"code":"19078","nom":"Estivaux","app":8.69,"app_bas":7,"app_haut":10.8,"app_ech":"maille","app_obs":1,"mai":6.54,"mai_bas":5.16,"mai_haut":8.28,"mai_ech":"maille","mai_obs":5,"a12":11.11,"a3":6.88},"geometry":{"type":"Polygon","coordinates":[[[1.4707,45.2962],[1.4705,45.3051],[1.4634,45.3169],[1.4714,45.3189],[1.4669,45.3255],[1.4892,45.3353],[1.4963,45.3456],[1.4999,45.3441],[1.5151,45.3472],[1.5202,45.3434],[1.5127,45.3362],[1.5136,45.327],[1.528,45.314],[1.5107,45.3056],[1.4927,45.2941],[1.4707,45.2962]]]}},{"type":"Feature","properties":{"code":"19190","nom":"Saint-Bonnet-près-Bort","app":7.24,"app_bas":5.74,"app_haut":9.13,"app_ech":"maille","app_obs":2,"mai":6.86,"mai_bas":5.34,"mai_haut":8.81,"mai_ech":"maille","mai_obs":14,"a12":9.26,"a3":5.93},"geometry":{"type":"Polygon","coordinates":[[[2.4377,45.478],[2.4337,45.4761],[2.4293,45.481],[2.4053,45.4824],[2.4125,45.4906],[2.4105,45.4953],[2.396,45.4994],[2.3966,45.5067],[2.4088,45.5085],[2.4084,45.522],[2.4217,45.5291],[2.4342,45.5385],[2.4464,45.5328],[2.4511,45.5267],[2.4435,45.5039],[2.4381,45.4981],[2.4478,45.4867],[2.4395,45.4861],[2.4377,45.478]]]}},{"type":"Feature","properties":{"code":"19211","nom":"Saint-Hilaire-Peyroux","app":9.67,"app_bas":7.66,"app_haut":12.21,"app_ech":"maille","app_obs":49,"mai":8.05,"mai_bas":6.37,"mai_haut":10.17,"mai_ech":"maille","mai_obs":49,"a12":10.88,"a3":8.53},"geometry":{"type":"Polygon","coordinates":[[[1.6365,45.2462],[1.6534,45.2457],[1.6646,45.2393],[1.6662,45.237],[1.6608,45.2352],[1.6565,45.2269],[1.6654,45.2102],[1.6701,45.2072],[1.6537,45.1974],[1.6508,45.1916],[1.6595,45.1826],[1.6376,45.181],[1.6247,45.1757],[1.6208,45.1843],[1.636,45.2009],[1.628,45.2034],[1.6151,45.2017],[1.6235,45.2179],[1.619,45.2253],[1.6278,45.2332],[1.634,45.2336],[1.6365,45.2462]]]}},{"type":"Feature","properties":{"code":"19231","nom":"Saint-Pardoux-la-Croisille","app":8.05,"app_bas":6.25,"app_haut":10.36,"app_ech":"maille","app_obs":0,"mai":7.39,"mai_bas":5.69,"mai_haut":9.61,"mai_ech":"maille","mai_obs":0,"a12":8.84,"a3":5.98},"geometry":{"type":"Polygon","coordinates":[[[1.9862,45.2283],[1.9691,45.2314],[1.9653,45.2393],[1.9598,45.2401],[1.9559,45.2334],[1.9458,45.2285],[1.9354,45.231],[1.9309,45.2372],[1.9308,45.2492],[1.9376,45.2557],[1.9564,45.2567],[1.9714,45.2602],[1.9813,45.2677],[1.9873,45.2794],[1.9928,45.2783],[2.0039,45.2592],[2.0033,45.2534],[1.9942,45.2464],[1.9877,45.2454],[1.9911,45.2371],[1.9862,45.2283]]]}},{"type":"Feature","properties":{"code":"19018","nom":"Bassignac-le-Haut","app":8.49,"app_bas":6.89,"app_haut":10.46,"app_ech":"maille","app_obs":0,"mai":7.39,"mai_bas":5.69,"mai_haut":9.61,"mai_ech":"maille","mai_obs":0,"a12":9.98,"a3":5.98},"geometry":{"type":"Polygon","coordinates":[[[2.0748,45.2238],[2.0923,45.2158],[2.0934,45.2071],[2.0992,45.1991],[2.1088,45.2],[2.1047,45.1894],[2.0884,45.1912],[2.0787,45.181],[2.0662,45.1797],[2.0599,45.1852],[2.0472,45.1852],[2.0338,45.1801],[2.0255,45.1831],[2.0312,45.1875],[2.0277,45.2011],[2.0408,45.209],[2.0568,45.2139],[2.0694,45.2241],[2.0748,45.2238]]]}},{"type":"Feature","properties":{"code":"19053","nom":"Chaveroche","app":8.87,"app_bas":7,"app_haut":11.24,"app_ech":"maille","app_obs":1,"mai":6.49,"mai_bas":5.16,"mai_haut":8.16,"mai_ech":"maille","mai_obs":5,"a12":11.39,"a3":6.61},"geometry":{"type":"Polygon","coordinates":[[[2.2818,45.5734],[2.2767,45.5599],[2.2708,45.5548],[2.2608,45.5531],[2.2674,45.5431],[2.2567,45.535],[2.2471,45.5378],[2.2341,45.5336],[2.2327,45.5301],[2.2269,45.5295],[2.224,45.5381],[2.2264,45.5412],[2.2397,45.5441],[2.2435,45.5485],[2.2347,45.5514],[2.2409,45.5589],[2.2373,45.565],[2.2399,45.5718],[2.231,45.5769],[2.2379,45.5804],[2.2358,45.5869],[2.2272,45.59],[2.2422,45.5985],[2.2503,45.5959],[2.2661,45.5838],[2.2818,45.5734]]]}},{"type":"Feature","properties":{"code":"19072","nom":"Donzenac","app":10.1,"app_bas":8.21,"app_haut":12.43,"app_ech":"commune","app_obs":169,"mai":8.7,"mai_bas":6.65,"mai_haut":11.38,"mai_ech":"commune","mai_obs":132,"a12":10.88,"a3":8.55},"geometry":{"type":"Polygon","coordinates":[[[1.5549,45.2452],[1.5552,45.231],[1.5515,45.2222],[1.556,45.2132],[1.552,45.2079],[1.538,45.201],[1.5196,45.2044],[1.5037,45.2162],[1.4933,45.2147],[1.4947,45.2237],[1.4981,45.2336],[1.4968,45.2408],[1.5049,45.2519],[1.5146,45.2595],[1.528,45.2637],[1.547,45.2539],[1.5549,45.2452]]]}},{"type":"Feature","properties":{"code":"19134","nom":"Merlines","app":7.51,"app_bas":5.89,"app_haut":9.57,"app_ech":"maille","app_obs":88,"mai":8.81,"mai_bas":6.67,"mai_haut":11.65,"mai_ech":"maille","mai_obs":11,"a12":9.61,"a3":5.93},"geometry":{"type":"Polygon","coordinates":[[[2.4465,45.6067],[2.4437,45.6128],[2.4279,45.628],[2.4393,45.6358],[2.4588,45.6526],[2.4668,45.6477],[2.4714,45.6393],[2.482,45.6352],[2.4791,45.6225],[2.4784,45.6079],[2.4655,45.601],[2.459,45.6068],[2.4465,45.6067]]]}},{"type":"Feature","properties":{"code":"19226","nom":"Saint-Merd-les-Oussines","app":7.98,"app_bas":5.29,"app_haut":12.03,"app_ech":"maille","app_obs":1,"mai":6.49,"mai_bas":5.16,"mai_haut":8.16,"mai_ech":"maille","mai_obs":2,"a12":9.61,"a3":6.21},"geometry":{"type":"Polygon","coordinates":[[[2.031,45.6619],[2.0562,45.6586],[2.0704,45.6547],[2.0644,45.644],[2.0728,45.6281],[2.0735,45.6225],[2.0773,45.6111],[2.0773,45.606],[2.0835,45.6011],[2.0531,45.5916],[2.045,45.5845],[2.0459,45.5774],[2.0334,45.5759],[2.0177,45.5927],[2.0242,45.5959],[2.0295,45.6047],[2.0085,45.611],[1.9815,45.6128],[1.9729,45.6201],[1.9806,45.6224],[1.9796,45.6283],[1.9756,45.6363],[1.978,45.6498],[1.9948,45.6477],[2.0074,45.64],[2.0217,45.6384],[2.031,45.6619]]]}},{"type":"Feature","properties":{"code":"19040","nom":"Champagnac-la-Prune","app":7.89,"app_bas":6.15,"app_haut":10.12,"app_ech":"maille","app_obs":4,"mai":7.39,"mai_bas":5.69,"mai_haut":9.61,"mai_ech":"maille","mai_obs":2,"a12":10.81,"a3":5.98},"geometry":{"type":"Polygon","coordinates":[[[1.9706,45.1875],[1.9699,45.1843],[1.9588,45.1738],[1.951,45.1685],[1.9349,45.1756],[1.9249,45.176],[1.9125,45.1799],[1.9131,45.1899],[1.9099,45.1949],[1.9116,45.1996],[1.9263,45.2083],[1.9395,45.21],[1.9434,45.2079],[1.9491,45.1987],[1.9706,45.1875]]]}},{"type":"Feature","properties":{"code":"19055","nom":"Chirac-Bellevue","app":8.87,"app_bas":7,"app_haut":11.24,"app_ech":"maille","app_obs":1,"mai":6.86,"mai_bas":5.34,"mai_haut":8.81,"mai_ech":"maille","mai_obs":5,"a12":9.26,"a3":6.61},"geometry":{"type":"Polygon","coordinates":[[[2.3174,45.4413],[2.3,45.4313],[2.294,45.4241],[2.2794,45.4264],[2.2721,45.4395],[2.2692,45.4518],[2.2814,45.4595],[2.3029,45.4661],[2.3123,45.4716],[2.3335,45.4778],[2.3478,45.4764],[2.355,45.4656],[2.3428,45.4634],[2.3337,45.4485],[2.3273,45.4444],[2.3174,45.4413]]]}},{"type":"Feature","properties":{"code":"19098","nom":"Lagarde-Enval","app":7.89,"app_bas":6.15,"app_haut":10.12,"app_ech":"maille","app_obs":6,"mai":7.39,"mai_bas":5.69,"mai_haut":9.61,"mai_ech":"maille","mai_obs":25,"a12":10.81,"a3":6.95},"geometry":{"type":"Polygon","coordinates":[[[1.845,45.1617],[1.8348,45.1612],[1.8255,45.1643],[1.8096,45.1621],[1.8021,45.1673],[1.7774,45.1635],[1.7753,45.1699],[1.7874,45.1768],[1.7935,45.1831],[1.7983,45.2029],[1.8024,45.2072],[1.804,45.2185],[1.8156,45.2159],[1.8395,45.1998],[1.8521,45.1971],[1.8452,45.1844],[1.8508,45.1789],[1.8431,45.1764],[1.8417,45.1701],[1.845,45.1617]]]}},{"type":"Feature","properties":{"code":"19178","nom":"Sadroc","app":8.97,"app_bas":7.21,"app_haut":11.16,"app_ech":"maille","app_obs":7,"mai":8.05,"mai_bas":6.37,"mai_haut":10.17,"mai_ech":"maille","mai_obs":24,"a12":10.88,"a3":8.53},"geometry":{"type":"Polygon","coordinates":[[[1.5549,45.2452],[1.547,45.2539],[1.528,45.2637],[1.5146,45.2595],[1.518,45.2762],[1.5274,45.2868],[1.5355,45.293],[1.5505,45.2958],[1.5524,45.3041],[1.5614,45.3024],[1.5689,45.2897],[1.5678,45.2814],[1.5828,45.274],[1.5851,45.2683],[1.5834,45.2675],[1.5788,45.2677],[1.5644,45.25],[1.5549,45.2452]]]}},{"type":"Feature","properties":{"code":"19020","nom":"Beaumont","app":8.49,"app_bas":6.89,"app_haut":10.46,"app_ech":"maille","app_obs":5,"mai":6.9,"mai_bas":5.48,"mai_haut":8.68,"mai_ech":"maille","mai_obs":1,"a12":9.98,"a3":6.21},"geometry":{"type":"Polygon","coordinates":[[[1.7952,45.3973],[1.7932,45.4088],[1.7772,45.4129],[1.7762,45.4192],[1.7697,45.4297],[1.7703,45.4373],[1.7662,45.4418],[1.7817,45.4418],[1.7937,45.4455],[1.7918,45.4421],[1.8034,45.4326],[1.8155,45.428],[1.8094,45.4152],[1.8044,45.3994],[1.7952,45.3973]]]}},{"type":"Feature","properties":{"code":"19059","nom":"Concèze","app":8.69,"app_bas":7,"app_haut":10.8,"app_ech":"maille","app_obs":4,"mai":6.54,"mai_bas":5.16,"mai_haut":8.28,"mai_ech":"maille","mai_obs":10,"a12":11.72,"a3":6.88},"geometry":{"type":"Polygon","coordinates":[[[1.3077,45.358],[1.3177,45.3624],[1.3205,45.3679],[1.3232,45.3831],[1.3466,45.3926],[1.3449,45.3745],[1.3485,45.363],[1.3605,45.3516],[1.354,45.3302],[1.3359,45.3358],[1.3385,45.3418],[1.3236,45.3501],[1.3144,45.3527],[1.3077,45.358]]]}},{"type":"Feature","properties":{"code":"19135","nom":"Mestes","app":8.87,"app_bas":7,"app_haut":11.24,"app_ech":"maille","app_obs":0,"mai":6.49,"mai_bas":5.16,"mai_haut":8.16,"mai_ech":"maille","mai_obs":0,"a12":11.39,"a3":6.61},"geometry":{"type":"Polygon","coordinates":[[[2.3166,45.5129],[2.3267,45.5121],[2.3381,45.4894],[2.3478,45.4764],[2.3335,45.4778],[2.3123,45.4716],[2.308,45.4799],[2.3,45.4868],[2.2982,45.4932],[2.286,45.5071],[2.2965,45.5077],[2.3166,45.5129]]]}},{"type":"Feature","properties":{"code":"19166","nom":"Pierrefitte","app":8.97,"app_bas":7.21,"app_haut":11.16,"app_ech":"maille","app_obs":3,"mai":6.9,"mai_bas":5.48,"mai_haut":8.68,"mai_ech":"maille","mai_obs":1,"a12":9.98,"a3":7.33},"geometry":{"type":"Polygon","coordinates":[[[1.6265,45.4195],[1.6088,45.4254],[1.6478,45.4382],[1.6541,45.446],[1.6662,45.4413],[1.6771,45.4277],[1.6761,45.4217],[1.6646,45.4129],[1.6575,45.417],[1.6501,45.4167],[1.6309,45.4213],[1.6265,45.4195]]]}},{"type":"Feature","properties":{"code":"19221","nom":"Saint-Martial-Entraygues","app":8.11,"app_bas":6.57,"app_haut":10.01,"app_ech":"maille","app_obs":0,"mai":7.39,"mai_bas":5.69,"mai_haut":9.61,"mai_ech":"maille","mai_obs":2,"a12":8.81,"a3":5.98},"geometry":{"type":"Polygon","coordinates":[[[1.9596,45.1088],[1.9595,45.115],[1.952,45.124],[1.9539,45.1341],[1.9494,45.1371],[1.9605,45.1425],[1.972,45.1432],[1.9832,45.1318],[1.9939,45.1262],[1.9833,45.1185],[1.9596,45.1088]]]}},{"type":"Feature","properties":{"code":"19223","nom":"Saint-Martin-Sepert","app":null,"app_bas":null,"app_haut":null,"app_ech":null,"app_obs":0,"mai":null,"mai_bas":null,"mai_haut":null,"mai_ech":null,"mai_obs":0,"a12":null,"a3":null},"geometry":{"type":"Polygon","coordinates":[[[1.4738,45.4809],[1.482,45.4777],[1.4961,45.4519],[1.4984,45.4403],[1.495,45.4241],[1.4976,45.4052],[1.4856,45.4031],[1.4774,45.4224],[1.4647,45.4331],[1.4605,45.4389],[1.4674,45.4586],[1.4649,45.4702],[1.4738,45.4809]]]}},{"type":"Feature","properties":{"code":"19235","nom":"Saint-Paul","app":8.05,"app_bas":6.25,"app_haut":10.36,"app_ech":"maille","app_obs":1,"mai":7.39,"mai_bas":5.69,"mai_haut":9.61,"mai_ech":"maille","mai_obs":9,"a12":10.81,"a3":5.98},"geometry":{"type":"Polygon","coordinates":[[[1.9339,45.2183],[1.9395,45.21],[1.9263,45.2083],[1.9116,45.1996],[1.9099,45.1949],[1.9045,45.1926],[1.8896,45.1943],[1.8878,45.1867],[1.876,45.1819],[1.874,45.1889],[1.8643,45.1998],[1.8652,45.2081],[1.8873,45.2125],[1.8863,45.2161],[1.8899,45.2242],[1.9059,45.2225],[1.9212,45.223],[1.9339,45.2183]]]}},{"type":"Feature","properties":{"code":"19241","nom":"Saint-Setiers","app":7.98,"app_bas":5.29,"app_haut":12.03,"app_ech":"maille","app_obs":3,"mai":6.49,"mai_bas":5.16,"mai_haut":8.16,"mai_ech":"maille","mai_obs":3,"a12":9.26,"a3":6.51},"geometry":{"type":"Polygon","coordinates":[[[2.0847,45.728],[2.097,45.7342],[2.1135,45.7248],[2.1213,45.7324],[2.1338,45.7354],[2.1392,45.7282],[2.147,45.7227],[2.1566,45.7216],[2.1649,45.7174],[2.1647,45.7102],[2.155,45.7002],[2.1699,45.6875],[2.1685,45.68],[2.1628,45.6757],[2.1311,45.6671],[2.1186,45.6584],[2.1116,45.6632],[2.0928,45.6575],[2.0846,45.665],[2.0843,45.6709],[2.0729,45.68],[2.0703,45.6898],[2.074,45.7072],[2.0841,45.7226],[2.0847,45.728]]]}},{"type":"Feature","properties":{"code":"19174","nom":"Roche-Canillac","app":8.05,"app_bas":6.25,"app_haut":10.36,"app_ech":"maille","app_obs":1,"mai":7.39,"mai_bas":5.69,"mai_haut":9.61,"mai_ech":"maille","mai_obs":2,"a12":8.84,"a3":5.98},"geometry":{"type":"Polygon","coordinates":[[[1.9726,45.2027],[1.9764,45.1964],[1.9839,45.1965],[1.975,45.1936],[1.9706,45.1875],[1.9491,45.1987],[1.9434,45.2079],[1.9542,45.2049],[1.9693,45.2053],[1.9726,45.2027]]]}},{"type":"Feature","properties":{"code":"19198","nom":"Saint-Éloy-les-Tuileries","app":8.6,"app_bas":6.93,"app_haut":10.68,"app_ech":"maille","app_obs":0,"mai":7.86,"mai_bas":6.33,"mai_haut":9.76,"mai_ech":"maille","mai_obs":0,"a12":11.11,"a3":6.88},"geometry":{"type":"Polygon","coordinates":[[[1.2724,45.4373],[1.2573,45.445],[1.2532,45.4442],[1.2562,45.4523],[1.2644,45.4571],[1.2648,45.469],[1.2691,45.4764],[1.2789,45.4771],[1.2792,45.4677],[1.2929,45.4674],[1.2955,45.4537],[1.3084,45.4485],[1.3098,45.4451],[1.295,45.4453],[1.2866,45.441],[1.2724,45.4373]]]}},{"type":"Feature","properties":{"code":"19034","nom":"Camps-Saint-Mathurin-Léobazel","app":8.11,"app_bas":6.57,"app_haut":10.01,"app_ech":"maille","app_obs":0,"mai":7.72,"mai_bas":5.57,"mai_haut":10.7,"mai_ech":"maille","mai_obs":15,"a12":8.84,"a3":5.98},"geometry":{"type":"Polygon","coordinates":[[[1.9792,45.0085],[1.9968,45.0198],[2.0062,45.033],[2.0165,45.0312],[2.0238,45.0272],[2.0238,45.0213],[2.0402,45.0094],[2.047,45.0067],[2.0433,45.0017],[2.0418,44.9906],[2.0451,44.9837],[2.0069,44.9766],[1.9854,44.9745],[1.9741,44.9666],[1.9558,44.9583],[1.951,44.9532],[1.9407,44.9551],[1.9402,44.9718],[1.9272,44.9788],[1.9353,44.9836],[1.9455,44.9833],[1.9557,44.9874],[1.9721,44.9883],[1.9774,44.9911],[1.9792,45.0085]]]}},{"type":"Feature","properties":{"code":"19076","nom":"Espartignac","app":8.97,"app_bas":7.21,"app_haut":11.16,"app_ech":"maille","app_obs":2,"mai":8.15,"mai_bas":6.22,"mai_haut":10.69,"mai_ech":"maille","mai_obs":15,"a12":10.88,"a3":8.53},"geometry":{"type":"Polygon","coordinates":[[[1.5729,45.3965],[1.5735,45.4045],[1.5881,45.4108],[1.5833,45.4172],[1.5903,45.4216],[1.6088,45.4254],[1.6265,45.4195],[1.626,45.4111],[1.61,45.4105],[1.6112,45.4012],[1.5973,45.3738],[1.591,45.3717],[1.5842,45.3765],[1.5764,45.3671],[1.574,45.3678],[1.5732,45.3745],[1.5768,45.3907],[1.5729,45.3965]]]}},{"type":"Feature","properties":{"code":"19139","nom":"Millevaches","app":7.98,"app_bas":5.29,"app_haut":12.03,"app_ech":"maille","app_obs":1,"mai":6.49,"mai_bas":5.16,"mai_haut":8.16,"mai_ech":"maille","mai_obs":3,"a12":9.26,"a3":6.21},"geometry":{"type":"Polygon","coordinates":[[[2.0735,45.6225],[2.0728,45.6281],[2.0644,45.644],[2.0704,45.6547],[2.0846,45.665],[2.0928,45.6575],[2.1116,45.6632],[2.1186,45.6584],[2.1118,45.6443],[2.1051,45.6334],[2.0883,45.6344],[2.0818,45.6259],[2.0735,45.6225]]]}},{"type":"Feature","properties":{"code":"19163","nom":"Pescher","app":7.89,"app_bas":6.15,"app_haut":10.12,"app_ech":"maille","app_obs":6,"mai":7.12,"mai_bas":5.62,"mai_haut":9.02,"mai_ech":"maille","mai_obs":21,"a12":10.81,"a3":7.15},"geometry":{"type":"Polygon","coordinates":[[[1.7353,45.0658],[1.7338,45.0768],[1.748,45.0826],[1.7492,45.0927],[1.759,45.0999],[1.7696,45.1049],[1.7766,45.1048],[1.7906,45.0942],[1.7879,45.0869],[1.761,45.0731],[1.7451,45.0531],[1.7353,45.0658]]]}},{"type":"Feature","properties":{"code":"19057","nom":"Collonges-la-Rouge","app":9.67,"app_bas":7.66,"app_haut":12.21,"app_ech":"maille","app_obs":1,"mai":8.05,"mai_bas":6.37,"mai_haut":10.17,"mai_ech":"maille","mai_obs":5,"a12":10.88,"a3":8.01},"geometry":{"type":"Polygon","coordinates":[[[1.6677,45.0366],[1.6583,45.0357],[1.6529,45.0313],[1.6516,45.0451],[1.6353,45.0581],[1.639,45.0679],[1.6278,45.0683],[1.6372,45.0819],[1.6418,45.0915],[1.6522,45.0899],[1.6776,45.0881],[1.6696,45.0788],[1.6711,45.0728],[1.6686,45.0594],[1.6677,45.0366]]]}},{"type":"Feature","properties":{"code":"19091","nom":"Hautefage","app":8.11,"app_bas":6.57,"app_haut":10.01,"app_ech":"maille","app_obs":3,"mai":7.39,"mai_bas":5.69,"mai_haut":9.61,"mai_ech":"maille","mai_obs":12,"a12":8.81,"a3":5.98},"geometry":{"type":"Polygon","coordinates":[[[1.9596,45.1088],[1.9833,45.1185],[1.9937,45.1122],[1.9948,45.1019],[2.0024,45.1022],[2.0186,45.1116],[2.0332,45.1114],[2.0363,45.0995],[2.032,45.0956],[2.0268,45.0841],[2.0119,45.081],[2.0037,45.0746],[1.9924,45.0588],[1.9882,45.0577],[1.983,45.061],[1.972,45.0742],[1.9625,45.0812],[1.9553,45.0943],[1.9596,45.1088]]]}},{"type":"Feature","properties":{"code":"19122","nom":"Madranges","app":8.49,"app_bas":6.89,"app_haut":10.46,"app_ech":"maille","app_obs":1,"mai":8.15,"mai_bas":6.22,"mai_haut":10.69,"mai_ech":"maille","mai_obs":4,"a12":9.98,"a3":6.21},"geometry":{"type":"Polygon","coordinates":[[[1.7819,45.4816],[1.8037,45.4854],[1.8117,45.4806],[1.8341,45.4783],[1.8162,45.4667],[1.805,45.4503],[1.7937,45.4455],[1.7817,45.4418],[1.779,45.4599],[1.7719,45.4626],[1.7695,45.471],[1.7728,45.478],[1.7819,45.4816]]]}},{"type":"Feature","properties":{"code":"19015","nom":"Ayen","app":8.69,"app_bas":7,"app_haut":10.8,"app_ech":"maille","app_obs":33,"mai":7.58,"mai_bas":6.11,"mai_haut":9.41,"mai_ech":"maille","mai_obs":30,"a12":11.72,"a3":7.53},"geometry":{"type":"Polygon","coordinates":[[[1.2991,45.2381],[1.311,45.2555],[1.3104,45.2696],[1.3131,45.272],[1.3364,45.2806],[1.3511,45.2737],[1.3392,45.2676],[1.3417,45.2596],[1.3362,45.245],[1.3445,45.2379],[1.3318,45.2346],[1.325,45.23],[1.3106,45.2295],[1.3004,45.2346],[1.2991,45.2381]]]}},{"type":"Feature","properties":{"code":"19092","nom":"Jardin","app":null,"app_bas":null,"app_haut":null,"app_ech":null,"app_obs":0,"mai":null,"mai_bas":null,"mai_haut":null,"mai_ech":null,"mai_obs":0,"a12":null,"a3":null},"geometry":{"type":"Polygon","coordinates":[[[2.0592,45.3346],[2.0761,45.3283],[2.0846,45.3278],[2.0893,45.3204],[2.072,45.3073],[2.063,45.3054],[2.0527,45.3083],[2.0398,45.3143],[2.0275,45.3113],[2.0156,45.3189],[2.0086,45.319],[2.0094,45.3338],[2.0235,45.3321],[2.0304,45.3274],[2.0414,45.3276],[2.0592,45.3346]]]}},{"type":"Feature","properties":{"code":"19173","nom":"Rilhac-Xaintrie","app":7.65,"app_bas":6.16,"app_haut":9.51,"app_ech":"maille","app_obs":0,"mai":7.78,"mai_bas":6.03,"mai_haut":10.05,"mai_ech":"maille","mai_obs":6,"a12":8.81,"a3":5.98},"geometry":{"type":"Polygon","coordinates":[[[2.2304,45.1619],[2.2137,45.1602],[2.2116,45.1484],[2.2076,45.1435],[2.1948,45.136],[2.1788,45.1363],[2.1699,45.1458],[2.1713,45.1525],[2.1672,45.1613],[2.1587,45.1706],[2.17,45.1851],[2.1741,45.1874],[2.1718,45.1966],[2.1739,45.2012],[2.1838,45.201],[2.1824,45.211],[2.1771,45.2152],[2.1779,45.2214],[2.1912,45.2231],[2.1937,45.2156],[2.1905,45.2021],[2.1985,45.1944],[2.2012,45.1815],[2.2196,45.1721],[2.233,45.1673],[2.2304,45.1619]]]}},{"type":"Feature","properties":{"code":"19033","nom":"Bugeat","app":7.98,"app_bas":5.29,"app_haut":12.03,"app_ech":"maille","app_obs":31,"mai":6.49,"mai_bas":5.16,"mai_haut":8.16,"mai_ech":"maille","mai_obs":13,"a12":9.61,"a3":6.21},"geometry":{"type":"Polygon","coordinates":[[[1.9796,45.6283],[1.9806,45.6224],[1.9729,45.6201],[1.9575,45.6132],[1.9572,45.6088],[1.9627,45.5964],[1.9525,45.58],[1.9566,45.5654],[1.9451,45.5628],[1.9213,45.5523],[1.9202,45.5554],[1.8967,45.5647],[1.8901,45.5723],[1.9019,45.598],[1.9188,45.6142],[1.9247,45.6277],[1.9373,45.6265],[1.9498,45.6159],[1.9629,45.6248],[1.9796,45.6283]]]}},{"type":"Feature","properties":{"code":"19075","nom":"Espagnac","app":8.05,"app_bas":6.25,"app_haut":10.36,"app_ech":"maille","app_obs":19,"mai":7.39,"mai_bas":5.69,"mai_haut":9.61,"mai_ech":"maille","mai_obs":5,"a12":8.84,"a3":5.98},"geometry":{"type":"Polygon","coordinates":[[[1.8387,45.2489],[1.842,45.252],[1.8637,45.2438],[1.8739,45.247],[1.879,45.2437],[1.8858,45.2611],[1.9098,45.2629],[1.9164,45.2669],[1.926,45.2661],[1.9329,45.2594],[1.9231,45.2532],[1.9308,45.2492],[1.9309,45.2372],[1.9354,45.231],[1.9458,45.2285],[1.9429,45.221],[1.9339,45.2183],[1.9212,45.223],[1.9059,45.2225],[1.8899,45.2242],[1.8863,45.2161],[1.867,45.2265],[1.8618,45.2399],[1.8449,45.2403],[1.845,45.248],[1.8387,45.2489]]]}},{"type":"Feature","properties":{"code":"19208","nom":"Saint-Hilaire-Foissac","app":7.65,"app_bas":6.16,"app_haut":9.51,"app_ech":"maille","app_obs":2,"mai":6.86,"mai_bas":5.34,"mai_haut":8.81,"mai_ech":"maille","mai_obs":2,"a12":8.84,"a3":5.94},"geometry":{"type":"Polygon","coordinates":[[[2.1149,45.2753],[2.1086,45.2867],[2.1113,45.2972],[2.1064,45.3048],[2.0941,45.3139],[2.0846,45.3278],[2.0761,45.3283],[2.0592,45.3346],[2.0635,45.3454],[2.0693,45.3532],[2.0863,45.3537],[2.0974,45.3568],[2.1235,45.3542],[2.1364,45.347],[2.1453,45.3483],[2.1612,45.3384],[2.1563,45.3287],[2.1482,45.3235],[2.1446,45.3163],[2.1323,45.3075],[2.1213,45.3025],[2.1263,45.2972],[2.1388,45.2933],[2.141,45.2884],[2.1509,45.283],[2.1551,45.2744],[2.1404,45.2718],[2.1292,45.2769],[2.1149,45.2753]]]}},{"type":"Feature","properties":{"code":"19037","nom":"Chamboulive","app":8.97,"app_bas":7.21,"app_haut":11.16,"app_ech":"maille","app_obs":29,"mai":6.9,"mai_bas":5.48,"mai_haut":8.68,"mai_ech":"maille","mai_obs":27,"a12":9.98,"a3":7.33},"geometry":{"type":"Polygon","coordinates":[[[1.6727,45.473],[1.6816,45.4671],[1.6946,45.4632],[1.6985,45.4503],[1.7099,45.4467],[1.7245,45.451],[1.7325,45.4514],[1.7505,45.4411],[1.7626,45.438],[1.7662,45.4418],[1.7703,45.4373],[1.7697,45.4297],[1.7762,45.4192],[1.7772,45.4129],[1.769,45.4126],[1.7498,45.417],[1.7433,45.4134],[1.7344,45.3967],[1.7198,45.3924],[1.7033,45.3821],[1.6986,45.3895],[1.685,45.3974],[1.6815,45.4054],[1.6756,45.4071],[1.6653,45.405],[1.6646,45.4129],[1.6761,45.4217],[1.6771,45.4277],[1.6662,45.4413],[1.6541,45.446],[1.6603,45.4605],[1.6727,45.473]]]}},{"type":"Feature","properties":{"code":"19104","nom":"Lamongerie","app":8.97,"app_bas":7.21,"app_haut":11.16,"app_ech":"maille","app_obs":0,"mai":8.15,"mai_bas":6.22,"mai_haut":10.69,"mai_ech":"maille","mai_obs":0,"a12":9.98,"a3":6.7},"geometry":{"type":"Polygon","coordinates":[[[1.5846,45.5242],[1.5813,45.5321],[1.561,45.5353],[1.5496,45.5337],[1.5437,45.5496],[1.5468,45.5545],[1.5572,45.5494],[1.57,45.5556],[1.5849,45.5561],[1.6029,45.5461],[1.614,45.5368],[1.6112,45.5313],[1.6016,45.5263],[1.5985,45.5199],[1.5846,45.5242]]]}},{"type":"Feature","properties":{"code":"19140","nom":"Monceaux-sur-Dordogne","app":7.89,"app_bas":6.15,"app_haut":10.12,"app_ech":"maille","app_obs":26,"mai":7.39,"mai_bas":5.69,"mai_haut":9.61,"mai_ech":"maille","mai_obs":12,"a12":10.81,"a3":8.35},"geometry":{"type":"Polygon","coordinates":[[[1.8509,45.0573],[1.8477,45.0713],[1.8464,45.0952],[1.8448,45.0984],[1.8618,45.1011],[1.8698,45.1043],[1.9027,45.0921],[1.9201,45.0956],[1.9248,45.0938],[1.9342,45.0798],[1.9291,45.0705],[1.9319,45.0595],[1.9352,45.0522],[1.9248,45.0454],[1.9134,45.0403],[1.9066,45.0457],[1.8999,45.0427],[1.8922,45.0466],[1.8808,45.0444],[1.8644,45.0482],[1.8509,45.0573]]]}},{"type":"Feature","properties":{"code":"19215","nom":"Saint-Julien-le-Pèlerin","app":6.7,"app_bas":5.31,"app_haut":8.45,"app_ech":"maille","app_obs":0,"mai":7.72,"mai_bas":5.57,"mai_haut":10.7,"mai_ech":"maille","mai_obs":0,"a12":8.84,"a3":6.7},"geometry":{"type":"Polygon","coordinates":[[[2.047,45.0067],[2.0457,45.0216],[2.0534,45.0186],[2.054,45.0275],[2.0629,45.0357],[2.0768,45.0331],[2.08,45.025],[2.0857,45.0211],[2.0678,45.0094],[2.0649,45],[2.0775,44.9974],[2.0769,45.0047],[2.0884,45.008],[2.0887,45.0015],[2.0802,45.0009],[2.0891,44.9844],[2.0766,44.9788],[2.0629,44.9765],[2.0526,44.9765],[2.0451,44.9837],[2.0418,44.9906],[2.0433,45.0017],[2.047,45.0067]]]}},{"type":"Feature","properties":{"code":"19260","nom":"Sioniac","app":8.11,"app_bas":6.57,"app_haut":10.01,"app_ech":"maille","app_obs":2,"mai":7.12,"mai_bas":5.62,"mai_haut":9.02,"mai_ech":"maille","mai_obs":5,"a12":8.84,"a3":7.15},"geometry":{"type":"Polygon","coordinates":[[[1.8001,44.9521],[1.7908,44.9564],[1.7928,44.971],[1.7812,44.974],[1.781,44.9835],[1.7843,44.9974],[1.7875,44.999],[1.7969,44.997],[1.809,45.0015],[1.8085,44.9924],[1.8182,44.9757],[1.8173,44.9672],[1.8065,44.9535],[1.8001,44.9521]]]}},{"type":"Feature","properties":{"code":"19181","nom":"Saint-Augustin","app":8.05,"app_bas":6.25,"app_haut":10.36,"app_ech":"maille","app_obs":5,"mai":6.9,"mai_bas":5.48,"mai_haut":8.68,"mai_ech":"maille","mai_obs":11,"a12":8.75,"a3":6.21},"geometry":{"type":"Polygon","coordinates":[[[1.8276,45.3944],[1.8213,45.3997],[1.8044,45.3994],[1.8094,45.4152],[1.8155,45.428],[1.8034,45.4326],[1.7918,45.4421],[1.7937,45.4455],[1.805,45.4503],[1.8162,45.4667],[1.8341,45.4783],[1.8541,45.4824],[1.8582,45.4814],[1.8434,45.4743],[1.8296,45.4571],[1.8287,45.4523],[1.836,45.4497],[1.8528,45.4501],[1.8531,45.4416],[1.872,45.4359],[1.8791,45.4218],[1.8768,45.4165],[1.8688,45.4132],[1.8623,45.4173],[1.8538,45.4179],[1.8384,45.3985],[1.8276,45.3944]]]}},{"type":"Feature","properties":{"code":"19207","nom":"Saint-Germain-les-Vergnes","app":9.76,"app_bas":7.94,"app_haut":12.01,"app_ech":"maille","app_obs":51,"mai":8.05,"mai_bas":6.37,"mai_haut":10.17,"mai_ech":"maille","mai_obs":37,"a12":10.88,"a3":8.01},"geometry":{"type":"Polygon","coordinates":[[[1.6365,45.2462],[1.6225,45.2448],[1.6065,45.2495],[1.5893,45.2601],[1.5834,45.2675],[1.5954,45.2724],[1.5938,45.28],[1.5962,45.2891],[1.6102,45.2883],[1.626,45.2923],[1.6336,45.2912],[1.6302,45.2842],[1.6342,45.2793],[1.647,45.2824],[1.6501,45.2729],[1.6417,45.2627],[1.652,45.2556],[1.6534,45.2457],[1.6365,45.2462]]]}},{"type":"Feature","properties":{"code":"19036","nom":"Chamberet","app":7.78,"app_bas":5.98,"app_haut":10.12,"app_ech":"maille","app_obs":13,"mai":7.17,"mai_bas":5.52,"mai_haut":9.31,"mai_ech":"maille","mai_obs":29,"a12":8.75,"a3":7.33},"geometry":{"type":"Polygon","coordinates":[[[1.7638,45.6546],[1.7726,45.6436],[1.7715,45.6361],[1.7849,45.6251],[1.7858,45.6186],[1.781,45.607],[1.7743,45.6008],[1.759,45.5921],[1.7616,45.5774],[1.7532,45.5687],[1.7443,45.5743],[1.7376,45.5729],[1.7321,45.5604],[1.7202,45.5521],[1.7091,45.5623],[1.6995,45.5662],[1.6859,45.556],[1.6645,45.5667],[1.6606,45.5708],[1.6556,45.5854],[1.6493,45.5905],[1.6582,45.5953],[1.6602,45.608],[1.6648,45.6117],[1.682,45.6254],[1.6963,45.6336],[1.7122,45.6413],[1.7192,45.6382],[1.748,45.6457],[1.7535,45.6555],[1.7638,45.6546]]]}},{"type":"Feature","properties":{"code":"19108","nom":"Laroche-près-Feyt","app":7.24,"app_bas":5.74,"app_haut":9.13,"app_ech":"maille","app_obs":0,"mai":6.6,"mai_bas":4.68,"mai_haut":9.3,"mai_ech":"maille","mai_obs":2,"a12":11.6,"a3":5.93},"geometry":{"type":"Polygon","coordinates":[[[2.5269,45.6949],[2.5287,45.6822],[2.5145,45.6721],[2.5019,45.679],[2.4995,45.6886],[2.4791,45.7009],[2.4761,45.7098],[2.4668,45.7193],[2.4821,45.7359],[2.4921,45.7377],[2.5183,45.7128],[2.5199,45.6971],[2.5269,45.6949]]]}},{"type":"Feature","properties":{"code":"19145","nom":"Moustier-Ventadour","app":7.98,"app_bas":5.29,"app_haut":12.03,"app_ech":"maille","app_obs":27,"mai":6.86,"mai_bas":5.34,"mai_haut":8.81,"mai_ech":"maille","mai_obs":10,"a12":9.98,"a3":5.98},"geometry":{"type":"Polygon","coordinates":[[[2.0693,45.3532],[2.0677,45.3573],[2.0786,45.3609],[2.0727,45.3691],[2.0593,45.3784],[2.0652,45.3936],[2.0684,45.3979],[2.0688,45.4087],[2.0722,45.4138],[2.0815,45.4129],[2.0807,45.4072],[2.0893,45.4033],[2.102,45.4037],[2.1091,45.3959],[2.1178,45.3952],[2.1164,45.4052],[2.1197,45.4127],[2.1268,45.4137],[2.1292,45.4082],[2.1283,45.3946],[2.131,45.3905],[2.1283,45.3865],[2.135,45.3803],[2.1346,45.3673],[2.1459,45.3598],[2.1408,45.3571],[2.1453,45.3483],[2.1364,45.347],[2.1235,45.3542],[2.0974,45.3568],[2.0863,45.3537],[2.0693,45.3532]]]}},{"type":"Feature","properties":{"code":"19217","nom":"Saint-Julien-Maumont","app":7.89,"app_bas":6.15,"app_haut":10.12,"app_ech":"maille","app_obs":0,"mai":7.12,"mai_bas":5.62,"mai_haut":9.02,"mai_ech":"maille","mai_obs":2,"a12":10.81,"a3":6.95},"geometry":{"type":"Polygon","coordinates":[[[1.6922,45.0256],[1.6886,45.0292],[1.6947,45.0432],[1.7061,45.0485],[1.7253,45.0444],[1.7247,45.0231],[1.7184,45.0216],[1.6922,45.0256]]]}},{"type":"Feature","properties":{"code":"19272","nom":"Tulle","app":9.08,"app_bas":7.06,"app_haut":11.7,"app_ech":"commune","app_obs":5086,"mai":8.29,"mai_bas":6.59,"mai_haut":10.44,"mai_ech":"commune","mai_obs":309,"a12":10.65,"a3":8.04},"geometry":{"type":"Polygon","coordinates":[[[1.76,45.2517],[1.7524,45.2506],[1.7453,45.2442],[1.734,45.242],[1.7278,45.2505],[1.7311,45.2554],[1.7439,45.2626],[1.7387,45.2699],[1.7317,45.271],[1.7338,45.2768],[1.7263,45.2901],[1.7293,45.2936],[1.7431,45.2928],[1.7649,45.2968],[1.7734,45.2965],[1.7852,45.2893],[1.7887,45.2936],[1.7956,45.2936],[1.8097,45.2829],[1.7896,45.2624],[1.7657,45.25],[1.76,45.2517]]]}},{"type":"Feature","properties":{"code":"19039","nom":"Champagnac-la-Noaille","app":8.49,"app_bas":6.89,"app_haut":10.46,"app_ech":"maille","app_obs":1,"mai":7.39,"mai_bas":5.69,"mai_haut":9.61,"mai_ech":"maille","mai_obs":3,"a12":9.98,"a3":6.95},"geometry":{"type":"Polygon","coordinates":[[[2.0073,45.3354],[2.0094,45.3338],[2.0086,45.319],[2.0156,45.3189],[2.0275,45.3113],[2.0398,45.3143],[2.0527,45.3083],[2.0553,45.2987],[2.0502,45.2939],[2.0392,45.2997],[2.0329,45.293],[2.0238,45.2929],[2.0196,45.2874],[2.013,45.2858],[2.0044,45.2881],[1.9974,45.2853],[1.9928,45.2783],[1.9873,45.2794],[1.9811,45.2849],[1.9759,45.2951],[1.9554,45.2981],[1.9446,45.2977],[1.9426,45.3099],[1.9478,45.3189],[1.9555,45.316],[1.9607,45.309],[1.969,45.3101],[1.9806,45.3188],[1.9769,45.3264],[1.9891,45.3346],[2.0003,45.3324],[2.0073,45.3354]]]}},{"type":"Feature","properties":{"code":"19114","nom":"Lignareix","app":8.87,"app_bas":7,"app_haut":11.24,"app_ech":"maille","app_obs":0,"mai":6.49,"mai_bas":5.16,"mai_haut":8.16,"mai_ech":"maille","mai_obs":7,"a12":11.39,"a3":6.61},"geometry":{"type":"Polygon","coordinates":[[[2.2955,45.5806],[2.2873,45.5821],[2.2823,45.5873],[2.2931,45.5942],[2.296,45.603],[2.2881,45.6158],[2.2874,45.6256],[2.3045,45.6404],[2.3127,45.6405],[2.3124,45.6338],[2.3168,45.614],[2.3114,45.6005],[2.3048,45.5991],[2.2998,45.5911],[2.3009,45.5827],[2.2955,45.5806]]]}},{"type":"Feature","properties":{"code":"19148","nom":"Neuvic","app":9.06,"app_bas":5.99,"app_haut":13.7,"app_ech":"commune","app_obs":194,"mai":6.86,"mai_bas":5.34,"mai_haut":8.81,"mai_ech":"maille","mai_obs":66,"a12":8.73,"a3":5.94},"geometry":{"type":"Polygon","coordinates":[[[2.2096,45.3718],[2.2162,45.3798],[2.216,45.3846],[2.2042,45.3962],[2.2013,45.4061],[2.2157,45.4182],[2.2327,45.4217],[2.2398,45.4264],[2.2552,45.4313],[2.2721,45.4395],[2.2794,45.4264],[2.2901,45.4179],[2.2925,45.3984],[2.2989,45.3876],[2.2991,45.3796],[2.2969,45.3685],[2.2918,45.3614],[2.2862,45.3455],[2.2926,45.3385],[2.2896,45.3276],[2.2903,45.3154],[2.3061,45.31],[2.2921,45.2906],[2.2761,45.2882],[2.2697,45.2899],[2.2702,45.2992],[2.2657,45.3053],[2.2581,45.3094],[2.2559,45.335],[2.233,45.344],[2.2191,45.3514],[2.2175,45.364],[2.2096,45.3718]]]}},{"type":"Feature","properties":{"code":"19168","nom":"Pradines","app":8.49,"app_bas":6.89,"app_haut":10.46,"app_ech":"maille","app_obs":0,"mai":6.9,"mai_bas":5.48,"mai_haut":8.68,"mai_ech":"maille","mai_obs":0,"a12":9.98,"a3":6.21},"geometry":{"type":"Polygon","coordinates":[[[1.9323,45.5301],[1.9407,45.5273],[1.9481,45.5292],[1.9555,45.5171],[1.9467,45.5093],[1.9367,45.5045],[1.9281,45.5112],[1.9131,45.5056],[1.9077,45.4926],[1.8981,45.4877],[1.8935,45.4804],[1.8755,45.4853],[1.8648,45.4868],[1.8727,45.4959],[1.8823,45.5021],[1.8852,45.5119],[1.8927,45.5207],[1.8893,45.5283],[1.8911,45.5345],[1.9121,45.5324],[1.9246,45.5331],[1.9323,45.5301]]]}},{"type":"Feature","properties":{"code":"19218","nom":"Saint-Julien-près-Bort","app":null,"app_bas":null,"app_haut":null,"app_ech":null,"app_obs":0,"mai":null,"mai_bas":null,"mai_haut":null,"mai_ech":null,"mai_obs":0,"a12":null,"a3":null},"geometry":{"type":"Polygon","coordinates":[[[2.4584,45.3929],[2.4415,45.3845],[2.4379,45.3878],[2.4231,45.397],[2.4129,45.3967],[2.3983,45.4002],[2.3955,45.4073],[2.381,45.4135],[2.392,45.4171],[2.3984,45.4253],[2.4004,45.4323],[2.4102,45.4419],[2.4359,45.4507],[2.4408,45.4565],[2.4463,45.4723],[2.4377,45.478],[2.4395,45.4861],[2.4478,45.4867],[2.4548,45.4787],[2.4651,45.4781],[2.4745,45.47],[2.4785,45.4654],[2.4758,45.4561],[2.4609,45.4489],[2.4516,45.4335],[2.4409,45.4292],[2.4177,45.4269],[2.4215,45.4171],[2.4185,45.4085],[2.4269,45.406],[2.4385,45.4095],[2.4461,45.417],[2.4584,45.4135],[2.4547,45.4008],[2.4584,45.3929]]]}},{"type":"Feature","properties":{"code":"19274","nom":"Ussac","app":11.44,"app_bas":9.29,"app_haut":14.08,"app_ech":"commune","app_obs":177,"mai":10.19,"mai_bas":7.77,"mai_haut":13.35,"mai_ech":"commune","mai_obs":170,"a12":10.88,"a3":8.01},"geometry":{"type":"Polygon","coordinates":[[[1.4662,45.175],[1.4834,45.1881],[1.4787,45.2112],[1.5037,45.2162],[1.5196,45.2044],[1.538,45.201],[1.552,45.2079],[1.556,45.2132],[1.561,45.2107],[1.5583,45.2004],[1.5647,45.1933],[1.5603,45.1921],[1.5604,45.1807],[1.5514,45.176],[1.5422,45.1828],[1.5114,45.1754],[1.5029,45.1693],[1.4935,45.1748],[1.4892,45.1722],[1.4849,45.162],[1.4755,45.1608],[1.4693,45.1659],[1.4601,45.1667],[1.4662,45.175]]]}},{"type":"Feature","properties":{"code":"19029","nom":"Branceilles","app":8.08,"app_bas":6.27,"app_haut":10.41,"app_ech":"maille","app_obs":0,"mai":7.12,"mai_bas":5.62,"mai_haut":9.02,"mai_ech":"maille","mai_obs":6,"a12":10.81,"a3":7.15},"geometry":{"type":"Polygon","coordinates":[[[1.7247,45.0231],[1.7361,45.0159],[1.7366,45.0078],[1.7224,45.006],[1.7207,45.0021],[1.7263,44.9962],[1.7139,44.9941],[1.7034,44.9866],[1.6923,44.9926],[1.6844,45.0027],[1.6904,45.0091],[1.6874,45.0216],[1.6922,45.0256],[1.7184,45.0216],[1.7247,45.0231]]]}},{"type":"Feature","properties":{"code":"19123","nom":"Malemort","app":11.19,"app_bas":8.85,"app_haut":14.15,"app_ech":"commune","app_obs":638,"mai":8.97,"mai_bas":7.1,"mai_haut":11.33,"mai_ech":"commune","mai_obs":313,"a12":12.64,"a3":9.68},"geometry":{"type":"Polygon","coordinates":[[[1.5647,45.1933],[1.5793,45.1955],[1.5979,45.193],[1.6004,45.1977],[1.6151,45.2017],[1.628,45.2034],[1.636,45.2009],[1.6208,45.1843],[1.6247,45.1757],[1.6176,45.1706],[1.603,45.1754],[1.5975,45.1663],[1.598,45.1607],[1.5851,45.1559],[1.5694,45.1556],[1.5559,45.1607],[1.5525,45.1662],[1.5514,45.176],[1.5604,45.1807],[1.5603,45.1921],[1.5647,45.1933]]]}},{"type":"Feature","properties":{"code":"19183","nom":"Saint-Bazile-de-la-Roche","app":null,"app_bas":null,"app_haut":null,"app_ech":null,"app_obs":0,"mai":null,"mai_bas":null,"mai_haut":null,"mai_ech":null,"mai_obs":0,"a12":null,"a3":null},"geometry":{"type":"Polygon","coordinates":[[[1.9588,45.1738],[1.968,45.1649],[1.9757,45.1604],[1.9744,45.1539],[1.9619,45.1474],[1.9605,45.1425],[1.9413,45.1337],[1.9291,45.1377],[1.9424,45.1479],[1.9507,45.158],[1.9473,45.1628],[1.951,45.1685],[1.9588,45.1738]]]}},{"type":"Feature","properties":{"code":"19255","nom":"Seilhac","app":8.49,"app_bas":6.89,"app_haut":10.46,"app_ech":"maille","app_obs":67,"mai":8.15,"mai_bas":6.22,"mai_haut":10.69,"mai_ech":"maille","mai_obs":62,"a12":10.88,"a3":6.95},"geometry":{"type":"Polygon","coordinates":[[[1.7289,45.3356],[1.7136,45.3491],[1.6968,45.3496],[1.6887,45.3568],[1.6915,45.3702],[1.6818,45.3695],[1.6753,45.366],[1.667,45.3715],[1.6733,45.3801],[1.6926,45.3731],[1.6944,45.3811],[1.7033,45.3821],[1.7198,45.3924],[1.7344,45.3967],[1.7458,45.3863],[1.744,45.378],[1.7487,45.373],[1.756,45.3734],[1.7691,45.3569],[1.768,45.3481],[1.7439,45.3525],[1.7411,45.3463],[1.7288,45.3429],[1.7289,45.3356]]]}},{"type":"Feature","properties":{"code":"19210","nom":"Saint-Hilaire-Luc","app":7.98,"app_bas":5.29,"app_haut":12.03,"app_ech":"maille","app_obs":0,"mai":6.49,"mai_bas":5.16,"mai_haut":8.16,"mai_ech":"maille","mai_obs":2,"a12":8.81,"a3":5.98},"geometry":{"type":"Polygon","coordinates":[[[2.2096,45.3718],[2.2175,45.364],[2.2191,45.3514],[2.233,45.344],[2.2476,45.3387],[2.2428,45.3356],[2.2296,45.3336],[2.2174,45.3396],[2.2136,45.3358],[2.1975,45.3283],[2.1852,45.328],[2.1838,45.3386],[2.1929,45.3564],[2.2062,45.3669],[2.2096,45.3718]]]}},{"type":"Feature","properties":{"code":"19118","nom":"Lonzac","app":8.97,"app_bas":7.21,"app_haut":11.16,"app_ech":"maille","app_obs":6,"mai":6.9,"mai_bas":5.48,"mai_haut":8.68,"mai_ech":"maille","mai_obs":20,"a12":9.98,"a3":6.21},"geometry":{"type":"Polygon","coordinates":[[[1.7081,45.5004],[1.7205,45.5024],[1.734,45.5025],[1.7313,45.4926],[1.7581,45.4878],[1.7819,45.4816],[1.7728,45.478],[1.7695,45.471],[1.7719,45.4626],[1.779,45.4599],[1.7817,45.4418],[1.7662,45.4418],[1.7626,45.438],[1.7505,45.4411],[1.7325,45.4514],[1.7245,45.451],[1.7099,45.4467],[1.6985,45.4503],[1.6946,45.4632],[1.6816,45.4671],[1.6727,45.473],[1.6813,45.4831],[1.6916,45.489],[1.703,45.4997],[1.7081,45.5004]]]}},{"type":"Feature","properties":{"code":"19126","nom":"Marcillac-la-Croze","app":8.11,"app_bas":6.57,"app_haut":10.01,"app_ech":"maille","app_obs":0,"mai":7.12,"mai_bas":5.62,"mai_haut":9.02,"mai_ech":"maille","mai_obs":3,"a12":10.81,"a3":6.95},"geometry":{"type":"Polygon","coordinates":[[[1.7447,45.0526],[1.7498,45.0415],[1.7476,45.0311],[1.7495,45.018],[1.7361,45.0159],[1.7247,45.0231],[1.7253,45.0444],[1.7447,45.0526]]]}},{"type":"Feature","properties":{"code":"19158","nom":"Pandrignes","app":7.89,"app_bas":6.15,"app_haut":10.12,"app_ech":"maille","app_obs":2,"mai":7.39,"mai_bas":5.69,"mai_haut":9.61,"mai_ech":"maille","mai_obs":12,"a12":10.88,"a3":6.95},"geometry":{"type":"Polygon","coordinates":[[[1.8643,45.1998],[1.8514,45.2092],[1.8441,45.2119],[1.839,45.2203],[1.8453,45.2355],[1.8449,45.2403],[1.8618,45.2399],[1.867,45.2265],[1.8863,45.2161],[1.8873,45.2125],[1.8652,45.2081],[1.8643,45.1998]]]}},{"type":"Feature","properties":{"code":"19184","nom":"Saint-Bazile-de-Meyssac","app":7.89,"app_bas":6.15,"app_haut":10.12,"app_ech":"maille","app_obs":0,"mai":7.12,"mai_bas":5.62,"mai_haut":9.02,"mai_ech":"maille","mai_obs":6,"a12":10.81,"a3":7.15},"geometry":{"type":"Polygon","coordinates":[[[1.7451,45.0531],[1.7253,45.0444],[1.7061,45.0485],[1.7052,45.0611],[1.7279,45.06],[1.7353,45.0658],[1.7451,45.0531]]]}},{"type":"Feature","properties":{"code":"19237","nom":"Saint-Privat","app":7.65,"app_bas":6.16,"app_haut":9.51,"app_ech":"maille","app_obs":59,"mai":7.39,"mai_bas":5.69,"mai_haut":9.61,"mai_ech":"maille","mai_obs":23,"a12":8.81,"a3":5.98},"geometry":{"type":"Polygon","coordinates":[[[2.0576,45.1633],[2.072,45.1613],[2.0856,45.1672],[2.0976,45.1642],[2.1034,45.1602],[2.1202,45.1644],[2.1302,45.1604],[2.1205,45.1518],[2.1104,45.1456],[2.1074,45.1349],[2.0979,45.1277],[2.1058,45.1199],[2.102,45.1157],[2.0861,45.1076],[2.0487,45.1038],[2.0389,45.1129],[2.0348,45.1185],[2.0369,45.1246],[2.0444,45.1231],[2.0544,45.1261],[2.0454,45.1331],[2.0394,45.1428],[2.0402,45.1512],[2.0576,45.1633]]]}},{"type":"Feature","properties":{"code":"19273","nom":"Turenne","app":9.67,"app_bas":7.66,"app_haut":12.21,"app_ech":"maille","app_obs":11,"mai":8.05,"mai_bas":6.37,"mai_haut":10.17,"mai_ech":"maille","mai_obs":24,"a12":10.88,"a3":8.01},"geometry":{"type":"Polygon","coordinates":[[[1.5268,45.0443],[1.5257,45.0453],[1.5386,45.0687],[1.5383,45.0704],[1.549,45.0702],[1.559,45.074],[1.5734,45.0749],[1.5748,45.0779],[1.5717,45.0911],[1.5796,45.0998],[1.5828,45.0997],[1.6032,45.1106],[1.6063,45.1015],[1.5981,45.0936],[1.5874,45.0736],[1.6011,45.0676],[1.6019,45.0576],[1.5988,45.0543],[1.5988,45.0445],[1.6081,45.0335],[1.5893,45.0364],[1.5763,45.0407],[1.569,45.0387],[1.552,45.0285],[1.5437,45.0308],[1.5411,45.0429],[1.5357,45.0463],[1.5268,45.0443]]]}},{"type":"Feature","properties":{"code":"19026","nom":"Bilhac","app":8.11,"app_bas":6.57,"app_haut":10.01,"app_ech":"maille","app_obs":9,"mai":7.12,"mai_bas":5.62,"mai_haut":9.02,"mai_ech":"maille","mai_obs":7,"a12":8.84,"a3":7.15},"geometry":{"type":"Polygon","coordinates":[[[1.7746,44.9235],[1.7685,44.9311],[1.754,44.9408],[1.7603,44.9492],[1.7777,44.9539],[1.7841,44.9495],[1.7908,44.9564],[1.8001,44.9521],[1.7991,44.9436],[1.7857,44.9369],[1.7829,44.9297],[1.7746,44.9235]]]}},{"type":"Feature","properties":{"code":"19101","nom":"Laguenne","app":9.09,"app_bas":7.07,"app_haut":11.68,"app_ech":"commune","app_obs":167,"mai":7.39,"mai_bas":5.69,"mai_haut":9.61,"mai_ech":"maille","mai_obs":39,"a12":8.84,"a3":7.64},"geometry":{"type":"Polygon","coordinates":[[[1.8114,45.2432],[1.8103,45.2341],[1.8017,45.2259],[1.7893,45.2262],[1.7767,45.2356],[1.7666,45.2383],[1.7663,45.2456],[1.76,45.2517],[1.7657,45.25],[1.7807,45.2582],[1.791,45.2499],[1.7907,45.2462],[1.8082,45.2415],[1.8114,45.2432]]]}},{"type":"Feature","properties":{"code":"19225","nom":"Saint-Merd-de-Lapleau","app":7.65,"app_bas":6.16,"app_haut":9.51,"app_ech":"maille","app_obs":1,"mai":7.78,"mai_bas":6.03,"mai_haut":10.05,"mai_ech":"maille","mai_obs":0,"a12":8.84,"a3":5.98},"geometry":{"type":"Polygon","coordinates":[[[2.0748,45.2238],[2.0679,45.2337],[2.0668,45.2422],[2.0692,45.2523],[2.0681,45.265],[2.0763,45.2622],[2.0828,45.2755],[2.0899,45.2806],[2.1122,45.2806],[2.1149,45.2753],[2.1209,45.2548],[2.1312,45.2498],[2.1295,45.2441],[2.1166,45.2308],[2.1117,45.2291],[2.11,45.2173],[2.0923,45.2158],[2.0748,45.2238]]]}},{"type":"Feature","properties":{"code":"19233","nom":"Saint-Pardoux-le-Vieux","app":8.87,"app_bas":7,"app_haut":11.24,"app_ech":"maille","app_obs":1,"mai":6.49,"mai_bas":5.16,"mai_haut":8.16,"mai_ech":"maille","mai_obs":4,"a12":9.61,"a3":6.61},"geometry":{"type":"Polygon","coordinates":[[[2.2588,45.6209],[2.2749,45.6252],[2.2874,45.6256],[2.2881,45.6158],[2.296,45.603],[2.2931,45.5942],[2.2823,45.5873],[2.2873,45.5821],[2.2955,45.5806],[2.2913,45.5744],[2.2818,45.5734],[2.2661,45.5838],[2.2503,45.5959],[2.2422,45.5985],[2.2405,45.6127],[2.2553,45.6213],[2.2588,45.6209]]]}},{"type":"Feature","properties":{"code":"19109","nom":"Lascaux","app":8.69,"app_bas":7,"app_haut":10.8,"app_ech":"maille","app_obs":2,"mai":6.54,"mai_bas":5.16,"mai_haut":8.28,"mai_ech":"maille","mai_obs":5,"a12":11.72,"a3":6.88},"geometry":{"type":"Polygon","coordinates":[[[1.374,45.3214],[1.367,45.3188],[1.366,45.3219],[1.354,45.3302],[1.3605,45.3516],[1.3745,45.354],[1.3782,45.3586],[1.3927,45.3539],[1.3861,45.3406],[1.3744,45.3287],[1.374,45.3214]]]}},{"type":"Feature","properties":{"code":"19111","nom":"Laval-sur-Luzège","app":7.65,"app_bas":6.16,"app_haut":9.51,"app_ech":"maille","app_obs":0,"mai":7.78,"mai_bas":6.03,"mai_haut":10.05,"mai_ech":"maille","mai_obs":0,"a12":8.81,"a3":5.98},"geometry":{"type":"Polygon","coordinates":[[[2.1551,45.2744],[2.1685,45.2719],[2.1733,45.266],[2.1648,45.2474],[2.1451,45.227],[2.1398,45.2259],[2.1166,45.2308],[2.1295,45.2441],[2.1312,45.2498],[2.1209,45.2548],[2.1149,45.2753],[2.1292,45.2769],[2.1404,45.2718],[2.1551,45.2744]]]}},{"type":"Feature","properties":{"code":"19074","nom":"Église-aux-Bois","app":9.87,"app_bas":7.89,"app_haut":12.35,"app_ech":"maille","app_obs":0,"mai":7.17,"mai_bas":5.52,"mai_haut":9.31,"mai_ech":"maille","mai_obs":0,"a12":8.75,"a3":6.5},"geometry":{"type":"Polygon","coordinates":[[[1.7752,45.633],[1.7715,45.6361],[1.7726,45.6436],[1.7638,45.6546],[1.7776,45.6641],[1.7858,45.6827],[1.7921,45.6817],[1.8009,45.6746],[1.816,45.6804],[1.8234,45.6719],[1.8264,45.665],[1.8222,45.6591],[1.824,45.6484],[1.8108,45.6459],[1.8004,45.6351],[1.7861,45.6406],[1.7752,45.633]]]}},{"type":"Feature","properties":{"code":"19186","nom":"Saint-Bonnet-Elvert","app":7.89,"app_bas":6.15,"app_haut":10.12,"app_ech":"maille","app_obs":1,"mai":7.39,"mai_bas":5.69,"mai_haut":9.61,"mai_ech":"maille","mai_obs":1,"a12":10.81,"a3":5.98},"geometry":{"type":"Polygon","coordinates":[[[1.8875,45.1693],[1.906,45.1789],[1.9125,45.1799],[1.9249,45.176],[1.9349,45.1756],[1.951,45.1685],[1.9473,45.1628],[1.9507,45.158],[1.9424,45.1479],[1.9249,45.1347],[1.917,45.1402],[1.9,45.1416],[1.891,45.1379],[1.8821,45.1441],[1.8867,45.1474],[1.8875,45.1693]]]}},{"type":"Feature","properties":{"code":"19222","nom":"Saint-Martin-la-Méanne","app":6.7,"app_bas":5.31,"app_haut":8.45,"app_ech":"maille","app_obs":1,"mai":7.39,"mai_bas":5.69,"mai_haut":9.61,"mai_ech":"maille","mai_obs":8,"a12":8.84,"a3":5.98},"geometry":{"type":"Polygon","coordinates":[[[1.9588,45.1738],[1.9699,45.1843],[1.9706,45.1875],[1.975,45.1936],[1.9839,45.1965],[2.0006,45.196],[2.0136,45.2119],[2.0287,45.2065],[2.0312,45.2036],[2.0277,45.2011],[2.0312,45.1875],[2.0203,45.1792],[2.0109,45.1602],[2.0095,45.1496],[2.0022,45.1429],[1.9939,45.1262],[1.9832,45.1318],[1.972,45.1432],[1.9605,45.1425],[1.9619,45.1474],[1.9744,45.1539],[1.9757,45.1604],[1.968,45.1649],[1.9588,45.1738]]]}},{"type":"Feature","properties":{"code":"19262","nom":"Soudaine-Lavinadière","app":7.78,"app_bas":5.98,"app_haut":10.12,"app_ech":"maille","app_obs":0,"mai":6.54,"mai_bas":5.16,"mai_haut":8.28,"mai_ech":"maille","mai_obs":1,"a12":8.75,"a3":7.33},"geometry":{"type":"Polygon","coordinates":[[[1.7208,45.5107],[1.7141,45.5181],[1.7105,45.5284],[1.713,45.5319],[1.6892,45.5436],[1.6859,45.5475],[1.6859,45.556],[1.6995,45.5662],[1.7091,45.5623],[1.7202,45.5521],[1.7321,45.5604],[1.7376,45.5729],[1.7443,45.5743],[1.7532,45.5687],[1.7605,45.5593],[1.7623,45.5518],[1.7546,45.5391],[1.7565,45.536],[1.7462,45.5256],[1.7326,45.5223],[1.7208,45.5107]]]}},{"type":"Feature","properties":{"code":"19269","nom":"Treignac","app":7.78,"app_bas":5.98,"app_haut":10.12,"app_ech":"maille","app_obs":85,"mai":7.17,"mai_bas":5.52,"mai_haut":9.31,"mai_ech":"maille","mai_obs":13,"a12":9.98,"a3":7.33},"geometry":{"type":"Polygon","coordinates":[[[1.8463,45.5286],[1.8434,45.5296],[1.8229,45.5227],[1.8128,45.5232],[1.8053,45.5201],[1.8042,45.5129],[1.7859,45.527],[1.7886,45.5385],[1.7789,45.5404],[1.7652,45.5336],[1.7565,45.536],[1.7546,45.5391],[1.7623,45.5518],[1.7605,45.5593],[1.7532,45.5687],[1.7616,45.5774],[1.7605,45.5838],[1.7983,45.5865],[1.7934,45.5795],[1.7963,45.5757],[1.8073,45.5724],[1.8126,45.5765],[1.8188,45.5735],[1.8253,45.5655],[1.8368,45.5736],[1.8472,45.5613],[1.8442,45.546],[1.8488,45.5296],[1.8463,45.5286]]]}},{"type":"Feature","properties":{"code":"19032","nom":"Brivezac","app":null,"app_bas":null,"app_haut":null,"app_ech":null,"app_obs":0,"mai":null,"mai_bas":null,"mai_haut":null,"mai_ech":null,"mai_obs":0,"a12":null,"a3":null},"geometry":{"type":"Polygon","coordinates":[[[1.8526,45.0406],[1.8523,45.0296],[1.847,45.0172],[1.853,45.0094],[1.8513,45.0051],[1.8326,44.9983],[1.8295,45.0002],[1.8277,45.0049],[1.8193,45.0111],[1.8171,45.0189],[1.8273,45.0226],[1.826,45.0355],[1.8526,45.0406]]]}},{"type":"Feature","properties":{"code":"19044","nom":"Chapelle-aux-Saints","app":8.11,"app_bas":6.57,"app_haut":10.01,"app_ech":"maille","app_obs":0,"mai":7.12,"mai_bas":5.62,"mai_haut":9.02,"mai_ech":"maille","mai_obs":2,"a12":8.84,"a3":7.15},"geometry":{"type":"Polygon","coordinates":[[[1.711,44.9673],[1.7088,44.9696],[1.7034,44.9866],[1.7139,44.9941],[1.7263,44.9962],[1.7384,44.9916],[1.7335,44.9825],[1.7135,44.9678],[1.711,44.9673]]]}},{"type":"Feature","properties":{"code":"19070","nom":"Darnets","app":8.87,"app_bas":7,"app_haut":11.24,"app_ech":"maille","app_obs":13,"mai":6.49,"mai_bas":5.16,"mai_haut":8.16,"mai_ech":"maille","mai_obs":1,"a12":9.98,"a3":6.21},"geometry":{"type":"Polygon","coordinates":[[[2.0722,45.4138],[2.0702,45.4215],[2.0971,45.4478],[2.0998,45.4433],[2.1086,45.4466],[2.1161,45.4537],[2.1455,45.451],[2.1392,45.4416],[2.1378,45.4352],[2.1404,45.424],[2.1436,45.422],[2.1474,45.4152],[2.1456,45.3978],[2.1422,45.3934],[2.131,45.3905],[2.1283,45.3946],[2.1292,45.4082],[2.1268,45.4137],[2.1197,45.4127],[2.1164,45.4052],[2.1178,45.3952],[2.1091,45.3959],[2.102,45.4037],[2.0893,45.4033],[2.0807,45.4072],[2.0815,45.4129],[2.0722,45.4138]]]}},{"type":"Feature","properties":{"code":"19244","nom":"Saint-Sulpice-les-Bois","app":7.98,"app_bas":5.29,"app_haut":12.03,"app_ech":"maille","app_obs":1,"mai":6.49,"mai_bas":5.16,"mai_haut":8.16,"mai_ech":"maille","mai_obs":3,"a12":9.26,"a3":6.21},"geometry":{"type":"Polygon","coordinates":[[[2.1118,45.6443],[2.1383,45.6462],[2.1417,45.6397],[2.1543,45.6254],[2.1715,45.6143],[2.1822,45.6052],[2.1852,45.589],[2.1709,45.5927],[2.1507,45.5908],[2.1454,45.5873],[2.136,45.5894],[2.1305,45.5992],[2.1166,45.596],[2.0968,45.598],[2.0967,45.6021],[2.1064,45.6058],[2.1116,45.6125],[2.1272,45.6217],[2.1254,45.6274],[2.1051,45.6334],[2.1118,45.6443]]]}},{"type":"Feature","properties":{"code":"19247","nom":"Saint-Victour","app":8.87,"app_bas":7,"app_haut":11.24,"app_ech":"maille","app_obs":1,"mai":6.86,"mai_bas":5.34,"mai_haut":8.81,"mai_ech":"maille","mai_obs":2,"a12":11.39,"a3":6.61},"geometry":{"type":"Polygon","coordinates":[[[2.3489,45.4744],[2.3547,45.4768],[2.3673,45.4736],[2.3854,45.4812],[2.4002,45.479],[2.4053,45.4824],[2.4293,45.481],[2.4337,45.4761],[2.4287,45.4728],[2.4074,45.4679],[2.4003,45.461],[2.3922,45.4576],[2.3858,45.4388],[2.3675,45.4445],[2.3489,45.4744]]]}},{"type":"Feature","properties":{"code":"19265","nom":"Tarnac","app":7.78,"app_bas":5.98,"app_haut":10.12,"app_ech":"maille","app_obs":0,"mai":7.17,"mai_bas":5.52,"mai_haut":9.31,"mai_ech":"maille","mai_obs":5,"a12":8.75,"a3":7.33},"geometry":{"type":"Polygon","coordinates":[[[2.031,45.6619],[2.0217,45.6384],[2.0074,45.64],[1.9948,45.6477],[1.978,45.6498],[1.9756,45.6363],[1.9796,45.6283],[1.9629,45.6248],[1.9498,45.6159],[1.9373,45.6265],[1.9558,45.6382],[1.9436,45.6466],[1.9502,45.6575],[1.936,45.6634],[1.9342,45.6592],[1.9245,45.6603],[1.9197,45.6564],[1.8861,45.6517],[1.8737,45.656],[1.8748,45.6647],[1.8808,45.6683],[1.88,45.6782],[1.9056,45.678],[1.91,45.6816],[1.9094,45.6905],[1.9022,45.6929],[1.8987,45.6983],[1.9085,45.7033],[1.9155,45.7113],[1.9289,45.7115],[1.9317,45.7065],[1.9427,45.7047],[1.9417,45.7113],[1.9484,45.7217],[1.9566,45.7248],[1.9661,45.7231],[1.9779,45.7243],[1.9825,45.7194],[1.9765,45.7173],[1.9783,45.7089],[1.9743,45.7018],[1.9818,45.6973],[2.002,45.6962],[2.0006,45.6908],[1.9939,45.6875],[2.0045,45.6791],[2.0192,45.6743],[2.031,45.6619]]]}},{"type":"Feature","properties":{"code":"19189","nom":"Saint-Bonnet-les-Tours-de-Merle","app":8.11,"app_bas":6.57,"app_haut":10.01,"app_ech":"maille","app_obs":0,"mai":7.39,"mai_bas":5.69,"mai_haut":9.61,"mai_ech":"maille","mai_obs":1,"a12":8.81,"a3":5.98},"geometry":{"type":"Polygon","coordinates":[[[2.0381,45.0391],[2.0363,45.0416],[2.0421,45.0628],[2.0493,45.0675],[2.0646,45.0688],[2.0718,45.0586],[2.0565,45.0452],[2.0381,45.0391]]]}},{"type":"Feature","properties":{"code":"19257","nom":"Sérilhac","app":7.89,"app_bas":6.15,"app_haut":10.12,"app_ech":"maille","app_obs":5,"mai":7.12,"mai_bas":5.62,"mai_haut":9.02,"mai_ech":"maille","mai_obs":15,"a12":10.81,"a3":7.15},"geometry":{"type":"Polygon","coordinates":[[[1.7068,45.1061],[1.7219,45.1089],[1.7286,45.1142],[1.7385,45.1124],[1.7562,45.113],[1.7696,45.1049],[1.759,45.0999],[1.7492,45.0927],[1.748,45.0826],[1.7338,45.0768],[1.7273,45.0838],[1.7176,45.0835],[1.709,45.0876],[1.7031,45.0941],[1.7068,45.1061]]]}},{"type":"Feature","properties":{"code":"19017","nom":"Bassignac-le-Bas","app":7.89,"app_bas":6.15,"app_haut":10.12,"app_ech":"maille","app_obs":0,"mai":7.12,"mai_bas":5.62,"mai_haut":9.02,"mai_ech":"maille","mai_obs":1,"a12":8.84,"a3":6.95},"geometry":{"type":"Polygon","coordinates":[[[1.8526,45.0406],[1.8644,45.0482],[1.8808,45.0444],[1.8922,45.0466],[1.8999,45.0427],[1.8964,45.041],[1.8767,45.0404],[1.8903,45.0226],[1.8864,45.0078],[1.872,45.0045],[1.8513,45.0051],[1.853,45.0094],[1.847,45.0172],[1.8523,45.0296],[1.8526,45.0406]]]}},{"type":"Feature","properties":{"code":"19107","nom":"Larche","app":11.6,"app_bas":9.39,"app_haut":14.33,"app_ech":"commune","app_obs":211,"mai":9.49,"mai_bas":7.26,"mai_haut":12.4,"mai_ech":"maille","mai_obs":74,"a12":11.98,"a3":8.01},"geometry":{"type":"Polygon","coordinates":[[[1.3933,45.0973],[1.3864,45.1029],[1.3801,45.1008],[1.3783,45.1061],[1.3923,45.1058],[1.4095,45.1126],[1.4131,45.1249],[1.4272,45.1217],[1.4409,45.1295],[1.4488,45.1281],[1.4437,45.1223],[1.4353,45.1075],[1.4311,45.1051],[1.4142,45.1095],[1.3985,45.1027],[1.3933,45.0973]]]}},{"type":"Feature","properties":{"code":"19288","nom":"Voutezac","app":8.97,"app_bas":7.21,"app_haut":11.16,"app_ech":"maille","app_obs":26,"mai":8.15,"mai_bas":6.22,"mai_haut":10.69,"mai_ech":"maille","mai_obs":35,"a12":10.88,"a3":6.7},"geometry":{"type":"Polygon","coordinates":[[[1.4115,45.2897],[1.4119,45.2995],[1.4164,45.3141],[1.4274,45.3178],[1.444,45.3128],[1.449,45.3137],[1.4525,45.3232],[1.4634,45.3169],[1.4705,45.3051],[1.4707,45.2962],[1.4676,45.2865],[1.4587,45.2771],[1.4546,45.2687],[1.455,45.2615],[1.4487,45.2604],[1.4288,45.2678],[1.4285,45.2728],[1.4128,45.2721],[1.4144,45.2797],[1.4115,45.2897]]]}},{"type":"Feature","properties":{"code":"19116","nom":"Liourdres","app":8.11,"app_bas":6.57,"app_haut":10.01,"app_ech":"maille","app_obs":1,"mai":7.12,"mai_bas":5.62,"mai_haut":9.02,"mai_ech":"maille","mai_obs":3,"a12":8.84,"a3":7.15},"geometry":{"type":"Polygon","coordinates":[[[1.8001,44.9521],[1.8065,44.9535],[1.8294,44.934],[1.8239,44.9277],[1.8086,44.9277],[1.8002,44.9203],[1.8009,44.9242],[1.7857,44.9369],[1.7991,44.9436],[1.8001,44.9521]]]}},{"type":"Feature","properties":{"code":"19087","nom":"Gourdon-Murat","app":7.78,"app_bas":5.98,"app_haut":10.12,"app_ech":"maille","app_obs":1,"mai":7.17,"mai_bas":5.52,"mai_haut":9.31,"mai_ech":"maille","mai_obs":1,"a12":8.75,"a3":6.21},"geometry":{"type":"Polygon","coordinates":[[[1.9323,45.5301],[1.9246,45.5331],[1.9121,45.5324],[1.8911,45.5345],[1.8725,45.5284],[1.8716,45.5431],[1.8663,45.5534],[1.8681,45.5571],[1.8901,45.5723],[1.8967,45.5647],[1.9202,45.5554],[1.9213,45.5523],[1.9283,45.5474],[1.9358,45.5479],[1.9415,45.5427],[1.9382,45.5332],[1.9323,45.5301]]]}},{"type":"Feature","properties":{"code":"19112","nom":"Lestards","app":8.49,"app_bas":6.89,"app_haut":10.46,"app_ech":"maille","app_obs":1,"mai":6.9,"mai_bas":5.48,"mai_haut":8.68,"mai_ech":"maille","mai_obs":0,"a12":8.75,"a3":6.21},"geometry":{"type":"Polygon","coordinates":[[[1.8463,45.5286],[1.8488,45.5296],[1.8442,45.546],[1.8472,45.5613],[1.8368,45.5736],[1.8454,45.5781],[1.86,45.5763],[1.8659,45.583],[1.8691,45.5774],[1.8807,45.5659],[1.8681,45.5571],[1.8663,45.5534],[1.8716,45.5431],[1.8725,45.5284],[1.8911,45.5345],[1.8893,45.5283],[1.8927,45.5207],[1.8852,45.5119],[1.8823,45.5021],[1.8638,45.5127],[1.855,45.5136],[1.8507,45.518],[1.8463,45.5286]]]}},{"type":"Feature","properties":{"code":"19172","nom":"Rilhac-Treignac","app":7.78,"app_bas":5.98,"app_haut":10.12,"app_ech":"maille","app_obs":1,"mai":6.54,"mai_bas":5.16,"mai_haut":8.28,"mai_ech":"maille","mai_obs":4,"a12":8.75,"a3":7.33},"geometry":{"type":"Polygon","coordinates":[[[1.6693,45.515],[1.6717,45.5224],[1.6699,45.5357],[1.6859,45.5475],[1.6892,45.5436],[1.713,45.5319],[1.7105,45.5284],[1.7141,45.5181],[1.6977,45.5093],[1.6904,45.5127],[1.6693,45.515]]]}},{"type":"Feature","properties":{"code":"19002","nom":"Aix","app":7.51,"app_bas":5.89,"app_haut":9.57,"app_ech":"maille","app_obs":2,"mai":6.86,"mai_bas":5.34,"mai_haut":8.81,"mai_ech":"maille","mai_obs":15,"a12":9.61,"a3":6.21},"geometry":{"type":"Polygon","coordinates":[[[2.4035,45.5737],[2.3957,45.5789],[2.3795,45.585],[2.3649,45.5798],[2.3561,45.5815],[2.3429,45.5942],[2.3454,45.5977],[2.344,45.6126],[2.3667,45.615],[2.3536,45.6238],[2.3447,45.6206],[2.3386,45.6246],[2.3517,45.636],[2.3644,45.6333],[2.3663,45.6434],[2.3714,45.6495],[2.3755,45.6567],[2.389,45.6531],[2.3918,45.6475],[2.4089,45.648],[2.4216,45.6385],[2.4341,45.6409],[2.4393,45.6358],[2.4279,45.628],[2.4437,45.6128],[2.4465,45.6067],[2.4415,45.5971],[2.4162,45.5853],[2.4035,45.5737]]]}},{"type":"Feature","properties":{"code":"19042","nom":"Chanteix","app":9.76,"app_bas":7.94,"app_haut":12.01,"app_ech":"maille","app_obs":12,"mai":8.05,"mai_bas":6.37,"mai_haut":10.17,"mai_ech":"maille","mai_obs":12,"a12":10.88,"a3":8.01},"geometry":{"type":"Polygon","coordinates":[[[1.6336,45.2912],[1.626,45.2923],[1.6102,45.2883],[1.5962,45.2891],[1.5947,45.3059],[1.6022,45.3222],[1.6024,45.3281],[1.6221,45.3404],[1.6336,45.3361],[1.6356,45.3316],[1.6459,45.3305],[1.6585,45.3259],[1.6552,45.3217],[1.6517,45.3054],[1.6432,45.3037],[1.6336,45.2912]]]}},{"type":"Feature","properties":{"code":"19093","nom":"Jugeals-Nazareth","app":9.76,"app_bas":7.94,"app_haut":12.01,"app_ech":"maille","app_obs":4,"mai":9.49,"mai_bas":7.26,"mai_haut":12.4,"mai_ech":"maille","mai_obs":14,"a12":10.88,"a3":8.01},"geometry":{"type":"Polygon","coordinates":[[[1.566,45.11],[1.5742,45.1012],[1.5796,45.0998],[1.5717,45.0911],[1.5748,45.0779],[1.5734,45.0749],[1.559,45.074],[1.549,45.0702],[1.5383,45.0704],[1.5325,45.0809],[1.5239,45.0875],[1.526,45.0916],[1.5454,45.0953],[1.5464,45.1052],[1.566,45.11]]]}},{"type":"Feature","properties":{"code":"19216","nom":"Saint-Julien-le-Vendômois","app":8.6,"app_bas":6.93,"app_haut":10.68,"app_ech":"maille","app_obs":0,"mai":7.86,"mai_bas":6.33,"mai_haut":9.76,"mai_ech":"maille","mai_obs":1,"a12":11.11,"a3":6.88},"geometry":{"type":"Polygon","coordinates":[[[1.3292,45.4216],[1.3279,45.4295],[1.31,45.4358],[1.3098,45.4451],[1.3084,45.4485],[1.2955,45.4537],[1.2929,45.4674],[1.2792,45.4677],[1.2789,45.4771],[1.2853,45.4903],[1.3196,45.4779],[1.3266,45.4742],[1.3501,45.4669],[1.355,45.4622],[1.3567,45.453],[1.354,45.441],[1.3429,45.4347],[1.3424,45.4296],[1.3363,45.4233],[1.3292,45.4216]]]}},{"type":"Feature","properties":{"code":"19010","nom":"Argentat","app":8.88,"app_bas":7.02,"app_haut":11.23,"app_ech":"commune","app_obs":330,"mai":7.39,"mai_bas":5.69,"mai_haut":9.61,"mai_ech":"maille","mai_obs":59,"a12":10.57,"a3":7.12},"geometry":{"type":"Polygon","coordinates":[[[1.9319,45.0595],[1.9291,45.0705],[1.9342,45.0798],[1.9248,45.0938],[1.9201,45.0956],[1.9027,45.0921],[1.8904,45.0965],[1.8937,45.1082],[1.8975,45.1097],[1.9191,45.1089],[1.9219,45.1151],[1.9307,45.124],[1.9298,45.1309],[1.9249,45.1347],[1.9291,45.1377],[1.9413,45.1337],[1.9494,45.1371],[1.9539,45.1341],[1.952,45.124],[1.9595,45.115],[1.9596,45.1088],[1.9553,45.0943],[1.9625,45.0812],[1.9609,45.0765],[1.9437,45.0717],[1.9421,45.0614],[1.9319,45.0595]]]}},{"type":"Feature","properties":{"code":"19129","nom":"Masseret","app":9.87,"app_bas":7.89,"app_haut":12.35,"app_ech":"maille","app_obs":36,"mai":6.54,"mai_bas":5.16,"mai_haut":8.28,"mai_ech":"maille","mai_obs":27,"a12":8.75,"a3":7.33},"geometry":{"type":"Polygon","coordinates":[[[1.4999,45.5222],[1.5003,45.5294],[1.4927,45.5326],[1.4888,45.539],[1.4925,45.5494],[1.5063,45.551],[1.5175,45.5574],[1.5221,45.5641],[1.5468,45.5545],[1.5437,45.5496],[1.5496,45.5337],[1.5446,45.5281],[1.5283,45.5301],[1.5217,45.5264],[1.4999,45.5222]]]}},{"type":"Feature","properties":{"code":"19130","nom":"Maussac","app":8.87,"app_bas":7,"app_haut":11.24,"app_ech":"maille","app_obs":9,"mai":6.49,"mai_bas":5.16,"mai_haut":8.16,"mai_ech":"maille","mai_obs":13,"a12":9.98,"a3":5.94},"geometry":{"type":"Polygon","coordinates":[[[2.0971,45.4478],[2.1064,45.4611],[2.1125,45.4647],[2.1154,45.4797],[2.1113,45.4959],[2.1335,45.4998],[2.1353,45.4911],[2.1439,45.4813],[2.1514,45.4693],[2.1455,45.451],[2.1161,45.4537],[2.1086,45.4466],[2.0998,45.4433],[2.0971,45.4478]]]}},{"type":"Feature","properties":{"code":"19201","nom":"Saint-Exupéry-les-Roches","app":8.87,"app_bas":7,"app_haut":11.24,"app_ech":"maille","app_obs":2,"mai":6.86,"mai_bas":5.34,"mai_haut":8.81,"mai_ech":"maille","mai_obs":10,"a12":11.39,"a3":6.61},"geometry":{"type":"Polygon","coordinates":[[[2.396,45.4994],[2.3857,45.4973],[2.3851,45.491],[2.3787,45.484],[2.3854,45.4812],[2.3673,45.4736],[2.3547,45.4768],[2.3489,45.4744],[2.3381,45.4894],[2.3267,45.5121],[2.3166,45.5129],[2.3271,45.5277],[2.3393,45.5305],[2.3445,45.5287],[2.3578,45.537],[2.388,45.5353],[2.4061,45.5385],[2.425,45.5435],[2.4342,45.5385],[2.4217,45.5291],[2.4084,45.522],[2.4088,45.5085],[2.3966,45.5067],[2.396,45.4994]]]}},{"type":"Feature","properties":{"code":"19012","nom":"Astaillac","app":9.32,"app_bas":7.47,"app_haut":11.64,"app_ech":"maille","app_obs":0,"mai":8.45,"mai_bas":6.76,"mai_haut":10.58,"mai_ech":"maille","mai_obs":2,"a12":13.04,"a3":8.35},"geometry":{"type":"Polygon","coordinates":[[[1.8294,44.934],[1.8065,44.9535],[1.8173,44.9672],[1.8357,44.9599],[1.851,44.9587],[1.8511,44.9462],[1.8428,44.9371],[1.8364,44.9375],[1.8369,44.9453],[1.8312,44.9455],[1.8294,44.934]]]}},{"type":"Feature","properties":{"code":"19131","nom":"Meilhards","app":7.78,"app_bas":5.98,"app_haut":10.12,"app_ech":"maille","app_obs":0,"mai":6.54,"mai_bas":5.16,"mai_haut":8.28,"mai_ech":"maille","mai_obs":3,"a12":9.98,"a3":7.33},"geometry":{"type":"Polygon","coordinates":[[[1.5929,45.575],[1.6105,45.5788],[1.6183,45.5767],[1.6377,45.5804],[1.6432,45.5876],[1.6493,45.5905],[1.6556,45.5854],[1.6606,45.5708],[1.6645,45.5667],[1.6859,45.556],[1.6859,45.5475],[1.6699,45.5357],[1.6717,45.5224],[1.6693,45.515],[1.6664,45.5103],[1.6556,45.5125],[1.6438,45.5068],[1.6235,45.5101],[1.6091,45.5142],[1.5985,45.5199],[1.6016,45.5263],[1.6112,45.5313],[1.614,45.5368],[1.6029,45.5461],[1.5849,45.5561],[1.5929,45.575]]]}},{"type":"Feature","properties":{"code":"19202","nom":"Sainte-Féréole","app":9.76,"app_bas":7.94,"app_haut":12.01,"app_ech":"maille","app_obs":70,"mai":9.49,"mai_bas":7.26,"mai_haut":12.4,"mai_ech":"maille","mai_obs":67,"a12":10.88,"a3":8.01},"geometry":{"type":"Polygon","coordinates":[[[1.5549,45.2452],[1.5644,45.25],[1.5788,45.2677],[1.5834,45.2675],[1.5893,45.2601],[1.6065,45.2495],[1.6225,45.2448],[1.6365,45.2462],[1.634,45.2336],[1.6278,45.2332],[1.619,45.2253],[1.6235,45.2179],[1.6151,45.2017],[1.6004,45.1977],[1.5979,45.193],[1.5793,45.1955],[1.5647,45.1933],[1.5583,45.2004],[1.561,45.2107],[1.556,45.2132],[1.5515,45.2222],[1.5552,45.231],[1.5549,45.2452]]]}},{"type":"Feature","properties":{"code":"19232","nom":"Saint-Pardoux-le-Neuf","app":8.87,"app_bas":7,"app_haut":11.24,"app_ech":"maille","app_obs":0,"mai":6.49,"mai_bas":5.16,"mai_haut":8.16,"mai_ech":"maille","mai_obs":0,"a12":11.39,"a3":6.61},"geometry":{"type":"Polygon","coordinates":[[[2.3386,45.6246],[2.3447,45.6206],[2.3536,45.6238],[2.3667,45.615],[2.344,45.6126],[2.3454,45.5977],[2.3429,45.5942],[2.3329,45.5924],[2.3183,45.5944],[2.3114,45.6005],[2.3168,45.614],[2.3124,45.6338],[2.3297,45.634],[2.3316,45.6275],[2.3386,45.6246]]]}},{"type":"Feature","properties":{"code":"19264","nom":"Soursac","app":7.65,"app_bas":6.16,"app_haut":9.51,"app_ech":"maille","app_obs":5,"mai":7.78,"mai_bas":6.03,"mai_haut":10.05,"mai_ech":"maille","mai_obs":17,"a12":8.81,"a3":5.94},"geometry":{"type":"Polygon","coordinates":[[[2.2126,45.3072],[2.2178,45.3018],[2.21,45.2944],[2.2138,45.2839],[2.2203,45.2866],[2.2299,45.2859],[2.2374,45.2913],[2.2472,45.2838],[2.2514,45.286],[2.2617,45.2832],[2.2586,45.2702],[2.245,45.2671],[2.2388,45.2604],[2.2413,45.2494],[2.2249,45.2419],[2.2085,45.2297],[2.2031,45.2232],[2.1912,45.2231],[2.1779,45.2214],[2.1687,45.2242],[2.1681,45.2345],[2.1611,45.2336],[2.1535,45.2248],[2.1398,45.2259],[2.1451,45.227],[2.1648,45.2474],[2.1733,45.266],[2.1824,45.2678],[2.1868,45.2719],[2.1794,45.2784],[2.182,45.2925],[2.1863,45.3],[2.1985,45.3043],[2.2026,45.3104],[2.2126,45.3072]]]}},{"type":"Feature","properties":{"code":"19281","nom":"Veix","app":8.49,"app_bas":6.89,"app_haut":10.46,"app_ech":"maille","app_obs":0,"mai":6.9,"mai_bas":5.48,"mai_haut":8.68,"mai_ech":"maille","mai_obs":0,"a12":8.75,"a3":6.21},"geometry":{"type":"Polygon","coordinates":[[[1.8463,45.5286],[1.8507,45.518],[1.855,45.5136],[1.8638,45.5127],[1.8823,45.5021],[1.8727,45.4959],[1.8648,45.4868],[1.8582,45.4814],[1.8541,45.4824],[1.8341,45.4783],[1.8117,45.4806],[1.8145,45.4833],[1.8063,45.4952],[1.8109,45.5072],[1.8042,45.5129],[1.8053,45.5201],[1.8128,45.5232],[1.8229,45.5227],[1.8434,45.5296],[1.8463,45.5286]]]}},{"type":"Feature","properties":{"code":"19077","nom":"Estivals","app":9.67,"app_bas":7.66,"app_haut":12.21,"app_ech":"maille","app_obs":0,"mai":8.45,"mai_bas":6.76,"mai_haut":10.58,"mai_ech":"maille","mai_obs":2,"a12":10.88,"a3":8.01},"geometry":{"type":"Polygon","coordinates":[[[1.4483,45.0193],[1.4346,45.0301],[1.4427,45.0411],[1.4664,45.0492],[1.4683,45.0431],[1.4769,45.0376],[1.4771,45.0269],[1.4736,45.018],[1.462,45.0137],[1.4483,45.0193]]]}},{"type":"Feature","properties":{"code":"19119","nom":"Lostanges","app":8.11,"app_bas":6.57,"app_haut":10.01,"app_ech":"maille","app_obs":0,"mai":7.12,"mai_bas":5.62,"mai_haut":9.02,"mai_ech":"maille","mai_obs":0,"a12":8.84,"a3":7.15},"geometry":{"type":"Polygon","coordinates":[[[1.7447,45.0526],[1.761,45.0731],[1.7879,45.0869],[1.7906,45.0942],[1.7952,45.0896],[1.8007,45.0648],[1.7744,45.0605],[1.7628,45.0548],[1.7497,45.0424],[1.7447,45.0526]]]}},{"type":"Feature","properties":{"code":"19150","nom":"Noailhac","app":9.67,"app_bas":7.66,"app_haut":12.21,"app_ech":"maille","app_obs":3,"mai":8.05,"mai_bas":6.37,"mai_haut":10.17,"mai_ech":"maille","mai_obs":6,"a12":10.88,"a3":8.53},"geometry":{"type":"Polygon","coordinates":[[[1.6063,45.1015],[1.6257,45.0983],[1.6535,45.1007],[1.6522,45.0899],[1.6418,45.0915],[1.6372,45.0819],[1.6278,45.0683],[1.6019,45.0576],[1.6011,45.0676],[1.5874,45.0736],[1.5981,45.0936],[1.6063,45.1015]]]}},{"type":"Feature","properties":{"code":"19169","nom":"Puy-d'Arnac","app":8.11,"app_bas":6.57,"app_haut":10.01,"app_ech":"maille","app_obs":1,"mai":7.12,"mai_bas":5.62,"mai_haut":9.02,"mai_ech":"maille","mai_obs":4,"a12":10.81,"a3":7.15},"geometry":{"type":"Polygon","coordinates":[[[1.7495,45.018],[1.7476,45.0311],[1.7498,45.0415],[1.7674,45.0405],[1.7977,45.0353],[1.8012,45.0263],[1.7916,45.0281],[1.8004,45.0169],[1.7905,45.0168],[1.7913,45.0119],[1.7807,45.0092],[1.7739,45.0109],[1.761,45.0077],[1.7519,45.009],[1.7495,45.018]]]}},{"type":"Feature","properties":{"code":"19058","nom":"Combressol","app":8.87,"app_bas":7,"app_haut":11.24,"app_ech":"maille","app_obs":1,"mai":6.49,"mai_bas":5.16,"mai_haut":8.16,"mai_ech":"maille","mai_obs":10,"a12":9.26,"a3":5.94},"geometry":{"type":"Polygon","coordinates":[[[2.1436,45.422],[2.1404,45.424],[2.1378,45.4352],[2.1392,45.4416],[2.1455,45.451],[2.1514,45.4693],[2.1439,45.4813],[2.1353,45.4911],[2.1335,45.4998],[2.1502,45.5076],[2.1583,45.5056],[2.1624,45.4975],[2.1726,45.492],[2.1823,45.4921],[2.1897,45.4788],[2.1981,45.4732],[2.2038,45.4561],[2.1956,45.4552],[2.1706,45.4407],[2.1551,45.4364],[2.1455,45.4321],[2.1436,45.422]]]}},{"type":"Feature","properties":{"code":"19106","nom":"Lapleau","app":7.98,"app_bas":5.29,"app_haut":12.03,"app_ech":"maille","app_obs":13,"mai":6.86,"mai_bas":5.34,"mai_haut":8.81,"mai_ech":"maille","mai_obs":13,"a12":8.84,"a3":5.94},"geometry":{"type":"Polygon","coordinates":[[[2.1733,45.266],[2.1685,45.2719],[2.1551,45.2744],[2.1509,45.283],[2.141,45.2884],[2.1388,45.2933],[2.1263,45.2972],[2.1213,45.3025],[2.1323,45.3075],[2.1446,45.3163],[2.1482,45.3235],[2.1563,45.3287],[2.1771,45.3103],[2.1863,45.3],[2.182,45.2925],[2.1794,45.2784],[2.1868,45.2719],[2.1824,45.2678],[2.1733,45.266]]]}},{"type":"Feature","properties":{"code":"19177","nom":"Rosiers-de-Juillac","app":8.69,"app_bas":7,"app_haut":10.8,"app_ech":"maille","app_obs":1,"mai":7.58,"mai_bas":6.11,"mai_haut":9.41,"mai_ech":"maille","mai_obs":0,"a12":11.72,"a3":6.88},"geometry":{"type":"Polygon","coordinates":[[[1.3131,45.272],[1.2959,45.2738],[1.2862,45.2777],[1.2836,45.2923],[1.2676,45.2979],[1.2946,45.2926],[1.3003,45.2947],[1.2965,45.3044],[1.3,45.3058],[1.32,45.2998],[1.3321,45.2901],[1.3364,45.2806],[1.3131,45.272]]]}},{"type":"Feature","properties":{"code":"19270","nom":"Troche","app":8.69,"app_bas":7,"app_haut":10.8,"app_ech":"maille","app_obs":5,"mai":6.54,"mai_bas":5.16,"mai_haut":8.28,"mai_ech":"maille","mai_obs":19,"a12":11.72,"a3":6.7},"geometry":{"type":"Polygon","coordinates":[[[1.4856,45.4031],[1.4829,45.3874],[1.466,45.3827],[1.4594,45.3781],[1.4605,45.3676],[1.4534,45.3681],[1.4438,45.3785],[1.4206,45.384],[1.4084,45.4059],[1.4201,45.4112],[1.4371,45.4234],[1.4443,45.4211],[1.4451,45.4124],[1.4613,45.4073],[1.4812,45.4129],[1.4856,45.4031]]]}},{"type":"Feature","properties":{"code":"19289","nom":"Yssandon","app":8.97,"app_bas":7.21,"app_haut":11.16,"app_ech":"maille","app_obs":0,"mai":8.67,"mai_bas":6.92,"mai_haut":10.87,"mai_ech":"maille","mai_obs":21,"a12":10.88,"a3":8.53},"geometry":{"type":"Polygon","coordinates":[[[1.4041,45.2257],[1.4077,45.2226],[1.422,45.2206],[1.4176,45.2187],[1.4083,45.2054],[1.4068,45.1937],[1.4091,45.1851],[1.3918,45.1856],[1.375,45.1806],[1.3597,45.1844],[1.3582,45.1924],[1.348,45.1973],[1.3527,45.2063],[1.3627,45.2153],[1.362,45.2203],[1.3751,45.2258],[1.4041,45.2257]]]}},{"type":"Feature","properties":{"code":"19021","nom":"Bellechassagne","app":7.98,"app_bas":5.29,"app_haut":12.03,"app_ech":"maille","app_obs":0,"mai":6.49,"mai_bas":5.16,"mai_haut":8.16,"mai_ech":"maille","mai_obs":4,"a12":11.39,"a3":6.21},"geometry":{"type":"Polygon","coordinates":[[[2.2356,45.6645],[2.246,45.6622],[2.2486,45.6464],[2.2424,45.6322],[2.2333,45.6299],[2.2175,45.6326],[2.209,45.6419],[2.1984,45.6434],[2.188,45.642],[2.1899,45.6511],[2.2043,45.6597],[2.2112,45.6673],[2.2229,45.668],[2.2238,45.6619],[2.2356,45.6645]]]}},{"type":"Feature","properties":{"code":"19066","nom":"Cublac","app":8.97,"app_bas":7.21,"app_haut":11.16,"app_ech":"maille","app_obs":85,"mai":8.67,"mai_bas":6.92,"mai_haut":10.87,"mai_ech":"maille","mai_obs":53,"a12":11.57,"a3":8.53},"geometry":{"type":"Polygon","coordinates":[[[1.352,45.1416],[1.3379,45.1379],[1.3174,45.1421],[1.3074,45.1373],[1.2965,45.1402],[1.2742,45.1518],[1.2544,45.1585],[1.2549,45.1651],[1.2694,45.1648],[1.2815,45.1742],[1.2862,45.1739],[1.2931,45.1804],[1.3058,45.181],[1.3111,45.1721],[1.3298,45.1587],[1.3467,45.1503],[1.3652,45.1542],[1.3663,45.1464],[1.352,45.1416]]]}},{"type":"Feature","properties":{"code":"19175","nom":"Roche-le-Peyroux","app":8.87,"app_bas":7,"app_haut":11.24,"app_ech":"maille","app_obs":1,"mai":6.86,"mai_bas":5.34,"mai_haut":8.81,"mai_ech":"maille","mai_obs":2,"a12":9.26,"a3":5.93},"geometry":{"type":"Polygon","coordinates":[[[2.3675,45.4445],[2.3858,45.4388],[2.3968,45.4363],[2.4004,45.4323],[2.3984,45.4253],[2.392,45.4171],[2.381,45.4135],[2.3617,45.415],[2.3654,45.4325],[2.3644,45.4418],[2.3675,45.4445]]]}},{"type":"Feature","properties":{"code":"19009","nom":"Angles-sur-Corrèze","app":8.05,"app_bas":6.25,"app_haut":10.36,"app_ech":"maille","app_obs":0,"mai":8.15,"mai_bas":6.22,"mai_haut":10.69,"mai_ech":"maille","mai_obs":0,"a12":9.98,"a3":6.95},"geometry":{"type":"Polygon","coordinates":[[[1.8144,45.3213],[1.819,45.3125],[1.8192,45.306],[1.8129,45.2996],[1.799,45.3],[1.7865,45.3062],[1.7866,45.312],[1.7941,45.3179],[1.8045,45.3172],[1.8144,45.3213]]]}},{"type":"Feature","properties":{"code":"19019","nom":"Beaulieu-sur-Dordogne","app":9.61,"app_bas":7.77,"app_haut":11.89,"app_ech":"commune","app_obs":308,"mai":7.12,"mai_bas":5.62,"mai_haut":9.02,"mai_ech":"maille","mai_obs":41,"a12":10.84,"a3":8.03},"geometry":{"type":"Polygon","coordinates":[[[1.809,45.0015],[1.8204,45.0065],[1.8326,44.9983],[1.8301,44.9836],[1.8434,44.9777],[1.8503,44.9647],[1.851,44.9587],[1.8357,44.9599],[1.8173,44.9672],[1.8182,44.9757],[1.8085,44.9924],[1.809,45.0015]]]}},{"type":"Feature","properties":{"code":"19147","nom":"Nespouls","app":9.67,"app_bas":7.66,"app_haut":12.21,"app_ech":"maille","app_obs":7,"mai":9.49,"mai_bas":7.26,"mai_haut":12.4,"mai_ech":"maille","mai_obs":27,"a12":10.81,"a3":8.01},"geometry":{"type":"Polygon","coordinates":[[[1.4679,45.0535],[1.4893,45.0706],[1.4955,45.0832],[1.5073,45.0813],[1.5172,45.0762],[1.5277,45.0771],[1.5325,45.0809],[1.5383,45.0704],[1.5386,45.0687],[1.5257,45.0453],[1.5268,45.0443],[1.5196,45.041],[1.5029,45.0384],[1.4799,45.0268],[1.4771,45.0269],[1.4769,45.0376],[1.4683,45.0431],[1.4664,45.0492],[1.4679,45.0535]]]}},{"type":"Feature","properties":{"code":"19196","nom":"Saint-Cyr-la-Roche","app":8.97,"app_bas":7.21,"app_haut":11.16,"app_ech":"maille","app_obs":6,"mai":7.58,"mai_bas":6.11,"mai_haut":9.41,"mai_ech":"maille","mai_obs":20,"a12":11.57,"a3":6.7},"geometry":{"type":"Polygon","coordinates":[[[1.3858,45.2952],[1.3894,45.2923],[1.4042,45.2883],[1.3976,45.2783],[1.3979,45.2668],[1.3958,45.2597],[1.3661,45.2692],[1.3638,45.2835],[1.3674,45.2876],[1.3838,45.2969],[1.3858,45.2952]]]}},{"type":"Feature","properties":{"code":"19213","nom":"Saint-Jal","app":8.49,"app_bas":6.89,"app_haut":10.46,"app_ech":"maille","app_obs":5,"mai":6.9,"mai_bas":5.48,"mai_haut":8.68,"mai_ech":"maille","mai_obs":10,"a12":9.98,"a3":7.33},"geometry":{"type":"Polygon","coordinates":[[[1.667,45.3715],[1.6536,45.3677],[1.6401,45.3692],[1.6354,45.374],[1.6314,45.3874],[1.6267,45.3882],[1.6203,45.3763],[1.6158,45.3749],[1.6026,45.3848],[1.6112,45.4012],[1.61,45.4105],[1.626,45.4111],[1.6265,45.4195],[1.6309,45.4213],[1.6501,45.4167],[1.6575,45.417],[1.6646,45.4129],[1.6653,45.405],[1.6756,45.4071],[1.6815,45.4054],[1.685,45.3974],[1.6986,45.3895],[1.7033,45.3821],[1.6944,45.3811],[1.6926,45.3731],[1.6733,45.3801],[1.667,45.3715]]]}},{"type":"Feature","properties":{"code":"19229","nom":"Saint-Pantaléon-de-Larche","app":11.36,"app_bas":8.98,"app_haut":14.38,"app_ech":"commune","app_obs":136,"mai":9.79,"mai_bas":7.81,"mai_haut":12.27,"mai_ech":"commune","mai_obs":187,"a12":10.88,"a3":8.53},"geometry":{"type":"Polygon","coordinates":[[[1.3984,45.1297],[1.3955,45.1461],[1.3963,45.1601],[1.4035,45.1625],[1.4148,45.1711],[1.4257,45.165],[1.438,45.1638],[1.445,45.1654],[1.4569,45.1639],[1.4601,45.1667],[1.4693,45.1659],[1.4755,45.1608],[1.468,45.1432],[1.4551,45.1293],[1.4488,45.1281],[1.4409,45.1295],[1.4272,45.1217],[1.4131,45.1249],[1.3984,45.1297]]]}},{"type":"Feature","properties":{"code":"19256","nom":"Sérandon","app":7.65,"app_bas":6.16,"app_haut":9.51,"app_ech":"maille","app_obs":0,"mai":6.86,"mai_bas":5.34,"mai_haut":8.81,"mai_ech":"maille","mai_obs":4,"a12":8.81,"a3":5.94},"geometry":{"type":"Polygon","coordinates":[[[2.2991,45.3796],[2.3111,45.3758],[2.3297,45.3802],[2.3455,45.3824],[2.3513,45.3872],[2.3635,45.3803],[2.3646,45.3747],[2.3648,45.3579],[2.3513,45.3486],[2.3522,45.3433],[2.3586,45.339],[2.3594,45.3358],[2.3505,45.3276],[2.3177,45.323],[2.3061,45.31],[2.2903,45.3154],[2.2896,45.3276],[2.2926,45.3385],[2.2862,45.3455],[2.2918,45.3614],[2.2969,45.3685],[2.2991,45.3796]]]}},{"type":"Feature","properties":{"code":"19023","nom":"Beynat","app":7.89,"app_bas":6.15,"app_haut":10.12,"app_ech":"maille","app_obs":85,"mai":7.12,"mai_bas":5.62,"mai_haut":9.02,"mai_ech":"maille","mai_obs":51,"a12":10.81,"a3":7.15},"geometry":{"type":"Polygon","coordinates":[[[1.7476,45.1631],[1.7561,45.158],[1.7557,45.1547],[1.7743,45.1407],[1.7712,45.1347],[1.7775,45.1221],[1.7766,45.1048],[1.7696,45.1049],[1.7562,45.113],[1.7385,45.1124],[1.7286,45.1142],[1.7219,45.1089],[1.7068,45.1061],[1.6841,45.1115],[1.6835,45.1141],[1.6704,45.1233],[1.6712,45.1309],[1.6881,45.133],[1.6947,45.1379],[1.7063,45.1532],[1.7282,45.1599],[1.7421,45.1602],[1.7476,45.1631]]]}},{"type":"Feature","properties":{"code":"19180","nom":"Saint-Angel","app":8.87,"app_bas":7,"app_haut":11.24,"app_ech":"maille","app_obs":17,"mai":6.49,"mai_bas":5.16,"mai_haut":8.16,"mai_ech":"maille","mai_obs":33,"a12":11.39,"a3":6.61},"geometry":{"type":"Polygon","coordinates":[[[2.2906,45.5019],[2.2827,45.4909],[2.2653,45.485],[2.2639,45.4692],[2.2466,45.4656],[2.2504,45.4553],[2.2407,45.4527],[2.2227,45.4547],[2.2094,45.4513],[2.2038,45.4561],[2.1981,45.4732],[2.1897,45.4788],[2.1823,45.4921],[2.2023,45.5063],[2.2018,45.522],[2.2072,45.5395],[2.2264,45.5412],[2.224,45.5381],[2.2269,45.5295],[2.2327,45.5301],[2.2471,45.5291],[2.2513,45.5236],[2.2599,45.5258],[2.2664,45.5237],[2.2584,45.5123],[2.2592,45.5072],[2.2747,45.5104],[2.286,45.5071],[2.2906,45.5019]]]}},{"type":"Feature","properties":{"code":"19245","nom":"Saint-Sylvain","app":7.89,"app_bas":6.15,"app_haut":10.12,"app_ech":"maille","app_obs":0,"mai":7.39,"mai_bas":5.69,"mai_haut":9.61,"mai_ech":"maille","mai_obs":2,"a12":10.81,"a3":5.98},"geometry":{"type":"Polygon","coordinates":[[[1.8875,45.1693],[1.8736,45.1672],[1.8668,45.1708],[1.8648,45.1765],[1.8566,45.1761],[1.8618,45.1848],[1.876,45.1819],[1.8878,45.1867],[1.8896,45.1943],[1.9045,45.1926],[1.9099,45.1949],[1.9131,45.1899],[1.9125,45.1799],[1.906,45.1789],[1.8875,45.1693]]]}},{"type":"Feature","properties":{"code":"19035","nom":"Chabrignac","app":8.97,"app_bas":7.21,"app_haut":11.16,"app_ech":"maille","app_obs":0,"mai":7.58,"mai_bas":6.11,"mai_haut":9.41,"mai_ech":"maille","mai_obs":6,"a12":11.57,"a3":7.68},"geometry":{"type":"Polygon","coordinates":[[[1.3359,45.3358],[1.354,45.3302],[1.366,45.3219],[1.367,45.3188],[1.3505,45.2987],[1.3345,45.2894],[1.3321,45.2901],[1.32,45.2998],[1.321,45.3037],[1.3337,45.3079],[1.3295,45.3155],[1.3262,45.3323],[1.3359,45.3358]]]}},{"type":"Feature","properties":{"code":"19022","nom":"Benayes","app":9.87,"app_bas":7.89,"app_haut":12.35,"app_ech":"maille","app_obs":1,"mai":6.54,"mai_bas":5.16,"mai_haut":8.28,"mai_ech":"maille","mai_obs":3,"a12":11.11,"a3":7.33},"geometry":{"type":"Polygon","coordinates":[[[1.4364,45.4945],[1.4467,45.4986],[1.454,45.5071],[1.4425,45.5145],[1.4395,45.5204],[1.4503,45.5304],[1.4546,45.5444],[1.4551,45.5533],[1.4744,45.5537],[1.4804,45.5659],[1.4922,45.5609],[1.4925,45.5494],[1.4888,45.539],[1.4927,45.5326],[1.5003,45.5294],[1.4999,45.5222],[1.4881,45.5184],[1.4772,45.5111],[1.4747,45.487],[1.4716,45.4835],[1.4479,45.4895],[1.4422,45.4855],[1.4364,45.4945]]]}},{"type":"Feature","properties":{"code":"19128","nom":"Margerides","app":8.87,"app_bas":7,"app_haut":11.24,"app_ech":"maille","app_obs":0,"mai":6.86,"mai_bas":5.34,"mai_haut":8.81,"mai_ech":"maille","mai_obs":19,"a12":9.26,"a3":5.93},"geometry":{"type":"Polygon","coordinates":[[[2.4377,45.478],[2.4463,45.4723],[2.4408,45.4565],[2.4359,45.4507],[2.4102,45.4419],[2.4004,45.4323],[2.3968,45.4363],[2.3858,45.4388],[2.3922,45.4576],[2.4003,45.461],[2.4074,45.4679],[2.4287,45.4728],[2.4377,45.478]]]}},{"type":"Feature","properties":{"code":"19008","nom":"Ambrugeat","app":8.87,"app_bas":7,"app_haut":11.24,"app_ech":"maille","app_obs":6,"mai":6.9,"mai_bas":5.48,"mai_haut":8.68,"mai_ech":"maille","mai_obs":0,"a12":9.98,"a3":6.21},"geometry":{"type":"Polygon","coordinates":[[[2.0676,45.567],[2.0734,45.558],[2.0818,45.5575],[2.1086,45.5506],[2.1086,45.5425],[2.1196,45.5388],[2.1309,45.5319],[2.137,45.5239],[2.1249,45.5177],[2.1216,45.5048],[2.1118,45.4998],[2.1094,45.5065],[2.0703,45.5167],[2.0517,45.5176],[2.0393,45.5208],[2.04,45.5355],[2.0542,45.5402],[2.0477,45.5481],[2.0489,45.5528],[2.0676,45.567]]]}},{"type":"Feature","properties":{"code":"19085","nom":"Gimel-les-Cascades","app":8.05,"app_bas":6.25,"app_haut":10.36,"app_ech":"maille","app_obs":10,"mai":6.9,"mai_bas":5.48,"mai_haut":8.68,"mai_ech":"maille","mai_obs":27,"a12":9.98,"a3":6.95},"geometry":{"type":"Polygon","coordinates":[[[1.8391,45.2847],[1.8302,45.293],[1.8209,45.2934],[1.8097,45.2829],[1.7956,45.2936],[1.7887,45.2936],[1.799,45.3],[1.8129,45.2996],[1.8192,45.306],[1.819,45.3125],[1.8144,45.3213],[1.837,45.3269],[1.8701,45.3288],[1.8772,45.3183],[1.8723,45.3107],[1.8588,45.2982],[1.8708,45.293],[1.8793,45.292],[1.8738,45.2873],[1.8776,45.2805],[1.8761,45.2755],[1.8668,45.2732],[1.8643,45.2861],[1.8391,45.2847]]]}},{"type":"Feature","properties":{"code":"19014","nom":"Auriac","app":7.65,"app_bas":6.16,"app_haut":9.51,"app_ech":"maille","app_obs":0,"mai":7.39,"mai_bas":5.69,"mai_haut":9.61,"mai_ech":"maille","mai_obs":6,"a12":8.84,"a3":5.94},"geometry":{"type":"Polygon","coordinates":[[[2.1309,45.1608],[2.1309,45.163],[2.113,45.1754],[2.1047,45.1894],[2.1088,45.2],[2.0992,45.1991],[2.0934,45.2071],[2.0923,45.2158],[2.11,45.2173],[2.1117,45.2291],[2.1166,45.2308],[2.1398,45.2259],[2.1535,45.2248],[2.1611,45.2336],[2.1681,45.2345],[2.1687,45.2242],[2.1779,45.2214],[2.1771,45.2152],[2.1824,45.211],[2.1838,45.201],[2.1739,45.2012],[2.1718,45.1966],[2.1741,45.1874],[2.17,45.1851],[2.1587,45.1706],[2.1309,45.1608]]]}},{"type":"Feature","properties":{"code":"19054","nom":"Chenailler-Mascheix","app":7.89,"app_bas":6.15,"app_haut":10.12,"app_ech":"maille","app_obs":2,"mai":7.12,"mai_bas":5.62,"mai_haut":9.02,"mai_ech":"maille","mai_obs":6,"a12":8.84,"a3":6.95},"geometry":{"type":"Polygon","coordinates":[[[1.8509,45.0573],[1.8644,45.0482],[1.8526,45.0406],[1.826,45.0355],[1.8124,45.0455],[1.8007,45.0648],[1.7952,45.0896],[1.8113,45.0909],[1.8162,45.0804],[1.8233,45.0742],[1.8509,45.0573]]]}},{"type":"Feature","properties":{"code":"19096","nom":"Ladignac-sur-Rondelles","app":7.89,"app_bas":6.15,"app_haut":10.12,"app_ech":"maille","app_obs":1,"mai":7.39,"mai_bas":5.69,"mai_haut":9.61,"mai_ech":"maille","mai_obs":6,"a12":10.88,"a3":6.95},"geometry":{"type":"Polygon","coordinates":[[[1.839,45.2203],[1.8329,45.2181],[1.8302,45.2055],[1.8156,45.2159],[1.804,45.2185],[1.8017,45.2259],[1.8103,45.2341],[1.8114,45.2432],[1.8156,45.2472],[1.8277,45.2459],[1.8387,45.2489],[1.845,45.248],[1.8453,45.2355],[1.839,45.2203]]]}},{"type":"Feature","properties":{"code":"19113","nom":"Liginiac","app":7.65,"app_bas":6.16,"app_haut":9.51,"app_ech":"maille","app_obs":3,"mai":6.86,"mai_bas":5.34,"mai_haut":8.81,"mai_ech":"maille","mai_obs":13,"a12":8.81,"a3":6.61},"geometry":{"type":"Polygon","coordinates":[[[2.3635,45.3803],[2.3513,45.3872],[2.3455,45.3824],[2.3297,45.3802],[2.3111,45.3758],[2.2991,45.3796],[2.2989,45.3876],[2.2925,45.3984],[2.2901,45.4179],[2.2794,45.4264],[2.294,45.4241],[2.3,45.4313],[2.3174,45.4413],[2.3208,45.4335],[2.3331,45.4304],[2.3403,45.4249],[2.3546,45.4242],[2.3551,45.415],[2.3501,45.4097],[2.3546,45.4014],[2.3644,45.3952],[2.3683,45.3886],[2.3635,45.3803]]]}},{"type":"Feature","properties":{"code":"19154","nom":"Orgnac-sur-Vézère","app":8.69,"app_bas":7,"app_haut":10.8,"app_ech":"maille","app_obs":6,"mai":6.54,"mai_bas":5.16,"mai_haut":8.28,"mai_ech":"maille","mai_obs":9,"a12":11.72,"a3":6.7},"geometry":{"type":"Polygon","coordinates":[[[1.4354,45.3326],[1.4408,45.3386],[1.4454,45.3502],[1.4482,45.3644],[1.4534,45.3681],[1.4605,45.3676],[1.4701,45.3653],[1.4749,45.3576],[1.4892,45.3559],[1.4963,45.3456],[1.4892,45.3353],[1.4669,45.3255],[1.4714,45.3189],[1.4634,45.3169],[1.4525,45.3232],[1.449,45.3137],[1.444,45.3128],[1.4274,45.3178],[1.4296,45.327],[1.4354,45.3326]]]}},{"type":"Feature","properties":{"code":"19170","nom":"Queyssac-les-Vignes","app":8.11,"app_bas":6.57,"app_haut":10.01,"app_ech":"maille","app_obs":0,"mai":7.12,"mai_bas":5.62,"mai_haut":9.02,"mai_ech":"maille","mai_obs":4,"a12":11.57,"a3":7.15},"geometry":{"type":"Polygon","coordinates":[[[1.781,44.9835],[1.7812,44.974],[1.7928,44.971],[1.7908,44.9564],[1.7841,44.9495],[1.7777,44.9539],[1.7603,44.9492],[1.754,44.9408],[1.7506,44.955],[1.7407,44.9606],[1.7455,44.965],[1.7517,44.9765],[1.7612,44.9827],[1.7774,44.9803],[1.781,44.9835]]]}},{"type":"Feature","properties":{"code":"19192","nom":"Saint-Chamant","app":6.7,"app_bas":5.31,"app_haut":8.45,"app_ech":"maille","app_obs":21,"mai":7.39,"mai_bas":5.69,"mai_haut":9.61,"mai_ech":"maille","mai_obs":16,"a12":8.84,"a3":5.98},"geometry":{"type":"Polygon","coordinates":[[[1.8634,45.1401],[1.8684,45.1432],[1.8821,45.1441],[1.891,45.1379],[1.9,45.1416],[1.917,45.1402],[1.9298,45.1309],[1.9307,45.124],[1.9219,45.1151],[1.9191,45.1089],[1.8975,45.1097],[1.8937,45.1082],[1.8887,45.1155],[1.8713,45.1229],[1.8722,45.1279],[1.8634,45.1401]]]}},{"type":"Feature","properties":{"code":"19214","nom":"Saint-Julien-aux-Bois","app":7.65,"app_bas":6.16,"app_haut":9.51,"app_ech":"maille","app_obs":0,"mai":7.78,"mai_bas":6.03,"mai_haut":10.05,"mai_ech":"maille","mai_obs":9,"a12":8.81,"a3":5.98},"geometry":{"type":"Polygon","coordinates":[[[2.1728,45.0813],[2.1657,45.0838],[2.1457,45.0856],[2.1381,45.0814],[2.1237,45.0995],[2.1166,45.1039],[2.1093,45.1012],[2.102,45.1157],[2.1058,45.1199],[2.0979,45.1277],[2.1074,45.1349],[2.1104,45.1456],[2.1205,45.1518],[2.1302,45.1604],[2.1587,45.1706],[2.1672,45.1613],[2.1713,45.1525],[2.1699,45.1458],[2.1788,45.1363],[2.1853,45.114],[2.1794,45.1092],[2.1804,45.0973],[2.1739,45.0878],[2.1728,45.0813]]]}},{"type":"Feature","properties":{"code":"19239","nom":"Saint-Robert","app":8.69,"app_bas":7,"app_haut":10.8,"app_ech":"maille","app_obs":3,"mai":7.58,"mai_bas":6.11,"mai_haut":9.41,"mai_ech":"maille","mai_obs":13,"a12":11.11,"a3":7.53},"geometry":{"type":"Polygon","coordinates":[[[1.2777,45.2421],[1.2763,45.2557],[1.2846,45.2583],[1.3007,45.2689],[1.3104,45.2696],[1.311,45.2555],[1.2991,45.2381],[1.2777,45.2421]]]}},{"type":"Feature","properties":{"code":"19252","nom":"Sarroux","app":7.24,"app_bas":5.74,"app_haut":9.13,"app_ech":"maille","app_obs":5,"mai":6.86,"mai_bas":5.34,"mai_haut":8.81,"mai_ech":"maille","mai_obs":37,"a12":11.39,"a3":6.61},"geometry":{"type":"Polygon","coordinates":[[[2.5037,45.4617],[2.4969,45.4472],[2.4875,45.4182],[2.4805,45.4151],[2.4811,45.4042],[2.4656,45.3915],[2.4584,45.3929],[2.4547,45.4008],[2.4584,45.4135],[2.4461,45.417],[2.4385,45.4095],[2.4269,45.406],[2.4185,45.4085],[2.4215,45.4171],[2.4177,45.4269],[2.4409,45.4292],[2.4516,45.4335],[2.4609,45.4489],[2.4758,45.4561],[2.4785,45.4654],[2.4745,45.47],[2.4971,45.4716],[2.5037,45.4617]]]}},{"type":"Feature","properties":{"code":"19271","nom":"Tudeils","app":7.89,"app_bas":6.15,"app_haut":10.12,"app_ech":"maille","app_obs":5,"mai":7.12,"mai_bas":5.62,"mai_haut":9.02,"mai_ech":"maille","mai_obs":7,"a12":10.81,"a3":7.15},"geometry":{"type":"Polygon","coordinates":[[[1.7497,45.0424],[1.7628,45.0548],[1.7744,45.0605],[1.8007,45.0648],[1.8124,45.0455],[1.8003,45.0396],[1.7977,45.0353],[1.7674,45.0405],[1.7498,45.0415],[1.7497,45.0424]]]}},{"type":"Feature","properties":{"code":"19280","nom":"Végennes","app":8.11,"app_bas":6.57,"app_haut":10.01,"app_ech":"maille","app_obs":2,"mai":7.12,"mai_bas":5.62,"mai_haut":9.02,"mai_ech":"maille","mai_obs":8,"a12":8.84,"a3":7.15},"geometry":{"type":"Polygon","coordinates":[[[1.7407,44.9606],[1.7215,44.9681],[1.7135,44.9678],[1.7335,44.9825],[1.7384,44.9916],[1.7536,44.9953],[1.7727,44.9977],[1.7843,44.9974],[1.781,44.9835],[1.7774,44.9803],[1.7612,44.9827],[1.7517,44.9765],[1.7455,44.965],[1.7407,44.9606]]]}},{"type":"Feature","properties":{"code":"19051","nom":"Chaumeil","app":8.49,"app_bas":6.89,"app_haut":10.46,"app_ech":"maille","app_obs":1,"mai":6.9,"mai_bas":5.48,"mai_haut":8.68,"mai_ech":"maille","mai_obs":1,"a12":9.98,"a3":6.21},"geometry":{"type":"Polygon","coordinates":[[[1.8648,45.4868],[1.8755,45.4853],[1.8935,45.4804],[1.9061,45.467],[1.9256,45.4557],[1.9206,45.4418],[1.9185,45.4312],[1.9139,45.4286],[1.894,45.4283],[1.8791,45.4218],[1.872,45.4359],[1.8531,45.4416],[1.8528,45.4501],[1.836,45.4497],[1.8287,45.4523],[1.8296,45.4571],[1.8434,45.4743],[1.8582,45.4814],[1.8648,45.4868]]]}},{"type":"Feature","properties":{"code":"19080","nom":"Eygurande","app":7.51,"app_bas":5.89,"app_haut":9.57,"app_ech":"maille","app_obs":11,"mai":8.81,"mai_bas":6.67,"mai_haut":11.65,"mai_ech":"maille","mai_obs":25,"a12":9.61,"a3":5.93},"geometry":{"type":"Polygon","coordinates":[[[2.4588,45.6526],[2.4393,45.6358],[2.4341,45.6409],[2.4216,45.6385],[2.4089,45.648],[2.4,45.6482],[2.4025,45.6533],[2.4117,45.6566],[2.4164,45.6669],[2.4226,45.6715],[2.4164,45.6795],[2.4073,45.6807],[2.3949,45.6791],[2.3704,45.6894],[2.3657,45.6986],[2.3678,45.7131],[2.374,45.7127],[2.3864,45.7079],[2.4102,45.7096],[2.4358,45.6993],[2.4493,45.6896],[2.4534,45.6774],[2.4699,45.6703],[2.4806,45.6724],[2.4832,45.6679],[2.4784,45.6594],[2.4588,45.6526]]]}},{"type":"Feature","properties":{"code":"19083","nom":"Feyt","app":7.24,"app_bas":5.74,"app_haut":9.13,"app_ech":"maille","app_obs":0,"mai":6.6,"mai_bas":4.68,"mai_haut":9.3,"mai_ech":"maille","mai_obs":5,"a12":11.6,"a3":8.61},"geometry":{"type":"Polygon","coordinates":[[[2.5189,45.6471],[2.5093,45.6547],[2.4872,45.6693],[2.4806,45.6724],[2.4699,45.6703],[2.4534,45.6774],[2.4493,45.6896],[2.4358,45.6993],[2.4445,45.7075],[2.4587,45.7115],[2.4668,45.7193],[2.4761,45.7098],[2.4791,45.7009],[2.4995,45.6886],[2.5019,45.679],[2.5145,45.6721],[2.5126,45.6698],[2.5185,45.6604],[2.5249,45.6572],[2.5189,45.6471]]]}},{"type":"Feature","properties":{"code":"19249","nom":"Saint-Yrieix-le-Déjalat","app":7.98,"app_bas":5.29,"app_haut":12.03,"app_ech":"maille","app_obs":4,"mai":6.9,"mai_bas":5.48,"mai_haut":8.68,"mai_ech":"maille","mai_obs":16,"a12":9.26,"a3":6.21},"geometry":{"type":"Polygon","coordinates":[[[1.9979,45.426],[1.9832,45.4134],[1.9719,45.4123],[1.9653,45.4251],[1.9587,45.4293],[1.9479,45.4229],[1.9352,45.4417],[1.9206,45.4418],[1.9256,45.4557],[1.9309,45.4604],[1.9302,45.4699],[1.9374,45.4751],[1.9548,45.4828],[1.9659,45.4912],[1.9754,45.5015],[1.9872,45.4975],[1.9914,45.4871],[2.0043,45.4824],[1.9993,45.4809],[1.9975,45.4624],[2.0048,45.4552],[2.0132,45.452],[2.0152,45.4458],[2.011,45.4408],[2.002,45.4396],[1.9979,45.426]]]}},{"type":"Feature","properties":{"code":"19284","nom":"Viam","app":7.78,"app_bas":5.98,"app_haut":10.12,"app_ech":"maille","app_obs":3,"mai":7.17,"mai_bas":5.52,"mai_haut":9.31,"mai_ech":"maille","mai_obs":1,"a12":9.61,"a3":7.33},"geometry":{"type":"Polygon","coordinates":[[[1.8807,45.5659],[1.8691,45.5774],[1.8659,45.583],[1.8824,45.5896],[1.8766,45.595],[1.8736,45.6023],[1.8592,45.5993],[1.8554,45.6012],[1.8562,45.6197],[1.8493,45.6231],[1.8531,45.6293],[1.8668,45.6389],[1.8663,45.6524],[1.8737,45.656],[1.8861,45.6517],[1.8982,45.6532],[1.9131,45.6447],[1.9147,45.639],[1.9247,45.6277],[1.9188,45.6142],[1.9019,45.598],[1.8901,45.5723],[1.8807,45.5659]]]}},{"type":"Feature","properties":{"code":"19056","nom":"Clergoux","app":8.05,"app_bas":6.25,"app_haut":10.36,"app_ech":"maille","app_obs":3,"mai":7.39,"mai_bas":5.69,"mai_haut":9.61,"mai_ech":"maille","mai_obs":9,"a12":9.98,"a3":5.98},"geometry":{"type":"Polygon","coordinates":[[[1.9434,45.2961],[1.9446,45.2977],[1.9554,45.2981],[1.9759,45.2951],[1.9811,45.2849],[1.9873,45.2794],[1.9813,45.2677],[1.9714,45.2602],[1.9564,45.2567],[1.9376,45.2557],[1.9308,45.2492],[1.9231,45.2532],[1.9329,45.2594],[1.9335,45.2701],[1.9247,45.2745],[1.9344,45.2791],[1.9417,45.2876],[1.9434,45.2961]]]}},{"type":"Feature","properties":{"code":"19194","nom":"Saint-Clément","app":8.49,"app_bas":6.89,"app_haut":10.46,"app_ech":"maille","app_obs":21,"mai":8.05,"mai_bas":6.37,"mai_haut":10.17,"mai_ech":"maille","mai_obs":28,"a12":10.88,"a3":8.53},"geometry":{"type":"Polygon","coordinates":[[[1.7052,45.3037],[1.688,45.3102],[1.6693,45.3089],[1.6662,45.3015],[1.6582,45.2976],[1.6517,45.3054],[1.6552,45.3217],[1.6585,45.3259],[1.6459,45.3305],[1.6535,45.3304],[1.6601,45.3344],[1.6565,45.3409],[1.6582,45.3474],[1.6763,45.3577],[1.6753,45.366],[1.6818,45.3695],[1.6915,45.3702],[1.6887,45.3568],[1.6968,45.3496],[1.7136,45.3491],[1.7289,45.3356],[1.7207,45.3315],[1.7277,45.3261],[1.7185,45.3211],[1.7184,45.312],[1.7036,45.3082],[1.7052,45.3037]]]}},{"type":"Feature","properties":{"code":"19001","nom":"Affieux","app":8.97,"app_bas":7.21,"app_haut":11.16,"app_ech":"maille","app_obs":2,"mai":8.15,"mai_bas":6.22,"mai_haut":10.69,"mai_ech":"maille","mai_obs":3,"a12":9.98,"a3":6.21},"geometry":{"type":"Polygon","coordinates":[[[1.7819,45.4816],[1.7581,45.4878],[1.7313,45.4926],[1.734,45.5025],[1.7205,45.5024],[1.7081,45.5004],[1.7208,45.5107],[1.7326,45.5223],[1.7462,45.5256],[1.7565,45.536],[1.7652,45.5336],[1.7789,45.5404],[1.7886,45.5385],[1.7859,45.527],[1.8109,45.5072],[1.8063,45.4952],[1.8145,45.4833],[1.8117,45.4806],[1.8037,45.4854],[1.7819,45.4816]]]}},{"type":"Feature","properties":{"code":"19161","nom":"Perpezac-le-Blanc","app":8.69,"app_bas":7,"app_haut":10.8,"app_ech":"maille","app_obs":1,"mai":8.67,"mai_bas":6.92,"mai_haut":10.87,"mai_ech":"maille","mai_obs":29,"a12":11.57,"a3":8.53},"geometry":{"type":"Polygon","coordinates":[[[1.3553,45.2351],[1.362,45.2203],[1.3627,45.2153],[1.3527,45.2063],[1.348,45.1973],[1.34,45.1985],[1.3277,45.1958],[1.2947,45.1912],[1.2876,45.1972],[1.296,45.2036],[1.298,45.2167],[1.3068,45.2223],[1.3106,45.2295],[1.325,45.23],[1.3318,45.2346],[1.3445,45.2379],[1.3553,45.2351]]]}},{"type":"Feature","properties":{"code":"19151","nom":"Noailles","app":9.76,"app_bas":7.94,"app_haut":12.01,"app_ech":"maille","app_obs":12,"mai":9.49,"mai_bas":7.26,"mai_haut":12.4,"mai_ech":"maille","mai_obs":23,"a12":10.88,"a3":8.01},"geometry":{"type":"Polygon","coordinates":[[[1.4955,45.0832],[1.4985,45.0928],[1.4983,45.1101],[1.508,45.1132],[1.5108,45.1202],[1.5169,45.1227],[1.5277,45.1142],[1.541,45.1093],[1.5464,45.1052],[1.5454,45.0953],[1.526,45.0916],[1.5239,45.0875],[1.5325,45.0809],[1.5277,45.0771],[1.5172,45.0762],[1.5073,45.0813],[1.4955,45.0832]]]}},{"type":"Feature","properties":{"code":"19188","nom":"Saint-Bonnet-l'Enfantier","app":8.97,"app_bas":7.21,"app_haut":11.16,"app_ech":"maille","app_obs":2,"mai":8.15,"mai_bas":6.22,"mai_haut":10.69,"mai_ech":"maille","mai_obs":12,"a12":10.88,"a3":8.53},"geometry":{"type":"Polygon","coordinates":[[[1.528,45.314],[1.5343,45.3215],[1.5537,45.3131],[1.5602,45.306],[1.5614,45.3024],[1.5524,45.3041],[1.5505,45.2958],[1.5355,45.293],[1.5274,45.2868],[1.518,45.2762],[1.5121,45.2789],[1.4966,45.2935],[1.4927,45.2941],[1.5107,45.3056],[1.528,45.314]]]}},{"type":"Feature","properties":{"code":"19230","nom":"Saint-Pardoux-Corbier","app":null,"app_bas":null,"app_haut":null,"app_ech":null,"app_obs":0,"mai":null,"mai_bas":null,"mai_haut":null,"mai_ech":null,"mai_obs":0,"a12":null,"a3":null},"geometry":{"type":"Polygon","coordinates":[[[1.4371,45.4234],[1.4276,45.4274],[1.4265,45.4314],[1.4496,45.4527],[1.4518,45.459],[1.4489,45.4747],[1.4425,45.4793],[1.4422,45.4855],[1.4479,45.4895],[1.4716,45.4835],[1.4738,45.4809],[1.4649,45.4702],[1.4674,45.4586],[1.4605,45.4389],[1.4647,45.4331],[1.4774,45.4224],[1.4812,45.4129],[1.4613,45.4073],[1.4451,45.4124],[1.4443,45.4211],[1.4371,45.4234]]]}},{"type":"Feature","properties":{"code":"19258","nom":"Servières-le-Château","app":6.7,"app_bas":5.31,"app_haut":8.45,"app_ech":"maille","app_obs":17,"mai":7.39,"mai_bas":5.69,"mai_haut":9.61,"mai_ech":"maille","mai_obs":6,"a12":8.84,"a3":5.98},"geometry":{"type":"Polygon","coordinates":[[[2.0255,45.1831],[2.0338,45.1801],[2.0354,45.175],[2.0424,45.1705],[2.0528,45.1701],[2.0576,45.1633],[2.0402,45.1512],[2.0394,45.1428],[2.0454,45.1331],[2.0544,45.1261],[2.0444,45.1231],[2.0369,45.1246],[2.0348,45.1185],[2.0389,45.1129],[2.0332,45.1114],[2.0186,45.1116],[2.0024,45.1022],[1.9948,45.1019],[1.9937,45.1122],[1.9833,45.1185],[1.9939,45.1262],[2.0022,45.1429],[2.0095,45.1496],[2.0109,45.1602],[2.0203,45.1792],[2.0255,45.1831]]]}},{"type":"Feature","properties":{"code":"19099","nom":"Lagleygeolle","app":9.67,"app_bas":7.66,"app_haut":12.21,"app_ech":"maille","app_obs":2,"mai":8.05,"mai_bas":6.37,"mai_haut":10.17,"mai_ech":"maille","mai_obs":4,"a12":10.88,"a3":8.53},"geometry":{"type":"Polygon","coordinates":[[[1.7052,45.0611],[1.6918,45.0682],[1.6711,45.0728],[1.6696,45.0788],[1.6776,45.0881],[1.6522,45.0899],[1.6535,45.1007],[1.6813,45.106],[1.6841,45.1115],[1.7068,45.1061],[1.7031,45.0941],[1.709,45.0876],[1.7176,45.0835],[1.7273,45.0838],[1.7338,45.0768],[1.7353,45.0658],[1.7279,45.06],[1.7052,45.0611]]]}},{"type":"Feature","properties":{"code":"19171","nom":"Reygade","app":6.7,"app_bas":5.31,"app_haut":8.45,"app_ech":"maille","app_obs":0,"mai":7.12,"mai_bas":5.62,"mai_haut":9.02,"mai_ech":"maille","mai_obs":0,"a12":8.84,"a3":6.95},"geometry":{"type":"Polygon","coordinates":[[[1.8864,45.0078],[1.8903,45.0226],[1.8767,45.0404],[1.8964,45.041],[1.9066,45.0457],[1.9134,45.0403],[1.9154,45.0323],[1.923,45.0258],[1.9328,45.021],[1.9213,45.0046],[1.914,44.999],[1.9044,45],[1.9025,44.9949],[1.8929,44.9958],[1.887,45.002],[1.8864,45.0078]]]}},{"type":"Feature","properties":{"code":"19220","nom":"Saint-Martial-de-Gimel","app":8.05,"app_bas":6.25,"app_haut":10.36,"app_ech":"maille","app_obs":0,"mai":6.9,"mai_bas":5.48,"mai_haut":8.68,"mai_ech":"maille","mai_obs":13,"a12":9.98,"a3":5.98},"geometry":{"type":"Polygon","coordinates":[[[1.8391,45.2847],[1.8643,45.2861],[1.8668,45.2732],[1.8761,45.2755],[1.8776,45.2805],[1.8738,45.2873],[1.8793,45.292],[1.8878,45.2903],[1.9001,45.2966],[1.9161,45.2888],[1.9078,45.2852],[1.9135,45.2788],[1.9248,45.2771],[1.9292,45.2812],[1.9219,45.2862],[1.9303,45.2976],[1.9434,45.2961],[1.9417,45.2876],[1.9344,45.2791],[1.9247,45.2745],[1.9335,45.2701],[1.9329,45.2594],[1.926,45.2661],[1.9164,45.2669],[1.9098,45.2629],[1.8858,45.2611],[1.879,45.2437],[1.8739,45.247],[1.8637,45.2438],[1.842,45.252],[1.8532,45.2671],[1.846,45.2677],[1.8369,45.2805],[1.8391,45.2847]]]}},{"type":"Feature","properties":{"code":"19027","nom":"Bonnefond","app":7.98,"app_bas":5.29,"app_haut":12.03,"app_ech":"maille","app_obs":0,"mai":6.9,"mai_bas":5.48,"mai_haut":8.68,"mai_ech":"maille","mai_obs":4,"a12":9.98,"a3":5.94},"geometry":{"type":"Polygon","coordinates":[[[1.9323,45.5301],[1.9382,45.5332],[1.9415,45.5427],[1.9358,45.5479],[1.9283,45.5474],[1.9213,45.5523],[1.9451,45.5628],[1.9566,45.5654],[1.9547,45.5579],[1.9581,45.5544],[1.9803,45.5492],[1.9814,45.5589],[1.9863,45.562],[2.0014,45.5634],[2.0102,45.5617],[2.0073,45.5479],[2.0179,45.5363],[2.04,45.5253],[2.0393,45.5208],[2.0292,45.516],[2.0337,45.5048],[2.032,45.494],[2.0217,45.4944],[2.016,45.4845],[2.0043,45.4824],[1.9914,45.4871],[1.9872,45.4975],[1.9754,45.5015],[1.9659,45.4912],[1.962,45.5049],[1.9481,45.5292],[1.9407,45.5273],[1.9323,45.5301]]]}},{"type":"Feature","properties":{"code":"19102","nom":"Lamazière-Basse","app":7.98,"app_bas":5.29,"app_haut":12.03,"app_ech":"maille","app_obs":9,"mai":6.49,"mai_bas":5.16,"mai_haut":8.16,"mai_ech":"maille","mai_obs":17,"a12":8.84,"a3":5.98},"geometry":{"type":"Polygon","coordinates":[[[2.1852,45.328],[2.1814,45.3152],[2.1771,45.3103],[2.1563,45.3287],[2.1612,45.3384],[2.1453,45.3483],[2.1408,45.3571],[2.1459,45.3598],[2.1346,45.3673],[2.135,45.3803],[2.1283,45.3865],[2.131,45.3905],[2.1422,45.3934],[2.1456,45.3978],[2.1474,45.4152],[2.1722,45.4123],[2.1903,45.4122],[2.1924,45.4071],[2.2013,45.4061],[2.2042,45.3962],[2.216,45.3846],[2.2162,45.3798],[2.2062,45.3669],[2.1929,45.3564],[2.1838,45.3386],[2.1852,45.328]]]}},{"type":"Feature","properties":{"code":"19153","nom":"Objat","app":10.24,"app_bas":8.24,"app_haut":12.73,"app_ech":"commune","app_obs":568,"mai":8.59,"mai_bas":6.92,"mai_haut":10.66,"mai_ech":"commune","mai_obs":202,"a12":11.93,"a3":8.71},"geometry":{"type":"Polygon","coordinates":[[[1.4115,45.2897],[1.4144,45.2797],[1.4128,45.2721],[1.4285,45.2728],[1.4283,45.264],[1.4358,45.258],[1.4354,45.2513],[1.4266,45.2489],[1.4121,45.2416],[1.4089,45.2469],[1.3975,45.2535],[1.3958,45.2597],[1.3979,45.2668],[1.3976,45.2783],[1.4042,45.2883],[1.4115,45.2897]]]}},{"type":"Feature","properties":{"code":"19246","nom":"Saint-Viance","app":9.76,"app_bas":7.94,"app_haut":12.01,"app_ech":"maille","app_obs":43,"mai":9.49,"mai_bas":7.26,"mai_haut":12.4,"mai_ech":"maille","mai_obs":45,"a12":10.88,"a3":8.53},"geometry":{"type":"Polygon","coordinates":[[[1.4662,45.175],[1.4606,45.1909],[1.4434,45.2048],[1.4389,45.2174],[1.4349,45.2193],[1.4321,45.2274],[1.443,45.2323],[1.4618,45.2299],[1.4735,45.231],[1.4811,45.2268],[1.4947,45.2237],[1.4933,45.2147],[1.4787,45.2112],[1.4834,45.1881],[1.4662,45.175]]]}},{"type":"Feature","properties":{"code":"19219","nom":"Sainte-Marie-Lapanouze","app":7.65,"app_bas":6.16,"app_haut":9.51,"app_ech":"maille","app_obs":0,"mai":6.86,"mai_bas":5.34,"mai_haut":8.81,"mai_ech":"maille","mai_obs":1,"a12":9.26,"a3":6.61},"geometry":{"type":"Polygon","coordinates":[[[2.3273,45.4444],[2.3454,45.4383],[2.3672,45.4454],[2.3675,45.4445],[2.3644,45.4418],[2.3654,45.4325],[2.3617,45.415],[2.3551,45.415],[2.3546,45.4242],[2.3403,45.4249],[2.3331,45.4304],[2.3208,45.4335],[2.3174,45.4413],[2.3273,45.4444]]]}},{"type":"Feature","properties":{"code":"19046","nom":"Chapelle-Spinasse","app":7.65,"app_bas":6.16,"app_haut":9.51,"app_ech":"maille","app_obs":3,"mai":7.39,"mai_bas":5.69,"mai_haut":9.61,"mai_ech":"maille","mai_obs":0,"a12":9.98,"a3":5.98},"geometry":{"type":"Polygon","coordinates":[[[2.0359,45.3639],[2.0507,45.3677],[2.0745,45.3657],[2.0786,45.3609],[2.0677,45.3573],[2.0693,45.3532],[2.0635,45.3454],[2.0555,45.3543],[2.0469,45.3519],[2.0276,45.3513],[2.0262,45.359],[2.0359,45.3639]]]}},{"type":"Feature","properties":{"code":"19067","nom":"Curemonte","app":8.11,"app_bas":6.57,"app_haut":10.01,"app_ech":"maille","app_obs":0,"mai":7.12,"mai_bas":5.62,"mai_haut":9.02,"mai_ech":"maille","mai_obs":5,"a12":10.81,"a3":6.95},"geometry":{"type":"Polygon","coordinates":[[[1.7875,44.999],[1.7843,44.9974],[1.7727,44.9977],[1.7536,44.9953],[1.7384,44.9916],[1.7263,44.9962],[1.7207,45.0021],[1.7224,45.006],[1.7366,45.0078],[1.7361,45.0159],[1.7495,45.018],[1.7519,45.009],[1.761,45.0077],[1.7739,45.0109],[1.7807,45.0092],[1.7913,45.0119],[1.7875,44.999]]]}},{"type":"Feature","properties":{"code":"19191","nom":"Saint-Cernin-de-Larche","app":9.67,"app_bas":7.66,"app_haut":12.21,"app_ech":"maille","app_obs":19,"mai":9.49,"mai_bas":7.26,"mai_haut":12.4,"mai_ech":"maille","mai_obs":18,"a12":10.88,"a3":8.01},"geometry":{"type":"Polygon","coordinates":[[[1.3933,45.0973],[1.3985,45.1027],[1.4142,45.1095],[1.4311,45.1051],[1.4354,45.0929],[1.4294,45.0914],[1.4215,45.0788],[1.4229,45.0736],[1.4012,45.0761],[1.3916,45.0873],[1.3933,45.0973]]]}},{"type":"Feature","properties":{"code":"19238","nom":"Saint-Rémy","app":7.98,"app_bas":5.29,"app_haut":12.03,"app_ech":"maille","app_obs":0,"mai":6.49,"mai_bas":5.16,"mai_haut":8.16,"mai_ech":"maille","mai_obs":15,"a12":11.39,"a3":6.21},"geometry":{"type":"Polygon","coordinates":[[[2.2356,45.6645],[2.2411,45.6719],[2.2314,45.678],[2.2371,45.6864],[2.2379,45.6929],[2.2637,45.6894],[2.2711,45.6916],[2.2727,45.6877],[2.269,45.6783],[2.2733,45.664],[2.2894,45.6657],[2.298,45.6715],[2.3241,45.6454],[2.3297,45.634],[2.3124,45.6338],[2.3127,45.6405],[2.3045,45.6404],[2.2874,45.6256],[2.2749,45.6252],[2.2588,45.6209],[2.2424,45.6322],[2.2486,45.6464],[2.246,45.6622],[2.2356,45.6645]]]}},{"type":"Feature","properties":{"code":"19228","nom":"Saint-Pantaléon-de-Lapleau","app":7.98,"app_bas":5.29,"app_haut":12.03,"app_ech":"maille","app_obs":7,"mai":6.86,"mai_bas":5.34,"mai_haut":8.81,"mai_ech":"maille","mai_obs":4,"a12":8.81,"a3":5.98},"geometry":{"type":"Polygon","coordinates":[[[2.2126,45.3072],[2.2026,45.3104],[2.1985,45.3043],[2.1863,45.3],[2.1771,45.3103],[2.1814,45.3152],[2.1852,45.328],[2.1975,45.3283],[2.2136,45.3358],[2.2174,45.3396],[2.2296,45.3336],[2.2257,45.3231],[2.2116,45.3232],[2.2097,45.3173],[2.2126,45.3072]]]}},{"type":"Feature","properties":{"code":"19277","nom":"Valiergues","app":8.87,"app_bas":7,"app_haut":11.24,"app_ech":"maille","app_obs":3,"mai":6.49,"mai_bas":5.16,"mai_haut":8.16,"mai_ech":"maille","mai_obs":4,"a12":11.39,"a3":6.61},"geometry":{"type":"Polygon","coordinates":[[[2.2906,45.5019],[2.2982,45.4932],[2.3,45.4868],[2.308,45.4799],[2.3123,45.4716],[2.3029,45.4661],[2.2814,45.4595],[2.2692,45.4518],[2.2655,45.4606],[2.2504,45.4553],[2.2466,45.4656],[2.2639,45.4692],[2.2653,45.485],[2.2827,45.4909],[2.2906,45.5019]]]}},{"type":"Feature","properties":{"code":"19086","nom":"Goulles","app":6.7,"app_bas":5.31,"app_haut":8.45,"app_ech":"maille","app_obs":14,"mai":7.39,"mai_bas":5.69,"mai_haut":9.61,"mai_ech":"maille","mai_obs":6,"a12":8.84,"a3":6.7},"geometry":{"type":"Polygon","coordinates":[[[2.0891,44.9844],[2.0802,45.0009],[2.0887,45.0015],[2.0884,45.008],[2.0769,45.0047],[2.0775,44.9974],[2.0649,45],[2.0678,45.0094],[2.0857,45.0211],[2.08,45.025],[2.0768,45.0331],[2.0629,45.0357],[2.054,45.0275],[2.0534,45.0186],[2.0457,45.0216],[2.0454,45.0302],[2.0381,45.0391],[2.0565,45.0452],[2.0718,45.0586],[2.0863,45.0597],[2.0952,45.056],[2.0993,45.0476],[2.1094,45.0415],[2.1168,45.0211],[2.1409,45.0054],[2.1382,44.9928],[2.1333,44.9857],[2.1004,44.9834],[2.0891,44.9844]]]}},{"type":"Feature","properties":{"code":"19090","nom":"Gumond","app":7.89,"app_bas":6.15,"app_haut":10.12,"app_ech":"maille","app_obs":0,"mai":7.39,"mai_bas":5.69,"mai_haut":9.61,"mai_ech":"maille","mai_obs":4,"a12":8.84,"a3":5.98},"geometry":{"type":"Polygon","coordinates":[[[1.9434,45.2079],[1.9395,45.21],[1.9339,45.2183],[1.9429,45.221],[1.9458,45.2285],[1.9559,45.2334],[1.9598,45.2401],[1.9653,45.2393],[1.9691,45.2314],[1.9862,45.2283],[1.9843,45.2173],[1.9726,45.2027],[1.9693,45.2053],[1.9542,45.2049],[1.9434,45.2079]]]}},{"type":"Feature","properties":{"code":"19110","nom":"Latronche","app":7.98,"app_bas":5.29,"app_haut":12.03,"app_ech":"maille","app_obs":0,"mai":6.86,"mai_bas":5.34,"mai_haut":8.81,"mai_ech":"maille","mai_obs":2,"a12":8.81,"a3":5.94},"geometry":{"type":"Polygon","coordinates":[[[2.2126,45.3072],[2.2097,45.3173],[2.2116,45.3232],[2.2257,45.3231],[2.2296,45.3336],[2.2428,45.3356],[2.2476,45.3387],[2.2559,45.335],[2.2581,45.3094],[2.2657,45.3053],[2.2702,45.2992],[2.2697,45.2899],[2.2617,45.2832],[2.2514,45.286],[2.2472,45.2838],[2.2374,45.2913],[2.2299,45.2859],[2.2203,45.2866],[2.2138,45.2839],[2.21,45.2944],[2.2178,45.3018],[2.2126,45.3072]]]}},{"type":"Feature","properties":{"code":"19142","nom":"Monestier-Port-Dieu","app":8.87,"app_bas":6.59,"app_haut":11.95,"app_ech":"maille","app_obs":0,"mai":6.86,"mai_bas":5.34,"mai_haut":8.81,"mai_ech":"maille","mai_obs":2,"a12":9.26,"a3":5.93},"geometry":{"type":"Polygon","coordinates":[[[2.5037,45.4617],[2.4971,45.4716],[2.4745,45.47],[2.4651,45.4781],[2.4717,45.4921],[2.4708,45.4976],[2.462,45.5011],[2.484,45.5061],[2.4703,45.518],[2.4695,45.5211],[2.4789,45.5308],[2.4899,45.5299],[2.5053,45.5193],[2.5089,45.513],[2.506,45.5037],[2.5139,45.4928],[2.5076,45.4833],[2.5084,45.4785],[2.5068,45.4641],[2.5037,45.4617]]]}},{"type":"Feature","properties":{"code":"19144","nom":"Montgibaud","app":8.6,"app_bas":6.93,"app_haut":10.68,"app_ech":"maille","app_obs":0,"mai":6.54,"mai_bas":5.16,"mai_haut":8.28,"mai_ech":"maille","mai_obs":7,"a12":11.11,"a3":7.33},"geometry":{"type":"Polygon","coordinates":[[[1.3915,45.5073],[1.3996,45.5181],[1.4121,45.5281],[1.4203,45.5314],[1.4283,45.5296],[1.4395,45.5204],[1.4425,45.5145],[1.454,45.5071],[1.4467,45.4986],[1.4364,45.4945],[1.4279,45.494],[1.4224,45.4896],[1.404,45.4967],[1.3896,45.4962],[1.3915,45.5073]]]}},{"type":"Feature","properties":{"code":"19095","nom":"Lacelle","app":7.78,"app_bas":5.98,"app_haut":10.12,"app_ech":"maille","app_obs":0,"mai":7.17,"mai_bas":5.52,"mai_haut":9.31,"mai_ech":"maille","mai_obs":0,"a12":8.75,"a3":6.5},"geometry":{"type":"Polygon","coordinates":[[[1.8748,45.6647],[1.8737,45.656],[1.8663,45.6524],[1.8668,45.6389],[1.8531,45.6293],[1.8493,45.6231],[1.844,45.6231],[1.8231,45.6322],[1.8176,45.6323],[1.8165,45.6216],[1.8089,45.6166],[1.8004,45.6189],[1.7955,45.6246],[1.7849,45.6251],[1.7752,45.633],[1.7861,45.6406],[1.8004,45.6351],[1.8108,45.6459],[1.824,45.6484],[1.8222,45.6591],[1.8264,45.665],[1.8409,45.6639],[1.85,45.6658],[1.8546,45.6723],[1.8632,45.6675],[1.8748,45.6647]]]}},{"type":"Feature","properties":{"code":"19127","nom":"Marc-la-Tour","app":null,"app_bas":null,"app_haut":null,"app_ech":null,"app_obs":0,"mai":null,"mai_bas":null,"mai_haut":null,"mai_ech":null,"mai_obs":0,"a12":null,"a3":null},"geometry":{"type":"Polygon","coordinates":[[[1.839,45.2203],[1.8441,45.2119],[1.8514,45.2092],[1.8643,45.1998],[1.874,45.1889],[1.876,45.1819],[1.8618,45.1848],[1.8566,45.1761],[1.8508,45.1789],[1.8452,45.1844],[1.8521,45.1971],[1.8395,45.1998],[1.8302,45.2055],[1.8329,45.2181],[1.839,45.2203]]]}},{"type":"Feature","properties":{"code":"19143","nom":"Montaignac-Saint-Hippolyte","app":8.49,"app_bas":6.89,"app_haut":10.46,"app_ech":"maille","app_obs":57,"mai":7.39,"mai_bas":5.69,"mai_haut":9.61,"mai_ech":"maille","mai_obs":9,"a12":9.98,"a3":5.98},"geometry":{"type":"Polygon","coordinates":[[[2.0073,45.3354],[2.0032,45.3373],[1.9843,45.3374],[1.9714,45.3391],[1.9678,45.3465],[1.9725,45.3557],[1.9676,45.3588],[1.9975,45.3646],[2.0083,45.3627],[2.0221,45.3665],[2.0359,45.3639],[2.0262,45.359],[2.0276,45.3513],[2.0469,45.3519],[2.0555,45.3543],[2.0635,45.3454],[2.0592,45.3346],[2.0414,45.3276],[2.0304,45.3274],[2.0235,45.3321],[2.0094,45.3338],[2.0073,45.3354]]]}},{"type":"Feature","properties":{"code":"19185","nom":"Saint-Bonnet-Avalouze","app":null,"app_bas":null,"app_haut":null,"app_ech":null,"app_obs":0,"mai":null,"mai_bas":null,"mai_haut":null,"mai_ech":null,"mai_obs":0,"a12":null,"a3":null},"geometry":{"type":"Polygon","coordinates":[[[1.791,45.2499],[1.8049,45.2545],[1.8261,45.256],[1.8422,45.2621],[1.846,45.2677],[1.8532,45.2671],[1.842,45.252],[1.8387,45.2489],[1.8277,45.2459],[1.8156,45.2472],[1.8114,45.2432],[1.8082,45.2415],[1.7907,45.2462],[1.791,45.2499]]]}},{"type":"Feature","properties":{"code":"19073","nom":"Égletons","app":10.13,"app_bas":6.69,"app_haut":15.32,"app_ech":"commune","app_obs":592,"mai":7.33,"mai_bas":5.82,"mai_haut":9.23,"mai_ech":"commune","mai_obs":176,"a12":11.02,"a3":7.23},"geometry":{"type":"Polygon","coordinates":[[[2.0315,45.4467],[2.044,45.4389],[2.035,45.4347],[2.0344,45.4218],[2.0428,45.416],[2.0577,45.4232],[2.0702,45.4215],[2.0722,45.4138],[2.0688,45.4087],[2.0684,45.3979],[2.0652,45.3936],[2.0571,45.397],[2.0428,45.3934],[2.0236,45.3988],[2.0353,45.4078],[2.0327,45.4171],[2.0176,45.4198],[2.0118,45.4253],[1.9979,45.426],[2.002,45.4396],[2.011,45.4408],[2.0152,45.4458],[2.0132,45.452],[2.0048,45.4552],[2.0205,45.4543],[2.0315,45.4467]]]}},{"type":"Feature","properties":{"code":"19278","nom":"Varetz","app":9.67,"app_bas":7.66,"app_haut":12.21,"app_ech":"maille","app_obs":39,"mai":9.76,"mai_bas":7.79,"mai_haut":12.23,"mai_ech":"commune","mai_obs":113,"a12":10.88,"a3":8.53},"geometry":{"type":"Polygon","coordinates":[[[1.4662,45.175],[1.4601,45.1667],[1.4569,45.1639],[1.445,45.1654],[1.438,45.1638],[1.4257,45.165],[1.4148,45.1711],[1.4091,45.1851],[1.4068,45.1937],[1.4083,45.2054],[1.4176,45.2187],[1.422,45.2206],[1.4349,45.2193],[1.4389,45.2174],[1.4434,45.2048],[1.4606,45.1909],[1.4662,45.175]]]}},{"type":"Feature","properties":{"code":"19049","nom":"Chasteaux","app":9.76,"app_bas":7.94,"app_haut":12.01,"app_ech":"maille","app_obs":2,"mai":9.49,"mai_bas":7.26,"mai_haut":12.4,"mai_ech":"maille","mai_obs":10,"a12":10.81,"a3":8.01},"geometry":{"type":"Polygon","coordinates":[[[1.4983,45.1101],[1.4985,45.0928],[1.4955,45.0832],[1.4893,45.0706],[1.4679,45.0535],[1.4587,45.057],[1.456,45.0786],[1.4495,45.0814],[1.4425,45.0775],[1.4399,45.0719],[1.4229,45.0736],[1.4215,45.0788],[1.4294,45.0914],[1.4539,45.0963],[1.4683,45.0946],[1.4783,45.1013],[1.4941,45.1148],[1.4983,45.1101]]]}},{"type":"Feature","properties":{"code":"19155","nom":"Orliac-de-Bar","app":8.05,"app_bas":6.25,"app_haut":10.36,"app_ech":"maille","app_obs":2,"mai":6.9,"mai_bas":5.48,"mai_haut":8.68,"mai_ech":"maille","mai_obs":7,"a12":8.75,"a3":6.21},"geometry":{"type":"Polygon","coordinates":[[[1.7853,45.3621],[1.7823,45.3769],[1.7876,45.3792],[1.7952,45.3973],[1.8044,45.3994],[1.8213,45.3997],[1.8276,45.3944],[1.83,45.3849],[1.8259,45.3797],[1.8275,45.3664],[1.8224,45.3623],[1.8111,45.3643],[1.8031,45.3511],[1.8068,45.3447],[1.7887,45.3443],[1.7912,45.3551],[1.7853,45.3621]]]}},{"type":"Feature","properties":{"code":"19038","nom":"Chameyrat","app":9.76,"app_bas":7.94,"app_haut":12.01,"app_ech":"maille","app_obs":47,"mai":8.05,"mai_bas":6.37,"mai_haut":10.17,"mai_ech":"maille","mai_obs":51,"a12":10.88,"a3":8.53},"geometry":{"type":"Polygon","coordinates":[[[1.6954,45.2665],[1.7103,45.2682],[1.7208,45.2725],[1.7387,45.2699],[1.7439,45.2626],[1.7311,45.2554],[1.7278,45.2505],[1.734,45.242],[1.7281,45.2325],[1.7163,45.2321],[1.7013,45.2204],[1.6809,45.2311],[1.6714,45.2376],[1.6662,45.237],[1.6646,45.2393],[1.6797,45.2495],[1.6869,45.2614],[1.6954,45.2665]]]}},{"type":"Feature","properties":{"code":"19100","nom":"Lagraulière","app":8.97,"app_bas":7.21,"app_haut":11.16,"app_ech":"maille","app_obs":34,"mai":8.15,"mai_bas":6.22,"mai_haut":10.69,"mai_ech":"maille","mai_obs":46,"a12":10.88,"a3":8.53},"geometry":{"type":"Polygon","coordinates":[[[1.667,45.3715],[1.6753,45.366],[1.6763,45.3577],[1.6582,45.3474],[1.6565,45.3409],[1.6601,45.3344],[1.6535,45.3304],[1.6356,45.3316],[1.6336,45.3361],[1.6221,45.3404],[1.6024,45.3281],[1.5933,45.3251],[1.5877,45.3421],[1.586,45.3543],[1.5764,45.3671],[1.5842,45.3765],[1.591,45.3717],[1.5973,45.3738],[1.6026,45.3848],[1.6158,45.3749],[1.6203,45.3763],[1.6267,45.3882],[1.6314,45.3874],[1.6354,45.374],[1.6401,45.3692],[1.6536,45.3677],[1.667,45.3715]]]}},{"type":"Feature","properties":{"code":"19149","nom":"Neuville","app":7.89,"app_bas":6.15,"app_haut":10.12,"app_ech":"maille","app_obs":0,"mai":7.39,"mai_bas":5.69,"mai_haut":9.61,"mai_ech":"maille","mai_obs":7,"a12":10.81,"a3":5.98},"geometry":{"type":"Polygon","coordinates":[[[1.8448,45.0984],[1.8128,45.0969],[1.8045,45.1096],[1.8009,45.1204],[1.811,45.1202],[1.8247,45.1233],[1.8324,45.1227],[1.8405,45.1184],[1.843,45.1082],[1.8529,45.1112],[1.8645,45.1205],[1.8713,45.1229],[1.8887,45.1155],[1.8937,45.1082],[1.8904,45.0965],[1.8698,45.1043],[1.8618,45.1011],[1.8448,45.0984]]]}},{"type":"Feature","properties":{"code":"19062","nom":"Corrèze","app":8.49,"app_bas":6.89,"app_haut":10.46,"app_ech":"maille","app_obs":90,"mai":6.9,"mai_bas":5.48,"mai_haut":8.68,"mai_ech":"maille","mai_obs":31,"a12":9.98,"a3":6.95},"geometry":{"type":"Polygon","coordinates":[[[1.9036,45.3399],[1.882,45.3374],[1.8701,45.3288],[1.8489,45.3278],[1.844,45.3423],[1.8599,45.3642],[1.8474,45.36],[1.8384,45.365],[1.833,45.3583],[1.8224,45.3623],[1.8275,45.3664],[1.8259,45.3797],[1.83,45.3849],[1.8585,45.3837],[1.8643,45.391],[1.863,45.3977],[1.8683,45.4099],[1.8843,45.4062],[1.8873,45.4034],[1.8903,45.3957],[1.8917,45.3803],[1.8969,45.3767],[1.9102,45.3741],[1.9055,45.3669],[1.9066,45.3483],[1.9036,45.3399]]]}},{"type":"Feature","properties":{"code":"19089","nom":"Gros-Chastang","app":8.05,"app_bas":6.25,"app_haut":10.36,"app_ech":"maille","app_obs":1,"mai":7.39,"mai_bas":5.69,"mai_haut":9.61,"mai_ech":"maille","mai_obs":10,"a12":9.98,"a3":6.95},"geometry":{"type":"Polygon","coordinates":[[[1.9911,45.2371],[2.0097,45.2339],[2.0193,45.2238],[2.032,45.2217],[2.0408,45.209],[2.0312,45.2036],[2.0287,45.2065],[2.0136,45.2119],[2.0006,45.196],[1.9764,45.1964],[1.9726,45.2027],[1.9843,45.2173],[1.9862,45.2283],[1.9911,45.2371]]]}},{"type":"Feature","properties":{"code":"19159","nom":"Péret-Bel-Air","app":7.98,"app_bas":5.29,"app_haut":12.03,"app_ech":"maille","app_obs":0,"mai":6.9,"mai_bas":5.48,"mai_haut":8.68,"mai_ech":"maille","mai_obs":2,"a12":9.26,"a3":6.21},"geometry":{"type":"Polygon","coordinates":[[[2.0043,45.4824],[2.016,45.4845],[2.0217,45.4944],[2.032,45.494],[2.0515,45.4883],[2.0553,45.4847],[2.0542,45.4732],[2.0464,45.4682],[2.0391,45.4543],[2.0315,45.4467],[2.0205,45.4543],[2.0048,45.4552],[1.9975,45.4624],[1.9993,45.4809],[2.0043,45.4824]]]}},{"type":"Feature","properties":{"code":"19060","nom":"Condat-sur-Ganaveix","app":8.97,"app_bas":7.21,"app_haut":11.16,"app_ech":"maille","app_obs":2,"mai":8.15,"mai_bas":6.22,"mai_haut":10.69,"mai_ech":"maille","mai_obs":27,"a12":8.75,"a3":6.7},"geometry":{"type":"Polygon","coordinates":[[[1.5577,45.4588],[1.5545,45.4668],[1.5533,45.4735],[1.562,45.4799],[1.5688,45.4764],[1.5735,45.4826],[1.5776,45.4941],[1.5752,45.5041],[1.5762,45.5222],[1.5846,45.5242],[1.5985,45.5199],[1.6091,45.5142],[1.6235,45.5101],[1.6438,45.5068],[1.6371,45.4857],[1.6365,45.4744],[1.6311,45.4664],[1.6162,45.4598],[1.6006,45.4464],[1.5856,45.4441],[1.5818,45.4377],[1.5719,45.4401],[1.5691,45.4608],[1.5577,45.4588]]]}},{"type":"Feature","properties":{"code":"19094","nom":"Juillac","app":8.69,"app_bas":7,"app_haut":10.8,"app_ech":"maille","app_obs":68,"mai":7.58,"mai_bas":6.11,"mai_haut":9.41,"mai_ech":"maille","mai_obs":67,"a12":11.72,"a3":7.68},"geometry":{"type":"Polygon","coordinates":[[[1.3077,45.358],[1.3144,45.3527],[1.3236,45.3501],[1.3385,45.3418],[1.3359,45.3358],[1.3262,45.3323],[1.3295,45.3155],[1.3337,45.3079],[1.321,45.3037],[1.32,45.2998],[1.3,45.3058],[1.2965,45.3044],[1.3003,45.2947],[1.2946,45.2926],[1.2676,45.2979],[1.2416,45.3013],[1.2384,45.3025],[1.2384,45.3133],[1.2358,45.322],[1.2607,45.3208],[1.2726,45.3282],[1.2891,45.3541],[1.3011,45.3582],[1.3077,45.358]]]}},{"type":"Feature","properties":{"code":"19117","nom":"Lissac-sur-Couze","app":9.67,"app_bas":7.66,"app_haut":12.21,"app_ech":"maille","app_obs":6,"mai":9.49,"mai_bas":7.26,"mai_haut":12.4,"mai_ech":"maille","mai_obs":42,"a12":10.88,"a3":8.01},"geometry":{"type":"Polygon","coordinates":[[[1.4311,45.1051],[1.4353,45.1075],[1.4437,45.1223],[1.4488,45.1281],[1.4551,45.1293],[1.4722,45.1294],[1.4662,45.1193],[1.4705,45.118],[1.4904,45.1206],[1.4941,45.1148],[1.4783,45.1013],[1.4683,45.0946],[1.4539,45.0963],[1.4354,45.0929],[1.4311,45.1051]]]}},{"type":"Feature","properties":{"code":"19206","nom":"Saint-Germain-Lavolps","app":7.98,"app_bas":5.29,"app_haut":12.03,"app_ech":"maille","app_obs":0,"mai":6.49,"mai_bas":5.16,"mai_haut":8.16,"mai_ech":"maille","mai_obs":7,"a12":9.61,"a3":6.21},"geometry":{"type":"Polygon","coordinates":[[[2.1965,45.579],[2.1917,45.5794],[2.1852,45.589],[2.1822,45.6052],[2.1715,45.6143],[2.176,45.6178],[2.1974,45.6233],[2.2114,45.6235],[2.2175,45.6326],[2.2333,45.6299],[2.2424,45.6322],[2.2588,45.6209],[2.2553,45.6213],[2.2405,45.6127],[2.2422,45.5985],[2.2272,45.59],[2.2236,45.5908],[2.2017,45.5791],[2.1965,45.579]]]}},{"type":"Feature","properties":{"code":"19243","nom":"Saint-Sornin-Lavolps","app":8.69,"app_bas":7,"app_haut":10.8,"app_ech":"maille","app_obs":12,"mai":7.58,"mai_bas":6.11,"mai_haut":9.41,"mai_ech":"maille","mai_obs":39,"a12":11.72,"a3":6.7},"geometry":{"type":"Polygon","coordinates":[[[1.3466,45.3926],[1.3608,45.3895],[1.3704,45.3895],[1.381,45.3961],[1.3915,45.395],[1.3944,45.3878],[1.3965,45.3675],[1.3939,45.3546],[1.3927,45.3539],[1.3782,45.3586],[1.3745,45.354],[1.3605,45.3516],[1.3485,45.363],[1.3449,45.3745],[1.3466,45.3926]]]}},{"type":"Feature","properties":{"code":"19285","nom":"Vigeois","app":8.97,"app_bas":7.21,"app_haut":11.16,"app_ech":"maille","app_obs":52,"mai":8.15,"mai_bas":6.22,"mai_haut":10.69,"mai_ech":"maille","mai_obs":20,"a12":11.11,"a3":6.7},"geometry":{"type":"Polygon","coordinates":[[[1.4605,45.3676],[1.4594,45.3781],[1.466,45.3827],[1.4829,45.3874],[1.4856,45.4031],[1.4976,45.4052],[1.495,45.4241],[1.5057,45.4207],[1.5082,45.4115],[1.5267,45.4054],[1.5362,45.4032],[1.5452,45.3968],[1.5536,45.3955],[1.5729,45.3965],[1.5768,45.3907],[1.5732,45.3745],[1.574,45.3678],[1.5679,45.3594],[1.5609,45.3558],[1.5478,45.3579],[1.5405,45.3535],[1.5305,45.3568],[1.5231,45.3552],[1.5151,45.3472],[1.4999,45.3441],[1.4963,45.3456],[1.4892,45.3559],[1.4749,45.3576],[1.4701,45.3653],[1.4605,45.3676]]]}},{"type":"Feature","properties":{"code":"19088","nom":"Grandsaigne","app":8.49,"app_bas":6.89,"app_haut":10.46,"app_ech":"maille","app_obs":0,"mai":6.9,"mai_bas":5.48,"mai_haut":8.68,"mai_ech":"maille","mai_obs":1,"a12":9.98,"a3":6.21},"geometry":{"type":"Polygon","coordinates":[[[1.9256,45.4557],[1.9061,45.467],[1.8935,45.4804],[1.8981,45.4877],[1.9077,45.4926],[1.9131,45.5056],[1.9281,45.5112],[1.9367,45.5045],[1.9467,45.5093],[1.9555,45.5171],[1.962,45.5049],[1.9659,45.4912],[1.9548,45.4828],[1.9374,45.4751],[1.9302,45.4699],[1.9309,45.4604],[1.9256,45.4557]]]}},{"type":"Feature","properties":{"code":"19125","nom":"Marcillac-la-Croisille","app":8.49,"app_bas":6.89,"app_haut":10.46,"app_ech":"maille","app_obs":13,"mai":7.39,"mai_bas":5.69,"mai_haut":9.61,"mai_ech":"maille","mai_obs":15,"a12":9.98,"a3":6.95},"geometry":{"type":"Polygon","coordinates":[[[2.0748,45.2238],[2.0694,45.2241],[2.0568,45.2139],[2.0408,45.209],[2.032,45.2217],[2.0193,45.2238],[2.0097,45.2339],[1.9911,45.2371],[1.9877,45.2454],[1.9942,45.2464],[2.0033,45.2534],[2.0039,45.2592],[1.9928,45.2783],[1.9974,45.2853],[2.0044,45.2881],[2.013,45.2858],[2.0196,45.2874],[2.0288,45.2877],[2.0434,45.2915],[2.0498,45.2913],[2.0597,45.2807],[2.0636,45.2681],[2.0681,45.265],[2.0692,45.2523],[2.0668,45.2422],[2.0679,45.2337],[2.0748,45.2238]]]}},{"type":"Feature","properties":{"code":"19193","nom":"Saint-Cirgues-la-Loutre","app":6.7,"app_bas":5.31,"app_haut":8.45,"app_ech":"maille","app_obs":6,"mai":7.39,"mai_bas":5.69,"mai_haut":9.61,"mai_ech":"maille","mai_obs":2,"a12":8.84,"a3":6.7},"geometry":{"type":"Polygon","coordinates":[[[2.1002,45.062],[2.0895,45.0716],[2.0822,45.0732],[2.0769,45.0868],[2.0647,45.0958],[2.0632,45.1048],[2.0861,45.1076],[2.102,45.1157],[2.1093,45.1012],[2.1166,45.1039],[2.1237,45.0995],[2.1381,45.0814],[2.1298,45.0789],[2.1184,45.0704],[2.1123,45.0703],[2.1021,45.0622],[2.1002,45.062]]]}},{"type":"Feature","properties":{"code":"19287","nom":"Vitrac-sur-Montane","app":7.65,"app_bas":6.16,"app_haut":9.51,"app_ech":"maille","app_obs":17,"mai":7.39,"mai_bas":5.69,"mai_haut":9.61,"mai_ech":"maille","mai_obs":2,"a12":9.98,"a3":6.21},"geometry":{"type":"Polygon","coordinates":[[[1.9672,45.397],[1.9809,45.3873],[1.9819,45.3814],[1.9755,45.3775],[1.9607,45.3745],[1.9614,45.3574],[1.9577,45.3571],[1.9326,45.3425],[1.9155,45.3395],[1.9037,45.3401],[1.9066,45.3483],[1.9055,45.3669],[1.9102,45.3741],[1.8969,45.3767],[1.8917,45.3803],[1.8903,45.3957],[1.8964,45.3998],[1.9109,45.4014],[1.9252,45.3865],[1.9305,45.3838],[1.9454,45.3848],[1.9499,45.3923],[1.9574,45.398],[1.9672,45.397]]]}}]}