{"type":"FeatureCollection","features":[{"type":"Feature","properties":{"code":"2B088","nom":"Chiatra","app":10.9,"app_bas":8.65,"app_haut":13.75,"app_ech":"maille","app_obs":2,"mai":11.53,"mai_bas":9.02,"mai_haut":14.75,"mai_ech":"maille","mai_obs":6,"a12":13.2,"a3":10.66},"geometry":{"type":"Polygon","coordinates":[[[9.5151,42.271],[9.4908,42.2804],[9.4739,42.2843],[9.4574,42.2844],[9.4576,42.2884],[9.4677,42.2999],[9.4759,42.2984],[9.4985,42.2996],[9.5007,42.2943],[9.5122,42.2869],[9.5174,42.2747],[9.5151,42.271]]]}},{"type":"Feature","properties":{"code":"2B183","nom":"Ogliastro","app":12.05,"app_bas":9.76,"app_haut":14.87,"app_ech":"maille","app_obs":0,"mai":11.06,"mai_bas":8.06,"mai_haut":15.18,"mai_ech":"maille","mai_obs":0,"a12":14.89,"a3":11.22},"geometry":{"type":"Polygon","coordinates":[[[9.3379,42.8039],[9.3263,42.8123],[9.3328,42.8237],[9.3474,42.8329],[9.3557,42.833],[9.3769,42.8382],[9.3851,42.8348],[9.3853,42.8274],[9.3655,42.8212],[9.3574,42.8118],[9.3586,42.8071],[9.3379,42.8039]]]}},{"type":"Feature","properties":{"code":"2B147","nom":"Lozzi","app":11.74,"app_bas":9.49,"app_haut":14.52,"app_ech":"maille","app_obs":0,"mai":11.53,"mai_bas":9.02,"mai_haut":14.75,"mai_ech":"maille","mai_obs":0,"a12":13.98,"a3":10.83},"geometry":{"type":"Polygon","coordinates":[[[8.9784,42.3915],[8.9866,42.3885],[9.018,42.372],[9.0192,42.3566],[9.0251,42.3526],[9.0129,42.3419],[8.9979,42.3341],[8.9914,42.3337],[8.9643,42.337],[8.9526,42.3517],[8.9517,42.3602],[8.9362,42.3676],[8.9296,42.373],[8.9704,42.3914],[8.9784,42.3915]]]}},{"type":"Feature","properties":{"code":"2B292","nom":"Sant'Andréa-di-Bozio","app":10.9,"app_bas":8.65,"app_haut":13.75,"app_ech":"maille","app_obs":0,"mai":9.72,"mai_bas":6.93,"mai_haut":13.64,"mai_ech":"maille","mai_obs":0,"a12":16.94,"a3":10.66},"geometry":{"type":"Polygon","coordinates":[[[9.335,42.2799],[9.3263,42.2662],[9.3311,42.2555],[9.3133,42.2572],[9.3122,42.2677],[9.2987,42.2646],[9.2892,42.2741],[9.2816,42.2771],[9.2621,42.2745],[9.2522,42.2662],[9.249,42.2515],[9.2282,42.2497],[9.225,42.2558],[9.2259,42.2649],[9.2357,42.2766],[9.246,42.2746],[9.2555,42.2813],[9.2608,42.2895],[9.2743,42.292],[9.2891,42.3011],[9.305,42.3014],[9.3343,42.2836],[9.335,42.2799]]]}},{"type":"Feature","properties":{"code":"2B143","nom":"Linguizzetta","app":12.62,"app_bas":10.43,"app_haut":15.27,"app_ech":"maille","app_obs":41,"mai":11.17,"mai_bas":8.72,"mai_haut":14.31,"mai_ech":"maille","mai_obs":10,"a12":13.2,"a3":10.66},"geometry":{"type":"Polygon","coordinates":[[[9.4728,42.2212],[9.4766,42.223],[9.4733,42.234],[9.4661,42.2424],[9.4601,42.2436],[9.4539,42.2515],[9.444,42.2698],[9.4559,42.27],[9.4662,42.2724],[9.4781,42.2705],[9.4972,42.2643],[9.5036,42.2584],[9.5198,42.2481],[9.534,42.2423],[9.5532,42.2414],[9.5529,42.2213],[9.5574,42.2032],[9.5577,42.1891],[9.5558,42.18],[9.5544,42.1568],[9.5467,42.1585],[9.5439,42.1643],[9.5145,42.1689],[9.5034,42.181],[9.4829,42.1893],[9.4698,42.2127],[9.4728,42.2212]]]}},{"type":"Feature","properties":{"code":"2B218","nom":"Piedicorte-di-Gaggio","app":11.65,"app_bas":9.27,"app_haut":14.65,"app_ech":"maille","app_obs":1,"mai":11.53,"mai_bas":9.02,"mai_haut":14.75,"mai_ech":"maille","mai_obs":6,"a12":16.94,"a3":10.66},"geometry":{"type":"Polygon","coordinates":[[[9.3114,42.2445],[9.3133,42.2572],[9.3311,42.2555],[9.3386,42.2507],[9.3423,42.2454],[9.3404,42.2332],[9.342,42.2245],[9.3475,42.2177],[9.3429,42.208],[9.348,42.196],[9.355,42.1941],[9.3516,42.1935],[9.3287,42.1762],[9.3166,42.1805],[9.3119,42.1869],[9.2965,42.1913],[9.2918,42.1992],[9.293,42.209],[9.3061,42.218],[9.3114,42.2445]]]}},{"type":"Feature","properties":{"code":"2B043","nom":"Brando","app":15.11,"app_bas":11.94,"app_haut":19.12,"app_ech":"maille","app_obs":99,"mai":11.06,"mai_bas":8.06,"mai_haut":15.18,"mai_ech":"maille","mai_obs":43,"a12":14.89,"a3":11.22},"geometry":{"type":"Polygon","coordinates":[[[9.415,42.7726],[9.4184,42.7885],[9.4164,42.7956],[9.4345,42.7961],[9.4488,42.7991],[9.4621,42.798],[9.4694,42.8015],[9.4915,42.7975],[9.4817,42.7812],[9.4721,42.7705],[9.4671,42.7609],[9.4684,42.7528],[9.4513,42.7537],[9.4264,42.7641],[9.415,42.7726]]]}},{"type":"Feature","properties":{"code":"2B201","nom":"Pancheraccia","app":11.84,"app_bas":9.72,"app_haut":14.41,"app_ech":"maille","app_obs":1,"mai":11.17,"mai_bas":8.72,"mai_haut":14.31,"mai_ech":"maille","mai_obs":0,"a12":13.2,"a3":10.66},"geometry":{"type":"Polygon","coordinates":[[[9.3817,42.234],[9.3847,42.2331],[9.3836,42.2274],[9.3881,42.2212],[9.3994,42.2154],[9.407,42.2089],[9.4198,42.2016],[9.4207,42.1955],[9.428,42.1861],[9.4329,42.1744],[9.4407,42.1623],[9.4542,42.1502],[9.4528,42.1439],[9.4336,42.1589],[9.4237,42.1709],[9.4101,42.184],[9.4011,42.1964],[9.3855,42.2016],[9.3764,42.2066],[9.3641,42.2237],[9.3716,42.2282],[9.3806,42.2295],[9.3817,42.234]]]}},{"type":"Feature","properties":{"code":"2B003","nom":"Aiti","app":12.62,"app_bas":10.43,"app_haut":15.27,"app_ech":"maille","app_obs":0,"mai":9.72,"mai_bas":6.93,"mai_haut":13.64,"mai_ech":"maille","mai_obs":0,"a12":13.2,"a3":9.06},"geometry":{"type":"Polygon","coordinates":[[[9.1971,42.4182],[9.2021,42.4159],[9.2301,42.4179],[9.2471,42.4133],[9.2562,42.4031],[9.2596,42.3974],[9.257,42.392],[9.2401,42.3876],[9.2313,42.3908],[9.2121,42.3934],[9.209,42.3955],[9.2026,42.4052],[9.1975,42.4077],[9.1971,42.4182]]]}},{"type":"Feature","properties":{"code":"2B045","nom":"Bustanico","app":11.22,"app_bas":9.45,"app_haut":13.33,"app_ech":"maille","app_obs":0,"mai":8.8,"mai_bas":6.91,"mai_haut":11.21,"mai_ech":"maille","mai_obs":0,"a12":13.2,"a3":9.06},"geometry":{"type":"Polygon","coordinates":[[[9.3472,42.3294],[9.341,42.3259],[9.3273,42.3242],[9.3152,42.3154],[9.3061,42.3122],[9.2909,42.3137],[9.2865,42.3181],[9.2775,42.3193],[9.2755,42.3319],[9.2813,42.3352],[9.3096,42.3373],[9.327,42.3357],[9.3402,42.3417],[9.3442,42.3392],[9.3472,42.3294]]]}},{"type":"Feature","properties":{"code":"2B046","nom":"Cagnano","app":15.11,"app_bas":11.94,"app_haut":19.12,"app_ech":"maille","app_obs":1,"mai":11.06,"mai_bas":8.06,"mai_haut":15.18,"mai_ech":"maille","mai_obs":0,"a12":14.89,"a3":11.22},"geometry":{"type":"Polygon","coordinates":[[[9.4776,42.8818],[9.4731,42.8741],[9.4823,42.8643],[9.48,42.8602],[9.4499,42.8578],[9.4377,42.8608],[9.41,42.8632],[9.4038,42.8627],[9.4092,42.8718],[9.4114,42.8809],[9.4173,42.8867],[9.4305,42.8867],[9.4589,42.8825],[9.4776,42.8818]]]}},{"type":"Feature","properties":{"code":"2B095","nom":"Corscia","app":11.74,"app_bas":9.49,"app_haut":14.52,"app_ech":"maille","app_obs":0,"mai":11.53,"mai_bas":9.02,"mai_haut":14.75,"mai_ech":"maille","mai_obs":0,"a12":13.98,"a3":10.83},"geometry":{"type":"Polygon","coordinates":[[[9.0932,42.3234],[9.0936,42.3208],[9.0848,42.3085],[9.0759,42.3138],[9.0582,42.3271],[9.0488,42.3306],[9.0377,42.3387],[9.0291,42.3513],[9.0251,42.3526],[9.0192,42.3566],[9.018,42.372],[8.9866,42.3885],[8.9784,42.3915],[8.989,42.4018],[9.0136,42.3971],[9.0208,42.3992],[9.036,42.3987],[9.0475,42.4005],[9.0595,42.4126],[9.0734,42.4173],[9.0805,42.406],[9.0877,42.4016],[9.0935,42.3882],[9.1121,42.3876],[9.1017,42.3708],[9.0906,42.3626],[9.0856,42.3555],[9.0852,42.3473],[9.0982,42.3357],[9.0937,42.3318],[9.0932,42.3234]]]}},{"type":"Feature","properties":{"code":"2B166","nom":"Monte","app":11.74,"app_bas":9.49,"app_haut":14.52,"app_ech":"maille","app_obs":39,"mai":11.53,"mai_bas":9.02,"mai_haut":14.75,"mai_ech":"maille","mai_obs":10,"a12":13.32,"a3":9.78},"geometry":{"type":"Polygon","coordinates":[[[9.3837,42.4998],[9.3872,42.4936],[9.399,42.4868],[9.4056,42.4891],[9.4174,42.4977],[9.4247,42.5007],[9.4397,42.5107],[9.4389,42.5166],[9.4465,42.5238],[9.4535,42.5251],[9.4494,42.5168],[9.4502,42.5056],[9.4408,42.5006],[9.4248,42.4962],[9.418,42.492],[9.4114,42.4862],[9.4058,42.4708],[9.4083,42.4634],[9.397,42.4548],[9.3915,42.4494],[9.3861,42.4509],[9.3844,42.4569],[9.3767,42.4671],[9.3703,42.4846],[9.3805,42.5029],[9.3837,42.4998]]]}},{"type":"Feature","properties":{"code":"2B245","nom":"Porri","app":11.22,"app_bas":9.45,"app_haut":13.33,"app_ech":"maille","app_obs":0,"mai":8.8,"mai_bas":6.91,"mai_haut":11.21,"mai_ech":"maille","mai_obs":0,"a12":13.32,"a3":9.78},"geometry":{"type":"Polygon","coordinates":[[[9.435,42.4408],[9.4269,42.4496],[9.4272,42.4555],[9.4361,42.4605],[9.4477,42.4571],[9.4598,42.4502],[9.4622,42.4461],[9.4522,42.4438],[9.4479,42.436],[9.435,42.4408]]]}},{"type":"Feature","properties":{"code":"2B246","nom":"Porta","app":10.9,"app_bas":8.65,"app_haut":13.75,"app_ech":"maille","app_obs":20,"mai":9.72,"mai_bas":6.93,"mai_haut":13.64,"mai_ech":"maille","mai_obs":17,"a12":13.32,"a3":9.78},"geometry":{"type":"Polygon","coordinates":[[[9.3637,42.4181],[9.3376,42.4117],[9.3236,42.4113],[9.3268,42.417],[9.3316,42.4211],[9.3436,42.4228],[9.3731,42.4337],[9.3752,42.4382],[9.3841,42.4415],[9.3891,42.4382],[9.3965,42.4268],[9.3849,42.4293],[9.3758,42.4336],[9.361,42.427],[9.3637,42.4181]]]}},{"type":"Feature","properties":{"code":"2B290","nom":"Speloncato","app":13.09,"app_bas":10.54,"app_haut":16.26,"app_ech":"maille","app_obs":11,"mai":9.72,"mai_bas":6.93,"mai_haut":13.64,"mai_ech":"maille","mai_obs":1,"a12":13.98,"a3":10.83},"geometry":{"type":"Polygon","coordinates":[[[8.9751,42.6136],[8.979,42.5852],[8.9823,42.5817],[8.9829,42.564],[8.9882,42.5563],[8.9986,42.5488],[8.9737,42.5378],[8.9631,42.5473],[8.958,42.5643],[8.9517,42.5723],[8.9492,42.5874],[8.9524,42.6025],[8.9652,42.6068],[8.9751,42.6136]]]}},{"type":"Feature","properties":{"code":"2B156","nom":"Mausoléo","app":13.09,"app_bas":10.54,"app_haut":16.26,"app_ech":"maille","app_obs":1,"mai":11.53,"mai_bas":9.02,"mai_haut":14.75,"mai_ech":"maille","mai_obs":0,"a12":13.98,"a3":10.83},"geometry":{"type":"Polygon","coordinates":[[[8.9165,42.4674],[8.9236,42.483],[8.9216,42.4918],[8.9326,42.4941],[8.945,42.503],[8.957,42.5064],[8.9804,42.5051],[8.9881,42.5075],[8.9867,42.5126],[9.0013,42.5191],[9.006,42.5285],[9.0097,42.5269],[9.0181,42.5155],[9.0136,42.5085],[8.9966,42.4975],[8.9713,42.4852],[8.9551,42.4792],[8.9439,42.4717],[8.9247,42.47],[8.9165,42.4674]]]}},{"type":"Feature","properties":{"code":"2B002","nom":"Aghione","app":11.84,"app_bas":9.72,"app_haut":14.41,"app_ech":"maille","app_obs":1,"mai":11.17,"mai_bas":8.72,"mai_haut":14.31,"mai_ech":"maille","mai_obs":7,"a12":13.2,"a3":10.66},"geometry":{"type":"Polygon","coordinates":[[[9.4381,42.1234],[9.4388,42.1128],[9.4425,42.108],[9.4516,42.1059],[9.4475,42.0885],[9.449,42.083],[9.4563,42.0772],[9.4369,42.0656],[9.4262,42.0645],[9.4122,42.0724],[9.3971,42.0773],[9.3895,42.0828],[9.3833,42.105],[9.3678,42.0996],[9.3603,42.1117],[9.357,42.1236],[9.3719,42.1221],[9.3933,42.1274],[9.4235,42.1203],[9.4381,42.1234]]]}},{"type":"Feature","properties":{"code":"2B069","nom":"Casabianca","app":11.74,"app_bas":9.49,"app_haut":14.52,"app_ech":"maille","app_obs":1,"mai":9.72,"mai_bas":6.93,"mai_haut":13.64,"mai_ech":"maille","mai_obs":8,"a12":13.32,"a3":9.78},"geometry":{"type":"Polygon","coordinates":[[[9.3577,42.4515],[9.3649,42.456],[9.3697,42.457],[9.3915,42.4494],[9.3841,42.4415],[9.3752,42.4382],[9.3671,42.4369],[9.3601,42.4433],[9.3577,42.4515]]]}},{"type":"Feature","properties":{"code":"2B116","nom":"Focicchia","app":11.65,"app_bas":9.27,"app_haut":14.65,"app_ech":"maille","app_obs":2,"mai":11.53,"mai_bas":9.02,"mai_haut":14.75,"mai_ech":"maille","mai_obs":0,"a12":16.94,"a3":10.3},"geometry":{"type":"Polygon","coordinates":[[[9.2578,42.2268],[9.2683,42.2344],[9.2757,42.248],[9.2825,42.2548],[9.2987,42.2646],[9.3122,42.2677],[9.3133,42.2572],[9.3114,42.2445],[9.2913,42.2441],[9.2815,42.2419],[9.2687,42.228],[9.2578,42.2268]]]}},{"type":"Feature","properties":{"code":"2B152","nom":"Luri","app":15.11,"app_bas":11.94,"app_haut":19.12,"app_ech":"maille","app_obs":41,"mai":11.06,"mai_bas":8.06,"mai_haut":15.18,"mai_ech":"maille","mai_obs":12,"a12":14.89,"a3":11.22},"geometry":{"type":"Polygon","coordinates":[[[9.4776,42.8818],[9.4589,42.8825],[9.4305,42.8867],[9.4173,42.8867],[9.4114,42.8809],[9.4092,42.8718],[9.4038,42.8627],[9.402,42.8612],[9.393,42.8646],[9.3859,42.8736],[9.3686,42.8876],[9.3608,42.8896],[9.3623,42.8968],[9.377,42.9115],[9.3903,42.921],[9.3951,42.9204],[9.4149,42.911],[9.4229,42.9117],[9.4319,42.9023],[9.4487,42.8973],[9.4667,42.9008],[9.4745,42.9001],[9.4739,42.8912],[9.4776,42.8818]]]}},{"type":"Feature","properties":{"code":"2B176","nom":"Nocario","app":10.9,"app_bas":8.65,"app_haut":13.75,"app_ech":"maille","app_obs":2,"mai":11.53,"mai_bas":9.02,"mai_haut":14.75,"mai_ech":"maille","mai_obs":0,"a12":13.32,"a3":9.06},"geometry":{"type":"Polygon","coordinates":[[[9.3258,42.3986],[9.3394,42.4021],[9.351,42.4014],[9.3673,42.396],[9.3645,42.3879],[9.3503,42.3831],[9.3533,42.3915],[9.3344,42.3934],[9.3267,42.3962],[9.3258,42.3986]]]}},{"type":"Feature","properties":{"code":"2B313","nom":"San-Nicolao","app":12.83,"app_bas":10.6,"app_haut":15.51,"app_ech":"commune","app_obs":252,"mai":11.53,"mai_bas":9.02,"mai_haut":14.75,"mai_ech":"maille","mai_obs":37,"a12":16,"a3":11.47},"geometry":{"type":"Polygon","coordinates":[[[9.5326,42.379],[9.5351,42.3589],[9.5114,42.3613],[9.4975,42.3612],[9.4821,42.3555],[9.4853,42.3728],[9.4872,42.3736],[9.4962,42.3739],[9.5034,42.3779],[9.5154,42.3792],[9.5235,42.3771],[9.5326,42.379]]]}},{"type":"Feature","properties":{"code":"2B111","nom":"Felce","app":11.22,"app_bas":9.45,"app_haut":13.33,"app_ech":"maille","app_obs":0,"mai":8.8,"mai_bas":6.91,"mai_haut":11.21,"mai_ech":"maille","mai_obs":0,"a12":13.98,"a3":9.06},"geometry":{"type":"Polygon","coordinates":[[[9.4299,42.355],[9.4398,42.3492],[9.4451,42.3404],[9.4123,42.3354],[9.4125,42.3508],[9.4104,42.3559],[9.4143,42.3579],[9.4299,42.355]]]}},{"type":"Feature","properties":{"code":"2B235","nom":"Pioggiola","app":12.69,"app_bas":9.84,"app_haut":16.35,"app_ech":"maille","app_obs":0,"mai":11.53,"mai_bas":9.02,"mai_haut":14.75,"mai_ech":"maille","mai_obs":0,"a12":13.98,"a3":10.83},"geometry":{"type":"Polygon","coordinates":[[[9.006,42.5285],[9.0013,42.5191],[8.9867,42.5126],[8.9881,42.5075],[8.9804,42.5051],[8.957,42.5064],[8.945,42.503],[8.9326,42.4941],[8.9216,42.4918],[8.9189,42.498],[8.9396,42.5159],[8.9548,42.5156],[8.9639,42.5195],[8.9658,42.5309],[8.9737,42.5378],[8.9986,42.5488],[9.0082,42.5594],[9.0204,42.5519],[9.0066,42.5331],[9.006,42.5285]]]}},{"type":"Feature","properties":{"code":"2B334","nom":"Valle-d'Alesani","app":11.22,"app_bas":9.45,"app_haut":13.33,"app_ech":"maille","app_obs":3,"mai":8.8,"mai_bas":6.91,"mai_haut":11.21,"mai_ech":"maille","mai_obs":0,"a12":13.98,"a3":9.06},"geometry":{"type":"Polygon","coordinates":[[[9.4582,42.3388],[9.4583,42.3274],[9.4561,42.3161],[9.4495,42.3137],[9.4192,42.3201],[9.4129,42.3178],[9.4031,42.3314],[9.4123,42.3354],[9.4451,42.3404],[9.4582,42.3388]]]}},{"type":"Feature","properties":{"code":"2B020","nom":"Aregno","app":13.09,"app_bas":10.54,"app_haut":16.26,"app_ech":"maille","app_obs":17,"mai":12.38,"mai_bas":8.82,"mai_haut":17.38,"mai_ech":"epci","mai_obs":5,"a12":16.48,"a3":12.06},"geometry":{"type":"Polygon","coordinates":[[[8.8674,42.6084],[8.8752,42.6151],[8.8814,42.6074],[8.8814,42.6051],[8.8946,42.5946],[8.8985,42.5742],[8.8846,42.576],[8.8631,42.5825],[8.8531,42.5907],[8.8558,42.5976],[8.8638,42.6017],[8.8674,42.6084]]]}},{"type":"Feature","properties":{"code":"2B077","nom":"Castellare-di-Casinca","app":11.22,"app_bas":9.45,"app_haut":13.33,"app_ech":"maille","app_obs":20,"mai":11.53,"mai_bas":9.02,"mai_haut":14.75,"mai_ech":"maille","mai_obs":33,"a12":13.98,"a3":9.78},"geometry":{"type":"Polygon","coordinates":[[[9.4646,42.4755],[9.4827,42.4741],[9.5145,42.481],[9.5314,42.4834],[9.5361,42.4705],[9.5226,42.4688],[9.5078,42.4621],[9.4791,42.4598],[9.4675,42.4639],[9.4646,42.4755]]]}},{"type":"Feature","properties":{"code":"2B082","nom":"Castineta","app":12.62,"app_bas":10.43,"app_haut":15.27,"app_ech":"maille","app_obs":0,"mai":11.53,"mai_bas":9.02,"mai_haut":14.75,"mai_ech":"maille","mai_obs":0,"a12":13.32,"a3":9.06},"geometry":{"type":"Polygon","coordinates":[[[9.3242,42.405],[9.2894,42.4213],[9.2525,42.4249],[9.2492,42.431],[9.2389,42.4351],[9.2256,42.4365],[9.2195,42.444],[9.2363,42.4436],[9.2679,42.4375],[9.2804,42.4291],[9.2873,42.4267],[9.3118,42.4232],[9.3153,42.4189],[9.3268,42.417],[9.3236,42.4113],[9.3242,42.405]]]}},{"type":"Feature","properties":{"code":"2B225","nom":"Pietra-di-Verde","app":12.62,"app_bas":10.43,"app_haut":15.27,"app_ech":"maille","app_obs":0,"mai":11.17,"mai_bas":8.72,"mai_haut":14.31,"mai_ech":"maille","mai_obs":0,"a12":13.98,"a3":10.66},"geometry":{"type":"Polygon","coordinates":[[[9.4574,42.2844],[9.4486,42.2795],[9.444,42.2698],[9.4315,42.2819],[9.4212,42.2888],[9.4252,42.301],[9.4343,42.3017],[9.4461,42.3091],[9.4552,42.3073],[9.4677,42.2999],[9.4576,42.2884],[9.4574,42.2844]]]}},{"type":"Feature","properties":{"code":"2B007","nom":"Albertacce","app":11.74,"app_bas":9.49,"app_haut":14.52,"app_ech":"maille","app_obs":0,"mai":11.53,"mai_bas":9.02,"mai_haut":14.75,"mai_ech":"maille","mai_obs":0,"a12":13.98,"a3":10.83},"geometry":{"type":"Polygon","coordinates":[[[8.9296,42.373],[8.9362,42.3676],[8.9517,42.3602],[8.9526,42.3517],[8.9643,42.337],[8.9914,42.3337],[8.9979,42.3341],[8.9938,42.3242],[8.9791,42.3174],[8.9764,42.309],[8.9758,42.2922],[8.9854,42.2807],[8.9839,42.2762],[8.9691,42.2647],[8.954,42.2649],[8.9327,42.2579],[8.9266,42.2542],[8.9199,42.2564],[8.9048,42.2539],[8.8819,42.2717],[8.8846,42.2786],[8.8835,42.2855],[8.8752,42.2943],[8.8627,42.2969],[8.8603,42.3059],[8.8613,42.3299],[8.8572,42.331],[8.8744,42.341],[8.8966,42.3577],[8.9004,42.3654],[8.9138,42.3751],[8.9296,42.373]]]}},{"type":"Feature","properties":{"code":"2B222","nom":"Pie-d'Orezza","app":11.22,"app_bas":9.45,"app_haut":13.33,"app_ech":"maille","app_obs":0,"mai":11.53,"mai_bas":9.02,"mai_haut":14.75,"mai_ech":"maille","mai_obs":1,"a12":13.98,"a3":9.06},"geometry":{"type":"Polygon","coordinates":[[[9.3249,42.3766],[9.3203,42.3855],[9.3268,42.3912],[9.3334,42.3822],[9.3446,42.3825],[9.3572,42.3774],[9.3606,42.3699],[9.3313,42.3598],[9.3253,42.3681],[9.3249,42.3766]]]}},{"type":"Feature","properties":{"code":"2B242","nom":"Poggio-Mezzana","app":12.62,"app_bas":10.43,"app_haut":15.27,"app_ech":"maille","app_obs":16,"mai":11.53,"mai_bas":9.02,"mai_haut":14.75,"mai_ech":"maille","mai_obs":27,"a12":13.98,"a3":9.78},"geometry":{"type":"Polygon","coordinates":[[[9.4879,42.3895],[9.4858,42.4019],[9.4923,42.4085],[9.5045,42.4101],[9.5136,42.4161],[9.5251,42.4129],[9.5382,42.412],[9.5352,42.394],[9.5192,42.3939],[9.4984,42.3871],[9.4879,42.3895]]]}},{"type":"Feature","properties":{"code":"2B255","nom":"Quercitello","app":11.74,"app_bas":9.49,"app_haut":14.52,"app_ech":"maille","app_obs":0,"mai":8.8,"mai_bas":6.91,"mai_haut":11.21,"mai_ech":"maille","mai_obs":0,"a12":13.32,"a3":9.78},"geometry":{"type":"Polygon","coordinates":[[[9.3752,42.4382],[9.3731,42.4337],[9.3436,42.4228],[9.3316,42.4211],[9.3268,42.417],[9.3264,42.4351],[9.331,42.4322],[9.3568,42.4314],[9.3738,42.4358],[9.3732,42.4384],[9.3752,42.4382]]]}},{"type":"Feature","properties":{"code":"2B333","nom":"Vallecalle","app":12.36,"app_bas":10.27,"app_haut":14.88,"app_ech":"maille","app_obs":2,"mai":8.8,"mai_bas":6.91,"mai_haut":11.21,"mai_ech":"maille","mai_obs":0,"a12":16.48,"a3":10.96},"geometry":{"type":"Polygon","coordinates":[[[9.3116,42.6181],[9.3232,42.617],[9.3293,42.6125],[9.3498,42.6039],[9.3631,42.5921],[9.3498,42.5862],[9.3467,42.582],[9.3318,42.5899],[9.3278,42.5958],[9.3156,42.5993],[9.3188,42.6101],[9.3116,42.6181]]]}},{"type":"Feature","properties":{"code":"2B226","nom":"Pietraserena","app":11.65,"app_bas":9.27,"app_haut":14.65,"app_ech":"maille","app_obs":0,"mai":11.53,"mai_bas":9.02,"mai_haut":14.75,"mai_ech":"maille","mai_obs":0,"a12":13.2,"a3":10.66},"geometry":{"type":"Polygon","coordinates":[[[9.3602,42.2449],[9.3611,42.2397],[9.3729,42.2345],[9.3817,42.234],[9.3806,42.2295],[9.3716,42.2282],[9.3641,42.2237],[9.3475,42.2177],[9.342,42.2245],[9.3404,42.2332],[9.3423,42.2454],[9.3386,42.2507],[9.3502,42.2506],[9.3602,42.2449]]]}},{"type":"Feature","properties":{"code":"2B236","nom":"Poggio-di-Nazza","app":11.84,"app_bas":9.72,"app_haut":14.41,"app_ech":"maille","app_obs":3,"mai":11.17,"mai_bas":8.72,"mai_haut":14.31,"mai_ech":"maille","mai_obs":0,"a12":13.2,"a3":10.66},"geometry":{"type":"Polygon","coordinates":[[[9.3165,42.0355],[9.3025,42.0317],[9.2793,42.0347],[9.2586,42.0457],[9.2413,42.0483],[9.2278,42.0448],[9.2297,42.0592],[9.2379,42.0728],[9.2606,42.0721],[9.2755,42.0764],[9.2843,42.0705],[9.2951,42.0688],[9.3166,42.0606],[9.3378,42.0588],[9.3559,42.0502],[9.3669,42.0488],[9.3666,42.0347],[9.3617,42.0367],[9.3495,42.0361],[9.333,42.0377],[9.3165,42.0355]]]}},{"type":"Feature","properties":{"code":"2B296","nom":"Sant'Antonino","app":12.69,"app_bas":9.84,"app_haut":16.35,"app_ech":"maille","app_obs":2,"mai":12.38,"mai_bas":8.82,"mai_haut":17.38,"mai_ech":"epci","mai_obs":2,"a12":13.98,"a3":12.06},"geometry":{"type":"Polygon","coordinates":[[[8.8946,42.5946],[8.9057,42.5941],[8.9169,42.5983],[8.9152,42.5877],[8.9247,42.5812],[8.9188,42.5746],[8.8985,42.5742],[8.8946,42.5946]]]}},{"type":"Feature","properties":{"code":"2B317","nom":"Santa-Reparata-di-Moriani","app":11.22,"app_bas":9.45,"app_haut":13.33,"app_ech":"maille","app_obs":1,"mai":8.8,"mai_bas":6.91,"mai_haut":11.21,"mai_ech":"maille","mai_obs":1,"a12":13.98,"a3":9.06},"geometry":{"type":"Polygon","coordinates":[[[9.4451,42.3404],[9.4398,42.3492],[9.4299,42.355],[9.4326,42.3641],[9.4451,42.3676],[9.453,42.3666],[9.4665,42.3579],[9.4799,42.3525],[9.4799,42.3417],[9.4785,42.3372],[9.4696,42.3345],[9.4582,42.3388],[9.4451,42.3404]]]}},{"type":"Feature","properties":{"code":"2B012","nom":"Altiani","app":11.65,"app_bas":9.27,"app_haut":14.65,"app_ech":"maille","app_obs":1,"mai":11.53,"mai_bas":9.02,"mai_haut":14.75,"mai_ech":"maille","mai_obs":2,"a12":16.94,"a3":10.3},"geometry":{"type":"Polygon","coordinates":[[[9.2918,42.1992],[9.2805,42.1961],[9.2608,42.1976],[9.2419,42.2182],[9.2452,42.228],[9.2578,42.2268],[9.2687,42.228],[9.2815,42.2419],[9.2913,42.2441],[9.3114,42.2445],[9.3061,42.218],[9.293,42.209],[9.2918,42.1992]]]}},{"type":"Feature","properties":{"code":"2B301","nom":"San-Gavino-di-Tenda","app":11.74,"app_bas":9.49,"app_haut":14.52,"app_ech":"maille","app_obs":0,"mai":9.72,"mai_bas":6.93,"mai_haut":13.64,"mai_ech":"maille","mai_obs":0,"a12":14.89,"a3":10.96},"geometry":{"type":"Polygon","coordinates":[[[9.0622,42.6939],[9.0717,42.6934],[9.0797,42.7008],[9.0858,42.7146],[9.1004,42.7156],[9.1174,42.7038],[9.1291,42.6986],[9.1354,42.693],[9.1293,42.6862],[9.134,42.6802],[9.1445,42.6746],[9.1596,42.6587],[9.1705,42.6426],[9.2002,42.621],[9.236,42.602],[9.2466,42.5985],[9.2633,42.6014],[9.2814,42.6093],[9.2975,42.614],[9.2902,42.6034],[9.2824,42.5966],[9.2705,42.5907],[9.2486,42.5931],[9.2154,42.585],[9.2102,42.586],[9.2095,42.5946],[9.2029,42.6045],[9.1962,42.607],[9.1768,42.6197],[9.1676,42.6312],[9.1487,42.6398],[9.1352,42.6444],[9.1212,42.6582],[9.107,42.6556],[9.0936,42.6593],[9.0847,42.6769],[9.0806,42.6807],[9.0689,42.6848],[9.0622,42.6939]]]}},{"type":"Feature","properties":{"code":"2B314","nom":"Santo-Pietro-di-Tenda","app":11.74,"app_bas":9.49,"app_haut":14.52,"app_ech":"maille","app_obs":1,"mai":9.72,"mai_bas":6.93,"mai_haut":13.64,"mai_ech":"maille","mai_obs":0,"a12":14.89,"a3":10.96},"geometry":{"type":"Polygon","coordinates":[[[9.2658,42.6667],[9.2615,42.6614],[9.2644,42.6523],[9.2721,42.642],[9.2796,42.6364],[9.2975,42.614],[9.2814,42.6093],[9.2633,42.6014],[9.2466,42.5985],[9.236,42.602],[9.2002,42.621],[9.1705,42.6426],[9.1596,42.6587],[9.1445,42.6746],[9.134,42.6802],[9.1293,42.6862],[9.1354,42.693],[9.1291,42.6986],[9.1174,42.7038],[9.1004,42.7156],[9.106,42.7241],[9.118,42.7265],[9.1246,42.7316],[9.1361,42.7302],[9.1618,42.7365],[9.1669,42.7366],[9.1882,42.7273],[9.2038,42.7263],[9.2176,42.7342],[9.2246,42.732],[9.234,42.7199],[9.23,42.7186],[9.2334,42.7057],[9.2381,42.7002],[9.2534,42.6968],[9.2621,42.6923],[9.2587,42.6791],[9.2659,42.6703],[9.2658,42.6667]]]}},{"type":"Feature","properties":{"code":"2B315","nom":"Santo-Pietro-di-Venaco","app":11.65,"app_bas":9.27,"app_haut":14.65,"app_ech":"maille","app_obs":26,"mai":9.72,"mai_bas":6.93,"mai_haut":13.64,"mai_ech":"maille","mai_obs":12,"a12":13.2,"a3":10.66},"geometry":{"type":"Polygon","coordinates":[[[9.229,42.2406],[9.2152,42.2356],[9.1879,42.2375],[9.1787,42.2421],[9.1416,42.2385],[9.1237,42.2389],[9.131,42.247],[9.1524,42.257],[9.164,42.2555],[9.1773,42.2505],[9.178,42.2438],[9.1869,42.2402],[9.1994,42.2433],[9.2101,42.2408],[9.22,42.2426],[9.229,42.2406]]]}},{"type":"Feature","properties":{"code":"2B311","nom":"Santa-Maria-Poggio","app":12.62,"app_bas":10.43,"app_haut":15.27,"app_ech":"maille","app_obs":26,"mai":11.53,"mai_bas":9.02,"mai_haut":14.75,"mai_ech":"maille","mai_obs":21,"a12":13.2,"a3":9.06},"geometry":{"type":"Polygon","coordinates":[[[9.4799,42.3417],[9.4799,42.3525],[9.4821,42.3555],[9.4975,42.3612],[9.5114,42.3613],[9.5351,42.3589],[9.5372,42.3452],[9.5404,42.3373],[9.5298,42.3418],[9.5035,42.3396],[9.4799,42.3417]]]}},{"type":"Feature","properties":{"code":"2B202","nom":"Parata","app":12.62,"app_bas":10.43,"app_haut":15.27,"app_ech":"maille","app_obs":0,"mai":8.8,"mai_bas":6.91,"mai_haut":11.21,"mai_ech":"maille","mai_obs":0,"a12":13.32,"a3":9.06},"geometry":{"type":"Polygon","coordinates":[[[9.4299,42.355],[9.4146,42.3652],[9.4029,42.3695],[9.4019,42.3731],[9.4148,42.3756],[9.4265,42.3727],[9.4326,42.3641],[9.4299,42.355]]]}},{"type":"Feature","properties":{"code":"2B280","nom":"Silvareccio","app":10.99,"app_bas":9.37,"app_haut":12.9,"app_ech":"maille","app_obs":1,"mai":8.8,"mai_bas":6.91,"mai_haut":11.21,"mai_ech":"maille","mai_obs":3,"a12":13.32,"a3":9.78},"geometry":{"type":"Polygon","coordinates":[[[9.435,42.4408],[9.4225,42.4391],[9.4188,42.4436],[9.4085,42.4473],[9.397,42.4548],[9.4083,42.4634],[9.4331,42.4619],[9.4356,42.4642],[9.4361,42.4605],[9.4272,42.4555],[9.4269,42.4496],[9.435,42.4408]]]}},{"type":"Feature","properties":{"code":"2B110","nom":"Favalello","app":11.65,"app_bas":9.27,"app_haut":14.65,"app_ech":"maille","app_obs":0,"mai":8.8,"mai_bas":6.91,"mai_haut":11.21,"mai_ech":"maille","mai_obs":0,"a12":16.94,"a3":10.3},"geometry":{"type":"Polygon","coordinates":[[[9.2466,42.2906],[9.2677,42.2974],[9.2745,42.3022],[9.2803,42.2955],[9.2743,42.292],[9.2608,42.2895],[9.2555,42.2813],[9.246,42.2746],[9.2312,42.2775],[9.2226,42.2893],[9.2288,42.2956],[9.2365,42.2895],[9.2466,42.2906]]]}},{"type":"Feature","properties":{"code":"2B251","nom":"Prunelli-di-Fiumorbo","app":12.93,"app_bas":10.61,"app_haut":15.76,"app_ech":"commune","app_obs":221,"mai":13.18,"mai_bas":10.28,"mai_haut":16.88,"mai_ech":"commune","mai_obs":156,"a12":13.2,"a3":12.57},"geometry":{"type":"Polygon","coordinates":[[[9.3165,42.0355],[9.333,42.0377],[9.3495,42.0361],[9.3617,42.0367],[9.3666,42.0347],[9.3692,42.0266],[9.3797,42.0169],[9.3873,42.0156],[9.4028,42.0088],[9.4204,42.004],[9.4238,42.0002],[9.4414,41.9896],[9.4399,41.9877],[9.427,41.979],[9.4163,41.9761],[9.3997,41.9757],[9.3927,41.9776],[9.3859,41.9843],[9.3822,41.9934],[9.3739,42],[9.3617,41.9958],[9.3522,41.9954],[9.3364,41.998],[9.3236,41.996],[9.3165,41.9965],[9.312,42.0011],[9.3095,42.0156],[9.3105,42.0228],[9.3165,42.0355]]]}},{"type":"Feature","properties":{"code":"2B307","nom":"Santa-Lucia-di-Moriani","app":13.25,"app_bas":10.94,"app_haut":16.05,"app_ech":"commune","app_obs":145,"mai":11.53,"mai_bas":9.02,"mai_haut":14.75,"mai_ech":"maille","mai_obs":54,"a12":13.98,"a3":9.78},"geometry":{"type":"Polygon","coordinates":[[[9.4872,42.3736],[9.4825,42.3763],[9.4887,42.3891],[9.4984,42.3871],[9.5192,42.3939],[9.5352,42.394],[9.5326,42.379],[9.5235,42.3771],[9.5154,42.3792],[9.5034,42.3779],[9.4962,42.3739],[9.4872,42.3736]]]}},{"type":"Feature","properties":{"code":"2B289","nom":"Soveria","app":10.9,"app_bas":8.65,"app_haut":13.75,"app_ech":"maille","app_obs":10,"mai":9.72,"mai_bas":6.93,"mai_haut":13.64,"mai_ech":"maille","mai_obs":1,"a12":13.2,"a3":9.06},"geometry":{"type":"Polygon","coordinates":[[[9.1933,42.358],[9.1913,42.3536],[9.1766,42.3475],[9.1581,42.3468],[9.1539,42.3399],[9.1428,42.3439],[9.1245,42.341],[9.1131,42.3376],[9.1093,42.3292],[9.0932,42.3234],[9.0937,42.3318],[9.0982,42.3357],[9.1071,42.3399],[9.1168,42.3499],[9.1455,42.353],[9.1474,42.3585],[9.166,42.3711],[9.1788,42.3628],[9.1933,42.358]]]}},{"type":"Feature","properties":{"code":"2B297","nom":"San-Damiano","app":10.9,"app_bas":8.65,"app_haut":13.75,"app_ech":"maille","app_obs":0,"mai":11.53,"mai_bas":9.02,"mai_haut":14.75,"mai_ech":"maille","mai_obs":0,"a12":13.32,"a3":9.78},"geometry":{"type":"Polygon","coordinates":[[[9.4243,42.3913],[9.4121,42.401],[9.3975,42.402],[9.3919,42.4043],[9.389,42.4086],[9.3901,42.4161],[9.4145,42.4169],[9.419,42.4104],[9.4269,42.4066],[9.4389,42.4077],[9.4464,42.404],[9.4267,42.3947],[9.4243,42.3913]]]}},{"type":"Feature","properties":{"code":"2B102","nom":"Crocicchia","app":10.99,"app_bas":9.37,"app_haut":12.9,"app_ech":"maille","app_obs":1,"mai":8.8,"mai_bas":6.91,"mai_haut":11.21,"mai_ech":"maille","mai_obs":0,"a12":13.32,"a3":9.78},"geometry":{"type":"Polygon","coordinates":[[[9.3647,42.4696],[9.3461,42.463],[9.333,42.4659],[9.3401,42.4759],[9.3407,42.4836],[9.3435,42.4801],[9.3558,42.4795],[9.3703,42.4846],[9.3722,42.4788],[9.3647,42.4696]]]}},{"type":"Feature","properties":{"code":"2B107","nom":"Ersa","app":12.05,"app_bas":9.76,"app_haut":14.87,"app_ech":"maille","app_obs":0,"mai":11.06,"mai_bas":8.06,"mai_haut":15.18,"mai_ech":"maille","mai_obs":2,"a12":14.89,"a3":11.22},"geometry":{"type":"Polygon","coordinates":[[[9.3436,42.9977],[9.359,43.0067],[9.3729,43.0048],[9.3799,43.0082],[9.4046,43.0056],[9.4126,42.9874],[9.4124,42.9781],[9.3935,42.9583],[9.3876,42.9575],[9.3795,42.9676],[9.3657,42.9739],[9.3436,42.9977]]]}},{"type":"Feature","properties":{"code":"2B171","nom":"Muracciole","app":14.6,"app_bas":11.37,"app_haut":18.74,"app_ech":"maille","app_obs":0,"mai":11.17,"mai_bas":8.72,"mai_haut":14.31,"mai_ech":"maille","mai_obs":0,"a12":16.94,"a3":10.3},"geometry":{"type":"Polygon","coordinates":[[[9.1744,42.1993],[9.186,42.1971],[9.19,42.194],[9.1942,42.1837],[9.2042,42.1749],[9.2193,42.1655],[9.2196,42.163],[9.2163,42.1619],[9.2006,42.1487],[9.1801,42.1406],[9.1727,42.1469],[9.1796,42.1719],[9.1682,42.1932],[9.1744,42.1993]]]}},{"type":"Feature","properties":{"code":"2B214","nom":"Piano","app":11.22,"app_bas":9.45,"app_haut":13.33,"app_ech":"maille","app_obs":0,"mai":11.53,"mai_bas":9.02,"mai_haut":14.75,"mai_ech":"maille","mai_obs":0,"a12":13.32,"a3":9.78},"geometry":{"type":"Polygon","coordinates":[[[9.397,42.4548],[9.4085,42.4473],[9.4046,42.4428],[9.4046,42.4307],[9.3965,42.4268],[9.3891,42.4382],[9.3841,42.4415],[9.397,42.4548]]]}},{"type":"Feature","properties":{"code":"2B233","nom":"Pino","app":12.05,"app_bas":9.76,"app_haut":14.87,"app_ech":"maille","app_obs":0,"mai":11.06,"mai_bas":8.06,"mai_haut":15.18,"mai_ech":"maille","mai_obs":0,"a12":14.89,"a3":11.22},"geometry":{"type":"Polygon","coordinates":[[[9.377,42.9115],[9.3623,42.8968],[9.3608,42.8896],[9.3568,42.8895],[9.3264,42.9012],[9.3345,42.9067],[9.3538,42.9162],[9.3595,42.9229],[9.3644,42.9177],[9.377,42.9115]]]}},{"type":"Feature","properties":{"code":"2B316","nom":"Santa-Reparata-di-Balagna","app":12.69,"app_bas":9.84,"app_haut":16.35,"app_ech":"maille","app_obs":54,"mai":9.72,"mai_bas":6.93,"mai_haut":13.64,"mai_ech":"maille","mai_obs":10,"a12":16.48,"a3":12.06},"geometry":{"type":"Polygon","coordinates":[[[8.9189,42.6023],[8.9183,42.6126],[8.9234,42.6261],[8.9353,42.6221],[8.9411,42.6124],[8.9524,42.6025],[8.9492,42.5874],[8.9247,42.5812],[8.9152,42.5877],[8.9169,42.5983],[8.9189,42.6023]]]}},{"type":"Feature","properties":{"code":"2B309","nom":"Santa-Maria-di-Lota","app":16.31,"app_bas":12.87,"app_haut":20.67,"app_ech":"commune","app_obs":115,"mai":11.06,"mai_bas":8.06,"mai_haut":15.18,"mai_ech":"maille","mai_obs":23,"a12":14.89,"a3":11.22},"geometry":{"type":"Polygon","coordinates":[[[9.415,42.7726],[9.4264,42.7641],[9.4513,42.7537],[9.4684,42.7528],[9.4613,42.7402],[9.4228,42.7437],[9.4202,42.7407],[9.4085,42.7382],[9.3954,42.7405],[9.3881,42.7479],[9.3881,42.7509],[9.4011,42.7588],[9.415,42.7726]]]}},{"type":"Feature","properties":{"code":"2B033","nom":"Bastia","app":13.65,"app_bas":11.18,"app_haut":16.65,"app_ech":"commune","app_obs":4728,"mai":12.49,"mai_bas":9.11,"mai_haut":17.14,"mai_ech":"commune","mai_obs":111,"a12":16.3,"a3":12.18},"geometry":{"type":"Polygon","coordinates":[[[9.4492,42.6622],[9.4377,42.662],[9.4085,42.6684],[9.3932,42.6746],[9.3941,42.684],[9.4048,42.7048],[9.414,42.7052],[9.4232,42.7085],[9.4369,42.7072],[9.4545,42.7081],[9.4524,42.6935],[9.4464,42.6861],[9.4462,42.6736],[9.4492,42.6622]]]}},{"type":"Feature","properties":{"code":"2B106","nom":"Érone","app":12.62,"app_bas":10.43,"app_haut":15.27,"app_ech":"maille","app_obs":0,"mai":8.8,"mai_bas":6.91,"mai_haut":11.21,"mai_ech":"maille","mai_obs":0,"a12":16.94,"a3":9.06},"geometry":{"type":"Polygon","coordinates":[[[9.2805,42.3639],[9.2514,42.3715],[9.2507,42.376],[9.2589,42.3869],[9.279,42.3787],[9.2805,42.3639]]]}},{"type":"Feature","properties":{"code":"2B352","nom":"Ville-di-Paraso","app":12.69,"app_bas":9.84,"app_haut":16.35,"app_ech":"maille","app_obs":0,"mai":9.72,"mai_bas":6.93,"mai_haut":13.64,"mai_ech":"maille","mai_obs":2,"a12":16.48,"a3":12.06},"geometry":{"type":"Polygon","coordinates":[[[9.0044,42.569],[9.0082,42.5594],[8.9986,42.5488],[8.9882,42.5563],[8.9829,42.564],[8.9823,42.5817],[8.979,42.5852],[8.9751,42.6136],[8.9849,42.6205],[8.9863,42.6129],[8.9978,42.5919],[9,42.5853],[8.9939,42.5765],[8.9968,42.5713],[9.0044,42.569]]]}},{"type":"Feature","properties":{"code":"2B010","nom":"Algajola","app":12.69,"app_bas":9.84,"app_haut":16.35,"app_ech":"maille","app_obs":42,"mai":12.38,"mai_bas":8.82,"mai_haut":17.38,"mai_ech":"epci","mai_obs":2,"a12":16.48,"a3":12.06},"geometry":{"type":"Polygon","coordinates":[[[8.8475,42.6092],[8.8509,42.6106],[8.8674,42.6084],[8.8638,42.6017],[8.8558,42.5976],[8.8475,42.6092]]]}},{"type":"Feature","properties":{"code":"2B042","nom":"Borgo","app":13.68,"app_bas":11.37,"app_haut":16.46,"app_ech":"commune","app_obs":882,"mai":12.21,"mai_bas":9.6,"mai_haut":15.54,"mai_ech":"commune","mai_obs":234,"a12":17.48,"a3":11.98},"geometry":{"type":"Polygon","coordinates":[[[9.3819,42.5601],[9.3829,42.5639],[9.3975,42.5769],[9.4148,42.5865],[9.4285,42.5904],[9.4606,42.597],[9.471,42.6014],[9.4858,42.6134],[9.5162,42.583],[9.5275,42.565],[9.4763,42.5531],[9.4539,42.5518],[9.4396,42.5495],[9.4249,42.5495],[9.4072,42.5518],[9.3957,42.5501],[9.3819,42.5601]]]}},{"type":"Feature","properties":{"code":"2B210","nom":"Pero-Casevecchie","app":11.22,"app_bas":9.45,"app_haut":13.33,"app_ech":"maille","app_obs":0,"mai":8.8,"mai_bas":6.91,"mai_haut":11.21,"mai_ech":"maille","mai_obs":0,"a12":13.32,"a3":9.06},"geometry":{"type":"Polygon","coordinates":[[[9.4806,42.4213],[9.4792,42.4166],[9.4658,42.4054],[9.4577,42.4033],[9.4464,42.404],[9.4567,42.4172],[9.462,42.4303],[9.474,42.428],[9.4806,42.4213]]]}},{"type":"Feature","properties":{"code":"2B343","nom":"Venzolasca","app":11.9,"app_bas":10.16,"app_haut":13.96,"app_ech":"commune","app_obs":133,"mai":8.8,"mai_bas":6.91,"mai_haut":11.21,"mai_ech":"maille","mai_obs":49,"a12":13.32,"a3":9.78},"geometry":{"type":"Polygon","coordinates":[[[9.4422,42.4758],[9.4477,42.4831],[9.4446,42.4866],[9.4486,42.4916],[9.4641,42.4982],[9.4653,42.5009],[9.4909,42.5139],[9.5192,42.5215],[9.5343,42.5233],[9.5296,42.4956],[9.5044,42.4956],[9.4812,42.4886],[9.4744,42.4841],[9.4422,42.4758]]]}},{"type":"Feature","properties":{"code":"2B073","nom":"Casamaccioli","app":11.65,"app_bas":9.27,"app_haut":14.65,"app_ech":"maille","app_obs":0,"mai":11.53,"mai_bas":9.02,"mai_haut":14.75,"mai_ech":"maille","mai_obs":0,"a12":13.98,"a3":10.83},"geometry":{"type":"Polygon","coordinates":[[[8.9266,42.2542],[8.9327,42.2579],[8.954,42.2649],[8.9691,42.2647],[8.9839,42.2762],[8.9854,42.2807],[8.9758,42.2922],[8.9764,42.309],[8.9791,42.3174],[8.9938,42.3242],[9.0056,42.3245],[9.0128,42.3221],[9.0209,42.3147],[9.0296,42.3024],[9.037,42.3015],[9.0388,42.2957],[9.0349,42.293],[9.0367,42.2827],[9.0229,42.2773],[9.0078,42.2595],[8.9973,42.2504],[8.9915,42.2428],[8.9796,42.2407],[8.9724,42.2418],[8.9543,42.2525],[8.9324,42.2554],[8.9266,42.2542]]]}},{"type":"Feature","properties":{"code":"2B096","nom":"Corte","app":14.13,"app_bas":11.24,"app_haut":17.77,"app_ech":"commune","app_obs":1042,"mai":9.72,"mai_bas":6.93,"mai_haut":13.64,"mai_ech":"maille","mai_obs":34,"a12":18.54,"a3":11.81},"geometry":{"type":"Polygon","coordinates":[[[9.0932,42.3234],[9.1093,42.3292],[9.1131,42.3376],[9.1245,42.341],[9.1428,42.3439],[9.1539,42.3399],[9.1571,42.3344],[9.1723,42.3283],[9.1722,42.3207],[9.18,42.3182],[9.1944,42.3225],[9.1895,42.3036],[9.1891,42.2966],[9.1964,42.2878],[9.2057,42.2848],[9.1798,42.2751],[9.1564,42.2749],[9.1444,42.2766],[9.1356,42.2683],[9.1309,42.2589],[9.1252,42.2555],[9.12,42.2473],[9.1237,42.2389],[9.1159,42.2298],[9.0985,42.2256],[9.0866,42.2152],[9.0694,42.2077],[9.0575,42.2158],[9.0521,42.2159],[9.0457,42.2077],[9.0298,42.2048],[9.0065,42.2087],[9.0059,42.2123],[8.9915,42.2166],[8.9836,42.2252],[8.9798,42.224],[8.973,42.2326],[8.9471,42.2342],[8.9401,42.2372],[8.9331,42.2504],[8.9266,42.2542],[8.9324,42.2554],[8.9543,42.2525],[8.9724,42.2418],[8.9796,42.2407],[8.9915,42.2428],[8.9973,42.2504],[9.0078,42.2595],[9.0229,42.2773],[9.0367,42.2827],[9.0349,42.293],[9.056,42.3048],[9.0759,42.3138],[9.0848,42.3085],[9.0936,42.3208],[9.0932,42.3234]]]}},{"type":"Feature","properties":{"code":"2B150","nom":"Lumio","app":12.69,"app_bas":9.84,"app_haut":16.35,"app_ech":"maille","app_obs":47,"mai":12.38,"mai_bas":8.82,"mai_haut":17.38,"mai_ech":"epci","mai_obs":7,"a12":16.48,"a3":12.06},"geometry":{"type":"Polygon","coordinates":[[[8.7965,42.565],[8.8041,42.5699],[8.8047,42.5765],[8.8002,42.5824],[8.8111,42.5897],[8.8089,42.5991],[8.8026,42.6026],[8.8235,42.6062],[8.8343,42.6017],[8.8475,42.6092],[8.8558,42.5976],[8.8531,42.5907],[8.8404,42.581],[8.8445,42.5697],[8.8501,42.565],[8.8452,42.5649],[8.833,42.5554],[8.8207,42.5513],[8.8101,42.5533],[8.7965,42.565]]]}},{"type":"Feature","properties":{"code":"2B332","nom":"Urtaca","app":12.36,"app_bas":10.27,"app_haut":14.88,"app_ech":"maille","app_obs":0,"mai":9.72,"mai_bas":6.93,"mai_haut":13.64,"mai_ech":"maille","mai_obs":4,"a12":16.48,"a3":10.96},"geometry":{"type":"Polygon","coordinates":[[[9.2095,42.5946],[9.1658,42.5907],[9.1399,42.5959],[9.1348,42.6076],[9.1245,42.6151],[9.1151,42.6248],[9.1013,42.636],[9.0963,42.6459],[9.107,42.6556],[9.1212,42.6582],[9.1352,42.6444],[9.1487,42.6398],[9.1676,42.6312],[9.1768,42.6197],[9.1962,42.607],[9.2029,42.6045],[9.2095,42.5946]]]}},{"type":"Feature","properties":{"code":"2B192","nom":"Olmo","app":10.99,"app_bas":9.37,"app_haut":12.9,"app_ech":"maille","app_obs":0,"mai":8.8,"mai_bas":6.91,"mai_haut":11.21,"mai_ech":"maille","mai_obs":1,"a12":13.32,"a3":9.78},"geometry":{"type":"Polygon","coordinates":[[[9.3837,42.4998],[9.3957,42.4948],[9.4008,42.4958],[9.4059,42.5034],[9.4218,42.5096],[9.4284,42.5141],[9.4389,42.5166],[9.4397,42.5107],[9.4247,42.5007],[9.4174,42.4977],[9.4056,42.4891],[9.399,42.4868],[9.3872,42.4936],[9.3837,42.4998]]]}},{"type":"Feature","properties":{"code":"2B199","nom":"Palasca","app":11.74,"app_bas":9.49,"app_haut":14.52,"app_ech":"maille","app_obs":9,"mai":9.72,"mai_bas":6.93,"mai_haut":13.64,"mai_ech":"maille","mai_obs":1,"a12":16.48,"a3":10.83},"geometry":{"type":"Polygon","coordinates":[[[9.0414,42.575],[9.0276,42.5926],[9.0261,42.6027],[9.0162,42.6112],[9.0177,42.6198],[9.0238,42.6285],[9.0217,42.6389],[9.0176,42.6426],[9.0275,42.6521],[9.035,42.655],[9.046,42.655],[9.0593,42.6601],[9.0618,42.6651],[9.0538,42.68],[9.0579,42.6839],[9.0574,42.6907],[9.0622,42.6939],[9.0689,42.6848],[9.0806,42.6807],[9.0847,42.6769],[9.0936,42.6593],[9.107,42.6556],[9.0891,42.6395],[9.0883,42.6247],[9.0753,42.6101],[9.0748,42.6002],[9.0704,42.5836],[9.0746,42.579],[9.0625,42.5806],[9.0414,42.575]]]}},{"type":"Feature","properties":{"code":"2B220","nom":"Piedigriggio","app":10.9,"app_bas":8.65,"app_haut":13.75,"app_ech":"maille","app_obs":15,"mai":11.53,"mai_bas":9.02,"mai_haut":14.75,"mai_ech":"maille","mai_obs":0,"a12":13.32,"a3":9.06},"geometry":{"type":"Polygon","coordinates":[[[9.2028,42.4274],[9.1841,42.4334],[9.1693,42.4412],[9.1562,42.4429],[9.1499,42.452],[9.1654,42.4636],[9.1765,42.4593],[9.1983,42.4573],[9.2036,42.4528],[9.2015,42.445],[9.2091,42.4332],[9.2028,42.4274]]]}},{"type":"Feature","properties":{"code":"2B051","nom":"Cambia","app":10.9,"app_bas":8.65,"app_haut":13.75,"app_ech":"maille","app_obs":1,"mai":11.53,"mai_bas":9.02,"mai_haut":14.75,"mai_ech":"maille","mai_obs":1,"a12":13.2,"a3":9.06},"geometry":{"type":"Polygon","coordinates":[[[9.2805,42.3639],[9.279,42.3787],[9.307,42.3797],[9.3207,42.3753],[9.3249,42.3766],[9.3253,42.3681],[9.3287,42.3626],[9.3139,42.3614],[9.3049,42.3545],[9.2948,42.3589],[9.2791,42.3606],[9.2805,42.3639]]]}},{"type":"Feature","properties":{"code":"2B054","nom":"Campile","app":10.99,"app_bas":9.37,"app_haut":12.9,"app_ech":"maille","app_obs":3,"mai":8.8,"mai_bas":6.91,"mai_haut":11.21,"mai_ech":"maille","mai_obs":1,"a12":13.32,"a3":9.78},"geometry":{"type":"Polygon","coordinates":[[[9.3407,42.4836],[9.3409,42.4858],[9.3295,42.5059],[9.335,42.506],[9.3484,42.5106],[9.365,42.5051],[9.3846,42.5099],[9.3703,42.4846],[9.3558,42.4795],[9.3435,42.4801],[9.3407,42.4836]]]}},{"type":"Feature","properties":{"code":"2B122","nom":"Gavignano","app":12.62,"app_bas":10.43,"app_haut":15.27,"app_ech":"maille","app_obs":0,"mai":11.53,"mai_bas":9.02,"mai_haut":14.75,"mai_ech":"maille","mai_obs":0,"a12":13.32,"a3":9.06},"geometry":{"type":"Polygon","coordinates":[[[9.3242,42.405],[9.3259,42.4022],[9.2958,42.4077],[9.283,42.4083],[9.2704,42.4147],[9.2651,42.4149],[9.2425,42.4246],[9.2314,42.4241],[9.2173,42.4281],[9.2091,42.4332],[9.2015,42.445],[9.2195,42.444],[9.2256,42.4365],[9.2389,42.4351],[9.2492,42.431],[9.2525,42.4249],[9.2894,42.4213],[9.3242,42.405]]]}},{"type":"Feature","properties":{"code":"2B036","nom":"Bigorno","app":12.36,"app_bas":10.27,"app_haut":14.88,"app_ech":"maille","app_obs":0,"mai":8.8,"mai_bas":6.91,"mai_haut":11.21,"mai_ech":"maille","mai_obs":0,"a12":16.48,"a3":9.06},"geometry":{"type":"Polygon","coordinates":[[[9.2944,42.5519],[9.3012,42.5514],[9.3213,42.5444],[9.3219,42.5418],[9.3132,42.5322],[9.3103,42.5253],[9.3096,42.5125],[9.3113,42.5056],[9.3062,42.5027],[9.2942,42.5168],[9.2881,42.5326],[9.2896,42.5492],[9.2944,42.5519]]]}},{"type":"Feature","properties":{"code":"2B063","nom":"Carcheto-Brustico","app":11.22,"app_bas":9.45,"app_haut":13.33,"app_ech":"maille","app_obs":0,"mai":11.53,"mai_bas":9.02,"mai_haut":14.75,"mai_ech":"maille","mai_obs":0,"a12":13.98,"a3":9.06},"geometry":{"type":"Polygon","coordinates":[[[9.3393,42.3421],[9.3449,42.3473],[9.3476,42.3558],[9.3648,42.3713],[9.375,42.3696],[9.3789,42.3653],[9.3715,42.3534],[9.3729,42.3471],[9.3614,42.3455],[9.3442,42.3392],[9.3393,42.3421]]]}},{"type":"Feature","properties":{"code":"2B083","nom":"Castirla","app":10.9,"app_bas":8.65,"app_haut":13.75,"app_ech":"maille","app_obs":6,"mai":9.72,"mai_bas":6.93,"mai_haut":13.64,"mai_ech":"maille","mai_obs":1,"a12":13.2,"a3":10.83},"geometry":{"type":"Polygon","coordinates":[[[9.1518,42.3955],[9.1649,42.3942],[9.1657,42.3877],[9.1597,42.3798],[9.166,42.3711],[9.1474,42.3585],[9.1455,42.353],[9.1168,42.3499],[9.1071,42.3399],[9.0982,42.3357],[9.0852,42.3473],[9.0856,42.3555],[9.0906,42.3626],[9.1017,42.3708],[9.1121,42.3876],[9.1237,42.3918],[9.1351,42.3897],[9.1518,42.3955]]]}},{"type":"Feature","properties":{"code":"2B274","nom":"Scolca","app":10.99,"app_bas":9.37,"app_haut":12.9,"app_ech":"maille","app_obs":1,"mai":8.8,"mai_bas":6.91,"mai_haut":11.21,"mai_ech":"maille","mai_obs":3,"a12":13.32,"a3":9.06},"geometry":{"type":"Polygon","coordinates":[[[9.3667,42.5554],[9.3751,42.556],[9.372,42.5469],[9.3777,42.5338],[9.3913,42.522],[9.3798,42.5246],[9.3687,42.5229],[9.3595,42.5261],[9.346,42.545],[9.3436,42.5501],[9.3667,42.5554]]]}},{"type":"Feature","properties":{"code":"2B320","nom":"Tallone","app":10.9,"app_bas":8.65,"app_haut":13.75,"app_ech":"maille","app_obs":5,"mai":11.17,"mai_bas":8.72,"mai_haut":14.31,"mai_ech":"maille","mai_obs":4,"a12":13.2,"a3":10.66},"geometry":{"type":"Polygon","coordinates":[[[9.4728,42.2212],[9.4698,42.2127],[9.4829,42.1893],[9.5034,42.181],[9.5145,42.1689],[9.5439,42.1643],[9.5467,42.1585],[9.5544,42.1568],[9.5562,42.1427],[9.544,42.1437],[9.5392,42.1332],[9.5309,42.1308],[9.5199,42.136],[9.4908,42.1423],[9.4749,42.1407],[9.4612,42.1453],[9.4542,42.1502],[9.4407,42.1623],[9.4329,42.1744],[9.428,42.1861],[9.4207,42.1955],[9.4198,42.2016],[9.407,42.2089],[9.3994,42.2154],[9.3881,42.2212],[9.3836,42.2274],[9.3847,42.2331],[9.4109,42.2492],[9.4466,42.2234],[9.456,42.2243],[9.4633,42.2283],[9.4728,42.2212]]]}},{"type":"Feature","properties":{"code":"2B263","nom":"Rospigliani","app":11.65,"app_bas":9.27,"app_haut":14.65,"app_ech":"maille","app_obs":0,"mai":11.53,"mai_bas":9.02,"mai_haut":14.75,"mai_ech":"maille","mai_obs":0,"a12":16.94,"a3":10.3},"geometry":{"type":"Polygon","coordinates":[[[9.2419,42.2182],[9.2608,42.1976],[9.2491,42.1851],[9.2311,42.1774],[9.2193,42.1655],[9.2169,42.1773],[9.2249,42.1932],[9.23,42.2067],[9.2419,42.2182]]]}},{"type":"Feature","properties":{"code":"2B319","nom":"Talasani","app":11.22,"app_bas":9.45,"app_haut":13.33,"app_ech":"maille","app_obs":16,"mai":11.53,"mai_bas":9.02,"mai_haut":14.75,"mai_ech":"maille","mai_obs":20,"a12":13.98,"a3":9.78},"geometry":{"type":"Polygon","coordinates":[[[9.5434,42.4279],[9.5382,42.412],[9.5251,42.4129],[9.5136,42.4161],[9.5045,42.4101],[9.4923,42.4085],[9.4858,42.4019],[9.4769,42.4033],[9.4718,42.4105],[9.4792,42.4166],[9.4806,42.4213],[9.5166,42.4287],[9.5216,42.4311],[9.5434,42.4279]]]}},{"type":"Feature","properties":{"code":"2B335","nom":"Valle-di-Campoloro","app":12.62,"app_bas":10.43,"app_haut":15.27,"app_ech":"maille","app_obs":5,"mai":11.53,"mai_bas":9.02,"mai_haut":14.75,"mai_ech":"maille","mai_obs":1,"a12":13.2,"a3":10.66},"geometry":{"type":"Polygon","coordinates":[[[9.5425,42.3286],[9.498,42.3317],[9.4785,42.3372],[9.4799,42.3417],[9.5035,42.3396],[9.5298,42.3418],[9.5404,42.3373],[9.5425,42.3286]]]}},{"type":"Feature","properties":{"code":"2B241","nom":"Poggio-Marinaccio","app":11.74,"app_bas":9.49,"app_haut":14.52,"app_ech":"maille","app_obs":0,"mai":8.8,"mai_bas":6.91,"mai_haut":11.21,"mai_ech":"maille","mai_obs":1,"a12":13.32,"a3":9.78},"geometry":{"type":"Polygon","coordinates":[[[9.3276,42.4439],[9.3419,42.4377],[9.3561,42.44],[9.3601,42.4433],[9.3671,42.4369],[9.3732,42.4384],[9.3738,42.4358],[9.3568,42.4314],[9.331,42.4322],[9.3264,42.4351],[9.3276,42.4439]]]}},{"type":"Feature","properties":{"code":"2B299","nom":"San-Gavino-d'Ampugnani","app":11.22,"app_bas":9.45,"app_haut":13.33,"app_ech":"maille","app_obs":0,"mai":8.8,"mai_bas":6.91,"mai_haut":11.21,"mai_ech":"maille","mai_obs":0,"a12":13.32,"a3":9.78},"geometry":{"type":"Polygon","coordinates":[[[9.4313,42.4263],[9.434,42.4124],[9.4389,42.4077],[9.4269,42.4066],[9.419,42.4104],[9.4145,42.4169],[9.4177,42.4279],[9.4313,42.4263]]]}},{"type":"Feature","properties":{"code":"2B304","nom":"San-Lorenzo","app":10.9,"app_bas":8.65,"app_haut":13.75,"app_ech":"maille","app_obs":0,"mai":9.72,"mai_bas":6.93,"mai_haut":13.64,"mai_ech":"maille","mai_obs":1,"a12":13.2,"a3":9.06},"geometry":{"type":"Polygon","coordinates":[[[9.3249,42.3766],[9.3207,42.3753],[9.307,42.3797],[9.279,42.3787],[9.2589,42.3869],[9.257,42.392],[9.2596,42.3974],[9.2562,42.4031],[9.272,42.4044],[9.276,42.4004],[9.2935,42.3946],[9.3115,42.3922],[9.3267,42.3962],[9.3268,42.3912],[9.3203,42.3855],[9.3249,42.3766]]]}},{"type":"Feature","properties":{"code":"2B338","nom":"Valle-d'Orezza","app":11.22,"app_bas":9.45,"app_haut":13.33,"app_ech":"maille","app_obs":0,"mai":8.8,"mai_bas":6.91,"mai_haut":11.21,"mai_ech":"maille","mai_obs":0,"a12":13.32,"a3":9.06},"geometry":{"type":"Polygon","coordinates":[[[9.3816,42.3649],[9.3935,42.3729],[9.4019,42.3731],[9.4029,42.3695],[9.4146,42.3652],[9.4299,42.355],[9.4143,42.3579],[9.4104,42.3559],[9.3922,42.3539],[9.3901,42.3607],[9.3816,42.3649]]]}},{"type":"Feature","properties":{"code":"2B137","nom":"Lano","app":12.62,"app_bas":10.43,"app_haut":15.27,"app_ech":"maille","app_obs":0,"mai":8.8,"mai_bas":6.91,"mai_haut":11.21,"mai_ech":"maille","mai_obs":0,"a12":16.94,"a3":9.06},"geometry":{"type":"Polygon","coordinates":[[[9.257,42.392],[9.2589,42.3869],[9.2507,42.376],[9.2514,42.3715],[9.2352,42.3597],[9.234,42.3553],[9.2294,42.3587],[9.2262,42.3652],[9.2272,42.3784],[9.223,42.3846],[9.2029,42.3892],[9.209,42.3955],[9.2121,42.3934],[9.2313,42.3908],[9.2401,42.3876],[9.257,42.392]]]}},{"type":"Feature","properties":{"code":"2B157","nom":"Mazzola","app":11.22,"app_bas":9.45,"app_haut":13.33,"app_ech":"maille","app_obs":0,"mai":8.8,"mai_bas":6.91,"mai_haut":11.21,"mai_ech":"maille","mai_obs":0,"a12":16.94,"a3":9.06},"geometry":{"type":"Polygon","coordinates":[[[9.305,42.3014],[9.3245,42.3158],[9.3445,42.3283],[9.339,42.3143],[9.3343,42.2836],[9.305,42.3014]]]}},{"type":"Feature","properties":{"code":"2B273","nom":"Scata","app":11.22,"app_bas":9.45,"app_haut":13.33,"app_ech":"maille","app_obs":0,"mai":11.53,"mai_bas":9.02,"mai_haut":14.75,"mai_ech":"maille","mai_obs":0,"a12":13.32,"a3":9.78},"geometry":{"type":"Polygon","coordinates":[[[9.4177,42.4279],[9.4145,42.4169],[9.3901,42.4161],[9.3965,42.4268],[9.4046,42.4307],[9.4177,42.4279]]]}},{"type":"Feature","properties":{"code":"2B053","nom":"Campi","app":12.62,"app_bas":10.43,"app_haut":15.27,"app_ech":"maille","app_obs":0,"mai":11.53,"mai_bas":9.02,"mai_haut":14.75,"mai_ech":"maille","mai_obs":0,"a12":13.98,"a3":9.06},"geometry":{"type":"Polygon","coordinates":[[[9.4042,42.2627],[9.4108,42.2708],[9.4315,42.2819],[9.444,42.2698],[9.4363,42.2647],[9.4166,42.2607],[9.4096,42.2541],[9.4042,42.2627]]]}},{"type":"Feature","properties":{"code":"2B164","nom":"Monacia-d'Orezza","app":12.62,"app_bas":10.43,"app_haut":15.27,"app_ech":"maille","app_obs":0,"mai":8.8,"mai_bas":6.91,"mai_haut":11.21,"mai_ech":"maille","mai_obs":0,"a12":13.32,"a3":9.06},"geometry":{"type":"Polygon","coordinates":[[[9.3935,42.3729],[9.3874,42.3813],[9.3867,42.3886],[9.3885,42.3899],[9.388,42.3915],[9.4025,42.3914],[9.4125,42.3846],[9.4203,42.3851],[9.427,42.3781],[9.4265,42.3727],[9.4148,42.3756],[9.4019,42.3731],[9.3935,42.3729]]]}},{"type":"Feature","properties":{"code":"2B213","nom":"Pianello","app":10.9,"app_bas":8.65,"app_haut":13.75,"app_ech":"maille","app_obs":0,"mai":11.53,"mai_bas":9.02,"mai_haut":14.75,"mai_ech":"maille","mai_obs":0,"a12":13.2,"a3":9.06},"geometry":{"type":"Polygon","coordinates":[[[9.378,42.2731],[9.3583,42.2723],[9.3412,42.2767],[9.335,42.2799],[9.3343,42.2836],[9.339,42.3143],[9.3445,42.3283],[9.3472,42.3294],[9.3533,42.3277],[9.3582,42.3219],[9.3681,42.3159],[9.3794,42.3042],[9.3791,42.2996],[9.3717,42.2775],[9.378,42.2731]]]}},{"type":"Feature","properties":{"code":"2B086","nom":"Centuri","app":12.05,"app_bas":9.76,"app_haut":14.87,"app_ech":"maille","app_obs":0,"mai":11.06,"mai_bas":8.06,"mai_haut":15.18,"mai_ech":"maille","mai_obs":0,"a12":14.89,"a3":11.22},"geometry":{"type":"Polygon","coordinates":[[[9.3436,42.9977],[9.3657,42.9739],[9.3795,42.9676],[9.3876,42.9575],[9.3935,42.9583],[9.3963,42.9514],[9.3932,42.946],[9.3856,42.9501],[9.3712,42.952],[9.3499,42.9609],[9.3505,42.9683],[9.3421,42.9785],[9.3444,42.9855],[9.3409,42.9945],[9.3436,42.9977]]]}},{"type":"Feature","properties":{"code":"2B217","nom":"Piazzole","app":11.22,"app_bas":9.45,"app_haut":13.33,"app_ech":"maille","app_obs":0,"mai":11.53,"mai_bas":9.02,"mai_haut":14.75,"mai_ech":"maille","mai_obs":0,"a12":13.32,"a3":9.06},"geometry":{"type":"Polygon","coordinates":[[[9.3891,42.3979],[9.3919,42.4043],[9.3975,42.402],[9.4121,42.401],[9.4243,42.3913],[9.4203,42.3851],[9.4125,42.3846],[9.4025,42.3914],[9.388,42.3915],[9.3891,42.3979]]]}},{"type":"Feature","properties":{"code":"2B161","nom":"Moïta","app":10.9,"app_bas":8.65,"app_haut":13.75,"app_ech":"maille","app_obs":0,"mai":11.53,"mai_bas":9.02,"mai_haut":14.75,"mai_ech":"maille","mai_obs":1,"a12":13.98,"a3":9.06},"geometry":{"type":"Polygon","coordinates":[[[9.3958,42.2976],[9.4125,42.2958],[9.4315,42.2819],[9.4108,42.2708],[9.4042,42.2627],[9.3971,42.2661],[9.4013,42.28],[9.3994,42.2912],[9.3958,42.2976]]]}},{"type":"Feature","properties":{"code":"2B291","nom":"Stazzona","app":11.22,"app_bas":9.45,"app_haut":13.33,"app_ech":"maille","app_obs":0,"mai":11.53,"mai_bas":9.02,"mai_haut":14.75,"mai_ech":"maille","mai_obs":0,"a12":13.98,"a3":9.06},"geometry":{"type":"Polygon","coordinates":[[[9.3606,42.3699],[9.3705,42.3735],[9.3754,42.3889],[9.3885,42.3899],[9.381,42.3866],[9.3756,42.3776],[9.375,42.3696],[9.3648,42.3713],[9.3606,42.3699]]]}},{"type":"Feature","properties":{"code":"2B087","nom":"Cervione","app":12.28,"app_bas":10.15,"app_haut":14.87,"app_ech":"commune","app_obs":105,"mai":11.53,"mai_bas":9.02,"mai_haut":14.75,"mai_ech":"maille","mai_obs":32,"a12":13.2,"a3":10.66},"geometry":{"type":"Polygon","coordinates":[[[9.4899,42.3167],[9.4825,42.3231],[9.4735,42.3268],[9.4696,42.3345],[9.4785,42.3372],[9.498,42.3317],[9.5425,42.3286],[9.5505,42.3132],[9.5537,42.2992],[9.5453,42.2998],[9.5346,42.3062],[9.5239,42.3155],[9.5131,42.3188],[9.5038,42.3192],[9.4899,42.3167]]]}},{"type":"Feature","properties":{"code":"2B126","nom":"Giuncaggio","app":11.84,"app_bas":9.72,"app_haut":14.41,"app_ech":"maille","app_obs":0,"mai":11.17,"mai_bas":8.72,"mai_haut":14.31,"mai_ech":"maille","mai_obs":1,"a12":13.2,"a3":10.66},"geometry":{"type":"Polygon","coordinates":[[[9.3641,42.2237],[9.3764,42.2066],[9.3855,42.2016],[9.4011,42.1964],[9.4101,42.184],[9.4237,42.1709],[9.4336,42.1589],[9.4528,42.1439],[9.4419,42.1434],[9.4384,42.1516],[9.4308,42.1544],[9.4186,42.1666],[9.4147,42.1736],[9.4036,42.1819],[9.3951,42.1811],[9.3892,42.1731],[9.3817,42.175],[9.3869,42.181],[9.3841,42.1842],[9.3729,42.1825],[9.355,42.1941],[9.348,42.196],[9.3429,42.208],[9.3475,42.2177],[9.3641,42.2237]]]}},{"type":"Feature","properties":{"code":"2B175","nom":"Nessa","app":13.09,"app_bas":10.54,"app_haut":16.26,"app_ech":"maille","app_obs":2,"mai":9.72,"mai_bas":6.93,"mai_haut":13.64,"mai_ech":"maille","mai_obs":1,"a12":13.98,"a3":10.83},"geometry":{"type":"Polygon","coordinates":[[[8.9658,42.5309],[8.9458,42.5414],[8.9422,42.5504],[8.9432,42.5637],[8.9517,42.5723],[8.958,42.5643],[8.9631,42.5473],[8.9737,42.5378],[8.9658,42.5309]]]}},{"type":"Feature","properties":{"code":"2B180","nom":"Novella","app":11.74,"app_bas":9.49,"app_haut":14.52,"app_ech":"maille","app_obs":4,"mai":11.53,"mai_bas":9.02,"mai_haut":14.75,"mai_ech":"maille","mai_obs":0,"a12":16.48,"a3":10.96},"geometry":{"type":"Polygon","coordinates":[[[9.0942,42.565],[9.0894,42.5728],[9.0746,42.579],[9.0704,42.5836],[9.0748,42.6002],[9.0753,42.6101],[9.0883,42.6247],[9.0891,42.6395],[9.0963,42.6459],[9.1013,42.636],[9.1151,42.6248],[9.1245,42.6151],[9.1348,42.6076],[9.135,42.6],[9.1264,42.5882],[9.1274,42.5791],[9.1338,42.5699],[9.1266,42.5612],[9.0942,42.565]]]}},{"type":"Feature","properties":{"code":"2B081","nom":"Castiglione","app":11.74,"app_bas":9.49,"app_haut":14.52,"app_ech":"maille","app_obs":0,"mai":11.53,"mai_bas":9.02,"mai_haut":14.75,"mai_ech":"maille","mai_obs":0,"a12":13.98,"a3":9.06},"geometry":{"type":"Polygon","coordinates":[[[9.1518,42.3955],[9.1351,42.3897],[9.1237,42.3918],[9.1121,42.3876],[9.0935,42.3882],[9.0877,42.4016],[9.0805,42.406],[9.0734,42.4173],[9.081,42.42],[9.0785,42.4276],[9.1071,42.4301],[9.1129,42.4302],[9.1473,42.4224],[9.1494,42.4201],[9.1518,42.3955]]]}},{"type":"Feature","properties":{"code":"2B261","nom":"Rogliano","app":12.05,"app_bas":9.76,"app_haut":14.87,"app_ech":"maille","app_obs":4,"mai":11.06,"mai_bas":8.06,"mai_haut":15.18,"mai_ech":"maille","mai_obs":5,"a12":14.89,"a3":11.22},"geometry":{"type":"Polygon","coordinates":[[[9.4046,43.0056],[9.4137,43.0065],[9.4218,43.0117],[9.4273,43.0096],[9.4308,43.0027],[9.4385,43.0005],[9.4513,42.9903],[9.4636,42.9864],[9.4617,42.981],[9.4541,42.9731],[9.4563,42.9685],[9.4516,42.9618],[9.4552,42.9565],[9.4333,42.9516],[9.4268,42.947],[9.421,42.9381],[9.4023,42.9384],[9.3932,42.946],[9.3963,42.9514],[9.3935,42.9583],[9.4124,42.9781],[9.4126,42.9874],[9.4046,43.0056]]]}},{"type":"Feature","properties":{"code":"2B350","nom":"Vignale","app":12.36,"app_bas":10.27,"app_haut":14.88,"app_ech":"maille","app_obs":3,"mai":8.8,"mai_bas":6.91,"mai_haut":11.21,"mai_ech":"maille","mai_obs":2,"a12":16.48,"a3":9.06},"geometry":{"type":"Polygon","coordinates":[[[9.4008,42.5215],[9.3913,42.522],[9.3777,42.5338],[9.372,42.5469],[9.3751,42.556],[9.3819,42.5601],[9.4054,42.5421],[9.4194,42.5344],[9.4268,42.5277],[9.427,42.5192],[9.4103,42.5247],[9.4008,42.5215]]]}},{"type":"Feature","properties":{"code":"2B123","nom":"Ghisonaccia","app":13.11,"app_bas":10.76,"app_haut":15.97,"app_ech":"commune","app_obs":273,"mai":13.43,"mai_bas":10.47,"mai_haut":17.23,"mai_ech":"commune","mai_obs":157,"a12":13.2,"a3":12.56},"geometry":{"type":"Polygon","coordinates":[[[9.4563,42.0772],[9.4733,42.0758],[9.4867,42.0583],[9.4932,42.0563],[9.497,42.0485],[9.4648,42.011],[9.4414,41.9896],[9.4238,42.0002],[9.4204,42.004],[9.4028,42.0088],[9.3873,42.0156],[9.3797,42.0169],[9.3692,42.0266],[9.3666,42.0347],[9.3667,42.0591],[9.3595,42.0727],[9.3588,42.0843],[9.3483,42.0916],[9.3409,42.0933],[9.3445,42.1009],[9.3775,42.0894],[9.3895,42.0828],[9.3971,42.0773],[9.4122,42.0724],[9.4262,42.0645],[9.4369,42.0656],[9.4563,42.0772]]]}},{"type":"Feature","properties":{"code":"2B328","nom":"Tox","app":12.62,"app_bas":10.43,"app_haut":15.27,"app_ech":"maille","app_obs":0,"mai":11.53,"mai_bas":9.02,"mai_haut":14.75,"mai_ech":"maille","mai_obs":1,"a12":13.98,"a3":9.06},"geometry":{"type":"Polygon","coordinates":[[[9.4439,42.2697],[9.4539,42.2515],[9.4601,42.2436],[9.4661,42.2424],[9.4733,42.234],[9.4766,42.223],[9.4728,42.2212],[9.4633,42.2283],[9.456,42.2243],[9.4466,42.2234],[9.4109,42.2492],[9.4096,42.2541],[9.4166,42.2607],[9.4363,42.2647],[9.4439,42.2697]]]}},{"type":"Feature","properties":{"code":"2B355","nom":"Volpajola","app":10.99,"app_bas":9.37,"app_haut":12.9,"app_ech":"maille","app_obs":17,"mai":8.8,"mai_bas":6.91,"mai_haut":11.21,"mai_ech":"maille","mai_obs":4,"a12":13.32,"a3":9.06},"geometry":{"type":"Polygon","coordinates":[[[9.3913,42.522],[9.4008,42.5215],[9.3965,42.5172],[9.3961,42.5069],[9.3855,42.505],[9.3846,42.5099],[9.365,42.5051],[9.3484,42.5106],[9.335,42.506],[9.3321,42.5154],[9.3321,42.5263],[9.3354,42.537],[9.346,42.545],[9.3595,42.5261],[9.3687,42.5229],[9.3798,42.5246],[9.3913,42.522]]]}},{"type":"Feature","properties":{"code":"2B005","nom":"Alando","app":10.9,"app_bas":8.65,"app_haut":13.75,"app_ech":"maille","app_obs":2,"mai":8.8,"mai_bas":6.91,"mai_haut":11.21,"mai_ech":"maille","mai_obs":0,"a12":16.94,"a3":10.3},"geometry":{"type":"Polygon","coordinates":[[[9.3061,42.3122],[9.2966,42.3067],[9.294,42.3009],[9.2891,42.3011],[9.2803,42.2955],[9.2745,42.3022],[9.2787,42.3079],[9.2775,42.3193],[9.2865,42.3181],[9.2909,42.3137],[9.3061,42.3122]]]}},{"type":"Feature","properties":{"code":"2B101","nom":"Croce","app":12.62,"app_bas":10.43,"app_haut":15.27,"app_ech":"maille","app_obs":0,"mai":9.72,"mai_bas":6.93,"mai_haut":13.64,"mai_ech":"maille","mai_obs":1,"a12":13.32,"a3":9.78},"geometry":{"type":"Polygon","coordinates":[[[9.3258,42.3986],[9.3259,42.4022],[9.3242,42.405],[9.3236,42.4113],[9.3376,42.4117],[9.3637,42.4181],[9.3783,42.4103],[9.389,42.4086],[9.3919,42.4043],[9.3891,42.3979],[9.3855,42.3995],[9.3733,42.4009],[9.3593,42.4054],[9.3419,42.4053],[9.3394,42.4021],[9.3258,42.3986]]]}},{"type":"Feature","properties":{"code":"2B112","nom":"Feliceto","app":13.09,"app_bas":10.54,"app_haut":16.26,"app_ech":"maille","app_obs":8,"mai":9.72,"mai_bas":6.93,"mai_haut":13.64,"mai_ech":"maille","mai_obs":1,"a12":13.98,"a3":10.83},"geometry":{"type":"Polygon","coordinates":[[[8.9323,42.5197],[8.9347,42.5306],[8.923,42.5383],[8.9226,42.5447],[8.9312,42.5526],[8.9171,42.5715],[8.9247,42.5812],[8.9492,42.5874],[8.9517,42.5723],[8.9432,42.5637],[8.9422,42.5504],[8.9458,42.5414],[8.9658,42.5309],[8.9639,42.5195],[8.9548,42.5156],[8.9396,42.5159],[8.9323,42.5197]]]}},{"type":"Feature","properties":{"code":"2B347","nom":"Vezzani","app":11.84,"app_bas":9.72,"app_haut":14.41,"app_ech":"maille","app_obs":0,"mai":11.17,"mai_bas":8.72,"mai_haut":14.31,"mai_ech":"maille","mai_obs":1,"a12":13.2,"a3":10.3},"geometry":{"type":"Polygon","coordinates":[[[9.3678,42.0996],[9.3592,42.1045],[9.3457,42.1071],[9.334,42.1169],[9.3295,42.1142],[9.3147,42.12],[9.3025,42.1352],[9.283,42.1498],[9.2757,42.1661],[9.2674,42.1677],[9.2533,42.1577],[9.2492,42.1521],[9.2508,42.1413],[9.237,42.1451],[9.2327,42.1532],[9.225,42.161],[9.2196,42.163],[9.2193,42.1655],[9.2311,42.1774],[9.2491,42.1851],[9.2608,42.1976],[9.2805,42.1961],[9.2918,42.1992],[9.2965,42.1913],[9.3119,42.1869],[9.3166,42.1805],[9.3158,42.1563],[9.3198,42.1511],[9.3435,42.1448],[9.3423,42.1413],[9.3465,42.1312],[9.357,42.1236],[9.3603,42.1117],[9.3678,42.0996]]]}},{"type":"Feature","properties":{"code":"2B037","nom":"Biguglia","app":13.76,"app_bas":11.44,"app_haut":16.56,"app_ech":"commune","app_obs":818,"mai":12.25,"mai_bas":8.94,"mai_haut":16.78,"mai_ech":"commune","mai_obs":111,"a12":17.42,"a3":11.94},"geometry":{"type":"Polygon","coordinates":[[[9.3945,42.6347],[9.4147,42.6385],[9.4411,42.6368],[9.4628,42.6392],[9.4858,42.6134],[9.471,42.6014],[9.4606,42.597],[9.4285,42.5904],[9.4148,42.5865],[9.4129,42.5885],[9.418,42.602],[9.4163,42.6052],[9.4214,42.6102],[9.3982,42.6205],[9.4062,42.6247],[9.3945,42.6347]]]}},{"type":"Feature","properties":{"code":"2B068","nom":"Carticasi","app":11.22,"app_bas":9.45,"app_haut":13.33,"app_ech":"maille","app_obs":0,"mai":8.8,"mai_bas":6.91,"mai_haut":11.21,"mai_ech":"maille","mai_obs":0,"a12":13.2,"a3":9.06},"geometry":{"type":"Polygon","coordinates":[[[9.2791,42.3606],[9.2948,42.3589],[9.3049,42.3545],[9.3139,42.3614],[9.3287,42.3626],[9.3313,42.3598],[9.3342,42.346],[9.3402,42.3417],[9.327,42.3357],[9.3096,42.3373],[9.2813,42.3352],[9.2717,42.3405],[9.2707,42.351],[9.2791,42.3606]]]}},{"type":"Feature","properties":{"code":"2B084","nom":"Cateri","app":12.69,"app_bas":9.84,"app_haut":16.35,"app_ech":"maille","app_obs":11,"mai":12.38,"mai_bas":8.82,"mai_haut":17.38,"mai_ech":"epci","mai_obs":3,"a12":13.98,"a3":10.83},"geometry":{"type":"Polygon","coordinates":[[[8.8795,42.5599],[8.8771,42.5605],[8.8846,42.576],[8.8985,42.5742],[8.9188,42.5746],[8.9163,42.5687],[8.9067,42.565],[8.8924,42.5667],[8.8795,42.5599]]]}},{"type":"Feature","properties":{"code":"2B125","nom":"Giocatojo","app":11.74,"app_bas":9.49,"app_haut":14.52,"app_ech":"maille","app_obs":0,"mai":8.8,"mai_bas":6.91,"mai_haut":11.21,"mai_ech":"maille","mai_obs":0,"a12":13.32,"a3":9.78},"geometry":{"type":"Polygon","coordinates":[[[9.3276,42.4439],[9.3577,42.4515],[9.3601,42.4433],[9.3561,42.44],[9.3419,42.4377],[9.3276,42.4439]]]}},{"type":"Feature","properties":{"code":"2B169","nom":"Morosaglia","app":10.9,"app_bas":8.65,"app_haut":13.75,"app_ech":"maille","app_obs":54,"mai":9.72,"mai_bas":6.93,"mai_haut":13.64,"mai_ech":"maille","mai_obs":8,"a12":13.32,"a3":9.06},"geometry":{"type":"Polygon","coordinates":[[[9.2102,42.4717],[9.2165,42.4656],[9.2448,42.4533],[9.2732,42.4457],[9.2944,42.4443],[9.3081,42.4481],[9.3254,42.4462],[9.3276,42.4439],[9.3264,42.4351],[9.3268,42.417],[9.3153,42.4189],[9.3118,42.4232],[9.2873,42.4267],[9.2804,42.4291],[9.2679,42.4375],[9.2363,42.4436],[9.2015,42.445],[9.2036,42.4528],[9.1983,42.4573],[9.1765,42.4593],[9.1887,42.4692],[9.191,42.4737],[9.1881,42.4812],[9.1924,42.4831],[9.2027,42.4788],[9.2102,42.4717]]]}},{"type":"Feature","properties":{"code":"2B029","nom":"Barbaggio","app":13.84,"app_bas":11.35,"app_haut":16.89,"app_ech":"maille","app_obs":5,"mai":11.06,"mai_bas":8.06,"mai_haut":15.18,"mai_ech":"maille","mai_obs":8,"a12":16.48,"a3":10.96},"geometry":{"type":"Polygon","coordinates":[[[9.382,42.6674],[9.3644,42.6748],[9.3475,42.6754],[9.3376,42.6781],[9.3382,42.6912],[9.3289,42.6935],[9.3494,42.694],[9.3662,42.6913],[9.3767,42.6976],[9.3985,42.6932],[9.3941,42.684],[9.3932,42.6746],[9.382,42.6674]]]}},{"type":"Feature","properties":{"code":"2B244","nom":"Popolasca","app":11.74,"app_bas":9.49,"app_haut":14.52,"app_ech":"maille","app_obs":0,"mai":11.53,"mai_bas":9.02,"mai_haut":14.75,"mai_ech":"maille","mai_obs":0,"a12":13.98,"a3":9.06},"geometry":{"type":"Polygon","coordinates":[[[9.164,42.4417],[9.1593,42.4326],[9.1473,42.4224],[9.1129,42.4302],[9.1071,42.4301],[9.1016,42.4399],[9.1197,42.4421],[9.1232,42.4485],[9.1408,42.4529],[9.1499,42.452],[9.1562,42.4429],[9.164,42.4417]]]}},{"type":"Feature","properties":{"code":"2B058","nom":"Canari","app":12.05,"app_bas":9.76,"app_haut":14.87,"app_ech":"maille","app_obs":1,"mai":11.06,"mai_bas":8.06,"mai_haut":15.18,"mai_ech":"maille","mai_obs":0,"a12":14.89,"a3":11.22},"geometry":{"type":"Polygon","coordinates":[[[9.3915,42.8451],[9.3851,42.8348],[9.3769,42.8382],[9.3557,42.833],[9.3474,42.8329],[9.3328,42.8237],[9.3263,42.8123],[9.3205,42.8234],[9.311,42.8347],[9.3322,42.8585],[9.3403,42.8657],[9.3478,42.8656],[9.3662,42.8551],[9.3915,42.8451]]]}},{"type":"Feature","properties":{"code":"2B329","nom":"Tralonca","app":10.9,"app_bas":8.65,"app_haut":13.75,"app_ech":"maille","app_obs":2,"mai":9.72,"mai_bas":6.93,"mai_haut":13.64,"mai_ech":"maille","mai_obs":2,"a12":13.2,"a3":9.06},"geometry":{"type":"Polygon","coordinates":[[[9.234,42.3553],[9.2385,42.3526],[9.221,42.3421],[9.2145,42.3351],[9.1948,42.3274],[9.1944,42.3225],[9.18,42.3182],[9.1722,42.3207],[9.1723,42.3283],[9.1571,42.3344],[9.1539,42.3399],[9.1581,42.3468],[9.1766,42.3475],[9.1913,42.3536],[9.1933,42.358],[9.2033,42.3527],[9.2112,42.3535],[9.2168,42.3599],[9.2294,42.3587],[9.234,42.3553]]]}},{"type":"Feature","properties":{"code":"2B346","nom":"Vescovato","app":13.74,"app_bas":11.12,"app_haut":16.98,"app_ech":"commune","app_obs":400,"mai":11.53,"mai_bas":9.02,"mai_haut":14.75,"mai_ech":"maille","mai_obs":57,"a12":15.43,"a3":11.63},"geometry":{"type":"Polygon","coordinates":[[[9.418,42.492],[9.4248,42.4962],[9.4408,42.5006],[9.4502,42.5056],[9.4494,42.5168],[9.4535,42.5251],[9.4779,42.535],[9.4909,42.5342],[9.5102,42.5349],[9.5264,42.5243],[9.5331,42.5237],[9.5192,42.5215],[9.4909,42.5139],[9.4653,42.5009],[9.4641,42.4982],[9.4486,42.4916],[9.4446,42.4866],[9.418,42.492]]]}},{"type":"Feature","properties":{"code":"2B155","nom":"Matra","app":11.22,"app_bas":9.45,"app_haut":13.33,"app_ech":"maille","app_obs":0,"mai":8.8,"mai_bas":6.91,"mai_haut":11.21,"mai_ech":"maille","mai_obs":3,"a12":13.98,"a3":9.06},"geometry":{"type":"Polygon","coordinates":[[[9.3971,42.2661],[9.378,42.2731],[9.3717,42.2775],[9.3791,42.2996],[9.3958,42.2976],[9.3994,42.2912],[9.4013,42.28],[9.3971,42.2661]]]}},{"type":"Feature","properties":{"code":"2B206","nom":"Penta-Acquatella","app":10.99,"app_bas":9.37,"app_haut":12.9,"app_ech":"maille","app_obs":1,"mai":8.8,"mai_bas":6.91,"mai_haut":11.21,"mai_ech":"maille","mai_obs":0,"a12":13.32,"a3":9.78},"geometry":{"type":"Polygon","coordinates":[[[9.3647,42.4696],[9.3722,42.4788],[9.3767,42.4671],[9.3844,42.4569],[9.3861,42.4509],[9.3697,42.457],[9.3649,42.456],[9.3596,42.4653],[9.3647,42.4696]]]}},{"type":"Feature","properties":{"code":"2B223","nom":"Pietralba","app":12.36,"app_bas":10.27,"app_haut":14.88,"app_ech":"maille","app_obs":4,"mai":9.72,"mai_bas":6.93,"mai_haut":13.64,"mai_ech":"maille","mai_obs":13,"a12":16.48,"a3":10.83},"geometry":{"type":"Polygon","coordinates":[[[9.2123,42.5791],[9.2156,42.5728],[9.2143,42.564],[9.2195,42.5603],[9.2228,42.5519],[9.2287,42.5491],[9.2218,42.528],[9.2222,42.5193],[9.218,42.516],[9.2058,42.5168],[9.1928,42.5064],[9.1844,42.51],[9.1757,42.5093],[9.1716,42.5155],[9.1448,42.5358],[9.1375,42.5457],[9.1321,42.5472],[9.1266,42.5612],[9.1338,42.5699],[9.1545,42.5614],[9.1722,42.5615],[9.2123,42.5791]]]}},{"type":"Feature","properties":{"code":"2B250","nom":"Prunelli-di-Casacconi","app":10.99,"app_bas":9.37,"app_haut":12.9,"app_ech":"maille","app_obs":14,"mai":8.8,"mai_bas":6.91,"mai_haut":11.21,"mai_ech":"maille","mai_obs":2,"a12":13.32,"a3":9.78},"geometry":{"type":"Polygon","coordinates":[[[9.4008,42.5215],[9.4103,42.5247],[9.427,42.5192],[9.4284,42.5141],[9.4218,42.5096],[9.4059,42.5034],[9.4008,42.4958],[9.3957,42.4948],[9.3837,42.4998],[9.3805,42.5029],[9.3846,42.5099],[9.3855,42.505],[9.3961,42.5069],[9.3965,42.5172],[9.4008,42.5215]]]}},{"type":"Feature","properties":{"code":"2B342","nom":"Ventiseri","app":12.42,"app_bas":9.87,"app_haut":15.63,"app_ech":"maille","app_obs":40,"mai":11.17,"mai_bas":8.72,"mai_haut":14.31,"mai_ech":"maille","mai_obs":61,"a12":15.92,"a3":11.41},"geometry":{"type":"Polygon","coordinates":[[[9.2946,41.9497],[9.308,41.9546],[9.3289,41.9587],[9.3442,41.9661],[9.3658,41.9692],[9.3805,41.9696],[9.4078,41.9676],[9.408,41.9404],[9.413,41.9381],[9.415,41.9251],[9.409,41.9066],[9.3899,41.9117],[9.367,41.9199],[9.3376,41.9198],[9.3214,41.9241],[9.3116,41.9214],[9.3043,41.9249],[9.3009,41.9321],[9.3035,41.9404],[9.2946,41.9497]]]}},{"type":"Feature","properties":{"code":"2B049","nom":"Calenzana","app":12.69,"app_bas":9.84,"app_haut":16.35,"app_ech":"maille","app_obs":77,"mai":12.38,"mai_bas":8.82,"mai_haut":17.38,"mai_ech":"epci","mai_obs":47,"a12":16.94,"a3":12.06},"geometry":{"type":"Polygon","coordinates":[[[8.6794,42.4673],[8.6748,42.4762],[8.6492,42.4743],[8.6499,42.4782],[8.6646,42.493],[8.6665,42.5152],[8.6748,42.5186],[8.6838,42.5165],[8.6927,42.5197],[8.6968,42.5256],[8.7104,42.5237],[8.7174,42.5289],[8.7308,42.5349],[8.7397,42.5352],[8.7582,42.52],[8.7698,42.5159],[8.7888,42.5223],[8.8153,42.537],[8.8352,42.5333],[8.8432,42.5281],[8.8579,42.5234],[8.9189,42.498],[8.9216,42.4918],[8.9236,42.483],[8.9165,42.4674],[8.919,42.4595],[8.9156,42.4514],[8.9163,42.4408],[8.9199,42.425],[8.9112,42.4102],[8.9003,42.4127],[8.881,42.4134],[8.8688,42.4203],[8.8596,42.4202],[8.8479,42.4162],[8.8383,42.419],[8.8349,42.4232],[8.8083,42.43],[8.7998,42.4358],[8.8009,42.4467],[8.7918,42.4555],[8.772,42.462],[8.7606,42.4592],[8.7355,42.4433],[8.727,42.4474],[8.7188,42.457],[8.7072,42.4598],[8.6929,42.4603],[8.6794,42.4673]],[[8.801,42.4976],[8.8055,42.487],[8.8105,42.4861],[8.8202,42.4928],[8.828,42.4951],[8.8344,42.5029],[8.8405,42.5045],[8.8431,42.5107],[8.8402,42.5165],[8.8335,42.5185],[8.816,42.5085],[8.8027,42.513],[8.7997,42.5118],[8.801,42.4976]]]}},{"type":"Feature","properties":{"code":"2B153","nom":"Manso","app":12.69,"app_bas":9.84,"app_haut":16.35,"app_ech":"maille","app_obs":0,"mai":12.38,"mai_bas":8.82,"mai_haut":17.38,"mai_ech":"epci","mai_obs":0,"a12":16.94,"a3":12.06},"geometry":{"type":"Polygon","coordinates":[[[8.9112,42.4102],[8.9082,42.4013],[8.9016,42.3935],[8.9019,42.382],[8.9138,42.3751],[8.9004,42.3654],[8.8966,42.3577],[8.8744,42.341],[8.8572,42.331],[8.8293,42.3193],[8.8196,42.3176],[8.7975,42.3229],[8.79,42.326],[8.7709,42.3248],[8.7596,42.3364],[8.7317,42.3396],[8.7248,42.3422],[8.7287,42.347],[8.735,42.3612],[8.7437,42.3677],[8.753,42.3835],[8.745,42.3875],[8.73,42.3887],[8.7183,42.3924],[8.715,42.3973],[8.7296,42.4019],[8.729,42.4091],[8.7545,42.4048],[8.7691,42.4075],[8.7816,42.4059],[8.79,42.3989],[8.7982,42.3983],[8.8142,42.4017],[8.8212,42.4067],[8.829,42.4161],[8.8383,42.419],[8.8479,42.4162],[8.8596,42.4202],[8.8688,42.4203],[8.881,42.4134],[8.9003,42.4127],[8.9112,42.4102]]]}},{"type":"Feature","properties":{"code":"2B167","nom":"Montegrosso","app":12.69,"app_bas":9.84,"app_haut":16.35,"app_ech":"maille","app_obs":4,"mai":12.38,"mai_bas":8.82,"mai_haut":17.38,"mai_ech":"epci","mai_obs":1,"a12":16.48,"a3":12.06},"geometry":{"type":"Polygon","coordinates":[[[8.8771,42.5605],[8.8795,42.5599],[8.8768,42.5548],[8.8949,42.55],[8.9049,42.5446],[8.9073,42.5382],[8.8745,42.5272],[8.8579,42.5234],[8.8432,42.5281],[8.8352,42.5333],[8.8153,42.537],[8.8056,42.5431],[8.8022,42.5505],[8.8101,42.5533],[8.8207,42.5513],[8.833,42.5554],[8.8452,42.5649],[8.8501,42.565],[8.8572,42.5612],[8.8771,42.5605]]]}},{"type":"Feature","properties":{"code":"2B178","nom":"Nonza","app":12.05,"app_bas":9.76,"app_haut":14.87,"app_ech":"maille","app_obs":0,"mai":11.06,"mai_bas":8.06,"mai_haut":15.18,"mai_ech":"maille","mai_obs":0,"a12":14.89,"a3":11.22},"geometry":{"type":"Polygon","coordinates":[[[9.3399,42.7606],[9.3397,42.776],[9.3426,42.7948],[9.3379,42.8039],[9.3586,42.8071],[9.3673,42.797],[9.3812,42.7896],[9.3509,42.7732],[9.3399,42.7606]]]}},{"type":"Feature","properties":{"code":"2B339","nom":"Vallica","app":11.74,"app_bas":9.49,"app_haut":14.52,"app_ech":"maille","app_obs":0,"mai":11.53,"mai_bas":9.02,"mai_haut":14.75,"mai_ech":"maille","mai_obs":0,"a12":13.98,"a3":10.96},"geometry":{"type":"Polygon","coordinates":[[[9.0745,42.5381],[9.0807,42.5224],[9.0784,42.5073],[9.0611,42.5043],[9.0522,42.4983],[9.0359,42.4952],[9.0403,42.5097],[9.0345,42.5189],[9.0446,42.5335],[9.0699,42.5345],[9.0745,42.5381]]]}},{"type":"Feature","properties":{"code":"2B340","nom":"Velone-Orneto","app":11.22,"app_bas":9.45,"app_haut":13.33,"app_ech":"maille","app_obs":1,"mai":8.8,"mai_bas":6.91,"mai_haut":11.21,"mai_ech":"maille","mai_obs":2,"a12":13.98,"a3":9.06},"geometry":{"type":"Polygon","coordinates":[[[9.4879,42.3895],[9.4735,42.3876],[9.457,42.3878],[9.4481,42.3788],[9.438,42.3748],[9.4326,42.3641],[9.4265,42.3727],[9.427,42.3781],[9.4203,42.3851],[9.4267,42.3947],[9.4464,42.404],[9.4577,42.4033],[9.4658,42.4054],[9.4718,42.4105],[9.4769,42.4033],[9.4858,42.4019],[9.4879,42.3895]]]}},{"type":"Feature","properties":{"code":"2B365","nom":"San-Gavino-di-Fiumorbo","app":11.84,"app_bas":9.72,"app_haut":14.41,"app_ech":"maille","app_obs":0,"mai":11.17,"mai_bas":8.72,"mai_haut":14.31,"mai_ech":"maille","mai_obs":0,"a12":15.92,"a3":10.66},"geometry":{"type":"Polygon","coordinates":[[[9.2202,41.9896],[9.2394,41.99],[9.2537,41.9976],[9.2827,41.9941],[9.2857,41.9867],[9.2973,41.9859],[9.2809,41.9798],[9.2584,41.9613],[9.2432,41.945],[9.2349,41.9391],[9.2306,41.9326],[9.2211,41.9356],[9.2155,41.942],[9.2227,41.9495],[9.2248,41.9565],[9.2203,41.982],[9.2202,41.9896]]]}},{"type":"Feature","properties":{"code":"2B344","nom":"Verdèse","app":12.62,"app_bas":10.43,"app_haut":15.27,"app_ech":"maille","app_obs":0,"mai":11.53,"mai_bas":9.02,"mai_haut":14.75,"mai_ech":"maille","mai_obs":0,"a12":13.32,"a3":9.06},"geometry":{"type":"Polygon","coordinates":[[[9.3853,42.3991],[9.3736,42.3903],[9.3645,42.3879],[9.3673,42.396],[9.3853,42.3991]]]}},{"type":"Feature","properties":{"code":"2B252","nom":"Pruno","app":10.9,"app_bas":8.65,"app_haut":13.75,"app_ech":"maille","app_obs":47,"mai":8.8,"mai_bas":6.91,"mai_haut":11.21,"mai_ech":"maille","mai_obs":0,"a12":13.98,"a3":9.78},"geometry":{"type":"Polygon","coordinates":[[[9.4313,42.4263],[9.4451,42.4304],[9.4522,42.4438],[9.4622,42.4461],[9.4589,42.4377],[9.462,42.4303],[9.4567,42.4172],[9.4464,42.404],[9.4389,42.4077],[9.434,42.4124],[9.4313,42.4263]]]}},{"type":"Feature","properties":{"code":"2B283","nom":"Solaro","app":12.42,"app_bas":9.87,"app_haut":15.63,"app_ech":"maille","app_obs":17,"mai":11.17,"mai_bas":8.72,"mai_haut":14.31,"mai_ech":"maille","mai_obs":31,"a12":15.92,"a3":11.41},"geometry":{"type":"Polygon","coordinates":[[[9.409,41.9066],[9.4021,41.8972],[9.397,41.8746],[9.4023,41.8587],[9.3867,41.8672],[9.3719,41.865],[9.3557,41.8553],[9.3448,41.8453],[9.3374,41.8451],[9.3292,41.8368],[9.3091,41.8321],[9.3074,41.8414],[9.3025,41.8442],[9.2879,41.8439],[9.2707,41.8406],[9.2597,41.8452],[9.2494,41.8463],[9.2446,41.8504],[9.2369,41.8465],[9.2275,41.8556],[9.2361,41.8754],[9.2437,41.8824],[9.2557,41.8843],[9.2652,41.8925],[9.2747,41.8975],[9.2803,41.9042],[9.2922,41.9123],[9.3116,41.9214],[9.3214,41.9241],[9.3376,41.9198],[9.367,41.9199],[9.3899,41.9117],[9.409,41.9066]]]}},{"type":"Feature","properties":{"code":"2B318","nom":"Taglio-Isolaccio","app":11.22,"app_bas":9.45,"app_haut":13.33,"app_ech":"maille","app_obs":9,"mai":11.53,"mai_bas":9.02,"mai_haut":14.75,"mai_ech":"maille","mai_obs":12,"a12":13.98,"a3":9.78},"geometry":{"type":"Polygon","coordinates":[[[9.4806,42.4213],[9.474,42.428],[9.462,42.4303],[9.4589,42.4377],[9.4622,42.4461],[9.4769,42.4456],[9.5104,42.4409],[9.5334,42.4406],[9.5409,42.4416],[9.5434,42.4279],[9.5216,42.4311],[9.5166,42.4287],[9.4806,42.4213]]]}},{"type":"Feature","properties":{"code":"2B364","nom":"Zuani","app":11.65,"app_bas":9.27,"app_haut":14.65,"app_ech":"maille","app_obs":0,"mai":11.53,"mai_bas":9.02,"mai_haut":14.75,"mai_ech":"maille","mai_obs":0,"a12":16.94,"a3":9.06},"geometry":{"type":"Polygon","coordinates":[[[9.357,42.2622],[9.3493,42.2607],[9.3448,42.2562],[9.3502,42.2506],[9.3386,42.2507],[9.3311,42.2555],[9.3263,42.2662],[9.335,42.2799],[9.3412,42.2767],[9.3583,42.2723],[9.357,42.2622]]]}},{"type":"Feature","properties":{"code":"2B074","nom":"Casanova","app":14.6,"app_bas":11.37,"app_haut":18.74,"app_ech":"maille","app_obs":27,"mai":9.72,"mai_bas":6.93,"mai_haut":13.64,"mai_ech":"maille","mai_obs":13,"a12":16.94,"a3":10.3},"geometry":{"type":"Polygon","coordinates":[[[9.1798,42.2751],[9.1749,42.2606],[9.1821,42.2567],[9.1773,42.2505],[9.164,42.2555],[9.1524,42.257],[9.131,42.247],[9.1237,42.2389],[9.12,42.2473],[9.1252,42.2555],[9.1309,42.2589],[9.1356,42.2683],[9.1444,42.2766],[9.1564,42.2749],[9.1798,42.2751]]]}},{"type":"Feature","properties":{"code":"2B239","nom":"Poggio-d'Oletta","app":12.05,"app_bas":9.76,"app_haut":14.87,"app_ech":"maille","app_obs":9,"mai":11.06,"mai_bas":8.06,"mai_haut":15.18,"mai_ech":"maille","mai_obs":2,"a12":14.89,"a3":10.96},"geometry":{"type":"Polygon","coordinates":[[[9.382,42.6674],[9.381,42.6568],[9.3855,42.6457],[9.3922,42.6379],[9.3756,42.6335],[9.3645,42.635],[9.3561,42.6386],[9.3319,42.6604],[9.3215,42.6662],[9.3237,42.67],[9.3376,42.6781],[9.3475,42.6754],[9.3644,42.6748],[9.382,42.6674]]]}},{"type":"Feature","properties":{"code":"2B105","nom":"Erbajolo","app":11.65,"app_bas":9.27,"app_haut":14.65,"app_ech":"maille","app_obs":3,"mai":11.53,"mai_bas":9.02,"mai_haut":14.75,"mai_ech":"maille","mai_obs":0,"a12":16.94,"a3":10.3},"geometry":{"type":"Polygon","coordinates":[[[9.2321,42.2499],[9.249,42.2515],[9.2522,42.2662],[9.2621,42.2745],[9.2816,42.2771],[9.2892,42.2741],[9.2987,42.2646],[9.2825,42.2548],[9.2757,42.248],[9.2683,42.2344],[9.2578,42.2268],[9.2452,42.228],[9.229,42.2406],[9.235,42.2463],[9.2321,42.2499]]]}},{"type":"Feature","properties":{"code":"2B256","nom":"Rapaggio","app":11.22,"app_bas":9.45,"app_haut":13.33,"app_ech":"maille","app_obs":0,"mai":8.8,"mai_bas":6.91,"mai_haut":11.21,"mai_ech":"maille","mai_obs":0,"a12":13.32,"a3":9.06},"geometry":{"type":"Polygon","coordinates":[[[9.3816,42.3649],[9.3789,42.3653],[9.375,42.3696],[9.3756,42.3776],[9.381,42.3866],[9.3867,42.3886],[9.3874,42.3813],[9.3935,42.3729],[9.3816,42.3649]]]}},{"type":"Feature","properties":{"code":"2B257","nom":"Rapale","app":12.36,"app_bas":10.27,"app_haut":14.88,"app_ech":"maille","app_obs":3,"mai":9.72,"mai_bas":6.93,"mai_haut":13.64,"mai_ech":"maille","mai_obs":1,"a12":16.48,"a3":10.96},"geometry":{"type":"Polygon","coordinates":[[[9.2658,42.6667],[9.283,42.6625],[9.2952,42.6434],[9.3015,42.6268],[9.3116,42.6181],[9.3188,42.6101],[9.313,42.5868],[9.3018,42.5742],[9.2941,42.585],[9.2952,42.5926],[9.3027,42.6004],[9.3086,42.61],[9.306,42.6155],[9.2938,42.6282],[9.2811,42.6521],[9.2753,42.6557],[9.2644,42.6523],[9.2615,42.6614],[9.2658,42.6667]]]}},{"type":"Feature","properties":{"code":"2B277","nom":"Serra-di-Fiumorbo","app":12.42,"app_bas":9.87,"app_haut":15.63,"app_ech":"maille","app_obs":3,"mai":11.17,"mai_bas":8.72,"mai_haut":14.31,"mai_ech":"maille","mai_obs":7,"a12":16.36,"a3":11.41},"geometry":{"type":"Polygon","coordinates":[[[9.2946,41.9497],[9.2644,41.9467],[9.2404,41.9346],[9.2306,41.9326],[9.2349,41.9391],[9.2432,41.945],[9.2584,41.9613],[9.2809,41.9798],[9.2973,41.9859],[9.3038,41.9905],[9.3236,41.996],[9.3364,41.998],[9.3522,41.9954],[9.3617,41.9958],[9.3739,42],[9.3822,41.9934],[9.3859,41.9843],[9.3927,41.9776],[9.3997,41.9757],[9.4163,41.9761],[9.427,41.979],[9.4399,41.9877],[9.4243,41.9715],[9.4126,41.9525],[9.413,41.9381],[9.408,41.9404],[9.4078,41.9676],[9.3805,41.9696],[9.3658,41.9692],[9.3442,41.9661],[9.3289,41.9587],[9.308,41.9546],[9.2946,41.9497]]]}},{"type":"Feature","properties":{"code":"2B219","nom":"Piedicroce","app":12.62,"app_bas":10.43,"app_haut":15.27,"app_ech":"maille","app_obs":0,"mai":11.53,"mai_bas":9.02,"mai_haut":14.75,"mai_ech":"maille","mai_obs":0,"a12":13.32,"a3":9.06},"geometry":{"type":"Polygon","coordinates":[[[9.3503,42.3831],[9.3736,42.3903],[9.3855,42.3995],[9.3891,42.3979],[9.3885,42.3899],[9.3754,42.3889],[9.3705,42.3735],[9.3606,42.3699],[9.3572,42.3774],[9.3446,42.3825],[9.3503,42.3831]]]}},{"type":"Feature","properties":{"code":"2B177","nom":"Noceta","app":11.65,"app_bas":9.27,"app_haut":14.65,"app_ech":"maille","app_obs":0,"mai":11.53,"mai_bas":9.02,"mai_haut":14.75,"mai_ech":"maille","mai_obs":0,"a12":13.2,"a3":10.3},"geometry":{"type":"Polygon","coordinates":[[[9.2419,42.2182],[9.23,42.2067],[9.2249,42.1932],[9.2169,42.1773],[9.2193,42.1655],[9.2042,42.1749],[9.1942,42.1837],[9.19,42.194],[9.186,42.1971],[9.1744,42.1993],[9.1864,42.2157],[9.1991,42.2229],[9.228,42.2246],[9.2452,42.228],[9.2419,42.2182]]]}},{"type":"Feature","properties":{"code":"2B030","nom":"Barrettali","app":12.05,"app_bas":9.76,"app_haut":14.87,"app_ech":"maille","app_obs":0,"mai":11.06,"mai_bas":8.06,"mai_haut":15.18,"mai_ech":"maille","mai_obs":0,"a12":14.89,"a3":11.22},"geometry":{"type":"Polygon","coordinates":[[[9.3264,42.9012],[9.3568,42.8895],[9.3608,42.8896],[9.3686,42.8876],[9.3859,42.8736],[9.393,42.8646],[9.402,42.8612],[9.3915,42.8451],[9.3662,42.8551],[9.3478,42.8656],[9.3403,42.8657],[9.3299,42.8724],[9.3263,42.8903],[9.3213,42.8933],[9.3264,42.9012]]]}},{"type":"Feature","properties":{"code":"2B168","nom":"Monticello","app":15.02,"app_bas":12.09,"app_haut":18.66,"app_ech":"commune","app_obs":109,"mai":9.72,"mai_bas":6.93,"mai_haut":13.64,"mai_ech":"maille","mai_obs":9,"a12":16.48,"a3":12.06},"geometry":{"type":"Polygon","coordinates":[[[8.9803,42.6393],[8.9849,42.6205],[8.9652,42.6068],[8.9524,42.6025],[8.9411,42.6124],[8.9353,42.6221],[8.9484,42.6335],[8.9594,42.6351],[8.9752,42.64],[8.9803,42.6393]]]}},{"type":"Feature","properties":{"code":"2B009","nom":"Aléria","app":12.57,"app_bas":9.94,"app_haut":15.91,"app_ech":"commune","app_obs":211,"mai":11.17,"mai_bas":8.72,"mai_haut":14.31,"mai_ech":"maille","mai_obs":42,"a12":13.2,"a3":11.47},"geometry":{"type":"Polygon","coordinates":[[[9.4381,42.1234],[9.4434,42.1279],[9.4522,42.1289],[9.4579,42.134],[9.452,42.1433],[9.4528,42.1439],[9.4542,42.1502],[9.4612,42.1453],[9.4749,42.1407],[9.4908,42.1423],[9.5199,42.136],[9.5309,42.1308],[9.5392,42.1332],[9.544,42.1437],[9.5562,42.1427],[9.5553,42.1299],[9.55,42.1042],[9.5313,42.0875],[9.497,42.0485],[9.4932,42.0563],[9.4867,42.0583],[9.4733,42.0758],[9.4563,42.0772],[9.449,42.083],[9.4475,42.0885],[9.4516,42.1059],[9.4425,42.108],[9.4388,42.1128],[9.4381,42.1234]]]}},{"type":"Feature","properties":{"code":"2B016","nom":"Antisanti","app":11.84,"app_bas":9.72,"app_haut":14.41,"app_ech":"maille","app_obs":1,"mai":11.53,"mai_bas":9.02,"mai_haut":14.75,"mai_ech":"maille","mai_obs":12,"a12":16.94,"a3":10.3},"geometry":{"type":"Polygon","coordinates":[[[9.4381,42.1234],[9.4235,42.1203],[9.3933,42.1274],[9.3853,42.1376],[9.3885,42.1444],[9.3763,42.1499],[9.3581,42.1443],[9.3435,42.1448],[9.3198,42.1511],[9.3158,42.1563],[9.3166,42.1805],[9.3287,42.1762],[9.3516,42.1935],[9.355,42.1941],[9.3729,42.1825],[9.3841,42.1842],[9.3869,42.181],[9.3817,42.175],[9.3892,42.1731],[9.3951,42.1811],[9.4036,42.1819],[9.4147,42.1736],[9.4186,42.1666],[9.4308,42.1544],[9.4384,42.1516],[9.4419,42.1434],[9.452,42.1433],[9.4579,42.134],[9.4522,42.1289],[9.4434,42.1279],[9.4381,42.1234]]]}},{"type":"Feature","properties":{"code":"2B135","nom":"Isolaccio-di-Fiumorbo","app":11.84,"app_bas":9.72,"app_haut":14.41,"app_ech":"maille","app_obs":1,"mai":11.17,"mai_bas":8.72,"mai_haut":14.31,"mai_ech":"maille","mai_obs":4,"a12":13.2,"a3":10.66},"geometry":{"type":"Polygon","coordinates":[[[9.3165,42.0355],[9.3105,42.0228],[9.3095,42.0156],[9.312,42.0011],[9.3165,41.9965],[9.3236,41.996],[9.3038,41.9905],[9.2973,41.9859],[9.2857,41.9867],[9.2827,41.9941],[9.2537,41.9976],[9.2394,41.99],[9.2202,41.9896],[9.2152,41.9936],[9.2189,42.0078],[9.2211,42.0276],[9.2278,42.0448],[9.2413,42.0483],[9.2586,42.0457],[9.2793,42.0347],[9.3025,42.0317],[9.3165,42.0355]]]}},{"type":"Feature","properties":{"code":"2B057","nom":"Canale-di-Verde","app":12.62,"app_bas":10.43,"app_haut":15.27,"app_ech":"maille","app_obs":3,"mai":11.53,"mai_bas":9.02,"mai_haut":14.75,"mai_ech":"maille","mai_obs":1,"a12":13.2,"a3":9.06},"geometry":{"type":"Polygon","coordinates":[[[9.5532,42.2414],[9.534,42.2423],[9.5198,42.2481],[9.5036,42.2584],[9.4972,42.2643],[9.4781,42.2705],[9.4662,42.2724],[9.4559,42.27],[9.444,42.2698],[9.4486,42.2795],[9.4574,42.2844],[9.4739,42.2843],[9.4908,42.2804],[9.5151,42.271],[9.5298,42.2642],[9.5423,42.253],[9.5552,42.2521],[9.5532,42.2414]]]}},{"type":"Feature","properties":{"code":"2B120","nom":"Furiani","app":14.15,"app_bas":11.46,"app_haut":17.47,"app_ech":"commune","app_obs":696,"mai":12.48,"mai_bas":9.09,"mai_haut":17.12,"mai_ech":"commune","mai_obs":101,"a12":17.47,"a3":12.24},"geometry":{"type":"Polygon","coordinates":[[[9.382,42.6674],[9.3932,42.6746],[9.4085,42.6684],[9.4377,42.662],[9.4492,42.6622],[9.4628,42.6392],[9.4411,42.6368],[9.4147,42.6385],[9.3945,42.6347],[9.3855,42.6457],[9.381,42.6568],[9.382,42.6674]]]}},{"type":"Feature","properties":{"code":"2B185","nom":"Oletta","app":13.25,"app_bas":11.01,"app_haut":15.93,"app_ech":"commune","app_obs":128,"mai":11.06,"mai_bas":8.06,"mai_haut":15.18,"mai_ech":"maille","mai_obs":33,"a12":16.48,"a3":10.96},"geometry":{"type":"Polygon","coordinates":[[[9.3945,42.6347],[9.4062,42.6247],[9.3982,42.6205],[9.3713,42.6191],[9.3546,42.6237],[9.3383,42.6262],[9.3015,42.6268],[9.2952,42.6434],[9.283,42.6625],[9.3006,42.6695],[9.3213,42.6717],[9.3237,42.67],[9.3215,42.6662],[9.3319,42.6604],[9.3561,42.6386],[9.3645,42.635],[9.3756,42.6335],[9.3922,42.6379],[9.3945,42.6347]]]}},{"type":"Feature","properties":{"code":"2B287","nom":"Sorio","app":12.36,"app_bas":10.27,"app_haut":14.88,"app_ech":"maille","app_obs":0,"mai":8.8,"mai_bas":6.91,"mai_haut":11.21,"mai_ech":"maille","mai_obs":0,"a12":16.48,"a3":10.96},"geometry":{"type":"Polygon","coordinates":[[[9.2195,42.5603],[9.2143,42.564],[9.2156,42.5728],[9.2123,42.5791],[9.2102,42.586],[9.2154,42.585],[9.2486,42.5931],[9.2705,42.5907],[9.2824,42.5966],[9.2805,42.5926],[9.2818,42.5797],[9.2502,42.5619],[9.2195,42.5603]]]}},{"type":"Feature","properties":{"code":"2B067","nom":"Carpineto","app":10.9,"app_bas":8.65,"app_haut":13.75,"app_ech":"maille","app_obs":1,"mai":11.53,"mai_bas":9.02,"mai_haut":14.75,"mai_ech":"maille","mai_obs":1,"a12":13.32,"a3":9.06},"geometry":{"type":"Polygon","coordinates":[[[9.3816,42.3649],[9.3901,42.3607],[9.3922,42.3539],[9.3729,42.3471],[9.3715,42.3534],[9.3789,42.3653],[9.3816,42.3649]]]}},{"type":"Feature","properties":{"code":"2B078","nom":"Castellare-di-Mercurio","app":11.65,"app_bas":9.27,"app_haut":14.65,"app_ech":"maille","app_obs":0,"mai":9.72,"mai_bas":6.93,"mai_haut":13.64,"mai_ech":"maille","mai_obs":5,"a12":16.94,"a3":10.3},"geometry":{"type":"Polygon","coordinates":[[[9.2466,42.2906],[9.2365,42.2895],[9.2288,42.2956],[9.2389,42.3001],[9.239,42.3196],[9.2424,42.3258],[9.255,42.3356],[9.2591,42.3282],[9.2564,42.3152],[9.2575,42.3081],[9.2466,42.2906]]]}},{"type":"Feature","properties":{"code":"2B148","nom":"Lucciana","app":13.78,"app_bas":11.76,"app_haut":16.15,"app_ech":"commune","app_obs":917,"mai":12.28,"mai_bas":9.64,"mai_haut":15.64,"mai_ech":"commune","mai_obs":145,"a12":16.29,"a3":12.18},"geometry":{"type":"Polygon","coordinates":[[[9.4284,42.5141],[9.427,42.5192],[9.4268,42.5277],[9.4194,42.5344],[9.4054,42.5421],[9.3957,42.5501],[9.4072,42.5518],[9.4249,42.5495],[9.4396,42.5495],[9.4539,42.5518],[9.4763,42.5531],[9.5275,42.565],[9.5332,42.5459],[9.5343,42.5233],[9.5264,42.5243],[9.5102,42.5349],[9.4909,42.5342],[9.4779,42.535],[9.4535,42.5251],[9.4465,42.5238],[9.4389,42.5166],[9.4284,42.5141]]]}},{"type":"Feature","properties":{"code":"2B238","nom":"Poggio-di-Venaco","app":10.9,"app_bas":8.65,"app_haut":13.75,"app_ech":"maille","app_obs":10,"mai":9.72,"mai_bas":6.93,"mai_haut":13.64,"mai_ech":"maille","mai_obs":1,"a12":16.94,"a3":10.3},"geometry":{"type":"Polygon","coordinates":[[[9.2282,42.2497],[9.2158,42.2508],[9.2061,42.2563],[9.1919,42.2554],[9.1821,42.2567],[9.1749,42.2606],[9.1798,42.2751],[9.2057,42.2848],[9.2085,42.2878],[9.2226,42.2893],[9.2312,42.2775],[9.2357,42.2766],[9.2259,42.2649],[9.225,42.2558],[9.2282,42.2497]]]}},{"type":"Feature","properties":{"code":"2B093","nom":"Corbara","app":13.09,"app_bas":10.54,"app_haut":16.26,"app_ech":"maille","app_obs":40,"mai":9.72,"mai_bas":6.93,"mai_haut":13.64,"mai_ech":"maille","mai_obs":1,"a12":16.48,"a3":12.06},"geometry":{"type":"Polygon","coordinates":[[[8.9189,42.6023],[8.9005,42.602],[8.8814,42.6074],[8.8752,42.6151],[8.8741,42.6182],[8.8865,42.629],[8.9024,42.6271],[8.9112,42.6289],[8.9181,42.6369],[8.9243,42.638],[8.9234,42.6261],[8.9183,42.6126],[8.9189,42.6023]]]}},{"type":"Feature","properties":{"code":"2B173","nom":"Muro","app":13.09,"app_bas":10.54,"app_haut":16.26,"app_ech":"maille","app_obs":7,"mai":9.72,"mai_bas":6.93,"mai_haut":13.64,"mai_ech":"maille","mai_obs":8,"a12":13.98,"a3":10.83},"geometry":{"type":"Polygon","coordinates":[[[8.9323,42.5197],[8.9215,42.5252],[8.9073,42.5382],[8.9049,42.5446],[8.8949,42.55],[8.9135,42.5646],[8.9163,42.5687],[8.9171,42.5715],[8.9312,42.5526],[8.9226,42.5447],[8.923,42.5383],[8.9347,42.5306],[8.9323,42.5197]]]}},{"type":"Feature","properties":{"code":"2B188","nom":"Olmeta-di-Tuda","app":12.36,"app_bas":10.27,"app_haut":14.88,"app_ech":"maille","app_obs":24,"mai":8.8,"mai_bas":6.91,"mai_haut":11.21,"mai_ech":"maille","mai_obs":7,"a12":16.48,"a3":10.96},"geometry":{"type":"Polygon","coordinates":[[[9.3631,42.5921],[9.3498,42.6039],[9.3293,42.6125],[9.3232,42.617],[9.3116,42.6181],[9.3015,42.6268],[9.3383,42.6262],[9.3546,42.6237],[9.3713,42.6191],[9.3982,42.6205],[9.4214,42.6102],[9.4163,42.6052],[9.3973,42.6047],[9.3932,42.5978],[9.379,42.5994],[9.3631,42.5921]]]}},{"type":"Feature","properties":{"code":"2B172","nom":"Murato","app":12.36,"app_bas":10.27,"app_haut":14.88,"app_ech":"maille","app_obs":36,"mai":9.72,"mai_bas":6.93,"mai_haut":13.64,"mai_ech":"maille","mai_obs":18,"a12":16.48,"a3":10.83},"geometry":{"type":"Polygon","coordinates":[[[9.2944,42.5519],[9.2937,42.563],[9.3008,42.5685],[9.3018,42.5742],[9.313,42.5868],[9.3156,42.5993],[9.3278,42.5958],[9.3318,42.5899],[9.3467,42.582],[9.3533,42.5692],[9.364,42.564],[9.3667,42.5554],[9.3436,42.5501],[9.3344,42.5497],[9.3213,42.5444],[9.3012,42.5514],[9.2944,42.5519]]]}},{"type":"Feature","properties":{"code":"2B298","nom":"Saint-Florent","app":15.32,"app_bas":12.42,"app_haut":18.89,"app_ech":"commune","app_obs":101,"mai":9.72,"mai_bas":6.93,"mai_haut":13.64,"mai_ech":"maille","mai_obs":9,"a12":14.89,"a3":10.96},"geometry":{"type":"Polygon","coordinates":[[[9.3376,42.6781],[9.3237,42.67],[9.3213,42.6717],[9.3006,42.6695],[9.283,42.6625],[9.2658,42.6667],[9.2659,42.6703],[9.2587,42.6791],[9.2621,42.6923],[9.2534,42.6968],[9.2381,42.7002],[9.2334,42.7057],[9.23,42.7186],[9.234,42.7199],[9.2544,42.7185],[9.2593,42.7007],[9.2679,42.6995],[9.2789,42.6896],[9.2844,42.6763],[9.2933,42.6743],[9.3014,42.6788],[9.3032,42.6841],[9.3142,42.689],[9.3211,42.696],[9.3382,42.6912],[9.3376,42.6781]]]}},{"type":"Feature","properties":{"code":"2B303","nom":"San-Giuliano","app":12.62,"app_bas":10.43,"app_haut":15.27,"app_ech":"maille","app_obs":24,"mai":11.53,"mai_bas":9.02,"mai_haut":14.75,"mai_ech":"maille","mai_obs":7,"a12":13.2,"a3":9.06},"geometry":{"type":"Polygon","coordinates":[[[9.4899,42.3167],[9.5038,42.3192],[9.5131,42.3188],[9.5239,42.3155],[9.5346,42.3062],[9.5453,42.2998],[9.5537,42.2992],[9.5588,42.2853],[9.5592,42.2717],[9.5552,42.2521],[9.5423,42.253],[9.5298,42.2642],[9.5151,42.271],[9.5174,42.2747],[9.5122,42.2869],[9.5007,42.2943],[9.4985,42.2996],[9.4902,42.3086],[9.4899,42.3167]]]}},{"type":"Feature","properties":{"code":"2B184","nom":"Olcani","app":15.11,"app_bas":11.94,"app_haut":19.12,"app_ech":"maille","app_obs":0,"mai":11.06,"mai_bas":8.06,"mai_haut":15.18,"mai_ech":"maille","mai_obs":0,"a12":14.89,"a3":11.22},"geometry":{"type":"Polygon","coordinates":[[[9.3812,42.7896],[9.3673,42.797],[9.3586,42.8071],[9.3574,42.8118],[9.3655,42.8212],[9.3853,42.8274],[9.4009,42.8199],[9.4074,42.8133],[9.4069,42.8046],[9.4164,42.7956],[9.4184,42.7885],[9.3938,42.7874],[9.3812,42.7896]]]}},{"type":"Feature","properties":{"code":"2B047","nom":"Calacuccia","app":11.74,"app_bas":9.49,"app_haut":14.52,"app_ech":"maille","app_obs":2,"mai":9.72,"mai_bas":6.93,"mai_haut":13.64,"mai_ech":"maille","mai_obs":2,"a12":13.98,"a3":10.83},"geometry":{"type":"Polygon","coordinates":[[[9.0388,42.2957],[9.037,42.3015],[9.0296,42.3024],[9.0209,42.3147],[9.0128,42.3221],[9.0056,42.3245],[8.9938,42.3242],[8.9979,42.3341],[9.0129,42.3419],[9.0251,42.3526],[9.0291,42.3513],[9.0377,42.3387],[9.0488,42.3306],[9.0582,42.3271],[9.0759,42.3138],[9.056,42.3048],[9.0388,42.2957]]]}},{"type":"Feature","properties":{"code":"2B113","nom":"Ficaja","app":10.9,"app_bas":8.65,"app_haut":13.75,"app_ech":"maille","app_obs":7,"mai":9.72,"mai_bas":6.93,"mai_haut":13.64,"mai_ech":"maille","mai_obs":1,"a12":13.32,"a3":9.78},"geometry":{"type":"Polygon","coordinates":[[[9.3637,42.4181],[9.361,42.427],[9.3758,42.4336],[9.3849,42.4293],[9.3965,42.4268],[9.3901,42.4161],[9.389,42.4086],[9.3783,42.4103],[9.3637,42.4181]]]}},{"type":"Feature","properties":{"code":"2B194","nom":"Ortale","app":10.9,"app_bas":8.65,"app_haut":13.75,"app_ech":"maille","app_obs":0,"mai":8.8,"mai_bas":6.91,"mai_haut":11.21,"mai_ech":"maille","mai_obs":0,"a12":13.98,"a3":9.06},"geometry":{"type":"Polygon","coordinates":[[[9.4561,42.3161],[9.4598,42.3103],[9.4552,42.3073],[9.4461,42.3091],[9.4343,42.3017],[9.4252,42.301],[9.4234,42.3095],[9.4129,42.3178],[9.4192,42.3201],[9.4495,42.3137],[9.4561,42.3161]]]}},{"type":"Feature","properties":{"code":"2B205","nom":"Patrimonio","app":12.05,"app_bas":9.76,"app_haut":14.87,"app_ech":"maille","app_obs":51,"mai":11.06,"mai_bas":8.06,"mai_haut":15.18,"mai_ech":"maille","mai_obs":9,"a12":14.89,"a3":10.96},"geometry":{"type":"Polygon","coordinates":[[[9.3985,42.6932],[9.3767,42.6976],[9.3662,42.6913],[9.3494,42.694],[9.3289,42.6935],[9.3211,42.696],[9.3213,42.7134],[9.329,42.7188],[9.3395,42.7126],[9.3487,42.7101],[9.3816,42.7202],[9.3965,42.7278],[9.4068,42.7199],[9.4048,42.7048],[9.3985,42.6932]]]}},{"type":"Feature","properties":{"code":"2B072","nom":"Casalta","app":11.22,"app_bas":9.45,"app_haut":13.33,"app_ech":"maille","app_obs":1,"mai":8.8,"mai_bas":6.91,"mai_haut":11.21,"mai_ech":"maille","mai_obs":0,"a12":13.32,"a3":9.78},"geometry":{"type":"Polygon","coordinates":[[[9.4313,42.4263],[9.4046,42.4307],[9.4046,42.4428],[9.4085,42.4473],[9.4188,42.4436],[9.4225,42.4391],[9.435,42.4408],[9.4479,42.436],[9.4451,42.4304],[9.4313,42.4263]]]}},{"type":"Feature","properties":{"code":"2B109","nom":"Farinole","app":12.05,"app_bas":9.76,"app_haut":14.87,"app_ech":"maille","app_obs":0,"mai":11.06,"mai_bas":8.06,"mai_haut":15.18,"mai_ech":"maille","mai_obs":0,"a12":14.89,"a3":11.22},"geometry":{"type":"Polygon","coordinates":[[[9.3881,42.7479],[9.3954,42.7405],[9.3965,42.7278],[9.3816,42.7202],[9.3487,42.7101],[9.3395,42.7126],[9.329,42.7188],[9.3396,42.729],[9.3438,42.7397],[9.3527,42.7392],[9.3671,42.7461],[9.3731,42.751],[9.3881,42.7479]]]}},{"type":"Feature","properties":{"code":"2B124","nom":"Ghisoni","app":11.84,"app_bas":9.72,"app_haut":14.41,"app_ech":"maille","app_obs":2,"mai":11.17,"mai_bas":8.72,"mai_haut":14.31,"mai_ech":"maille","mai_obs":1,"a12":13.2,"a3":10.66},"geometry":{"type":"Polygon","coordinates":[[[9.2196,42.163],[9.225,42.161],[9.2327,42.1532],[9.237,42.1451],[9.2508,42.1413],[9.2551,42.1341],[9.2644,42.1272],[9.2777,42.1218],[9.2809,42.1097],[9.29,42.1083],[9.3348,42.1062],[9.3445,42.1009],[9.3409,42.0933],[9.3282,42.0916],[9.3168,42.0927],[9.3082,42.0962],[9.288,42.0962],[9.2784,42.0916],[9.2755,42.0764],[9.2606,42.0721],[9.2379,42.0728],[9.2297,42.0592],[9.2278,42.0448],[9.2211,42.0276],[9.1947,42.0285],[9.1884,42.0311],[9.1602,42.0268],[9.1481,42.041],[9.1353,42.0511],[9.1336,42.0594],[9.1286,42.0673],[9.1337,42.0796],[9.1337,42.0905],[9.151,42.1044],[9.1684,42.1268],[9.1754,42.1321],[9.1801,42.1406],[9.2006,42.1487],[9.2163,42.1619],[9.2196,42.163]]]}},{"type":"Feature","properties":{"code":"2B275","nom":"Sermano","app":10.9,"app_bas":8.65,"app_haut":13.75,"app_ech":"maille","app_obs":0,"mai":8.8,"mai_bas":6.91,"mai_haut":11.21,"mai_ech":"maille","mai_obs":0,"a12":16.94,"a3":10.3},"geometry":{"type":"Polygon","coordinates":[[[9.2717,42.3405],[9.2813,42.3352],[9.2755,42.3319],[9.2787,42.3079],[9.2745,42.3022],[9.2677,42.2974],[9.2466,42.2906],[9.2575,42.3081],[9.2564,42.3152],[9.2591,42.3282],[9.2717,42.3405]]]}},{"type":"Feature","properties":{"code":"2B034","nom":"Belgodère","app":13.09,"app_bas":10.54,"app_haut":16.26,"app_ech":"maille","app_obs":14,"mai":9.72,"mai_bas":6.93,"mai_haut":13.64,"mai_ech":"maille","mai_obs":5,"a12":16.48,"a3":12.06},"geometry":{"type":"Polygon","coordinates":[[[9.038,42.5733],[9.0326,42.5762],[9.019,42.576],[9.011,42.5816],[9.0049,42.5914],[8.998,42.6136],[8.9996,42.6214],[9.0002,42.6418],[9.0104,42.6404],[9.0176,42.6426],[9.0217,42.6389],[9.0238,42.6285],[9.0177,42.6198],[9.0162,42.6112],[9.0261,42.6027],[9.0276,42.5926],[9.0414,42.575],[9.038,42.5733]]]}},{"type":"Feature","properties":{"code":"2B366","nom":"Chisa","app":12.42,"app_bas":9.87,"app_haut":15.63,"app_ech":"maille","app_obs":2,"mai":11.17,"mai_bas":8.72,"mai_haut":14.31,"mai_ech":"maille","mai_obs":2,"a12":15.92,"a3":11.41},"geometry":{"type":"Polygon","coordinates":[[[9.2946,41.9497],[9.3035,41.9404],[9.3009,41.9321],[9.3043,41.9249],[9.3116,41.9214],[9.2922,41.9123],[9.2803,41.9042],[9.2747,41.8975],[9.2652,41.8925],[9.2557,41.8843],[9.2437,41.8824],[9.2361,41.8754],[9.235,41.8793],[9.2522,41.899],[9.2488,41.9089],[9.2296,41.9163],[9.2184,41.9136],[9.2133,41.9175],[9.2238,41.9251],[9.2306,41.9326],[9.2404,41.9346],[9.2644,41.9467],[9.2946,41.9497]]]}},{"type":"Feature","properties":{"code":"2B234","nom":"Piobetta","app":11.22,"app_bas":9.45,"app_haut":13.33,"app_ech":"maille","app_obs":0,"mai":8.8,"mai_bas":6.91,"mai_haut":11.21,"mai_ech":"maille","mai_obs":0,"a12":13.98,"a3":9.06},"geometry":{"type":"Polygon","coordinates":[[[9.3472,42.3294],[9.3442,42.3392],[9.3614,42.3455],[9.3729,42.3471],[9.3922,42.3539],[9.3897,42.3398],[9.3789,42.3402],[9.3569,42.3277],[9.3533,42.3277],[9.3472,42.3294]]]}},{"type":"Feature","properties":{"code":"2B302","nom":"San-Giovanni-di-Moriani","app":12.62,"app_bas":10.43,"app_haut":15.27,"app_ech":"maille","app_obs":2,"mai":8.8,"mai_bas":6.91,"mai_haut":11.21,"mai_ech":"maille","mai_obs":0,"a12":13.2,"a3":9.06},"geometry":{"type":"Polygon","coordinates":[[[9.4887,42.3891],[9.4825,42.3763],[9.4872,42.3736],[9.4853,42.3728],[9.4821,42.3555],[9.4799,42.3525],[9.4665,42.3579],[9.453,42.3666],[9.4451,42.3676],[9.4326,42.3641],[9.438,42.3748],[9.4481,42.3788],[9.457,42.3878],[9.4735,42.3876],[9.4887,42.3891]]]}},{"type":"Feature","properties":{"code":"2B079","nom":"Castello-di-Rostino","app":11.74,"app_bas":9.49,"app_haut":14.52,"app_ech":"maille","app_obs":20,"mai":9.72,"mai_bas":6.93,"mai_haut":13.64,"mai_ech":"maille","mai_obs":14,"a12":13.32,"a3":9.06},"geometry":{"type":"Polygon","coordinates":[[[9.3254,42.4462],[9.3081,42.4481],[9.3033,42.4554],[9.2921,42.4672],[9.2846,42.4716],[9.2737,42.4706],[9.2618,42.4756],[9.2647,42.4772],[9.2847,42.5001],[9.2986,42.4951],[9.2903,42.493],[9.2864,42.4885],[9.2955,42.4846],[9.3179,42.4703],[9.3312,42.4552],[9.3254,42.4462]]]}},{"type":"Feature","properties":{"code":"2B149","nom":"Lugo-di-Nazza","app":11.84,"app_bas":9.72,"app_haut":14.41,"app_ech":"maille","app_obs":0,"mai":11.17,"mai_bas":8.72,"mai_haut":14.31,"mai_ech":"maille","mai_obs":0,"a12":13.2,"a3":10.66},"geometry":{"type":"Polygon","coordinates":[[[9.3669,42.0488],[9.3559,42.0502],[9.3378,42.0588],[9.3166,42.0606],[9.2951,42.0688],[9.2843,42.0705],[9.2755,42.0764],[9.2784,42.0916],[9.288,42.0962],[9.3082,42.0962],[9.3168,42.0927],[9.3282,42.0916],[9.3409,42.0933],[9.3483,42.0916],[9.3588,42.0843],[9.3595,42.0727],[9.3667,42.0591],[9.3669,42.0488]]]}},{"type":"Feature","properties":{"code":"2B267","nom":"Saliceto","app":12.62,"app_bas":10.43,"app_haut":15.27,"app_ech":"maille","app_obs":0,"mai":11.53,"mai_bas":9.02,"mai_haut":14.75,"mai_ech":"maille","mai_obs":0,"a12":13.98,"a3":9.06},"geometry":{"type":"Polygon","coordinates":[[[9.3258,42.3986],[9.3267,42.3962],[9.3115,42.3922],[9.2935,42.3946],[9.276,42.4004],[9.272,42.4044],[9.2562,42.4031],[9.2471,42.4133],[9.2301,42.4179],[9.2021,42.4159],[9.1971,42.4182],[9.2028,42.4274],[9.2091,42.4332],[9.2173,42.4281],[9.2314,42.4241],[9.2425,42.4246],[9.2651,42.4149],[9.2704,42.4147],[9.283,42.4083],[9.2958,42.4077],[9.3259,42.4022],[9.3258,42.3986]]]}},{"type":"Feature","properties":{"code":"2B286","nom":"Sorbo-Ocagnano","app":12.05,"app_bas":10.14,"app_haut":14.31,"app_ech":"commune","app_obs":118,"mai":8.8,"mai_bas":6.91,"mai_haut":11.21,"mai_ech":"maille","mai_obs":43,"a12":13.98,"a3":9.78},"geometry":{"type":"Polygon","coordinates":[[[9.4356,42.4642],[9.4422,42.4758],[9.4744,42.4841],[9.4812,42.4886],[9.5044,42.4956],[9.5296,42.4956],[9.5314,42.4834],[9.5145,42.481],[9.4827,42.4741],[9.4646,42.4755],[9.4467,42.4671],[9.4356,42.4642]]]}},{"type":"Feature","properties":{"code":"2B264","nom":"Rusio","app":10.9,"app_bas":8.65,"app_haut":13.75,"app_ech":"maille","app_obs":0,"mai":8.8,"mai_bas":6.91,"mai_haut":11.21,"mai_ech":"maille","mai_obs":0,"a12":16.94,"a3":9.06},"geometry":{"type":"Polygon","coordinates":[[[9.2717,42.3405],[9.2591,42.3282],[9.255,42.3356],[9.2537,42.3437],[9.2479,42.3508],[9.2385,42.3526],[9.234,42.3553],[9.2352,42.3597],[9.2514,42.3715],[9.2805,42.3639],[9.2791,42.3606],[9.2707,42.351],[9.2717,42.3405]]]}},{"type":"Feature","properties":{"code":"2B281","nom":"Sisco","app":15.11,"app_bas":11.94,"app_haut":19.12,"app_ech":"maille","app_obs":54,"mai":11.06,"mai_bas":8.06,"mai_haut":15.18,"mai_ech":"maille","mai_obs":33,"a12":14.89,"a3":11.22},"geometry":{"type":"Polygon","coordinates":[[[9.3851,42.8348],[9.4079,42.8305],[9.487,42.8269],[9.4924,42.8051],[9.4915,42.7975],[9.4694,42.8015],[9.4621,42.798],[9.4488,42.7991],[9.4345,42.7961],[9.4164,42.7956],[9.4069,42.8046],[9.4074,42.8133],[9.4009,42.8199],[9.3853,42.8274],[9.3851,42.8348]]]}},{"type":"Feature","properties":{"code":"2B337","nom":"Valle-di-Rostino","app":11.74,"app_bas":9.49,"app_haut":14.52,"app_ech":"maille","app_obs":0,"mai":9.72,"mai_bas":6.93,"mai_haut":13.64,"mai_ech":"maille","mai_obs":0,"a12":13.32,"a3":9.06},"geometry":{"type":"Polygon","coordinates":[[[9.2102,42.4717],[9.2266,42.4718],[9.2421,42.4703],[9.2618,42.4756],[9.2737,42.4706],[9.2846,42.4716],[9.2921,42.4672],[9.3033,42.4554],[9.3081,42.4481],[9.2944,42.4443],[9.2732,42.4457],[9.2448,42.4533],[9.2165,42.4656],[9.2102,42.4717]]]}},{"type":"Feature","properties":{"code":"2B134","nom":"Île-Rousse","app":16.44,"app_bas":13.23,"app_haut":20.42,"app_ech":"commune","app_obs":353,"mai":9.72,"mai_bas":6.93,"mai_haut":13.64,"mai_ech":"maille","mai_obs":28,"a12":18.76,"a3":14.58},"geometry":{"type":"Polygon","coordinates":[[[8.9243,42.638],[8.9343,42.6388],[8.9484,42.6335],[8.9353,42.6221],[8.9234,42.6261],[8.9243,42.638]]]}},{"type":"Feature","properties":{"code":"2B190","nom":"Olmi-Cappella","app":13.09,"app_bas":10.54,"app_haut":16.26,"app_ech":"maille","app_obs":0,"mai":11.53,"mai_bas":9.02,"mai_haut":14.75,"mai_ech":"maille","mai_obs":0,"a12":13.98,"a3":10.83},"geometry":{"type":"Polygon","coordinates":[[[9.006,42.5285],[9.0066,42.5331],[9.0204,42.5519],[9.0328,42.563],[9.038,42.5733],[9.0414,42.575],[9.0625,42.5806],[9.0746,42.579],[9.0894,42.5728],[9.0942,42.565],[9.0827,42.5527],[9.0745,42.5381],[9.0699,42.5345],[9.0446,42.5335],[9.0345,42.5189],[9.0403,42.5097],[9.0359,42.4952],[9.0316,42.497],[9.0162,42.4937],[9.0082,42.483],[8.989,42.469],[8.9754,42.4642],[8.9595,42.455],[8.9319,42.4557],[8.919,42.4595],[8.9165,42.4674],[8.9247,42.47],[8.9439,42.4717],[8.9551,42.4792],[8.9713,42.4852],[8.9966,42.4975],[9.0136,42.5085],[9.0181,42.5155],[9.0097,42.5269],[9.006,42.5285]]]}},{"type":"Feature","properties":{"code":"2B207","nom":"Penta-di-Casinca","app":12.95,"app_bas":10.91,"app_haut":15.38,"app_ech":"commune","app_obs":389,"mai":12.29,"mai_bas":9.6,"mai_haut":15.73,"mai_ech":"commune","mai_obs":133,"a12":16.75,"a3":11.71},"geometry":{"type":"Polygon","coordinates":[[[9.4356,42.4642],[9.4467,42.4671],[9.4646,42.4755],[9.4675,42.4639],[9.4791,42.4598],[9.5078,42.4621],[9.5226,42.4688],[9.5361,42.4705],[9.5405,42.4611],[9.5409,42.4416],[9.5334,42.4406],[9.5104,42.4409],[9.4769,42.4456],[9.4622,42.4461],[9.4598,42.4502],[9.4477,42.4571],[9.4361,42.4605],[9.4356,42.4642]]]}},{"type":"Feature","properties":{"code":"2B179","nom":"Novale","app":10.9,"app_bas":8.65,"app_haut":13.75,"app_ech":"maille","app_obs":4,"mai":8.8,"mai_bas":6.91,"mai_haut":11.21,"mai_ech":"maille","mai_obs":0,"a12":13.98,"a3":9.06},"geometry":{"type":"Polygon","coordinates":[[[9.4028,42.3156],[9.4129,42.3178],[9.4234,42.3095],[9.4252,42.301],[9.4212,42.2888],[9.4125,42.2958],[9.3958,42.2976],[9.3966,42.3067],[9.4028,42.3156]]]}},{"type":"Feature","properties":{"code":"2B187","nom":"Olmeta-di-Capocorso","app":12.05,"app_bas":9.76,"app_haut":14.87,"app_ech":"maille","app_obs":3,"mai":11.06,"mai_bas":8.06,"mai_haut":15.18,"mai_ech":"maille","mai_obs":0,"a12":14.89,"a3":11.22},"geometry":{"type":"Polygon","coordinates":[[[9.3812,42.7896],[9.3938,42.7874],[9.4184,42.7885],[9.415,42.7726],[9.4011,42.7588],[9.3881,42.7509],[9.3881,42.7479],[9.3731,42.751],[9.3671,42.7461],[9.3527,42.7392],[9.3438,42.7397],[9.3399,42.7606],[9.3509,42.7732],[9.3812,42.7896]]]}},{"type":"Feature","properties":{"code":"2B195","nom":"Ortiporio","app":11.74,"app_bas":9.49,"app_haut":14.52,"app_ech":"maille","app_obs":0,"mai":8.8,"mai_bas":6.91,"mai_haut":11.21,"mai_ech":"maille","mai_obs":1,"a12":13.32,"a3":9.78},"geometry":{"type":"Polygon","coordinates":[[[9.333,42.4659],[9.3461,42.463],[9.3647,42.4696],[9.3596,42.4653],[9.3649,42.456],[9.3577,42.4515],[9.3276,42.4439],[9.3254,42.4462],[9.3312,42.4552],[9.333,42.4659]]]}},{"type":"Feature","properties":{"code":"2B230","nom":"Piève","app":12.36,"app_bas":10.27,"app_haut":14.88,"app_ech":"maille","app_obs":0,"mai":8.8,"mai_bas":6.91,"mai_haut":11.21,"mai_ech":"maille","mai_obs":0,"a12":16.48,"a3":10.83},"geometry":{"type":"Polygon","coordinates":[[[9.2944,42.5519],[9.2896,42.5492],[9.2848,42.5509],[9.2619,42.5528],[9.2442,42.5556],[9.2287,42.5491],[9.2228,42.5519],[9.2195,42.5603],[9.2502,42.5619],[9.2818,42.5797],[9.2805,42.5926],[9.2824,42.5966],[9.2902,42.6034],[9.2975,42.614],[9.2796,42.6364],[9.2721,42.642],[9.2644,42.6523],[9.2753,42.6557],[9.2811,42.6521],[9.2938,42.6282],[9.306,42.6155],[9.3086,42.61],[9.3027,42.6004],[9.2952,42.5926],[9.2941,42.585],[9.3018,42.5742],[9.3008,42.5685],[9.2937,42.563],[9.2944,42.5519]]]}},{"type":"Feature","properties":{"code":"2B248","nom":"Prato-di-Giovellina","app":10.9,"app_bas":8.65,"app_haut":13.75,"app_ech":"maille","app_obs":0,"mai":11.53,"mai_bas":9.02,"mai_haut":14.75,"mai_ech":"maille","mai_obs":0,"a12":13.98,"a3":9.06},"geometry":{"type":"Polygon","coordinates":[[[9.1518,42.3955],[9.1494,42.4201],[9.1473,42.4224],[9.1593,42.4326],[9.164,42.4417],[9.1693,42.4412],[9.1841,42.4334],[9.2028,42.4274],[9.1987,42.4212],[9.1883,42.4199],[9.1788,42.4121],[9.1746,42.4022],[9.1649,42.3942],[9.1518,42.3955]]]}},{"type":"Feature","properties":{"code":"2B321","nom":"Tarrano","app":10.9,"app_bas":8.65,"app_haut":13.75,"app_ech":"maille","app_obs":0,"mai":11.53,"mai_bas":9.02,"mai_haut":14.75,"mai_ech":"maille","mai_obs":0,"a12":13.98,"a3":9.06},"geometry":{"type":"Polygon","coordinates":[[[9.4031,42.3314],[9.3897,42.3398],[9.3922,42.3539],[9.4104,42.3559],[9.4125,42.3508],[9.4123,42.3354],[9.4031,42.3314]]]}},{"type":"Feature","properties":{"code":"2B327","nom":"Tomino","app":15.11,"app_bas":11.94,"app_haut":19.12,"app_ech":"maille","app_obs":2,"mai":11.06,"mai_bas":8.06,"mai_haut":15.18,"mai_ech":"maille","mai_obs":6,"a12":14.89,"a3":11.22},"geometry":{"type":"Polygon","coordinates":[[[9.4692,42.9365],[9.4595,42.9355],[9.4279,42.9359],[9.421,42.9381],[9.4268,42.947],[9.4333,42.9516],[9.4552,42.9565],[9.4576,42.9491],[9.4692,42.9365]]]}},{"type":"Feature","properties":{"code":"2B356","nom":"Zalana","app":10.9,"app_bas":8.65,"app_haut":13.75,"app_ech":"maille","app_obs":1,"mai":11.17,"mai_bas":8.72,"mai_haut":14.31,"mai_ech":"maille","mai_obs":0,"a12":13.2,"a3":10.66},"geometry":{"type":"Polygon","coordinates":[[[9.3817,42.234],[9.3729,42.2345],[9.3611,42.2397],[9.3602,42.2449],[9.3681,42.2536],[9.357,42.2622],[9.3583,42.2723],[9.378,42.2731],[9.4042,42.2627],[9.4096,42.2541],[9.4109,42.2492],[9.3847,42.2331],[9.3817,42.234]]]}},{"type":"Feature","properties":{"code":"2B059","nom":"Canavaggia","app":11.74,"app_bas":9.49,"app_haut":14.52,"app_ech":"maille","app_obs":2,"mai":9.72,"mai_bas":6.93,"mai_haut":13.64,"mai_ech":"maille","mai_obs":5,"a12":13.32,"a3":10.83},"geometry":{"type":"Polygon","coordinates":[[[9.2847,42.5001],[9.2647,42.4772],[9.2618,42.4756],[9.2421,42.4703],[9.2266,42.4718],[9.2102,42.4717],[9.2027,42.4788],[9.1924,42.4831],[9.1799,42.4915],[9.1796,42.4945],[9.2058,42.5168],[9.218,42.516],[9.2222,42.5193],[9.2218,42.528],[9.231,42.5225],[9.2569,42.5163],[9.2673,42.5195],[9.2758,42.5116],[9.2886,42.5029],[9.2847,42.5001]]]}},{"type":"Feature","properties":{"code":"2B260","nom":"Riventosa","app":11.65,"app_bas":9.27,"app_haut":14.65,"app_ech":"maille","app_obs":5,"mai":9.72,"mai_bas":6.93,"mai_haut":13.64,"mai_ech":"maille","mai_obs":5,"a12":13.2,"a3":10.66},"geometry":{"type":"Polygon","coordinates":[[[9.2282,42.2497],[9.2321,42.2499],[9.235,42.2463],[9.229,42.2406],[9.22,42.2426],[9.2101,42.2408],[9.1994,42.2433],[9.1869,42.2402],[9.178,42.2438],[9.1773,42.2505],[9.1821,42.2567],[9.1919,42.2554],[9.2061,42.2563],[9.2158,42.2508],[9.2282,42.2497]]]}},{"type":"Feature","properties":{"code":"2B306","nom":"Santa-Lucia-di-Mercurio","app":11.65,"app_bas":9.27,"app_haut":14.65,"app_ech":"maille","app_obs":0,"mai":9.72,"mai_bas":6.93,"mai_haut":13.64,"mai_ech":"maille","mai_obs":2,"a12":16.94,"a3":9.06},"geometry":{"type":"Polygon","coordinates":[[[9.2288,42.2956],[9.2226,42.2893],[9.2085,42.2878],[9.2057,42.2848],[9.1964,42.2878],[9.1891,42.2966],[9.1895,42.3036],[9.1944,42.3225],[9.1948,42.3274],[9.2145,42.3351],[9.221,42.3421],[9.2385,42.3526],[9.2479,42.3508],[9.2537,42.3437],[9.255,42.3356],[9.2424,42.3258],[9.239,42.3196],[9.2389,42.3001],[9.2288,42.2956]]]}},{"type":"Feature","properties":{"code":"2B052","nom":"Campana","app":11.22,"app_bas":9.45,"app_haut":13.33,"app_ech":"maille","app_obs":0,"mai":11.53,"mai_bas":9.02,"mai_haut":14.75,"mai_ech":"maille","mai_obs":0,"a12":13.98,"a3":9.06},"geometry":{"type":"Polygon","coordinates":[[[9.3267,42.3962],[9.3344,42.3934],[9.3533,42.3915],[9.3503,42.3831],[9.3334,42.3822],[9.3268,42.3912],[9.3267,42.3962]]]}},{"type":"Feature","properties":{"code":"2B293","nom":"Sant'Andréa-di-Cotone","app":10.9,"app_bas":8.65,"app_haut":13.75,"app_ech":"maille","app_obs":12,"mai":8.8,"mai_bas":6.91,"mai_haut":11.21,"mai_ech":"maille","mai_obs":1,"a12":13.2,"a3":10.66},"geometry":{"type":"Polygon","coordinates":[[[9.4582,42.3388],[9.4696,42.3345],[9.4735,42.3268],[9.4825,42.3231],[9.4899,42.3167],[9.4902,42.3086],[9.4985,42.2996],[9.4759,42.2984],[9.4677,42.2999],[9.4552,42.3073],[9.4598,42.3103],[9.4561,42.3161],[9.4583,42.3274],[9.4582,42.3388]]]}},{"type":"Feature","properties":{"code":"2B159","nom":"Meria","app":15.11,"app_bas":11.94,"app_haut":19.12,"app_ech":"maille","app_obs":1,"mai":11.06,"mai_bas":8.06,"mai_haut":15.18,"mai_ech":"maille","mai_obs":7,"a12":14.89,"a3":11.22},"geometry":{"type":"Polygon","coordinates":[[[9.4023,42.9384],[9.421,42.9381],[9.4279,42.9359],[9.4595,42.9355],[9.4692,42.9365],[9.4677,42.9268],[9.4708,42.9185],[9.472,42.9032],[9.4745,42.9001],[9.4667,42.9008],[9.4487,42.8973],[9.4319,42.9023],[9.4229,42.9117],[9.4149,42.911],[9.3951,42.9204],[9.3903,42.921],[9.4023,42.9384]]]}},{"type":"Feature","properties":{"code":"2B224","nom":"Pietracorbara","app":15.11,"app_bas":11.94,"app_haut":19.12,"app_ech":"maille","app_obs":22,"mai":11.06,"mai_bas":8.06,"mai_haut":15.18,"mai_ech":"maille","mai_obs":16,"a12":14.89,"a3":11.22},"geometry":{"type":"Polygon","coordinates":[[[9.3915,42.8451],[9.4038,42.8627],[9.41,42.8632],[9.4377,42.8608],[9.4499,42.8578],[9.48,42.8602],[9.4843,42.8502],[9.4807,42.8408],[9.487,42.8269],[9.4079,42.8305],[9.3851,42.8348],[9.3915,42.8451]]]}},{"type":"Feature","properties":{"code":"2B229","nom":"Pietroso","app":11.84,"app_bas":9.72,"app_haut":14.41,"app_ech":"maille","app_obs":5,"mai":11.17,"mai_bas":8.72,"mai_haut":14.31,"mai_ech":"maille","mai_obs":7,"a12":13.2,"a3":10.3},"geometry":{"type":"Polygon","coordinates":[[[9.3678,42.0996],[9.3833,42.105],[9.3895,42.0828],[9.3775,42.0894],[9.3445,42.1009],[9.3348,42.1062],[9.29,42.1083],[9.2809,42.1097],[9.2777,42.1218],[9.2644,42.1272],[9.2551,42.1341],[9.2508,42.1413],[9.2492,42.1521],[9.2533,42.1577],[9.2674,42.1677],[9.2757,42.1661],[9.283,42.1498],[9.3025,42.1352],[9.3147,42.12],[9.3295,42.1142],[9.334,42.1169],[9.3457,42.1071],[9.3592,42.1045],[9.3678,42.0996]]]}},{"type":"Feature","properties":{"code":"2B231","nom":"Pigna","app":12.69,"app_bas":9.84,"app_haut":16.35,"app_ech":"maille","app_obs":0,"mai":9.72,"mai_bas":6.93,"mai_haut":13.64,"mai_ech":"maille","mai_obs":0,"a12":16.48,"a3":12.06},"geometry":{"type":"Polygon","coordinates":[[[8.9169,42.5983],[8.9057,42.5941],[8.8946,42.5946],[8.8814,42.6051],[8.8814,42.6074],[8.9005,42.602],[8.9189,42.6023],[8.9169,42.5983]]]}},{"type":"Feature","properties":{"code":"2B015","nom":"Ampriani","app":10.9,"app_bas":8.65,"app_haut":13.75,"app_ech":"maille","app_obs":2,"mai":11.17,"mai_bas":8.72,"mai_haut":14.31,"mai_ech":"maille","mai_obs":0,"a12":13.2,"a3":10.66},"geometry":{"type":"Polygon","coordinates":[[[9.3602,42.2449],[9.3502,42.2506],[9.3448,42.2562],[9.3493,42.2607],[9.357,42.2622],[9.3681,42.2536],[9.3602,42.2449]]]}},{"type":"Feature","properties":{"code":"2B023","nom":"Asco","app":11.74,"app_bas":9.49,"app_haut":14.52,"app_ech":"maille","app_obs":0,"mai":11.53,"mai_bas":9.02,"mai_haut":14.75,"mai_ech":"maille","mai_obs":0,"a12":16.94,"a3":10.83},"geometry":{"type":"Polygon","coordinates":[[[9.0359,42.4952],[9.0522,42.4983],[9.0611,42.5043],[9.0569,42.4897],[9.0639,42.4817],[9.0766,42.4781],[9.0806,42.4712],[9.0824,42.4572],[9.0798,42.4499],[9.082,42.4368],[9.0785,42.4276],[9.081,42.42],[9.0595,42.4126],[9.0475,42.4005],[9.036,42.3987],[9.0208,42.3992],[9.0136,42.3971],[8.989,42.4018],[8.9784,42.3915],[8.9704,42.3914],[8.9296,42.373],[8.9138,42.3751],[8.9019,42.382],[8.9016,42.3935],[8.9082,42.4013],[8.9112,42.4102],[8.9199,42.425],[8.9163,42.4408],[8.9156,42.4514],[8.919,42.4595],[8.9319,42.4557],[8.9595,42.455],[8.9754,42.4642],[8.989,42.469],[9.0082,42.483],[9.0162,42.4937],[9.0316,42.497],[9.0359,42.4952]]]}},{"type":"Feature","properties":{"code":"2B140","nom":"Lento","app":10.99,"app_bas":9.37,"app_haut":12.9,"app_ech":"maille","app_obs":2,"mai":9.72,"mai_bas":6.93,"mai_haut":13.64,"mai_ech":"maille","mai_obs":1,"a12":13.32,"a3":9.06},"geometry":{"type":"Polygon","coordinates":[[[9.2847,42.5001],[9.2886,42.5029],[9.2758,42.5116],[9.2673,42.5195],[9.2569,42.5163],[9.231,42.5225],[9.2218,42.528],[9.2287,42.5491],[9.2442,42.5556],[9.2619,42.5528],[9.2848,42.5509],[9.2896,42.5492],[9.2881,42.5326],[9.2942,42.5168],[9.3062,42.5027],[9.2986,42.4951],[9.2847,42.5001]]]}},{"type":"Feature","properties":{"code":"2B193","nom":"Omessa","app":10.9,"app_bas":8.65,"app_haut":13.75,"app_ech":"maille","app_obs":49,"mai":9.72,"mai_bas":6.93,"mai_haut":13.64,"mai_ech":"maille","mai_obs":5,"a12":13.2,"a3":10.83},"geometry":{"type":"Polygon","coordinates":[[[9.1971,42.4182],[9.1975,42.4077],[9.2026,42.4052],[9.209,42.3955],[9.2029,42.3892],[9.223,42.3846],[9.2272,42.3784],[9.2262,42.3652],[9.2294,42.3587],[9.2168,42.3599],[9.2112,42.3535],[9.2033,42.3527],[9.1933,42.358],[9.1788,42.3628],[9.166,42.3711],[9.1597,42.3798],[9.1657,42.3877],[9.1649,42.3942],[9.1746,42.4022],[9.1788,42.4121],[9.1883,42.4199],[9.1987,42.4212],[9.1971,42.4182]]]}},{"type":"Feature","properties":{"code":"2B227","nom":"Pietricaggio","app":10.9,"app_bas":8.65,"app_haut":13.75,"app_ech":"maille","app_obs":0,"mai":8.8,"mai_bas":6.91,"mai_haut":11.21,"mai_ech":"maille","mai_obs":0,"a12":13.98,"a3":9.06},"geometry":{"type":"Polygon","coordinates":[[[9.4021,42.3318],[9.3797,42.323],[9.3681,42.3159],[9.3582,42.3219],[9.3533,42.3277],[9.3569,42.3277],[9.3789,42.3402],[9.3897,42.3398],[9.4021,42.3318]]]}},{"type":"Feature","properties":{"code":"2B353","nom":"Ville-di-Pietrabugno","app":14.74,"app_bas":12.07,"app_haut":17.99,"app_ech":"commune","app_obs":282,"mai":11.06,"mai_bas":8.06,"mai_haut":15.18,"mai_ech":"maille","mai_obs":16,"a12":16.84,"a3":14.26},"geometry":{"type":"Polygon","coordinates":[[[9.4048,42.7048],[9.4068,42.7199],[9.3965,42.7278],[9.4349,42.7246],[9.4487,42.7216],[9.4563,42.7176],[9.4545,42.7081],[9.4369,42.7072],[9.4232,42.7085],[9.414,42.7052],[9.4048,42.7048]]]}},{"type":"Feature","properties":{"code":"2B145","nom":"Loreto-di-Casinca","app":10.99,"app_bas":9.37,"app_haut":12.9,"app_ech":"maille","app_obs":1,"mai":8.8,"mai_bas":6.91,"mai_haut":11.21,"mai_ech":"maille","mai_obs":0,"a12":13.32,"a3":9.78},"geometry":{"type":"Polygon","coordinates":[[[9.4356,42.4642],[9.4331,42.4619],[9.4083,42.4634],[9.4058,42.4708],[9.4114,42.4862],[9.418,42.492],[9.4446,42.4866],[9.4477,42.4831],[9.4422,42.4758],[9.4356,42.4642]]]}},{"type":"Feature","properties":{"code":"2B341","nom":"Venaco","app":14.6,"app_bas":11.37,"app_haut":18.74,"app_ech":"maille","app_obs":51,"mai":9.72,"mai_bas":6.93,"mai_haut":13.64,"mai_ech":"maille","mai_obs":12,"a12":13.2,"a3":10.3},"geometry":{"type":"Polygon","coordinates":[[[9.1744,42.1993],[9.1682,42.1932],[9.1531,42.1947],[9.1251,42.1843],[9.1164,42.1844],[9.0793,42.1916],[9.0574,42.1946],[9.049,42.193],[9.0457,42.2077],[9.0521,42.2159],[9.0575,42.2158],[9.0694,42.2077],[9.0866,42.2152],[9.0985,42.2256],[9.1159,42.2298],[9.1237,42.2389],[9.1416,42.2385],[9.1787,42.2421],[9.1879,42.2375],[9.2152,42.2356],[9.229,42.2406],[9.2452,42.228],[9.228,42.2246],[9.1991,42.2229],[9.1864,42.2157],[9.1744,42.1993]]]}},{"type":"Feature","properties":{"code":"2B050","nom":"Calvi","app":15.57,"app_bas":12.08,"app_haut":20.07,"app_ech":"commune","app_obs":472,"mai":12.38,"mai_bas":8.82,"mai_haut":17.38,"mai_ech":"epci","mai_obs":32,"a12":18.92,"a3":14.49},"geometry":{"type":"Polygon","coordinates":[[[8.7965,42.565],[8.8101,42.5533],[8.8022,42.5505],[8.8056,42.5431],[8.8153,42.537],[8.7888,42.5223],[8.7698,42.5159],[8.7582,42.52],[8.7397,42.5352],[8.7308,42.5349],[8.7174,42.5289],[8.7103,42.5357],[8.719,42.5408],[8.7166,42.5493],[8.7228,42.5568],[8.7151,42.564],[8.711,42.5766],[8.7243,42.5841],[8.7238,42.574],[8.727,42.5616],[8.7381,42.5678],[8.7483,42.5682],[8.7565,42.5643],[8.7604,42.5586],[8.7686,42.5558],[8.7878,42.5582],[8.7965,42.565]]]}},{"type":"Feature","properties":{"code":"2B055","nom":"Campitello","app":10.99,"app_bas":9.37,"app_haut":12.9,"app_ech":"maille","app_obs":0,"mai":8.8,"mai_bas":6.91,"mai_haut":11.21,"mai_ech":"maille","mai_obs":0,"a12":16.48,"a3":9.06},"geometry":{"type":"Polygon","coordinates":[[[9.3113,42.5056],[9.3096,42.5125],[9.3103,42.5253],[9.3132,42.5322],[9.3219,42.5418],[9.3213,42.5444],[9.3344,42.5497],[9.3436,42.5501],[9.346,42.545],[9.3354,42.537],[9.3321,42.5263],[9.3321,42.5154],[9.335,42.506],[9.3113,42.5056]]]}},{"type":"Feature","properties":{"code":"2B080","nom":"Castifao","app":11.74,"app_bas":9.49,"app_haut":14.52,"app_ech":"maille","app_obs":1,"mai":9.72,"mai_bas":6.93,"mai_haut":13.64,"mai_ech":"maille","mai_obs":3,"a12":16.48,"a3":10.96},"geometry":{"type":"Polygon","coordinates":[[[9.0942,42.565],[9.1266,42.5612],[9.1321,42.5472],[9.1375,42.5457],[9.1448,42.5358],[9.1716,42.5155],[9.1757,42.5093],[9.1844,42.51],[9.1928,42.5064],[9.1796,42.4945],[9.1733,42.5026],[9.1626,42.5079],[9.1565,42.5072],[9.1449,42.5007],[9.1203,42.4964],[9.0962,42.4976],[9.0882,42.4997],[9.0784,42.5073],[9.0807,42.5224],[9.0745,42.5381],[9.0827,42.5527],[9.0942,42.565]]]}},{"type":"Feature","properties":{"code":"2B097","nom":"Costa","app":12.69,"app_bas":9.84,"app_haut":16.35,"app_ech":"maille","app_obs":2,"mai":9.72,"mai_bas":6.93,"mai_haut":13.64,"mai_ech":"maille","mai_obs":1,"a12":16.48,"a3":12.06},"geometry":{"type":"Polygon","coordinates":[[[9,42.5853],[9.0044,42.569],[8.9968,42.5713],[8.9939,42.5765],[9,42.5853]]]}},{"type":"Feature","properties":{"code":"2B136","nom":"Lama","app":12.36,"app_bas":10.27,"app_haut":14.88,"app_ech":"maille","app_obs":3,"mai":9.72,"mai_bas":6.93,"mai_haut":13.64,"mai_ech":"maille","mai_obs":1,"a12":16.48,"a3":10.96},"geometry":{"type":"Polygon","coordinates":[[[9.2123,42.5791],[9.1722,42.5615],[9.1545,42.5614],[9.1338,42.5699],[9.1274,42.5791],[9.1264,42.5882],[9.135,42.6],[9.1348,42.6076],[9.1399,42.5959],[9.1658,42.5907],[9.2095,42.5946],[9.2102,42.586],[9.2123,42.5791]]]}},{"type":"Feature","properties":{"code":"2B039","nom":"Bisinchi","app":10.99,"app_bas":9.37,"app_haut":12.9,"app_ech":"maille","app_obs":1,"mai":9.72,"mai_bas":6.93,"mai_haut":13.64,"mai_ech":"maille","mai_obs":6,"a12":13.32,"a3":9.78},"geometry":{"type":"Polygon","coordinates":[[[9.3113,42.5056],[9.3295,42.5059],[9.3409,42.4858],[9.3401,42.4759],[9.333,42.4659],[9.3312,42.4552],[9.3179,42.4703],[9.2955,42.4846],[9.2864,42.4885],[9.2903,42.493],[9.2986,42.4951],[9.3062,42.5027],[9.3113,42.5056]]]}},{"type":"Feature","properties":{"code":"2B170","nom":"Morsiglia","app":12.05,"app_bas":9.76,"app_haut":14.87,"app_ech":"maille","app_obs":5,"mai":11.06,"mai_bas":8.06,"mai_haut":15.18,"mai_ech":"maille","mai_obs":0,"a12":14.89,"a3":11.22},"geometry":{"type":"Polygon","coordinates":[[[9.377,42.9115],[9.3644,42.9177],[9.3595,42.9229],[9.3489,42.9293],[9.3575,42.9409],[9.3586,42.9463],[9.3481,42.9518],[9.3458,42.9579],[9.3499,42.9609],[9.3712,42.952],[9.3856,42.9501],[9.3932,42.946],[9.4023,42.9384],[9.3903,42.921],[9.377,42.9115]]]}},{"type":"Feature","properties":{"code":"2B208","nom":"Perelli","app":11.22,"app_bas":9.45,"app_haut":13.33,"app_ech":"maille","app_obs":0,"mai":11.53,"mai_bas":9.02,"mai_haut":14.75,"mai_ech":"maille","mai_obs":0,"a12":13.98,"a3":9.06},"geometry":{"type":"Polygon","coordinates":[[[9.4031,42.3314],[9.4074,42.3246],[9.4012,42.3225],[9.4028,42.3156],[9.3966,42.3067],[9.3958,42.2976],[9.3791,42.2996],[9.3794,42.3042],[9.3681,42.3159],[9.3797,42.323],[9.4021,42.3318],[9.4031,42.3314]]]}},{"type":"Feature","properties":{"code":"2B243","nom":"Polveroso","app":12.62,"app_bas":10.43,"app_haut":15.27,"app_ech":"maille","app_obs":0,"mai":11.53,"mai_bas":9.02,"mai_haut":14.75,"mai_ech":"maille","mai_obs":0,"a12":13.32,"a3":9.78},"geometry":{"type":"Polygon","coordinates":[[[9.3394,42.4021],[9.3419,42.4053],[9.3593,42.4054],[9.3733,42.4009],[9.3855,42.3995],[9.3673,42.396],[9.351,42.4014],[9.3394,42.4021]]]}},{"type":"Feature","properties":{"code":"2B361","nom":"Zilia","app":13.09,"app_bas":10.54,"app_haut":16.26,"app_ech":"maille","app_obs":11,"mai":12.38,"mai_bas":8.82,"mai_haut":17.38,"mai_ech":"epci","mai_obs":12,"a12":13.98,"a3":10.83},"geometry":{"type":"Polygon","coordinates":[[[8.9323,42.5197],[8.9396,42.5159],[8.9189,42.498],[8.8579,42.5234],[8.8745,42.5272],[8.9073,42.5382],[8.9215,42.5252],[8.9323,42.5197]]]}},{"type":"Feature","properties":{"code":"2B075","nom":"Casevecchie","app":11.84,"app_bas":9.72,"app_haut":14.41,"app_ech":"maille","app_obs":0,"mai":11.53,"mai_bas":9.02,"mai_haut":14.75,"mai_ech":"maille","mai_obs":0,"a12":16.94,"a3":10.3},"geometry":{"type":"Polygon","coordinates":[[[9.3435,42.1448],[9.3581,42.1443],[9.3763,42.1499],[9.3885,42.1444],[9.3853,42.1376],[9.3933,42.1274],[9.3719,42.1221],[9.357,42.1236],[9.3465,42.1312],[9.3423,42.1413],[9.3435,42.1448]]]}},{"type":"Feature","properties":{"code":"2B121","nom":"Galéria","app":12.69,"app_bas":9.84,"app_haut":16.35,"app_ech":"maille","app_obs":1,"mai":12.38,"mai_bas":8.82,"mai_haut":17.38,"mai_ech":"epci","mai_obs":2,"a12":16.94,"a3":12.06},"geometry":{"type":"Polygon","coordinates":[[[8.7248,42.3422],[8.7111,42.3471],[8.6835,42.348],[8.682,42.3585],[8.6749,42.3605],[8.6597,42.3594],[8.6504,42.3624],[8.6408,42.3734],[8.6202,42.3723],[8.61,42.3736],[8.6,42.3693],[8.5917,42.3729],[8.5869,42.379],[8.5734,42.3814],[8.5851,42.3853],[8.5962,42.3824],[8.6088,42.3864],[8.6069,42.3943],[8.6023,42.4001],[8.6117,42.4032],[8.604,42.4095],[8.6084,42.4168],[8.6162,42.417],[8.6234,42.421],[8.6394,42.4185],[8.6481,42.4131],[8.6552,42.4157],[8.6622,42.4263],[8.6604,42.4353],[8.6482,42.4424],[8.6581,42.4451],[8.6673,42.4449],[8.6681,42.458],[8.6794,42.4673],[8.6929,42.4603],[8.7072,42.4598],[8.7188,42.457],[8.727,42.4474],[8.7355,42.4433],[8.7606,42.4592],[8.772,42.462],[8.7918,42.4555],[8.8009,42.4467],[8.7998,42.4358],[8.8083,42.43],[8.8349,42.4232],[8.8383,42.419],[8.829,42.4161],[8.8212,42.4067],[8.8142,42.4017],[8.7982,42.3983],[8.79,42.3989],[8.7816,42.4059],[8.7691,42.4075],[8.7545,42.4048],[8.729,42.4091],[8.7296,42.4019],[8.715,42.3973],[8.7183,42.3924],[8.73,42.3887],[8.745,42.3875],[8.753,42.3835],[8.7437,42.3677],[8.735,42.3612],[8.7287,42.347],[8.7248,42.3422]]]}},{"type":"Feature","properties":{"code":"2B138","nom":"Lavatoggio","app":13.09,"app_bas":10.54,"app_haut":16.26,"app_ech":"maille","app_obs":13,"mai":12.38,"mai_bas":8.82,"mai_haut":17.38,"mai_ech":"epci","mai_obs":3,"a12":13.98,"a3":10.83},"geometry":{"type":"Polygon","coordinates":[[[8.8771,42.5605],[8.8572,42.5612],[8.8501,42.565],[8.8445,42.5697],[8.8404,42.581],[8.8531,42.5907],[8.8631,42.5825],[8.8846,42.576],[8.8771,42.5605]]]}},{"type":"Feature","properties":{"code":"2B162","nom":"Moltifao","app":10.9,"app_bas":8.65,"app_haut":13.75,"app_ech":"maille","app_obs":13,"mai":9.72,"mai_bas":6.93,"mai_haut":13.64,"mai_ech":"maille","mai_obs":16,"a12":13.98,"a3":10.83},"geometry":{"type":"Polygon","coordinates":[[[9.1499,42.452],[9.1408,42.4529],[9.1232,42.4485],[9.1197,42.4421],[9.1016,42.4399],[9.1071,42.4301],[9.0785,42.4276],[9.082,42.4368],[9.0798,42.4499],[9.0824,42.4572],[9.0806,42.4712],[9.0766,42.4781],[9.0639,42.4817],[9.0569,42.4897],[9.0611,42.5043],[9.0784,42.5073],[9.0882,42.4997],[9.0962,42.4976],[9.1203,42.4964],[9.1449,42.5007],[9.1565,42.5072],[9.1626,42.5079],[9.1733,42.5026],[9.1796,42.4945],[9.1799,42.4915],[9.1924,42.4831],[9.1881,42.4812],[9.191,42.4737],[9.1887,42.4692],[9.1765,42.4593],[9.1654,42.4636],[9.1499,42.452]]]}},{"type":"Feature","properties":{"code":"2B216","nom":"Piazzali","app":11.22,"app_bas":9.45,"app_haut":13.33,"app_ech":"maille","app_obs":0,"mai":8.8,"mai_bas":6.91,"mai_haut":11.21,"mai_ech":"maille","mai_obs":0,"a12":13.98,"a3":9.06},"geometry":{"type":"Polygon","coordinates":[[[9.4129,42.3178],[9.4028,42.3156],[9.4012,42.3225],[9.4074,42.3246],[9.4129,42.3178]]]}},{"type":"Feature","properties":{"code":"2B265","nom":"Rutali","app":12.36,"app_bas":10.27,"app_haut":14.88,"app_ech":"maille","app_obs":1,"mai":8.8,"mai_bas":6.91,"mai_haut":11.21,"mai_ech":"maille","mai_obs":1,"a12":16.48,"a3":10.83},"geometry":{"type":"Polygon","coordinates":[[[9.3667,42.5554],[9.364,42.564],[9.3533,42.5692],[9.3467,42.582],[9.3498,42.5862],[9.379,42.5994],[9.3932,42.5978],[9.3973,42.6047],[9.4163,42.6052],[9.418,42.602],[9.4129,42.5885],[9.4148,42.5865],[9.3975,42.5769],[9.3829,42.5639],[9.3819,42.5601],[9.3751,42.556],[9.3667,42.5554]]]}},{"type":"Feature","properties":{"code":"2B305","nom":"San-Martino-di-Lota","app":16.68,"app_bas":13.16,"app_haut":21.13,"app_ech":"commune","app_obs":243,"mai":11.06,"mai_bas":8.06,"mai_haut":15.18,"mai_ech":"maille","mai_obs":30,"a12":16.24,"a3":12.99},"geometry":{"type":"Polygon","coordinates":[[[9.3954,42.7405],[9.4085,42.7382],[9.4202,42.7407],[9.4228,42.7437],[9.4613,42.7402],[9.4625,42.7356],[9.4563,42.7176],[9.4487,42.7216],[9.4349,42.7246],[9.3965,42.7278],[9.3954,42.7405]]]}},{"type":"Feature","properties":{"code":"2B221","nom":"Piedipartino","app":11.22,"app_bas":9.45,"app_haut":13.33,"app_ech":"maille","app_obs":0,"mai":8.8,"mai_bas":6.91,"mai_haut":11.21,"mai_ech":"maille","mai_obs":0,"a12":13.32,"a3":9.06},"geometry":{"type":"Polygon","coordinates":[[[9.3606,42.3699],[9.3648,42.3713],[9.3476,42.3558],[9.3449,42.3473],[9.3393,42.3421],[9.3342,42.346],[9.3313,42.3598],[9.3606,42.3699]]]}},{"type":"Feature","properties":{"code":"2B013","nom":"Alzi","app":11.22,"app_bas":9.45,"app_haut":13.33,"app_ech":"maille","app_obs":0,"mai":8.8,"mai_bas":6.91,"mai_haut":11.21,"mai_ech":"maille","mai_obs":0,"a12":16.94,"a3":10.3},"geometry":{"type":"Polygon","coordinates":[[[9.341,42.3259],[9.3245,42.3158],[9.305,42.3014],[9.294,42.3009],[9.2966,42.3067],[9.3061,42.3122],[9.3152,42.3154],[9.3273,42.3242],[9.341,42.3259]]]}},{"type":"Feature","properties":{"code":"2B025","nom":"Avapessa","app":13.09,"app_bas":10.54,"app_haut":16.26,"app_ech":"maille","app_obs":1,"mai":12.38,"mai_bas":8.82,"mai_haut":17.38,"mai_ech":"epci","mai_obs":0,"a12":13.98,"a3":12.06},"geometry":{"type":"Polygon","coordinates":[[[8.9163,42.5687],[8.9135,42.5646],[8.8949,42.55],[8.8768,42.5548],[8.8795,42.5599],[8.8924,42.5667],[8.9067,42.565],[8.9163,42.5687]]]}},{"type":"Feature","properties":{"code":"2B182","nom":"Occhiatana","app":13.09,"app_bas":10.54,"app_haut":16.26,"app_ech":"maille","app_obs":2,"mai":9.72,"mai_bas":6.93,"mai_haut":13.64,"mai_ech":"maille","mai_obs":0,"a12":16.48,"a3":12.06},"geometry":{"type":"Polygon","coordinates":[[[9.0044,42.569],[8.9978,42.5919],[8.9863,42.6129],[8.9803,42.6393],[9.0002,42.6418],[8.9996,42.6214],[8.998,42.6136],[9.0049,42.5914],[9.011,42.5816],[9.019,42.576],[9.0326,42.5762],[9.038,42.5733],[9.0328,42.563],[9.0204,42.5519],[9.0082,42.5594],[9.0044,42.569]]]}},{"type":"Feature","properties":{"code":"2B165","nom":"Moncale","app":12.69,"app_bas":9.84,"app_haut":16.35,"app_ech":"maille","app_obs":4,"mai":12.38,"mai_bas":8.82,"mai_haut":17.38,"mai_ech":"epci","mai_obs":3,"a12":16.94,"a3":12.06},"geometry":{"type":"Polygon","coordinates":[[[8.801,42.4976],[8.7997,42.5118],[8.8027,42.513],[8.816,42.5085],[8.8335,42.5185],[8.8402,42.5165],[8.8431,42.5107],[8.8405,42.5045],[8.8344,42.5029],[8.828,42.4951],[8.8202,42.4928],[8.8105,42.4861],[8.8055,42.487],[8.801,42.4976]]]}},{"type":"Feature","properties":{"code":"2B354","nom":"Vivario","app":14.6,"app_bas":11.37,"app_haut":18.74,"app_ech":"maille","app_obs":3,"mai":11.17,"mai_bas":8.72,"mai_haut":14.31,"mai_ech":"maille","mai_obs":0,"a12":16.94,"a3":10.3},"geometry":{"type":"Polygon","coordinates":[[[9.072,42.13],[9.0752,42.1393],[9.0653,42.1645],[9.0506,42.17],[9.0481,42.1757],[9.049,42.193],[9.0574,42.1946],[9.0793,42.1916],[9.1164,42.1844],[9.1251,42.1843],[9.1531,42.1947],[9.1682,42.1932],[9.1796,42.1719],[9.1727,42.1469],[9.1801,42.1406],[9.1754,42.1321],[9.1684,42.1268],[9.151,42.1044],[9.1337,42.0905],[9.1197,42.1078],[9.1037,42.1165],[9.0933,42.1152],[9.0818,42.1259],[9.072,42.13]]]}}]}