{"type":"FeatureCollection","features":[{"type":"Feature","properties":{"code":"31046","nom":"Baren","app":9.31,"app_bas":7.58,"app_haut":11.43,"app_ech":"maille","app_obs":0,"mai":9.05,"mai_bas":6.5,"mai_haut":12.59,"mai_ech":"epci","mai_obs":0},"geometry":{"type":"Polygon","coordinates":[[[0.6153,42.8724],[0.6301,42.8717],[0.6502,42.8726],[0.6582,42.8665],[0.6579,42.8643],[0.6319,42.8634],[0.6151,42.865],[0.6133,42.8702],[0.6153,42.8724]]]}},{"type":"Feature","properties":{"code":"31137","nom":"Cessales","app":9.83,"app_bas":8.02,"app_haut":12.04,"app_ech":"maille","app_obs":5,"mai":8.63,"mai_bas":6.6,"mai_haut":11.3,"mai_ech":"maille","mai_obs":5},"geometry":{"type":"Polygon","coordinates":[[[1.7423,43.4687],[1.7512,43.4667],[1.7545,43.4616],[1.7578,43.4521],[1.7497,43.4482],[1.7342,43.4516],[1.7423,43.4687]]]}},{"type":"Feature","properties":{"code":"31162","nom":"Donneville","app":11.68,"app_bas":10,"app_haut":13.65,"app_ech":"maille","app_obs":5,"mai":13.02,"mai_bas":9.79,"mai_haut":17.32,"mai_ech":"maille","mai_obs":23},"geometry":{"type":"Polygon","coordinates":[[[1.5649,43.4763],[1.5561,43.4703],[1.5507,43.4632],[1.5412,43.4653],[1.537,43.4712],[1.5441,43.478],[1.5571,43.4832],[1.5649,43.4763]]]}},{"type":"Feature","properties":{"code":"31165","nom":"Eaunes","app":12.83,"app_bas":11.12,"app_haut":14.8,"app_ech":"commune","app_obs":432,"mai":11.28,"mai_bas":9.45,"mai_haut":13.48,"mai_ech":"commune","mai_obs":301},"geometry":{"type":"Polygon","coordinates":[[[1.3723,43.4594],[1.381,43.4579],[1.3829,43.4426],[1.3786,43.4374],[1.3752,43.4166],[1.3704,43.4053],[1.3648,43.4074],[1.3502,43.4077],[1.3375,43.4053],[1.334,43.4107],[1.3233,43.4091],[1.3282,43.4218],[1.3389,43.4256],[1.3575,43.4399],[1.3583,43.4471],[1.3701,43.4541],[1.3723,43.4594]]]}},{"type":"Feature","properties":{"code":"31249","nom":"Labastide-Beauvoir","app":11.75,"app_bas":10.6,"app_haut":13.02,"app_ech":"maille","app_obs":37,"mai":9.3,"mai_bas":7.26,"mai_haut":11.92,"mai_ech":"maille","mai_obs":58},"geometry":{"type":"Polygon","coordinates":[[[1.6803,43.4899],[1.6836,43.4836],[1.6784,43.4689],[1.6732,43.4632],[1.6654,43.4683],[1.6543,43.4671],[1.6419,43.4785],[1.6499,43.4919],[1.6451,43.4959],[1.6503,43.5012],[1.6568,43.5023],[1.6759,43.4987],[1.6803,43.4899]]]}},{"type":"Feature","properties":{"code":"31421","nom":"Pins-Justaret","app":12.46,"app_bas":11.19,"app_haut":13.89,"app_ech":"commune","app_obs":457,"mai":10.56,"mai_bas":8.65,"mai_haut":12.89,"mai_ech":"commune","mai_obs":173},"geometry":{"type":"Polygon","coordinates":[[[1.4108,43.4937],[1.4089,43.4822],[1.4071,43.4776],[1.3935,43.4743],[1.3844,43.4774],[1.377,43.471],[1.3698,43.4809],[1.3722,43.4856],[1.3924,43.4871],[1.4108,43.4937]]]}},{"type":"Feature","properties":{"code":"31547","nom":"Seysses","app":12.04,"app_bas":10.47,"app_haut":13.84,"app_ech":"commune","app_obs":1359,"mai":10.34,"mai_bas":8.25,"mai_haut":12.96,"mai_ech":"commune","mai_obs":486},"geometry":{"type":"Polygon","coordinates":[[[1.3329,43.5068],[1.3296,43.4895],[1.3165,43.4776],[1.3107,43.4755],[1.2748,43.4823],[1.2549,43.4917],[1.2312,43.4954],[1.2435,43.5041],[1.2482,43.5191],[1.2567,43.5162],[1.2718,43.5157],[1.2845,43.5191],[1.3185,43.5117],[1.3329,43.5068]]]}},{"type":"Feature","properties":{"code":"31022","nom":"Aucamville","app":13.03,"app_bas":11.28,"app_haut":15.06,"app_ech":"commune","app_obs":1779,"mai":11.67,"mai_bas":9.77,"mai_haut":13.93,"mai_ech":"commune","mai_obs":281},"geometry":{"type":"Polygon","coordinates":[[[1.4119,43.6667],[1.4065,43.6844],[1.4228,43.6787],[1.426,43.6733],[1.4425,43.6779],[1.4398,43.6685],[1.4306,43.6591],[1.4219,43.661],[1.4119,43.6667]]]}},{"type":"Feature","properties":{"code":"31294","nom":"Lespiteau","app":9.17,"app_bas":7.29,"app_haut":11.55,"app_ech":"maille","app_obs":0,"mai":7.92,"mai_bas":5.92,"mai_haut":10.6,"mai_ech":"maille","mai_obs":1},"geometry":{"type":"Polygon","coordinates":[[[0.7625,43.0723],[0.7713,43.0695],[0.7694,43.0602],[0.7607,43.0571],[0.7493,43.069],[0.7625,43.0723]]]}},{"type":"Feature","properties":{"code":"31483","nom":"Saint-Gaudens","app":9.79,"app_bas":7.95,"app_haut":12.06,"app_ech":"commune","app_obs":2580,"mai":10.32,"mai_bas":7.91,"mai_haut":13.46,"mai_ech":"commune","mai_obs":461},"geometry":{"type":"Polygon","coordinates":[[[0.6901,43.1393],[0.7001,43.1401],[0.7061,43.1347],[0.7175,43.1349],[0.7274,43.1465],[0.7492,43.1537],[0.7496,43.1617],[0.7539,43.1555],[0.7533,43.1492],[0.7605,43.1447],[0.7557,43.1427],[0.7544,43.1308],[0.7586,43.1205],[0.7555,43.1153],[0.7575,43.1045],[0.7449,43.1007],[0.737,43.0917],[0.7303,43.0803],[0.7268,43.0809],[0.7245,43.0891],[0.707,43.0973],[0.6915,43.1018],[0.696,43.1147],[0.6933,43.1197],[0.6901,43.1393]]]}},{"type":"Feature","properties":{"code":"31519","nom":"Saint-Vincent","app":11.68,"app_bas":10,"app_haut":13.65,"app_ech":"maille","app_obs":9,"mai":9.3,"mai_bas":7.26,"mai_haut":11.92,"mai_ech":"maille","mai_obs":0},"geometry":{"type":"Polygon","coordinates":[[[1.7578,43.4521],[1.7657,43.4499],[1.7691,43.4333],[1.7627,43.4269],[1.7451,43.4336],[1.7502,43.442],[1.7497,43.4482],[1.7578,43.4521]]]}},{"type":"Feature","properties":{"code":"31163","nom":"Drémil-Lafage","app":13.68,"app_bas":11.9,"app_haut":15.73,"app_ech":"maille","app_obs":29,"mai":12.01,"mai_bas":9.51,"mai_haut":15.18,"mai_ech":"maille","mai_obs":85},"geometry":{"type":"Polygon","coordinates":[[[1.6123,43.5658],[1.5995,43.5685],[1.6002,43.5733],[1.5913,43.5798],[1.5847,43.5811],[1.5695,43.5757],[1.5681,43.5818],[1.5839,43.5915],[1.5861,43.5982],[1.5934,43.5965],[1.5964,43.6134],[1.6026,43.6184],[1.6171,43.6101],[1.6136,43.6059],[1.6261,43.6022],[1.6318,43.6032],[1.6259,43.5927],[1.6188,43.586],[1.6103,43.5742],[1.6123,43.5658]]]}},{"type":"Feature","properties":{"code":"31317","nom":"Marignac-Lasclares","app":8.71,"app_bas":7.21,"app_haut":10.52,"app_ech":"maille","app_obs":6,"mai":10.24,"mai_bas":8.13,"mai_haut":12.9,"mai_ech":"maille","mai_obs":5},"geometry":{"type":"Polygon","coordinates":[[[1.1403,43.309],[1.1229,43.2944],[1.1109,43.2879],[1.0978,43.2905],[1.0889,43.2953],[1.0794,43.3079],[1.0854,43.3207],[1.1403,43.309]]]}},{"type":"Feature","properties":{"code":"31343","nom":"Mirambeau","app":9.31,"app_bas":7.65,"app_haut":11.33,"app_ech":"maille","app_obs":1,"mai":10.24,"mai_bas":8.13,"mai_haut":12.9,"mai_ech":"maille","mai_obs":0},"geometry":{"type":"Polygon","coordinates":[[[0.8444,43.4099],[0.8571,43.4145],[0.8856,43.41],[0.8766,43.4062],[0.8728,43.3937],[0.8669,43.3941],[0.8519,43.4038],[0.8471,43.4037],[0.8444,43.4099]]]}},{"type":"Feature","properties":{"code":"31364","nom":"Montberon","app":11.56,"app_bas":9.79,"app_haut":13.66,"app_ech":"maille","app_obs":83,"mai":11.62,"mai_bas":9.23,"mai_haut":14.63,"mai_ech":"commune","mai_obs":172},"geometry":{"type":"Polygon","coordinates":[[[1.4899,43.7074],[1.4823,43.7048],[1.4763,43.7097],[1.4751,43.7154],[1.4673,43.7242],[1.4688,43.7269],[1.4763,43.7266],[1.4874,43.7331],[1.496,43.7324],[1.5128,43.7247],[1.4899,43.7074]]]}},{"type":"Feature","properties":{"code":"31373","nom":"Montesquieu-Guittaut","app":9.49,"app_bas":7.65,"app_haut":11.79,"app_ech":"maille","app_obs":0,"mai":9,"mai_bas":6.61,"mai_haut":12.26,"mai_ech":"maille","mai_obs":0},"geometry":{"type":"Polygon","coordinates":[[[0.7835,43.3568],[0.7822,43.3509],[0.7879,43.3404],[0.7776,43.3308],[0.7863,43.3243],[0.7801,43.3168],[0.7634,43.3208],[0.75,43.3262],[0.7552,43.3343],[0.7528,43.3428],[0.7421,43.3482],[0.7473,43.354],[0.7699,43.3543],[0.7835,43.3568]]]}},{"type":"Feature","properties":{"code":"31407","nom":"Paulhac","app":11.94,"app_bas":9.6,"app_haut":14.85,"app_ech":"maille","app_obs":16,"mai":10.59,"mai_bas":8.5,"mai_haut":13.19,"mai_ech":"maille","mai_obs":37},"geometry":{"type":"Polygon","coordinates":[[[1.5823,43.7408],[1.5663,43.7404],[1.5514,43.7291],[1.5503,43.7293],[1.5452,43.732],[1.5295,43.7347],[1.5342,43.7446],[1.5254,43.7526],[1.5273,43.7576],[1.535,43.7579],[1.5478,43.7634],[1.5541,43.7723],[1.5598,43.7883],[1.5677,43.7909],[1.5746,43.7875],[1.5679,43.7814],[1.5643,43.7677],[1.5709,43.7533],[1.5863,43.7483],[1.5823,43.7408]]]}},{"type":"Feature","properties":{"code":"31473","nom":"Saint-Cézert","app":10.66,"app_bas":8.6,"app_haut":13.21,"app_ech":"maille","app_obs":21,"mai":10.61,"mai_bas":8.44,"mai_haut":13.34,"mai_ech":"maille","mai_obs":10},"geometry":{"type":"Polygon","coordinates":[[[1.2072,43.7692],[1.1747,43.7674],[1.171,43.7781],[1.1658,43.7849],[1.1734,43.7915],[1.1832,43.7941],[1.1984,43.7921],[1.2129,43.7929],[1.219,43.7861],[1.2176,43.7819],[1.2085,43.7797],[1.21,43.7711],[1.2072,43.7692]]]}},{"type":"Feature","properties":{"code":"31544","nom":"Sengouagnet","app":9.21,"app_bas":7.37,"app_haut":11.5,"app_ech":"maille","app_obs":0,"mai":8.49,"mai_bas":6.12,"mai_haut":11.77,"mai_ech":"maille","mai_obs":1},"geometry":{"type":"Polygon","coordinates":[[[0.7727,42.9957],[0.7887,42.9974],[0.7936,42.9947],[0.7947,42.9836],[0.7894,42.9743],[0.7953,42.9647],[0.8036,42.9566],[0.8154,42.9501],[0.8035,42.9315],[0.7892,42.9326],[0.7661,42.9275],[0.7491,42.9301],[0.754,42.9358],[0.7583,42.9429],[0.7644,42.9457],[0.775,42.9599],[0.7804,42.9782],[0.7666,42.9943],[0.7727,42.9957]]]}},{"type":"Feature","properties":{"code":"31546","nom":"Seyre","app":12.01,"app_bas":10.22,"app_haut":14.11,"app_ech":"maille","app_obs":0,"mai":9.3,"mai_bas":7.26,"mai_haut":11.92,"mai_ech":"maille","mai_obs":3},"geometry":{"type":"Polygon","coordinates":[[[1.6787,43.3624],[1.6707,43.3531],[1.6639,43.3526],[1.6512,43.3641],[1.649,43.3755],[1.6722,43.3693],[1.6787,43.3624]]]}},{"type":"Feature","properties":{"code":"31024","nom":"Auragne","app":12.15,"app_bas":10.56,"app_haut":13.99,"app_ech":"maille","app_obs":3,"mai":9.4,"mai_bas":7.13,"mai_haut":12.4,"mai_ech":"maille","mai_obs":28},"geometry":{"type":"Polygon","coordinates":[[[1.4797,43.4098],[1.4872,43.4103],[1.4973,43.4068],[1.51,43.4068],[1.5383,43.3933],[1.5437,43.376],[1.5223,43.3758],[1.5192,43.3717],[1.4902,43.3828],[1.4875,43.391],[1.4758,43.3968],[1.4811,43.4072],[1.4797,43.4098]]]}},{"type":"Feature","properties":{"code":"31159","nom":"Cuing","app":8.93,"app_bas":7.12,"app_haut":11.22,"app_ech":"maille","app_obs":3,"mai":8.34,"mai_bas":6.46,"mai_haut":10.77,"mai_ech":"maille","mai_obs":4},"geometry":{"type":"Polygon","coordinates":[[[0.5891,43.1492],[0.5899,43.1576],[0.6162,43.1697],[0.617,43.1619],[0.621,43.1574],[0.629,43.1573],[0.6398,43.1514],[0.6536,43.1517],[0.6532,43.1483],[0.6449,43.1467],[0.6311,43.1384],[0.6151,43.1318],[0.5938,43.1265],[0.5869,43.1305],[0.5891,43.1492]]]}},{"type":"Feature","properties":{"code":"31197","nom":"Franquevielle","app":8.34,"app_bas":6.74,"app_haut":10.33,"app_ech":"maille","app_obs":2,"mai":9.99,"mai_bas":7.67,"mai_haut":13.01,"mai_ech":"maille","mai_obs":13},"geometry":{"type":"Polygon","coordinates":[[[0.5035,43.1322],[0.5208,43.1354],[0.5313,43.139],[0.5451,43.1464],[0.5542,43.1437],[0.5599,43.1456],[0.5681,43.1269],[0.5576,43.1233],[0.5416,43.1217],[0.5256,43.1231],[0.5114,43.1192],[0.4978,43.118],[0.4933,43.1274],[0.5035,43.1322]]]}},{"type":"Feature","properties":{"code":"31305","nom":"Loudet","app":10.01,"app_bas":8.05,"app_haut":12.46,"app_ech":"maille","app_obs":0,"mai":9.99,"mai_bas":7.67,"mai_haut":13.01,"mai_ech":"maille","mai_obs":1},"geometry":{"type":"Polygon","coordinates":[[[0.5869,43.1305],[0.5681,43.1269],[0.5599,43.1456],[0.5788,43.1528],[0.5891,43.1492],[0.5869,43.1305]]]}},{"type":"Feature","properties":{"code":"31346","nom":"Mirepoix-sur-Tarn","app":11.39,"app_bas":9.23,"app_haut":14.05,"app_ech":"maille","app_obs":1,"mai":9.93,"mai_bas":7.98,"mai_haut":12.35,"mai_ech":"maille","mai_obs":39},"geometry":{"type":"Polygon","coordinates":[[[1.5624,43.8135],[1.5519,43.8163],[1.566,43.8238],[1.5727,43.8299],[1.5727,43.8362],[1.5912,43.8436],[1.5932,43.8431],[1.588,43.8203],[1.5886,43.8172],[1.5785,43.8125],[1.5624,43.8135]]]}},{"type":"Feature","properties":{"code":"31027","nom":"Auribail","app":10.58,"app_bas":8.87,"app_haut":12.63,"app_ech":"maille","app_obs":1,"mai":9.5,"mai_bas":7.39,"mai_haut":12.22,"mai_ech":"maille","mai_obs":12},"geometry":{"type":"Polygon","coordinates":[[[1.355,43.3484],[1.3777,43.3596],[1.3834,43.3669],[1.3905,43.358],[1.4004,43.3548],[1.3959,43.3396],[1.3924,43.3362],[1.3771,43.3336],[1.3714,43.3369],[1.3632,43.3313],[1.3547,43.3301],[1.3447,43.3353],[1.3537,43.3404],[1.355,43.3484]]]}},{"type":"Feature","properties":{"code":"31145","nom":"Cintegabelle","app":12.5,"app_bas":10.01,"app_haut":15.61,"app_ech":"commune","app_obs":101,"mai":10.92,"mai_bas":8.22,"mai_haut":14.51,"mai_ech":"commune","mai_obs":126},"geometry":{"type":"Polygon","coordinates":[[[1.4801,43.3203],[1.4842,43.3333],[1.4952,43.3382],[1.511,43.3357],[1.5188,43.3463],[1.5362,43.345],[1.5467,43.3405],[1.5534,43.3431],[1.5632,43.3335],[1.5704,43.3198],[1.5952,43.3034],[1.5878,43.2993],[1.5784,43.285],[1.5788,43.2751],[1.5676,43.2695],[1.5733,43.2619],[1.565,43.2533],[1.5475,43.2757],[1.5417,43.2751],[1.5408,43.2782],[1.5187,43.2692],[1.5159,43.2844],[1.5176,43.2894],[1.5018,43.2885],[1.4962,43.2928],[1.4853,43.2962],[1.4836,43.3],[1.4801,43.3203]]]}},{"type":"Feature","properties":{"code":"31188","nom":"Fontenilles","app":11.81,"app_bas":10.37,"app_haut":13.46,"app_ech":"maille","app_obs":70,"mai":10.18,"mai_bas":8.21,"mai_haut":12.62,"mai_ech":"commune","mai_obs":135},"geometry":{"type":"Polygon","coordinates":[[[1.2531,43.5693],[1.2486,43.567],[1.2464,43.5591],[1.2379,43.5524],[1.2222,43.5498],[1.2049,43.543],[1.1975,43.5386],[1.1958,43.5308],[1.1749,43.5323],[1.1713,43.5397],[1.1719,43.5473],[1.1591,43.5486],[1.1564,43.5568],[1.164,43.5724],[1.1612,43.5745],[1.1745,43.5705],[1.1878,43.5721],[1.2163,43.5651],[1.2375,43.5698],[1.2531,43.5693]]]}},{"type":"Feature","properties":{"code":"31210","nom":"Gardouch","app":12.01,"app_bas":10.22,"app_haut":14.11,"app_ech":"maille","app_obs":61,"mai":9.4,"mai_bas":7.13,"mai_haut":12.4,"mai_ech":"maille","mai_obs":76},"geometry":{"type":"Polygon","coordinates":[[[1.7017,43.3619],[1.6949,43.3609],[1.6787,43.3624],[1.6722,43.3693],[1.649,43.3755],[1.6473,43.3968],[1.6484,43.3997],[1.6631,43.395],[1.6688,43.4034],[1.6899,43.4069],[1.7037,43.3934],[1.7051,43.3821],[1.6947,43.3711],[1.7017,43.3619]]]}},{"type":"Feature","properties":{"code":"31251","nom":"Labastide-Paumès","app":9.49,"app_bas":7.65,"app_haut":11.79,"app_ech":"maille","app_obs":6,"mai":9,"mai_bas":6.61,"mai_haut":12.26,"mai_ech":"maille","mai_obs":0},"geometry":{"type":"Polygon","coordinates":[[[0.9272,43.3457],[0.9442,43.3429],[0.9678,43.3364],[0.9727,43.3331],[0.9665,43.3329],[0.9457,43.3286],[0.9449,43.3202],[0.9294,43.3199],[0.9128,43.3262],[0.9084,43.3315],[0.9173,43.3334],[0.9155,43.3393],[0.9201,43.3448],[0.9272,43.3457]]]}},{"type":"Feature","properties":{"code":"31282","nom":"Launaguet","app":12.77,"app_bas":11.3,"app_haut":14.45,"app_ech":"commune","app_obs":1822,"mai":11.75,"mai_bas":9.85,"mai_haut":14.03,"mai_ech":"commune","mai_obs":599},"geometry":{"type":"Polygon","coordinates":[[[1.4425,43.6779],[1.4432,43.6827],[1.4522,43.6858],[1.4592,43.684],[1.4616,43.6842],[1.473,43.6779],[1.4735,43.6673],[1.4577,43.664],[1.46,43.6608],[1.4531,43.6507],[1.4412,43.6548],[1.4398,43.6685],[1.4425,43.6779]]]}},{"type":"Feature","properties":{"code":"31492","nom":"Saint-Julien-sur-Garonne","app":8.71,"app_bas":7.21,"app_haut":10.52,"app_ech":"maille","app_obs":22,"mai":10.24,"mai_bas":8.13,"mai_haut":12.9,"mai_ech":"maille","mai_obs":26},"geometry":{"type":"Polygon","coordinates":[[[1.1289,43.2658],[1.1341,43.2664],[1.1419,43.2727],[1.1525,43.2635],[1.1663,43.2607],[1.1643,43.256],[1.1674,43.2474],[1.1592,43.2446],[1.1552,43.2338],[1.1398,43.2314],[1.134,43.227],[1.1238,43.2307],[1.1298,43.2341],[1.1423,43.2486],[1.1388,43.2557],[1.1289,43.2658]]]}},{"type":"Feature","properties":{"code":"31174","nom":"Estadens","app":9.17,"app_bas":7.29,"app_haut":11.55,"app_ech":"maille","app_obs":0,"mai":7.92,"mai_bas":5.92,"mai_haut":10.6,"mai_ech":"maille","mai_obs":8},"geometry":{"type":"Polygon","coordinates":[[[0.8013,43.0386],[0.8378,43.0466],[0.8403,43.046],[0.8572,43.0546],[0.865,43.0541],[0.8769,43.0487],[0.8799,43.0424],[0.8737,43.0382],[0.8753,43.029],[0.8707,43.0246],[0.8615,43.0193],[0.8568,43.0121],[0.8497,43.0156],[0.8318,43.0167],[0.8199,43.0241],[0.7992,43.0339],[0.7985,43.0363],[0.8013,43.0386]]]}},{"type":"Feature","properties":{"code":"31217","nom":"Génos","app":9.49,"app_bas":6.59,"app_haut":13.66,"app_ech":"maille","app_obs":0,"mai":9.99,"mai_bas":7.67,"mai_haut":13.01,"mai_ech":"maille","mai_obs":1},"geometry":{"type":"Polygon","coordinates":[[[0.6532,42.9998],[0.6736,43.0097],[0.681,43.0034],[0.6834,42.9936],[0.6646,42.9911],[0.6559,42.9918],[0.6532,42.9998]]]}},{"type":"Feature","properties":{"code":"31255","nom":"Labroquère","app":10.01,"app_bas":8.05,"app_haut":12.46,"app_ech":"maille","app_obs":1,"mai":9.99,"mai_bas":7.67,"mai_haut":13.01,"mai_ech":"maille","mai_obs":2},"geometry":{"type":"Polygon","coordinates":[[[0.5932,43.0354],[0.5669,43.0374],[0.5655,43.0409],[0.5785,43.0439],[0.5875,43.0505],[0.6037,43.0528],[0.6048,43.0522],[0.6062,43.0511],[0.6081,43.034],[0.5932,43.0354]]]}},{"type":"Feature","properties":{"code":"31068","nom":"Billière","app":9.49,"app_bas":6.59,"app_haut":13.66,"app_ech":"maille","app_obs":0,"mai":9.05,"mai_bas":6.5,"mai_haut":12.59,"mai_ech":"epci","mai_obs":2},"geometry":{"type":"Polygon","coordinates":[[[0.5229,42.8337],[0.5302,42.8211],[0.5422,42.8122],[0.5222,42.8063],[0.5229,42.8337]]]}},{"type":"Feature","properties":{"code":"31176","nom":"Esténos","app":9.21,"app_bas":7.37,"app_haut":11.5,"app_ech":"maille","app_obs":4,"mai":9.05,"mai_bas":6.5,"mai_haut":12.59,"mai_ech":"epci","mai_obs":1},"geometry":{"type":"Polygon","coordinates":[[[0.6451,42.9462],[0.6495,42.9347],[0.6468,42.9328],[0.6287,42.9333],[0.6154,42.9368],[0.6285,42.9438],[0.6355,42.9515],[0.642,42.9529],[0.6451,42.9462]]]}},{"type":"Feature","properties":{"code":"31379","nom":"Montgazin","app":10.58,"app_bas":8.87,"app_haut":12.63,"app_ech":"maille","app_obs":0,"mai":11.13,"mai_bas":8.81,"mai_haut":14.05,"mai_ech":"maille","mai_obs":2},"geometry":{"type":"Polygon","coordinates":[[[1.3047,43.3199],[1.3099,43.3186],[1.3175,43.3102],[1.324,43.3094],[1.318,43.2959],[1.305,43.2982],[1.3031,43.2894],[1.2925,43.2884],[1.2907,43.2935],[1.2916,43.3048],[1.2904,43.3208],[1.3047,43.3199]]]}},{"type":"Feature","properties":{"code":"31390","nom":"Montréjeau","app":10.02,"app_bas":8.06,"app_haut":12.45,"app_ech":"commune","app_obs":756,"mai":9.26,"mai_bas":7.17,"mai_haut":11.97,"mai_ech":"commune","mai_obs":103},"geometry":{"type":"Polygon","coordinates":[[[0.5639,43.0742],[0.5468,43.0813],[0.5331,43.0828],[0.5326,43.0939],[0.5472,43.0966],[0.5553,43.1011],[0.5634,43.0989],[0.5748,43.0994],[0.5795,43.0905],[0.5866,43.085],[0.5808,43.0796],[0.5687,43.0776],[0.5639,43.0742]]]}},{"type":"Feature","properties":{"code":"31553","nom":"Thil","app":10.56,"app_bas":8.83,"app_haut":12.62,"app_ech":"commune","app_obs":106,"mai":9.32,"mai_bas":7.05,"mai_haut":12.32,"mai_ech":"maille","mai_obs":41},"geometry":{"type":"Polygon","coordinates":[[[1.14,43.7323],[1.1623,43.7301],[1.1843,43.7324],[1.1881,43.7198],[1.1818,43.7096],[1.1781,43.6962],[1.18,43.6888],[1.1681,43.68],[1.1572,43.6842],[1.1496,43.6924],[1.1316,43.6944],[1.1335,43.6986],[1.1196,43.6986],[1.1128,43.6996],[1.1188,43.7246],[1.14,43.7323]]]}},{"type":"Feature","properties":{"code":"31566","nom":"Vallègue","app":9.83,"app_bas":8.02,"app_haut":12.04,"app_ech":"maille","app_obs":1,"mai":9.3,"mai_bas":7.26,"mai_haut":11.92,"mai_ech":"maille","mai_obs":11},"geometry":{"type":"Polygon","coordinates":[[[1.7377,43.4299],[1.7451,43.4336],[1.7627,43.4269],[1.7691,43.4333],[1.7741,43.4309],[1.7635,43.4166],[1.7471,43.4175],[1.7395,43.4255],[1.7331,43.4278],[1.7377,43.4299]]]}},{"type":"Feature","properties":{"code":"31074","nom":"Bonrepos-Riquet","app":11.29,"app_bas":9.83,"app_haut":12.97,"app_ech":"maille","app_obs":0,"mai":11.01,"mai_bas":8.31,"mai_haut":14.59,"mai_ech":"maille","mai_obs":6},"geometry":{"type":"Polygon","coordinates":[[[1.6464,43.6789],[1.6406,43.6779],[1.6354,43.6662],[1.6281,43.6615],[1.6205,43.6683],[1.6036,43.6719],[1.6016,43.6755],[1.6094,43.6851],[1.6228,43.6894],[1.6464,43.6789]]]}},{"type":"Feature","properties":{"code":"31090","nom":"Brignemont","app":7.28,"app_bas":5.99,"app_haut":8.85,"app_ech":"maille","app_obs":3,"mai":7.78,"mai_bas":5.82,"mai_haut":10.41,"mai_ech":"maille","mai_obs":4},"geometry":{"type":"Polygon","coordinates":[[[0.9922,43.7439],[0.9754,43.7595],[0.9661,43.7596],[0.9676,43.7628],[0.9601,43.7712],[0.953,43.7844],[0.954,43.7874],[0.9561,43.7893],[0.9778,43.7864],[0.9825,43.7905],[0.9877,43.7849],[0.9943,43.7833],[1.0084,43.7744],[1.0189,43.7891],[1.0323,43.7822],[1.046,43.784],[1.0372,43.7629],[1.0186,43.7522],[1.0042,43.7498],[1.0026,43.7452],[0.9922,43.7439]]]}},{"type":"Feature","properties":{"code":"31183","nom":"Figarol","app":9.21,"app_bas":7.37,"app_haut":11.5,"app_ech":"maille","app_obs":2,"mai":8.58,"mai_bas":6.72,"mai_haut":10.97,"mai_ech":"maille","mai_obs":2},"geometry":{"type":"Polygon","coordinates":[[[0.8883,43.1015],[0.9074,43.1045],[0.9329,43.0868],[0.9243,43.0713],[0.9178,43.0681],[0.9171,43.073],[0.9049,43.076],[0.8992,43.0747],[0.8914,43.0675],[0.8881,43.0671],[0.8836,43.0722],[0.8824,43.083],[0.8883,43.1015]]]}},{"type":"Feature","properties":{"code":"31221","nom":"Gouaux-de-Larboust","app":9.49,"app_bas":6.59,"app_haut":13.66,"app_ech":"maille","app_obs":3,"mai":9.05,"mai_bas":6.5,"mai_haut":12.59,"mai_ech":"epci","mai_obs":0},"geometry":{"type":"Polygon","coordinates":[[[0.4631,42.7901],[0.485,42.7992],[0.5019,42.8005],[0.4974,42.7963],[0.4996,42.782],[0.4885,42.7746],[0.4839,42.7674],[0.4635,42.7595],[0.4559,42.7699],[0.456,42.7806],[0.4631,42.7901]]]}},{"type":"Feature","properties":{"code":"31238","nom":"Huos","app":8.93,"app_bas":7.12,"app_haut":11.22,"app_ech":"maille","app_obs":12,"mai":9.99,"mai_bas":7.67,"mai_haut":13.01,"mai_ech":"maille","mai_obs":28},"geometry":{"type":"Polygon","coordinates":[[[0.6048,43.0522],[0.5917,43.0572],[0.5959,43.0616],[0.5886,43.0672],[0.589,43.078],[0.6032,43.0824],[0.612,43.0744],[0.6048,43.0522]]]}},{"type":"Feature","properties":{"code":"31530","nom":"Sana","app":9.64,"app_bas":7.88,"app_haut":11.79,"app_ech":"maille","app_obs":0,"mai":8.36,"mai_bas":6.39,"mai_haut":10.92,"mai_ech":"maille","mai_obs":3},"geometry":{"type":"Polygon","coordinates":[[[0.9984,43.2282],[1.0032,43.2357],[1.0159,43.236],[1.0221,43.2313],[1.0239,43.2208],[1.0184,43.2223],[1.0082,43.2197],[1.0007,43.221],[0.9984,43.2282]]]}},{"type":"Feature","properties":{"code":"31560","nom":"Trébons-sur-la-Grasse","app":11.68,"app_bas":10,"app_haut":13.65,"app_ech":"maille","app_obs":2,"mai":9.3,"mai_bas":7.26,"mai_haut":11.92,"mai_ech":"maille","mai_obs":8},"geometry":{"type":"Polygon","coordinates":[[[1.7377,43.4299],[1.721,43.4342],[1.7101,43.4386],[1.7028,43.4458],[1.7041,43.4494],[1.6959,43.4537],[1.6986,43.463],[1.6935,43.4651],[1.7026,43.4712],[1.7094,43.4676],[1.7193,43.4644],[1.7342,43.4516],[1.7497,43.4482],[1.7502,43.442],[1.7451,43.4336],[1.7377,43.4299]]]}},{"type":"Feature","properties":{"code":"31088","nom":"Brax","app":11.65,"app_bas":10.18,"app_haut":13.34,"app_ech":"commune","app_obs":135,"mai":11.93,"mai_bas":9.48,"mai_haut":15.01,"mai_ech":"commune","mai_obs":161},"geometry":{"type":"Polygon","coordinates":[[[1.2038,43.62],[1.2089,43.626],[1.2209,43.622],[1.2554,43.616],[1.2571,43.6105],[1.2481,43.6066],[1.2356,43.6071],[1.2242,43.611],[1.2159,43.6175],[1.2038,43.62]]]}},{"type":"Feature","properties":{"code":"31139","nom":"Chaum","app":9.21,"app_bas":7.37,"app_haut":11.5,"app_ech":"maille","app_obs":0,"mai":9.05,"mai_bas":6.5,"mai_haut":12.59,"mai_ech":"epci","mai_obs":5},"geometry":{"type":"Polygon","coordinates":[[[0.6668,42.926],[0.6517,42.9264],[0.6451,42.9462],[0.6659,42.9506],[0.6962,42.9487],[0.6823,42.941],[0.6665,42.9369],[0.6638,42.932],[0.6671,42.9288],[0.6668,42.926]]]}},{"type":"Feature","properties":{"code":"31470","nom":"Saint-Aventin","app":9.49,"app_bas":6.59,"app_haut":13.66,"app_ech":"maille","app_obs":4,"mai":9.05,"mai_bas":6.5,"mai_haut":12.59,"mai_ech":"epci","mai_obs":5},"geometry":{"type":"Polygon","coordinates":[[[0.5939,42.7043],[0.5892,42.7077],[0.5762,42.7326],[0.5732,42.754],[0.5707,42.7602],[0.5586,42.7699],[0.5529,42.7789],[0.5601,42.7937],[0.556,42.7984],[0.5406,42.8031],[0.5422,42.8122],[0.5606,42.8065],[0.5659,42.7977],[0.5748,42.7952],[0.5713,42.7851],[0.5921,42.7547],[0.6018,42.747],[0.6007,42.7358],[0.5934,42.7143],[0.5967,42.7056],[0.5939,42.7043]]]}},{"type":"Feature","properties":{"code":"31080","nom":"Boulogne-sur-Gesse","app":8.51,"app_bas":6.74,"app_haut":10.73,"app_ech":"commune","app_obs":163,"mai":7.07,"mai_bas":5.38,"mai_haut":9.29,"mai_ech":"maille","mai_obs":67},"geometry":{"type":"Polygon","coordinates":[[[0.6146,43.2778],[0.6163,43.289],[0.6328,43.2927],[0.6357,43.3001],[0.6144,43.3091],[0.6068,43.3109],[0.6116,43.3157],[0.6404,43.3136],[0.6563,43.3174],[0.6863,43.3004],[0.6798,43.2862],[0.6909,43.2797],[0.6718,43.2683],[0.6576,43.2633],[0.644,43.2677],[0.632,43.2673],[0.6146,43.2778]]]}},{"type":"Feature","properties":{"code":"31153","nom":"Couladère","app":8.71,"app_bas":7.21,"app_haut":10.52,"app_ech":"maille","app_obs":4,"mai":8.36,"mai_bas":6.39,"mai_haut":10.92,"mai_ech":"maille","mai_obs":16},"geometry":{"type":"Polygon","coordinates":[[[1.0903,43.1865],[1.0844,43.1958],[1.0882,43.2049],[1.102,43.2042],[1.1023,43.1881],[1.0903,43.1865]]]}},{"type":"Feature","properties":{"code":"31173","nom":"Esperce","app":10.58,"app_bas":8.87,"app_haut":12.63,"app_ech":"maille","app_obs":1,"mai":9.5,"mai_bas":7.39,"mai_haut":12.22,"mai_ech":"maille","mai_obs":3},"geometry":{"type":"Polygon","coordinates":[[[1.373,43.3101],[1.3746,43.3157],[1.389,43.3181],[1.4149,43.3186],[1.4293,43.3069],[1.4238,43.2984],[1.4315,43.2918],[1.4177,43.2809],[1.4019,43.2776],[1.393,43.2802],[1.3822,43.2882],[1.3654,43.3056],[1.373,43.3101]]]}},{"type":"Feature","properties":{"code":"31448","nom":"Rebigue","app":13.64,"app_bas":12.12,"app_haut":15.36,"app_ech":"maille","app_obs":8,"mai":13.02,"mai_bas":9.79,"mai_haut":17.32,"mai_ech":"maille","mai_obs":25},"geometry":{"type":"Polygon","coordinates":[[[1.4635,43.499],[1.4848,43.5007],[1.4937,43.4918],[1.4993,43.4895],[1.4944,43.4842],[1.4809,43.483],[1.4719,43.4778],[1.4623,43.484],[1.4635,43.499]]]}},{"type":"Feature","properties":{"code":"31098","nom":"Cadours","app":10.66,"app_bas":8.6,"app_haut":13.21,"app_ech":"maille","app_obs":82,"mai":7.78,"mai_bas":5.82,"mai_haut":10.41,"mai_ech":"maille","mai_obs":85},"geometry":{"type":"Polygon","coordinates":[[[1.0863,43.7396],[1.0856,43.7381],[1.077,43.7316],[1.0572,43.7216],[1.0531,43.7085],[1.0561,43.7048],[1.0393,43.713],[1.0273,43.7105],[1.0244,43.713],[1.0222,43.7207],[1.012,43.7277],[1.0204,43.7316],[1.0367,43.7337],[1.0541,43.7396],[1.0555,43.7458],[1.0659,43.7386],[1.0863,43.7396]]]}},{"type":"Feature","properties":{"code":"31198","nom":"Fréchet","app":9.49,"app_bas":7.65,"app_haut":11.79,"app_ech":"maille","app_obs":0,"mai":8.36,"mai_bas":6.39,"mai_haut":10.92,"mai_ech":"maille","mai_obs":1},"geometry":{"type":"Polygon","coordinates":[[[0.9351,43.2039],[0.9399,43.2008],[0.9458,43.1889],[0.9423,43.1857],[0.9461,43.1766],[0.9343,43.1811],[0.9142,43.1848],[0.9156,43.1917],[0.9213,43.1927],[0.9351,43.2039]]]}},{"type":"Feature","properties":{"code":"31227","nom":"Goyrans","app":12.6,"app_bas":10.78,"app_haut":14.74,"app_ech":"maille","app_obs":0,"mai":10.81,"mai_bas":8.83,"mai_haut":13.23,"mai_ech":"maille","mai_obs":11},"geometry":{"type":"Polygon","coordinates":[[[1.4376,43.4914],[1.4451,43.4741],[1.4385,43.4692],[1.4269,43.469],[1.4196,43.4712],[1.4176,43.4767],[1.4089,43.4822],[1.4108,43.4937],[1.4376,43.4914]]]}},{"type":"Feature","properties":{"code":"31244","nom":"Juzet-de-Luchon","app":9.49,"app_bas":6.59,"app_haut":13.66,"app_ech":"maille","app_obs":7,"mai":9.05,"mai_bas":6.5,"mai_haut":12.59,"mai_ech":"epci","mai_obs":4},"geometry":{"type":"Polygon","coordinates":[[[0.6026,42.8068],[0.6046,42.8195],[0.6089,42.819],[0.6129,42.8105],[0.6223,42.8094],[0.6399,42.812],[0.6434,42.8043],[0.66,42.7984],[0.6523,42.7877],[0.6372,42.7913],[0.6157,42.8008],[0.605,42.8015],[0.6026,42.8068]]]}},{"type":"Feature","properties":{"code":"31507","nom":"Saint-Paul-sur-Save","app":10.77,"app_bas":9.27,"app_haut":12.51,"app_ech":"commune","app_obs":167,"mai":11.27,"mai_bas":9.24,"mai_haut":13.75,"mai_ech":"maille","mai_obs":81},"geometry":{"type":"Polygon","coordinates":[[[1.199,43.6857],[1.2024,43.6918],[1.2115,43.6971],[1.2171,43.7144],[1.2404,43.7092],[1.2343,43.6947],[1.2119,43.688],[1.2093,43.6838],[1.199,43.6857]]]}},{"type":"Feature","properties":{"code":"31527","nom":"Salvetat-Lauragais","app":11.15,"app_bas":9.32,"app_haut":13.35,"app_ech":"maille","app_obs":0,"mai":9.36,"mai_bas":7.08,"mai_haut":12.36,"mai_ech":"maille","mai_obs":4},"geometry":{"type":"Polygon","coordinates":[[[1.7904,43.5398],[1.7865,43.5443],[1.794,43.5544],[1.8077,43.5573],[1.8153,43.554],[1.8085,43.5416],[1.7965,43.5359],[1.7904,43.5398]]]}},{"type":"Feature","properties":{"code":"31049","nom":"Bazus","app":11.56,"app_bas":9.79,"app_haut":13.66,"app_ech":"maille","app_obs":5,"mai":11.7,"mai_bas":9.29,"mai_haut":14.75,"mai_ech":"maille","mai_obs":16},"geometry":{"type":"Polygon","coordinates":[[[1.5303,43.716],[1.5266,43.7152],[1.5128,43.7247],[1.496,43.7324],[1.5036,43.7404],[1.4992,43.7454],[1.5071,43.7552],[1.5195,43.7487],[1.5254,43.7526],[1.5342,43.7446],[1.5295,43.7347],[1.5452,43.732],[1.5503,43.7293],[1.5415,43.7278],[1.5304,43.7202],[1.5303,43.716]]]}},{"type":"Feature","properties":{"code":"31175","nom":"Estancarbon","app":9.31,"app_bas":7.58,"app_haut":11.43,"app_ech":"maille","app_obs":3,"mai":9.99,"mai_bas":7.67,"mai_haut":13.01,"mai_ech":"maille","mai_obs":29},"geometry":{"type":"Polygon","coordinates":[[[0.7871,43.098],[0.7766,43.1018],[0.7575,43.1045],[0.7555,43.1153],[0.7586,43.1205],[0.7708,43.1181],[0.7708,43.1128],[0.8096,43.1129],[0.8115,43.1035],[0.8035,43.1033],[0.7871,43.098]]]}},{"type":"Feature","properties":{"code":"31179","nom":"Faget","app":11.15,"app_bas":9.32,"app_haut":13.35,"app_ech":"maille","app_obs":0,"mai":9.36,"mai_bas":7.08,"mai_haut":12.36,"mai_ech":"maille","mai_obs":10},"geometry":{"type":"Polygon","coordinates":[[[1.7987,43.5825],[1.811,43.5793],[1.8217,43.5812],[1.8392,43.5758],[1.8494,43.5675],[1.8507,43.5492],[1.8307,43.5483],[1.8077,43.5573],[1.8001,43.574],[1.7987,43.5825]]]}},{"type":"Feature","properties":{"code":"31208","nom":"Ganties","app":9.21,"app_bas":7.37,"app_haut":11.5,"app_ech":"maille","app_obs":0,"mai":8.58,"mai_bas":6.72,"mai_haut":10.97,"mai_ech":"maille","mai_obs":4},"geometry":{"type":"Polygon","coordinates":[[[0.8792,43.0664],[0.8743,43.0662],[0.8587,43.0587],[0.8572,43.0546],[0.8403,43.046],[0.8378,43.0466],[0.833,43.0545],[0.8253,43.0569],[0.8036,43.0581],[0.7981,43.0628],[0.7986,43.0684],[0.8293,43.0775],[0.8456,43.0745],[0.8599,43.0754],[0.8792,43.0664]]]}},{"type":"Feature","properties":{"code":"31228","nom":"Gragnague","app":11.94,"app_bas":9.6,"app_haut":14.85,"app_ech":"maille","app_obs":66,"mai":12.75,"mai_bas":9.65,"mai_haut":16.86,"mai_ech":"commune","mai_obs":137},"geometry":{"type":"Polygon","coordinates":[[[1.6036,43.6719],[1.5907,43.6633],[1.5817,43.6678],[1.5764,43.6617],[1.5579,43.666],[1.5626,43.6802],[1.5684,43.6886],[1.5652,43.6949],[1.5704,43.7087],[1.5936,43.7008],[1.595,43.6952],[1.6094,43.6851],[1.6016,43.6755],[1.6036,43.6719]]]}},{"type":"Feature","properties":{"code":"31248","nom":"Labarthe-sur-Lèze","app":12.2,"app_bas":10.18,"app_haut":14.62,"app_ech":"commune","app_obs":301,"mai":11.44,"mai_bas":9.57,"mai_haut":13.68,"mai_ech":"commune","mai_obs":235},"geometry":{"type":"Polygon","coordinates":[[[1.381,43.4579],[1.388,43.4696],[1.3935,43.4743],[1.4071,43.4776],[1.4089,43.4822],[1.4176,43.4767],[1.4196,43.4712],[1.4145,43.4603],[1.4207,43.4464],[1.4005,43.4453],[1.4026,43.4357],[1.3972,43.4356],[1.3829,43.4426],[1.381,43.4579]]]}},{"type":"Feature","properties":{"code":"31311","nom":"Magdelaine-sur-Tarn","app":11.39,"app_bas":9.23,"app_haut":14.05,"app_ech":"maille","app_obs":5,"mai":9.93,"mai_bas":7.98,"mai_haut":12.35,"mai_ech":"maille","mai_obs":26},"geometry":{"type":"Polygon","coordinates":[[[1.5519,43.8163],[1.5624,43.8135],[1.5498,43.8009],[1.5314,43.8025],[1.5122,43.8115],[1.5121,43.8166],[1.5187,43.8207],[1.524,43.8294],[1.5519,43.8163]]]}},{"type":"Feature","properties":{"code":"31337","nom":"Melles","app":8.71,"app_bas":6.98,"app_haut":10.89,"app_ech":"maille","app_obs":1,"mai":9.05,"mai_bas":6.5,"mai_haut":12.59,"mai_ech":"epci","mai_obs":0},"geometry":{"type":"Polygon","coordinates":[[[0.8342,42.9008],[0.8405,42.8963],[0.8429,42.8886],[0.8357,42.8764],[0.8398,42.8668],[0.8482,42.8653],[0.8505,42.8551],[0.8599,42.8383],[0.8583,42.8257],[0.8317,42.8292],[0.8089,42.8391],[0.8015,42.8405],[0.7789,42.8568],[0.7559,42.8615],[0.7479,42.8656],[0.7522,42.8769],[0.7506,42.8846],[0.7677,42.887],[0.7731,42.8938],[0.7857,42.8991],[0.8037,42.8995],[0.8191,42.9025],[0.8342,42.9008]]]}},{"type":"Feature","properties":{"code":"31372","nom":"Montespan","app":9.17,"app_bas":7.29,"app_haut":11.55,"app_ech":"maille","app_obs":3,"mai":8.58,"mai_bas":6.72,"mai_haut":10.97,"mai_ech":"maille","mai_obs":6},"geometry":{"type":"Polygon","coordinates":[[[0.8792,43.0664],[0.8599,43.0754],[0.8456,43.0745],[0.8293,43.0775],[0.8303,43.092],[0.8313,43.095],[0.8619,43.1003],[0.8877,43.1014],[0.8824,43.083],[0.8836,43.0722],[0.8881,43.0671],[0.8792,43.0664]]]}},{"type":"Feature","properties":{"code":"31374","nom":"Montesquieu-Lauragais","app":12.01,"app_bas":10.22,"app_haut":14.11,"app_ech":"maille","app_obs":13,"mai":9.3,"mai_bas":7.26,"mai_haut":11.92,"mai_ech":"maille","mai_obs":24},"geometry":{"type":"Polygon","coordinates":[[[1.6294,43.4384],[1.6345,43.4345],[1.645,43.4323],[1.6577,43.4265],[1.6552,43.4213],[1.6506,43.4219],[1.6544,43.4071],[1.6484,43.3997],[1.6473,43.3968],[1.6488,43.3738],[1.6374,43.3726],[1.6178,43.3822],[1.6018,43.3935],[1.5967,43.4065],[1.6005,43.4216],[1.6161,43.4335],[1.6226,43.4412],[1.6294,43.4384]]]}},{"type":"Feature","properties":{"code":"31461","nom":"Rouède","app":9.17,"app_bas":7.29,"app_haut":11.55,"app_ech":"maille","app_obs":2,"mai":7.92,"mai_bas":5.92,"mai_haut":10.6,"mai_ech":"maille","mai_obs":3},"geometry":{"type":"Polygon","coordinates":[[[0.8881,43.0671],[0.8914,43.0675],[0.8989,43.0618],[0.9049,43.0611],[0.9016,43.0494],[0.8859,43.0429],[0.8799,43.0424],[0.8769,43.0487],[0.865,43.0541],[0.8572,43.0546],[0.8587,43.0587],[0.8743,43.0662],[0.8881,43.0671]]]}},{"type":"Feature","properties":{"code":"31541","nom":"Seilh","app":13.03,"app_bas":11.12,"app_haut":15.27,"app_ech":"commune","app_obs":1105,"mai":13.16,"mai_bas":10.3,"mai_haut":16.82,"mai_ech":"commune","mai_obs":275},"geometry":{"type":"Polygon","coordinates":[[[1.3465,43.7114],[1.3576,43.7002],[1.3686,43.697],[1.3678,43.6856],[1.3746,43.6769],[1.3674,43.6713],[1.3509,43.6789],[1.3453,43.6882],[1.3422,43.6979],[1.3432,43.7073],[1.3465,43.7114]]]}},{"type":"Feature","properties":{"code":"31561","nom":"Union","app":14.03,"app_bas":12.3,"app_haut":16,"app_ech":"commune","app_obs":1186,"mai":12.69,"mai_bas":9.96,"mai_haut":16.16,"mai_ech":"commune","mai_obs":389},"geometry":{"type":"Polygon","coordinates":[[[1.4735,43.6673],[1.4767,43.6698],[1.4856,43.6673],[1.4993,43.6533],[1.5089,43.648],[1.5047,43.642],[1.49,43.6331],[1.4995,43.6462],[1.4852,43.6472],[1.4767,43.6429],[1.4682,43.6471],[1.4685,43.6555],[1.46,43.6608],[1.4577,43.664],[1.4735,43.6673]]]}},{"type":"Feature","properties":{"code":"31591","nom":"Escoulis","app":9.64,"app_bas":7.88,"app_haut":11.79,"app_ech":"maille","app_obs":0,"mai":8.36,"mai_bas":6.39,"mai_haut":10.92,"mai_ech":"maille","mai_obs":2},"geometry":{"type":"Polygon","coordinates":[[[1.0382,43.1003],[1.0286,43.1006],[1.0117,43.1095],[1.0095,43.1135],[1.0184,43.118],[1.0383,43.1216],[1.0508,43.1198],[1.0462,43.1152],[1.0382,43.1003]]]}},{"type":"Feature","properties":{"code":"31100","nom":"Calmont","app":9.97,"app_bas":8.14,"app_haut":12.22,"app_ech":"maille","app_obs":23,"mai":9.15,"mai_bas":7.12,"mai_haut":11.76,"mai_ech":"maille","mai_obs":95},"geometry":{"type":"Polygon","coordinates":[[[1.5788,43.2751],[1.5784,43.285],[1.5878,43.2993],[1.5952,43.3034],[1.6012,43.2994],[1.6122,43.3031],[1.5986,43.3134],[1.615,43.3185],[1.6256,43.3294],[1.6296,43.3274],[1.6443,43.3167],[1.6548,43.2964],[1.6616,43.2911],[1.6724,43.2898],[1.6736,43.2813],[1.6728,43.2787],[1.6512,43.2615],[1.6513,43.2539],[1.6563,43.2494],[1.6544,43.2434],[1.6458,43.2382],[1.6351,43.2371],[1.6372,43.2551],[1.6077,43.2598],[1.6027,43.2657],[1.5825,43.2692],[1.5788,43.2751]]]}},{"type":"Feature","properties":{"code":"31001","nom":"Agassac","app":9.49,"app_bas":7.65,"app_haut":11.79,"app_ech":"maille","app_obs":2,"mai":9,"mai_bas":6.61,"mai_haut":12.26,"mai_ech":"maille","mai_obs":5},"geometry":{"type":"Polygon","coordinates":[[[0.8553,43.3594],[0.8561,43.3685],[0.8663,43.3739],[0.8659,43.3816],[0.8892,43.3821],[0.8971,43.3875],[0.9106,43.3817],[0.9151,43.3751],[0.9115,43.3681],[0.9065,43.3643],[0.8906,43.3659],[0.8755,43.3588],[0.8553,43.3594]]]}},{"type":"Feature","properties":{"code":"31180","nom":"Falga","app":9.62,"app_bas":7.83,"app_haut":11.82,"app_ech":"maille","app_obs":0,"mai":8.09,"mai_bas":6.23,"mai_haut":10.52,"mai_ech":"maille","mai_obs":4},"geometry":{"type":"Polygon","coordinates":[[[1.8182,43.478],[1.8163,43.4801],[1.8429,43.4896],[1.8441,43.4935],[1.8604,43.4865],[1.8679,43.4799],[1.8527,43.4656],[1.8327,43.4787],[1.8182,43.478]]]}},{"type":"Feature","properties":{"code":"31196","nom":"Francon","app":9.64,"app_bas":7.88,"app_haut":11.79,"app_ech":"maille","app_obs":2,"mai":8.36,"mai_bas":6.39,"mai_haut":10.92,"mai_ech":"maille","mai_obs":1},"geometry":{"type":"Polygon","coordinates":[[[1.0049,43.2756],[1.017,43.264],[1.0114,43.2568],[0.9942,43.2483],[0.9836,43.2467],[0.9641,43.2579],[0.9598,43.2696],[0.9612,43.2744],[0.9683,43.2742],[0.9821,43.2709],[0.9979,43.2719],[1.0049,43.2756]]]}},{"type":"Feature","properties":{"code":"31290","nom":"Lège","app":9.49,"app_bas":6.59,"app_haut":13.66,"app_ech":"maille","app_obs":0,"mai":9.05,"mai_bas":6.5,"mai_haut":12.59,"mai_ech":"epci","mai_obs":2},"geometry":{"type":"Polygon","coordinates":[[[0.5777,42.8767],[0.5796,42.883],[0.6102,42.8843],[0.6177,42.8779],[0.6153,42.8724],[0.6133,42.8702],[0.6,42.8777],[0.5777,42.8767]]]}},{"type":"Feature","properties":{"code":"31326","nom":"Massabrac","app":11.21,"app_bas":9,"app_haut":13.97,"app_ech":"maille","app_obs":0,"mai":9.79,"mai_bas":7.39,"mai_haut":12.95,"mai_ech":"maille","mai_obs":6},"geometry":{"type":"Polygon","coordinates":[[[1.38,43.2223],[1.3744,43.2137],[1.3684,43.2092],[1.3567,43.213],[1.349,43.219],[1.348,43.2223],[1.3724,43.2288],[1.3749,43.2386],[1.3832,43.2295],[1.38,43.2223]]]}},{"type":"Feature","properties":{"code":"31358","nom":"Montastruc-la-Conseillère","app":10.88,"app_bas":8.7,"app_haut":13.6,"app_ech":"commune","app_obs":193,"mai":11.78,"mai_bas":9.36,"mai_haut":14.83,"mai_ech":"commune","mai_obs":127},"geometry":{"type":"Polygon","coordinates":[[[1.6259,43.7221],[1.6233,43.7177],[1.6269,43.7104],[1.6123,43.7156],[1.5999,43.7037],[1.5936,43.7008],[1.5704,43.7087],[1.5643,43.7169],[1.5514,43.7291],[1.5663,43.7404],[1.5823,43.7408],[1.5837,43.7343],[1.5952,43.7322],[1.608,43.7367],[1.6133,43.7365],[1.6147,43.7323],[1.6259,43.7221]]]}},{"type":"Feature","properties":{"code":"31420","nom":"Pinsaguel","app":12.29,"app_bas":10.57,"app_haut":14.28,"app_ech":"commune","app_obs":247,"mai":11.31,"mai_bas":9.35,"mai_haut":13.7,"mai_ech":"maille","mai_obs":81},"geometry":{"type":"Polygon","coordinates":[[[1.37,43.5047],[1.3868,43.5118],[1.4008,43.5135],[1.4122,43.5189],[1.4132,43.5137],[1.4009,43.5081],[1.4108,43.4937],[1.3924,43.4871],[1.3914,43.4942],[1.3755,43.5005],[1.37,43.5047]]]}},{"type":"Feature","properties":{"code":"31503","nom":"Saint-Martory","app":9.17,"app_bas":7.29,"app_haut":11.55,"app_ech":"maille","app_obs":95,"mai":8.36,"mai_bas":6.39,"mai_haut":10.92,"mai_ech":"maille","mai_obs":71},"geometry":{"type":"Polygon","coordinates":[[[0.922,43.1337],[0.9181,43.1411],[0.9228,43.1491],[0.9178,43.1579],[0.9265,43.164],[0.9443,43.152],[0.9529,43.1506],[0.959,43.144],[0.9551,43.1345],[0.9414,43.1258],[0.9351,43.1302],[0.9257,43.1291],[0.922,43.1337]]]}},{"type":"Feature","properties":{"code":"31092","nom":"Burgalays","app":9.31,"app_bas":7.58,"app_haut":11.43,"app_ech":"maille","app_obs":2,"mai":9.05,"mai_bas":6.5,"mai_haut":12.59,"mai_ech":"epci","mai_obs":3},"geometry":{"type":"Polygon","coordinates":[[[0.6324,42.8997],[0.6509,42.8837],[0.6502,42.8726],[0.6301,42.8717],[0.6213,42.893],[0.6285,42.8985],[0.6324,42.8997]]]}},{"type":"Feature","properties":{"code":"31101","nom":"Cambernard","app":10.03,"app_bas":8.72,"app_haut":11.53,"app_ech":"maille","app_obs":5,"mai":11.13,"mai_bas":8.81,"mai_haut":14.05,"mai_ech":"maille","mai_obs":9},"geometry":{"type":"Polygon","coordinates":[[[1.1893,43.4443],[1.1781,43.4476],[1.162,43.4444],[1.1602,43.4517],[1.1666,43.472],[1.1772,43.4812],[1.1909,43.483],[1.1869,43.4752],[1.1967,43.4715],[1.1903,43.4549],[1.1941,43.452],[1.1893,43.4443]]]}},{"type":"Feature","properties":{"code":"31110","nom":"Cassagne","app":9.17,"app_bas":7.29,"app_haut":11.55,"app_ech":"maille","app_obs":1,"mai":8.36,"mai_bas":6.39,"mai_haut":10.92,"mai_ech":"maille","mai_obs":10},"geometry":{"type":"Polygon","coordinates":[[[0.9811,43.1072],[0.9677,43.1081],[0.9661,43.1136],[0.979,43.1389],[1.0018,43.1416],[1.0139,43.1314],[1.0184,43.118],[1.0095,43.1135],[1.0009,43.1143],[0.9903,43.1133],[0.9811,43.1072]]]}},{"type":"Feature","properties":{"code":"31006","nom":"Albiac","app":11.15,"app_bas":9.32,"app_haut":13.35,"app_ech":"maille","app_obs":0,"mai":9.36,"mai_bas":7.08,"mai_haut":12.36,"mai_ech":"maille","mai_obs":7},"geometry":{"type":"Polygon","coordinates":[[[1.7707,43.5657],[1.7746,43.5631],[1.8051,43.5629],[1.8077,43.5573],[1.794,43.5544],[1.7865,43.5443],[1.7634,43.5521],[1.7707,43.5657]]]}},{"type":"Feature","properties":{"code":"31194","nom":"Francarville","app":11.15,"app_bas":9.32,"app_haut":13.35,"app_ech":"maille","app_obs":2,"mai":9.36,"mai_bas":7.08,"mai_haut":12.36,"mai_ech":"maille","mai_obs":4},"geometry":{"type":"Polygon","coordinates":[[[1.7325,43.5819],[1.7302,43.591],[1.7368,43.6002],[1.745,43.6035],[1.7622,43.6018],[1.7558,43.591],[1.7655,43.5774],[1.7629,43.5707],[1.7508,43.5698],[1.7325,43.5819]]]}},{"type":"Feature","properties":{"code":"31310","nom":"Lux","app":9.83,"app_bas":8.02,"app_haut":12.04,"app_ech":"maille","app_obs":3,"mai":9.15,"mai_bas":7.12,"mai_haut":11.76,"mai_ech":"maille","mai_obs":6},"geometry":{"type":"Polygon","coordinates":[[[1.7635,43.4166],[1.7741,43.4309],[1.7691,43.4333],[1.7657,43.4499],[1.7766,43.4477],[1.7928,43.4401],[1.8077,43.4347],[1.8044,43.4297],[1.7934,43.4255],[1.7831,43.4198],[1.7843,43.4155],[1.7721,43.4101],[1.7635,43.4166]]]}},{"type":"Feature","properties":{"code":"31356","nom":"Montaigut-sur-Save","app":10.73,"app_bas":9.25,"app_haut":12.45,"app_ech":"maille","app_obs":38,"mai":11.4,"mai_bas":9.34,"mai_haut":13.93,"mai_ech":"commune","mai_obs":124},"geometry":{"type":"Polygon","coordinates":[[[1.2119,43.688],[1.2343,43.6947],[1.2404,43.7092],[1.2411,43.7207],[1.249,43.7195],[1.2484,43.7133],[1.2531,43.6996],[1.2539,43.691],[1.2441,43.6757],[1.2472,43.6657],[1.2366,43.6503],[1.2153,43.6612],[1.2192,43.6739],[1.2119,43.688]]]}},{"type":"Feature","properties":{"code":"31511","nom":"Saint-Pierre","app":13.68,"app_bas":11.9,"app_haut":15.73,"app_ech":"maille","app_obs":0,"mai":11.01,"mai_bas":8.31,"mai_haut":14.59,"mai_ech":"maille","mai_obs":1},"geometry":{"type":"Polygon","coordinates":[[[1.657,43.6255],[1.6398,43.6294],[1.6241,43.6358],[1.6214,43.6401],[1.6275,43.6454],[1.6395,43.6478],[1.6564,43.6395],[1.6603,43.6281],[1.657,43.6255]]]}},{"type":"Feature","properties":{"code":"31580","nom":"Villate","app":12.23,"app_bas":10.98,"app_haut":13.61,"app_ech":"maille","app_obs":61,"mai":10.81,"mai_bas":8.83,"mai_haut":13.23,"mai_ech":"maille","mai_obs":98},"geometry":{"type":"Polygon","coordinates":[[[1.3723,43.4594],[1.377,43.471],[1.3844,43.4774],[1.3935,43.4743],[1.388,43.4696],[1.381,43.4579],[1.3723,43.4594]]]}},{"type":"Feature","properties":{"code":"31059","nom":"Belbèze-en-Comminges","app":9.64,"app_bas":7.88,"app_haut":11.79,"app_ech":"maille","app_obs":0,"mai":8.36,"mai_bas":6.39,"mai_haut":10.92,"mai_ech":"maille","mai_obs":0},"geometry":{"type":"Polygon","coordinates":[[[1.0035,43.1473],[1.0519,43.1439],[1.0494,43.1345],[1.052,43.1323],[1.0508,43.1198],[1.0383,43.1216],[1.0184,43.118],[1.0139,43.1314],[1.0018,43.1416],[1.0035,43.1473]]]}},{"type":"Feature","properties":{"code":"31256","nom":"Labruyère-Dorsa","app":12.15,"app_bas":10.56,"app_haut":13.99,"app_ech":"maille","app_obs":9,"mai":9.4,"mai_bas":7.13,"mai_haut":12.4,"mai_ech":"maille","mai_obs":3},"geometry":{"type":"Polygon","coordinates":[[[1.4797,43.4098],[1.4811,43.4072],[1.4758,43.3968],[1.4653,43.3976],[1.4597,43.4006],[1.4636,43.4102],[1.477,43.4147],[1.4797,43.4098]]]}},{"type":"Feature","properties":{"code":"31299","nom":"Lherm","app":11.42,"app_bas":9.31,"app_haut":14.01,"app_ech":"commune","app_obs":144,"mai":12.15,"mai_bas":9.61,"mai_haut":15.35,"mai_ech":"commune","mai_obs":112},"geometry":{"type":"Polygon","coordinates":[[[1.1893,43.4443],[1.1941,43.452],[1.208,43.4594],[1.223,43.4601],[1.2209,43.4503],[1.2249,43.4445],[1.2419,43.4417],[1.2457,43.4523],[1.2522,43.4586],[1.2686,43.4512],[1.2601,43.441],[1.2558,43.4279],[1.2465,43.4242],[1.2432,43.4183],[1.2389,43.4043],[1.2269,43.4002],[1.2183,43.394],[1.1918,43.4033],[1.1942,43.4069],[1.1908,43.4185],[1.1945,43.4268],[1.2027,43.4368],[1.1893,43.4443]]]}},{"type":"Feature","properties":{"code":"31307","nom":"Lunax","app":null,"app_bas":null,"app_haut":null,"app_ech":null,"app_obs":0,"mai":null,"mai_bas":null,"mai_haut":null,"mai_ech":null,"mai_obs":0},"geometry":{"type":"Polygon","coordinates":[[[0.6753,43.3323],[0.6798,43.3347],[0.6885,43.3486],[0.6936,43.3523],[0.7162,43.3455],[0.699,43.332],[0.6897,43.3266],[0.6747,43.3295],[0.6753,43.3323]]]}},{"type":"Feature","properties":{"code":"31349","nom":"Mondavezan","app":9.64,"app_bas":7.88,"app_haut":11.79,"app_ech":"maille","app_obs":12,"mai":7.07,"mai_bas":5.38,"mai_haut":9.29,"mai_ech":"maille","mai_obs":19},"geometry":{"type":"Polygon","coordinates":[[[1.0673,43.2201],[1.0478,43.2117],[1.0388,43.2213],[1.0239,43.2208],[1.0221,43.2313],[1.0159,43.236],[1.0032,43.2357],[1.0185,43.2447],[1.0114,43.2568],[1.017,43.264],[1.0284,43.2659],[1.0427,43.2665],[1.0747,43.249],[1.0772,43.2425],[1.0677,43.2319],[1.0673,43.2201]]]}},{"type":"Feature","properties":{"code":"31406","nom":"Palaminy","app":9.64,"app_bas":7.88,"app_haut":11.79,"app_ech":"maille","app_obs":16,"mai":8.36,"mai_bas":6.39,"mai_haut":10.92,"mai_ech":"maille","mai_obs":35},"geometry":{"type":"Polygon","coordinates":[[[1.0673,43.2201],[1.0732,43.2137],[1.0766,43.1787],[1.0707,43.1694],[1.0598,43.1714],[1.0459,43.1778],[1.0445,43.1941],[1.0414,43.1955],[1.0478,43.2117],[1.0673,43.2201]]]}},{"type":"Feature","properties":{"code":"31424","nom":"Plaisance-du-Touch","app":12.74,"app_bas":11.06,"app_haut":14.68,"app_ech":"commune","app_obs":1469,"mai":10.8,"mai_bas":8.72,"mai_haut":13.39,"mai_ech":"commune","mai_obs":792},"geometry":{"type":"Polygon","coordinates":[[[1.3105,43.5367],[1.2993,43.5354],[1.2896,43.526],[1.2602,43.5358],[1.2551,43.5455],[1.2379,43.5524],[1.2464,43.5591],[1.2486,43.567],[1.2531,43.5693],[1.2715,43.5663],[1.2923,43.5721],[1.2884,43.5777],[1.2734,43.5873],[1.2822,43.5982],[1.2841,43.5992],[1.3049,43.5947],[1.2926,43.5846],[1.2935,43.5772],[1.3237,43.5669],[1.3286,43.5592],[1.3149,43.5507],[1.3105,43.5367]]]}},{"type":"Feature","properties":{"code":"31557","nom":"Tournefeuille","app":13.43,"app_bas":11.96,"app_haut":15.08,"app_ech":"commune","app_obs":5969,"mai":12.24,"mai_bas":9.95,"mai_haut":15.05,"mai_ech":"commune","mai_obs":1499},"geometry":{"type":"Polygon","coordinates":[[[1.3286,43.5592],[1.3237,43.5669],[1.2935,43.5772],[1.2926,43.5846],[1.3049,43.5947],[1.3389,43.5945],[1.3471,43.5913],[1.3619,43.5915],[1.3769,43.5897],[1.3633,43.5764],[1.3685,43.5714],[1.3593,43.5602],[1.3538,43.5556],[1.3383,43.5595],[1.3286,43.5592]]]}},{"type":"Feature","properties":{"code":"31032","nom":"Aussonne","app":12.79,"app_bas":11.5,"app_haut":14.22,"app_ech":"commune","app_obs":1124,"mai":11.63,"mai_bas":9.35,"mai_haut":14.47,"mai_ech":"commune","mai_obs":397},"geometry":{"type":"Polygon","coordinates":[[[1.359,43.6626],[1.3467,43.6612],[1.336,43.669],[1.3256,43.6696],[1.3103,43.6662],[1.3064,43.6795],[1.2967,43.6945],[1.3239,43.7027],[1.3432,43.7073],[1.3422,43.6979],[1.3453,43.6882],[1.3596,43.6646],[1.359,43.6626]]]}},{"type":"Feature","properties":{"code":"31015","nom":"Argut-Dessous","app":9.21,"app_bas":7.37,"app_haut":11.5,"app_ech":"maille","app_obs":0,"mai":9.05,"mai_bas":6.5,"mai_haut":12.59,"mai_ech":"epci","mai_obs":0},"geometry":{"type":"Polygon","coordinates":[[[0.7167,42.9013],[0.7268,42.883],[0.7157,42.8841],[0.6998,42.9018],[0.709,42.9031],[0.7167,42.9013]]]}},{"type":"Feature","properties":{"code":"31202","nom":"Fronton","app":10.94,"app_bas":9.21,"app_haut":13.01,"app_ech":"commune","app_obs":522,"mai":11.84,"mai_bas":9.04,"mai_haut":15.5,"mai_ech":"commune","mai_obs":243},"geometry":{"type":"Polygon","coordinates":[[[1.3971,43.8168],[1.3911,43.8237],[1.3836,43.8264],[1.3773,43.8199],[1.36,43.8172],[1.3573,43.8337],[1.348,43.8382],[1.3316,43.8375],[1.319,43.8334],[1.3099,43.8367],[1.301,43.8453],[1.2938,43.8456],[1.3066,43.853],[1.3194,43.8581],[1.3303,43.8511],[1.3531,43.853],[1.3626,43.8572],[1.3493,43.8719],[1.3561,43.8749],[1.3568,43.8842],[1.3652,43.8896],[1.3765,43.8842],[1.4086,43.8828],[1.4189,43.8714],[1.4272,43.8709],[1.4479,43.8736],[1.4489,43.8703],[1.4315,43.857],[1.4295,43.8514],[1.4152,43.8435],[1.4118,43.827],[1.4185,43.8191],[1.4149,43.8161],[1.3971,43.8168]]]}},{"type":"Feature","properties":{"code":"31318","nom":"Marignac-Laspeyres","app":9.64,"app_bas":7.88,"app_haut":11.79,"app_ech":"maille","app_obs":0,"mai":8.36,"mai_bas":6.39,"mai_haut":10.92,"mai_ech":"maille","mai_obs":1},"geometry":{"type":"Polygon","coordinates":[[[0.9399,43.2008],[0.9351,43.2039],[0.934,43.2107],[0.9426,43.2247],[0.9555,43.2294],[0.9656,43.2226],[0.9768,43.2254],[0.9805,43.2318],[0.9867,43.2296],[0.9909,43.2229],[0.9842,43.2149],[0.9857,43.205],[0.9748,43.2042],[0.9657,43.199],[0.9647,43.1935],[0.9572,43.1931],[0.9399,43.2008]]]}},{"type":"Feature","properties":{"code":"31354","nom":"Monestrol","app":9.97,"app_bas":8.14,"app_haut":12.22,"app_ech":"maille","app_obs":0,"mai":9.15,"mai_bas":7.12,"mai_haut":11.76,"mai_ech":"maille","mai_obs":1},"geometry":{"type":"Polygon","coordinates":[[[1.6684,43.3434],[1.6841,43.3336],[1.6772,43.3268],[1.6642,43.3215],[1.6526,43.3254],[1.6327,43.3281],[1.6433,43.335],[1.6599,43.3354],[1.6605,43.3424],[1.6684,43.3434]]]}},{"type":"Feature","properties":{"code":"31523","nom":"Salies-du-Salat","app":10.17,"app_bas":8.14,"app_haut":12.7,"app_ech":"commune","app_obs":398,"mai":9.64,"mai_bas":7.53,"mai_haut":12.34,"mai_ech":"commune","mai_obs":100},"geometry":{"type":"Polygon","coordinates":[[[0.9811,43.1072],[0.9886,43.0989],[0.9713,43.0888],[0.9617,43.0882],[0.9614,43.092],[0.9406,43.0968],[0.9416,43.1065],[0.9527,43.1102],[0.958,43.1149],[0.9661,43.1136],[0.9677,43.1081],[0.9811,43.1072]]]}},{"type":"Feature","properties":{"code":"31558","nom":"Toutens","app":9.83,"app_bas":8.02,"app_haut":12.04,"app_ech":"maille","app_obs":0,"mai":8.63,"mai_bas":6.6,"mai_haut":11.3,"mai_ech":"maille","mai_obs":2},"geometry":{"type":"Polygon","coordinates":[[[1.7255,43.4826],[1.732,43.4877],[1.7609,43.4787],[1.7651,43.4641],[1.7545,43.4616],[1.7512,43.4667],[1.7423,43.4687],[1.7295,43.4762],[1.7255,43.4826]]]}},{"type":"Feature","properties":{"code":"31584","nom":"Villemur-sur-Tarn","app":11.54,"app_bas":9.29,"app_haut":14.32,"app_ech":"commune","app_obs":620,"mai":9.6,"mai_bas":7.3,"mai_haut":12.62,"mai_ech":"commune","mai_obs":280},"geometry":{"type":"Polygon","coordinates":[[[1.4489,43.8703],[1.4699,43.8975],[1.477,43.9083],[1.4874,43.9025],[1.4908,43.889],[1.5012,43.8927],[1.5171,43.9016],[1.5152,43.906],[1.5233,43.9036],[1.5177,43.8912],[1.5243,43.8819],[1.5333,43.8745],[1.5464,43.8791],[1.5553,43.8708],[1.5551,43.8685],[1.5588,43.8586],[1.553,43.8544],[1.5406,43.8529],[1.5358,43.849],[1.5185,43.8459],[1.5095,43.8578],[1.5011,43.8519],[1.4989,43.845],[1.4832,43.8397],[1.477,43.83],[1.463,43.8161],[1.4602,43.8082],[1.4587,43.8084],[1.4518,43.8138],[1.4572,43.8229],[1.4634,43.8269],[1.4512,43.8394],[1.4512,43.8448],[1.4435,43.8489],[1.4295,43.8514],[1.4315,43.857],[1.4489,43.8703]]]}},{"type":"Feature","properties":{"code":"31203","nom":"Frouzins","app":12.5,"app_bas":11.26,"app_haut":13.88,"app_ech":"commune","app_obs":1211,"mai":11.42,"mai_bas":9.44,"mai_haut":13.82,"mai_ech":"commune","mai_obs":513},"geometry":{"type":"Polygon","coordinates":[[[1.3329,43.5068],[1.3185,43.5117],[1.2845,43.5191],[1.2896,43.526],[1.2993,43.5354],[1.3105,43.5367],[1.3232,43.532],[1.3303,43.5232],[1.3402,43.5167],[1.3329,43.5068]]]}},{"type":"Feature","properties":{"code":"31240","nom":"Issus","app":12.12,"app_bas":10.11,"app_haut":14.53,"app_ech":"maille","app_obs":1,"mai":11.24,"mai_bas":9.4,"mai_haut":13.44,"mai_ech":"maille","mai_obs":13},"geometry":{"type":"Polygon","coordinates":[[[1.4797,43.4098],[1.4748,43.4175],[1.4827,43.4183],[1.4931,43.4152],[1.4982,43.4352],[1.4937,43.4406],[1.4938,43.4419],[1.5103,43.4391],[1.5189,43.4402],[1.5258,43.4279],[1.5217,43.4272],[1.5102,43.4205],[1.51,43.4068],[1.4973,43.4068],[1.4872,43.4103],[1.4797,43.4098]]]}},{"type":"Feature","properties":{"code":"31304","nom":"Loubens-Lauragais","app":11.15,"app_bas":9.32,"app_haut":13.35,"app_ech":"maille","app_obs":6,"mai":8.63,"mai_bas":6.6,"mai_haut":11.3,"mai_ech":"maille","mai_obs":22},"geometry":{"type":"Polygon","coordinates":[[[1.7931,43.5836],[1.7987,43.5825],[1.8001,43.574],[1.8051,43.5629],[1.7746,43.5631],[1.7629,43.5707],[1.7655,43.5774],[1.7764,43.584],[1.7726,43.5923],[1.7795,43.587],[1.7931,43.5836]]]}},{"type":"Feature","properties":{"code":"31460","nom":"Roquettes","app":12.12,"app_bas":10.89,"app_haut":13.5,"app_ech":"commune","app_obs":221,"mai":11.31,"mai_bas":9.35,"mai_haut":13.7,"mai_ech":"maille","mai_obs":99},"geometry":{"type":"Polygon","coordinates":[[[1.3565,43.4963],[1.37,43.5047],[1.3755,43.5005],[1.3914,43.4942],[1.3924,43.4871],[1.3722,43.4856],[1.3565,43.4963]]]}},{"type":"Feature","properties":{"code":"31593","nom":"Cazac","app":9.49,"app_bas":7.65,"app_haut":11.79,"app_ech":"maille","app_obs":0,"mai":10.24,"mai_bas":8.13,"mai_haut":12.9,"mai_ech":"maille","mai_obs":1},"geometry":{"type":"Polygon","coordinates":[[[0.9727,43.3331],[0.9678,43.3364],[0.9442,43.3429],[0.9272,43.3457],[0.9324,43.3559],[0.9538,43.3602],[0.9626,43.3576],[0.9595,43.347],[0.9754,43.3409],[0.9851,43.3346],[0.9727,43.3331]]]}},{"type":"Feature","properties":{"code":"31060","nom":"Bélesta-en-Lauragais","app":10.94,"app_bas":9.22,"app_haut":12.99,"app_ech":"maille","app_obs":2,"mai":8.09,"mai_bas":6.23,"mai_haut":10.52,"mai_ech":"maille","mai_obs":7},"geometry":{"type":"Polygon","coordinates":[[[1.8564,43.4435],[1.853,43.4373],[1.8348,43.4282],[1.8239,43.4293],[1.8125,43.4381],[1.8067,43.4441],[1.8208,43.447],[1.8381,43.4485],[1.8564,43.4435]]]}},{"type":"Feature","properties":{"code":"31142","nom":"Cier-de-Luchon","app":9.31,"app_bas":7.58,"app_haut":11.43,"app_ech":"maille","app_obs":2,"mai":9.05,"mai_bas":6.5,"mai_haut":12.59,"mai_ech":"epci","mai_obs":3},"geometry":{"type":"Polygon","coordinates":[[[0.5759,42.8708],[0.5944,42.8698],[0.6102,42.8621],[0.6088,42.8588],[0.6112,42.845],[0.5988,42.8426],[0.57,42.8408],[0.5623,42.8608],[0.5759,42.8708]]]}},{"type":"Feature","properties":{"code":"31186","nom":"Fonbeauzard","app":12.56,"app_bas":11.11,"app_haut":14.2,"app_ech":"commune","app_obs":591,"mai":11.36,"mai_bas":9.52,"mai_haut":13.56,"mai_ech":"maille","mai_obs":82},"geometry":{"type":"Polygon","coordinates":[[[1.4425,43.6779],[1.426,43.6733],[1.4228,43.6787],[1.431,43.6823],[1.4432,43.6827],[1.4425,43.6779]]]}},{"type":"Feature","properties":{"code":"31205","nom":"Gagnac-sur-Garonne","app":12.45,"app_bas":10.89,"app_haut":14.23,"app_ech":"commune","app_obs":560,"mai":10.95,"mai_bas":9.34,"mai_haut":12.84,"mai_ech":"commune","mai_obs":168},"geometry":{"type":"Polygon","coordinates":[[[1.3686,43.716],[1.385,43.7017],[1.3786,43.6945],[1.3576,43.7002],[1.3425,43.7151],[1.3436,43.7218],[1.3561,43.7163],[1.3686,43.716]]]}},{"type":"Feature","properties":{"code":"31215","nom":"Gauré","app":13.68,"app_bas":11.9,"app_haut":15.73,"app_ech":"maille","app_obs":0,"mai":11.01,"mai_bas":8.31,"mai_haut":14.59,"mai_ech":"maille","mai_obs":11},"geometry":{"type":"Polygon","coordinates":[[[1.6787,43.6007],[1.6577,43.606],[1.6406,43.607],[1.6318,43.6032],[1.6261,43.6022],[1.6136,43.6059],[1.6171,43.6101],[1.6026,43.6184],[1.6043,43.6309],[1.6125,43.6303],[1.6241,43.6358],[1.6398,43.6294],[1.657,43.6255],[1.6615,43.6211],[1.6685,43.6237],[1.668,43.6161],[1.6787,43.6007]]]}},{"type":"Feature","properties":{"code":"31385","nom":"Montmaurin","app":8.93,"app_bas":7.12,"app_haut":11.22,"app_ech":"maille","app_obs":0,"mai":7.07,"mai_bas":5.38,"mai_haut":9.29,"mai_ech":"maille","mai_obs":1},"geometry":{"type":"Polygon","coordinates":[[[0.6249,43.2399],[0.6343,43.2376],[0.6666,43.2421],[0.6631,43.235],[0.6566,43.2334],[0.6485,43.2227],[0.6471,43.2136],[0.6279,43.2092],[0.6206,43.2135],[0.6147,43.2221],[0.6075,43.2254],[0.619,43.2289],[0.6249,43.2399]]]}},{"type":"Feature","properties":{"code":"31400","nom":"Nogaret","app":8.58,"app_bas":6.71,"app_haut":10.98,"app_ech":"maille","app_obs":0,"mai":10.46,"mai_bas":7.45,"mai_haut":14.68,"mai_ech":"maille","mai_obs":0},"geometry":{"type":"Polygon","coordinates":[[[1.9525,43.4904],[1.9517,43.4863],[1.9426,43.4819],[1.9209,43.4898],[1.9171,43.5015],[1.9206,43.5051],[1.9525,43.4904]]]}},{"type":"Feature","properties":{"code":"31442","nom":"Puydaniel","app":9.97,"app_bas":8.14,"app_haut":12.22,"app_ech":"maille","app_obs":1,"mai":9.5,"mai_bas":7.39,"mai_haut":12.22,"mai_ech":"maille","mai_obs":16},"geometry":{"type":"Polygon","coordinates":[[[1.389,43.3181],[1.4015,43.3287],[1.4118,43.335],[1.4281,43.342],[1.441,43.3493],[1.4517,43.3373],[1.4395,43.3294],[1.4229,43.3249],[1.4149,43.3186],[1.389,43.3181]]]}},{"type":"Feature","properties":{"code":"31102","nom":"Cambiac","app":11.15,"app_bas":9.32,"app_haut":13.35,"app_ech":"maille","app_obs":0,"mai":8.63,"mai_bas":6.6,"mai_haut":11.3,"mai_ech":"maille","mai_obs":2},"geometry":{"type":"Polygon","coordinates":[[[1.77,43.4892],[1.7721,43.5029],[1.7795,43.5013],[1.7864,43.509],[1.7996,43.5002],[1.8161,43.4805],[1.7924,43.4778],[1.7882,43.4734],[1.77,43.4892]]]}},{"type":"Feature","properties":{"code":"31237","nom":"His","app":9.21,"app_bas":7.37,"app_haut":11.5,"app_ech":"maille","app_obs":3,"mai":7.91,"mai_bas":5.96,"mai_haut":10.51,"mai_ech":"maille","mai_obs":6},"geometry":{"type":"Polygon","coordinates":[[[0.9585,43.0489],[0.9499,43.0529],[0.9525,43.0621],[0.9602,43.0785],[0.9716,43.0776],[0.979,43.0726],[0.9856,43.0625],[0.9688,43.0586],[0.9611,43.0546],[0.9585,43.0489]]]}},{"type":"Feature","properties":{"code":"31245","nom":"Juzet-d'Izaut","app":9.21,"app_bas":7.37,"app_haut":11.5,"app_ech":"maille","app_obs":1,"mai":8.58,"mai_bas":6.72,"mai_haut":10.97,"mai_ech":"maille","mai_obs":0},"geometry":{"type":"Polygon","coordinates":[[[0.7511,42.9989],[0.7666,42.9943],[0.7804,42.9782],[0.775,42.9599],[0.7644,42.9457],[0.7583,42.9429],[0.7547,42.9463],[0.7364,42.9493],[0.7347,42.955],[0.74,42.9624],[0.7427,42.9747],[0.74,42.984],[0.7505,42.9921],[0.7511,42.9989]]]}},{"type":"Feature","properties":{"code":"31268","nom":"Lalouret-Laffiteau","app":9.17,"app_bas":7.29,"app_haut":11.55,"app_ech":"maille","app_obs":2,"mai":9.99,"mai_bas":7.67,"mai_haut":13.01,"mai_ech":"maille","mai_obs":1},"geometry":{"type":"Polygon","coordinates":[[[0.7055,43.174],[0.6961,43.1781],[0.685,43.1793],[0.6765,43.1874],[0.6991,43.1969],[0.718,43.1986],[0.7179,43.1876],[0.7205,43.1833],[0.7055,43.174]]]}},{"type":"Feature","properties":{"code":"31306","nom":"Lourde","app":9.31,"app_bas":7.58,"app_haut":11.43,"app_ech":"maille","app_obs":0,"mai":9.99,"mai_bas":7.67,"mai_haut":13.01,"mai_ech":"maille","mai_obs":1},"geometry":{"type":"Polygon","coordinates":[[[0.6594,42.9779],[0.6474,42.9821],[0.6532,42.9848],[0.6559,42.9918],[0.6646,42.9911],[0.6658,42.9812],[0.6594,42.9779]]]}},{"type":"Feature","properties":{"code":"31357","nom":"Montastruc-de-Salies","app":9.21,"app_bas":7.37,"app_haut":11.5,"app_ech":"maille","app_obs":6,"mai":7.92,"mai_bas":5.92,"mai_haut":10.6,"mai_ech":"maille","mai_obs":1},"geometry":{"type":"Polygon","coordinates":[[[0.9276,43.0177],[0.9229,43.0086],[0.9116,43.0065],[0.9051,43.0078],[0.9023,43.0156],[0.8707,43.0246],[0.8753,43.029],[0.8737,43.0382],[0.8799,43.0424],[0.8859,43.0429],[0.9016,43.0494],[0.9049,43.0611],[0.8989,43.0618],[0.8914,43.0675],[0.8992,43.0747],[0.9049,43.076],[0.9171,43.073],[0.9178,43.0681],[0.913,43.0537],[0.9182,43.0482],[0.9126,43.0338],[0.9201,43.0191],[0.9276,43.0177]]]}},{"type":"Feature","properties":{"code":"31365","nom":"Montbrun-Bocage","app":7.96,"app_bas":6.41,"app_haut":9.88,"app_ech":"maille","app_obs":5,"mai":7.91,"mai_bas":5.96,"mai_haut":10.51,"mai_ech":"maille","mai_obs":12},"geometry":{"type":"Polygon","coordinates":[[[1.2236,43.0859],[1.2186,43.0961],[1.2105,43.1069],[1.2108,43.1151],[1.2195,43.1186],[1.2256,43.1257],[1.2206,43.1337],[1.2237,43.1402],[1.2376,43.15],[1.2689,43.1465],[1.2739,43.1484],[1.2794,43.1398],[1.3027,43.1226],[1.2914,43.1241],[1.2858,43.1204],[1.2817,43.113],[1.2657,43.1095],[1.2596,43.1047],[1.2619,43.0917],[1.2455,43.0881],[1.2236,43.0859]]]}},{"type":"Feature","properties":{"code":"31450","nom":"Renneville","app":10.94,"app_bas":9.22,"app_haut":12.99,"app_ech":"maille","app_obs":3,"mai":9.4,"mai_bas":7.13,"mai_haut":12.4,"mai_ech":"maille","mai_obs":18},"geometry":{"type":"Polygon","coordinates":[[[1.7037,43.3934],[1.7178,43.3958],[1.7519,43.3729],[1.748,43.3688],[1.7289,43.3643],[1.7212,43.3681],[1.7081,43.371],[1.6947,43.3711],[1.7051,43.3821],[1.7037,43.3934]]]}},{"type":"Feature","properties":{"code":"31569","nom":"Vaudreuille","app":8.58,"app_bas":6.71,"app_haut":10.98,"app_ech":"maille","app_obs":4,"mai":7.58,"mai_bas":5.72,"mai_haut":10.04,"mai_ech":"maille","mai_obs":25},"geometry":{"type":"Polygon","coordinates":[[[1.9659,43.4152],[1.9638,43.4227],[1.9821,43.4349],[2.0022,43.435],[2.0291,43.4369],[2.0393,43.4243],[2.0312,43.4194],[2.0209,43.4232],[2.0114,43.4148],[1.9956,43.4117],[1.9883,43.4076],[1.9752,43.4183],[1.9659,43.4152]]]}},{"type":"Feature","properties":{"code":"31229","nom":"Gratens","app":8.71,"app_bas":7.21,"app_haut":10.52,"app_ech":"maille","app_obs":10,"mai":10.24,"mai_bas":8.13,"mai_haut":12.9,"mai_ech":"maille","mai_obs":17},"geometry":{"type":"Polygon","coordinates":[[[1.0879,43.331],[1.1022,43.3401],[1.1305,43.3371],[1.1443,43.3379],[1.1623,43.3324],[1.1721,43.3269],[1.163,43.3254],[1.1533,43.3193],[1.1484,43.3175],[1.1403,43.309],[1.0697,43.3244],[1.0879,43.331]]]}},{"type":"Feature","properties":{"code":"31231","nom":"Grazac","app":10.58,"app_bas":8.87,"app_haut":12.63,"app_ech":"maille","app_obs":0,"mai":9.5,"mai_bas":7.39,"mai_haut":12.22,"mai_ech":"maille","mai_obs":23},"geometry":{"type":"Polygon","coordinates":[[[1.4293,43.3069],[1.4426,43.3164],[1.4531,43.3315],[1.4534,43.3286],[1.4751,43.3193],[1.4592,43.3073],[1.4315,43.2918],[1.4238,43.2984],[1.4293,43.3069]]]}},{"type":"Feature","properties":{"code":"31298","nom":"Lez","app":null,"app_bas":null,"app_haut":null,"app_ech":null,"app_obs":0,"mai":null,"mai_bas":null,"mai_haut":null,"mai_ech":null,"mai_obs":0},"geometry":{"type":"Polygon","coordinates":[[[0.7167,42.9013],[0.709,42.9031],[0.6998,42.9018],[0.6948,42.9115],[0.7035,42.9215],[0.7085,42.9121],[0.7165,42.9097],[0.7217,42.9046],[0.7167,42.9013]]]}},{"type":"Feature","properties":{"code":"31422","nom":"Plagne","app":8.71,"app_bas":7.21,"app_haut":10.52,"app_ech":"maille","app_obs":10,"mai":8.36,"mai_bas":6.39,"mai_haut":10.92,"mai_ech":"maille","mai_obs":5},"geometry":{"type":"Polygon","coordinates":[[[1.0445,43.161],[1.0429,43.1645],[1.0501,43.1702],[1.0598,43.1714],[1.0707,43.1694],[1.0722,43.1559],[1.0537,43.1467],[1.0524,43.1535],[1.0445,43.161]]]}},{"type":"Feature","properties":{"code":"31438","nom":"Pradère-les-Bourguets","app":null,"app_bas":null,"app_haut":null,"app_ech":null,"app_obs":0,"mai":null,"mai_bas":null,"mai_haut":null,"mai_ech":null,"mai_obs":0},"geometry":{"type":"Polygon","coordinates":[[[1.1467,43.6356],[1.1408,43.6411],[1.1306,43.6426],[1.1379,43.6494],[1.155,43.653],[1.1705,43.6585],[1.1755,43.6515],[1.1746,43.6465],[1.1605,43.6374],[1.1541,43.6376],[1.1467,43.6356]]]}},{"type":"Feature","properties":{"code":"31441","nom":"Prunet","app":11.77,"app_bas":9.45,"app_haut":14.67,"app_ech":"maille","app_obs":1,"mai":8.63,"mai_bas":6.6,"mai_haut":11.3,"mai_ech":"maille","mai_obs":4},"geometry":{"type":"Polygon","coordinates":[[[1.7359,43.5603],[1.7212,43.5649],[1.7095,43.5789],[1.7206,43.5835],[1.7325,43.5819],[1.7508,43.5698],[1.7359,43.5603]]]}},{"type":"Feature","properties":{"code":"31041","nom":"Bagiry","app":9.31,"app_bas":7.58,"app_haut":11.43,"app_ech":"maille","app_obs":0,"mai":9.99,"mai_bas":7.67,"mai_haut":13.01,"mai_ech":"maille","mai_obs":4},"geometry":{"type":"Polygon","coordinates":[[[0.6114,42.9883],[0.6244,42.9908],[0.6355,42.9765],[0.6355,42.9689],[0.6201,42.9724],[0.6139,42.982],[0.6114,42.9883]]]}},{"type":"Feature","properties":{"code":"31086","nom":"Bouzin","app":9.17,"app_bas":7.29,"app_haut":11.55,"app_ech":"maille","app_obs":0,"mai":7.07,"mai_bas":5.38,"mai_haut":9.29,"mai_ech":"maille","mai_obs":0},"geometry":{"type":"Polygon","coordinates":[[[0.867,43.1939],[0.8735,43.1999],[0.8834,43.1996],[0.8977,43.1965],[0.9062,43.1912],[0.8998,43.1911],[0.8868,43.183],[0.8677,43.1866],[0.867,43.1939]]]}},{"type":"Feature","properties":{"code":"31195","nom":"Francazal","app":9.17,"app_bas":7.29,"app_haut":11.55,"app_ech":"maille","app_obs":0,"mai":7.92,"mai_bas":5.92,"mai_haut":10.6,"mai_ech":"maille","mai_obs":2},"geometry":{"type":"Polygon","coordinates":[[[0.9951,42.9908],[0.9814,42.9938],[0.9817,42.9988],[0.9902,43.0136],[0.989,43.0234],[0.9968,43.024],[1.0224,43.0102],[1.007,43.0076],[1.0013,43.0024],[0.9951,42.9908]]]}},{"type":"Feature","properties":{"code":"31234","nom":"Grès","app":10.89,"app_bas":9.12,"app_haut":13.02,"app_ech":"maille","app_obs":13,"mai":7.78,"mai_bas":5.82,"mai_haut":10.41,"mai_ech":"maille","mai_obs":17},"geometry":{"type":"Polygon","coordinates":[[[1.1128,43.6996],[1.0976,43.7002],[1.0891,43.7176],[1.077,43.7316],[1.0856,43.7381],[1.1188,43.7246],[1.1128,43.6996]]]}},{"type":"Feature","properties":{"code":"31278","nom":"Latoue","app":9.17,"app_bas":7.29,"app_haut":11.55,"app_ech":"maille","app_obs":7,"mai":8.58,"mai_bas":6.72,"mai_haut":10.97,"mai_ech":"maille","mai_obs":9},"geometry":{"type":"Polygon","coordinates":[[[0.7449,43.17],[0.7512,43.1803],[0.763,43.1865],[0.7744,43.1949],[0.7924,43.1894],[0.8094,43.1809],[0.8171,43.17],[0.8158,43.1631],[0.8081,43.1605],[0.8047,43.1503],[0.7906,43.1527],[0.763,43.1604],[0.7519,43.1625],[0.7449,43.17]]]}},{"type":"Feature","properties":{"code":"31520","nom":"Sajas","app":10.03,"app_bas":8.72,"app_haut":11.53,"app_ech":"maille","app_obs":1,"mai":8.78,"mai_bas":7.01,"mai_haut":11,"mai_ech":"maille","mai_obs":3},"geometry":{"type":"Polygon","coordinates":[[[1.005,43.38],[1.0183,43.3863],[1.0309,43.3799],[1.0394,43.3795],[1.0491,43.3727],[1.0448,43.3683],[1.0334,43.3688],[1.0327,43.3646],[1.0258,43.3648],[1.0059,43.3737],[1.0029,43.3769],[1.005,43.38]]]}},{"type":"Feature","properties":{"code":"31554","nom":"Touille","app":9.17,"app_bas":7.29,"app_haut":11.55,"app_ech":"maille","app_obs":0,"mai":8.36,"mai_bas":6.39,"mai_haut":10.92,"mai_ech":"maille","mai_obs":6},"geometry":{"type":"Polygon","coordinates":[[[0.979,43.0726],[0.9716,43.0776],[0.9602,43.0785],[0.9548,43.0844],[0.9617,43.0882],[0.9713,43.0888],[0.9886,43.0989],[0.9921,43.098],[0.9946,43.0872],[1.0052,43.0807],[0.9971,43.0735],[0.979,43.0726]]]}},{"type":"Feature","properties":{"code":"31033","nom":"Auterive","app":11.42,"app_bas":9.34,"app_haut":13.95,"app_ech":"commune","app_obs":946,"mai":11.95,"mai_bas":8.99,"mai_haut":15.87,"mai_ech":"commune","mai_obs":470},"geometry":{"type":"Polygon","coordinates":[[[1.4801,43.3203],[1.4751,43.3193],[1.4534,43.3286],[1.4517,43.3373],[1.4347,43.3566],[1.4412,43.3599],[1.4435,43.3828],[1.4519,43.3904],[1.4624,43.3884],[1.4653,43.3976],[1.4758,43.3968],[1.4875,43.391],[1.4902,43.3828],[1.5192,43.3717],[1.5283,43.3659],[1.5208,43.3574],[1.5064,43.3578],[1.5188,43.3463],[1.511,43.3357],[1.4952,43.3382],[1.4842,43.3333],[1.4801,43.3203]]]}},{"type":"Feature","properties":{"code":"31067","nom":"Bezins-Garraux","app":9.31,"app_bas":7.58,"app_haut":11.43,"app_ech":"maille","app_obs":0,"mai":9.05,"mai_bas":6.5,"mai_haut":12.59,"mai_ech":"epci","mai_obs":2},"geometry":{"type":"Polygon","coordinates":[[[0.7041,42.9225],[0.6969,42.9293],[0.6638,42.932],[0.6665,42.9369],[0.6823,42.941],[0.6962,42.9487],[0.6985,42.9519],[0.7044,42.9512],[0.7529,42.9361],[0.7233,42.9403],[0.7114,42.9352],[0.7041,42.9225]]]}},{"type":"Feature","properties":{"code":"31085","nom":"Boutx","app":9.21,"app_bas":7.37,"app_haut":11.5,"app_ech":"maille","app_obs":0,"mai":9.05,"mai_bas":6.5,"mai_haut":12.59,"mai_ech":"epci","mai_obs":7},"geometry":{"type":"Polygon","coordinates":[[[0.7167,42.9013],[0.7217,42.9046],[0.7165,42.9097],[0.7085,42.9121],[0.7035,42.9215],[0.7114,42.9352],[0.7233,42.9403],[0.754,42.9358],[0.7491,42.9301],[0.7661,42.9275],[0.7892,42.9326],[0.8035,42.9315],[0.8154,42.9501],[0.8187,42.9507],[0.8352,42.9418],[0.833,42.9328],[0.8396,42.9295],[0.8407,42.9227],[0.8324,42.92],[0.8261,42.9143],[0.8334,42.9075],[0.8342,42.9008],[0.8191,42.9025],[0.8037,42.8995],[0.7857,42.8991],[0.7731,42.8938],[0.7677,42.887],[0.7506,42.8846],[0.7268,42.883],[0.7167,42.9013]]]}},{"type":"Feature","properties":{"code":"31115","nom":"Castelgaillard","app":9.49,"app_bas":7.65,"app_haut":11.79,"app_ech":"maille","app_obs":0,"mai":9,"mai_bas":6.61,"mai_haut":12.26,"mai_ech":"maille","mai_obs":0},"geometry":{"type":"Polygon","coordinates":[[[0.9155,43.3393],[0.9173,43.3334],[0.9084,43.3315],[0.8943,43.3328],[0.9021,43.3421],[0.8948,43.3501],[0.8755,43.3588],[0.8906,43.3659],[0.9065,43.3643],[0.9115,43.3681],[0.9163,43.3667],[0.9282,43.3584],[0.9163,43.3597],[0.9112,43.3567],[0.9078,43.3445],[0.9155,43.3393]]]}},{"type":"Feature","properties":{"code":"31125","nom":"Cathervielle","app":9.49,"app_bas":6.59,"app_haut":13.66,"app_ech":"maille","app_obs":0,"mai":8.34,"mai_bas":6.46,"mai_haut":10.77,"mai_ech":"maille","mai_obs":0},"geometry":{"type":"Polygon","coordinates":[[[0.4977,42.8379],[0.5162,42.8325],[0.5181,42.8192],[0.5126,42.8108],[0.5002,42.8089],[0.503,42.8143],[0.4993,42.8259],[0.4977,42.8379]]]}},{"type":"Feature","properties":{"code":"31135","nom":"Cazères","app":9.8,"app_bas":8.02,"app_haut":11.98,"app_ech":"commune","app_obs":913,"mai":9.11,"mai_bas":6.98,"mai_haut":11.9,"mai_ech":"commune","mai_obs":320},"geometry":{"type":"Polygon","coordinates":[[[1.0673,43.2201],[1.0677,43.2319],[1.0772,43.2425],[1.0747,43.249],[1.0849,43.2528],[1.0966,43.2408],[1.115,43.2362],[1.1238,43.2307],[1.134,43.227],[1.1306,43.22],[1.1081,43.2065],[1.102,43.2042],[1.0882,43.2049],[1.0844,43.1958],[1.0903,43.1865],[1.0766,43.1787],[1.0732,43.2137],[1.0673,43.2201]]]}},{"type":"Feature","properties":{"code":"31204","nom":"Fustignac","app":9.64,"app_bas":7.88,"app_haut":11.79,"app_ech":"maille","app_obs":1,"mai":7.07,"mai_bas":5.38,"mai_haut":9.29,"mai_ech":"maille","mai_obs":0},"geometry":{"type":"Polygon","coordinates":[[[1.0025,43.2931],[0.9908,43.2939],[0.9759,43.2925],[0.9678,43.2973],[0.9757,43.3087],[0.9858,43.3141],[0.9936,43.3029],[1.0038,43.2947],[1.0025,43.2931]]]}},{"type":"Feature","properties":{"code":"31397","nom":"Nénigan","app":8.71,"app_bas":7.21,"app_haut":10.52,"app_ech":"maille","app_obs":0,"mai":9,"mai_bas":6.61,"mai_haut":12.26,"mai_ech":"maille","mai_obs":0},"geometry":{"type":"Polygon","coordinates":[[[0.6987,43.3592],[0.7001,43.3611],[0.7254,43.3536],[0.7162,43.3455],[0.6936,43.3523],[0.6987,43.3592]]]}},{"type":"Feature","properties":{"code":"31506","nom":"Saint-Orens-de-Gameville","app":13.45,"app_bas":12.04,"app_haut":15.02,"app_ech":"commune","app_obs":3452,"mai":12.58,"mai_bas":9.94,"mai_haut":15.92,"mai_ech":"commune","mai_obs":804},"geometry":{"type":"Polygon","coordinates":[[[1.5573,43.5519],[1.5525,43.5418],[1.5599,43.5307],[1.5465,43.5342],[1.5303,43.5482],[1.5154,43.5499],[1.5063,43.5575],[1.514,43.5648],[1.5129,43.577],[1.5394,43.5786],[1.5488,43.572],[1.5603,43.5674],[1.5485,43.5569],[1.5573,43.5519]]]}},{"type":"Feature","properties":{"code":"31038","nom":"Azas","app":11.94,"app_bas":9.6,"app_haut":14.85,"app_ech":"maille","app_obs":6,"mai":10.59,"mai_bas":8.5,"mai_haut":13.19,"mai_ech":"maille","mai_obs":19},"geometry":{"type":"Polygon","coordinates":[[[1.6597,43.7422],[1.6829,43.7326],[1.693,43.7297],[1.7064,43.7162],[1.7013,43.7097],[1.6942,43.7106],[1.6826,43.7037],[1.674,43.7016],[1.6532,43.7083],[1.6543,43.7116],[1.647,43.7219],[1.6576,43.7358],[1.6597,43.7422]]]}},{"type":"Feature","properties":{"code":"31040","nom":"Bachos","app":9.31,"app_bas":7.58,"app_haut":11.43,"app_ech":"maille","app_obs":1,"mai":9.05,"mai_bas":6.5,"mai_haut":12.59,"mai_ech":"epci","mai_obs":1},"geometry":{"type":"Polygon","coordinates":[[[0.6266,42.9011],[0.6285,42.8985],[0.6213,42.893],[0.6108,42.8948],[0.5857,42.8943],[0.5923,42.9085],[0.599,42.9026],[0.6146,42.8988],[0.6266,42.9011]]]}},{"type":"Feature","properties":{"code":"31020","nom":"Aspet","app":9.21,"app_bas":7.37,"app_haut":11.5,"app_ech":"maille","app_obs":78,"mai":8.58,"mai_bas":6.72,"mai_haut":10.97,"mai_ech":"maille","mai_obs":48},"geometry":{"type":"Polygon","coordinates":[[[0.7727,42.9957],[0.7724,43.0059],[0.7584,43.0304],[0.7631,43.0331],[0.7756,43.0351],[0.7985,43.0363],[0.7992,43.0339],[0.8199,43.0241],[0.8318,43.0167],[0.8497,43.0156],[0.8568,43.0121],[0.8515,42.9978],[0.8498,42.9886],[0.8261,42.9893],[0.8044,42.9948],[0.7936,42.9947],[0.7887,42.9974],[0.7727,42.9957]]]}},{"type":"Feature","properties":{"code":"31136","nom":"Cépet","app":11.66,"app_bas":10.1,"app_haut":13.46,"app_ech":"maille","app_obs":93,"mai":11.01,"mai_bas":9.54,"mai_haut":12.72,"mai_ech":"maille","mai_obs":96},"geometry":{"type":"Polygon","coordinates":[[[1.443,43.769],[1.4427,43.7509],[1.4557,43.7472],[1.4461,43.7292],[1.4321,43.7312],[1.4217,43.7385],[1.4187,43.7438],[1.4307,43.7619],[1.443,43.769]]]}},{"type":"Feature","properties":{"code":"31200","nom":"Frontignan-de-Comminges","app":9.31,"app_bas":7.58,"app_haut":11.43,"app_ech":"maille","app_obs":6,"mai":9.05,"mai_bas":6.5,"mai_haut":12.59,"mai_ech":"epci","mai_obs":5},"geometry":{"type":"Polygon","coordinates":[[[0.6903,42.9542],[0.6686,42.9566],[0.65,42.9641],[0.659,42.9754],[0.663,42.9689],[0.6903,42.9542]]]}},{"type":"Feature","properties":{"code":"31312","nom":"Mailholas","app":10.29,"app_bas":8.35,"app_haut":12.69,"app_ech":"maille","app_obs":0,"mai":9.79,"mai_bas":7.39,"mai_haut":12.95,"mai_ech":"maille","mai_obs":0},"geometry":{"type":"Polygon","coordinates":[[[1.2624,43.2604],[1.2617,43.2535],[1.2536,43.2484],[1.2658,43.2402],[1.2584,43.2365],[1.2356,43.2398],[1.2381,43.2468],[1.2624,43.2604]]]}},{"type":"Feature","properties":{"code":"31404","nom":"Oô","app":9.49,"app_bas":6.59,"app_haut":13.66,"app_ech":"maille","app_obs":2,"mai":9.05,"mai_bas":6.5,"mai_haut":12.59,"mai_ech":"epci","mai_obs":0},"geometry":{"type":"Polygon","coordinates":[[[0.5195,42.804],[0.5172,42.791],[0.5205,42.7787],[0.5144,42.7681],[0.516,42.7635],[0.5287,42.7516],[0.5288,42.7478],[0.5206,42.7392],[0.5164,42.7307],[0.5151,42.7136],[0.5167,42.7077],[0.5264,42.7026],[0.5208,42.6956],[0.5125,42.6921],[0.4919,42.695],[0.4778,42.7],[0.4846,42.7103],[0.4551,42.7281],[0.4627,42.7392],[0.4616,42.746],[0.4635,42.7595],[0.4839,42.7674],[0.4885,42.7746],[0.4996,42.782],[0.4974,42.7963],[0.5019,42.8005],[0.5195,42.804]]]}},{"type":"Feature","properties":{"code":"31504","nom":"Saint-Médard","app":9.17,"app_bas":7.29,"app_haut":11.55,"app_ech":"maille","app_obs":1,"mai":9.99,"mai_bas":7.67,"mai_haut":13.01,"mai_ech":"maille","mai_obs":1},"geometry":{"type":"Polygon","coordinates":[[[0.8473,43.1164],[0.8391,43.12],[0.8157,43.1238],[0.8141,43.127],[0.8011,43.1347],[0.8086,43.1407],[0.8382,43.1315],[0.8567,43.1278],[0.8473,43.1164]]]}},{"type":"Feature","properties":{"code":"31515","nom":"Saint-Rustice","app":10.52,"app_bas":8.65,"app_haut":12.8,"app_ech":"maille","app_obs":21,"mai":10.61,"mai_bas":8.44,"mai_haut":13.34,"mai_ech":"maille","mai_obs":20},"geometry":{"type":"Polygon","coordinates":[[[1.3116,43.8008],[1.3265,43.809],[1.3434,43.8105],[1.3442,43.8059],[1.3252,43.795],[1.3116,43.8008]]]}},{"type":"Feature","properties":{"code":"31081","nom":"Bourg-d'Oueil","app":9.49,"app_bas":6.59,"app_haut":13.66,"app_ech":"maille","app_obs":0,"mai":9.05,"mai_bas":6.5,"mai_haut":12.59,"mai_ech":"epci","mai_obs":0},"geometry":{"type":"Polygon","coordinates":[[[0.5086,42.8692],[0.5091,42.8554],[0.4869,42.8453],[0.4789,42.845],[0.4675,42.8467],[0.4602,42.8518],[0.4727,42.8593],[0.4726,42.8708],[0.4774,42.8782],[0.4959,42.8748],[0.5086,42.8692]]]}},{"type":"Feature","properties":{"code":"31103","nom":"Canens","app":10.29,"app_bas":8.35,"app_haut":12.69,"app_ech":"maille","app_obs":2,"mai":9.79,"mai_bas":7.39,"mai_haut":12.95,"mai_ech":"maille","mai_obs":0},"geometry":{"type":"Polygon","coordinates":[[[1.3174,43.231],[1.3329,43.2265],[1.3397,43.2196],[1.349,43.219],[1.3567,43.213],[1.332,43.2041],[1.3278,43.2046],[1.3234,43.2083],[1.3191,43.2185],[1.3174,43.231]]]}},{"type":"Feature","properties":{"code":"31108","nom":"Cardeilhac","app":8.93,"app_bas":7.12,"app_haut":11.22,"app_ech":"maille","app_obs":1,"mai":8.58,"mai_bas":6.72,"mai_haut":10.97,"mai_ech":"maille","mai_obs":3},"geometry":{"type":"Polygon","coordinates":[[[0.7248,43.2071],[0.7255,43.203],[0.718,43.1986],[0.6991,43.1969],[0.6765,43.1874],[0.685,43.1793],[0.6582,43.1743],[0.6486,43.1735],[0.6329,43.1755],[0.6321,43.184],[0.6431,43.1924],[0.6429,43.1996],[0.6732,43.2077],[0.6913,43.216],[0.7106,43.2192],[0.7248,43.2071]]]}},{"type":"Feature","properties":{"code":"31004","nom":"Ayguesvives","app":12.01,"app_bas":10.22,"app_haut":14.11,"app_ech":"maille","app_obs":70,"mai":13.02,"mai_bas":9.79,"mai_haut":17.32,"mai_ech":"maille","mai_obs":85},"geometry":{"type":"Polygon","coordinates":[[[1.6036,43.4563],[1.609,43.4473],[1.6226,43.4412],[1.6161,43.4335],[1.6005,43.4216],[1.5967,43.4065],[1.6018,43.3935],[1.5967,43.3907],[1.5833,43.406],[1.5712,43.4251],[1.5776,43.429],[1.579,43.439],[1.5913,43.4552],[1.6036,43.4563]]]}},{"type":"Feature","properties":{"code":"31167","nom":"Encausse-les-Thermes","app":9.17,"app_bas":7.29,"app_haut":11.55,"app_ech":"maille","app_obs":22,"mai":8.58,"mai_bas":6.72,"mai_haut":10.97,"mai_ech":"maille","mai_obs":27},"geometry":{"type":"Polygon","coordinates":[[[0.7351,43.0716],[0.7493,43.069],[0.7607,43.0571],[0.76,43.0452],[0.7631,43.0331],[0.7584,43.0304],[0.7534,43.0377],[0.7441,43.0425],[0.7252,43.0441],[0.7329,43.0482],[0.7328,43.0533],[0.7265,43.058],[0.7351,43.0716]]]}},{"type":"Feature","properties":{"code":"31218","nom":"Gensac-de-Boulogne","app":8.93,"app_bas":7.12,"app_haut":11.22,"app_ech":"maille","app_obs":3,"mai":7.07,"mai_bas":5.38,"mai_haut":9.29,"mai_ech":"maille","mai_obs":0},"geometry":{"type":"Polygon","coordinates":[[[0.6146,43.2778],[0.632,43.2673],[0.6247,43.2657],[0.6145,43.2588],[0.6167,43.2538],[0.6252,43.2524],[0.624,43.2428],[0.606,43.2461],[0.5953,43.2404],[0.5916,43.2472],[0.5776,43.249],[0.576,43.2531],[0.5767,43.2587],[0.5967,43.2738],[0.6146,43.2778]]]}},{"type":"Feature","properties":{"code":"31313","nom":"Malvezie","app":9.31,"app_bas":7.58,"app_haut":11.43,"app_ech":"maille","app_obs":0,"mai":9.99,"mai_bas":7.67,"mai_haut":13.01,"mai_ech":"maille","mai_obs":4},"geometry":{"type":"Polygon","coordinates":[[[0.7239,43.0221],[0.722,43.0114],[0.715,43.0044],[0.7122,42.9961],[0.6935,42.9908],[0.6834,42.9936],[0.681,43.0034],[0.6736,43.0097],[0.714,43.0222],[0.7239,43.0221]]]}},{"type":"Feature","properties":{"code":"31370","nom":"Montégut-Bourjac","app":9.64,"app_bas":7.88,"app_haut":11.79,"app_ech":"maille","app_obs":3,"mai":7.07,"mai_bas":5.38,"mai_haut":9.29,"mai_ech":"maille","mai_obs":5},"geometry":{"type":"Polygon","coordinates":[[[1.0049,43.2756],[0.9979,43.2719],[0.9821,43.2709],[0.9683,43.2742],[0.9703,43.2869],[0.9759,43.2925],[0.9908,43.2939],[1.0025,43.2931],[0.9935,43.2887],[0.9929,43.2846],[1.0049,43.2756]]]}},{"type":"Feature","properties":{"code":"31489","nom":"Saint-Jean-Lherm","app":11.29,"app_bas":9.83,"app_haut":12.97,"app_ech":"maille","app_obs":0,"mai":11.01,"mai_bas":8.31,"mai_haut":14.59,"mai_ech":"maille","mai_obs":11},"geometry":{"type":"Polygon","coordinates":[[[1.6464,43.6789],[1.6228,43.6894],[1.6094,43.6851],[1.595,43.6952],[1.5936,43.7008],[1.5999,43.7037],[1.6123,43.7156],[1.6269,43.7104],[1.6308,43.7034],[1.6258,43.6999],[1.6324,43.6933],[1.6436,43.6943],[1.6464,43.6789]]]}},{"type":"Feature","properties":{"code":"31556","nom":"Tourreilles","app":10.01,"app_bas":8.05,"app_haut":12.46,"app_ech":"maille","app_obs":0,"mai":9.99,"mai_bas":7.67,"mai_haut":13.01,"mai_ech":"maille","mai_obs":1},"geometry":{"type":"Polygon","coordinates":[[[0.5883,43.1053],[0.5748,43.0994],[0.5634,43.0989],[0.5553,43.1011],[0.5352,43.1034],[0.5215,43.1012],[0.5177,43.1146],[0.5114,43.1192],[0.5256,43.1231],[0.5416,43.1217],[0.5576,43.1233],[0.5674,43.1266],[0.5776,43.1128],[0.5883,43.1053]]]}},{"type":"Feature","properties":{"code":"31043","nom":"Balesta","app":10.01,"app_bas":8.05,"app_haut":12.46,"app_ech":"maille","app_obs":0,"mai":9.99,"mai_bas":7.67,"mai_haut":13.01,"mai_ech":"maille","mai_obs":1},"geometry":{"type":"Polygon","coordinates":[[[0.577,43.2124],[0.5888,43.2089],[0.5726,43.1927],[0.5646,43.1906],[0.5457,43.1903],[0.5405,43.1977],[0.5447,43.2049],[0.5519,43.2091],[0.5702,43.2174],[0.577,43.2124]]]}},{"type":"Feature","properties":{"code":"31052","nom":"Beaumont-sur-Lèze","app":12.15,"app_bas":10.56,"app_haut":13.99,"app_ech":"maille","app_obs":30,"mai":9.5,"mai_bas":7.39,"mai_haut":12.22,"mai_ech":"maille","mai_obs":58},"geometry":{"type":"Polygon","coordinates":[[[1.3296,43.3656],[1.3308,43.3717],[1.3275,43.3796],[1.3163,43.3904],[1.3356,43.3977],[1.3375,43.4053],[1.3502,43.4077],[1.3648,43.4074],[1.3772,43.4033],[1.3881,43.3893],[1.3856,43.3791],[1.3931,43.3699],[1.3834,43.3669],[1.3777,43.3596],[1.355,43.3484],[1.3361,43.3536],[1.3338,43.3636],[1.3296,43.3656]]]}},{"type":"Feature","properties":{"code":"31111","nom":"Castagnac","app":11.21,"app_bas":9,"app_haut":13.97,"app_ech":"maille","app_obs":0,"mai":9.79,"mai_bas":7.39,"mai_haut":12.95,"mai_ech":"maille","mai_obs":12},"geometry":{"type":"Polygon","coordinates":[[[1.3174,43.231],[1.3154,43.2461],[1.3184,43.2511],[1.3319,43.2488],[1.3426,43.2439],[1.3526,43.2446],[1.3749,43.2386],[1.3724,43.2288],[1.348,43.2223],[1.349,43.219],[1.3397,43.2196],[1.3329,43.2265],[1.3174,43.231]]]}},{"type":"Feature","properties":{"code":"31123","nom":"Castillon-de-Larboust","app":9.49,"app_bas":6.59,"app_haut":13.66,"app_ech":"maille","app_obs":7,"mai":9.05,"mai_bas":6.5,"mai_haut":12.59,"mai_ech":"epci","mai_obs":1},"geometry":{"type":"Polygon","coordinates":[[[0.5329,42.8089],[0.5422,42.8122],[0.5406,42.8031],[0.556,42.7984],[0.5601,42.7937],[0.5529,42.7789],[0.5586,42.7699],[0.5707,42.7602],[0.5732,42.754],[0.5762,42.7326],[0.5892,42.7077],[0.5939,42.7043],[0.5868,42.695],[0.5533,42.6999],[0.5405,42.7003],[0.5296,42.7027],[0.5469,42.7279],[0.5634,42.7441],[0.5609,42.7501],[0.551,42.7507],[0.5322,42.7479],[0.5299,42.7513],[0.5377,42.7574],[0.5422,42.7748],[0.5394,42.7876],[0.5321,42.8018],[0.5329,42.8089]]]}},{"type":"Feature","properties":{"code":"31166","nom":"Empeaux","app":10.76,"app_bas":8.79,"app_haut":13.17,"app_ech":"maille","app_obs":5,"mai":9.31,"mai_bas":7.52,"mai_haut":11.53,"mai_ech":"maille","mai_obs":10},"geometry":{"type":"Polygon","coordinates":[[[1.0764,43.5269],[1.063,43.5364],[1.0506,43.541],[1.069,43.5413],[1.0765,43.5471],[1.0906,43.5452],[1.0971,43.5332],[1.0898,43.529],[1.0764,43.5269]]]}},{"type":"Feature","properties":{"code":"31239","nom":"Isle-en-Dodon","app":8.53,"app_bas":6.87,"app_haut":10.61,"app_ech":"commune","app_obs":152,"mai":8.1,"mai_bas":5.91,"mai_haut":11.11,"mai_ech":"commune","mai_obs":103},"geometry":{"type":"Polygon","coordinates":[[[0.8517,43.3535],[0.8347,43.3643],[0.8145,43.362],[0.7897,43.3727],[0.8042,43.386],[0.8077,43.4002],[0.8103,43.3995],[0.8519,43.4038],[0.8669,43.3941],[0.8728,43.3937],[0.8659,43.3816],[0.8663,43.3739],[0.8561,43.3685],[0.8553,43.3594],[0.8517,43.3535]]]}},{"type":"Feature","properties":{"code":"31408","nom":"Payssous","app":9.17,"app_bas":7.29,"app_haut":11.55,"app_ech":"maille","app_obs":2,"mai":9.99,"mai_bas":7.67,"mai_haut":13.01,"mai_ech":"maille","mai_obs":2},"geometry":{"type":"Polygon","coordinates":[[[0.7295,43.026],[0.7239,43.0221],[0.714,43.0222],[0.7071,43.0343],[0.7033,43.0459],[0.7054,43.0478],[0.7251,43.0432],[0.7295,43.026]]]}},{"type":"Feature","properties":{"code":"31157","nom":"Cugnaux","app":12.67,"app_bas":11.16,"app_haut":14.38,"app_ech":"commune","app_obs":2663,"mai":11.49,"mai_bas":9.73,"mai_haut":13.58,"mai_ech":"commune","mai_obs":676},"geometry":{"type":"Polygon","coordinates":[[[1.372,43.5344],[1.3602,43.5283],[1.3502,43.5286],[1.3381,43.5335],[1.3307,43.5338],[1.3111,43.5383],[1.3149,43.5507],[1.3286,43.5592],[1.3383,43.5595],[1.3538,43.5556],[1.3593,43.5602],[1.375,43.5533],[1.3679,43.5499],[1.3654,43.5445],[1.372,43.5344]]]}},{"type":"Feature","properties":{"code":"31314","nom":"Mancioux","app":9.17,"app_bas":7.29,"app_haut":11.55,"app_ech":"maille","app_obs":14,"mai":8.36,"mai_bas":6.39,"mai_haut":10.92,"mai_ech":"maille","mai_obs":12},"geometry":{"type":"Polygon","coordinates":[[[0.9146,43.181],[0.9142,43.1848],[0.9343,43.1811],[0.9561,43.1734],[0.9614,43.1607],[0.9529,43.1506],[0.9443,43.152],[0.9265,43.164],[0.925,43.1705],[0.9285,43.1798],[0.9146,43.181]]]}},{"type":"Feature","properties":{"code":"31315","nom":"Mane","app":9.21,"app_bas":7.37,"app_haut":11.5,"app_ech":"maille","app_obs":53,"mai":8.58,"mai_bas":6.72,"mai_haut":10.97,"mai_ech":"maille","mai_obs":31},"geometry":{"type":"Polygon","coordinates":[[[0.9329,43.0868],[0.9378,43.0871],[0.9406,43.0968],[0.9614,43.092],[0.9617,43.0882],[0.9548,43.0844],[0.9602,43.0785],[0.9525,43.0621],[0.9433,43.0686],[0.9243,43.0713],[0.9329,43.0868]]]}},{"type":"Feature","properties":{"code":"31545","nom":"Sepx","app":9.17,"app_bas":7.29,"app_haut":11.55,"app_ech":"maille","app_obs":0,"mai":8.36,"mai_bas":6.39,"mai_haut":10.92,"mai_ech":"maille","mai_obs":5},"geometry":{"type":"Polygon","coordinates":[[[0.8754,43.1399],[0.8632,43.1382],[0.8437,43.1443],[0.822,43.146],[0.8047,43.1503],[0.8081,43.1605],[0.8158,43.1631],[0.8171,43.17],[0.8291,43.1747],[0.8375,43.1713],[0.846,43.1632],[0.8502,43.1724],[0.8554,43.1721],[0.8536,43.1647],[0.8615,43.149],[0.8754,43.1399]]]}},{"type":"Feature","properties":{"code":"31036","nom":"Auzielle","app":13.68,"app_bas":11.9,"app_haut":15.73,"app_ech":"maille","app_obs":21,"mai":12.01,"mai_bas":9.51,"mai_haut":15.18,"mai_ech":"maille","mai_obs":24},"geometry":{"type":"Polygon","coordinates":[[[1.5811,43.5289],[1.5659,43.5322],[1.5599,43.5307],[1.5525,43.5418],[1.5573,43.5519],[1.574,43.5496],[1.5772,43.5437],[1.5864,43.5371],[1.5811,43.5289]]]}},{"type":"Feature","properties":{"code":"31172","nom":"Esparron","app":9.49,"app_bas":7.65,"app_haut":11.79,"app_ech":"maille","app_obs":0,"mai":7.07,"mai_bas":5.38,"mai_haut":9.29,"mai_ech":"maille","mai_obs":0},"geometry":{"type":"Polygon","coordinates":[[[0.8002,43.2704],[0.811,43.2689],[0.822,43.2756],[0.8307,43.2527],[0.8028,43.2506],[0.7895,43.2635],[0.8002,43.2704]]]}},{"type":"Feature","properties":{"code":"31230","nom":"Gratentour","app":12.52,"app_bas":11.12,"app_haut":14.1,"app_ech":"commune","app_obs":480,"mai":10.97,"mai_bas":9.15,"mai_haut":13.14,"mai_ech":"commune","mai_obs":298},"geometry":{"type":"Polygon","coordinates":[[[1.4461,43.7292],[1.452,43.7261],[1.4477,43.7172],[1.4409,43.7129],[1.4269,43.7108],[1.4165,43.7126],[1.4186,43.7187],[1.4312,43.728],[1.4321,43.7312],[1.4461,43.7292]]]}},{"type":"Feature","properties":{"code":"31391","nom":"Montsaunès","app":9.17,"app_bas":7.29,"app_haut":11.55,"app_ech":"maille","app_obs":5,"mai":8.36,"mai_bas":6.39,"mai_haut":10.92,"mai_ech":"maille","mai_obs":13},"geometry":{"type":"Polygon","coordinates":[[[0.9414,43.1258],[0.958,43.1149],[0.9527,43.1102],[0.9416,43.1065],[0.9406,43.0968],[0.9378,43.0871],[0.9329,43.0868],[0.9074,43.1045],[0.9168,43.1109],[0.9237,43.1184],[0.9257,43.1291],[0.9351,43.1302],[0.9414,43.1258]]]}},{"type":"Feature","properties":{"code":"31050","nom":"Beauchalot","app":9.21,"app_bas":7.37,"app_haut":11.5,"app_ech":"maille","app_obs":9,"mai":8.58,"mai_bas":6.72,"mai_haut":10.97,"mai_ech":"maille","mai_obs":27},"geometry":{"type":"Polygon","coordinates":[[[0.8473,43.1164],[0.8567,43.1278],[0.8724,43.1251],[0.8826,43.1253],[0.8827,43.1161],[0.8883,43.1015],[0.8619,43.1003],[0.862,43.1049],[0.8561,43.1128],[0.8473,43.1164]]]}},{"type":"Feature","properties":{"code":"31011","nom":"Arbas","app":9.21,"app_bas":7.37,"app_haut":11.5,"app_ech":"maille","app_obs":6,"mai":8.58,"mai_bas":6.72,"mai_haut":10.97,"mai_ech":"maille","mai_obs":8},"geometry":{"type":"Polygon","coordinates":[[[0.9131,42.9816],[0.9034,42.9772],[0.8883,42.9842],[0.8786,42.9867],[0.8877,42.9937],[0.8976,42.9982],[0.9051,43.0078],[0.9251,43.0023],[0.9298,42.9973],[0.9131,42.9816]]]}},{"type":"Feature","properties":{"code":"31222","nom":"Gouaux-de-Luchon","app":9.31,"app_bas":7.58,"app_haut":11.43,"app_ech":"maille","app_obs":0,"mai":9.05,"mai_bas":6.5,"mai_haut":12.59,"mai_ech":"epci","mai_obs":1},"geometry":{"type":"Polygon","coordinates":[[[0.6707,42.8594],[0.6779,42.8551],[0.6786,42.848],[0.6641,42.8421],[0.6591,42.8352],[0.654,42.8349],[0.6159,42.8398],[0.6112,42.845],[0.6088,42.8588],[0.6102,42.8621],[0.6151,42.865],[0.6319,42.8634],[0.6579,42.8643],[0.6599,42.861],[0.6707,42.8594]]]}},{"type":"Feature","properties":{"code":"31411","nom":"Pechbusque","app":12.6,"app_bas":10.78,"app_haut":14.74,"app_ech":"maille","app_obs":28,"mai":12.37,"mai_bas":9.13,"mai_haut":16.78,"mai_ech":"maille","mai_obs":11},"geometry":{"type":"Polygon","coordinates":[[[1.4642,43.532],[1.4686,43.5144],[1.4651,43.5118],[1.4519,43.5127],[1.4514,43.529],[1.4406,43.5417],[1.4642,43.532]]]}},{"type":"Feature","properties":{"code":"31548","nom":"Signac","app":9.49,"app_bas":6.59,"app_haut":13.66,"app_ech":"maille","app_obs":0,"mai":8.34,"mai_bas":6.46,"mai_haut":10.77,"mai_ech":"maille","mai_obs":0},"geometry":{"type":"Polygon","coordinates":[[[0.6266,42.9011],[0.6135,42.9087],[0.5955,42.9101],[0.5976,42.918],[0.6056,42.916],[0.6223,42.9161],[0.6353,42.9102],[0.6324,42.8997],[0.6285,42.8985],[0.6266,42.9011]]]}},{"type":"Feature","properties":{"code":"31071","nom":"Bois-de-la-Pierre","app":10.03,"app_bas":8.72,"app_haut":11.53,"app_ech":"maille","app_obs":3,"mai":10.24,"mai_bas":8.13,"mai_haut":12.9,"mai_ech":"maille","mai_obs":4},"geometry":{"type":"Polygon","coordinates":[[[1.1667,43.3501],[1.1796,43.3487],[1.1918,43.3414],[1.1746,43.3304],[1.1721,43.3269],[1.1623,43.3324],[1.1443,43.3379],[1.1305,43.3371],[1.1372,43.3478],[1.1469,43.3539],[1.1552,43.3492],[1.1667,43.3501]]]}},{"type":"Feature","properties":{"code":"31019","nom":"Artigue","app":9.49,"app_bas":6.59,"app_haut":13.66,"app_ech":"maille","app_obs":0,"mai":9.05,"mai_bas":6.5,"mai_haut":12.59,"mai_ech":"epci","mai_obs":0},"geometry":{"type":"Polygon","coordinates":[[[0.6159,42.8398],[0.654,42.8349],[0.6591,42.8352],[0.6685,42.8204],[0.6647,42.8152],[0.648,42.8131],[0.6404,42.8152],[0.6262,42.8156],[0.6123,42.826],[0.6116,42.8349],[0.6159,42.8398]]]}},{"type":"Feature","properties":{"code":"31187","nom":"Fonsorbes","app":11.54,"app_bas":10.11,"app_haut":13.16,"app_ech":"commune","app_obs":778,"mai":11.29,"mai_bas":9.32,"mai_haut":13.68,"mai_ech":"commune","mai_obs":372},"geometry":{"type":"Polygon","coordinates":[[[1.1958,43.5308],[1.1975,43.5386],[1.2049,43.543],[1.2222,43.5498],[1.2379,43.5524],[1.2551,43.5455],[1.2602,43.5358],[1.2896,43.526],[1.2845,43.5191],[1.2718,43.5157],[1.2567,43.5162],[1.2482,43.5191],[1.2343,43.5147],[1.2107,43.5213],[1.1958,43.5308]]]}},{"type":"Feature","properties":{"code":"31263","nom":"Lagardelle-sur-Lèze","app":12.12,"app_bas":10.11,"app_haut":14.53,"app_ech":"maille","app_obs":92,"mai":10.48,"mai_bas":8.15,"mai_haut":13.47,"mai_ech":"commune","mai_obs":104},"geometry":{"type":"Polygon","coordinates":[[[1.3704,43.4053],[1.3752,43.4166],[1.3786,43.4374],[1.3829,43.4426],[1.3972,43.4356],[1.4026,43.4357],[1.4065,43.4232],[1.4126,43.4182],[1.4141,43.4064],[1.4115,43.3982],[1.403,43.3929],[1.3881,43.3893],[1.3772,43.4033],[1.3704,43.4053]]]}},{"type":"Feature","properties":{"code":"31352","nom":"Mondouzil","app":12.84,"app_bas":11.17,"app_haut":14.78,"app_ech":"maille","app_obs":16,"mai":12.71,"mai_bas":10.06,"mai_haut":16.06,"mai_ech":"maille","mai_obs":0},"geometry":{"type":"Polygon","coordinates":[[[1.5425,43.6339],[1.5504,43.6393],[1.5616,43.642],[1.5727,43.6377],[1.5759,43.636],[1.5741,43.6199],[1.5559,43.6229],[1.5499,43.6321],[1.5425,43.6339]]]}},{"type":"Feature","properties":{"code":"31382","nom":"Montgras","app":9.31,"app_bas":7.65,"app_haut":11.33,"app_ech":"maille","app_obs":4,"mai":8.78,"mai_bas":7.01,"mai_haut":11,"mai_ech":"maille","mai_obs":1},"geometry":{"type":"Polygon","coordinates":[[[1.0842,43.4476],[1.1013,43.4423],[1.1079,43.4418],[1.1078,43.4401],[1.0972,43.4391],[1.0659,43.447],[1.0391,43.4525],[1.0417,43.4608],[1.0501,43.4606],[1.0842,43.4476]]]}},{"type":"Feature","properties":{"code":"31480","nom":"Sainte-Foy-d'Aigrefeuille","app":13.68,"app_bas":11.9,"app_haut":15.73,"app_ech":"maille","app_obs":18,"mai":12.01,"mai_bas":9.51,"mai_haut":15.18,"mai_ech":"maille","mai_obs":70},"geometry":{"type":"Polygon","coordinates":[[[1.6123,43.5658],[1.6183,43.5648],[1.6238,43.5563],[1.6228,43.5466],[1.6317,43.5446],[1.6265,43.5413],[1.6212,43.5432],[1.6148,43.5346],[1.6038,43.5385],[1.592,43.541],[1.5864,43.5371],[1.5772,43.5437],[1.574,43.5496],[1.5828,43.5582],[1.5952,43.5619],[1.5995,43.5685],[1.6123,43.5658]]]}},{"type":"Feature","properties":{"code":"31078","nom":"Boudrac","app":8.34,"app_bas":6.74,"app_haut":10.33,"app_ech":"maille","app_obs":0,"mai":8.34,"mai_bas":6.46,"mai_haut":10.77,"mai_ech":"maille","mai_obs":2},"geometry":{"type":"Polygon","coordinates":[[[0.4596,43.1489],[0.4756,43.1613],[0.4878,43.1653],[0.5018,43.1758],[0.5117,43.1858],[0.5216,43.192],[0.5058,43.1997],[0.5134,43.2056],[0.5174,43.2124],[0.536,43.2077],[0.5449,43.2133],[0.5519,43.2091],[0.5447,43.2049],[0.5405,43.1977],[0.5457,43.1903],[0.5302,43.1789],[0.5058,43.1718],[0.482,43.1563],[0.4565,43.1448],[0.4596,43.1489]]]}},{"type":"Feature","properties":{"code":"31010","nom":"Antignac","app":9.49,"app_bas":6.59,"app_haut":13.66,"app_ech":"maille","app_obs":3,"mai":9.05,"mai_bas":6.5,"mai_haut":12.59,"mai_ech":"epci","mai_obs":12},"geometry":{"type":"Polygon","coordinates":[[[0.57,42.8408],[0.5988,42.8426],[0.6046,42.8195],[0.5986,42.8181],[0.5781,42.8208],[0.5709,42.8343],[0.57,42.8408]]]}},{"type":"Feature","properties":{"code":"31017","nom":"Arlos","app":9.21,"app_bas":7.37,"app_haut":11.5,"app_ech":"maille","app_obs":2,"mai":9.05,"mai_bas":6.5,"mai_haut":12.59,"mai_ech":"epci","mai_obs":7},"geometry":{"type":"Polygon","coordinates":[[[0.6707,42.8594],[0.6896,42.8803],[0.6913,42.8923],[0.6998,42.9018],[0.7157,42.8841],[0.7089,42.8799],[0.7084,42.8614],[0.692,42.8553],[0.6779,42.8551],[0.6707,42.8594]]]}},{"type":"Feature","properties":{"code":"31177","nom":"Eup","app":9.31,"app_bas":7.58,"app_haut":11.43,"app_ech":"maille","app_obs":0,"mai":9.05,"mai_bas":6.5,"mai_haut":12.59,"mai_ech":"epci","mai_obs":7},"geometry":{"type":"Polygon","coordinates":[[[0.7041,42.9225],[0.6899,42.9216],[0.6783,42.9236],[0.6671,42.9288],[0.6638,42.932],[0.6969,42.9293],[0.7041,42.9225]]]}},{"type":"Feature","properties":{"code":"31295","nom":"Lespugue","app":8.93,"app_bas":7.12,"app_haut":11.22,"app_ech":"maille","app_obs":0,"mai":8.58,"mai_bas":6.72,"mai_haut":10.97,"mai_ech":"maille","mai_obs":0},"geometry":{"type":"Polygon","coordinates":[[[0.6749,43.2457],[0.6818,43.2397],[0.6799,43.2324],[0.6718,43.2239],[0.6776,43.2174],[0.6685,43.2149],[0.6485,43.2227],[0.6566,43.2334],[0.6631,43.235],[0.6666,43.2421],[0.6533,43.2408],[0.6749,43.2457]]]}},{"type":"Feature","properties":{"code":"31329","nom":"Maurens","app":9.62,"app_bas":7.83,"app_haut":11.82,"app_ech":"maille","app_obs":3,"mai":8.09,"mai_bas":6.23,"mai_haut":10.52,"mai_ech":"maille","mai_obs":11},"geometry":{"type":"Polygon","coordinates":[[[1.7882,43.4734],[1.7924,43.4778],[1.8161,43.4805],[1.8182,43.478],[1.8095,43.4745],[1.8151,43.4674],[1.804,43.4525],[1.7753,43.4577],[1.7801,43.4668],[1.7882,43.4734]]]}},{"type":"Feature","properties":{"code":"31417","nom":"Pibrac","app":12.51,"app_bas":10.93,"app_haut":14.32,"app_ech":"commune","app_obs":1019,"mai":12.65,"mai_bas":10.04,"mai_haut":15.94,"mai_ech":"commune","mai_obs":462},"geometry":{"type":"Polygon","coordinates":[[[1.2481,43.6066],[1.2571,43.6105],[1.2554,43.616],[1.2209,43.622],[1.2089,43.626],[1.2213,43.6408],[1.2366,43.6503],[1.2543,43.6478],[1.2701,43.6503],[1.2801,43.6476],[1.2892,43.6384],[1.308,43.6325],[1.2997,43.6258],[1.2973,43.6125],[1.2822,43.5982],[1.2727,43.603],[1.2628,43.6022],[1.2481,43.6066]]]}},{"type":"Feature","properties":{"code":"31452","nom":"Rieucazé","app":9.17,"app_bas":7.29,"app_haut":11.55,"app_ech":"maille","app_obs":1,"mai":7.92,"mai_bas":5.92,"mai_haut":10.6,"mai_ech":"maille","mai_obs":5},"geometry":{"type":"Polygon","coordinates":[[[0.7625,43.0723],[0.7493,43.069],[0.7388,43.071],[0.7489,43.0819],[0.7587,43.085],[0.7625,43.0723]]]}},{"type":"Feature","properties":{"code":"31488","nom":"Saint-Jean","app":13.71,"app_bas":12.02,"app_haut":15.63,"app_ech":"commune","app_obs":1299,"mai":12.9,"mai_bas":10.2,"mai_haut":16.3,"mai_ech":"commune","mai_obs":412},"geometry":{"type":"Polygon","coordinates":[[[1.4875,43.6804],[1.5057,43.6697],[1.5167,43.6581],[1.5226,43.6547],[1.5204,43.6477],[1.5089,43.648],[1.4993,43.6533],[1.4856,43.6673],[1.4767,43.6698],[1.4839,43.6809],[1.4875,43.6804]]]}},{"type":"Feature","properties":{"code":"31533","nom":"Saubens","app":12.33,"app_bas":11.08,"app_haut":13.73,"app_ech":"maille","app_obs":86,"mai":10.2,"mai_bas":8.33,"mai_haut":12.47,"mai_ech":"commune","mai_obs":100},"geometry":{"type":"Polygon","coordinates":[[[1.3565,43.4963],[1.3722,43.4856],[1.3698,43.4809],[1.377,43.471],[1.3744,43.4656],[1.3644,43.4643],[1.3566,43.471],[1.3414,43.4724],[1.3463,43.4772],[1.347,43.4897],[1.3565,43.4963]]]}},{"type":"Feature","properties":{"code":"31568","nom":"Varennes","app":11.68,"app_bas":10,"app_haut":13.65,"app_ech":"maille","app_obs":0,"mai":9.3,"mai_bas":7.26,"mai_haut":11.92,"mai_ech":"maille","mai_obs":3},"geometry":{"type":"Polygon","coordinates":[[[1.6935,43.4651],[1.6852,43.4643],[1.6784,43.4689],[1.6836,43.4836],[1.6803,43.4899],[1.6958,43.4892],[1.6988,43.4783],[1.7111,43.4758],[1.7094,43.4676],[1.7026,43.4712],[1.6935,43.4651]]]}},{"type":"Feature","properties":{"code":"31073","nom":"Bondigoux","app":10.79,"app_bas":9.08,"app_haut":12.82,"app_ech":"maille","app_obs":2,"mai":9.93,"mai_bas":7.98,"mai_haut":12.35,"mai_ech":"maille","mai_obs":14},"geometry":{"type":"Polygon","coordinates":[[[1.5397,43.8225],[1.524,43.8294],[1.5227,43.8402],[1.5185,43.8459],[1.5358,43.849],[1.5406,43.8529],[1.553,43.8544],[1.5588,43.8586],[1.5551,43.8685],[1.5726,43.8488],[1.5566,43.8456],[1.5463,43.8341],[1.5397,43.8225]]]}},{"type":"Feature","properties":{"code":"31076","nom":"Bordes-de-Rivière","app":8.93,"app_bas":7.12,"app_haut":11.22,"app_ech":"maille","app_obs":3,"mai":9.99,"mai_bas":7.67,"mai_haut":13.01,"mai_ech":"maille","mai_obs":18},"geometry":{"type":"Polygon","coordinates":[[[0.6524,43.1479],[0.6527,43.1412],[0.6407,43.1412],[0.6402,43.1335],[0.6458,43.1195],[0.6538,43.1109],[0.6526,43.1075],[0.6337,43.1042],[0.6298,43.1004],[0.6251,43.1049],[0.6276,43.1094],[0.622,43.1216],[0.6151,43.1318],[0.6311,43.1384],[0.6449,43.1467],[0.6524,43.1479]]]}},{"type":"Feature","properties":{"code":"31116","nom":"Castelginest","app":12.36,"app_bas":10.58,"app_haut":14.43,"app_ech":"commune","app_obs":1149,"mai":11.3,"mai_bas":9.47,"mai_haut":13.49,"mai_ech":"commune","mai_obs":421},"geometry":{"type":"Polygon","coordinates":[[[1.4165,43.7126],[1.4269,43.7108],[1.4409,43.7129],[1.4372,43.7066],[1.453,43.6994],[1.4615,43.6913],[1.4592,43.684],[1.4522,43.6858],[1.4432,43.6827],[1.431,43.6823],[1.4203,43.6959],[1.4099,43.7047],[1.4165,43.7126]]]}},{"type":"Feature","properties":{"code":"31254","nom":"Labège","app":13.42,"app_bas":11.74,"app_haut":15.34,"app_ech":"commune","app_obs":266,"mai":12.99,"mai_bas":10.26,"mai_haut":16.44,"mai_ech":"maille","mai_obs":98},"geometry":{"type":"Polygon","coordinates":[[[1.5149,43.5271],[1.5078,43.5391],[1.502,43.5432],[1.4945,43.5535],[1.5063,43.5575],[1.5154,43.5499],[1.5303,43.5482],[1.5465,43.5342],[1.5435,43.5295],[1.5236,43.5217],[1.5149,43.5271]]]}},{"type":"Feature","properties":{"code":"31320","nom":"Marquefave","app":10.29,"app_bas":8.35,"app_haut":12.69,"app_ech":"maille","app_obs":0,"mai":11.13,"mai_bas":8.81,"mai_haut":14.05,"mai_ech":"maille","mai_obs":14},"geometry":{"type":"Polygon","coordinates":[[[1.2907,43.2935],[1.28,43.2948],[1.2603,43.288],[1.26,43.2857],[1.2479,43.2874],[1.2434,43.2916],[1.2283,43.3138],[1.2322,43.3365],[1.243,43.3338],[1.2563,43.3255],[1.2641,43.3235],[1.2891,43.324],[1.2904,43.3208],[1.2916,43.3048],[1.2907,43.2935]]]}},{"type":"Feature","properties":{"code":"31340","nom":"Mervilla","app":13.64,"app_bas":12.12,"app_haut":15.36,"app_ech":"maille","app_obs":8,"mai":12.37,"mai_bas":9.13,"mai_haut":16.78,"mai_ech":"maille","mai_obs":25},"geometry":{"type":"Polygon","coordinates":[[[1.4848,43.5007],[1.4635,43.499],[1.459,43.4996],[1.4651,43.5118],[1.4686,43.5144],[1.4797,43.5146],[1.485,43.5068],[1.4848,43.5007]]]}},{"type":"Feature","properties":{"code":"31353","nom":"Monès","app":10.03,"app_bas":8.72,"app_haut":11.53,"app_ech":"maille","app_obs":0,"mai":8.78,"mai_bas":7.01,"mai_haut":11,"mai_ech":"maille","mai_obs":0},"geometry":{"type":"Polygon","coordinates":[[[1.0228,43.4117],[1.0271,43.422],[1.0211,43.4286],[1.0456,43.4233],[1.038,43.4149],[1.0416,43.4082],[1.0383,43.4072],[1.0228,43.4117]]]}},{"type":"Feature","properties":{"code":"31378","nom":"Montgaillard-sur-Save","app":8.93,"app_bas":7.12,"app_haut":11.22,"app_ech":"maille","app_obs":0,"mai":8.58,"mai_bas":6.72,"mai_haut":10.97,"mai_ech":"maille","mai_obs":0},"geometry":{"type":"Polygon","coordinates":[[[0.7213,43.2648],[0.7331,43.254],[0.7364,43.2463],[0.7289,43.2447],[0.699,43.2525],[0.6927,43.2576],[0.7213,43.2648]]]}},{"type":"Feature","properties":{"code":"31505","nom":"Saint-Michel","app":8.71,"app_bas":7.21,"app_haut":10.52,"app_ech":"maille","app_obs":4,"mai":8.36,"mai_bas":6.39,"mai_haut":10.92,"mai_ech":"maille","mai_obs":10},"geometry":{"type":"Polygon","coordinates":[[[1.0535,43.1455],[1.0537,43.1467],[1.0722,43.1559],[1.0707,43.1694],[1.0766,43.1787],[1.0903,43.1865],[1.1023,43.1881],[1.1052,43.1762],[1.1019,43.1701],[1.11,43.1658],[1.106,43.1531],[1.1085,43.1442],[1.0898,43.1418],[1.088,43.1338],[1.0589,43.1418],[1.0535,43.1455]]]}},{"type":"Feature","properties":{"code":"31013","nom":"Ardiège","app":9.31,"app_bas":7.58,"app_haut":11.43,"app_ech":"maille","app_obs":7,"mai":9.99,"mai_bas":7.67,"mai_haut":13.01,"mai_ech":"maille","mai_obs":21},"geometry":{"type":"Polygon","coordinates":[[[0.6275,43.0805],[0.6547,43.0709],[0.6583,43.0546],[0.6645,43.0545],[0.6565,43.0488],[0.6466,43.0593],[0.6332,43.0697],[0.62,43.0771],[0.6275,43.0805]]]}},{"type":"Feature","properties":{"code":"31181","nom":"Fauga","app":10.58,"app_bas":8.87,"app_haut":12.63,"app_ech":"maille","app_obs":16,"mai":10.66,"mai_bas":8.27,"mai_haut":13.74,"mai_ech":"commune","mai_obs":124},"geometry":{"type":"Polygon","coordinates":[[[1.2772,43.4094],[1.2888,43.4186],[1.2994,43.4164],[1.3072,43.4083],[1.3085,43.3922],[1.3163,43.3904],[1.3275,43.3796],[1.2969,43.3853],[1.2844,43.3914],[1.2767,43.386],[1.2705,43.389],[1.2767,43.4004],[1.2719,43.403],[1.2772,43.4094]]]}},{"type":"Feature","properties":{"code":"31189","nom":"Forgues","app":9.31,"app_bas":7.65,"app_haut":11.33,"app_ech":"maille","app_obs":0,"mai":8.78,"mai_bas":7.01,"mai_haut":11,"mai_ech":"maille","mai_obs":2},"geometry":{"type":"Polygon","coordinates":[[[1.0664,43.4214],[1.0456,43.4233],[1.0211,43.4286],[1.0189,43.4307],[1.0249,43.4375],[1.0323,43.4412],[1.0388,43.4423],[1.0504,43.436],[1.0669,43.4299],[1.0664,43.4214]]]}},{"type":"Feature","properties":{"code":"31193","nom":"Fousseret","app":9.85,"app_bas":7.9,"app_haut":12.28,"app_ech":"commune","app_obs":104,"mai":7.07,"mai_bas":5.38,"mai_haut":9.29,"mai_ech":"maille","mai_obs":88},"geometry":{"type":"Polygon","coordinates":[[[1.0849,43.2528],[1.0747,43.249],[1.0427,43.2665],[1.0284,43.2659],[1.0197,43.2805],[1.0217,43.2897],[1.031,43.2972],[1.0419,43.3098],[1.0393,43.3181],[1.0589,43.3238],[1.0697,43.3244],[1.0854,43.3207],[1.0794,43.3079],[1.0889,43.2953],[1.0978,43.2905],[1.1109,43.2879],[1.1209,43.284],[1.1122,43.2784],[1.0849,43.2528]]]}},{"type":"Feature","properties":{"code":"31260","nom":"Laffite-Toupière","app":9.17,"app_bas":7.29,"app_haut":11.55,"app_ech":"maille","app_obs":0,"mai":7.07,"mai_bas":5.38,"mai_haut":9.29,"mai_ech":"maille","mai_obs":5},"geometry":{"type":"Polygon","coordinates":[[[0.9146,43.181],[0.9285,43.1798],[0.925,43.1705],[0.9265,43.164],[0.9178,43.1579],[0.9228,43.1491],[0.9016,43.1587],[0.8863,43.1595],[0.8978,43.1667],[0.911,43.1712],[0.9146,43.181]]]}},{"type":"Feature","properties":{"code":"31377","nom":"Montgaillard-Lauragais","app":11.68,"app_bas":10,"app_haut":13.65,"app_ech":"maille","app_obs":8,"mai":9.3,"mai_bas":7.26,"mai_haut":11.92,"mai_ech":"maille","mai_obs":23},"geometry":{"type":"Polygon","coordinates":[[[1.7377,43.4299],[1.7331,43.4278],[1.7334,43.4219],[1.7265,43.4166],[1.7137,43.4189],[1.7017,43.4174],[1.694,43.4115],[1.6821,43.4202],[1.6691,43.4239],[1.6784,43.4296],[1.6874,43.4425],[1.6892,43.4469],[1.7028,43.4458],[1.7101,43.4386],[1.721,43.4342],[1.7377,43.4299]]]}},{"type":"Feature","properties":{"code":"31409","nom":"Péchabou","app":12.69,"app_bas":10.8,"app_haut":14.91,"app_ech":"commune","app_obs":331,"mai":13.02,"mai_bas":9.79,"mai_haut":17.32,"mai_ech":"maille","mai_obs":89},"geometry":{"type":"Polygon","coordinates":[[[1.5305,43.5077],[1.5317,43.5061],[1.5048,43.491],[1.4998,43.4907],[1.4942,43.4955],[1.4935,43.501],[1.502,43.5062],[1.5096,43.5064],[1.5246,43.5108],[1.5305,43.5077]]]}},{"type":"Feature","properties":{"code":"31412","nom":"Péguilhan","app":9.49,"app_bas":7.65,"app_haut":11.79,"app_ech":"maille","app_obs":0,"mai":7.07,"mai_bas":5.38,"mai_haut":9.29,"mai_ech":"maille","mai_obs":9},"geometry":{"type":"Polygon","coordinates":[[[0.6747,43.3295],[0.6897,43.3266],[0.699,43.332],[0.7164,43.3458],[0.7212,43.339],[0.7206,43.3325],[0.7301,43.328],[0.75,43.3262],[0.7427,43.3221],[0.7296,43.3094],[0.7311,43.3034],[0.716,43.3032],[0.6863,43.3004],[0.6563,43.3174],[0.6747,43.3295]]]}},{"type":"Feature","properties":{"code":"31047","nom":"Bax","app":10.29,"app_bas":8.35,"app_haut":12.69,"app_ech":"maille","app_obs":0,"mai":9.79,"mai_bas":7.39,"mai_haut":12.95,"mai_ech":"maille","mai_obs":4},"geometry":{"type":"Polygon","coordinates":[[[1.2914,43.2135],[1.2779,43.2149],[1.2725,43.2261],[1.2584,43.2365],[1.2658,43.2402],[1.2747,43.2349],[1.2862,43.2336],[1.2947,43.223],[1.3179,43.2293],[1.3191,43.2185],[1.2914,43.2135]]]}},{"type":"Feature","properties":{"code":"31274","nom":"Larcan","app":9.17,"app_bas":7.29,"app_haut":11.55,"app_ech":"maille","app_obs":0,"mai":9.99,"mai_bas":7.67,"mai_haut":13.01,"mai_ech":"maille","mai_obs":5},"geometry":{"type":"Polygon","coordinates":[[[0.7449,43.17],[0.7363,43.1665],[0.7292,43.1588],[0.7185,43.161],[0.7109,43.161],[0.6938,43.1693],[0.7055,43.174],[0.7205,43.1833],[0.733,43.1845],[0.7418,43.1779],[0.7449,43.17]]]}},{"type":"Feature","properties":{"code":"31287","nom":"Lavernose-Lacasse","app":10.58,"app_bas":8.87,"app_haut":12.63,"app_ech":"maille","app_obs":94,"mai":11.79,"mai_bas":9.33,"mai_haut":14.9,"mai_ech":"commune","mai_obs":147},"geometry":{"type":"Polygon","coordinates":[[[1.2772,43.4094],[1.2719,43.403],[1.2767,43.4004],[1.2705,43.389],[1.2646,43.382],[1.265,43.3719],[1.261,43.3656],[1.2502,43.3691],[1.2361,43.3771],[1.2292,43.3757],[1.2101,43.3782],[1.2088,43.3849],[1.2183,43.394],[1.2269,43.4002],[1.2389,43.4043],[1.2432,43.4183],[1.2512,43.4137],[1.2735,43.411],[1.2772,43.4094]]]}},{"type":"Feature","properties":{"code":"31322","nom":"Martisserre","app":9.31,"app_bas":7.65,"app_haut":11.33,"app_ech":"maille","app_obs":0,"mai":10.24,"mai_bas":8.13,"mai_haut":12.9,"mai_ech":"maille","mai_obs":0},"geometry":{"type":"Polygon","coordinates":[[[0.8971,43.3875],[0.8892,43.3821],[0.8659,43.3816],[0.8728,43.3937],[0.8766,43.4062],[0.8856,43.41],[0.8949,43.4053],[0.9022,43.4053],[0.9016,43.3964],[0.8971,43.3875]]]}},{"type":"Feature","properties":{"code":"31351","nom":"Mondonville","app":12.3,"app_bas":10.91,"app_haut":13.87,"app_ech":"commune","app_obs":2013,"mai":11.71,"mai_bas":9.59,"mai_haut":14.29,"mai_ech":"commune","mai_obs":551},"geometry":{"type":"Polygon","coordinates":[[[1.2801,43.6476],[1.2701,43.6503],[1.2543,43.6478],[1.2366,43.6503],[1.2661,43.6667],[1.2778,43.6742],[1.2999,43.6813],[1.2984,43.6924],[1.3064,43.6795],[1.3103,43.6662],[1.3082,43.6639],[1.2801,43.6476]]]}},{"type":"Feature","properties":{"code":"31376","nom":"Montgaillard-de-Salies","app":9.21,"app_bas":7.37,"app_haut":11.5,"app_ech":"maille","app_obs":0,"mai":7.91,"mai_bas":5.96,"mai_haut":10.51,"mai_ech":"maille","mai_obs":3},"geometry":{"type":"Polygon","coordinates":[[[0.9178,43.0681],[0.9243,43.0713],[0.9433,43.0686],[0.9525,43.0621],[0.9499,43.0529],[0.9399,43.0478],[0.9182,43.0482],[0.913,43.0537],[0.9178,43.0681]]]}},{"type":"Feature","properties":{"code":"31414","nom":"Peyrissas","app":8.71,"app_bas":7.21,"app_haut":10.52,"app_ech":"maille","app_obs":0,"mai":7.07,"mai_bas":5.38,"mai_haut":9.29,"mai_ech":"maille","mai_obs":1},"geometry":{"type":"Polygon","coordinates":[[[0.8885,43.2922],[0.897,43.2953],[0.9104,43.3066],[0.9255,43.3027],[0.9234,43.2959],[0.9312,43.2846],[0.9307,43.2805],[0.9087,43.2728],[0.8978,43.2815],[0.8885,43.2922]]]}},{"type":"Feature","properties":{"code":"31434","nom":"Poubeau","app":9.49,"app_bas":6.59,"app_haut":13.66,"app_ech":"maille","app_obs":7,"mai":9.05,"mai_bas":6.5,"mai_haut":12.59,"mai_ech":"epci","mai_obs":4},"geometry":{"type":"Polygon","coordinates":[[[0.4902,42.8148],[0.4939,42.816],[0.4839,42.8299],[0.4789,42.845],[0.4869,42.8453],[0.4977,42.8379],[0.4993,42.8259],[0.503,42.8143],[0.5002,42.8089],[0.4906,42.8095],[0.4902,42.8148]]]}},{"type":"Feature","properties":{"code":"31449","nom":"Régades","app":9.31,"app_bas":7.58,"app_haut":11.43,"app_ech":"maille","app_obs":1,"mai":8.58,"mai_bas":6.72,"mai_haut":10.97,"mai_ech":"maille","mai_obs":1},"geometry":{"type":"Polygon","coordinates":[[[0.7069,43.0623],[0.7135,43.0632],[0.7265,43.058],[0.7328,43.0533],[0.7329,43.0482],[0.7252,43.0441],[0.7251,43.0432],[0.7054,43.0478],[0.7069,43.0623]]]}},{"type":"Feature","properties":{"code":"31458","nom":"Roques","app":12.73,"app_bas":11.44,"app_haut":14.17,"app_ech":"commune","app_obs":796,"mai":11.41,"mai_bas":9.42,"mai_haut":13.81,"mai_ech":"commune","mai_obs":333},"geometry":{"type":"Polygon","coordinates":[[[1.3565,43.4963],[1.347,43.4897],[1.3363,43.4919],[1.3296,43.4895],[1.3329,43.5068],[1.3402,43.5167],[1.3583,43.5191],[1.3699,43.5241],[1.3751,43.5214],[1.3868,43.5118],[1.37,43.5047],[1.3565,43.4963]]]}},{"type":"Feature","properties":{"code":"31499","nom":"Saint-Lys","app":12.12,"app_bas":9.85,"app_haut":14.92,"app_ech":"commune","app_obs":569,"mai":10.64,"mai_bas":8.78,"mai_haut":12.9,"mai_ech":"commune","mai_obs":338},"geometry":{"type":"Polygon","coordinates":[[[1.1956,43.4886],[1.184,43.4937],[1.1702,43.4974],[1.1685,43.5069],[1.156,43.508],[1.1659,43.5239],[1.1749,43.5323],[1.1958,43.5308],[1.2107,43.5213],[1.2343,43.5147],[1.2482,43.5191],[1.2435,43.5041],[1.2312,43.4954],[1.2283,43.4969],[1.2144,43.4918],[1.1956,43.4886]]]}},{"type":"Feature","properties":{"code":"31528","nom":"Saman","app":8.93,"app_bas":7.12,"app_haut":11.22,"app_ech":"maille","app_obs":6,"mai":8.58,"mai_bas":6.72,"mai_haut":10.97,"mai_ech":"maille","mai_obs":4},"geometry":{"type":"Polygon","coordinates":[[[0.7063,43.2509],[0.7289,43.2447],[0.7364,43.2463],[0.7422,43.2409],[0.7444,43.2326],[0.7323,43.2315],[0.7193,43.2273],[0.7113,43.2302],[0.7084,43.2388],[0.7019,43.2431],[0.7063,43.2509]]]}},{"type":"Feature","properties":{"code":"31051","nom":"Beaufort","app":9.31,"app_bas":7.65,"app_haut":11.33,"app_ech":"maille","app_obs":0,"mai":8.78,"mai_bas":7.01,"mai_haut":11,"mai_ech":"maille","mai_obs":6},"geometry":{"type":"Polygon","coordinates":[[[1.1079,43.4418],[1.1013,43.4423],[1.0842,43.4476],[1.0803,43.4559],[1.0853,43.4617],[1.0966,43.4662],[1.1058,43.4669],[1.1275,43.4622],[1.1344,43.4549],[1.1195,43.4456],[1.1079,43.4418]]]}},{"type":"Feature","properties":{"code":"31097","nom":"Cabanial","app":9.62,"app_bas":7.83,"app_haut":11.82,"app_ech":"maille","app_obs":22,"mai":10.46,"mai_bas":7.45,"mai_haut":14.68,"mai_ech":"maille","mai_obs":4},"geometry":{"type":"Polygon","coordinates":[[[1.8642,43.5451],[1.8804,43.5403],[1.8714,43.5343],[1.8796,43.53],[1.8826,43.5209],[1.8877,43.5169],[1.8891,43.513],[1.8835,43.5076],[1.8693,43.5025],[1.8631,43.5041],[1.8553,43.5112],[1.8579,43.5232],[1.8534,43.5312],[1.8642,43.5451]]]}},{"type":"Feature","properties":{"code":"31143","nom":"Cier-de-Rivière","app":9.31,"app_bas":7.58,"app_haut":11.43,"app_ech":"maille","app_obs":3,"mai":9.99,"mai_bas":7.67,"mai_haut":13.01,"mai_ech":"maille","mai_obs":13},"geometry":{"type":"Polygon","coordinates":[[[0.6048,43.0522],[0.612,43.0744],[0.62,43.0771],[0.6332,43.0697],[0.6466,43.0593],[0.6565,43.0488],[0.6481,43.0462],[0.6349,43.0455],[0.6248,43.0439],[0.6048,43.0522]]]}},{"type":"Feature","properties":{"code":"31368","nom":"Montclar-Lauragais","app":12.01,"app_bas":10.22,"app_haut":14.11,"app_ech":"maille","app_obs":1,"mai":9.4,"mai_bas":7.13,"mai_haut":12.4,"mai_ech":"maille","mai_obs":5},"geometry":{"type":"Polygon","coordinates":[[[1.6947,43.3711],[1.7081,43.371],[1.7212,43.3681],[1.7301,43.363],[1.7168,43.3495],[1.7137,43.3538],[1.7017,43.3619],[1.6947,43.3711]]]}},{"type":"Feature","properties":{"code":"31446","nom":"Ramonville-Saint-Agne","app":13.64,"app_bas":11.93,"app_haut":15.59,"app_ech":"commune","app_obs":2965,"mai":13.36,"mai_bas":10.55,"mai_haut":16.91,"mai_ech":"commune","mai_obs":203},"geometry":{"type":"Polygon","coordinates":[[[1.4614,43.5327],[1.4565,43.5386],[1.461,43.5474],[1.4726,43.5553],[1.4792,43.5574],[1.4859,43.5528],[1.4945,43.5535],[1.502,43.5432],[1.4963,43.5402],[1.4713,43.5323],[1.4614,43.5327]]]}},{"type":"Feature","properties":{"code":"31524","nom":"Salles-et-Pratviel","app":9.49,"app_bas":6.59,"app_haut":13.66,"app_ech":"maille","app_obs":1,"mai":9.05,"mai_bas":6.5,"mai_haut":12.59,"mai_ech":"epci","mai_obs":2},"geometry":{"type":"Polygon","coordinates":[[[0.6112,42.845],[0.6159,42.8398],[0.6116,42.8349],[0.6123,42.826],[0.6089,42.819],[0.6046,42.8195],[0.5988,42.8426],[0.6112,42.845]]]}},{"type":"Feature","properties":{"code":"31588","nom":"Villeneuve-Tolosane","app":12.6,"app_bas":11.1,"app_haut":14.3,"app_ech":"commune","app_obs":1826,"mai":11.53,"mai_bas":9.06,"mai_haut":14.68,"mai_ech":"commune","mai_obs":456},"geometry":{"type":"Polygon","coordinates":[[[1.372,43.5344],[1.3751,43.5214],[1.3699,43.5241],[1.3583,43.5191],[1.3402,43.5167],[1.3303,43.5232],[1.3232,43.532],[1.3105,43.5367],[1.3111,43.5383],[1.3307,43.5338],[1.3381,43.5335],[1.3502,43.5286],[1.3602,43.5283],[1.372,43.5344]]]}},{"type":"Feature","properties":{"code":"31065","nom":"Bérat","app":10.29,"app_bas":8.35,"app_haut":12.69,"app_ech":"maille","app_obs":29,"mai":11.96,"mai_bas":9.44,"mai_haut":15.16,"mai_ech":"commune","mai_obs":107},"geometry":{"type":"Polygon","coordinates":[[[1.1667,43.3501],[1.1552,43.3492],[1.1328,43.3611],[1.1298,43.3687],[1.1318,43.3712],[1.1412,43.3765],[1.1465,43.3937],[1.1613,43.3963],[1.1699,43.3953],[1.1781,43.4011],[1.1918,43.4033],[1.2183,43.394],[1.2088,43.3849],[1.2101,43.3782],[1.1871,43.3649],[1.1778,43.3611],[1.1667,43.3501]]]}},{"type":"Feature","properties":{"code":"31235","nom":"Guran","app":9.49,"app_bas":6.59,"app_haut":13.66,"app_ech":"maille","app_obs":0,"mai":8.34,"mai_bas":6.46,"mai_haut":10.77,"mai_ech":"maille","mai_obs":0},"geometry":{"type":"Polygon","coordinates":[[[0.6153,42.8724],[0.6177,42.8779],[0.6102,42.8843],[0.5796,42.883],[0.5857,42.8943],[0.6108,42.8948],[0.6213,42.893],[0.6301,42.8717],[0.6153,42.8724]]]}},{"type":"Feature","properties":{"code":"31303","nom":"Longages","app":10.29,"app_bas":8.35,"app_haut":12.69,"app_ech":"maille","app_obs":86,"mai":12.11,"mai_bas":9.6,"mai_haut":15.26,"mai_ech":"commune","mai_obs":160},"geometry":{"type":"Polygon","coordinates":[[[1.1667,43.3501],[1.1778,43.3611],[1.1871,43.3649],[1.2101,43.3782],[1.2292,43.3757],[1.2361,43.3771],[1.2502,43.3691],[1.2544,43.3642],[1.2539,43.3574],[1.2471,43.3482],[1.2322,43.3394],[1.2306,43.343],[1.2197,43.3416],[1.2038,43.3326],[1.1918,43.3414],[1.1796,43.3487],[1.1667,43.3501]]]}},{"type":"Feature","properties":{"code":"31309","nom":"Lussan-Adeilhac","app":9.49,"app_bas":7.65,"app_haut":11.79,"app_ech":"maille","app_obs":2,"mai":7.07,"mai_bas":5.38,"mai_haut":9.29,"mai_ech":"maille","mai_obs":5},"geometry":{"type":"Polygon","coordinates":[[[0.9612,43.2744],[0.9555,43.2804],[0.9422,43.2839],[0.939,43.2798],[0.9307,43.2805],[0.9312,43.2846],[0.9234,43.2959],[0.9255,43.3027],[0.9383,43.3101],[0.9433,43.306],[0.9567,43.313],[0.9655,43.3155],[0.9857,43.3146],[0.9757,43.3087],[0.9678,43.2973],[0.9759,43.2925],[0.9703,43.2869],[0.9683,43.2742],[0.9612,43.2744]]]}},{"type":"Feature","properties":{"code":"31361","nom":"Montaut","app":10.58,"app_bas":8.87,"app_haut":12.63,"app_ech":"maille","app_obs":2,"mai":11.13,"mai_bas":8.81,"mai_haut":14.05,"mai_ech":"maille","mai_obs":6},"geometry":{"type":"Polygon","coordinates":[[[1.2938,43.3654],[1.3254,43.3636],[1.3296,43.3656],[1.3338,43.3636],[1.3361,43.3536],[1.355,43.3484],[1.3537,43.3404],[1.3447,43.3353],[1.3289,43.3394],[1.325,43.3352],[1.3109,43.3359],[1.3036,43.3314],[1.3047,43.3199],[1.2904,43.3208],[1.2891,43.324],[1.2793,43.3355],[1.274,43.3389],[1.2764,43.3444],[1.2866,43.3514],[1.2938,43.3654]]]}},{"type":"Feature","properties":{"code":"31413","nom":"Pelleport","app":10.66,"app_bas":8.6,"app_haut":13.21,"app_ech":"maille","app_obs":4,"mai":7.78,"mai_bas":5.82,"mai_haut":10.41,"mai_ech":"maille","mai_obs":24},"geometry":{"type":"Polygon","coordinates":[[[1.0863,43.7396],[1.0996,43.7442],[1.1097,43.7543],[1.127,43.7587],[1.138,43.7571],[1.1413,43.7471],[1.14,43.7323],[1.1188,43.7246],[1.0856,43.7381],[1.0863,43.7396]]]}},{"type":"Feature","properties":{"code":"31496","nom":"Sainte-Livrade","app":10.6,"app_bas":9.25,"app_haut":12.13,"app_ech":"maille","app_obs":1,"mai":9.32,"mai_bas":7.05,"mai_haut":12.32,"mai_ech":"maille","mai_obs":11},"geometry":{"type":"Polygon","coordinates":[[[1.1215,43.6563],[1.1379,43.6494],[1.1306,43.6426],[1.1155,43.6367],[1.0877,43.645],[1.0894,43.6492],[1.1014,43.6606],[1.1215,43.6563]]]}},{"type":"Feature","properties":{"code":"31509","nom":"Saint-Pé-d'Ardet","app":9.31,"app_bas":7.58,"app_haut":11.43,"app_ech":"maille","app_obs":1,"mai":9.05,"mai_bas":6.5,"mai_haut":12.59,"mai_ech":"epci","mai_obs":2},"geometry":{"type":"Polygon","coordinates":[[[0.6844,42.9788],[0.6658,42.9812],[0.6646,42.9911],[0.6834,42.9936],[0.6935,42.9908],[0.6996,42.9874],[0.6844,42.9788]]]}},{"type":"Feature","properties":{"code":"31555","nom":"Toulouse","app":13.98,"app_bas":11.17,"app_haut":17.51,"app_ech":"commune","app_obs":225512,"mai":12.86,"mai_bas":9.5,"mai_haut":17.41,"mai_ech":"commune","mai_obs":7288},"geometry":{"type":"Polygon","coordinates":[[[1.5046,43.5799],[1.5129,43.577],[1.514,43.5648],[1.5063,43.5575],[1.4945,43.5535],[1.4859,43.5528],[1.4792,43.5574],[1.4726,43.5553],[1.461,43.5474],[1.4565,43.5386],[1.4614,43.5327],[1.4288,43.5461],[1.4101,43.5459],[1.3905,43.5381],[1.3857,43.538],[1.3788,43.5442],[1.3679,43.5499],[1.375,43.5533],[1.3593,43.5602],[1.3685,43.5714],[1.3633,43.5764],[1.3769,43.5897],[1.3619,43.5915],[1.3627,43.5979],[1.3517,43.6067],[1.3604,43.6219],[1.3664,43.6251],[1.3762,43.6246],[1.374,43.6194],[1.3894,43.6152],[1.4003,43.623],[1.4037,43.6356],[1.4015,43.6492],[1.4067,43.6549],[1.4059,43.661],[1.4001,43.6665],[1.4119,43.6667],[1.4219,43.661],[1.4306,43.6591],[1.4398,43.6685],[1.4412,43.6548],[1.4531,43.6507],[1.46,43.6608],[1.4685,43.6555],[1.4682,43.6471],[1.4767,43.6429],[1.4852,43.6472],[1.4995,43.6462],[1.49,43.6331],[1.4804,43.6276],[1.4884,43.6032],[1.4953,43.5858],[1.5046,43.5799]]]}},{"type":"Feature","properties":{"code":"31425","nom":"Plan","app":8.71,"app_bas":7.21,"app_haut":10.52,"app_ech":"maille","app_obs":8,"mai":8.36,"mai_bas":6.39,"mai_haut":10.92,"mai_ech":"maille","mai_obs":13},"geometry":{"type":"Polygon","coordinates":[[[1.1085,43.1442],[1.106,43.1531],[1.11,43.1658],[1.1019,43.1701],[1.1052,43.1762],[1.1236,43.1804],[1.1396,43.1781],[1.1427,43.1724],[1.1506,43.1688],[1.1314,43.1635],[1.1241,43.1569],[1.1121,43.1484],[1.1085,43.1442]]]}},{"type":"Feature","properties":{"code":"31440","nom":"Proupiary","app":9.49,"app_bas":7.65,"app_haut":11.79,"app_ech":"maille","app_obs":4,"mai":8.36,"mai_bas":6.39,"mai_haut":10.92,"mai_ech":"maille","mai_obs":6},"geometry":{"type":"Polygon","coordinates":[[[0.8763,43.1396],[0.8615,43.149],[0.8536,43.1647],[0.8554,43.1721],[0.8637,43.1717],[0.8769,43.1753],[0.8781,43.1709],[0.8732,43.1628],[0.8812,43.1559],[0.8763,43.1396]]]}},{"type":"Feature","properties":{"code":"31029","nom":"Aurin","app":11.75,"app_bas":10.6,"app_haut":13.02,"app_ech":"maille","app_obs":2,"mai":9.3,"mai_bas":7.26,"mai_haut":11.92,"mai_ech":"maille","mai_obs":6},"geometry":{"type":"Polygon","coordinates":[[[1.6526,43.5233],[1.6658,43.534],[1.6704,43.5428],[1.6829,43.5499],[1.6969,43.5462],[1.7018,43.5518],[1.7057,43.5515],[1.7046,43.5421],[1.6873,43.5211],[1.6744,43.5268],[1.6673,43.5219],[1.657,43.5192],[1.6526,43.5233]]]}},{"type":"Feature","properties":{"code":"31129","nom":"Cazarilh-Laspènes","app":9.49,"app_bas":6.59,"app_haut":13.66,"app_ech":"maille","app_obs":3,"mai":8.34,"mai_bas":6.46,"mai_haut":10.77,"mai_ech":"maille","mai_obs":0},"geometry":{"type":"Polygon","coordinates":[[[0.5748,42.7952],[0.5702,42.7959],[0.5704,42.8011],[0.5767,42.8083],[0.5783,42.8127],[0.5914,42.8093],[0.5919,42.7989],[0.5796,42.7942],[0.5748,42.7952]]]}},{"type":"Feature","properties":{"code":"31126","nom":"Caubiac","app":10.89,"app_bas":9.12,"app_haut":13.02,"app_ech":"maille","app_obs":2,"mai":7.78,"mai_bas":5.82,"mai_haut":10.41,"mai_ech":"maille","mai_obs":15},"geometry":{"type":"Polygon","coordinates":[[[1.0561,43.7048],[1.0531,43.7085],[1.0572,43.7216],[1.077,43.7316],[1.0891,43.7176],[1.0976,43.7002],[1.0774,43.6994],[1.0657,43.7002],[1.0561,43.7048]]]}},{"type":"Feature","properties":{"code":"31152","nom":"Coueilles","app":8.71,"app_bas":7.21,"app_haut":10.52,"app_ech":"maille","app_obs":1,"mai":9,"mai_bas":6.61,"mai_haut":12.26,"mai_ech":"maille","mai_obs":0},"geometry":{"type":"Polygon","coordinates":[[[0.8517,43.3535],[0.8553,43.3594],[0.8755,43.3588],[0.8948,43.3501],[0.9021,43.3421],[0.8943,43.3328],[0.8841,43.3312],[0.8766,43.335],[0.875,43.3443],[0.8632,43.3473],[0.8517,43.3535]]]}},{"type":"Feature","properties":{"code":"31168","nom":"Eoux","app":9.49,"app_bas":7.65,"app_haut":11.79,"app_ech":"maille","app_obs":0,"mai":7.07,"mai_bas":5.38,"mai_haut":9.29,"mai_ech":"maille","mai_obs":7},"geometry":{"type":"Polygon","coordinates":[[[0.8753,43.2956],[0.8885,43.2922],[0.8978,43.2815],[0.9087,43.2728],[0.901,43.2699],[0.8936,43.2574],[0.8759,43.2633],[0.8608,43.2797],[0.8607,43.2881],[0.8753,43.2956]]]}},{"type":"Feature","properties":{"code":"31190","nom":"Fos","app":9.21,"app_bas":7.37,"app_haut":11.5,"app_ech":"maille","app_obs":0,"mai":9.05,"mai_bas":6.5,"mai_haut":12.59,"mai_ech":"epci","mai_obs":11},"geometry":{"type":"Polygon","coordinates":[[[0.7268,42.883],[0.7506,42.8846],[0.7522,42.8769],[0.7479,42.8656],[0.7559,42.8615],[0.7789,42.8568],[0.8015,42.8405],[0.7865,42.836],[0.7676,42.839],[0.7473,42.8467],[0.7351,42.8543],[0.7084,42.8614],[0.7089,42.8799],[0.7157,42.8841],[0.7268,42.883]]]}},{"type":"Feature","properties":{"code":"31191","nom":"Fougaron","app":9.21,"app_bas":7.37,"app_haut":11.5,"app_ech":"maille","app_obs":0,"mai":7.92,"mai_bas":5.92,"mai_haut":10.6,"mai_ech":"maille","mai_obs":0},"geometry":{"type":"Polygon","coordinates":[[[0.9116,43.0065],[0.9229,43.0086],[0.937,42.994],[0.9477,42.9861],[0.9647,42.9708],[0.9502,42.9661],[0.9381,42.9656],[0.9277,42.9667],[0.9186,42.9779],[0.9131,42.9816],[0.9298,42.9973],[0.9251,43.0023],[0.9116,43.0065]]]}},{"type":"Feature","properties":{"code":"31301","nom":"Lilhac","app":9.49,"app_bas":7.65,"app_haut":11.79,"app_ech":"maille","app_obs":0,"mai":7.07,"mai_bas":5.38,"mai_haut":9.29,"mai_ech":"maille","mai_obs":1},"geometry":{"type":"Polygon","coordinates":[[[0.8002,43.2704],[0.7998,43.276],[0.7931,43.2808],[0.7907,43.2859],[0.8045,43.304],[0.8118,43.2966],[0.8211,43.2941],[0.8322,43.2868],[0.8221,43.2792],[0.822,43.2756],[0.811,43.2689],[0.8002,43.2704]]]}},{"type":"Feature","properties":{"code":"31513","nom":"Saint-Plancard","app":10.01,"app_bas":8.05,"app_haut":12.46,"app_ech":"maille","app_obs":25,"mai":9.99,"mai_bas":7.67,"mai_haut":13.01,"mai_ech":"maille","mai_obs":2},"geometry":{"type":"Polygon","coordinates":[[[0.5788,43.1528],[0.5628,43.1618],[0.5523,43.155],[0.5256,43.1505],[0.526,43.1571],[0.53,43.1638],[0.55,43.1764],[0.5722,43.1847],[0.5768,43.189],[0.6019,43.1783],[0.6111,43.1679],[0.5899,43.1576],[0.5891,43.1492],[0.5788,43.1528]]]}},{"type":"Feature","properties":{"code":"31266","nom":"Lahage","app":9.31,"app_bas":7.65,"app_haut":11.33,"app_ech":"maille","app_obs":3,"mai":8.78,"mai_bas":7.01,"mai_haut":11,"mai_ech":"maille","mai_obs":0},"geometry":{"type":"Polygon","coordinates":[[[1.0669,43.4299],[1.0504,43.436],[1.0388,43.4423],[1.0323,43.4412],[1.0339,43.4473],[1.0391,43.4525],[1.0659,43.447],[1.0972,43.4391],[1.1078,43.4401],[1.1033,43.4341],[1.0691,43.4292],[1.0669,43.4299]]]}},{"type":"Feature","properties":{"code":"31281","nom":"Launac","app":10.66,"app_bas":8.6,"app_haut":13.21,"app_ech":"maille","app_obs":55,"mai":9.32,"mai_bas":7.05,"mai_haut":12.32,"mai_ech":"maille","mai_obs":68},"geometry":{"type":"Polygon","coordinates":[[[1.1199,43.7737],[1.1292,43.7665],[1.143,43.7617],[1.1584,43.763],[1.1747,43.7674],[1.2072,43.7692],[1.2039,43.7643],[1.207,43.7548],[1.2169,43.7488],[1.2034,43.7353],[1.1623,43.7301],[1.14,43.7323],[1.1413,43.7471],[1.138,43.7571],[1.127,43.7587],[1.1159,43.762],[1.1147,43.768],[1.1199,43.7737]]]}},{"type":"Feature","properties":{"code":"31325","nom":"Mascarville","app":11.15,"app_bas":9.32,"app_haut":13.35,"app_ech":"maille","app_obs":0,"mai":8.63,"mai_bas":6.6,"mai_haut":11.3,"mai_ech":"maille","mai_obs":0},"geometry":{"type":"Polygon","coordinates":[[[1.7359,43.5603],[1.7508,43.5698],[1.7629,43.5707],[1.7707,43.5657],[1.7634,43.5521],[1.756,43.5446],[1.7468,43.5452],[1.74,43.5521],[1.7359,43.5603]]]}},{"type":"Feature","properties":{"code":"31491","nom":"Saint-Julia","app":8.58,"app_bas":6.71,"app_haut":10.98,"app_ech":"maille","app_obs":5,"mai":10.46,"mai_bas":7.45,"mai_haut":14.68,"mai_ech":"maille","mai_obs":29},"geometry":{"type":"Polygon","coordinates":[[[1.8693,43.5025],[1.8835,43.5076],[1.8891,43.513],[1.8877,43.5169],[1.9171,43.5015],[1.9209,43.4898],[1.906,43.4827],[1.9067,43.4717],[1.8877,43.4742],[1.8694,43.4925],[1.8693,43.5025]]]}},{"type":"Feature","properties":{"code":"31521","nom":"Saleich","app":9.21,"app_bas":7.37,"app_haut":11.5,"app_ech":"maille","app_obs":2,"mai":7.91,"mai_bas":5.96,"mai_haut":10.51,"mai_ech":"maille","mai_obs":5},"geometry":{"type":"Polygon","coordinates":[[[0.9585,43.0489],[0.9845,43.0449],[0.9867,43.0275],[0.989,43.0234],[0.9902,43.0136],[0.9817,42.9988],[0.9814,42.9938],[0.9721,42.9997],[0.9634,43.0191],[0.9566,43.0251],[0.9416,43.0306],[0.9428,43.0401],[0.9399,43.0478],[0.9499,43.0529],[0.9585,43.0489]]]}},{"type":"Feature","properties":{"code":"31589","nom":"Villenouvelle","app":9.83,"app_bas":8.02,"app_haut":12.04,"app_ech":"maille","app_obs":43,"mai":9.15,"mai_bas":7.12,"mai_haut":11.76,"mai_ech":"maille","mai_obs":74},"geometry":{"type":"Polygon","coordinates":[[[1.6593,43.4517],[1.6821,43.449],[1.6874,43.4425],[1.6784,43.4296],[1.6691,43.4239],[1.6577,43.4265],[1.645,43.4323],[1.6345,43.4345],[1.6294,43.4384],[1.6381,43.442],[1.6479,43.4412],[1.6593,43.4517]]]}},{"type":"Feature","properties":{"code":"31164","nom":"Drudas","app":11.29,"app_bas":9.45,"app_haut":13.49,"app_ech":"maille","app_obs":0,"mai":7.78,"mai_bas":5.82,"mai_haut":10.41,"mai_ech":"maille","mai_obs":4},"geometry":{"type":"Polygon","coordinates":[[[1.0871,43.7402],[1.0755,43.7494],[1.077,43.7676],[1.0858,43.7754],[1.0914,43.7731],[1.1028,43.7789],[1.1086,43.7874],[1.1137,43.7863],[1.1199,43.7737],[1.1147,43.768],[1.1159,43.762],[1.127,43.7587],[1.1097,43.7543],[1.0996,43.7442],[1.0871,43.7402]]]}},{"type":"Feature","properties":{"code":"31219","nom":"Gensac-sur-Garonne","app":8.71,"app_bas":7.21,"app_haut":10.52,"app_ech":"maille","app_obs":5,"mai":10.24,"mai_bas":8.13,"mai_haut":12.9,"mai_ech":"maille","mai_obs":15},"geometry":{"type":"Polygon","coordinates":[[[1.1583,43.2031],[1.1382,43.2032],[1.1226,43.2014],[1.1081,43.2065],[1.1306,43.22],[1.134,43.227],[1.1398,43.2314],[1.1552,43.2338],[1.1687,43.2262],[1.1605,43.2163],[1.1583,43.2031]]]}},{"type":"Feature","properties":{"code":"31293","nom":"Lespinasse","app":12.47,"app_bas":10.9,"app_haut":14.26,"app_ech":"commune","app_obs":369,"mai":10.78,"mai_bas":9.18,"mai_haut":12.66,"mai_ech":"commune","mai_obs":126},"geometry":{"type":"Polygon","coordinates":[[[1.3686,43.716],[1.3759,43.7217],[1.3665,43.7305],[1.3731,43.7339],[1.3774,43.7267],[1.3895,43.725],[1.3975,43.7124],[1.3954,43.7078],[1.385,43.7017],[1.3686,43.716]]]}},{"type":"Feature","properties":{"code":"31296","nom":"Lestelle-de-Saint-Martory","app":9.21,"app_bas":7.37,"app_haut":11.5,"app_ech":"maille","app_obs":29,"mai":8.58,"mai_bas":6.72,"mai_haut":10.97,"mai_ech":"maille","mai_obs":24},"geometry":{"type":"Polygon","coordinates":[[[0.8826,43.1253],[0.8877,43.1324],[0.9089,43.1338],[0.9157,43.1303],[0.9257,43.1291],[0.9237,43.1184],[0.9168,43.1109],[0.9074,43.1045],[0.8883,43.1015],[0.8827,43.1161],[0.8826,43.1253]]]}},{"type":"Feature","properties":{"code":"31462","nom":"Rouffiac-Tolosan","app":13.31,"app_bas":11.67,"app_haut":15.19,"app_ech":"commune","app_obs":262,"mai":12.71,"mai_bas":10.06,"mai_haut":16.06,"mai_ech":"maille","mai_obs":89},"geometry":{"type":"Polygon","coordinates":[[[1.5447,43.6568],[1.5351,43.6523],[1.5226,43.6547],[1.5167,43.6581],[1.5057,43.6697],[1.5229,43.6747],[1.5354,43.6698],[1.5447,43.6568]]]}},{"type":"Feature","properties":{"code":"31538","nom":"Savères","app":10.29,"app_bas":8.35,"app_haut":12.69,"app_ech":"maille","app_obs":0,"mai":8.78,"mai_bas":7.01,"mai_haut":11,"mai_ech":"maille","mai_obs":15},"geometry":{"type":"Polygon","coordinates":[[[1.1318,43.3712],[1.1298,43.3687],[1.0996,43.3597],[1.0745,43.3553],[1.0679,43.3644],[1.0714,43.3693],[1.0801,43.3703],[1.0874,43.3785],[1.1017,43.3886],[1.1195,43.3938],[1.1219,43.3905],[1.1192,43.3772],[1.1318,43.3712]]]}},{"type":"Feature","properties":{"code":"31576","nom":"Vieillevigne","app":9.83,"app_bas":8.02,"app_haut":12.04,"app_ech":"maille","app_obs":0,"mai":9.4,"mai_bas":7.13,"mai_haut":12.4,"mai_ech":"maille","mai_obs":4},"geometry":{"type":"Polygon","coordinates":[[[1.6484,43.3997],[1.6544,43.4071],[1.6506,43.4219],[1.6552,43.4213],[1.6683,43.4094],[1.6688,43.4034],[1.6631,43.395],[1.6484,43.3997]]]}},{"type":"Feature","properties":{"code":"31583","nom":"Villematier","app":10.79,"app_bas":9.08,"app_haut":12.82,"app_ech":"maille","app_obs":7,"mai":9.93,"mai_bas":7.98,"mai_haut":12.35,"mai_ech":"maille","mai_obs":21},"geometry":{"type":"Polygon","coordinates":[[[1.4677,43.8045],[1.4602,43.8082],[1.463,43.8161],[1.477,43.83],[1.4832,43.8397],[1.4989,43.845],[1.5011,43.8519],[1.5095,43.8578],[1.5227,43.8402],[1.524,43.8294],[1.5187,43.8207],[1.5121,43.8166],[1.4967,43.8131],[1.4715,43.8093],[1.4677,43.8045]]]}},{"type":"Feature","properties":{"code":"31058","nom":"Belbèze-de-Lauragais","app":12.01,"app_bas":10.22,"app_haut":14.11,"app_ech":"maille","app_obs":0,"mai":13.02,"mai_bas":9.79,"mai_haut":17.32,"mai_ech":"maille","mai_obs":1},"geometry":{"type":"Polygon","coordinates":[[[1.5383,43.4431],[1.5509,43.4479],[1.5634,43.4454],[1.5725,43.4345],[1.5639,43.4267],[1.5496,43.4274],[1.5515,43.4321],[1.5383,43.4431]]]}},{"type":"Feature","properties":{"code":"31119","nom":"Castelnau-Picampeau","app":9.49,"app_bas":7.65,"app_haut":11.79,"app_ech":"maille","app_obs":0,"mai":7.07,"mai_bas":5.38,"mai_haut":9.29,"mai_ech":"maille","mai_obs":4},"geometry":{"type":"Polygon","coordinates":[[[0.9857,43.3146],[0.9864,43.319],[0.9959,43.3221],[1.0053,43.3187],[1.0194,43.3258],[1.0393,43.3181],[1.0419,43.3098],[1.031,43.2972],[1.0217,43.2897],[1.0038,43.2947],[0.9936,43.3029],[0.9857,43.3146]]]}},{"type":"Feature","properties":{"code":"31185","nom":"Folcarde","app":9.83,"app_bas":8.02,"app_haut":12.04,"app_ech":"maille","app_obs":0,"mai":9.15,"mai_bas":7.12,"mai_haut":11.76,"mai_ech":"maille","mai_obs":4},"geometry":{"type":"Polygon","coordinates":[[[1.7843,43.4155],[1.7965,43.4078],[1.8111,43.4033],[1.8104,43.3967],[1.8038,43.3975],[1.7897,43.4036],[1.7772,43.4123],[1.7843,43.4155]]]}},{"type":"Feature","properties":{"code":"31267","nom":"Lahitère","app":9.17,"app_bas":7.29,"app_haut":11.55,"app_ech":"maille","app_obs":1,"mai":7.91,"mai_bas":5.96,"mai_haut":10.51,"mai_ech":"maille","mai_obs":2},"geometry":{"type":"Polygon","coordinates":[[[1.1984,43.1254],[1.175,43.141],[1.1706,43.1457],[1.1712,43.1516],[1.183,43.1569],[1.1926,43.1463],[1.1941,43.14],[1.2035,43.1264],[1.1984,43.1254]]]}},{"type":"Feature","properties":{"code":"31285","nom":"Lavalette","app":11.29,"app_bas":9.83,"app_haut":12.97,"app_ech":"maille","app_obs":3,"mai":11.01,"mai_bas":8.31,"mai_haut":14.59,"mai_ech":"maille","mai_obs":24},"geometry":{"type":"Polygon","coordinates":[[[1.5727,43.6377],[1.5727,43.6465],[1.5771,43.6542],[1.5764,43.6617],[1.5817,43.6678],[1.5907,43.6633],[1.6112,43.6446],[1.6214,43.6401],[1.6241,43.6358],[1.6125,43.6303],[1.6043,43.6309],[1.6026,43.6184],[1.5964,43.6134],[1.5741,43.6199],[1.5759,43.636],[1.5727,43.6377]]]}},{"type":"Feature","properties":{"code":"31300","nom":"Lieoux","app":9.17,"app_bas":7.29,"app_haut":11.55,"app_ech":"maille","app_obs":0,"mai":8.58,"mai_bas":6.72,"mai_haut":10.97,"mai_ech":"maille","mai_obs":1},"geometry":{"type":"Polygon","coordinates":[[[0.7906,43.1527],[0.7967,43.1427],[0.7962,43.1354],[0.7836,43.1365],[0.7736,43.1444],[0.7605,43.1447],[0.7533,43.1492],[0.7539,43.1555],[0.7496,43.1617],[0.7519,43.1625],[0.763,43.1604],[0.7906,43.1527]]]}},{"type":"Feature","properties":{"code":"31439","nom":"Préserville","app":13.68,"app_bas":11.9,"app_haut":15.73,"app_ech":"maille","app_obs":0,"mai":12.01,"mai_bas":9.51,"mai_haut":15.18,"mai_ech":"maille","mai_obs":37},"geometry":{"type":"Polygon","coordinates":[[[1.6451,43.4959],[1.6413,43.4954],[1.6318,43.504],[1.6319,43.5092],[1.6258,43.5145],[1.5939,43.5319],[1.6038,43.5385],[1.6148,43.5346],[1.6212,43.5432],[1.6265,43.5413],[1.6297,43.5355],[1.6476,43.5278],[1.657,43.5192],[1.6568,43.5023],[1.6503,43.5012],[1.6451,43.4959]]]}},{"type":"Feature","properties":{"code":"31105","nom":"Caragoudes","app":11.75,"app_bas":10.6,"app_haut":13.02,"app_ech":"maille","app_obs":0,"mai":9.3,"mai_bas":7.26,"mai_haut":11.92,"mai_ech":"maille","mai_obs":10},"geometry":{"type":"Polygon","coordinates":[[[1.7255,43.4826],[1.7205,43.4798],[1.72,43.483],[1.7073,43.4931],[1.6969,43.4983],[1.6848,43.5018],[1.7021,43.516],[1.7101,43.5119],[1.7166,43.517],[1.7246,43.5157],[1.7261,43.5071],[1.7315,43.5049],[1.732,43.4877],[1.7255,43.4826]]]}},{"type":"Feature","properties":{"code":"31161","nom":"Deyme","app":11.68,"app_bas":10,"app_haut":13.65,"app_ech":"maille","app_obs":61,"mai":13.02,"mai_bas":9.79,"mai_haut":17.32,"mai_ech":"maille","mai_obs":17},"geometry":{"type":"Polygon","coordinates":[[[1.5452,43.5001],[1.55,43.4894],[1.5571,43.4832],[1.5441,43.478],[1.537,43.4712],[1.5219,43.4688],[1.5105,43.474],[1.5053,43.479],[1.5208,43.4843],[1.531,43.4921],[1.5452,43.5001]]]}},{"type":"Feature","properties":{"code":"31344","nom":"Miramont-de-Comminges","app":9.31,"app_bas":7.58,"app_haut":11.43,"app_ech":"maille","app_obs":34,"mai":8.58,"mai_bas":6.72,"mai_haut":10.97,"mai_ech":"maille","mai_obs":35},"geometry":{"type":"Polygon","coordinates":[[[0.7388,43.071],[0.7351,43.0716],[0.7303,43.0803],[0.737,43.0917],[0.7449,43.1007],[0.7575,43.1045],[0.7766,43.1018],[0.7871,43.098],[0.7852,43.091],[0.7774,43.0904],[0.7489,43.0819],[0.7388,43.071]]]}},{"type":"Feature","properties":{"code":"31350","nom":"Mondilhan","app":9.49,"app_bas":7.65,"app_haut":11.79,"app_ech":"maille","app_obs":0,"mai":7.07,"mai_bas":5.38,"mai_haut":9.29,"mai_ech":"maille","mai_obs":1},"geometry":{"type":"Polygon","coordinates":[[[0.7026,43.2756],[0.6909,43.2797],[0.6798,43.2862],[0.6863,43.3004],[0.716,43.3032],[0.7311,43.3034],[0.7312,43.2985],[0.7379,43.2897],[0.7306,43.2883],[0.7145,43.2809],[0.7124,43.2769],[0.7026,43.2756]]]}},{"type":"Feature","properties":{"code":"31457","nom":"Roquefort-sur-Garonne","app":9.64,"app_bas":7.88,"app_haut":11.79,"app_ech":"maille","app_obs":32,"mai":8.36,"mai_bas":6.39,"mai_haut":10.92,"mai_ech":"maille","mai_obs":25},"geometry":{"type":"Polygon","coordinates":[[[0.9614,43.1607],[0.9695,43.1641],[0.977,43.179],[0.9918,43.182],[1.0057,43.1756],[1.0146,43.1591],[1.0035,43.1473],[1.0018,43.1416],[0.979,43.1389],[0.9786,43.1487],[0.9755,43.154],[0.9667,43.1511],[0.959,43.144],[0.9529,43.1506],[0.9614,43.1607]]]}},{"type":"Feature","properties":{"code":"31535","nom":"Sauveterre-de-Comminges","app":9.31,"app_bas":7.58,"app_haut":11.43,"app_ech":"maille","app_obs":3,"mai":8.58,"mai_bas":6.72,"mai_haut":10.97,"mai_ech":"maille","mai_obs":16},"geometry":{"type":"Polygon","coordinates":[[[0.6532,42.9998],[0.644,43.0021],[0.6396,43.0072],[0.6366,43.0177],[0.6374,43.0283],[0.6349,43.0455],[0.6481,43.0462],[0.6565,43.0488],[0.6645,43.0545],[0.679,43.0675],[0.6945,43.0648],[0.7062,43.066],[0.7069,43.0623],[0.7054,43.0478],[0.7033,43.0459],[0.7071,43.0343],[0.714,43.0222],[0.6736,43.0097],[0.6532,42.9998]]]}},{"type":"Feature","properties":{"code":"31574","nom":"Vernet","app":12.12,"app_bas":10.11,"app_haut":14.53,"app_ech":"maille","app_obs":50,"mai":11.37,"mai_bas":8.62,"mai_haut":15,"mai_ech":"commune","mai_obs":165},"geometry":{"type":"Polygon","coordinates":[[[1.4396,43.4234],[1.4338,43.4175],[1.4336,43.4123],[1.4405,43.4065],[1.4276,43.4048],[1.4141,43.4064],[1.4126,43.4182],[1.4065,43.4232],[1.4005,43.4453],[1.4274,43.4466],[1.4384,43.436],[1.4396,43.4234]]]}},{"type":"Feature","properties":{"code":"31072","nom":"Boissède","app":9.31,"app_bas":7.65,"app_haut":11.33,"app_ech":"maille","app_obs":0,"mai":10.24,"mai_bas":8.13,"mai_haut":12.9,"mai_ech":"maille","mai_obs":0},"geometry":{"type":"Polygon","coordinates":[[[0.8077,43.4002],[0.8114,43.4081],[0.8205,43.417],[0.8444,43.4099],[0.8471,43.4037],[0.8103,43.3995],[0.8077,43.4002]]]}},{"type":"Feature","properties":{"code":"31236","nom":"Herran","app":9.21,"app_bas":7.37,"app_haut":11.5,"app_ech":"maille","app_obs":0,"mai":8.58,"mai_bas":6.72,"mai_haut":10.97,"mai_ech":"maille","mai_obs":0},"geometry":{"type":"Polygon","coordinates":[[[0.8507,42.9822],[0.8773,42.9925],[0.8877,42.9937],[0.8786,42.9867],[0.8883,42.9842],[0.9034,42.9772],[0.9131,42.9816],[0.9186,42.9779],[0.9277,42.9667],[0.9126,42.9594],[0.8936,42.9576],[0.8846,42.9593],[0.8544,42.9561],[0.8575,42.9672],[0.8563,42.9741],[0.8507,42.9822]]]}},{"type":"Feature","properties":{"code":"31476","nom":"Saint-Élix-le-Château","app":8.71,"app_bas":7.21,"app_haut":10.52,"app_ech":"maille","app_obs":10,"mai":10.24,"mai_bas":8.13,"mai_haut":12.9,"mai_ech":"maille","mai_obs":42},"geometry":{"type":"Polygon","coordinates":[[[1.1289,43.2658],[1.1122,43.2784],[1.1209,43.284],[1.1109,43.2879],[1.1229,43.2944],[1.1333,43.3025],[1.1324,43.2995],[1.1665,43.2846],[1.1525,43.2635],[1.1419,43.2727],[1.1341,43.2664],[1.1289,43.2658]]]}},{"type":"Feature","properties":{"code":"31493","nom":"Saint-Lary-Boujean","app":9.49,"app_bas":7.65,"app_haut":11.79,"app_ech":"maille","app_obs":0,"mai":8.58,"mai_bas":6.72,"mai_haut":10.97,"mai_ech":"maille","mai_obs":7},"geometry":{"type":"Polygon","coordinates":[[[0.7248,43.2071],[0.7106,43.2192],[0.7193,43.2273],[0.7323,43.2315],[0.7612,43.2345],[0.765,43.2214],[0.7604,43.2142],[0.7463,43.2163],[0.7357,43.2135],[0.7248,43.2071]]]}},{"type":"Feature","properties":{"code":"31498","nom":"Saint-Loup-en-Comminges","app":8.93,"app_bas":7.12,"app_haut":11.22,"app_ech":"maille","app_obs":0,"mai":7.07,"mai_bas":5.38,"mai_haut":9.29,"mai_ech":"maille","mai_obs":1},"geometry":{"type":"Polygon","coordinates":[[[0.5728,43.2331],[0.551,43.236],[0.5687,43.2524],[0.576,43.2531],[0.5776,43.249],[0.5916,43.2472],[0.5953,43.2404],[0.5862,43.2349],[0.5728,43.2331]]]}},{"type":"Feature","properties":{"code":"31082","nom":"Bourg-Saint-Bernard","app":11.15,"app_bas":9.32,"app_haut":13.35,"app_ech":"maille","app_obs":11,"mai":8.63,"mai_bas":6.6,"mai_haut":11.3,"mai_ech":"maille","mai_obs":52},"geometry":{"type":"Polygon","coordinates":[[[1.6787,43.6007],[1.668,43.6161],[1.6685,43.6237],[1.6745,43.6221],[1.6878,43.6307],[1.6967,43.6208],[1.7044,43.618],[1.7149,43.6197],[1.723,43.6168],[1.7237,43.6124],[1.7407,43.606],[1.7241,43.5993],[1.7072,43.5832],[1.6992,43.5878],[1.6855,43.5862],[1.6745,43.5911],[1.6787,43.6007]]]}},{"type":"Feature","properties":{"code":"31096","nom":"Cabanac-Séguenville","app":11.29,"app_bas":9.45,"app_haut":13.49,"app_ech":"maille","app_obs":0,"mai":7.78,"mai_bas":5.82,"mai_haut":10.41,"mai_ech":"maille","mai_obs":2},"geometry":{"type":"Polygon","coordinates":[[[1.0003,43.7984],[1.0216,43.8014],[1.0361,43.8013],[1.0591,43.7986],[1.046,43.784],[1.0323,43.7822],[1.0189,43.7891],[1.0084,43.7744],[0.9943,43.7833],[0.9877,43.7849],[0.9825,43.7905],[0.991,43.797],[1.0003,43.7984]]]}},{"type":"Feature","properties":{"code":"31252","nom":"Labastide-Saint-Sernin","app":11.56,"app_bas":9.79,"app_haut":13.66,"app_ech":"maille","app_obs":77,"mai":10.86,"mai_bas":9.04,"mai_haut":13.04,"mai_ech":"maille","mai_obs":89},"geometry":{"type":"Polygon","coordinates":[[[1.4461,43.7292],[1.4557,43.7472],[1.4682,43.7422],[1.4735,43.7513],[1.4758,43.7432],[1.4874,43.7331],[1.4763,43.7266],[1.4688,43.7269],[1.4549,43.7311],[1.452,43.7261],[1.4461,43.7292]]]}},{"type":"Feature","properties":{"code":"31259","nom":"Lacroix-Falgarde","app":12.47,"app_bas":10.72,"app_haut":14.51,"app_ech":"commune","app_obs":167,"mai":11.02,"mai_bas":9.01,"mai_haut":13.48,"mai_ech":"commune","mai_obs":101},"geometry":{"type":"Polygon","coordinates":[[[1.4555,43.4993],[1.4525,43.4946],[1.4376,43.4914],[1.4108,43.4937],[1.4009,43.5081],[1.4132,43.5137],[1.4169,43.5089],[1.431,43.5081],[1.4444,43.5009],[1.4555,43.4993]]]}},{"type":"Feature","properties":{"code":"31345","nom":"Miremont","app":12.15,"app_bas":10.56,"app_haut":13.99,"app_ech":"maille","app_obs":16,"mai":9.5,"mai_bas":7.39,"mai_haut":12.22,"mai_ech":"maille","mai_obs":87},"geometry":{"type":"Polygon","coordinates":[[[1.3834,43.3669],[1.3931,43.3699],[1.3856,43.3791],[1.3881,43.3893],[1.403,43.3929],[1.4115,43.3982],[1.4141,43.4064],[1.4276,43.4048],[1.4405,43.4065],[1.4338,43.4024],[1.4362,43.3963],[1.4519,43.3904],[1.4435,43.3828],[1.4412,43.3599],[1.4347,43.3566],[1.4226,43.3563],[1.405,43.3464],[1.3959,43.3396],[1.4004,43.3548],[1.3905,43.358],[1.3834,43.3669]]]}},{"type":"Feature","properties":{"code":"31348","nom":"Moncaup","app":9.17,"app_bas":7.29,"app_haut":11.55,"app_ech":"maille","app_obs":0,"mai":8.49,"mai_bas":6.12,"mai_haut":11.77,"mai_ech":"maille","mai_obs":0},"geometry":{"type":"Polygon","coordinates":[[[0.6962,42.9487],[0.6903,42.9542],[0.6906,42.9671],[0.6844,42.9788],[0.6996,42.9874],[0.7126,42.9886],[0.7238,42.9819],[0.715,42.9738],[0.6962,42.9487]]]}},{"type":"Feature","properties":{"code":"31392","nom":"Mourvilles-Basses","app":11.68,"app_bas":10,"app_haut":13.65,"app_ech":"maille","app_obs":0,"mai":9.3,"mai_bas":7.26,"mai_haut":11.92,"mai_ech":"maille","mai_obs":2},"geometry":{"type":"Polygon","coordinates":[[[1.6803,43.4899],[1.6759,43.4987],[1.6848,43.5018],[1.6969,43.4983],[1.7073,43.4931],[1.72,43.483],[1.7205,43.4798],[1.7111,43.4758],[1.6988,43.4783],[1.6958,43.4892],[1.6803,43.4899]]]}},{"type":"Feature","properties":{"code":"31445","nom":"Quint-Fonsegrives","app":13.73,"app_bas":11.9,"app_haut":15.83,"app_ech":"commune","app_obs":869,"mai":13.69,"mai_bas":10.49,"mai_haut":17.87,"mai_ech":"commune","mai_obs":283},"geometry":{"type":"Polygon","coordinates":[[[1.5659,43.5671],[1.5603,43.5674],[1.5488,43.572],[1.5394,43.5786],[1.5129,43.577],[1.5046,43.5799],[1.513,43.5856],[1.5249,43.5858],[1.5258,43.5944],[1.5424,43.5902],[1.5563,43.5885],[1.5681,43.5818],[1.5695,43.5757],[1.5659,43.5671]]]}},{"type":"Feature","properties":{"code":"31578","nom":"Vigoulet-Auzil","app":12.6,"app_bas":10.78,"app_haut":14.74,"app_ech":"maille","app_obs":26,"mai":12.37,"mai_bas":9.13,"mai_haut":16.78,"mai_ech":"maille","mai_obs":47},"geometry":{"type":"Polygon","coordinates":[[[1.4519,43.5127],[1.4651,43.5118],[1.459,43.4996],[1.4555,43.4993],[1.4444,43.5009],[1.431,43.5081],[1.4348,43.5167],[1.4519,43.5127]]]}},{"type":"Feature","properties":{"code":"31055","nom":"Beauville","app":9.83,"app_bas":8.02,"app_haut":12.04,"app_ech":"maille","app_obs":0,"mai":8.63,"mai_bas":6.6,"mai_haut":11.3,"mai_ech":"maille","mai_obs":1},"geometry":{"type":"Polygon","coordinates":[[[1.7766,43.4477],[1.7578,43.4521],[1.7545,43.4616],[1.7651,43.4641],[1.7609,43.4787],[1.77,43.4892],[1.7882,43.4734],[1.7801,43.4668],[1.7753,43.4577],[1.7766,43.4477]]]}},{"type":"Feature","properties":{"code":"31131","nom":"Cazaunous","app":9.17,"app_bas":7.29,"app_haut":11.55,"app_ech":"maille","app_obs":0,"mai":8.49,"mai_bas":6.12,"mai_haut":11.77,"mai_ech":"maille","mai_obs":2},"geometry":{"type":"Polygon","coordinates":[[[0.6935,42.9908],[0.7122,42.9961],[0.7505,42.9921],[0.74,42.984],[0.7427,42.9747],[0.7238,42.9819],[0.7126,42.9886],[0.6996,42.9874],[0.6935,42.9908]]]}},{"type":"Feature","properties":{"code":"31146","nom":"Cirès","app":9.49,"app_bas":6.59,"app_haut":13.66,"app_ech":"maille","app_obs":0,"mai":8.34,"mai_bas":6.46,"mai_haut":10.77,"mai_ech":"maille","mai_obs":0},"geometry":{"type":"Polygon","coordinates":[[[0.5045,42.8362],[0.4977,42.8379],[0.4869,42.8453],[0.5091,42.8554],[0.5086,42.8692],[0.5255,42.8675],[0.5237,42.8548],[0.5045,42.8362]]]}},{"type":"Feature","properties":{"code":"31170","nom":"Escanecrabe","app":9.49,"app_bas":7.65,"app_haut":11.79,"app_ech":"maille","app_obs":0,"mai":7.07,"mai_bas":5.38,"mai_haut":9.29,"mai_ech":"maille","mai_obs":0},"geometry":{"type":"Polygon","coordinates":[[[0.7654,43.2499],[0.7607,43.2575],[0.722,43.2742],[0.7124,43.2769],[0.7145,43.2809],[0.7306,43.2883],[0.7379,43.2897],[0.7312,43.2985],[0.7591,43.2912],[0.7667,43.288],[0.7612,43.2857],[0.7625,43.2795],[0.78,43.2707],[0.7895,43.2635],[0.8028,43.2506],[0.7874,43.2484],[0.7654,43.2499]]]}},{"type":"Feature","properties":{"code":"31171","nom":"Espanès","app":13.64,"app_bas":12.12,"app_haut":15.36,"app_ech":"maille","app_obs":3,"mai":11.24,"mai_bas":9.4,"mai_haut":13.44,"mai_ech":"maille","mai_obs":5},"geometry":{"type":"Polygon","coordinates":[[[1.4747,43.4577],[1.4794,43.4622],[1.4932,43.4567],[1.5045,43.4498],[1.504,43.4462],[1.4938,43.4419],[1.4937,43.4406],[1.4804,43.4434],[1.4758,43.4484],[1.4747,43.4577]]]}},{"type":"Feature","properties":{"code":"31395","nom":"Muret","app":11.47,"app_bas":9.62,"app_haut":13.68,"app_ech":"commune","app_obs":3270,"mai":11.86,"mai_bas":9.67,"mai_haut":14.54,"mai_ech":"commune","mai_obs":902},"geometry":{"type":"Polygon","coordinates":[[[1.3296,43.4895],[1.3363,43.4919],[1.347,43.4897],[1.3463,43.4772],[1.3414,43.4724],[1.3566,43.471],[1.3644,43.4643],[1.3744,43.4656],[1.3701,43.4541],[1.3583,43.4471],[1.3575,43.4399],[1.3389,43.4256],[1.3282,43.4218],[1.3233,43.4091],[1.334,43.4107],[1.3375,43.4053],[1.3356,43.3977],[1.3163,43.3904],[1.3085,43.3922],[1.3072,43.4083],[1.2994,43.4164],[1.2888,43.4186],[1.2938,43.4237],[1.289,43.4269],[1.2693,43.4326],[1.2558,43.4279],[1.2601,43.441],[1.2686,43.4512],[1.2522,43.4586],[1.2577,43.4664],[1.2435,43.4685],[1.2228,43.4688],[1.2271,43.4804],[1.2432,43.4766],[1.2606,43.4748],[1.2719,43.4768],[1.2748,43.4823],[1.3107,43.4755],[1.3165,43.4776],[1.3296,43.4895]]]}},{"type":"Feature","properties":{"code":"31582","nom":"Villefranche-de-Lauragais","app":11.3,"app_bas":9.24,"app_haut":13.82,"app_ech":"commune","app_obs":576,"mai":10.45,"mai_bas":8.13,"mai_haut":13.43,"mai_ech":"commune","mai_obs":391},"geometry":{"type":"Polygon","coordinates":[[[1.7037,43.3934],[1.6899,43.4069],[1.694,43.4115],[1.7017,43.4174],[1.7137,43.4189],[1.7265,43.4166],[1.7334,43.4219],[1.7331,43.4278],[1.7395,43.4255],[1.7471,43.4175],[1.7345,43.3969],[1.7329,43.3861],[1.7178,43.3958],[1.7037,43.3934]]]}},{"type":"Feature","properties":{"code":"31084","nom":"Boussens","app":9.17,"app_bas":7.29,"app_haut":11.55,"app_ech":"maille","app_obs":39,"mai":8.36,"mai_bas":6.39,"mai_haut":10.92,"mai_ech":"maille","mai_obs":65},"geometry":{"type":"Polygon","coordinates":[[[0.9461,43.1766],[0.9423,43.1857],[0.9458,43.1889],[0.9693,43.1828],[0.977,43.179],[0.9695,43.1641],[0.9614,43.1607],[0.9561,43.1734],[0.9461,43.1766]]]}},{"type":"Feature","properties":{"code":"31156","nom":"Cox","app":7.28,"app_bas":5.99,"app_haut":8.85,"app_ech":"maille","app_obs":17,"mai":7.78,"mai_bas":5.82,"mai_haut":10.41,"mai_ech":"maille","mai_obs":16},"geometry":{"type":"Polygon","coordinates":[[[1.0409,43.7727],[1.0494,43.7717],[1.0655,43.7641],[1.0581,43.7604],[1.0497,43.7608],[1.0477,43.7543],[1.0379,43.7494],[1.0242,43.7493],[1.0186,43.7522],[1.0372,43.7629],[1.0409,43.7727]]]}},{"type":"Feature","properties":{"code":"31342","nom":"Milhas","app":9.21,"app_bas":7.37,"app_haut":11.5,"app_ech":"maille","app_obs":0,"mai":8.49,"mai_bas":6.12,"mai_haut":11.77,"mai_ech":"maille","mai_obs":1},"geometry":{"type":"Polygon","coordinates":[[[0.7894,42.9743],[0.7947,42.9836],[0.7936,42.9947],[0.8044,42.9948],[0.8261,42.9893],[0.8498,42.9886],[0.8507,42.9822],[0.8563,42.9741],[0.8575,42.9672],[0.8544,42.9561],[0.8383,42.9583],[0.8357,42.9633],[0.825,42.9712],[0.8048,42.9746],[0.7894,42.9743]]]}},{"type":"Feature","properties":{"code":"31360","nom":"Montauban-de-Luchon","app":9.49,"app_bas":6.59,"app_haut":13.66,"app_ech":"maille","app_obs":5,"mai":9.05,"mai_bas":6.5,"mai_haut":12.59,"mai_ech":"epci","mai_obs":5},"geometry":{"type":"Polygon","coordinates":[[[0.605,42.8015],[0.6157,42.8008],[0.6372,42.7913],[0.6523,42.7877],[0.6445,42.7831],[0.6321,42.7803],[0.6157,42.7832],[0.5998,42.7893],[0.605,42.8015]]]}},{"type":"Feature","properties":{"code":"31091","nom":"Bruguières","app":12.38,"app_bas":10.73,"app_haut":14.29,"app_ech":"commune","app_obs":886,"mai":11.09,"mai_bas":9.61,"mai_haut":12.8,"mai_ech":"commune","mai_obs":334},"geometry":{"type":"Polygon","coordinates":[[[1.3895,43.725],[1.3938,43.7293],[1.3891,43.7334],[1.3978,43.7385],[1.4122,43.7429],[1.4155,43.7491],[1.4231,43.7507],[1.4187,43.7438],[1.4217,43.7385],[1.4321,43.7312],[1.4312,43.728],[1.4186,43.7187],[1.4165,43.7126],[1.4099,43.7047],[1.4076,43.6992],[1.3975,43.7124],[1.3895,43.725]]]}},{"type":"Feature","properties":{"code":"31223","nom":"Goudex","app":10.03,"app_bas":8.72,"app_haut":11.53,"app_ech":"maille","app_obs":0,"mai":10.24,"mai_bas":8.13,"mai_haut":12.9,"mai_ech":"maille","mai_obs":0},"geometry":{"type":"Polygon","coordinates":[[[0.9452,43.376],[0.9443,43.3809],[0.9469,43.3852],[0.9643,43.3865],[0.9689,43.3775],[0.9665,43.3712],[0.9597,43.3723],[0.9508,43.3724],[0.9452,43.376]]]}},{"type":"Feature","properties":{"code":"31079","nom":"Bouloc","app":11.3,"app_bas":9.51,"app_haut":13.42,"app_ech":"commune","app_obs":244,"mai":11.08,"mai_bas":8.89,"mai_haut":13.8,"mai_ech":"commune","mai_obs":142},"geometry":{"type":"Polygon","coordinates":[[[1.3971,43.8168],[1.4149,43.8161],[1.4185,43.8191],[1.4254,43.8205],[1.4343,43.8137],[1.4518,43.8138],[1.4587,43.8084],[1.4478,43.7995],[1.4376,43.7861],[1.4246,43.7778],[1.4062,43.772],[1.3814,43.7718],[1.3813,43.7754],[1.4034,43.8061],[1.3971,43.8168]]]}},{"type":"Feature","properties":{"code":"31272","nom":"Lapeyrère","app":11.21,"app_bas":9,"app_haut":13.97,"app_ech":"maille","app_obs":0,"mai":9.79,"mai_bas":7.39,"mai_haut":12.95,"mai_ech":"maille","mai_obs":2},"geometry":{"type":"Polygon","coordinates":[[[1.3146,43.19],[1.3057,43.1949],[1.2941,43.2043],[1.2914,43.2135],[1.3191,43.2185],[1.3234,43.2083],[1.3278,43.2046],[1.3296,43.197],[1.3146,43.19]]]}},{"type":"Feature","properties":{"code":"31418","nom":"Pin-Balma","app":12.84,"app_bas":11.17,"app_haut":14.78,"app_ech":"maille","app_obs":70,"mai":13.88,"mai_bas":10.64,"mai_haut":18.12,"mai_ech":"maille","mai_obs":39},"geometry":{"type":"Polygon","coordinates":[[[1.5425,43.6339],[1.5499,43.6321],[1.5559,43.6229],[1.5432,43.6176],[1.548,43.6135],[1.54,43.6083],[1.5268,43.6076],[1.5206,43.6129],[1.5225,43.6247],[1.5184,43.6326],[1.5298,43.6374],[1.5425,43.6339]]]}},{"type":"Feature","properties":{"code":"31427","nom":"Pointis-Inard","app":9.17,"app_bas":7.29,"app_haut":11.55,"app_ech":"maille","app_obs":10,"mai":8.58,"mai_bas":6.72,"mai_haut":10.97,"mai_ech":"maille","mai_obs":30},"geometry":{"type":"Polygon","coordinates":[[[0.7871,43.098],[0.8035,43.1033],[0.8043,43.0976],[0.8194,43.0999],[0.8303,43.092],[0.8293,43.0775],[0.7986,43.0684],[0.7819,43.0702],[0.7713,43.0695],[0.7625,43.0723],[0.7587,43.085],[0.7774,43.0904],[0.7852,43.091],[0.7871,43.098]]]}},{"type":"Feature","properties":{"code":"31508","nom":"Saint-Paul-d'Oueil","app":9.49,"app_bas":6.59,"app_haut":13.66,"app_ech":"maille","app_obs":0,"mai":8.34,"mai_bas":6.46,"mai_haut":10.77,"mai_ech":"maille","mai_obs":0},"geometry":{"type":"Polygon","coordinates":[[[0.57,42.8408],[0.5709,42.8343],[0.5623,42.8235],[0.5559,42.8202],[0.5441,42.8239],[0.5321,42.8334],[0.5486,42.8399],[0.5489,42.8465],[0.554,42.8601],[0.5623,42.8608],[0.57,42.8408]]]}},{"type":"Feature","properties":{"code":"31518","nom":"Saint-Thomas","app":10.76,"app_bas":8.79,"app_haut":13.17,"app_ech":"maille","app_obs":15,"mai":9.31,"mai_bas":7.52,"mai_haut":11.53,"mai_ech":"maille","mai_obs":6},"geometry":{"type":"Polygon","coordinates":[[[1.0764,43.5269],[1.0898,43.529],[1.1057,43.537],[1.1163,43.5102],[1.1132,43.5007],[1.0977,43.5011],[1.0879,43.4951],[1.0807,43.4936],[1.0729,43.5044],[1.0639,43.5099],[1.0538,43.5193],[1.0578,43.527],[1.0659,43.525],[1.0764,43.5269]]]}},{"type":"Feature","properties":{"code":"31542","nom":"Seilhan","app":10.01,"app_bas":8.05,"app_haut":12.46,"app_ech":"maille","app_obs":2,"mai":9.05,"mai_bas":6.5,"mai_haut":12.59,"mai_ech":"epci","mai_obs":5},"geometry":{"type":"Polygon","coordinates":[[[0.5959,43.0616],[0.5917,43.0572],[0.6037,43.0528],[0.5875,43.0505],[0.5785,43.0439],[0.5655,43.0409],[0.5614,43.0464],[0.5589,43.0629],[0.5759,43.0585],[0.5906,43.0595],[0.5959,43.0616]]]}},{"type":"Feature","properties":{"code":"31575","nom":"Vieille-Toulouse","app":13.62,"app_bas":11.51,"app_haut":16.11,"app_ech":"maille","app_obs":57,"mai":12.37,"mai_bas":9.13,"mai_haut":16.78,"mai_ech":"maille","mai_obs":48},"geometry":{"type":"Polygon","coordinates":[[[1.4348,43.5167],[1.4279,43.5177],[1.4211,43.523],[1.4279,43.5265],[1.4297,43.5345],[1.4265,43.54],[1.4288,43.5461],[1.4406,43.5417],[1.4514,43.529],[1.4519,43.5127],[1.4348,43.5167]]]}},{"type":"Feature","properties":{"code":"31581","nom":"Villaudric","app":10.79,"app_bas":9.08,"app_haut":12.82,"app_ech":"maille","app_obs":7,"mai":9.93,"mai_bas":7.98,"mai_haut":12.35,"mai_ech":"maille","mai_obs":25},"geometry":{"type":"Polygon","coordinates":[[[1.4518,43.8138],[1.4343,43.8137],[1.4254,43.8205],[1.4185,43.8191],[1.4118,43.827],[1.4152,43.8435],[1.4295,43.8514],[1.4435,43.8489],[1.4512,43.8448],[1.4512,43.8394],[1.4634,43.8269],[1.4572,43.8229],[1.4518,43.8138]]]}},{"type":"Feature","properties":{"code":"31109","nom":"Cassagnabère-Tournas","app":8.93,"app_bas":7.12,"app_haut":11.22,"app_ech":"maille","app_obs":18,"mai":7.07,"mai_bas":5.38,"mai_haut":9.29,"mai_ech":"maille","mai_obs":42},"geometry":{"type":"Polygon","coordinates":[[[0.7604,43.2142],[0.765,43.2214],[0.7612,43.2345],[0.7682,43.2388],[0.7614,43.2459],[0.7654,43.2499],[0.7874,43.2484],[0.8028,43.2506],[0.8307,43.2527],[0.8395,43.2508],[0.8412,43.245],[0.8391,43.2367],[0.8322,43.2352],[0.8261,43.224],[0.8207,43.2191],[0.8186,43.2061],[0.799,43.2055],[0.7878,43.2106],[0.7752,43.208],[0.7604,43.2142]]]}},{"type":"Feature","properties":{"code":"31288","nom":"Layrac-sur-Tarn","app":10.79,"app_bas":9.08,"app_haut":12.82,"app_ech":"maille","app_obs":6,"mai":9.82,"mai_bas":7.5,"mai_haut":12.85,"mai_ech":"maille","mai_obs":5},"geometry":{"type":"Polygon","coordinates":[[[1.5519,43.8163],[1.5397,43.8225],[1.5463,43.8341],[1.5566,43.8456],[1.5726,43.8488],[1.5912,43.8436],[1.5727,43.8362],[1.5727,43.8299],[1.566,43.8238],[1.5519,43.8163]]]}},{"type":"Feature","properties":{"code":"31359","nom":"Montastruc-Savès","app":10.03,"app_bas":8.72,"app_haut":11.53,"app_ech":"maille","app_obs":0,"mai":10.24,"mai_bas":8.13,"mai_haut":12.9,"mai_ech":"maille","mai_obs":2},"geometry":{"type":"Polygon","coordinates":[[[0.9937,43.3665],[0.996,43.3763],[1.0029,43.3769],[1.0059,43.3737],[1.0258,43.3648],[1.0327,43.3646],[1.0431,43.3531],[1.0326,43.3455],[1.0265,43.3503],[0.9937,43.3665]]]}},{"type":"Feature","properties":{"code":"31393","nom":"Mourvilles-Hautes","app":10.94,"app_bas":9.22,"app_haut":12.99,"app_ech":"maille","app_obs":0,"mai":8.63,"mai_bas":6.6,"mai_haut":11.3,"mai_ech":"maille","mai_obs":3},"geometry":{"type":"Polygon","coordinates":[[[1.8077,43.4347],[1.8125,43.4381],[1.8239,43.4293],[1.8348,43.4282],[1.8429,43.4325],[1.8475,43.4267],[1.8445,43.4226],[1.8377,43.4172],[1.8261,43.4181],[1.8173,43.4106],[1.8039,43.4185],[1.7946,43.4215],[1.7934,43.4255],[1.8044,43.4297],[1.8077,43.4347]]]}},{"type":"Feature","properties":{"code":"31502","nom":"Saint-Marcet","app":8.93,"app_bas":7.12,"app_haut":11.22,"app_ech":"maille","app_obs":3,"mai":8.58,"mai_bas":6.72,"mai_haut":10.97,"mai_ech":"maille","mai_obs":14},"geometry":{"type":"Polygon","coordinates":[[[0.7449,43.17],[0.7418,43.1779],[0.733,43.1845],[0.7205,43.1833],[0.7179,43.1876],[0.718,43.1986],[0.7255,43.203],[0.7248,43.2071],[0.7357,43.2135],[0.7463,43.2163],[0.7604,43.2142],[0.7752,43.208],[0.7716,43.2026],[0.7744,43.1949],[0.763,43.1865],[0.7512,43.1803],[0.7449,43.17]]]}},{"type":"Feature","properties":{"code":"31113","nom":"Castanet-Tolosan","app":13.24,"app_bas":11.59,"app_haut":15.12,"app_ech":"commune","app_obs":5870,"mai":12.61,"mai_bas":9.96,"mai_haut":15.96,"mai_ech":"commune","mai_obs":337},"geometry":{"type":"Polygon","coordinates":[[[1.534,43.5111],[1.5305,43.5077],[1.5246,43.5108],[1.5096,43.5064],[1.502,43.5062],[1.4935,43.501],[1.4942,43.4955],[1.4998,43.4907],[1.4993,43.4895],[1.4937,43.4918],[1.4848,43.5007],[1.485,43.5068],[1.4797,43.5146],[1.4868,43.5224],[1.4933,43.5253],[1.5149,43.5271],[1.5236,43.5217],[1.526,43.5167],[1.534,43.5111]]]}},{"type":"Feature","properties":{"code":"31206","nom":"Gaillac-Toulza","app":9.97,"app_bas":8.14,"app_haut":12.22,"app_ech":"maille","app_obs":37,"mai":9.79,"mai_bas":7.39,"mai_haut":12.95,"mai_ech":"maille","mai_obs":34},"geometry":{"type":"Polygon","coordinates":[[[1.4019,43.2776],[1.4177,43.2809],[1.4272,43.2882],[1.4329,43.2799],[1.4471,43.2747],[1.4567,43.2829],[1.4671,43.2832],[1.4702,43.2885],[1.4836,43.3],[1.4853,43.2962],[1.4962,43.2928],[1.4948,43.2774],[1.4902,43.2718],[1.4926,43.2628],[1.4894,43.2584],[1.4977,43.2547],[1.5045,43.2495],[1.4874,43.231],[1.4766,43.2333],[1.4583,43.2284],[1.4418,43.2159],[1.4315,43.2181],[1.4176,43.2278],[1.4211,43.2395],[1.4267,43.2461],[1.4254,43.2566],[1.4115,43.2703],[1.4019,43.2776]]]}},{"type":"Feature","properties":{"code":"31355","nom":"Mons","app":12.84,"app_bas":11.17,"app_haut":14.78,"app_ech":"maille","app_obs":21,"mai":13.88,"mai_bas":10.64,"mai_haut":18.12,"mai_ech":"maille","mai_obs":40},"geometry":{"type":"Polygon","coordinates":[[[1.5964,43.6134],[1.5934,43.5965],[1.5687,43.6035],[1.548,43.6135],[1.5432,43.6176],[1.5559,43.6229],[1.5741,43.6199],[1.5964,43.6134]]]}},{"type":"Feature","properties":{"code":"31007","nom":"Ambax","app":9.31,"app_bas":7.65,"app_haut":11.33,"app_ech":"maille","app_obs":0,"mai":9,"mai_bas":6.61,"mai_haut":12.26,"mai_ech":"maille","mai_obs":8},"geometry":{"type":"Polygon","coordinates":[[[0.9324,43.3559],[0.9163,43.3667],[0.9193,43.3744],[0.93,43.3826],[0.9336,43.3772],[0.9452,43.376],[0.9508,43.3724],[0.9597,43.3723],[0.9538,43.3602],[0.9324,43.3559]]]}},{"type":"Feature","properties":{"code":"31275","nom":"Laréole","app":10.66,"app_bas":8.6,"app_haut":13.21,"app_ech":"maille","app_obs":10,"mai":7.78,"mai_bas":5.82,"mai_haut":10.41,"mai_ech":"maille","mai_obs":6},"geometry":{"type":"Polygon","coordinates":[[[0.9922,43.7439],[1.0026,43.7452],[1.0042,43.7498],[1.0186,43.7522],[1.0242,43.7493],[1.0379,43.7494],[1.0477,43.7543],[1.0555,43.7458],[1.0541,43.7396],[1.0367,43.7337],[1.0204,43.7316],[1.012,43.7277],[1.0062,43.7292],[0.9859,43.7438],[0.9922,43.7439]]]}},{"type":"Feature","properties":{"code":"31286","nom":"Lavelanet-de-Comminges","app":8.71,"app_bas":7.21,"app_haut":10.52,"app_ech":"maille","app_obs":3,"mai":10.24,"mai_bas":8.13,"mai_haut":12.9,"mai_ech":"maille","mai_obs":16},"geometry":{"type":"Polygon","coordinates":[[[1.0849,43.2528],[1.1122,43.2784],[1.1289,43.2658],[1.1388,43.2557],[1.1423,43.2486],[1.1298,43.2341],[1.1238,43.2307],[1.115,43.2362],[1.0966,43.2408],[1.0849,43.2528]]]}},{"type":"Feature","properties":{"code":"31120","nom":"Castéra","app":10.6,"app_bas":9.25,"app_haut":12.13,"app_ech":"maille","app_obs":16,"mai":9.32,"mai_bas":7.05,"mai_haut":12.32,"mai_ech":"maille","mai_obs":20},"geometry":{"type":"Polygon","coordinates":[[[1.1215,43.6563],[1.1167,43.6711],[1.1219,43.6861],[1.1285,43.6883],[1.1316,43.6944],[1.1496,43.6924],[1.1572,43.6842],[1.1681,43.68],[1.174,43.6747],[1.1763,43.668],[1.1838,43.6662],[1.1748,43.6632],[1.1705,43.6585],[1.155,43.653],[1.1379,43.6494],[1.1215,43.6563]]]}},{"type":"Feature","properties":{"code":"31199","nom":"Fronsac","app":9.31,"app_bas":7.58,"app_haut":11.43,"app_ech":"maille","app_obs":1,"mai":9.05,"mai_bas":6.5,"mai_haut":12.59,"mai_ech":"epci","mai_obs":3},"geometry":{"type":"Polygon","coordinates":[[[0.65,42.9641],[0.6686,42.9566],[0.6903,42.9542],[0.6962,42.9487],[0.6659,42.9506],[0.6451,42.9462],[0.642,42.9529],[0.646,42.9598],[0.6435,42.9637],[0.65,42.9641]]]}},{"type":"Feature","properties":{"code":"31362","nom":"Montberaud","app":9.17,"app_bas":7.29,"app_haut":11.55,"app_ech":"maille","app_obs":0,"mai":7.91,"mai_bas":5.96,"mai_haut":10.51,"mai_ech":"maille","mai_obs":1},"geometry":{"type":"Polygon","coordinates":[[[1.1764,43.1685],[1.183,43.1569],[1.1712,43.1516],[1.1706,43.1457],[1.175,43.141],[1.1692,43.1342],[1.1623,43.1323],[1.1454,43.1378],[1.1408,43.1445],[1.1241,43.1569],[1.1314,43.1635],[1.1506,43.1688],[1.1427,43.1724],[1.1396,43.1781],[1.1416,43.1857],[1.1471,43.191],[1.1588,43.19],[1.164,43.1769],[1.168,43.1762],[1.1764,43.1685]]]}},{"type":"Feature","properties":{"code":"31428","nom":"Polastron","app":8.71,"app_bas":7.21,"app_haut":10.52,"app_ech":"maille","app_obs":0,"mai":10.24,"mai_bas":8.13,"mai_haut":12.9,"mai_ech":"maille","mai_obs":0},"geometry":{"type":"Polygon","coordinates":[[[0.9294,43.3199],[0.9449,43.3202],[0.9457,43.3286],[0.9665,43.3329],[0.9649,43.3251],[0.9689,43.3211],[0.9655,43.3155],[0.9567,43.313],[0.9433,43.306],[0.9294,43.3199]]]}},{"type":"Feature","properties":{"code":"31447","nom":"Razecueillé","app":9.21,"app_bas":7.37,"app_haut":11.5,"app_ech":"maille","app_obs":0,"mai":8.58,"mai_bas":6.72,"mai_haut":10.97,"mai_ech":"maille","mai_obs":0},"geometry":{"type":"Polygon","coordinates":[[[0.8383,42.9583],[0.8154,42.9501],[0.8036,42.9566],[0.7953,42.9647],[0.7894,42.9743],[0.8048,42.9746],[0.825,42.9712],[0.8357,42.9633],[0.8383,42.9583]]]}},{"type":"Feature","properties":{"code":"31468","nom":"Saint-André","app":9.49,"app_bas":7.65,"app_haut":11.79,"app_ech":"maille","app_obs":1,"mai":7.07,"mai_bas":5.38,"mai_haut":9.29,"mai_ech":"maille","mai_obs":19},"geometry":{"type":"Polygon","coordinates":[[[0.8307,43.2527],[0.822,43.2756],[0.8221,43.2792],[0.8322,43.2868],[0.8211,43.2941],[0.8372,43.3014],[0.8454,43.303],[0.8539,43.2949],[0.8649,43.3009],[0.8753,43.2956],[0.8607,43.2881],[0.8608,43.2797],[0.8759,43.2633],[0.8678,43.2626],[0.8695,43.2527],[0.8667,43.2491],[0.8412,43.245],[0.8395,43.2508],[0.8307,43.2527]]]}},{"type":"Feature","properties":{"code":"31510","nom":"Saint-Pé-Delbosc","app":8.93,"app_bas":7.12,"app_haut":11.22,"app_ech":"maille","app_obs":1,"mai":8.58,"mai_bas":6.72,"mai_haut":10.97,"mai_ech":"maille","mai_obs":2},"geometry":{"type":"Polygon","coordinates":[[[0.7026,43.2756],[0.7213,43.2648],[0.6851,43.2557],[0.6777,43.2651],[0.6718,43.2683],[0.6909,43.2797],[0.7026,43.2756]]]}},{"type":"Feature","properties":{"code":"31572","nom":"Venerque","app":12.12,"app_bas":10.11,"app_haut":14.53,"app_ech":"maille","app_obs":65,"mai":10.79,"mai_bas":8.17,"mai_haut":14.24,"mai_ech":"commune","mai_obs":166},"geometry":{"type":"Polygon","coordinates":[[[1.4396,43.4234],[1.4384,43.436],[1.4274,43.4466],[1.4365,43.448],[1.4421,43.445],[1.461,43.448],[1.4747,43.4577],[1.4758,43.4484],[1.4804,43.4434],[1.4937,43.4406],[1.4982,43.4352],[1.4931,43.4152],[1.4827,43.4183],[1.4748,43.4175],[1.4708,43.4203],[1.4552,43.423],[1.4433,43.4208],[1.4396,43.4234]]]}},{"type":"Feature","properties":{"code":"31585","nom":"Villeneuve-de-Rivière","app":8.93,"app_bas":7.12,"app_haut":11.22,"app_ech":"maille","app_obs":45,"mai":9.99,"mai_bas":7.67,"mai_haut":13.01,"mai_ech":"maille","mai_obs":74},"geometry":{"type":"Polygon","coordinates":[[[0.6538,43.1109],[0.6458,43.1195],[0.6402,43.1335],[0.6407,43.1412],[0.6527,43.1412],[0.6543,43.1372],[0.6661,43.1362],[0.6901,43.1393],[0.6933,43.1197],[0.696,43.1147],[0.6915,43.1018],[0.6796,43.1038],[0.6757,43.1012],[0.6574,43.1127],[0.6538,43.1109]]]}},{"type":"Feature","properties":{"code":"31037","nom":"Avignonet-Lauragais","app":10.94,"app_bas":9.22,"app_haut":12.99,"app_ech":"maille","app_obs":61,"mai":9.15,"mai_bas":7.12,"mai_haut":11.76,"mai_ech":"maille","mai_obs":77},"geometry":{"type":"Polygon","coordinates":[[[1.8104,43.3967],[1.8216,43.3988],[1.8261,43.3947],[1.8098,43.3945],[1.8041,43.3917],[1.8063,43.38],[1.8043,43.3586],[1.8166,43.3494],[1.8135,43.3415],[1.797,43.3406],[1.7862,43.3449],[1.7748,43.3424],[1.7723,43.337],[1.759,43.3457],[1.7492,43.3495],[1.7412,43.3567],[1.7289,43.3643],[1.748,43.3688],[1.7519,43.3729],[1.7329,43.3861],[1.7345,43.3969],[1.7471,43.4175],[1.7635,43.4166],[1.7721,43.4101],[1.7772,43.4123],[1.7897,43.4036],[1.8038,43.3975],[1.8104,43.3967]]]}},{"type":"Feature","properties":{"code":"31042","nom":"Bagnères-de-Luchon","app":10.51,"app_bas":7.31,"app_haut":15.13,"app_ech":"commune","app_obs":502,"mai":9.05,"mai_bas":6.5,"mai_haut":12.59,"mai_ech":"epci","mai_obs":51},"geometry":{"type":"Polygon","coordinates":[[[0.605,42.8015],[0.5998,42.7893],[0.5988,42.7822],[0.6071,42.7695],[0.6157,42.7624],[0.6249,42.758],[0.6419,42.7548],[0.6474,42.7517],[0.6599,42.7524],[0.6696,42.7328],[0.677,42.7281],[0.679,42.7228],[0.6739,42.7166],[0.6823,42.709],[0.6738,42.6998],[0.6765,42.691],[0.6706,42.6899],[0.6513,42.6925],[0.6379,42.693],[0.618,42.6961],[0.6076,42.6991],[0.5967,42.7056],[0.5934,42.7143],[0.6007,42.7358],[0.6018,42.747],[0.5921,42.7547],[0.5713,42.7851],[0.5748,42.7952],[0.5796,42.7942],[0.5919,42.7989],[0.5914,42.8093],[0.6026,42.8068],[0.605,42.8015]]]}},{"type":"Feature","properties":{"code":"31061","nom":"Bellegarde-Sainte-Marie","app":10.6,"app_bas":9.25,"app_haut":12.13,"app_ech":"maille","app_obs":0,"mai":9.32,"mai_bas":7.05,"mai_haut":12.32,"mai_ech":"maille","mai_obs":1},"geometry":{"type":"Polygon","coordinates":[[[1.0748,43.6617],[1.0655,43.669],[1.058,43.6708],[1.0513,43.6786],[1.0777,43.6759],[1.0861,43.6729],[1.0956,43.6803],[1.0979,43.6872],[1.1116,43.6925],[1.1196,43.6986],[1.1335,43.6986],[1.1285,43.6883],[1.1219,43.6861],[1.1167,43.6711],[1.1215,43.6563],[1.1014,43.6606],[1.0919,43.6642],[1.0748,43.6617]]]}},{"type":"Feature","properties":{"code":"31133","nom":"Cazeaux-de-Larboust","app":9.49,"app_bas":6.59,"app_haut":13.66,"app_ech":"maille","app_obs":0,"mai":9.05,"mai_bas":6.5,"mai_haut":12.59,"mai_ech":"epci","mai_obs":0},"geometry":{"type":"Polygon","coordinates":[[[0.5195,42.804],[0.5222,42.8063],[0.5329,42.8089],[0.5321,42.8018],[0.5394,42.7876],[0.5422,42.7748],[0.5377,42.7574],[0.5299,42.7513],[0.5322,42.7479],[0.551,42.7507],[0.5609,42.7501],[0.5634,42.7441],[0.5469,42.7279],[0.5296,42.7027],[0.5264,42.7026],[0.5167,42.7077],[0.5151,42.7136],[0.5164,42.7307],[0.5206,42.7392],[0.5288,42.7478],[0.5287,42.7516],[0.516,42.7635],[0.5144,42.7681],[0.5205,42.7787],[0.5172,42.791],[0.5195,42.804]]]}},{"type":"Feature","properties":{"code":"31277","nom":"Lasserre","app":10.6,"app_bas":9.25,"app_haut":12.13,"app_ech":"maille","app_obs":14,"mai":9.32,"mai_bas":7.05,"mai_haut":12.32,"mai_ech":"maille","mai_obs":69},"geometry":{"type":"Polygon","coordinates":[[[1.2038,43.62],[1.1997,43.6153],[1.1869,43.6239],[1.1817,43.6297],[1.1546,43.6361],[1.1541,43.6376],[1.1605,43.6374],[1.1746,43.6465],[1.1755,43.6515],[1.2213,43.6408],[1.2038,43.62]]]}},{"type":"Feature","properties":{"code":"31443","nom":"Puymaurin","app":9.49,"app_bas":7.65,"app_haut":11.79,"app_ech":"maille","app_obs":1,"mai":9,"mai_bas":6.61,"mai_haut":12.26,"mai_ech":"maille","mai_obs":8},"geometry":{"type":"Polygon","coordinates":[[[0.703,43.3645],[0.7176,43.3766],[0.7337,43.371],[0.7443,43.3818],[0.7537,43.3894],[0.7456,43.395],[0.75,43.3989],[0.7526,43.396],[0.7734,43.3916],[0.7993,43.3812],[0.7897,43.3727],[0.7835,43.3568],[0.7699,43.3543],[0.7473,43.354],[0.7421,43.3482],[0.7357,43.3442],[0.7254,43.3536],[0.7001,43.3611],[0.703,43.3645]]]}},{"type":"Feature","properties":{"code":"31550","nom":"Soueich","app":9.21,"app_bas":7.37,"app_haut":11.5,"app_ech":"maille","app_obs":5,"mai":7.92,"mai_bas":5.92,"mai_haut":10.6,"mai_ech":"maille","mai_obs":15},"geometry":{"type":"Polygon","coordinates":[[[0.7607,43.0571],[0.7694,43.0602],[0.7713,43.0695],[0.7819,43.0702],[0.7986,43.0684],[0.7981,43.0628],[0.8036,43.0581],[0.8013,43.0386],[0.7985,43.0363],[0.7756,43.0351],[0.7631,43.0331],[0.76,43.0452],[0.7607,43.0571]]]}},{"type":"Feature","properties":{"code":"31253","nom":"Labastidette","app":11.65,"app_bas":9.46,"app_haut":14.36,"app_ech":"commune","app_obs":171,"mai":12.07,"mai_bas":9.85,"mai_haut":14.8,"mai_ech":"maille","mai_obs":82},"geometry":{"type":"Polygon","coordinates":[[[1.223,43.4601],[1.2228,43.4688],[1.2435,43.4685],[1.2577,43.4664],[1.2522,43.4586],[1.2457,43.4523],[1.2419,43.4417],[1.2249,43.4445],[1.2209,43.4503],[1.223,43.4601]]]}},{"type":"Feature","properties":{"code":"31321","nom":"Marsoulas","app":9.17,"app_bas":7.29,"app_haut":11.55,"app_ech":"maille","app_obs":0,"mai":8.36,"mai_bas":6.39,"mai_haut":10.92,"mai_ech":"maille","mai_obs":1},"geometry":{"type":"Polygon","coordinates":[[[0.9921,43.098],[0.9886,43.0989],[0.9811,43.1072],[0.9903,43.1133],[1.0009,43.1143],[1.0049,43.1069],[0.9997,43.0999],[0.9921,43.098]]]}},{"type":"Feature","properties":{"code":"31455","nom":"Rieux-Volvestre","app":8.71,"app_bas":7.21,"app_haut":10.52,"app_ech":"maille","app_obs":51,"mai":7.91,"mai_bas":5.96,"mai_haut":10.51,"mai_ech":"maille","mai_obs":88},"geometry":{"type":"Polygon","coordinates":[[[1.1687,43.2262],[1.1552,43.2338],[1.1592,43.2446],[1.1674,43.2474],[1.1643,43.256],[1.1663,43.2607],[1.1832,43.2719],[1.187,43.2812],[1.1999,43.2753],[1.2107,43.2747],[1.2238,43.2805],[1.236,43.2789],[1.262,43.2721],[1.2624,43.2604],[1.2381,43.2468],[1.2356,43.2398],[1.2147,43.2364],[1.1981,43.2365],[1.1852,43.2327],[1.1844,43.2266],[1.1687,43.2262]]]}},{"type":"Feature","properties":{"code":"31466","nom":"Saiguède","app":10.76,"app_bas":8.79,"app_haut":13.17,"app_ech":"maille","app_obs":0,"mai":9.31,"mai_bas":7.52,"mai_haut":11.53,"mai_ech":"maille","mai_obs":16},"geometry":{"type":"Polygon","coordinates":[[[1.1163,43.5102],[1.1096,43.5283],[1.1252,43.5329],[1.1464,43.5349],[1.1713,43.5397],[1.1749,43.5323],[1.1659,43.5239],[1.156,43.508],[1.1332,43.5102],[1.1163,43.5102]]]}},{"type":"Feature","properties":{"code":"31225","nom":"Goutevernisse","app":8.71,"app_bas":7.21,"app_haut":10.52,"app_ech":"maille","app_obs":1,"mai":10.24,"mai_bas":8.13,"mai_haut":12.9,"mai_ech":"maille","mai_obs":7},"geometry":{"type":"Polygon","coordinates":[[[1.1583,43.2031],[1.1605,43.2163],[1.1687,43.2262],[1.1844,43.2266],[1.1944,43.2221],[1.1807,43.2127],[1.181,43.2072],[1.1747,43.2007],[1.1656,43.2004],[1.1583,43.2031]]]}},{"type":"Feature","properties":{"code":"31386","nom":"Montoulieu-Saint-Bernard","app":9.49,"app_bas":7.65,"app_haut":11.79,"app_ech":"maille","app_obs":9,"mai":7.07,"mai_bas":5.38,"mai_haut":9.29,"mai_ech":"maille","mai_obs":4},"geometry":{"type":"Polygon","coordinates":[[[0.8938,43.2195],[0.8938,43.2346],[0.9039,43.2435],[0.9245,43.2393],[0.9196,43.2361],[0.9231,43.2299],[0.9113,43.2252],[0.9057,43.2163],[0.8938,43.2195]]]}},{"type":"Feature","properties":{"code":"31469","nom":"Saint-Araille","app":9.49,"app_bas":7.65,"app_haut":11.79,"app_ech":"maille","app_obs":4,"mai":10.24,"mai_bas":8.13,"mai_haut":12.9,"mai_ech":"maille","mai_obs":0},"geometry":{"type":"Polygon","coordinates":[[[0.9937,43.3665],[1.0265,43.3503],[1.0326,43.3455],[1.0167,43.3409],[1.0021,43.3402],[0.9953,43.344],[0.9829,43.3554],[0.9805,43.363],[0.9937,43.3665]]]}},{"type":"Feature","properties":{"code":"31490","nom":"Saint-Jory","app":12.01,"app_bas":10.62,"app_haut":13.58,"app_ech":"commune","app_obs":1505,"mai":10.42,"mai_bas":8.89,"mai_haut":12.22,"mai_ech":"commune","mai_obs":659},"geometry":{"type":"Polygon","coordinates":[[[1.3686,43.716],[1.3561,43.7163],[1.3436,43.7218],[1.337,43.7274],[1.3129,43.7435],[1.3121,43.7498],[1.3224,43.7466],[1.3359,43.7487],[1.3525,43.7579],[1.3558,43.7672],[1.3627,43.7646],[1.3765,43.7571],[1.3862,43.7418],[1.3891,43.7334],[1.3938,43.7293],[1.3895,43.725],[1.3774,43.7267],[1.3731,43.7339],[1.3665,43.7305],[1.3759,43.7217],[1.3686,43.716]]]}},{"type":"Feature","properties":{"code":"31062","nom":"Bellesserre","app":10.66,"app_bas":8.6,"app_haut":13.21,"app_ech":"maille","app_obs":3,"mai":7.78,"mai_bas":5.82,"mai_haut":10.41,"mai_ech":"maille","mai_obs":4},"geometry":{"type":"Polygon","coordinates":[[[1.1137,43.7863],[1.1086,43.7874],[1.1028,43.7789],[1.0914,43.7731],[1.0858,43.7754],[1.0907,43.7802],[1.0953,43.7908],[1.1051,43.8014],[1.1151,43.7978],[1.1137,43.7863]]]}},{"type":"Feature","properties":{"code":"31095","nom":"Cabanac-Cazaux","app":9.31,"app_bas":7.58,"app_haut":11.43,"app_ech":"maille","app_obs":0,"mai":9.99,"mai_bas":7.67,"mai_haut":13.01,"mai_ech":"maille","mai_obs":1},"geometry":{"type":"Polygon","coordinates":[[[0.7252,43.0441],[0.7441,43.0425],[0.7534,43.0377],[0.7584,43.0304],[0.7439,43.0259],[0.7295,43.026],[0.7252,43.0441]]]}},{"type":"Feature","properties":{"code":"31018","nom":"Arnaud-Guilhem","app":9.17,"app_bas":7.29,"app_haut":11.55,"app_ech":"maille","app_obs":0,"mai":8.36,"mai_bas":6.39,"mai_haut":10.92,"mai_ech":"maille","mai_obs":2},"geometry":{"type":"Polygon","coordinates":[[[0.8812,43.1559],[0.8863,43.1595],[0.9016,43.1587],[0.9228,43.1491],[0.9181,43.1411],[0.922,43.1337],[0.9006,43.1375],[0.8942,43.1355],[0.8763,43.1396],[0.8812,43.1559]]]}},{"type":"Feature","properties":{"code":"31201","nom":"Frontignan-Savès","app":9.31,"app_bas":7.65,"app_haut":11.33,"app_ech":"maille","app_obs":1,"mai":10.24,"mai_bas":8.13,"mai_haut":12.9,"mai_ech":"maille","mai_obs":1},"geometry":{"type":"Polygon","coordinates":[[[0.9016,43.3964],[0.9022,43.4053],[0.9172,43.4063],[0.9175,43.4025],[0.9281,43.4001],[0.9273,43.3951],[0.9194,43.3899],[0.9016,43.3964]]]}},{"type":"Feature","properties":{"code":"31220","nom":"Gibel","app":9.97,"app_bas":8.14,"app_haut":12.22,"app_ech":"maille","app_obs":4,"mai":9.15,"mai_bas":7.12,"mai_haut":11.76,"mai_ech":"maille","mai_obs":17},"geometry":{"type":"Polygon","coordinates":[[[1.6327,43.3281],[1.6526,43.3254],[1.6642,43.3215],[1.6772,43.3268],[1.6874,43.3196],[1.6928,43.3088],[1.704,43.3028],[1.7145,43.2947],[1.7066,43.286],[1.6884,43.2736],[1.6736,43.2813],[1.6724,43.2898],[1.6616,43.2911],[1.6548,43.2964],[1.6443,43.3167],[1.6296,43.3274],[1.6327,43.3281]]]}},{"type":"Feature","properties":{"code":"31087","nom":"Bragayrac","app":10.76,"app_bas":8.79,"app_haut":13.17,"app_ech":"maille","app_obs":7,"mai":8.78,"mai_bas":7.01,"mai_haut":11,"mai_ech":"maille","mai_obs":11},"geometry":{"type":"Polygon","coordinates":[[[1.0375,43.4856],[1.0338,43.4868],[1.0519,43.487],[1.0491,43.4961],[1.0583,43.5039],[1.0729,43.5044],[1.0807,43.4936],[1.0879,43.4951],[1.0987,43.4865],[1.1025,43.4808],[1.0779,43.482],[1.0822,43.4744],[1.0705,43.4763],[1.0375,43.4856]]]}},{"type":"Feature","properties":{"code":"31209","nom":"Garac","app":10.89,"app_bas":9.12,"app_haut":13.02,"app_ech":"maille","app_obs":0,"mai":9.32,"mai_bas":7.05,"mai_haut":12.32,"mai_ech":"maille","mai_obs":4},"geometry":{"type":"Polygon","coordinates":[[[1.1128,43.6996],[1.1196,43.6986],[1.1116,43.6925],[1.0979,43.6872],[1.0956,43.6803],[1.0861,43.6729],[1.0777,43.6759],[1.0764,43.6793],[1.0774,43.6994],[1.0976,43.7002],[1.1128,43.6996]]]}},{"type":"Feature","properties":{"code":"31369","nom":"Mont-de-Galié","app":9.49,"app_bas":6.59,"app_haut":13.66,"app_ech":"maille","app_obs":0,"mai":9.99,"mai_bas":7.67,"mai_haut":13.01,"mai_ech":"maille","mai_obs":0},"geometry":{"type":"Polygon","coordinates":[[[0.6532,42.9998],[0.6559,42.9918],[0.6532,42.9848],[0.6474,42.9821],[0.6414,42.9835],[0.6395,42.9945],[0.644,43.0021],[0.6532,42.9998]]]}},{"type":"Feature","properties":{"code":"31383","nom":"Montjoire","app":11.66,"app_bas":10.1,"app_haut":13.46,"app_ech":"maille","app_obs":11,"mai":9.93,"mai_bas":7.98,"mai_haut":12.35,"mai_ech":"maille","mai_obs":52},"geometry":{"type":"Polygon","coordinates":[[[1.5222,43.8067],[1.5314,43.8025],[1.5451,43.8007],[1.5436,43.7979],[1.5598,43.7883],[1.5541,43.7723],[1.5478,43.7634],[1.535,43.7579],[1.5273,43.7576],[1.5254,43.7526],[1.5195,43.7487],[1.5071,43.7552],[1.5016,43.7691],[1.4967,43.7757],[1.4998,43.7858],[1.5089,43.7916],[1.5112,43.7965],[1.5222,43.8067]]]}},{"type":"Feature","properties":{"code":"31416","nom":"Peyssies","app":10.29,"app_bas":8.35,"app_haut":12.69,"app_ech":"maille","app_obs":3,"mai":10.24,"mai_bas":8.13,"mai_haut":12.9,"mai_ech":"maille","mai_obs":47},"geometry":{"type":"Polygon","coordinates":[[[1.2038,43.3326],[1.2079,43.3305],[1.1921,43.3159],[1.1844,43.3118],[1.1648,43.3207],[1.1533,43.3193],[1.163,43.3254],[1.1721,43.3269],[1.1746,43.3304],[1.1918,43.3414],[1.2038,43.3326]]]}},{"type":"Feature","properties":{"code":"31531","nom":"Sarrecave","app":10.01,"app_bas":8.05,"app_haut":12.46,"app_ech":"maille","app_obs":0,"mai":9.99,"mai_bas":7.67,"mai_haut":13.01,"mai_ech":"maille","mai_obs":0},"geometry":{"type":"Polygon","coordinates":[[[0.577,43.2124],[0.596,43.2227],[0.6083,43.2189],[0.611,43.2136],[0.6026,43.2105],[0.5888,43.2089],[0.577,43.2124]]]}},{"type":"Feature","properties":{"code":"31141","nom":"Ciadoux","app":9.49,"app_bas":7.65,"app_haut":11.79,"app_ech":"maille","app_obs":0,"mai":7.07,"mai_bas":5.38,"mai_haut":9.29,"mai_ech":"maille","mai_obs":4},"geometry":{"type":"Polygon","coordinates":[[[0.7364,43.2463],[0.7331,43.254],[0.7213,43.2648],[0.7026,43.2756],[0.7124,43.2769],[0.722,43.2742],[0.7607,43.2575],[0.7654,43.2499],[0.7614,43.2459],[0.7682,43.2388],[0.7612,43.2345],[0.7444,43.2326],[0.7422,43.2409],[0.7364,43.2463]]]}},{"type":"Feature","properties":{"code":"31158","nom":"Cuguron","app":8.34,"app_bas":6.74,"app_haut":10.33,"app_ech":"maille","app_obs":0,"mai":8.34,"mai_bas":6.46,"mai_haut":10.77,"mai_ech":"maille","mai_obs":0},"geometry":{"type":"Polygon","coordinates":[[[0.4978,43.118],[0.5114,43.1192],[0.5177,43.1146],[0.5215,43.1012],[0.5352,43.1034],[0.5553,43.1011],[0.5472,43.0966],[0.5223,43.0926],[0.5028,43.0957],[0.4997,43.101],[0.5031,43.1056],[0.4912,43.1087],[0.4893,43.1152],[0.4978,43.118]]]}},{"type":"Feature","properties":{"code":"31246","nom":"Labarthe-Inard","app":9.17,"app_bas":7.29,"app_haut":11.55,"app_ech":"maille","app_obs":8,"mai":9.99,"mai_bas":7.67,"mai_haut":13.01,"mai_ech":"maille","mai_obs":36},"geometry":{"type":"Polygon","coordinates":[[[0.8619,43.1003],[0.8313,43.095],[0.8303,43.092],[0.8194,43.0999],[0.8043,43.0976],[0.8035,43.1033],[0.8115,43.1035],[0.8096,43.1129],[0.8157,43.1238],[0.8391,43.12],[0.8561,43.1128],[0.862,43.1049],[0.8619,43.1003]]]}},{"type":"Feature","properties":{"code":"31269","nom":"Lamasquère","app":10.03,"app_bas":8.72,"app_haut":11.53,"app_ech":"maille","app_obs":11,"mai":8.78,"mai_bas":7.01,"mai_haut":11,"mai_ech":"maille","mai_obs":48},"geometry":{"type":"Polygon","coordinates":[[[1.2271,43.4804],[1.2283,43.4969],[1.2312,43.4954],[1.2549,43.4917],[1.2748,43.4823],[1.2719,43.4768],[1.2606,43.4748],[1.2432,43.4766],[1.2271,43.4804]]]}},{"type":"Feature","properties":{"code":"31297","nom":"Lévignac","app":11,"app_bas":9.72,"app_haut":12.44,"app_ech":"commune","app_obs":157,"mai":10.02,"mai_bas":7.56,"mai_haut":13.28,"mai_ech":"commune","mai_obs":149},"geometry":{"type":"Polygon","coordinates":[[[1.1755,43.6515],[1.1705,43.6585],[1.1748,43.6632],[1.1838,43.6662],[1.2026,43.6755],[1.2119,43.688],[1.2192,43.6739],[1.2153,43.6612],[1.2366,43.6503],[1.2213,43.6408],[1.1755,43.6515]]]}},{"type":"Feature","properties":{"code":"31403","nom":"Ondes","app":10.79,"app_bas":9.08,"app_haut":12.82,"app_ech":"maille","app_obs":31,"mai":10.61,"mai_bas":8.44,"mai_haut":13.34,"mai_ech":"maille","mai_obs":46},"geometry":{"type":"Polygon","coordinates":[[[1.3279,43.7753],[1.3112,43.7718],[1.3046,43.7725],[1.2959,43.782],[1.2824,43.7896],[1.2818,43.7962],[1.299,43.7998],[1.3153,43.7938],[1.3279,43.7753]]]}},{"type":"Feature","properties":{"code":"31433","nom":"Portet-sur-Garonne","app":12.77,"app_bas":10.81,"app_haut":15.1,"app_ech":"commune","app_obs":685,"mai":12.28,"mai_bas":9.69,"mai_haut":15.58,"mai_ech":"commune","mai_obs":287},"geometry":{"type":"Polygon","coordinates":[[[1.372,43.5344],[1.3654,43.5445],[1.3679,43.5499],[1.3788,43.5442],[1.3857,43.538],[1.3905,43.5381],[1.4101,43.5459],[1.4288,43.5461],[1.4265,43.54],[1.4297,43.5345],[1.4279,43.5265],[1.4211,43.523],[1.4279,43.5177],[1.4348,43.5167],[1.431,43.5081],[1.4169,43.5089],[1.4132,43.5137],[1.4122,43.5189],[1.4008,43.5135],[1.3868,43.5118],[1.3751,43.5214],[1.372,43.5344]]]}},{"type":"Feature","properties":{"code":"31525","nom":"Salles-sur-Garonne","app":10.29,"app_bas":8.35,"app_haut":12.69,"app_ech":"maille","app_obs":5,"mai":10.24,"mai_bas":8.13,"mai_haut":12.9,"mai_ech":"maille","mai_obs":12},"geometry":{"type":"Polygon","coordinates":[[[1.1525,43.2635],[1.1665,43.2846],[1.1818,43.2934],[1.189,43.2869],[1.1832,43.2719],[1.1663,43.2607],[1.1525,43.2635]]]}},{"type":"Feature","properties":{"code":"31150","nom":"Cornebarrieu","app":12.79,"app_bas":11.2,"app_haut":14.6,"app_ech":"commune","app_obs":2116,"mai":11.36,"mai_bas":9.6,"mai_haut":13.44,"mai_ech":"commune","mai_obs":1066},"geometry":{"type":"Polygon","coordinates":[[[1.3103,43.6662],[1.3256,43.6696],[1.336,43.669],[1.3467,43.6612],[1.359,43.6626],[1.3506,43.6389],[1.3472,43.6335],[1.3255,43.6277],[1.2892,43.6384],[1.2801,43.6476],[1.3082,43.6639],[1.3103,43.6662]]]}},{"type":"Feature","properties":{"code":"31265","nom":"Lagraulet-Saint-Nicolas","app":11.29,"app_bas":9.45,"app_haut":13.49,"app_ech":"maille","app_obs":0,"mai":7.78,"mai_bas":5.82,"mai_haut":10.41,"mai_ech":"maille","mai_obs":10},"geometry":{"type":"Polygon","coordinates":[[[1.0409,43.7727],[1.046,43.784],[1.0591,43.7986],[1.0808,43.8131],[1.0833,43.8163],[1.1007,43.8071],[1.1051,43.8014],[1.0953,43.7908],[1.0907,43.7802],[1.077,43.7676],[1.0655,43.7641],[1.0494,43.7717],[1.0409,43.7727]]]}},{"type":"Feature","properties":{"code":"31302","nom":"Lodes","app":9.17,"app_bas":7.29,"app_haut":11.55,"app_ech":"maille","app_obs":6,"mai":9.99,"mai_bas":7.67,"mai_haut":13.01,"mai_ech":"maille","mai_obs":9},"geometry":{"type":"Polygon","coordinates":[[[0.7055,43.174],[0.6938,43.1693],[0.6812,43.1588],[0.6536,43.1517],[0.6398,43.1514],[0.629,43.1573],[0.621,43.1574],[0.617,43.1619],[0.6162,43.1697],[0.6329,43.1755],[0.6486,43.1735],[0.6582,43.1743],[0.685,43.1793],[0.6961,43.1781],[0.7055,43.174]]]}},{"type":"Feature","properties":{"code":"31375","nom":"Montesquieu-Volvestre","app":8.98,"app_bas":7.22,"app_haut":11.16,"app_ech":"commune","app_obs":338,"mai":8.39,"mai_bas":6.31,"mai_haut":11.16,"mai_ech":"commune","mai_obs":168},"geometry":{"type":"Polygon","coordinates":[[[1.2108,43.1151],[1.1984,43.1254],[1.2035,43.1264],[1.1941,43.14],[1.1926,43.1463],[1.183,43.1569],[1.1764,43.1685],[1.1913,43.1666],[1.1953,43.1775],[1.2029,43.1815],[1.1986,43.1857],[1.1859,43.1899],[1.1827,43.194],[1.1724,43.1892],[1.1682,43.1838],[1.168,43.1762],[1.164,43.1769],[1.1588,43.19],[1.1656,43.2004],[1.1747,43.2007],[1.181,43.2072],[1.1807,43.2127],[1.1944,43.2221],[1.1844,43.2266],[1.1852,43.2327],[1.1981,43.2365],[1.2147,43.2364],[1.2356,43.2398],[1.2584,43.2365],[1.2725,43.2261],[1.2779,43.2149],[1.2662,43.2126],[1.2663,43.1915],[1.2681,43.1908],[1.2533,43.1838],[1.2494,43.1833],[1.2437,43.1896],[1.2321,43.1883],[1.2275,43.1839],[1.2277,43.174],[1.2219,43.1668],[1.214,43.1624],[1.2199,43.1525],[1.2376,43.15],[1.2237,43.1402],[1.2206,43.1337],[1.2256,43.1257],[1.2195,43.1186],[1.2108,43.1151]]]}},{"type":"Feature","properties":{"code":"31539","nom":"Sédeilhac","app":10.01,"app_bas":8.05,"app_haut":12.46,"app_ech":"maille","app_obs":0,"mai":9.99,"mai_bas":7.67,"mai_haut":13.01,"mai_ech":"maille","mai_obs":0},"geometry":{"type":"Polygon","coordinates":[[[0.5035,43.1322],[0.5256,43.1505],[0.5523,43.155],[0.5628,43.1618],[0.5788,43.1528],[0.5542,43.1437],[0.5451,43.1464],[0.5313,43.139],[0.5208,43.1354],[0.5035,43.1322]]]}},{"type":"Feature","properties":{"code":"31540","nom":"Ségreville","app":11.15,"app_bas":9.32,"app_haut":13.35,"app_ech":"maille","app_obs":0,"mai":9.3,"mai_bas":7.26,"mai_haut":11.92,"mai_ech":"maille","mai_obs":7},"geometry":{"type":"Polygon","coordinates":[[[1.7609,43.4787],[1.732,43.4877],[1.7315,43.5049],[1.7529,43.4995],[1.7587,43.4932],[1.7687,43.4871],[1.7609,43.4787]]]}},{"type":"Feature","properties":{"code":"31035","nom":"Auzeville-Tolosane","app":14.09,"app_bas":12.57,"app_haut":15.79,"app_ech":"commune","app_obs":818,"mai":13.89,"mai_bas":10.94,"mai_haut":17.63,"mai_ech":"commune","mai_obs":118},"geometry":{"type":"Polygon","coordinates":[[[1.5149,43.5271],[1.4933,43.5253],[1.4868,43.5224],[1.4797,43.5146],[1.4686,43.5144],[1.4642,43.532],[1.4713,43.5323],[1.4963,43.5402],[1.502,43.5432],[1.5078,43.5391],[1.5149,43.5271]]]}},{"type":"Feature","properties":{"code":"31151","nom":"Corronsac","app":12.01,"app_bas":10.22,"app_haut":14.11,"app_ech":"maille","app_obs":7,"mai":13.02,"mai_bas":9.79,"mai_haut":17.32,"mai_ech":"maille","mai_obs":16},"geometry":{"type":"Polygon","coordinates":[[[1.5053,43.479],[1.5105,43.474],[1.507,43.4678],[1.4932,43.4567],[1.4794,43.4622],[1.4767,43.4603],[1.4719,43.4632],[1.4766,43.475],[1.4719,43.4778],[1.4809,43.483],[1.4944,43.4842],[1.5053,43.479]]]}},{"type":"Feature","properties":{"code":"31155","nom":"Couret","app":9.17,"app_bas":7.29,"app_haut":11.55,"app_ech":"maille","app_obs":1,"mai":7.92,"mai_bas":5.92,"mai_haut":10.6,"mai_ech":"maille","mai_obs":5},"geometry":{"type":"Polygon","coordinates":[[[0.8378,43.0466],[0.8013,43.0386],[0.8036,43.0581],[0.8253,43.0569],[0.833,43.0545],[0.8378,43.0466]]]}},{"type":"Feature","properties":{"code":"31323","nom":"Martres-de-Rivière","app":9.31,"app_bas":7.58,"app_haut":11.43,"app_ech":"maille","app_obs":3,"mai":9.99,"mai_bas":7.67,"mai_haut":13.01,"mai_ech":"maille","mai_obs":15},"geometry":{"type":"Polygon","coordinates":[[[0.6275,43.0805],[0.639,43.0907],[0.6511,43.0958],[0.6556,43.0819],[0.6547,43.0709],[0.6275,43.0805]]]}},{"type":"Feature","properties":{"code":"31384","nom":"Montlaur","app":11.68,"app_bas":10,"app_haut":13.65,"app_ech":"maille","app_obs":31,"mai":13.02,"mai_bas":9.79,"mai_haut":17.32,"mai_ech":"maille","mai_obs":58},"geometry":{"type":"Polygon","coordinates":[[[1.5649,43.4763],[1.55,43.4894],[1.5623,43.4973],[1.5896,43.4951],[1.5965,43.4968],[1.6094,43.488],[1.5977,43.474],[1.5772,43.4701],[1.5698,43.471],[1.5649,43.4763]]]}},{"type":"Feature","properties":{"code":"31401","nom":"Noueilles","app":12.12,"app_bas":10.11,"app_haut":14.53,"app_ech":"maille","app_obs":0,"mai":9.3,"mai_bas":7.26,"mai_haut":11.92,"mai_ech":"maille","mai_obs":17},"geometry":{"type":"Polygon","coordinates":[[[1.5416,43.4274],[1.5473,43.4223],[1.5242,43.3994],[1.51,43.4068],[1.5102,43.4205],[1.5217,43.4272],[1.5341,43.4242],[1.5416,43.4274]]]}},{"type":"Feature","properties":{"code":"31463","nom":"Roumens","app":9.83,"app_bas":8.02,"app_haut":12.04,"app_ech":"maille","app_obs":1,"mai":10.46,"mai_bas":7.45,"mai_haut":14.68,"mai_ech":"maille","mai_obs":1},"geometry":{"type":"Polygon","coordinates":[[[1.9169,43.4673],[1.9306,43.4708],[1.943,43.4667],[1.9589,43.4722],[1.9608,43.4698],[1.9595,43.4675],[1.9356,43.4557],[1.9312,43.4557],[1.9183,43.4627],[1.9169,43.4673]]]}},{"type":"Feature","properties":{"code":"31564","nom":"Valcabrère","app":9.31,"app_bas":7.58,"app_haut":11.43,"app_ech":"maille","app_obs":1,"mai":9.05,"mai_bas":6.5,"mai_haut":12.59,"mai_ech":"epci","mai_obs":3},"geometry":{"type":"Polygon","coordinates":[[[0.5926,43.026],[0.5918,43.0224],[0.5857,43.0234],[0.5727,43.0374],[0.5932,43.0354],[0.5926,43.026]]]}},{"type":"Feature","properties":{"code":"31106","nom":"Caraman","app":10.8,"app_bas":9.03,"app_haut":12.91,"app_ech":"commune","app_obs":337,"mai":9.1,"mai_bas":6.96,"mai_haut":11.89,"mai_ech":"commune","mai_obs":229},"geometry":{"type":"Polygon","coordinates":[[[1.7018,43.5518],[1.7084,43.5588],[1.7095,43.5787],[1.7212,43.5649],[1.7359,43.5603],[1.74,43.5521],[1.7468,43.5452],[1.756,43.5446],[1.7634,43.5521],[1.7865,43.5443],[1.7904,43.5398],[1.7879,43.5341],[1.7946,43.5152],[1.7909,43.5066],[1.7864,43.509],[1.7795,43.5013],[1.7721,43.5029],[1.77,43.4892],[1.7687,43.4871],[1.7587,43.4932],[1.7529,43.4995],[1.7315,43.5049],[1.7261,43.5071],[1.7246,43.5157],[1.7277,43.521],[1.7366,43.5234],[1.7419,43.5299],[1.7363,43.5354],[1.7189,43.5435],[1.7057,43.5515],[1.7018,43.5518]]]}},{"type":"Feature","properties":{"code":"31500","nom":"Saint-Mamet","app":9.49,"app_bas":6.59,"app_haut":13.66,"app_ech":"maille","app_obs":15,"mai":9.05,"mai_bas":6.5,"mai_haut":12.59,"mai_ech":"epci","mai_obs":14},"geometry":{"type":"Polygon","coordinates":[[[0.5998,42.7893],[0.6157,42.7832],[0.6321,42.7803],[0.6445,42.7831],[0.6534,42.7774],[0.663,42.7757],[0.6642,42.7717],[0.6503,42.7642],[0.6462,42.7561],[0.6419,42.7548],[0.6249,42.758],[0.6157,42.7624],[0.6071,42.7695],[0.5988,42.7822],[0.5998,42.7893]]]}},{"type":"Feature","properties":{"code":"31083","nom":"Boussan","app":9.49,"app_bas":7.65,"app_haut":11.79,"app_ech":"maille","app_obs":1,"mai":7.07,"mai_bas":5.38,"mai_haut":9.29,"mai_ech":"maille","mai_obs":16},"geometry":{"type":"Polygon","coordinates":[[[0.8938,43.2195],[0.8846,43.2196],[0.8728,43.2294],[0.8391,43.2367],[0.8412,43.245],[0.8667,43.2491],[0.8695,43.2527],[0.8678,43.2626],[0.8759,43.2633],[0.8936,43.2574],[0.8972,43.2459],[0.9039,43.2435],[0.8938,43.2346],[0.8938,43.2195]]]}},{"type":"Feature","properties":{"code":"31118","nom":"Castelnau-d'Estrétefonds","app":11.44,"app_bas":9.64,"app_haut":13.59,"app_ech":"commune","app_obs":859,"mai":11.74,"mai_bas":9.34,"mai_haut":14.76,"mai_ech":"commune","mai_obs":320},"geometry":{"type":"Polygon","coordinates":[[[1.299,43.7998],[1.3116,43.8008],[1.3252,43.795],[1.3442,43.8059],[1.3434,43.8105],[1.36,43.8172],[1.3773,43.8199],[1.3836,43.8264],[1.3911,43.8237],[1.3971,43.8168],[1.4034,43.8061],[1.3813,43.7754],[1.3814,43.7718],[1.3722,43.7642],[1.3627,43.7646],[1.3344,43.7743],[1.3279,43.7753],[1.3153,43.7938],[1.299,43.7998]]]}},{"type":"Feature","properties":{"code":"31021","nom":"Aspret-Sarrat","app":9.31,"app_bas":7.58,"app_haut":11.43,"app_ech":"maille","app_obs":8,"mai":9.99,"mai_bas":7.67,"mai_haut":13.01,"mai_ech":"maille","mai_obs":2},"geometry":{"type":"Polygon","coordinates":[[[0.7351,43.0716],[0.7265,43.058],[0.7135,43.0632],[0.7069,43.0623],[0.7062,43.066],[0.7012,43.0734],[0.7147,43.0747],[0.7268,43.0809],[0.7303,43.0803],[0.7351,43.0716]]]}},{"type":"Feature","properties":{"code":"31138","nom":"Charlas","app":8.93,"app_bas":7.12,"app_haut":11.22,"app_ech":"maille","app_obs":2,"mai":8.58,"mai_bas":6.72,"mai_haut":10.97,"mai_ech":"maille","mai_obs":8},"geometry":{"type":"Polygon","coordinates":[[[0.6913,43.216],[0.6776,43.2174],[0.6718,43.2239],[0.6799,43.2324],[0.6818,43.2397],[0.6749,43.2457],[0.6715,43.2538],[0.6927,43.2576],[0.699,43.2525],[0.7063,43.2509],[0.7019,43.2431],[0.7084,43.2388],[0.7113,43.2302],[0.7193,43.2273],[0.7106,43.2192],[0.6913,43.216]]]}},{"type":"Feature","properties":{"code":"31148","nom":"Clermont-le-Fort","app":12.6,"app_bas":10.78,"app_haut":14.74,"app_ech":"maille","app_obs":1,"mai":11.24,"mai_bas":9.4,"mai_haut":13.44,"mai_ech":"maille","mai_obs":28},"geometry":{"type":"Polygon","coordinates":[[[1.4451,43.4741],[1.4688,43.4615],[1.4761,43.4595],[1.461,43.448],[1.4421,43.445],[1.4365,43.448],[1.4207,43.4464],[1.4145,43.4603],[1.4196,43.4712],[1.4269,43.469],[1.4385,43.4692],[1.4451,43.4741]]]}},{"type":"Feature","properties":{"code":"31192","nom":"Fourquevaux","app":11.75,"app_bas":10.6,"app_haut":13.02,"app_ech":"maille","app_obs":19,"mai":12.01,"mai_bas":9.51,"mai_haut":15.18,"mai_ech":"maille","mai_obs":28},"geometry":{"type":"Polygon","coordinates":[[[1.599,43.5044],[1.6093,43.5142],[1.6106,43.5226],[1.6258,43.5145],[1.6319,43.5092],[1.6318,43.504],[1.6413,43.4954],[1.6451,43.4959],[1.6499,43.4919],[1.6419,43.4785],[1.6094,43.488],[1.5965,43.4968],[1.599,43.5044]]]}},{"type":"Feature","properties":{"code":"31226","nom":"Gouzens","app":9.17,"app_bas":7.29,"app_haut":11.55,"app_ech":"maille","app_obs":2,"mai":7.91,"mai_bas":5.96,"mai_haut":10.51,"mai_ech":"maille","mai_obs":0},"geometry":{"type":"Polygon","coordinates":[[[1.168,43.1762],[1.1682,43.1838],[1.1724,43.1892],[1.1827,43.194],[1.1859,43.1899],[1.1986,43.1857],[1.2029,43.1815],[1.1953,43.1775],[1.1913,43.1666],[1.1764,43.1685],[1.168,43.1762]]]}},{"type":"Feature","properties":{"code":"31250","nom":"Labastide-Clermont","app":10.03,"app_bas":8.72,"app_haut":11.53,"app_ech":"maille","app_obs":0,"mai":10.24,"mai_bas":8.13,"mai_haut":12.9,"mai_ech":"maille","mai_obs":19},"geometry":{"type":"Polygon","coordinates":[[[1.0879,43.331],[1.0677,43.3357],[1.0687,43.3423],[1.075,43.3446],[1.072,43.3545],[1.0996,43.3597],[1.1298,43.3687],[1.1328,43.3611],[1.1469,43.3539],[1.1372,43.3478],[1.1305,43.3371],[1.1022,43.3401],[1.0879,43.331]]]}},{"type":"Feature","properties":{"code":"31292","nom":"Lescuns","app":9.64,"app_bas":7.88,"app_haut":11.79,"app_ech":"maille","app_obs":0,"mai":7.07,"mai_bas":5.38,"mai_haut":9.29,"mai_ech":"maille","mai_obs":9},"geometry":{"type":"Polygon","coordinates":[[[1.0114,43.2568],[1.0185,43.2447],[1.0032,43.2357],[1.002,43.2338],[0.9941,43.2405],[0.9942,43.2483],[1.0114,43.2568]]]}},{"type":"Feature","properties":{"code":"31039","nom":"Bachas","app":9.49,"app_bas":7.65,"app_haut":11.79,"app_ech":"maille","app_obs":5,"mai":7.07,"mai_bas":5.38,"mai_haut":9.29,"mai_ech":"maille","mai_obs":3},"geometry":{"type":"Polygon","coordinates":[[[0.9313,43.2407],[0.935,43.259],[0.9426,43.2582],[0.9518,43.2498],[0.9488,43.2399],[0.9313,43.2407]]]}},{"type":"Feature","properties":{"code":"31075","nom":"Bonrepos-sur-Aussonnelle","app":11.81,"app_bas":10.37,"app_haut":13.46,"app_ech":"maille","app_obs":8,"mai":10.78,"mai_bas":8.71,"mai_haut":13.35,"mai_ech":"maille","mai_obs":28},"geometry":{"type":"Polygon","coordinates":[[[1.1057,43.537],[1.116,43.5424],[1.1188,43.5502],[1.1122,43.5567],[1.127,43.5545],[1.1564,43.5568],[1.1591,43.5486],[1.1719,43.5473],[1.1713,43.5397],[1.1464,43.5349],[1.1252,43.5329],[1.1096,43.5283],[1.1057,43.537]]]}},{"type":"Feature","properties":{"code":"31093","nom":"Burgaud","app":11.29,"app_bas":9.45,"app_haut":13.49,"app_ech":"maille","app_obs":9,"mai":7.78,"mai_bas":5.82,"mai_haut":10.41,"mai_ech":"maille","mai_obs":20},"geometry":{"type":"Polygon","coordinates":[[[1.1753,43.8044],[1.1832,43.7941],[1.1734,43.7915],[1.1658,43.7849],[1.171,43.7781],[1.1747,43.7674],[1.1584,43.763],[1.143,43.7617],[1.1292,43.7665],[1.1199,43.7737],[1.1137,43.7863],[1.1151,43.7978],[1.1261,43.8096],[1.1331,43.813],[1.1446,43.8223],[1.1578,43.8184],[1.1648,43.8079],[1.1753,43.8044]]]}},{"type":"Feature","properties":{"code":"31124","nom":"Castillon-de-Saint-Martory","app":9.17,"app_bas":7.29,"app_haut":11.55,"app_ech":"maille","app_obs":9,"mai":8.58,"mai_bas":6.72,"mai_haut":10.97,"mai_ech":"maille","mai_obs":14},"geometry":{"type":"Polygon","coordinates":[[[0.7967,43.1427],[0.7906,43.1527],[0.822,43.146],[0.8437,43.1443],[0.8632,43.1382],[0.8754,43.1399],[0.8942,43.1355],[0.9006,43.1375],[0.922,43.1337],[0.9257,43.1291],[0.9157,43.1303],[0.9089,43.1338],[0.8877,43.1324],[0.8826,43.1253],[0.8724,43.1251],[0.8382,43.1315],[0.8086,43.1407],[0.7967,43.1427]]]}},{"type":"Feature","properties":{"code":"31241","nom":"Izaut-de-l'Hôtel","app":9.17,"app_bas":7.29,"app_haut":11.55,"app_ech":"maille","app_obs":3,"mai":8.58,"mai_bas":6.72,"mai_haut":10.97,"mai_ech":"maille","mai_obs":8},"geometry":{"type":"Polygon","coordinates":[[[0.7511,42.9989],[0.7473,43.0047],[0.722,43.0114],[0.7239,43.0221],[0.7295,43.026],[0.7439,43.0259],[0.7584,43.0304],[0.7724,43.0059],[0.7727,42.9957],[0.7666,42.9943],[0.7511,42.9989]]]}},{"type":"Feature","properties":{"code":"31339","nom":"Mérenvielle","app":11.81,"app_bas":10.37,"app_haut":13.46,"app_ech":"maille","app_obs":8,"mai":10.78,"mai_bas":8.71,"mai_haut":13.35,"mai_ech":"maille","mai_obs":15},"geometry":{"type":"Polygon","coordinates":[[[1.1467,43.6356],[1.1541,43.6376],[1.1546,43.6361],[1.1817,43.6297],[1.1869,43.6239],[1.1997,43.6153],[1.1884,43.6056],[1.181,43.614],[1.1646,43.6041],[1.1586,43.6052],[1.1492,43.6165],[1.1426,43.6213],[1.1467,43.6356]]]}},{"type":"Feature","properties":{"code":"31402","nom":"Odars","app":11.75,"app_bas":10.6,"app_haut":13.02,"app_ech":"maille","app_obs":5,"mai":12.01,"mai_bas":9.51,"mai_haut":15.18,"mai_ech":"maille","mai_obs":29},"geometry":{"type":"Polygon","coordinates":[[[1.5811,43.5289],[1.5864,43.5371],[1.592,43.541],[1.6038,43.5385],[1.5939,43.5319],[1.6106,43.5226],[1.6093,43.5142],[1.599,43.5044],[1.5831,43.5111],[1.5737,43.5196],[1.5811,43.5289]]]}},{"type":"Feature","properties":{"code":"31477","nom":"Saint-Élix-Séglan","app":9.17,"app_bas":7.29,"app_haut":11.55,"app_ech":"maille","app_obs":0,"mai":7.07,"mai_bas":5.38,"mai_haut":9.29,"mai_ech":"maille","mai_obs":0},"geometry":{"type":"Polygon","coordinates":[[[0.8486,43.1835],[0.841,43.1854],[0.8428,43.1943],[0.8413,43.2039],[0.8538,43.2069],[0.8589,43.2008],[0.8558,43.1884],[0.8486,43.1835]]]}},{"type":"Feature","properties":{"code":"31328","nom":"Mauremont","app":11.68,"app_bas":10,"app_haut":13.65,"app_ech":"maille","app_obs":2,"mai":9.3,"mai_bas":7.26,"mai_haut":11.92,"mai_ech":"maille","mai_obs":14},"geometry":{"type":"Polygon","coordinates":[[[1.6935,43.4651],[1.6986,43.463],[1.6959,43.4537],[1.7041,43.4494],[1.7028,43.4458],[1.6892,43.4469],[1.6874,43.4425],[1.6821,43.449],[1.6593,43.4517],[1.6673,43.4617],[1.6585,43.4675],[1.6654,43.4683],[1.6732,43.4632],[1.6784,43.4689],[1.6852,43.4643],[1.6935,43.4651]]]}},{"type":"Feature","properties":{"code":"31371","nom":"Montégut-Lauragais","app":8.58,"app_bas":6.71,"app_haut":10.98,"app_ech":"maille","app_obs":2,"mai":10.46,"mai_bas":7.45,"mai_haut":14.68,"mai_ech":"maille","mai_obs":11},"geometry":{"type":"Polygon","coordinates":[[[1.9517,43.4863],[1.9641,43.4712],[1.9608,43.4698],[1.9589,43.4722],[1.943,43.4667],[1.9306,43.4708],[1.9169,43.4673],[1.9067,43.4717],[1.906,43.4827],[1.9209,43.4898],[1.9426,43.4819],[1.9517,43.4863]]]}},{"type":"Feature","properties":{"code":"31380","nom":"Montgeard","app":10.94,"app_bas":9.22,"app_haut":12.99,"app_ech":"maille","app_obs":10,"mai":9.4,"mai_bas":7.13,"mai_haut":12.4,"mai_ech":"maille","mai_obs":16},"geometry":{"type":"Polygon","coordinates":[[[1.6684,43.3434],[1.6605,43.3424],[1.6599,43.3354],[1.6433,43.335],[1.6327,43.3281],[1.6296,43.3274],[1.6094,43.3405],[1.6147,43.3493],[1.6225,43.3477],[1.6414,43.3486],[1.646,43.3607],[1.6512,43.3641],[1.6639,43.3526],[1.6707,43.3531],[1.6747,43.3451],[1.6684,43.3434]]]}},{"type":"Feature","properties":{"code":"31437","nom":"Pouze","app":12.01,"app_bas":10.22,"app_haut":14.11,"app_ech":"maille","app_obs":0,"mai":9.3,"mai_bas":7.26,"mai_haut":11.92,"mai_ech":"maille","mai_obs":0},"geometry":{"type":"Polygon","coordinates":[[[1.5189,43.4402],[1.529,43.445],[1.5352,43.4448],[1.5515,43.4321],[1.5496,43.4274],[1.5416,43.4274],[1.5341,43.4242],[1.5217,43.4272],[1.5258,43.4279],[1.5189,43.4402]]]}},{"type":"Feature","properties":{"code":"31517","nom":"Saint-Sulpice-sur-Lèze","app":12.52,"app_bas":10.04,"app_haut":15.6,"app_ech":"commune","app_obs":179,"mai":9.79,"mai_bas":7.39,"mai_haut":12.95,"mai_ech":"maille","mai_obs":97},"geometry":{"type":"Polygon","coordinates":[[[1.373,43.3101],[1.3541,43.3148],[1.3436,43.3156],[1.324,43.3094],[1.3175,43.3102],[1.3099,43.3186],[1.3047,43.3199],[1.3036,43.3314],[1.3109,43.3359],[1.325,43.3352],[1.3289,43.3394],[1.3447,43.3353],[1.3547,43.3301],[1.3632,43.3313],[1.3714,43.3369],[1.3771,43.3336],[1.3746,43.3157],[1.373,43.3101]]]}},{"type":"Feature","properties":{"code":"31579","nom":"Villariès","app":11.66,"app_bas":10.1,"app_haut":13.46,"app_ech":"maille","app_obs":11,"mai":10.86,"mai_bas":9.04,"mai_haut":13.04,"mai_ech":"maille","mai_obs":9},"geometry":{"type":"Polygon","coordinates":[[[1.4735,43.7513],[1.4817,43.7618],[1.4946,43.7691],[1.5016,43.7691],[1.5071,43.7552],[1.4992,43.7454],[1.5036,43.7404],[1.496,43.7324],[1.4874,43.7331],[1.4758,43.7432],[1.4735,43.7513]]]}},{"type":"Feature","properties":{"code":"31586","nom":"Villeneuve-Lécussan","app":8.34,"app_bas":6.74,"app_haut":10.33,"app_ech":"maille","app_obs":3,"mai":8.34,"mai_bas":6.46,"mai_haut":10.77,"mai_ech":"maille","mai_obs":21},"geometry":{"type":"Polygon","coordinates":[[[0.4978,43.118],[0.4787,43.1123],[0.4647,43.1113],[0.4529,43.1125],[0.4639,43.1178],[0.461,43.1227],[0.4423,43.1309],[0.4587,43.1392],[0.47,43.1413],[0.49,43.1489],[0.5039,43.1566],[0.526,43.1571],[0.5256,43.1505],[0.5035,43.1322],[0.4933,43.1274],[0.4978,43.118]]]}},{"type":"Feature","properties":{"code":"31184","nom":"Flourens","app":13.68,"app_bas":11.9,"app_haut":15.73,"app_ech":"maille","app_obs":43,"mai":12.01,"mai_bas":9.51,"mai_haut":15.18,"mai_ech":"maille","mai_obs":58},"geometry":{"type":"Polygon","coordinates":[[[1.5268,43.6076],[1.54,43.6083],[1.548,43.6135],[1.5687,43.6035],[1.5861,43.5982],[1.5839,43.5915],[1.5681,43.5818],[1.5563,43.5885],[1.5424,43.5902],[1.5258,43.5944],[1.5213,43.6045],[1.5268,43.6076]]]}},{"type":"Feature","properties":{"code":"31316","nom":"Marignac","app":9.21,"app_bas":7.37,"app_haut":11.5,"app_ech":"maille","app_obs":14,"mai":9.05,"mai_bas":6.5,"mai_haut":12.59,"mai_ech":"epci","mai_obs":7},"geometry":{"type":"Polygon","coordinates":[[[0.6668,42.926],[0.669,42.9169],[0.674,42.914],[0.6803,42.9022],[0.6786,42.8902],[0.6804,42.87],[0.6707,42.8594],[0.6599,42.861],[0.6579,42.8643],[0.6608,42.8752],[0.6584,42.888],[0.6525,42.8966],[0.6494,42.9143],[0.6517,42.9264],[0.6668,42.926]]]}},{"type":"Feature","properties":{"code":"31552","nom":"Terrebasse","app":9.64,"app_bas":7.88,"app_haut":11.79,"app_ech":"maille","app_obs":3,"mai":8.36,"mai_bas":6.39,"mai_haut":10.92,"mai_ech":"maille","mai_obs":0},"geometry":{"type":"Polygon","coordinates":[[[0.9984,43.2282],[0.9867,43.2296],[0.9805,43.2318],[0.9768,43.2254],[0.9656,43.2226],[0.9555,43.2294],[0.9488,43.2399],[0.9518,43.2498],[0.9641,43.2579],[0.9836,43.2467],[0.9942,43.2483],[0.9941,43.2405],[1.002,43.2338],[0.9984,43.2282]]]}},{"type":"Feature","properties":{"code":"31099","nom":"Caignac","app":9.97,"app_bas":8.14,"app_haut":12.22,"app_ech":"maille","app_obs":13,"mai":9.15,"mai_bas":7.12,"mai_haut":11.76,"mai_ech":"maille","mai_obs":12},"geometry":{"type":"Polygon","coordinates":[[[1.6772,43.3268],[1.6841,43.3336],[1.6932,43.3312],[1.7264,43.3327],[1.7282,43.3248],[1.7341,43.3231],[1.7358,43.3142],[1.7275,43.3136],[1.7149,43.309],[1.704,43.3028],[1.6928,43.3088],[1.6874,43.3196],[1.6772,43.3268]]]}},{"type":"Feature","properties":{"code":"31014","nom":"Arguenos","app":9.17,"app_bas":7.29,"app_haut":11.55,"app_ech":"maille","app_obs":1,"mai":8.58,"mai_bas":6.72,"mai_haut":10.97,"mai_ech":"maille","mai_obs":0},"geometry":{"type":"Polygon","coordinates":[[[0.7529,42.9361],[0.7044,42.9512],[0.6985,42.9519],[0.715,42.9738],[0.7238,42.9819],[0.7427,42.9747],[0.74,42.9624],[0.7347,42.955],[0.7364,42.9493],[0.7547,42.9463],[0.7583,42.9429],[0.754,42.9358],[0.7529,42.9361]]]}},{"type":"Feature","properties":{"code":"31366","nom":"Montbrun-Lauragais","app":12.01,"app_bas":10.22,"app_haut":14.11,"app_ech":"maille","app_obs":0,"mai":11.24,"mai_bas":9.4,"mai_haut":13.44,"mai_ech":"maille","mai_obs":4},"geometry":{"type":"Polygon","coordinates":[[[1.5189,43.4402],[1.5103,43.4391],[1.4938,43.4419],[1.504,43.4462],[1.5045,43.4498],[1.4932,43.4567],[1.507,43.4678],[1.5105,43.474],[1.5219,43.4688],[1.537,43.4712],[1.5412,43.4653],[1.5507,43.4632],[1.546,43.4607],[1.5412,43.451],[1.5352,43.4448],[1.529,43.445],[1.5189,43.4402]]]}},{"type":"Feature","properties":{"code":"31465","nom":"Saccourvielle","app":9.49,"app_bas":6.59,"app_haut":13.66,"app_ech":"maille","app_obs":0,"mai":8.34,"mai_bas":6.46,"mai_haut":10.77,"mai_ech":"maille","mai_obs":0},"geometry":{"type":"Polygon","coordinates":[[[0.5559,42.8202],[0.5623,42.8235],[0.5709,42.8343],[0.5781,42.8208],[0.5783,42.8127],[0.5767,42.8083],[0.5607,42.8073],[0.5559,42.8202]]]}},{"type":"Feature","properties":{"code":"31487","nom":"Saint-Ignan","app":9.31,"app_bas":7.58,"app_haut":11.43,"app_ech":"maille","app_obs":2,"mai":8.34,"mai_bas":6.46,"mai_haut":10.77,"mai_ech":"maille","mai_obs":11},"geometry":{"type":"Polygon","coordinates":[[[0.6938,43.1693],[0.7109,43.161],[0.7185,43.161],[0.7108,43.1537],[0.7016,43.1485],[0.6744,43.1514],[0.6532,43.1483],[0.6536,43.1517],[0.6812,43.1588],[0.6938,43.1693]]]}},{"type":"Feature","properties":{"code":"31543","nom":"Sénarens","app":9.49,"app_bas":7.65,"app_haut":11.79,"app_ech":"maille","app_obs":0,"mai":10.24,"mai_bas":8.13,"mai_haut":12.9,"mai_ech":"maille","mai_obs":1},"geometry":{"type":"Polygon","coordinates":[[[0.9538,43.3602],[0.9597,43.3723],[0.9665,43.3712],[0.9805,43.363],[0.9829,43.3554],[0.9953,43.344],[1.0021,43.3402],[0.9851,43.3346],[0.9754,43.3409],[0.9595,43.347],[0.9626,43.3576],[0.9538,43.3602]]]}},{"type":"Feature","properties":{"code":"31127","nom":"Caubous","app":9.49,"app_bas":6.59,"app_haut":13.66,"app_ech":"maille","app_obs":0,"mai":8.34,"mai_bas":6.46,"mai_haut":10.77,"mai_ech":"maille","mai_obs":0},"geometry":{"type":"Polygon","coordinates":[[[0.5229,42.8337],[0.5162,42.8325],[0.5045,42.8362],[0.5237,42.8548],[0.5255,42.8675],[0.5342,42.8613],[0.5353,42.8559],[0.5229,42.8337]]]}},{"type":"Feature","properties":{"code":"31182","nom":"Fenouillet","app":12.49,"app_bas":11.03,"app_haut":14.14,"app_ech":"commune","app_obs":623,"mai":11.22,"mai_bas":9.4,"mai_haut":13.4,"mai_ech":"commune","mai_obs":145},"geometry":{"type":"Polygon","coordinates":[[[1.3746,43.6769],[1.3678,43.6856],[1.3686,43.697],[1.3786,43.6945],[1.385,43.7017],[1.3954,43.7078],[1.4065,43.6844],[1.4119,43.6667],[1.3853,43.6674],[1.3844,43.6781],[1.3746,43.6769]]]}},{"type":"Feature","properties":{"code":"31261","nom":"Lafitte-Vigordane","app":10.29,"app_bas":8.35,"app_haut":12.69,"app_ech":"maille","app_obs":1,"mai":10.24,"mai_bas":8.13,"mai_haut":12.9,"mai_ech":"maille","mai_obs":42},"geometry":{"type":"Polygon","coordinates":[[[1.1403,43.309],[1.1484,43.3175],[1.1533,43.3193],[1.1648,43.3207],[1.1844,43.3118],[1.1869,43.3095],[1.1818,43.2934],[1.1665,43.2846],[1.1324,43.2995],[1.1333,43.3025],[1.1403,43.309]]]}},{"type":"Feature","properties":{"code":"31262","nom":"Lagarde","app":10.94,"app_bas":9.22,"app_haut":12.99,"app_ech":"maille","app_obs":9,"mai":9.4,"mai_bas":7.13,"mai_haut":12.4,"mai_ech":"maille","mai_obs":16},"geometry":{"type":"Polygon","coordinates":[[[1.7017,43.3619],[1.7137,43.3538],[1.7229,43.3415],[1.7286,43.3367],[1.7264,43.3327],[1.6932,43.3312],[1.6841,43.3336],[1.6684,43.3434],[1.6747,43.3451],[1.6707,43.3531],[1.6787,43.3624],[1.6949,43.3609],[1.7017,43.3619]]]}},{"type":"Feature","properties":{"code":"31334","nom":"Mauzac","app":10.58,"app_bas":8.87,"app_haut":12.63,"app_ech":"maille","app_obs":40,"mai":11.13,"mai_bas":8.81,"mai_haut":14.05,"mai_ech":"maille","mai_obs":30},"geometry":{"type":"Polygon","coordinates":[[[1.2938,43.3654],[1.285,43.3727],[1.2731,43.3777],[1.2767,43.386],[1.2844,43.3914],[1.2969,43.3853],[1.3275,43.3796],[1.3308,43.3717],[1.3296,43.3656],[1.3254,43.3636],[1.2938,43.3654]]]}},{"type":"Feature","properties":{"code":"31388","nom":"Montpitol","app":11.29,"app_bas":9.83,"app_haut":12.97,"app_ech":"maille","app_obs":10,"mai":11.01,"mai_bas":8.31,"mai_haut":14.59,"mai_ech":"maille","mai_obs":8},"geometry":{"type":"Polygon","coordinates":[[[1.661,43.7057],[1.6653,43.7015],[1.6636,43.6941],[1.6436,43.6943],[1.6324,43.6933],[1.6258,43.6999],[1.6308,43.7034],[1.6233,43.7177],[1.6259,43.7221],[1.6532,43.7083],[1.661,43.7057]]]}},{"type":"Feature","properties":{"code":"31471","nom":"Saint-Béat","app":9.21,"app_bas":7.37,"app_haut":11.5,"app_ech":"maille","app_obs":16,"mai":9.05,"mai_bas":6.5,"mai_haut":12.59,"mai_ech":"epci","mai_obs":19},"geometry":{"type":"Polygon","coordinates":[[[0.7041,42.9225],[0.6948,42.9115],[0.6998,42.9018],[0.6913,42.8923],[0.6896,42.8803],[0.6804,42.87],[0.6786,42.8902],[0.6803,42.9022],[0.674,42.914],[0.669,42.9169],[0.6668,42.926],[0.6671,42.9288],[0.6783,42.9236],[0.6899,42.9216],[0.7041,42.9225]]]}},{"type":"Feature","properties":{"code":"31526","nom":"Salvetat-Saint-Gilles","app":12.07,"app_bas":10.61,"app_haut":13.72,"app_ech":"commune","app_obs":499,"mai":10.73,"mai_bas":8.66,"mai_haut":13.3,"mai_ech":"commune","mai_obs":287},"geometry":{"type":"Polygon","coordinates":[[[1.2734,43.5873],[1.2884,43.5777],[1.2923,43.5721],[1.2715,43.5663],[1.2531,43.5693],[1.2375,43.5698],[1.2512,43.5818],[1.2734,43.5873]]]}},{"type":"Feature","properties":{"code":"31069","nom":"Blagnac","app":13.63,"app_bas":11.94,"app_haut":15.55,"app_ech":"commune","app_obs":7985,"mai":12.36,"mai_bas":9.66,"mai_haut":15.82,"mai_ech":"commune","mai_obs":885},"geometry":{"type":"Polygon","coordinates":[[[1.359,43.6626],[1.3596,43.6646],[1.3698,43.6567],[1.3783,43.6567],[1.4001,43.6665],[1.4059,43.661],[1.4067,43.6549],[1.4015,43.6492],[1.4037,43.6356],[1.4003,43.623],[1.3894,43.6152],[1.374,43.6194],[1.3762,43.6246],[1.3664,43.6251],[1.3472,43.6335],[1.3506,43.6389],[1.359,43.6626]]]}},{"type":"Feature","properties":{"code":"31243","nom":"Juzes","app":9.83,"app_bas":8.02,"app_haut":12.04,"app_ech":"maille","app_obs":2,"mai":8.63,"mai_bas":6.6,"mai_haut":11.3,"mai_ech":"maille","mai_obs":0},"geometry":{"type":"Polygon","coordinates":[[[1.8077,43.4347],[1.7928,43.4401],[1.7766,43.4477],[1.7753,43.4577],[1.804,43.4525],[1.8067,43.4441],[1.8125,43.4381],[1.8077,43.4347]]]}},{"type":"Feature","properties":{"code":"31319","nom":"Marliac","app":9.97,"app_bas":8.14,"app_haut":12.22,"app_ech":"maille","app_obs":0,"mai":9.79,"mai_bas":7.39,"mai_haut":12.95,"mai_ech":"maille","mai_obs":5},"geometry":{"type":"Polygon","coordinates":[[[1.504,43.2209],[1.4845,43.2262],[1.4779,43.2232],[1.4755,43.217],[1.4637,43.2106],[1.4521,43.2122],[1.4418,43.2159],[1.4583,43.2284],[1.4766,43.2333],[1.4874,43.231],[1.4924,43.2368],[1.5043,43.2328],[1.504,43.2209]]]}},{"type":"Feature","properties":{"code":"31387","nom":"Montoussin","app":9.64,"app_bas":7.88,"app_haut":11.79,"app_ech":"maille","app_obs":0,"mai":7.07,"mai_bas":5.38,"mai_haut":9.29,"mai_ech":"maille","mai_obs":4},"geometry":{"type":"Polygon","coordinates":[[[1.0049,43.2756],[0.9929,43.2846],[0.9935,43.2887],[1.0025,43.2931],[1.0038,43.2947],[1.0217,43.2897],[1.0197,43.2805],[1.0284,43.2659],[1.017,43.264],[1.0049,43.2756]]]}},{"type":"Feature","properties":{"code":"31431","nom":"Portet-d'Aspet","app":9.21,"app_bas":7.37,"app_haut":11.5,"app_ech":"maille","app_obs":0,"mai":8.58,"mai_bas":6.72,"mai_haut":10.97,"mai_ech":"maille","mai_obs":1},"geometry":{"type":"Polygon","coordinates":[[[0.8187,42.9507],[0.8383,42.9583],[0.8544,42.9561],[0.8749,42.9578],[0.8764,42.9494],[0.8854,42.9357],[0.876,42.9269],[0.8569,42.9255],[0.8407,42.9227],[0.8396,42.9295],[0.833,42.9328],[0.8352,42.9418],[0.8187,42.9507]]]}},{"type":"Feature","properties":{"code":"31478","nom":"Saint-Félix-Lauragais","app":9.83,"app_bas":8.02,"app_haut":12.04,"app_ech":"maille","app_obs":51,"mai":8.09,"mai_bas":6.23,"mai_haut":10.52,"mai_ech":"maille","mai_obs":57},"geometry":{"type":"Polygon","coordinates":[[[1.9146,43.4007],[1.9107,43.3974],[1.8956,43.3966],[1.9031,43.4065],[1.895,43.4186],[1.8833,43.4244],[1.8743,43.4323],[1.8718,43.4381],[1.8507,43.4452],[1.8535,43.4626],[1.8422,43.465],[1.8428,43.4722],[1.8527,43.4656],[1.8679,43.4799],[1.8604,43.4865],[1.8441,43.4935],[1.8374,43.5009],[1.8415,43.5126],[1.8588,43.5019],[1.8631,43.5041],[1.8693,43.5025],[1.8694,43.4925],[1.8877,43.4742],[1.9067,43.4717],[1.9169,43.4673],[1.9183,43.4627],[1.9312,43.4557],[1.9356,43.4557],[1.9595,43.4675],[1.9608,43.4698],[1.9641,43.4712],[1.9696,43.4682],[1.9746,43.4599],[1.9643,43.4449],[1.9469,43.4468],[1.9519,43.4343],[1.9582,43.4256],[1.9494,43.4196],[1.9295,43.4228],[1.919,43.4194],[1.9208,43.4131],[1.9101,43.4041],[1.9146,43.4007]]]}},{"type":"Feature","properties":{"code":"31094","nom":"Buzet-sur-Tarn","app":10.33,"app_bas":8.55,"app_haut":12.49,"app_ech":"commune","app_obs":130,"mai":10.55,"mai_bas":8.47,"mai_haut":13.14,"mai_ech":"commune","mai_obs":159},"geometry":{"type":"Polygon","coordinates":[[[1.6515,43.7759],[1.6557,43.7643],[1.6482,43.749],[1.6287,43.7454],[1.6085,43.7457],[1.5948,43.7424],[1.5863,43.7483],[1.5709,43.7533],[1.5643,43.7677],[1.5679,43.7814],[1.5746,43.7875],[1.5805,43.7842],[1.59,43.7708],[1.5974,43.7721],[1.6031,43.7816],[1.6255,43.8018],[1.6448,43.8003],[1.6453,43.7908],[1.6417,43.7856],[1.6425,43.7784],[1.6515,43.7759]]]}},{"type":"Feature","properties":{"code":"31005","nom":"Alan","app":9.49,"app_bas":7.65,"app_haut":11.79,"app_ech":"maille","app_obs":1,"mai":7.07,"mai_bas":5.38,"mai_haut":9.29,"mai_ech":"maille","mai_obs":4},"geometry":{"type":"Polygon","coordinates":[[[0.9351,43.2039],[0.9213,43.1927],[0.9156,43.1917],[0.9147,43.199],[0.905,43.2081],[0.9057,43.2163],[0.9113,43.2252],[0.9231,43.2299],[0.9196,43.2361],[0.9245,43.2393],[0.9313,43.2407],[0.9488,43.2399],[0.9555,43.2294],[0.9426,43.2247],[0.934,43.2107],[0.9351,43.2039]]]}},{"type":"Feature","properties":{"code":"31273","nom":"Lapeyrouse-Fossat","app":13.55,"app_bas":11.87,"app_haut":15.45,"app_ech":"maille","app_obs":21,"mai":11.39,"mai_bas":8.94,"mai_haut":14.53,"mai_ech":"commune","mai_obs":121},"geometry":{"type":"Polygon","coordinates":[[[1.4899,43.7074],[1.5128,43.7247],[1.5266,43.7152],[1.5203,43.7001],[1.5302,43.6915],[1.5223,43.6822],[1.515,43.6838],[1.498,43.6831],[1.4976,43.6944],[1.4899,43.7074]]]}},{"type":"Feature","properties":{"code":"31331","nom":"Maureville","app":11.75,"app_bas":10.6,"app_haut":13.02,"app_ech":"maille","app_obs":1,"mai":9.3,"mai_bas":7.26,"mai_haut":11.92,"mai_ech":"maille","mai_obs":1},"geometry":{"type":"Polygon","coordinates":[[[1.7057,43.5515],[1.7189,43.5435],[1.7363,43.5354],[1.7419,43.5299],[1.7366,43.5234],[1.7277,43.521],[1.7246,43.5157],[1.7166,43.517],[1.7101,43.5119],[1.7021,43.516],[1.6873,43.5211],[1.7046,43.5421],[1.7057,43.5515]]]}},{"type":"Feature","properties":{"code":"31381","nom":"Montgiscard","app":11.68,"app_bas":10,"app_haut":13.65,"app_ech":"maille","app_obs":91,"mai":13.02,"mai_bas":9.79,"mai_haut":17.32,"mai_ech":"maille","mai_obs":88},"geometry":{"type":"Polygon","coordinates":[[[1.5977,43.474],[1.5982,43.4677],[1.5943,43.4591],[1.6036,43.4563],[1.5913,43.4552],[1.579,43.439],[1.5776,43.429],[1.5712,43.4251],[1.5639,43.4267],[1.5725,43.4345],[1.5634,43.4454],[1.5509,43.4479],[1.5383,43.4431],[1.5352,43.4448],[1.5412,43.451],[1.546,43.4607],[1.5507,43.4632],[1.5561,43.4703],[1.5649,43.4763],[1.5698,43.471],[1.5772,43.4701],[1.5977,43.474]]]}},{"type":"Feature","properties":{"code":"31048","nom":"Baziège","app":12.27,"app_bas":10.48,"app_haut":14.35,"app_ech":"commune","app_obs":152,"mai":9.82,"mai_bas":7.66,"mai_haut":12.6,"mai_ech":"commune","mai_obs":186},"geometry":{"type":"Polygon","coordinates":[[[1.5977,43.474],[1.6094,43.488],[1.6419,43.4785],[1.6543,43.4671],[1.6585,43.4675],[1.6673,43.4617],[1.6593,43.4517],[1.6479,43.4412],[1.6381,43.442],[1.6294,43.4384],[1.609,43.4473],[1.6036,43.4563],[1.5943,43.4591],[1.5982,43.4677],[1.5977,43.474]]]}},{"type":"Feature","properties":{"code":"31207","nom":"Galié","app":9.49,"app_bas":6.59,"app_haut":13.66,"app_ech":"maille","app_obs":2,"mai":9.99,"mai_bas":7.67,"mai_haut":13.01,"mai_ech":"maille","mai_obs":9},"geometry":{"type":"Polygon","coordinates":[[[0.644,43.0021],[0.6395,42.9945],[0.6414,42.9835],[0.6355,42.9765],[0.6244,42.9908],[0.625,43.0023],[0.6396,43.0072],[0.644,43.0021]]]}},{"type":"Feature","properties":{"code":"31279","nom":"Latour","app":11.21,"app_bas":9,"app_haut":13.97,"app_ech":"maille","app_obs":0,"mai":9.79,"mai_bas":7.39,"mai_haut":12.95,"mai_ech":"maille","mai_obs":0},"geometry":{"type":"Polygon","coordinates":[[[1.2779,43.2149],[1.2914,43.2135],[1.2941,43.2043],[1.3057,43.1949],[1.2963,43.1893],[1.2741,43.1962],[1.2663,43.1915],[1.2662,43.2126],[1.2779,43.2149]]]}},{"type":"Feature","properties":{"code":"31330","nom":"Mauressac","app":10.58,"app_bas":8.87,"app_haut":12.63,"app_ech":"maille","app_obs":3,"mai":9.5,"mai_bas":7.39,"mai_haut":12.22,"mai_ech":"maille","mai_obs":23},"geometry":{"type":"Polygon","coordinates":[[[1.4293,43.3069],[1.4149,43.3186],[1.4229,43.3249],[1.4395,43.3294],[1.4517,43.3373],[1.4531,43.3315],[1.4426,43.3164],[1.4293,43.3069]]]}},{"type":"Feature","properties":{"code":"31363","nom":"Montbernard","app":8.71,"app_bas":7.21,"app_haut":10.52,"app_ech":"maille","app_obs":2,"mai":7.07,"mai_bas":5.38,"mai_haut":9.29,"mai_ech":"maille","mai_obs":9},"geometry":{"type":"Polygon","coordinates":[[[0.7312,43.2985],[0.7311,43.3034],[0.7296,43.3094],[0.7427,43.3221],[0.75,43.3262],[0.7634,43.3208],[0.7801,43.3168],[0.7883,43.3138],[0.8092,43.3097],[0.7907,43.2859],[0.7931,43.2808],[0.7845,43.2801],[0.7591,43.2912],[0.7312,43.2985]]]}},{"type":"Feature","properties":{"code":"31394","nom":"Moustajon","app":9.49,"app_bas":6.59,"app_haut":13.66,"app_ech":"maille","app_obs":5,"mai":9.05,"mai_bas":6.5,"mai_haut":12.59,"mai_ech":"epci","mai_obs":1},"geometry":{"type":"Polygon","coordinates":[[[0.5781,42.8208],[0.5986,42.8181],[0.6046,42.8195],[0.6026,42.8068],[0.5783,42.8127],[0.5781,42.8208]]]}},{"type":"Feature","properties":{"code":"31475","nom":"Saint-Clar-de-Rivière","app":10.03,"app_bas":8.72,"app_haut":11.53,"app_ech":"maille","app_obs":78,"mai":8.78,"mai_bas":7.01,"mai_haut":11,"mai_ech":"maille","mai_obs":59},"geometry":{"type":"Polygon","coordinates":[[[1.1956,43.4886],[1.2144,43.4918],[1.2283,43.4969],[1.2271,43.4804],[1.2228,43.4688],[1.223,43.4601],[1.208,43.4594],[1.1941,43.452],[1.1903,43.4549],[1.1967,43.4715],[1.1869,43.4752],[1.1909,43.483],[1.1956,43.4886]]]}},{"type":"Feature","properties":{"code":"31494","nom":"Saint-Laurent","app":9.49,"app_bas":7.65,"app_haut":11.79,"app_ech":"maille","app_obs":1,"mai":7.07,"mai_bas":5.38,"mai_haut":9.29,"mai_ech":"maille","mai_obs":5},"geometry":{"type":"Polygon","coordinates":[[[0.7879,43.3404],[0.7959,43.3403],[0.8149,43.3354],[0.8221,43.3217],[0.8092,43.3097],[0.7883,43.3138],[0.7801,43.3168],[0.7863,43.3243],[0.7776,43.3308],[0.7879,43.3404]]]}},{"type":"Feature","properties":{"code":"31057","nom":"Belberaud","app":13.4,"app_bas":11.49,"app_haut":15.62,"app_ech":"commune","app_obs":118,"mai":12.01,"mai_bas":9.51,"mai_haut":15.18,"mai_ech":"maille","mai_obs":62},"geometry":{"type":"Polygon","coordinates":[[[1.599,43.5044],[1.5965,43.4968],[1.5896,43.4951],[1.5623,43.4973],[1.55,43.4894],[1.5426,43.5062],[1.5522,43.5078],[1.5701,43.5146],[1.5737,43.5196],[1.5831,43.5111],[1.599,43.5044]]]}},{"type":"Feature","properties":{"code":"31009","nom":"Antichan-de-Frontignes","app":9.31,"app_bas":7.58,"app_haut":11.43,"app_ech":"maille","app_obs":0,"mai":9.05,"mai_bas":6.5,"mai_haut":12.59,"mai_ech":"epci","mai_obs":3},"geometry":{"type":"Polygon","coordinates":[[[0.659,42.9754],[0.6594,42.9779],[0.6658,42.9812],[0.6844,42.9788],[0.6906,42.9671],[0.6903,42.9542],[0.663,42.9689],[0.659,42.9754]]]}},{"type":"Feature","properties":{"code":"31280","nom":"Latrape","app":10.29,"app_bas":8.35,"app_haut":12.69,"app_ech":"maille","app_obs":3,"mai":9.79,"mai_bas":7.39,"mai_haut":12.95,"mai_ech":"maille","mai_obs":18},"geometry":{"type":"Polygon","coordinates":[[[1.3174,43.231],[1.3179,43.2293],[1.2947,43.223],[1.2862,43.2336],[1.2747,43.2349],[1.2536,43.2484],[1.2617,43.2535],[1.262,43.2721],[1.2747,43.27],[1.2806,43.2723],[1.2869,43.2668],[1.2941,43.2649],[1.2971,43.2624],[1.3083,43.2645],[1.3194,43.2619],[1.3307,43.2626],[1.3321,43.2572],[1.3184,43.2511],[1.3154,43.2461],[1.3174,43.231]]]}},{"type":"Feature","properties":{"code":"31415","nom":"Peyrouzet","app":9.17,"app_bas":7.29,"app_haut":11.55,"app_ech":"maille","app_obs":4,"mai":7.07,"mai_bas":5.38,"mai_haut":9.29,"mai_ech":"maille","mai_obs":1},"geometry":{"type":"Polygon","coordinates":[[[0.8261,43.224],[0.839,43.2144],[0.8538,43.2069],[0.8413,43.2039],[0.8428,43.1943],[0.8234,43.1974],[0.8186,43.2061],[0.8207,43.2191],[0.8261,43.224]]]}},{"type":"Feature","properties":{"code":"31451","nom":"Revel","app":8.96,"app_bas":6.98,"app_haut":11.51,"app_ech":"commune","app_obs":1339,"mai":11.55,"mai_bas":8.01,"mai_haut":16.66,"mai_ech":"commune","mai_obs":547},"geometry":{"type":"Polygon","coordinates":[[[1.9517,43.4863],[1.9525,43.4904],[1.9561,43.4941],[1.9757,43.4868],[1.9833,43.4816],[1.996,43.4805],[2.0126,43.4842],[2.0151,43.5044],[2.0124,43.5072],[2.0296,43.5058],[2.0331,43.4996],[2.0436,43.5112],[2.0481,43.4983],[2.0483,43.4857],[2.0408,43.4775],[2.0263,43.4764],[2.0181,43.4703],[2.0196,43.4592],[2.0148,43.4511],[2.0267,43.4423],[2.0291,43.4369],[2.0022,43.435],[1.9821,43.4349],[1.9638,43.4227],[1.9582,43.4256],[1.9519,43.4343],[1.9469,43.4468],[1.9643,43.4449],[1.9746,43.4599],[1.9696,43.4682],[1.9641,43.4712],[1.9517,43.4863]]]}},{"type":"Feature","properties":{"code":"31479","nom":"Saint-Ferréol-de-Comminges","app":8.71,"app_bas":7.21,"app_haut":10.52,"app_ech":"maille","app_obs":2,"mai":9,"mai_bas":6.61,"mai_haut":12.26,"mai_ech":"maille","mai_obs":0},"geometry":{"type":"Polygon","coordinates":[[[0.7421,43.3482],[0.7528,43.3428],[0.7552,43.3343],[0.75,43.3262],[0.7301,43.328],[0.7206,43.3325],[0.7212,43.339],[0.7164,43.3458],[0.7254,43.3536],[0.7357,43.3442],[0.7421,43.3482]]]}},{"type":"Feature","properties":{"code":"31501","nom":"Saint-Marcel-Paulel","app":11.29,"app_bas":9.83,"app_haut":12.97,"app_ech":"maille","app_obs":0,"mai":11.01,"mai_bas":8.31,"mai_haut":14.59,"mai_ech":"maille","mai_obs":15},"geometry":{"type":"Polygon","coordinates":[[[1.6281,43.6615],[1.6336,43.6517],[1.6395,43.6478],[1.6275,43.6454],[1.6214,43.6401],[1.6112,43.6446],[1.5907,43.6633],[1.6036,43.6719],[1.6205,43.6683],[1.6281,43.6615]]]}},{"type":"Feature","properties":{"code":"31532","nom":"Sarremezan","app":8.93,"app_bas":7.12,"app_haut":11.22,"app_ech":"maille","app_obs":1,"mai":8.34,"mai_bas":6.46,"mai_haut":10.77,"mai_ech":"maille","mai_obs":4},"geometry":{"type":"Polygon","coordinates":[[[0.6485,43.2227],[0.6685,43.2149],[0.6776,43.2174],[0.6913,43.216],[0.6732,43.2077],[0.6429,43.1996],[0.65,43.2091],[0.6471,43.2136],[0.6485,43.2227]]]}},{"type":"Feature","properties":{"code":"31587","nom":"Villeneuve-lès-Bouloc","app":10.79,"app_bas":9.08,"app_haut":12.82,"app_ech":"maille","app_obs":33,"mai":9.93,"mai_bas":7.98,"mai_haut":12.35,"mai_ech":"maille","mai_obs":31},"geometry":{"type":"Polygon","coordinates":[[[1.4602,43.8082],[1.4677,43.8045],[1.4568,43.7982],[1.4497,43.7883],[1.456,43.7763],[1.4307,43.7619],[1.4265,43.7548],[1.4096,43.7606],[1.4027,43.7566],[1.3951,43.7575],[1.3832,43.7628],[1.3722,43.7642],[1.3814,43.7718],[1.4062,43.772],[1.4246,43.7778],[1.4376,43.7861],[1.4478,43.7995],[1.4587,43.8084],[1.4602,43.8082]]]}},{"type":"Feature","properties":{"code":"31592","nom":"Larra","app":10.89,"app_bas":9.12,"app_haut":13.02,"app_ech":"maille","app_obs":31,"mai":9.32,"mai_bas":7.05,"mai_haut":12.32,"mai_ech":"maille","mai_obs":44},"geometry":{"type":"Polygon","coordinates":[[[1.1859,43.7274],[1.1843,43.7324],[1.2034,43.7353],[1.2169,43.7488],[1.207,43.7548],[1.2249,43.7608],[1.2324,43.7617],[1.235,43.7517],[1.2432,43.7451],[1.2572,43.7421],[1.2608,43.7378],[1.2542,43.7325],[1.2395,43.7274],[1.2411,43.7207],[1.2404,43.7092],[1.2061,43.7169],[1.1953,43.7256],[1.1859,43.7274]]]}},{"type":"Feature","properties":{"code":"31089","nom":"Bretx","app":12.2,"app_bas":10.81,"app_haut":13.77,"app_ech":"maille","app_obs":1,"mai":11.27,"mai_bas":9.24,"mai_haut":13.75,"mai_ech":"maille","mai_obs":24},"geometry":{"type":"Polygon","coordinates":[[[1.199,43.6857],[1.191,43.6906],[1.18,43.6888],[1.1781,43.6962],[1.1818,43.7096],[1.1881,43.7198],[1.1859,43.7274],[1.1953,43.7256],[1.2061,43.7169],[1.2171,43.7144],[1.2115,43.6971],[1.2024,43.6918],[1.199,43.6857]]]}},{"type":"Feature","properties":{"code":"31212","nom":"Garidech","app":11.94,"app_bas":9.6,"app_haut":14.85,"app_ech":"maille","app_obs":66,"mai":11.91,"mai_bas":9.46,"mai_haut":14.99,"mai_ech":"commune","mai_obs":144},"geometry":{"type":"Polygon","coordinates":[[[1.5503,43.7293],[1.5643,43.7169],[1.5704,43.7087],[1.5652,43.6949],[1.5525,43.6996],[1.5303,43.716],[1.5304,43.7202],[1.5415,43.7278],[1.5503,43.7293]]]}},{"type":"Feature","properties":{"code":"31233","nom":"Grépiac","app":12.15,"app_bas":10.56,"app_haut":13.99,"app_ech":"maille","app_obs":4,"mai":9.4,"mai_bas":7.13,"mai_haut":12.4,"mai_ech":"maille","mai_obs":35},"geometry":{"type":"Polygon","coordinates":[[[1.4405,43.4065],[1.4336,43.4123],[1.4338,43.4175],[1.4396,43.4234],[1.4433,43.4208],[1.4552,43.423],[1.4708,43.4203],[1.477,43.4147],[1.4636,43.4102],[1.4597,43.4006],[1.4653,43.3976],[1.4624,43.3884],[1.4519,43.3904],[1.4362,43.3963],[1.4338,43.4024],[1.4405,43.4065]]]}},{"type":"Feature","properties":{"code":"31276","nom":"Larroque","app":8.93,"app_bas":7.12,"app_haut":11.22,"app_ech":"maille","app_obs":1,"mai":8.34,"mai_bas":6.46,"mai_haut":10.77,"mai_ech":"maille","mai_obs":7},"geometry":{"type":"Polygon","coordinates":[[[0.5726,43.1927],[0.5888,43.2089],[0.6026,43.2105],[0.611,43.2136],[0.6083,43.2189],[0.6075,43.2254],[0.6147,43.2221],[0.6206,43.2135],[0.6279,43.2092],[0.6471,43.2136],[0.65,43.2091],[0.6429,43.1996],[0.6431,43.1924],[0.6321,43.184],[0.6329,43.1755],[0.6111,43.1679],[0.6019,43.1783],[0.5768,43.189],[0.5726,43.1927]]]}},{"type":"Feature","properties":{"code":"31481","nom":"Sainte-Foy-de-Peyrolières","app":10.82,"app_bas":8.92,"app_haut":13.12,"app_ech":"commune","app_obs":103,"mai":8.78,"mai_bas":7.01,"mai_haut":11,"mai_ech":"maille","mai_obs":31},"geometry":{"type":"Polygon","coordinates":[[[1.1344,43.4549],[1.1275,43.4622],[1.1058,43.4669],[1.0966,43.4662],[1.0822,43.4744],[1.0779,43.482],[1.1025,43.4808],[1.0987,43.4865],[1.0879,43.4951],[1.0977,43.5011],[1.1132,43.5007],[1.1163,43.5102],[1.1332,43.5102],[1.1685,43.5069],[1.1702,43.4974],[1.184,43.4937],[1.1956,43.4886],[1.1909,43.483],[1.1772,43.4812],[1.1666,43.472],[1.1602,43.4517],[1.162,43.4444],[1.1561,43.4405],[1.1363,43.4434],[1.1344,43.4549]]]}},{"type":"Feature","properties":{"code":"31577","nom":"Vignaux","app":10.89,"app_bas":9.12,"app_haut":13.02,"app_ech":"maille","app_obs":0,"mai":9.32,"mai_bas":7.05,"mai_haut":12.32,"mai_ech":"maille","mai_obs":4},"geometry":{"type":"Polygon","coordinates":[[[1.0657,43.7002],[1.0774,43.6994],[1.0764,43.6793],[1.0777,43.6759],[1.0513,43.6786],[1.0519,43.6827],[1.0631,43.7],[1.0657,43.7002]]]}},{"type":"Feature","properties":{"code":"31054","nom":"Beauteville","app":12.01,"app_bas":10.22,"app_haut":14.11,"app_ech":"maille","app_obs":3,"mai":9.4,"mai_bas":7.13,"mai_haut":12.4,"mai_ech":"maille","mai_obs":7},"geometry":{"type":"Polygon","coordinates":[[[1.7492,43.3495],[1.7477,43.3437],[1.7349,43.337],[1.7229,43.3415],[1.7168,43.3495],[1.7301,43.363],[1.7412,43.3567],[1.7492,43.3495]]]}},{"type":"Feature","properties":{"code":"31107","nom":"Carbonne","app":10.26,"app_bas":8.49,"app_haut":12.39,"app_ech":"commune","app_obs":425,"mai":10.16,"mai_bas":7.66,"mai_haut":13.48,"mai_ech":"commune","mai_obs":276},"geometry":{"type":"Polygon","coordinates":[[[1.2038,43.3326],[1.2197,43.3416],[1.2306,43.343],[1.2322,43.3394],[1.2322,43.3365],[1.2283,43.3138],[1.2434,43.2916],[1.2479,43.2874],[1.26,43.2857],[1.2661,43.2777],[1.2806,43.2723],[1.2747,43.27],[1.262,43.2721],[1.236,43.2789],[1.2238,43.2805],[1.2107,43.2747],[1.1999,43.2753],[1.187,43.2812],[1.189,43.2869],[1.1818,43.2934],[1.1869,43.3095],[1.1844,43.3118],[1.1921,43.3159],[1.2079,43.3305],[1.2038,43.3326]]]}},{"type":"Feature","properties":{"code":"31216","nom":"Gémil","app":11.94,"app_bas":9.6,"app_haut":14.85,"app_ech":"maille","app_obs":3,"mai":11.7,"mai_bas":9.29,"mai_haut":14.75,"mai_ech":"maille","mai_obs":10},"geometry":{"type":"Polygon","coordinates":[[[1.6085,43.7457],[1.6133,43.7365],[1.608,43.7367],[1.5952,43.7322],[1.5837,43.7343],[1.5823,43.7408],[1.5863,43.7483],[1.5948,43.7424],[1.6085,43.7457]]]}},{"type":"Feature","properties":{"code":"31284","nom":"Lauzerville","app":13.02,"app_bas":11.65,"app_haut":14.55,"app_ech":"maille","app_obs":10,"mai":13.88,"mai_bas":10.64,"mai_haut":18.12,"mai_ech":"maille","mai_obs":19},"geometry":{"type":"Polygon","coordinates":[[[1.5659,43.5671],[1.5776,43.5643],[1.5828,43.5582],[1.574,43.5496],[1.5573,43.5519],[1.5485,43.5569],[1.5603,43.5674],[1.5659,43.5671]]]}},{"type":"Feature","properties":{"code":"31456","nom":"Riolas","app":9.31,"app_bas":7.65,"app_haut":11.33,"app_ech":"maille","app_obs":0,"mai":10.24,"mai_bas":8.13,"mai_haut":12.9,"mai_ech":"maille","mai_obs":0},"geometry":{"type":"Polygon","coordinates":[[[0.9155,43.3393],[0.9078,43.3445],[0.9112,43.3567],[0.9163,43.3597],[0.9282,43.3584],[0.9324,43.3559],[0.9272,43.3457],[0.9201,43.3448],[0.9155,43.3393]]]}},{"type":"Feature","properties":{"code":"31484","nom":"Saint-Geniès-Bellevue","app":13.11,"app_bas":11.49,"app_haut":14.95,"app_ech":"commune","app_obs":196,"mai":12.18,"mai_bas":9.56,"mai_haut":15.51,"mai_ech":"maille","mai_obs":75},"geometry":{"type":"Polygon","coordinates":[[[1.4875,43.6804],[1.4839,43.6809],[1.4767,43.6698],[1.4735,43.6673],[1.473,43.6779],[1.4616,43.6842],[1.467,43.6915],[1.4821,43.6903],[1.4976,43.6944],[1.498,43.6831],[1.4875,43.6804]]]}},{"type":"Feature","properties":{"code":"31178","nom":"Fabas","app":8.71,"app_bas":7.21,"app_haut":10.52,"app_ech":"maille","app_obs":0,"mai":7.07,"mai_bas":5.38,"mai_haut":9.29,"mai_ech":"maille","mai_obs":3},"geometry":{"type":"Polygon","coordinates":[[[0.8454,43.303],[0.8505,43.3075],[0.86,43.3119],[0.8634,43.3203],[0.8772,43.3214],[0.8865,43.3273],[0.8841,43.3312],[0.8943,43.3328],[0.9084,43.3315],[0.9128,43.3262],[0.9294,43.3199],[0.9383,43.3101],[0.9255,43.3027],[0.9104,43.3066],[0.897,43.2953],[0.8885,43.2922],[0.8753,43.2956],[0.8649,43.3009],[0.8539,43.2949],[0.8454,43.303]]]}},{"type":"Feature","properties":{"code":"31324","nom":"Martres-Tolosane","app":9.7,"app_bas":7.81,"app_haut":12.05,"app_ech":"commune","app_obs":181,"mai":8.52,"mai_bas":6.51,"mai_haut":11.13,"mai_ech":"commune","mai_obs":101},"geometry":{"type":"Polygon","coordinates":[[[0.9399,43.2008],[0.9572,43.1931],[0.9647,43.1935],[0.9657,43.199],[0.9748,43.2042],[0.9857,43.205],[0.9842,43.2149],[0.9909,43.2229],[0.9867,43.2296],[0.9984,43.2282],[1.0007,43.221],[1.0082,43.2197],[1.0184,43.2223],[1.0239,43.2208],[1.0388,43.2213],[1.0478,43.2117],[1.0414,43.1955],[1.0056,43.1866],[0.9918,43.182],[0.977,43.179],[0.9693,43.1828],[0.9458,43.1889],[0.9399,43.2008]]]}},{"type":"Feature","properties":{"code":"31341","nom":"Merville","app":11.65,"app_bas":10.18,"app_haut":13.33,"app_ech":"commune","app_obs":308,"mai":11.45,"mai_bas":8.96,"mai_haut":14.63,"mai_ech":"commune","mai_obs":250},"geometry":{"type":"Polygon","coordinates":[[[1.3121,43.7498],[1.3129,43.7435],[1.337,43.7274],[1.3436,43.7218],[1.3425,43.7151],[1.3465,43.7114],[1.3432,43.7073],[1.3239,43.7027],[1.2967,43.6945],[1.2558,43.7172],[1.249,43.7195],[1.2411,43.7207],[1.2395,43.7274],[1.2542,43.7325],[1.2608,43.7378],[1.2768,43.7446],[1.2965,43.7456],[1.3121,43.7498]]]}},{"type":"Feature","properties":{"code":"31045","nom":"Barbazan","app":9.31,"app_bas":7.58,"app_haut":11.43,"app_ech":"maille","app_obs":29,"mai":8.58,"mai_bas":6.72,"mai_haut":10.97,"mai_ech":"maille","mai_obs":29},"geometry":{"type":"Polygon","coordinates":[[[0.6081,43.034],[0.6062,43.0511],[0.6248,43.0439],[0.6349,43.0455],[0.6374,43.0283],[0.6366,43.0177],[0.6279,43.0232],[0.6157,43.0215],[0.6081,43.034]]]}},{"type":"Feature","properties":{"code":"31121","nom":"Castéra-Vignoles","app":8.71,"app_bas":7.21,"app_haut":10.52,"app_ech":"maille","app_obs":0,"mai":7.07,"mai_bas":5.38,"mai_haut":9.29,"mai_ech":"maille","mai_obs":3},"geometry":{"type":"Polygon","coordinates":[[[0.7931,43.2808],[0.7998,43.276],[0.8002,43.2704],[0.7895,43.2635],[0.78,43.2707],[0.7625,43.2795],[0.7612,43.2857],[0.7667,43.288],[0.7845,43.2801],[0.7931,43.2808]]]}},{"type":"Feature","properties":{"code":"31003","nom":"Aigrefeuille","app":13.02,"app_bas":11.65,"app_haut":14.55,"app_ech":"maille","app_obs":14,"mai":13.88,"mai_bas":10.64,"mai_haut":18.12,"mai_ech":"maille","mai_obs":18},"geometry":{"type":"Polygon","coordinates":[[[1.5695,43.5757],[1.5847,43.5811],[1.5913,43.5798],[1.6002,43.5733],[1.5995,43.5685],[1.5952,43.5619],[1.5828,43.5582],[1.5776,43.5643],[1.5659,43.5671],[1.5695,43.5757]]]}},{"type":"Feature","properties":{"code":"31149","nom":"Colomiers","app":13.1,"app_bas":11.45,"app_haut":14.98,"app_ech":"commune","app_obs":8504,"mai":12.15,"mai_bas":9.68,"mai_haut":15.23,"mai_ech":"commune","mai_obs":1355},"geometry":{"type":"Polygon","coordinates":[[[1.3664,43.6251],[1.3604,43.6219],[1.3517,43.6067],[1.3627,43.5979],[1.3619,43.5915],[1.3471,43.5913],[1.3389,43.5945],[1.3049,43.5947],[1.2841,43.5992],[1.2973,43.6125],[1.2997,43.6258],[1.308,43.6325],[1.3255,43.6277],[1.3472,43.6335],[1.3664,43.6251]]]}},{"type":"Feature","properties":{"code":"31224","nom":"Gourdan-Polignan","app":8.43,"app_bas":6.69,"app_haut":10.63,"app_ech":"commune","app_obs":205,"mai":9.05,"mai_bas":6.5,"mai_haut":12.59,"mai_ech":"epci","mai_obs":51},"geometry":{"type":"Polygon","coordinates":[[[0.5808,43.0796],[0.589,43.078],[0.5886,43.0672],[0.5959,43.0616],[0.5906,43.0595],[0.5759,43.0585],[0.5589,43.0629],[0.5617,43.0724],[0.5639,43.0742],[0.5687,43.0776],[0.5808,43.0796]]]}},{"type":"Feature","properties":{"code":"31336","nom":"Mazères-sur-Salat","app":9.17,"app_bas":7.29,"app_haut":11.55,"app_ech":"maille","app_obs":6,"mai":8.36,"mai_bas":6.39,"mai_haut":10.92,"mai_ech":"maille","mai_obs":23},"geometry":{"type":"Polygon","coordinates":[[[0.9414,43.1258],[0.9551,43.1345],[0.959,43.144],[0.9667,43.1511],[0.9755,43.154],[0.9786,43.1487],[0.979,43.1389],[0.9661,43.1136],[0.958,43.1149],[0.9414,43.1258]]]}},{"type":"Feature","properties":{"code":"31367","nom":"Montclar-de-Comminges","app":8.71,"app_bas":7.21,"app_haut":10.52,"app_ech":"maille","app_obs":3,"mai":8.36,"mai_bas":6.39,"mai_haut":10.92,"mai_ech":"maille","mai_obs":0},"geometry":{"type":"Polygon","coordinates":[[[1.0445,43.161],[1.0373,43.1617],[1.0237,43.1678],[1.0226,43.1599],[1.0146,43.1591],[1.0057,43.1756],[1.012,43.1804],[1.0459,43.1778],[1.0598,43.1714],[1.0501,43.1702],[1.0429,43.1645],[1.0445,43.161]]]}},{"type":"Feature","properties":{"code":"31419","nom":"Pin-Murelet","app":10.03,"app_bas":8.72,"app_haut":11.53,"app_ech":"maille","app_obs":0,"mai":8.78,"mai_bas":7.01,"mai_haut":11,"mai_ech":"maille","mai_obs":1},"geometry":{"type":"Polygon","coordinates":[[[1.005,43.38],[1.0005,43.3865],[1.0005,43.3947],[0.9939,43.4073],[1.0064,43.4134],[1.0228,43.4117],[1.0383,43.4072],[1.0416,43.4082],[1.0456,43.4061],[1.0507,43.4014],[1.0426,43.3905],[1.0394,43.3795],[1.0309,43.3799],[1.0183,43.3863],[1.005,43.38]]]}},{"type":"Feature","properties":{"code":"31430","nom":"Ponlat-Taillebourg","app":10.01,"app_bas":8.05,"app_haut":12.46,"app_ech":"maille","app_obs":4,"mai":9.99,"mai_bas":7.67,"mai_haut":13.01,"mai_ech":"maille","mai_obs":12},"geometry":{"type":"Polygon","coordinates":[[[0.6014,43.1279],[0.6009,43.1259],[0.6148,43.1072],[0.621,43.0908],[0.6016,43.0973],[0.5883,43.1053],[0.5776,43.1128],[0.5674,43.1266],[0.5869,43.1305],[0.5938,43.1265],[0.6014,43.1279]]]}},{"type":"Feature","properties":{"code":"31459","nom":"Roquesérière","app":11.94,"app_bas":9.6,"app_haut":14.85,"app_ech":"maille","app_obs":2,"mai":10.59,"mai_bas":8.5,"mai_haut":13.19,"mai_ech":"maille","mai_obs":28},"geometry":{"type":"Polygon","coordinates":[[[1.6597,43.7422],[1.6576,43.7358],[1.647,43.7219],[1.6543,43.7116],[1.6532,43.7083],[1.6259,43.7221],[1.6147,43.7323],[1.6085,43.7457],[1.6287,43.7454],[1.6482,43.749],[1.6501,43.7516],[1.6566,43.7492],[1.6597,43.7422]]]}},{"type":"Feature","properties":{"code":"31537","nom":"Savarthès","app":9.31,"app_bas":7.58,"app_haut":11.43,"app_ech":"maille","app_obs":0,"mai":9.99,"mai_bas":7.67,"mai_haut":13.01,"mai_ech":"maille","mai_obs":13},"geometry":{"type":"Polygon","coordinates":[[[0.8011,43.1347],[0.8141,43.127],[0.8157,43.1238],[0.8096,43.1129],[0.7939,43.1128],[0.7925,43.124],[0.8011,43.1347]]]}},{"type":"Feature","properties":{"code":"31140","nom":"Chein-Dessus","app":9.21,"app_bas":7.37,"app_haut":11.5,"app_ech":"maille","app_obs":0,"mai":8.58,"mai_bas":6.72,"mai_haut":10.97,"mai_ech":"maille","mai_obs":2},"geometry":{"type":"Polygon","coordinates":[[[0.8707,43.0246],[0.9023,43.0156],[0.9051,43.0078],[0.8976,42.9982],[0.8877,42.9937],[0.8773,42.9925],[0.8507,42.9822],[0.8498,42.9886],[0.8515,42.9978],[0.8568,43.0121],[0.8615,43.0193],[0.8707,43.0246]]]}},{"type":"Feature","properties":{"code":"31169","nom":"Escalquens","app":13.12,"app_bas":11.84,"app_haut":14.53,"app_ech":"commune","app_obs":890,"mai":11.97,"mai_bas":9.48,"mai_haut":15.11,"mai_ech":"commune","mai_obs":283},"geometry":{"type":"Polygon","coordinates":[[[1.5811,43.5289],[1.5701,43.5146],[1.5522,43.5078],[1.5426,43.5062],[1.526,43.5167],[1.5236,43.5217],[1.5435,43.5295],[1.5465,43.5342],[1.5599,43.5307],[1.5659,43.5322],[1.5811,43.5289]]]}},{"type":"Feature","properties":{"code":"31347","nom":"Molas","app":9.49,"app_bas":7.65,"app_haut":11.79,"app_ech":"maille","app_obs":1,"mai":9,"mai_bas":6.61,"mai_haut":12.26,"mai_ech":"maille","mai_obs":0},"geometry":{"type":"Polygon","coordinates":[[[0.7993,43.3812],[0.7734,43.3916],[0.7526,43.396],[0.75,43.3989],[0.7549,43.4047],[0.7569,43.4163],[0.7704,43.4168],[0.8073,43.3997],[0.8042,43.386],[0.7993,43.3812]]]}},{"type":"Feature","properties":{"code":"31485","nom":"Saint-Germier","app":11.75,"app_bas":10.6,"app_haut":13.02,"app_ech":"maille","app_obs":0,"mai":9.3,"mai_bas":7.26,"mai_haut":11.92,"mai_ech":"maille","mai_obs":2},"geometry":{"type":"Polygon","coordinates":[[[1.7255,43.4826],[1.7295,43.4762],[1.7423,43.4687],[1.7342,43.4516],[1.7193,43.4644],[1.7094,43.4676],[1.7111,43.4758],[1.7255,43.4826]]]}},{"type":"Feature","properties":{"code":"31066","nom":"Bessières","app":12.22,"app_bas":9.85,"app_haut":15.16,"app_ech":"commune","app_obs":241,"mai":10.57,"mai_bas":8.48,"mai_haut":13.17,"mai_ech":"commune","mai_obs":226},"geometry":{"type":"Polygon","coordinates":[[[1.5624,43.8135],[1.5785,43.8125],[1.5886,43.8172],[1.6055,43.8088],[1.6217,43.8045],[1.6255,43.8018],[1.6031,43.7816],[1.5974,43.7721],[1.59,43.7708],[1.5805,43.7842],[1.5677,43.7909],[1.5598,43.7883],[1.5436,43.7979],[1.5451,43.8007],[1.5498,43.8009],[1.5624,43.8135]]]}},{"type":"Feature","properties":{"code":"31023","nom":"Aulon","app":8.93,"app_bas":7.12,"app_haut":11.22,"app_ech":"maille","app_obs":3,"mai":7.07,"mai_bas":5.38,"mai_haut":9.29,"mai_ech":"maille","mai_obs":10},"geometry":{"type":"Polygon","coordinates":[[[0.8428,43.1943],[0.841,43.1854],[0.8486,43.1835],[0.8446,43.1746],[0.8502,43.1724],[0.846,43.1632],[0.8375,43.1713],[0.8291,43.1747],[0.8171,43.17],[0.8094,43.1809],[0.7924,43.1894],[0.7744,43.1949],[0.7716,43.2026],[0.7752,43.208],[0.7878,43.2106],[0.799,43.2055],[0.8186,43.2061],[0.8234,43.1974],[0.8428,43.1943]]]}},{"type":"Feature","properties":{"code":"31160","nom":"Daux","app":11.14,"app_bas":9.61,"app_haut":12.92,"app_ech":"commune","app_obs":273,"mai":11.12,"mai_bas":8.95,"mai_haut":13.83,"mai_ech":"commune","mai_obs":196},"geometry":{"type":"Polygon","coordinates":[[[1.249,43.7195],[1.2558,43.7172],[1.2967,43.6945],[1.2984,43.6924],[1.2999,43.6813],[1.2778,43.6742],[1.2661,43.6667],[1.2366,43.6503],[1.2472,43.6657],[1.2441,43.6757],[1.2539,43.691],[1.2531,43.6996],[1.2484,43.7133],[1.249,43.7195]]]}},{"type":"Feature","properties":{"code":"31327","nom":"Mauran","app":9.64,"app_bas":7.88,"app_haut":11.79,"app_ech":"maille","app_obs":4,"mai":8.36,"mai_bas":6.39,"mai_haut":10.92,"mai_ech":"maille","mai_obs":11},"geometry":{"type":"Polygon","coordinates":[[[1.0414,43.1955],[1.0445,43.1941],[1.0459,43.1778],[1.012,43.1804],[1.0057,43.1756],[0.9918,43.182],[1.0056,43.1866],[1.0414,43.1955]]]}},{"type":"Feature","properties":{"code":"31454","nom":"Rieumes","app":10.62,"app_bas":9.24,"app_haut":12.21,"app_ech":"commune","app_obs":337,"mai":8.54,"mai_bas":6.81,"mai_haut":10.71,"mai_ech":"commune","mai_obs":145},"geometry":{"type":"Polygon","coordinates":[[[1.1344,43.4549],[1.1363,43.4434],[1.1312,43.4202],[1.1524,43.4152],[1.1462,43.4068],[1.1551,43.3994],[1.1465,43.3937],[1.1412,43.3765],[1.1318,43.3712],[1.1192,43.3772],[1.1219,43.3905],[1.1195,43.3938],[1.1017,43.3886],[1.0891,43.3954],[1.0719,43.4005],[1.0823,43.4062],[1.0919,43.4067],[1.1011,43.4119],[1.0886,43.4153],[1.0804,43.4125],[1.0661,43.4181],[1.0669,43.4299],[1.0691,43.4292],[1.1033,43.4341],[1.1078,43.4401],[1.1079,43.4418],[1.1195,43.4456],[1.1344,43.4549]]]}},{"type":"Feature","properties":{"code":"31536","nom":"Saux-et-Pomarède","app":9.31,"app_bas":7.58,"app_haut":11.43,"app_ech":"maille","app_obs":1,"mai":9.99,"mai_bas":7.67,"mai_haut":13.01,"mai_ech":"maille","mai_obs":5},"geometry":{"type":"Polygon","coordinates":[[[0.7185,43.161],[0.7292,43.1588],[0.7363,43.1665],[0.7449,43.17],[0.7519,43.1625],[0.7496,43.1617],[0.7492,43.1537],[0.7274,43.1465],[0.7175,43.1349],[0.7061,43.1347],[0.7001,43.1401],[0.6661,43.1362],[0.6543,43.1372],[0.6527,43.1412],[0.6524,43.1479],[0.6532,43.1483],[0.6744,43.1514],[0.7016,43.1485],[0.7108,43.1537],[0.7185,43.161]]]}},{"type":"Feature","properties":{"code":"31549","nom":"Sode","app":9.49,"app_bas":6.59,"app_haut":13.66,"app_ech":"maille","app_obs":1,"mai":9.05,"mai_bas":6.5,"mai_haut":12.59,"mai_ech":"epci","mai_obs":0},"geometry":{"type":"Polygon","coordinates":[[[0.66,42.7984],[0.6434,42.8043],[0.6399,42.812],[0.6223,42.8094],[0.6129,42.8105],[0.6089,42.819],[0.6123,42.826],[0.6262,42.8156],[0.6404,42.8152],[0.648,42.8131],[0.6647,42.8152],[0.6706,42.8048],[0.66,42.7984]]]}},{"type":"Feature","properties":{"code":"31559","nom":"Trébons-de-Luchon","app":9.49,"app_bas":6.59,"app_haut":13.66,"app_ech":"maille","app_obs":0,"mai":8.34,"mai_bas":6.46,"mai_haut":10.77,"mai_ech":"maille","mai_obs":0},"geometry":{"type":"Polygon","coordinates":[[[0.5607,42.8073],[0.5767,42.8083],[0.5704,42.8011],[0.5702,42.7959],[0.5659,42.7977],[0.5607,42.8073]]]}},{"type":"Feature","properties":{"code":"31063","nom":"Benque","app":8.71,"app_bas":7.21,"app_haut":10.52,"app_ech":"maille","app_obs":1,"mai":7.07,"mai_bas":5.38,"mai_haut":9.29,"mai_ech":"maille","mai_obs":6},"geometry":{"type":"Polygon","coordinates":[[[0.939,43.2798],[0.9428,43.2721],[0.9326,43.2635],[0.935,43.259],[0.9313,43.2407],[0.9245,43.2393],[0.9039,43.2435],[0.8972,43.2459],[0.8936,43.2574],[0.901,43.2699],[0.9307,43.2805],[0.939,43.2798]]]}},{"type":"Feature","properties":{"code":"31064","nom":"Benque-Dessous-et-Dessus","app":9.49,"app_bas":6.59,"app_haut":13.66,"app_ech":"maille","app_obs":0,"mai":9.05,"mai_bas":6.5,"mai_haut":12.59,"mai_ech":"epci","mai_obs":1},"geometry":{"type":"Polygon","coordinates":[[[0.5607,42.8073],[0.5606,42.8065],[0.5422,42.8122],[0.5302,42.8211],[0.5229,42.8337],[0.5239,42.8362],[0.5321,42.8334],[0.5441,42.8239],[0.5559,42.8202],[0.5607,42.8073]]]}},{"type":"Feature","properties":{"code":"31070","nom":"Blajan","app":8.93,"app_bas":7.12,"app_haut":11.22,"app_ech":"maille","app_obs":12,"mai":7.07,"mai_bas":5.38,"mai_haut":9.29,"mai_ech":"maille","mai_obs":10},"geometry":{"type":"Polygon","coordinates":[[[0.6249,43.2399],[0.624,43.2428],[0.6252,43.2524],[0.6167,43.2538],[0.6145,43.2588],[0.6247,43.2657],[0.632,43.2673],[0.644,43.2677],[0.6576,43.2633],[0.6718,43.2683],[0.6777,43.2651],[0.6851,43.2557],[0.6715,43.2538],[0.6749,43.2457],[0.6343,43.2376],[0.6249,43.2399]]]}},{"type":"Feature","properties":{"code":"31289","nom":"Lécussan","app":10.01,"app_bas":8.05,"app_haut":12.46,"app_ech":"maille","app_obs":2,"mai":8.34,"mai_bas":6.46,"mai_haut":10.77,"mai_ech":"maille","mai_obs":8},"geometry":{"type":"Polygon","coordinates":[[[0.4565,43.1448],[0.482,43.1563],[0.5058,43.1718],[0.5207,43.1651],[0.53,43.1638],[0.526,43.1571],[0.5039,43.1566],[0.49,43.1489],[0.47,43.1413],[0.4587,43.1392],[0.4417,43.131],[0.4565,43.1448]]]}},{"type":"Feature","properties":{"code":"31333","nom":"Mauvezin","app":9.31,"app_bas":7.65,"app_haut":11.33,"app_ech":"maille","app_obs":0,"mai":10.24,"mai_bas":8.13,"mai_haut":12.9,"mai_ech":"maille","mai_obs":3},"geometry":{"type":"Polygon","coordinates":[[[0.9115,43.3681],[0.9151,43.3751],[0.9106,43.3817],[0.8971,43.3875],[0.9016,43.3964],[0.9194,43.3899],[0.9273,43.3951],[0.9443,43.3809],[0.9452,43.376],[0.9336,43.3772],[0.93,43.3826],[0.9193,43.3744],[0.9163,43.3667],[0.9115,43.3681]]]}},{"type":"Feature","properties":{"code":"31453","nom":"Rieumajou","app":10.94,"app_bas":9.22,"app_haut":12.99,"app_ech":"maille","app_obs":2,"mai":8.63,"mai_bas":6.6,"mai_haut":11.3,"mai_ech":"maille","mai_obs":4},"geometry":{"type":"Polygon","coordinates":[[[1.8216,43.3988],[1.8104,43.3967],[1.8111,43.4033],[1.7965,43.4078],[1.7843,43.4155],[1.7831,43.4198],[1.7934,43.4255],[1.7946,43.4215],[1.8039,43.4185],[1.8173,43.4106],[1.8216,43.3988]]]}},{"type":"Feature","properties":{"code":"31529","nom":"Samouillan","app":9.49,"app_bas":7.65,"app_haut":11.79,"app_ech":"maille","app_obs":2,"mai":7.07,"mai_bas":5.38,"mai_haut":9.29,"mai_ech":"maille","mai_obs":3},"geometry":{"type":"Polygon","coordinates":[[[0.939,43.2798],[0.9422,43.2839],[0.9555,43.2804],[0.9612,43.2744],[0.9598,43.2696],[0.9641,43.2579],[0.9518,43.2498],[0.9426,43.2582],[0.935,43.259],[0.9326,43.2635],[0.9428,43.2721],[0.939,43.2798]]]}},{"type":"Feature","properties":{"code":"31573","nom":"Verfeil","app":11.62,"app_bas":9.72,"app_haut":13.89,"app_ech":"commune","app_obs":234,"mai":10.33,"mai_bas":7.8,"mai_haut":13.67,"mai_ech":"commune","mai_obs":257},"geometry":{"type":"Polygon","coordinates":[[[1.6636,43.6941],[1.6997,43.692],[1.7207,43.6883],[1.7203,43.6745],[1.7305,43.6641],[1.7309,43.6578],[1.7073,43.653],[1.6953,43.6436],[1.6878,43.6307],[1.6745,43.6221],[1.6685,43.6237],[1.6615,43.6211],[1.657,43.6255],[1.6603,43.6281],[1.6564,43.6395],[1.6395,43.6478],[1.6336,43.6517],[1.6281,43.6615],[1.6354,43.6662],[1.6406,43.6779],[1.6464,43.6789],[1.6436,43.6943],[1.6636,43.6941]]]}},{"type":"Feature","properties":{"code":"31026","nom":"Auriac-sur-Vendinelle","app":9.62,"app_bas":7.83,"app_haut":11.82,"app_ech":"maille","app_obs":48,"mai":8.63,"mai_bas":6.6,"mai_haut":11.3,"mai_ech":"maille","mai_obs":57},"geometry":{"type":"Polygon","coordinates":[[[1.8161,43.4805],[1.7996,43.5002],[1.7909,43.5066],[1.7946,43.5152],[1.7879,43.5341],[1.7904,43.5398],[1.7965,43.5359],[1.8085,43.5416],[1.8153,43.554],[1.8307,43.5483],[1.8507,43.5492],[1.8642,43.5451],[1.8534,43.5312],[1.8579,43.5232],[1.8553,43.5112],[1.8631,43.5041],[1.8588,43.5019],[1.8415,43.5126],[1.8374,43.5009],[1.8441,43.4935],[1.8429,43.4896],[1.8161,43.4805]]]}},{"type":"Feature","properties":{"code":"31077","nom":"Born","app":9.89,"app_bas":7.98,"app_haut":12.25,"app_ech":"maille","app_obs":1,"mai":9.82,"mai_bas":7.5,"mai_haut":12.85,"mai_ech":"maille","mai_obs":15},"geometry":{"type":"Polygon","coordinates":[[[1.5233,43.9036],[1.5322,43.9168],[1.5419,43.9202],[1.5556,43.9183],[1.5466,43.9025],[1.5505,43.8897],[1.5544,43.8857],[1.5569,43.8749],[1.564,43.8719],[1.5553,43.8708],[1.5464,43.8791],[1.5333,43.8745],[1.5243,43.8819],[1.5177,43.8912],[1.5233,43.9036]]]}},{"type":"Feature","properties":{"code":"31332","nom":"Mauvaisin","app":9.97,"app_bas":8.14,"app_haut":12.22,"app_ech":"maille","app_obs":7,"mai":9.4,"mai_bas":7.13,"mai_haut":12.4,"mai_ech":"maille","mai_obs":4},"geometry":{"type":"Polygon","coordinates":[[[1.5192,43.3717],[1.5223,43.3758],[1.5437,43.376],[1.5569,43.3707],[1.5637,43.3652],[1.5587,43.3583],[1.5575,43.3479],[1.5534,43.3431],[1.5467,43.3405],[1.5362,43.345],[1.5188,43.3463],[1.5064,43.3578],[1.5208,43.3574],[1.5283,43.3659],[1.5192,43.3717]]]}},{"type":"Feature","properties":{"code":"31398","nom":"Nizan-Gesse","app":8.93,"app_bas":7.12,"app_haut":11.22,"app_ech":"maille","app_obs":1,"mai":8.34,"mai_bas":6.46,"mai_haut":10.77,"mai_ech":"maille","mai_obs":0},"geometry":{"type":"Polygon","coordinates":[[[0.577,43.2124],[0.5702,43.2174],[0.5738,43.2203],[0.5728,43.2331],[0.5862,43.2349],[0.606,43.2461],[0.624,43.2428],[0.6249,43.2399],[0.619,43.2289],[0.6075,43.2254],[0.6083,43.2189],[0.596,43.2227],[0.577,43.2124]]]}},{"type":"Feature","properties":{"code":"31410","nom":"Pechbonnieu","app":11.7,"app_bas":9.88,"app_haut":13.85,"app_ech":"commune","app_obs":225,"mai":11.26,"mai_bas":9.36,"mai_haut":13.54,"mai_ech":"commune","mai_obs":206},"geometry":{"type":"Polygon","coordinates":[[[1.452,43.7261],[1.4549,43.7311],[1.4688,43.7269],[1.4673,43.7242],[1.4751,43.7154],[1.4763,43.7097],[1.4692,43.7],[1.4672,43.6935],[1.4615,43.6913],[1.453,43.6994],[1.4372,43.7066],[1.4409,43.7129],[1.4477,43.7172],[1.452,43.7261]]]}},{"type":"Feature","properties":{"code":"31435","nom":"Poucharramet","app":10.03,"app_bas":8.72,"app_haut":11.53,"app_ech":"maille","app_obs":9,"mai":11.13,"mai_bas":8.81,"mai_haut":14.05,"mai_ech":"maille","mai_obs":13},"geometry":{"type":"Polygon","coordinates":[[[1.1893,43.4443],[1.2027,43.4368],[1.1945,43.4268],[1.1908,43.4185],[1.1942,43.4069],[1.1918,43.4033],[1.1781,43.4011],[1.1699,43.3953],[1.1613,43.3963],[1.1465,43.3937],[1.1551,43.3994],[1.1462,43.4068],[1.1524,43.4152],[1.1312,43.4202],[1.1363,43.4434],[1.1561,43.4405],[1.162,43.4444],[1.1781,43.4476],[1.1893,43.4443]]]}},{"type":"Feature","properties":{"code":"31516","nom":"Saint-Sauveur","app":11.98,"app_bas":10.59,"app_haut":13.55,"app_ech":"maille","app_obs":47,"mai":10.43,"mai_bas":8.39,"mai_haut":12.97,"mai_ech":"commune","mai_obs":154},"geometry":{"type":"Polygon","coordinates":[[[1.4231,43.7507],[1.4155,43.7491],[1.4122,43.7429],[1.3978,43.7385],[1.3891,43.7334],[1.3862,43.7418],[1.3765,43.7571],[1.3627,43.7646],[1.3832,43.7628],[1.3951,43.7575],[1.4027,43.7566],[1.4096,43.7606],[1.4265,43.7548],[1.4231,43.7507]]]}},{"type":"Feature","properties":{"code":"31053","nom":"Beaupuy","app":11.29,"app_bas":9.83,"app_haut":12.97,"app_ech":"maille","app_obs":58,"mai":12.18,"mai_bas":9.56,"mai_haut":15.51,"mai_ech":"maille","mai_obs":38},"geometry":{"type":"Polygon","coordinates":[[[1.5727,43.6377],[1.5616,43.642],[1.5393,43.6463],[1.5351,43.6523],[1.555,43.6613],[1.5579,43.666],[1.5764,43.6617],[1.5771,43.6542],[1.5727,43.6465],[1.5727,43.6377]]]}},{"type":"Feature","properties":{"code":"31247","nom":"Labarthe-Rivière","app":9.31,"app_bas":7.58,"app_haut":11.43,"app_ech":"maille","app_obs":13,"mai":9.99,"mai_bas":7.67,"mai_haut":13.01,"mai_ech":"maille","mai_obs":60},"geometry":{"type":"Polygon","coordinates":[[[0.6645,43.0545],[0.6583,43.0546],[0.6547,43.0709],[0.6556,43.0819],[0.6511,43.0958],[0.6538,43.1109],[0.6574,43.1127],[0.6757,43.1012],[0.6748,43.0954],[0.6934,43.0813],[0.7012,43.0734],[0.7062,43.066],[0.6945,43.0648],[0.679,43.0675],[0.6645,43.0545]]]}},{"type":"Feature","properties":{"code":"31258","nom":"Lacaugne","app":10.29,"app_bas":8.35,"app_haut":12.69,"app_ech":"maille","app_obs":2,"mai":11.13,"mai_bas":8.81,"mai_haut":14.05,"mai_ech":"maille","mai_obs":13},"geometry":{"type":"Polygon","coordinates":[[[1.2925,43.2884],[1.3003,43.2752],[1.3003,43.2705],[1.2941,43.2649],[1.2869,43.2668],[1.2806,43.2723],[1.2661,43.2777],[1.26,43.2857],[1.2603,43.288],[1.28,43.2948],[1.2907,43.2935],[1.2925,43.2884]]]}},{"type":"Feature","properties":{"code":"31291","nom":"Léguevin","app":11.76,"app_bas":10.27,"app_haut":13.47,"app_ech":"commune","app_obs":915,"mai":11.56,"mai_bas":9.34,"mai_haut":14.31,"mai_ech":"commune","mai_obs":437},"geometry":{"type":"Polygon","coordinates":[[[1.2481,43.6066],[1.2628,43.6022],[1.2727,43.603],[1.2822,43.5982],[1.2734,43.5873],[1.2512,43.5818],[1.2375,43.5698],[1.2163,43.5651],[1.1993,43.5692],[1.2013,43.5948],[1.1884,43.6056],[1.2038,43.62],[1.2159,43.6175],[1.2242,43.611],[1.2356,43.6071],[1.2481,43.6066]]]}},{"type":"Feature","properties":{"code":"31389","nom":"Montrabé","app":13.4,"app_bas":11.71,"app_haut":15.34,"app_ech":"commune","app_obs":440,"mai":12.22,"mai_bas":9.67,"mai_haut":15.44,"mai_ech":"commune","mai_obs":155},"geometry":{"type":"Polygon","coordinates":[[[1.5425,43.6339],[1.5298,43.6374],[1.5184,43.6326],[1.5047,43.642],[1.5089,43.648],[1.5204,43.6477],[1.5226,43.6547],[1.5351,43.6523],[1.5393,43.6463],[1.5616,43.642],[1.5504,43.6393],[1.5425,43.6339]]]}},{"type":"Feature","properties":{"code":"31444","nom":"Puysségur","app":10.66,"app_bas":8.6,"app_haut":13.21,"app_ech":"maille","app_obs":0,"mai":7.78,"mai_bas":5.82,"mai_haut":10.41,"mai_ech":"maille","mai_obs":4},"geometry":{"type":"Polygon","coordinates":[[[1.0871,43.7402],[1.0659,43.7386],[1.0555,43.7458],[1.0477,43.7543],[1.0497,43.7608],[1.0581,43.7604],[1.0655,43.7641],[1.077,43.7676],[1.0755,43.7494],[1.0871,43.7402]]]}},{"type":"Feature","properties":{"code":"31467","nom":"Saint-Alban","app":12.53,"app_bas":11.07,"app_haut":14.19,"app_ech":"commune","app_obs":547,"mai":11.24,"mai_bas":9.73,"mai_haut":12.98,"mai_ech":"commune","mai_obs":265},"geometry":{"type":"Polygon","coordinates":[[[1.4228,43.6787],[1.4065,43.6844],[1.3954,43.7078],[1.3975,43.7124],[1.4076,43.6992],[1.4099,43.7047],[1.4203,43.6959],[1.431,43.6823],[1.4228,43.6787]]]}},{"type":"Feature","properties":{"code":"31512","nom":"Saint-Pierre-de-Lages","app":13.68,"app_bas":11.9,"app_haut":15.73,"app_ech":"maille","app_obs":1,"mai":12.01,"mai_bas":9.51,"mai_haut":15.18,"mai_ech":"maille","mai_obs":14},"geometry":{"type":"Polygon","coordinates":[[[1.6395,43.5839],[1.6351,43.5765],[1.6345,43.5687],[1.6424,43.562],[1.6399,43.5527],[1.6317,43.5446],[1.6228,43.5466],[1.6238,43.5563],[1.6183,43.5648],[1.6123,43.5658],[1.6103,43.5742],[1.6188,43.586],[1.6327,43.5864],[1.6395,43.5839]]]}},{"type":"Feature","properties":{"code":"31044","nom":"Balma","app":13.54,"app_bas":11.75,"app_haut":15.6,"app_ech":"commune","app_obs":2253,"mai":14.92,"mai_bas":11.44,"mai_haut":19.47,"mai_ech":"commune","mai_obs":418},"geometry":{"type":"Polygon","coordinates":[[[1.5046,43.5799],[1.4953,43.5858],[1.4884,43.6032],[1.4804,43.6276],[1.5047,43.642],[1.5184,43.6326],[1.5225,43.6247],[1.5206,43.6129],[1.5268,43.6076],[1.5213,43.6045],[1.5258,43.5944],[1.5249,43.5858],[1.513,43.5856],[1.5046,43.5799]]]}},{"type":"Feature","properties":{"code":"31132","nom":"Cazaux-Layrisse","app":9.31,"app_bas":7.58,"app_haut":11.43,"app_ech":"maille","app_obs":2,"mai":8.34,"mai_bas":6.46,"mai_haut":10.77,"mai_ech":"maille","mai_obs":0},"geometry":{"type":"Polygon","coordinates":[[[0.5759,42.8708],[0.5777,42.8767],[0.6,42.8777],[0.6133,42.8702],[0.6151,42.865],[0.6102,42.8621],[0.5944,42.8698],[0.5759,42.8708]]]}},{"type":"Feature","properties":{"code":"31264","nom":"Lagrâce-Dieu","app":10.58,"app_bas":8.87,"app_haut":12.63,"app_ech":"maille","app_obs":3,"mai":9.5,"mai_bas":7.39,"mai_haut":12.22,"mai_ech":"maille","mai_obs":28},"geometry":{"type":"Polygon","coordinates":[[[1.441,43.3493],[1.4281,43.342],[1.4118,43.335],[1.4015,43.3287],[1.389,43.3181],[1.3746,43.3157],[1.3771,43.3336],[1.3924,43.3362],[1.405,43.3464],[1.4226,43.3563],[1.4347,43.3566],[1.441,43.3493]]]}},{"type":"Feature","properties":{"code":"31482","nom":"Saint-Frajou","app":8.71,"app_bas":7.21,"app_haut":10.52,"app_ech":"maille","app_obs":0,"mai":7.07,"mai_bas":5.38,"mai_haut":9.29,"mai_ech":"maille","mai_obs":10},"geometry":{"type":"Polygon","coordinates":[[[0.8517,43.3535],[0.8632,43.3473],[0.875,43.3443],[0.8766,43.335],[0.8841,43.3312],[0.8865,43.3273],[0.8772,43.3214],[0.8634,43.3203],[0.86,43.3119],[0.8505,43.3075],[0.8298,43.3166],[0.8221,43.3217],[0.8149,43.3354],[0.8246,43.3365],[0.836,43.3437],[0.8438,43.3544],[0.8492,43.3554],[0.8517,43.3535]]]}},{"type":"Feature","properties":{"code":"31030","nom":"Ausseing","app":8.71,"app_bas":7.21,"app_haut":10.52,"app_ech":"maille","app_obs":0,"mai":8.36,"mai_bas":6.39,"mai_haut":10.92,"mai_ech":"maille","mai_obs":2},"geometry":{"type":"Polygon","coordinates":[[[1.0445,43.161],[1.0524,43.1535],[1.0537,43.1467],[1.0519,43.1439],[1.0035,43.1473],[1.0146,43.1591],[1.0226,43.1599],[1.0237,43.1678],[1.0373,43.1617],[1.0445,43.161]]]}},{"type":"Feature","properties":{"code":"31429","nom":"Pompertuzat","app":12.92,"app_bas":11,"app_haut":15.18,"app_ech":"commune","app_obs":139,"mai":13.02,"mai_bas":9.79,"mai_haut":17.32,"mai_ech":"maille","mai_obs":68},"geometry":{"type":"Polygon","coordinates":[[[1.534,43.5111],[1.5426,43.5062],[1.5452,43.5001],[1.531,43.4921],[1.5208,43.4843],[1.5053,43.479],[1.4944,43.4842],[1.4998,43.4907],[1.5048,43.491],[1.5317,43.5061],[1.5305,43.5077],[1.534,43.5111]]]}},{"type":"Feature","properties":{"code":"31495","nom":"Saint-Léon","app":12.01,"app_bas":10.22,"app_haut":14.11,"app_ech":"maille","app_obs":5,"mai":9.3,"mai_bas":7.26,"mai_haut":11.92,"mai_ech":"maille","mai_obs":14},"geometry":{"type":"Polygon","coordinates":[[[1.5496,43.4274],[1.5639,43.4267],[1.5712,43.4251],[1.5833,43.406],[1.5967,43.3907],[1.5988,43.3922],[1.601,43.381],[1.5795,43.3754],[1.5755,43.3675],[1.5637,43.3652],[1.5569,43.3707],[1.5437,43.376],[1.5383,43.3933],[1.5242,43.3994],[1.5473,43.4223],[1.5416,43.4274],[1.5496,43.4274]]]}},{"type":"Feature","properties":{"code":"31522","nom":"Salerm","app":8.71,"app_bas":7.21,"app_haut":10.52,"app_ech":"maille","app_obs":0,"mai":7.07,"mai_bas":5.38,"mai_haut":9.29,"mai_ech":"maille","mai_obs":0},"geometry":{"type":"Polygon","coordinates":[[[0.8092,43.3097],[0.8221,43.3217],[0.8298,43.3166],[0.8505,43.3075],[0.8454,43.303],[0.8372,43.3014],[0.8211,43.2941],[0.8118,43.2966],[0.8045,43.304],[0.8092,43.3097]]]}},{"type":"Feature","properties":{"code":"31565","nom":"Valentine","app":8.84,"app_bas":7.01,"app_haut":11.14,"app_ech":"commune","app_obs":101,"mai":9.99,"mai_bas":7.67,"mai_haut":13.01,"mai_ech":"maille","mai_obs":45},"geometry":{"type":"Polygon","coordinates":[[[0.7268,43.0809],[0.7147,43.0747],[0.7012,43.0734],[0.6934,43.0813],[0.6748,43.0954],[0.6757,43.1012],[0.6796,43.1038],[0.6915,43.1018],[0.707,43.0973],[0.7245,43.0891],[0.7268,43.0809]]]}},{"type":"Feature","properties":{"code":"31570","nom":"Vaux","app":9.83,"app_bas":8.02,"app_haut":12.04,"app_ech":"maille","app_obs":0,"mai":8.63,"mai_bas":6.6,"mai_haut":11.3,"mai_ech":"maille","mai_obs":18},"geometry":{"type":"Polygon","coordinates":[[[1.8182,43.478],[1.8327,43.4787],[1.8428,43.4722],[1.8422,43.465],[1.8535,43.4626],[1.8507,43.4452],[1.8381,43.4485],[1.8208,43.447],[1.8067,43.4441],[1.804,43.4525],[1.8151,43.4674],[1.8095,43.4745],[1.8182,43.478]]]}},{"type":"Feature","properties":{"code":"31056","nom":"Beauzelle","app":13.54,"app_bas":12.16,"app_haut":15.09,"app_ech":"commune","app_obs":2116,"mai":12.06,"mai_bas":9.43,"mai_haut":15.43,"mai_ech":"commune","mai_obs":301},"geometry":{"type":"Polygon","coordinates":[[[1.3596,43.6646],[1.3509,43.6789],[1.3674,43.6713],[1.3746,43.6769],[1.3844,43.6781],[1.3853,43.6674],[1.4001,43.6665],[1.3783,43.6567],[1.3698,43.6567],[1.3596,43.6646]]]}},{"type":"Feature","properties":{"code":"31242","nom":"Jurvielle","app":9.49,"app_bas":6.59,"app_haut":13.66,"app_ech":"maille","app_obs":1,"mai":9.05,"mai_bas":6.5,"mai_haut":12.59,"mai_ech":"epci","mai_obs":0},"geometry":{"type":"Polygon","coordinates":[[[0.4588,42.8239],[0.4641,42.84],[0.4675,42.8467],[0.4789,42.845],[0.4839,42.8299],[0.4939,42.816],[0.4902,42.8148],[0.4748,42.8165],[0.4588,42.8239]]]}},{"type":"Feature","properties":{"code":"31335","nom":"Mayrègne","app":9.49,"app_bas":6.59,"app_haut":13.66,"app_ech":"maille","app_obs":0,"mai":8.34,"mai_bas":6.46,"mai_haut":10.77,"mai_ech":"maille","mai_obs":0},"geometry":{"type":"Polygon","coordinates":[[[0.5321,42.8334],[0.5239,42.8362],[0.5353,42.8559],[0.5342,42.8613],[0.55,42.8637],[0.554,42.8601],[0.5489,42.8465],[0.5486,42.8399],[0.5321,42.8334]]]}},{"type":"Feature","properties":{"code":"31432","nom":"Portet-de-Luchon","app":9.49,"app_bas":6.59,"app_haut":13.66,"app_ech":"maille","app_obs":0,"mai":9.05,"mai_bas":6.5,"mai_haut":12.59,"mai_ech":"epci","mai_obs":1},"geometry":{"type":"Polygon","coordinates":[[[0.4588,42.8239],[0.4748,42.8165],[0.4902,42.8148],[0.4906,42.8095],[0.4783,42.8047],[0.4634,42.8024],[0.4599,42.805],[0.4566,42.8098],[0.4588,42.8239]]]}},{"type":"Feature","properties":{"code":"31567","nom":"Vallesvilles","app":13.68,"app_bas":11.9,"app_haut":15.73,"app_ech":"maille","app_obs":2,"mai":12.01,"mai_bas":9.51,"mai_haut":15.18,"mai_ech":"maille","mai_obs":6},"geometry":{"type":"Polygon","coordinates":[[[1.6395,43.5839],[1.6327,43.5864],[1.6188,43.586],[1.6259,43.5927],[1.6318,43.6032],[1.6406,43.607],[1.6577,43.606],[1.6787,43.6007],[1.6745,43.5911],[1.6681,43.5904],[1.6578,43.5843],[1.6395,43.5839]]]}},{"type":"Feature","properties":{"code":"31213","nom":"Garin","app":9.49,"app_bas":6.59,"app_haut":13.66,"app_ech":"maille","app_obs":1,"mai":9.05,"mai_bas":6.5,"mai_haut":12.59,"mai_ech":"epci","mai_obs":6},"geometry":{"type":"Polygon","coordinates":[[[0.5229,42.8337],[0.5222,42.8063],[0.5195,42.804],[0.5019,42.8005],[0.485,42.7992],[0.4631,42.7901],[0.4634,42.8024],[0.4783,42.8047],[0.4906,42.8095],[0.5002,42.8089],[0.5126,42.8108],[0.5181,42.8192],[0.5162,42.8325],[0.5229,42.8337]]]}},{"type":"Feature","properties":{"code":"31399","nom":"Noé","app":10.29,"app_bas":8.35,"app_haut":12.69,"app_ech":"maille","app_obs":66,"mai":11.84,"mai_bas":9.38,"mai_haut":14.94,"mai_ech":"commune","mai_obs":135},"geometry":{"type":"Polygon","coordinates":[[[1.2502,43.3691],[1.261,43.3656],[1.265,43.3719],[1.2646,43.382],[1.2705,43.389],[1.2767,43.386],[1.2731,43.3777],[1.285,43.3727],[1.2938,43.3654],[1.2866,43.3514],[1.2764,43.3444],[1.2625,43.3429],[1.2471,43.3482],[1.2539,43.3574],[1.2544,43.3642],[1.2502,43.3691]]]}},{"type":"Feature","properties":{"code":"31472","nom":"Saint-Bertrand-de-Comminges","app":10.01,"app_bas":8.05,"app_haut":12.46,"app_ech":"maille","app_obs":2,"mai":9.05,"mai_bas":6.5,"mai_haut":12.59,"mai_ech":"epci","mai_obs":18},"geometry":{"type":"Polygon","coordinates":[[[0.5669,43.0374],[0.5727,43.0374],[0.5857,43.0234],[0.5734,43.0213],[0.5613,43.0161],[0.542,43.001],[0.531,43.0033],[0.527,43.0089],[0.5359,43.0182],[0.5351,43.037],[0.5379,43.0416],[0.5472,43.0449],[0.5627,43.0358],[0.5669,43.0374]]]}},{"type":"Feature","properties":{"code":"31025","nom":"Aureville","app":13.64,"app_bas":12.12,"app_haut":15.36,"app_ech":"maille","app_obs":11,"mai":13.02,"mai_bas":9.79,"mai_haut":17.32,"mai_ech":"maille","mai_obs":30},"geometry":{"type":"Polygon","coordinates":[[[1.4767,43.4603],[1.4761,43.4595],[1.4688,43.4615],[1.4451,43.4741],[1.4376,43.4914],[1.4525,43.4946],[1.4555,43.4993],[1.4635,43.499],[1.4623,43.484],[1.4766,43.475],[1.4719,43.4632],[1.4767,43.4603]]]}},{"type":"Feature","properties":{"code":"31002","nom":"Aignes","app":9.97,"app_bas":8.14,"app_haut":12.22,"app_ech":"maille","app_obs":0,"mai":9.4,"mai_bas":7.13,"mai_haut":12.4,"mai_ech":"maille","mai_obs":8},"geometry":{"type":"Polygon","coordinates":[[[1.5534,43.3431],[1.5575,43.3479],[1.5587,43.3583],[1.5637,43.3652],[1.5755,43.3675],[1.6094,43.3405],[1.6256,43.3294],[1.615,43.3185],[1.5986,43.3134],[1.6122,43.3031],[1.6012,43.2994],[1.5704,43.3198],[1.5632,43.3335],[1.5534,43.3431]]]}},{"type":"Feature","properties":{"code":"31128","nom":"Caujac","app":9.97,"app_bas":8.14,"app_haut":12.22,"app_ech":"maille","app_obs":4,"mai":9.5,"mai_bas":7.39,"mai_haut":12.22,"mai_ech":"maille","mai_obs":25},"geometry":{"type":"Polygon","coordinates":[[[1.4801,43.3203],[1.4836,43.3],[1.4702,43.2885],[1.4671,43.2832],[1.4567,43.2829],[1.4471,43.2747],[1.4329,43.2799],[1.4272,43.2882],[1.4315,43.2918],[1.4592,43.3073],[1.4751,43.3193],[1.4801,43.3203]]]}},{"type":"Feature","properties":{"code":"31232","nom":"Grenade","app":11.24,"app_bas":9.4,"app_haut":13.44,"app_ech":"commune","app_obs":1336,"mai":10.83,"mai_bas":8.63,"mai_haut":13.61,"mai_ech":"commune","mai_obs":575},"geometry":{"type":"Polygon","coordinates":[[[1.2072,43.7692],[1.21,43.7711],[1.2192,43.7708],[1.2749,43.7858],[1.2803,43.7905],[1.2676,43.7938],[1.2669,43.7986],[1.277,43.8018],[1.2818,43.7962],[1.2824,43.7896],[1.2959,43.782],[1.3046,43.7725],[1.3112,43.7718],[1.3279,43.7753],[1.3344,43.7743],[1.3558,43.7672],[1.3525,43.7579],[1.3359,43.7487],[1.3224,43.7466],[1.3121,43.7498],[1.2965,43.7456],[1.2768,43.7446],[1.2608,43.7378],[1.2572,43.7421],[1.2432,43.7451],[1.235,43.7517],[1.2324,43.7617],[1.2249,43.7608],[1.207,43.7548],[1.2039,43.7643],[1.2072,43.7692]]]}},{"type":"Feature","properties":{"code":"31270","nom":"Landorthe","app":9.31,"app_bas":7.58,"app_haut":11.43,"app_ech":"maille","app_obs":1,"mai":8.58,"mai_bas":6.72,"mai_haut":10.97,"mai_ech":"maille","mai_obs":37},"geometry":{"type":"Polygon","coordinates":[[[0.8011,43.1347],[0.7925,43.124],[0.7939,43.1128],[0.7708,43.1128],[0.7708,43.1181],[0.7586,43.1205],[0.7544,43.1308],[0.7557,43.1427],[0.7605,43.1447],[0.7736,43.1444],[0.7836,43.1365],[0.7962,43.1354],[0.7967,43.1427],[0.8086,43.1407],[0.8011,43.1347]]]}},{"type":"Feature","properties":{"code":"31571","nom":"Vendine","app":9.62,"app_bas":7.83,"app_haut":11.82,"app_ech":"maille","app_obs":0,"mai":9.36,"mai_bas":7.08,"mai_haut":12.36,"mai_ech":"maille","mai_obs":10},"geometry":{"type":"Polygon","coordinates":[[[1.7726,43.5923],[1.7764,43.584],[1.7655,43.5774],[1.7558,43.591],[1.764,43.6036],[1.7712,43.6],[1.7726,43.5923]]]}},{"type":"Feature","properties":{"code":"31134","nom":"Cazeneuve-Montaut","app":9.17,"app_bas":7.29,"app_haut":11.55,"app_ech":"maille","app_obs":0,"mai":7.07,"mai_bas":5.38,"mai_haut":9.29,"mai_ech":"maille","mai_obs":4},"geometry":{"type":"Polygon","coordinates":[[[0.8554,43.1721],[0.8502,43.1724],[0.8446,43.1746],[0.8486,43.1835],[0.8558,43.1884],[0.8589,43.2008],[0.867,43.1939],[0.8677,43.1866],[0.878,43.1842],[0.8769,43.1753],[0.8637,43.1717],[0.8554,43.1721]]]}},{"type":"Feature","properties":{"code":"31283","nom":"Lautignac","app":10.03,"app_bas":8.72,"app_haut":11.53,"app_ech":"maille","app_obs":4,"mai":10.24,"mai_bas":8.13,"mai_haut":12.9,"mai_ech":"maille","mai_obs":2},"geometry":{"type":"Polygon","coordinates":[[[1.0431,43.3531],[1.0327,43.3646],[1.0334,43.3688],[1.0448,43.3683],[1.0491,43.3727],[1.0394,43.3795],[1.0426,43.3905],[1.0507,43.4014],[1.0456,43.4061],[1.0606,43.4012],[1.0719,43.4005],[1.0891,43.3954],[1.1017,43.3886],[1.0874,43.3785],[1.0801,43.3703],[1.0714,43.3693],[1.0679,43.3644],[1.0745,43.3553],[1.0486,43.3516],[1.0431,43.3531]]]}},{"type":"Feature","properties":{"code":"31396","nom":"Nailloux","app":10.64,"app_bas":9.01,"app_haut":12.57,"app_ech":"commune","app_obs":468,"mai":9.23,"mai_bas":7.21,"mai_haut":11.82,"mai_ech":"commune","mai_obs":165},"geometry":{"type":"Polygon","coordinates":[[[1.5755,43.3675],[1.5795,43.3754],[1.601,43.381],[1.5988,43.3922],[1.6018,43.3935],[1.6178,43.3822],[1.6374,43.3726],[1.6488,43.3738],[1.6512,43.3641],[1.646,43.3607],[1.6414,43.3486],[1.6225,43.3477],[1.6147,43.3493],[1.6094,43.3405],[1.5755,43.3675]]]}},{"type":"Feature","properties":{"code":"31486","nom":"Saint-Hilaire","app":10.58,"app_bas":8.87,"app_haut":12.63,"app_ech":"maille","app_obs":33,"mai":12.07,"mai_bas":9.85,"mai_haut":14.8,"mai_ech":"maille","mai_obs":85},"geometry":{"type":"Polygon","coordinates":[[[1.2432,43.4183],[1.2465,43.4242],[1.2693,43.4326],[1.289,43.4269],[1.2938,43.4237],[1.2772,43.4094],[1.2735,43.411],[1.2512,43.4137],[1.2432,43.4183]]]}},{"type":"Feature","properties":{"code":"31497","nom":"Saint-Loup-Cammas","app":11.56,"app_bas":9.79,"app_haut":13.66,"app_ech":"maille","app_obs":90,"mai":12.09,"mai_bas":9.6,"mai_haut":15.22,"mai_ech":"commune","mai_obs":103},"geometry":{"type":"Polygon","coordinates":[[[1.4763,43.7097],[1.4823,43.7048],[1.4899,43.7074],[1.4976,43.6944],[1.4821,43.6903],[1.467,43.6915],[1.4616,43.6842],[1.4592,43.684],[1.4615,43.6913],[1.4672,43.6935],[1.4692,43.7],[1.4763,43.7097]]]}},{"type":"Feature","properties":{"code":"31562","nom":"Urau","app":9.21,"app_bas":7.37,"app_haut":11.5,"app_ech":"maille","app_obs":0,"mai":7.91,"mai_bas":5.96,"mai_haut":10.51,"mai_ech":"maille","mai_obs":0},"geometry":{"type":"Polygon","coordinates":[[[0.9276,43.0177],[0.9291,43.0232],[0.9416,43.0306],[0.9566,43.0251],[0.9634,43.0191],[0.9721,42.9997],[0.9814,42.9938],[0.9951,42.9908],[0.9812,42.9791],[0.9791,42.9744],[0.9647,42.9708],[0.9477,42.9861],[0.937,42.994],[0.9229,43.0086],[0.9276,43.0177]]]}},{"type":"Feature","properties":{"code":"31104","nom":"Capens","app":10.29,"app_bas":8.35,"app_haut":12.69,"app_ech":"maille","app_obs":5,"mai":11.13,"mai_bas":8.81,"mai_haut":14.05,"mai_ech":"maille","mai_obs":12},"geometry":{"type":"Polygon","coordinates":[[[1.2322,43.3394],[1.2471,43.3482],[1.2625,43.3429],[1.2764,43.3444],[1.274,43.3389],[1.2793,43.3355],[1.2891,43.324],[1.2641,43.3235],[1.2563,43.3255],[1.243,43.3338],[1.2322,43.3365],[1.2322,43.3394]]]}},{"type":"Feature","properties":{"code":"31117","nom":"Castelmaurou","app":11.42,"app_bas":9.14,"app_haut":14.27,"app_ech":"commune","app_obs":137,"mai":11.82,"mai_bas":9.27,"mai_haut":15.07,"mai_ech":"commune","mai_obs":186},"geometry":{"type":"Polygon","coordinates":[[[1.4875,43.6804],[1.498,43.6831],[1.515,43.6838],[1.5223,43.6822],[1.5302,43.6915],[1.5203,43.7001],[1.5266,43.7152],[1.5303,43.716],[1.5525,43.6996],[1.5652,43.6949],[1.5684,43.6886],[1.5626,43.6802],[1.5579,43.666],[1.555,43.6613],[1.5447,43.6568],[1.5354,43.6698],[1.5229,43.6747],[1.5057,43.6697],[1.4875,43.6804]]]}},{"type":"Feature","properties":{"code":"31012","nom":"Arbon","app":9.17,"app_bas":7.29,"app_haut":11.55,"app_ech":"maille","app_obs":0,"mai":8.58,"mai_bas":6.72,"mai_haut":10.97,"mai_ech":"maille","mai_obs":3},"geometry":{"type":"Polygon","coordinates":[[[0.7511,42.9989],[0.7505,42.9921],[0.7122,42.9961],[0.715,43.0044],[0.722,43.0114],[0.7473,43.0047],[0.7511,42.9989]]]}},{"type":"Feature","properties":{"code":"31147","nom":"Clarac","app":10.01,"app_bas":8.05,"app_haut":12.46,"app_ech":"maille","app_obs":1,"mai":9.99,"mai_bas":7.67,"mai_haut":13.01,"mai_ech":"maille","mai_obs":27},"geometry":{"type":"Polygon","coordinates":[[[0.6151,43.1318],[0.622,43.1216],[0.6276,43.1094],[0.6251,43.1049],[0.6298,43.1004],[0.621,43.0908],[0.6148,43.1072],[0.6009,43.1259],[0.6014,43.1279],[0.6151,43.1318]]]}},{"type":"Feature","properties":{"code":"31271","nom":"Lanta","app":11.15,"app_bas":9.32,"app_haut":13.35,"app_ech":"maille","app_obs":76,"mai":8.63,"mai_bas":6.6,"mai_haut":11.3,"mai_ech":"maille","mai_obs":96},"geometry":{"type":"Polygon","coordinates":[[[1.6265,43.5413],[1.6317,43.5446],[1.6399,43.5527],[1.6424,43.562],[1.6345,43.5687],[1.6351,43.5765],[1.6395,43.5839],[1.6578,43.5843],[1.6681,43.5904],[1.6745,43.5911],[1.6855,43.5862],[1.6992,43.5878],[1.7072,43.5832],[1.7095,43.5789],[1.7084,43.5588],[1.6969,43.5462],[1.6829,43.5499],[1.6704,43.5428],[1.6658,43.534],[1.6526,43.5233],[1.6476,43.5278],[1.6297,43.5355],[1.6265,43.5413]]]}},{"type":"Feature","properties":{"code":"31405","nom":"Ore","app":9.31,"app_bas":7.58,"app_haut":11.43,"app_ech":"maille","app_obs":1,"mai":9.05,"mai_bas":6.5,"mai_haut":12.59,"mai_ech":"epci","mai_obs":5},"geometry":{"type":"Polygon","coordinates":[[[0.6363,42.9684],[0.6355,42.9689],[0.6355,42.9765],[0.6414,42.9835],[0.6594,42.9779],[0.659,42.9754],[0.65,42.9641],[0.6435,42.9637],[0.6363,42.9684]]]}},{"type":"Feature","properties":{"code":"31423","nom":"Plagnole","app":10.03,"app_bas":8.72,"app_haut":11.53,"app_ech":"maille","app_obs":1,"mai":8.78,"mai_bas":7.01,"mai_haut":11,"mai_ech":"maille","mai_obs":0},"geometry":{"type":"Polygon","coordinates":[[[1.0719,43.4005],[1.0606,43.4012],[1.0456,43.4061],[1.0416,43.4082],[1.038,43.4149],[1.0456,43.4233],[1.0664,43.4214],[1.0661,43.4181],[1.0804,43.4125],[1.0886,43.4153],[1.1011,43.4119],[1.0919,43.4067],[1.0823,43.4062],[1.0719,43.4005]]]}},{"type":"Feature","properties":{"code":"31426","nom":"Pointis-de-Rivière","app":8.93,"app_bas":7.12,"app_haut":11.22,"app_ech":"maille","app_obs":5,"mai":9.99,"mai_bas":7.67,"mai_haut":13.01,"mai_ech":"maille","mai_obs":20},"geometry":{"type":"Polygon","coordinates":[[[0.6526,43.1075],[0.6511,43.0958],[0.639,43.0907],[0.6275,43.0805],[0.612,43.0744],[0.6032,43.0824],[0.5994,43.0901],[0.6016,43.0973],[0.621,43.0908],[0.6337,43.1042],[0.6526,43.1075]]]}},{"type":"Feature","properties":{"code":"31551","nom":"Tarabel","app":11.75,"app_bas":10.6,"app_haut":13.02,"app_ech":"maille","app_obs":1,"mai":9.3,"mai_bas":7.26,"mai_haut":11.92,"mai_ech":"maille","mai_obs":13},"geometry":{"type":"Polygon","coordinates":[[[1.6848,43.5018],[1.6759,43.4987],[1.6568,43.5023],[1.657,43.5192],[1.6673,43.5219],[1.6744,43.5268],[1.7021,43.516],[1.6848,43.5018]]]}},{"type":"Feature","properties":{"code":"31031","nom":"Ausson","app":10.01,"app_bas":8.05,"app_haut":12.46,"app_ech":"maille","app_obs":0,"mai":9.99,"mai_bas":7.67,"mai_haut":13.01,"mai_ech":"maille","mai_obs":11},"geometry":{"type":"Polygon","coordinates":[[[0.6032,43.0824],[0.589,43.078],[0.5808,43.0796],[0.5866,43.085],[0.5795,43.0905],[0.5748,43.0994],[0.5883,43.1053],[0.6016,43.0973],[0.5994,43.0901],[0.6032,43.0824]]]}},{"type":"Feature","properties":{"code":"31112","nom":"Castagnède","app":9.21,"app_bas":7.37,"app_haut":11.5,"app_ech":"maille","app_obs":0,"mai":7.92,"mai_bas":5.92,"mai_haut":10.6,"mai_ech":"maille","mai_obs":1},"geometry":{"type":"Polygon","coordinates":[[[0.9585,43.0489],[0.9611,43.0546],[0.9688,43.0586],[0.9856,43.0625],[0.9829,43.054],[0.9886,43.0472],[0.9933,43.0484],[0.9944,43.0398],[0.9932,43.0396],[0.9845,43.0449],[0.9585,43.0489]]]}},{"type":"Feature","properties":{"code":"31534","nom":"Saussens","app":11.77,"app_bas":9.45,"app_haut":14.67,"app_ech":"maille","app_obs":0,"mai":9.36,"mai_bas":7.08,"mai_haut":12.36,"mai_ech":"maille","mai_obs":5},"geometry":{"type":"Polygon","coordinates":[[[1.7447,43.6044],[1.745,43.6035],[1.7368,43.6002],[1.7302,43.591],[1.7325,43.5819],[1.7206,43.5835],[1.7095,43.5789],[1.7072,43.5832],[1.7241,43.5993],[1.7407,43.606],[1.7447,43.6044]]]}},{"type":"Feature","properties":{"code":"31034","nom":"Auzas","app":9.49,"app_bas":7.65,"app_haut":11.79,"app_ech":"maille","app_obs":2,"mai":7.07,"mai_bas":5.38,"mai_haut":9.29,"mai_ech":"maille","mai_obs":3},"geometry":{"type":"Polygon","coordinates":[[[0.8812,43.1559],[0.8732,43.1628],[0.8781,43.1709],[0.8769,43.1753],[0.878,43.1842],[0.8868,43.183],[0.8998,43.1911],[0.9062,43.1912],[0.9148,43.1898],[0.9146,43.181],[0.911,43.1712],[0.8978,43.1667],[0.8812,43.1559]]]}},{"type":"Feature","properties":{"code":"31114","nom":"Castelbiague","app":9.21,"app_bas":7.37,"app_haut":11.5,"app_ech":"maille","app_obs":0,"mai":7.92,"mai_bas":5.92,"mai_haut":10.6,"mai_ech":"maille","mai_obs":7},"geometry":{"type":"Polygon","coordinates":[[[0.9276,43.0177],[0.9201,43.0191],[0.9126,43.0338],[0.9182,43.0482],[0.9399,43.0478],[0.9428,43.0401],[0.9416,43.0306],[0.9291,43.0232],[0.9276,43.0177]]]}},{"type":"Feature","properties":{"code":"31122","nom":"Casties-Labrande","app":8.71,"app_bas":7.21,"app_haut":10.52,"app_ech":"maille","app_obs":0,"mai":10.24,"mai_bas":8.13,"mai_haut":12.9,"mai_ech":"maille","mai_obs":0},"geometry":{"type":"Polygon","coordinates":[[[0.9727,43.3331],[0.9851,43.3346],[1.0021,43.3402],[1.0167,43.3409],[1.0238,43.3316],[1.0194,43.3258],[1.0053,43.3187],[0.9959,43.3221],[0.9864,43.319],[0.9857,43.3146],[0.9655,43.3155],[0.9689,43.3211],[0.9649,43.3251],[0.9665,43.3329],[0.9727,43.3331]]]}},{"type":"Feature","properties":{"code":"31008","nom":"Anan","app":9.49,"app_bas":7.65,"app_haut":11.79,"app_ech":"maille","app_obs":0,"mai":9,"mai_bas":6.61,"mai_haut":12.26,"mai_ech":"maille","mai_obs":4},"geometry":{"type":"Polygon","coordinates":[[[0.7879,43.3404],[0.7822,43.3509],[0.7835,43.3568],[0.7897,43.3727],[0.8145,43.362],[0.8347,43.3643],[0.8492,43.3554],[0.8438,43.3544],[0.836,43.3437],[0.8246,43.3365],[0.8149,43.3354],[0.7959,43.3403],[0.7879,43.3404]]]}},{"type":"Feature","properties":{"code":"31211","nom":"Gargas","app":11.66,"app_bas":10.1,"app_haut":13.46,"app_ech":"maille","app_obs":4,"mai":10.86,"mai_bas":9.04,"mai_haut":13.04,"mai_ech":"maille","mai_obs":16},"geometry":{"type":"Polygon","coordinates":[[[1.456,43.7763],[1.4817,43.7618],[1.4735,43.7513],[1.4682,43.7422],[1.4557,43.7472],[1.4427,43.7509],[1.443,43.769],[1.456,43.7763]]]}},{"type":"Feature","properties":{"code":"31308","nom":"Luscan","app":9.49,"app_bas":6.59,"app_haut":13.66,"app_ech":"maille","app_obs":3,"mai":9.99,"mai_bas":7.67,"mai_haut":13.01,"mai_ech":"maille","mai_obs":0},"geometry":{"type":"Polygon","coordinates":[[[0.6157,43.0111],[0.6165,43.0204],[0.6157,43.0215],[0.6279,43.0232],[0.6366,43.0177],[0.6396,43.0072],[0.625,43.0023],[0.6157,43.0111]]]}},{"type":"Feature","properties":{"code":"31338","nom":"Menville","app":12.2,"app_bas":10.81,"app_haut":13.77,"app_ech":"maille","app_obs":4,"mai":11.27,"mai_bas":9.24,"mai_haut":13.75,"mai_ech":"maille","mai_obs":32},"geometry":{"type":"Polygon","coordinates":[[[1.199,43.6857],[1.2093,43.6838],[1.2026,43.6755],[1.1838,43.6662],[1.1763,43.668],[1.174,43.6747],[1.1681,43.68],[1.18,43.6888],[1.191,43.6906],[1.199,43.6857]]]}},{"type":"Feature","properties":{"code":"31436","nom":"Pouy-de-Touges","app":8.71,"app_bas":7.21,"app_haut":10.52,"app_ech":"maille","app_obs":5,"mai":7.07,"mai_bas":5.38,"mai_haut":9.29,"mai_ech":"maille","mai_obs":7},"geometry":{"type":"Polygon","coordinates":[[[1.0879,43.331],[1.0697,43.3244],[1.0589,43.3238],[1.0393,43.3181],[1.0194,43.3258],[1.0238,43.3316],[1.0167,43.3409],[1.0326,43.3455],[1.0431,43.3531],[1.0486,43.3516],[1.072,43.3545],[1.075,43.3446],[1.0687,43.3423],[1.0677,43.3357],[1.0879,43.331]]]}},{"type":"Feature","properties":{"code":"31514","nom":"Saint-Rome","app":9.83,"app_bas":8.02,"app_haut":12.04,"app_ech":"maille","app_obs":0,"mai":9.15,"mai_bas":7.12,"mai_haut":11.76,"mai_ech":"maille","mai_obs":0},"geometry":{"type":"Polygon","coordinates":[[[1.6899,43.4069],[1.6688,43.4034],[1.6683,43.4094],[1.6552,43.4213],[1.6577,43.4265],[1.6821,43.4202],[1.694,43.4115],[1.6899,43.4069]]]}},{"type":"Feature","properties":{"code":"31130","nom":"Cazaril-Tambourès","app":10.01,"app_bas":8.05,"app_haut":12.46,"app_ech":"maille","app_obs":0,"mai":9.99,"mai_bas":7.67,"mai_haut":13.01,"mai_ech":"maille","mai_obs":0},"geometry":{"type":"Polygon","coordinates":[[[0.5726,43.1927],[0.5768,43.189],[0.5722,43.1847],[0.55,43.1764],[0.53,43.1638],[0.5207,43.1651],[0.5058,43.1718],[0.5302,43.1789],[0.5457,43.1903],[0.5646,43.1906],[0.5726,43.1927]]]}},{"type":"Feature","properties":{"code":"31144","nom":"Cierp-Gaud","app":9.31,"app_bas":7.58,"app_haut":11.43,"app_ech":"maille","app_obs":58,"mai":9.05,"mai_bas":6.5,"mai_haut":12.59,"mai_ech":"epci","mai_obs":16},"geometry":{"type":"Polygon","coordinates":[[[0.6154,42.9368],[0.6287,42.9333],[0.6468,42.9328],[0.6495,42.9347],[0.6517,42.9264],[0.6494,42.9143],[0.6525,42.8966],[0.6584,42.888],[0.6608,42.8752],[0.6582,42.8665],[0.6502,42.8726],[0.6509,42.8837],[0.6324,42.8997],[0.6353,42.9102],[0.6223,42.9161],[0.6056,42.916],[0.5976,42.918],[0.6002,42.928],[0.6056,42.934],[0.6154,42.9368]]]}},{"type":"Feature","properties":{"code":"31590","nom":"Binos","app":9.49,"app_bas":6.59,"app_haut":13.66,"app_ech":"maille","app_obs":3,"mai":8.34,"mai_bas":6.46,"mai_haut":10.77,"mai_ech":"maille","mai_obs":0},"geometry":{"type":"Polygon","coordinates":[[[0.5955,42.9101],[0.6135,42.9087],[0.6266,42.9011],[0.6146,42.8988],[0.599,42.9026],[0.5923,42.9085],[0.5955,42.9101]]]}},{"type":"Feature","properties":{"code":"31028","nom":"Aurignac","app":8.75,"app_bas":6.91,"app_haut":11.08,"app_ech":"commune","app_obs":113,"mai":7.07,"mai_bas":5.38,"mai_haut":9.29,"mai_ech":"maille","mai_obs":74},"geometry":{"type":"Polygon","coordinates":[[[0.8938,43.2195],[0.9057,43.2163],[0.905,43.2081],[0.9147,43.199],[0.9156,43.1917],[0.9148,43.1898],[0.9062,43.1912],[0.8977,43.1965],[0.8834,43.1996],[0.8735,43.1999],[0.867,43.1939],[0.8589,43.2008],[0.8538,43.2069],[0.839,43.2144],[0.8261,43.224],[0.8322,43.2352],[0.8391,43.2367],[0.8728,43.2294],[0.8846,43.2196],[0.8938,43.2195]]]}},{"type":"Feature","properties":{"code":"31464","nom":"Sabonnères","app":10.14,"app_bas":7.98,"app_haut":12.89,"app_ech":"maille","app_obs":3,"mai":9.1,"mai_bas":7.33,"mai_haut":11.28,"mai_ech":"maille","mai_obs":18},"geometry":{"type":"Polygon","coordinates":[[[1.0842,43.4476],[1.0501,43.4606],[1.0417,43.4608],[1.0175,43.4736],[1.0375,43.4856],[1.0705,43.4763],[1.0822,43.4744],[1.0966,43.4662],[1.0853,43.4617],[1.0803,43.4559],[1.0842,43.4476]]]}},{"type":"Feature","properties":{"code":"31474","nom":"Saint-Christaud","app":8.71,"app_bas":7.21,"app_haut":10.52,"app_ech":"maille","app_obs":0,"mai":8.36,"mai_bas":6.39,"mai_haut":10.92,"mai_ech":"maille","mai_obs":5},"geometry":{"type":"Polygon","coordinates":[[[1.1656,43.2004],[1.1588,43.19],[1.1471,43.191],[1.1416,43.1857],[1.1396,43.1781],[1.1236,43.1804],[1.1052,43.1762],[1.1023,43.1881],[1.102,43.2042],[1.1081,43.2065],[1.1226,43.2014],[1.1382,43.2032],[1.1583,43.2031],[1.1656,43.2004]]]}},{"type":"Feature","properties":{"code":"31563","nom":"Vacquiers","app":11.66,"app_bas":10.1,"app_haut":13.46,"app_ech":"maille","app_obs":14,"mai":10.86,"mai_bas":9.04,"mai_haut":13.04,"mai_ech":"maille","mai_obs":31},"geometry":{"type":"Polygon","coordinates":[[[1.5222,43.8067],[1.5112,43.7965],[1.5089,43.7916],[1.4998,43.7858],[1.4967,43.7757],[1.5016,43.7691],[1.4946,43.7691],[1.4817,43.7618],[1.456,43.7763],[1.4497,43.7883],[1.4568,43.7982],[1.4677,43.8045],[1.4715,43.8093],[1.4967,43.8131],[1.5121,43.8166],[1.5122,43.8115],[1.5222,43.8067]]]}}]}