{"type":"FeatureCollection","features":[{"type":"Feature","properties":{"code":"33200","nom":"Haillan","app":13.96,"app_bas":12.1,"app_haut":16.09,"app_ech":"commune","app_obs":1291,"mai":13.59,"mai_bas":9.87,"mai_haut":18.69,"mai_ech":"commune","mai_obs":322,"a12":16.35,"a3":12.93},"geometry":{"type":"Polygon","coordinates":[[[-0.6807,44.8948],[-0.6692,44.8955],[-0.6698,44.8816],[-0.6639,44.8668],[-0.6666,44.8581],[-0.6754,44.8587],[-0.7194,44.8469],[-0.7186,44.8509],[-0.7057,44.861],[-0.6943,44.8671],[-0.6868,44.881],[-0.6857,44.8905],[-0.6807,44.8948]]]}},{"type":"Feature","properties":{"code":"33332","nom":"Porchères","app":10.84,"app_bas":8.66,"app_haut":13.57,"app_ech":"maille","app_obs":5,"mai":8.6,"mai_bas":6.9,"mai_haut":10.72,"mai_ech":"maille","mai_obs":24,"a12":13.53,"a3":9.29},"geometry":{"type":"Polygon","coordinates":[[[-0.0054,45.0546],[0.0063,45.0561],[0.0248,45.0493],[0.0312,45.0499],[0.0272,45.043],[0.0297,45.0313],[0.0165,45.0266],[0.0053,45.0252],[-0.002,45.0173],[-0.0117,45.0191],[-0.0147,45.024],[-0.0281,45.0179],[-0.0307,45.0268],[-0.0237,45.0273],[-0.0266,45.0346],[-0.0215,45.043],[-0.0115,45.0474],[-0.0054,45.0546]]]}},{"type":"Feature","properties":{"code":"33453","nom":"Saint-Michel-de-Lapujade","app":10.16,"app_bas":8.1,"app_haut":12.76,"app_ech":"maille","app_obs":2,"mai":8.93,"mai_bas":6.91,"mai_haut":11.54,"mai_ech":"maille","mai_obs":5,"a12":12.07,"a3":7.85},"geometry":{"type":"Polygon","coordinates":[[[0.0425,44.5815],[0.0607,44.5843],[0.0655,44.5866],[0.0797,44.5998],[0.0907,44.6017],[0.1123,44.5981],[0.1166,44.5939],[0.1103,44.5901],[0.0906,44.5869],[0.0639,44.5769],[0.0508,44.5748],[0.0391,44.5701],[0.0425,44.5815]]]}},{"type":"Feature","properties":{"code":"33467","nom":"Saint-Quentin-de-Caplong","app":10.86,"app_bas":8.21,"app_haut":14.35,"app_ech":"maille","app_obs":0,"mai":8.86,"mai_bas":6.86,"mai_haut":11.45,"mai_ech":"maille","mai_obs":22,"a12":12.07,"a3":9.05},"geometry":{"type":"Polygon","coordinates":[[[0.1292,44.7784],[0.12,44.7827],[0.1139,44.7915],[0.1097,44.7931],[0.1072,44.8041],[0.108,44.8053],[0.121,44.8025],[0.1315,44.8046],[0.1314,44.8121],[0.1461,44.8076],[0.1653,44.8087],[0.1589,44.7827],[0.142,44.7823],[0.1292,44.7784]]]}},{"type":"Feature","properties":{"code":"33138","nom":"Coutras","app":12.06,"app_bas":9.64,"app_haut":15.08,"app_ech":"commune","app_obs":688,"mai":9.83,"mai_bas":7.75,"mai_haut":12.46,"mai_ech":"commune","mai_obs":511,"a12":13.96,"a3":10.32},"geometry":{"type":"Polygon","coordinates":[[[-0.159,45.0344],[-0.1745,45.0423],[-0.1703,45.0473],[-0.1625,45.0536],[-0.137,45.0577],[-0.1273,45.0685],[-0.089,45.0547],[-0.0834,45.0434],[-0.0691,45.0441],[-0.0675,45.0489],[-0.0461,45.0438],[-0.0498,45.0304],[-0.0266,45.0346],[-0.0237,45.0273],[-0.0436,45.0275],[-0.0425,45.021],[-0.0534,45.0199],[-0.0605,45.0223],[-0.0706,45.0211],[-0.0812,45.026],[-0.0907,45.0269],[-0.0892,45.0177],[-0.1012,45.0169],[-0.1189,45.0132],[-0.1278,45.0242],[-0.1441,45.0272],[-0.1476,45.0329],[-0.159,45.0344]]]}},{"type":"Feature","properties":{"code":"33468","nom":"Sainte-Radegonde","app":10.06,"app_bas":8.11,"app_haut":12.47,"app_ech":"maille","app_obs":0,"mai":7.74,"mai_bas":5.87,"mai_haut":10.2,"mai_ech":"maille","mai_obs":10,"a12":12.93,"a3":7.47},"geometry":{"type":"Polygon","coordinates":[[[0.0367,44.7799],[0.024,44.7768],[0.0205,44.7816],[0.0185,44.7947],[-0.0046,44.8044],[-0.003,44.8113],[0.0014,44.8185],[0.0058,44.8317],[0.0141,44.822],[0.028,44.8177],[0.031,44.812],[0.0498,44.8027],[0.0613,44.8021],[0.0617,44.797],[0.0465,44.7945],[0.0343,44.7879],[0.0367,44.7799]]]}},{"type":"Feature","properties":{"code":"33009","nom":"Arcachon","app":17,"app_bas":13.36,"app_haut":21.63,"app_ech":"commune","app_obs":1436,"mai":16.38,"mai_bas":11.79,"mai_haut":22.78,"mai_ech":"commune","mai_obs":234,"a12":19.43,"a3":15.63},"geometry":{"type":"Polygon","coordinates":[[[-1.2044,44.6387],[-1.1915,44.6607],[-1.1812,44.6636],[-1.1618,44.6634],[-1.1452,44.6576],[-1.1392,44.6537],[-1.2044,44.6387]]]}},{"type":"Feature","properties":{"code":"33062","nom":"Bonzac","app":10.6,"app_bas":8.58,"app_haut":13.1,"app_ech":"maille","app_obs":5,"mai":10.13,"mai_bas":8.03,"mai_haut":12.78,"mai_ech":"maille","mai_obs":23,"a12":13.26,"a3":10.49},"geometry":{"type":"Polygon","coordinates":[[[-0.2364,45.0111],[-0.2242,45.0204],[-0.2201,45.0305],[-0.2123,45.0317],[-0.2099,45.0241],[-0.2143,45.0166],[-0.2039,44.9999],[-0.2092,44.9911],[-0.2177,44.9932],[-0.2251,44.9891],[-0.2242,44.9926],[-0.2438,45.002],[-0.2364,45.0111]]]}},{"type":"Feature","properties":{"code":"33269","nom":"Margueron","app":10.86,"app_bas":8.21,"app_haut":14.35,"app_ech":"maille","app_obs":0,"mai":7.74,"mai_bas":5.87,"mai_haut":10.2,"mai_ech":"maille","mai_obs":9,"a12":12.93,"a3":7.85},"geometry":{"type":"Polygon","coordinates":[[[0.2513,44.7798],[0.2579,44.7742],[0.274,44.7836],[0.282,44.7731],[0.2973,44.7623],[0.29,44.7574],[0.2557,44.7501],[0.245,44.7525],[0.2385,44.7634],[0.2285,44.7647],[0.225,44.761],[0.21,44.7687],[0.2135,44.7766],[0.2227,44.7792],[0.2315,44.7769],[0.2357,44.7721],[0.2487,44.7767],[0.2513,44.7798]]]}},{"type":"Feature","properties":{"code":"33325","nom":"Plassac","app":14.09,"app_bas":11.33,"app_haut":17.51,"app_ech":"maille","app_obs":20,"mai":8.11,"mai_bas":6.15,"mai_haut":10.68,"mai_ech":"maille","mai_obs":34,"a12":13.33,"a3":9.73},"geometry":{"type":"Polygon","coordinates":[[[-0.6178,45.1117],[-0.604,45.1078],[-0.6113,45.0987],[-0.643,45.0909],[-0.6618,45.0788],[-0.6666,45.071],[-0.6762,45.0789],[-0.6837,45.0893],[-0.6864,45.1024],[-0.6484,45.1109],[-0.6414,45.1143],[-0.6214,45.1145],[-0.6178,45.1117]]]}},{"type":"Feature","properties":{"code":"33338","nom":"Prignac-en-Médoc","app":null,"app_bas":null,"app_haut":null,"app_ech":null,"app_obs":0,"mai":null,"mai_bas":null,"mai_haut":null,"mai_ech":null,"mai_obs":0,"a12":null,"a3":null},"geometry":{"type":"Polygon","coordinates":[[[-0.936,45.3361],[-0.9213,45.3334],[-0.9099,45.3352],[-0.9064,45.3267],[-0.8982,45.3222],[-0.8929,45.3235],[-0.882,45.321],[-0.8811,45.3144],[-0.8847,45.3079],[-0.8927,45.3084],[-0.909,45.3039],[-0.917,45.3072],[-0.9216,45.3135],[-0.926,45.3264],[-0.936,45.3361]]]}},{"type":"Feature","properties":{"code":"33438","nom":"Saint-Maixant","app":11.67,"app_bas":9.36,"app_haut":14.54,"app_ech":"maille","app_obs":21,"mai":11.28,"mai_bas":8.83,"mai_haut":14.41,"mai_ech":"commune","mai_obs":131,"a12":12.65,"a3":9.38},"geometry":{"type":"Polygon","coordinates":[[[-0.2749,44.5775],[-0.266,44.5821],[-0.2452,44.5841],[-0.2396,44.586],[-0.2245,44.6026],[-0.2212,44.6001],[-0.2303,44.5821],[-0.233,44.5723],[-0.2304,44.5679],[-0.2404,44.5656],[-0.2519,44.5593],[-0.2749,44.5775]]]}},{"type":"Feature","properties":{"code":"33478","nom":"Saint-Seurin-sur-l'Isle","app":11.39,"app_bas":9.08,"app_haut":14.3,"app_ech":"commune","app_obs":196,"mai":9.45,"mai_bas":7.43,"mai_haut":12.01,"mai_ech":"commune","mai_obs":201,"a12":12.04,"a3":7.47},"geometry":{"type":"Polygon","coordinates":[[[-0.0228,45.0078],[-0.0281,45.0179],[-0.0147,45.024],[-0.0117,45.0191],[-0.002,45.0173],[0.0053,45.0252],[0.0165,45.0266],[0.018,45.0028],[0.0073,44.991],[0.0016,44.9939],[0.0016,45.0013],[-0.0054,45.0029],[-0.0091,44.9971],[-0.0215,45.0027],[-0.0228,45.0078]]]}},{"type":"Feature","properties":{"code":"33532","nom":"Tizac-de-Lapouyade","app":11.3,"app_bas":9.53,"app_haut":13.39,"app_ech":"maille","app_obs":0,"mai":9.51,"mai_bas":7.64,"mai_haut":11.83,"mai_ech":"maille","mai_obs":9,"a12":13.92,"a3":10.05},"geometry":{"type":"Polygon","coordinates":[[[-0.3168,45.0477],[-0.3197,45.0498],[-0.3346,45.0704],[-0.3289,45.0805],[-0.3197,45.0917],[-0.3101,45.0889],[-0.2985,45.0748],[-0.2878,45.0692],[-0.3051,45.0616],[-0.3042,45.054],[-0.3168,45.0477]]]}},{"type":"Feature","properties":{"code":"33040","nom":"Béguey","app":11.41,"app_bas":8.63,"app_haut":15.09,"app_ech":"maille","app_obs":61,"mai":9.61,"mai_bas":7.33,"mai_haut":12.6,"mai_ech":"maille","mai_obs":72,"a12":12.66,"a3":9.79},"geometry":{"type":"Polygon","coordinates":[[[-0.3223,44.6619],[-0.3119,44.6508],[-0.3224,44.6387],[-0.3283,44.6367],[-0.3397,44.652],[-0.3223,44.6619]]]}},{"type":"Feature","properties":{"code":"33446","nom":"Saint-Martin-du-Puy","app":10.22,"app_bas":8.27,"app_haut":12.62,"app_ech":"maille","app_obs":2,"mai":8.74,"mai_bas":6.96,"mai_haut":10.99,"mai_ech":"maille","mai_obs":4,"a12":12.57,"a3":8.01},"geometry":{"type":"Polygon","coordinates":[[[-0.0612,44.6673],[-0.0547,44.6738],[-0.0472,44.6855],[-0.0374,44.6908],[-0.0125,44.6809],[-0.0118,44.6787],[-0.0152,44.6748],[-0.016,44.6658],[-0.028,44.6583],[-0.0496,44.6611],[-0.0585,44.6639],[-0.0612,44.6673]]]}},{"type":"Feature","properties":{"code":"33504","nom":"Sauternes","app":10.27,"app_bas":8.32,"app_haut":12.67,"app_ech":"maille","app_obs":2,"mai":10.79,"mai_bas":8.53,"mai_haut":13.64,"mai_ech":"maille","mai_obs":16,"a12":13.09,"a3":9.79},"geometry":{"type":"Polygon","coordinates":[[[-0.3155,44.543],[-0.3238,44.53],[-0.316,44.5205],[-0.3136,44.5129],[-0.3302,44.5194],[-0.3381,44.5175],[-0.3558,44.5168],[-0.3744,44.5244],[-0.3614,44.5403],[-0.3515,44.5389],[-0.3363,44.5416],[-0.3294,44.5542],[-0.3216,44.5498],[-0.3155,44.543]]]}},{"type":"Feature","properties":{"code":"33046","nom":"Bernos-Beaulac","app":10.31,"app_bas":8.24,"app_haut":12.9,"app_ech":"maille","app_obs":20,"mai":8.82,"mai_bas":6.83,"mai_haut":11.38,"mai_ech":"maille","mai_obs":52,"a12":12.31,"a3":8.23},"geometry":{"type":"Polygon","coordinates":[[[-0.2361,44.4043],[-0.2379,44.4004],[-0.2364,44.3786],[-0.2289,44.364],[-0.2161,44.3631],[-0.221,44.3506],[-0.2294,44.3539],[-0.2343,44.3408],[-0.236,44.3267],[-0.2586,44.3303],[-0.2761,44.3247],[-0.2802,44.3287],[-0.2804,44.3389],[-0.2931,44.3541],[-0.2952,44.3633],[-0.2829,44.3771],[-0.2899,44.3768],[-0.3028,44.3816],[-0.2916,44.3899],[-0.2809,44.3955],[-0.246,44.3998],[-0.2361,44.4043]]]}},{"type":"Feature","properties":{"code":"33067","nom":"Bourg","app":10.23,"app_bas":8.49,"app_haut":12.32,"app_ech":"commune","app_obs":238,"mai":9.43,"mai_bas":7.41,"mai_haut":12.01,"mai_ech":"commune","mai_obs":140,"a12":12.34,"a3":9.85},"geometry":{"type":"Polygon","coordinates":[[[-0.5683,45.0582],[-0.5593,45.0615],[-0.5449,45.0565],[-0.5353,45.0498],[-0.5182,45.0339],[-0.5066,45.0305],[-0.5083,45.0247],[-0.5248,45.0172],[-0.5368,45.0258],[-0.5558,45.034],[-0.574,45.0369],[-0.5906,45.0379],[-0.5834,45.0461],[-0.5685,45.0513],[-0.5683,45.0582]]]}},{"type":"Feature","properties":{"code":"33221","nom":"Lamothe-Landerron","app":10.66,"app_bas":8.69,"app_haut":13.09,"app_ech":"maille","app_obs":26,"mai":8.93,"mai_bas":6.91,"mai_haut":11.54,"mai_ech":"maille","mai_obs":50,"a12":12.07,"a3":8.01},"geometry":{"type":"Polygon","coordinates":[[[0.0377,44.5541],[0.0361,44.5626],[0.0391,44.5701],[0.0508,44.5748],[0.0639,44.5769],[0.0822,44.5839],[0.0862,44.5763],[0.0831,44.5694],[0.0764,44.5636],[0.0687,44.5482],[0.0627,44.5508],[0.0377,44.5541]]]}},{"type":"Feature","properties":{"code":"33289","nom":"Monségur","app":10.16,"app_bas":8.1,"app_haut":12.76,"app_ech":"maille","app_obs":87,"mai":8.24,"mai_bas":6.16,"mai_haut":11.02,"mai_ech":"maille","mai_obs":72,"a12":12.93,"a3":8.01},"geometry":{"type":"Polygon","coordinates":[[[0.0886,44.6309],[0.0859,44.6398],[0.0791,44.6349],[0.0686,44.6353],[0.0565,44.6473],[0.0718,44.6554],[0.0872,44.6535],[0.0898,44.6625],[0.1031,44.6646],[0.1094,44.6615],[0.1099,44.6422],[0.1157,44.6395],[0.1,44.6304],[0.0886,44.6309]]]}},{"type":"Feature","properties":{"code":"33527","nom":"Teich","app":13.93,"app_bas":11.84,"app_haut":16.39,"app_ech":"commune","app_obs":720,"mai":13.82,"mai_bas":10.7,"mai_haut":17.85,"mai_ech":"commune","mai_obs":223,"a12":16.22,"a3":12.97},"geometry":{"type":"Polygon","coordinates":[[[-1.0441,44.6479],[-1.0047,44.6482],[-1.0007,44.6351],[-0.9951,44.6245],[-0.9878,44.6208],[-0.9792,44.6219],[-0.974,44.6162],[-0.9662,44.5968],[-0.9718,44.5952],[-0.9752,44.5799],[-0.9723,44.575],[-0.9854,44.5735],[-1.0111,44.5104],[-1.0266,44.5071],[-1.0852,44.5322],[-1.0636,44.5695],[-1.0506,44.6222],[-1.0427,44.6438],[-1.0441,44.6479]]]}},{"type":"Feature","properties":{"code":"33538","nom":"Valeyrac","app":11.34,"app_bas":9.07,"app_haut":14.18,"app_ech":"maille","app_obs":1,"mai":8.93,"mai_bas":7.16,"mai_haut":11.14,"mai_ech":"maille","mai_obs":9,"a12":12.29,"a3":9.28},"geometry":{"type":"Polygon","coordinates":[[[-0.8291,45.4235],[-0.817,45.4115],[-0.8632,45.3911],[-0.8697,45.3836],[-0.8784,45.378],[-0.8885,45.3765],[-0.9208,45.3797],[-0.9364,45.3852],[-0.9305,45.3956],[-0.9216,45.4021],[-0.9037,45.4081],[-0.8411,45.4351],[-0.8291,45.4235]]]}},{"type":"Feature","properties":{"code":"33003","nom":"Ambarès-et-Lagrave","app":13.65,"app_bas":11.5,"app_haut":16.2,"app_ech":"commune","app_obs":865,"mai":11.89,"mai_bas":9.48,"mai_haut":14.91,"mai_ech":"commune","mai_obs":689,"a12":16.1,"a3":11.87},"geometry":{"type":"Polygon","coordinates":[[[-0.5083,44.9876],[-0.5003,44.9796],[-0.4969,44.9677],[-0.4762,44.9489],[-0.4714,44.9388],[-0.4638,44.9364],[-0.4642,44.9227],[-0.4665,44.9196],[-0.4721,44.92],[-0.4843,44.9159],[-0.5231,44.9221],[-0.5361,44.9258],[-0.5271,44.9461],[-0.5181,44.9591],[-0.5187,44.9843],[-0.5174,44.9882],[-0.5083,44.9876]]]}},{"type":"Feature","properties":{"code":"33066","nom":"Bourdelles","app":10.16,"app_bas":8.1,"app_haut":12.76,"app_ech":"maille","app_obs":3,"mai":8.93,"mai_bas":6.91,"mai_haut":11.54,"mai_ech":"maille","mai_obs":3,"a12":12.92,"a3":8.49},"geometry":{"type":"Polygon","coordinates":[[[-0.0168,44.5665],[-0.016,44.5745],[-0.0106,44.5751],[0.0013,44.5724],[0.0153,44.5614],[0.0272,44.5581],[0.0325,44.5506],[0.0246,44.5474],[0.021,44.5415],[-0.001,44.5518],[-0.0112,44.5545],[-0.0168,44.5665]]]}},{"type":"Feature","properties":{"code":"33096","nom":"Carbon-Blanc","app":14.04,"app_bas":12.05,"app_haut":16.35,"app_ech":"commune","app_obs":329,"mai":12.69,"mai_bas":10.06,"mai_haut":16.01,"mai_ech":"commune","mai_obs":176,"a12":15.71,"a3":11.3},"geometry":{"type":"Polygon","coordinates":[[[-0.5171,44.8879],[-0.5029,44.9057],[-0.5017,44.9181],[-0.4843,44.9159],[-0.4912,44.9075],[-0.4964,44.8964],[-0.5038,44.8878],[-0.5171,44.8879]]]}},{"type":"Feature","properties":{"code":"33201","nom":"Haux","app":12.43,"app_bas":9.9,"app_haut":15.6,"app_ech":"maille","app_obs":7,"mai":10.73,"mai_bas":8.67,"mai_haut":13.27,"mai_ech":"maille","mai_obs":23,"a12":14.64,"a3":13.1},"geometry":{"type":"Polygon","coordinates":[[[-0.3473,44.7529],[-0.3453,44.7432],[-0.3485,44.7389],[-0.3519,44.7216],[-0.3852,44.7186],[-0.3817,44.7286],[-0.3882,44.7302],[-0.3928,44.7429],[-0.3771,44.7451],[-0.3702,44.7503],[-0.3521,44.7584],[-0.3473,44.7529]]]}},{"type":"Feature","properties":{"code":"33344","nom":"Pujols","app":10.86,"app_bas":8.21,"app_haut":14.35,"app_ech":"maille","app_obs":2,"mai":7.88,"mai_bas":6.25,"mai_haut":9.92,"mai_ech":"maille","mai_obs":20,"a12":12.93,"a3":8.01},"geometry":{"type":"Polygon","coordinates":[[[-0.0105,44.8099],[-0.0156,44.8079],[-0.0191,44.7984],[-0.0255,44.7893],[-0.0356,44.7922],[-0.048,44.7976],[-0.0509,44.8159],[-0.0459,44.8193],[-0.0259,44.8195],[-0.0105,44.8099]]]}},{"type":"Feature","properties":{"code":"33387","nom":"Saint-Ciers-d'Abzac","app":10.6,"app_bas":8.58,"app_haut":13.1,"app_ech":"maille","app_obs":7,"mai":9.51,"mai_bas":7.64,"mai_haut":11.83,"mai_ech":"maille","mai_obs":46,"a12":13.92,"a3":10.05},"geometry":{"type":"Polygon","coordinates":[[[-0.3168,45.0477],[-0.3042,45.054],[-0.2923,45.0578],[-0.2856,45.0555],[-0.2744,45.0469],[-0.2717,45.0408],[-0.273,45.0326],[-0.2683,45.0206],[-0.2691,45.0115],[-0.2841,45.0117],[-0.2886,45.0142],[-0.2971,45.0226],[-0.3071,45.0372],[-0.3168,45.0477]]]}},{"type":"Feature","properties":{"code":"33022","nom":"Avensan","app":13.89,"app_bas":11.38,"app_haut":16.94,"app_ech":"maille","app_obs":6,"mai":11.91,"mai_bas":9.35,"mai_haut":15.16,"mai_ech":"maille","mai_obs":92,"a12":14.22,"a3":11.92},"geometry":{"type":"Polygon","coordinates":[[[-0.8021,44.9646],[-0.8006,44.984],[-0.7924,44.9955],[-0.7921,45.0065],[-0.795,45.0173],[-0.7857,45.0285],[-0.7808,45.0407],[-0.7706,45.0471],[-0.7541,45.0521],[-0.7329,45.0613],[-0.7239,45.0514],[-0.7245,45.0406],[-0.7222,45.0312],[-0.7114,45.0316],[-0.7221,45.0225],[-0.7149,45.0146],[-0.7186,45.0023],[-0.7272,44.9944],[-0.7452,44.9864],[-0.7545,44.9667],[-0.7864,44.9453],[-0.7947,44.9451],[-0.8021,44.9646]]]}},{"type":"Feature","properties":{"code":"33028","nom":"Baron","app":12.35,"app_bas":10.24,"app_haut":14.89,"app_ech":"maille","app_obs":15,"mai":11.26,"mai_bas":8.74,"mai_haut":14.51,"mai_ech":"maille","mai_obs":25,"a12":14.55,"a3":10.49},"geometry":{"type":"Polygon","coordinates":[[[-0.3077,44.8027],[-0.3124,44.7995],[-0.3204,44.8018],[-0.3291,44.8091],[-0.3305,44.817],[-0.3408,44.8352],[-0.3333,44.84],[-0.3131,44.8429],[-0.2947,44.8323],[-0.3001,44.8266],[-0.3084,44.8064],[-0.3077,44.8027]]]}},{"type":"Feature","properties":{"code":"33095","nom":"Captieux","app":10.31,"app_bas":8.24,"app_haut":12.9,"app_ech":"maille","app_obs":35,"mai":8.34,"mai_bas":6.55,"mai_haut":10.62,"mai_ech":"maille","mai_obs":64,"a12":10.36,"a3":8.23},"geometry":{"type":"Polygon","coordinates":[[[-0.2642,44.1957],[-0.2758,44.1943],[-0.3106,44.2031],[-0.3729,44.207],[-0.3362,44.2782],[-0.3261,44.2867],[-0.3074,44.299],[-0.2838,44.3122],[-0.2761,44.3247],[-0.2586,44.3303],[-0.236,44.3267],[-0.2292,44.3185],[-0.226,44.2648],[-0.2283,44.256],[-0.2234,44.2059],[-0.2642,44.1957]]]}},{"type":"Feature","properties":{"code":"33202","nom":"Hostens","app":11.49,"app_bas":9.39,"app_haut":14.05,"app_ech":"maille","app_obs":33,"mai":8.66,"mai_bas":6.74,"mai_haut":11.12,"mai_ech":"maille","mai_obs":78,"a12":13.09,"a3":11.25},"geometry":{"type":"Polygon","coordinates":[[[-0.7152,44.5146],[-0.7124,44.5125],[-0.6598,44.5074],[-0.6233,44.5123],[-0.6119,44.5176],[-0.6045,44.5065],[-0.6024,44.4997],[-0.5915,44.4957],[-0.5857,44.4883],[-0.5868,44.4767],[-0.5911,44.4706],[-0.6124,44.472],[-0.6205,44.4684],[-0.6162,44.4579],[-0.6258,44.452],[-0.6396,44.4489],[-0.676,44.4573],[-0.6828,44.4507],[-0.7013,44.4548],[-0.7072,44.4585],[-0.6969,44.4683],[-0.6949,44.4815],[-0.7017,44.4859],[-0.7159,44.4854],[-0.7178,44.4892],[-0.736,44.5024],[-0.7303,44.5118],[-0.7152,44.5146]]]}},{"type":"Feature","properties":{"code":"33308","nom":"Omet","app":11.67,"app_bas":9.36,"app_haut":14.54,"app_ech":"maille","app_obs":2,"mai":9.61,"mai_bas":7.33,"mai_haut":12.6,"mai_ech":"maille","mai_obs":15,"a12":12.66,"a3":9.08},"geometry":{"type":"Polygon","coordinates":[[[-0.2753,44.649],[-0.2895,44.6487],[-0.3014,44.6537],[-0.2925,44.6628],[-0.2842,44.664],[-0.2759,44.6603],[-0.2753,44.649]]]}},{"type":"Feature","properties":{"code":"33457","nom":"Saint-Pardon-de-Conques","app":10.27,"app_bas":8.32,"app_haut":12.67,"app_ech":"maille","app_obs":0,"mai":9.64,"mai_bas":7.54,"mai_haut":12.33,"mai_ech":"maille","mai_obs":9,"a12":13.85,"a3":9.08},"geometry":{"type":"Polygon","coordinates":[[[-0.2006,44.5374],[-0.1977,44.5521],[-0.2072,44.5659],[-0.18,44.5679],[-0.1755,44.5607],[-0.1784,44.5548],[-0.1731,44.5441],[-0.1865,44.5325],[-0.2006,44.5374]]]}},{"type":"Feature","properties":{"code":"33476","nom":"Saint-Seurin-de-Cadourne","app":10.01,"app_bas":7.82,"app_haut":12.81,"app_ech":"maille","app_obs":4,"mai":8.93,"mai_bas":7.16,"mai_haut":11.14,"mai_ech":"maille","mai_obs":37,"a12":12.29,"a3":9.28},"geometry":{"type":"Polygon","coordinates":[[[-0.8335,45.2963],[-0.8192,45.3056],[-0.7917,45.3094],[-0.7487,45.3127],[-0.7374,45.2864],[-0.7672,45.2839],[-0.7747,45.2787],[-0.8324,45.2744],[-0.8277,45.2795],[-0.836,45.2853],[-0.8382,45.291],[-0.8335,45.2963]]]}},{"type":"Feature","properties":{"code":"33015","nom":"Arveyres","app":12.34,"app_bas":10.31,"app_haut":14.77,"app_ech":"maille","app_obs":49,"mai":10.61,"mai_bas":8.52,"mai_haut":13.22,"mai_ech":"commune","mai_obs":190,"a12":14.07,"a3":10.89},"geometry":{"type":"Polygon","coordinates":[[[-0.3042,44.8609],[-0.3122,44.8685],[-0.3057,44.877],[-0.3034,44.8866],[-0.2995,44.8892],[-0.2848,44.8903],[-0.2822,44.8963],[-0.2892,44.9071],[-0.2894,44.9125],[-0.2814,44.9193],[-0.2589,44.9186],[-0.2507,44.9154],[-0.2475,44.902],[-0.2593,44.8871],[-0.2597,44.8756],[-0.2694,44.8722],[-0.2741,44.8664],[-0.2879,44.8712],[-0.2954,44.8623],[-0.3042,44.8609]]]}},{"type":"Feature","properties":{"code":"33030","nom":"Barsac","app":10.75,"app_bas":8.11,"app_haut":14.24,"app_ech":"commune","app_obs":107,"mai":10.04,"mai_bas":7.93,"mai_haut":12.72,"mai_ech":"commune","mai_obs":107,"a12":12.66,"a3":9.79},"geometry":{"type":"Polygon","coordinates":[[[-0.3131,44.6275],[-0.3045,44.6195],[-0.3013,44.6022],[-0.2997,44.6006],[-0.3075,44.5944],[-0.32,44.5784],[-0.3248,44.5755],[-0.3522,44.59],[-0.3507,44.5994],[-0.3366,44.6073],[-0.3373,44.6114],[-0.3284,44.6239],[-0.3197,44.6319],[-0.3131,44.6275]]]}},{"type":"Feature","properties":{"code":"33074","nom":"Brouqueyran","app":9.6,"app_bas":7.77,"app_haut":11.87,"app_ech":"maille","app_obs":0,"mai":8.34,"mai_bas":6.55,"mai_haut":10.62,"mai_ech":"maille","mai_obs":8,"a12":12.92,"a3":9.38},"geometry":{"type":"Polygon","coordinates":[[[-0.1597,44.476],[-0.1728,44.4754],[-0.1873,44.4807],[-0.1957,44.4884],[-0.1923,44.4933],[-0.1883,44.5081],[-0.1788,44.5006],[-0.1773,44.4909],[-0.1573,44.4892],[-0.156,44.4846],[-0.1597,44.476]]]}},{"type":"Feature","properties":{"code":"33092","nom":"Cantois","app":null,"app_bas":null,"app_haut":null,"app_ech":null,"app_obs":0,"mai":null,"mai_bas":null,"mai_haut":null,"mai_ech":null,"mai_obs":0,"a12":null,"a3":null},"geometry":{"type":"Polygon","coordinates":[[[-0.2313,44.7047],[-0.2175,44.7014],[-0.1957,44.7058],[-0.1972,44.7013],[-0.1886,44.693],[-0.1924,44.6837],[-0.2228,44.6827],[-0.2345,44.6813],[-0.2406,44.6937],[-0.2313,44.7047]]]}},{"type":"Feature","properties":{"code":"33197","nom":"Guillos","app":11.49,"app_bas":9.39,"app_haut":14.05,"app_ech":"maille","app_obs":1,"mai":8.66,"mai_bas":6.74,"mai_haut":11.12,"mai_ech":"maille","mai_obs":9,"a12":14.64,"a3":9.79},"geometry":{"type":"Polygon","coordinates":[[[-0.5258,44.5317],[-0.5665,44.5461],[-0.5501,44.5597],[-0.5462,44.5716],[-0.5338,44.5694],[-0.5081,44.5699],[-0.4952,44.5747],[-0.4879,44.5753],[-0.4808,44.5592],[-0.4807,44.5538],[-0.4922,44.5436],[-0.5008,44.5263],[-0.5258,44.5317]]]}},{"type":"Feature","properties":{"code":"33261","nom":"Lussac","app":11.07,"app_bas":9.09,"app_haut":13.47,"app_ech":"commune","app_obs":147,"mai":9.44,"mai_bas":7.49,"mai_haut":11.9,"mai_ech":"maille","mai_obs":56,"a12":13.53,"a3":9.26},"geometry":{"type":"Polygon","coordinates":[[[-0.0896,44.9961],[-0.084,44.989],[-0.0791,44.9742],[-0.0678,44.9633],[-0.055,44.9667],[-0.0488,44.9601],[-0.0455,44.9547],[-0.0637,44.9516],[-0.0794,44.9424],[-0.0937,44.9371],[-0.1173,44.9481],[-0.1177,44.9529],[-0.1293,44.9599],[-0.1283,44.9632],[-0.1176,44.9703],[-0.1153,44.9791],[-0.121,44.9904],[-0.1151,44.9954],[-0.1046,44.9995],[-0.0896,44.9961]]]}},{"type":"Feature","properties":{"code":"33281","nom":"Mérignac","app":14.8,"app_bas":11.36,"app_haut":19.3,"app_ech":"commune","app_obs":11365,"mai":14.38,"mai_bas":10.45,"mai_haut":19.79,"mai_ech":"commune","mai_obs":1575,"a12":17.84,"a3":13.82},"geometry":{"type":"Polygon","coordinates":[[[-0.7463,44.8503],[-0.7194,44.8469],[-0.6754,44.8587],[-0.6603,44.8572],[-0.6532,44.8627],[-0.6383,44.8607],[-0.6372,44.8538],[-0.6274,44.8398],[-0.6096,44.8352],[-0.6143,44.8255],[-0.6106,44.8225],[-0.6265,44.8146],[-0.6791,44.8128],[-0.7013,44.8026],[-0.7129,44.7998],[-0.7293,44.8016],[-0.726,44.8135],[-0.7381,44.8293],[-0.7537,44.8326],[-0.7552,44.8467],[-0.7463,44.8503]]]}},{"type":"Feature","properties":{"code":"33310","nom":"Origne","app":13.51,"app_bas":10.62,"app_haut":17.2,"app_ech":"maille","app_obs":1,"mai":8.66,"mai_bas":6.74,"mai_haut":11.12,"mai_ech":"maille","mai_obs":1,"a12":14.64,"a3":12.39},"geometry":{"type":"Polygon","coordinates":[[[-0.5446,44.4875],[-0.546,44.4964],[-0.53,44.5185],[-0.5258,44.5317],[-0.4831,44.5228],[-0.4831,44.5163],[-0.4717,44.5161],[-0.481,44.4981],[-0.4838,44.4895],[-0.4978,44.4876],[-0.5009,44.4828],[-0.5011,44.4729],[-0.5054,44.4784],[-0.5324,44.4865],[-0.5446,44.4875]]]}},{"type":"Feature","properties":{"code":"33388","nom":"Saint-Ciers-de-Canesse","app":14.09,"app_bas":11.33,"app_haut":17.51,"app_ech":"maille","app_obs":9,"mai":8.11,"mai_bas":6.15,"mai_haut":10.68,"mai_ech":"maille","mai_obs":24,"a12":13.33,"a3":9.73},"geometry":{"type":"Polygon","coordinates":[[[-0.6254,45.0949],[-0.6113,45.0987],[-0.608,45.1036],[-0.5907,45.1007],[-0.5906,45.085],[-0.5813,45.0783],[-0.5842,45.0727],[-0.5969,45.0726],[-0.6101,45.0761],[-0.6159,45.0756],[-0.6201,45.0899],[-0.6254,45.0949]]]}},{"type":"Feature","properties":{"code":"33522","nom":"Talence","app":15.56,"app_bas":12.44,"app_haut":19.47,"app_ech":"commune","app_obs":10574,"mai":14.99,"mai_bas":11.13,"mai_haut":20.19,"mai_ech":"commune","mai_obs":981,"a12":18.4,"a3":14},"geometry":{"type":"Polygon","coordinates":[[[-0.5726,44.8058],[-0.5856,44.7902],[-0.5918,44.787],[-0.6053,44.793],[-0.606,44.8001],[-0.6031,44.8185],[-0.593,44.8232],[-0.5758,44.8168],[-0.5726,44.8058]]]}},{"type":"Feature","properties":{"code":"33544","nom":"Verdon-sur-Mer","app":11.52,"app_bas":9.21,"app_haut":14.43,"app_ech":"commune","app_obs":100,"mai":10.46,"mai_bas":8.13,"mai_haut":13.46,"mai_ech":"maille","mai_obs":22,"a12":12.29,"a3":9.28},"geometry":{"type":"Polygon","coordinates":[[[-1.1171,45.5253],[-1.1003,45.5416],[-1.0961,45.5568],[-1.0912,45.5624],[-1.0789,45.5652],[-1.0606,45.572],[-1.0257,45.5747],[-0.9915,45.5476],[-1.0686,45.515],[-1.0918,45.5101],[-1.1054,45.5148],[-1.1076,45.5209],[-1.1171,45.5253]]]}},{"type":"Feature","properties":{"code":"33106","nom":"Castets-en-Dorthe","app":10.16,"app_bas":8.1,"app_haut":12.76,"app_ech":"maille","app_obs":71,"mai":8.76,"mai_bas":7.02,"mai_haut":10.93,"mai_ech":"maille","mai_obs":82,"a12":12.65,"a3":9.38},"geometry":{"type":"Polygon","coordinates":[[[-0.1748,44.568],[-0.1604,44.5644],[-0.1515,44.5657],[-0.1398,44.5724],[-0.1279,44.5647],[-0.1182,44.5618],[-0.1224,44.5486],[-0.1171,44.5421],[-0.1186,44.5383],[-0.1421,44.5407],[-0.1453,44.5451],[-0.1557,44.5506],[-0.1696,44.5614],[-0.1755,44.5607],[-0.18,44.5679],[-0.1748,44.568]]]}},{"type":"Feature","properties":{"code":"33123","nom":"Cézac","app":12.34,"app_bas":10.39,"app_haut":14.67,"app_ech":"maille","app_obs":16,"mai":10.87,"mai_bas":8.54,"mai_haut":13.84,"mai_ech":"maille","mai_obs":85,"a12":13.92,"a3":10.05},"geometry":{"type":"Polygon","coordinates":[[[-0.4765,45.0635],[-0.4711,45.0719],[-0.4738,45.0906],[-0.4571,45.0932],[-0.4437,45.1001],[-0.4291,45.1049],[-0.417,45.1074],[-0.4012,45.1076],[-0.3974,45.1034],[-0.4008,45.0978],[-0.3981,45.0913],[-0.3873,45.0887],[-0.3802,45.0844],[-0.3694,45.0818],[-0.3551,45.0816],[-0.3595,45.0782],[-0.3734,45.0745],[-0.389,45.0774],[-0.4049,45.0817],[-0.4216,45.0885],[-0.434,45.0891],[-0.4342,45.0807],[-0.4508,45.069],[-0.4521,45.0622],[-0.478,45.0576],[-0.4765,45.0635]]]}},{"type":"Feature","properties":{"code":"33164","nom":"Fargues","app":10.27,"app_bas":8.32,"app_haut":12.67,"app_ech":"maille","app_obs":10,"mai":8.93,"mai_bas":7.03,"mai_haut":11.34,"mai_ech":"maille","mai_obs":83,"a12":13.09,"a3":9.08},"geometry":{"type":"Polygon","coordinates":[[[-0.2614,44.5316],[-0.2693,44.5241],[-0.2946,44.5198],[-0.3084,44.5076],[-0.3136,44.5129],[-0.316,44.5205],[-0.3238,44.53],[-0.3155,44.543],[-0.3048,44.5479],[-0.302,44.5529],[-0.3043,44.5589],[-0.294,44.5648],[-0.2855,44.5589],[-0.2735,44.5471],[-0.2732,44.5386],[-0.2614,44.5316]]]}},{"type":"Feature","properties":{"code":"33239","nom":"Lerm-et-Musset","app":9.23,"app_bas":7.42,"app_haut":11.48,"app_ech":"maille","app_obs":13,"mai":8.34,"mai_bas":6.55,"mai_haut":10.62,"mai_ech":"maille","mai_obs":12,"a12":10.36,"a3":8.23},"geometry":{"type":"Polygon","coordinates":[[[-0.1314,44.3713],[-0.1108,44.3719],[-0.1033,44.3711],[-0.1024,44.3616],[-0.1041,44.3433],[-0.135,44.3216],[-0.1728,44.2986],[-0.1809,44.3129],[-0.191,44.3211],[-0.1924,44.334],[-0.2005,44.3418],[-0.2103,44.342],[-0.2133,44.3465],[-0.1994,44.3482],[-0.1734,44.3585],[-0.1535,44.3625],[-0.1314,44.3713]]]}},{"type":"Feature","properties":{"code":"33278","nom":"Mauriac","app":9.3,"app_bas":7.32,"app_haut":11.81,"app_ech":"maille","app_obs":1,"mai":7.88,"mai_bas":6.25,"mai_haut":9.92,"mai_ech":"maille","mai_obs":1,"a12":12.57,"a3":9.76},"geometry":{"type":"Polygon","coordinates":[[[-0.0494,44.7584],[-0.0319,44.7576],[-0.0058,44.7622],[-0.0035,44.7614],[0.0003,44.7441],[-0.0121,44.7383],[-0.0172,44.731],[-0.0271,44.7269],[-0.0321,44.732],[-0.0459,44.7314],[-0.0393,44.7389],[-0.0452,44.7459],[-0.0494,44.7584]]]}},{"type":"Feature","properties":{"code":"33352","nom":"Réole","app":9.55,"app_bas":7.73,"app_haut":11.79,"app_ech":"commune","app_obs":762,"mai":7.77,"mai_bas":6.16,"mai_haut":9.78,"mai_ech":"commune","mai_obs":293,"a12":11.95,"a3":8.04},"geometry":{"type":"Polygon","coordinates":[[[-0.0475,44.6071],[-0.0392,44.6051],[-0.0367,44.5966],[-0.019,44.5946],[-0.017,44.5908],[-0.0053,44.5881],[-0.0106,44.5751],[-0.016,44.5745],[-0.0168,44.5665],[-0.0242,44.5763],[-0.0387,44.5752],[-0.0551,44.5766],[-0.0764,44.5725],[-0.084,44.573],[-0.074,44.5827],[-0.069,44.584],[-0.0649,44.5967],[-0.0583,44.601],[-0.0473,44.6011],[-0.0475,44.6071]]]}},{"type":"Feature","properties":{"code":"33416","nom":"Saint-Girons-d'Aiguevives","app":13.13,"app_bas":10.95,"app_haut":15.73,"app_ech":"maille","app_obs":2,"mai":8.11,"mai_bas":6.15,"mai_haut":10.68,"mai_ech":"maille","mai_obs":46,"a12":13.25,"a3":11.02},"geometry":{"type":"Polygon","coordinates":[[[-0.5209,45.171],[-0.5132,45.1675],[-0.5228,45.1544],[-0.5226,45.1382],[-0.5288,45.1248],[-0.5386,45.1225],[-0.5603,45.1351],[-0.5574,45.1533],[-0.5486,45.1609],[-0.5226,45.1683],[-0.5209,45.171]]]}},{"type":"Feature","properties":{"code":"33528","nom":"Temple","app":14.04,"app_bas":10.57,"app_haut":18.65,"app_ech":"maille","app_obs":3,"mai":12.86,"mai_bas":9.95,"mai_haut":16.63,"mai_ech":"maille","mai_obs":20,"a12":14.43,"a3":11.83},"geometry":{"type":"Polygon","coordinates":[[[-1.0067,44.8298],[-1.0406,44.8484],[-1.0376,44.8727],[-1.0188,44.8875],[-1.0004,44.8898],[-0.9928,44.8878],[-0.9852,44.8818],[-0.9687,44.8819],[-0.9587,44.8882],[-0.9339,44.8976],[-0.9328,44.9025],[-0.9055,44.8983],[-0.8892,44.8915],[-0.8839,44.8854],[-0.8809,44.8575],[-0.8847,44.8497],[-0.9266,44.8407],[-0.9442,44.8336],[-0.9622,44.8302],[-1.0067,44.8298]]]}},{"type":"Feature","properties":{"code":"33555","nom":"Marcheprime","app":13.89,"app_bas":11.84,"app_haut":16.29,"app_ech":"commune","app_obs":231,"mai":12.75,"mai_bas":9.71,"mai_haut":16.73,"mai_ech":"commune","mai_obs":116,"a12":16.16,"a3":12.39},"geometry":{"type":"Polygon","coordinates":[[[-0.9068,44.6996],[-0.839,44.7292],[-0.8371,44.7368],[-0.8224,44.7214],[-0.8044,44.7106],[-0.8497,44.6871],[-0.8627,44.679],[-0.8836,44.6694],[-0.8858,44.6824],[-0.9068,44.6996]]]}},{"type":"Feature","properties":{"code":"33140","nom":"Créon","app":13.18,"app_bas":10.53,"app_haut":16.5,"app_ech":"commune","app_obs":500,"mai":11.03,"mai_bas":8.92,"mai_haut":13.64,"mai_ech":"commune","mai_obs":503,"a12":15.53,"a3":11.23},"geometry":{"type":"Polygon","coordinates":[[[-0.3248,44.7875],[-0.3212,44.7803],[-0.3357,44.7741],[-0.3286,44.757],[-0.3338,44.75],[-0.3473,44.7529],[-0.3549,44.7627],[-0.3665,44.7668],[-0.3659,44.7711],[-0.3514,44.7866],[-0.3431,44.784],[-0.3248,44.7875]]]}},{"type":"Feature","properties":{"code":"33144","nom":"Cudos","app":11.49,"app_bas":9.39,"app_haut":14.05,"app_ech":"maille","app_obs":2,"mai":8.93,"mai_bas":7.03,"mai_haut":11.34,"mai_ech":"maille","mai_obs":20,"a12":12.65,"a3":9.38},"geometry":{"type":"Polygon","coordinates":[[[-0.2361,44.4043],[-0.2323,44.4068],[-0.2246,44.4084],[-0.2045,44.4051],[-0.2041,44.396],[-0.1939,44.3926],[-0.1879,44.387],[-0.1859,44.3802],[-0.1752,44.3783],[-0.1663,44.3794],[-0.1685,44.3851],[-0.156,44.3979],[-0.1469,44.4008],[-0.132,44.4001],[-0.1314,44.3713],[-0.1535,44.3625],[-0.1734,44.3585],[-0.1994,44.3482],[-0.2133,44.3465],[-0.221,44.3506],[-0.2161,44.3631],[-0.2289,44.364],[-0.2364,44.3786],[-0.2379,44.4004],[-0.2361,44.4043]]]}},{"type":"Feature","properties":{"code":"33208","nom":"Jau-Dignac-et-Loirac","app":11.34,"app_bas":9.07,"app_haut":14.18,"app_ech":"maille","app_obs":2,"mai":8.93,"mai_bas":7.16,"mai_haut":11.14,"mai_ech":"maille","mai_obs":24,"a12":12.29,"a3":9.28},"geometry":{"type":"Polygon","coordinates":[[[-1.0092,45.4265],[-0.9792,45.4584],[-0.9265,45.4961],[-0.8648,45.4534],[-0.8411,45.4351],[-0.9037,45.4081],[-0.9216,45.4021],[-0.9305,45.3956],[-0.9364,45.3852],[-0.9495,45.3711],[-0.9735,45.3843],[-0.9958,45.3896],[-1.0088,45.3912],[-1.0036,45.414],[-1.0101,45.414],[-1.0092,45.4265]]]}},{"type":"Feature","properties":{"code":"33276","nom":"Masseilles","app":9.6,"app_bas":7.77,"app_haut":11.87,"app_ech":"maille","app_obs":0,"mai":8.76,"mai_bas":7.02,"mai_haut":10.93,"mai_ech":"maille","mai_obs":0,"a12":10.36,"a3":9.38},"geometry":{"type":"Polygon","coordinates":[[[-0.0693,44.3799],[-0.0784,44.3874],[-0.0739,44.3904],[-0.0735,44.4035],[-0.0679,44.4052],[-0.0679,44.4116],[-0.0629,44.4149],[-0.0421,44.4218],[-0.038,44.4129],[-0.0448,44.4025],[-0.0625,44.3894],[-0.0693,44.3799]]]}},{"type":"Feature","properties":{"code":"33329","nom":"Pompéjac","app":11.49,"app_bas":9.39,"app_haut":14.05,"app_ech":"maille","app_obs":0,"mai":8.93,"mai_bas":7.03,"mai_haut":11.34,"mai_ech":"maille","mai_obs":3,"a12":12.65,"a3":9.38},"geometry":{"type":"Polygon","coordinates":[[[-0.3123,44.3837],[-0.3131,44.3865],[-0.3296,44.4001],[-0.317,44.4046],[-0.2958,44.4155],[-0.2833,44.413],[-0.276,44.4057],[-0.2711,44.3963],[-0.2809,44.3955],[-0.2916,44.3899],[-0.3028,44.3816],[-0.3123,44.3837]]]}},{"type":"Feature","properties":{"code":"33349","nom":"Quinsac","app":14.52,"app_bas":11.81,"app_haut":17.86,"app_ech":"maille","app_obs":61,"mai":13.07,"mai_bas":9.72,"mai_haut":17.57,"mai_ech":"commune","mai_obs":124,"a12":15.58,"a3":13.1},"geometry":{"type":"Polygon","coordinates":[[[-0.5016,44.74],[-0.512,44.7471],[-0.5112,44.765],[-0.5057,44.7609],[-0.4828,44.7627],[-0.463,44.7596],[-0.4655,44.7549],[-0.4793,44.7423],[-0.4836,44.7361],[-0.5016,44.74]]]}},{"type":"Feature","properties":{"code":"33473","nom":"Saint-Savin","app":11.06,"app_bas":8.76,"app_haut":13.98,"app_ech":"commune","app_obs":202,"mai":9.63,"mai_bas":7.64,"mai_haut":12.14,"mai_ech":"commune","mai_obs":212,"a12":13.69,"a3":8.94},"geometry":{"type":"Polygon","coordinates":[[[-0.4708,45.1941],[-0.4907,45.1979],[-0.4648,45.2019],[-0.4458,45.1996],[-0.4256,45.2005],[-0.4174,45.2039],[-0.4053,45.1927],[-0.3995,45.1794],[-0.4129,45.1758],[-0.4221,45.1512],[-0.425,45.1333],[-0.4292,45.1254],[-0.4414,45.1186],[-0.4507,45.12],[-0.456,45.1282],[-0.4673,45.1336],[-0.4813,45.1339],[-0.4734,45.1514],[-0.4676,45.1583],[-0.4565,45.1661],[-0.4583,45.1787],[-0.4534,45.1863],[-0.4594,45.195],[-0.4708,45.1941]]]}},{"type":"Feature","properties":{"code":"33543","nom":"Verdelais","app":11.41,"app_bas":8.63,"app_haut":15.09,"app_ech":"maille","app_obs":51,"mai":10.86,"mai_bas":8.5,"mai_haut":13.88,"mai_ech":"maille","mai_obs":45,"a12":13.85,"a3":9.38},"geometry":{"type":"Polygon","coordinates":[[[-0.2749,44.5775],[-0.2834,44.584],[-0.2775,44.5859],[-0.2646,44.5846],[-0.2565,44.5893],[-0.2447,44.6036],[-0.2256,44.6063],[-0.2245,44.6026],[-0.2396,44.586],[-0.2452,44.5841],[-0.266,44.5821],[-0.2749,44.5775]]]}},{"type":"Feature","properties":{"code":"33063","nom":"Bordeaux","app":15.99,"app_bas":12.27,"app_haut":20.84,"app_ech":"commune","app_obs":84641,"mai":15.51,"mai_bas":11.02,"mai_haut":21.83,"mai_ech":"commune","mai_obs":4258,"a12":18.54,"a3":14.6},"geometry":{"type":"Polygon","coordinates":[[[-0.5739,44.8108],[-0.5758,44.8168],[-0.593,44.8232],[-0.6031,44.8185],[-0.6106,44.8225],[-0.6143,44.8255],[-0.6096,44.8352],[-0.6274,44.8398],[-0.6372,44.8538],[-0.6383,44.8607],[-0.6331,44.8619],[-0.6311,44.8717],[-0.6165,44.8622],[-0.602,44.856],[-0.5915,44.8563],[-0.5761,44.8692],[-0.5809,44.9094],[-0.5477,44.9167],[-0.5383,44.9],[-0.5355,44.8891],[-0.5385,44.8762],[-0.5382,44.8519],[-0.5422,44.8424],[-0.5481,44.836],[-0.5376,44.8299],[-0.5377,44.8228],[-0.5519,44.8154],[-0.5739,44.8108]]]}},{"type":"Feature","properties":{"code":"33065","nom":"Bouliac","app":16.18,"app_bas":12.77,"app_haut":20.5,"app_ech":"commune","app_obs":195,"mai":14.01,"mai_bas":10.43,"mai_haut":18.82,"mai_ech":"commune","mai_obs":178,"a12":17.85,"a3":14.31},"geometry":{"type":"Polygon","coordinates":[[[-0.5323,44.8162],[-0.5136,44.8214],[-0.5019,44.8299],[-0.4949,44.8307],[-0.4746,44.8253],[-0.4733,44.8228],[-0.4934,44.8131],[-0.4982,44.8054],[-0.5172,44.8034],[-0.5266,44.8061],[-0.5323,44.8162]]]}},{"type":"Feature","properties":{"code":"33155","nom":"Escaudes","app":10.31,"app_bas":8.24,"app_haut":12.9,"app_ech":"maille","app_obs":0,"mai":8.82,"mai_bas":6.83,"mai_haut":11.38,"mai_ech":"maille","mai_obs":2,"a12":12.65,"a3":9.38},"geometry":{"type":"Polygon","coordinates":[[[-0.2133,44.3465],[-0.2103,44.342],[-0.2005,44.3418],[-0.1924,44.334],[-0.191,44.3211],[-0.1809,44.3129],[-0.1728,44.2986],[-0.177,44.2894],[-0.1822,44.2863],[-0.1953,44.2857],[-0.2015,44.2818],[-0.2271,44.2807],[-0.2292,44.3185],[-0.236,44.3267],[-0.2343,44.3408],[-0.2294,44.3539],[-0.2133,44.3465]]]}},{"type":"Feature","properties":{"code":"33215","nom":"Ladaux","app":12.99,"app_bas":10.68,"app_haut":15.8,"app_ech":"maille","app_obs":2,"mai":10.47,"mai_bas":8.24,"mai_haut":13.31,"mai_ech":"maille","mai_obs":26,"a12":12.66,"a3":9.76},"geometry":{"type":"Polygon","coordinates":[[[-0.2615,44.7055],[-0.251,44.7115],[-0.2396,44.7143],[-0.2334,44.7112],[-0.2313,44.7047],[-0.2406,44.6937],[-0.2574,44.6925],[-0.2615,44.7055]]]}},{"type":"Feature","properties":{"code":"33351","nom":"Reignac","app":10.87,"app_bas":8.66,"app_haut":13.64,"app_ech":"maille","app_obs":22,"mai":8.42,"mai_bas":6.47,"mai_haut":10.95,"mai_ech":"maille","mai_obs":85,"a12":12.39,"a3":8.94},"geometry":{"type":"Polygon","coordinates":[[[-0.4878,45.2537],[-0.4811,45.2512],[-0.4774,45.244],[-0.4788,45.2214],[-0.4777,45.2109],[-0.4808,45.208],[-0.476,45.2004],[-0.4907,45.1979],[-0.5146,45.1989],[-0.5397,45.2058],[-0.5529,45.2134],[-0.5573,45.2175],[-0.5528,45.2226],[-0.5596,45.2351],[-0.5635,45.2367],[-0.5512,45.2543],[-0.5431,45.2583],[-0.5301,45.2588],[-0.5017,45.2561],[-0.4878,45.2537]]]}},{"type":"Feature","properties":{"code":"33390","nom":"Sainte-Colombe","app":12.28,"app_bas":10.01,"app_haut":15.06,"app_ech":"maille","app_obs":0,"mai":9.44,"mai_bas":7.49,"mai_haut":11.9,"mai_ech":"maille","mai_obs":11,"a12":12.57,"a3":9.26},"geometry":{"type":"Polygon","coordinates":[[[-0.0834,44.8748],[-0.0677,44.8886],[-0.0524,44.8881],[-0.0472,44.8748],[-0.0487,44.871],[-0.069,44.8714],[-0.0834,44.8748]]]}},{"type":"Feature","properties":{"code":"33471","nom":"Saint-Sauveur","app":12.62,"app_bas":9.98,"app_haut":15.95,"app_ech":"maille","app_obs":5,"mai":10.05,"mai_bas":7.82,"mai_haut":12.91,"mai_ech":"maille","mai_obs":53,"a12":13.92,"a3":10.93},"geometry":{"type":"Polygon","coordinates":[[[-0.859,45.1873],[-0.8515,45.1993],[-0.8331,45.2141],[-0.8137,45.2165],[-0.7971,45.2213],[-0.7963,45.2174],[-0.7865,45.2021],[-0.7862,45.1875],[-0.7902,45.1748],[-0.804,45.1719],[-0.8177,45.1759],[-0.8399,45.1761],[-0.8479,45.1861],[-0.859,45.1873]]]}},{"type":"Feature","properties":{"code":"33013","nom":"Artigues-près-Bordeaux","app":12.68,"app_bas":10.9,"app_haut":14.75,"app_ech":"commune","app_obs":709,"mai":11.65,"mai_bas":9.02,"mai_haut":15.06,"mai_ech":"commune","mai_obs":311,"a12":16.02,"a3":11.44},"geometry":{"type":"Polygon","coordinates":[[[-0.5049,44.8679],[-0.4971,44.8769],[-0.4794,44.8718],[-0.472,44.8655],[-0.4768,44.853],[-0.4821,44.8478],[-0.4906,44.8462],[-0.4962,44.8415],[-0.5032,44.848],[-0.5049,44.8679]]]}},{"type":"Feature","properties":{"code":"33048","nom":"Berthez","app":9.6,"app_bas":7.77,"app_haut":11.87,"app_ech":"maille","app_obs":0,"mai":8.76,"mai_bas":7.02,"mai_haut":10.93,"mai_ech":"maille","mai_obs":5,"a12":12.65,"a3":9.38},"geometry":{"type":"Polygon","coordinates":[[[-0.1177,44.4906],[-0.1042,44.4934],[-0.0994,44.4866],[-0.1085,44.4836],[-0.1106,44.4761],[-0.1172,44.4765],[-0.1229,44.4712],[-0.1392,44.4749],[-0.156,44.4846],[-0.1573,44.4892],[-0.1519,44.4912],[-0.1401,44.4903],[-0.1264,44.4862],[-0.1177,44.4906]]]}},{"type":"Feature","properties":{"code":"33159","nom":"Étauliers","app":10.87,"app_bas":8.66,"app_haut":13.64,"app_ech":"maille","app_obs":60,"mai":8.38,"mai_bas":6.8,"mai_haut":10.34,"mai_ech":"commune","mai_obs":204,"a12":13.25,"a3":8.94},"geometry":{"type":"Polygon","coordinates":[[[-0.5635,45.2367],[-0.5596,45.2351],[-0.5528,45.2226],[-0.5573,45.2175],[-0.5529,45.2134],[-0.5854,45.2029],[-0.5961,45.2056],[-0.6081,45.2117],[-0.6093,45.2185],[-0.6174,45.2233],[-0.6085,45.229],[-0.5845,45.2322],[-0.5786,45.2421],[-0.5635,45.2367]]]}},{"type":"Feature","properties":{"code":"33233","nom":"Laruscade","app":9.73,"app_bas":7.7,"app_haut":12.31,"app_ech":"maille","app_obs":40,"mai":9.2,"mai_bas":7.41,"mai_haut":11.43,"mai_ech":"commune","mai_obs":153,"a12":13.53,"a3":8.94},"geometry":{"type":"Polygon","coordinates":[[[-0.3843,45.1407],[-0.3797,45.1554],[-0.3627,45.1704],[-0.3423,45.1676],[-0.3206,45.1562],[-0.3201,45.1487],[-0.3136,45.1376],[-0.3132,45.133],[-0.2947,45.1213],[-0.298,45.1156],[-0.3289,45.0805],[-0.3346,45.0704],[-0.3705,45.0941],[-0.3708,45.1033],[-0.3775,45.1146],[-0.3771,45.1248],[-0.3812,45.1383],[-0.3843,45.1407]]]}},{"type":"Feature","properties":{"code":"33237","nom":"Léogeats","app":10.27,"app_bas":8.32,"app_haut":12.67,"app_ech":"maille","app_obs":6,"mai":8.93,"mai_bas":7.03,"mai_haut":11.34,"mai_ech":"maille","mai_obs":32,"a12":13.09,"a3":9.79},"geometry":{"type":"Polygon","coordinates":[[[-0.3084,44.5076],[-0.3048,44.4966],[-0.3078,44.4861],[-0.3331,44.4923],[-0.3406,44.4963],[-0.3581,44.501],[-0.375,44.4998],[-0.3976,44.5021],[-0.4266,44.5088],[-0.4192,44.5161],[-0.3835,44.5168],[-0.3744,44.5244],[-0.3558,44.5168],[-0.3381,44.5175],[-0.3302,44.5194],[-0.3136,44.5129],[-0.3084,44.5076]]]}},{"type":"Feature","properties":{"code":"33267","nom":"Marcillac","app":null,"app_bas":null,"app_haut":null,"app_ech":null,"app_obs":0,"mai":null,"mai_bas":null,"mai_haut":null,"mai_ech":null,"mai_obs":0,"a12":null,"a3":null},"geometry":{"type":"Polygon","coordinates":[[[-0.5512,45.2543],[-0.5507,45.2628],[-0.5554,45.2651],[-0.5619,45.2773],[-0.5535,45.2782],[-0.5488,45.2845],[-0.5487,45.2931],[-0.532,45.2918],[-0.5134,45.2864],[-0.486,45.2936],[-0.4712,45.2921],[-0.4335,45.2806],[-0.445,45.2662],[-0.4523,45.2611],[-0.4727,45.2558],[-0.4878,45.2537],[-0.5017,45.2561],[-0.5301,45.2588],[-0.5431,45.2583],[-0.5512,45.2543]]]}},{"type":"Feature","properties":{"code":"33377","nom":"Saint-Avit-de-Soulège","app":10.06,"app_bas":8.11,"app_haut":12.47,"app_ech":"maille","app_obs":0,"mai":8.86,"mai_bas":6.86,"mai_haut":11.45,"mai_ech":"maille","mai_obs":0,"a12":12.07,"a3":9.05},"geometry":{"type":"Polygon","coordinates":[[[0.1148,44.8199],[0.1263,44.8205],[0.1314,44.8121],[0.1315,44.8046],[0.121,44.8025],[0.108,44.8053],[0.1149,44.8166],[0.114,44.8194],[0.1148,44.8199]]]}},{"type":"Feature","properties":{"code":"33392","nom":"Sainte-Croix-du-Mont","app":11.67,"app_bas":9.36,"app_haut":14.54,"app_ech":"maille","app_obs":16,"mai":10.86,"mai_bas":8.5,"mai_haut":13.88,"mai_ech":"maille","mai_obs":60,"a12":12.65,"a3":9.08},"geometry":{"type":"Polygon","coordinates":[[[-0.2834,44.584],[-0.2895,44.5872],[-0.3013,44.6022],[-0.2931,44.6037],[-0.285,44.6086],[-0.2661,44.6069],[-0.2573,44.6078],[-0.2471,44.6123],[-0.2447,44.6036],[-0.2565,44.5893],[-0.2646,44.5846],[-0.2775,44.5859],[-0.2834,44.584]]]}},{"type":"Feature","properties":{"code":"33552","nom":"Virelade","app":11.67,"app_bas":9.36,"app_haut":14.54,"app_ech":"maille","app_obs":15,"mai":11.25,"mai_bas":8.84,"mai_haut":14.31,"mai_ech":"maille","mai_obs":74,"a12":14.64,"a3":9.08},"geometry":{"type":"Polygon","coordinates":[[[-0.4291,44.6478],[-0.3974,44.6645],[-0.3795,44.6769],[-0.3737,44.6838],[-0.3711,44.6785],[-0.3672,44.6654],[-0.3821,44.6435],[-0.3814,44.6407],[-0.4062,44.6292],[-0.4216,44.6361],[-0.4291,44.6478]]]}},{"type":"Feature","properties":{"code":"33097","nom":"Carcans","app":12.62,"app_bas":9.98,"app_haut":15.95,"app_ech":"maille","app_obs":87,"mai":11.39,"mai_bas":8.63,"mai_haut":15.03,"mai_ech":"maille","mai_obs":64,"a12":16.09,"a3":11.36},"geometry":{"type":"Polygon","coordinates":[[[-0.9983,45.0316],[-1.0279,45.0336],[-1.0379,45.0316],[-1.0522,45.0234],[-1.0665,45.022],[-1.0821,45.024],[-1.1077,45.0443],[-1.1943,45.0683],[-1.1902,45.1076],[-1.1871,45.1285],[-1.0868,45.1288],[-1.0693,45.1266],[-1.0452,45.1161],[-0.9953,45.1265],[-0.9844,45.134],[-0.9723,45.1364],[-0.9518,45.1355],[-0.938,45.1256],[-0.9277,45.1133],[-0.8983,45.0974],[-0.8865,45.0874],[-0.8991,45.0656],[-0.9117,45.0573],[-0.9436,45.0665],[-0.9576,45.0655],[-0.9879,45.0455],[-0.9983,45.0316]]]}},{"type":"Feature","properties":{"code":"33230","nom":"Lapouyade","app":9.73,"app_bas":7.7,"app_haut":12.31,"app_ech":"maille","app_obs":6,"mai":8.39,"mai_bas":6.49,"mai_haut":10.86,"mai_ech":"maille","mai_obs":25,"a12":13.53,"a3":9.29},"geometry":{"type":"Polygon","coordinates":[[[-0.2878,45.0692],[-0.2985,45.0748],[-0.3101,45.0889],[-0.3197,45.0917],[-0.298,45.1156],[-0.2947,45.1213],[-0.3132,45.133],[-0.3136,45.1376],[-0.3076,45.1496],[-0.2935,45.147],[-0.2754,45.1414],[-0.2725,45.1353],[-0.2551,45.1141],[-0.2457,45.1082],[-0.251,45.1022],[-0.2752,45.0906],[-0.2811,45.0851],[-0.2826,45.072],[-0.2878,45.0692]]]}},{"type":"Feature","properties":{"code":"33342","nom":"Puisseguin","app":12.28,"app_bas":10.01,"app_haut":15.06,"app_ech":"maille","app_obs":64,"mai":9.44,"mai_bas":7.49,"mai_haut":11.9,"mai_ech":"maille","mai_obs":46,"a12":12.57,"a3":10.49},"geometry":{"type":"Polygon","coordinates":[[[-0.0659,44.9132],[-0.0746,44.9063],[-0.0828,44.9126],[-0.091,44.9152],[-0.0972,44.9223],[-0.0937,44.9371],[-0.0794,44.9424],[-0.0637,44.9516],[-0.0455,44.9547],[-0.0297,44.9461],[-0.0293,44.9254],[-0.0474,44.9241],[-0.0557,44.9172],[-0.0659,44.9132]]]}},{"type":"Feature","properties":{"code":"33513","nom":"Sillas","app":10.66,"app_bas":8.69,"app_haut":13.09,"app_ech":"maille","app_obs":0,"mai":8.34,"mai_bas":6.55,"mai_haut":10.62,"mai_ech":"maille","mai_obs":3,"a12":10.36,"a3":8.49},"geometry":{"type":"Polygon","coordinates":[[[-0.0693,44.3799],[-0.0625,44.3894],[-0.0468,44.3827],[-0.0443,44.3731],[-0.0343,44.3666],[-0.0362,44.3608],[-0.0545,44.3593],[-0.0696,44.3529],[-0.0788,44.3537],[-0.082,44.3581],[-0.0786,44.3656],[-0.0694,44.3679],[-0.0669,44.3759],[-0.0693,44.3799]]]}},{"type":"Feature","properties":{"code":"33517","nom":"Soussans","app":13.89,"app_bas":11.38,"app_haut":16.94,"app_ech":"maille","app_obs":25,"mai":11.91,"mai_bas":9.35,"mai_haut":15.16,"mai_ech":"maille","mai_obs":78,"a12":14.22,"a3":10.1},"geometry":{"type":"Polygon","coordinates":[[[-0.7287,45.0627],[-0.7161,45.0659],[-0.7041,45.0727],[-0.6853,45.0743],[-0.6762,45.0789],[-0.6531,45.0591],[-0.6578,45.0572],[-0.6709,45.0583],[-0.6882,45.0499],[-0.6976,45.0373],[-0.7114,45.0316],[-0.7222,45.0312],[-0.7245,45.0406],[-0.7239,45.0514],[-0.7329,45.0613],[-0.7287,45.0627]]]}},{"type":"Feature","properties":{"code":"33016","nom":"Asques","app":12.88,"app_bas":10.51,"app_haut":15.78,"app_ech":"maille","app_obs":6,"mai":9.62,"mai_bas":7.47,"mai_haut":12.39,"mai_ech":"maille","mai_obs":16,"a12":14.07,"a3":10.89},"geometry":{"type":"Polygon","coordinates":[[[-0.4513,44.9454],[-0.43,44.9562],[-0.4128,44.962],[-0.3981,44.9519],[-0.3993,44.9475],[-0.4148,44.9456],[-0.4273,44.9389],[-0.4406,44.935],[-0.4481,44.9391],[-0.4513,44.9454]]]}},{"type":"Feature","properties":{"code":"33020","nom":"Auriolles","app":10.86,"app_bas":8.21,"app_haut":14.35,"app_ech":"maille","app_obs":6,"mai":7.88,"mai_bas":6.25,"mai_haut":9.92,"mai_ech":"maille","mai_obs":2,"a12":12.93,"a3":8.01},"geometry":{"type":"Polygon","coordinates":[[[0.0271,44.7484],[0.0495,44.7545],[0.0592,44.7377],[0.0546,44.7243],[0.0473,44.7118],[0.0437,44.7198],[0.0322,44.7315],[0.0271,44.7484]]]}},{"type":"Feature","properties":{"code":"33043","nom":"Bellebat","app":11.67,"app_bas":9.36,"app_haut":14.54,"app_ech":"maille","app_obs":2,"mai":9.61,"mai_bas":7.33,"mai_haut":12.6,"mai_ech":"maille","mai_obs":11,"a12":13.85,"a3":9.79},"geometry":{"type":"Polygon","coordinates":[[[-0.227,44.7293],[-0.238,44.7371],[-0.2411,44.7443],[-0.2386,44.7489],[-0.2269,44.7485],[-0.2037,44.7437],[-0.2025,44.7388],[-0.22,44.724],[-0.227,44.7293]]]}},{"type":"Feature","properties":{"code":"33242","nom":"Lèves-et-Thoumeyragues","app":10.86,"app_bas":8.21,"app_haut":14.35,"app_ech":"maille","app_obs":13,"mai":7.74,"mai_bas":5.87,"mai_haut":10.2,"mai_ech":"maille","mai_obs":11,"a12":12.07,"a3":8.01},"geometry":{"type":"Polygon","coordinates":[[[0.1804,44.7455],[0.1693,44.7532],[0.1711,44.7654],[0.1589,44.7827],[0.1649,44.8078],[0.1802,44.8069],[0.1929,44.7961],[0.2037,44.806],[0.2181,44.7913],[0.21,44.7852],[0.2135,44.7766],[0.21,44.7687],[0.1988,44.7736],[0.1852,44.7666],[0.183,44.7626],[0.1895,44.7574],[0.1845,44.749],[0.1804,44.7455]]]}},{"type":"Feature","properties":{"code":"33360","nom":"Roquille","app":10.86,"app_bas":8.21,"app_haut":14.35,"app_ech":"maille","app_obs":2,"mai":7.74,"mai_bas":5.87,"mai_haut":10.2,"mai_ech":"maille","mai_obs":11,"a12":12.93,"a3":7.85},"geometry":{"type":"Polygon","coordinates":[[[0.2181,44.7913],[0.2254,44.7994],[0.2346,44.7962],[0.2479,44.7951],[0.2522,44.7912],[0.2513,44.7798],[0.2487,44.7767],[0.2357,44.7721],[0.2315,44.7769],[0.2227,44.7792],[0.2135,44.7766],[0.21,44.7852],[0.2181,44.7913]]]}},{"type":"Feature","properties":{"code":"33445","nom":"Saint-Martin-du-Bois","app":11.3,"app_bas":9.53,"app_haut":13.39,"app_ech":"maille","app_obs":10,"mai":10.13,"mai_bas":8.03,"mai_haut":12.78,"mai_ech":"maille","mai_obs":32,"a12":13.92,"a3":10.05},"geometry":{"type":"Polygon","coordinates":[[[-0.2481,45.0022],[-0.2593,45.0041],[-0.2689,44.9979],[-0.2841,45.0117],[-0.2691,45.0115],[-0.2683,45.0206],[-0.273,45.0326],[-0.2717,45.0408],[-0.2592,45.0455],[-0.2505,45.0402],[-0.2476,45.0325],[-0.246,45.0165],[-0.2364,45.0111],[-0.2438,45.002],[-0.2481,45.0022]]]}},{"type":"Feature","properties":{"code":"33052","nom":"Billaux","app":11.3,"app_bas":9.53,"app_haut":13.39,"app_ech":"maille","app_obs":98,"mai":10.54,"mai_bas":8.36,"mai_haut":13.27,"mai_ech":"commune","mai_obs":143,"a12":13.26,"a3":10.49},"geometry":{"type":"Polygon","coordinates":[[[-0.2305,44.9721],[-0.2214,44.9673],[-0.2277,44.9605],[-0.2315,44.9481],[-0.2512,44.9521],[-0.2623,44.958],[-0.262,44.9691],[-0.2534,44.9754],[-0.2471,44.9732],[-0.2305,44.9721]]]}},{"type":"Feature","properties":{"code":"33072","nom":"Brannens","app":9.6,"app_bas":7.77,"app_haut":11.87,"app_ech":"maille","app_obs":0,"mai":8.76,"mai_bas":7.02,"mai_haut":10.93,"mai_ech":"maille","mai_obs":3,"a12":12.92,"a3":8.49},"geometry":{"type":"Polygon","coordinates":[[[-0.1309,44.51],[-0.1537,44.5103],[-0.1607,44.5126],[-0.168,44.521],[-0.1831,44.5314],[-0.1678,44.5306],[-0.1533,44.5331],[-0.1344,44.5285],[-0.1374,44.5173],[-0.1309,44.51]]]}},{"type":"Feature","properties":{"code":"33111","nom":"Caudrot","app":11.67,"app_bas":9.36,"app_haut":14.54,"app_ech":"maille","app_obs":62,"mai":8.76,"mai_bas":7.02,"mai_haut":10.93,"mai_ech":"maille","mai_obs":57,"a12":12.92,"a3":9.38},"geometry":{"type":"Polygon","coordinates":[[[-0.1398,44.5724],[-0.1515,44.5657],[-0.1604,44.5644],[-0.1543,44.5796],[-0.1562,44.5841],[-0.1448,44.5953],[-0.1501,44.6037],[-0.1415,44.6046],[-0.1316,44.5989],[-0.1314,44.5849],[-0.1375,44.5776],[-0.1398,44.5724]]]}},{"type":"Feature","properties":{"code":"33251","nom":"Louchats","app":11.49,"app_bas":9.39,"app_haut":14.05,"app_ech":"maille","app_obs":0,"mai":10.79,"mai_bas":8.53,"mai_haut":13.64,"mai_ech":"maille","mai_obs":5,"a12":14.64,"a3":12.39},"geometry":{"type":"Polygon","coordinates":[[[-0.5446,44.4875],[-0.5508,44.4852],[-0.5579,44.4698],[-0.5659,44.4678],[-0.5911,44.4706],[-0.5868,44.4767],[-0.5857,44.4883],[-0.5915,44.4957],[-0.6024,44.4997],[-0.6045,44.5065],[-0.6119,44.5176],[-0.6056,44.5282],[-0.6038,44.5464],[-0.6017,44.5529],[-0.5866,44.5486],[-0.5665,44.5461],[-0.5258,44.5317],[-0.53,44.5185],[-0.546,44.4964],[-0.5446,44.4875]]]}},{"type":"Feature","properties":{"code":"33293","nom":"Montussan","app":13.36,"app_bas":11.31,"app_haut":15.77,"app_ech":"commune","app_obs":284,"mai":14.56,"mai_bas":11.38,"mai_haut":18.65,"mai_ech":"commune","mai_obs":154,"a12":15.92,"a3":11.77},"geometry":{"type":"Polygon","coordinates":[[[-0.4106,44.8724],[-0.4263,44.8712],[-0.4493,44.8664],[-0.4494,44.8832],[-0.4418,44.8935],[-0.423,44.8968],[-0.4075,44.9023],[-0.41,44.8973],[-0.4095,44.8812],[-0.4106,44.8724]]]}},{"type":"Feature","properties":{"code":"33297","nom":"Moulis-en-Médoc","app":12.62,"app_bas":9.98,"app_haut":15.95,"app_ech":"maille","app_obs":15,"mai":11.39,"mai_bas":8.63,"mai_haut":15.03,"mai_ech":"maille","mai_obs":68,"a12":13.92,"a3":11.92},"geometry":{"type":"Polygon","coordinates":[[[-0.8519,45.0191],[-0.8653,45.0183],[-0.8481,45.0365],[-0.8376,45.0403],[-0.8038,45.0473],[-0.7904,45.058],[-0.7811,45.0629],[-0.7672,45.0667],[-0.7688,45.0786],[-0.7528,45.082],[-0.746,45.0852],[-0.7458,45.0911],[-0.7345,45.0819],[-0.7363,45.071],[-0.7287,45.0627],[-0.7541,45.0521],[-0.7706,45.0471],[-0.7808,45.0407],[-0.795,45.0407],[-0.8134,45.0378],[-0.8289,45.0244],[-0.8292,45.0221],[-0.8519,45.0191]]]}},{"type":"Feature","properties":{"code":"33347","nom":"Puynormand","app":12.28,"app_bas":10.01,"app_haut":15.06,"app_ech":"maille","app_obs":3,"mai":9.44,"mai_bas":7.49,"mai_haut":11.9,"mai_ech":"maille","mai_obs":5,"a12":13.53,"a3":9.26},"geometry":{"type":"Polygon","coordinates":[[[-0.0091,44.9971],[-0.0054,45.0029],[0.0016,45.0013],[0.0016,44.9939],[0.0073,44.991],[0.0177,44.9806],[0.013,44.9674],[0.0092,44.9628],[-0.0043,44.9672],[-0.0165,44.9724],[-0.0201,44.9866],[-0.0091,44.9971]]]}},{"type":"Feature","properties":{"code":"33441","nom":"Saint-Martin-Lacaussade","app":14.09,"app_bas":11.33,"app_haut":17.51,"app_ech":"maille","app_obs":97,"mai":8.11,"mai_bas":6.15,"mai_haut":10.68,"mai_ech":"maille","mai_obs":50,"a12":13.92,"a3":9.73},"geometry":{"type":"Polygon","coordinates":[[[-0.6278,45.147],[-0.6235,45.143],[-0.6368,45.1385],[-0.643,45.127],[-0.6523,45.1362],[-0.6584,45.1502],[-0.6357,45.1521],[-0.6278,45.147]]]}},{"type":"Feature","properties":{"code":"33484","nom":"Saint-Symphorien","app":11.49,"app_bas":9.39,"app_haut":14.05,"app_ech":"maille","app_obs":38,"mai":8.66,"mai_bas":6.74,"mai_haut":11.12,"mai_ech":"maille","mai_obs":93,"a12":13.09,"a3":9.21},"geometry":{"type":"Polygon","coordinates":[[[-0.5446,44.4875],[-0.5324,44.4865],[-0.5054,44.4784],[-0.5011,44.4729],[-0.488,44.4669],[-0.4782,44.4575],[-0.4837,44.4455],[-0.483,44.4356],[-0.4726,44.4378],[-0.4698,44.4319],[-0.4775,44.4276],[-0.4748,44.4192],[-0.477,44.4152],[-0.4699,44.4026],[-0.4593,44.4005],[-0.4587,44.3948],[-0.4661,44.3879],[-0.4801,44.3864],[-0.4926,44.3826],[-0.5194,44.3777],[-0.5279,44.3744],[-0.5281,44.3647],[-0.5609,44.3749],[-0.571,44.3825],[-0.6276,44.3981],[-0.6426,44.4001],[-0.6278,44.4057],[-0.6255,44.4124],[-0.6273,44.4293],[-0.6115,44.4317],[-0.5832,44.4326],[-0.5652,44.4425],[-0.5628,44.4503],[-0.5871,44.4626],[-0.5767,44.4686],[-0.5659,44.4678],[-0.5579,44.4698],[-0.5508,44.4852],[-0.5446,44.4875]]]}},{"type":"Feature","properties":{"code":"33492","nom":"Saint-Yzan-de-Soudiac","app":11.57,"app_bas":9.16,"app_haut":14.61,"app_ech":"commune","app_obs":119,"mai":9.92,"mai_bas":7.87,"mai_haut":12.51,"mai_ech":"commune","mai_obs":176,"a12":13.53,"a3":8.94},"geometry":{"type":"Polygon","coordinates":[[[-0.3843,45.1407],[-0.4097,45.1316],[-0.425,45.1333],[-0.4221,45.1512],[-0.4129,45.1758],[-0.3995,45.1794],[-0.3941,45.1648],[-0.3834,45.1433],[-0.3843,45.1407]]]}},{"type":"Feature","properties":{"code":"33025","nom":"Baigneaux","app":11.67,"app_bas":9.36,"app_haut":14.54,"app_ech":"maille","app_obs":2,"mai":8.74,"mai_bas":6.96,"mai_haut":10.99,"mai_ech":"maille","mai_obs":7,"a12":13.85,"a3":8.01},"geometry":{"type":"Polygon","coordinates":[[[-0.2025,44.7388],[-0.174,44.7317],[-0.1756,44.7247],[-0.1731,44.7137],[-0.1888,44.7102],[-0.2073,44.7164],[-0.22,44.724],[-0.2025,44.7388]]]}},{"type":"Feature","properties":{"code":"33177","nom":"Gaillan-en-Médoc","app":11.34,"app_bas":9.07,"app_haut":14.18,"app_ech":"maille","app_obs":32,"mai":10.07,"mai_bas":7.84,"mai_haut":12.94,"mai_ech":"commune","mai_obs":101,"a12":13.92,"a3":9.28},"geometry":{"type":"Polygon","coordinates":[[[-0.9668,45.2765],[-0.9878,45.284],[-1.0189,45.2877],[-1.0461,45.3039],[-1.0329,45.3187],[-1.0312,45.3227],[-1.0214,45.3277],[-1.01,45.3367],[-0.9954,45.342],[-0.9788,45.3504],[-0.9671,45.3493],[-0.9452,45.3348],[-0.9504,45.3277],[-0.9441,45.3131],[-0.9458,45.3018],[-0.9508,45.2922],[-0.9668,45.2765]]]}},{"type":"Feature","properties":{"code":"33236","nom":"Lège-Cap-Ferret","app":15.66,"app_bas":11.75,"app_haut":20.88,"app_ech":"commune","app_obs":141,"mai":15.19,"mai_bas":11.02,"mai_haut":20.93,"mai_ech":"commune","mai_obs":132,"a12":18.29,"a3":11.36},"geometry":{"type":"Polygon","coordinates":[[[-1.1619,44.7749],[-1.1686,44.7718],[-1.1753,44.764],[-1.1781,44.7558],[-1.1722,44.751],[-1.1901,44.737],[-1.1908,44.7309],[-1.2045,44.7215],[-1.2044,44.7177],[-1.223,44.7096],[-1.2223,44.7061],[-1.2326,44.693],[-1.2374,44.6825],[-1.2401,44.6665],[-1.2389,44.6578],[-1.2449,44.6484],[-1.2462,44.6419],[-1.2431,44.6288],[-1.2447,44.6231],[-1.2521,44.6177],[-1.2604,44.6257],[-1.2621,44.6322],[-1.2617,44.6477],[-1.2517,44.712],[-1.233,44.8089],[-1.2251,44.8087],[-1.1671,44.8134],[-1.1469,44.824],[-1.0836,44.8284],[-1.0505,44.8232],[-1.1385,44.7907],[-1.1481,44.7787],[-1.1619,44.7749]]]}},{"type":"Feature","properties":{"code":"33266","nom":"Marcenais","app":12.34,"app_bas":10.39,"app_haut":14.67,"app_ech":"maille","app_obs":2,"mai":9.97,"mai_bas":7.89,"mai_haut":12.6,"mai_ech":"maille","mai_obs":15,"a12":13.92,"a3":10.05},"geometry":{"type":"Polygon","coordinates":[[[-0.3624,45.0474],[-0.3652,45.0541],[-0.3535,45.0823],[-0.3346,45.0704],[-0.3197,45.0498],[-0.3245,45.0463],[-0.3382,45.0439],[-0.3624,45.0474]]]}},{"type":"Feature","properties":{"code":"33271","nom":"Marions","app":9.6,"app_bas":7.77,"app_haut":11.87,"app_ech":"maille","app_obs":0,"mai":8.34,"mai_bas":6.55,"mai_haut":10.62,"mai_ech":"maille","mai_obs":3,"a12":10.36,"a3":8.49},"geometry":{"type":"Polygon","coordinates":[[[-0.0788,44.3537],[-0.0858,44.3376],[-0.1041,44.3433],[-0.1024,44.3616],[-0.1033,44.3711],[-0.1108,44.3719],[-0.1028,44.3916],[-0.0982,44.395],[-0.1006,44.4051],[-0.0971,44.4082],[-0.0878,44.4049],[-0.0763,44.4077],[-0.0735,44.4035],[-0.0739,44.3904],[-0.0784,44.3874],[-0.0693,44.3799],[-0.0669,44.3759],[-0.0694,44.3679],[-0.0786,44.3656],[-0.082,44.3581],[-0.0788,44.3537]]]}},{"type":"Feature","properties":{"code":"33452","nom":"Saint-Michel-de-Rieufret","app":13.51,"app_bas":10.62,"app_haut":17.2,"app_ech":"maille","app_obs":1,"mai":11.25,"mai_bas":8.84,"mai_haut":14.31,"mai_ech":"maille","mai_obs":17,"a12":14.64,"a3":9.79},"geometry":{"type":"Polygon","coordinates":[[[-0.4416,44.6548],[-0.4291,44.6478],[-0.4216,44.6361],[-0.4062,44.6292],[-0.4032,44.6255],[-0.423,44.6022],[-0.4235,44.5998],[-0.4599,44.6116],[-0.4887,44.6173],[-0.4886,44.627],[-0.4769,44.6266],[-0.4582,44.6303],[-0.4498,44.6398],[-0.4416,44.6548]]]}},{"type":"Feature","properties":{"code":"33491","nom":"Saint-Vivien-de-Monségur","app":10.66,"app_bas":8.69,"app_haut":13.09,"app_ech":"maille","app_obs":0,"mai":8.93,"mai_bas":6.91,"mai_haut":11.54,"mai_ech":"maille","mai_obs":13,"a12":12.07,"a3":7.85},"geometry":{"type":"Polygon","coordinates":[[[0.0886,44.6309],[0.1,44.6304],[0.1157,44.6395],[0.1226,44.633],[0.1393,44.6271],[0.1536,44.6161],[0.1509,44.6086],[0.1373,44.6078],[0.1166,44.5939],[0.1123,44.5981],[0.0907,44.6017],[0.0869,44.6119],[0.0913,44.6254],[0.0886,44.6309]]]}},{"type":"Feature","properties":{"code":"33540","nom":"Vendays-Montalivet","app":11.34,"app_bas":9.07,"app_haut":14.18,"app_ech":"maille","app_obs":44,"mai":10.46,"mai_bas":8.13,"mai_haut":13.46,"mai_ech":"maille","mai_obs":91,"a12":13.92,"a3":9.28},"geometry":{"type":"Polygon","coordinates":[[[-1.0276,45.3796],[-1.0343,45.3686],[-1.0408,45.349],[-1.0395,45.3415],[-1.0312,45.3227],[-1.0329,45.3187],[-1.0461,45.3039],[-1.0604,45.2966],[-1.0708,45.2937],[-1.0884,45.2957],[-1.103,45.2907],[-1.1255,45.2903],[-1.1645,45.2851],[-1.1623,45.2979],[-1.1594,45.3507],[-1.1603,45.3904],[-1.1305,45.3834],[-1.115,45.3847],[-1.0888,45.3893],[-1.0793,45.3892],[-1.054,45.3835],[-1.0332,45.3849],[-1.0276,45.3796]]]}},{"type":"Feature","properties":{"code":"33018","nom":"Val de Virvée","app":11.3,"app_bas":9.53,"app_haut":13.39,"app_ech":"maille","app_obs":79,"mai":9.71,"mai_bas":7.67,"mai_haut":12.28,"mai_ech":"commune","mai_obs":141,"a12":13.26,"a3":10.05},"geometry":{"type":"Polygon","coordinates":[[[-0.3618,44.9963],[-0.3808,44.9969],[-0.393,44.999],[-0.3964,45.0068],[-0.4166,45.0094],[-0.4269,45.0155],[-0.4202,45.0309],[-0.4093,45.0387],[-0.3997,45.033],[-0.3863,45.029],[-0.3847,45.0412],[-0.3624,45.0474],[-0.3506,45.0459],[-0.3607,45.0283],[-0.362,45.0186],[-0.3541,45.0128],[-0.3575,45.0008],[-0.3618,44.9963]]]}},{"type":"Feature","properties":{"code":"33047","nom":"Berson","app":13.13,"app_bas":10.95,"app_haut":15.73,"app_ech":"maille","app_obs":59,"mai":8.11,"mai_bas":6.15,"mai_haut":10.68,"mai_ech":"maille","mai_obs":87,"a12":13.92,"a3":8.94},"geometry":{"type":"Polygon","coordinates":[[[-0.5721,45.0981],[-0.608,45.1036],[-0.604,45.1078],[-0.6178,45.1117],[-0.6149,45.116],[-0.603,45.1153],[-0.5957,45.1219],[-0.5881,45.1408],[-0.5603,45.1351],[-0.5386,45.1225],[-0.5392,45.1176],[-0.5482,45.1119],[-0.5492,45.1016],[-0.5721,45.0981]]]}},{"type":"Feature","properties":{"code":"33153","nom":"Doulezon","app":10.86,"app_bas":8.21,"app_haut":14.35,"app_ech":"maille","app_obs":2,"mai":7.74,"mai_bas":5.87,"mai_haut":10.2,"mai_ech":"maille","mai_obs":5,"a12":12.57,"a3":8.01},"geometry":{"type":"Polygon","coordinates":[[[-0.0105,44.8099],[-0.003,44.8113],[-0.0046,44.8044],[0.0185,44.7947],[0.0205,44.7816],[0.024,44.7768],[0.0134,44.7773],[-0.0015,44.7819],[-0.0081,44.7855],[-0.0255,44.7893],[-0.0191,44.7984],[-0.0156,44.8079],[-0.0105,44.8099]]]}},{"type":"Feature","properties":{"code":"33362","nom":"Sablons","app":10.84,"app_bas":8.66,"app_haut":13.57,"app_ech":"maille","app_obs":7,"mai":10.13,"mai_bas":8.03,"mai_haut":12.78,"mai_ech":"maille","mai_obs":30,"a12":13.92,"a3":9.26},"geometry":{"type":"Polygon","coordinates":[[[-0.159,45.0344],[-0.1476,45.0329],[-0.1592,45.0176],[-0.1686,45.0075],[-0.1747,45.0125],[-0.1954,45.0129],[-0.2108,45.0106],[-0.2143,45.0166],[-0.2099,45.0241],[-0.2123,45.0317],[-0.1924,45.0371],[-0.159,45.0344]]]}},{"type":"Feature","properties":{"code":"33396","nom":"Saint-Étienne-de-Lisse","app":12.28,"app_bas":10.01,"app_haut":15.06,"app_ech":"maille","app_obs":2,"mai":10.27,"mai_bas":7.87,"mai_haut":13.4,"mai_ech":"maille","mai_obs":7,"a12":12.57,"a3":9.26},"geometry":{"type":"Polygon","coordinates":[[[-0.0979,44.8663],[-0.1036,44.8625],[-0.1171,44.8621],[-0.1068,44.8864],[-0.0988,44.8882],[-0.0971,44.9016],[-0.0914,44.9],[-0.089,44.8934],[-0.0677,44.8886],[-0.0834,44.8748],[-0.0911,44.8732],[-0.0979,44.8663]]]}},{"type":"Feature","properties":{"code":"33407","nom":"Saint-Genès-de-Fronsac","app":11.3,"app_bas":9.53,"app_haut":13.39,"app_ech":"maille","app_obs":1,"mai":9.79,"mai_bas":7.78,"mai_haut":12.31,"mai_ech":"maille","mai_obs":12,"a12":13.26,"a3":11.11},"geometry":{"type":"Polygon","coordinates":[[[-0.3379,45.0057],[-0.3401,45.0086],[-0.3541,45.0128],[-0.362,45.0186],[-0.3607,45.0283],[-0.3506,45.0459],[-0.3382,45.0439],[-0.3352,45.0351],[-0.334,45.0137],[-0.3316,45.0076],[-0.3379,45.0057]]]}},{"type":"Feature","properties":{"code":"33502","nom":"Saugon","app":13.13,"app_bas":10.95,"app_haut":15.73,"app_ech":"maille","app_obs":1,"mai":9.13,"mai_bas":7.24,"mai_haut":11.5,"mai_ech":"maille","mai_obs":11,"a12":13.25,"a3":11.02},"geometry":{"type":"Polygon","coordinates":[[[-0.4708,45.1941],[-0.4616,45.1846],[-0.4678,45.1791],[-0.4933,45.1669],[-0.5132,45.1675],[-0.5209,45.171],[-0.533,45.1889],[-0.5364,45.2002],[-0.5397,45.2058],[-0.5146,45.1989],[-0.4907,45.1979],[-0.4708,45.1941]]]}},{"type":"Feature","properties":{"code":"33534","nom":"Tourne","app":12.99,"app_bas":10.68,"app_haut":15.8,"app_ech":"maille","app_obs":47,"mai":11.25,"mai_bas":8.84,"mai_haut":14.31,"mai_ech":"maille","mai_obs":39,"a12":14.64,"a3":13.1},"geometry":{"type":"Polygon","coordinates":[[[-0.3882,44.7302],[-0.3817,44.7286],[-0.3852,44.7186],[-0.3946,44.714],[-0.4042,44.706],[-0.4127,44.7074],[-0.4081,44.7154],[-0.3882,44.7302]]]}},{"type":"Feature","properties":{"code":"33012","nom":"Arsac","app":14.1,"app_bas":11.71,"app_haut":16.98,"app_ech":"maille","app_obs":12,"mai":11.93,"mai_bas":9.22,"mai_haut":15.45,"mai_ech":"maille","mai_obs":64,"a12":15.45,"a3":11.92},"geometry":{"type":"Polygon","coordinates":[[[-0.7256,44.9564],[-0.7545,44.9667],[-0.7452,44.9864],[-0.7272,44.9944],[-0.7186,45.0023],[-0.7149,45.0146],[-0.7076,45.0163],[-0.675,45.017],[-0.6569,45.0116],[-0.6528,45.0006],[-0.6493,44.9996],[-0.661,44.9883],[-0.6601,44.9826],[-0.6735,44.9756],[-0.6934,44.9712],[-0.7256,44.9564]]]}},{"type":"Feature","properties":{"code":"33258","nom":"Lugasson","app":10.22,"app_bas":8.27,"app_haut":12.62,"app_ech":"maille","app_obs":0,"mai":8.96,"mai_bas":7.11,"mai_haut":11.3,"mai_ech":"maille","mai_obs":3,"a12":12.66,"a3":9.76},"geometry":{"type":"Polygon","coordinates":[[[-0.162,44.7736],[-0.1526,44.7671],[-0.1399,44.7657],[-0.1371,44.7603],[-0.1355,44.7472],[-0.1467,44.7447],[-0.1712,44.7447],[-0.1757,44.7507],[-0.1736,44.7579],[-0.1649,44.7615],[-0.1585,44.7688],[-0.162,44.7736]]]}},{"type":"Feature","properties":{"code":"33282","nom":"Mérignas","app":9.3,"app_bas":7.32,"app_haut":11.81,"app_ech":"maille","app_obs":0,"mai":8.96,"mai_bas":7.11,"mai_haut":11.3,"mai_ech":"maille","mai_obs":5,"a12":12.66,"a3":9.26},"geometry":{"type":"Polygon","coordinates":[[[-0.0597,44.7735],[-0.0622,44.7709],[-0.0793,44.7687],[-0.109,44.779],[-0.1034,44.7911],[-0.0925,44.8053],[-0.0876,44.8049],[-0.0686,44.7945],[-0.0649,44.7856],[-0.0683,44.7839],[-0.0649,44.775],[-0.0597,44.7735]]]}},{"type":"Feature","properties":{"code":"33291","nom":"Montagoudin","app":10.16,"app_bas":8.1,"app_haut":12.76,"app_ech":"maille","app_obs":2,"mai":8.93,"mai_bas":6.91,"mai_haut":11.54,"mai_ech":"maille","mai_obs":3,"a12":12.92,"a3":8.49},"geometry":{"type":"Polygon","coordinates":[[[0.0208,44.5874],[0.0218,44.5792],[0.0162,44.5745],[0.0013,44.5724],[-0.0106,44.5751],[-0.0053,44.5881],[0.0152,44.5865],[0.0208,44.5874]]]}},{"type":"Feature","properties":{"code":"33486","nom":"Saint-Trojan","app":13.13,"app_bas":10.95,"app_haut":15.73,"app_ech":"maille","app_obs":1,"mai":8.11,"mai_bas":6.15,"mai_haut":10.68,"mai_ech":"maille","mai_obs":3,"a12":13.33,"a3":9.73},"geometry":{"type":"Polygon","coordinates":[[[-0.5666,45.0829],[-0.5813,45.0783],[-0.5906,45.085],[-0.5907,45.1007],[-0.5721,45.0981],[-0.572,45.0909],[-0.5664,45.0867],[-0.5666,45.0829]]]}},{"type":"Feature","properties":{"code":"33488","nom":"Saint-Vincent-de-Pertignas","app":12.28,"app_bas":10.01,"app_haut":15.06,"app_ech":"maille","app_obs":2,"mai":8.96,"mai_bas":7.11,"mai_haut":11.3,"mai_ech":"maille","mai_obs":12,"a12":12.66,"a3":9.76},"geometry":{"type":"Polygon","coordinates":[[[-0.1117,44.8217],[-0.1052,44.8224],[-0.0983,44.8106],[-0.0925,44.8053],[-0.1034,44.7911],[-0.109,44.779],[-0.111,44.7786],[-0.1256,44.7867],[-0.1337,44.7943],[-0.1186,44.8053],[-0.1117,44.8217]]]}},{"type":"Feature","properties":{"code":"33075","nom":"Bruges","app":14.83,"app_bas":12.57,"app_haut":17.5,"app_ech":"commune","app_obs":3084,"mai":13.94,"mai_bas":10.47,"mai_haut":18.56,"mai_ech":"commune","mai_obs":466,"a12":16.9,"a3":13.49},"geometry":{"type":"Polygon","coordinates":[[[-0.6299,44.8982],[-0.6189,44.9005],[-0.5998,44.9093],[-0.5809,44.9094],[-0.5761,44.8692],[-0.5951,44.8714],[-0.6121,44.8713],[-0.6224,44.8768],[-0.6276,44.885],[-0.6299,44.8982]]]}},{"type":"Feature","properties":{"code":"33422","nom":"Saint-Jean-d'Illac","app":14.21,"app_bas":11.62,"app_haut":17.38,"app_ech":"commune","app_obs":517,"mai":13.58,"mai_bas":10.53,"mai_haut":17.49,"mai_ech":"commune","mai_obs":290,"a12":15.81,"a3":13.59},"geometry":{"type":"Polygon","coordinates":[[[-0.8371,44.7368],[-0.8814,44.76],[-0.9049,44.8078],[-0.8809,44.8575],[-0.8729,44.8514],[-0.8549,44.848],[-0.8361,44.8404],[-0.8356,44.8286],[-0.803,44.823],[-0.7906,44.8264],[-0.7602,44.8322],[-0.7537,44.8326],[-0.7381,44.8293],[-0.726,44.8135],[-0.7293,44.8016],[-0.7394,44.7831],[-0.7341,44.7755],[-0.7586,44.7553],[-0.795,44.744],[-0.8371,44.7368]]]}},{"type":"Feature","properties":{"code":"33442","nom":"Saint-Martin-de-Laye","app":10.6,"app_bas":8.58,"app_haut":13.1,"app_ech":"maille","app_obs":2,"mai":10.13,"mai_bas":8.03,"mai_haut":12.78,"mai_ech":"maille","mai_obs":17,"a12":13.92,"a3":10.05},"geometry":{"type":"Polygon","coordinates":[[[-0.2364,45.0111],[-0.246,45.0165],[-0.2476,45.0325],[-0.2505,45.0402],[-0.2455,45.0433],[-0.244,45.0511],[-0.2284,45.0517],[-0.2242,45.047],[-0.2102,45.0392],[-0.2043,45.0342],[-0.2123,45.0317],[-0.2201,45.0305],[-0.2242,45.0204],[-0.2364,45.0111]]]}},{"type":"Feature","properties":{"code":"33485","nom":"Sainte-Terre","app":12.28,"app_bas":10.01,"app_haut":15.06,"app_ech":"maille","app_obs":34,"mai":9.07,"mai_bas":7.19,"mai_haut":11.44,"mai_ech":"commune","mai_obs":107,"a12":12.57,"a3":9.76},"geometry":{"type":"Polygon","coordinates":[[[-0.1004,44.8513],[-0.0871,44.84],[-0.0829,44.8336],[-0.0915,44.8301],[-0.1052,44.8224],[-0.1117,44.8217],[-0.1215,44.823],[-0.1291,44.8211],[-0.1328,44.8143],[-0.138,44.8138],[-0.1474,44.8208],[-0.1557,44.8253],[-0.1572,44.8348],[-0.1479,44.8393],[-0.1376,44.8435],[-0.1292,44.8423],[-0.1174,44.8501],[-0.1004,44.8513]]]}},{"type":"Feature","properties":{"code":"33501","nom":"Saucats","app":14.34,"app_bas":11.72,"app_haut":17.53,"app_ech":"maille","app_obs":18,"mai":11.83,"mai_bas":9.09,"mai_haut":15.4,"mai_ech":"commune","mai_obs":113,"a12":16.34,"a3":12.39},"geometry":{"type":"Polygon","coordinates":[[[-0.6566,44.6836],[-0.6326,44.6848],[-0.5943,44.6915],[-0.5917,44.6871],[-0.5757,44.6817],[-0.5744,44.6757],[-0.5611,44.6719],[-0.5454,44.6609],[-0.5504,44.6516],[-0.5609,44.6422],[-0.5626,44.6302],[-0.5646,44.6279],[-0.609,44.6036],[-0.6183,44.6109],[-0.6619,44.6088],[-0.6941,44.6435],[-0.73,44.6726],[-0.7248,44.681],[-0.6566,44.6836]]]}},{"type":"Feature","properties":{"code":"33204","nom":"Hure","app":10.16,"app_bas":8.1,"app_haut":12.76,"app_ech":"maille","app_obs":0,"mai":8.93,"mai_bas":6.91,"mai_haut":11.54,"mai_ech":"maille","mai_obs":16,"a12":12.92,"a3":8.49},"geometry":{"type":"Polygon","coordinates":[[[-0.0267,44.5308],[-0.0252,44.5383],[-0.0112,44.5545],[-0.001,44.5518],[-0.0008,44.5477],[0.0133,44.5372],[0.0165,44.5285],[0.0096,44.5219],[0.0048,44.522],[-0.0092,44.5276],[-0.0267,44.5308]]]}},{"type":"Feature","properties":{"code":"33323","nom":"Pian-sur-Garonne","app":11.67,"app_bas":9.36,"app_haut":14.54,"app_ech":"maille","app_obs":5,"mai":9.64,"mai_bas":7.54,"mai_haut":12.33,"mai_ech":"maille","mai_obs":32,"a12":13.85,"a3":9.08},"geometry":{"type":"Polygon","coordinates":[[[-0.2183,44.5632],[-0.2199,44.5667],[-0.2304,44.5679],[-0.233,44.5723],[-0.2303,44.5821],[-0.2212,44.6001],[-0.201,44.596],[-0.2069,44.5827],[-0.2072,44.5659],[-0.2183,44.5632]]]}},{"type":"Feature","properties":{"code":"33535","nom":"Tresses","app":13.27,"app_bas":11.06,"app_haut":15.91,"app_ech":"commune","app_obs":115,"mai":11.12,"mai_bas":8.48,"mai_haut":14.59,"mai_ech":"commune","mai_obs":152,"a12":14.55,"a3":11.89},"geometry":{"type":"Polygon","coordinates":[[[-0.4746,44.8253],[-0.4949,44.8307],[-0.5019,44.8299],[-0.4962,44.8415],[-0.4906,44.8462],[-0.4821,44.8478],[-0.4768,44.853],[-0.472,44.8655],[-0.4595,44.8645],[-0.4562,44.8559],[-0.4476,44.8427],[-0.4475,44.8349],[-0.4529,44.8257],[-0.4746,44.8253]]]}},{"type":"Feature","properties":{"code":"33086","nom":"Camiac-et-Saint-Denis","app":12.99,"app_bas":10.68,"app_haut":15.8,"app_ech":"maille","app_obs":8,"mai":9.79,"mai_bas":7.84,"mai_haut":12.23,"mai_ech":"maille","mai_obs":7,"a12":13.85,"a3":10.49},"geometry":{"type":"Polygon","coordinates":[[[-0.3077,44.8027],[-0.2897,44.8079],[-0.2689,44.8068],[-0.2756,44.7917],[-0.2849,44.7834],[-0.2971,44.7869],[-0.313,44.788],[-0.3152,44.7938],[-0.3124,44.7995],[-0.3077,44.8027]]]}},{"type":"Feature","properties":{"code":"33136","nom":"Cours-de-Monségur","app":10.66,"app_bas":8.69,"app_haut":13.09,"app_ech":"maille","app_obs":7,"mai":8.24,"mai_bas":6.16,"mai_haut":11.02,"mai_ech":"maille","mai_obs":4,"a12":12.93,"a3":7.85},"geometry":{"type":"Polygon","coordinates":[[[0.1336,44.668],[0.1416,44.6655],[0.1631,44.6704],[0.1676,44.6684],[0.1363,44.6587],[0.1377,44.6453],[0.1412,44.6413],[0.1374,44.6361],[0.1393,44.6271],[0.1226,44.633],[0.1157,44.6395],[0.1099,44.6422],[0.1094,44.6615],[0.1031,44.6646],[0.1088,44.6688],[0.1192,44.6648],[0.1336,44.668]]]}},{"type":"Feature","properties":{"code":"33188","nom":"Giscos","app":9.23,"app_bas":7.42,"app_haut":11.48,"app_ech":"maille","app_obs":2,"mai":8.34,"mai_bas":6.55,"mai_haut":10.62,"mai_ech":"maille","mai_obs":0,"a12":10.36,"a3":8.23},"geometry":{"type":"Polygon","coordinates":[[[-0.1232,44.2406],[-0.1271,44.2332],[-0.1407,44.2264],[-0.1664,44.2416],[-0.1715,44.252],[-0.1786,44.2612],[-0.1941,44.269],[-0.2103,44.2644],[-0.226,44.2648],[-0.2271,44.2807],[-0.2015,44.2818],[-0.1953,44.2857],[-0.1822,44.2863],[-0.177,44.2894],[-0.1728,44.2986],[-0.1326,44.2872],[-0.1268,44.2763],[-0.1318,44.2616],[-0.1289,44.2525],[-0.1223,44.2436],[-0.1232,44.2406]]]}},{"type":"Feature","properties":{"code":"33203","nom":"Hourtin","app":13.47,"app_bas":10.65,"app_haut":17.04,"app_ech":"commune","app_obs":192,"mai":11.49,"mai_bas":8.94,"mai_haut":14.77,"mai_ech":"commune","mai_obs":181,"a12":13.92,"a3":10.52},"geometry":{"type":"Polygon","coordinates":[[[-0.9518,45.1355],[-0.9723,45.1364],[-0.9844,45.134],[-0.9953,45.1265],[-1.0452,45.1161],[-1.0693,45.1266],[-1.0868,45.1288],[-1.1871,45.1285],[-1.1809,45.1761],[-1.1747,45.2114],[-1.1695,45.2501],[-1.1317,45.2449],[-1.1105,45.2431],[-1.0835,45.2427],[-1.0656,45.2398],[-1.0543,45.2288],[-1.0247,45.2252],[-0.968,45.2153],[-0.9598,45.2193],[-0.9482,45.2273],[-0.9204,45.2047],[-0.9286,45.19],[-0.9372,45.1799],[-0.9441,45.1629],[-0.9433,45.1528],[-0.9518,45.1355]]]}},{"type":"Feature","properties":{"code":"33321","nom":"Peujard","app":11.3,"app_bas":9.53,"app_haut":13.39,"app_ech":"maille","app_obs":4,"mai":9.97,"mai_bas":7.89,"mai_haut":12.6,"mai_ech":"maille","mai_obs":39,"a12":13.26,"a3":11.11},"geometry":{"type":"Polygon","coordinates":[[[-0.4521,45.0622],[-0.4331,45.0635],[-0.4087,45.0587],[-0.4109,45.0421],[-0.4093,45.0387],[-0.4202,45.0309],[-0.4324,45.0339],[-0.4483,45.034],[-0.4482,45.0374],[-0.4569,45.0574],[-0.4521,45.0622]]]}},{"type":"Feature","properties":{"code":"33483","nom":"Saint-Sulpice-et-Cameyrac","app":12.6,"app_bas":10.63,"app_haut":14.93,"app_ech":"commune","app_obs":123,"mai":11.59,"mai_bas":9.34,"mai_haut":14.37,"mai_ech":"commune","mai_obs":225,"a12":15.22,"a3":10.89},"geometry":{"type":"Polygon","coordinates":[[[-0.4095,44.8812],[-0.41,44.8973],[-0.4075,44.9023],[-0.4085,44.9198],[-0.3914,44.9279],[-0.3897,44.9227],[-0.3816,44.9137],[-0.3709,44.9106],[-0.3631,44.9117],[-0.362,44.9014],[-0.3523,44.8986],[-0.3503,44.8895],[-0.3725,44.8868],[-0.3792,44.8845],[-0.392,44.8842],[-0.4095,44.8812]]]}},{"type":"Feature","properties":{"code":"33500","nom":"Samonac","app":13.13,"app_bas":10.95,"app_haut":15.73,"app_ech":"maille","app_obs":1,"mai":9.31,"mai_bas":7.76,"mai_haut":11.18,"mai_ech":"maille","mai_obs":7,"a12":13.33,"a3":9.73},"geometry":{"type":"Polygon","coordinates":[[[-0.5683,45.0582],[-0.5808,45.0648],[-0.585,45.0651],[-0.5842,45.0727],[-0.5813,45.0783],[-0.5666,45.0829],[-0.5598,45.0703],[-0.5593,45.0615],[-0.5683,45.0582]]]}},{"type":"Feature","properties":{"code":"33512","nom":"Sigalens","app":10.66,"app_bas":8.69,"app_haut":13.09,"app_ech":"maille","app_obs":0,"mai":8.76,"mai_bas":7.02,"mai_haut":10.93,"mai_ech":"maille","mai_obs":11,"a12":12.92,"a3":8.49},"geometry":{"type":"Polygon","coordinates":[[[-0.0702,44.4359],[-0.0596,44.4405],[-0.057,44.4527],[-0.054,44.4565],[-0.0422,44.4567],[-0.0378,44.4621],[-0.0441,44.4732],[-0.0305,44.4872],[-0.016,44.4897],[-0.0138,44.4806],[-0.013,44.4614],[-0.0028,44.4607],[0.0049,44.4568],[0.0075,44.4471],[0.0048,44.445],[-0.0037,44.4484],[-0.0193,44.449],[-0.0302,44.4418],[-0.0323,44.434],[-0.039,44.4367],[-0.0438,44.4242],[-0.0574,44.4249],[-0.0632,44.43],[-0.0728,44.4323],[-0.0702,44.4359]]]}},{"type":"Feature","properties":{"code":"33108","nom":"Castillon-la-Bataille","app":9.87,"app_bas":7.78,"app_haut":12.54,"app_ech":"commune","app_obs":621,"mai":10.03,"mai_bas":7.69,"mai_haut":13.08,"mai_ech":"commune","mai_obs":294,"a12":11.67,"a3":9.01},"geometry":{"type":"Polygon","coordinates":[[[-0.0048,44.8686],[-0.0154,44.8577],[-0.0331,44.8556],[-0.0342,44.8521],[-0.05,44.848],[-0.0507,44.8579],[-0.0339,44.871],[-0.0167,44.8702],[0.0012,44.8761],[-0.0048,44.8686]]]}},{"type":"Feature","properties":{"code":"33135","nom":"Courpiac","app":9.3,"app_bas":7.32,"app_haut":11.81,"app_ech":"maille","app_obs":1,"mai":8.96,"mai_bas":7.11,"mai_haut":11.3,"mai_ech":"maille","mai_obs":8,"a12":12.66,"a3":9.79},"geometry":{"type":"Polygon","coordinates":[[[-0.1981,44.7486],[-0.189,44.7658],[-0.1736,44.7579],[-0.1757,44.7507],[-0.1832,44.748],[-0.1981,44.7486]]]}},{"type":"Feature","properties":{"code":"33146","nom":"Cussac-Fort-Médoc","app":10.01,"app_bas":7.82,"app_haut":12.81,"app_ech":"maille","app_obs":22,"mai":11.91,"mai_bas":9.35,"mai_haut":15.16,"mai_ech":"maille","mai_obs":60,"a12":13.92,"a3":10.1},"geometry":{"type":"Polygon","coordinates":[[[-0.7604,45.1364],[-0.7168,45.1386],[-0.6933,45.1451],[-0.6909,45.1358],[-0.6874,45.1103],[-0.7063,45.1038],[-0.7422,45.0963],[-0.7567,45.1007],[-0.764,45.1117],[-0.7632,45.1297],[-0.7604,45.1364]]]}},{"type":"Feature","properties":{"code":"33507","nom":"Sauviac","app":11.49,"app_bas":9.39,"app_haut":14.05,"app_ech":"maille","app_obs":1,"mai":8.34,"mai_bas":6.55,"mai_haut":10.62,"mai_ech":"maille","mai_obs":2,"a12":12.65,"a3":9.38},"geometry":{"type":"Polygon","coordinates":[[[-0.2001,44.4226],[-0.1852,44.4126],[-0.179,44.4167],[-0.1673,44.4083],[-0.156,44.3979],[-0.1685,44.3851],[-0.1663,44.3794],[-0.1752,44.3783],[-0.1859,44.3802],[-0.1879,44.387],[-0.1939,44.3926],[-0.2041,44.396],[-0.2045,44.4051],[-0.2097,44.4176],[-0.2001,44.4226]]]}},{"type":"Feature","properties":{"code":"33250","nom":"Loubens","app":10.16,"app_bas":8.1,"app_haut":12.76,"app_ech":"maille","app_obs":8,"mai":9.61,"mai_bas":7.33,"mai_haut":12.6,"mai_ech":"maille","mai_obs":2,"a12":12.92,"a3":8.01},"geometry":{"type":"Polygon","coordinates":[[[-0.0285,44.6338],[-0.0235,44.6392],[-0.0095,44.6338],[-0.0035,44.6357],[0.0009,44.6253],[-0.0085,44.6216],[-0.0256,44.6193],[-0.035,44.6142],[-0.0451,44.6319],[-0.0321,44.6322],[-0.0285,44.6338]]]}},{"type":"Feature","properties":{"code":"33389","nom":"Saint-Ciers-sur-Gironde","app":10.12,"app_bas":7.82,"app_haut":13.08,"app_ech":"commune","app_obs":145,"mai":9.17,"mai_bas":7.19,"mai_haut":11.7,"mai_ech":"commune","mai_obs":176,"a12":13.25,"a3":7.59},"geometry":{"type":"Polygon","coordinates":[[[-0.7374,45.2864],[-0.7527,45.3218],[-0.7233,45.327],[-0.7082,45.3275],[-0.7061,45.3264],[-0.6443,45.322],[-0.6336,45.3184],[-0.6282,45.3114],[-0.6196,45.3059],[-0.5965,45.2979],[-0.5854,45.2918],[-0.5856,45.2847],[-0.5772,45.2783],[-0.587,45.2717],[-0.5972,45.2614],[-0.6096,45.2663],[-0.6311,45.2678],[-0.6262,45.2843],[-0.6296,45.2911],[-0.6976,45.2848],[-0.7358,45.283],[-0.7374,45.2864]]]}},{"type":"Feature","properties":{"code":"33444","nom":"Saint-Martin-de-Sescas","app":11.67,"app_bas":9.36,"app_haut":14.54,"app_ech":"maille","app_obs":2,"mai":9.52,"mai_bas":7.51,"mai_haut":12.07,"mai_ech":"maille","mai_obs":19,"a12":12.92,"a3":9.38},"geometry":{"type":"Polygon","coordinates":[[[-0.1827,44.5911],[-0.1725,44.6001],[-0.1599,44.6057],[-0.1501,44.6037],[-0.1448,44.5953],[-0.1562,44.5841],[-0.1543,44.5796],[-0.1604,44.5644],[-0.1748,44.568],[-0.1827,44.5911]]]}},{"type":"Feature","properties":{"code":"33459","nom":"Saint-Pey-d'Armens","app":12.28,"app_bas":10.01,"app_haut":15.06,"app_ech":"maille","app_obs":2,"mai":9.79,"mai_bas":7.84,"mai_haut":12.23,"mai_ech":"maille","mai_obs":11,"a12":12.57,"a3":9.26},"geometry":{"type":"Polygon","coordinates":[[[-0.0979,44.8663],[-0.0963,44.857],[-0.1004,44.8513],[-0.1174,44.8501],[-0.1292,44.8423],[-0.1376,44.8435],[-0.1304,44.8531],[-0.1346,44.855],[-0.1342,44.86],[-0.1171,44.8621],[-0.1036,44.8625],[-0.0979,44.8663]]]}},{"type":"Feature","properties":{"code":"33071","nom":"Branne","app":11.1,"app_bas":8.73,"app_haut":14.11,"app_ech":"commune","app_obs":153,"mai":9.65,"mai_bas":7.66,"mai_haut":12.16,"mai_ech":"commune","mai_obs":107,"a12":14.07,"a3":9.76},"geometry":{"type":"Polygon","coordinates":[[[-0.1704,44.8394],[-0.168,44.8245],[-0.1794,44.8205],[-0.194,44.825],[-0.1878,44.8326],[-0.1704,44.8394]]]}},{"type":"Feature","properties":{"code":"33245","nom":"Lignan-de-Bordeaux","app":12.35,"app_bas":10.24,"app_haut":14.89,"app_ech":"maille","app_obs":8,"mai":13.66,"mai_bas":10.17,"mai_haut":18.34,"mai_ech":"maille","mai_obs":23,"a12":15.58,"a3":12.5},"geometry":{"type":"Polygon","coordinates":[[[-0.4346,44.7718],[-0.4412,44.7808],[-0.4427,44.7889],[-0.4554,44.8003],[-0.454,44.8016],[-0.4214,44.8112],[-0.4152,44.8088],[-0.4041,44.7984],[-0.4037,44.7958],[-0.4191,44.7907],[-0.4232,44.7863],[-0.4246,44.7774],[-0.4325,44.7714],[-0.4346,44.7718]]]}},{"type":"Feature","properties":{"code":"33268","nom":"Margaux","app":13.89,"app_bas":11.38,"app_haut":16.94,"app_ech":"maille","app_obs":48,"mai":10.67,"mai_bas":8.24,"mai_haut":13.83,"mai_ech":"commune","mai_obs":126,"a12":14.22,"a3":10.1},"geometry":{"type":"Polygon","coordinates":[[[-0.6531,45.0591],[-0.6423,45.0481],[-0.6558,45.0446],[-0.6679,45.0367],[-0.6884,45.0328],[-0.6976,45.0373],[-0.6882,45.0499],[-0.6709,45.0583],[-0.6578,45.0572],[-0.6531,45.0591]]]}},{"type":"Feature","properties":{"code":"33277","nom":"Massugas","app":10.86,"app_bas":8.21,"app_haut":14.35,"app_ech":"maille","app_obs":1,"mai":8.86,"mai_bas":6.86,"mai_haut":11.45,"mai_ech":"maille","mai_obs":7,"a12":12.93,"a3":8.01},"geometry":{"type":"Polygon","coordinates":[[[0.1139,44.7915],[0.12,44.7827],[0.1292,44.7784],[0.1293,44.7658],[0.1216,44.7622],[0.1178,44.7512],[0.1069,44.7458],[0.1056,44.7519],[0.0971,44.75],[0.0824,44.7627],[0.0646,44.7701],[0.0668,44.7791],[0.0866,44.7791],[0.0867,44.7868],[0.0917,44.7877],[0.1083,44.7838],[0.1139,44.7915]]]}},{"type":"Feature","properties":{"code":"33303","nom":"Nérigean","app":12.34,"app_bas":10.31,"app_haut":14.77,"app_ech":"maille","app_obs":15,"mai":9.79,"mai_bas":7.84,"mai_haut":12.23,"mai_ech":"maille","mai_obs":35,"a12":14.55,"a3":10.49},"geometry":{"type":"Polygon","coordinates":[[[-0.2473,44.838],[-0.255,44.8298],[-0.2787,44.8289],[-0.2947,44.8323],[-0.3131,44.8429],[-0.3042,44.8609],[-0.2954,44.8623],[-0.2914,44.8552],[-0.2778,44.8527],[-0.262,44.8403],[-0.2473,44.838]]]}},{"type":"Feature","properties":{"code":"33315","nom":"Peintures","app":10.84,"app_bas":8.66,"app_haut":13.57,"app_ech":"maille","app_obs":25,"mai":9,"mai_bas":7.1,"mai_haut":11.41,"mai_ech":"maille","mai_obs":85,"a12":13.53,"a3":9.29},"geometry":{"type":"Polygon","coordinates":[[[-0.0845,45.0779],[-0.0699,45.0779],[-0.0621,45.0722],[-0.0564,45.0607],[-0.0675,45.0489],[-0.0691,45.0441],[-0.0834,45.0434],[-0.089,45.0547],[-0.1273,45.0685],[-0.1284,45.0726],[-0.12,45.0768],[-0.1127,45.0838],[-0.1077,45.0824],[-0.1028,45.0734],[-0.0916,45.0784],[-0.0845,45.0779]]]}},{"type":"Feature","properties":{"code":"33331","nom":"Pondaurat","app":9.6,"app_bas":7.77,"app_haut":11.87,"app_ech":"maille","app_obs":1,"mai":8.76,"mai_bas":7.02,"mai_haut":10.93,"mai_ech":"maille","mai_obs":6,"a12":12.65,"a3":9.38},"geometry":{"type":"Polygon","coordinates":[[[-0.088,44.5526],[-0.0768,44.5489],[-0.071,44.5432],[-0.0714,44.5353],[-0.061,44.5223],[-0.0524,44.5214],[-0.0558,44.5139],[-0.0689,44.5161],[-0.0739,44.5093],[-0.0936,44.5304],[-0.1053,44.5363],[-0.0961,44.5501],[-0.088,44.5526]]]}},{"type":"Feature","properties":{"code":"33385","nom":"Saint-Christophe-de-Double","app":10.84,"app_bas":8.66,"app_haut":13.57,"app_ech":"maille","app_obs":7,"mai":9,"mai_bas":7.1,"mai_haut":11.41,"mai_ech":"maille","mai_obs":20,"a12":11.43,"a3":8.14},"geometry":{"type":"Polygon","coordinates":[[[-0.0054,45.0546],[-0.0113,45.0627],[-0.0209,45.0673],[-0.0227,45.076],[-0.0131,45.08],[-0.0111,45.0939],[0.0059,45.1117],[0.007,45.1178],[0.021,45.118],[0.0408,45.1154],[0.0461,45.1132],[0.0603,45.0981],[0.0648,45.082],[0.0706,45.0761],[0.0619,45.0765],[0.0526,45.0726],[0.0506,45.0595],[0.0404,45.0527],[0.0312,45.0499],[0.0248,45.0493],[0.0063,45.0561],[-0.0054,45.0546]]]}},{"type":"Feature","properties":{"code":"33395","nom":"Saint-Estèphe","app":10.01,"app_bas":7.82,"app_haut":12.81,"app_ech":"maille","app_obs":31,"mai":8.52,"mai_bas":6.83,"mai_haut":10.63,"mai_ech":"commune","mai_obs":106,"a12":12.29,"a3":9.28},"geometry":{"type":"Polygon","coordinates":[[[-0.7358,45.283],[-0.738,45.229],[-0.7534,45.2265],[-0.7611,45.2297],[-0.7702,45.2285],[-0.7935,45.2224],[-0.799,45.2339],[-0.8064,45.2404],[-0.8159,45.2423],[-0.812,45.2493],[-0.8132,45.2547],[-0.8041,45.2627],[-0.8071,45.2757],[-0.7747,45.2787],[-0.7672,45.2839],[-0.7374,45.2864],[-0.7358,45.283]]]}},{"type":"Feature","properties":{"code":"33417","nom":"Sainte-Hélène","app":14.04,"app_bas":10.57,"app_haut":18.65,"app_ech":"maille","app_obs":26,"mai":12.86,"mai_bas":9.95,"mai_haut":16.63,"mai_ech":"maille","mai_obs":50,"a12":16.09,"a3":10.93},"geometry":{"type":"Polygon","coordinates":[[[-0.9781,45.015],[-0.965,45.0158],[-0.9433,45.0206],[-0.9279,45.0257],[-0.8956,45.0323],[-0.8874,45.0298],[-0.8576,45.0261],[-0.8653,45.0183],[-0.8519,45.0191],[-0.84,45.0074],[-0.8307,44.9916],[-0.8283,44.9753],[-0.8194,44.972],[-0.8537,44.9561],[-0.8659,44.9471],[-0.9055,44.8983],[-0.9328,44.9025],[-0.9494,44.917],[-0.9645,44.9275],[-0.9762,44.9487],[-0.9888,44.9586],[-0.9947,44.9709],[-0.9931,44.984],[-0.986,45.0036],[-0.9781,45.015]]]}},{"type":"Feature","properties":{"code":"33433","nom":"Saint-Loubès","app":13.49,"app_bas":10.92,"app_haut":16.65,"app_ech":"commune","app_obs":292,"mai":11.11,"mai_bas":8.63,"mai_haut":14.3,"mai_ech":"commune","mai_obs":429,"a12":15.77,"a3":11.42},"geometry":{"type":"Polygon","coordinates":[[[-0.4549,44.9534],[-0.4481,44.9391],[-0.4406,44.935],[-0.4273,44.9389],[-0.4148,44.9456],[-0.3993,44.9475],[-0.3908,44.9438],[-0.3837,44.939],[-0.3914,44.9279],[-0.4085,44.9198],[-0.4075,44.9023],[-0.423,44.8968],[-0.4418,44.8935],[-0.444,44.8914],[-0.4489,44.8916],[-0.4635,44.8981],[-0.4553,44.9125],[-0.4555,44.9165],[-0.4665,44.9196],[-0.4642,44.9227],[-0.4638,44.9364],[-0.4598,44.9519],[-0.4549,44.9534]]]}},{"type":"Feature","properties":{"code":"33519","nom":"Taillan-Médoc","app":14.46,"app_bas":12.02,"app_haut":17.38,"app_ech":"commune","app_obs":443,"mai":13.28,"mai_bas":10.11,"mai_haut":17.45,"mai_ech":"commune","mai_obs":371,"a12":16.18,"a3":12.77},"geometry":{"type":"Polygon","coordinates":[[[-0.7141,44.9049],[-0.7103,44.9231],[-0.6872,44.9312],[-0.6705,44.93],[-0.6708,44.9228],[-0.6558,44.9162],[-0.6507,44.9053],[-0.6421,44.895],[-0.6604,44.8964],[-0.6807,44.8948],[-0.7141,44.9049]]]}},{"type":"Feature","properties":{"code":"33036","nom":"Bazas","app":10.07,"app_bas":8.15,"app_haut":12.44,"app_ech":"commune","app_obs":605,"mai":9.12,"mai_bas":7.16,"mai_haut":11.63,"mai_ech":"commune","mai_obs":301,"a12":11.87,"a3":9.13},"geometry":{"type":"Polygon","coordinates":[[[-0.1597,44.476],[-0.1601,44.4656],[-0.1672,44.4386],[-0.1898,44.4304],[-0.2001,44.4226],[-0.2097,44.4176],[-0.2045,44.4051],[-0.2246,44.4084],[-0.2323,44.4068],[-0.2475,44.4135],[-0.2457,44.4236],[-0.2569,44.428],[-0.2507,44.4398],[-0.2604,44.4421],[-0.2756,44.4519],[-0.2755,44.4543],[-0.251,44.4572],[-0.2378,44.4545],[-0.2337,44.458],[-0.2275,44.4721],[-0.2187,44.4699],[-0.2164,44.4632],[-0.2077,44.4577],[-0.1943,44.4573],[-0.1853,44.4628],[-0.1922,44.4716],[-0.1728,44.4754],[-0.1597,44.476]]]}},{"type":"Feature","properties":{"code":"33157","nom":"Espiet","app":11.33,"app_bas":8.79,"app_haut":14.59,"app_ech":"maille","app_obs":10,"mai":8.74,"mai_bas":6.96,"mai_haut":10.99,"mai_ech":"maille","mai_obs":15,"a12":12.66,"a3":9.76},"geometry":{"type":"Polygon","coordinates":[[[-0.2835,44.7771],[-0.2849,44.7834],[-0.2756,44.7917],[-0.2689,44.8068],[-0.2586,44.8208],[-0.252,44.8169],[-0.2523,44.79],[-0.2658,44.7802],[-0.2835,44.7771]]]}},{"type":"Feature","properties":{"code":"33219","nom":"Lande-de-Fronsac","app":12.34,"app_bas":10.31,"app_haut":14.77,"app_ech":"maille","app_obs":32,"mai":10.48,"mai_bas":8.32,"mai_haut":13.21,"mai_ech":"commune","mai_obs":103,"a12":14.07,"a3":11.11},"geometry":{"type":"Polygon","coordinates":[[[-0.3618,44.9963],[-0.3555,44.9827],[-0.3629,44.9807],[-0.3623,44.9704],[-0.3725,44.9712],[-0.3836,44.9693],[-0.3995,44.9752],[-0.4055,44.9755],[-0.393,44.999],[-0.3808,44.9969],[-0.3618,44.9963]]]}},{"type":"Feature","properties":{"code":"33235","nom":"Lavazan","app":9.23,"app_bas":7.42,"app_haut":11.48,"app_ech":"maille","app_obs":1,"mai":8.34,"mai_bas":6.55,"mai_haut":10.62,"mai_ech":"maille","mai_obs":7,"a12":10.36,"a3":8.49},"geometry":{"type":"Polygon","coordinates":[[[-0.1127,44.4158],[-0.0968,44.4084],[-0.1006,44.4051],[-0.0982,44.395],[-0.1028,44.3916],[-0.1108,44.3719],[-0.1314,44.3713],[-0.132,44.4001],[-0.1144,44.4041],[-0.1127,44.4158]]]}},{"type":"Feature","properties":{"code":"33391","nom":"Saint-Côme","app":9.6,"app_bas":7.77,"app_haut":11.87,"app_ech":"maille","app_obs":1,"mai":8.76,"mai_bas":7.02,"mai_haut":10.93,"mai_ech":"maille","mai_obs":5,"a12":10.36,"a3":8.49},"geometry":{"type":"Polygon","coordinates":[[[-0.1672,44.4386],[-0.1562,44.4307],[-0.1556,44.4232],[-0.1487,44.4184],[-0.1548,44.4117],[-0.1645,44.4188],[-0.1758,44.4226],[-0.179,44.4167],[-0.1852,44.4126],[-0.2001,44.4226],[-0.1898,44.4304],[-0.1672,44.4386]]]}},{"type":"Feature","properties":{"code":"33432","nom":"Saint-Loubert","app":10.27,"app_bas":8.32,"app_haut":12.67,"app_ech":"maille","app_obs":1,"mai":9.64,"mai_bas":7.54,"mai_haut":12.33,"mai_ech":"maille","mai_obs":1,"a12":13.85,"a3":9.38},"geometry":{"type":"Polygon","coordinates":[[[-0.1755,44.5607],[-0.1696,44.5614],[-0.1557,44.5506],[-0.1731,44.5441],[-0.1784,44.5548],[-0.1755,44.5607]]]}},{"type":"Feature","properties":{"code":"33545","nom":"Vertheuil","app":12.62,"app_bas":9.98,"app_haut":15.95,"app_ech":"maille","app_obs":13,"mai":10.05,"mai_bas":7.82,"mai_haut":12.91,"mai_ech":"maille","mai_obs":36,"a12":13.92,"a3":10.93},"geometry":{"type":"Polygon","coordinates":[[[-0.8854,45.2358],[-0.8931,45.2466],[-0.8691,45.2637],[-0.8592,45.2694],[-0.8483,45.2728],[-0.8071,45.2757],[-0.8041,45.2627],[-0.8132,45.2547],[-0.812,45.2493],[-0.8159,45.2423],[-0.8454,45.2348],[-0.8633,45.2383],[-0.8744,45.2339],[-0.8854,45.2358]]]}},{"type":"Feature","properties":{"code":"33058","nom":"Blaye","app":13.08,"app_bas":10.52,"app_haut":16.26,"app_ech":"commune","app_obs":1049,"mai":8.96,"mai_bas":7.27,"mai_haut":11.05,"mai_ech":"commune","mai_obs":436,"a12":13.64,"a3":10.79},"geometry":{"type":"Polygon","coordinates":[[[-0.6874,45.1103],[-0.6909,45.1358],[-0.6933,45.1451],[-0.6584,45.1502],[-0.6523,45.1362],[-0.643,45.127],[-0.6414,45.1143],[-0.6484,45.1109],[-0.6864,45.1024],[-0.6874,45.1103]]]}},{"type":"Feature","properties":{"code":"33127","nom":"Civrac-sur-Dordogne","app":12.28,"app_bas":10.01,"app_haut":15.06,"app_ech":"maille","app_obs":2,"mai":8.96,"mai_bas":7.11,"mai_haut":11.3,"mai_ech":"maille","mai_obs":10,"a12":13.53,"a3":9.26},"geometry":{"type":"Polygon","coordinates":[[[-0.0915,44.8301],[-0.0681,44.8382],[-0.0669,44.8307],[-0.0714,44.8265],[-0.0831,44.8241],[-0.0915,44.8301]]]}},{"type":"Feature","properties":{"code":"33148","nom":"Dardenac","app":11.67,"app_bas":9.36,"app_haut":14.54,"app_ech":"maille","app_obs":3,"mai":10.47,"mai_bas":8.24,"mai_haut":13.31,"mai_ech":"maille","mai_obs":1,"a12":14.07,"a3":10.49},"geometry":{"type":"Polygon","coordinates":[[[-0.2474,44.7872],[-0.2368,44.788],[-0.2227,44.7852],[-0.2328,44.7833],[-0.2419,44.7786],[-0.2521,44.7823],[-0.2474,44.7872]]]}},{"type":"Feature","properties":{"code":"33249","nom":"Lormont","app":14.03,"app_bas":12.03,"app_haut":16.35,"app_ech":"commune","app_obs":4250,"mai":12.7,"mai_bas":9.52,"mai_haut":16.94,"mai_ech":"commune","mai_obs":277,"a12":16.3,"a3":12.51},"geometry":{"type":"Polygon","coordinates":[[[-0.5355,44.8891],[-0.5038,44.8878],[-0.4942,44.8824],[-0.4971,44.8769],[-0.5049,44.8679],[-0.5211,44.8638],[-0.5379,44.8613],[-0.5385,44.8762],[-0.5355,44.8891]]]}},{"type":"Feature","properties":{"code":"33402","nom":"Sainte-Foy-la-Grande","app":9.38,"app_bas":7.39,"app_haut":11.9,"app_ech":"commune","app_obs":707,"mai":8.56,"mai_bas":6.62,"mai_haut":11.05,"mai_ech":"commune","mai_obs":231,"a12":13.06,"a3":8.85},"geometry":{"type":"Polygon","coordinates":[[[0.2097,44.8414],[0.2221,44.8445],[0.2197,44.8372],[0.2097,44.8414]]]}},{"type":"Feature","properties":{"code":"33489","nom":"Saint-Vivien-de-Blaye","app":10.15,"app_bas":8.44,"app_haut":12.22,"app_ech":"maille","app_obs":3,"mai":9.31,"mai_bas":7.76,"mai_haut":11.18,"mai_ech":"maille","mai_obs":17,"a12":13.92,"a3":10.05},"geometry":{"type":"Polygon","coordinates":[[[-0.5295,45.1085],[-0.5249,45.1123],[-0.5057,45.1147],[-0.4811,45.1045],[-0.4814,45.1018],[-0.4907,45.0978],[-0.515,45.0984],[-0.5188,45.0954],[-0.5294,45.0954],[-0.5295,45.1085]]]}},{"type":"Feature","properties":{"code":"33104","nom":"Castelnau-de-Médoc","app":13.1,"app_bas":10.37,"app_haut":16.56,"app_ech":"commune","app_obs":383,"mai":10.89,"mai_bas":8.25,"mai_haut":14.37,"mai_ech":"commune","mai_obs":345,"a12":14.93,"a3":11.34},"geometry":{"type":"Polygon","coordinates":[[[-0.8194,44.972],[-0.8283,44.9753],[-0.8307,44.9916],[-0.84,45.0074],[-0.8519,45.0191],[-0.8292,45.0221],[-0.8289,45.0244],[-0.8134,45.0378],[-0.795,45.0407],[-0.7808,45.0407],[-0.7857,45.0285],[-0.795,45.0173],[-0.7921,45.0065],[-0.7924,44.9955],[-0.8006,44.984],[-0.8021,44.9646],[-0.8194,44.972]]]}},{"type":"Feature","properties":{"code":"33145","nom":"Cursan","app":12.35,"app_bas":10.24,"app_haut":14.89,"app_ech":"maille","app_obs":3,"mai":11.26,"mai_bas":8.74,"mai_haut":14.51,"mai_ech":"maille","mai_obs":7,"a12":14.55,"a3":11.17},"geometry":{"type":"Polygon","coordinates":[[[-0.3291,44.8091],[-0.3204,44.8018],[-0.3124,44.7995],[-0.3152,44.7938],[-0.3248,44.7875],[-0.3431,44.784],[-0.3514,44.7866],[-0.3557,44.7904],[-0.3452,44.8043],[-0.3291,44.8091]]]}},{"type":"Feature","properties":{"code":"33163","nom":"Faleyras","app":11.67,"app_bas":9.36,"app_haut":14.54,"app_ech":"maille","app_obs":2,"mai":8.74,"mai_bas":6.96,"mai_haut":10.99,"mai_ech":"maille","mai_obs":10,"a12":12.66,"a3":9.76},"geometry":{"type":"Polygon","coordinates":[[[-0.2037,44.7437],[-0.2269,44.7485],[-0.2386,44.7489],[-0.2458,44.7521],[-0.2477,44.7643],[-0.2517,44.7673],[-0.2419,44.7786],[-0.2328,44.7833],[-0.2227,44.7852],[-0.2163,44.7828],[-0.2178,44.774],[-0.2109,44.7699],[-0.2094,44.7618],[-0.2117,44.753],[-0.2027,44.7457],[-0.2037,44.7437]]]}},{"type":"Feature","properties":{"code":"33207","nom":"Izon","app":12.34,"app_bas":10.31,"app_haut":14.77,"app_ech":"maille","app_obs":54,"mai":11.66,"mai_bas":9.41,"mai_haut":14.44,"mai_ech":"commune","mai_obs":248,"a12":14.07,"a3":10.89},"geometry":{"type":"Polygon","coordinates":[[[-0.3523,44.8986],[-0.362,44.9014],[-0.3631,44.9117],[-0.3709,44.9106],[-0.3816,44.9137],[-0.3897,44.9227],[-0.3914,44.9279],[-0.3837,44.939],[-0.3745,44.937],[-0.3635,44.9382],[-0.3309,44.9328],[-0.3177,44.9269],[-0.3174,44.9149],[-0.3424,44.9108],[-0.3523,44.8986]]]}},{"type":"Feature","properties":{"code":"33409","nom":"Saint-Genis-du-Bois","app":null,"app_bas":null,"app_haut":null,"app_ech":null,"app_obs":0,"mai":null,"mai_bas":null,"mai_haut":null,"mai_ech":null,"mai_obs":0,"a12":null,"a3":null},"geometry":{"type":"Polygon","coordinates":[[[-0.1957,44.7058],[-0.1882,44.7047],[-0.1735,44.7076],[-0.1707,44.6977],[-0.1783,44.6926],[-0.1886,44.693],[-0.1972,44.7013],[-0.1957,44.7058]]]}},{"type":"Feature","properties":{"code":"33050","nom":"Bieujac","app":10.16,"app_bas":8.1,"app_haut":12.76,"app_ech":"maille","app_obs":5,"mai":8.76,"mai_bas":7.02,"mai_haut":10.93,"mai_ech":"maille","mai_obs":24,"a12":12.65,"a3":9.38},"geometry":{"type":"Polygon","coordinates":[[[-0.1865,44.5325],[-0.1731,44.5441],[-0.1557,44.5506],[-0.1453,44.5451],[-0.1421,44.5407],[-0.1186,44.5383],[-0.1344,44.5285],[-0.1533,44.5331],[-0.1678,44.5306],[-0.1831,44.5314],[-0.1865,44.5325]]]}},{"type":"Feature","properties":{"code":"33121","nom":"Cessac","app":11.67,"app_bas":9.36,"app_haut":14.54,"app_ech":"maille","app_obs":2,"mai":8.74,"mai_bas":6.96,"mai_haut":10.99,"mai_ech":"maille","mai_obs":11,"a12":13.85,"a3":9.79},"geometry":{"type":"Polygon","coordinates":[[[-0.174,44.7317],[-0.2025,44.7388],[-0.2037,44.7437],[-0.2027,44.7457],[-0.1981,44.7486],[-0.1832,44.748],[-0.1757,44.7507],[-0.1712,44.7447],[-0.1698,44.7337],[-0.174,44.7317]]]}},{"type":"Feature","properties":{"code":"33181","nom":"Gardegan-et-Tourtirac","app":12.28,"app_bas":10.01,"app_haut":15.06,"app_ech":"maille","app_obs":0,"mai":9.44,"mai_bas":7.49,"mai_haut":11.9,"mai_ech":"maille","mai_obs":2,"a12":12.57,"a3":9.26},"geometry":{"type":"Polygon","coordinates":[[[-0.015,44.9092],[-0.0095,44.9044],[0.0159,44.8943],[0.0133,44.8855],[0.0073,44.8832],[0.0011,44.8763],[-0.0058,44.8865],[-0.0217,44.8858],[-0.0524,44.8881],[-0.0477,44.8967],[-0.0355,44.9019],[-0.0341,44.9058],[-0.015,44.9092]]]}},{"type":"Feature","properties":{"code":"33458","nom":"Saint-Paul","app":13.13,"app_bas":10.95,"app_haut":15.73,"app_ech":"maille","app_obs":21,"mai":8.11,"mai_bas":6.15,"mai_haut":10.68,"mai_ech":"maille","mai_obs":28,"a12":13.25,"a3":11.02},"geometry":{"type":"Polygon","coordinates":[[[-0.6143,45.1584],[-0.5904,45.1653],[-0.5841,45.1628],[-0.5751,45.1618],[-0.5686,45.1549],[-0.5574,45.1533],[-0.5603,45.1351],[-0.5881,45.1408],[-0.6152,45.1415],[-0.6235,45.143],[-0.6278,45.147],[-0.6143,45.1584]]]}},{"type":"Feature","properties":{"code":"33044","nom":"Bellefond","app":9.3,"app_bas":7.32,"app_haut":11.81,"app_ech":"maille","app_obs":0,"mai":8.96,"mai_bas":7.11,"mai_haut":11.3,"mai_ech":"maille","mai_obs":10,"a12":12.66,"a3":9.79},"geometry":{"type":"Polygon","coordinates":[[[-0.1893,44.7701],[-0.1828,44.7703],[-0.1666,44.7789],[-0.1585,44.7688],[-0.1649,44.7615],[-0.1736,44.7579],[-0.189,44.7658],[-0.1893,44.7701]]]}},{"type":"Feature","properties":{"code":"33161","nom":"Eyrans","app":14.09,"app_bas":11.33,"app_haut":17.51,"app_ech":"maille","app_obs":18,"mai":8.56,"mai_bas":6.94,"mai_haut":10.56,"mai_ech":"maille","mai_obs":45,"a12":13.25,"a3":11.02},"geometry":{"type":"Polygon","coordinates":[[[-0.6032,45.1824],[-0.6249,45.1839],[-0.6256,45.1926],[-0.6226,45.1982],[-0.6097,45.1972],[-0.6034,45.1998],[-0.6081,45.2117],[-0.5961,45.2056],[-0.6017,45.1829],[-0.6032,45.1824]]]}},{"type":"Feature","properties":{"code":"33185","nom":"Génissac","app":12.54,"app_bas":10.48,"app_haut":15,"app_ech":"commune","app_obs":103,"mai":10.43,"mai_bas":8.27,"mai_haut":13.14,"mai_ech":"commune","mai_obs":111,"a12":14.07,"a3":10.49},"geometry":{"type":"Polygon","coordinates":[[[-0.237,44.8837],[-0.2255,44.8826],[-0.2213,44.8782],[-0.226,44.8549],[-0.2449,44.8416],[-0.2473,44.838],[-0.262,44.8403],[-0.2778,44.8527],[-0.2741,44.8664],[-0.2694,44.8722],[-0.2597,44.8756],[-0.2506,44.8729],[-0.2363,44.8778],[-0.237,44.8837]]]}},{"type":"Feature","properties":{"code":"33244","nom":"Lignan-de-Bazas","app":11.41,"app_bas":8.63,"app_haut":15.09,"app_ech":"maille","app_obs":0,"mai":8.93,"mai_bas":7.03,"mai_haut":11.34,"mai_ech":"maille","mai_obs":10,"a12":10.36,"a3":8.23},"geometry":{"type":"Polygon","coordinates":[[[-0.2958,44.4155],[-0.297,44.4276],[-0.2913,44.4402],[-0.2907,44.4528],[-0.2756,44.4519],[-0.2604,44.4421],[-0.2507,44.4398],[-0.2569,44.428],[-0.2587,44.4225],[-0.2654,44.4187],[-0.2833,44.413],[-0.2958,44.4155]]]}},{"type":"Feature","properties":{"code":"33270","nom":"Marimbault","app":11.49,"app_bas":9.39,"app_haut":14.05,"app_ech":"maille","app_obs":0,"mai":8.93,"mai_bas":7.03,"mai_haut":11.34,"mai_ech":"maille","mai_obs":5,"a12":12.65,"a3":9.38},"geometry":{"type":"Polygon","coordinates":[[[-0.2833,44.413],[-0.2654,44.4187],[-0.2587,44.4225],[-0.2569,44.428],[-0.2457,44.4236],[-0.2475,44.4135],[-0.2323,44.4068],[-0.246,44.3998],[-0.2711,44.3963],[-0.276,44.4057],[-0.2833,44.413]]]}},{"type":"Feature","properties":{"code":"33302","nom":"Néac","app":11.33,"app_bas":8.79,"app_haut":14.59,"app_ech":"maille","app_obs":3,"mai":9.48,"mai_bas":7.51,"mai_haut":11.96,"mai_ech":"maille","mai_obs":19,"a12":14.07,"a3":10.49},"geometry":{"type":"Polygon","coordinates":[[[-0.1861,44.9556],[-0.167,44.9533],[-0.1521,44.9449],[-0.1653,44.9324],[-0.1742,44.9314],[-0.2076,44.9412],[-0.1861,44.9556]]]}},{"type":"Feature","properties":{"code":"33506","nom":"Sauveterre-de-Guyenne","app":10.87,"app_bas":8.8,"app_haut":13.42,"app_ech":"commune","app_obs":120,"mai":8.39,"mai_bas":6.68,"mai_haut":10.53,"mai_ech":"commune","mai_obs":165,"a12":12.92,"a3":9.76},"geometry":{"type":"Polygon","coordinates":[[[-0.0612,44.6673],[-0.0879,44.6732],[-0.0913,44.672],[-0.0895,44.6827],[-0.1074,44.6858],[-0.1113,44.6909],[-0.1189,44.693],[-0.1223,44.698],[-0.1132,44.7068],[-0.1148,44.7148],[-0.1045,44.7218],[-0.1095,44.7338],[-0.0959,44.7297],[-0.0862,44.7298],[-0.0551,44.7259],[-0.0528,44.7127],[-0.0474,44.7074],[-0.0231,44.7048],[-0.0304,44.6977],[-0.0316,44.6886],[-0.0374,44.6908],[-0.0472,44.6855],[-0.0547,44.6738],[-0.0612,44.6673]]]}},{"type":"Feature","properties":{"code":"33515","nom":"Soulignac","app":12.99,"app_bas":10.68,"app_haut":15.8,"app_ech":"maille","app_obs":3,"mai":10.47,"mai_bas":8.24,"mai_haut":13.31,"mai_ech":"maille","mai_obs":17,"a12":12.66,"a3":9.76},"geometry":{"type":"Polygon","coordinates":[[[-0.3165,44.6933],[-0.31,44.7026],[-0.2988,44.7098],[-0.2991,44.7124],[-0.2828,44.7134],[-0.2615,44.7055],[-0.2579,44.6925],[-0.2671,44.6922],[-0.2815,44.6866],[-0.2963,44.6737],[-0.3018,44.6768],[-0.3067,44.685],[-0.3165,44.6933]]]}},{"type":"Feature","properties":{"code":"33529","nom":"Teste-de-Buch","app":14.98,"app_bas":11.77,"app_haut":19.05,"app_ech":"commune","app_obs":2178,"mai":14.91,"mai_bas":10.74,"mai_haut":20.71,"mai_ech":"commune","mai_obs":683,"a12":17.72,"a3":13.65},"geometry":{"type":"Polygon","coordinates":[[[-1.107,44.5026],[-1.1998,44.4796],[-1.2539,44.4676],[-1.2514,44.4889],[-1.2517,44.5149],[-1.2562,44.5309],[-1.2603,44.5395],[-1.2586,44.5471],[-1.2462,44.5558],[-1.2274,44.5758],[-1.2121,44.5995],[-1.206,44.6123],[-1.2035,44.6227],[-1.2044,44.6387],[-1.1392,44.6537],[-1.1519,44.6487],[-1.1548,44.6444],[-1.1492,44.64],[-1.1408,44.6472],[-1.1189,44.6469],[-1.1188,44.6402],[-1.1132,44.6264],[-1.1041,44.567],[-1.1043,44.5423],[-1.107,44.5026]]]}},{"type":"Feature","properties":{"code":"33094","nom":"Caplong","app":10.86,"app_bas":8.21,"app_haut":14.35,"app_ech":"maille","app_obs":0,"mai":8.86,"mai_bas":6.86,"mai_haut":11.45,"mai_ech":"maille","mai_obs":14,"a12":12.07,"a3":9.05},"geometry":{"type":"Polygon","coordinates":[[[0.1292,44.7784],[0.142,44.7823],[0.1589,44.7827],[0.1711,44.7654],[0.1693,44.7532],[0.159,44.7518],[0.1459,44.7526],[0.1306,44.7617],[0.1293,44.7658],[0.1292,44.7784]]]}},{"type":"Feature","properties":{"code":"33194","nom":"Grézillac","app":11.33,"app_bas":8.79,"app_haut":14.59,"app_ech":"maille","app_obs":6,"mai":8.74,"mai_bas":6.96,"mai_haut":10.99,"mai_ech":"maille","mai_obs":44,"a12":14.07,"a3":9.76},"geometry":{"type":"Polygon","coordinates":[[[-0.1878,44.8326],[-0.194,44.825],[-0.2091,44.8145],[-0.2173,44.8141],[-0.2216,44.8094],[-0.2205,44.7997],[-0.2277,44.7959],[-0.2425,44.8053],[-0.2404,44.8123],[-0.2309,44.8195],[-0.2268,44.8286],[-0.2219,44.8307],[-0.1988,44.832],[-0.1941,44.835],[-0.1878,44.8326]]]}},{"type":"Feature","properties":{"code":"33296","nom":"Mouliets-et-Villemartin","app":10.86,"app_bas":8.21,"app_haut":14.35,"app_ech":"maille","app_obs":2,"mai":7.74,"mai_bas":5.87,"mai_haut":10.2,"mai_ech":"maille","mai_obs":32,"a12":12.93,"a3":7.47},"geometry":{"type":"Polygon","coordinates":[[[0.0089,44.8459],[0.0058,44.8317],[0.0014,44.8185],[-0.003,44.8113],[-0.0105,44.8099],[-0.0259,44.8195],[-0.0459,44.8193],[-0.0509,44.8323],[-0.0483,44.8402],[-0.0515,44.8469],[-0.05,44.848],[-0.0342,44.8521],[-0.0039,44.8467],[0.0089,44.8459]]]}},{"type":"Feature","properties":{"code":"33359","nom":"Roquebrune","app":10.22,"app_bas":8.27,"app_haut":12.62,"app_ech":"maille","app_obs":2,"mai":7.88,"mai_bas":6.25,"mai_haut":9.92,"mai_ech":"maille","mai_obs":9,"a12":12.57,"a3":8.01},"geometry":{"type":"Polygon","coordinates":[[[0.0008,44.6367],[0.0132,44.6343],[0.0303,44.6412],[0.0387,44.6329],[0.0381,44.6275],[0.0317,44.617],[0.0323,44.6037],[0.0183,44.6156],[0.0009,44.6253],[-0.0035,44.6357],[0.0008,44.6367]]]}},{"type":"Feature","properties":{"code":"33525","nom":"Tauriac","app":10.15,"app_bas":8.44,"app_haut":12.22,"app_ech":"maille","app_obs":12,"mai":10.87,"mai_bas":8.54,"mai_haut":13.84,"mai_ech":"maille","mai_obs":48,"a12":13.33,"a3":9.73},"geometry":{"type":"Polygon","coordinates":[[[-0.4813,45.0532],[-0.4954,45.044],[-0.5042,45.0424],[-0.5066,45.0305],[-0.5182,45.0339],[-0.5353,45.0498],[-0.5265,45.0555],[-0.5148,45.0596],[-0.5168,45.0701],[-0.4999,45.0696],[-0.4765,45.0635],[-0.478,45.0576],[-0.4813,45.0532]]]}},{"type":"Feature","properties":{"code":"33035","nom":"Bayon-sur-Gironde","app":13.13,"app_bas":10.95,"app_haut":15.73,"app_ech":"maille","app_obs":10,"mai":9.31,"mai_bas":7.76,"mai_haut":11.18,"mai_ech":"maille","mai_obs":54,"a12":13.33,"a3":9.73},"geometry":{"type":"Polygon","coordinates":[[[-0.6384,45.0441],[-0.605,45.0632],[-0.5954,45.061],[-0.585,45.0651],[-0.5808,45.0648],[-0.5967,45.0402],[-0.6023,45.0346],[-0.5952,45.0243],[-0.6091,45.0187],[-0.637,45.0411],[-0.6384,45.0441]]]}},{"type":"Feature","properties":{"code":"33038","nom":"Bégadan","app":11.34,"app_bas":9.07,"app_haut":14.18,"app_ech":"maille","app_obs":17,"mai":8.93,"mai_bas":7.16,"mai_haut":11.14,"mai_ech":"maille","mai_obs":45,"a12":12.29,"a3":9.28},"geometry":{"type":"Polygon","coordinates":[[[-0.817,45.4115],[-0.8011,45.3956],[-0.8512,45.3721],[-0.8596,45.3608],[-0.8662,45.3473],[-0.8774,45.3453],[-0.8946,45.346],[-0.906,45.3534],[-0.921,45.3601],[-0.9544,45.3628],[-0.9495,45.3711],[-0.9364,45.3852],[-0.9208,45.3797],[-0.8885,45.3765],[-0.8784,45.378],[-0.8697,45.3836],[-0.8632,45.3911],[-0.817,45.4115]]]}},{"type":"Feature","properties":{"code":"33252","nom":"Loupes","app":12.67,"app_bas":10.72,"app_haut":14.98,"app_ech":"maille","app_obs":1,"mai":14.03,"mai_bas":11.03,"mai_haut":17.85,"mai_ech":"maille","mai_obs":24,"a12":15.58,"a3":11.17},"geometry":{"type":"Polygon","coordinates":[[[-0.4041,44.7984],[-0.4152,44.8088],[-0.3921,44.8101],[-0.393,44.8193],[-0.3828,44.8256],[-0.3766,44.8218],[-0.3689,44.811],[-0.371,44.8079],[-0.4041,44.7984]]]}},{"type":"Feature","properties":{"code":"33294","nom":"Morizès","app":10.22,"app_bas":8.27,"app_haut":12.62,"app_ech":"maille","app_obs":1,"mai":9.52,"mai_bas":7.51,"mai_haut":12.07,"mai_ech":"maille","mai_obs":30,"a12":12.92,"a3":8.49},"geometry":{"type":"Polygon","coordinates":[[[-0.1161,44.6161],[-0.1124,44.6211],[-0.0837,44.6234],[-0.074,44.6188],[-0.081,44.6138],[-0.083,44.6068],[-0.1092,44.606],[-0.1192,44.6035],[-0.1161,44.6161]]]}},{"type":"Feature","properties":{"code":"33210","nom":"Juillac","app":10.06,"app_bas":8.11,"app_haut":12.47,"app_ech":"maille","app_obs":0,"mai":10.27,"mai_bas":7.87,"mai_haut":13.4,"mai_ech":"maille","mai_obs":1,"a12":10.81,"a3":7.47},"geometry":{"type":"Polygon","coordinates":[[[0.0478,44.8244],[0.062,44.8257],[0.0757,44.8195],[0.0713,44.8117],[0.0613,44.8021],[0.0498,44.8027],[0.031,44.812],[0.028,44.8177],[0.0432,44.817],[0.0478,44.8244]]]}},{"type":"Feature","properties":{"code":"33243","nom":"Libourne","app":12.95,"app_bas":10.48,"app_haut":15.99,"app_ech":"commune","app_obs":3961,"mai":10.98,"mai_bas":8.71,"mai_haut":13.85,"mai_ech":"commune","mai_obs":1427,"a12":15.23,"a3":11.23},"geometry":{"type":"Polygon","coordinates":[[[-0.237,44.8837],[-0.2363,44.8778],[-0.2506,44.8729],[-0.2597,44.8756],[-0.2593,44.8871],[-0.2475,44.902],[-0.2507,44.9154],[-0.2422,44.9229],[-0.2453,44.9304],[-0.2607,44.9282],[-0.2555,44.939],[-0.2498,44.9385],[-0.2512,44.9521],[-0.2186,44.9464],[-0.2294,44.9343],[-0.2138,44.9299],[-0.2109,44.9196],[-0.2026,44.915],[-0.2066,44.9113],[-0.2073,44.9011],[-0.2111,44.893],[-0.2178,44.8943],[-0.2338,44.8934],[-0.2404,44.8905],[-0.237,44.8837]]]}},{"type":"Feature","properties":{"code":"33259","nom":"Lugon-et-l'Île-du-Carnay","app":12.34,"app_bas":10.31,"app_haut":14.77,"app_ech":"maille","app_obs":50,"mai":10.65,"mai_bas":8.59,"mai_haut":13.2,"mai_ech":"maille","mai_obs":63,"a12":13.26,"a3":10.05},"geometry":{"type":"Polygon","coordinates":[[[-0.3489,44.9741],[-0.3292,44.9649],[-0.3263,44.9555],[-0.3425,44.9463],[-0.3494,44.9353],[-0.3635,44.9382],[-0.3745,44.937],[-0.3837,44.939],[-0.3908,44.9438],[-0.3799,44.9504],[-0.3641,44.9543],[-0.3582,44.9683],[-0.3489,44.9741]]]}},{"type":"Feature","properties":{"code":"33304","nom":"Neuffons","app":10.22,"app_bas":8.27,"app_haut":12.62,"app_ech":"maille","app_obs":4,"mai":7.88,"mai_bas":6.25,"mai_haut":9.92,"mai_ech":"maille","mai_obs":19,"a12":12.57,"a3":8.01},"geometry":{"type":"Polygon","coordinates":[[[0.0008,44.6367],[-0.0011,44.6515],[0.0077,44.6619],[0.0238,44.6615],[0.0261,44.6569],[0.0179,44.6521],[0.0171,44.6474],[0.0248,44.6393],[0.0132,44.6343],[0.0008,44.6367]]]}},{"type":"Feature","properties":{"code":"33327","nom":"Podensac","app":11.81,"app_bas":9.49,"app_haut":14.72,"app_ech":"commune","app_obs":191,"mai":10.47,"mai_bas":8.27,"mai_haut":13.25,"mai_ech":"commune","mai_obs":157,"a12":13.82,"a3":9.79},"geometry":{"type":"Polygon","coordinates":[[[-0.3609,44.6299],[-0.3814,44.6407],[-0.3821,44.6435],[-0.3672,44.6654],[-0.3508,44.6557],[-0.3397,44.652],[-0.3328,44.6422],[-0.3554,44.6343],[-0.3609,44.6299]]]}},{"type":"Feature","properties":{"code":"33419","nom":"Saint-Hilaire-du-Bois","app":10.16,"app_bas":8.1,"app_haut":12.76,"app_ech":"maille","app_obs":0,"mai":9.61,"mai_bas":7.33,"mai_haut":12.6,"mai_ech":"maille","mai_obs":1,"a12":12.92,"a3":8.01},"geometry":{"type":"Polygon","coordinates":[[[-0.072,44.6495],[-0.093,44.6631],[-0.0913,44.672],[-0.0879,44.6732],[-0.0612,44.6673],[-0.0585,44.6639],[-0.0628,44.6503],[-0.072,44.6495]]]}},{"type":"Feature","properties":{"code":"33369","nom":"Saint-André-et-Appelles","app":9.65,"app_bas":7.6,"app_haut":12.24,"app_ech":"maille","app_obs":2,"mai":8.86,"mai_bas":6.86,"mai_haut":11.45,"mai_ech":"maille","mai_obs":21,"a12":12.07,"a3":9.05},"geometry":{"type":"Polygon","coordinates":[[[0.1928,44.8208],[0.2036,44.8204],[0.2191,44.8225],[0.2273,44.8087],[0.2254,44.7994],[0.2181,44.7913],[0.2037,44.806],[0.1929,44.7961],[0.1802,44.8069],[0.1649,44.8078],[0.1653,44.8198],[0.1842,44.8193],[0.1841,44.8235],[0.1928,44.8208]]]}},{"type":"Feature","properties":{"code":"33399","nom":"Saint-Félix-de-Foncaude","app":10.22,"app_bas":8.27,"app_haut":12.62,"app_ech":"maille","app_obs":0,"mai":7.88,"mai_bas":6.25,"mai_haut":9.92,"mai_ech":"maille","mai_obs":2,"a12":12.92,"a3":8.01},"geometry":{"type":"Polygon","coordinates":[[[-0.1352,44.6551],[-0.1414,44.6572],[-0.142,44.6626],[-0.1339,44.6665],[-0.1129,44.6653],[-0.1052,44.6618],[-0.093,44.6631],[-0.072,44.6495],[-0.0733,44.6436],[-0.0861,44.6378],[-0.104,44.6405],[-0.1145,44.6452],[-0.119,44.6433],[-0.1254,44.6526],[-0.1352,44.6551]]]}},{"type":"Feature","properties":{"code":"33064","nom":"Bossugan","app":9.3,"app_bas":7.32,"app_haut":11.81,"app_ech":"maille","app_obs":0,"mai":8.96,"mai_bas":7.11,"mai_haut":11.3,"mai_ech":"maille","mai_obs":0,"a12":12.57,"a3":9.26},"geometry":{"type":"Polygon","coordinates":[[[-0.0649,44.7856],[-0.0686,44.7945],[-0.048,44.7976],[-0.0356,44.7922],[-0.0378,44.7854],[-0.0452,44.7851],[-0.0577,44.7897],[-0.0649,44.7856]]]}},{"type":"Feature","properties":{"code":"33211","nom":"Labarde","app":13.89,"app_bas":11.38,"app_haut":16.94,"app_ech":"maille","app_obs":8,"mai":11.93,"mai_bas":9.22,"mai_haut":15.45,"mai_ech":"maille","mai_obs":21,"a12":14.22,"a3":11.92},"geometry":{"type":"Polygon","coordinates":[[[-0.6366,45.0288],[-0.6221,45.0196],[-0.6245,45.0134],[-0.6348,45.0106],[-0.644,44.9995],[-0.6528,45.0006],[-0.6569,45.0116],[-0.6545,45.0175],[-0.6387,45.0248],[-0.6366,45.0288]]]}},{"type":"Feature","properties":{"code":"33216","nom":"Lados","app":9.6,"app_bas":7.77,"app_haut":11.87,"app_ech":"maille","app_obs":0,"mai":8.76,"mai_bas":7.02,"mai_haut":10.93,"mai_ech":"maille","mai_obs":2,"a12":12.92,"a3":8.49},"geometry":{"type":"Polygon","coordinates":[[[-0.1597,44.476],[-0.156,44.4846],[-0.1392,44.4749],[-0.1229,44.4712],[-0.1172,44.4765],[-0.1106,44.4761],[-0.1195,44.4656],[-0.1109,44.4664],[-0.104,44.46],[-0.1057,44.459],[-0.1187,44.4579],[-0.131,44.4616],[-0.1464,44.4621],[-0.1601,44.4656],[-0.1597,44.476]]]}},{"type":"Feature","properties":{"code":"33361","nom":"Ruch","app":10.86,"app_bas":8.21,"app_haut":14.35,"app_ech":"maille","app_obs":12,"mai":7.88,"mai_bas":6.25,"mai_haut":9.92,"mai_ech":"maille","mai_obs":13,"a12":12.57,"a3":8.01},"geometry":{"type":"Polygon","coordinates":[[[-0.0597,44.7735],[-0.0649,44.775],[-0.0683,44.7839],[-0.0577,44.7897],[-0.0452,44.7851],[-0.0378,44.7854],[-0.0356,44.7922],[-0.0081,44.7855],[-0.0015,44.7819],[-0.0032,44.7665],[-0.0058,44.7622],[-0.0319,44.7576],[-0.0494,44.7584],[-0.0623,44.7652],[-0.0597,44.7735]]]}},{"type":"Feature","properties":{"code":"33465","nom":"Saint-Pierre-de-Mons","app":10.27,"app_bas":8.32,"app_haut":12.67,"app_ech":"maille","app_obs":10,"mai":9.64,"mai_bas":7.54,"mai_haut":12.33,"mai_ech":"maille","mai_obs":52,"a12":12.92,"a3":9.38},"geometry":{"type":"Polygon","coordinates":[[[-0.2107,44.5233],[-0.2266,44.5374],[-0.2273,44.5458],[-0.2314,44.5551],[-0.2377,44.5587],[-0.2072,44.5659],[-0.1977,44.5521],[-0.2006,44.5374],[-0.1998,44.5206],[-0.2107,44.5233]]]}},{"type":"Feature","properties":{"code":"33005","nom":"Andernos-les-Bains","app":15.63,"app_bas":11.73,"app_haut":20.82,"app_ech":"commune","app_obs":410,"mai":15.03,"mai_bas":10.9,"mai_haut":20.74,"mai_ech":"commune","mai_obs":352,"a12":18.92,"a3":12.63},"geometry":{"type":"Polygon","coordinates":[[[-1.0782,44.7222],[-1.0867,44.7265],[-1.0935,44.734],[-1.1067,44.7426],[-1.1172,44.744],[-1.1229,44.7515],[-1.0957,44.7697],[-1.0832,44.7741],[-1.0409,44.7828],[-1.0477,44.7749],[-1.0526,44.7585],[-1.06,44.7452],[-1.0782,44.7222]]]}},{"type":"Feature","properties":{"code":"33069","nom":"Bouscat","app":15.44,"app_bas":12.18,"app_haut":19.57,"app_ech":"commune","app_obs":1853,"mai":15.75,"mai_bas":11.61,"mai_haut":21.37,"mai_ech":"commune","mai_obs":518,"a12":18.24,"a3":13.99},"geometry":{"type":"Polygon","coordinates":[[[-0.6311,44.8717],[-0.6224,44.8768],[-0.6121,44.8713],[-0.5951,44.8714],[-0.5761,44.8692],[-0.5915,44.8563],[-0.602,44.856],[-0.6165,44.8622],[-0.6311,44.8717]]]}},{"type":"Feature","properties":{"code":"33073","nom":"Braud-et-Saint-Louis","app":10.87,"app_bas":8.66,"app_haut":13.64,"app_ech":"maille","app_obs":8,"mai":8.42,"mai_bas":6.47,"mai_haut":10.95,"mai_ech":"maille","mai_obs":73,"a12":13.25,"a3":11.02},"geometry":{"type":"Polygon","coordinates":[[[-0.738,45.229],[-0.7358,45.283],[-0.6976,45.2848],[-0.6296,45.2911],[-0.6262,45.2843],[-0.6311,45.2678],[-0.6096,45.2663],[-0.5972,45.2614],[-0.5933,45.2507],[-0.5786,45.2421],[-0.5845,45.2322],[-0.6085,45.229],[-0.6174,45.2233],[-0.6541,45.2231],[-0.6922,45.2366],[-0.738,45.229]]]}},{"type":"Feature","properties":{"code":"33246","nom":"Ligueux","app":10.86,"app_bas":8.21,"app_haut":14.35,"app_ech":"maille","app_obs":0,"mai":7.74,"mai_bas":5.87,"mai_haut":10.2,"mai_ech":"maille","mai_obs":22,"a12":12.93,"a3":7.85},"geometry":{"type":"Polygon","coordinates":[[[0.2614,44.8118],[0.266,44.8126],[0.2697,44.8089],[0.2743,44.7957],[0.274,44.7836],[0.2579,44.7742],[0.2513,44.7798],[0.2522,44.7912],[0.2622,44.8104],[0.2614,44.8118]]]}},{"type":"Feature","properties":{"code":"33326","nom":"Pleine-Selve","app":9.57,"app_bas":7.41,"app_haut":12.35,"app_ech":"maille","app_obs":4,"mai":8.42,"mai_bas":6.47,"mai_haut":10.95,"mai_ech":"maille","mai_obs":2,"a12":12.39,"a3":8.94},"geometry":{"type":"Polygon","coordinates":[[[-0.594,45.3316],[-0.5872,45.3428],[-0.569,45.3315],[-0.5733,45.3198],[-0.5739,45.3107],[-0.5945,45.3211],[-0.594,45.3316]]]}},{"type":"Feature","properties":{"code":"33341","nom":"Pugnac","app":12.34,"app_bas":10.39,"app_haut":14.67,"app_ech":"maille","app_obs":47,"mai":9.95,"mai_bas":8.29,"mai_haut":11.95,"mai_ech":"commune","mai_obs":286,"a12":13.92,"a3":10.05},"geometry":{"type":"Polygon","coordinates":[[[-0.5294,45.0954],[-0.5188,45.0954],[-0.515,45.0984],[-0.4907,45.0978],[-0.4814,45.1018],[-0.4738,45.0906],[-0.4711,45.0719],[-0.4765,45.0635],[-0.4999,45.0696],[-0.5168,45.0701],[-0.528,45.0801],[-0.5303,45.0848],[-0.5294,45.0954]]]}},{"type":"Feature","properties":{"code":"33373","nom":"Saint-Antoine-sur-l'Isle","app":10.84,"app_bas":8.66,"app_haut":13.57,"app_ech":"maille","app_obs":17,"mai":8.6,"mai_bas":6.9,"mai_haut":10.72,"mai_ech":"maille","mai_obs":19,"a12":13.53,"a3":9.29},"geometry":{"type":"Polygon","coordinates":[[[0.0312,45.0499],[0.0404,45.0527],[0.0506,45.0595],[0.0526,45.0726],[0.0619,45.0765],[0.0706,45.0761],[0.0723,45.0747],[0.0733,45.0701],[0.0657,45.0605],[0.0542,45.0393],[0.0436,45.0327],[0.0407,45.0221],[0.0391,45.0243],[0.034,45.0239],[0.0248,45.0161],[0.0176,45.014],[0.0165,45.0266],[0.0297,45.0313],[0.0272,45.043],[0.0312,45.0499]]]}},{"type":"Feature","properties":{"code":"33509","nom":"Savignac-de-l'Isle","app":11.3,"app_bas":9.53,"app_haut":13.39,"app_ech":"maille","app_obs":8,"mai":10.13,"mai_bas":8.03,"mai_haut":12.78,"mai_ech":"maille","mai_obs":34,"a12":13.26,"a3":10.49},"geometry":{"type":"Polygon","coordinates":[[[-0.2305,44.9721],[-0.2471,44.9732],[-0.2534,44.9754],[-0.2455,44.9778],[-0.2451,44.9834],[-0.2531,44.9883],[-0.2481,45.0022],[-0.2438,45.002],[-0.2242,44.9926],[-0.2251,44.9891],[-0.2302,44.9884],[-0.2363,44.9778],[-0.2305,44.9721]]]}},{"type":"Feature","properties":{"code":"33158","nom":"Esseintes","app":10.16,"app_bas":8.1,"app_haut":12.76,"app_ech":"maille","app_obs":1,"mai":9.52,"mai_bas":7.51,"mai_haut":12.07,"mai_ech":"maille","mai_obs":9,"a12":12.92,"a3":8.49},"geometry":{"type":"Polygon","coordinates":[[[-0.0655,44.6241],[-0.0584,44.6148],[-0.0475,44.6071],[-0.0473,44.6011],[-0.0583,44.601],[-0.0649,44.5967],[-0.083,44.6068],[-0.081,44.6138],[-0.0655,44.6241]]]}},{"type":"Feature","properties":{"code":"33199","nom":"Gujan-Mestras","app":15.12,"app_bas":12.36,"app_haut":18.5,"app_ech":"commune","app_obs":883,"mai":14.65,"mai_bas":11,"mai_haut":19.53,"mai_ech":"commune","mai_obs":752,"a12":17.17,"a3":13.55},"geometry":{"type":"Polygon","coordinates":[[[-1.107,44.5026],[-1.1043,44.5423],[-1.1041,44.567],[-1.1132,44.6264],[-1.1188,44.6402],[-1.1158,44.6447],[-1.0808,44.6406],[-1.066,44.6469],[-1.0512,44.6443],[-1.0441,44.6479],[-1.0427,44.6438],[-1.0506,44.6222],[-1.0636,44.5695],[-1.0894,44.5251],[-1.107,44.5026]]]}},{"type":"Feature","properties":{"code":"33205","nom":"Illats","app":13.51,"app_bas":10.62,"app_haut":17.2,"app_ech":"maille","app_obs":19,"mai":11.25,"mai_bas":8.84,"mai_haut":14.31,"mai_ech":"maille","mai_obs":60,"a12":13.85,"a3":9.08},"geometry":{"type":"Polygon","coordinates":[[[-0.3609,44.6299],[-0.3551,44.6204],[-0.3373,44.6114],[-0.3366,44.6073],[-0.3507,44.5994],[-0.3522,44.59],[-0.3658,44.5765],[-0.3847,44.5786],[-0.3997,44.5834],[-0.412,44.5936],[-0.4235,44.5998],[-0.423,44.6022],[-0.4032,44.6255],[-0.4062,44.6292],[-0.3814,44.6407],[-0.3609,44.6299]]]}},{"type":"Feature","properties":{"code":"33234","nom":"Latresne","app":13.6,"app_bas":10.64,"app_haut":17.39,"app_ech":"commune","app_obs":243,"mai":14,"mai_bas":10.4,"mai_haut":18.85,"mai_ech":"commune","mai_obs":143,"a12":15.82,"a3":12.31},"geometry":{"type":"Polygon","coordinates":[[[-0.5114,44.7735],[-0.5195,44.789],[-0.5231,44.7911],[-0.5266,44.8061],[-0.5172,44.8034],[-0.4982,44.8054],[-0.4702,44.7912],[-0.4785,44.7793],[-0.5114,44.7735]]]}},{"type":"Feature","properties":{"code":"33549","nom":"Villenave-de-Rions","app":12.99,"app_bas":10.68,"app_haut":15.8,"app_ech":"maille","app_obs":2,"mai":10.47,"mai_bas":8.24,"mai_haut":13.31,"mai_ech":"maille","mai_obs":17,"a12":14.64,"a3":9.79},"geometry":{"type":"Polygon","coordinates":[[[-0.3474,44.6841],[-0.3551,44.6921],[-0.3405,44.6958],[-0.3268,44.6949],[-0.3244,44.6905],[-0.3291,44.6862],[-0.3435,44.6832],[-0.3474,44.6841]]]}},{"type":"Feature","properties":{"code":"33166","nom":"Fieu","app":10.84,"app_bas":8.66,"app_haut":13.57,"app_ech":"maille","app_obs":9,"mai":8.6,"mai_bas":6.9,"mai_haut":10.72,"mai_ech":"maille","mai_obs":15,"a12":13.53,"a3":9.29},"geometry":{"type":"Polygon","coordinates":[[[-0.0227,45.076],[-0.0209,45.0673],[-0.0113,45.0627],[-0.0054,45.0546],[-0.0115,45.0474],[-0.0215,45.043],[-0.0266,45.0346],[-0.0498,45.0304],[-0.0461,45.0438],[-0.0675,45.0489],[-0.0564,45.0607],[-0.0621,45.0722],[-0.0461,45.0715],[-0.0342,45.075],[-0.0227,45.076]]]}},{"type":"Feature","properties":{"code":"33224","nom":"Landerrouet-sur-Ségur","app":10.16,"app_bas":8.1,"app_haut":12.76,"app_ech":"maille","app_obs":0,"mai":9.61,"mai_bas":7.33,"mai_haut":12.6,"mai_ech":"maille","mai_obs":0,"a12":12.57,"a3":8.01},"geometry":{"type":"Polygon","coordinates":[[[-0.0321,44.6322],[-0.028,44.6583],[-0.016,44.6658],[-0.004,44.667],[-0.0106,44.6565],[-0.0213,44.6489],[-0.0285,44.6338],[-0.0321,44.6322]]]}},{"type":"Feature","properties":{"code":"33298","nom":"Moulon","app":11.3,"app_bas":9.15,"app_haut":13.95,"app_ech":"maille","app_obs":27,"mai":9.79,"mai_bas":7.84,"mai_haut":12.23,"mai_ech":"maille","mai_obs":37,"a12":14.07,"a3":9.76},"geometry":{"type":"Polygon","coordinates":[[[-0.2473,44.838],[-0.2449,44.8416],[-0.226,44.8549],[-0.2213,44.8782],[-0.2255,44.8826],[-0.237,44.8837],[-0.2404,44.8905],[-0.2338,44.8934],[-0.2178,44.8943],[-0.2111,44.893],[-0.2082,44.8898],[-0.2041,44.8799],[-0.2189,44.8568],[-0.2186,44.8529],[-0.2034,44.8428],[-0.1941,44.835],[-0.1988,44.832],[-0.2219,44.8307],[-0.2268,44.8286],[-0.2473,44.838]]]}},{"type":"Feature","properties":{"code":"33306","nom":"Noaillac","app":9.6,"app_bas":7.77,"app_haut":11.87,"app_ech":"maille","app_obs":0,"mai":8.93,"mai_bas":6.91,"mai_haut":11.54,"mai_ech":"maille","mai_obs":20,"a12":12.92,"a3":8.49},"geometry":{"type":"Polygon","coordinates":[[[-0.0267,44.5308],[-0.0092,44.5276],[0.0048,44.522],[0,44.5192],[-0.0156,44.5048],[-0.0301,44.5028],[-0.0486,44.5105],[-0.0374,44.5274],[-0.0267,44.5308]]]}},{"type":"Feature","properties":{"code":"33328","nom":"Pomerol","app":11.3,"app_bas":9.15,"app_haut":13.95,"app_ech":"maille","app_obs":17,"mai":9.79,"mai_bas":7.84,"mai_haut":12.23,"mai_ech":"maille","mai_obs":38,"a12":12.57,"a3":10.49},"geometry":{"type":"Polygon","coordinates":[[[-0.2186,44.9464],[-0.2076,44.9412],[-0.1742,44.9314],[-0.1938,44.9248],[-0.2026,44.915],[-0.2109,44.9196],[-0.2138,44.9299],[-0.2294,44.9343],[-0.2186,44.9464]]]}},{"type":"Feature","properties":{"code":"33345","nom":"Puy","app":10.22,"app_bas":8.27,"app_haut":12.62,"app_ech":"maille","app_obs":1,"mai":7.88,"mai_bas":6.25,"mai_haut":9.92,"mai_ech":"maille","mai_obs":5,"a12":12.57,"a3":8.01},"geometry":{"type":"Polygon","coordinates":[[[0.0472,44.6729],[0.056,44.6733],[0.0715,44.6657],[0.0785,44.6734],[0.0898,44.6625],[0.0872,44.6535],[0.0718,44.6554],[0.0565,44.6473],[0.04,44.6429],[0.0365,44.6511],[0.0472,44.6729]]]}},{"type":"Feature","properties":{"code":"33397","nom":"Sainte-Eulalie","app":12.88,"app_bas":10.51,"app_haut":15.78,"app_ech":"maille","app_obs":28,"mai":12.55,"mai_bas":9.41,"mai_haut":16.75,"mai_ech":"commune","mai_obs":166,"a12":15.22,"a3":11.21},"geometry":{"type":"Polygon","coordinates":[[[-0.4843,44.9159],[-0.4721,44.92],[-0.4665,44.9196],[-0.4555,44.9165],[-0.4553,44.9125],[-0.4635,44.8981],[-0.4748,44.8886],[-0.4878,44.883],[-0.4942,44.8824],[-0.5038,44.8878],[-0.4964,44.8964],[-0.4912,44.9075],[-0.4843,44.9159]]]}},{"type":"Feature","properties":{"code":"33523","nom":"Targon","app":12.99,"app_bas":10.68,"app_haut":15.8,"app_ech":"maille","app_obs":89,"mai":9.77,"mai_bas":7.78,"mai_haut":12.27,"mai_ech":"commune","mai_obs":115,"a12":13.85,"a3":9.76},"geometry":{"type":"Polygon","coordinates":[[[-0.2615,44.7055],[-0.2828,44.7134],[-0.2991,44.7124],[-0.2986,44.7208],[-0.3025,44.7284],[-0.3111,44.7361],[-0.2986,44.743],[-0.294,44.7509],[-0.2876,44.7552],[-0.2686,44.7551],[-0.263,44.7682],[-0.2517,44.7673],[-0.2477,44.7643],[-0.2458,44.7521],[-0.2386,44.7489],[-0.2411,44.7443],[-0.238,44.7371],[-0.227,44.7293],[-0.2394,44.7186],[-0.2396,44.7143],[-0.251,44.7115],[-0.2615,44.7055]]]}},{"type":"Feature","properties":{"code":"33169","nom":"Floudès","app":10.16,"app_bas":8.1,"app_haut":12.76,"app_ech":"maille","app_obs":1,"mai":8.76,"mai_bas":7.02,"mai_haut":10.93,"mai_ech":"maille","mai_obs":7,"a12":12.65,"a3":9.38},"geometry":{"type":"Polygon","coordinates":[[[-0.0802,44.5659],[-0.0873,44.5685],[-0.0863,44.5731],[-0.0764,44.5725],[-0.0551,44.5766],[-0.0387,44.5752],[-0.0412,44.5701],[-0.0493,44.5693],[-0.0583,44.5613],[-0.0802,44.5659]]]}},{"type":"Feature","properties":{"code":"33196","nom":"Guillac","app":11.33,"app_bas":8.79,"app_haut":14.59,"app_ech":"maille","app_obs":3,"mai":8.74,"mai_bas":6.96,"mai_haut":10.99,"mai_ech":"maille","mai_obs":2,"a12":14.07,"a3":10.49},"geometry":{"type":"Polygon","coordinates":[[[-0.2092,44.7914],[-0.2205,44.7997],[-0.2216,44.8094],[-0.2173,44.8141],[-0.2091,44.8145],[-0.1996,44.8006],[-0.2092,44.7914]]]}},{"type":"Feature","properties":{"code":"33264","nom":"Maransin","app":10.6,"app_bas":8.58,"app_haut":13.1,"app_ech":"maille","app_obs":6,"mai":8.39,"mai_bas":6.49,"mai_haut":10.86,"mai_ech":"maille","mai_obs":40,"a12":13.53,"a3":9.29},"geometry":{"type":"Polygon","coordinates":[[[-0.2457,45.1082],[-0.2312,45.1091],[-0.2212,45.1078],[-0.2279,45.1007],[-0.2306,45.0934],[-0.2207,45.0906],[-0.2135,45.0845],[-0.2284,45.0517],[-0.244,45.0511],[-0.2455,45.0433],[-0.2505,45.0402],[-0.2592,45.0455],[-0.2717,45.0408],[-0.2744,45.0469],[-0.2856,45.0555],[-0.2923,45.0578],[-0.3042,45.054],[-0.3051,45.0616],[-0.2826,45.072],[-0.2811,45.0851],[-0.2752,45.0906],[-0.251,45.1022],[-0.2457,45.1082]]]}},{"type":"Feature","properties":{"code":"33288","nom":"Monprimblanc","app":11.67,"app_bas":9.36,"app_haut":14.54,"app_ech":"maille","app_obs":22,"mai":9.52,"mai_bas":7.51,"mai_haut":12.07,"mai_ech":"maille","mai_obs":13,"a12":12.65,"a3":9.79},"geometry":{"type":"Polygon","coordinates":[[[-0.2579,44.6427],[-0.2421,44.6371],[-0.2337,44.632],[-0.2282,44.6245],[-0.2354,44.6239],[-0.2518,44.6275],[-0.2682,44.6219],[-0.2785,44.6211],[-0.2735,44.6313],[-0.2579,44.6427]]]}},{"type":"Feature","properties":{"code":"33314","nom":"Pauillac","app":10.58,"app_bas":8.27,"app_haut":13.54,"app_ech":"commune","app_obs":348,"mai":8.83,"mai_bas":7.08,"mai_haut":11.02,"mai_ech":"commune","mai_obs":178,"a12":12.57,"a3":9.37},"geometry":{"type":"Polygon","coordinates":[[[-0.738,45.229],[-0.7236,45.1992],[-0.7132,45.1845],[-0.7237,45.1798],[-0.7498,45.1717],[-0.7698,45.1698],[-0.7809,45.1665],[-0.7866,45.1683],[-0.7902,45.1748],[-0.7862,45.1875],[-0.7865,45.2021],[-0.7963,45.2174],[-0.7971,45.2213],[-0.7702,45.2285],[-0.7611,45.2297],[-0.7534,45.2265],[-0.738,45.229]]]}},{"type":"Feature","properties":{"code":"33337","nom":"Preignac","app":13.98,"app_bas":10.51,"app_haut":18.61,"app_ech":"commune","app_obs":187,"mai":11.26,"mai_bas":8.8,"mai_haut":14.4,"mai_ech":"commune","mai_obs":166,"a12":17.39,"a3":9.08},"geometry":{"type":"Polygon","coordinates":[[[-0.294,44.5648],[-0.3043,44.5589],[-0.302,44.5529],[-0.3048,44.5479],[-0.3155,44.543],[-0.3216,44.5498],[-0.3294,44.5542],[-0.3376,44.5703],[-0.3248,44.5755],[-0.32,44.5784],[-0.3075,44.5944],[-0.2997,44.6006],[-0.2895,44.5872],[-0.2834,44.584],[-0.2828,44.5737],[-0.294,44.5648]]]}},{"type":"Feature","properties":{"code":"33024","nom":"Bagas","app":10.16,"app_bas":8.1,"app_haut":12.76,"app_ech":"maille","app_obs":7,"mai":7.88,"mai_bas":6.25,"mai_haut":9.92,"mai_ech":"maille","mai_obs":18,"a12":12.57,"a3":8.49},"geometry":{"type":"Polygon","coordinates":[[[-0.0475,44.6071],[-0.0584,44.6148],[-0.0655,44.6241],[-0.0469,44.6319],[-0.0451,44.6319],[-0.035,44.6142],[-0.0392,44.6051],[-0.0475,44.6071]]]}},{"type":"Feature","properties":{"code":"33055","nom":"Blaignan","app":11.34,"app_bas":9.07,"app_haut":14.18,"app_ech":"maille","app_obs":3,"mai":8.93,"mai_bas":7.16,"mai_haut":11.14,"mai_ech":"maille","mai_obs":5,"a12":12.29,"a3":9.28},"geometry":{"type":"Polygon","coordinates":[[[-0.8847,45.3079],[-0.8811,45.3144],[-0.882,45.321],[-0.8929,45.3235],[-0.8629,45.3376],[-0.847,45.3313],[-0.8501,45.3271],[-0.8403,45.3221],[-0.8515,45.3135],[-0.8607,45.3111],[-0.8673,45.3139],[-0.8847,45.3079]]]}},{"type":"Feature","properties":{"code":"33093","nom":"Capian","app":12.43,"app_bas":9.9,"app_haut":15.6,"app_ech":"maille","app_obs":7,"mai":10.47,"mai_bas":8.24,"mai_haut":13.31,"mai_ech":"maille","mai_obs":34,"a12":13.85,"a3":10.49},"geometry":{"type":"Polygon","coordinates":[[[-0.3165,44.6933],[-0.3244,44.6905],[-0.3268,44.6949],[-0.3405,44.6958],[-0.3551,44.6921],[-0.3569,44.6973],[-0.3443,44.716],[-0.3519,44.7216],[-0.3485,44.7389],[-0.3453,44.7432],[-0.3361,44.7443],[-0.32,44.737],[-0.3111,44.7361],[-0.3025,44.7284],[-0.2986,44.7208],[-0.2988,44.7098],[-0.31,44.7026],[-0.3165,44.6933]]]}},{"type":"Feature","properties":{"code":"33129","nom":"Cleyrac","app":9.3,"app_bas":7.32,"app_haut":11.81,"app_ech":"maille","app_obs":1,"mai":8.96,"mai_bas":7.11,"mai_haut":11.3,"mai_ech":"maille","mai_obs":4,"a12":12.57,"a3":9.76},"geometry":{"type":"Polygon","coordinates":[[[-0.0459,44.7314],[-0.0321,44.732],[-0.0271,44.7269],[-0.0218,44.7121],[-0.0231,44.7048],[-0.0474,44.7074],[-0.0528,44.7127],[-0.0551,44.7259],[-0.0459,44.7314]]]}},{"type":"Feature","properties":{"code":"33149","nom":"Daubèze","app":11.67,"app_bas":9.36,"app_haut":14.54,"app_ech":"maille","app_obs":0,"mai":8.74,"mai_bas":6.96,"mai_haut":10.99,"mai_ech":"maille","mai_obs":1,"a12":12.66,"a3":9.76},"geometry":{"type":"Polygon","coordinates":[[[-0.1566,44.6995],[-0.1587,44.7002],[-0.1531,44.7108],[-0.1464,44.7188],[-0.1314,44.7227],[-0.1148,44.7148],[-0.1132,44.7068],[-0.1223,44.698],[-0.1441,44.7049],[-0.1499,44.7086],[-0.1566,44.6995]]]}},{"type":"Feature","properties":{"code":"33213","nom":"Brède","app":16.14,"app_bas":12.7,"app_haut":20.51,"app_ech":"commune","app_obs":177,"mai":12.11,"mai_bas":9.25,"mai_haut":15.87,"mai_ech":"commune","mai_obs":208,"a12":16.34,"a3":12.39},"geometry":{"type":"Polygon","coordinates":[[[-0.5454,44.6609],[-0.5611,44.6719],[-0.5744,44.6757],[-0.5757,44.6817],[-0.5917,44.6871],[-0.5943,44.6915],[-0.5777,44.6974],[-0.5465,44.6987],[-0.5233,44.6927],[-0.5091,44.6922],[-0.4977,44.6853],[-0.4911,44.686],[-0.4904,44.677],[-0.4938,44.6689],[-0.5036,44.6621],[-0.5213,44.6649],[-0.5373,44.6564],[-0.5454,44.6609]]]}},{"type":"Feature","properties":{"code":"33401","nom":"Sainte-Florence","app":12.28,"app_bas":10.01,"app_haut":15.06,"app_ech":"maille","app_obs":0,"mai":8.96,"mai_bas":7.11,"mai_haut":11.3,"mai_ech":"maille","mai_obs":2,"a12":12.57,"a3":9.26},"geometry":{"type":"Polygon","coordinates":[[[-0.0831,44.8241],[-0.0834,44.8108],[-0.0876,44.8049],[-0.0925,44.8053],[-0.0983,44.8106],[-0.1052,44.8224],[-0.0915,44.8301],[-0.0831,44.8241]]]}},{"type":"Feature","properties":{"code":"33508","nom":"Savignac","app":10.16,"app_bas":8.1,"app_haut":12.76,"app_ech":"maille","app_obs":12,"mai":8.76,"mai_bas":7.02,"mai_haut":10.93,"mai_ech":"maille","mai_obs":14,"a12":12.92,"a3":8.49},"geometry":{"type":"Polygon","coordinates":[[[-0.1177,44.4906],[-0.1286,44.4942],[-0.1309,44.51],[-0.1374,44.5173],[-0.1344,44.5285],[-0.1189,44.5377],[-0.1053,44.5363],[-0.0936,44.5304],[-0.0739,44.5093],[-0.077,44.5052],[-0.0877,44.5028],[-0.0914,44.4973],[-0.1177,44.4906]]]}},{"type":"Feature","properties":{"code":"33021","nom":"Auros","app":9.6,"app_bas":7.77,"app_haut":11.87,"app_ech":"maille","app_obs":33,"mai":8.76,"mai_bas":7.02,"mai_haut":10.93,"mai_ech":"maille","mai_obs":64,"a12":12.65,"a3":9.38},"geometry":{"type":"Polygon","coordinates":[[[-0.1309,44.51],[-0.1286,44.4942],[-0.1177,44.4906],[-0.1264,44.4862],[-0.1401,44.4903],[-0.1519,44.4912],[-0.1573,44.4892],[-0.1773,44.4909],[-0.1788,44.5006],[-0.1883,44.5081],[-0.1892,44.5173],[-0.1998,44.5206],[-0.2006,44.5374],[-0.1831,44.5314],[-0.168,44.521],[-0.1607,44.5126],[-0.1537,44.5103],[-0.1309,44.51]]]}},{"type":"Feature","properties":{"code":"33078","nom":"Cabara","app":11.33,"app_bas":8.79,"app_haut":14.59,"app_ech":"maille","app_obs":2,"mai":9.79,"mai_bas":7.84,"mai_haut":12.23,"mai_ech":"maille","mai_obs":10,"a12":14.07,"a3":10.49},"geometry":{"type":"Polygon","coordinates":[[[-0.168,44.8245],[-0.1704,44.8394],[-0.1526,44.8432],[-0.1479,44.8393],[-0.1572,44.8348],[-0.1557,44.8253],[-0.1474,44.8208],[-0.1636,44.8169],[-0.168,44.8245]]]}},{"type":"Feature","properties":{"code":"33182","nom":"Gauriac","app":13.13,"app_bas":10.95,"app_haut":15.73,"app_ech":"maille","app_obs":10,"mai":9.31,"mai_bas":7.76,"mai_haut":11.18,"mai_ech":"maille","mai_obs":26,"a12":13.33,"a3":9.73},"geometry":{"type":"Polygon","coordinates":[[[-0.6384,45.0441],[-0.6591,45.0646],[-0.6399,45.0763],[-0.6274,45.0772],[-0.6159,45.0756],[-0.6101,45.0761],[-0.5969,45.0726],[-0.605,45.0632],[-0.6384,45.0441]]]}},{"type":"Feature","properties":{"code":"33190","nom":"Goualade","app":10.31,"app_bas":8.24,"app_haut":12.9,"app_ech":"maille","app_obs":0,"mai":9.68,"mai_bas":7.47,"mai_haut":12.55,"mai_ech":"maille","mai_obs":2,"a12":12.65,"a3":9.38},"geometry":{"type":"Polygon","coordinates":[[[-0.0858,44.3376],[-0.0778,44.3326],[-0.0891,44.3189],[-0.1115,44.3091],[-0.1208,44.2991],[-0.1432,44.2987],[-0.1547,44.2938],[-0.1728,44.2986],[-0.135,44.3216],[-0.1041,44.3433],[-0.0858,44.3376]]]}},{"type":"Feature","properties":{"code":"33255","nom":"Lucmau","app":11.66,"app_bas":8.79,"app_haut":15.47,"app_ech":"maille","app_obs":0,"mai":8.82,"mai_bas":6.83,"mai_haut":11.38,"mai_ech":"maille","mai_obs":2,"a12":12.31,"a3":8.23},"geometry":{"type":"Polygon","coordinates":[[[-0.3123,44.3837],[-0.3028,44.3816],[-0.2899,44.3768],[-0.2829,44.3771],[-0.2952,44.3633],[-0.2931,44.3541],[-0.2804,44.3389],[-0.2802,44.3287],[-0.2761,44.3247],[-0.2838,44.3122],[-0.3074,44.299],[-0.3261,44.2867],[-0.3362,44.2782],[-0.3729,44.207],[-0.3896,44.2095],[-0.3962,44.2377],[-0.3834,44.2863],[-0.3567,44.3193],[-0.3509,44.3279],[-0.3253,44.3435],[-0.3182,44.3459],[-0.3085,44.3536],[-0.3069,44.3594],[-0.307,44.3763],[-0.3123,44.3837]]]}},{"type":"Feature","properties":{"code":"33290","nom":"Montagne","app":11.3,"app_bas":9.15,"app_haut":13.95,"app_ech":"maille","app_obs":35,"mai":9.48,"mai_bas":7.51,"mai_haut":11.96,"mai_ech":"maille","mai_obs":58,"a12":12.57,"a3":10.49},"geometry":{"type":"Polygon","coordinates":[[[-0.1316,44.9128],[-0.163,44.9248],[-0.1742,44.9314],[-0.1653,44.9324],[-0.1521,44.9449],[-0.167,44.9533],[-0.1861,44.9556],[-0.1725,44.9647],[-0.1625,44.9566],[-0.149,44.9526],[-0.1441,44.9635],[-0.1293,44.9599],[-0.1177,44.9529],[-0.1173,44.9481],[-0.0937,44.9371],[-0.0972,44.9223],[-0.091,44.9152],[-0.0828,44.9126],[-0.0746,44.9063],[-0.0914,44.9],[-0.1132,44.9082],[-0.1316,44.9128]]]}},{"type":"Feature","properties":{"code":"33498","nom":"Salles","app":12.9,"app_bas":10.93,"app_haut":15.23,"app_ech":"commune","app_obs":111,"mai":13.53,"mai_bas":10.68,"mai_haut":17.15,"mai_ech":"commune","mai_obs":272,"a12":15.96,"a3":11.25},"geometry":{"type":"Polygon","coordinates":[[[-0.8421,44.518],[-0.8532,44.525],[-0.8595,44.5243],[-0.8785,44.4974],[-0.9004,44.4852],[-0.9663,44.4717],[-0.9925,44.4615],[-0.9807,44.4829],[-0.9877,44.5083],[-0.9912,44.5119],[-1.0111,44.5104],[-0.9909,44.5224],[-0.9591,44.5392],[-0.9417,44.5512],[-0.9047,44.567],[-0.8897,44.5841],[-0.8748,44.595],[-0.8592,44.5961],[-0.8395,44.6089],[-0.8343,44.6106],[-0.7955,44.6048],[-0.7845,44.606],[-0.7688,44.6007],[-0.7726,44.573],[-0.8174,44.537],[-0.827,44.5252],[-0.838,44.5177],[-0.8421,44.518]]]}},{"type":"Feature","properties":{"code":"33551","nom":"Villeneuve","app":13.13,"app_bas":10.95,"app_haut":15.73,"app_ech":"maille","app_obs":1,"mai":9.31,"mai_bas":7.76,"mai_haut":11.18,"mai_ech":"maille","mai_obs":14,"a12":13.33,"a3":9.73},"geometry":{"type":"Polygon","coordinates":[[[-0.6254,45.0949],[-0.6201,45.0899],[-0.6159,45.0756],[-0.6274,45.0772],[-0.6399,45.0763],[-0.6591,45.0646],[-0.6666,45.071],[-0.6618,45.0788],[-0.643,45.0909],[-0.6254,45.0949]]]}},{"type":"Feature","properties":{"code":"33090","nom":"Canéjan","app":14.33,"app_bas":11.89,"app_haut":17.26,"app_ech":"commune","app_obs":162,"mai":13.79,"mai_bas":9.92,"mai_haut":19.16,"mai_ech":"commune","mai_obs":141,"a12":16.95,"a3":13},"geometry":{"type":"Polygon","coordinates":[[[-0.645,44.7779],[-0.6433,44.7663],[-0.6317,44.7553],[-0.6327,44.7422],[-0.6383,44.7366],[-0.6517,44.7423],[-0.657,44.747],[-0.6757,44.7537],[-0.6848,44.765],[-0.6873,44.7727],[-0.6789,44.777],[-0.645,44.7779]]]}},{"type":"Feature","properties":{"code":"33280","nom":"Mazion","app":10.87,"app_bas":8.66,"app_haut":13.64,"app_ech":"maille","app_obs":5,"mai":8.56,"mai_bas":6.94,"mai_haut":10.56,"mai_ech":"maille","mai_obs":42,"a12":13.25,"a3":11.02},"geometry":{"type":"Polygon","coordinates":[[[-0.6017,45.1829],[-0.5941,45.1743],[-0.5904,45.1653],[-0.6143,45.1584],[-0.623,45.1649],[-0.615,45.1694],[-0.6032,45.1824],[-0.6017,45.1829]]]}},{"type":"Feature","properties":{"code":"33448","nom":"Saint-Médard-d'Eyrans","app":14.02,"app_bas":11.4,"app_haut":17.24,"app_ech":"commune","app_obs":120,"mai":11.84,"mai_bas":9.07,"mai_haut":15.46,"mai_ech":"commune","mai_obs":132,"a12":16.34,"a3":13.1},"geometry":{"type":"Polygon","coordinates":[[[-0.5,44.7368],[-0.4919,44.7343],[-0.4813,44.7171],[-0.4926,44.7069],[-0.4983,44.6986],[-0.5091,44.6922],[-0.5233,44.6927],[-0.5465,44.6987],[-0.5258,44.7102],[-0.5224,44.7165],[-0.5269,44.7236],[-0.509,44.7274],[-0.5,44.7368]]]}},{"type":"Feature","properties":{"code":"33499","nom":"Salles-de-Castillon","app":12.28,"app_bas":10.01,"app_haut":15.06,"app_ech":"maille","app_obs":2,"mai":9.44,"mai_bas":7.49,"mai_haut":11.9,"mai_ech":"maille","mai_obs":8,"a12":13.53,"a3":9.26},"geometry":{"type":"Polygon","coordinates":[[[-0.015,44.9092],[-0.0221,44.9265],[-0.0099,44.9282],[0.0182,44.928],[0.0344,44.9155],[0.0172,44.8948],[0.0159,44.8943],[-0.0095,44.9044],[-0.015,44.9092]]]}},{"type":"Feature","properties":{"code":"33001","nom":"Abzac","app":12.28,"app_bas":10.01,"app_haut":15.06,"app_ech":"maille","app_obs":45,"mai":9.49,"mai_bas":7.47,"mai_haut":12.06,"mai_ech":"commune","mai_obs":147,"a12":13.53,"a3":9.26},"geometry":{"type":"Polygon","coordinates":[[[-0.1046,44.9995],[-0.1151,44.9954],[-0.121,44.9904],[-0.1468,45.0033],[-0.1686,45.0075],[-0.1592,45.0176],[-0.1476,45.0329],[-0.1441,45.0272],[-0.1278,45.0242],[-0.1189,45.0132],[-0.1012,45.0169],[-0.0892,45.0177],[-0.0888,45.0118],[-0.0979,45.0029],[-0.1046,44.9995]]]}},{"type":"Feature","properties":{"code":"33007","nom":"Arbanats","app":13.51,"app_bas":10.62,"app_haut":17.2,"app_ech":"maille","app_obs":2,"mai":11.9,"mai_bas":9.35,"mai_haut":15.16,"mai_ech":"commune","mai_obs":100,"a12":14.64,"a3":9.08},"geometry":{"type":"Polygon","coordinates":[[[-0.4315,44.6491],[-0.4201,44.6692],[-0.3994,44.686],[-0.39,44.6871],[-0.3746,44.6849],[-0.3737,44.6838],[-0.3795,44.6769],[-0.3974,44.6645],[-0.4291,44.6478],[-0.4315,44.6491]]]}},{"type":"Feature","properties":{"code":"33008","nom":"Arbis","app":11.67,"app_bas":9.36,"app_haut":14.54,"app_ech":"maille","app_obs":0,"mai":9.61,"mai_bas":7.33,"mai_haut":12.6,"mai_ech":"maille","mai_obs":24,"a12":12.66,"a3":9.79},"geometry":{"type":"Polygon","coordinates":[[[-0.2443,44.6536],[-0.2759,44.6603],[-0.2842,44.664],[-0.2689,44.6728],[-0.2581,44.6849],[-0.2574,44.6925],[-0.2406,44.6937],[-0.2345,44.6813],[-0.2414,44.6719],[-0.2414,44.6616],[-0.2443,44.6536]]]}},{"type":"Feature","properties":{"code":"33029","nom":"Barp","app":13.67,"app_bas":11.18,"app_haut":16.72,"app_ech":"commune","app_obs":272,"mai":12.68,"mai_bas":10.04,"mai_haut":16.01,"mai_ech":"commune","mai_obs":157,"a12":15.69,"a3":12.49},"geometry":{"type":"Polygon","coordinates":[[[-0.7714,44.693],[-0.73,44.6726],[-0.6941,44.6435],[-0.6619,44.6088],[-0.6806,44.5907],[-0.6963,44.5775],[-0.714,44.5662],[-0.7386,44.5678],[-0.7683,44.5733],[-0.7726,44.573],[-0.7688,44.6007],[-0.7845,44.606],[-0.7955,44.6048],[-0.8153,44.6078],[-0.8136,44.6148],[-0.8064,44.6257],[-0.8154,44.6287],[-0.8204,44.6349],[-0.8172,44.6429],[-0.8244,44.6503],[-0.8152,44.6656],[-0.7714,44.693]]]}},{"type":"Feature","properties":{"code":"33032","nom":"Bassens","app":13.85,"app_bas":11.89,"app_haut":16.13,"app_ech":"commune","app_obs":1138,"mai":11.98,"mai_bas":9.56,"mai_haut":15.02,"mai_ech":"commune","mai_obs":270,"a12":16.03,"a3":11.91},"geometry":{"type":"Polygon","coordinates":[[[-0.5498,44.9235],[-0.5361,44.9258],[-0.5231,44.9221],[-0.5017,44.9181],[-0.5029,44.9057],[-0.5171,44.8879],[-0.5355,44.8891],[-0.5383,44.9],[-0.5477,44.9167],[-0.5498,44.9235]]]}},{"type":"Feature","properties":{"code":"33119","nom":"Cenon","app":14.17,"app_bas":12.15,"app_haut":16.52,"app_ech":"commune","app_obs":4850,"mai":11.92,"mai_bas":9.2,"mai_haut":15.45,"mai_ech":"commune","mai_obs":407,"a12":16.45,"a3":12.71},"geometry":{"type":"Polygon","coordinates":[[[-0.5049,44.8679],[-0.5032,44.848],[-0.5422,44.8424],[-0.5382,44.8519],[-0.5379,44.8613],[-0.5211,44.8638],[-0.5049,44.8679]]]}},{"type":"Feature","properties":{"code":"33231","nom":"Laroque","app":11.67,"app_bas":9.36,"app_haut":14.54,"app_ech":"maille","app_obs":1,"mai":9.61,"mai_bas":7.33,"mai_haut":12.6,"mai_ech":"maille","mai_obs":6,"a12":13.85,"a3":9.08},"geometry":{"type":"Polygon","coordinates":[[[-0.3223,44.6619],[-0.3161,44.6675],[-0.299,44.6628],[-0.2889,44.668],[-0.2842,44.664],[-0.2925,44.6628],[-0.3014,44.6537],[-0.3119,44.6508],[-0.3223,44.6619]]]}},{"type":"Feature","properties":{"code":"33273","nom":"Martignas-sur-Jalle","app":13.94,"app_bas":11.41,"app_haut":17.05,"app_ech":"commune","app_obs":308,"mai":13.84,"mai_bas":10.73,"mai_haut":17.85,"mai_ech":"commune","mai_obs":152,"a12":16.97,"a3":13.12},"geometry":{"type":"Polygon","coordinates":[[[-0.8549,44.848],[-0.8328,44.8562],[-0.817,44.8605],[-0.7693,44.8646],[-0.7584,44.8669],[-0.7463,44.8503],[-0.7552,44.8467],[-0.7537,44.8326],[-0.7602,44.8322],[-0.7906,44.8264],[-0.803,44.823],[-0.8356,44.8286],[-0.8361,44.8404],[-0.8549,44.848]]]}},{"type":"Feature","properties":{"code":"33324","nom":"Pineuilh","app":11.78,"app_bas":8.91,"app_haut":15.56,"app_ech":"commune","app_obs":338,"mai":8.39,"mai_bas":6.36,"mai_haut":11.06,"mai_ech":"commune","mai_obs":257,"a12":14.36,"a3":8.81},"geometry":{"type":"Polygon","coordinates":[[[0.2614,44.8118],[0.2622,44.8104],[0.2522,44.7912],[0.2479,44.7951],[0.2346,44.7962],[0.2254,44.7994],[0.2273,44.8087],[0.2191,44.8225],[0.2036,44.8204],[0.1928,44.8208],[0.2097,44.8414],[0.2197,44.8372],[0.2221,44.8445],[0.2418,44.8569],[0.2521,44.8514],[0.2505,44.8419],[0.2523,44.8364],[0.2532,44.8278],[0.2377,44.8315],[0.2359,44.8244],[0.2446,44.823],[0.2552,44.8139],[0.2614,44.8118]]]}},{"type":"Feature","properties":{"code":"33346","nom":"Puybarban","app":10.16,"app_bas":8.1,"app_haut":12.76,"app_ech":"maille","app_obs":0,"mai":8.76,"mai_bas":7.02,"mai_haut":10.93,"mai_ech":"maille","mai_obs":19,"a12":12.92,"a3":8.49},"geometry":{"type":"Polygon","coordinates":[[[-0.088,44.5526],[-0.0802,44.5659],[-0.0583,44.5613],[-0.0603,44.5591],[-0.0616,44.5361],[-0.054,44.5274],[-0.0529,44.5214],[-0.061,44.5223],[-0.0714,44.5353],[-0.071,44.5432],[-0.0768,44.5489],[-0.088,44.5526]]]}},{"type":"Feature","properties":{"code":"33428","nom":"Saint-Laurent-du-Plan","app":10.22,"app_bas":8.27,"app_haut":12.62,"app_ech":"maille","app_obs":0,"mai":9.52,"mai_bas":7.51,"mai_haut":12.07,"mai_ech":"maille","mai_obs":2,"a12":12.66,"a3":9.08},"geometry":{"type":"Polygon","coordinates":[[[-0.1201,44.6335],[-0.1052,44.6299],[-0.1042,44.6216],[-0.1124,44.6211],[-0.1161,44.6161],[-0.1311,44.6207],[-0.1315,44.6242],[-0.1201,44.6335]]]}},{"type":"Feature","properties":{"code":"33443","nom":"Saint-Martin-de-Lerm","app":10.16,"app_bas":8.1,"app_haut":12.76,"app_ech":"maille","app_obs":1,"mai":9.61,"mai_bas":7.33,"mai_haut":12.6,"mai_ech":"maille","mai_obs":1,"a12":12.92,"a3":8.49},"geometry":{"type":"Polygon","coordinates":[[[-0.0628,44.6503],[-0.0585,44.6639],[-0.0496,44.6611],[-0.028,44.6583],[-0.0321,44.6322],[-0.0469,44.6319],[-0.0507,44.6379],[-0.0598,44.6438],[-0.0628,44.6503]]]}},{"type":"Feature","properties":{"code":"33456","nom":"Saint-Palais","app":9.57,"app_bas":7.41,"app_haut":12.35,"app_ech":"maille","app_obs":3,"mai":8.42,"mai_bas":6.47,"mai_haut":10.95,"mai_ech":"maille","mai_obs":23,"a12":13.25,"a3":8.94},"geometry":{"type":"Polygon","coordinates":[[[-0.5739,45.3107],[-0.5677,45.2974],[-0.5854,45.2918],[-0.5965,45.2979],[-0.6196,45.3059],[-0.6282,45.3114],[-0.6336,45.3184],[-0.6125,45.3235],[-0.5945,45.3211],[-0.5739,45.3107]]]}},{"type":"Feature","properties":{"code":"33550","nom":"Villenave-d'Ornon","app":14.08,"app_bas":12.13,"app_haut":16.34,"app_ech":"commune","app_obs":6663,"mai":13.35,"mai_bas":10.23,"mai_haut":17.4,"mai_ech":"commune","mai_obs":1240,"a12":16.02,"a3":12.92},"geometry":{"type":"Polygon","coordinates":[[[-0.5726,44.8058],[-0.5687,44.7976],[-0.5662,44.7834],[-0.5604,44.7831],[-0.5471,44.7891],[-0.5358,44.788],[-0.5231,44.7911],[-0.5195,44.789],[-0.5114,44.7735],[-0.5109,44.7691],[-0.5295,44.7676],[-0.5419,44.7612],[-0.5543,44.7587],[-0.5628,44.7532],[-0.5623,44.7419],[-0.5716,44.7435],[-0.5842,44.7531],[-0.5901,44.7627],[-0.5881,44.7782],[-0.5918,44.787],[-0.5856,44.7902],[-0.5726,44.8058]]]}},{"type":"Feature","properties":{"code":"33120","nom":"Cérons","app":11.41,"app_bas":8.63,"app_haut":15.09,"app_ech":"maille","app_obs":46,"mai":10.56,"mai_bas":8.34,"mai_haut":13.36,"mai_ech":"commune","mai_obs":117,"a12":13.85,"a3":9.79},"geometry":{"type":"Polygon","coordinates":[[[-0.3609,44.6299],[-0.3554,44.6343],[-0.3328,44.6422],[-0.3283,44.6367],[-0.3197,44.6319],[-0.3284,44.6239],[-0.3373,44.6114],[-0.3551,44.6204],[-0.3609,44.6299]]]}},{"type":"Feature","properties":{"code":"33301","nom":"Naujan-et-Postiac","app":11.33,"app_bas":8.79,"app_haut":14.59,"app_ech":"maille","app_obs":1,"mai":8.96,"mai_bas":7.11,"mai_haut":11.3,"mai_ech":"maille","mai_obs":13,"a12":14.07,"a3":9.76},"geometry":{"type":"Polygon","coordinates":[[[-0.216,44.7828],[-0.2092,44.7914],[-0.1996,44.8006],[-0.1912,44.8026],[-0.1826,44.7985],[-0.1677,44.8036],[-0.1544,44.8033],[-0.157,44.7943],[-0.1608,44.7919],[-0.1666,44.7789],[-0.1828,44.7703],[-0.1893,44.7701],[-0.2009,44.7756],[-0.2086,44.7828],[-0.216,44.7828]]]}},{"type":"Feature","properties":{"code":"33414","nom":"Saint-Germain-de-la-Rivière","app":11.3,"app_bas":9.53,"app_haut":13.39,"app_ech":"maille","app_obs":4,"mai":9.79,"mai_bas":7.78,"mai_haut":12.31,"mai_ech":"maille","mai_obs":20,"a12":13.26,"a3":10.05},"geometry":{"type":"Polygon","coordinates":[[[-0.3263,44.9555],[-0.3106,44.9527],[-0.3092,44.9501],[-0.3161,44.9484],[-0.3295,44.9373],[-0.3309,44.9328],[-0.3494,44.9353],[-0.3425,44.9463],[-0.3263,44.9555]]]}},{"type":"Feature","properties":{"code":"33546","nom":"Vignonet","app":12.28,"app_bas":10.01,"app_haut":15.06,"app_ech":"maille","app_obs":2,"mai":8.96,"mai_bas":7.11,"mai_haut":11.3,"mai_ech":"maille","mai_obs":18,"a12":12.57,"a3":9.26},"geometry":{"type":"Polygon","coordinates":[[[-0.1472,44.8579],[-0.1346,44.855],[-0.1304,44.8531],[-0.1376,44.8435],[-0.1479,44.8393],[-0.1526,44.8432],[-0.1656,44.8408],[-0.167,44.8485],[-0.1597,44.8555],[-0.1593,44.8598],[-0.1472,44.8579]]]}},{"type":"Feature","properties":{"code":"33054","nom":"Blaignac","app":10.16,"app_bas":8.1,"app_haut":12.76,"app_ech":"maille","app_obs":2,"mai":8.76,"mai_bas":7.02,"mai_haut":10.93,"mai_ech":"maille","mai_obs":6,"a12":12.65,"a3":9.38},"geometry":{"type":"Polygon","coordinates":[[[-0.0412,44.5701],[-0.0424,44.5656],[-0.049,44.5616],[-0.0495,44.5511],[-0.0534,44.5408],[-0.054,44.5274],[-0.0616,44.5361],[-0.0603,44.5591],[-0.0493,44.5693],[-0.0412,44.5701]]]}},{"type":"Feature","properties":{"code":"33218","nom":"Lagorce","app":10.84,"app_bas":8.66,"app_haut":13.57,"app_ech":"maille","app_obs":26,"mai":8.39,"mai_bas":6.49,"mai_haut":10.86,"mai_ech":"maille","mai_obs":47,"a12":13.53,"a3":9.29},"geometry":{"type":"Polygon","coordinates":[[[-0.1619,45.0925],[-0.153,45.0888],[-0.1413,45.0906],[-0.1353,45.0941],[-0.125,45.1068],[-0.111,45.1154],[-0.119,45.0967],[-0.1111,45.0928],[-0.1083,45.0875],[-0.12,45.0768],[-0.1284,45.0726],[-0.1273,45.0685],[-0.137,45.0577],[-0.1625,45.0536],[-0.1703,45.0473],[-0.1883,45.0653],[-0.2002,45.0701],[-0.2106,45.0864],[-0.2097,45.1002],[-0.1892,45.0945],[-0.1619,45.0925]]]}},{"type":"Feature","properties":{"code":"33436","nom":"Saint-Magne","app":11.49,"app_bas":9.39,"app_haut":14.05,"app_ech":"maille","app_obs":1,"mai":10.79,"mai_bas":8.53,"mai_haut":13.64,"mai_ech":"maille","mai_obs":19,"a12":14.64,"a3":11.25},"geometry":{"type":"Polygon","coordinates":[[[-0.609,44.6036],[-0.6159,44.582],[-0.6065,44.5608],[-0.6017,44.5529],[-0.6038,44.5464],[-0.6056,44.5282],[-0.6119,44.5176],[-0.6233,44.5123],[-0.6598,44.5074],[-0.7124,44.5125],[-0.7152,44.5146],[-0.7172,44.5195],[-0.7216,44.5446],[-0.7222,44.5542],[-0.714,44.5662],[-0.6963,44.5775],[-0.6806,44.5907],[-0.6619,44.6088],[-0.6183,44.6109],[-0.609,44.6036]]]}},{"type":"Feature","properties":{"code":"33521","nom":"Talais","app":11.34,"app_bas":9.07,"app_haut":14.18,"app_ech":"maille","app_obs":23,"mai":10.46,"mai_bas":8.13,"mai_haut":13.46,"mai_ech":"maille","mai_obs":29,"a12":12.29,"a3":9.28},"geometry":{"type":"Polygon","coordinates":[[[-0.9696,45.5305],[-0.9601,45.5228],[-1.0336,45.4705],[-1.0439,45.4588],[-1.0512,45.4569],[-1.0639,45.4575],[-1.1102,45.4636],[-1.1047,45.4673],[-1.1044,45.475],[-1.0977,45.488],[-1.0877,45.4899],[-1.0704,45.4838],[-1.0596,45.4902],[-1.0486,45.4995],[-0.9839,45.5416],[-0.9696,45.5305]]]}},{"type":"Feature","properties":{"code":"33026","nom":"Balizac","app":11.41,"app_bas":8.63,"app_haut":15.09,"app_ech":"maille","app_obs":1,"mai":8.66,"mai_bas":6.74,"mai_haut":11.12,"mai_ech":"maille","mai_obs":15,"a12":13.09,"a3":9.79},"geometry":{"type":"Polygon","coordinates":[[[-0.4782,44.4575],[-0.488,44.4669],[-0.5011,44.4729],[-0.5009,44.4828],[-0.4978,44.4876],[-0.4838,44.4895],[-0.481,44.4981],[-0.4717,44.5161],[-0.4831,44.5163],[-0.4831,44.5228],[-0.4509,44.5235],[-0.4471,44.5204],[-0.4192,44.5161],[-0.4302,44.504],[-0.4077,44.4947],[-0.4005,44.4769],[-0.4006,44.468],[-0.4067,44.4563],[-0.409,44.4537],[-0.4193,44.4555],[-0.4321,44.4658],[-0.4366,44.466],[-0.4455,44.4583],[-0.4643,44.4547],[-0.4782,44.4575]]]}},{"type":"Feature","properties":{"code":"33033","nom":"Baurech","app":12.43,"app_bas":9.9,"app_haut":15.6,"app_ech":"maille","app_obs":20,"mai":11.26,"mai_bas":8.74,"mai_haut":14.51,"mai_ech":"maille","mai_obs":42,"a12":14.55,"a3":13.1},"geometry":{"type":"Polygon","coordinates":[[[-0.4484,44.722],[-0.458,44.7267],[-0.4464,44.7368],[-0.4287,44.7394],[-0.4128,44.7436],[-0.4026,44.744],[-0.4161,44.7364],[-0.4224,44.7294],[-0.4214,44.7207],[-0.4285,44.712],[-0.438,44.7055],[-0.4484,44.722]]]}},{"type":"Feature","properties":{"code":"33049","nom":"Beychac-et-Caillau","app":12.35,"app_bas":10.24,"app_haut":14.89,"app_ech":"maille","app_obs":5,"mai":14.03,"mai_bas":11.03,"mai_haut":17.85,"mai_ech":"maille","mai_obs":66,"a12":14.55,"a3":10.89},"geometry":{"type":"Polygon","coordinates":[[[-0.4106,44.8724],[-0.4095,44.8812],[-0.392,44.8842],[-0.3792,44.8845],[-0.3725,44.8868],[-0.3503,44.8895],[-0.3397,44.875],[-0.3315,44.8701],[-0.3607,44.8521],[-0.3702,44.8573],[-0.3968,44.8636],[-0.4133,44.8631],[-0.4106,44.8724]]]}},{"type":"Feature","properties":{"code":"33209","nom":"Jugazan","app":9.3,"app_bas":7.32,"app_haut":11.81,"app_ech":"maille","app_obs":0,"mai":8.96,"mai_bas":7.11,"mai_haut":11.3,"mai_ech":"maille","mai_obs":3,"a12":12.66,"a3":9.76},"geometry":{"type":"Polygon","coordinates":[[[-0.162,44.7736],[-0.1666,44.7789],[-0.1608,44.7919],[-0.157,44.7943],[-0.1511,44.7895],[-0.1419,44.7886],[-0.1345,44.7831],[-0.1332,44.7774],[-0.1368,44.7697],[-0.1399,44.7657],[-0.1526,44.7671],[-0.162,44.7736]]]}},{"type":"Feature","properties":{"code":"33524","nom":"Tarnès","app":12.34,"app_bas":10.31,"app_haut":14.77,"app_ech":"maille","app_obs":1,"mai":9.62,"mai_bas":7.47,"mai_haut":12.39,"mai_ech":"maille","mai_obs":6,"a12":14.07,"a3":11.11},"geometry":{"type":"Polygon","coordinates":[[[-0.3555,44.9827],[-0.3434,44.9781],[-0.3582,44.9683],[-0.3623,44.9704],[-0.3629,44.9807],[-0.3555,44.9827]]]}},{"type":"Feature","properties":{"code":"33034","nom":"Bayas","app":10.84,"app_bas":8.66,"app_haut":13.57,"app_ech":"maille","app_obs":8,"mai":9,"mai_bas":7.1,"mai_haut":11.41,"mai_ech":"maille","mai_obs":15,"a12":13.53,"a3":9.29},"geometry":{"type":"Polygon","coordinates":[[[-0.2102,45.0392],[-0.2242,45.047],[-0.2284,45.0517],[-0.2135,45.0845],[-0.2207,45.0906],[-0.2306,45.0934],[-0.2279,45.1007],[-0.2212,45.1078],[-0.2097,45.1002],[-0.2106,45.0864],[-0.2002,45.0701],[-0.1883,45.0653],[-0.1752,45.0517],[-0.1968,45.0523],[-0.2102,45.0392]]]}},{"type":"Feature","properties":{"code":"33080","nom":"Cadaujac","app":14.48,"app_bas":11.8,"app_haut":17.78,"app_ech":"commune","app_obs":175,"mai":12.27,"mai_bas":9.4,"mai_haut":16.01,"mai_ech":"commune","mai_obs":284,"a12":14.64,"a3":13.1},"geometry":{"type":"Polygon","coordinates":[[[-0.5623,44.7419],[-0.5628,44.7532],[-0.5543,44.7587],[-0.5419,44.7612],[-0.5295,44.7676],[-0.5109,44.7691],[-0.512,44.7471],[-0.5016,44.74],[-0.5,44.7368],[-0.509,44.7274],[-0.5269,44.7236],[-0.5348,44.7276],[-0.5466,44.743],[-0.5616,44.7402],[-0.5623,44.7419]]]}},{"type":"Feature","properties":{"code":"33171","nom":"Fossès-et-Baleyssac","app":10.16,"app_bas":8.1,"app_haut":12.76,"app_ech":"maille","app_obs":0,"mai":8.93,"mai_bas":6.91,"mai_haut":11.54,"mai_ech":"maille","mai_obs":15,"a12":12.07,"a3":7.85},"geometry":{"type":"Polygon","coordinates":[[[0.0425,44.5815],[0.0262,44.5908],[0.0276,44.5984],[0.0326,44.6046],[0.0474,44.6168],[0.0683,44.6034],[0.0797,44.5998],[0.0655,44.5866],[0.0607,44.5843],[0.0425,44.5815]]]}},{"type":"Feature","properties":{"code":"33275","nom":"Martres","app":11.67,"app_bas":9.36,"app_haut":14.54,"app_ech":"maille","app_obs":0,"mai":8.74,"mai_bas":6.96,"mai_haut":10.99,"mai_ech":"maille","mai_obs":2,"a12":13.85,"a3":8.01},"geometry":{"type":"Polygon","coordinates":[[[-0.1888,44.7102],[-0.1731,44.7137],[-0.1635,44.7146],[-0.1531,44.7108],[-0.1587,44.7002],[-0.1707,44.6977],[-0.1735,44.7076],[-0.1882,44.7047],[-0.1888,44.7102]]]}},{"type":"Feature","properties":{"code":"33300","nom":"Naujac-sur-Mer","app":11.34,"app_bas":9.07,"app_haut":14.18,"app_ech":"maille","app_obs":3,"mai":10.05,"mai_bas":7.82,"mai_haut":12.91,"mai_ech":"maille","mai_obs":20,"a12":13.92,"a3":11.36},"geometry":{"type":"Polygon","coordinates":[[[-0.9668,45.2765],[-0.9708,45.2693],[-0.9672,45.2523],[-0.9625,45.25],[-0.9656,45.2238],[-0.9598,45.2193],[-0.968,45.2153],[-1.0247,45.2252],[-1.0543,45.2288],[-1.0656,45.2398],[-1.0835,45.2427],[-1.1105,45.2431],[-1.1317,45.2449],[-1.1695,45.2501],[-1.1645,45.2851],[-1.1255,45.2903],[-1.103,45.2907],[-1.0884,45.2957],[-1.0708,45.2937],[-1.0604,45.2966],[-1.0461,45.3039],[-1.0189,45.2877],[-0.9878,45.284],[-0.9668,45.2765]]]}},{"type":"Feature","properties":{"code":"33406","nom":"Saint-Genès-de-Castillon","app":11.3,"app_bas":9.15,"app_haut":13.95,"app_ech":"maille","app_obs":9,"mai":10.27,"mai_bas":7.87,"mai_haut":13.4,"mai_ech":"maille","mai_obs":98,"a12":13.53,"a3":9.26},"geometry":{"type":"Polygon","coordinates":[[[-0.0914,44.9],[-0.0746,44.9063],[-0.0659,44.9132],[-0.0468,44.9073],[-0.0341,44.9058],[-0.0355,44.9019],[-0.0477,44.8967],[-0.0524,44.8881],[-0.0677,44.8886],[-0.089,44.8934],[-0.0914,44.9]]]}},{"type":"Feature","properties":{"code":"33411","nom":"Saint-Germain-de-Grave","app":11.67,"app_bas":9.36,"app_haut":14.54,"app_ech":"maille","app_obs":3,"mai":9.61,"mai_bas":7.33,"mai_haut":12.6,"mai_ech":"maille","mai_obs":5,"a12":13.85,"a3":9.79},"geometry":{"type":"Polygon","coordinates":[[[-0.2282,44.6245],[-0.2337,44.632],[-0.2421,44.6371],[-0.2366,44.6415],[-0.2304,44.6429],[-0.2206,44.6366],[-0.2124,44.6265],[-0.2062,44.6248],[-0.2013,44.6196],[-0.1934,44.6212],[-0.1881,44.6181],[-0.193,44.6151],[-0.2126,44.6093],[-0.2192,44.6045],[-0.2242,44.6218],[-0.2282,44.6245]]]}},{"type":"Feature","properties":{"code":"33109","nom":"Castres-Gironde","app":13.51,"app_bas":10.62,"app_haut":17.2,"app_ech":"maille","app_obs":81,"mai":12.39,"mai_bas":9.74,"mai_haut":15.77,"mai_ech":"commune","mai_obs":158,"a12":14.64,"a3":13.1},"geometry":{"type":"Polygon","coordinates":[[[-0.4368,44.7042],[-0.4339,44.7027],[-0.4369,44.6881],[-0.4571,44.6686],[-0.4795,44.6794],[-0.4746,44.6867],[-0.4588,44.6951],[-0.4455,44.6994],[-0.4368,44.7042]]]}},{"type":"Feature","properties":{"code":"33116","nom":"Cazats","app":10.27,"app_bas":8.32,"app_haut":12.67,"app_ech":"maille","app_obs":0,"mai":8.76,"mai_bas":7.02,"mai_haut":10.93,"mai_ech":"maille","mai_obs":10,"a12":13.09,"a3":9.08},"geometry":{"type":"Polygon","coordinates":[[[-0.2282,44.4722],[-0.2297,44.4803],[-0.22,44.4793],[-0.1957,44.4884],[-0.1873,44.4807],[-0.1728,44.4754],[-0.1922,44.4716],[-0.1853,44.4628],[-0.1943,44.4573],[-0.2077,44.4577],[-0.2164,44.4632],[-0.2187,44.4699],[-0.2282,44.4722]]]}},{"type":"Feature","properties":{"code":"33139","nom":"Coutures","app":10.22,"app_bas":8.27,"app_haut":12.62,"app_ech":"maille","app_obs":1,"mai":8.74,"mai_bas":6.96,"mai_haut":10.99,"mai_ech":"maille","mai_obs":2,"a12":12.57,"a3":8.01},"geometry":{"type":"Polygon","coordinates":[[[0.0435,44.6738],[0.0472,44.6729],[0.0365,44.6511],[0.04,44.6429],[0.0248,44.6393],[0.0171,44.6474],[0.0179,44.6521],[0.0401,44.6652],[0.0435,44.6738]]]}},{"type":"Feature","properties":{"code":"33191","nom":"Gours","app":12.28,"app_bas":10.01,"app_haut":15.06,"app_ech":"maille","app_obs":1,"mai":9.44,"mai_bas":7.49,"mai_haut":11.9,"mai_ech":"maille","mai_obs":29,"a12":11.43,"a3":7.47},"geometry":{"type":"Polygon","coordinates":[[[0.0177,44.9806],[0.0073,44.991],[0.018,45.0028],[0.0176,45.014],[0.0248,45.0161],[0.034,45.0239],[0.0391,45.0243],[0.0359,45.0111],[0.0401,44.9935],[0.0334,44.9806],[0.0271,44.9754],[0.0177,44.9806]]]}},{"type":"Feature","properties":{"code":"33195","nom":"Grignols","app":10.66,"app_bas":8.69,"app_haut":13.09,"app_ech":"maille","app_obs":74,"mai":7.64,"mai_bas":5.39,"mai_haut":10.83,"mai_ech":"maille","mai_obs":59,"a12":12.57,"a3":8.49},"geometry":{"type":"Polygon","coordinates":[[[-0.0343,44.3666],[-0.0443,44.3731],[-0.0468,44.3827],[-0.0625,44.3894],[-0.0448,44.4025],[-0.038,44.4129],[-0.0438,44.4242],[-0.039,44.4367],[-0.0323,44.434],[-0.0302,44.4418],[-0.0193,44.449],[-0.0037,44.4484],[0.0048,44.445],[-0.004,44.4399],[-0.0067,44.435],[-0.005,44.4244],[-0.0106,44.4185],[-0.0022,44.4051],[0.0066,44.3973],[-0.0026,44.3949],[-0.0272,44.384],[-0.0328,44.3749],[-0.0343,44.3666]]]}},{"type":"Feature","properties":{"code":"33220","nom":"Lamarque","app":13.89,"app_bas":11.38,"app_haut":16.94,"app_ech":"maille","app_obs":70,"mai":11.91,"mai_bas":9.35,"mai_haut":15.16,"mai_ech":"maille","mai_obs":45,"a12":13.92,"a3":10.1},"geometry":{"type":"Polygon","coordinates":[[[-0.7458,45.0911],[-0.7422,45.0963],[-0.7063,45.1038],[-0.6874,45.1103],[-0.6837,45.0893],[-0.7194,45.0822],[-0.7345,45.0819],[-0.7458,45.0911]]]}},{"type":"Feature","properties":{"code":"33253","nom":"Loupiac","app":11.67,"app_bas":9.36,"app_haut":14.54,"app_ech":"maille","app_obs":13,"mai":9.52,"mai_bas":7.51,"mai_haut":12.07,"mai_ech":"maille","mai_obs":46,"a12":12.65,"a3":9.08},"geometry":{"type":"Polygon","coordinates":[[[-0.3131,44.6275],[-0.2914,44.6349],[-0.2865,44.6409],[-0.2895,44.6487],[-0.2753,44.649],[-0.2579,44.6427],[-0.2735,44.6313],[-0.2785,44.6211],[-0.2858,44.6156],[-0.285,44.6086],[-0.2931,44.6037],[-0.3013,44.6022],[-0.3045,44.6195],[-0.3131,44.6275]]]}},{"type":"Feature","properties":{"code":"33333","nom":"Porge","app":14.04,"app_bas":10.57,"app_haut":18.65,"app_ech":"maille","app_obs":24,"mai":11.39,"mai_bas":8.63,"mai_haut":15.03,"mai_ech":"maille","mai_obs":77,"a12":18.29,"a3":11.36},"geometry":{"type":"Polygon","coordinates":[[[-1.073,44.9073],[-1.0501,44.884],[-1.0376,44.8727],[-1.0406,44.8484],[-1.0505,44.8232],[-1.0836,44.8284],[-1.1469,44.824],[-1.1671,44.8134],[-1.2251,44.8087],[-1.233,44.8089],[-1.2229,44.8648],[-1.2145,44.9208],[-1.1275,44.92],[-1.1107,44.9213],[-1.089,44.9152],[-1.073,44.9073]]]}},{"type":"Feature","properties":{"code":"33413","nom":"Saint-Germain-du-Puch","app":12.35,"app_bas":10.24,"app_haut":14.89,"app_ech":"maille","app_obs":46,"mai":12.52,"mai_bas":9.81,"mai_haut":15.99,"mai_ech":"commune","mai_obs":129,"a12":14.55,"a3":10.89},"geometry":{"type":"Polygon","coordinates":[[[-0.3626,44.8396],[-0.3607,44.8521],[-0.3315,44.8701],[-0.3155,44.8669],[-0.3122,44.8685],[-0.3042,44.8609],[-0.3131,44.8429],[-0.3333,44.84],[-0.3408,44.8352],[-0.3471,44.8367],[-0.3619,44.8337],[-0.3626,44.8396]]]}},{"type":"Feature","properties":{"code":"33425","nom":"Saint-Laurent-d'Arce","app":12.34,"app_bas":10.39,"app_haut":14.67,"app_ech":"maille","app_obs":15,"mai":9.97,"mai_bas":7.89,"mai_haut":12.6,"mai_ech":"maille","mai_obs":28,"a12":13.92,"a3":11.11},"geometry":{"type":"Polygon","coordinates":[[[-0.4813,45.0532],[-0.478,45.0576],[-0.4529,45.0619],[-0.4569,45.0574],[-0.4482,45.0374],[-0.4483,45.034],[-0.4529,45.0266],[-0.4693,45.0285],[-0.4734,45.0271],[-0.4867,45.0394],[-0.4813,45.0426],[-0.4813,45.0532]]]}},{"type":"Feature","properties":{"code":"33480","nom":"Saint-Sulpice-de-Faleyrens","app":11.33,"app_bas":8.79,"app_haut":14.59,"app_ech":"maille","app_obs":14,"mai":9.79,"mai_bas":7.84,"mai_haut":12.23,"mai_ech":"maille","mai_obs":40,"a12":14.07,"a3":10.49},"geometry":{"type":"Polygon","coordinates":[[[-0.1704,44.8394],[-0.1878,44.8326],[-0.1941,44.835],[-0.2034,44.8428],[-0.2186,44.8529],[-0.2189,44.8568],[-0.2041,44.8799],[-0.2082,44.8898],[-0.1844,44.8872],[-0.1624,44.8777],[-0.1644,44.8608],[-0.1593,44.8598],[-0.1597,44.8555],[-0.167,44.8485],[-0.1656,44.8408],[-0.1704,44.8394]]]}},{"type":"Feature","properties":{"code":"33496","nom":"Sallebœuf","app":12.67,"app_bas":10.72,"app_haut":14.98,"app_ech":"maille","app_obs":38,"mai":10.83,"mai_bas":8.27,"mai_haut":14.19,"mai_ech":"commune","mai_obs":132,"a12":15.58,"a3":11.17},"geometry":{"type":"Polygon","coordinates":[[[-0.3828,44.8256],[-0.393,44.8193],[-0.412,44.8257],[-0.4232,44.8319],[-0.4195,44.8402],[-0.4098,44.8517],[-0.4133,44.8631],[-0.3968,44.8636],[-0.3702,44.8573],[-0.3607,44.8521],[-0.3626,44.8396],[-0.3826,44.8364],[-0.3865,44.8296],[-0.3828,44.8256]]]}},{"type":"Feature","properties":{"code":"33553","nom":"Virsac","app":12.34,"app_bas":10.39,"app_haut":14.67,"app_ech":"maille","app_obs":15,"mai":9.97,"mai_bas":7.89,"mai_haut":12.6,"mai_ech":"maille","mai_obs":36,"a12":13.92,"a3":10.05},"geometry":{"type":"Polygon","coordinates":[[[-0.4269,45.0155],[-0.4442,45.0185],[-0.4529,45.0266],[-0.4483,45.034],[-0.4324,45.0339],[-0.4202,45.0309],[-0.4269,45.0155]]]}},{"type":"Feature","properties":{"code":"33285","nom":"Mombrier","app":10.15,"app_bas":8.44,"app_haut":12.22,"app_ech":"maille","app_obs":0,"mai":8.11,"mai_bas":6.15,"mai_haut":10.68,"mai_ech":"maille","mai_obs":12,"a12":13.92,"a3":10.05},"geometry":{"type":"Polygon","coordinates":[[[-0.5666,45.0829],[-0.5664,45.0867],[-0.5471,45.0847],[-0.5303,45.0848],[-0.528,45.0801],[-0.5325,45.0711],[-0.5397,45.0695],[-0.5598,45.0703],[-0.5666,45.0829]]]}},{"type":"Feature","properties":{"code":"33374","nom":"Saint-Aubin-de-Blaye","app":10.87,"app_bas":8.66,"app_haut":13.64,"app_ech":"maille","app_obs":28,"mai":8.42,"mai_bas":6.47,"mai_haut":10.95,"mai_ech":"maille","mai_obs":86,"a12":12.39,"a3":8.94},"geometry":{"type":"Polygon","coordinates":[[[-0.5772,45.2783],[-0.5668,45.2812],[-0.5619,45.2773],[-0.5554,45.2651],[-0.5507,45.2628],[-0.5512,45.2543],[-0.5635,45.2367],[-0.5786,45.2421],[-0.5933,45.2507],[-0.5972,45.2614],[-0.587,45.2717],[-0.5772,45.2783]]]}},{"type":"Feature","properties":{"code":"33420","nom":"Saint-Hippolyte","app":11.33,"app_bas":8.79,"app_haut":14.59,"app_ech":"maille","app_obs":0,"mai":9.48,"mai_bas":7.51,"mai_haut":11.96,"mai_ech":"maille","mai_obs":1,"a12":14.07,"a3":10.49},"geometry":{"type":"Polygon","coordinates":[[[-0.1281,44.8817],[-0.1219,44.8871],[-0.1133,44.8889],[-0.1068,44.8864],[-0.1171,44.8621],[-0.1342,44.86],[-0.133,44.8736],[-0.1281,44.8817]]]}},{"type":"Feature","properties":{"code":"33102","nom":"Casseuil","app":11.67,"app_bas":9.36,"app_haut":14.54,"app_ech":"maille","app_obs":6,"mai":9.52,"mai_bas":7.51,"mai_haut":12.07,"mai_ech":"maille","mai_obs":14,"a12":12.92,"a3":8.49},"geometry":{"type":"Polygon","coordinates":[[[-0.1192,44.6035],[-0.1092,44.606],[-0.1094,44.6011],[-0.0968,44.5865],[-0.1086,44.5857],[-0.1242,44.5701],[-0.1375,44.5776],[-0.1314,44.5849],[-0.1316,44.5989],[-0.1192,44.6035]]]}},{"type":"Feature","properties":{"code":"33554","nom":"Yvrac","app":13.31,"app_bas":10.78,"app_haut":16.43,"app_ech":"commune","app_obs":124,"mai":12.73,"mai_bas":9.5,"mai_haut":17.06,"mai_ech":"commune","mai_obs":104,"a12":15.22,"a3":11.21},"geometry":{"type":"Polygon","coordinates":[[[-0.4595,44.8645],[-0.472,44.8655],[-0.4794,44.8718],[-0.4971,44.8769],[-0.4942,44.8824],[-0.4878,44.883],[-0.4748,44.8886],[-0.4635,44.8981],[-0.4489,44.8916],[-0.444,44.8914],[-0.4494,44.8832],[-0.4493,44.8664],[-0.4595,44.8645]]]}},{"type":"Feature","properties":{"code":"33002","nom":"Aillas","app":9.6,"app_bas":7.77,"app_haut":11.87,"app_ech":"maille","app_obs":2,"mai":8.76,"mai_bas":7.02,"mai_haut":10.93,"mai_ech":"maille","mai_obs":23,"a12":12.92,"a3":8.49},"geometry":{"type":"Polygon","coordinates":[[[-0.0524,44.5214],[-0.0413,44.5211],[-0.0486,44.5105],[-0.0301,44.5028],[-0.0156,44.5048],[-0.016,44.4897],[-0.0305,44.4872],[-0.0441,44.4732],[-0.0378,44.4621],[-0.0422,44.4567],[-0.054,44.4565],[-0.057,44.4527],[-0.0679,44.4462],[-0.0796,44.4485],[-0.0815,44.4587],[-0.0878,44.4648],[-0.104,44.46],[-0.1109,44.4664],[-0.1195,44.4656],[-0.1106,44.4761],[-0.1085,44.4836],[-0.0994,44.4866],[-0.1042,44.4934],[-0.0914,44.4973],[-0.0877,44.5028],[-0.077,44.5052],[-0.0689,44.5161],[-0.0558,44.5139],[-0.0524,44.5214]]]}},{"type":"Feature","properties":{"code":"33114","nom":"Cavignac","app":15.46,"app_bas":12.87,"app_haut":18.58,"app_ech":"commune","app_obs":306,"mai":10.15,"mai_bas":8.16,"mai_haut":12.62,"mai_ech":"commune","mai_obs":217,"a12":14.83,"a3":11.1},"geometry":{"type":"Polygon","coordinates":[[[-0.3775,45.1146],[-0.3708,45.1033],[-0.3705,45.0941],[-0.3535,45.0823],[-0.3542,45.0817],[-0.3694,45.0818],[-0.3802,45.0844],[-0.3873,45.0887],[-0.3981,45.0913],[-0.4008,45.0978],[-0.3974,45.1034],[-0.4012,45.1076],[-0.3926,45.1081],[-0.3775,45.1146]]]}},{"type":"Feature","properties":{"code":"33156","nom":"Escoussans","app":12.99,"app_bas":10.68,"app_haut":15.8,"app_ech":"maille","app_obs":1,"mai":9.61,"mai_bas":7.33,"mai_haut":12.6,"mai_ech":"maille","mai_obs":7,"a12":12.66,"a3":9.79},"geometry":{"type":"Polygon","coordinates":[[[-0.2963,44.6737],[-0.2815,44.6866],[-0.2671,44.6922],[-0.2574,44.6925],[-0.2581,44.6849],[-0.2689,44.6728],[-0.2842,44.664],[-0.2963,44.6737]]]}},{"type":"Feature","properties":{"code":"33254","nom":"Loupiac-de-la-Réole","app":10.16,"app_bas":8.1,"app_haut":12.76,"app_ech":"maille","app_obs":2,"mai":8.76,"mai_bas":7.02,"mai_haut":10.93,"mai_ech":"maille","mai_obs":14,"a12":12.92,"a3":8.49},"geometry":{"type":"Polygon","coordinates":[[[-0.0524,44.5214],[-0.054,44.5274],[-0.0534,44.5408],[-0.0495,44.5511],[-0.049,44.5616],[-0.0424,44.5656],[-0.0419,44.5585],[-0.0344,44.5537],[-0.0374,44.5274],[-0.0413,44.5211],[-0.0524,44.5214]]]}},{"type":"Feature","properties":{"code":"33439","nom":"Saint-Mariens","app":13.13,"app_bas":10.95,"app_haut":15.73,"app_ech":"maille","app_obs":17,"mai":9.51,"mai_bas":7.64,"mai_haut":11.83,"mai_ech":"maille","mai_obs":61,"a12":13.53,"a3":8.94},"geometry":{"type":"Polygon","coordinates":[[[-0.4414,45.1186],[-0.4292,45.1254],[-0.425,45.1333],[-0.4097,45.1316],[-0.3843,45.1407],[-0.3812,45.1383],[-0.3771,45.1248],[-0.3775,45.1146],[-0.3926,45.1081],[-0.417,45.1074],[-0.4291,45.1049],[-0.4301,45.1131],[-0.4414,45.1186]]]}},{"type":"Feature","properties":{"code":"33482","nom":"Saint-Sulpice-de-Pommiers","app":10.22,"app_bas":8.27,"app_haut":12.62,"app_ech":"maille","app_obs":1,"mai":9.61,"mai_bas":7.33,"mai_haut":12.6,"mai_ech":"maille","mai_obs":6,"a12":12.92,"a3":8.01},"geometry":{"type":"Polygon","coordinates":[[[-0.1189,44.693],[-0.1113,44.6909],[-0.1074,44.6858],[-0.0895,44.6827],[-0.093,44.6631],[-0.1052,44.6618],[-0.1129,44.6653],[-0.1339,44.6665],[-0.1381,44.6804],[-0.1189,44.693]]]}},{"type":"Feature","properties":{"code":"33056","nom":"Blanquefort","app":14.37,"app_bas":11.89,"app_haut":17.38,"app_ech":"commune","app_obs":1008,"mai":12.61,"mai_bas":9.47,"mai_haut":16.78,"mai_ech":"commune","mai_obs":393,"a12":16.17,"a3":12.91},"geometry":{"type":"Polygon","coordinates":[[[-0.6705,44.93],[-0.6656,44.9383],[-0.6311,44.9466],[-0.6216,44.9473],[-0.6169,44.9416],[-0.5944,44.9354],[-0.5734,44.9341],[-0.565,44.9425],[-0.5491,44.9388],[-0.5498,44.9235],[-0.5477,44.9167],[-0.5809,44.9094],[-0.5998,44.9093],[-0.6189,44.9005],[-0.6421,44.895],[-0.6507,44.9053],[-0.6558,44.9162],[-0.6708,44.9228],[-0.6705,44.93]]]}},{"type":"Feature","properties":{"code":"33070","nom":"Brach","app":14.04,"app_bas":10.57,"app_haut":18.65,"app_ech":"maille","app_obs":12,"mai":11.39,"mai_bas":8.63,"mai_haut":15.03,"mai_ech":"maille","mai_obs":21,"a12":18.29,"a3":11.36},"geometry":{"type":"Polygon","coordinates":[[[-0.9983,45.0316],[-0.9879,45.0455],[-0.9576,45.0655],[-0.9436,45.0665],[-0.9117,45.0573],[-0.8956,45.0323],[-0.9279,45.0257],[-0.9433,45.0206],[-0.965,45.0158],[-0.9781,45.015],[-0.9824,45.0224],[-0.9983,45.0316]]]}},{"type":"Feature","properties":{"code":"33130","nom":"Coimères","app":10.27,"app_bas":8.32,"app_haut":12.67,"app_ech":"maille","app_obs":2,"mai":8.76,"mai_bas":7.02,"mai_haut":10.93,"mai_ech":"maille","mai_obs":41,"a12":12.65,"a3":9.08},"geometry":{"type":"Polygon","coordinates":[[[-0.2107,44.5233],[-0.1892,44.5173],[-0.1883,44.5081],[-0.1923,44.4933],[-0.1957,44.4884],[-0.22,44.4793],[-0.2297,44.4803],[-0.2375,44.4983],[-0.231,44.5138],[-0.2158,44.5113],[-0.2107,44.5233]]]}},{"type":"Feature","properties":{"code":"33283","nom":"Mesterrieux","app":10.16,"app_bas":8.1,"app_haut":12.76,"app_ech":"maille","app_obs":0,"mai":9.61,"mai_bas":7.33,"mai_haut":12.6,"mai_ech":"maille","mai_obs":1,"a12":12.57,"a3":9.76},"geometry":{"type":"Polygon","coordinates":[[[-0.0285,44.6338],[-0.0213,44.6489],[-0.0106,44.6565],[-0.0011,44.6515],[0.0008,44.6367],[-0.0095,44.6338],[-0.0235,44.6392],[-0.0285,44.6338]]]}},{"type":"Feature","properties":{"code":"33418","nom":"Saint-Hilaire-de-la-Noaille","app":10.16,"app_bas":8.1,"app_haut":12.76,"app_ech":"maille","app_obs":1,"mai":7.88,"mai_bas":6.25,"mai_haut":9.92,"mai_ech":"maille","mai_obs":4,"a12":12.57,"a3":8.01},"geometry":{"type":"Polygon","coordinates":[[[-0.019,44.5946],[-0.0148,44.6026],[-0.0151,44.6109],[-0.0085,44.6216],[0.0009,44.6253],[0.0183,44.6156],[0.0323,44.6037],[0.0276,44.5984],[0.0262,44.5908],[0.0208,44.5874],[0.0152,44.5865],[-0.0053,44.5881],[-0.017,44.5908],[-0.019,44.5946]]]}},{"type":"Feature","properties":{"code":"33447","nom":"Saint-Médard-de-Guizières","app":11.47,"app_bas":9.31,"app_haut":14.13,"app_ech":"commune","app_obs":152,"mai":9.25,"mai_bas":7.3,"mai_haut":11.73,"mai_ech":"commune","mai_obs":192,"a12":11.43,"a3":9.29},"geometry":{"type":"Polygon","coordinates":[[[-0.1046,44.9995],[-0.0979,45.0029],[-0.0888,45.0118],[-0.0907,45.0269],[-0.0812,45.026],[-0.0706,45.0211],[-0.0605,45.0223],[-0.0534,45.0199],[-0.0425,45.021],[-0.0433,45.0056],[-0.0516,44.9958],[-0.0692,45.0032],[-0.0874,44.9996],[-0.0896,44.9961],[-0.1046,44.9995]]]}},{"type":"Feature","properties":{"code":"33505","nom":"Sauve","app":12.99,"app_bas":10.68,"app_haut":15.8,"app_ech":"maille","app_obs":45,"mai":10.47,"mai_bas":8.24,"mai_haut":13.31,"mai_ech":"maille","mai_obs":85,"a12":13.85,"a3":10.49},"geometry":{"type":"Polygon","coordinates":[[[-0.3248,44.7875],[-0.3152,44.7938],[-0.313,44.788],[-0.2971,44.7869],[-0.2849,44.7834],[-0.2835,44.7771],[-0.2885,44.7677],[-0.2876,44.7552],[-0.294,44.7509],[-0.2986,44.743],[-0.3111,44.7361],[-0.32,44.737],[-0.3361,44.7443],[-0.3453,44.7432],[-0.3473,44.7529],[-0.3338,44.75],[-0.3286,44.757],[-0.3357,44.7741],[-0.3212,44.7803],[-0.3248,44.7875]]]}},{"type":"Feature","properties":{"code":"33006","nom":"Anglade","app":10.87,"app_bas":8.66,"app_haut":13.64,"app_ech":"maille","app_obs":24,"mai":8.56,"mai_bas":6.94,"mai_haut":10.56,"mai_ech":"maille","mai_obs":63,"a12":13.25,"a3":11.02},"geometry":{"type":"Polygon","coordinates":[[[-0.6174,45.2233],[-0.6093,45.2185],[-0.6081,45.2117],[-0.6034,45.1998],[-0.6097,45.1972],[-0.6226,45.1982],[-0.6256,45.1926],[-0.6425,45.193],[-0.6521,45.1973],[-0.651,45.2071],[-0.6583,45.2054],[-0.6642,45.2087],[-0.6721,45.2182],[-0.6798,45.2319],[-0.6541,45.2231],[-0.6174,45.2233]]]}},{"type":"Feature","properties":{"code":"33023","nom":"Ayguemorte-les-Graves","app":13.51,"app_bas":10.62,"app_haut":17.2,"app_ech":"maille","app_obs":12,"mai":11.63,"mai_bas":8.9,"mai_haut":15.2,"mai_ech":"maille","mai_obs":40,"a12":16.34,"a3":12.39},"geometry":{"type":"Polygon","coordinates":[[[-0.4813,44.7171],[-0.4735,44.7191],[-0.4632,44.7177],[-0.4645,44.7093],[-0.48,44.6968],[-0.481,44.6887],[-0.4911,44.686],[-0.4977,44.6853],[-0.5091,44.6922],[-0.4983,44.6986],[-0.4926,44.7069],[-0.4813,44.7171]]]}},{"type":"Feature","properties":{"code":"33057","nom":"Blasimon","app":9.3,"app_bas":7.32,"app_haut":11.81,"app_ech":"maille","app_obs":16,"mai":8.96,"mai_bas":7.11,"mai_haut":11.3,"mai_ech":"maille","mai_obs":43,"a12":12.92,"a3":9.76},"geometry":{"type":"Polygon","coordinates":[[[-0.1368,44.7697],[-0.1306,44.7709],[-0.1224,44.7668],[-0.109,44.7667],[-0.1074,44.7747],[-0.111,44.7786],[-0.109,44.779],[-0.0793,44.7687],[-0.0622,44.7709],[-0.0597,44.7735],[-0.0623,44.7652],[-0.0494,44.7584],[-0.0452,44.7459],[-0.0393,44.7389],[-0.0459,44.7314],[-0.0551,44.7259],[-0.0862,44.7298],[-0.0959,44.7297],[-0.1095,44.7338],[-0.1205,44.7346],[-0.1355,44.7472],[-0.1371,44.7603],[-0.1399,44.7657],[-0.1368,44.7697]]]}},{"type":"Feature","properties":{"code":"33172","nom":"Fours","app":14.09,"app_bas":11.33,"app_haut":17.51,"app_ech":"maille","app_obs":1,"mai":8.56,"mai_bas":6.94,"mai_haut":10.56,"mai_ech":"maille","mai_obs":18,"a12":13.25,"a3":11.02},"geometry":{"type":"Polygon","coordinates":[[[-0.6357,45.1683],[-0.6561,45.1732],[-0.674,45.172],[-0.6752,45.1763],[-0.655,45.1783],[-0.642,45.1749],[-0.6316,45.1748],[-0.6249,45.1839],[-0.6032,45.1824],[-0.615,45.1694],[-0.623,45.1649],[-0.6357,45.1683]]]}},{"type":"Feature","properties":{"code":"33365","nom":"Saint-Aignan","app":11.3,"app_bas":9.53,"app_haut":13.39,"app_ech":"maille","app_obs":1,"mai":9.79,"mai_bas":7.78,"mai_haut":12.31,"mai_ech":"maille","mai_obs":7,"a12":13.26,"a3":10.49},"geometry":{"type":"Polygon","coordinates":[[[-0.305,44.9386],[-0.3106,44.9527],[-0.2948,44.9551],[-0.2822,44.9528],[-0.2862,44.9473],[-0.2884,44.9394],[-0.305,44.9386]]]}},{"type":"Feature","properties":{"code":"33398","nom":"Saint-Exupéry","app":11.67,"app_bas":9.36,"app_haut":14.54,"app_ech":"maille","app_obs":0,"mai":9.52,"mai_bas":7.51,"mai_haut":12.07,"mai_ech":"maille","mai_obs":3,"a12":12.66,"a3":9.08},"geometry":{"type":"Polygon","coordinates":[[[-0.1201,44.6335],[-0.119,44.6433],[-0.1145,44.6452],[-0.104,44.6405],[-0.0861,44.6378],[-0.0808,44.629],[-0.0837,44.6234],[-0.1042,44.6216],[-0.1052,44.6299],[-0.1201,44.6335]]]}},{"type":"Feature","properties":{"code":"33154","nom":"Églisottes-et-Chalaures","app":10.84,"app_bas":8.66,"app_haut":13.57,"app_ech":"maille","app_obs":63,"mai":9,"mai_bas":7.1,"mai_haut":11.41,"mai_ech":"maille","mai_obs":90,"a12":10.67,"a3":8.14},"geometry":{"type":"Polygon","coordinates":[[[-0.0845,45.0779],[-0.0756,45.0869],[-0.0649,45.0841],[-0.055,45.0937],[-0.0571,45.099],[-0.0477,45.0975],[-0.0206,45.1152],[-0.0036,45.1196],[0.007,45.1178],[0.0059,45.1117],[-0.0111,45.0939],[-0.0131,45.08],[-0.0227,45.076],[-0.0342,45.075],[-0.0461,45.0715],[-0.0621,45.0722],[-0.0699,45.0779],[-0.0845,45.0779]]]}},{"type":"Feature","properties":{"code":"33160","nom":"Eynesse","app":10.86,"app_bas":8.21,"app_haut":14.35,"app_ech":"maille","app_obs":14,"mai":8.86,"mai_bas":6.86,"mai_haut":11.45,"mai_ech":"maille","mai_obs":21,"a12":12.07,"a3":9.05},"geometry":{"type":"Polygon","coordinates":[[[0.1314,44.8121],[0.1263,44.8205],[0.1148,44.8199],[0.1262,44.8283],[0.1416,44.8285],[0.1704,44.8267],[0.1822,44.8249],[0.1841,44.8235],[0.1842,44.8193],[0.1653,44.8198],[0.1653,44.8087],[0.1461,44.8076],[0.1314,44.8121]]]}},{"type":"Feature","properties":{"code":"33183","nom":"Gauriaguet","app":12.34,"app_bas":10.39,"app_haut":14.67,"app_ech":"maille","app_obs":4,"mai":9.97,"mai_bas":7.89,"mai_haut":12.6,"mai_ech":"maille","mai_obs":49,"a12":13.92,"a3":10.05},"geometry":{"type":"Polygon","coordinates":[[[-0.4087,45.0587],[-0.4005,45.0598],[-0.3847,45.0524],[-0.378,45.0433],[-0.3847,45.0412],[-0.3863,45.029],[-0.3997,45.033],[-0.4093,45.0387],[-0.4109,45.0421],[-0.4087,45.0587]]]}},{"type":"Feature","properties":{"code":"33307","nom":"Noaillan","app":11.41,"app_bas":8.63,"app_haut":15.09,"app_ech":"maille","app_obs":9,"mai":9.3,"mai_bas":7.31,"mai_haut":11.82,"mai_ech":"commune","mai_obs":100,"a12":12.65,"a3":8.23},"geometry":{"type":"Polygon","coordinates":[[[-0.3096,44.4606],[-0.3304,44.4551],[-0.351,44.4534],[-0.3588,44.4589],[-0.3624,44.4659],[-0.3682,44.4688],[-0.3791,44.4676],[-0.3969,44.4625],[-0.4067,44.4563],[-0.4006,44.468],[-0.4005,44.4769],[-0.4077,44.4947],[-0.4302,44.504],[-0.4266,44.5088],[-0.3976,44.5021],[-0.375,44.4998],[-0.3581,44.501],[-0.3406,44.4963],[-0.3331,44.4923],[-0.3078,44.4861],[-0.3096,44.4606]]]}},{"type":"Feature","properties":{"code":"33382","nom":"Saint-Christoly-de-Blaye","app":13.13,"app_bas":10.95,"app_haut":15.73,"app_ech":"maille","app_obs":32,"mai":8.35,"mai_bas":6.34,"mai_haut":10.99,"mai_ech":"commune","mai_obs":127,"a12":13.25,"a3":8.94},"geometry":{"type":"Polygon","coordinates":[[[-0.5295,45.1085],[-0.54,45.1139],[-0.5386,45.1225],[-0.5288,45.1248],[-0.5226,45.1382],[-0.5228,45.1544],[-0.5132,45.1675],[-0.4933,45.1669],[-0.4678,45.1791],[-0.4616,45.1846],[-0.4708,45.1941],[-0.4594,45.195],[-0.4534,45.1863],[-0.4583,45.1787],[-0.4565,45.1661],[-0.4676,45.1583],[-0.4734,45.1514],[-0.4813,45.1339],[-0.4855,45.1211],[-0.481,45.1134],[-0.4811,45.1045],[-0.5057,45.1147],[-0.5249,45.1123],[-0.5295,45.1085]]]}},{"type":"Feature","properties":{"code":"33539","nom":"Vayres","app":13.08,"app_bas":10.94,"app_haut":15.63,"app_ech":"commune","app_obs":164,"mai":10.65,"mai_bas":8.46,"mai_haut":13.39,"mai_ech":"commune","mai_obs":273,"a12":15.09,"a3":10.89},"geometry":{"type":"Polygon","coordinates":[[[-0.3174,44.9149],[-0.3109,44.9009],[-0.3048,44.892],[-0.2995,44.8892],[-0.3034,44.8866],[-0.3057,44.877],[-0.3122,44.8685],[-0.3155,44.8669],[-0.3315,44.8701],[-0.3397,44.875],[-0.3503,44.8895],[-0.3523,44.8986],[-0.3424,44.9108],[-0.3174,44.9149]]]}},{"type":"Feature","properties":{"code":"33053","nom":"Birac","app":11.49,"app_bas":9.39,"app_haut":14.05,"app_ech":"maille","app_obs":0,"mai":8.34,"mai_bas":6.55,"mai_haut":10.62,"mai_ech":"maille","mai_obs":3,"a12":10.36,"a3":9.38},"geometry":{"type":"Polygon","coordinates":[[[-0.179,44.4167],[-0.1758,44.4226],[-0.1645,44.4188],[-0.1548,44.4117],[-0.1487,44.4184],[-0.1556,44.4232],[-0.1562,44.4307],[-0.1434,44.4274],[-0.1306,44.4198],[-0.1149,44.418],[-0.1127,44.4158],[-0.1144,44.4041],[-0.132,44.4001],[-0.1469,44.4008],[-0.156,44.3979],[-0.1673,44.4083],[-0.179,44.4167]]]}},{"type":"Feature","properties":{"code":"33128","nom":"Civrac-en-Médoc","app":10.01,"app_bas":7.82,"app_haut":12.81,"app_ech":"maille","app_obs":5,"mai":8.93,"mai_bas":7.16,"mai_haut":11.14,"mai_ech":"maille","mai_obs":32,"a12":12.29,"a3":9.28},"geometry":{"type":"Polygon","coordinates":[[[-0.936,45.3361],[-0.9452,45.3348],[-0.9671,45.3493],[-0.9597,45.3547],[-0.9544,45.3628],[-0.921,45.3601],[-0.906,45.3534],[-0.8946,45.346],[-0.8774,45.3453],[-0.8662,45.3473],[-0.8629,45.3376],[-0.8929,45.3235],[-0.8982,45.3222],[-0.9064,45.3267],[-0.9099,45.3352],[-0.9213,45.3334],[-0.936,45.3361]]]}},{"type":"Feature","properties":{"code":"33141","nom":"Croignon","app":12.67,"app_bas":10.72,"app_haut":14.98,"app_ech":"maille","app_obs":3,"mai":15.99,"mai_bas":12.65,"mai_haut":20.21,"mai_ech":"commune","mai_obs":133,"a12":15.58,"a3":11.17},"geometry":{"type":"Polygon","coordinates":[[[-0.3452,44.8043],[-0.3521,44.8186],[-0.3515,44.8252],[-0.3619,44.8337],[-0.3471,44.8367],[-0.3408,44.8352],[-0.3305,44.817],[-0.3291,44.8091],[-0.3452,44.8043]]]}},{"type":"Feature","properties":{"code":"33178","nom":"Gajac","app":9.6,"app_bas":7.77,"app_haut":11.87,"app_ech":"maille","app_obs":18,"mai":8.76,"mai_bas":7.02,"mai_haut":10.93,"mai_ech":"maille","mai_obs":7,"a12":12.92,"a3":8.49},"geometry":{"type":"Polygon","coordinates":[[[-0.1632,44.4536],[-0.134,44.4454],[-0.1184,44.4488],[-0.1073,44.4459],[-0.1056,44.4392],[-0.1114,44.4294],[-0.1108,44.4189],[-0.1149,44.418],[-0.1306,44.4198],[-0.1434,44.4274],[-0.1562,44.4307],[-0.1672,44.4386],[-0.1632,44.4536]]]}},{"type":"Feature","properties":{"code":"33322","nom":"Pian-Médoc","app":14.1,"app_bas":11.71,"app_haut":16.98,"app_ech":"maille","app_obs":27,"mai":12.69,"mai_bas":9.63,"mai_haut":16.72,"mai_ech":"commune","mai_obs":205,"a12":15.45,"a3":11.92},"geometry":{"type":"Polygon","coordinates":[[[-0.7256,44.9564],[-0.6934,44.9712],[-0.6735,44.9756],[-0.6601,44.9826],[-0.6402,44.9828],[-0.6259,44.9765],[-0.6283,44.9642],[-0.628,44.9577],[-0.6216,44.9473],[-0.6311,44.9466],[-0.6656,44.9383],[-0.6705,44.93],[-0.6872,44.9312],[-0.6971,44.9276],[-0.7049,44.9375],[-0.7256,44.9564]]]}},{"type":"Feature","properties":{"code":"33541","nom":"Vensac","app":11.34,"app_bas":9.07,"app_haut":14.18,"app_ech":"maille","app_obs":12,"mai":10.46,"mai_bas":8.13,"mai_haut":13.46,"mai_ech":"maille","mai_obs":36,"a12":13.92,"a3":9.28},"geometry":{"type":"Polygon","coordinates":[[[-1.1603,45.3904],[-1.1605,45.4056],[-1.1218,45.4112],[-1.108,45.4103],[-1.1018,45.4009],[-1.0899,45.3977],[-1.0744,45.4115],[-1.0622,45.4145],[-1.0395,45.4139],[-1.0198,45.4166],[-1.0185,45.4279],[-1.0092,45.4265],[-1.0101,45.414],[-1.0036,45.414],[-1.0088,45.3912],[-1.0276,45.3796],[-1.0332,45.3849],[-1.054,45.3835],[-1.0793,45.3892],[-1.0888,45.3893],[-1.115,45.3847],[-1.1305,45.3834],[-1.1603,45.3904]]]}},{"type":"Feature","properties":{"code":"33060","nom":"Bommes","app":11.41,"app_bas":8.63,"app_haut":15.09,"app_ech":"maille","app_obs":0,"mai":10.79,"mai_bas":8.53,"mai_haut":13.64,"mai_ech":"maille","mai_obs":4,"a12":13.09,"a3":9.79},"geometry":{"type":"Polygon","coordinates":[[[-0.3614,44.5403],[-0.3607,44.5476],[-0.3502,44.5632],[-0.3376,44.5703],[-0.3294,44.5542],[-0.3363,44.5416],[-0.3515,44.5389],[-0.3614,44.5403]]]}},{"type":"Feature","properties":{"code":"33173","nom":"Francs","app":11.3,"app_bas":9.15,"app_haut":13.95,"app_ech":"maille","app_obs":3,"mai":9.44,"mai_bas":7.49,"mai_haut":11.9,"mai_ech":"maille","mai_obs":8,"a12":13.53,"a3":9.26},"geometry":{"type":"Polygon","coordinates":[[[0.0092,44.9628],[0.0074,44.9473],[0.0182,44.928],[-0.0099,44.9282],[-0.0178,44.9325],[-0.0112,44.9432],[-0.0178,44.9476],[-0.0074,44.9511],[-0.003,44.9617],[-0.0043,44.9672],[0.0092,44.9628]]]}},{"type":"Feature","properties":{"code":"33274","nom":"Martillac","app":14.52,"app_bas":11.81,"app_haut":17.86,"app_ech":"maille","app_obs":72,"mai":12.09,"mai_bas":9.29,"mai_haut":15.72,"mai_ech":"commune","mai_obs":151,"a12":17.57,"a3":13.1},"geometry":{"type":"Polygon","coordinates":[[[-0.5616,44.7402],[-0.5466,44.743],[-0.5348,44.7276],[-0.5269,44.7236],[-0.5224,44.7165],[-0.5258,44.7102],[-0.5465,44.6987],[-0.5777,44.6974],[-0.5927,44.6919],[-0.5935,44.7053],[-0.5896,44.71],[-0.5685,44.7189],[-0.5705,44.7272],[-0.5616,44.7402]]]}},{"type":"Feature","properties":{"code":"33305","nom":"Nizan","app":11.41,"app_bas":8.63,"app_haut":15.09,"app_ech":"maille","app_obs":1,"mai":8.93,"mai_bas":7.03,"mai_haut":11.34,"mai_ech":"maille","mai_obs":14,"a12":13.09,"a3":8.23},"geometry":{"type":"Polygon","coordinates":[[[-0.2907,44.4528],[-0.3096,44.4606],[-0.3078,44.4861],[-0.2821,44.4845],[-0.2743,44.4926],[-0.2602,44.487],[-0.2543,44.474],[-0.2535,44.4616],[-0.251,44.4572],[-0.2755,44.4543],[-0.2756,44.4519],[-0.2907,44.4528]]]}},{"type":"Feature","properties":{"code":"33317","nom":"Périssac","app":11.3,"app_bas":9.53,"app_haut":13.39,"app_ech":"maille","app_obs":8,"mai":10.13,"mai_bas":8.03,"mai_haut":12.78,"mai_ech":"maille","mai_obs":33,"a12":13.92,"a3":10.05},"geometry":{"type":"Polygon","coordinates":[[[-0.3168,45.0477],[-0.3071,45.0372],[-0.2971,45.0226],[-0.2886,45.0142],[-0.3084,45.0017],[-0.3189,45.0098],[-0.3316,45.0076],[-0.334,45.0137],[-0.3352,45.0351],[-0.3382,45.0439],[-0.3245,45.0463],[-0.3197,45.0498],[-0.3168,45.0477]]]}},{"type":"Feature","properties":{"code":"33461","nom":"Saint-Philippe-d'Aiguille","app":11.3,"app_bas":9.15,"app_haut":13.95,"app_ech":"maille","app_obs":10,"mai":10.27,"mai_bas":7.87,"mai_haut":13.4,"mai_ech":"maille","mai_obs":12,"a12":13.53,"a3":9.26},"geometry":{"type":"Polygon","coordinates":[[[-0.015,44.9092],[-0.0341,44.9058],[-0.0468,44.9073],[-0.0659,44.9132],[-0.0557,44.9172],[-0.0474,44.9241],[-0.0221,44.9265],[-0.015,44.9092]]]}},{"type":"Feature","properties":{"code":"33511","nom":"Sendets","app":9.6,"app_bas":7.77,"app_haut":11.87,"app_ech":"maille","app_obs":2,"mai":8.76,"mai_bas":7.02,"mai_haut":10.93,"mai_ech":"maille","mai_obs":10,"a12":12.57,"a3":9.38},"geometry":{"type":"Polygon","coordinates":[[[-0.0702,44.4359],[-0.0838,44.4143],[-0.0968,44.4084],[-0.1127,44.4158],[-0.1149,44.418],[-0.1108,44.4189],[-0.1114,44.4294],[-0.1056,44.4392],[-0.1073,44.4459],[-0.0999,44.4421],[-0.0928,44.4419],[-0.0702,44.4359]]]}},{"type":"Feature","properties":{"code":"33101","nom":"Cartelègue","app":10.87,"app_bas":8.66,"app_haut":13.64,"app_ech":"maille","app_obs":17,"mai":8.56,"mai_bas":6.94,"mai_haut":10.56,"mai_ech":"maille","mai_obs":42,"a12":13.25,"a3":11.02},"geometry":{"type":"Polygon","coordinates":[[[-0.6017,45.1829],[-0.5961,45.2056],[-0.5854,45.2029],[-0.5529,45.2134],[-0.5444,45.2086],[-0.5522,45.2025],[-0.5665,45.1877],[-0.5758,45.1738],[-0.5821,45.1692],[-0.5841,45.1628],[-0.5904,45.1653],[-0.5941,45.1743],[-0.6017,45.1829]]]}},{"type":"Feature","properties":{"code":"33295","nom":"Mouillac","app":11.3,"app_bas":9.53,"app_haut":13.39,"app_ech":"maille","app_obs":10,"mai":9.97,"mai_bas":7.89,"mai_haut":12.6,"mai_ech":"maille","mai_obs":6,"a12":13.26,"a3":11.11},"geometry":{"type":"Polygon","coordinates":[[[-0.3575,45.0008],[-0.3541,45.0128],[-0.3401,45.0086],[-0.3379,45.0057],[-0.3516,44.9979],[-0.3575,45.0008]]]}},{"type":"Feature","properties":{"code":"33339","nom":"Prignac-et-Marcamps","app":12.34,"app_bas":10.39,"app_haut":14.67,"app_ech":"maille","app_obs":11,"mai":10.87,"mai_bas":8.54,"mai_haut":13.84,"mai_ech":"maille","mai_obs":63,"a12":13.92,"a3":11.11},"geometry":{"type":"Polygon","coordinates":[[[-0.4813,45.0532],[-0.4813,45.0426],[-0.4867,45.0394],[-0.4734,45.0271],[-0.4771,45.0202],[-0.4896,45.0088],[-0.4909,45.0045],[-0.4947,45.003],[-0.5147,45.0103],[-0.5248,45.0172],[-0.5083,45.0247],[-0.5042,45.0424],[-0.4954,45.044],[-0.4813,45.0532]]]}},{"type":"Feature","properties":{"code":"33394","nom":"Saint-Émilion","app":11.33,"app_bas":8.79,"app_haut":14.59,"app_ech":"maille","app_obs":45,"mai":9.79,"mai_bas":7.84,"mai_haut":12.23,"mai_ech":"maille","mai_obs":56,"a12":14.07,"a3":10.49},"geometry":{"type":"Polygon","coordinates":[[[-0.1398,44.8924],[-0.1431,44.8849],[-0.1449,44.866],[-0.1472,44.8579],[-0.1644,44.8608],[-0.1624,44.8777],[-0.1844,44.8872],[-0.2082,44.8898],[-0.2111,44.893],[-0.2073,44.9011],[-0.2066,44.9113],[-0.1938,44.9248],[-0.1742,44.9314],[-0.163,44.9248],[-0.1316,44.9128],[-0.1421,44.8966],[-0.1398,44.8924]]]}},{"type":"Feature","properties":{"code":"33493","nom":"Saint-Yzans-de-Médoc","app":10.01,"app_bas":7.82,"app_haut":12.81,"app_ech":"maille","app_obs":7,"mai":8.93,"mai_bas":7.16,"mai_haut":11.14,"mai_ech":"maille","mai_obs":4,"a12":12.29,"a3":9.28},"geometry":{"type":"Polygon","coordinates":[[[-0.847,45.3313],[-0.8321,45.3333],[-0.8227,45.3401],[-0.8142,45.3427],[-0.809,45.3494],[-0.7677,45.3549],[-0.7487,45.3127],[-0.7917,45.3094],[-0.8086,45.3122],[-0.8315,45.3177],[-0.8501,45.3271],[-0.847,45.3313]]]}},{"type":"Feature","properties":{"code":"33010","nom":"Arcins","app":13.89,"app_bas":11.38,"app_haut":16.94,"app_ech":"maille","app_obs":9,"mai":11.91,"mai_bas":9.35,"mai_haut":15.16,"mai_ech":"maille","mai_obs":36,"a12":14.22,"a3":10.1},"geometry":{"type":"Polygon","coordinates":[[[-0.7287,45.0627],[-0.7363,45.071],[-0.7345,45.0819],[-0.7194,45.0822],[-0.6837,45.0893],[-0.6762,45.0789],[-0.6853,45.0743],[-0.7041,45.0727],[-0.7161,45.0659],[-0.7287,45.0627]]]}},{"type":"Feature","properties":{"code":"33085","nom":"Camblanes-et-Meynac","app":14.41,"app_bas":11.3,"app_haut":18.37,"app_ech":"maille","app_obs":25,"mai":13.93,"mai_bas":10.39,"mai_haut":18.68,"mai_ech":"commune","mai_obs":136,"a12":15.58,"a3":13.1},"geometry":{"type":"Polygon","coordinates":[[[-0.4526,44.7495],[-0.4655,44.7549],[-0.463,44.7596],[-0.4828,44.7627],[-0.5057,44.7609],[-0.5112,44.765],[-0.5114,44.7735],[-0.4785,44.7793],[-0.4584,44.7688],[-0.4382,44.7698],[-0.437,44.766],[-0.449,44.7592],[-0.4526,44.7495]]]}},{"type":"Feature","properties":{"code":"33343","nom":"Pujols-sur-Ciron","app":13.51,"app_bas":10.62,"app_haut":17.2,"app_ech":"maille","app_obs":10,"mai":10.79,"mai_bas":8.53,"mai_haut":13.64,"mai_ech":"maille","mai_obs":69,"a12":13.85,"a3":9.08},"geometry":{"type":"Polygon","coordinates":[[[-0.3658,44.5765],[-0.3522,44.59],[-0.3248,44.5755],[-0.3376,44.5703],[-0.3502,44.5632],[-0.3607,44.5476],[-0.3725,44.5557],[-0.3658,44.5765]]]}},{"type":"Feature","properties":{"code":"33176","nom":"Gabarnac","app":11.67,"app_bas":9.36,"app_haut":14.54,"app_ech":"maille","app_obs":2,"mai":10.86,"mai_bas":8.5,"mai_haut":13.88,"mai_ech":"maille","mai_obs":12,"a12":13.85,"a3":9.08},"geometry":{"type":"Polygon","coordinates":[[[-0.285,44.6086],[-0.2858,44.6156],[-0.2785,44.6211],[-0.2682,44.6219],[-0.2518,44.6275],[-0.2354,44.6239],[-0.2436,44.6211],[-0.2471,44.6123],[-0.2573,44.6078],[-0.2661,44.6069],[-0.285,44.6086]]]}},{"type":"Feature","properties":{"code":"33227","nom":"Langon","app":11.13,"app_bas":9.03,"app_haut":13.72,"app_ech":"commune","app_obs":1666,"mai":10.05,"mai_bas":7.86,"mai_haut":12.85,"mai_ech":"commune","mai_obs":800,"a12":13.47,"a3":9.19},"geometry":{"type":"Polygon","coordinates":[[[-0.2614,44.5316],[-0.2732,44.5386],[-0.2735,44.5471],[-0.262,44.5527],[-0.2533,44.5601],[-0.2519,44.5593],[-0.2377,44.5587],[-0.2314,44.5551],[-0.2273,44.5458],[-0.2266,44.5374],[-0.2107,44.5233],[-0.2158,44.5113],[-0.231,44.5138],[-0.2397,44.5234],[-0.2529,44.5319],[-0.2614,44.5316]]]}},{"type":"Feature","properties":{"code":"33027","nom":"Barie","app":10.16,"app_bas":8.1,"app_haut":12.76,"app_ech":"maille","app_obs":2,"mai":8.76,"mai_bas":7.02,"mai_haut":10.93,"mai_ech":"maille","mai_obs":3,"a12":12.65,"a3":9.38},"geometry":{"type":"Polygon","coordinates":[[[-0.1398,44.5724],[-0.1375,44.5776],[-0.1242,44.5701],[-0.1139,44.5799],[-0.0998,44.5794],[-0.0863,44.5731],[-0.0873,44.5685],[-0.1182,44.5618],[-0.1279,44.5647],[-0.1398,44.5724]]]}},{"type":"Feature","properties":{"code":"33091","nom":"Cantenac","app":null,"app_bas":null,"app_haut":null,"app_ech":null,"app_obs":0,"mai":null,"mai_bas":null,"mai_haut":null,"mai_ech":null,"mai_obs":0,"a12":null,"a3":null},"geometry":{"type":"Polygon","coordinates":[[[-0.6384,45.0441],[-0.637,45.0411],[-0.6405,45.0346],[-0.6366,45.0288],[-0.6387,45.0248],[-0.6545,45.0175],[-0.6569,45.0116],[-0.675,45.017],[-0.7076,45.0163],[-0.7149,45.0146],[-0.7221,45.0225],[-0.7114,45.0316],[-0.6976,45.0373],[-0.6884,45.0328],[-0.6679,45.0367],[-0.6558,45.0446],[-0.6423,45.0481],[-0.6384,45.0441]]]}},{"type":"Feature","properties":{"code":"33125","nom":"Cissac-Médoc","app":12.62,"app_bas":9.98,"app_haut":15.95,"app_ech":"maille","app_obs":17,"mai":9.67,"mai_bas":7.53,"mai_haut":12.42,"mai_ech":"commune","mai_obs":131,"a12":13.92,"a3":10.93},"geometry":{"type":"Polygon","coordinates":[[[-0.8891,45.2066],[-0.8861,45.223],[-0.8884,45.2306],[-0.8854,45.2358],[-0.8744,45.2339],[-0.8633,45.2383],[-0.8454,45.2348],[-0.8159,45.2423],[-0.8064,45.2404],[-0.799,45.2339],[-0.7935,45.2224],[-0.8137,45.2165],[-0.8331,45.2141],[-0.8515,45.1993],[-0.859,45.1873],[-0.8709,45.1909],[-0.8783,45.205],[-0.8891,45.2066]]]}},{"type":"Feature","properties":{"code":"33257","nom":"Lugaignac","app":11.33,"app_bas":8.79,"app_haut":14.59,"app_ech":"maille","app_obs":0,"mai":8.96,"mai_bas":7.11,"mai_haut":11.3,"mai_ech":"maille","mai_obs":13,"a12":14.07,"a3":10.49},"geometry":{"type":"Polygon","coordinates":[[[-0.194,44.825],[-0.1794,44.8205],[-0.1811,44.8119],[-0.1912,44.8026],[-0.1996,44.8006],[-0.2091,44.8145],[-0.194,44.825]]]}},{"type":"Feature","properties":{"code":"33279","nom":"Mazères","app":10.27,"app_bas":8.32,"app_haut":12.67,"app_ech":"maille","app_obs":4,"mai":9.64,"mai_bas":7.54,"mai_haut":12.33,"mai_ech":"maille","mai_obs":32,"a12":13.09,"a3":9.08},"geometry":{"type":"Polygon","coordinates":[[[-0.2282,44.4722],[-0.2394,44.4782],[-0.2478,44.488],[-0.2602,44.487],[-0.2743,44.4926],[-0.271,44.5062],[-0.2643,44.5196],[-0.2529,44.5319],[-0.2397,44.5234],[-0.231,44.5138],[-0.2375,44.4983],[-0.2297,44.4803],[-0.2282,44.4722]]]}},{"type":"Feature","properties":{"code":"33384","nom":"Saint-Christophe-des-Bardes","app":11.33,"app_bas":8.79,"app_haut":14.59,"app_ech":"maille","app_obs":0,"mai":9.48,"mai_bas":7.51,"mai_haut":11.96,"mai_ech":"maille","mai_obs":9,"a12":14.07,"a3":10.49},"geometry":{"type":"Polygon","coordinates":[[[-0.1316,44.9128],[-0.1132,44.9082],[-0.0971,44.9016],[-0.0988,44.8882],[-0.1068,44.8864],[-0.1133,44.8889],[-0.1219,44.8871],[-0.1281,44.8817],[-0.1362,44.8921],[-0.1398,44.8924],[-0.1421,44.8966],[-0.1316,44.9128]]]}},{"type":"Feature","properties":{"code":"33435","nom":"Saint-Macaire","app":10.58,"app_bas":8.57,"app_haut":13.07,"app_ech":"commune","app_obs":243,"mai":10.31,"mai_bas":8.05,"mai_haut":13.2,"mai_ech":"commune","mai_obs":130,"a12":13.29,"a3":9.58},"geometry":{"type":"Polygon","coordinates":[[[-0.2519,44.5593],[-0.2404,44.5656],[-0.2304,44.5679],[-0.2199,44.5667],[-0.2183,44.5632],[-0.2377,44.5587],[-0.2519,44.5593]]]}},{"type":"Feature","properties":{"code":"33137","nom":"Cours-les-Bains","app":10.66,"app_bas":8.69,"app_haut":13.09,"app_ech":"maille","app_obs":0,"mai":7.64,"mai_bas":5.39,"mai_haut":10.83,"mai_ech":"maille","mai_obs":2,"a12":10.36,"a3":8.49},"geometry":{"type":"Polygon","coordinates":[[[-0.0343,44.3666],[-0.0328,44.3749],[-0.0272,44.384],[-0.0026,44.3949],[0.0066,44.3973],[0.0185,44.3893],[0.0105,44.3818],[0.0236,44.3775],[0.0147,44.3666],[0.0061,44.3672],[-0.0029,44.373],[-0.0153,44.3693],[-0.0288,44.3602],[-0.0362,44.3608],[-0.0343,44.3666]]]}},{"type":"Feature","properties":{"code":"33212","nom":"Labescau","app":9.6,"app_bas":7.77,"app_haut":11.87,"app_ech":"maille","app_obs":0,"mai":8.76,"mai_bas":7.02,"mai_haut":10.93,"mai_ech":"maille","mai_obs":3,"a12":12.92,"a3":9.38},"geometry":{"type":"Polygon","coordinates":[[[-0.1057,44.459],[-0.0878,44.4648],[-0.0815,44.4587],[-0.0796,44.4485],[-0.0679,44.4462],[-0.057,44.4527],[-0.0596,44.4405],[-0.0702,44.4359],[-0.0928,44.4419],[-0.0999,44.4421],[-0.1009,44.4504],[-0.1057,44.459]]]}},{"type":"Feature","properties":{"code":"33241","nom":"Lestiac-sur-Garonne","app":12.99,"app_bas":10.68,"app_haut":15.8,"app_ech":"maille","app_obs":18,"mai":11.25,"mai_bas":8.84,"mai_haut":14.31,"mai_ech":"maille","mai_obs":58,"a12":14.64,"a3":9.79},"geometry":{"type":"Polygon","coordinates":[[[-0.3994,44.686],[-0.4038,44.6919],[-0.3884,44.6907],[-0.3716,44.7001],[-0.3588,44.6975],[-0.3626,44.6914],[-0.3746,44.6849],[-0.39,44.6871],[-0.3994,44.686]]]}},{"type":"Feature","properties":{"code":"33472","nom":"Saint-Sauveur-de-Puynormand","app":10.84,"app_bas":8.66,"app_haut":13.57,"app_ech":"maille","app_obs":0,"mai":9.44,"mai_bas":7.49,"mai_haut":11.9,"mai_ech":"maille","mai_obs":6,"a12":13.53,"a3":9.26},"geometry":{"type":"Polygon","coordinates":[[[-0.0433,45.0056],[-0.0228,45.0078],[-0.0215,45.0027],[-0.0091,44.9971],[-0.0201,44.9866],[-0.0394,44.9861],[-0.0479,44.9843],[-0.0516,44.9958],[-0.0433,45.0056]]]}},{"type":"Feature","properties":{"code":"33238","nom":"Léognan","app":14.72,"app_bas":11.97,"app_haut":18.11,"app_ech":"commune","app_obs":217,"mai":12.27,"mai_bas":9.43,"mai_haut":15.98,"mai_ech":"commune","mai_obs":443,"a12":16.75,"a3":14.55},"geometry":{"type":"Polygon","coordinates":[[[-0.6566,44.6836],[-0.6617,44.6922],[-0.6733,44.692],[-0.6706,44.7008],[-0.6553,44.7118],[-0.6494,44.7236],[-0.6401,44.7255],[-0.646,44.7313],[-0.6383,44.7366],[-0.6327,44.7422],[-0.6192,44.748],[-0.6092,44.7568],[-0.5901,44.7627],[-0.5842,44.7531],[-0.5716,44.7435],[-0.5623,44.7419],[-0.5616,44.7402],[-0.5705,44.7272],[-0.5685,44.7189],[-0.5896,44.71],[-0.5935,44.7053],[-0.5927,44.6919],[-0.6326,44.6848],[-0.6566,44.6836]]]}},{"type":"Feature","properties":{"code":"33263","nom":"Madirac","app":12.35,"app_bas":10.24,"app_haut":14.89,"app_ech":"maille","app_obs":1,"mai":11.26,"mai_bas":8.74,"mai_haut":14.51,"mai_ech":"maille","mai_obs":15,"a12":14.55,"a3":11.17},"geometry":{"type":"Polygon","coordinates":[[[-0.3869,44.7643],[-0.3876,44.758],[-0.393,44.7509],[-0.4,44.749],[-0.4042,44.7517],[-0.4052,44.7638],[-0.3869,44.7643]]]}},{"type":"Feature","properties":{"code":"33378","nom":"Saint-Avit-Saint-Nazaire","app":9.65,"app_bas":7.6,"app_haut":12.24,"app_ech":"maille","app_obs":2,"mai":8.86,"mai_bas":6.86,"mai_haut":11.45,"mai_ech":"maille","mai_obs":59,"a12":12.93,"a3":9.05},"geometry":{"type":"Polygon","coordinates":[[[0.2438,44.8595],[0.2376,44.8692],[0.2441,44.8718],[0.2554,44.8675],[0.275,44.8677],[0.2881,44.8632],[0.308,44.8517],[0.315,44.8454],[0.3003,44.8378],[0.3008,44.8292],[0.2841,44.8237],[0.2637,44.8264],[0.2607,44.8341],[0.2523,44.8364],[0.2505,44.8419],[0.2521,44.8514],[0.2418,44.8569],[0.2438,44.8595]]]}},{"type":"Feature","properties":{"code":"33431","nom":"Saint-Léon","app":11.33,"app_bas":8.79,"app_haut":14.59,"app_ech":"maille","app_obs":0,"mai":10.47,"mai_bas":8.24,"mai_haut":13.31,"mai_ech":"maille","mai_obs":9,"a12":13.85,"a3":10.49},"geometry":{"type":"Polygon","coordinates":[[[-0.2835,44.7771],[-0.2658,44.7802],[-0.263,44.7682],[-0.2686,44.7551],[-0.2876,44.7552],[-0.2885,44.7677],[-0.2835,44.7771]]]}},{"type":"Feature","properties":{"code":"33061","nom":"Bonnetan","app":12.67,"app_bas":10.72,"app_haut":14.98,"app_ech":"maille","app_obs":7,"mai":13.66,"mai_bas":10.17,"mai_haut":18.34,"mai_ech":"maille","mai_obs":46,"a12":15.58,"a3":11.17},"geometry":{"type":"Polygon","coordinates":[[[-0.4214,44.8112],[-0.4247,44.8163],[-0.4264,44.8325],[-0.4232,44.8319],[-0.412,44.8257],[-0.393,44.8193],[-0.3921,44.8101],[-0.4152,44.8088],[-0.4214,44.8112]]]}},{"type":"Feature","properties":{"code":"33262","nom":"Macau","app":13.16,"app_bas":10.77,"app_haut":16.08,"app_ech":"commune","app_obs":122,"mai":12.01,"mai_bas":9.27,"mai_haut":15.57,"mai_ech":"commune","mai_obs":216,"a12":14.22,"a3":10.1},"geometry":{"type":"Polygon","coordinates":[[[-0.5574,44.9944],[-0.5634,44.9907],[-0.5865,44.9973],[-0.6012,44.992],[-0.6202,44.9924],[-0.6402,44.9828],[-0.6601,44.9826],[-0.661,44.9883],[-0.6493,44.9996],[-0.644,44.9995],[-0.6348,45.0106],[-0.6245,45.0134],[-0.6221,45.0196],[-0.6366,45.0288],[-0.6405,45.0346],[-0.637,45.0411],[-0.6091,45.0187],[-0.5952,45.0243],[-0.5896,45.0176],[-0.5583,44.9999],[-0.5574,44.9944]]]}},{"type":"Feature","properties":{"code":"33477","nom":"Saint-Seurin-de-Cursac","app":13.13,"app_bas":10.95,"app_haut":15.73,"app_ech":"maille","app_obs":48,"mai":8.56,"mai_bas":6.94,"mai_haut":10.56,"mai_ech":"maille","mai_obs":64,"a12":13.25,"a3":11.02},"geometry":{"type":"Polygon","coordinates":[[[-0.6357,45.1683],[-0.623,45.1649],[-0.6143,45.1584],[-0.6278,45.147],[-0.6357,45.1521],[-0.6357,45.1683]]]}},{"type":"Feature","properties":{"code":"33487","nom":"Saint-Vincent-de-Paul","app":12.34,"app_bas":10.39,"app_haut":14.67,"app_ech":"maille","app_obs":69,"mai":10.87,"mai_bas":8.54,"mai_haut":13.84,"mai_ech":"maille","mai_obs":81,"a12":13.92,"a3":11.11},"geometry":{"type":"Polygon","coordinates":[[[-0.4638,44.9364],[-0.4714,44.9388],[-0.4762,44.9489],[-0.4969,44.9677],[-0.5003,44.9796],[-0.5083,44.9876],[-0.4947,45.003],[-0.4909,45.0045],[-0.4832,45.0026],[-0.4743,44.9942],[-0.4727,44.9802],[-0.4684,44.969],[-0.4549,44.9534],[-0.4598,44.9519],[-0.4638,44.9364]]]}},{"type":"Feature","properties":{"code":"33494","nom":"Salaunes","app":14.1,"app_bas":11.71,"app_haut":16.98,"app_ech":"maille","app_obs":3,"mai":12.86,"mai_bas":9.95,"mai_haut":16.63,"mai_ech":"maille","mai_obs":69,"a12":16.09,"a3":10.93},"geometry":{"type":"Polygon","coordinates":[[[-0.8021,44.9646],[-0.7947,44.9451],[-0.7984,44.9188],[-0.8218,44.9246],[-0.8323,44.9249],[-0.8428,44.8956],[-0.8661,44.8843],[-0.8839,44.8854],[-0.8892,44.8915],[-0.9055,44.8983],[-0.8659,44.9471],[-0.8537,44.9561],[-0.8194,44.972],[-0.8021,44.9646]]]}},{"type":"Feature","properties":{"code":"33547","nom":"Villandraut","app":11.49,"app_bas":9.39,"app_haut":14.05,"app_ech":"maille","app_obs":55,"mai":8.93,"mai_bas":7.03,"mai_haut":11.34,"mai_ech":"maille","mai_obs":88,"a12":12.65,"a3":8.23},"geometry":{"type":"Polygon","coordinates":[[[-0.3975,44.432],[-0.4078,44.435],[-0.4089,44.4386],[-0.4007,44.4456],[-0.409,44.4537],[-0.4067,44.4563],[-0.3969,44.4625],[-0.3791,44.4676],[-0.3682,44.4688],[-0.3624,44.4659],[-0.3588,44.4589],[-0.351,44.4534],[-0.3587,44.451],[-0.3576,44.4361],[-0.375,44.4371],[-0.3975,44.432]]]}},{"type":"Feature","properties":{"code":"33083","nom":"Camarsac","app":12.67,"app_bas":10.72,"app_haut":14.98,"app_ech":"maille","app_obs":14,"mai":14.03,"mai_bas":11.03,"mai_haut":17.85,"mai_ech":"maille","mai_obs":20,"a12":15.58,"a3":11.17},"geometry":{"type":"Polygon","coordinates":[[[-0.3626,44.8396],[-0.3619,44.8337],[-0.3515,44.8252],[-0.3521,44.8186],[-0.3689,44.811],[-0.3766,44.8218],[-0.3828,44.8256],[-0.3865,44.8296],[-0.3826,44.8364],[-0.3626,44.8396]]]}},{"type":"Feature","properties":{"code":"33112","nom":"Caumont","app":9.3,"app_bas":7.32,"app_haut":11.81,"app_ech":"maille","app_obs":0,"mai":7.88,"mai_bas":6.25,"mai_haut":9.92,"mai_ech":"maille","mai_obs":1,"a12":12.57,"a3":9.76},"geometry":{"type":"Polygon","coordinates":[[[-0.0218,44.7121],[-0.0115,44.7074],[0.0031,44.7095],[0.0087,44.7068],[0.0108,44.6933],[0.0015,44.6894],[-0.0102,44.6788],[-0.0125,44.6809],[-0.0316,44.6886],[-0.0304,44.6977],[-0.0231,44.7048],[-0.0218,44.7121]]]}},{"type":"Feature","properties":{"code":"33179","nom":"Galgon","app":11.36,"app_bas":9.57,"app_haut":13.49,"app_ech":"commune","app_obs":258,"mai":10.42,"mai_bas":8.28,"mai_haut":13.13,"mai_ech":"commune","mai_obs":277,"a12":13.38,"a3":10},"geometry":{"type":"Polygon","coordinates":[[[-0.3084,45.0017],[-0.2886,45.0142],[-0.2841,45.0117],[-0.2689,44.9979],[-0.2593,45.0041],[-0.2481,45.0022],[-0.2531,44.9883],[-0.2451,44.9834],[-0.2455,44.9778],[-0.2534,44.9754],[-0.262,44.9691],[-0.2727,44.9682],[-0.2814,44.9714],[-0.2821,44.9771],[-0.3012,44.985],[-0.3052,44.9931],[-0.3112,44.9963],[-0.3084,45.0017]]]}},{"type":"Feature","properties":{"code":"33466","nom":"Saint-Quentin-de-Baron","app":12.44,"app_bas":9.95,"app_haut":15.55,"app_ech":"commune","app_obs":398,"mai":10.57,"mai_bas":8.47,"mai_haut":13.2,"mai_ech":"commune","mai_obs":150,"a12":13.04,"a3":10.62},"geometry":{"type":"Polygon","coordinates":[[[-0.3077,44.8027],[-0.3084,44.8064],[-0.3001,44.8266],[-0.2947,44.8323],[-0.2787,44.8289],[-0.255,44.8298],[-0.2532,44.8318],[-0.2586,44.8208],[-0.2689,44.8068],[-0.2897,44.8079],[-0.3077,44.8027]]]}},{"type":"Feature","properties":{"code":"33081","nom":"Cadillac","app":11.04,"app_bas":8.33,"app_haut":14.65,"app_ech":"commune","app_obs":337,"mai":9.95,"mai_bas":7.61,"mai_haut":13.01,"mai_ech":"commune","mai_obs":170,"a12":12.95,"a3":9.74},"geometry":{"type":"Polygon","coordinates":[[[-0.3131,44.6275],[-0.3283,44.6367],[-0.3224,44.6387],[-0.3119,44.6508],[-0.3014,44.6537],[-0.2895,44.6487],[-0.2865,44.6409],[-0.2914,44.6349],[-0.3131,44.6275]]]}},{"type":"Feature","properties":{"code":"33082","nom":"Cadillac-en-Fronsadais","app":12.34,"app_bas":10.31,"app_haut":14.77,"app_ech":"maille","app_obs":12,"mai":9.62,"mai_bas":7.47,"mai_haut":12.39,"mai_ech":"maille","mai_obs":67,"a12":14.07,"a3":11.11},"geometry":{"type":"Polygon","coordinates":[[[-0.3799,44.9504],[-0.3874,44.9618],[-0.3836,44.9693],[-0.3725,44.9712],[-0.3623,44.9704],[-0.3582,44.9683],[-0.3641,44.9543],[-0.3799,44.9504]]]}},{"type":"Feature","properties":{"code":"33404","nom":"Sainte-Gemme","app":10.66,"app_bas":8.69,"app_haut":13.09,"app_ech":"maille","app_obs":0,"mai":8.93,"mai_bas":6.91,"mai_haut":11.54,"mai_ech":"maille","mai_obs":3,"a12":12.93,"a3":7.85},"geometry":{"type":"Polygon","coordinates":[[[0.0474,44.6168],[0.0511,44.6223],[0.0609,44.625],[0.0686,44.6353],[0.0791,44.6349],[0.0859,44.6398],[0.0913,44.6254],[0.0869,44.6119],[0.0907,44.6017],[0.0797,44.5998],[0.0683,44.6034],[0.0474,44.6168]]]}},{"type":"Feature","properties":{"code":"33045","nom":"Belvès-de-Castillon","app":11.3,"app_bas":9.15,"app_haut":13.95,"app_ech":"maille","app_obs":2,"mai":9.44,"mai_bas":7.49,"mai_haut":11.9,"mai_ech":"maille","mai_obs":12,"a12":13.53,"a3":9.26},"geometry":{"type":"Polygon","coordinates":[[[-0.0524,44.8881],[-0.0217,44.8858],[-0.0058,44.8865],[0.0012,44.8761],[-0.0167,44.8702],[-0.0339,44.871],[-0.041,44.8658],[-0.0487,44.871],[-0.0472,44.8748],[-0.0524,44.8881]]]}},{"type":"Feature","properties":{"code":"33079","nom":"Cadarsac","app":12.34,"app_bas":10.31,"app_haut":14.77,"app_ech":"maille","app_obs":3,"mai":9.48,"mai_bas":7.51,"mai_haut":11.96,"mai_ech":"maille","mai_obs":5,"a12":14.55,"a3":10.89},"geometry":{"type":"Polygon","coordinates":[[[-0.2954,44.8623],[-0.2879,44.8712],[-0.2741,44.8664],[-0.2778,44.8527],[-0.2914,44.8552],[-0.2954,44.8623]]]}},{"type":"Feature","properties":{"code":"33099","nom":"Carignan-de-Bordeaux","app":14.41,"app_bas":11.3,"app_haut":18.37,"app_ech":"maille","app_obs":78,"mai":14.73,"mai_bas":10.96,"mai_haut":19.8,"mai_ech":"commune","mai_obs":104,"a12":15.58,"a3":11.17},"geometry":{"type":"Polygon","coordinates":[[[-0.4554,44.8003],[-0.4626,44.7989],[-0.4702,44.7912],[-0.4982,44.8054],[-0.4934,44.8131],[-0.4733,44.8228],[-0.4746,44.8253],[-0.4529,44.8257],[-0.451,44.8208],[-0.459,44.8074],[-0.454,44.8016],[-0.4554,44.8003]]]}},{"type":"Feature","properties":{"code":"33122","nom":"Cestas","app":14.94,"app_bas":12.22,"app_haut":18.27,"app_ech":"commune","app_obs":203,"mai":13.88,"mai_bas":10.77,"mai_haut":17.89,"mai_ech":"commune","mai_obs":309,"a12":17.63,"a3":12.39},"geometry":{"type":"Polygon","coordinates":[[[-0.7714,44.693],[-0.8044,44.7106],[-0.8224,44.7214],[-0.8371,44.7368],[-0.795,44.744],[-0.7586,44.7553],[-0.7502,44.7495],[-0.7296,44.7613],[-0.7139,44.772],[-0.6887,44.7824],[-0.6789,44.777],[-0.6873,44.7727],[-0.6848,44.765],[-0.6757,44.7537],[-0.657,44.747],[-0.6517,44.7423],[-0.6383,44.7366],[-0.646,44.7313],[-0.6401,44.7255],[-0.6494,44.7236],[-0.6553,44.7118],[-0.6706,44.7008],[-0.6733,44.692],[-0.6617,44.6922],[-0.6566,44.6836],[-0.7248,44.681],[-0.73,44.6726],[-0.7714,44.693]]]}},{"type":"Feature","properties":{"code":"33147","nom":"Daignac","app":11.67,"app_bas":9.36,"app_haut":14.54,"app_ech":"maille","app_obs":4,"mai":8.74,"mai_bas":6.96,"mai_haut":10.99,"mai_ech":"maille","mai_obs":31,"a12":14.07,"a3":9.76},"geometry":{"type":"Polygon","coordinates":[[[-0.252,44.8169],[-0.2404,44.8123],[-0.2425,44.8053],[-0.2277,44.7959],[-0.2205,44.7997],[-0.2092,44.7914],[-0.2163,44.7828],[-0.2227,44.7852],[-0.2368,44.788],[-0.2474,44.7872],[-0.2523,44.79],[-0.252,44.8169]]]}},{"type":"Feature","properties":{"code":"33152","nom":"Donzac","app":11.67,"app_bas":9.36,"app_haut":14.54,"app_ech":"maille","app_obs":0,"mai":9.52,"mai_bas":7.51,"mai_haut":12.07,"mai_ech":"maille","mai_obs":14,"a12":13.85,"a3":9.08},"geometry":{"type":"Polygon","coordinates":[[[-0.2421,44.6371],[-0.2753,44.649],[-0.2759,44.6603],[-0.2443,44.6536],[-0.24,44.6515],[-0.2366,44.6415],[-0.2421,44.6371]]]}},{"type":"Feature","properties":{"code":"33180","nom":"Gans","app":9.6,"app_bas":7.77,"app_haut":11.87,"app_ech":"maille","app_obs":5,"mai":8.34,"mai_bas":6.55,"mai_haut":10.62,"mai_ech":"maille","mai_obs":1,"a12":12.92,"a3":8.49},"geometry":{"type":"Polygon","coordinates":[[[-0.1632,44.4536],[-0.1601,44.4656],[-0.1464,44.4621],[-0.131,44.4616],[-0.1187,44.4579],[-0.1057,44.459],[-0.1009,44.4504],[-0.0999,44.4421],[-0.1073,44.4459],[-0.1184,44.4488],[-0.134,44.4454],[-0.1632,44.4536]]]}},{"type":"Feature","properties":{"code":"33214","nom":"Lacanau","app":16.36,"app_bas":12.86,"app_haut":20.81,"app_ech":"commune","app_obs":146,"mai":12.81,"mai_bas":9.62,"mai_haut":17.06,"mai_ech":"commune","mai_obs":131,"a12":19.3,"a3":11.36},"geometry":{"type":"Polygon","coordinates":[[[-0.9983,45.0316],[-0.9824,45.0224],[-0.9781,45.015],[-0.986,45.0036],[-0.9931,44.984],[-0.9947,44.9709],[-0.9888,44.9586],[-0.9807,44.9515],[-0.9955,44.9505],[-1.0275,44.9447],[-1.0467,44.9367],[-1.0648,44.9178],[-1.073,44.9073],[-1.089,44.9152],[-1.1107,44.9213],[-1.1275,44.92],[-1.2145,44.9208],[-1.2041,44.9898],[-1.1943,45.0683],[-1.1077,45.0443],[-1.0821,45.024],[-1.0665,45.022],[-1.0522,45.0234],[-1.0379,45.0316],[-1.0279,45.0336],[-0.9983,45.0316]]]}},{"type":"Feature","properties":{"code":"33287","nom":"Mongauzy","app":10.66,"app_bas":8.69,"app_haut":13.09,"app_ech":"maille","app_obs":26,"mai":7.88,"mai_bas":6.25,"mai_haut":9.92,"mai_ech":"maille","mai_obs":40,"a12":12.57,"a3":8.01},"geometry":{"type":"Polygon","coordinates":[[[0.0425,44.5815],[0.0361,44.5626],[0.0377,44.5541],[0.0325,44.5506],[0.0272,44.5581],[0.0153,44.5614],[0.0013,44.5724],[0.0162,44.5745],[0.0218,44.5792],[0.0208,44.5874],[0.0262,44.5908],[0.0425,44.5815]]]}},{"type":"Feature","properties":{"code":"33031","nom":"Bassanne","app":9.6,"app_bas":7.77,"app_haut":11.87,"app_ech":"maille","app_obs":0,"mai":8.76,"mai_bas":7.02,"mai_haut":10.93,"mai_ech":"maille","mai_obs":2,"a12":12.65,"a3":9.38},"geometry":{"type":"Polygon","coordinates":[[[-0.088,44.5526],[-0.0961,44.5501],[-0.1064,44.5639],[-0.0873,44.5685],[-0.0802,44.5659],[-0.088,44.5526]]]}},{"type":"Feature","properties":{"code":"33248","nom":"Listrac-Médoc","app":12.62,"app_bas":9.98,"app_haut":15.95,"app_ech":"maille","app_obs":52,"mai":10.24,"mai_bas":7.76,"mai_haut":13.51,"mai_ech":"commune","mai_obs":189,"a12":16.09,"a3":10.93},"geometry":{"type":"Polygon","coordinates":[[[-0.7458,45.0911],[-0.746,45.0852],[-0.7528,45.082],[-0.7688,45.0786],[-0.7672,45.0667],[-0.7811,45.0629],[-0.7904,45.058],[-0.8038,45.0473],[-0.8376,45.0403],[-0.8481,45.0365],[-0.8576,45.0261],[-0.8874,45.0298],[-0.8956,45.0323],[-0.9117,45.0573],[-0.8991,45.0656],[-0.8865,45.0874],[-0.8738,45.0831],[-0.8606,45.0718],[-0.8404,45.0765],[-0.8206,45.0764],[-0.8247,45.0854],[-0.8242,45.1],[-0.8025,45.1018],[-0.7972,45.1112],[-0.764,45.1117],[-0.7567,45.1007],[-0.7422,45.0963],[-0.7458,45.0911]]]}},{"type":"Feature","properties":{"code":"33354","nom":"Riocaud","app":10.86,"app_bas":8.21,"app_haut":14.35,"app_ech":"maille","app_obs":0,"mai":7.74,"mai_bas":5.87,"mai_haut":10.2,"mai_ech":"maille","mai_obs":1,"a12":12.07,"a3":7.85},"geometry":{"type":"Polygon","coordinates":[[[0.1845,44.749],[0.1895,44.7574],[0.183,44.7626],[0.1852,44.7666],[0.1988,44.7736],[0.225,44.761],[0.2174,44.7546],[0.2124,44.7378],[0.2186,44.7266],[0.2168,44.7241],[0.2015,44.7224],[0.1942,44.7431],[0.1845,44.749]]]}},{"type":"Feature","properties":{"code":"33358","nom":"Romagne","app":9.3,"app_bas":7.32,"app_haut":11.81,"app_ech":"maille","app_obs":0,"mai":8.74,"mai_bas":6.96,"mai_haut":10.99,"mai_ech":"maille","mai_obs":29,"a12":12.66,"a3":9.79},"geometry":{"type":"Polygon","coordinates":[[[-0.216,44.7828],[-0.2086,44.7828],[-0.2009,44.7756],[-0.1893,44.7701],[-0.189,44.7658],[-0.1981,44.7486],[-0.2027,44.7457],[-0.2117,44.753],[-0.2094,44.7618],[-0.2109,44.7699],[-0.2178,44.774],[-0.216,44.7828]]]}},{"type":"Feature","properties":{"code":"33460","nom":"Saint-Pey-de-Castets","app":9.3,"app_bas":7.32,"app_haut":11.81,"app_ech":"maille","app_obs":0,"mai":8.96,"mai_bas":7.11,"mai_haut":11.3,"mai_ech":"maille","mai_obs":10,"a12":12.57,"a3":9.26},"geometry":{"type":"Polygon","coordinates":[[[-0.0876,44.8049],[-0.0834,44.8108],[-0.0831,44.8241],[-0.0714,44.8265],[-0.0669,44.8307],[-0.0681,44.8382],[-0.0515,44.8469],[-0.0483,44.8402],[-0.0509,44.8323],[-0.0459,44.8193],[-0.0509,44.8159],[-0.048,44.7976],[-0.0686,44.7945],[-0.0876,44.8049]]]}},{"type":"Feature","properties":{"code":"33462","nom":"Saint-Philippe-du-Seignal","app":9.65,"app_bas":7.6,"app_haut":12.24,"app_ech":"maille","app_obs":1,"mai":8.56,"mai_bas":6.71,"mai_haut":10.91,"mai_ech":"maille","mai_obs":19,"a12":10.81,"a3":9.05},"geometry":{"type":"Polygon","coordinates":[[[0.2614,44.8118],[0.2552,44.8139],[0.2446,44.823],[0.2359,44.8244],[0.2377,44.8315],[0.2532,44.8278],[0.2523,44.8364],[0.2607,44.8341],[0.2637,44.8264],[0.266,44.8126],[0.2614,44.8118]]]}},{"type":"Feature","properties":{"code":"33503","nom":"Saumos","app":12.62,"app_bas":9.98,"app_haut":15.95,"app_ech":"maille","app_obs":2,"mai":11.39,"mai_bas":8.63,"mai_haut":15.03,"mai_ech":"maille","mai_obs":14,"a12":16.09,"a3":11.83},"geometry":{"type":"Polygon","coordinates":[[[-1.0376,44.8727],[-1.0501,44.884],[-1.073,44.9073],[-1.0648,44.9178],[-1.0467,44.9367],[-1.0275,44.9447],[-0.9955,44.9505],[-0.9807,44.9515],[-0.9762,44.9487],[-0.9645,44.9275],[-0.9494,44.917],[-0.9328,44.9025],[-0.9339,44.8976],[-0.9587,44.8882],[-0.9687,44.8819],[-0.9852,44.8818],[-0.9928,44.8878],[-1.0004,44.8898],[-1.0188,44.8875],[-1.0376,44.8727]]]}},{"type":"Feature","properties":{"code":"33014","nom":"Artigues-de-Lussac","app":11.3,"app_bas":9.15,"app_haut":13.95,"app_ech":"maille","app_obs":13,"mai":9.44,"mai_bas":7.49,"mai_haut":11.9,"mai_ech":"maille","mai_obs":49,"a12":13.26,"a3":10.49},"geometry":{"type":"Polygon","coordinates":[[[-0.1725,44.9647],[-0.128,44.9944],[-0.121,44.9904],[-0.1153,44.9791],[-0.1176,44.9703],[-0.1283,44.9632],[-0.1293,44.9599],[-0.1441,44.9635],[-0.149,44.9526],[-0.1625,44.9566],[-0.1725,44.9647]]]}},{"type":"Feature","properties":{"code":"33084","nom":"Cambes","app":12.35,"app_bas":10.24,"app_haut":14.89,"app_ech":"maille","app_obs":39,"mai":11.26,"mai_bas":8.74,"mai_haut":14.51,"mai_ech":"maille","mai_obs":82,"a12":14.55,"a3":13.1},"geometry":{"type":"Polygon","coordinates":[[[-0.4836,44.7361],[-0.4793,44.7423],[-0.4655,44.7549],[-0.4526,44.7495],[-0.4462,44.745],[-0.4464,44.7368],[-0.458,44.7267],[-0.4836,44.7361]]]}},{"type":"Feature","properties":{"code":"33150","nom":"Dieulivol","app":10.16,"app_bas":8.1,"app_haut":12.76,"app_ech":"maille","app_obs":0,"mai":7.88,"mai_bas":6.25,"mai_haut":9.92,"mai_ech":"maille","mai_obs":4,"a12":12.93,"a3":7.85},"geometry":{"type":"Polygon","coordinates":[[[0.1336,44.668],[0.1192,44.6648],[0.1088,44.6688],[0.1031,44.6646],[0.0898,44.6625],[0.0785,44.6734],[0.0819,44.6848],[0.095,44.7006],[0.1003,44.701],[0.1099,44.6842],[0.1344,44.6824],[0.13,44.6729],[0.1336,44.668]]]}},{"type":"Feature","properties":{"code":"33247","nom":"Listrac-de-Durèze","app":9.3,"app_bas":7.32,"app_haut":11.81,"app_ech":"maille","app_obs":1,"mai":7.88,"mai_bas":6.25,"mai_haut":9.92,"mai_ech":"maille","mai_obs":2,"a12":12.57,"a3":9.76},"geometry":{"type":"Polygon","coordinates":[[[0.0271,44.7484],[0.0205,44.7502],[0.0194,44.7659],[0.0269,44.7749],[0.0512,44.7648],[0.0495,44.7545],[0.0271,44.7484]]]}},{"type":"Feature","properties":{"code":"33319","nom":"Pessac-sur-Dordogne","app":10.06,"app_bas":8.11,"app_haut":12.47,"app_ech":"maille","app_obs":12,"mai":7.74,"mai_bas":5.87,"mai_haut":10.2,"mai_ech":"maille","mai_obs":25,"a12":12.93,"a3":7.47},"geometry":{"type":"Polygon","coordinates":[[[0.0957,44.8328],[0.1085,44.8282],[0.114,44.8194],[0.1149,44.8166],[0.1072,44.8041],[0.0956,44.803],[0.0766,44.8114],[0.0713,44.8117],[0.083,44.8312],[0.0957,44.8328]]]}},{"type":"Feature","properties":{"code":"33336","nom":"Préchac","app":11.49,"app_bas":9.39,"app_haut":14.05,"app_ech":"maille","app_obs":8,"mai":8.82,"mai_bas":6.83,"mai_haut":11.38,"mai_ech":"maille","mai_obs":26,"a12":12.65,"a3":8.23},"geometry":{"type":"Polygon","coordinates":[[[-0.3123,44.3837],[-0.307,44.3763],[-0.3069,44.3594],[-0.3085,44.3536],[-0.3182,44.3459],[-0.3253,44.3435],[-0.3401,44.3343],[-0.3466,44.3466],[-0.3569,44.3553],[-0.3731,44.3609],[-0.3864,44.361],[-0.4345,44.3745],[-0.4313,44.3933],[-0.4327,44.3954],[-0.4192,44.4007],[-0.4118,44.4111],[-0.4025,44.4177],[-0.3975,44.432],[-0.375,44.4371],[-0.3576,44.4361],[-0.3578,44.4275],[-0.3489,44.415],[-0.3131,44.3865],[-0.3123,44.3837]]]}},{"type":"Feature","properties":{"code":"33463","nom":"Saint-Pierre-d'Aurillac","app":10.16,"app_bas":8.1,"app_haut":12.76,"app_ech":"maille","app_obs":16,"mai":8.76,"mai_bas":7.02,"mai_haut":10.93,"mai_ech":"maille","mai_obs":52,"a12":12.92,"a3":9.38},"geometry":{"type":"Polygon","coordinates":[[[-0.1827,44.5911],[-0.1748,44.568],[-0.2072,44.5659],[-0.2069,44.5827],[-0.201,44.596],[-0.1827,44.5911]]]}},{"type":"Feature","properties":{"code":"33520","nom":"Taillecavat","app":9.45,"app_bas":7.51,"app_haut":11.88,"app_ech":"maille","app_obs":2,"mai":8.24,"mai_bas":6.16,"mai_haut":11.02,"mai_ech":"maille","mai_obs":19,"a12":12.93,"a3":7.85},"geometry":{"type":"Polygon","coordinates":[[[0.1652,44.6329],[0.155,44.6318],[0.1439,44.6365],[0.1377,44.6453],[0.1363,44.6587],[0.1676,44.6684],[0.1773,44.6673],[0.1828,44.6614],[0.1671,44.6437],[0.1652,44.6329]]]}},{"type":"Feature","properties":{"code":"33533","nom":"Toulenne","app":11.41,"app_bas":8.63,"app_haut":15.09,"app_ech":"maille","app_obs":56,"mai":11.78,"mai_bas":9.22,"mai_haut":15.05,"mai_ech":"commune","mai_obs":271,"a12":12.65,"a3":9.38},"geometry":{"type":"Polygon","coordinates":[[[-0.2834,44.584],[-0.2533,44.5601],[-0.262,44.5527],[-0.2735,44.5471],[-0.2855,44.5589],[-0.294,44.5648],[-0.2828,44.5737],[-0.2834,44.584]]]}},{"type":"Feature","properties":{"code":"33089","nom":"Campugnan","app":13.13,"app_bas":10.95,"app_haut":15.73,"app_ech":"maille","app_obs":14,"mai":8.11,"mai_bas":6.15,"mai_haut":10.68,"mai_ech":"maille","mai_obs":19,"a12":13.25,"a3":11.02},"geometry":{"type":"Polygon","coordinates":[[[-0.5444,45.2086],[-0.5397,45.2058],[-0.5364,45.2002],[-0.5459,45.1926],[-0.5537,45.1834],[-0.5559,45.1754],[-0.5751,45.1618],[-0.5841,45.1628],[-0.5821,45.1692],[-0.5758,45.1738],[-0.5665,45.1877],[-0.5522,45.2025],[-0.5444,45.2086]]]}},{"type":"Feature","properties":{"code":"33133","nom":"Coubeyrac","app":10.06,"app_bas":8.11,"app_haut":12.47,"app_ech":"maille","app_obs":0,"mai":8.86,"mai_bas":6.86,"mai_haut":11.45,"mai_ech":"maille","mai_obs":0,"a12":12.93,"a3":7.47},"geometry":{"type":"Polygon","coordinates":[[[0.0367,44.7799],[0.0343,44.7879],[0.0465,44.7945],[0.0617,44.797],[0.067,44.7851],[0.0668,44.7791],[0.0646,44.7701],[0.0515,44.7723],[0.0367,44.7799]]]}},{"type":"Feature","properties":{"code":"33174","nom":"Fronsac","app":11.3,"app_bas":9.15,"app_haut":13.95,"app_ech":"maille","app_obs":43,"mai":9.79,"mai_bas":7.78,"mai_haut":12.31,"mai_ech":"maille","mai_obs":52,"a12":14.07,"a3":10.05},"geometry":{"type":"Polygon","coordinates":[[[-0.3109,44.9009],[-0.3055,44.9073],[-0.3048,44.9164],[-0.2865,44.9316],[-0.284,44.9402],[-0.2862,44.9473],[-0.2822,44.9528],[-0.2763,44.9531],[-0.2649,44.9479],[-0.2555,44.939],[-0.2607,44.9282],[-0.2453,44.9304],[-0.2422,44.9229],[-0.2507,44.9154],[-0.2589,44.9186],[-0.2814,44.9193],[-0.2894,44.9125],[-0.2892,44.9071],[-0.2822,44.8963],[-0.2848,44.8903],[-0.2995,44.8892],[-0.3048,44.892],[-0.3109,44.9009]]]}},{"type":"Feature","properties":{"code":"33186","nom":"Gensac","app":10.06,"app_bas":8.11,"app_haut":12.47,"app_ech":"maille","app_obs":60,"mai":7.74,"mai_bas":5.87,"mai_haut":10.2,"mai_ech":"maille","mai_obs":31,"a12":12.93,"a3":8.01},"geometry":{"type":"Polygon","coordinates":[[[0.1139,44.7915],[0.1083,44.7838],[0.0917,44.7877],[0.0867,44.7868],[0.0866,44.7791],[0.0668,44.7791],[0.067,44.7851],[0.0617,44.797],[0.0613,44.8021],[0.0713,44.8117],[0.0766,44.8114],[0.0956,44.803],[0.1072,44.8041],[0.1097,44.7931],[0.1139,44.7915]]]}},{"type":"Feature","properties":{"code":"33256","nom":"Ludon-Médoc","app":14.91,"app_bas":12.22,"app_haut":18.2,"app_ech":"commune","app_obs":140,"mai":12.52,"mai_bas":10.2,"mai_haut":15.36,"mai_ech":"commune","mai_obs":180,"a12":14.22,"a3":10.1},"geometry":{"type":"Polygon","coordinates":[[[-0.5405,44.9741],[-0.5633,44.9717],[-0.5973,44.9647],[-0.6283,44.9642],[-0.6259,44.9765],[-0.6402,44.9828],[-0.6202,44.9924],[-0.6012,44.992],[-0.5865,44.9973],[-0.5634,44.9907],[-0.5574,44.9944],[-0.5427,44.9844],[-0.5405,44.9741]]]}},{"type":"Feature","properties":{"code":"33260","nom":"Lugos","app":13.72,"app_bas":11.21,"app_haut":16.78,"app_ech":"maille","app_obs":0,"mai":11.82,"mai_bas":9.33,"mai_haut":14.97,"mai_ech":"maille","mai_obs":34,"a12":13.09,"a3":12.77},"geometry":{"type":"Polygon","coordinates":[[[-0.8421,44.518],[-0.8196,44.5081],[-0.819,44.5016],[-0.825,44.4939],[-0.8402,44.4806],[-0.8623,44.4639],[-0.9085,44.4524],[-0.9192,44.4433],[-0.9696,44.4294],[-1.0292,44.4227],[-1.0075,44.4377],[-0.9925,44.4615],[-0.9663,44.4717],[-0.9004,44.4852],[-0.8785,44.4974],[-0.8595,44.5243],[-0.8532,44.525],[-0.8421,44.518]]]}},{"type":"Feature","properties":{"code":"33350","nom":"Rauzan","app":9.3,"app_bas":7.32,"app_haut":11.81,"app_ech":"maille","app_obs":79,"mai":8.96,"mai_bas":7.11,"mai_haut":11.3,"mai_ech":"maille","mai_obs":64,"a12":12.66,"a3":9.76},"geometry":{"type":"Polygon","coordinates":[[[-0.1337,44.7943],[-0.1256,44.7867],[-0.111,44.7786],[-0.1074,44.7747],[-0.109,44.7667],[-0.1224,44.7668],[-0.1306,44.7709],[-0.1368,44.7697],[-0.1332,44.7774],[-0.1345,44.7831],[-0.1419,44.7886],[-0.1511,44.7895],[-0.157,44.7943],[-0.1539,44.8044],[-0.1446,44.8011],[-0.1337,44.7943]]]}},{"type":"Feature","properties":{"code":"33381","nom":"Saint-Caprais-de-Bordeaux","app":12.65,"app_bas":10.49,"app_haut":15.25,"app_ech":"commune","app_obs":138,"mai":11.69,"mai_bas":9.08,"mai_haut":15.06,"mai_ech":"commune","mai_obs":213,"a12":14.55,"a3":11.17},"geometry":{"type":"Polygon","coordinates":[[[-0.4346,44.7718],[-0.4052,44.7638],[-0.4042,44.7517],[-0.4,44.749],[-0.4128,44.7436],[-0.4287,44.7394],[-0.4464,44.7368],[-0.4462,44.745],[-0.4526,44.7495],[-0.449,44.7592],[-0.437,44.766],[-0.4382,44.7698],[-0.4346,44.7718]]]}},{"type":"Feature","properties":{"code":"33403","nom":"Sainte-Foy-la-Longue","app":11.67,"app_bas":9.36,"app_haut":14.54,"app_ech":"maille","app_obs":1,"mai":9.52,"mai_bas":7.51,"mai_haut":12.07,"mai_ech":"maille","mai_obs":2,"a12":13.85,"a3":9.08},"geometry":{"type":"Polygon","coordinates":[[[-0.1501,44.6037],[-0.1599,44.6057],[-0.1667,44.623],[-0.1652,44.6284],[-0.1544,44.633],[-0.1427,44.6273],[-0.1315,44.6242],[-0.1311,44.6207],[-0.1161,44.6161],[-0.1192,44.6035],[-0.1316,44.5989],[-0.1415,44.6046],[-0.1501,44.6037]]]}},{"type":"Feature","properties":{"code":"33537","nom":"Uzeste","app":11.41,"app_bas":8.63,"app_haut":15.09,"app_ech":"maille","app_obs":6,"mai":8.93,"mai_bas":7.03,"mai_haut":11.34,"mai_ech":"maille","mai_obs":13,"a12":13.09,"a3":9.38},"geometry":{"type":"Polygon","coordinates":[[[-0.2958,44.4155],[-0.317,44.4046],[-0.3296,44.4001],[-0.3489,44.415],[-0.3578,44.4275],[-0.3587,44.451],[-0.351,44.4534],[-0.3304,44.4551],[-0.3096,44.4606],[-0.2907,44.4528],[-0.2913,44.4402],[-0.297,44.4276],[-0.2958,44.4155]]]}},{"type":"Feature","properties":{"code":"33019","nom":"Audenge","app":13.82,"app_bas":11.73,"app_haut":16.28,"app_ech":"commune","app_obs":830,"mai":13.16,"mai_bas":10.2,"mai_haut":16.99,"mai_ech":"commune","mai_obs":331,"a12":16.09,"a3":12.53},"geometry":{"type":"Polygon","coordinates":[[[-1.0179,44.668],[-1.0233,44.675],[-1.0312,44.679],[-1.05,44.682],[-1.0581,44.689],[-1.0636,44.6974],[-1.0491,44.6926],[-1.0369,44.6941],[-1.0301,44.6967],[-1.013,44.7076],[-1.0065,44.7163],[-0.99,44.7274],[-0.9771,44.734],[-0.9432,44.7445],[-0.8814,44.76],[-0.8371,44.7368],[-0.839,44.7292],[-0.9224,44.6928],[-0.9506,44.6867],[-0.9815,44.6739],[-0.9969,44.6687],[-1.0179,44.668]]]}},{"type":"Feature","properties":{"code":"33068","nom":"Bourideys","app":11.49,"app_bas":9.39,"app_haut":14.05,"app_ech":"maille","app_obs":0,"mai":8.66,"mai_bas":6.74,"mai_haut":11.12,"mai_ech":"maille","mai_obs":0,"a12":10.36,"a3":9.21},"geometry":{"type":"Polygon","coordinates":[[[-0.5281,44.3647],[-0.5279,44.3744],[-0.5194,44.3777],[-0.4926,44.3826],[-0.4801,44.3864],[-0.4661,44.3879],[-0.4587,44.3948],[-0.4327,44.3954],[-0.4313,44.3933],[-0.4345,44.3745],[-0.4261,44.3614],[-0.4319,44.3465],[-0.4275,44.3288],[-0.4318,44.3226],[-0.4789,44.3249],[-0.5176,44.3391],[-0.5281,44.3647]]]}},{"type":"Feature","properties":{"code":"33118","nom":"Cénac","app":14.41,"app_bas":11.3,"app_haut":18.37,"app_ech":"maille","app_obs":11,"mai":13.47,"mai_bas":10.01,"mai_haut":18.12,"mai_ech":"commune","mai_obs":100,"a12":15.58,"a3":12.5},"geometry":{"type":"Polygon","coordinates":[[[-0.4554,44.8003],[-0.4427,44.7889],[-0.4412,44.7808],[-0.4346,44.7718],[-0.4382,44.7698],[-0.4584,44.7688],[-0.4785,44.7793],[-0.4702,44.7912],[-0.4626,44.7989],[-0.4554,44.8003]]]}},{"type":"Feature","properties":{"code":"33334","nom":"Portets","app":13.51,"app_bas":10.62,"app_haut":17.2,"app_ech":"maille","app_obs":58,"mai":11.71,"mai_bas":9.21,"mai_haut":14.89,"mai_ech":"commune","mai_obs":173,"a12":14.64,"a3":9.79},"geometry":{"type":"Polygon","coordinates":[[[-0.4416,44.6548],[-0.4571,44.6686],[-0.4369,44.6881],[-0.4339,44.7027],[-0.4269,44.7027],[-0.4127,44.7074],[-0.4042,44.706],[-0.3955,44.7021],[-0.4038,44.6919],[-0.3994,44.686],[-0.4201,44.6692],[-0.4315,44.6491],[-0.4416,44.6548]]]}},{"type":"Feature","properties":{"code":"33357","nom":"Roaillan","app":10.27,"app_bas":8.32,"app_haut":12.67,"app_ech":"maille","app_obs":17,"mai":8.93,"mai_bas":7.03,"mai_haut":11.34,"mai_ech":"maille","mai_obs":89,"a12":12.65,"a3":9.08},"geometry":{"type":"Polygon","coordinates":[[[-0.3078,44.4861],[-0.3048,44.4966],[-0.3084,44.5076],[-0.2946,44.5198],[-0.2693,44.5241],[-0.2614,44.5316],[-0.2529,44.5319],[-0.2643,44.5196],[-0.271,44.5062],[-0.2743,44.4926],[-0.2821,44.4845],[-0.3078,44.4861]]]}},{"type":"Feature","properties":{"code":"33372","nom":"Saint-Antoine-du-Queyret","app":9.3,"app_bas":7.32,"app_haut":11.81,"app_ech":"maille","app_obs":0,"mai":7.74,"mai_bas":5.87,"mai_haut":10.2,"mai_ech":"maille","mai_obs":2,"a12":12.57,"a3":9.76},"geometry":{"type":"Polygon","coordinates":[[[-0.0058,44.7622],[-0.0032,44.7665],[-0.0015,44.7819],[0.0134,44.7773],[0.024,44.7768],[0.0269,44.7749],[0.0194,44.7659],[0.0205,44.7502],[0.017,44.7434],[0.0003,44.7441],[-0.0035,44.7614],[-0.0058,44.7622]]]}},{"type":"Feature","properties":{"code":"33423","nom":"Saint-Julien-Beychevelle","app":10.01,"app_bas":7.82,"app_haut":12.81,"app_ech":"maille","app_obs":8,"mai":10.05,"mai_bas":7.82,"mai_haut":12.91,"mai_ech":"maille","mai_obs":30,"a12":13.92,"a3":10.1},"geometry":{"type":"Polygon","coordinates":[[[-0.7604,45.1364],[-0.7598,45.1416],[-0.7746,45.1419],[-0.7796,45.1527],[-0.7856,45.1588],[-0.7809,45.1665],[-0.7698,45.1698],[-0.7498,45.1717],[-0.7237,45.1798],[-0.7132,45.1845],[-0.7005,45.167],[-0.6933,45.1451],[-0.7168,45.1386],[-0.7604,45.1364]]]}},{"type":"Feature","properties":{"code":"33530","nom":"Teuillac","app":10.15,"app_bas":8.44,"app_haut":12.22,"app_ech":"maille","app_obs":3,"mai":9.31,"mai_bas":7.76,"mai_haut":11.18,"mai_ech":"maille","mai_obs":31,"a12":13.92,"a3":10.05},"geometry":{"type":"Polygon","coordinates":[[[-0.5721,45.0981],[-0.5492,45.1016],[-0.5482,45.1119],[-0.5392,45.1176],[-0.54,45.1139],[-0.5295,45.1085],[-0.5303,45.0848],[-0.5471,45.0847],[-0.5664,45.0867],[-0.572,45.0909],[-0.5721,45.0981]]]}},{"type":"Feature","properties":{"code":"33115","nom":"Cazalis","app":11.66,"app_bas":8.79,"app_haut":15.47,"app_ech":"maille","app_obs":1,"mai":8.66,"mai_bas":6.74,"mai_haut":11.12,"mai_ech":"maille","mai_obs":1,"a12":12.31,"a3":8.23},"geometry":{"type":"Polygon","coordinates":[[[-0.3401,44.3343],[-0.3509,44.3279],[-0.3567,44.3193],[-0.3834,44.2863],[-0.4014,44.2866],[-0.4306,44.3032],[-0.4318,44.3226],[-0.4275,44.3288],[-0.4319,44.3465],[-0.4261,44.3614],[-0.4345,44.3745],[-0.3864,44.361],[-0.3731,44.3609],[-0.3569,44.3553],[-0.3466,44.3466],[-0.3401,44.3343]]]}},{"type":"Feature","properties":{"code":"33400","nom":"Saint-Ferme","app":10.86,"app_bas":8.21,"app_haut":14.35,"app_ech":"maille","app_obs":7,"mai":7.88,"mai_bas":6.25,"mai_haut":9.92,"mai_ech":"maille","mai_obs":21,"a12":12.93,"a3":8.01},"geometry":{"type":"Polygon","coordinates":[[[0.0435,44.6738],[0.0344,44.6904],[0.0238,44.696],[0.0473,44.7118],[0.0546,44.7243],[0.0686,44.7208],[0.0791,44.716],[0.0819,44.7115],[0.095,44.7006],[0.0819,44.6848],[0.0785,44.6734],[0.0715,44.6657],[0.056,44.6733],[0.0472,44.6729],[0.0435,44.6738]]]}},{"type":"Feature","properties":{"code":"33042","nom":"Belin-Béliet","app":13.29,"app_bas":10.61,"app_haut":16.65,"app_ech":"commune","app_obs":197,"mai":11.48,"mai_bas":8.94,"mai_haut":14.75,"mai_ech":"commune","mai_obs":284,"a12":13.09,"a3":11.31},"geometry":{"type":"Polygon","coordinates":[[[-0.7803,44.4281],[-0.7931,44.4287],[-0.8173,44.4204],[-0.8453,44.419],[-0.912,44.4369],[-0.9192,44.4433],[-0.9085,44.4524],[-0.8623,44.4639],[-0.8402,44.4806],[-0.825,44.4939],[-0.819,44.5016],[-0.8196,44.5081],[-0.8421,44.518],[-0.838,44.5177],[-0.827,44.5252],[-0.8174,44.537],[-0.7726,44.573],[-0.7683,44.5733],[-0.7386,44.5678],[-0.714,44.5662],[-0.7222,44.5542],[-0.7216,44.5446],[-0.7172,44.5195],[-0.7152,44.5146],[-0.7303,44.5118],[-0.736,44.5024],[-0.7178,44.4892],[-0.7159,44.4854],[-0.7017,44.4859],[-0.6949,44.4815],[-0.6969,44.4683],[-0.7072,44.4585],[-0.7013,44.4548],[-0.6828,44.4507],[-0.6819,44.4441],[-0.6898,44.4418],[-0.7297,44.4482],[-0.7307,44.4464],[-0.7724,44.4401],[-0.7777,44.4357],[-0.7803,44.4281]]]}},{"type":"Feature","properties":{"code":"33105","nom":"Castelviel","app":10.22,"app_bas":8.27,"app_haut":12.62,"app_ech":"maille","app_obs":0,"mai":9.61,"mai_bas":7.33,"mai_haut":12.6,"mai_ech":"maille","mai_obs":5,"a12":12.92,"a3":8.01},"geometry":{"type":"Polygon","coordinates":[[[-0.1352,44.6551],[-0.1419,44.6507],[-0.1624,44.6498],[-0.1687,44.6525],[-0.1658,44.6588],[-0.1704,44.6699],[-0.1648,44.6707],[-0.1645,44.6826],[-0.1547,44.6841],[-0.1454,44.6802],[-0.1381,44.6804],[-0.1339,44.6665],[-0.142,44.6626],[-0.1414,44.6572],[-0.1352,44.6551]]]}},{"type":"Feature","properties":{"code":"33117","nom":"Cazaugitat","app":10.86,"app_bas":8.21,"app_haut":14.35,"app_ech":"maille","app_obs":0,"mai":7.88,"mai_bas":6.25,"mai_haut":9.92,"mai_ech":"maille","mai_obs":5,"a12":12.93,"a3":8.01},"geometry":{"type":"Polygon","coordinates":[[[-0.0218,44.7121],[-0.0271,44.7269],[-0.0172,44.731],[0.006,44.7282],[0.0222,44.7218],[0.0277,44.7307],[0.0322,44.7315],[0.0437,44.7198],[0.0473,44.7118],[0.0238,44.696],[0.0108,44.6933],[0.0087,44.7068],[0.0031,44.7095],[-0.0115,44.7074],[-0.0218,44.7121]]]}},{"type":"Feature","properties":{"code":"33124","nom":"Chamadelle","app":10.84,"app_bas":8.66,"app_haut":13.57,"app_ech":"maille","app_obs":2,"mai":9,"mai_bas":7.1,"mai_haut":11.41,"mai_ech":"maille","mai_obs":9,"a12":13.53,"a3":9.29},"geometry":{"type":"Polygon","coordinates":[[[-0.0845,45.0779],[-0.0916,45.0784],[-0.1028,45.0734],[-0.1077,45.0824],[-0.1127,45.0838],[-0.1083,45.0875],[-0.1111,45.0928],[-0.119,45.0967],[-0.111,45.1154],[-0.1012,45.1197],[-0.0876,45.1216],[-0.084,45.1158],[-0.0633,45.1014],[-0.0571,45.099],[-0.055,45.0937],[-0.0649,45.0841],[-0.0756,45.0869],[-0.0845,45.0779]]]}},{"type":"Feature","properties":{"code":"33132","nom":"Comps","app":14.09,"app_bas":11.33,"app_haut":17.51,"app_ech":"maille","app_obs":3,"mai":9.31,"mai_bas":7.76,"mai_haut":11.18,"mai_ech":"maille","mai_obs":28,"a12":13.33,"a3":9.73},"geometry":{"type":"Polygon","coordinates":[[[-0.605,45.0632],[-0.5969,45.0726],[-0.5842,45.0727],[-0.585,45.0651],[-0.5954,45.061],[-0.605,45.0632]]]}},{"type":"Feature","properties":{"code":"33232","nom":"Lartigue","app":11.21,"app_bas":8.92,"app_haut":14.08,"app_ech":"maille","app_obs":0,"mai":9.68,"mai_bas":7.47,"mai_haut":12.55,"mai_ech":"maille","mai_obs":3,"a12":10.36,"a3":8.23},"geometry":{"type":"Polygon","coordinates":[[[-0.1232,44.2406],[-0.1223,44.2436],[-0.1171,44.2442],[-0.1159,44.2523],[-0.1046,44.2707],[-0.0667,44.2664],[-0.0534,44.2658],[-0.059,44.2554],[-0.0668,44.2467],[-0.0744,44.2524],[-0.0881,44.2389],[-0.0976,44.2365],[-0.1081,44.231],[-0.1201,44.2367],[-0.1232,44.2406]]]}},{"type":"Feature","properties":{"code":"33364","nom":"Saillans","app":11.3,"app_bas":9.53,"app_haut":13.39,"app_ech":"maille","app_obs":1,"mai":9.79,"mai_bas":7.78,"mai_haut":12.31,"mai_ech":"maille","mai_obs":15,"a12":14.07,"a3":10.49},"geometry":{"type":"Polygon","coordinates":[[[-0.2948,44.9551],[-0.2895,44.9696],[-0.2814,44.9714],[-0.2727,44.9682],[-0.262,44.9691],[-0.2623,44.958],[-0.2512,44.9521],[-0.2498,44.9385],[-0.2555,44.939],[-0.2649,44.9479],[-0.2763,44.9531],[-0.2822,44.9528],[-0.2948,44.9551]]]}},{"type":"Feature","properties":{"code":"33380","nom":"Saint-Caprais-de-Blaye","app":10.87,"app_bas":8.66,"app_haut":13.64,"app_ech":"maille","app_obs":14,"mai":8.42,"mai_bas":6.47,"mai_haut":10.95,"mai_ech":"maille","mai_obs":74,"a12":12.39,"a3":8.94},"geometry":{"type":"Polygon","coordinates":[[[-0.5772,45.2783],[-0.5856,45.2847],[-0.5854,45.2918],[-0.5677,45.2974],[-0.5595,45.2977],[-0.5487,45.2931],[-0.5488,45.2845],[-0.5535,45.2782],[-0.5619,45.2773],[-0.5668,45.2812],[-0.5772,45.2783]]]}},{"type":"Feature","properties":{"code":"33408","nom":"Saint-Genès-de-Lombaud","app":12.43,"app_bas":9.9,"app_haut":15.6,"app_ech":"maille","app_obs":2,"mai":10.73,"mai_bas":8.67,"mai_haut":13.27,"mai_ech":"maille","mai_obs":18,"a12":14.55,"a3":11.17},"geometry":{"type":"Polygon","coordinates":[[[-0.3869,44.7643],[-0.3665,44.7668],[-0.3549,44.7627],[-0.3521,44.7584],[-0.3702,44.7503],[-0.3771,44.7451],[-0.3928,44.7429],[-0.4026,44.744],[-0.4128,44.7436],[-0.4,44.749],[-0.393,44.7509],[-0.3876,44.758],[-0.3869,44.7643]]]}},{"type":"Feature","properties":{"code":"33470","nom":"Saint-Romain-la-Virvée","app":12.88,"app_bas":10.51,"app_haut":15.78,"app_ech":"maille","app_obs":8,"mai":9.62,"mai_bas":7.47,"mai_haut":12.39,"mai_ech":"maille","mai_obs":30,"a12":14.07,"a3":11.11},"geometry":{"type":"Polygon","coordinates":[[[-0.4055,44.9755],[-0.3995,44.9752],[-0.3836,44.9693],[-0.3874,44.9618],[-0.3799,44.9504],[-0.3908,44.9438],[-0.3993,44.9475],[-0.3981,44.9519],[-0.4128,44.962],[-0.43,44.9562],[-0.4513,44.9454],[-0.4549,44.9534],[-0.4341,44.9599],[-0.4122,44.9702],[-0.4055,44.9755]]]}},{"type":"Feature","properties":{"code":"33475","nom":"Saint-Seurin-de-Bourg","app":10.15,"app_bas":8.44,"app_haut":12.22,"app_ech":"maille","app_obs":1,"mai":10.87,"mai_bas":8.54,"mai_haut":13.84,"mai_ech":"maille","mai_obs":13,"a12":13.33,"a3":9.73},"geometry":{"type":"Polygon","coordinates":[[[-0.5808,45.0648],[-0.5683,45.0582],[-0.5685,45.0513],[-0.5834,45.0461],[-0.5906,45.0379],[-0.5967,45.0402],[-0.5808,45.0648]]]}},{"type":"Feature","properties":{"code":"33518","nom":"Tabanac","app":12.43,"app_bas":9.9,"app_haut":15.6,"app_ech":"maille","app_obs":15,"mai":11.26,"mai_bas":8.74,"mai_haut":14.51,"mai_ech":"maille","mai_obs":34,"a12":14.55,"a3":13.1},"geometry":{"type":"Polygon","coordinates":[[[-0.4339,44.7027],[-0.438,44.7055],[-0.4285,44.712],[-0.4214,44.7207],[-0.4224,44.7294],[-0.4161,44.7364],[-0.4026,44.744],[-0.3928,44.7429],[-0.3882,44.7302],[-0.4081,44.7154],[-0.4127,44.7074],[-0.4269,44.7027],[-0.4339,44.7027]]]}},{"type":"Feature","properties":{"code":"33548","nom":"Villegouge","app":11.3,"app_bas":9.53,"app_haut":13.39,"app_ech":"maille","app_obs":23,"mai":9.79,"mai_bas":7.78,"mai_haut":12.31,"mai_ech":"maille","mai_obs":51,"a12":13.26,"a3":10.05},"geometry":{"type":"Polygon","coordinates":[[[-0.3263,44.9555],[-0.3292,44.9649],[-0.3489,44.9741],[-0.3434,44.9781],[-0.3264,44.9844],[-0.3112,44.9963],[-0.3052,44.9931],[-0.3012,44.985],[-0.2821,44.9771],[-0.2814,44.9714],[-0.2895,44.9696],[-0.2948,44.9551],[-0.3106,44.9527],[-0.3263,44.9555]]]}},{"type":"Feature","properties":{"code":"33059","nom":"Blésignac","app":11.33,"app_bas":8.79,"app_haut":14.59,"app_ech":"maille","app_obs":0,"mai":10.47,"mai_bas":8.24,"mai_haut":13.31,"mai_ech":"maille","mai_obs":5,"a12":12.66,"a3":10.49},"geometry":{"type":"Polygon","coordinates":[[[-0.2517,44.7673],[-0.263,44.7682],[-0.2658,44.7802],[-0.2523,44.79],[-0.2474,44.7872],[-0.2521,44.7823],[-0.2419,44.7786],[-0.2517,44.7673]]]}},{"type":"Feature","properties":{"code":"33126","nom":"Civrac-de-Blaye","app":13.13,"app_bas":10.95,"app_haut":15.73,"app_ech":"maille","app_obs":0,"mai":9.13,"mai_bas":7.24,"mai_haut":11.5,"mai_ech":"maille","mai_obs":22,"a12":13.53,"a3":8.94},"geometry":{"type":"Polygon","coordinates":[[[-0.4414,45.1186],[-0.4301,45.1131],[-0.4291,45.1049],[-0.4437,45.1001],[-0.4571,45.0932],[-0.4738,45.0906],[-0.4814,45.1018],[-0.481,45.1134],[-0.4855,45.1211],[-0.4813,45.1339],[-0.4673,45.1336],[-0.456,45.1282],[-0.4507,45.12],[-0.4414,45.1186]]]}},{"type":"Feature","properties":{"code":"33184","nom":"Générac","app":13.13,"app_bas":10.95,"app_haut":15.73,"app_ech":"maille","app_obs":3,"mai":9.13,"mai_bas":7.24,"mai_haut":11.5,"mai_ech":"maille","mai_obs":2,"a12":13.25,"a3":11.02},"geometry":{"type":"Polygon","coordinates":[[[-0.5364,45.2002],[-0.533,45.1889],[-0.5209,45.171],[-0.5226,45.1683],[-0.5486,45.1609],[-0.5574,45.1533],[-0.5686,45.1549],[-0.5751,45.1618],[-0.5559,45.1754],[-0.5537,45.1834],[-0.5459,45.1926],[-0.5364,45.2002]]]}},{"type":"Feature","properties":{"code":"33225","nom":"Landiras","app":13.51,"app_bas":10.62,"app_haut":17.2,"app_ech":"maille","app_obs":49,"mai":10.36,"mai_bas":8.19,"mai_haut":13.1,"mai_ech":"commune","mai_obs":121,"a12":14.64,"a3":9.79},"geometry":{"type":"Polygon","coordinates":[[[-0.4235,44.5998],[-0.412,44.5936],[-0.3997,44.5834],[-0.3847,44.5786],[-0.3658,44.5765],[-0.3725,44.5557],[-0.3948,44.556],[-0.4066,44.5543],[-0.418,44.5486],[-0.4307,44.5356],[-0.4509,44.5235],[-0.4831,44.5228],[-0.5008,44.5263],[-0.4922,44.5436],[-0.4807,44.5538],[-0.4808,44.5592],[-0.4879,44.5753],[-0.4826,44.5899],[-0.4667,44.6058],[-0.4888,44.6124],[-0.4887,44.6173],[-0.4599,44.6116],[-0.4235,44.5998]]]}},{"type":"Feature","properties":{"code":"33312","nom":"Parempuyre","app":13.38,"app_bas":11.64,"app_haut":15.38,"app_ech":"commune","app_obs":1039,"mai":12.49,"mai_bas":10.18,"mai_haut":15.34,"mai_ech":"commune","mai_obs":392,"a12":15.63,"a3":11.93},"geometry":{"type":"Polygon","coordinates":[[[-0.5405,44.9741],[-0.5401,44.9616],[-0.5491,44.9388],[-0.565,44.9425],[-0.5734,44.9341],[-0.5944,44.9354],[-0.6169,44.9416],[-0.6216,44.9473],[-0.628,44.9577],[-0.6283,44.9642],[-0.5973,44.9647],[-0.5633,44.9717],[-0.5405,44.9741]]]}},{"type":"Feature","properties":{"code":"33450","nom":"Saint-Michel-de-Castelnau","app":9.23,"app_bas":7.42,"app_haut":11.48,"app_ech":"maille","app_obs":0,"mai":8.34,"mai_bas":6.55,"mai_haut":10.62,"mai_ech":"maille","mai_obs":4,"a12":10.36,"a3":8.23},"geometry":{"type":"Polygon","coordinates":[[[-0.0348,44.2967],[-0.0434,44.2936],[-0.0371,44.2864],[-0.0362,44.2714],[-0.0447,44.2703],[-0.0534,44.2658],[-0.0667,44.2664],[-0.1046,44.2707],[-0.1159,44.2523],[-0.1171,44.2442],[-0.1223,44.2436],[-0.1289,44.2525],[-0.1318,44.2616],[-0.1268,44.2763],[-0.1326,44.2872],[-0.1547,44.2938],[-0.1432,44.2987],[-0.1208,44.2991],[-0.1115,44.3091],[-0.0891,44.3189],[-0.0778,44.3326],[-0.0666,44.3224],[-0.0595,44.3214],[-0.0348,44.2967]]]}},{"type":"Feature","properties":{"code":"33454","nom":"Saint-Morillon","app":13.51,"app_bas":10.62,"app_haut":17.2,"app_ech":"maille","app_obs":8,"mai":11.81,"mai_bas":9.07,"mai_haut":15.38,"mai_ech":"maille","mai_obs":55,"a12":16.34,"a3":12.39},"geometry":{"type":"Polygon","coordinates":[[[-0.5454,44.6609],[-0.5373,44.6564],[-0.5213,44.6649],[-0.5036,44.6621],[-0.4894,44.6512],[-0.4839,44.6449],[-0.4886,44.627],[-0.4888,44.6124],[-0.5156,44.6272],[-0.5299,44.6304],[-0.546,44.6312],[-0.5626,44.6302],[-0.5609,44.6422],[-0.5504,44.6516],[-0.5454,44.6609]]]}},{"type":"Feature","properties":{"code":"33479","nom":"Saint-Sève","app":10.16,"app_bas":8.1,"app_haut":12.76,"app_ech":"maille","app_obs":0,"mai":9.61,"mai_bas":7.33,"mai_haut":12.6,"mai_ech":"maille","mai_obs":2,"a12":12.57,"a3":8.49},"geometry":{"type":"Polygon","coordinates":[[[-0.019,44.5946],[-0.0367,44.5966],[-0.0392,44.6051],[-0.035,44.6142],[-0.0256,44.6193],[-0.0085,44.6216],[-0.0151,44.6109],[-0.0148,44.6026],[-0.019,44.5946]]]}},{"type":"Feature","properties":{"code":"33039","nom":"Bègles","app":14.52,"app_bas":12.51,"app_haut":16.87,"app_ech":"commune","app_obs":3931,"mai":14.52,"mai_bas":10.81,"mai_haut":19.49,"mai_ech":"commune","mai_obs":873,"a12":17.07,"a3":13.2},"geometry":{"type":"Polygon","coordinates":[[[-0.5726,44.8058],[-0.5739,44.8108],[-0.5519,44.8154],[-0.5377,44.8228],[-0.5323,44.8162],[-0.5266,44.8061],[-0.5231,44.7911],[-0.5358,44.788],[-0.5471,44.7891],[-0.5604,44.7831],[-0.5662,44.7834],[-0.5687,44.7976],[-0.5726,44.8058]]]}},{"type":"Feature","properties":{"code":"33355","nom":"Rions","app":11.67,"app_bas":9.36,"app_haut":14.54,"app_ech":"maille","app_obs":42,"mai":9.82,"mai_bas":7.5,"mai_haut":12.85,"mai_ech":"commune","mai_obs":104,"a12":13.85,"a3":9.79},"geometry":{"type":"Polygon","coordinates":[[[-0.2963,44.6737],[-0.2889,44.668],[-0.299,44.6628],[-0.3161,44.6675],[-0.3223,44.6619],[-0.3397,44.652],[-0.3508,44.6557],[-0.3672,44.6654],[-0.3711,44.6785],[-0.364,44.6762],[-0.3492,44.6808],[-0.3474,44.6841],[-0.3435,44.6832],[-0.3344,44.6737],[-0.3018,44.6768],[-0.2963,44.6737]]]}},{"type":"Feature","properties":{"code":"33356","nom":"Rivière","app":11.3,"app_bas":9.15,"app_haut":13.95,"app_ech":"maille","app_obs":29,"mai":10.65,"mai_bas":8.59,"mai_haut":13.2,"mai_ech":"maille","mai_obs":47,"a12":13.26,"a3":10.05},"geometry":{"type":"Polygon","coordinates":[[[-0.3092,44.9501],[-0.305,44.9386],[-0.3097,44.9307],[-0.3177,44.9269],[-0.3309,44.9328],[-0.3295,44.9373],[-0.3161,44.9484],[-0.3092,44.9501]]]}},{"type":"Feature","properties":{"code":"33370","nom":"Saint-Androny","app":10.87,"app_bas":8.66,"app_haut":13.64,"app_ech":"maille","app_obs":1,"mai":8.42,"mai_bas":6.47,"mai_haut":10.95,"mai_ech":"maille","mai_obs":38,"a12":13.25,"a3":11.02},"geometry":{"type":"Polygon","coordinates":[[[-0.738,45.229],[-0.6922,45.2366],[-0.6798,45.2319],[-0.6721,45.2182],[-0.6642,45.2087],[-0.6583,45.2054],[-0.651,45.2071],[-0.6521,45.1973],[-0.6425,45.193],[-0.6256,45.1926],[-0.6249,45.1839],[-0.6316,45.1748],[-0.642,45.1749],[-0.655,45.1783],[-0.6752,45.1763],[-0.674,45.172],[-0.7005,45.167],[-0.7236,45.1992],[-0.738,45.229]]]}},{"type":"Feature","properties":{"code":"33481","nom":"Saint-Sulpice-de-Guilleragues","app":10.16,"app_bas":8.1,"app_haut":12.76,"app_ech":"maille","app_obs":0,"mai":7.88,"mai_bas":6.25,"mai_haut":9.92,"mai_ech":"maille","mai_obs":2,"a12":12.93,"a3":7.85},"geometry":{"type":"Polygon","coordinates":[[[0.0326,44.6046],[0.0317,44.617],[0.0381,44.6275],[0.0387,44.6329],[0.0303,44.6412],[0.0565,44.6473],[0.0686,44.6353],[0.0609,44.625],[0.0511,44.6223],[0.0474,44.6168],[0.0326,44.6046]]]}},{"type":"Feature","properties":{"code":"33175","nom":"Frontenac","app":10.22,"app_bas":8.27,"app_haut":12.62,"app_ech":"maille","app_obs":6,"mai":8.74,"mai_bas":6.96,"mai_haut":10.99,"mai_ech":"maille","mai_obs":31,"a12":12.66,"a3":8.01},"geometry":{"type":"Polygon","coordinates":[[[-0.174,44.7317],[-0.1698,44.7337],[-0.1712,44.7447],[-0.1467,44.7447],[-0.1355,44.7472],[-0.1205,44.7346],[-0.1095,44.7338],[-0.1045,44.7218],[-0.1148,44.7148],[-0.1314,44.7227],[-0.1464,44.7188],[-0.1531,44.7108],[-0.1635,44.7146],[-0.1731,44.7137],[-0.1756,44.7247],[-0.174,44.7317]]]}},{"type":"Feature","properties":{"code":"33192","nom":"Gradignan","app":14.98,"app_bas":12.43,"app_haut":18.04,"app_ech":"commune","app_obs":4136,"mai":14.86,"mai_bas":10.69,"mai_haut":20.66,"mai_ech":"commune","mai_obs":559,"a12":18.02,"a3":13.04},"geometry":{"type":"Polygon","coordinates":[[[-0.6327,44.7422],[-0.6317,44.7553],[-0.6433,44.7663],[-0.645,44.7779],[-0.6281,44.7851],[-0.6137,44.7933],[-0.6053,44.793],[-0.5918,44.787],[-0.5881,44.7782],[-0.5901,44.7627],[-0.6092,44.7568],[-0.6192,44.748],[-0.6327,44.7422]]]}},{"type":"Feature","properties":{"code":"33320","nom":"Petit-Palais-et-Cornemps","app":10.84,"app_bas":8.66,"app_haut":13.57,"app_ech":"maille","app_obs":6,"mai":9.44,"mai_bas":7.49,"mai_haut":11.9,"mai_ech":"maille","mai_obs":15,"a12":13.53,"a3":9.26},"geometry":{"type":"Polygon","coordinates":[[[-0.0896,44.9961],[-0.0874,44.9996],[-0.0692,45.0032],[-0.0516,44.9958],[-0.0479,44.9843],[-0.0394,44.9861],[-0.0201,44.9866],[-0.0165,44.9724],[-0.0367,44.9682],[-0.0488,44.9601],[-0.055,44.9667],[-0.0678,44.9633],[-0.0791,44.9742],[-0.084,44.989],[-0.0896,44.9961]]]}},{"type":"Feature","properties":{"code":"33113","nom":"Cauvignac","app":9.6,"app_bas":7.77,"app_haut":11.87,"app_ech":"maille","app_obs":0,"mai":8.76,"mai_bas":7.02,"mai_haut":10.93,"mai_ech":"maille","mai_obs":2,"a12":12.57,"a3":9.38},"geometry":{"type":"Polygon","coordinates":[[[-0.0971,44.4082],[-0.0838,44.4143],[-0.0728,44.4323],[-0.0632,44.43],[-0.0574,44.4249],[-0.0438,44.4242],[-0.0421,44.4218],[-0.0629,44.4149],[-0.0679,44.4116],[-0.0679,44.4052],[-0.0735,44.4035],[-0.0763,44.4077],[-0.0878,44.4049],[-0.0971,44.4082]]]}},{"type":"Feature","properties":{"code":"33189","nom":"Gornac","app":11.67,"app_bas":9.36,"app_haut":14.54,"app_ech":"maille","app_obs":21,"mai":9.61,"mai_bas":7.33,"mai_haut":12.6,"mai_ech":"maille","mai_obs":25,"a12":12.92,"a3":9.08},"geometry":{"type":"Polygon","coordinates":[[[-0.2028,44.6595],[-0.2031,44.6677],[-0.1977,44.676],[-0.1982,44.683],[-0.1924,44.6837],[-0.1699,44.6725],[-0.1704,44.6699],[-0.1658,44.6588],[-0.1687,44.6525],[-0.1624,44.6498],[-0.1814,44.6427],[-0.1822,44.6489],[-0.2028,44.6595]]]}},{"type":"Feature","properties":{"code":"33198","nom":"Guîtres","app":11.19,"app_bas":8.92,"app_haut":14.05,"app_ech":"commune","app_obs":143,"mai":8.79,"mai_bas":6.93,"mai_haut":11.14,"mai_ech":"commune","mai_obs":106,"a12":13.53,"a3":9.29},"geometry":{"type":"Polygon","coordinates":[[[-0.1703,45.0473],[-0.1745,45.0423],[-0.159,45.0344],[-0.1924,45.0371],[-0.2043,45.0342],[-0.2102,45.0392],[-0.1968,45.0523],[-0.1752,45.0517],[-0.1703,45.0473]]]}},{"type":"Feature","properties":{"code":"33284","nom":"Mios","app":14.31,"app_bas":11.7,"app_haut":17.51,"app_ech":"commune","app_obs":122,"mai":12.93,"mai_bas":9.85,"mai_haut":16.96,"mai_ech":"commune","mai_obs":253,"a12":15.96,"a3":12.77},"geometry":{"type":"Polygon","coordinates":[[[-0.9792,44.6219],[-0.9462,44.6386],[-0.9293,44.641],[-0.9175,44.6484],[-0.9024,44.6494],[-0.8883,44.6559],[-0.8836,44.6694],[-0.8627,44.679],[-0.8497,44.6871],[-0.8044,44.7106],[-0.7714,44.693],[-0.8152,44.6656],[-0.8244,44.6503],[-0.8172,44.6429],[-0.8204,44.6349],[-0.8154,44.6287],[-0.8064,44.6257],[-0.8136,44.6148],[-0.8153,44.6078],[-0.8343,44.6106],[-0.8395,44.6089],[-0.8592,44.5961],[-0.8748,44.595],[-0.8897,44.5841],[-0.9047,44.567],[-0.9417,44.5512],[-0.9591,44.5392],[-0.9909,44.5224],[-1.0111,44.5104],[-0.9854,44.5735],[-0.9723,44.575],[-0.9752,44.5799],[-0.9718,44.5952],[-0.9662,44.5968],[-0.974,44.6162],[-0.9792,44.6219]]]}},{"type":"Feature","properties":{"code":"33449","nom":"Saint-Médard-en-Jalles","app":14.93,"app_bas":12.41,"app_haut":17.96,"app_ech":"commune","app_obs":1432,"mai":14.56,"mai_bas":11.26,"mai_haut":18.83,"mai_ech":"commune","mai_obs":912,"a12":17.64,"a3":13.53},"geometry":{"type":"Polygon","coordinates":[[[-0.7141,44.9049],[-0.6807,44.8948],[-0.6857,44.8905],[-0.6868,44.881],[-0.6943,44.8671],[-0.7057,44.861],[-0.7186,44.8509],[-0.7194,44.8469],[-0.7463,44.8503],[-0.7584,44.8669],[-0.7693,44.8646],[-0.817,44.8605],[-0.8328,44.8562],[-0.8549,44.848],[-0.8729,44.8514],[-0.8809,44.8575],[-0.8839,44.8854],[-0.8661,44.8843],[-0.8428,44.8956],[-0.8323,44.9249],[-0.8218,44.9246],[-0.7984,44.9188],[-0.7653,44.9158],[-0.7401,44.9053],[-0.7273,44.9027],[-0.7141,44.9049]]]}},{"type":"Feature","properties":{"code":"33510","nom":"Semens","app":11.67,"app_bas":9.36,"app_haut":14.54,"app_ech":"maille","app_obs":4,"mai":9.52,"mai_bas":7.51,"mai_haut":12.07,"mai_ech":"maille","mai_obs":9,"a12":13.85,"a3":9.08},"geometry":{"type":"Polygon","coordinates":[[[-0.2245,44.6026],[-0.2256,44.6063],[-0.2447,44.6036],[-0.2471,44.6123],[-0.2436,44.6211],[-0.2354,44.6239],[-0.2282,44.6245],[-0.2242,44.6218],[-0.2192,44.6045],[-0.2245,44.6026]]]}},{"type":"Feature","properties":{"code":"33142","nom":"Cubnezais","app":12.34,"app_bas":10.39,"app_haut":14.67,"app_ech":"maille","app_obs":1,"mai":9.97,"mai_bas":7.89,"mai_haut":12.6,"mai_ech":"maille","mai_obs":59,"a12":13.92,"a3":10.05},"geometry":{"type":"Polygon","coordinates":[[[-0.4087,45.0587],[-0.4331,45.0635],[-0.4521,45.0622],[-0.4508,45.069],[-0.4342,45.0807],[-0.434,45.0891],[-0.4216,45.0885],[-0.4049,45.0817],[-0.389,45.0774],[-0.4005,45.0598],[-0.4087,45.0587]]]}},{"type":"Feature","properties":{"code":"33168","nom":"Flaujagues","app":10.06,"app_bas":8.11,"app_haut":12.47,"app_ech":"maille","app_obs":1,"mai":10.27,"mai_bas":7.87,"mai_haut":13.4,"mai_ech":"maille","mai_obs":32,"a12":10.81,"a3":9.26},"geometry":{"type":"Polygon","coordinates":[[[0.0089,44.8459],[0.0211,44.8498],[0.0374,44.8399],[0.0395,44.8275],[0.0478,44.8244],[0.0432,44.817],[0.028,44.8177],[0.0141,44.822],[0.0058,44.8317],[0.0089,44.8459]]]}},{"type":"Feature","properties":{"code":"33206","nom":"Isle-Saint-Georges","app":12.43,"app_bas":9.9,"app_haut":15.6,"app_ech":"maille","app_obs":7,"mai":11.98,"mai_bas":9.18,"mai_haut":15.63,"mai_ech":"maille","mai_obs":27,"a12":14.64,"a3":13.1},"geometry":{"type":"Polygon","coordinates":[[[-0.458,44.7267],[-0.4484,44.722],[-0.4632,44.7177],[-0.4735,44.7191],[-0.4813,44.7171],[-0.4919,44.7343],[-0.5,44.7368],[-0.5016,44.74],[-0.4836,44.7361],[-0.458,44.7267]]]}},{"type":"Feature","properties":{"code":"33367","nom":"Saint-André-du-Bois","app":11.67,"app_bas":9.36,"app_haut":14.54,"app_ech":"maille","app_obs":10,"mai":9.52,"mai_bas":7.51,"mai_haut":12.07,"mai_ech":"maille","mai_obs":15,"a12":13.85,"a3":9.08},"geometry":{"type":"Polygon","coordinates":[[[-0.1827,44.5911],[-0.2212,44.6001],[-0.2239,44.6022],[-0.2126,44.6093],[-0.193,44.6151],[-0.1881,44.6181],[-0.1821,44.625],[-0.1667,44.623],[-0.1599,44.6057],[-0.1725,44.6001],[-0.1827,44.5911]]]}},{"type":"Feature","properties":{"code":"33375","nom":"Saint-Aubin-de-Branne","app":9.3,"app_bas":7.32,"app_haut":11.81,"app_ech":"maille","app_obs":0,"mai":8.96,"mai_bas":7.11,"mai_haut":11.3,"mai_ech":"maille","mai_obs":10,"a12":14.07,"a3":10.49},"geometry":{"type":"Polygon","coordinates":[[[-0.168,44.8245],[-0.1636,44.8169],[-0.1474,44.8208],[-0.1451,44.8193],[-0.1544,44.8033],[-0.1677,44.8036],[-0.1826,44.7985],[-0.1912,44.8026],[-0.1811,44.8119],[-0.1794,44.8205],[-0.168,44.8245]]]}},{"type":"Feature","properties":{"code":"33424","nom":"Saint-Laurent-Médoc","app":12.35,"app_bas":9.75,"app_haut":15.63,"app_ech":"commune","app_obs":174,"mai":10.3,"mai_bas":8.01,"mai_haut":13.23,"mai_ech":"commune","mai_obs":184,"a12":13.8,"a3":10.93},"geometry":{"type":"Polygon","coordinates":[[[-0.9518,45.1355],[-0.9433,45.1528],[-0.9441,45.1629],[-0.9372,45.1799],[-0.9286,45.19],[-0.9204,45.2047],[-0.8956,45.2084],[-0.8783,45.205],[-0.8709,45.1909],[-0.859,45.1873],[-0.8479,45.1861],[-0.8399,45.1761],[-0.8177,45.1759],[-0.804,45.1719],[-0.7902,45.1748],[-0.7866,45.1683],[-0.7809,45.1665],[-0.7856,45.1588],[-0.7796,45.1527],[-0.7746,45.1419],[-0.7598,45.1416],[-0.7604,45.1364],[-0.7632,45.1297],[-0.764,45.1117],[-0.7972,45.1112],[-0.8025,45.1018],[-0.8242,45.1],[-0.8247,45.0854],[-0.8206,45.0764],[-0.8404,45.0765],[-0.8606,45.0718],[-0.8738,45.0831],[-0.8865,45.0874],[-0.8983,45.0974],[-0.9277,45.1133],[-0.938,45.1256],[-0.9518,45.1355]]]}},{"type":"Feature","properties":{"code":"33451","nom":"Saint-Michel-de-Fronsac","app":11.3,"app_bas":9.15,"app_haut":13.95,"app_ech":"maille","app_obs":14,"mai":10.65,"mai_bas":8.59,"mai_haut":13.2,"mai_ech":"maille","mai_obs":16,"a12":13.26,"a3":10.05},"geometry":{"type":"Polygon","coordinates":[[[-0.3174,44.9149],[-0.3177,44.9269],[-0.3097,44.9307],[-0.305,44.9386],[-0.2884,44.9394],[-0.2862,44.9473],[-0.284,44.9402],[-0.2865,44.9316],[-0.3048,44.9164],[-0.3055,44.9073],[-0.3109,44.9009],[-0.3174,44.9149]]]}},{"type":"Feature","properties":{"code":"33474","nom":"Saint-Selve","app":13.51,"app_bas":10.62,"app_haut":17.2,"app_ech":"maille","app_obs":19,"mai":11.38,"mai_bas":8.7,"mai_haut":14.89,"mai_ech":"commune","mai_obs":122,"a12":16.34,"a3":12.39},"geometry":{"type":"Polygon","coordinates":[[[-0.4571,44.6686],[-0.4416,44.6548],[-0.4498,44.6398],[-0.4582,44.6303],[-0.4769,44.6266],[-0.4886,44.627],[-0.4839,44.6449],[-0.4894,44.6512],[-0.5036,44.6621],[-0.4938,44.6689],[-0.4904,44.677],[-0.4911,44.686],[-0.481,44.6887],[-0.4746,44.6867],[-0.4795,44.6794],[-0.4571,44.6686]]]}},{"type":"Feature","properties":{"code":"33077","nom":"Cabanac-et-Villagrains","app":13.51,"app_bas":10.62,"app_haut":17.2,"app_ech":"maille","app_obs":15,"mai":10.79,"mai_bas":8.53,"mai_haut":13.64,"mai_ech":"maille","mai_obs":92,"a12":16.34,"a3":12.39},"geometry":{"type":"Polygon","coordinates":[[[-0.609,44.6036],[-0.5646,44.6279],[-0.5626,44.6302],[-0.546,44.6312],[-0.5299,44.6304],[-0.5156,44.6272],[-0.4888,44.6124],[-0.4667,44.6058],[-0.4826,44.5899],[-0.4879,44.5753],[-0.4952,44.5747],[-0.5081,44.5699],[-0.5338,44.5694],[-0.5462,44.5716],[-0.5501,44.5597],[-0.5665,44.5461],[-0.5866,44.5486],[-0.6017,44.5529],[-0.6065,44.5608],[-0.6159,44.582],[-0.609,44.6036]]]}},{"type":"Feature","properties":{"code":"33100","nom":"Cars","app":14.09,"app_bas":11.33,"app_haut":17.51,"app_ech":"maille","app_obs":24,"mai":8.11,"mai_bas":6.15,"mai_haut":10.68,"mai_ech":"maille","mai_obs":53,"a12":13.92,"a3":9.73},"geometry":{"type":"Polygon","coordinates":[[[-0.6178,45.1117],[-0.6214,45.1145],[-0.6414,45.1143],[-0.643,45.127],[-0.6368,45.1385],[-0.6235,45.143],[-0.6152,45.1415],[-0.5881,45.1408],[-0.5957,45.1219],[-0.603,45.1153],[-0.6149,45.116],[-0.6178,45.1117]]]}},{"type":"Feature","properties":{"code":"33162","nom":"Eysines","app":14.28,"app_bas":12.24,"app_haut":16.67,"app_ech":"commune","app_obs":2440,"mai":13.78,"mai_bas":10.12,"mai_haut":18.78,"mai_ech":"commune","mai_obs":619,"a12":16.51,"a3":13.14},"geometry":{"type":"Polygon","coordinates":[[[-0.6311,44.8717],[-0.6331,44.8619],[-0.6383,44.8607],[-0.6532,44.8627],[-0.6603,44.8572],[-0.6666,44.8581],[-0.6639,44.8668],[-0.6698,44.8816],[-0.6692,44.8955],[-0.6604,44.8964],[-0.6421,44.895],[-0.6299,44.8982],[-0.6276,44.885],[-0.6224,44.8768],[-0.6311,44.8717]]]}},{"type":"Feature","properties":{"code":"33272","nom":"Marsas","app":12.34,"app_bas":10.39,"app_haut":14.67,"app_ech":"maille","app_obs":7,"mai":9.97,"mai_bas":7.89,"mai_haut":12.6,"mai_ech":"maille","mai_obs":38,"a12":13.92,"a3":10.05},"geometry":{"type":"Polygon","coordinates":[[[-0.4005,45.0598],[-0.389,45.0774],[-0.3734,45.0745],[-0.3595,45.0782],[-0.3542,45.0817],[-0.3652,45.0541],[-0.3624,45.0474],[-0.378,45.0433],[-0.3847,45.0524],[-0.4005,45.0598]]]}},{"type":"Feature","properties":{"code":"33330","nom":"Pompignac","app":13.09,"app_bas":11.06,"app_haut":15.49,"app_ech":"commune","app_obs":130,"mai":11.22,"mai_bas":8.56,"mai_haut":14.71,"mai_ech":"commune","mai_obs":124,"a12":14.55,"a3":11.89},"geometry":{"type":"Polygon","coordinates":[[[-0.4106,44.8724],[-0.4133,44.8631],[-0.4098,44.8517],[-0.4195,44.8402],[-0.4232,44.8319],[-0.436,44.8354],[-0.4475,44.8349],[-0.4476,44.8427],[-0.4562,44.8559],[-0.4595,44.8645],[-0.4263,44.8712],[-0.4106,44.8724]]]}},{"type":"Feature","properties":{"code":"33353","nom":"Rimons","app":10.22,"app_bas":8.27,"app_haut":12.62,"app_ech":"maille","app_obs":0,"mai":8.74,"mai_bas":6.96,"mai_haut":10.99,"mai_ech":"maille","mai_obs":6,"a12":12.93,"a3":9.76},"geometry":{"type":"Polygon","coordinates":[[[-0.0106,44.6565],[-0.004,44.667],[-0.016,44.6658],[-0.0152,44.6748],[-0.0118,44.6787],[-0.0102,44.6788],[0.0015,44.6894],[0.0108,44.6933],[0.0238,44.696],[0.0344,44.6904],[0.0435,44.6738],[0.0401,44.6652],[0.0261,44.6569],[0.0238,44.6615],[0.0077,44.6619],[-0.0011,44.6515],[-0.0106,44.6565]]]}},{"type":"Feature","properties":{"code":"33076","nom":"Budos","app":11.41,"app_bas":8.63,"app_haut":15.09,"app_ech":"maille","app_obs":23,"mai":8.93,"mai_bas":7.03,"mai_haut":11.34,"mai_ech":"maille","mai_obs":40,"a12":13.09,"a3":9.79},"geometry":{"type":"Polygon","coordinates":[[[-0.4192,44.5161],[-0.4471,44.5204],[-0.4509,44.5235],[-0.4307,44.5356],[-0.418,44.5486],[-0.4066,44.5543],[-0.3948,44.556],[-0.3725,44.5557],[-0.3607,44.5476],[-0.3614,44.5403],[-0.3744,44.5244],[-0.3835,44.5168],[-0.4192,44.5161]]]}},{"type":"Feature","properties":{"code":"33098","nom":"Cardan","app":12.99,"app_bas":10.68,"app_haut":15.8,"app_ech":"maille","app_obs":0,"mai":10.47,"mai_bas":8.24,"mai_haut":13.31,"mai_ech":"maille","mai_obs":21,"a12":13.85,"a3":9.79},"geometry":{"type":"Polygon","coordinates":[[[-0.3435,44.6832],[-0.3291,44.6862],[-0.3244,44.6905],[-0.3165,44.6933],[-0.3067,44.685],[-0.3018,44.6768],[-0.3344,44.6737],[-0.3435,44.6832]]]}},{"type":"Feature","properties":{"code":"33151","nom":"Donnezac","app":10.87,"app_bas":8.66,"app_haut":13.64,"app_ech":"maille","app_obs":0,"mai":9.13,"mai_bas":7.24,"mai_haut":11.5,"mai_ech":"maille","mai_obs":15,"a12":12.39,"a3":8.94},"geometry":{"type":"Polygon","coordinates":[[[-0.4878,45.2537],[-0.4727,45.2558],[-0.4523,45.2611],[-0.445,45.2662],[-0.4335,45.2806],[-0.4242,45.2771],[-0.4154,45.2693],[-0.4238,45.2478],[-0.4074,45.2471],[-0.4051,45.2398],[-0.4132,45.2232],[-0.4174,45.2039],[-0.4256,45.2005],[-0.4458,45.1996],[-0.4648,45.2019],[-0.476,45.2004],[-0.4808,45.208],[-0.4777,45.2109],[-0.4788,45.2214],[-0.4774,45.244],[-0.4811,45.2512],[-0.4878,45.2537]]]}},{"type":"Feature","properties":{"code":"33240","nom":"Lesparre-Médoc","app":10.81,"app_bas":8.45,"app_haut":13.83,"app_ech":"commune","app_obs":546,"mai":9.4,"mai_bas":7.54,"mai_haut":11.73,"mai_ech":"commune","mai_obs":258,"a12":12.6,"a3":9.68},"geometry":{"type":"Polygon","coordinates":[[[-0.9452,45.3348],[-0.936,45.3361],[-0.926,45.3264],[-0.9216,45.3135],[-0.917,45.3072],[-0.909,45.3039],[-0.8927,45.3084],[-0.8847,45.3079],[-0.8763,45.2992],[-0.8855,45.2955],[-0.904,45.2813],[-0.9123,45.2774],[-0.9274,45.2582],[-0.9459,45.2388],[-0.9482,45.2273],[-0.9598,45.2193],[-0.9656,45.2238],[-0.9625,45.25],[-0.9672,45.2523],[-0.9708,45.2693],[-0.9668,45.2765],[-0.9508,45.2922],[-0.9458,45.3018],[-0.9441,45.3131],[-0.9504,45.3277],[-0.9452,45.3348]]]}},{"type":"Feature","properties":{"code":"33311","nom":"Paillet","app":12.99,"app_bas":10.68,"app_haut":15.8,"app_ech":"maille","app_obs":85,"mai":10.47,"mai_bas":8.24,"mai_haut":13.31,"mai_ech":"maille","mai_obs":80,"a12":14.64,"a3":9.79},"geometry":{"type":"Polygon","coordinates":[[[-0.3474,44.6841],[-0.3492,44.6808],[-0.364,44.6762],[-0.3711,44.6785],[-0.3746,44.6849],[-0.3626,44.6914],[-0.3588,44.6975],[-0.3569,44.6973],[-0.3551,44.6921],[-0.3474,44.6841]]]}},{"type":"Feature","properties":{"code":"33318","nom":"Pessac","app":15.27,"app_bas":12,"app_haut":19.43,"app_ech":"commune","app_obs":4961,"mai":14.31,"mai_bas":10.26,"mai_haut":19.95,"mai_ech":"commune","mai_obs":1383,"a12":17.6,"a3":13.01},"geometry":{"type":"Polygon","coordinates":[[[-0.645,44.7779],[-0.6789,44.777],[-0.6887,44.7824],[-0.7139,44.772],[-0.7296,44.7613],[-0.7502,44.7495],[-0.7586,44.7553],[-0.7341,44.7755],[-0.7394,44.7831],[-0.7293,44.8016],[-0.7129,44.7998],[-0.7013,44.8026],[-0.6791,44.8128],[-0.6265,44.8146],[-0.6106,44.8225],[-0.6031,44.8185],[-0.606,44.8001],[-0.6053,44.793],[-0.6137,44.7933],[-0.6281,44.7851],[-0.645,44.7779]]]}},{"type":"Feature","properties":{"code":"33335","nom":"Pout","app":12.35,"app_bas":10.24,"app_haut":14.89,"app_ech":"maille","app_obs":1,"mai":11.26,"mai_bas":8.74,"mai_haut":14.51,"mai_ech":"maille","mai_obs":9,"a12":14.55,"a3":11.17},"geometry":{"type":"Polygon","coordinates":[[[-0.3557,44.7904],[-0.3672,44.7937],[-0.368,44.8109],[-0.3521,44.8186],[-0.3452,44.8043],[-0.3557,44.7904]]]}},{"type":"Feature","properties":{"code":"33434","nom":"Saint-Louis-de-Montferrand","app":12.79,"app_bas":11.13,"app_haut":14.7,"app_ech":"maille","app_obs":85,"mai":12.03,"mai_bas":9.59,"mai_haut":15.09,"mai_ech":"maille","mai_obs":52,"a12":13.33,"a3":9.73},"geometry":{"type":"Polygon","coordinates":[[[-0.5405,44.9741],[-0.5427,44.9844],[-0.5186,44.9903],[-0.5174,44.9882],[-0.5187,44.9843],[-0.5181,44.9591],[-0.5271,44.9461],[-0.5361,44.9258],[-0.5498,44.9235],[-0.5491,44.9388],[-0.5401,44.9616],[-0.5405,44.9741]]]}},{"type":"Feature","properties":{"code":"33131","nom":"Coirac","app":10.22,"app_bas":8.27,"app_haut":12.62,"app_ech":"maille","app_obs":0,"mai":9.61,"mai_bas":7.33,"mai_haut":12.6,"mai_ech":"maille","mai_obs":0,"a12":12.66,"a3":8.01},"geometry":{"type":"Polygon","coordinates":[[[-0.1886,44.693],[-0.1783,44.6926],[-0.1707,44.6977],[-0.1587,44.7002],[-0.1566,44.6995],[-0.1547,44.6841],[-0.1645,44.6826],[-0.1648,44.6707],[-0.1704,44.6699],[-0.1699,44.6725],[-0.1924,44.6837],[-0.1886,44.693]]]}},{"type":"Feature","properties":{"code":"33134","nom":"Couquèques","app":11.34,"app_bas":9.07,"app_haut":14.18,"app_ech":"maille","app_obs":15,"mai":8.93,"mai_bas":7.16,"mai_haut":11.14,"mai_ech":"maille","mai_obs":9,"a12":12.29,"a3":9.28},"geometry":{"type":"Polygon","coordinates":[[[-0.847,45.3313],[-0.8629,45.3376],[-0.8662,45.3473],[-0.8596,45.3608],[-0.8441,45.3534],[-0.8384,45.3474],[-0.826,45.3446],[-0.8227,45.3401],[-0.8321,45.3333],[-0.847,45.3313]]]}},{"type":"Feature","properties":{"code":"33143","nom":"Cubzac-les-Ponts","app":12.34,"app_bas":10.39,"app_haut":14.67,"app_ech":"maille","app_obs":52,"mai":11.27,"mai_bas":8.85,"mai_haut":14.37,"mai_ech":"commune","mai_obs":108,"a12":13.92,"a3":10.05},"geometry":{"type":"Polygon","coordinates":[[[-0.4727,44.9802],[-0.4418,44.9802],[-0.4215,44.976],[-0.4122,44.9702],[-0.4341,44.9599],[-0.4549,44.9534],[-0.4684,44.969],[-0.4727,44.9802]]]}},{"type":"Feature","properties":{"code":"33193","nom":"Grayan-et-l'Hôpital","app":11.34,"app_bas":9.07,"app_haut":14.18,"app_ech":"maille","app_obs":5,"mai":10.46,"mai_bas":8.13,"mai_haut":13.46,"mai_ech":"maille","mai_obs":43,"a12":13.92,"a3":9.28},"geometry":{"type":"Polygon","coordinates":[[[-1.0512,45.4569],[-1.0608,45.4392],[-1.058,45.4349],[-1.0682,45.4236],[-1.0622,45.4145],[-1.0744,45.4115],[-1.0899,45.3977],[-1.1018,45.4009],[-1.108,45.4103],[-1.1218,45.4112],[-1.1605,45.4056],[-1.1587,45.4194],[-1.1515,45.4395],[-1.1515,45.4519],[-1.1559,45.4676],[-1.1102,45.4636],[-1.0639,45.4575],[-1.0512,45.4569]]]}},{"type":"Feature","properties":{"code":"33087","nom":"Camiran","app":10.22,"app_bas":8.27,"app_haut":12.62,"app_ech":"maille","app_obs":12,"mai":7.88,"mai_bas":6.25,"mai_haut":9.92,"mai_ech":"maille","mai_obs":14,"a12":12.92,"a3":8.01},"geometry":{"type":"Polygon","coordinates":[[[-0.072,44.6495],[-0.0628,44.6503],[-0.0598,44.6438],[-0.0507,44.6379],[-0.0469,44.6319],[-0.0655,44.6241],[-0.074,44.6188],[-0.0837,44.6234],[-0.0808,44.629],[-0.0861,44.6378],[-0.0733,44.6436],[-0.072,44.6495]]]}},{"type":"Feature","properties":{"code":"33088","nom":"Camps-sur-l'Isle","app":10.84,"app_bas":8.66,"app_haut":13.57,"app_ech":"maille","app_obs":3,"mai":9,"mai_bas":7.1,"mai_haut":11.41,"mai_ech":"maille","mai_obs":21,"a12":11.43,"a3":9.29},"geometry":{"type":"Polygon","coordinates":[[[-0.0228,45.0078],[-0.0433,45.0056],[-0.0425,45.021],[-0.0436,45.0275],[-0.0307,45.0268],[-0.0281,45.0179],[-0.0228,45.0078]]]}},{"type":"Feature","properties":{"code":"33376","nom":"Saint-Aubin-de-Médoc","app":13.89,"app_bas":11.38,"app_haut":16.94,"app_ech":"maille","app_obs":83,"mai":15.89,"mai_bas":12.48,"mai_haut":20.23,"mai_ech":"commune","mai_obs":216,"a12":16.42,"a3":13.31},"geometry":{"type":"Polygon","coordinates":[[[-0.7141,44.9049],[-0.7273,44.9027],[-0.7401,44.9053],[-0.7653,44.9158],[-0.7984,44.9188],[-0.7947,44.9451],[-0.7864,44.9453],[-0.7545,44.9667],[-0.7256,44.9564],[-0.7049,44.9375],[-0.6971,44.9276],[-0.7103,44.9231],[-0.7141,44.9049]]]}},{"type":"Feature","properties":{"code":"33426","nom":"Saint-Laurent-des-Combes","app":11.33,"app_bas":8.79,"app_haut":14.59,"app_ech":"maille","app_obs":1,"mai":9.79,"mai_bas":7.84,"mai_haut":12.23,"mai_ech":"maille","mai_obs":3,"a12":14.07,"a3":10.49},"geometry":{"type":"Polygon","coordinates":[[[-0.1472,44.8579],[-0.1449,44.866],[-0.1431,44.8849],[-0.1398,44.8924],[-0.1362,44.8921],[-0.1281,44.8817],[-0.133,44.8736],[-0.1346,44.855],[-0.1472,44.8579]]]}},{"type":"Feature","properties":{"code":"33490","nom":"Saint-Vivien-de-Médoc","app":10.49,"app_bas":8.38,"app_haut":13.12,"app_ech":"commune","app_obs":123,"mai":10.46,"mai_bas":8.13,"mai_haut":13.46,"mai_ech":"maille","mai_obs":92,"a12":12.29,"a3":9.28},"geometry":{"type":"Polygon","coordinates":[[[-1.0092,45.4265],[-1.0185,45.4279],[-1.0198,45.4166],[-1.0395,45.4139],[-1.0622,45.4145],[-1.0682,45.4236],[-1.058,45.4349],[-1.0608,45.4392],[-1.0512,45.4569],[-1.0439,45.4588],[-1.0336,45.4705],[-0.9601,45.5228],[-0.9265,45.4961],[-0.9792,45.4584],[-1.0092,45.4265]]]}},{"type":"Feature","properties":{"code":"33526","nom":"Tayac","app":12.28,"app_bas":10.01,"app_haut":15.06,"app_ech":"maille","app_obs":0,"mai":9.44,"mai_bas":7.49,"mai_haut":11.9,"mai_ech":"maille","mai_obs":2,"a12":12.57,"a3":10.49},"geometry":{"type":"Polygon","coordinates":[[[-0.0428,44.9534],[-0.0455,44.9547],[-0.0488,44.9601],[-0.0367,44.9682],[-0.0165,44.9724],[-0.0043,44.9672],[-0.003,44.9617],[-0.0074,44.9511],[-0.0178,44.9476],[-0.0428,44.9534]]]}},{"type":"Feature","properties":{"code":"33107","nom":"Castillon-de-Castets","app":null,"app_bas":null,"app_haut":null,"app_ech":null,"app_obs":0,"mai":null,"mai_bas":null,"mai_haut":null,"mai_ech":null,"mai_obs":0,"a12":null,"a3":null},"geometry":{"type":"Polygon","coordinates":[[[-0.1182,44.5618],[-0.1064,44.5639],[-0.0961,44.5501],[-0.1053,44.5363],[-0.1189,44.5377],[-0.1171,44.5421],[-0.1224,44.5486],[-0.1182,44.5618]]]}},{"type":"Feature","properties":{"code":"33226","nom":"Langoiran","app":12.2,"app_bas":10.03,"app_haut":14.85,"app_ech":"commune","app_obs":188,"mai":10.47,"mai_bas":8.24,"mai_haut":13.31,"mai_ech":"maille","mai_obs":86,"a12":14.64,"a3":9.79},"geometry":{"type":"Polygon","coordinates":[[[-0.3588,44.6975],[-0.3716,44.7001],[-0.3884,44.6907],[-0.4038,44.6919],[-0.3955,44.7021],[-0.4042,44.706],[-0.3946,44.714],[-0.3852,44.7186],[-0.3519,44.7216],[-0.3443,44.716],[-0.3569,44.6973],[-0.3588,44.6975]]]}},{"type":"Feature","properties":{"code":"33228","nom":"Lansac","app":10.15,"app_bas":8.44,"app_haut":12.22,"app_ech":"maille","app_obs":0,"mai":9.31,"mai_bas":7.76,"mai_haut":11.18,"mai_ech":"maille","mai_obs":31,"a12":13.92,"a3":10.05},"geometry":{"type":"Polygon","coordinates":[[[-0.5598,45.0703],[-0.5397,45.0695],[-0.5325,45.0711],[-0.528,45.0801],[-0.5168,45.0701],[-0.5148,45.0596],[-0.5265,45.0555],[-0.5353,45.0498],[-0.5449,45.0565],[-0.5593,45.0615],[-0.5598,45.0703]]]}},{"type":"Feature","properties":{"code":"33440","nom":"Saint-Martial","app":11.67,"app_bas":9.36,"app_haut":14.54,"app_ech":"maille","app_obs":7,"mai":9.52,"mai_bas":7.51,"mai_haut":12.07,"mai_ech":"maille","mai_obs":5,"a12":12.66,"a3":9.79},"geometry":{"type":"Polygon","coordinates":[[[-0.1814,44.6427],[-0.1647,44.6484],[-0.151,44.6396],[-0.1544,44.633],[-0.1652,44.6284],[-0.1667,44.623],[-0.1821,44.625],[-0.1881,44.6181],[-0.1934,44.6212],[-0.2013,44.6196],[-0.2062,44.6248],[-0.1998,44.6309],[-0.1814,44.6427]]]}},{"type":"Feature","properties":{"code":"33514","nom":"Soulac-sur-Mer","app":11.34,"app_bas":9.07,"app_haut":14.18,"app_ech":"maille","app_obs":75,"mai":11.4,"mai_bas":8.86,"mai_haut":14.66,"mai_ech":"commune","mai_obs":107,"a12":12.29,"a3":9.28},"geometry":{"type":"Polygon","coordinates":[[[-1.1559,45.4676],[-1.1546,45.4802],[-1.1364,45.511],[-1.1171,45.5253],[-1.1076,45.5209],[-1.1054,45.5148],[-1.0918,45.5101],[-1.0686,45.515],[-0.9915,45.5476],[-0.9839,45.5416],[-1.0486,45.4995],[-1.0596,45.4902],[-1.0704,45.4838],[-1.0877,45.4899],[-1.0977,45.488],[-1.1044,45.475],[-1.1047,45.4673],[-1.1102,45.4636],[-1.1559,45.4676]]]}},{"type":"Feature","properties":{"code":"33051","nom":"Biganos","app":14.12,"app_bas":12.04,"app_haut":16.56,"app_ech":"commune","app_obs":604,"mai":13.03,"mai_bas":10.1,"mai_haut":16.8,"mai_ech":"commune","mai_obs":338,"a12":16.46,"a3":12.84},"geometry":{"type":"Polygon","coordinates":[[[-1.0179,44.668],[-0.9969,44.6687],[-0.9815,44.6739],[-0.9506,44.6867],[-0.9224,44.6928],[-0.9068,44.6996],[-0.8858,44.6824],[-0.8836,44.6694],[-0.8883,44.6559],[-0.9024,44.6494],[-0.9175,44.6484],[-0.9293,44.641],[-0.9462,44.6386],[-0.9792,44.6219],[-0.9878,44.6208],[-0.9951,44.6245],[-1.0007,44.6351],[-1.0047,44.6482],[-1.0053,44.6538],[-1.0186,44.6639],[-1.0179,44.668]]]}},{"type":"Feature","properties":{"code":"33393","nom":"Saint-Denis-de-Pile","app":11.74,"app_bas":9.5,"app_haut":14.51,"app_ech":"commune","app_obs":121,"mai":10.41,"mai_bas":8.25,"mai_haut":13.13,"mai_ech":"commune","mai_obs":236,"a12":13.26,"a3":9.26},"geometry":{"type":"Polygon","coordinates":[[[-0.2305,44.9721],[-0.2363,44.9778],[-0.2302,44.9884],[-0.2251,44.9891],[-0.2177,44.9932],[-0.2092,44.9911],[-0.2039,44.9999],[-0.2108,45.0106],[-0.1954,45.0129],[-0.1747,45.0125],[-0.1686,45.0075],[-0.1468,45.0033],[-0.128,44.9944],[-0.1755,44.9628],[-0.1934,44.9679],[-0.2214,44.9673],[-0.2305,44.9721]]]}},{"type":"Feature","properties":{"code":"33427","nom":"Saint-Laurent-du-Bois","app":11.67,"app_bas":9.36,"app_haut":14.54,"app_ech":"maille","app_obs":1,"mai":9.61,"mai_bas":7.33,"mai_haut":12.6,"mai_ech":"maille","mai_obs":8,"a12":12.66,"a3":9.08},"geometry":{"type":"Polygon","coordinates":[[[-0.1352,44.6551],[-0.1254,44.6526],[-0.119,44.6433],[-0.1201,44.6335],[-0.1315,44.6242],[-0.1427,44.6273],[-0.1544,44.633],[-0.151,44.6396],[-0.1647,44.6484],[-0.1624,44.6498],[-0.1419,44.6507],[-0.1352,44.6551]]]}},{"type":"Feature","properties":{"code":"33437","nom":"Saint-Magne-de-Castillon","app":9.3,"app_bas":7.32,"app_haut":11.81,"app_ech":"maille","app_obs":0,"mai":10.27,"mai_bas":7.87,"mai_haut":13.4,"mai_ech":"maille","mai_obs":4,"a12":13.53,"a3":9.26},"geometry":{"type":"Polygon","coordinates":[[[-0.1004,44.8513],[-0.0963,44.857],[-0.0979,44.8663],[-0.0911,44.8732],[-0.0834,44.8748],[-0.069,44.8714],[-0.0487,44.871],[-0.041,44.8658],[-0.0507,44.8579],[-0.05,44.848],[-0.0681,44.8382],[-0.0829,44.8336],[-0.0871,44.84],[-0.1004,44.8513]]]}},{"type":"Feature","properties":{"code":"33037","nom":"Beautiran","app":13.51,"app_bas":10.62,"app_haut":17.2,"app_ech":"maille","app_obs":37,"mai":11.26,"mai_bas":8.74,"mai_haut":14.51,"mai_ech":"maille","mai_obs":68,"a12":14.64,"a3":13.1},"geometry":{"type":"Polygon","coordinates":[[[-0.4484,44.722],[-0.4368,44.7042],[-0.4455,44.6994],[-0.4588,44.6951],[-0.4746,44.6867],[-0.481,44.6887],[-0.48,44.6968],[-0.4645,44.7093],[-0.4632,44.7177],[-0.4484,44.722]]]}},{"type":"Feature","properties":{"code":"33103","nom":"Castelmoron-d'Albret","app":9.3,"app_bas":7.32,"app_haut":11.81,"app_ech":"maille","app_obs":0,"mai":7.88,"mai_bas":6.25,"mai_haut":9.92,"mai_ech":"maille","mai_obs":9,"a12":12.57,"a3":9.76},"geometry":{"type":"Polygon","coordinates":[[[-0.0118,44.6787],[-0.0125,44.6809],[-0.0102,44.6788],[-0.0118,44.6787]]]}},{"type":"Feature","properties":{"code":"33170","nom":"Fontet","app":10.16,"app_bas":8.1,"app_haut":12.76,"app_ech":"maille","app_obs":7,"mai":8.93,"mai_bas":6.91,"mai_haut":11.54,"mai_ech":"maille","mai_obs":30,"a12":12.92,"a3":8.49},"geometry":{"type":"Polygon","coordinates":[[[-0.0267,44.5308],[-0.0374,44.5274],[-0.0344,44.5537],[-0.0419,44.5585],[-0.0424,44.5656],[-0.0387,44.5752],[-0.0242,44.5763],[-0.0168,44.5665],[-0.0112,44.5545],[-0.0252,44.5383],[-0.0267,44.5308]]]}},{"type":"Feature","properties":{"code":"33386","nom":"Saint-Cibard","app":11.3,"app_bas":9.15,"app_haut":13.95,"app_ech":"maille","app_obs":3,"mai":10.27,"mai_bas":7.87,"mai_haut":13.4,"mai_ech":"maille","mai_obs":5,"a12":13.53,"a3":9.26},"geometry":{"type":"Polygon","coordinates":[[[-0.0428,44.9534],[-0.0178,44.9476],[-0.0112,44.9432],[-0.0178,44.9325],[-0.0099,44.9282],[-0.0293,44.9254],[-0.0297,44.9461],[-0.0428,44.9534]]]}},{"type":"Feature","properties":{"code":"33542","nom":"Vérac","app":11.3,"app_bas":9.53,"app_haut":13.39,"app_ech":"maille","app_obs":3,"mai":9.79,"mai_bas":7.78,"mai_haut":12.31,"mai_ech":"maille","mai_obs":15,"a12":13.26,"a3":11.11},"geometry":{"type":"Polygon","coordinates":[[[-0.3618,44.9963],[-0.3575,45.0008],[-0.3516,44.9979],[-0.3379,45.0057],[-0.3189,45.0098],[-0.3084,45.0017],[-0.3112,44.9963],[-0.3264,44.9844],[-0.3434,44.9781],[-0.3555,44.9827],[-0.3618,44.9963]]]}},{"type":"Feature","properties":{"code":"33229","nom":"Lanton","app":14.13,"app_bas":11.97,"app_haut":16.67,"app_ech":"commune","app_obs":269,"mai":13.64,"mai_bas":9.91,"mai_haut":18.76,"mai_ech":"commune","mai_obs":248,"a12":15.34,"a3":12.98},"geometry":{"type":"Polygon","coordinates":[[[-1.0409,44.7828],[-1.0262,44.7971],[-1.0067,44.8298],[-0.9622,44.8302],[-0.9442,44.8336],[-0.9266,44.8407],[-0.8847,44.8497],[-0.9049,44.8078],[-0.8814,44.76],[-0.9432,44.7445],[-0.9771,44.734],[-0.99,44.7274],[-1.0065,44.7163],[-1.013,44.7076],[-1.0301,44.6967],[-1.0369,44.6941],[-1.0503,44.7024],[-1.0782,44.7222],[-1.06,44.7452],[-1.0526,44.7585],[-1.0477,44.7749],[-1.0409,44.7828]]]}},{"type":"Feature","properties":{"code":"33415","nom":"Saint-Gervais","app":11.3,"app_bas":9.53,"app_haut":13.39,"app_ech":"maille","app_obs":41,"mai":9.97,"mai_bas":7.89,"mai_haut":12.6,"mai_ech":"maille","mai_obs":82,"a12":13.26,"a3":11.11},"geometry":{"type":"Polygon","coordinates":[[[-0.4734,45.0271],[-0.4693,45.0285],[-0.4529,45.0266],[-0.4442,45.0185],[-0.4475,45.0123],[-0.4788,45.0083],[-0.4832,45.0026],[-0.4909,45.0045],[-0.4896,45.0088],[-0.4771,45.0202],[-0.4734,45.0271]]]}},{"type":"Feature","properties":{"code":"33011","nom":"Arès","app":15.21,"app_bas":11.48,"app_haut":20.15,"app_ech":"commune","app_obs":236,"mai":14.7,"mai_bas":10.63,"mai_haut":20.33,"mai_ech":"commune","mai_obs":219,"a12":18.27,"a3":11.36},"geometry":{"type":"Polygon","coordinates":[[[-1.0409,44.7828],[-1.0832,44.7741],[-1.0957,44.7697],[-1.1254,44.751],[-1.146,44.7614],[-1.1619,44.7749],[-1.1481,44.7787],[-1.1385,44.7907],[-1.0505,44.8232],[-1.0406,44.8484],[-1.0067,44.8298],[-1.0262,44.7971],[-1.0409,44.7828]]]}},{"type":"Feature","properties":{"code":"33017","nom":"Aubiac","app":10.27,"app_bas":8.32,"app_haut":12.67,"app_ech":"maille","app_obs":0,"mai":9.64,"mai_bas":7.54,"mai_haut":12.33,"mai_ech":"maille","mai_obs":3,"a12":13.09,"a3":9.08},"geometry":{"type":"Polygon","coordinates":[[[-0.2275,44.4721],[-0.2337,44.458],[-0.2378,44.4545],[-0.251,44.4572],[-0.2535,44.4616],[-0.2543,44.474],[-0.2602,44.487],[-0.2478,44.488],[-0.2394,44.4782],[-0.2275,44.4721]]]}},{"type":"Feature","properties":{"code":"33379","nom":"Saint-Brice","app":11.67,"app_bas":9.36,"app_haut":14.54,"app_ech":"maille","app_obs":3,"mai":8.74,"mai_bas":6.96,"mai_haut":10.99,"mai_ech":"maille","mai_obs":8,"a12":12.66,"a3":9.76},"geometry":{"type":"Polygon","coordinates":[[[-0.1566,44.6995],[-0.1499,44.7086],[-0.1441,44.7049],[-0.1223,44.698],[-0.1189,44.693],[-0.1381,44.6804],[-0.1454,44.6802],[-0.1547,44.6841],[-0.1566,44.6995]]]}},{"type":"Feature","properties":{"code":"33165","nom":"Fargues-Saint-Hilaire","app":13.3,"app_bas":11.02,"app_haut":16.06,"app_ech":"commune","app_obs":334,"mai":11.29,"mai_bas":8.61,"mai_haut":14.8,"mai_ech":"commune","mai_obs":188,"a12":15.37,"a3":11.17},"geometry":{"type":"Polygon","coordinates":[[[-0.4529,44.8257],[-0.4475,44.8349],[-0.436,44.8354],[-0.4264,44.8325],[-0.4247,44.8163],[-0.4214,44.8112],[-0.454,44.8016],[-0.459,44.8074],[-0.451,44.8208],[-0.4529,44.8257]]]}},{"type":"Feature","properties":{"code":"33223","nom":"Landerrouat","app":10.86,"app_bas":8.21,"app_haut":14.35,"app_ech":"maille","app_obs":2,"mai":7.74,"mai_bas":5.87,"mai_haut":10.2,"mai_ech":"maille","mai_obs":12,"a12":12.93,"a3":8.01},"geometry":{"type":"Polygon","coordinates":[[[0.1459,44.7526],[0.159,44.7518],[0.1693,44.7532],[0.1804,44.7455],[0.1761,44.7374],[0.153,44.7305],[0.1412,44.7375],[0.1464,44.739],[0.1459,44.7526]]]}},{"type":"Feature","properties":{"code":"33299","nom":"Mourens","app":11.67,"app_bas":9.36,"app_haut":14.54,"app_ech":"maille","app_obs":2,"mai":9.61,"mai_bas":7.33,"mai_haut":12.6,"mai_ech":"maille","mai_obs":7,"a12":12.66,"a3":9.79},"geometry":{"type":"Polygon","coordinates":[[[-0.2366,44.6415],[-0.24,44.6515],[-0.2443,44.6536],[-0.2414,44.6616],[-0.2362,44.6605],[-0.2267,44.6533],[-0.2163,44.6583],[-0.2028,44.6595],[-0.1822,44.6489],[-0.1814,44.6427],[-0.1998,44.6309],[-0.2062,44.6248],[-0.2124,44.6265],[-0.2206,44.6366],[-0.2304,44.6429],[-0.2366,44.6415]]]}},{"type":"Feature","properties":{"code":"33348","nom":"Queyrac","app":11.34,"app_bas":9.07,"app_haut":14.18,"app_ech":"maille","app_obs":25,"mai":10.46,"mai_bas":8.13,"mai_haut":13.46,"mai_ech":"maille","mai_obs":77,"a12":12.29,"a3":9.28},"geometry":{"type":"Polygon","coordinates":[[[-1.0312,45.3227],[-1.0395,45.3415],[-1.0408,45.349],[-1.0343,45.3686],[-1.0276,45.3796],[-1.0088,45.3912],[-0.9958,45.3896],[-0.9735,45.3843],[-0.9495,45.3711],[-0.9597,45.3547],[-0.9671,45.3493],[-0.9788,45.3504],[-0.9954,45.342],[-1.01,45.3367],[-1.0214,45.3277],[-1.0312,45.3227]]]}},{"type":"Feature","properties":{"code":"33383","nom":"Saint-Christoly-Médoc","app":10.01,"app_bas":7.82,"app_haut":12.81,"app_ech":"maille","app_obs":8,"mai":8.93,"mai_bas":7.16,"mai_haut":11.14,"mai_ech":"maille","mai_obs":25,"a12":12.29,"a3":9.28},"geometry":{"type":"Polygon","coordinates":[[[-0.8227,45.3401],[-0.826,45.3446],[-0.8384,45.3474],[-0.8441,45.3534],[-0.8596,45.3608],[-0.8512,45.3721],[-0.8011,45.3956],[-0.774,45.3692],[-0.7677,45.3549],[-0.809,45.3494],[-0.8142,45.3427],[-0.8227,45.3401]]]}},{"type":"Feature","properties":{"code":"33412","nom":"Saint-Germain-d'Esteuil","app":10.01,"app_bas":7.82,"app_haut":12.81,"app_ech":"maille","app_obs":14,"mai":10.05,"mai_bas":7.82,"mai_haut":12.91,"mai_ech":"maille","mai_obs":36,"a12":13.92,"a3":9.28},"geometry":{"type":"Polygon","coordinates":[[[-0.8891,45.2066],[-0.8956,45.2084],[-0.9204,45.2047],[-0.9482,45.2273],[-0.9459,45.2388],[-0.9274,45.2582],[-0.9123,45.2774],[-0.904,45.2813],[-0.8855,45.2955],[-0.8763,45.2992],[-0.8685,45.2959],[-0.8441,45.2993],[-0.8335,45.2963],[-0.8382,45.291],[-0.836,45.2853],[-0.8277,45.2795],[-0.8324,45.2744],[-0.8483,45.2728],[-0.8592,45.2694],[-0.8691,45.2637],[-0.8931,45.2466],[-0.8854,45.2358],[-0.8884,45.2306],[-0.8861,45.223],[-0.8891,45.2066]]]}},{"type":"Feature","properties":{"code":"33429","nom":"Saint-Léger-de-Balson","app":11.41,"app_bas":8.63,"app_haut":15.09,"app_ech":"maille","app_obs":0,"mai":8.82,"mai_bas":6.83,"mai_haut":11.38,"mai_ech":"maille","mai_obs":3,"a12":10.36,"a3":9.21},"geometry":{"type":"Polygon","coordinates":[[[-0.4782,44.4575],[-0.4643,44.4547],[-0.4455,44.4583],[-0.4366,44.466],[-0.4321,44.4658],[-0.4193,44.4555],[-0.409,44.4537],[-0.4007,44.4456],[-0.4089,44.4386],[-0.4078,44.435],[-0.3975,44.432],[-0.4025,44.4177],[-0.4118,44.4111],[-0.4192,44.4007],[-0.4327,44.3954],[-0.4587,44.3948],[-0.4593,44.4005],[-0.4699,44.4026],[-0.477,44.4152],[-0.4748,44.4192],[-0.4775,44.4276],[-0.4698,44.4319],[-0.4726,44.4378],[-0.483,44.4356],[-0.4837,44.4455],[-0.4782,44.4575]]]}},{"type":"Feature","properties":{"code":"33464","nom":"Saint-Pierre-de-Bat","app":11.67,"app_bas":9.36,"app_haut":14.54,"app_ech":"maille","app_obs":1,"mai":9.61,"mai_bas":7.33,"mai_haut":12.6,"mai_ech":"maille","mai_obs":4,"a12":12.66,"a3":9.08},"geometry":{"type":"Polygon","coordinates":[[[-0.2414,44.6616],[-0.2414,44.6719],[-0.2345,44.6813],[-0.2228,44.6827],[-0.1982,44.683],[-0.1977,44.676],[-0.2031,44.6677],[-0.2028,44.6595],[-0.2163,44.6583],[-0.2267,44.6533],[-0.2362,44.6605],[-0.2414,44.6616]]]}},{"type":"Feature","properties":{"code":"33531","nom":"Tizac-de-Curton","app":11.33,"app_bas":8.79,"app_haut":14.59,"app_ech":"maille","app_obs":6,"mai":9.79,"mai_bas":7.84,"mai_haut":12.23,"mai_ech":"maille","mai_obs":4,"a12":14.07,"a3":10.49},"geometry":{"type":"Polygon","coordinates":[[[-0.252,44.8169],[-0.2586,44.8208],[-0.2532,44.8318],[-0.2473,44.8379],[-0.2268,44.8286],[-0.2309,44.8195],[-0.2404,44.8123],[-0.252,44.8169]]]}},{"type":"Feature","properties":{"code":"33167","nom":"Floirac","app":14.21,"app_bas":11.72,"app_haut":17.23,"app_ech":"commune","app_obs":1587,"mai":12.98,"mai_bas":9.2,"mai_haut":18.31,"mai_ech":"commune","mai_obs":306,"a12":16.3,"a3":12.57},"geometry":{"type":"Polygon","coordinates":[[[-0.5323,44.8162],[-0.5377,44.8228],[-0.5376,44.8299],[-0.5481,44.836],[-0.5422,44.8424],[-0.5032,44.848],[-0.4962,44.8415],[-0.5019,44.8299],[-0.5136,44.8214],[-0.5323,44.8162]]]}},{"type":"Feature","properties":{"code":"33222","nom":"Lalande-de-Pomerol","app":11.33,"app_bas":8.79,"app_haut":14.59,"app_ech":"maille","app_obs":2,"mai":9.48,"mai_bas":7.51,"mai_haut":11.96,"mai_ech":"maille","mai_obs":24,"a12":13.26,"a3":10.49},"geometry":{"type":"Polygon","coordinates":[[[-0.2186,44.9464],[-0.2315,44.9481],[-0.2277,44.9605],[-0.2214,44.9673],[-0.1934,44.9679],[-0.1755,44.9628],[-0.2076,44.9412],[-0.2186,44.9464]]]}},{"type":"Feature","properties":{"code":"33309","nom":"Ordonnac","app":10.01,"app_bas":7.82,"app_haut":12.81,"app_ech":"maille","app_obs":1,"mai":8.93,"mai_bas":7.16,"mai_haut":11.14,"mai_ech":"maille","mai_obs":27,"a12":12.29,"a3":9.28},"geometry":{"type":"Polygon","coordinates":[[[-0.8763,45.2992],[-0.8847,45.3079],[-0.8673,45.3139],[-0.8607,45.3111],[-0.8515,45.3135],[-0.8403,45.3221],[-0.8315,45.3177],[-0.8086,45.3122],[-0.7917,45.3094],[-0.8192,45.3056],[-0.8335,45.2963],[-0.8441,45.2993],[-0.8685,45.2959],[-0.8763,45.2992]]]}},{"type":"Feature","properties":{"code":"33316","nom":"Pellegrue","app":10.86,"app_bas":8.21,"app_haut":14.35,"app_ech":"maille","app_obs":22,"mai":7.74,"mai_bas":5.87,"mai_haut":10.2,"mai_ech":"maille","mai_obs":38,"a12":12.93,"a3":8.01},"geometry":{"type":"Polygon","coordinates":[[[0.0646,44.7701],[0.0824,44.7627],[0.0971,44.75],[0.1056,44.7519],[0.1069,44.7458],[0.1178,44.7512],[0.1216,44.7622],[0.1293,44.7658],[0.1306,44.7617],[0.1459,44.7526],[0.1464,44.739],[0.1412,44.7375],[0.1381,44.7329],[0.1394,44.7232],[0.136,44.7111],[0.1308,44.7056],[0.1178,44.7128],[0.1094,44.7106],[0.1003,44.701],[0.095,44.7006],[0.0819,44.7115],[0.0791,44.716],[0.0686,44.7208],[0.0546,44.7243],[0.0592,44.7377],[0.0495,44.7545],[0.0512,44.7648],[0.024,44.7768],[0.0367,44.7799],[0.0515,44.7723],[0.0646,44.7701]]]}},{"type":"Feature","properties":{"code":"33363","nom":"Sadirac","app":12.54,"app_bas":10.41,"app_haut":15.11,"app_ech":"commune","app_obs":113,"mai":12.45,"mai_bas":9.66,"mai_haut":16.04,"mai_ech":"commune","mai_obs":172,"a12":14.55,"a3":11.17},"geometry":{"type":"Polygon","coordinates":[[[-0.3869,44.7643],[-0.4052,44.7638],[-0.4325,44.7714],[-0.4246,44.7774],[-0.4232,44.7863],[-0.4191,44.7907],[-0.4037,44.7958],[-0.4041,44.7984],[-0.371,44.8079],[-0.3689,44.811],[-0.368,44.8109],[-0.3672,44.7937],[-0.3557,44.7904],[-0.3514,44.7866],[-0.3659,44.7711],[-0.3665,44.7668],[-0.3869,44.7643]]]}},{"type":"Feature","properties":{"code":"33421","nom":"Saint-Jean-de-Blaignac","app":12.28,"app_bas":10.01,"app_haut":15.06,"app_ech":"maille","app_obs":15,"mai":8.96,"mai_bas":7.11,"mai_haut":11.3,"mai_ech":"maille","mai_obs":36,"a12":14.07,"a3":10.49},"geometry":{"type":"Polygon","coordinates":[[[-0.1451,44.8193],[-0.138,44.8138],[-0.1328,44.8143],[-0.1291,44.8211],[-0.1215,44.823],[-0.1117,44.8217],[-0.1186,44.8053],[-0.1337,44.7943],[-0.1446,44.8011],[-0.1539,44.8044],[-0.1451,44.8193]]]}},{"type":"Feature","properties":{"code":"33516","nom":"Soussac","app":10.86,"app_bas":8.21,"app_haut":14.35,"app_ech":"maille","app_obs":1,"mai":7.74,"mai_bas":5.87,"mai_haut":10.2,"mai_ech":"maille","mai_obs":4,"a12":12.93,"a3":8.01},"geometry":{"type":"Polygon","coordinates":[[[0.0271,44.7484],[0.0322,44.7315],[0.0277,44.7307],[0.0222,44.7218],[0.006,44.7282],[-0.0172,44.731],[-0.0121,44.7383],[0.0003,44.7441],[0.017,44.7434],[0.0205,44.7502],[0.0271,44.7484]]]}},{"type":"Feature","properties":{"code":"33536","nom":"Tuzan","app":11.49,"app_bas":9.39,"app_haut":14.05,"app_ech":"maille","app_obs":0,"mai":8.66,"mai_bas":6.74,"mai_haut":11.12,"mai_ech":"maille","mai_obs":2,"a12":13.09,"a3":11.25},"geometry":{"type":"Polygon","coordinates":[[[-0.5767,44.4686],[-0.5871,44.4626],[-0.5628,44.4503],[-0.5652,44.4425],[-0.5832,44.4326],[-0.6115,44.4317],[-0.6273,44.4293],[-0.6288,44.4432],[-0.6396,44.4489],[-0.6258,44.452],[-0.6162,44.4579],[-0.6205,44.4684],[-0.6124,44.472],[-0.5911,44.4706],[-0.5767,44.4686]]]}},{"type":"Feature","properties":{"code":"33004","nom":"Ambès","app":11.16,"app_bas":9.27,"app_haut":13.43,"app_ech":"commune","app_obs":254,"mai":11.93,"mai_bas":9.22,"mai_haut":15.45,"mai_ech":"maille","mai_obs":54,"a12":13.09,"a3":9.73},"geometry":{"type":"Polygon","coordinates":[[[-0.5967,45.0402],[-0.5906,45.0379],[-0.574,45.0369],[-0.5558,45.034],[-0.5368,45.0258],[-0.5147,45.0103],[-0.4947,45.003],[-0.5083,44.9876],[-0.5174,44.9882],[-0.5186,44.9903],[-0.5427,44.9844],[-0.5574,44.9944],[-0.5583,44.9999],[-0.5896,45.0176],[-0.6023,45.0346],[-0.5967,45.0402]]]}},{"type":"Feature","properties":{"code":"33187","nom":"Gironde-sur-Dropt","app":10.33,"app_bas":8.27,"app_haut":12.9,"app_ech":"commune","app_obs":110,"mai":9.52,"mai_bas":7.51,"mai_haut":12.07,"mai_ech":"maille","mai_obs":68,"a12":12.92,"a3":8.49},"geometry":{"type":"Polygon","coordinates":[[[-0.1092,44.606],[-0.083,44.6068],[-0.0649,44.5967],[-0.069,44.584],[-0.074,44.5827],[-0.084,44.573],[-0.0863,44.5731],[-0.0998,44.5794],[-0.1139,44.5799],[-0.1086,44.5857],[-0.0968,44.5865],[-0.1094,44.6011],[-0.1092,44.606]]]}},{"type":"Feature","properties":{"code":"33292","nom":"Montignac","app":12.99,"app_bas":10.68,"app_haut":15.8,"app_ech":"maille","app_obs":0,"mai":9.61,"mai_bas":7.33,"mai_haut":12.6,"mai_ech":"maille","mai_obs":6,"a12":12.66,"a3":9.79},"geometry":{"type":"Polygon","coordinates":[[[-0.227,44.7293],[-0.22,44.724],[-0.2073,44.7164],[-0.1888,44.7102],[-0.1882,44.7047],[-0.1957,44.7058],[-0.2175,44.7014],[-0.2313,44.7047],[-0.2334,44.7112],[-0.2396,44.7143],[-0.2394,44.7186],[-0.227,44.7293]]]}},{"type":"Feature","properties":{"code":"33366","nom":"Saint-André-de-Cubzac","app":12.43,"app_bas":10.48,"app_haut":14.73,"app_ech":"commune","app_obs":1704,"mai":11.62,"mai_bas":9.12,"mai_haut":14.79,"mai_ech":"commune","mai_obs":1432,"a12":14.38,"a3":11.08},"geometry":{"type":"Polygon","coordinates":[[[-0.393,44.999],[-0.4055,44.9755],[-0.4122,44.9702],[-0.4215,44.976],[-0.4418,44.9802],[-0.4727,44.9802],[-0.4743,44.9942],[-0.4832,45.0026],[-0.4788,45.0083],[-0.4475,45.0123],[-0.4442,45.0185],[-0.4269,45.0155],[-0.4166,45.0094],[-0.3964,45.0068],[-0.393,44.999]]]}},{"type":"Feature","properties":{"code":"33405","nom":"Saint-Genès-de-Blaye","app":14.09,"app_bas":11.33,"app_haut":17.51,"app_ech":"maille","app_obs":1,"mai":8.56,"mai_bas":6.94,"mai_haut":10.56,"mai_ech":"maille","mai_obs":17,"a12":13.25,"a3":11.02},"geometry":{"type":"Polygon","coordinates":[[[-0.7005,45.167],[-0.674,45.172],[-0.6561,45.1732],[-0.6357,45.1683],[-0.6357,45.1521],[-0.6584,45.1502],[-0.6933,45.1451],[-0.7005,45.167]]]}}]}