{"type":"FeatureCollection","features":[{"type":"Feature","properties":{"code":"36019","nom":"Bommiers","app":7.65,"app_bas":6.11,"app_haut":9.59,"app_ech":"maille","app_obs":3,"mai":6.66,"mai_bas":5.19,"mai_haut":8.53,"mai_ech":"maille","mai_obs":8,"a12":9.96,"a3":7.04},"geometry":{"type":"Polygon","coordinates":[[[2.0329,46.7389],[2.023,46.7378],[2.0179,46.7298],[2.0084,46.7311],[2.0039,46.7365],[1.997,46.7378],[1.9948,46.7492],[1.9862,46.7643],[1.9857,46.7823],[1.9741,46.7916],[1.9721,46.8041],[1.9623,46.8128],[1.9903,46.8185],[2.0067,46.8122],[2.0274,46.825],[2.0292,46.7981],[2.015,46.7896],[2.0131,46.7837],[2.0164,46.7701],[2.0134,46.7626],[2.04,46.7421],[2.0329,46.7389]]]}},{"type":"Feature","properties":{"code":"36041","nom":"Chapelle-Saint-Laurian","app":9.12,"app_bas":7.14,"app_haut":11.64,"app_ech":"maille","app_obs":1,"mai":6.65,"mai_bas":5.4,"mai_haut":8.19,"mai_ech":"maille","mai_obs":4,"a12":10.81,"a3":6.65},"geometry":{"type":"Polygon","coordinates":[[[1.7738,47.0718],[1.7949,47.0731],[1.8036,47.0707],[1.803,47.0648],[1.7937,47.0438],[1.7843,47.0293],[1.7724,47.035],[1.765,47.0416],[1.7685,47.0559],[1.7653,47.0646],[1.7738,47.0718]]]}},{"type":"Feature","properties":{"code":"36043","nom":"Chassignolles","app":7.35,"app_bas":5.73,"app_haut":9.42,"app_ech":"maille","app_obs":2,"mai":6.08,"mai_bas":4.87,"mai_haut":7.59,"mai_ech":"maille","mai_obs":8,"a12":9.65,"a3":6.41},"geometry":{"type":"Polygon","coordinates":[[[1.9173,46.5118],[1.9012,46.5224],[1.9087,46.5341],[1.8943,46.5484],[1.8964,46.5565],[1.9062,46.564],[1.9044,46.5701],[1.9123,46.5762],[1.9176,46.5765],[1.9204,46.5715],[1.9184,46.5675],[1.9256,46.5604],[1.9328,46.5475],[1.9468,46.5457],[1.9591,46.5331],[1.9739,46.533],[1.9718,46.5291],[1.9739,46.5145],[1.9809,46.5087],[1.9777,46.5027],[1.9684,46.4936],[1.9596,46.4897],[1.951,46.492],[1.9432,46.5031],[1.9262,46.5077],[1.9173,46.5118]]]}},{"type":"Feature","properties":{"code":"36172","nom":"Rivarennes","app":6.87,"app_bas":5.35,"app_haut":8.81,"app_ech":"maille","app_obs":11,"mai":7.14,"mai_bas":5.61,"mai_haut":9.07,"mai_ech":"maille","mai_obs":19,"a12":8.45,"a3":7.47},"geometry":{"type":"Polygon","coordinates":[[[1.3908,46.6716],[1.3953,46.6581],[1.4069,46.6587],[1.412,46.6523],[1.4122,46.6467],[1.4062,46.6313],[1.4126,46.6289],[1.4128,46.6182],[1.4226,46.6082],[1.4183,46.5999],[1.4095,46.5951],[1.3881,46.5875],[1.3685,46.5748],[1.3584,46.5697],[1.3495,46.5741],[1.3446,46.5872],[1.3348,46.5988],[1.3538,46.6317],[1.3704,46.6326],[1.3769,46.6383],[1.3855,46.658],[1.3846,46.6618],[1.3908,46.6716]]]}},{"type":"Feature","properties":{"code":"36185","nom":"Saint-Christophe-en-Bazelle","app":8.15,"app_bas":6.26,"app_haut":10.6,"app_ech":"maille","app_obs":14,"mai":8.11,"mai_bas":6.35,"mai_haut":10.36,"mai_ech":"maille","mai_obs":14,"a12":10.81,"a3":6.65},"geometry":{"type":"Polygon","coordinates":[[[1.7095,47.2138],[1.7273,47.201],[1.7438,47.1926],[1.7335,47.1818],[1.7245,47.1752],[1.7178,47.1657],[1.7169,47.1583],[1.6992,47.1638],[1.6951,47.17],[1.6991,47.1873],[1.6888,47.1899],[1.6902,47.1975],[1.6956,47.2061],[1.7095,47.2138]]]}},{"type":"Feature","properties":{"code":"36155","nom":"Pellevoisin","app":8.07,"app_bas":6.07,"app_haut":10.73,"app_ech":"maille","app_obs":10,"mai":6.34,"mai_bas":4.85,"mai_haut":8.29,"mai_ech":"maille","mai_obs":39,"a12":8.45,"a3":6.18},"geometry":{"type":"Polygon","coordinates":[[[1.4503,46.9709],[1.4388,46.9702],[1.4263,46.9623],[1.3855,46.9679],[1.3777,46.9726],[1.3708,46.9844],[1.369,46.9923],[1.4009,46.9926],[1.4223,47.0132],[1.4275,47.0157],[1.4299,47.0117],[1.4478,47.0059],[1.4574,47.007],[1.4668,46.9892],[1.4637,46.9802],[1.4503,46.9709]]]}},{"type":"Feature","properties":{"code":"36168","nom":"Prissac","app":6.87,"app_bas":5.35,"app_haut":8.81,"app_ech":"maille","app_obs":6,"mai":6.47,"mai_bas":5.08,"mai_haut":8.23,"mai_ech":"maille","mai_obs":31,"a12":8.63,"a3":7.47},"geometry":{"type":"Polygon","coordinates":[[[1.3193,46.4736],[1.3002,46.4705],[1.2817,46.4852],[1.2702,46.4899],[1.2535,46.5039],[1.2542,46.5079],[1.2382,46.508],[1.2343,46.5131],[1.2447,46.5253],[1.2498,46.5411],[1.2578,46.5505],[1.2705,46.5593],[1.2752,46.5681],[1.3045,46.5667],[1.3264,46.5692],[1.3523,46.5642],[1.3507,46.5471],[1.3356,46.5439],[1.3315,46.535],[1.3247,46.5259],[1.3304,46.5189],[1.3429,46.5183],[1.3526,46.5153],[1.3543,46.5064],[1.3519,46.4997],[1.3247,46.4922],[1.3193,46.4736]]]}},{"type":"Feature","properties":{"code":"36189","nom":"Saint-Denis-de-Jouhet","app":8,"app_bas":6.4,"app_haut":10,"app_ech":"maille","app_obs":1,"mai":6.08,"mai_bas":4.87,"mai_haut":7.59,"mai_ech":"maille","mai_obs":32,"a12":8.92,"a3":6.41},"geometry":{"type":"Polygon","coordinates":[[[1.8943,46.5484],[1.9087,46.5341],[1.9012,46.5224],[1.8992,46.5123],[1.8851,46.5076],[1.8591,46.503],[1.8242,46.4902],[1.8169,46.4936],[1.809,46.5026],[1.8075,46.5126],[1.7976,46.5145],[1.7906,46.5224],[1.7911,46.5312],[1.785,46.5393],[1.8014,46.5425],[1.8093,46.5551],[1.8285,46.5551],[1.8394,46.5572],[1.8478,46.5502],[1.8566,46.5501],[1.8676,46.5439],[1.8943,46.5484]]]}},{"type":"Feature","properties":{"code":"36061","nom":"Crozon-sur-Vauvre","app":7.35,"app_bas":5.73,"app_haut":9.42,"app_ech":"maille","app_obs":0,"mai":6.08,"mai_bas":4.87,"mai_haut":7.59,"mai_ech":"maille","mai_obs":4,"a12":8.92,"a3":6.41},"geometry":{"type":"Polygon","coordinates":[[[1.9012,46.5224],[1.9173,46.5118],[1.9169,46.5023],[1.9107,46.4952],[1.8976,46.486],[1.8981,46.4801],[1.9085,46.4531],[1.8998,46.4386],[1.8842,46.4445],[1.8775,46.4445],[1.8609,46.4534],[1.8611,46.4583],[1.8711,46.4617],[1.8764,46.4673],[1.869,46.4721],[1.8552,46.4716],[1.8543,46.4805],[1.8468,46.4855],[1.8303,46.4885],[1.8299,46.4926],[1.8591,46.503],[1.8851,46.5076],[1.8992,46.5123],[1.9012,46.5224]]]}},{"type":"Feature","properties":{"code":"36142","nom":"Niherne","app":8.53,"app_bas":6.82,"app_haut":10.67,"app_ech":"maille","app_obs":2,"mai":7.15,"mai_bas":5.8,"mai_haut":8.83,"mai_ech":"maille","mai_obs":96,"a12":11.24,"a3":7.04},"geometry":{"type":"Polygon","coordinates":[[[1.5324,46.7572],[1.5095,46.7888],[1.5238,46.8094],[1.5519,46.8356],[1.5666,46.8441],[1.5809,46.85],[1.5878,46.8553],[1.5947,46.8504],[1.5909,46.8286],[1.5958,46.8237],[1.6072,46.8211],[1.61,46.8168],[1.6019,46.8082],[1.5894,46.8075],[1.576,46.7886],[1.5745,46.7784],[1.5778,46.7686],[1.556,46.7541],[1.5456,46.7539],[1.5324,46.7572]]]}},{"type":"Feature","properties":{"code":"36093","nom":"Levroux","app":7.43,"app_bas":5.48,"app_haut":10.07,"app_ech":"commune","app_obs":135,"mai":6.34,"mai_bas":4.85,"mai_haut":8.29,"mai_ech":"maille","mai_obs":99,"a12":8.45,"a3":6.18},"geometry":{"type":"Polygon","coordinates":[[[1.6349,46.9296],[1.6179,46.9411],[1.6137,46.9421],[1.5859,46.9409],[1.5782,46.9531],[1.5782,46.9668],[1.5463,46.9578],[1.5317,46.9645],[1.522,46.977],[1.5157,46.9822],[1.4937,46.9921],[1.491,46.9954],[1.495,47.0062],[1.5094,47.0111],[1.5186,47.0071],[1.5327,46.9965],[1.5432,46.9862],[1.5617,46.9718],[1.5789,46.9704],[1.5874,46.9802],[1.5805,46.9904],[1.5833,46.9988],[1.5914,47.0101],[1.6061,47.0187],[1.6181,47.0132],[1.6249,47.0085],[1.649,47.0039],[1.6672,47.003],[1.6654,46.9928],[1.6795,46.9799],[1.6964,46.9751],[1.6825,46.9497],[1.6514,46.9391],[1.6349,46.9296]]]}},{"type":"Feature","properties":{"code":"36141","nom":"Neuvy-Saint-Sépulchre","app":7.65,"app_bas":6.11,"app_haut":9.59,"app_ech":"maille","app_obs":94,"mai":6.23,"mai_bas":4.99,"mai_haut":7.8,"mai_ech":"commune","mai_obs":110,"a12":9.96,"a3":6.22},"geometry":{"type":"Polygon","coordinates":[[[1.7973,46.6251],[1.8121,46.6229],[1.8338,46.6102],[1.8463,46.6054],[1.8694,46.6004],[1.8645,46.5947],[1.847,46.5825],[1.8464,46.5711],[1.8394,46.5572],[1.8285,46.5551],[1.8093,46.5551],[1.8055,46.5759],[1.7889,46.58],[1.7713,46.5889],[1.7631,46.5901],[1.7599,46.5978],[1.7687,46.6138],[1.7895,46.6208],[1.7973,46.6251]]]}},{"type":"Feature","properties":{"code":"36126","nom":"Montchevrier","app":7.35,"app_bas":5.73,"app_haut":9.42,"app_ech":"maille","app_obs":0,"mai":6.08,"mai_bas":4.87,"mai_haut":7.59,"mai_ech":"maille","mai_obs":8,"a12":8.92,"a3":7.47},"geometry":{"type":"Polygon","coordinates":[[[1.709,46.5102],[1.7207,46.5059],[1.7344,46.5104],[1.7502,46.508],[1.7575,46.5049],[1.7714,46.503],[1.7783,46.4931],[1.8019,46.4789],[1.805,46.4745],[1.8069,46.4637],[1.7982,46.4549],[1.7549,46.4522],[1.7476,46.45],[1.7292,46.4598],[1.7195,46.4694],[1.7156,46.4831],[1.7009,46.502],[1.709,46.5102]]]}},{"type":"Feature","properties":{"code":"36171","nom":"Reuilly","app":7.92,"app_bas":6.25,"app_haut":10.05,"app_ech":"maille","app_obs":74,"mai":6.42,"mai_bas":5.21,"mai_haut":7.91,"mai_ech":"commune","mai_obs":189,"a12":11.24,"a3":7.68},"geometry":{"type":"Polygon","coordinates":[[[1.981,47.058],[1.9684,47.061],[1.9472,47.0631],[1.9507,47.0708],[1.9626,47.0759],[1.9661,47.0738],[1.9849,47.0849],[1.9919,47.0929],[1.999,47.1076],[2.0002,47.1139],[2.0094,47.1116],[2.0028,47.0983],[2.0033,47.0942],[2.0303,47.0968],[2.0245,47.1044],[2.0484,47.106],[2.0536,47.1015],[2.05,47.0914],[2.0539,47.0865],[2.0557,47.0717],[2.041,47.0628],[2.0385,47.0578],[2.0327,47.0626],[2.021,47.0638],[1.9968,47.0622],[1.981,47.058]]]}},{"type":"Feature","properties":{"code":"36236","nom":"Vicq-Exemplet","app":7.35,"app_bas":5.73,"app_haut":9.42,"app_ech":"maille","app_obs":8,"mai":6.66,"mai_bas":5.19,"mai_haut":8.53,"mai_ech":"maille","mai_obs":11,"a12":8.45,"a3":6.55},"geometry":{"type":"Polygon","coordinates":[[[2.1092,46.6449],[2.1209,46.647],[2.1517,46.6593],[2.1617,46.6546],[2.1794,46.6425],[2.1894,46.6421],[2.1842,46.6318],[2.1834,46.6221],[2.1874,46.616],[2.1842,46.6107],[2.1856,46.6029],[2.1688,46.5947],[2.1671,46.589],[2.1609,46.5884],[2.1474,46.5991],[2.1304,46.5951],[2.1154,46.5848],[2.1072,46.5887],[2.0971,46.6012],[2.1062,46.6125],[2.1059,46.6188],[2.0977,46.6261],[2.1096,46.6328],[2.1125,46.6381],[2.1092,46.6449]]]}},{"type":"Feature","properties":{"code":"36014","nom":"Bazaiges","app":7.81,"app_bas":6.31,"app_haut":9.66,"app_ech":"maille","app_obs":4,"mai":6.34,"mai_bas":5.13,"mai_haut":7.85,"mai_ech":"maille","mai_obs":8,"a12":8.63,"a3":6.41},"geometry":{"type":"Polygon","coordinates":[[[1.5442,46.4641],[1.536,46.4521],[1.5174,46.4528],[1.5071,46.4601],[1.5089,46.4648],[1.5053,46.4827],[1.5108,46.4952],[1.5106,46.5046],[1.5197,46.5116],[1.5396,46.522],[1.5422,46.5081],[1.5492,46.4989],[1.545,46.4816],[1.5506,46.4773],[1.5442,46.4641]]]}},{"type":"Feature","properties":{"code":"36035","nom":"Chaillac","app":8.66,"app_bas":6.75,"app_haut":11.13,"app_ech":"maille","app_obs":22,"mai":6.47,"mai_bas":5.08,"mai_haut":8.23,"mai_ech":"maille","mai_obs":37,"a12":8.78,"a3":6.1},"geometry":{"type":"Polygon","coordinates":[[[1.3447,46.4016],[1.3309,46.3967],[1.316,46.3959],[1.3126,46.3937],[1.3086,46.3946],[1.3088,46.404],[1.3011,46.4023],[1.2881,46.3905],[1.2727,46.388],[1.2665,46.3936],[1.2435,46.4002],[1.2321,46.4109],[1.2274,46.4326],[1.2178,46.4363],[1.2236,46.4411],[1.234,46.4416],[1.2455,46.453],[1.2586,46.4581],[1.275,46.4576],[1.2926,46.454],[1.3192,46.4656],[1.321,46.4532],[1.3348,46.4463],[1.3525,46.4485],[1.3583,46.4334],[1.3544,46.4196],[1.3551,46.4069],[1.3447,46.4016]]]}},{"type":"Feature","properties":{"code":"36081","nom":"Gargilesse-Dampierre","app":8,"app_bas":6.4,"app_haut":10,"app_ech":"maille","app_obs":0,"mai":6.08,"mai_bas":4.87,"mai_haut":7.59,"mai_ech":"maille","mai_obs":0,"a12":9.65,"a3":6.22},"geometry":{"type":"Polygon","coordinates":[[[1.5824,46.4943],[1.5796,46.4976],[1.584,46.5133],[1.5993,46.5204],[1.6072,46.5177],[1.6248,46.5266],[1.6333,46.5292],[1.6348,46.5238],[1.6446,46.5179],[1.6479,46.5116],[1.6458,46.5013],[1.6583,46.491],[1.6554,46.4814],[1.6428,46.4813],[1.6291,46.5005],[1.6068,46.4956],[1.5941,46.4966],[1.5824,46.4943]]]}},{"type":"Feature","properties":{"code":"36154","nom":"Pêchereau","app":8,"app_bas":6.4,"app_haut":10,"app_ech":"maille","app_obs":80,"mai":7.14,"mai_bas":5.61,"mai_haut":9.07,"mai_ech":"maille","mai_obs":85,"a12":9.65,"a3":7.47},"geometry":{"type":"Polygon","coordinates":[[[1.5741,46.6076],[1.5873,46.6114],[1.5926,46.6022],[1.6118,46.6015],[1.6161,46.5903],[1.6049,46.5856],[1.5962,46.574],[1.588,46.5679],[1.5748,46.5708],[1.5593,46.5665],[1.554,46.5563],[1.54,46.5606],[1.5357,46.5708],[1.5277,46.5808],[1.5741,46.6076]]]}},{"type":"Feature","properties":{"code":"36162","nom":"Poulaines","app":9.12,"app_bas":7.14,"app_haut":11.64,"app_ech":"maille","app_obs":6,"mai":6.28,"mai_bas":4.97,"mai_haut":7.93,"mai_ech":"maille","mai_obs":35,"a12":8.45,"a3":6.65},"geometry":{"type":"Polygon","coordinates":[[[1.7213,47.1556],[1.7105,47.1522],[1.6739,47.1378],[1.6678,47.1269],[1.6518,47.1081],[1.652,47.0965],[1.6402,47.1067],[1.6302,47.1073],[1.624,47.116],[1.6145,47.1188],[1.6113,47.1334],[1.6032,47.1419],[1.605,47.1572],[1.5985,47.1682],[1.5932,47.1721],[1.5973,47.1769],[1.615,47.1878],[1.6305,47.192],[1.6359,47.1825],[1.6455,47.1825],[1.6546,47.1756],[1.6681,47.1698],[1.6763,47.1709],[1.6951,47.17],[1.6992,47.1638],[1.7169,47.1583],[1.7213,47.1556]]]}},{"type":"Feature","properties":{"code":"36040","nom":"Chapelle-Orthemale","app":7.28,"app_bas":5.41,"app_haut":9.79,"app_ech":"maille","app_obs":0,"mai":7.15,"mai_bas":5.8,"mai_haut":8.83,"mai_ech":"maille","mai_obs":4,"a12":9.96,"a3":6.22},"geometry":{"type":"Polygon","coordinates":[[[1.4232,46.8294],[1.4235,46.8344],[1.4362,46.8455],[1.4388,46.8556],[1.4454,46.8604],[1.4603,46.8598],[1.4712,46.8573],[1.473,46.8412],[1.4652,46.8321],[1.4677,46.8214],[1.4769,46.8178],[1.4785,46.8113],[1.4681,46.8064],[1.4535,46.8092],[1.4361,46.805],[1.4364,46.8151],[1.4273,46.8291],[1.4232,46.8294]]]}},{"type":"Feature","properties":{"code":"36082","nom":"Gehée","app":8.53,"app_bas":6.82,"app_haut":10.67,"app_ech":"maille","app_obs":0,"mai":6.34,"mai_bas":4.85,"mai_haut":8.29,"mai_ech":"maille","mai_obs":10,"a12":10.81,"a3":7.68},"geometry":{"type":"Polygon","coordinates":[[[1.4677,47.0316],[1.4577,47.0505],[1.4569,47.0611],[1.4512,47.0656],[1.4524,47.0694],[1.4535,47.0655],[1.4682,47.0665],[1.4779,47.0613],[1.507,47.0542],[1.5216,47.0547],[1.5216,47.0434],[1.5286,47.0424],[1.5384,47.0464],[1.5429,47.0421],[1.5283,47.0362],[1.5216,47.0161],[1.495,47.0062],[1.4816,47.018],[1.4789,47.0268],[1.4677,47.0316]]]}},{"type":"Feature","properties":{"code":"36217","nom":"Sembleçay","app":8.15,"app_bas":6.26,"app_haut":10.6,"app_ech":"maille","app_obs":0,"mai":8.11,"mai_bas":6.35,"mai_haut":10.36,"mai_ech":"maille","mai_obs":2,"a12":10.81,"a3":6.65},"geometry":{"type":"Polygon","coordinates":[[[1.6735,47.2323],[1.7167,47.2322],[1.7166,47.2238],[1.7095,47.2138],[1.6956,47.2061],[1.6902,47.1975],[1.6785,47.2022],[1.6759,47.2147],[1.6798,47.2283],[1.6735,47.2323]]]}},{"type":"Feature","properties":{"code":"36090","nom":"Jeu-Maloches","app":8.53,"app_bas":6.82,"app_haut":10.67,"app_ech":"maille","app_obs":0,"mai":6.38,"mai_bas":5.02,"mai_haut":8.11,"mai_ech":"maille","mai_obs":0,"a12":8.45,"a3":7.68},"geometry":{"type":"Polygon","coordinates":[[[1.4677,47.0316],[1.4609,47.0266],[1.4408,47.0224],[1.4346,47.0229],[1.4322,47.0335],[1.4369,47.0405],[1.4288,47.0439],[1.4121,47.0576],[1.4192,47.0642],[1.4318,47.0689],[1.4524,47.0694],[1.4512,47.0656],[1.4569,47.0611],[1.4577,47.0505],[1.4677,47.0316]]]}},{"type":"Feature","properties":{"code":"36224","nom":"Tournon-Saint-Martin","app":8.5,"app_bas":6.36,"app_haut":11.37,"app_ech":"maille","app_obs":50,"mai":6.31,"mai_bas":5.05,"mai_haut":7.88,"mai_ech":"maille","mai_obs":52,"a12":9.73,"a3":6.45},"geometry":{"type":"Polygon","coordinates":[[[1.0117,46.7578],[1.0141,46.747],[1.0128,46.724],[1.0145,46.7149],[0.999,46.7036],[0.9765,46.7065],[0.9601,46.7009],[0.9468,46.7147],[0.946,46.7225],[0.9518,46.7325],[0.9472,46.7366],[0.9564,46.7371],[0.9629,46.7415],[0.9679,46.7492],[0.9888,46.7615],[1.0117,46.7578]]]}},{"type":"Feature","properties":{"code":"36228","nom":"Valençay","app":9.27,"app_bas":7.21,"app_haut":11.92,"app_ech":"commune","app_obs":118,"mai":6.34,"mai_bas":4.85,"mai_haut":8.29,"mai_ech":"maille","mai_obs":99,"a12":10.81,"a3":6.65},"geometry":{"type":"Polygon","coordinates":[[[1.6145,47.1188],[1.6023,47.1191],[1.5755,47.1352],[1.5661,47.1358],[1.557,47.1332],[1.5348,47.1352],[1.5194,47.1347],[1.5138,47.1365],[1.496,47.1534],[1.495,47.1583],[1.5016,47.1599],[1.5082,47.1737],[1.518,47.1766],[1.5291,47.174],[1.5741,47.1921],[1.5899,47.1862],[1.5973,47.1769],[1.5932,47.1721],[1.5985,47.1682],[1.605,47.1572],[1.6032,47.1419],[1.6113,47.1334],[1.6145,47.1188]]]}},{"type":"Feature","properties":{"code":"36122","nom":"Meunet-sur-Vatan","app":7.92,"app_bas":6.25,"app_haut":10.05,"app_ech":"maille","app_obs":0,"mai":6.94,"mai_bas":5.58,"mai_haut":8.64,"mai_ech":"maille","mai_obs":4,"a12":11.24,"a3":7.68},"geometry":{"type":"Polygon","coordinates":[[[1.8596,47.071],[1.8491,47.0822],[1.8298,47.0898],[1.8348,47.1027],[1.8467,47.111],[1.861,47.1078],[1.8831,47.1005],[1.8875,47.0879],[1.8698,47.0703],[1.8596,47.071]]]}},{"type":"Feature","properties":{"code":"36134","nom":"Mouhet","app":7.81,"app_bas":6.31,"app_haut":9.66,"app_ech":"maille","app_obs":1,"mai":6.34,"mai_bas":5.13,"mai_haut":7.85,"mai_ech":"maille","mai_obs":3,"a12":8.63,"a3":7.47},"geometry":{"type":"Polygon","coordinates":[[[1.4152,46.3472],[1.4048,46.3641],[1.3966,46.3719],[1.3993,46.3845],[1.4099,46.3937],[1.4114,46.3998],[1.4223,46.404],[1.4323,46.4116],[1.4351,46.4167],[1.4513,46.4217],[1.4645,46.4215],[1.4915,46.408],[1.5001,46.4055],[1.497,46.3946],[1.4929,46.3983],[1.4776,46.3937],[1.4726,46.3834],[1.4629,46.3753],[1.4543,46.376],[1.4425,46.3705],[1.4354,46.3638],[1.4384,46.358],[1.422,46.3516],[1.4152,46.3472]]]}},{"type":"Feature","properties":{"code":"36149","nom":"Palluau-sur-Indre","app":8.07,"app_bas":6.07,"app_haut":10.73,"app_ech":"maille","app_obs":2,"mai":6.38,"mai_bas":5.02,"mai_haut":8.11,"mai_ech":"maille","mai_obs":33,"a12":8.45,"a3":6.18},"geometry":{"type":"Polygon","coordinates":[[[1.307,46.9962],[1.3332,46.9746],[1.3347,46.9659],[1.3486,46.9589],[1.3669,46.9438],[1.3632,46.9371],[1.3535,46.9412],[1.3347,46.9368],[1.3217,46.9129],[1.3147,46.9059],[1.2994,46.9091],[1.2845,46.9096],[1.2758,46.9141],[1.2776,46.9162],[1.2856,46.9415],[1.2667,46.944],[1.2586,46.9472],[1.2683,46.9522],[1.2774,46.9659],[1.2733,46.9818],[1.2877,46.9901],[1.307,46.9962]]]}},{"type":"Feature","properties":{"code":"36244","nom":"Villentrois","app":9.12,"app_bas":7.14,"app_haut":11.64,"app_ech":"maille","app_obs":5,"mai":6.28,"mai_bas":4.97,"mai_haut":7.93,"mai_ech":"maille","mai_obs":37,"a12":8.45,"a3":6.65},"geometry":{"type":"Polygon","coordinates":[[[1.446,47.166],[1.4277,47.179],[1.4269,47.1922],[1.4163,47.1985],[1.4061,47.199],[1.3942,47.2051],[1.3928,47.2087],[1.4096,47.2174],[1.4218,47.217],[1.4477,47.2071],[1.4782,47.2045],[1.4986,47.2011],[1.5007,47.1935],[1.518,47.1766],[1.5082,47.1737],[1.5016,47.1599],[1.495,47.1583],[1.4566,47.1627],[1.446,47.166]]]}},{"type":"Feature","properties":{"code":"36013","nom":"Baudres","app":9.12,"app_bas":7.14,"app_haut":11.64,"app_ech":"maille","app_obs":0,"mai":6.34,"mai_bas":4.85,"mai_haut":8.29,"mai_ech":"maille","mai_obs":21,"a12":10.81,"a3":7.68},"geometry":{"type":"Polygon","coordinates":[[[1.5543,47.0754],[1.5699,47.0853],[1.582,47.074],[1.5924,47.0708],[1.6022,47.0589],[1.6114,47.0654],[1.6141,47.0584],[1.6115,47.053],[1.6241,47.0463],[1.6102,47.0288],[1.5973,47.0308],[1.588,47.0279],[1.5814,47.0313],[1.5514,47.0333],[1.5384,47.0464],[1.5286,47.0424],[1.5216,47.0434],[1.5216,47.0547],[1.5227,47.0582],[1.5385,47.0636],[1.5543,47.0754]]]}},{"type":"Feature","properties":{"code":"36086","nom":"Heugnes","app":8.53,"app_bas":6.82,"app_haut":10.67,"app_ech":"maille","app_obs":10,"mai":6.34,"mai_bas":4.85,"mai_haut":8.29,"mai_ech":"maille","mai_obs":25,"a12":10.6,"a3":6.65},"geometry":{"type":"Polygon","coordinates":[[[1.3375,47.0533],[1.3516,47.0566],[1.3625,47.0518],[1.3732,47.055],[1.3791,47.0619],[1.4121,47.0576],[1.4288,47.0439],[1.4369,47.0405],[1.4322,47.0335],[1.4346,47.0229],[1.4275,47.0157],[1.4223,47.0132],[1.4009,46.9926],[1.369,46.9923],[1.3614,46.9933],[1.3462,47.0124],[1.3431,47.0383],[1.3375,47.0533]]]}},{"type":"Feature","properties":{"code":"36194","nom":"Saint-Genou","app":8.07,"app_bas":6.07,"app_haut":10.73,"app_ech":"maille","app_obs":7,"mai":6.28,"mai_bas":4.97,"mai_haut":7.93,"mai_ech":"maille","mai_obs":44,"a12":8.45,"a3":6.18},"geometry":{"type":"Polygon","coordinates":[[[1.3632,46.9371],[1.3813,46.9356],[1.3762,46.9227],[1.3804,46.9104],[1.3808,46.8871],[1.362,46.8857],[1.3298,46.8903],[1.3119,46.8957],[1.3147,46.9059],[1.3217,46.9129],[1.3347,46.9368],[1.3535,46.9412],[1.3632,46.9371]]]}},{"type":"Feature","properties":{"code":"36069","nom":"Écueillé","app":8.07,"app_bas":6.07,"app_haut":10.73,"app_ech":"maille","app_obs":13,"mai":6.34,"mai_bas":4.85,"mai_haut":8.29,"mai_ech":"maille","mai_obs":68,"a12":10.6,"a3":6.65},"geometry":{"type":"Polygon","coordinates":[[[1.2892,47.0629],[1.2938,47.0723],[1.3126,47.0738],[1.3168,47.0849],[1.3117,47.097],[1.3188,47.1049],[1.3275,47.1051],[1.3324,47.0996],[1.3445,47.1016],[1.3557,47.1085],[1.3796,47.0963],[1.3912,47.0857],[1.3943,47.0775],[1.4151,47.0746],[1.4318,47.0689],[1.4192,47.0642],[1.4121,47.0576],[1.3791,47.0619],[1.3732,47.055],[1.3625,47.0518],[1.3516,47.0566],[1.3375,47.0533],[1.3278,47.0582],[1.3017,47.0596],[1.2892,47.0629]]]}},{"type":"Feature","properties":{"code":"36080","nom":"Frédille","app":7.28,"app_bas":5.41,"app_haut":9.79,"app_ech":"maille","app_obs":0,"mai":6.38,"mai_bas":5.02,"mai_haut":8.11,"mai_ech":"maille","mai_obs":0,"a12":10.81,"a3":7.68},"geometry":{"type":"Polygon","coordinates":[[[1.4816,47.018],[1.495,47.0062],[1.491,46.9954],[1.4937,46.9921],[1.4872,46.9886],[1.4759,46.9869],[1.4668,46.9892],[1.4574,47.007],[1.4816,47.018]]]}},{"type":"Feature","properties":{"code":"36148","nom":"Oulches","app":6.87,"app_bas":5.35,"app_haut":8.81,"app_ech":"maille","app_obs":0,"mai":6.31,"mai_bas":5.05,"mai_haut":7.88,"mai_ech":"maille","mai_obs":6,"a12":8.45,"a3":7.47},"geometry":{"type":"Polygon","coordinates":[[[1.3254,46.643],[1.3438,46.6404],[1.3538,46.6317],[1.3348,46.5988],[1.3446,46.5872],[1.3495,46.5741],[1.3584,46.5697],[1.3523,46.5642],[1.3264,46.5692],[1.3045,46.5667],[1.2752,46.5681],[1.2707,46.5712],[1.2769,46.5735],[1.2791,46.5799],[1.2702,46.5906],[1.2646,46.609],[1.2688,46.6186],[1.2814,46.632],[1.2939,46.6325],[1.3254,46.643]]]}},{"type":"Feature","properties":{"code":"36186","nom":"Saint-Christophe-en-Boucherie","app":7.35,"app_bas":5.73,"app_haut":9.42,"app_ech":"maille","app_obs":11,"mai":6.23,"mai_bas":4.72,"mai_haut":8.22,"mai_ech":"maille","mai_obs":7,"a12":8.92,"a3":6.55},"geometry":{"type":"Polygon","coordinates":[[[2.1092,46.6449],[2.0982,46.6511],[2.0918,46.6611],[2.091,46.6783],[2.0865,46.6911],[2.0871,46.7125],[2.1181,46.7103],[2.131,46.7056],[2.1407,46.6956],[2.1554,46.6922],[2.1478,46.682],[2.1367,46.6773],[2.136,46.6729],[2.1431,46.6635],[2.1517,46.6593],[2.1209,46.647],[2.1092,46.6449]]]}},{"type":"Feature","properties":{"code":"36234","nom":"Verneuil-sur-Igneraie","app":7.65,"app_bas":6.11,"app_haut":9.59,"app_ech":"maille","app_obs":0,"mai":6.08,"mai_bas":4.87,"mai_haut":7.59,"mai_ech":"maille","mai_obs":9,"a12":8.45,"a3":6.22},"geometry":{"type":"Polygon","coordinates":[[[2.0234,46.6381],[2.0106,46.6359],[1.9989,46.6291],[1.9924,46.6342],[1.9988,46.6553],[2.0084,46.6674],[2.0151,46.6804],[2.0151,46.6867],[2.0228,46.6886],[2.0215,46.6758],[2.0237,46.6682],[2.0284,46.6655],[2.0344,46.6566],[2.0303,46.6424],[2.0234,46.6381]]]}},{"type":"Feature","properties":{"code":"36100","nom":"Lourouer-Saint-Laurent","app":7.65,"app_bas":6.11,"app_haut":9.59,"app_ech":"maille","app_obs":3,"mai":6.66,"mai_bas":5.19,"mai_haut":8.53,"mai_ech":"maille","mai_obs":4,"a12":8.45,"a3":6.22},"geometry":{"type":"Polygon","coordinates":[[[2.0234,46.6381],[2.0307,46.6342],[2.037,46.6271],[2.0438,46.6247],[2.0466,46.6187],[2.0281,46.6078],[2.0041,46.5967],[1.9957,46.6193],[1.9989,46.6291],[2.0106,46.6359],[2.0234,46.6381]]]}},{"type":"Feature","properties":{"code":"36152","nom":"Paudy","app":8.53,"app_bas":6.82,"app_haut":10.67,"app_ech":"maille","app_obs":0,"mai":6.65,"mai_bas":5.4,"mai_haut":8.19,"mai_ech":"maille","mai_obs":11,"a12":10.81,"a3":7.68},"geometry":{"type":"Polygon","coordinates":[[[1.9472,47.0631],[1.9684,47.061],[1.981,47.058],[1.9696,47.0498],[1.956,47.0159],[1.9379,47.0138],[1.9263,47.0139],[1.9068,47.0111],[1.8789,47.0121],[1.8762,47.0199],[1.8642,47.0349],[1.8623,47.0404],[1.8671,47.0495],[1.8858,47.0447],[1.9033,47.0461],[1.9118,47.0427],[1.9292,47.0479],[1.9472,47.0631]]]}},{"type":"Feature","properties":{"code":"36167","nom":"Preuilly-la-Ville","app":8.5,"app_bas":6.36,"app_haut":11.37,"app_ech":"maille","app_obs":0,"mai":6.12,"mai_bas":4.72,"mai_haut":7.93,"mai_ech":"maille","mai_obs":4,"a12":9.73,"a3":6.45},"geometry":{"type":"Polygon","coordinates":[[[0.999,46.7036],[0.9879,46.6863],[0.9699,46.6901],[0.9601,46.7009],[0.9765,46.7065],[0.999,46.7036]]]}},{"type":"Feature","properties":{"code":"36111","nom":"Malicornay","app":7.28,"app_bas":5.41,"app_haut":9.79,"app_ech":"maille","app_obs":5,"mai":6.08,"mai_bas":4.87,"mai_haut":7.59,"mai_ech":"maille","mai_obs":3,"a12":9.96,"a3":6.22},"geometry":{"type":"Polygon","coordinates":[[[1.6641,46.5392],[1.6385,46.5453],[1.6328,46.5532],[1.6358,46.563],[1.6262,46.5738],[1.6156,46.5897],[1.6313,46.6018],[1.6321,46.5988],[1.6456,46.5956],[1.6663,46.5787],[1.663,46.5621],[1.6692,46.5465],[1.6768,46.5425],[1.6641,46.5392]]]}},{"type":"Feature","properties":{"code":"36153","nom":"Paulnay","app":7.45,"app_bas":5.95,"app_haut":9.33,"app_ech":"maille","app_obs":0,"mai":6.38,"mai_bas":5.02,"mai_haut":8.11,"mai_ech":"maille","mai_obs":6,"a12":8.45,"a3":7.39},"geometry":{"type":"Polygon","coordinates":[[[1.1657,46.884],[1.1654,46.8677],[1.1676,46.8632],[1.1791,46.8616],[1.2008,46.854],[1.2041,46.8512],[1.1971,46.8467],[1.1988,46.8261],[1.1881,46.8238],[1.1633,46.8265],[1.149,46.8226],[1.1429,46.8289],[1.1293,46.8358],[1.1214,46.8494],[1.1124,46.8566],[1.1131,46.8835],[1.1064,46.8935],[1.1166,46.9072],[1.131,46.9042],[1.1338,46.91],[1.1443,46.9079],[1.1499,46.895],[1.1657,46.884]]]}},{"type":"Feature","properties":{"code":"36026","nom":"Brion","app":7.28,"app_bas":5.41,"app_haut":9.79,"app_ech":"maille","app_obs":3,"mai":6.34,"mai_bas":4.85,"mai_haut":8.29,"mai_ech":"maille","mai_obs":29,"a12":9.96,"a3":7.68},"geometry":{"type":"Polygon","coordinates":[[[1.7325,46.9883],[1.7607,46.9905],[1.7668,46.9671],[1.7681,46.9535],[1.7631,46.9371],[1.7596,46.9338],[1.7472,46.9036],[1.7275,46.9055],[1.7108,46.9164],[1.7004,46.9259],[1.6971,46.9323],[1.6825,46.9497],[1.6964,46.9751],[1.7102,46.9818],[1.7325,46.9883]]]}},{"type":"Feature","properties":{"code":"36034","nom":"Chabris","app":9.42,"app_bas":7.38,"app_haut":12.01,"app_ech":"commune","app_obs":156,"mai":8.74,"mai_bas":6.84,"mai_haut":11.16,"mai_ech":"commune","mai_obs":233,"a12":10.81,"a3":6.65},"geometry":{"type":"Polygon","coordinates":[[[1.6209,47.2308],[1.5991,47.2286],[1.5978,47.2388],[1.5931,47.2492],[1.5929,47.2577],[1.5945,47.2598],[1.5924,47.2767],[1.6076,47.2754],[1.6212,47.273],[1.6283,47.275],[1.6504,47.2732],[1.6459,47.2666],[1.6491,47.262],[1.6659,47.2578],[1.678,47.2614],[1.6956,47.263],[1.7058,47.2659],[1.7075,47.2721],[1.7158,47.2768],[1.7398,47.2549],[1.75,47.2473],[1.7387,47.2438],[1.7167,47.2322],[1.6735,47.2323],[1.6635,47.2357],[1.6555,47.2431],[1.6494,47.2361],[1.6395,47.2427],[1.6209,47.2308]]]}},{"type":"Feature","properties":{"code":"36020","nom":"Bonneuil","app":7.81,"app_bas":6.31,"app_haut":9.66,"app_ech":"maille","app_obs":0,"mai":6.47,"mai_bas":5.08,"mai_haut":8.23,"mai_ech":"maille","mai_obs":2,"a12":8.78,"a3":6.96},"geometry":{"type":"Polygon","coordinates":[[[1.213,46.388],[1.2243,46.3931],[1.2349,46.3941],[1.2435,46.4002],[1.2665,46.3936],[1.2727,46.388],[1.2796,46.3765],[1.2604,46.3788],[1.252,46.3772],[1.2382,46.3662],[1.2164,46.3678],[1.2116,46.3789],[1.213,46.388]]]}},{"type":"Feature","properties":{"code":"36094","nom":"Lignac","app":8.66,"app_bas":6.75,"app_haut":11.13,"app_ech":"maille","app_obs":10,"mai":6.06,"mai_bas":4.74,"mai_haut":7.73,"mai_ech":"maille","mai_obs":2,"a12":8.63,"a3":6.1},"geometry":{"type":"Polygon","coordinates":[[[1.2131,46.4331],[1.2011,46.4325],[1.1935,46.4287],[1.1834,46.4292],[1.186,46.4411],[1.1685,46.4463],[1.1516,46.4492],[1.1355,46.4709],[1.1519,46.4701],[1.153,46.473],[1.1405,46.4856],[1.135,46.4953],[1.1548,46.5052],[1.1741,46.5212],[1.1831,46.5246],[1.2303,46.5013],[1.2361,46.494],[1.2439,46.496],[1.2535,46.5039],[1.2702,46.4899],[1.2656,46.4793],[1.2575,46.4723],[1.2635,46.4647],[1.275,46.4576],[1.2586,46.4581],[1.2455,46.453],[1.234,46.4416],[1.2236,46.4411],[1.2131,46.4331]]]}},{"type":"Feature","properties":{"code":"36139","nom":"Neuillay-les-Bois","app":7.28,"app_bas":5.41,"app_haut":9.79,"app_ech":"maille","app_obs":0,"mai":7.15,"mai_bas":5.8,"mai_haut":8.83,"mai_ech":"maille","mai_obs":12,"a12":9.96,"a3":6.18},"geometry":{"type":"Polygon","coordinates":[[[1.4906,46.7143],[1.4729,46.7107],[1.4594,46.7161],[1.4435,46.7154],[1.4434,46.7276],[1.4491,46.7392],[1.448,46.7452],[1.4509,46.7561],[1.4606,46.7662],[1.4447,46.7819],[1.4324,46.781],[1.4291,46.7885],[1.4403,46.7933],[1.4387,46.7999],[1.4498,46.8037],[1.4535,46.8092],[1.4681,46.8064],[1.4785,46.8113],[1.4842,46.7969],[1.5069,46.7946],[1.5095,46.7888],[1.5324,46.7572],[1.5301,46.7512],[1.5156,46.7468],[1.4952,46.7457],[1.4916,46.7373],[1.4906,46.7143]]]}},{"type":"Feature","properties":{"code":"36143","nom":"Nohant-Vic","app":7.65,"app_bas":6.11,"app_haut":9.59,"app_ech":"maille","app_obs":6,"mai":6.66,"mai_bas":5.19,"mai_haut":8.53,"mai_ech":"maille","mai_obs":13,"a12":8.92,"a3":6.22},"geometry":{"type":"Polygon","coordinates":[[[1.9335,46.6257],[1.9245,46.6405],[1.9422,46.6699],[1.9417,46.6835],[1.9437,46.6887],[1.9581,46.6664],[1.9616,46.6501],[1.9646,46.6465],[1.976,46.6446],[1.9989,46.6291],[1.9957,46.6193],[1.9811,46.6164],[1.9612,46.6186],[1.9524,46.6143],[1.9399,46.6153],[1.9335,46.6257]]]}},{"type":"Feature","properties":{"code":"36233","nom":"Vernelle","app":9.12,"app_bas":7.14,"app_haut":11.64,"app_ech":"maille","app_obs":0,"mai":6.28,"mai_bas":4.97,"mai_haut":7.93,"mai_ech":"maille","mai_obs":25,"a12":8.45,"a3":6.65},"geometry":{"type":"Polygon","coordinates":[[[1.5327,47.2303],[1.5268,47.2398],[1.5263,47.2529],[1.5239,47.2553],[1.5395,47.2565],[1.5595,47.2614],[1.5663,47.2616],[1.5929,47.2577],[1.5931,47.2492],[1.5978,47.2388],[1.5991,47.2286],[1.588,47.2279],[1.5776,47.2222],[1.5683,47.2237],[1.5408,47.2348],[1.5327,47.2303]]]}},{"type":"Feature","properties":{"code":"36065","nom":"Diou","app":7.92,"app_bas":6.25,"app_haut":10.05,"app_ech":"maille","app_obs":0,"mai":6.65,"mai_bas":5.4,"mai_haut":8.19,"mai_ech":"maille","mai_obs":15,"a12":11.24,"a3":7.68},"geometry":{"type":"Polygon","coordinates":[[[2.0382,47.0332],[2.0225,47.0265],[1.9947,47.0249],[1.9927,47.0393],[1.9781,47.0403],[1.9642,47.036],[1.9696,47.0498],[1.981,47.058],[1.9968,47.0622],[2.021,47.0638],[2.0327,47.0626],[2.0385,47.0578],[2.0314,47.0423],[2.0382,47.0332]]]}},{"type":"Feature","properties":{"code":"36178","nom":"Saint-Aigny","app":8.5,"app_bas":6.36,"app_haut":11.37,"app_ech":"maille","app_obs":0,"mai":6.12,"mai_bas":4.72,"mai_haut":7.93,"mai_ech":"maille","mai_obs":12,"a12":10.91,"a3":6.45},"geometry":{"type":"Polygon","coordinates":[[[0.9735,46.6186],[0.9651,46.6217],[0.9726,46.6369],[0.9824,46.6375],[0.992,46.6453],[1.0008,46.642],[1.0079,46.6443],[1.0189,46.6549],[1.0261,46.6488],[1.0355,46.6453],[1.0475,46.6444],[1.0499,46.6414],[1.0399,46.6335],[1.0332,46.6318],[1.0256,46.6242],[1.0167,46.6214],[0.9911,46.6157],[0.9735,46.6186]]]}},{"type":"Feature","properties":{"code":"36203","nom":"Saint-Médard","app":8.15,"app_bas":6.26,"app_haut":10.6,"app_ech":"maille","app_obs":0,"mai":6.38,"mai_bas":5.02,"mai_haut":8.11,"mai_ech":"maille","mai_obs":0,"a12":10.6,"a3":7.33},"geometry":{"type":"Polygon","coordinates":[[[1.2877,46.9901],[1.266,46.9973],[1.2365,46.9953],[1.2298,47.004],[1.2322,47.0141],[1.249,47.0208],[1.2639,47.0171],[1.2736,47.0175],[1.2864,47.0127],[1.2958,47.0034],[1.307,46.9962],[1.2877,46.9901]]]}},{"type":"Feature","properties":{"code":"36052","nom":"Chouday","app":8.8,"app_bas":7.14,"app_haut":10.84,"app_ech":"maille","app_obs":0,"mai":7.41,"mai_bas":5.97,"mai_haut":9.19,"mai_ech":"maille","mai_obs":3,"a12":9.55,"a3":6.22},"geometry":{"type":"Polygon","coordinates":[[[2.0172,46.9102],[2.0065,46.9258],[2.0255,46.9349],[2.0349,46.9501],[2.0466,46.955],[2.0702,46.9544],[2.072,46.9473],[2.0707,46.934],[2.0966,46.9188],[2.1103,46.9132],[2.0967,46.9083],[2.0867,46.9003],[2.0651,46.9013],[2.0566,46.896],[2.0477,46.8853],[2.0172,46.9102]]]}},{"type":"Feature","properties":{"code":"36232","nom":"Vendœuvres","app":7.28,"app_bas":5.41,"app_haut":9.79,"app_ech":"maille","app_obs":11,"mai":6.38,"mai_bas":5.02,"mai_haut":8.11,"mai_ech":"maille","mai_obs":73,"a12":8.45,"a3":6.22},"geometry":{"type":"Polygon","coordinates":[[[1.3631,46.7312],[1.3489,46.7359],[1.3206,46.7362],[1.297,46.7339],[1.2922,46.7357],[1.2764,46.7592],[1.279,46.763],[1.2908,46.7689],[1.2951,46.7813],[1.3068,46.7801],[1.3159,46.7827],[1.3135,46.7936],[1.3156,46.7987],[1.3025,46.8124],[1.3059,46.8182],[1.3177,46.8266],[1.3354,46.8346],[1.3441,46.8351],[1.3768,46.8457],[1.3941,46.8392],[1.4127,46.8277],[1.4232,46.8294],[1.4273,46.8291],[1.4364,46.8151],[1.4361,46.805],[1.4535,46.8092],[1.4498,46.8037],[1.4387,46.7999],[1.4403,46.7933],[1.4291,46.7885],[1.4324,46.781],[1.419,46.7748],[1.4095,46.7638],[1.3908,46.7579],[1.3755,46.7443],[1.3656,46.742],[1.3609,46.7368],[1.3631,46.7312]]]}},{"type":"Feature","properties":{"code":"36021","nom":"Bordes","app":8.53,"app_bas":6.82,"app_haut":10.67,"app_ech":"maille","app_obs":0,"mai":6.65,"mai_bas":5.4,"mai_haut":8.19,"mai_ech":"maille","mai_obs":45,"a12":11.24,"a3":7.04},"geometry":{"type":"Polygon","coordinates":[[[1.9379,47.0138],[1.956,47.0159],[1.9605,47.0023],[1.9945,46.9839],[1.9976,46.9758],[1.9886,46.9643],[1.9697,46.963],[1.961,46.9655],[1.9391,46.9664],[1.9448,46.9794],[1.9399,46.9933],[1.9447,46.9974],[1.9379,47.0138]]]}},{"type":"Feature","properties":{"code":"36073","nom":"Feusines","app":7.35,"app_bas":5.73,"app_haut":9.42,"app_ech":"maille","app_obs":0,"mai":6.61,"mai_bas":4.99,"mai_haut":8.74,"mai_ech":"maille","mai_obs":2,"a12":8.45,"a3":6.55},"geometry":{"type":"Polygon","coordinates":[[[2.0904,46.5358],[2.1132,46.5304],[2.1125,46.5203],[2.1146,46.5092],[2.1262,46.5022],[2.1177,46.4857],[2.1047,46.4864],[2.1027,46.4963],[2.0919,46.5004],[2.0766,46.5103],[2.0732,46.5162],[2.0806,46.5316],[2.0904,46.5358]]]}},{"type":"Feature","properties":{"code":"36210","nom":"Sarzay","app":7.65,"app_bas":6.11,"app_haut":9.59,"app_ech":"maille","app_obs":0,"mai":6.08,"mai_bas":4.87,"mai_haut":7.59,"mai_ech":"maille","mai_obs":8,"a12":9.65,"a3":6.22},"geometry":{"type":"Polygon","coordinates":[[[1.8862,46.6142],[1.9335,46.6257],[1.9399,46.6153],[1.927,46.5987],[1.9229,46.5912],[1.9248,46.5784],[1.9176,46.5765],[1.9123,46.5762],[1.9044,46.5701],[1.8955,46.5672],[1.8852,46.5726],[1.8823,46.5874],[1.8781,46.597],[1.8847,46.6038],[1.8862,46.6142]]]}},{"type":"Feature","properties":{"code":"36003","nom":"Ambrault","app":7.65,"app_bas":6.11,"app_haut":9.59,"app_ech":"maille","app_obs":15,"mai":6.52,"mai_bas":5.35,"mai_haut":7.96,"mai_ech":"maille","mai_obs":41,"a12":9.96,"a3":7.68},"geometry":{"type":"Polygon","coordinates":[[[1.9415,46.8096],[1.9623,46.8128],[1.9721,46.8041],[1.9741,46.7916],[1.9857,46.7823],[1.9862,46.7643],[1.9451,46.7587],[1.9325,46.7597],[1.9173,46.7629],[1.9137,46.7711],[1.9232,46.7785],[1.9127,46.7896],[1.9195,46.7977],[1.9314,46.8093],[1.9415,46.8096]]]}},{"type":"Feature","properties":{"code":"36054","nom":"Cléré-du-Bois","app":8.07,"app_bas":6.07,"app_haut":10.73,"app_ech":"maille","app_obs":1,"mai":6.31,"mai_bas":5.05,"mai_haut":7.88,"mai_ech":"maille","mai_obs":8,"a12":10.91,"a3":6.18},"geometry":{"type":"Polygon","coordinates":[[[1.1098,46.972],[1.1213,46.9681],[1.1423,46.9561],[1.1515,46.954],[1.1355,46.9325],[1.1382,46.9251],[1.1312,46.9151],[1.1338,46.91],[1.131,46.9042],[1.1166,46.9072],[1.1009,46.9084],[1.0893,46.9136],[1.0835,46.9202],[1.0804,46.9298],[1.0747,46.933],[1.0569,46.9373],[1.0449,46.9451],[1.0546,46.9487],[1.0635,46.9573],[1.0599,46.972],[1.0748,46.9731],[1.0811,46.9673],[1.1098,46.972]]]}},{"type":"Feature","properties":{"code":"36077","nom":"Fontguenand","app":8.15,"app_bas":6.26,"app_haut":10.6,"app_ech":"maille","app_obs":0,"mai":6.28,"mai_bas":4.97,"mai_haut":7.93,"mai_ech":"maille","mai_obs":10,"a12":8.45,"a3":6.65},"geometry":{"type":"Polygon","coordinates":[[[1.5327,47.2303],[1.5408,47.2348],[1.5683,47.2237],[1.5776,47.2222],[1.5508,47.2114],[1.5504,47.2015],[1.5564,47.1849],[1.5291,47.174],[1.518,47.1766],[1.5007,47.1935],[1.4986,47.2011],[1.522,47.2085],[1.5281,47.2193],[1.5341,47.2213],[1.5327,47.2303]]]}},{"type":"Feature","properties":{"code":"36097","nom":"Liniez","app":8.53,"app_bas":6.82,"app_haut":10.67,"app_ech":"maille","app_obs":1,"mai":7.18,"mai_bas":5.72,"mai_haut":9.02,"mai_ech":"maille","mai_obs":17,"a12":9.96,"a3":7.68},"geometry":{"type":"Polygon","coordinates":[[[1.7325,46.9883],[1.7262,47.0006],[1.7215,47.0159],[1.7158,47.0232],[1.727,47.0415],[1.7327,47.0378],[1.7521,47.0372],[1.765,47.0416],[1.7724,47.035],[1.7843,47.0293],[1.7862,47.0252],[1.8021,47.0165],[1.7946,47.0072],[1.7953,46.9955],[1.7888,46.9891],[1.776,46.9937],[1.7607,46.9905],[1.7325,46.9883]]]}},{"type":"Feature","properties":{"code":"36133","nom":"Mouhers","app":8,"app_bas":6.4,"app_haut":10,"app_ech":"maille","app_obs":2,"mai":6.08,"mai_bas":4.87,"mai_haut":7.59,"mai_ech":"maille","mai_obs":7,"a12":9.65,"a3":6.22},"geometry":{"type":"Polygon","coordinates":[[[1.7502,46.5737],[1.75,46.5818],[1.7631,46.5901],[1.7713,46.5889],[1.7889,46.58],[1.8055,46.5759],[1.8093,46.5551],[1.8014,46.5425],[1.785,46.5393],[1.7635,46.5399],[1.7566,46.5472],[1.7619,46.5537],[1.7615,46.5642],[1.7502,46.5737]]]}},{"type":"Feature","properties":{"code":"36024","nom":"Bretagne","app":8.53,"app_bas":6.82,"app_haut":10.67,"app_ech":"maille","app_obs":0,"mai":7.18,"mai_bas":5.72,"mai_haut":9.02,"mai_ech":"maille","mai_obs":1,"a12":9.96,"a3":7.68},"geometry":{"type":"Polygon","coordinates":[[[1.7158,47.0232],[1.7215,47.0159],[1.7262,47.0006],[1.7325,46.9883],[1.7102,46.9818],[1.6964,46.9751],[1.6795,46.9799],[1.6654,46.9928],[1.6672,47.003],[1.6827,47.0181],[1.7007,47.0219],[1.7158,47.0232]]]}},{"type":"Feature","properties":{"code":"36179","nom":"Saint-Aoustrille","app":8.53,"app_bas":6.82,"app_haut":10.67,"app_ech":"maille","app_obs":0,"mai":7.41,"mai_bas":5.97,"mai_haut":9.19,"mai_ech":"maille","mai_obs":8,"a12":11.24,"a3":7.04},"geometry":{"type":"Polygon","coordinates":[[[1.8897,46.9374],[1.9136,46.9409],[1.9131,46.9481],[1.9156,46.9535],[1.9309,46.9532],[1.9552,46.9472],[1.9668,46.9467],[1.974,46.9437],[1.9719,46.9362],[1.9593,46.923],[1.9517,46.9231],[1.9372,46.9137],[1.9196,46.9109],[1.9031,46.9104],[1.8957,46.9263],[1.8882,46.9313],[1.8897,46.9374]]]}},{"type":"Feature","properties":{"code":"36085","nom":"Guilly","app":9.12,"app_bas":7.14,"app_haut":11.64,"app_ech":"maille","app_obs":0,"mai":6.65,"mai_bas":5.4,"mai_haut":8.19,"mai_ech":"maille","mai_obs":0,"a12":10.81,"a3":7.68},"geometry":{"type":"Polygon","coordinates":[[[1.7086,47.0604],[1.7022,47.0689],[1.7043,47.0717],[1.6943,47.0805],[1.698,47.0895],[1.7053,47.0947],[1.7295,47.1003],[1.7352,47.1005],[1.7454,47.1141],[1.7412,47.1211],[1.7416,47.1227],[1.7492,47.1224],[1.75,47.1164],[1.7572,47.1105],[1.7603,47.0963],[1.7696,47.0817],[1.7753,47.0765],[1.7738,47.0718],[1.7653,47.0646],[1.7572,47.0731],[1.7344,47.0701],[1.7237,47.0588],[1.7086,47.0604]]]}},{"type":"Feature","properties":{"code":"36137","nom":"Néons-sur-Creuse","app":8.5,"app_bas":6.36,"app_haut":11.37,"app_ech":"maille","app_obs":0,"mai":6.12,"mai_bas":4.72,"mai_haut":7.93,"mai_ech":"maille","mai_obs":13,"a12":9.73,"a3":6.03},"geometry":{"type":"Polygon","coordinates":[[[0.9248,46.7002],[0.9146,46.7101],[0.9056,46.7288],[0.9028,46.7304],[0.901,46.7361],[0.8878,46.7379],[0.87,46.7454],[0.8675,46.7482],[0.8846,46.7549],[0.9247,46.7571],[0.9349,46.7505],[0.9518,46.7325],[0.946,46.7225],[0.9468,46.7147],[0.9317,46.7031],[0.9248,46.7002]]]}},{"type":"Feature","properties":{"code":"36023","nom":"Bouges-le-Château","app":8.53,"app_bas":6.82,"app_haut":10.67,"app_ech":"maille","app_obs":2,"mai":6.34,"mai_bas":4.85,"mai_haut":8.29,"mai_ech":"maille","mai_obs":9,"a12":9.96,"a3":7.68},"geometry":{"type":"Polygon","coordinates":[[[1.6672,47.003],[1.649,47.0039],[1.6249,47.0085],[1.6181,47.0132],[1.6102,47.0288],[1.6241,47.0463],[1.6457,47.0496],[1.6589,47.0598],[1.6681,47.06],[1.6713,47.0558],[1.6888,47.0501],[1.6957,47.0503],[1.708,47.0562],[1.715,47.0477],[1.727,47.0415],[1.7158,47.0232],[1.7007,47.0219],[1.6827,47.0181],[1.6672,47.003]]]}},{"type":"Feature","properties":{"code":"36033","nom":"Celon","app":7.81,"app_bas":6.31,"app_haut":9.66,"app_ech":"maille","app_obs":2,"mai":6.34,"mai_bas":5.13,"mai_haut":7.85,"mai_ech":"maille","mai_obs":25,"a12":8.63,"a3":7.47},"geometry":{"type":"Polygon","coordinates":[[[1.5106,46.5046],[1.5025,46.5056],[1.4962,46.5164],[1.4862,46.5215],[1.484,46.5273],[1.4851,46.5428],[1.4998,46.5528],[1.509,46.5468],[1.5175,46.5485],[1.5234,46.559],[1.5338,46.5603],[1.5287,46.5548],[1.5362,46.5488],[1.5401,46.5397],[1.5367,46.5271],[1.5396,46.522],[1.5197,46.5116],[1.5106,46.5046]]]}},{"type":"Feature","properties":{"code":"36025","nom":"Briantes","app":7.65,"app_bas":6.11,"app_haut":9.59,"app_ech":"maille","app_obs":0,"mai":6.66,"mai_bas":5.19,"mai_haut":8.53,"mai_ech":"maille","mai_obs":20,"a12":8.92,"a3":6.55},"geometry":{"type":"Polygon","coordinates":[[[1.9943,46.537],[1.9892,46.5525],[1.9928,46.5539],[1.9968,46.5667],[2.0438,46.5749],[2.0551,46.5836],[2.0588,46.5721],[2.0645,46.5647],[2.065,46.5578],[2.0477,46.5494],[2.0434,46.5424],[2.0367,46.5386],[2.0365,46.5319],[2.0309,46.5237],[2.0134,46.5187],[1.9984,46.5241],[1.9943,46.537]]]}},{"type":"Feature","properties":{"code":"36161","nom":"Pont-Chrétien-Chabenet","app":7.81,"app_bas":6.31,"app_haut":9.66,"app_ech":"maille","app_obs":18,"mai":7.14,"mai_bas":5.61,"mai_haut":9.07,"mai_ech":"maille","mai_obs":83,"a12":8.63,"a3":7.47},"geometry":{"type":"Polygon","coordinates":[[[1.4641,46.6256],[1.4678,46.6297],[1.4865,46.6335],[1.4961,46.6376],[1.5097,46.6388],[1.5318,46.6468],[1.5288,46.6385],[1.5232,46.6326],[1.5233,46.623],[1.5138,46.6184],[1.4859,46.6159],[1.4708,46.6249],[1.4641,46.6256]]]}},{"type":"Feature","properties":{"code":"36187","nom":"Saint-Civran","app":7.81,"app_bas":6.31,"app_haut":9.66,"app_ech":"maille","app_obs":0,"mai":6.47,"mai_bas":5.08,"mai_haut":8.23,"mai_ech":"maille","mai_obs":10,"a12":8.78,"a3":7.47},"geometry":{"type":"Polygon","coordinates":[[[1.4092,46.5135],[1.4046,46.5074],[1.4108,46.4928],[1.4228,46.4906],[1.4395,46.4914],[1.4332,46.4788],[1.4237,46.4738],[1.4012,46.4773],[1.3896,46.4812],[1.3846,46.4927],[1.3758,46.5007],[1.375,46.505],[1.3907,46.515],[1.4014,46.5197],[1.4092,46.5135]]]}},{"type":"Feature","properties":{"code":"36199","nom":"Sainte-Lizaigne","app":8.53,"app_bas":6.82,"app_haut":10.67,"app_ech":"maille","app_obs":24,"mai":7.41,"mai_bas":5.97,"mai_haut":9.19,"mai_ech":"maille","mai_obs":45,"a12":11.24,"a3":7.68},"geometry":{"type":"Polygon","coordinates":[[[2.0382,47.0332],[2.0432,47.0251],[2.0324,47.0171],[2.0322,47.0016],[2.0294,46.9954],[2.0259,46.9913],[1.9976,46.9758],[1.9945,46.9839],[1.9605,47.0023],[1.956,47.0159],[1.9642,47.036],[1.9781,47.0403],[1.9927,47.0393],[1.9947,47.0249],[2.0225,47.0265],[2.0382,47.0332]]]}},{"type":"Feature","properties":{"code":"36123","nom":"Mézières-en-Brenne","app":7.45,"app_bas":5.95,"app_haut":9.33,"app_ech":"maille","app_obs":23,"mai":6.31,"mai_bas":5.05,"mai_haut":7.88,"mai_ech":"maille","mai_obs":38,"a12":8.45,"a3":6.18},"geometry":{"type":"Polygon","coordinates":[[[1.2854,46.8453],[1.2984,46.8318],[1.3177,46.8266],[1.3059,46.8182],[1.3025,46.8124],[1.3156,46.7987],[1.3135,46.7936],[1.3159,46.7827],[1.3068,46.7801],[1.2951,46.7813],[1.2908,46.7689],[1.279,46.763],[1.2764,46.7592],[1.2586,46.7656],[1.2473,46.7677],[1.2445,46.7799],[1.236,46.7856],[1.2186,46.7869],[1.2133,46.7947],[1.2003,46.8029],[1.2044,46.8101],[1.2051,46.819],[1.1988,46.8261],[1.1971,46.8467],[1.2042,46.8507],[1.2226,46.8542],[1.2623,46.855],[1.2854,46.8453]]]}},{"type":"Feature","properties":{"code":"36144","nom":"Nuret-le-Ferron","app":6.87,"app_bas":5.35,"app_haut":8.81,"app_ech":"maille","app_obs":6,"mai":7.15,"mai_bas":5.8,"mai_haut":8.83,"mai_ech":"maille","mai_obs":12,"a12":8.45,"a3":6.22},"geometry":{"type":"Polygon","coordinates":[[[1.4906,46.7143],[1.4872,46.6961],[1.4879,46.6875],[1.4835,46.679],[1.4715,46.6654],[1.4561,46.6553],[1.4424,46.6694],[1.412,46.6523],[1.4069,46.6587],[1.3953,46.6581],[1.3908,46.6716],[1.3578,46.6987],[1.3677,46.7215],[1.3809,46.7108],[1.3938,46.709],[1.4131,46.7127],[1.4435,46.7154],[1.4594,46.7161],[1.4729,46.7107],[1.4906,46.7143]]]}},{"type":"Feature","properties":{"code":"36209","nom":"Saint-Valentin","app":8.53,"app_bas":6.82,"app_haut":10.67,"app_ech":"maille","app_obs":0,"mai":7.18,"mai_bas":5.72,"mai_haut":9.02,"mai_ech":"maille","mai_obs":8,"a12":9.96,"a3":7.68},"geometry":{"type":"Polygon","coordinates":[[[1.8539,46.9871],[1.8513,46.9799],[1.8534,46.9742],[1.888,46.9657],[1.8963,46.9598],[1.9011,46.9526],[1.9131,46.9481],[1.9136,46.9409],[1.8897,46.9374],[1.8699,46.9449],[1.8507,46.9434],[1.8474,46.9467],[1.8328,46.9499],[1.8192,46.9558],[1.8103,46.9646],[1.796,46.9724],[1.796,46.9779],[1.7897,46.988],[1.8166,46.9814],[1.8539,46.9871]]]}},{"type":"Feature","properties":{"code":"36220","nom":"Thenay","app":7.81,"app_bas":6.31,"app_haut":9.66,"app_ech":"maille","app_obs":7,"mai":6.34,"mai_bas":5.13,"mai_haut":7.85,"mai_ech":"maille","mai_obs":41,"a12":8.63,"a3":7.47},"geometry":{"type":"Polygon","coordinates":[[[1.4126,46.6289],[1.4276,46.6313],[1.433,46.6364],[1.4407,46.6371],[1.4641,46.6256],[1.4708,46.6249],[1.4805,46.6193],[1.4654,46.6085],[1.4665,46.604],[1.4483,46.5943],[1.4448,46.5855],[1.4491,46.5773],[1.4469,46.5711],[1.4499,46.5622],[1.4492,46.5571],[1.4134,46.5617],[1.4019,46.5661],[1.3726,46.5718],[1.3685,46.5748],[1.3881,46.5875],[1.4095,46.5951],[1.4183,46.5999],[1.4226,46.6082],[1.4128,46.6182],[1.4126,46.6289]]]}},{"type":"Feature","properties":{"code":"36242","nom":"Villegongis","app":10.04,"app_bas":7.91,"app_haut":12.74,"app_ech":"maille","app_obs":0,"mai":7.18,"mai_bas":5.72,"mai_haut":9.02,"mai_ech":"maille","mai_obs":0,"a12":9.96,"a3":7.04},"geometry":{"type":"Polygon","coordinates":[[[1.5497,46.9222],[1.5575,46.9361],[1.5859,46.9409],[1.6137,46.9421],[1.6179,46.9411],[1.6349,46.9296],[1.5981,46.9072],[1.5904,46.899],[1.5738,46.9048],[1.5497,46.9222]]]}},{"type":"Feature","properties":{"code":"36012","nom":"Baraize","app":7.81,"app_bas":6.31,"app_haut":9.66,"app_ech":"maille","app_obs":0,"mai":6.34,"mai_bas":5.13,"mai_haut":7.85,"mai_ech":"maille","mai_obs":13,"a12":8.63,"a3":7.47},"geometry":{"type":"Polygon","coordinates":[[[1.584,46.5133],[1.5796,46.4976],[1.5824,46.4943],[1.578,46.4905],[1.5806,46.4844],[1.5893,46.4864],[1.5977,46.4814],[1.602,46.4732],[1.5977,46.4632],[1.5805,46.4598],[1.5561,46.4604],[1.5442,46.4641],[1.5506,46.4773],[1.545,46.4816],[1.5492,46.4989],[1.584,46.5133]]]}},{"type":"Feature","properties":{"code":"36110","nom":"Maillet","app":8,"app_bas":6.4,"app_haut":10,"app_ech":"maille","app_obs":0,"mai":6.08,"mai_bas":4.87,"mai_haut":7.59,"mai_ech":"maille","mai_obs":5,"a12":9.65,"a3":6.22},"geometry":{"type":"Polygon","coordinates":[[[1.6768,46.5425],[1.6692,46.5465],[1.663,46.5621],[1.6663,46.5787],[1.6456,46.5956],[1.6321,46.5988],[1.6313,46.6018],[1.6447,46.6133],[1.6544,46.6173],[1.658,46.6123],[1.6897,46.601],[1.702,46.59],[1.7021,46.5868],[1.7119,46.5734],[1.7175,46.5688],[1.7099,46.5575],[1.6768,46.5425]]]}},{"type":"Feature","properties":{"code":"36114","nom":"Mauvières","app":8.5,"app_bas":6.36,"app_haut":11.37,"app_ech":"maille","app_obs":0,"mai":6.12,"mai_bas":4.72,"mai_haut":7.93,"mai_ech":"maille","mai_obs":16,"a12":10.91,"a3":6.45},"geometry":{"type":"Polygon","coordinates":[[[1.0646,46.5848],[1.0671,46.5901],[1.0618,46.5993],[1.0779,46.6046],[1.0899,46.6061],[1.1271,46.5949],[1.1351,46.5903],[1.1455,46.5781],[1.1413,46.5658],[1.1247,46.5405],[1.1237,46.5223],[1.1155,46.5374],[1.1122,46.5582],[1.1149,46.5714],[1.1094,46.575],[1.0924,46.5686],[1.0819,46.5741],[1.068,46.5741],[1.0646,46.5848]]]}},{"type":"Feature","properties":{"code":"36202","nom":"Saint-Maur","app":10.04,"app_bas":7.91,"app_haut":12.74,"app_ech":"maille","app_obs":69,"mai":8.62,"mai_bas":6.97,"mai_haut":10.67,"mai_ech":"commune","mai_obs":134,"a12":11.24,"a3":7.04},"geometry":{"type":"Polygon","coordinates":[[[1.5878,46.8553],[1.5919,46.8581],[1.5946,46.868],[1.583,46.8752],[1.6073,46.8851],[1.6287,46.8809],[1.6396,46.8764],[1.6507,46.8748],[1.6591,46.8619],[1.6551,46.8437],[1.6388,46.8408],[1.6411,46.8351],[1.654,46.837],[1.662,46.8356],[1.6729,46.8251],[1.6598,46.8045],[1.6487,46.8069],[1.6419,46.7985],[1.6611,46.7957],[1.6713,46.7824],[1.6838,46.7786],[1.6841,46.7733],[1.6763,46.7634],[1.6722,46.753],[1.6648,46.7475],[1.6382,46.7461],[1.6147,46.742],[1.6122,46.7481],[1.5997,46.7475],[1.594,46.7424],[1.5788,46.7381],[1.5687,46.7495],[1.556,46.7541],[1.5778,46.7686],[1.5745,46.7784],[1.576,46.7886],[1.5894,46.8075],[1.6019,46.8082],[1.61,46.8168],[1.6072,46.8211],[1.5958,46.8237],[1.5909,46.8286],[1.5947,46.8504],[1.5878,46.8553]]]}},{"type":"Feature","properties":{"code":"36128","nom":"Montierchaume","app":7.28,"app_bas":5.41,"app_haut":9.79,"app_ech":"maille","app_obs":22,"mai":7.18,"mai_bas":5.72,"mai_haut":9.02,"mai_ech":"maille","mai_obs":37,"a12":9.96,"a3":7.68},"geometry":{"type":"Polygon","coordinates":[[[1.7682,46.9014],[1.795,46.902],[1.8073,46.9056],[1.8173,46.9033],[1.8244,46.8987],[1.8266,46.8922],[1.8166,46.8788],[1.8187,46.8668],[1.8175,46.8628],[1.8034,46.8579],[1.791,46.839],[1.7708,46.8261],[1.7526,46.8305],[1.7323,46.838],[1.7224,46.8456],[1.7295,46.8484],[1.7468,46.8692],[1.7597,46.8744],[1.7666,46.8911],[1.764,46.8978],[1.7682,46.9014]]]}},{"type":"Feature","properties":{"code":"36037","nom":"Champenoise","app":7.28,"app_bas":5.41,"app_haut":9.79,"app_ech":"maille","app_obs":0,"mai":7.18,"mai_bas":5.72,"mai_haut":9.02,"mai_ech":"maille","mai_obs":27,"a12":9.96,"a3":7.68},"geometry":{"type":"Polygon","coordinates":[[[1.7682,46.9014],[1.7472,46.9036],[1.7596,46.9338],[1.7631,46.9371],[1.7681,46.9535],[1.7668,46.9671],[1.7607,46.9905],[1.776,46.9937],[1.7888,46.9891],[1.796,46.9779],[1.796,46.9724],[1.8103,46.9646],[1.8192,46.9558],[1.8328,46.9499],[1.8474,46.9467],[1.8507,46.9434],[1.8427,46.937],[1.8173,46.9033],[1.8073,46.9056],[1.795,46.902],[1.7682,46.9014]]]}},{"type":"Feature","properties":{"code":"36032","nom":"Ceaulmont","app":8,"app_bas":6.4,"app_haut":10,"app_ech":"maille","app_obs":0,"mai":7.14,"mai_bas":5.61,"mai_haut":9.07,"mai_ech":"maille","mai_obs":21,"a12":9.65,"a3":6.22},"geometry":{"type":"Polygon","coordinates":[[[1.584,46.5133],[1.5492,46.4989],[1.5422,46.5081],[1.5396,46.522],[1.5367,46.5271],[1.5401,46.5397],[1.5362,46.5488],[1.5287,46.5548],[1.5338,46.5603],[1.5384,46.5636],[1.54,46.5606],[1.554,46.5563],[1.572,46.5435],[1.5844,46.5252],[1.5817,46.5179],[1.584,46.5133]]]}},{"type":"Feature","properties":{"code":"36190","nom":"Sainte-Fauste","app":8.53,"app_bas":6.82,"app_haut":10.67,"app_ech":"maille","app_obs":0,"mai":6.52,"mai_bas":5.35,"mai_haut":7.96,"mai_ech":"maille","mai_obs":8,"a12":11.24,"a3":7.04},"geometry":{"type":"Polygon","coordinates":[[[1.8304,46.8616],[1.8361,46.8639],[1.857,46.8602],[1.8659,46.8695],[1.8663,46.8751],[1.876,46.8875],[1.8829,46.8903],[1.8869,46.8839],[1.9078,46.8761],[1.8988,46.8569],[1.8882,46.8542],[1.8854,46.8489],[1.8956,46.8469],[1.8989,46.8389],[1.8814,46.8281],[1.8533,46.8271],[1.8406,46.8371],[1.8304,46.8616]]]}},{"type":"Feature","properties":{"code":"36212","nom":"Saulnay","app":7.28,"app_bas":5.41,"app_haut":9.79,"app_ech":"maille","app_obs":3,"mai":6.31,"mai_bas":5.05,"mai_haut":7.88,"mai_ech":"maille","mai_obs":5,"a12":8.45,"a3":6.18},"geometry":{"type":"Polygon","coordinates":[[[1.2854,46.8453],[1.2623,46.855],[1.2226,46.8542],[1.2041,46.8512],[1.2222,46.874],[1.2415,46.8929],[1.2436,46.8968],[1.255,46.8953],[1.27,46.878],[1.2884,46.8793],[1.3029,46.8662],[1.3051,46.8607],[1.2854,46.8453]]]}},{"type":"Feature","properties":{"code":"36230","nom":"Vatan","app":8.51,"app_bas":6.8,"app_haut":10.65,"app_ech":"commune","app_obs":116,"mai":6.58,"mai_bas":5.34,"mai_haut":8.1,"mai_ech":"commune","mai_obs":179,"a12":10.81,"a3":6.65},"geometry":{"type":"Polygon","coordinates":[[[1.8114,47.0891],[1.8274,47.0871],[1.8298,47.0898],[1.8491,47.0822],[1.8596,47.071],[1.8671,47.0495],[1.8623,47.0404],[1.8642,47.0349],[1.8492,47.0462],[1.841,47.0339],[1.8309,47.0319],[1.8255,47.0261],[1.8021,47.0165],[1.7862,47.0252],[1.7843,47.0293],[1.7937,47.0438],[1.803,47.0648],[1.8036,47.0707],[1.8114,47.0891]]]}},{"type":"Feature","properties":{"code":"36205","nom":"Saint-Pierre-de-Jards","app":7.92,"app_bas":6.25,"app_haut":10.05,"app_ech":"maille","app_obs":0,"mai":6.94,"mai_bas":5.58,"mai_haut":8.64,"mai_ech":"maille","mai_obs":0,"a12":10.81,"a3":6.65},"geometry":{"type":"Polygon","coordinates":[[[1.942,47.0823],[1.9467,47.1026],[1.9372,47.1109],[1.9473,47.1167],[1.9664,47.1254],[1.9816,47.1234],[1.9967,47.127],[2.0002,47.1139],[1.999,47.1076],[1.9919,47.0929],[1.9849,47.0849],[1.9661,47.0738],[1.9603,47.0783],[1.942,47.0823]]]}},{"type":"Feature","properties":{"code":"36047","nom":"Châtre-Langlin","app":7.81,"app_bas":6.31,"app_haut":9.66,"app_ech":"maille","app_obs":0,"mai":6.47,"mai_bas":5.08,"mai_haut":8.23,"mai_ech":"maille","mai_obs":16,"a12":8.78,"a3":7.47},"geometry":{"type":"Polygon","coordinates":[[[1.3766,46.3833],[1.3625,46.3956],[1.356,46.4001],[1.3447,46.4016],[1.3551,46.4069],[1.3544,46.4196],[1.3583,46.4334],[1.3717,46.4344],[1.3836,46.4421],[1.3933,46.4393],[1.4095,46.4265],[1.4206,46.4233],[1.4243,46.4186],[1.4351,46.4167],[1.4323,46.4116],[1.4223,46.404],[1.4114,46.3998],[1.4099,46.3937],[1.3993,46.3845],[1.3966,46.3719],[1.3835,46.3748],[1.3766,46.3833]]]}},{"type":"Feature","properties":{"code":"36192","nom":"Saint-Gaultier","app":6.94,"app_bas":5.39,"app_haut":8.93,"app_ech":"commune","app_obs":132,"mai":7.14,"mai_bas":5.61,"mai_haut":9.07,"mai_ech":"maille","mai_obs":90,"a12":8.45,"a3":7.47},"geometry":{"type":"Polygon","coordinates":[[[1.4126,46.6289],[1.4062,46.6313],[1.4122,46.6467],[1.412,46.6523],[1.4424,46.6694],[1.4561,46.6553],[1.4445,46.6454],[1.4407,46.6371],[1.433,46.6364],[1.4276,46.6313],[1.4126,46.6289]]]}},{"type":"Feature","properties":{"code":"36001","nom":"Aigurande","app":7.83,"app_bas":6.27,"app_haut":9.77,"app_ech":"commune","app_obs":105,"mai":6.3,"mai_bas":4.98,"mai_haut":7.98,"mai_ech":"maille","mai_obs":61,"a12":8.92,"a3":6.41},"geometry":{"type":"Polygon","coordinates":[[[1.884,46.4326],[1.858,46.4335],[1.8457,46.4315],[1.8384,46.4273],[1.8185,46.4314],[1.8168,46.4395],[1.8031,46.4469],[1.7982,46.4549],[1.8069,46.4637],[1.805,46.4745],[1.8185,46.4761],[1.8207,46.486],[1.8303,46.4885],[1.8468,46.4855],[1.8543,46.4805],[1.8552,46.4716],[1.869,46.4721],[1.8764,46.4673],[1.8711,46.4617],[1.8611,46.4583],[1.8609,46.4534],[1.8775,46.4445],[1.8842,46.4445],[1.8998,46.4386],[1.8907,46.4415],[1.8831,46.4393],[1.884,46.4326]]]}},{"type":"Feature","properties":{"code":"36088","nom":"Issoudun","app":8.7,"app_bas":6.95,"app_haut":10.9,"app_ech":"commune","app_obs":1351,"mai":7.2,"mai_bas":5.81,"mai_haut":8.92,"mai_ech":"commune","mai_obs":851,"a12":10.53,"a3":8.23},"geometry":{"type":"Polygon","coordinates":[[[2.0172,46.9102],[2.0138,46.9088],[2.0055,46.9101],[1.9909,46.9165],[1.9743,46.9157],[1.9593,46.923],[1.9719,46.9362],[1.974,46.9437],[1.9668,46.9467],[1.9552,46.9472],[1.9309,46.9532],[1.9391,46.9664],[1.961,46.9655],[1.9697,46.963],[1.9886,46.9643],[1.9976,46.9758],[2.0059,46.9806],[2.0225,46.9751],[2.0365,46.973],[2.046,46.968],[2.0593,46.9639],[2.0846,46.9586],[2.0814,46.9566],[2.0702,46.9544],[2.0466,46.955],[2.0349,46.9501],[2.0255,46.9349],[2.0065,46.9258],[2.0172,46.9102]]]}},{"type":"Feature","properties":{"code":"36175","nom":"Rouvres-les-Bois","app":9.12,"app_bas":7.14,"app_haut":11.64,"app_ech":"maille","app_obs":0,"mai":6.34,"mai_bas":4.85,"mai_haut":8.29,"mai_ech":"maille","mai_obs":4,"a12":10.81,"a3":6.65},"geometry":{"type":"Polygon","coordinates":[[[1.6114,47.0654],[1.6156,47.0842],[1.6302,47.1073],[1.6402,47.1067],[1.652,47.0965],[1.6672,47.0894],[1.6943,47.0805],[1.7043,47.0717],[1.7022,47.0689],[1.7086,47.0604],[1.708,47.0562],[1.6957,47.0503],[1.6888,47.0501],[1.6713,47.0558],[1.6681,47.06],[1.6589,47.0598],[1.6457,47.0496],[1.6241,47.0463],[1.6115,47.053],[1.6141,47.0584],[1.6114,47.0654]]]}},{"type":"Feature","properties":{"code":"36247","nom":"Vineuil","app":10.04,"app_bas":7.91,"app_haut":12.74,"app_ech":"maille","app_obs":0,"mai":7.18,"mai_bas":5.72,"mai_haut":9.02,"mai_ech":"maille","mai_obs":49,"a12":9.96,"a3":7.04},"geometry":{"type":"Polygon","coordinates":[[[1.6349,46.9296],[1.6514,46.9391],[1.6825,46.9497],[1.6971,46.9323],[1.7004,46.9259],[1.7108,46.9164],[1.6985,46.9081],[1.6843,46.8908],[1.6756,46.8735],[1.6756,46.8691],[1.6679,46.8714],[1.6533,46.8706],[1.6507,46.8748],[1.6396,46.8764],[1.6287,46.8809],[1.6073,46.8851],[1.5975,46.895],[1.5904,46.899],[1.5981,46.9072],[1.6349,46.9296]]]}},{"type":"Feature","properties":{"code":"36004","nom":"Anjouin","app":9.12,"app_bas":7.14,"app_haut":11.64,"app_ech":"maille","app_obs":0,"mai":8.11,"mai_bas":6.35,"mai_haut":10.36,"mai_ech":"maille","mai_obs":10,"a12":10.81,"a3":6.65},"geometry":{"type":"Polygon","coordinates":[[[1.8146,47.23],[1.828,47.2223],[1.8391,47.2193],[1.8401,47.213],[1.8374,47.1985],[1.8422,47.1776],[1.8226,47.1734],[1.8139,47.1666],[1.8006,47.1668],[1.7889,47.1793],[1.7805,47.1829],[1.773,47.2018],[1.7826,47.2193],[1.7837,47.2276],[1.7761,47.2314],[1.791,47.2315],[1.7958,47.2378],[1.8088,47.2339],[1.8146,47.23]]]}},{"type":"Feature","properties":{"code":"36170","nom":"Reboursin","app":7.92,"app_bas":6.25,"app_haut":10.05,"app_ech":"maille","app_obs":0,"mai":6.65,"mai_bas":5.4,"mai_haut":8.19,"mai_ech":"maille","mai_obs":2,"a12":11.24,"a3":7.68},"geometry":{"type":"Polygon","coordinates":[[[1.8114,47.0891],[1.803,47.0923],[1.7959,47.0991],[1.7782,47.123],[1.781,47.1289],[1.791,47.1257],[1.7937,47.1209],[1.8227,47.1221],[1.839,47.117],[1.8467,47.111],[1.8348,47.1027],[1.8298,47.0898],[1.8274,47.0871],[1.8114,47.0891]]]}},{"type":"Feature","properties":{"code":"36180","nom":"Saint-Août","app":7.65,"app_bas":6.11,"app_haut":9.59,"app_ech":"maille","app_obs":12,"mai":6.52,"mai_bas":5.35,"mai_haut":7.96,"mai_ech":"maille","mai_obs":34,"a12":9.96,"a3":7.04},"geometry":{"type":"Polygon","coordinates":[[[2.018,46.6934],[2.0122,46.701],[2.0019,46.7063],[1.9917,46.7065],[1.9799,46.6992],[1.9425,46.698],[1.9229,46.7013],[1.9023,46.6898],[1.9031,46.6961],[1.8971,46.7018],[1.8993,46.7122],[1.9095,46.7276],[1.9127,46.7377],[1.9124,46.7454],[1.9328,46.758],[1.9325,46.7597],[1.9451,46.7587],[1.9862,46.7643],[1.9948,46.7492],[1.997,46.7378],[2.0039,46.7365],[2.0084,46.7311],[2.0179,46.7298],[2.023,46.7378],[2.0329,46.7389],[2.0288,46.7199],[2.0356,46.7092],[2.018,46.6934]]]}},{"type":"Feature","properties":{"code":"36222","nom":"Thizay","app":7.65,"app_bas":6.11,"app_haut":9.59,"app_ech":"maille","app_obs":0,"mai":7.18,"mai_bas":5.72,"mai_haut":9.02,"mai_ech":"maille","mai_obs":2,"a12":11.24,"a3":7.04},"geometry":{"type":"Polygon","coordinates":[[[1.9439,46.8866],[1.9266,46.8839],[1.9078,46.8761],[1.8869,46.8839],[1.8829,46.8903],[1.8857,46.8931],[1.9019,46.899],[1.9196,46.9109],[1.9372,46.9137],[1.9517,46.9231],[1.9593,46.923],[1.9743,46.9157],[1.9617,46.906],[1.9439,46.8866]]]}},{"type":"Feature","properties":{"code":"36127","nom":"Montgivray","app":7.65,"app_bas":6.11,"app_haut":9.59,"app_ech":"maille","app_obs":9,"mai":6.66,"mai_bas":5.19,"mai_haut":8.53,"mai_ech":"maille","mai_obs":41,"a12":8.92,"a3":6.22},"geometry":{"type":"Polygon","coordinates":[[[2.0066,46.5879],[2.0011,46.5861],[1.9854,46.5873],[1.9646,46.577],[1.9337,46.5723],[1.9204,46.5715],[1.9176,46.5765],[1.9248,46.5784],[1.9229,46.5912],[1.927,46.5987],[1.9399,46.6153],[1.9524,46.6143],[1.9612,46.6186],[1.9811,46.6164],[1.9957,46.6193],[2.0041,46.5967],[2.0281,46.6078],[2.0306,46.6029],[2.0243,46.5966],[2.0066,46.5879]]]}},{"type":"Feature","properties":{"code":"36197","nom":"Saint-Hilaire-sur-Benaize","app":7.5,"app_bas":6.06,"app_haut":9.28,"app_ech":"maille","app_obs":2,"mai":6.12,"mai_bas":4.72,"mai_haut":7.93,"mai_ech":"maille","mai_obs":10,"a12":10.91,"a3":6.45},"geometry":{"type":"Polygon","coordinates":[[[1.0646,46.5848],[1.068,46.5741],[1.0819,46.5741],[1.0924,46.5686],[1.1094,46.575],[1.1149,46.5714],[1.1122,46.5582],[1.1155,46.5374],[1.1237,46.5223],[1.1083,46.5315],[1.0876,46.5382],[1.0723,46.5372],[1.0636,46.5393],[1.0551,46.5374],[1.0204,46.5371],[1.022,46.5537],[1.0194,46.5638],[1.0148,46.5678],[1.0232,46.5709],[1.0339,46.5841],[1.0459,46.5868],[1.0646,46.5848]]]}},{"type":"Feature","properties":{"code":"36211","nom":"Sassierges-Saint-Germain","app":7.65,"app_bas":6.11,"app_haut":9.59,"app_ech":"maille","app_obs":0,"mai":7.18,"mai_bas":5.72,"mai_haut":9.02,"mai_ech":"maille","mai_obs":26,"a12":11.24,"a3":7.04},"geometry":{"type":"Polygon","coordinates":[[[1.9127,46.7896],[1.9232,46.7785],[1.9137,46.7711],[1.9173,46.7629],[1.9325,46.7597],[1.9328,46.758],[1.9124,46.7454],[1.9127,46.7377],[1.9095,46.7276],[1.8993,46.7122],[1.8971,46.7018],[1.8827,46.7043],[1.8825,46.7235],[1.8717,46.7361],[1.8698,46.7451],[1.8734,46.7485],[1.8688,46.7558],[1.8631,46.7564],[1.8501,46.7651],[1.8496,46.7698],[1.8545,46.778],[1.8709,46.7916],[1.8941,46.7898],[1.9029,46.7838],[1.9127,46.7896]]]}},{"type":"Feature","properties":{"code":"36036","nom":"Chalais","app":6.87,"app_bas":5.35,"app_haut":8.81,"app_ech":"maille","app_obs":1,"mai":6.47,"mai_bas":5.08,"mai_haut":8.23,"mai_ech":"maille","mai_obs":4,"a12":8.45,"a3":6.45},"geometry":{"type":"Polygon","coordinates":[[[1.2707,46.5712],[1.2752,46.5681],[1.2705,46.5593],[1.2578,46.5505],[1.2498,46.5411],[1.2447,46.5253],[1.2343,46.5131],[1.2382,46.508],[1.2542,46.5079],[1.2535,46.5039],[1.2439,46.496],[1.2361,46.494],[1.2303,46.5013],[1.1831,46.5246],[1.1833,46.5331],[1.1776,46.544],[1.1794,46.5532],[1.1954,46.56],[1.1995,46.5756],[1.2078,46.5807],[1.2276,46.5864],[1.2309,46.5841],[1.2382,46.5691],[1.2534,46.5694],[1.2602,46.5673],[1.2707,46.5712]]]}},{"type":"Feature","properties":{"code":"36070","nom":"Éguzon-Chantôme","app":7.81,"app_bas":6.31,"app_haut":9.66,"app_ech":"maille","app_obs":1,"mai":6.3,"mai_bas":4.98,"mai_haut":7.98,"mai_ech":"maille","mai_obs":55,"a12":8.63,"a3":7.47},"geometry":{"type":"Polygon","coordinates":[[[1.5442,46.4641],[1.5561,46.4604],[1.5805,46.4598],[1.5977,46.4632],[1.6131,46.455],[1.6176,46.4494],[1.6104,46.4359],[1.6138,46.4308],[1.6091,46.4232],[1.5984,46.4152],[1.592,46.4073],[1.5744,46.4064],[1.5624,46.4015],[1.5525,46.3941],[1.5462,46.3935],[1.544,46.4169],[1.5351,46.4245],[1.5253,46.4266],[1.5276,46.4331],[1.5255,46.4451],[1.5174,46.4528],[1.536,46.4521],[1.5442,46.4641]]]}},{"type":"Feature","properties":{"code":"36163","nom":"Pouligny-Notre-Dame","app":8,"app_bas":6.4,"app_haut":10,"app_ech":"maille","app_obs":1,"mai":6.08,"mai_bas":4.87,"mai_haut":7.59,"mai_ech":"maille","mai_obs":51,"a12":8.92,"a3":6.41},"geometry":{"type":"Polygon","coordinates":[[[1.9908,46.4352],[1.9788,46.4415],[1.9675,46.4508],[1.9712,46.4695],[1.9809,46.4852],[1.9684,46.4936],[1.9777,46.5027],[1.9832,46.4976],[2.0019,46.4948],[2.0169,46.504],[2.0436,46.5049],[2.0526,46.4926],[2.052,46.4855],[2.0415,46.4707],[2.0346,46.4666],[2.0293,46.4536],[2.0062,46.4417],[1.9908,46.4352]]]}},{"type":"Feature","properties":{"code":"36226","nom":"Tranzault","app":7.65,"app_bas":6.11,"app_haut":9.59,"app_ech":"maille","app_obs":7,"mai":6.52,"mai_bas":5.35,"mai_haut":7.96,"mai_ech":"maille","mai_obs":3,"a12":8.92,"a3":7.04},"geometry":{"type":"Polygon","coordinates":[[[1.8694,46.6004],[1.8463,46.6054],[1.8338,46.6102],[1.8121,46.6229],[1.816,46.6233],[1.8444,46.6461],[1.8666,46.6423],[1.8814,46.6255],[1.8862,46.6142],[1.8847,46.6038],[1.8781,46.597],[1.8694,46.6004]]]}},{"type":"Feature","properties":{"code":"36182","nom":"Saint-Benoît-du-Sault","app":8.66,"app_bas":6.75,"app_haut":11.13,"app_ech":"maille","app_obs":34,"mai":6.47,"mai_bas":5.08,"mai_haut":8.23,"mai_ech":"maille","mai_obs":21,"a12":8.78,"a3":6.41},"geometry":{"type":"Polygon","coordinates":[[[1.4118,46.4565],[1.4099,46.4493],[1.3933,46.4393],[1.3836,46.4421],[1.4029,46.4531],[1.4118,46.4565]]]}},{"type":"Feature","properties":{"code":"36198","nom":"Saint-Lactencin","app":7.28,"app_bas":5.41,"app_haut":9.79,"app_ech":"maille","app_obs":0,"mai":7.15,"mai_bas":5.8,"mai_haut":8.83,"mai_ech":"maille","mai_obs":28,"a12":9.96,"a3":6.18},"geometry":{"type":"Polygon","coordinates":[[[1.55,46.9232],[1.5377,46.908],[1.5269,46.9018],[1.5285,46.894],[1.5408,46.8791],[1.5232,46.8689],[1.5174,46.869],[1.4958,46.8745],[1.475,46.872],[1.4611,46.8732],[1.4518,46.8767],[1.4359,46.8854],[1.4395,46.8929],[1.4521,46.8965],[1.4717,46.9103],[1.4925,46.9216],[1.52,46.9171],[1.5289,46.9264],[1.5412,46.9317],[1.5421,46.9253],[1.55,46.9232]]]}},{"type":"Feature","properties":{"code":"36031","nom":"Buzançais","app":7.93,"app_bas":5.9,"app_haut":10.67,"app_ech":"commune","app_obs":226,"mai":6.82,"mai_bas":5.37,"mai_haut":8.67,"mai_ech":"commune","mai_obs":270,"a12":8.45,"a3":6.79},"geometry":{"type":"Polygon","coordinates":[[[1.4717,46.9103],[1.4521,46.8965],[1.4395,46.8929],[1.4359,46.8854],[1.4518,46.8767],[1.4395,46.8692],[1.4454,46.8604],[1.4388,46.8556],[1.4362,46.8455],[1.4235,46.8344],[1.4232,46.8294],[1.4127,46.8277],[1.3941,46.8392],[1.3768,46.8457],[1.3745,46.8549],[1.3787,46.8597],[1.3708,46.8691],[1.3715,46.8769],[1.3808,46.8871],[1.3804,46.9104],[1.3762,46.9227],[1.3813,46.9356],[1.3929,46.9424],[1.406,46.9399],[1.414,46.9344],[1.4452,46.9236],[1.4581,46.9222],[1.4717,46.9103]]]}},{"type":"Feature","properties":{"code":"36147","nom":"Orville","app":9.12,"app_bas":7.14,"app_haut":11.64,"app_ech":"maille","app_obs":0,"mai":8.11,"mai_bas":6.35,"mai_haut":10.36,"mai_ech":"maille","mai_obs":2,"a12":8.45,"a3":6.65},"geometry":{"type":"Polygon","coordinates":[[[1.7492,47.1224],[1.7416,47.1227],[1.7445,47.135],[1.7437,47.1415],[1.76,47.1391],[1.7739,47.1494],[1.7899,47.1587],[1.8006,47.1668],[1.8139,47.1666],[1.811,47.1633],[1.8082,47.1532],[1.7904,47.1428],[1.7745,47.1308],[1.7579,47.1274],[1.7492,47.1224]]]}},{"type":"Feature","properties":{"code":"36079","nom":"Francillon","app":10.04,"app_bas":7.91,"app_haut":12.74,"app_ech":"maille","app_obs":0,"mai":7.18,"mai_bas":5.72,"mai_haut":9.02,"mai_ech":"maille","mai_obs":1,"a12":9.96,"a3":7.04},"geometry":{"type":"Polygon","coordinates":[[[1.5463,46.9578],[1.5782,46.9668],[1.5782,46.9531],[1.5859,46.9409],[1.5575,46.9361],[1.55,46.9232],[1.5421,46.9253],[1.5412,46.9317],[1.5301,46.945],[1.5359,46.9476],[1.5463,46.9578]]]}},{"type":"Feature","properties":{"code":"36104","nom":"Lurais","app":8.5,"app_bas":6.36,"app_haut":11.37,"app_ech":"maille","app_obs":0,"mai":6.12,"mai_bas":4.72,"mai_haut":7.93,"mai_ech":"maille","mai_obs":14,"a12":9.73,"a3":6.03},"geometry":{"type":"Polygon","coordinates":[[[0.9248,46.7002],[0.9317,46.7031],[0.9468,46.7147],[0.9699,46.6901],[0.97,46.6861],[0.9605,46.6818],[0.9479,46.6794],[0.9396,46.6712],[0.9154,46.6649],[0.9073,46.6664],[0.9107,46.6772],[0.9023,46.6777],[0.9044,46.6814],[0.9247,46.6928],[0.9248,46.7002]]]}},{"type":"Feature","properties":{"code":"36135","nom":"Moulins-sur-Céphons","app":8.53,"app_bas":6.82,"app_haut":10.67,"app_ech":"maille","app_obs":9,"mai":6.34,"mai_bas":4.85,"mai_haut":8.29,"mai_ech":"maille","mai_obs":13,"a12":8.45,"a3":6.18},"geometry":{"type":"Polygon","coordinates":[[[1.5429,47.0421],[1.5514,47.0333],[1.5814,47.0313],[1.588,47.0279],[1.5973,47.0308],[1.6102,47.0288],[1.6181,47.0132],[1.6061,47.0187],[1.5914,47.0101],[1.5833,46.9988],[1.5805,46.9904],[1.5874,46.9802],[1.5789,46.9704],[1.5617,46.9718],[1.5432,46.9862],[1.5327,46.9965],[1.5186,47.0071],[1.5094,47.0111],[1.5216,47.0161],[1.5283,47.0362],[1.5429,47.0421]]]}},{"type":"Feature","properties":{"code":"36146","nom":"Orsennes","app":8,"app_bas":6.4,"app_haut":10,"app_ech":"maille","app_obs":2,"mai":6.3,"mai_bas":4.98,"mai_haut":7.98,"mai_ech":"maille","mai_obs":25,"a12":9.65,"a3":6.41},"geometry":{"type":"Polygon","coordinates":[[[1.6883,46.5473],[1.6969,46.5452],[1.7166,46.5345],[1.7179,46.5291],[1.7051,46.5154],[1.709,46.5102],[1.7009,46.502],[1.7156,46.4831],[1.7195,46.4694],[1.7292,46.4598],[1.7476,46.45],[1.7527,46.4455],[1.7398,46.4361],[1.7253,46.4417],[1.72,46.4405],[1.7168,46.4294],[1.6991,46.4228],[1.6887,46.4251],[1.6859,46.4195],[1.6765,46.4214],[1.6718,46.4408],[1.6748,46.4543],[1.6755,46.4667],[1.6679,46.4774],[1.6554,46.4814],[1.6583,46.491],[1.6675,46.4936],[1.6606,46.5029],[1.6627,46.5073],[1.6721,46.5132],[1.6724,46.5352],[1.6641,46.5392],[1.6768,46.5425],[1.6883,46.5473]]]}},{"type":"Feature","properties":{"code":"36181","nom":"Saint-Aubin","app":8.8,"app_bas":7.14,"app_haut":10.84,"app_ech":"maille","app_obs":4,"mai":6.66,"mai_bas":5.19,"mai_haut":8.53,"mai_ech":"maille","mai_obs":2,"a12":8.92,"a3":7.04},"geometry":{"type":"Polygon","coordinates":[[[2.0138,46.9088],[2.0172,46.9102],[2.0477,46.8853],[2.0632,46.8619],[2.0624,46.8498],[2.0728,46.8377],[2.0688,46.8346],[2.048,46.8323],[2.0274,46.825],[1.9983,46.8442],[2.0094,46.8522],[2.0087,46.8573],[2.0008,46.8661],[2.0016,46.8722],[2.0089,46.8723],[2.0082,46.881],[2.016,46.8894],[2.0138,46.9088]]]}},{"type":"Feature","properties":{"code":"36218","nom":"Sougé","app":8.07,"app_bas":6.07,"app_haut":10.73,"app_ech":"maille","app_obs":0,"mai":6.38,"mai_bas":5.02,"mai_haut":8.11,"mai_ech":"maille","mai_obs":3,"a12":8.45,"a3":6.18},"geometry":{"type":"Polygon","coordinates":[[[1.4503,46.9709],[1.4637,46.9802],[1.4668,46.9892],[1.4759,46.9869],[1.4872,46.9886],[1.4883,46.9815],[1.4945,46.9744],[1.4969,46.9651],[1.5137,46.9519],[1.5192,46.9507],[1.5136,46.9468],[1.4886,46.9446],[1.4819,46.9493],[1.4693,46.9496],[1.4596,46.9616],[1.4505,46.9655],[1.4503,46.9709]]]}},{"type":"Feature","properties":{"code":"36044","nom":"Châteauroux","app":10.33,"app_bas":8.14,"app_haut":13.11,"app_ech":"commune","app_obs":6929,"mai":8.52,"mai_bas":6.94,"mai_haut":10.47,"mai_ech":"commune","mai_obs":1734,"a12":12.36,"a3":8.93},"geometry":{"type":"Polygon","coordinates":[[[1.7411,46.8024],[1.7194,46.7908],[1.7061,46.7791],[1.6953,46.7752],[1.6713,46.7824],[1.6611,46.7957],[1.6419,46.7985],[1.6487,46.8069],[1.6598,46.8045],[1.6729,46.8251],[1.6812,46.8288],[1.6934,46.8285],[1.7005,46.8215],[1.7078,46.82],[1.713,46.8266],[1.7192,46.8271],[1.7273,46.822],[1.7291,46.8104],[1.7424,46.8057],[1.7411,46.8024]]]}},{"type":"Feature","properties":{"code":"36048","nom":"Chavin","app":7.28,"app_bas":5.41,"app_haut":9.79,"app_ech":"maille","app_obs":0,"mai":7.14,"mai_bas":5.61,"mai_haut":9.07,"mai_ech":"maille","mai_obs":2,"a12":9.65,"a3":7.47},"geometry":{"type":"Polygon","coordinates":[[[1.6269,46.5405],[1.5905,46.5468],[1.5852,46.5514],[1.5901,46.5575],[1.588,46.5679],[1.5962,46.574],[1.6049,46.5856],[1.6156,46.5897],[1.6262,46.5738],[1.6358,46.563],[1.6328,46.5532],[1.6385,46.5453],[1.6269,46.5405]]]}},{"type":"Feature","properties":{"code":"36112","nom":"Mâron","app":8.53,"app_bas":6.82,"app_haut":10.67,"app_ech":"maille","app_obs":1,"mai":7.18,"mai_bas":5.72,"mai_haut":9.02,"mai_ech":"maille","mai_obs":41,"a12":9.96,"a3":7.68},"geometry":{"type":"Polygon","coordinates":[[[1.8113,46.7898],[1.8241,46.8116],[1.8344,46.8182],[1.8503,46.8232],[1.8533,46.8271],[1.8814,46.8281],[1.8864,46.8173],[1.8915,46.8139],[1.8971,46.8004],[1.9195,46.7977],[1.9127,46.7896],[1.9029,46.7838],[1.8941,46.7898],[1.8709,46.7916],[1.8545,46.778],[1.8496,46.7698],[1.8356,46.7735],[1.8192,46.7838],[1.8113,46.7898]]]}},{"type":"Feature","properties":{"code":"36062","nom":"Cuzion","app":8,"app_bas":6.4,"app_haut":10,"app_ech":"maille","app_obs":0,"mai":6.08,"mai_bas":4.87,"mai_haut":7.59,"mai_ech":"maille","mai_obs":28,"a12":9.65,"a3":7.47},"geometry":{"type":"Polygon","coordinates":[[[1.5824,46.4943],[1.5941,46.4966],[1.6068,46.4956],[1.6291,46.5005],[1.6428,46.4813],[1.6441,46.4741],[1.6327,46.4705],[1.6322,46.4628],[1.6376,46.4424],[1.6341,46.4381],[1.6209,46.4317],[1.6138,46.4308],[1.6104,46.4359],[1.6176,46.4494],[1.6131,46.455],[1.5977,46.4632],[1.602,46.4732],[1.5977,46.4814],[1.5893,46.4864],[1.5806,46.4844],[1.578,46.4905],[1.5824,46.4943]]]}},{"type":"Feature","properties":{"code":"36166","nom":"Préaux","app":8.07,"app_bas":6.07,"app_haut":10.73,"app_ech":"maille","app_obs":1,"mai":6.28,"mai_bas":4.97,"mai_haut":7.93,"mai_ech":"maille","mai_obs":4,"a12":8.45,"a3":6.18},"geometry":{"type":"Polygon","coordinates":[[[1.2892,47.0629],[1.3017,47.0596],[1.3278,47.0582],[1.3375,47.0533],[1.3431,47.0383],[1.3462,47.0124],[1.3204,46.9981],[1.307,46.9962],[1.2958,47.0034],[1.2864,47.0127],[1.2736,47.0175],[1.2639,47.0171],[1.249,47.0208],[1.2731,47.0378],[1.2745,47.0496],[1.2892,47.0629]]]}},{"type":"Feature","properties":{"code":"36158","nom":"Badecon-le-Pin","app":7.81,"app_bas":6.31,"app_haut":9.66,"app_ech":"maille","app_obs":16,"mai":6.08,"mai_bas":4.87,"mai_haut":7.59,"mai_ech":"maille","mai_obs":39,"a12":8.63,"a3":7.47},"geometry":{"type":"Polygon","coordinates":[[[1.572,46.5435],[1.5905,46.5468],[1.6269,46.5405],[1.6333,46.5292],[1.6248,46.5266],[1.6072,46.5177],[1.5993,46.5204],[1.584,46.5133],[1.5817,46.5179],[1.5844,46.5252],[1.572,46.5435]]]}},{"type":"Feature","properties":{"code":"36206","nom":"Saint-Pierre-de-Lamps","app":null,"app_bas":null,"app_haut":null,"app_ech":null,"app_obs":0,"mai":null,"mai_bas":null,"mai_haut":null,"mai_ech":null,"mai_obs":0,"a12":null,"a3":null},"geometry":{"type":"Polygon","coordinates":[[[1.4872,46.9886],[1.4937,46.9921],[1.5157,46.9822],[1.522,46.977],[1.5317,46.9645],[1.5463,46.9578],[1.5359,46.9476],[1.5301,46.945],[1.5192,46.9507],[1.5137,46.9519],[1.4969,46.9651],[1.4945,46.9744],[1.4883,46.9815],[1.4872,46.9886]]]}},{"type":"Feature","properties":{"code":"36131","nom":"Mosnay","app":7.28,"app_bas":5.41,"app_haut":9.79,"app_ech":"maille","app_obs":1,"mai":7.14,"mai_bas":5.61,"mai_haut":9.07,"mai_ech":"maille","mai_obs":12,"a12":9.96,"a3":6.22},"geometry":{"type":"Polygon","coordinates":[[[1.6313,46.6018],[1.6161,46.5903],[1.6118,46.6015],[1.5926,46.6022],[1.5873,46.6114],[1.5978,46.6245],[1.5974,46.64],[1.6092,46.6543],[1.6264,46.6489],[1.6543,46.6554],[1.6592,46.6545],[1.6553,46.6408],[1.6632,46.6291],[1.6544,46.6173],[1.6447,46.6133],[1.6313,46.6018]]]}},{"type":"Feature","properties":{"code":"36029","nom":"Buxeuil","app":9.12,"app_bas":7.14,"app_haut":11.64,"app_ech":"maille","app_obs":0,"mai":6.28,"mai_bas":4.97,"mai_haut":7.93,"mai_ech":"maille","mai_obs":4,"a12":8.45,"a3":6.65},"geometry":{"type":"Polygon","coordinates":[[[1.7412,47.1211],[1.7264,47.1288],[1.702,47.1272],[1.69,47.1249],[1.6856,47.1113],[1.6672,47.0894],[1.652,47.0965],[1.6518,47.1081],[1.6678,47.1269],[1.6739,47.1378],[1.7105,47.1522],[1.7213,47.1556],[1.7281,47.1531],[1.7344,47.1433],[1.7437,47.1415],[1.7445,47.135],[1.7412,47.1211]]]}},{"type":"Feature","properties":{"code":"36118","nom":"Méobecq","app":6.87,"app_bas":5.35,"app_haut":8.81,"app_ech":"maille","app_obs":0,"mai":6.38,"mai_bas":5.02,"mai_haut":8.11,"mai_ech":"maille","mai_obs":33,"a12":8.45,"a3":6.18},"geometry":{"type":"Polygon","coordinates":[[[1.3631,46.7312],[1.3609,46.7368],[1.3656,46.742],[1.3755,46.7443],[1.3908,46.7579],[1.4095,46.7638],[1.419,46.7748],[1.4324,46.781],[1.4447,46.7819],[1.4606,46.7662],[1.4509,46.7561],[1.448,46.7452],[1.4491,46.7392],[1.4434,46.7276],[1.4435,46.7154],[1.4131,46.7127],[1.3938,46.709],[1.3809,46.7108],[1.3677,46.7215],[1.3631,46.7312]]]}},{"type":"Feature","properties":{"code":"36193","nom":"Sainte-Gemme","app":7.28,"app_bas":5.41,"app_haut":9.79,"app_ech":"maille","app_obs":0,"mai":6.38,"mai_bas":5.02,"mai_haut":8.11,"mai_ech":"maille","mai_obs":13,"a12":10.91,"a3":6.22},"geometry":{"type":"Polygon","coordinates":[[[1.2854,46.8453],[1.3051,46.8607],[1.3029,46.8662],[1.2884,46.8793],[1.2991,46.8828],[1.3237,46.8841],[1.3298,46.8903],[1.362,46.8857],[1.3808,46.8871],[1.3715,46.8769],[1.3708,46.8691],[1.3787,46.8597],[1.3745,46.8549],[1.3768,46.8457],[1.3441,46.8351],[1.3354,46.8346],[1.3177,46.8266],[1.2984,46.8318],[1.2854,46.8453]]]}},{"type":"Feature","properties":{"code":"36240","nom":"Vijon","app":7.19,"app_bas":5.72,"app_haut":9.03,"app_ech":"maille","app_obs":0,"mai":6.61,"mai_bas":4.99,"mai_haut":8.74,"mai_ech":"maille","mai_obs":10,"a12":10.3,"a3":6.65},"geometry":{"type":"Polygon","coordinates":[[[2.0887,46.4103],[2.0901,46.4194],[2.0963,46.4333],[2.0951,46.4372],[2.0831,46.4403],[2.0854,46.447],[2.0982,46.4508],[2.1092,46.4585],[2.1237,46.4591],[2.1392,46.4503],[2.1428,46.4556],[2.1514,46.4577],[2.1547,46.4438],[2.1544,46.4341],[2.1678,46.4241],[2.1297,46.4199],[2.1126,46.4208],[2.1084,46.4135],[2.1004,46.4108],[2.0887,46.4103]]]}},{"type":"Feature","properties":{"code":"36050","nom":"Chezelles","app":10.04,"app_bas":7.91,"app_haut":12.74,"app_ech":"maille","app_obs":1,"mai":7.18,"mai_bas":5.72,"mai_haut":9.02,"mai_ech":"maille","mai_obs":19,"a12":9.96,"a3":7.04},"geometry":{"type":"Polygon","coordinates":[[[1.5497,46.9222],[1.5738,46.9048],[1.5904,46.899],[1.5975,46.895],[1.6073,46.8851],[1.583,46.8752],[1.5753,46.8785],[1.5635,46.8752],[1.5408,46.8791],[1.5285,46.894],[1.5269,46.9018],[1.5377,46.908],[1.5497,46.9222]]]}},{"type":"Feature","properties":{"code":"36067","nom":"Dunet","app":6.87,"app_bas":5.35,"app_haut":8.81,"app_ech":"maille","app_obs":2,"mai":6.47,"mai_bas":5.08,"mai_haut":8.23,"mai_ech":"maille","mai_obs":0,"a12":8.78,"a3":7.47},"geometry":{"type":"Polygon","coordinates":[[[1.275,46.4576],[1.2635,46.4647],[1.2575,46.4723],[1.2656,46.4793],[1.2702,46.4899],[1.2817,46.4852],[1.3002,46.4705],[1.3193,46.4736],[1.3192,46.4656],[1.2926,46.454],[1.275,46.4576]]]}},{"type":"Feature","properties":{"code":"36006","nom":"Argenton-sur-Creuse","app":8.76,"app_bas":7.08,"app_haut":10.83,"app_ech":"commune","app_obs":840,"mai":7.14,"mai_bas":5.78,"mai_haut":8.83,"mai_ech":"commune","mai_obs":401,"a12":10.31,"a3":8.12},"geometry":{"type":"Polygon","coordinates":[[[1.5432,46.5899],[1.5277,46.5808],[1.5357,46.5708],[1.5384,46.5636],[1.5338,46.5603],[1.5234,46.559],[1.5175,46.5485],[1.509,46.5468],[1.492,46.5588],[1.468,46.5678],[1.4499,46.5622],[1.4469,46.5711],[1.4491,46.5773],[1.4448,46.5855],[1.4483,46.5943],[1.4665,46.604],[1.4835,46.6025],[1.4925,46.6046],[1.5056,46.5967],[1.52,46.595],[1.5432,46.5899]]]}},{"type":"Feature","properties":{"code":"36066","nom":"Douadic","app":8.5,"app_bas":6.36,"app_haut":11.37,"app_ech":"maille","app_obs":0,"mai":6.12,"mai_bas":4.72,"mai_haut":7.93,"mai_ech":"maille","mai_obs":45,"a12":10.91,"a3":6.22},"geometry":{"type":"Polygon","coordinates":[[[1.1142,46.6701],[1.1039,46.6778],[1.093,46.68],[1.082,46.6885],[1.0814,46.6972],[1.0583,46.7234],[1.0636,46.7353],[1.0794,46.7312],[1.0978,46.731],[1.1073,46.7338],[1.1168,46.7324],[1.1585,46.7358],[1.1578,46.7202],[1.153,46.7102],[1.1562,46.7049],[1.1678,46.7028],[1.1668,46.691],[1.1623,46.685],[1.1621,46.6755],[1.1305,46.6669],[1.123,46.6659],[1.1142,46.6701]]]}},{"type":"Feature","properties":{"code":"36121","nom":"Meunet-Planches","app":8.8,"app_bas":7.14,"app_haut":10.84,"app_ech":"maille","app_obs":0,"mai":6.52,"mai_bas":5.35,"mai_haut":7.96,"mai_ech":"maille","mai_obs":6,"a12":11.24,"a3":7.04},"geometry":{"type":"Polygon","coordinates":[[[1.9415,46.8096],[1.94,46.8167],[1.9434,46.8262],[1.9485,46.8322],[1.9508,46.8432],[1.9443,46.8555],[1.9533,46.8599],[1.9509,46.8679],[1.9429,46.8803],[1.9439,46.8866],[1.9472,46.8901],[1.9677,46.8786],[1.9802,46.8595],[1.9773,46.8538],[1.9869,46.8457],[1.9983,46.8442],[2.0274,46.825],[2.0067,46.8122],[1.9903,46.8185],[1.9415,46.8096]]]}},{"type":"Feature","properties":{"code":"36227","nom":"Urciers","app":7.35,"app_bas":5.73,"app_haut":9.42,"app_ech":"maille","app_obs":0,"mai":6.23,"mai_bas":4.72,"mai_haut":8.22,"mai_ech":"maille","mai_obs":6,"a12":8.92,"a3":6.55},"geometry":{"type":"Polygon","coordinates":[[[2.1828,46.5133],[2.1688,46.5122],[2.1554,46.517],[2.141,46.5176],[2.1363,46.5152],[2.1317,46.5033],[2.1262,46.5022],[2.1146,46.5092],[2.1125,46.5203],[2.1132,46.5304],[2.1213,46.5425],[2.1278,46.5465],[2.1394,46.5458],[2.1587,46.5573],[2.1631,46.5494],[2.1777,46.5307],[2.1819,46.5225],[2.1828,46.5133]]]}},{"type":"Feature","properties":{"code":"36243","nom":"Villegouin","app":8.07,"app_bas":6.07,"app_haut":10.73,"app_ech":"maille","app_obs":0,"mai":6.28,"mai_bas":4.97,"mai_haut":7.93,"mai_ech":"maille","mai_obs":10,"a12":8.45,"a3":6.18},"geometry":{"type":"Polygon","coordinates":[[[1.3632,46.9371],[1.3669,46.9438],[1.3486,46.9589],[1.3347,46.9659],[1.3332,46.9746],[1.307,46.9962],[1.3204,46.9981],[1.3462,47.0124],[1.3614,46.9933],[1.369,46.9923],[1.3708,46.9844],[1.3777,46.9726],[1.3855,46.9679],[1.3886,46.9595],[1.3959,46.9527],[1.3929,46.9424],[1.3813,46.9356],[1.3632,46.9371]]]}},{"type":"Feature","properties":{"code":"36087","nom":"Ingrandes","app":8.5,"app_bas":6.36,"app_haut":11.37,"app_ech":"maille","app_obs":15,"mai":6.12,"mai_bas":4.72,"mai_haut":7.93,"mai_ech":"maille","mai_obs":11,"a12":10.91,"a3":6.03},"geometry":{"type":"Polygon","coordinates":[[[0.9735,46.6186],[0.9911,46.6157],[0.9721,46.6031],[0.9753,46.5921],[0.9849,46.5819],[0.982,46.5733],[0.9627,46.5743],[0.9414,46.5809],[0.9372,46.586],[0.9378,46.5944],[0.9462,46.5965],[0.9593,46.6109],[0.9735,46.6186]]]}},{"type":"Feature","properties":{"code":"36101","nom":"Luant","app":8.53,"app_bas":6.82,"app_haut":10.67,"app_ech":"maille","app_obs":13,"mai":7.14,"mai_bas":5.61,"mai_haut":9.07,"mai_ech":"maille","mai_obs":51,"a12":11.24,"a3":7.04},"geometry":{"type":"Polygon","coordinates":[[[1.561,46.6978],[1.5501,46.7024],[1.5465,46.7085],[1.5299,46.7215],[1.5218,46.7214],[1.5181,46.7316],[1.5156,46.7468],[1.5301,46.7512],[1.5324,46.7572],[1.5456,46.7539],[1.556,46.7541],[1.5687,46.7495],[1.5788,46.7381],[1.594,46.7424],[1.5997,46.7475],[1.6122,46.7481],[1.6147,46.742],[1.591,46.7091],[1.584,46.6926],[1.5725,46.6973],[1.561,46.6978]]]}},{"type":"Feature","properties":{"code":"36207","nom":"Saint-Plantaire","app":7.81,"app_bas":6.31,"app_haut":9.66,"app_ech":"maille","app_obs":0,"mai":6.3,"mai_bas":4.98,"mai_haut":7.98,"mai_ech":"maille","mai_obs":2,"a12":8.63,"a3":7.47},"geometry":{"type":"Polygon","coordinates":[[[1.6428,46.4813],[1.6554,46.4814],[1.6679,46.4774],[1.6755,46.4667],[1.6748,46.4543],[1.6718,46.4408],[1.6765,46.4214],[1.6859,46.4195],[1.6612,46.4035],[1.6552,46.3951],[1.6448,46.3868],[1.6288,46.3882],[1.6216,46.3974],[1.6143,46.3995],[1.6143,46.4053],[1.6227,46.4183],[1.62,46.4217],[1.6091,46.4232],[1.6138,46.4308],[1.6209,46.4317],[1.6341,46.4381],[1.6376,46.4424],[1.6322,46.4628],[1.6327,46.4705],[1.6441,46.4741],[1.6428,46.4813]]]}},{"type":"Feature","properties":{"code":"36007","nom":"Argy","app":7.28,"app_bas":5.41,"app_haut":9.79,"app_ech":"maille","app_obs":4,"mai":6.38,"mai_bas":5.02,"mai_haut":8.11,"mai_ech":"maille","mai_obs":23,"a12":9.96,"a3":6.18},"geometry":{"type":"Polygon","coordinates":[[[1.4717,46.9103],[1.4581,46.9222],[1.4452,46.9236],[1.414,46.9344],[1.406,46.9399],[1.3929,46.9424],[1.3959,46.9527],[1.3886,46.9595],[1.3855,46.9679],[1.4263,46.9623],[1.4388,46.9702],[1.4503,46.9709],[1.4505,46.9655],[1.4596,46.9616],[1.4693,46.9496],[1.4819,46.9493],[1.4886,46.9446],[1.5136,46.9468],[1.5192,46.9507],[1.5301,46.945],[1.5412,46.9317],[1.5289,46.9264],[1.52,46.9171],[1.4925,46.9216],[1.4717,46.9103]]]}},{"type":"Feature","properties":{"code":"36063","nom":"Déols","app":9.59,"app_bas":7.56,"app_haut":12.17,"app_ech":"commune","app_obs":268,"mai":8.31,"mai_bas":6.6,"mai_haut":10.45,"mai_ech":"commune","mai_obs":346,"a12":11.7,"a3":8.68},"geometry":{"type":"Polygon","coordinates":[[[1.7704,46.8192],[1.7552,46.8138],[1.7543,46.8103],[1.7424,46.8057],[1.7291,46.8104],[1.7273,46.822],[1.7192,46.8271],[1.713,46.8266],[1.7078,46.82],[1.7005,46.8215],[1.6934,46.8285],[1.6812,46.8288],[1.6729,46.8251],[1.662,46.8356],[1.654,46.837],[1.6411,46.8351],[1.6388,46.8408],[1.6551,46.8437],[1.6591,46.8619],[1.6533,46.8706],[1.6679,46.8714],[1.6756,46.8691],[1.6841,46.8626],[1.694,46.8655],[1.7048,46.8731],[1.7167,46.8629],[1.7224,46.8456],[1.7323,46.838],[1.7526,46.8305],[1.7708,46.8261],[1.7704,46.8192]]]}},{"type":"Feature","properties":{"code":"36159","nom":"Poinçonnet","app":10.04,"app_bas":7.91,"app_haut":12.74,"app_ech":"maille","app_obs":50,"mai":8.62,"mai_bas":7.06,"mai_haut":10.53,"mai_ech":"commune","mai_obs":239,"a12":11.24,"a3":7.04},"geometry":{"type":"Polygon","coordinates":[[[1.7411,46.8024],[1.7472,46.7915],[1.7568,46.7865],[1.7637,46.786],[1.7699,46.7805],[1.7725,46.766],[1.7805,46.755],[1.7476,46.7386],[1.7831,46.7112],[1.7555,46.7071],[1.7493,46.7096],[1.7405,46.7177],[1.7276,46.7385],[1.6684,46.7384],[1.6733,46.7471],[1.6722,46.753],[1.6763,46.7634],[1.6841,46.7733],[1.6838,46.7786],[1.6953,46.7752],[1.7061,46.7791],[1.7194,46.7908],[1.7411,46.8024]]]}},{"type":"Feature","properties":{"code":"36064","nom":"Diors","app":10.04,"app_bas":7.91,"app_haut":12.74,"app_ech":"maille","app_obs":0,"mai":7.18,"mai_bas":5.72,"mai_haut":9.02,"mai_ech":"maille","mai_obs":26,"a12":11.24,"a3":7.68},"geometry":{"type":"Polygon","coordinates":[[[1.8113,46.7898],[1.8009,46.795],[1.7961,46.8076],[1.7836,46.8137],[1.7725,46.8127],[1.7704,46.8192],[1.7708,46.8261],[1.791,46.839],[1.8034,46.8579],[1.8175,46.8628],[1.8187,46.8668],[1.8304,46.8616],[1.8406,46.8371],[1.8533,46.8271],[1.8503,46.8232],[1.8344,46.8182],[1.8241,46.8116],[1.8113,46.7898]]]}},{"type":"Feature","properties":{"code":"36076","nom":"Fontgombault","app":7.87,"app_bas":6.19,"app_haut":10,"app_ech":"maille","app_obs":5,"mai":6.12,"mai_bas":4.72,"mai_haut":7.93,"mai_ech":"maille","mai_obs":17,"a12":9.73,"a3":6.03},"geometry":{"type":"Polygon","coordinates":[[[0.9396,46.6712],[0.9479,46.6794],[0.9605,46.6818],[0.97,46.6861],[0.9699,46.6901],[0.9879,46.6863],[0.9916,46.6928],[1.0052,46.6808],[1.0059,46.6755],[0.9983,46.6707],[0.9825,46.6682],[0.9621,46.66],[0.9518,46.6505],[0.9449,46.6521],[0.9515,46.6616],[0.9396,46.6712]]]}},{"type":"Feature","properties":{"code":"36246","nom":"Villiers","app":7.28,"app_bas":5.41,"app_haut":9.79,"app_ech":"maille","app_obs":0,"mai":6.38,"mai_bas":5.02,"mai_haut":8.11,"mai_ech":"maille","mai_obs":2,"a12":10.91,"a3":7.39},"geometry":{"type":"Polygon","coordinates":[[[1.1657,46.884],[1.1735,46.9008],[1.1812,46.9084],[1.1907,46.9136],[1.2078,46.9097],[1.2152,46.9112],[1.2213,46.9072],[1.226,46.8965],[1.2436,46.8968],[1.2415,46.8929],[1.2222,46.874],[1.2041,46.8512],[1.2008,46.854],[1.1791,46.8616],[1.1676,46.8632],[1.1654,46.8677],[1.1657,46.884]]]}},{"type":"Feature","properties":{"code":"36056","nom":"Cluis","app":8,"app_bas":6.4,"app_haut":10,"app_ech":"maille","app_obs":55,"mai":6.08,"mai_bas":4.87,"mai_haut":7.59,"mai_ech":"maille","mai_obs":41,"a12":9.65,"a3":6.41},"geometry":{"type":"Polygon","coordinates":[[[1.709,46.5102],[1.7051,46.5154],[1.7179,46.5291],[1.7166,46.5345],[1.6969,46.5452],[1.6883,46.5473],[1.7099,46.5575],[1.7175,46.5688],[1.7502,46.5737],[1.7615,46.5642],[1.7619,46.5537],[1.7566,46.5472],[1.7635,46.5399],[1.785,46.5393],[1.7911,46.5312],[1.7906,46.5224],[1.7976,46.5145],[1.7953,46.5127],[1.776,46.5115],[1.7697,46.5092],[1.7714,46.503],[1.7575,46.5049],[1.7502,46.508],[1.7344,46.5104],[1.7207,46.5059],[1.709,46.5102]]]}},{"type":"Feature","properties":{"code":"36071","nom":"Étrechet","app":10.04,"app_bas":7.91,"app_haut":12.74,"app_ech":"maille","app_obs":9,"mai":8.54,"mai_bas":6.94,"mai_haut":10.49,"mai_ech":"maille","mai_obs":33,"a12":11.24,"a3":7.04},"geometry":{"type":"Polygon","coordinates":[[[1.7424,46.8057],[1.7543,46.8103],[1.7552,46.8138],[1.7704,46.8192],[1.7725,46.8127],[1.7836,46.8137],[1.7961,46.8076],[1.8009,46.795],[1.8113,46.7898],[1.8192,46.7838],[1.8023,46.7794],[1.785,46.7703],[1.7784,46.7586],[1.7725,46.766],[1.7699,46.7805],[1.7637,46.786],[1.7568,46.7865],[1.7472,46.7915],[1.7411,46.8024],[1.7424,46.8057]]]}},{"type":"Feature","properties":{"code":"36195","nom":"Saint-Georges-sur-Arnon","app":8.8,"app_bas":7.14,"app_haut":10.84,"app_ech":"maille","app_obs":1,"mai":7.41,"mai_bas":5.97,"mai_haut":9.19,"mai_ech":"maille","mai_obs":29,"a12":11.24,"a3":7.71},"geometry":{"type":"Polygon","coordinates":[[[2.0059,46.9806],[2.0259,46.9913],[2.0294,46.9954],[2.0339,46.9976],[2.0631,46.9949],[2.0683,47.004],[2.0772,47.0081],[2.083,47.0186],[2.0969,47.0124],[2.1089,46.9972],[2.0958,46.9897],[2.0946,46.9806],[2.0909,46.9667],[2.0846,46.9586],[2.0593,46.9639],[2.046,46.968],[2.0365,46.973],[2.0225,46.9751],[2.0059,46.9806]]]}},{"type":"Feature","properties":{"code":"36239","nom":"Vigoux","app":7.81,"app_bas":6.31,"app_haut":9.66,"app_ech":"maille","app_obs":0,"mai":6.34,"mai_bas":5.13,"mai_haut":7.85,"mai_ech":"maille","mai_obs":19,"a12":8.78,"a3":7.47},"geometry":{"type":"Polygon","coordinates":[[[1.4727,46.4757],[1.4567,46.4965],[1.4587,46.5006],[1.4563,46.5163],[1.4489,46.5271],[1.4379,46.5308],[1.4258,46.5417],[1.4283,46.5456],[1.4492,46.5571],[1.4499,46.5622],[1.468,46.5678],[1.492,46.5588],[1.4998,46.5528],[1.4851,46.5428],[1.484,46.5273],[1.4862,46.5215],[1.4962,46.5164],[1.5025,46.5056],[1.5106,46.5046],[1.5108,46.4952],[1.5053,46.4827],[1.5089,46.4648],[1.5071,46.4601],[1.4828,46.4666],[1.4727,46.4757]]]}},{"type":"Feature","properties":{"code":"36059","nom":"Condé","app":8.8,"app_bas":7.14,"app_haut":10.84,"app_ech":"maille","app_obs":5,"mai":7.41,"mai_bas":5.97,"mai_haut":9.19,"mai_ech":"maille","mai_obs":0,"a12":11.24,"a3":7.04},"geometry":{"type":"Polygon","coordinates":[[[1.9472,46.8901],[1.9617,46.906],[1.9743,46.9157],[1.9909,46.9165],[2.0055,46.9101],[2.0138,46.9088],[2.016,46.8894],[2.0082,46.881],[2.0089,46.8723],[2.0016,46.8722],[2.0008,46.8661],[2.0087,46.8573],[2.0094,46.8522],[1.9983,46.8442],[1.9869,46.8457],[1.9773,46.8538],[1.9802,46.8595],[1.9677,46.8786],[1.9472,46.8901]]]}},{"type":"Feature","properties":{"code":"36115","nom":"Menetou-sur-Nahon","app":8.15,"app_bas":6.26,"app_haut":10.6,"app_ech":"maille","app_obs":0,"mai":8.11,"mai_bas":6.35,"mai_haut":10.36,"mai_ech":"maille","mai_obs":0,"a12":10.81,"a3":6.65},"geometry":{"type":"Polygon","coordinates":[[[1.6209,47.2308],[1.6395,47.2427],[1.6494,47.2361],[1.6466,47.2327],[1.6541,47.2209],[1.6544,47.2147],[1.6425,47.2136],[1.6313,47.2102],[1.6142,47.216],[1.6211,47.2217],[1.6209,47.2308]]]}},{"type":"Feature","properties":{"code":"36119","nom":"Mérigny","app":7.87,"app_bas":6.19,"app_haut":10,"app_ech":"maille","app_obs":9,"mai":6.12,"mai_bas":4.72,"mai_haut":7.93,"mai_ech":"maille","mai_obs":28,"a12":10.91,"a3":6.03},"geometry":{"type":"Polygon","coordinates":[[[0.8955,46.6318],[0.9065,46.6478],[0.9174,46.6504],[0.9073,46.6664],[0.9154,46.6649],[0.9396,46.6712],[0.9515,46.6616],[0.9449,46.6521],[0.9518,46.6505],[0.9561,46.6403],[0.9726,46.6369],[0.9651,46.6217],[0.9735,46.6186],[0.9593,46.6109],[0.9462,46.5965],[0.9378,46.5944],[0.9159,46.5966],[0.9099,46.6034],[0.9069,46.6152],[0.8943,46.6257],[0.8955,46.6318]]]}},{"type":"Feature","properties":{"code":"36130","nom":"Montlevicq","app":7.65,"app_bas":6.11,"app_haut":9.59,"app_ech":"maille","app_obs":0,"mai":6.66,"mai_bas":5.19,"mai_haut":8.53,"mai_ech":"maille","mai_obs":4,"a12":8.45,"a3":6.22},"geometry":{"type":"Polygon","coordinates":[[[2.0717,46.604],[2.0836,46.6054],[2.0971,46.6012],[2.1072,46.5887],[2.1154,46.5848],[2.1116,46.5613],[2.1007,46.5579],[2.0928,46.5587],[2.0792,46.5568],[2.065,46.5578],[2.0645,46.5647],[2.0588,46.5721],[2.0551,46.5836],[2.0557,46.5924],[2.0717,46.604]]]}},{"type":"Feature","properties":{"code":"36136","nom":"Murs","app":7.28,"app_bas":5.41,"app_haut":9.79,"app_ech":"maille","app_obs":0,"mai":6.38,"mai_bas":5.02,"mai_haut":8.11,"mai_ech":"maille","mai_obs":5,"a12":10.91,"a3":7.39},"geometry":{"type":"Polygon","coordinates":[[[1.1657,46.884],[1.1499,46.895],[1.1443,46.9079],[1.1338,46.91],[1.1312,46.9151],[1.1382,46.9251],[1.1355,46.9325],[1.1574,46.9609],[1.1731,46.9599],[1.181,46.954],[1.1829,46.9463],[1.1835,46.9282],[1.1907,46.9136],[1.1812,46.9084],[1.1735,46.9008],[1.1657,46.884]]]}},{"type":"Feature","properties":{"code":"36075","nom":"Fontenay","app":8.53,"app_bas":6.82,"app_haut":10.67,"app_ech":"maille","app_obs":0,"mai":6.65,"mai_bas":5.4,"mai_haut":8.19,"mai_ech":"maille","mai_obs":0,"a12":9.96,"a3":7.68},"geometry":{"type":"Polygon","coordinates":[[[1.7086,47.0604],[1.7237,47.0588],[1.7344,47.0701],[1.7572,47.0731],[1.7653,47.0646],[1.7685,47.0559],[1.765,47.0416],[1.7521,47.0372],[1.7327,47.0378],[1.715,47.0477],[1.708,47.0562],[1.7086,47.0604]]]}},{"type":"Feature","properties":{"code":"36113","nom":"Martizay","app":7.45,"app_bas":5.95,"app_haut":9.33,"app_ech":"maille","app_obs":2,"mai":6.31,"mai_bas":5.05,"mai_haut":7.88,"mai_ech":"maille","mai_obs":32,"a12":8.45,"a3":6.18},"geometry":{"type":"Polygon","coordinates":[[[1.0095,46.7688],[1.0003,46.7821],[1.005,46.7905],[1.0025,46.7945],[0.9872,46.7982],[0.9875,46.8046],[1.0067,46.8149],[1.0105,46.8374],[1.0226,46.8456],[1.028,46.8449],[1.0375,46.8279],[1.0436,46.8203],[1.0674,46.8169],[1.0803,46.8099],[1.0977,46.8044],[1.0934,46.7869],[1.0843,46.7814],[1.0669,46.775],[1.0525,46.7711],[1.0373,46.7715],[1.0114,46.7701],[1.0095,46.7688]]]}},{"type":"Feature","properties":{"code":"36216","nom":"Selles-sur-Nahon","app":7.28,"app_bas":5.41,"app_haut":9.79,"app_ech":"maille","app_obs":0,"mai":6.38,"mai_bas":5.02,"mai_haut":8.11,"mai_ech":"maille","mai_obs":0,"a12":8.45,"a3":7.68},"geometry":{"type":"Polygon","coordinates":[[[1.4677,47.0316],[1.4789,47.0268],[1.4816,47.018],[1.4574,47.007],[1.4478,47.0059],[1.4299,47.0117],[1.4275,47.0157],[1.4346,47.0229],[1.4408,47.0224],[1.4609,47.0266],[1.4677,47.0316]]]}},{"type":"Feature","properties":{"code":"36011","nom":"Bagneux","app":8.15,"app_bas":6.26,"app_haut":10.6,"app_ech":"maille","app_obs":0,"mai":8.11,"mai_bas":6.35,"mai_haut":10.36,"mai_ech":"maille","mai_obs":6,"a12":10.81,"a3":6.65},"geometry":{"type":"Polygon","coordinates":[[[1.7213,47.1556],[1.7169,47.1583],[1.7178,47.1657],[1.7245,47.1752],[1.7335,47.1818],[1.7438,47.1926],[1.7631,47.1939],[1.773,47.2018],[1.7805,47.1829],[1.7889,47.1793],[1.8006,47.1668],[1.7899,47.1587],[1.7739,47.1494],[1.76,47.1391],[1.7344,47.1433],[1.7281,47.1531],[1.7213,47.1556]]]}},{"type":"Feature","properties":{"code":"36091","nom":"Lacs","app":7.65,"app_bas":6.11,"app_haut":9.59,"app_ech":"maille","app_obs":0,"mai":6.66,"mai_bas":5.19,"mai_haut":8.53,"mai_ech":"maille","mai_obs":16,"a12":8.45,"a3":6.22},"geometry":{"type":"Polygon","coordinates":[[[2.0066,46.5879],[2.0243,46.5966],[2.0306,46.6029],[2.0281,46.6078],[2.0466,46.6187],[2.0542,46.6085],[2.0717,46.604],[2.0557,46.5924],[2.0551,46.5836],[2.0438,46.5749],[1.9968,46.5667],[2.0141,46.5762],[2.0066,46.5879]]]}},{"type":"Feature","properties":{"code":"36125","nom":"Migny","app":8.8,"app_bas":7.14,"app_haut":10.84,"app_ech":"maille","app_obs":0,"mai":7.83,"mai_bas":6.3,"mai_haut":9.73,"mai_ech":"maille","mai_obs":0,"a12":13.71,"a3":7.71},"geometry":{"type":"Polygon","coordinates":[[[2.0382,47.0332],[2.0314,47.0423],[2.0457,47.0422],[2.0535,47.0382],[2.0683,47.026],[2.0755,47.0254],[2.083,47.0186],[2.0772,47.0081],[2.0683,47.004],[2.0631,46.9949],[2.0339,46.9976],[2.0294,46.9954],[2.0322,47.0016],[2.0324,47.0171],[2.0432,47.0251],[2.0382,47.0332]]]}},{"type":"Feature","properties":{"code":"36164","nom":"Pouligny-Saint-Martin","app":7.35,"app_bas":5.73,"app_haut":9.42,"app_ech":"maille","app_obs":0,"mai":6.61,"mai_bas":4.99,"mai_haut":8.74,"mai_ech":"maille","mai_obs":5,"a12":8.92,"a3":6.65},"geometry":{"type":"Polygon","coordinates":[[[2.0365,46.5319],[2.0414,46.5299],[2.0461,46.5192],[2.0436,46.5049],[2.0169,46.504],[2.0019,46.4948],[1.9832,46.4976],[1.9777,46.5027],[1.9809,46.5087],[1.9739,46.5145],[1.9718,46.5291],[1.9739,46.533],[1.9943,46.537],[1.9984,46.5241],[2.0134,46.5187],[2.0309,46.5237],[2.0365,46.5319]]]}},{"type":"Feature","properties":{"code":"36016","nom":"Bélâbre","app":7.5,"app_bas":6.06,"app_haut":9.28,"app_ech":"maille","app_obs":21,"mai":6.47,"mai_bas":5.08,"mai_haut":8.23,"mai_ech":"maille","mai_obs":46,"a12":10.91,"a3":6.45},"geometry":{"type":"Polygon","coordinates":[[[1.2282,46.5882],[1.2276,46.5864],[1.2078,46.5807],[1.1995,46.5756],[1.1954,46.56],[1.1794,46.5532],[1.1776,46.544],[1.1833,46.5331],[1.1831,46.5246],[1.1741,46.5212],[1.1548,46.5052],[1.1491,46.5022],[1.1459,46.5064],[1.1237,46.5223],[1.1247,46.5405],[1.1413,46.5658],[1.1455,46.5781],[1.1351,46.5903],[1.1271,46.5949],[1.1382,46.5979],[1.1465,46.5952],[1.1755,46.5939],[1.1894,46.5945],[1.2074,46.5892],[1.2217,46.587],[1.2282,46.5882]]]}},{"type":"Feature","properties":{"code":"36028","nom":"Buxerette","app":7.35,"app_bas":5.73,"app_haut":9.42,"app_ech":"maille","app_obs":2,"mai":6.08,"mai_bas":4.87,"mai_haut":7.59,"mai_ech":"maille","mai_obs":0,"a12":8.92,"a3":6.41},"geometry":{"type":"Polygon","coordinates":[[[1.7714,46.503],[1.7697,46.5092],[1.776,46.5115],[1.7953,46.5127],[1.7976,46.5145],[1.8075,46.5126],[1.809,46.5026],[1.8169,46.4936],[1.8242,46.4902],[1.8299,46.4926],[1.8303,46.4885],[1.8207,46.486],[1.8185,46.4761],[1.805,46.4745],[1.8019,46.4789],[1.7783,46.4931],[1.7714,46.503]]]}},{"type":"Feature","properties":{"code":"36106","nom":"Luzeret","app":6.87,"app_bas":5.35,"app_haut":8.81,"app_ech":"maille","app_obs":0,"mai":6.34,"mai_bas":5.13,"mai_haut":7.85,"mai_ech":"maille","mai_obs":17,"a12":8.63,"a3":6.1},"geometry":{"type":"Polygon","coordinates":[[[1.3685,46.5748],[1.3726,46.5718],[1.4019,46.5661],[1.4134,46.5617],[1.4492,46.5571],[1.4283,46.5456],[1.4258,46.5417],[1.4156,46.5372],[1.403,46.5267],[1.3742,46.5271],[1.3677,46.523],[1.3573,46.5248],[1.3586,46.529],[1.3512,46.5344],[1.3315,46.535],[1.3356,46.5439],[1.3507,46.5471],[1.3523,46.5642],[1.3584,46.5697],[1.3685,46.5748]]]}},{"type":"Feature","properties":{"code":"36027","nom":"Brives","app":7.65,"app_bas":6.11,"app_haut":9.59,"app_ech":"maille","app_obs":0,"mai":6.52,"mai_bas":5.35,"mai_haut":7.96,"mai_ech":"maille","mai_obs":15,"a12":9.96,"a3":7.68},"geometry":{"type":"Polygon","coordinates":[[[1.9439,46.8866],[1.9429,46.8803],[1.9509,46.8679],[1.9533,46.8599],[1.9443,46.8555],[1.9508,46.8432],[1.9485,46.8322],[1.9434,46.8262],[1.9389,46.8348],[1.9201,46.8336],[1.9174,46.839],[1.9081,46.8405],[1.8989,46.8389],[1.8956,46.8469],[1.8854,46.8489],[1.8882,46.8542],[1.8988,46.8569],[1.9078,46.8761],[1.9266,46.8839],[1.9439,46.8866]]]}},{"type":"Feature","properties":{"code":"36068","nom":"Dun-le-Poëlier","app":9.12,"app_bas":7.14,"app_haut":11.64,"app_ech":"maille","app_obs":0,"mai":8.11,"mai_bas":6.35,"mai_haut":10.36,"mai_ech":"maille","mai_obs":12,"a12":10.81,"a3":6.65},"geometry":{"type":"Polygon","coordinates":[[[1.7095,47.2138],[1.7166,47.2238],[1.7167,47.2322],[1.7387,47.2438],[1.75,47.2473],[1.7837,47.2276],[1.7826,47.2193],[1.773,47.2018],[1.7631,47.1939],[1.7438,47.1926],[1.7273,47.201],[1.7095,47.2138]]]}},{"type":"Feature","properties":{"code":"36018","nom":"Blanc","app":7.87,"app_bas":6.14,"app_haut":10.09,"app_ech":"commune","app_obs":870,"mai":6.82,"mai_bas":5.36,"mai_haut":8.67,"mai_ech":"commune","mai_obs":460,"a12":9.41,"a3":6.88},"geometry":{"type":"Polygon","coordinates":[[[1.0618,46.5993],[1.0613,46.6074],[1.0457,46.6142],[1.0218,46.6121],[1.0159,46.6151],[1.0167,46.6214],[1.0256,46.6242],[1.0332,46.6318],[1.0399,46.6335],[1.0499,46.6414],[1.0475,46.6444],[1.0595,46.6587],[1.0686,46.6597],[1.0865,46.6545],[1.1142,46.6701],[1.123,46.6659],[1.1305,46.6669],[1.1621,46.6755],[1.1762,46.6615],[1.1615,46.6523],[1.1533,46.6389],[1.1526,46.6313],[1.1476,46.6256],[1.1371,46.6231],[1.1289,46.6092],[1.1382,46.5979],[1.1271,46.5949],[1.0899,46.6061],[1.0779,46.6046],[1.0618,46.5993]]]}},{"type":"Feature","properties":{"code":"36051","nom":"Chitray","app":7.28,"app_bas":5.41,"app_haut":9.79,"app_ech":"maille","app_obs":1,"mai":7.15,"mai_bas":5.8,"mai_haut":8.83,"mai_ech":"maille","mai_obs":6,"a12":10.91,"a3":6.22},"geometry":{"type":"Polygon","coordinates":[[[1.3253,46.6661],[1.3496,46.6803],[1.3687,46.6899],[1.3908,46.6716],[1.3846,46.6618],[1.3855,46.658],[1.3769,46.6383],[1.3704,46.6326],[1.3538,46.6317],[1.3438,46.6404],[1.3254,46.643],[1.3371,46.6603],[1.3253,46.6661]]]}},{"type":"Feature","properties":{"code":"36120","nom":"Mers-sur-Indre","app":7.65,"app_bas":6.11,"app_haut":9.59,"app_ech":"maille","app_obs":13,"mai":6.52,"mai_bas":5.35,"mai_haut":7.96,"mai_ech":"maille","mai_obs":21,"a12":9.96,"a3":7.04},"geometry":{"type":"Polygon","coordinates":[[[1.8525,46.6906],[1.86,46.6914],[1.8827,46.7043],[1.8971,46.7018],[1.9031,46.6961],[1.9023,46.6898],[1.9042,46.6822],[1.8927,46.6581],[1.8929,46.6419],[1.8809,46.6377],[1.8751,46.6332],[1.8666,46.6423],[1.8444,46.6461],[1.8381,46.6532],[1.8343,46.665],[1.852,46.6704],[1.8459,46.6755],[1.8515,46.6838],[1.8525,46.6906]]]}},{"type":"Feature","properties":{"code":"36129","nom":"Montipouret","app":7.35,"app_bas":5.73,"app_haut":9.42,"app_ech":"maille","app_obs":0,"mai":6.08,"mai_bas":4.87,"mai_haut":7.59,"mai_ech":"maille","mai_obs":26,"a12":8.92,"a3":6.55},"geometry":{"type":"Polygon","coordinates":[[[1.9335,46.6257],[1.8862,46.6142],[1.8814,46.6255],[1.8751,46.6332],[1.8809,46.6377],[1.8929,46.6419],[1.8927,46.6581],[1.9042,46.6822],[1.9023,46.6898],[1.9229,46.7013],[1.9425,46.698],[1.9437,46.6887],[1.9417,46.6835],[1.9422,46.6699],[1.9245,46.6405],[1.9335,46.6257]]]}},{"type":"Feature","properties":{"code":"36229","nom":"Val-Fouzon","app":8.15,"app_bas":6.26,"app_haut":10.6,"app_ech":"maille","app_obs":11,"mai":6.28,"mai_bas":4.97,"mai_haut":7.93,"mai_ech":"maille","mai_obs":31,"a12":8.45,"a3":6.65},"geometry":{"type":"Polygon","coordinates":[[[1.6209,47.2308],[1.6211,47.2217],[1.6142,47.216],[1.6313,47.2102],[1.6425,47.2136],[1.6544,47.2147],[1.6541,47.2209],[1.6466,47.2327],[1.6555,47.2431],[1.6635,47.2357],[1.6735,47.2323],[1.6798,47.2283],[1.6759,47.2147],[1.6785,47.2022],[1.6902,47.1975],[1.6888,47.1899],[1.6991,47.1873],[1.6951,47.17],[1.6763,47.1709],[1.6681,47.1698],[1.6546,47.1756],[1.6455,47.1825],[1.6359,47.1825],[1.6305,47.192],[1.615,47.1878],[1.5973,47.1769],[1.5899,47.1862],[1.5741,47.1921],[1.5564,47.1849],[1.5504,47.2015],[1.5508,47.2114],[1.5776,47.2222],[1.588,47.2279],[1.6209,47.2308]]]}},{"type":"Feature","properties":{"code":"36089","nom":"Jeu-les-Bois","app":8.53,"app_bas":6.82,"app_haut":10.67,"app_ech":"maille","app_obs":3,"mai":7.15,"mai_bas":5.8,"mai_haut":8.83,"mai_ech":"maille","mai_obs":4,"a12":9.96,"a3":6.22},"geometry":{"type":"Polygon","coordinates":[[[1.7831,46.7112],[1.8058,46.7104],[1.8258,46.7],[1.8508,46.6945],[1.8525,46.6906],[1.8515,46.6838],[1.8459,46.6755],[1.852,46.6704],[1.8343,46.665],[1.8341,46.6686],[1.8183,46.6696],[1.8085,46.6619],[1.8133,46.6563],[1.8012,46.6521],[1.7844,46.6508],[1.7863,46.6541],[1.7355,46.6625],[1.7346,46.6671],[1.743,46.6766],[1.7548,46.6806],[1.7584,46.6907],[1.7645,46.6962],[1.7555,46.7071],[1.7831,46.7112]]]}},{"type":"Feature","properties":{"code":"36017","nom":"Berthenoux","app":7.35,"app_bas":5.73,"app_haut":9.42,"app_ech":"maille","app_obs":1,"mai":6.66,"mai_bas":5.19,"mai_haut":8.53,"mai_ech":"maille","mai_obs":4,"a12":8.92,"a3":6.55},"geometry":{"type":"Polygon","coordinates":[[[2.018,46.6934],[2.0356,46.7092],[2.0288,46.7199],[2.0329,46.7389],[2.04,46.7421],[2.0454,46.7349],[2.0527,46.7322],[2.0658,46.7425],[2.0799,46.7317],[2.0868,46.7304],[2.0927,46.7243],[2.0871,46.7125],[2.0865,46.6911],[2.091,46.6783],[2.0918,46.6611],[2.0686,46.6575],[2.0516,46.6581],[2.0451,46.6635],[2.0284,46.6655],[2.0237,46.6682],[2.0215,46.6758],[2.0228,46.6886],[2.0151,46.6867],[2.018,46.6934]]]}},{"type":"Feature","properties":{"code":"36060","nom":"Crevant","app":8,"app_bas":6.4,"app_haut":10,"app_ech":"maille","app_obs":2,"mai":6.08,"mai_bas":4.87,"mai_haut":7.59,"mai_ech":"maille","mai_obs":21,"a12":9.65,"a3":6.41},"geometry":{"type":"Polygon","coordinates":[[[1.9173,46.5118],[1.9262,46.5077],[1.9432,46.5031],[1.951,46.492],[1.9596,46.4897],[1.9684,46.4936],[1.9809,46.4852],[1.9712,46.4695],[1.9675,46.4508],[1.9788,46.4415],[1.9781,46.4398],[1.9543,46.4381],[1.9439,46.434],[1.9261,46.4319],[1.9196,46.4402],[1.9092,46.4435],[1.8998,46.4386],[1.9085,46.4531],[1.8981,46.4801],[1.8976,46.486],[1.9107,46.4952],[1.9169,46.5023],[1.9173,46.5118]]]}},{"type":"Feature","properties":{"code":"36176","nom":"Ruffec","app":7.5,"app_bas":6.06,"app_haut":9.28,"app_ech":"maille","app_obs":7,"mai":6.31,"mai_bas":5.05,"mai_haut":7.88,"mai_ech":"maille","mai_obs":41,"a12":8.45,"a3":7.47},"geometry":{"type":"Polygon","coordinates":[[[1.1382,46.5979],[1.1289,46.6092],[1.1371,46.6231],[1.1476,46.6256],[1.1526,46.6313],[1.1533,46.6389],[1.1615,46.6523],[1.1762,46.6615],[1.1915,46.6691],[1.2034,46.6639],[1.2191,46.6604],[1.2242,46.657],[1.2144,46.6429],[1.2097,46.6289],[1.2113,46.6206],[1.221,46.6129],[1.2218,46.6064],[1.2283,46.6044],[1.2304,46.5973],[1.2282,46.5882],[1.2217,46.587],[1.2074,46.5892],[1.1894,46.5945],[1.1755,46.5939],[1.1465,46.5952],[1.1382,46.5979]]]}},{"type":"Feature","properties":{"code":"36002","nom":"Aize","app":9.12,"app_bas":7.14,"app_haut":11.64,"app_ech":"maille","app_obs":0,"mai":6.28,"mai_bas":4.97,"mai_haut":7.93,"mai_ech":"maille","mai_obs":3,"a12":10.81,"a3":6.65},"geometry":{"type":"Polygon","coordinates":[[[1.6943,47.0805],[1.6672,47.0894],[1.6856,47.1113],[1.69,47.1249],[1.702,47.1272],[1.7264,47.1288],[1.7412,47.1211],[1.7454,47.1141],[1.7352,47.1005],[1.7295,47.1003],[1.7053,47.0947],[1.698,47.0895],[1.6943,47.0805]]]}},{"type":"Feature","properties":{"code":"36053","nom":"Ciron","app":6.87,"app_bas":5.35,"app_haut":8.81,"app_ech":"maille","app_obs":0,"mai":6.31,"mai_bas":5.05,"mai_haut":7.88,"mai_ech":"maille","mai_obs":26,"a12":8.45,"a3":7.47},"geometry":{"type":"Polygon","coordinates":[[[1.3253,46.6661],[1.3371,46.6603],[1.3254,46.643],[1.2939,46.6325],[1.2814,46.632],[1.2688,46.6186],[1.2646,46.609],[1.2702,46.5906],[1.2791,46.5799],[1.2769,46.5735],[1.2602,46.5673],[1.2534,46.5694],[1.2382,46.5691],[1.2309,46.5841],[1.2276,46.5864],[1.2304,46.5973],[1.2283,46.6044],[1.2218,46.6064],[1.221,46.6129],[1.2113,46.6206],[1.2097,46.6289],[1.2144,46.6429],[1.2242,46.657],[1.2191,46.6604],[1.2392,46.6733],[1.2498,46.6747],[1.2638,46.6816],[1.2784,46.6821],[1.296,46.6663],[1.3116,46.6617],[1.3253,46.6661]]]}},{"type":"Feature","properties":{"code":"36055","nom":"Clion","app":8.07,"app_bas":6.07,"app_haut":10.73,"app_ech":"maille","app_obs":46,"mai":6.9,"mai_bas":5.24,"mai_haut":9.08,"mai_ech":"maille","mai_obs":50,"a12":8.45,"a3":6.18},"geometry":{"type":"Polygon","coordinates":[[[1.2213,46.9072],[1.2152,46.9112],[1.2078,46.9097],[1.1907,46.9136],[1.1835,46.9282],[1.1829,46.9463],[1.181,46.954],[1.1731,46.9599],[1.1806,46.97],[1.1878,46.9747],[1.2141,46.9607],[1.2373,46.9526],[1.2451,46.9475],[1.2586,46.9472],[1.2667,46.944],[1.2856,46.9415],[1.2776,46.9162],[1.2758,46.9141],[1.2533,46.9259],[1.243,46.9226],[1.2235,46.9105],[1.2213,46.9072]]]}},{"type":"Feature","properties":{"code":"36117","nom":"Menoux","app":7.28,"app_bas":5.41,"app_haut":9.79,"app_ech":"maille","app_obs":4,"mai":6.08,"mai_bas":4.87,"mai_haut":7.59,"mai_ech":"maille","mai_obs":22,"a12":9.65,"a3":6.22},"geometry":{"type":"Polygon","coordinates":[[[1.572,46.5435],[1.554,46.5563],[1.5593,46.5665],[1.5748,46.5708],[1.588,46.5679],[1.5901,46.5575],[1.5852,46.5514],[1.5905,46.5468],[1.572,46.5435]]]}},{"type":"Feature","properties":{"code":"36038","nom":"Champillet","app":7.35,"app_bas":5.73,"app_haut":9.42,"app_ech":"maille","app_obs":0,"mai":6.61,"mai_bas":4.99,"mai_haut":8.74,"mai_ech":"maille","mai_obs":10,"a12":8.45,"a3":6.55},"geometry":{"type":"Polygon","coordinates":[[[2.1116,46.5613],[2.1241,46.5537],[2.1278,46.5465],[2.1213,46.5425],[2.1132,46.5304],[2.0904,46.5358],[2.0928,46.5587],[2.1007,46.5579],[2.1116,46.5613]]]}},{"type":"Feature","properties":{"code":"36099","nom":"Lourdoueix-Saint-Michel","app":7.81,"app_bas":6.31,"app_haut":9.66,"app_ech":"maille","app_obs":0,"mai":6.3,"mai_bas":4.98,"mai_haut":7.98,"mai_ech":"maille","mai_obs":1,"a12":9.65,"a3":7.47},"geometry":{"type":"Polygon","coordinates":[[[1.7527,46.4455],[1.7586,46.4326],[1.7574,46.4236],[1.7493,46.4109],[1.7505,46.4056],[1.7392,46.4013],[1.7278,46.389],[1.7091,46.3934],[1.7039,46.3967],[1.6975,46.4066],[1.6836,46.4182],[1.6859,46.4195],[1.6887,46.4251],[1.6991,46.4228],[1.7168,46.4294],[1.72,46.4405],[1.7253,46.4417],[1.7398,46.4361],[1.7527,46.4455]]]}},{"type":"Feature","properties":{"code":"36116","nom":"Ménétréols-sous-Vatan","app":7.28,"app_bas":5.41,"app_haut":9.79,"app_ech":"maille","app_obs":0,"mai":6.65,"mai_bas":5.4,"mai_haut":8.19,"mai_ech":"maille","mai_obs":7,"a12":9.96,"a3":7.68},"geometry":{"type":"Polygon","coordinates":[[[1.8539,46.9871],[1.8166,46.9814],[1.7897,46.988],[1.7888,46.9891],[1.7953,46.9955],[1.7946,47.0072],[1.8021,47.0165],[1.8255,47.0261],[1.8309,47.0319],[1.841,47.0339],[1.8492,47.0462],[1.8642,47.0349],[1.8762,47.0199],[1.8789,47.0121],[1.8703,47.001],[1.8613,46.9999],[1.8539,46.9871]]]}},{"type":"Feature","properties":{"code":"36140","nom":"Neuvy-Pailloux","app":8.53,"app_bas":6.82,"app_haut":10.67,"app_ech":"maille","app_obs":55,"mai":7.18,"mai_bas":5.72,"mai_haut":9.02,"mai_ech":"maille","mai_obs":30,"a12":9.96,"a3":7.68},"geometry":{"type":"Polygon","coordinates":[[[1.8304,46.8616],[1.8187,46.8668],[1.8166,46.8788],[1.8266,46.8922],[1.8244,46.8987],[1.8173,46.9033],[1.8427,46.937],[1.8507,46.9434],[1.8699,46.9449],[1.8897,46.9374],[1.8882,46.9313],[1.8957,46.9263],[1.9031,46.9104],[1.9196,46.9109],[1.9019,46.899],[1.8857,46.8931],[1.8829,46.8903],[1.876,46.8875],[1.8663,46.8751],[1.8659,46.8695],[1.857,46.8602],[1.8361,46.8639],[1.8304,46.8616]]]}},{"type":"Feature","properties":{"code":"36045","nom":"Châtillon-sur-Indre","app":8.2,"app_bas":6.17,"app_haut":10.89,"app_ech":"commune","app_obs":120,"mai":6.54,"mai_bas":4.98,"mai_haut":8.58,"mai_ech":"commune","mai_obs":156,"a12":8.45,"a3":6.18},"geometry":{"type":"Polygon","coordinates":[[[1.1515,46.954],[1.1423,46.9561],[1.1213,46.9681],[1.1098,46.972],[1.1086,46.9801],[1.1139,46.9929],[1.1323,47.002],[1.1366,47.009],[1.1501,47.0062],[1.1562,46.9987],[1.1624,46.9992],[1.1712,47.0047],[1.1763,47.0182],[1.1851,47.027],[1.193,47.0317],[1.1995,47.0278],[1.2067,47.0283],[1.2231,47.0243],[1.2322,47.0141],[1.2298,47.004],[1.2365,46.9953],[1.2268,46.9881],[1.221,46.9803],[1.1964,46.9704],[1.1878,46.9747],[1.1806,46.97],[1.1731,46.9599],[1.1574,46.9609],[1.1515,46.954]]]}},{"type":"Feature","properties":{"code":"36157","nom":"Pérouille","app":7.28,"app_bas":5.41,"app_haut":9.79,"app_ech":"maille","app_obs":0,"mai":7.15,"mai_bas":5.8,"mai_haut":8.83,"mai_ech":"maille","mai_obs":37,"a12":9.96,"a3":7.04},"geometry":{"type":"Polygon","coordinates":[[[1.4906,46.7143],[1.4916,46.7373],[1.4952,46.7457],[1.5156,46.7468],[1.5181,46.7316],[1.5218,46.7214],[1.5299,46.7215],[1.5465,46.7085],[1.5501,46.7024],[1.561,46.6978],[1.5563,46.6919],[1.5301,46.6872],[1.5286,46.6838],[1.5072,46.6897],[1.4973,46.6884],[1.4835,46.679],[1.4879,46.6875],[1.4872,46.6961],[1.4906,46.7143]]]}},{"type":"Feature","properties":{"code":"36005","nom":"Ardentes","app":9.49,"app_bas":7.56,"app_haut":11.9,"app_ech":"commune","app_obs":137,"mai":7.67,"mai_bas":6.28,"mai_haut":9.36,"mai_ech":"commune","mai_obs":183,"a12":11.24,"a3":7.04},"geometry":{"type":"Polygon","coordinates":[[[1.7784,46.7586],[1.785,46.7703],[1.8023,46.7794],[1.8192,46.7838],[1.8356,46.7735],[1.8496,46.7698],[1.8501,46.7651],[1.8631,46.7564],[1.8688,46.7558],[1.8734,46.7485],[1.8698,46.7451],[1.8717,46.7361],[1.8825,46.7235],[1.8827,46.7043],[1.86,46.6914],[1.8525,46.6906],[1.8508,46.6945],[1.8258,46.7],[1.8058,46.7104],[1.7831,46.7112],[1.7476,46.7386],[1.7805,46.755],[1.7784,46.7586]]]}},{"type":"Feature","properties":{"code":"36042","nom":"Chasseneuil","app":7.28,"app_bas":5.41,"app_haut":9.79,"app_ech":"maille","app_obs":0,"mai":7.14,"mai_bas":5.61,"mai_haut":9.07,"mai_ech":"maille","mai_obs":18,"a12":9.96,"a3":6.22},"geometry":{"type":"Polygon","coordinates":[[[1.5286,46.6838],[1.5321,46.6682],[1.5392,46.655],[1.5318,46.6468],[1.5097,46.6388],[1.4961,46.6376],[1.4865,46.6335],[1.4678,46.6297],[1.4641,46.6256],[1.4407,46.6371],[1.4445,46.6454],[1.4561,46.6553],[1.4715,46.6654],[1.4835,46.679],[1.4973,46.6884],[1.5072,46.6897],[1.5286,46.6838]]]}},{"type":"Feature","properties":{"code":"36235","nom":"Veuil","app":9.12,"app_bas":7.14,"app_haut":11.64,"app_ech":"maille","app_obs":0,"mai":6.34,"mai_bas":4.85,"mai_haut":8.29,"mai_ech":"maille","mai_obs":7,"a12":8.45,"a3":6.65},"geometry":{"type":"Polygon","coordinates":[[[1.4856,47.1217],[1.4867,47.1325],[1.4761,47.1385],[1.471,47.146],[1.4652,47.1599],[1.4566,47.1627],[1.495,47.1583],[1.496,47.1534],[1.5138,47.1365],[1.5194,47.1347],[1.5348,47.1352],[1.557,47.1332],[1.5576,47.1254],[1.5515,47.1129],[1.541,47.1138],[1.5143,47.1106],[1.4958,47.1203],[1.4856,47.1217]]]}},{"type":"Feature","properties":{"code":"36009","nom":"Arthon","app":10.04,"app_bas":7.91,"app_haut":12.74,"app_ech":"maille","app_obs":0,"mai":7.15,"mai_bas":5.8,"mai_haut":8.83,"mai_ech":"maille","mai_obs":44,"a12":11.24,"a3":7.04},"geometry":{"type":"Polygon","coordinates":[[[1.6708,46.6538],[1.6684,46.6585],[1.6686,46.6719],[1.6712,46.6793],[1.6797,46.6854],[1.6769,46.6958],[1.682,46.707],[1.6796,46.7134],[1.6953,46.7384],[1.7276,46.7385],[1.7405,46.7177],[1.7493,46.7096],[1.7555,46.7071],[1.7645,46.6962],[1.7584,46.6907],[1.7548,46.6806],[1.743,46.6766],[1.7346,46.6671],[1.7355,46.6625],[1.731,46.6595],[1.7042,46.6526],[1.6708,46.6538]]]}},{"type":"Feature","properties":{"code":"36108","nom":"Lys-Saint-Georges","app":7.65,"app_bas":6.11,"app_haut":9.59,"app_ech":"maille","app_obs":0,"mai":6.52,"mai_bas":5.35,"mai_haut":7.96,"mai_ech":"maille","mai_obs":1,"a12":9.96,"a3":7.04},"geometry":{"type":"Polygon","coordinates":[[[1.7844,46.6508],[1.8012,46.6521],[1.8133,46.6563],[1.8085,46.6619],[1.8183,46.6696],[1.8341,46.6686],[1.8343,46.665],[1.8381,46.6532],[1.8444,46.6461],[1.816,46.6233],[1.8121,46.6229],[1.7973,46.6251],[1.7944,46.6432],[1.7844,46.6508]]]}},{"type":"Feature","properties":{"code":"36221","nom":"Thevet-Saint-Julien","app":7.65,"app_bas":6.11,"app_haut":9.59,"app_ech":"maille","app_obs":15,"mai":6.66,"mai_bas":5.19,"mai_haut":8.53,"mai_ech":"maille","mai_obs":30,"a12":8.45,"a3":6.22},"geometry":{"type":"Polygon","coordinates":[[[2.0234,46.6381],[2.0303,46.6424],[2.0344,46.6566],[2.0284,46.6655],[2.0451,46.6635],[2.0516,46.6581],[2.0686,46.6575],[2.0918,46.6611],[2.0982,46.6511],[2.1092,46.6449],[2.1125,46.6381],[2.1096,46.6328],[2.0977,46.6261],[2.1059,46.6188],[2.1062,46.6125],[2.0971,46.6012],[2.0836,46.6054],[2.0717,46.604],[2.0542,46.6085],[2.0466,46.6187],[2.0438,46.6247],[2.037,46.6271],[2.0307,46.6342],[2.0234,46.6381]]]}},{"type":"Feature","properties":{"code":"36058","nom":"Concremiers","app":8.5,"app_bas":6.36,"app_haut":11.37,"app_ech":"maille","app_obs":6,"mai":6.12,"mai_bas":4.72,"mai_haut":7.93,"mai_ech":"maille","mai_obs":42,"a12":10.91,"a3":6.45},"geometry":{"type":"Polygon","coordinates":[[[1.0167,46.6214],[1.0159,46.6151],[1.0218,46.6121],[1.0457,46.6142],[1.0613,46.6074],[1.0618,46.5993],[1.0671,46.5901],[1.0646,46.5848],[1.0459,46.5868],[1.0339,46.5841],[1.0232,46.5709],[1.0148,46.5678],[0.9872,46.5656],[0.982,46.5733],[0.9849,46.5819],[0.9753,46.5921],[0.9721,46.6031],[0.9911,46.6157],[1.0167,46.6214]]]}},{"type":"Feature","properties":{"code":"36213","nom":"Sauzelles","app":8.5,"app_bas":6.36,"app_haut":11.37,"app_ech":"maille","app_obs":2,"mai":6.12,"mai_bas":4.72,"mai_haut":7.93,"mai_ech":"maille","mai_obs":13,"a12":9.73,"a3":6.45},"geometry":{"type":"Polygon","coordinates":[[[0.9518,46.6505],[0.9621,46.66],[0.9825,46.6682],[0.9983,46.6707],[1.012,46.6663],[1.0189,46.6549],[1.0079,46.6443],[1.0008,46.642],[0.992,46.6453],[0.9824,46.6375],[0.9726,46.6369],[0.9561,46.6403],[0.9518,46.6505]]]}},{"type":"Feature","properties":{"code":"36109","nom":"Magny","app":7.35,"app_bas":5.73,"app_haut":9.42,"app_ech":"maille","app_obs":0,"mai":6.61,"mai_bas":4.99,"mai_haut":8.74,"mai_ech":"maille","mai_obs":28,"a12":9.65,"a3":6.22},"geometry":{"type":"Polygon","coordinates":[[[1.9716,46.5805],[1.9892,46.5525],[1.9943,46.537],[1.9739,46.533],[1.9591,46.5331],[1.9468,46.5457],[1.9328,46.5475],[1.9256,46.5604],[1.9184,46.5675],[1.9204,46.5715],[1.9337,46.5723],[1.9646,46.577],[1.9716,46.5805]]]}},{"type":"Feature","properties":{"code":"36223","nom":"Tilly","app":8.66,"app_bas":6.75,"app_haut":11.13,"app_ech":"maille","app_obs":0,"mai":6.06,"mai_bas":4.74,"mai_haut":7.73,"mai_ech":"maille","mai_obs":0,"a12":8.63,"a3":6.96},"geometry":{"type":"Polygon","coordinates":[[[1.2131,46.4331],[1.2178,46.4363],[1.2274,46.4326],[1.2321,46.4109],[1.2435,46.4002],[1.2349,46.3941],[1.2243,46.3931],[1.213,46.388],[1.2048,46.3877],[1.1929,46.3774],[1.1841,46.3773],[1.1773,46.3839],[1.19,46.3953],[1.1951,46.4028],[1.1945,46.4104],[1.2131,46.4331]]]}},{"type":"Feature","properties":{"code":"36046","nom":"Châtre","app":8.45,"app_bas":6.59,"app_haut":10.84,"app_ech":"commune","app_obs":717,"mai":7.27,"mai_bas":5.5,"mai_haut":9.61,"mai_ech":"commune","mai_obs":200,"a12":10.05,"a3":7.5},"geometry":{"type":"Polygon","coordinates":[[[1.9716,46.5805],[1.9854,46.5873],[2.0011,46.5861],[2.0066,46.5879],[2.0141,46.5762],[1.9968,46.5667],[1.9928,46.5539],[1.9892,46.5525],[1.9716,46.5805]]]}},{"type":"Feature","properties":{"code":"36072","nom":"Faverolles","app":null,"app_bas":null,"app_haut":null,"app_ech":null,"app_obs":0,"mai":null,"mai_bas":null,"mai_haut":null,"mai_ech":null,"mai_obs":0,"a12":null,"a3":null},"geometry":{"type":"Polygon","coordinates":[[[1.3267,47.1862],[1.3385,47.1955],[1.3509,47.1936],[1.3714,47.1997],[1.3928,47.2087],[1.3942,47.2051],[1.4061,47.199],[1.4163,47.1985],[1.4269,47.1922],[1.4277,47.179],[1.446,47.166],[1.4387,47.1641],[1.3996,47.1414],[1.3637,47.1351],[1.3513,47.1522],[1.3467,47.1688],[1.3404,47.1767],[1.3267,47.1862]]]}},{"type":"Feature","properties":{"code":"36169","nom":"Pruniers","app":7.24,"app_bas":5.49,"app_haut":9.54,"app_ech":"maille","app_obs":2,"mai":6.52,"mai_bas":5.35,"mai_haut":7.96,"mai_ech":"maille","mai_obs":16,"a12":8.92,"a3":6.55},"geometry":{"type":"Polygon","coordinates":[[[2.0274,46.825],[2.048,46.8323],[2.0509,46.8273],[2.0655,46.8152],[2.0779,46.8067],[2.1032,46.7954],[2.1166,46.7797],[2.1154,46.7744],[2.1052,46.7641],[2.093,46.755],[2.0766,46.7522],[2.0673,46.747],[2.0658,46.7425],[2.0527,46.7322],[2.0454,46.7349],[2.04,46.7421],[2.0134,46.7626],[2.0164,46.7701],[2.0131,46.7837],[2.015,46.7896],[2.0292,46.7981],[2.0274,46.825]]]}},{"type":"Feature","properties":{"code":"36015","nom":"Beaulieu","app":7.81,"app_bas":6.31,"app_haut":9.66,"app_ech":"maille","app_obs":0,"mai":6.47,"mai_bas":5.08,"mai_haut":8.23,"mai_ech":"maille","mai_obs":2,"a12":8.78,"a3":6.96},"geometry":{"type":"Polygon","coordinates":[[[1.283,46.3722],[1.2727,46.388],[1.2881,46.3905],[1.3011,46.4023],[1.3088,46.404],[1.3086,46.3946],[1.3223,46.3897],[1.3205,46.3816],[1.3131,46.3828],[1.3094,46.3781],[1.3152,46.3738],[1.3031,46.371],[1.29,46.3746],[1.283,46.3722]]]}},{"type":"Feature","properties":{"code":"36057","nom":"Coings","app":10.04,"app_bas":7.91,"app_haut":12.74,"app_ech":"maille","app_obs":1,"mai":7.18,"mai_bas":5.72,"mai_haut":9.02,"mai_ech":"maille","mai_obs":22,"a12":9.96,"a3":7.04},"geometry":{"type":"Polygon","coordinates":[[[1.7472,46.9036],[1.7682,46.9014],[1.764,46.8978],[1.7666,46.8911],[1.7597,46.8744],[1.7468,46.8692],[1.7295,46.8484],[1.7224,46.8456],[1.7167,46.8629],[1.7048,46.8731],[1.694,46.8655],[1.6841,46.8626],[1.6756,46.8691],[1.6756,46.8735],[1.6843,46.8908],[1.6985,46.9081],[1.7108,46.9164],[1.7275,46.9055],[1.7472,46.9036]]]}},{"type":"Feature","properties":{"code":"36165","nom":"Pouligny-Saint-Pierre","app":8.5,"app_bas":6.36,"app_haut":11.37,"app_ech":"maille","app_obs":7,"mai":6.12,"mai_bas":4.72,"mai_haut":7.93,"mai_ech":"maille","mai_obs":88,"a12":10.91,"a3":6.45},"geometry":{"type":"Polygon","coordinates":[[[1.0145,46.7149],[1.0248,46.715],[1.0339,46.7189],[1.0443,46.7279],[1.0583,46.7234],[1.0814,46.6972],[1.082,46.6885],[1.093,46.68],[1.1039,46.6778],[1.1142,46.6701],[1.0865,46.6545],[1.0686,46.6597],[1.0595,46.6587],[1.0475,46.6444],[1.0355,46.6453],[1.0261,46.6488],[1.0189,46.6549],[1.012,46.6663],[0.9983,46.6707],[1.0059,46.6755],[1.0052,46.6808],[0.9916,46.6928],[0.999,46.7036],[1.0145,46.7149]]]}},{"type":"Feature","properties":{"code":"36174","nom":"Roussines","app":8.66,"app_bas":6.75,"app_haut":11.13,"app_ech":"maille","app_obs":0,"mai":6.47,"mai_bas":5.08,"mai_haut":8.23,"mai_ech":"maille","mai_obs":6,"a12":8.78,"a3":7.47},"geometry":{"type":"Polygon","coordinates":[[[1.321,46.4532],[1.3423,46.4561],[1.3504,46.4728],[1.3617,46.48],[1.3754,46.484],[1.3846,46.4927],[1.3896,46.4812],[1.4012,46.4773],[1.4237,46.4738],[1.4268,46.4697],[1.4118,46.4565],[1.4029,46.4531],[1.3717,46.4344],[1.3583,46.4334],[1.3525,46.4485],[1.3348,46.4463],[1.321,46.4532]]]}},{"type":"Feature","properties":{"code":"36204","nom":"Saint-Michel-en-Brenne","app":6.87,"app_bas":5.35,"app_haut":8.81,"app_ech":"maille","app_obs":0,"mai":6.31,"mai_bas":5.05,"mai_haut":7.88,"mai_ech":"maille","mai_obs":19,"a12":10.91,"a3":6.18},"geometry":{"type":"Polygon","coordinates":[[[1.174,46.7616],[1.1586,46.7654],[1.1428,46.7717],[1.122,46.7759],[1.0934,46.7869],[1.0977,46.8044],[1.129,46.8038],[1.1382,46.8072],[1.149,46.8226],[1.1633,46.8265],[1.1881,46.8238],[1.1988,46.8261],[1.2051,46.819],[1.2044,46.8101],[1.2003,46.8029],[1.2133,46.7947],[1.2186,46.7869],[1.236,46.7856],[1.2445,46.7799],[1.2473,46.7677],[1.2435,46.7625],[1.2319,46.7545],[1.2238,46.7472],[1.1946,46.7586],[1.174,46.7616]]]}},{"type":"Feature","properties":{"code":"36105","nom":"Lureuil","app":6.87,"app_bas":5.35,"app_haut":8.81,"app_ech":"maille","app_obs":0,"mai":6.31,"mai_bas":5.05,"mai_haut":7.88,"mai_ech":"maille","mai_obs":10,"a12":10.91,"a3":6.18},"geometry":{"type":"Polygon","coordinates":[[[1.0145,46.7149],[1.0128,46.724],[1.0141,46.747],[1.0095,46.7688],[1.0114,46.7701],[1.0373,46.7715],[1.0525,46.7711],[1.0669,46.775],[1.0647,46.7635],[1.0681,46.7553],[1.0636,46.7353],[1.0583,46.7234],[1.0443,46.7279],[1.0339,46.7189],[1.0248,46.715],[1.0145,46.7149]]]}},{"type":"Feature","properties":{"code":"36145","nom":"Obterre","app":7.45,"app_bas":5.95,"app_haut":9.33,"app_ech":"maille","app_obs":0,"mai":6.38,"mai_bas":5.02,"mai_haut":8.11,"mai_ech":"maille","mai_obs":6,"a12":10.91,"a3":7.39},"geometry":{"type":"Polygon","coordinates":[[[1.0374,46.9421],[1.0449,46.9451],[1.0569,46.9373],[1.0747,46.933],[1.0804,46.9298],[1.0835,46.9202],[1.0893,46.9136],[1.1009,46.9084],[1.1166,46.9072],[1.1064,46.8935],[1.0986,46.892],[1.0843,46.8856],[1.0598,46.8827],[1.0346,46.8784],[1.0252,46.8797],[1.0331,46.9051],[1.0365,46.9242],[1.0374,46.9421]]]}},{"type":"Feature","properties":{"code":"36177","nom":"Sacierges-Saint-Martin","app":7.81,"app_bas":6.31,"app_haut":9.66,"app_ech":"maille","app_obs":1,"mai":6.34,"mai_bas":5.13,"mai_haut":7.85,"mai_ech":"maille","mai_obs":24,"a12":8.78,"a3":6.1},"geometry":{"type":"Polygon","coordinates":[[[1.321,46.4532],[1.3192,46.4656],[1.3193,46.4736],[1.3247,46.4922],[1.3519,46.4997],[1.3543,46.5064],[1.3526,46.5153],[1.3429,46.5183],[1.3304,46.5189],[1.3247,46.5259],[1.3315,46.535],[1.3512,46.5344],[1.3586,46.529],[1.3573,46.5248],[1.3677,46.523],[1.3742,46.5271],[1.403,46.5267],[1.4156,46.5372],[1.4258,46.5417],[1.4379,46.5308],[1.4377,46.526],[1.4217,46.515],[1.4092,46.5135],[1.4014,46.5197],[1.3907,46.515],[1.375,46.505],[1.3758,46.5007],[1.3846,46.4927],[1.3754,46.484],[1.3617,46.48],[1.3504,46.4728],[1.3423,46.4561],[1.321,46.4532]]]}},{"type":"Feature","properties":{"code":"36191","nom":"Saint-Florentin","app":8.53,"app_bas":6.82,"app_haut":10.67,"app_ech":"maille","app_obs":0,"mai":6.65,"mai_bas":5.4,"mai_haut":8.19,"mai_ech":"maille","mai_obs":24,"a12":10.81,"a3":6.65},"geometry":{"type":"Polygon","coordinates":[[[1.8114,47.0891],[1.8036,47.0707],[1.7949,47.0731],[1.7738,47.0718],[1.7753,47.0765],[1.7696,47.0817],[1.7603,47.0963],[1.7572,47.1105],[1.75,47.1164],[1.7492,47.1224],[1.7579,47.1274],[1.7745,47.1308],[1.781,47.1289],[1.7782,47.123],[1.7959,47.0991],[1.803,47.0923],[1.8114,47.0891]]]}},{"type":"Feature","properties":{"code":"36030","nom":"Buxières-d'Aillac","app":8.53,"app_bas":6.82,"app_haut":10.67,"app_ech":"maille","app_obs":5,"mai":7.15,"mai_bas":5.8,"mai_haut":8.83,"mai_ech":"maille","mai_obs":2,"a12":9.96,"a3":6.22},"geometry":{"type":"Polygon","coordinates":[[[1.7206,46.6238],[1.7092,46.6419],[1.7042,46.6526],[1.731,46.6595],[1.7355,46.6625],[1.7863,46.6541],[1.7844,46.6508],[1.7944,46.6432],[1.7973,46.6251],[1.7895,46.6208],[1.7687,46.6138],[1.7461,46.6226],[1.733,46.6213],[1.7206,46.6238]]]}},{"type":"Feature","properties":{"code":"36138","nom":"Néret","app":7.65,"app_bas":6.11,"app_haut":9.59,"app_ech":"maille","app_obs":0,"mai":6.66,"mai_bas":5.19,"mai_haut":8.53,"mai_ech":"maille","mai_obs":1,"a12":8.45,"a3":6.22},"geometry":{"type":"Polygon","coordinates":[[[2.1116,46.5613],[2.1154,46.5848],[2.1304,46.5951],[2.1474,46.5991],[2.1609,46.5884],[2.1671,46.589],[2.1732,46.5662],[2.1394,46.5458],[2.1278,46.5465],[2.1241,46.5537],[2.1116,46.5613]]]}},{"type":"Feature","properties":{"code":"36160","nom":"Pommiers","app":7.81,"app_bas":6.31,"app_haut":9.66,"app_ech":"maille","app_obs":0,"mai":6.08,"mai_bas":4.87,"mai_haut":7.59,"mai_ech":"maille","mai_obs":6,"a12":8.63,"a3":6.22},"geometry":{"type":"Polygon","coordinates":[[[1.6333,46.5292],[1.6269,46.5405],[1.6385,46.5453],[1.6641,46.5392],[1.6724,46.5352],[1.6721,46.5132],[1.6627,46.5073],[1.6606,46.5029],[1.6675,46.4936],[1.6583,46.491],[1.6458,46.5013],[1.6479,46.5116],[1.6446,46.5179],[1.6348,46.5238],[1.6333,46.5292]]]}},{"type":"Feature","properties":{"code":"36208","nom":"Sainte-Sévère-sur-Indre","app":7.35,"app_bas":5.73,"app_haut":9.42,"app_ech":"maille","app_obs":36,"mai":6.61,"mai_bas":4.99,"mai_haut":8.74,"mai_ech":"maille","mai_obs":27,"a12":8.92,"a3":6.65},"geometry":{"type":"Polygon","coordinates":[[[2.1047,46.4864],[2.0977,46.4736],[2.0918,46.4668],[2.0703,46.4721],[2.0652,46.4758],[2.0434,46.4691],[2.0415,46.4707],[2.052,46.4855],[2.0526,46.4926],[2.0436,46.5049],[2.0461,46.5192],[2.0414,46.5299],[2.0365,46.5319],[2.0367,46.5386],[2.0434,46.5424],[2.0527,46.5417],[2.0697,46.5478],[2.0802,46.5356],[2.0806,46.5316],[2.0732,46.5162],[2.0766,46.5103],[2.0919,46.5004],[2.1027,46.4963],[2.1047,46.4864]]]}},{"type":"Feature","properties":{"code":"36156","nom":"Pérassay","app":7.35,"app_bas":5.73,"app_haut":9.42,"app_ech":"maille","app_obs":0,"mai":6.23,"mai_bas":4.72,"mai_haut":8.22,"mai_ech":"maille","mai_obs":10,"a12":8.92,"a3":6.55},"geometry":{"type":"Polygon","coordinates":[[[2.1047,46.4864],[2.1177,46.4857],[2.1262,46.5022],[2.1336,46.4959],[2.1331,46.4897],[2.1441,46.4857],[2.1579,46.4887],[2.1634,46.4935],[2.173,46.4937],[2.1912,46.4889],[2.2002,46.4806],[2.1937,46.4708],[2.1896,46.4689],[2.1565,46.4615],[2.1514,46.4577],[2.1428,46.4556],[2.1392,46.4503],[2.1237,46.4591],[2.1092,46.4585],[2.1097,46.4622],[2.0918,46.4668],[2.0977,46.4736],[2.1047,46.4864]]]}},{"type":"Feature","properties":{"code":"36173","nom":"Rosnay","app":6.87,"app_bas":5.35,"app_haut":8.81,"app_ech":"maille","app_obs":12,"mai":6.31,"mai_bas":5.05,"mai_haut":7.88,"mai_ech":"maille","mai_obs":29,"a12":8.45,"a3":6.22},"geometry":{"type":"Polygon","coordinates":[[[1.2191,46.6604],[1.2034,46.6639],[1.1915,46.6691],[1.1762,46.6615],[1.1621,46.6755],[1.1623,46.685],[1.1668,46.691],[1.1678,46.7028],[1.1562,46.7049],[1.153,46.7102],[1.1578,46.7202],[1.158,46.7396],[1.1812,46.7537],[1.174,46.7616],[1.1946,46.7586],[1.2238,46.7472],[1.2319,46.7545],[1.2385,46.7497],[1.2371,46.7413],[1.2523,46.7284],[1.2506,46.7182],[1.2537,46.7029],[1.2687,46.6968],[1.2695,46.6849],[1.2498,46.6747],[1.2392,46.6733],[1.2191,46.6604]]]}},{"type":"Feature","properties":{"code":"36184","nom":"Saint-Chartier","app":7.35,"app_bas":5.73,"app_haut":9.42,"app_ech":"maille","app_obs":0,"mai":6.08,"mai_bas":4.87,"mai_haut":7.59,"mai_ech":"maille","mai_obs":29,"a12":8.92,"a3":6.55},"geometry":{"type":"Polygon","coordinates":[[[1.9437,46.6887],[1.9425,46.698],[1.9799,46.6992],[1.9917,46.7065],[2.0019,46.7063],[2.0122,46.701],[2.018,46.6934],[2.0151,46.6867],[2.0151,46.6804],[2.0084,46.6674],[1.9988,46.6553],[1.9924,46.6342],[1.976,46.6446],[1.9646,46.6465],[1.9616,46.6501],[1.9581,46.6664],[1.9437,46.6887]]]}},{"type":"Feature","properties":{"code":"36196","nom":"Saint-Gilles","app":8.66,"app_bas":6.75,"app_haut":11.13,"app_ech":"maille","app_obs":1,"mai":6.34,"mai_bas":5.13,"mai_haut":7.85,"mai_ech":"maille","mai_obs":10,"a12":8.63,"a3":6.41},"geometry":{"type":"Polygon","coordinates":[[[1.4395,46.4914],[1.448,46.497],[1.4567,46.4965],[1.4727,46.4757],[1.4649,46.4657],[1.4554,46.4618],[1.4455,46.4718],[1.4346,46.4664],[1.4268,46.4697],[1.4237,46.4738],[1.4332,46.4788],[1.4395,46.4914]]]}},{"type":"Feature","properties":{"code":"36022","nom":"Bouesse","app":8.53,"app_bas":6.82,"app_haut":10.67,"app_ech":"maille","app_obs":1,"mai":6.08,"mai_bas":4.87,"mai_haut":7.59,"mai_ech":"maille","mai_obs":11,"a12":9.96,"a3":6.22},"geometry":{"type":"Polygon","coordinates":[[[1.6708,46.6538],[1.7042,46.6526],[1.7092,46.6419],[1.7206,46.6238],[1.7232,46.6178],[1.712,46.6058],[1.702,46.59],[1.6897,46.601],[1.658,46.6123],[1.6544,46.6173],[1.6632,46.6291],[1.6553,46.6408],[1.6592,46.6545],[1.6708,46.6538]]]}},{"type":"Feature","properties":{"code":"36084","nom":"Gournay","app":8,"app_bas":6.4,"app_haut":10,"app_ech":"maille","app_obs":1,"mai":7.15,"mai_bas":5.8,"mai_haut":8.83,"mai_ech":"maille","mai_obs":4,"a12":9.65,"a3":6.22},"geometry":{"type":"Polygon","coordinates":[[[1.702,46.59],[1.712,46.6058],[1.7232,46.6178],[1.7206,46.6238],[1.733,46.6213],[1.7461,46.6226],[1.7687,46.6138],[1.7599,46.5978],[1.7631,46.5901],[1.75,46.5818],[1.7502,46.5737],[1.7175,46.5688],[1.7119,46.5734],[1.7021,46.5868],[1.702,46.59]]]}},{"type":"Feature","properties":{"code":"36107","nom":"Lye","app":8.15,"app_bas":6.26,"app_haut":10.6,"app_ech":"maille","app_obs":1,"mai":7.36,"mai_bas":5.91,"mai_haut":9.18,"mai_ech":"maille","mai_obs":39,"a12":10.6,"a3":7.33},"geometry":{"type":"Polygon","coordinates":[[[1.473,47.2389],[1.4813,47.2391],[1.5067,47.2331],[1.5245,47.226],[1.5281,47.2193],[1.522,47.2085],[1.4986,47.2011],[1.4782,47.2045],[1.4477,47.2071],[1.4218,47.217],[1.4096,47.2174],[1.4212,47.2292],[1.4485,47.238],[1.4597,47.2396],[1.473,47.2389]]]}},{"type":"Feature","properties":{"code":"36200","nom":"Saint-Marcel","app":7.28,"app_bas":5.41,"app_haut":9.79,"app_ech":"maille","app_obs":67,"mai":7.14,"mai_bas":5.61,"mai_haut":9.07,"mai_ech":"maille","mai_obs":87,"a12":9.65,"a3":7.47},"geometry":{"type":"Polygon","coordinates":[[[1.5432,46.5899],[1.52,46.595],[1.5056,46.5967],[1.4925,46.6046],[1.4835,46.6025],[1.4665,46.604],[1.4654,46.6085],[1.4805,46.6193],[1.4859,46.6159],[1.5138,46.6184],[1.5233,46.623],[1.5232,46.6326],[1.5401,46.6243],[1.5496,46.6142],[1.5678,46.6124],[1.5741,46.6076],[1.5432,46.5899]]]}},{"type":"Feature","properties":{"code":"36214","nom":"Sazeray","app":7.19,"app_bas":5.72,"app_haut":9.03,"app_ech":"maille","app_obs":0,"mai":6.61,"mai_bas":4.99,"mai_haut":8.74,"mai_ech":"maille","mai_obs":1,"a12":10.3,"a3":6.65},"geometry":{"type":"Polygon","coordinates":[[[2.0294,46.4246],[2.0203,46.4294],[2.0047,46.4292],[1.9931,46.4309],[1.9908,46.4352],[2.0062,46.4417],[2.0293,46.4536],[2.0346,46.4666],[2.0415,46.4707],[2.0434,46.4691],[2.0652,46.4758],[2.0703,46.4721],[2.0856,46.4679],[2.0871,46.4618],[2.0672,46.4401],[2.0635,46.4213],[2.0519,46.4215],[2.0294,46.4246]]]}},{"type":"Feature","properties":{"code":"36231","nom":"Velles","app":8.53,"app_bas":6.82,"app_haut":10.67,"app_ech":"maille","app_obs":1,"mai":7.15,"mai_bas":5.8,"mai_haut":8.83,"mai_ech":"maille","mai_obs":26,"a12":9.96,"a3":7.04},"geometry":{"type":"Polygon","coordinates":[[[1.6708,46.6538],[1.6543,46.6554],[1.6264,46.6489],[1.6092,46.6543],[1.5807,46.6807],[1.584,46.6926],[1.591,46.7091],[1.6147,46.742],[1.6382,46.7461],[1.6648,46.7475],[1.6722,46.753],[1.6733,46.7471],[1.6684,46.7384],[1.6953,46.7384],[1.6796,46.7134],[1.682,46.707],[1.6769,46.6958],[1.6797,46.6854],[1.6712,46.6793],[1.6686,46.6719],[1.6684,46.6585],[1.6708,46.6538]]]}},{"type":"Feature","properties":{"code":"36078","nom":"Fougerolles","app":8,"app_bas":6.4,"app_haut":10,"app_ech":"maille","app_obs":0,"mai":6.08,"mai_bas":4.87,"mai_haut":7.59,"mai_ech":"maille","mai_obs":3,"a12":8.92,"a3":6.22},"geometry":{"type":"Polygon","coordinates":[[[1.8694,46.6004],[1.8781,46.597],[1.8823,46.5874],[1.8852,46.5726],[1.8955,46.5672],[1.9044,46.5701],[1.9062,46.564],[1.8964,46.5565],[1.8943,46.5484],[1.8676,46.5439],[1.8566,46.5501],[1.8478,46.5502],[1.8394,46.5572],[1.8464,46.5711],[1.847,46.5825],[1.8645,46.5947],[1.8694,46.6004]]]}},{"type":"Feature","properties":{"code":"36096","nom":"Lingé","app":6.87,"app_bas":5.35,"app_haut":8.81,"app_ech":"maille","app_obs":0,"mai":6.31,"mai_bas":5.05,"mai_haut":7.88,"mai_ech":"maille","mai_obs":7,"a12":8.45,"a3":6.18},"geometry":{"type":"Polygon","coordinates":[[[1.0934,46.7869],[1.122,46.7759],[1.1428,46.7717],[1.1586,46.7654],[1.174,46.7616],[1.1812,46.7537],[1.158,46.7396],[1.1585,46.7358],[1.1168,46.7324],[1.1073,46.7338],[1.0978,46.731],[1.0794,46.7312],[1.0636,46.7353],[1.0681,46.7553],[1.0647,46.7635],[1.0669,46.775],[1.0843,46.7814],[1.0934,46.7869]]]}},{"type":"Feature","properties":{"code":"36102","nom":"Luçay-le-Libre","app":7.92,"app_bas":6.25,"app_haut":10.05,"app_ech":"maille","app_obs":0,"mai":8.11,"mai_bas":6.35,"mai_haut":10.36,"mai_ech":"maille","mai_obs":0,"a12":10.81,"a3":6.65},"geometry":{"type":"Polygon","coordinates":[[[1.8879,47.1048],[1.902,47.1078],[1.9261,47.1065],[1.9372,47.1109],[1.9467,47.1026],[1.942,47.0823],[1.9255,47.0821],[1.918,47.0785],[1.9041,47.0778],[1.8956,47.0881],[1.8875,47.0879],[1.8831,47.1005],[1.8879,47.1048]]]}},{"type":"Feature","properties":{"code":"36132","nom":"Motte-Feuilly","app":7.65,"app_bas":6.11,"app_haut":9.59,"app_ech":"maille","app_obs":0,"mai":6.66,"mai_bas":5.19,"mai_haut":8.53,"mai_ech":"maille","mai_obs":1,"a12":8.45,"a3":6.55},"geometry":{"type":"Polygon","coordinates":[[[2.0806,46.5316],[2.0802,46.5356],[2.0697,46.5478],[2.0527,46.5417],[2.0434,46.5424],[2.0477,46.5494],[2.065,46.5578],[2.0792,46.5568],[2.0928,46.5587],[2.0904,46.5358],[2.0806,46.5316]]]}},{"type":"Feature","properties":{"code":"36248","nom":"Vouillon","app":7.65,"app_bas":6.11,"app_haut":9.59,"app_ech":"maille","app_obs":0,"mai":7.18,"mai_bas":5.72,"mai_haut":9.02,"mai_ech":"maille","mai_obs":10,"a12":9.96,"a3":7.68},"geometry":{"type":"Polygon","coordinates":[[[1.9195,46.7977],[1.8971,46.8004],[1.8915,46.8139],[1.8864,46.8173],[1.8814,46.8281],[1.8989,46.8389],[1.9081,46.8405],[1.9174,46.839],[1.9201,46.8336],[1.9389,46.8348],[1.9434,46.8262],[1.94,46.8167],[1.9415,46.8096],[1.9314,46.8093],[1.9195,46.7977]]]}},{"type":"Feature","properties":{"code":"36049","nom":"Chazelet","app":8.66,"app_bas":6.75,"app_haut":11.13,"app_ech":"maille","app_obs":0,"mai":6.34,"mai_bas":5.13,"mai_haut":7.85,"mai_ech":"maille","mai_obs":5,"a12":8.63,"a3":7.47},"geometry":{"type":"Polygon","coordinates":[[[1.4092,46.5135],[1.4217,46.515],[1.4377,46.526],[1.4379,46.5308],[1.4489,46.5271],[1.4563,46.5163],[1.4587,46.5006],[1.4567,46.4965],[1.448,46.497],[1.4395,46.4914],[1.4228,46.4906],[1.4108,46.4928],[1.4046,46.5074],[1.4092,46.5135]]]}},{"type":"Feature","properties":{"code":"36215","nom":"Ségry","app":8.8,"app_bas":7.14,"app_haut":10.84,"app_ech":"maille","app_obs":0,"mai":7.41,"mai_bas":5.97,"mai_haut":9.19,"mai_ech":"maille","mai_obs":5,"a12":9.55,"a3":7.04},"geometry":{"type":"Polygon","coordinates":[[[2.0728,46.8377],[2.0624,46.8498],[2.0632,46.8619],[2.0477,46.8853],[2.0566,46.896],[2.0651,46.9013],[2.0867,46.9003],[2.0967,46.9083],[2.1217,46.9163],[2.146,46.9175],[2.155,46.9117],[2.1497,46.9019],[2.139,46.8886],[2.1262,46.8799],[2.1142,46.8804],[2.107,46.8721],[2.0871,46.8675],[2.0965,46.8552],[2.0783,46.8389],[2.0728,46.8377]]]}},{"type":"Feature","properties":{"code":"36219","nom":"Tendu","app":7.28,"app_bas":5.41,"app_haut":9.79,"app_ech":"maille","app_obs":4,"mai":7.14,"mai_bas":5.61,"mai_haut":9.07,"mai_ech":"maille","mai_obs":35,"a12":9.96,"a3":6.22},"geometry":{"type":"Polygon","coordinates":[[[1.5741,46.6076],[1.5678,46.6124],[1.5496,46.6142],[1.5401,46.6243],[1.5232,46.6326],[1.5288,46.6385],[1.5318,46.6468],[1.5392,46.655],[1.5321,46.6682],[1.5286,46.6838],[1.5301,46.6872],[1.5563,46.6919],[1.561,46.6978],[1.5725,46.6973],[1.584,46.6926],[1.5807,46.6807],[1.6092,46.6543],[1.5974,46.64],[1.5978,46.6245],[1.5873,46.6114],[1.5741,46.6076]]]}},{"type":"Feature","properties":{"code":"36095","nom":"Lignerolles","app":7.35,"app_bas":5.73,"app_haut":9.42,"app_ech":"maille","app_obs":5,"mai":6.23,"mai_bas":4.72,"mai_haut":8.22,"mai_ech":"maille","mai_obs":0,"a12":8.92,"a3":6.55},"geometry":{"type":"Polygon","coordinates":[[[2.1262,46.5022],[2.1317,46.5033],[2.1363,46.5152],[2.141,46.5176],[2.1554,46.517],[2.1688,46.5122],[2.1828,46.5133],[2.1871,46.506],[2.1947,46.5062],[2.2044,46.4906],[2.2002,46.4806],[2.1912,46.4889],[2.173,46.4937],[2.1634,46.4935],[2.1579,46.4887],[2.1441,46.4857],[2.1331,46.4897],[2.1336,46.4959],[2.1262,46.5022]]]}},{"type":"Feature","properties":{"code":"36103","nom":"Luçay-le-Mâle","app":9.12,"app_bas":7.14,"app_haut":11.64,"app_ech":"maille","app_obs":29,"mai":6.34,"mai_bas":4.85,"mai_haut":8.29,"mai_ech":"maille","mai_obs":32,"a12":8.45,"a3":6.65},"geometry":{"type":"Polygon","coordinates":[[[1.4856,47.1217],[1.4732,47.1071],[1.4645,47.092],[1.4702,47.0824],[1.4639,47.0723],[1.4524,47.0694],[1.4318,47.0689],[1.4151,47.0746],[1.3943,47.0775],[1.3912,47.0857],[1.3796,47.0963],[1.3557,47.1085],[1.3654,47.122],[1.3637,47.1351],[1.3996,47.1414],[1.4387,47.1641],[1.446,47.166],[1.4652,47.1599],[1.471,47.146],[1.4761,47.1385],[1.4867,47.1325],[1.4856,47.1217]]]}},{"type":"Feature","properties":{"code":"36150","nom":"Parnac","app":7.81,"app_bas":6.31,"app_haut":9.66,"app_ech":"maille","app_obs":0,"mai":6.34,"mai_bas":5.13,"mai_haut":7.85,"mai_ech":"maille","mai_obs":12,"a12":8.63,"a3":6.41},"geometry":{"type":"Polygon","coordinates":[[[1.4268,46.4697],[1.4346,46.4664],[1.4455,46.4718],[1.4554,46.4618],[1.4649,46.4657],[1.4727,46.4757],[1.4828,46.4666],[1.5071,46.4601],[1.5174,46.4528],[1.5255,46.4451],[1.5276,46.4331],[1.5253,46.4266],[1.5112,46.4196],[1.506,46.4099],[1.5001,46.4055],[1.4915,46.408],[1.4645,46.4215],[1.4513,46.4217],[1.4351,46.4167],[1.4243,46.4186],[1.4206,46.4233],[1.4095,46.4265],[1.3933,46.4393],[1.4099,46.4493],[1.4118,46.4565],[1.4268,46.4697]]]}},{"type":"Feature","properties":{"code":"36241","nom":"Villedieu-sur-Indre","app":8.53,"app_bas":6.82,"app_haut":10.67,"app_ech":"maille","app_obs":90,"mai":7.5,"mai_bas":6.08,"mai_haut":9.25,"mai_ech":"commune","mai_obs":197,"a12":9.96,"a3":6.18},"geometry":{"type":"Polygon","coordinates":[[[1.5095,46.7888],[1.5069,46.7946],[1.4842,46.7969],[1.4769,46.8178],[1.4677,46.8214],[1.4652,46.8321],[1.473,46.8412],[1.4712,46.8573],[1.4603,46.8598],[1.4454,46.8604],[1.4395,46.8692],[1.4518,46.8767],[1.4611,46.8732],[1.475,46.872],[1.4958,46.8745],[1.5174,46.869],[1.5232,46.8689],[1.5408,46.8791],[1.5635,46.8752],[1.5753,46.8785],[1.583,46.8752],[1.5946,46.868],[1.5919,46.8581],[1.5809,46.85],[1.5666,46.8441],[1.5519,46.8356],[1.5238,46.8094],[1.5095,46.7888]]]}},{"type":"Feature","properties":{"code":"36010","nom":"Azay-le-Ferron","app":6.87,"app_bas":5.35,"app_haut":8.81,"app_ech":"maille","app_obs":1,"mai":6.31,"mai_bas":5.05,"mai_haut":7.88,"mai_ech":"maille","mai_obs":80,"a12":10.91,"a3":6.18},"geometry":{"type":"Polygon","coordinates":[[[1.0977,46.8044],[1.0803,46.8099],[1.0674,46.8169],[1.0436,46.8203],[1.0375,46.8279],[1.028,46.8449],[1.0226,46.8456],[1.0195,46.8494],[1.0192,46.8588],[1.0244,46.8705],[1.0256,46.8797],[1.0346,46.8784],[1.0598,46.8827],[1.0843,46.8856],[1.0986,46.892],[1.1064,46.8935],[1.1131,46.8835],[1.1124,46.8566],[1.1214,46.8494],[1.1293,46.8358],[1.1429,46.8289],[1.149,46.8226],[1.1382,46.8072],[1.129,46.8038],[1.0977,46.8044]]]}},{"type":"Feature","properties":{"code":"36074","nom":"Fléré-la-Rivière","app":8.07,"app_bas":6.07,"app_haut":10.73,"app_ech":"maille","app_obs":28,"mai":6.9,"mai_bas":5.24,"mai_haut":9.08,"mai_ech":"maille","mai_obs":26,"a12":8.45,"a3":6.18},"geometry":{"type":"Polygon","coordinates":[[[1.1366,47.009],[1.1323,47.002],[1.1139,46.9929],[1.1086,46.9801],[1.1098,46.972],[1.0811,46.9673],[1.0748,46.9731],[1.0599,46.972],[1.0499,46.9806],[1.0558,46.9853],[1.0564,46.9964],[1.0702,47.0006],[1.0776,47.0158],[1.0851,47.0207],[1.1103,47.0292],[1.1366,47.009]]]}},{"type":"Feature","properties":{"code":"36083","nom":"Giroux","app":7.92,"app_bas":6.25,"app_haut":10.05,"app_ech":"maille","app_obs":1,"mai":6.94,"mai_bas":5.58,"mai_haut":8.64,"mai_ech":"maille","mai_obs":0,"a12":11.24,"a3":7.68},"geometry":{"type":"Polygon","coordinates":[[[1.942,47.0823],[1.9603,47.0783],[1.9626,47.0759],[1.9507,47.0708],[1.9472,47.0631],[1.9292,47.0479],[1.9118,47.0427],[1.9033,47.0461],[1.8858,47.0447],[1.8671,47.0495],[1.8596,47.071],[1.8698,47.0703],[1.8875,47.0879],[1.8956,47.0881],[1.9041,47.0778],[1.918,47.0785],[1.9255,47.0821],[1.942,47.0823]]]}},{"type":"Feature","properties":{"code":"36092","nom":"Langé","app":9.12,"app_bas":7.14,"app_haut":11.64,"app_ech":"maille","app_obs":0,"mai":6.34,"mai_bas":4.85,"mai_haut":8.29,"mai_ech":"maille","mai_obs":5,"a12":8.45,"a3":6.65},"geometry":{"type":"Polygon","coordinates":[[[1.5216,47.0547],[1.507,47.0542],[1.4779,47.0613],[1.4682,47.0665],[1.4535,47.0655],[1.4524,47.0694],[1.4639,47.0723],[1.4702,47.0824],[1.483,47.083],[1.4923,47.0875],[1.5003,47.0957],[1.512,47.0951],[1.5453,47.0843],[1.5543,47.0754],[1.5385,47.0636],[1.5227,47.0582],[1.5216,47.0547]]]}},{"type":"Feature","properties":{"code":"36098","nom":"Lizeray","app":8.53,"app_bas":6.82,"app_haut":10.67,"app_ech":"maille","app_obs":4,"mai":7.18,"mai_bas":5.72,"mai_haut":9.02,"mai_ech":"maille","mai_obs":15,"a12":11.24,"a3":7.04},"geometry":{"type":"Polygon","coordinates":[[[1.8539,46.9871],[1.8613,46.9999],[1.8703,47.001],[1.8789,47.0121],[1.9068,47.0111],[1.9263,47.0139],[1.9379,47.0138],[1.9447,46.9974],[1.9399,46.9933],[1.9448,46.9794],[1.9391,46.9664],[1.9309,46.9532],[1.9156,46.9535],[1.9131,46.9481],[1.9011,46.9526],[1.8963,46.9598],[1.888,46.9657],[1.8534,46.9742],[1.8513,46.9799],[1.8539,46.9871]]]}},{"type":"Feature","properties":{"code":"36188","nom":"Saint-Cyran-du-Jambot","app":8.15,"app_bas":6.26,"app_haut":10.6,"app_ech":"maille","app_obs":3,"mai":6.9,"mai_bas":5.24,"mai_haut":9.08,"mai_ech":"maille","mai_obs":5,"a12":10.6,"a3":7.39},"geometry":{"type":"Polygon","coordinates":[[[1.1366,47.009],[1.1156,47.0244],[1.1383,47.0305],[1.1614,47.0396],[1.1811,47.041],[1.193,47.0317],[1.1851,47.027],[1.1763,47.0182],[1.1712,47.0047],[1.1624,46.9992],[1.1562,46.9987],[1.1501,47.0062],[1.1366,47.009]]]}},{"type":"Feature","properties":{"code":"36225","nom":"Tranger","app":8.07,"app_bas":6.07,"app_haut":10.73,"app_ech":"maille","app_obs":4,"mai":6.9,"mai_bas":5.24,"mai_haut":9.08,"mai_ech":"maille","mai_obs":9,"a12":10.6,"a3":7.33},"geometry":{"type":"Polygon","coordinates":[[[1.1964,46.9704],[1.221,46.9803],[1.2268,46.9881],[1.2365,46.9953],[1.266,46.9973],[1.2877,46.9901],[1.2733,46.9818],[1.2774,46.9659],[1.2683,46.9522],[1.2586,46.9472],[1.2451,46.9475],[1.2373,46.9526],[1.2141,46.9607],[1.1964,46.9704]]]}},{"type":"Feature","properties":{"code":"36238","nom":"Vigoulant","app":7.35,"app_bas":5.73,"app_haut":9.42,"app_ech":"maille","app_obs":0,"mai":6.23,"mai_bas":4.72,"mai_haut":8.22,"mai_ech":"maille","mai_obs":4,"a12":8.92,"a3":6.55},"geometry":{"type":"Polygon","coordinates":[[[2.0887,46.4103],[2.0803,46.4119],[2.0742,46.4198],[2.0635,46.4213],[2.0672,46.4401],[2.0871,46.4618],[2.0856,46.4679],[2.1097,46.4622],[2.1092,46.4585],[2.0982,46.4508],[2.0854,46.447],[2.0831,46.4403],[2.0951,46.4372],[2.0963,46.4333],[2.0901,46.4194],[2.0887,46.4103]]]}},{"type":"Feature","properties":{"code":"36008","nom":"Arpheuilles","app":8.07,"app_bas":6.07,"app_haut":10.73,"app_ech":"maille","app_obs":0,"mai":6.38,"mai_bas":5.02,"mai_haut":8.11,"mai_ech":"maille","mai_obs":4,"a12":10.91,"a3":6.18},"geometry":{"type":"Polygon","coordinates":[[[1.2884,46.8793],[1.27,46.878],[1.255,46.8953],[1.2436,46.8968],[1.226,46.8965],[1.2213,46.9072],[1.2235,46.9105],[1.243,46.9226],[1.2533,46.9259],[1.2845,46.9096],[1.2994,46.9091],[1.3147,46.9059],[1.3119,46.8957],[1.3298,46.8903],[1.3237,46.8841],[1.2991,46.8828],[1.2884,46.8793]]]}},{"type":"Feature","properties":{"code":"36124","nom":"Migné","app":7.28,"app_bas":5.41,"app_haut":9.79,"app_ech":"maille","app_obs":0,"mai":6.38,"mai_bas":5.02,"mai_haut":8.11,"mai_ech":"maille","mai_obs":7,"a12":10.91,"a3":6.22},"geometry":{"type":"Polygon","coordinates":[[[1.3253,46.6661],[1.3116,46.6617],[1.296,46.6663],[1.2784,46.6821],[1.2638,46.6816],[1.2695,46.6849],[1.2687,46.6968],[1.2537,46.7029],[1.2506,46.7182],[1.2523,46.7284],[1.2371,46.7413],[1.2385,46.7497],[1.2319,46.7545],[1.2435,46.7625],[1.2473,46.7677],[1.2586,46.7656],[1.2764,46.7592],[1.2922,46.7357],[1.297,46.7339],[1.3206,46.7362],[1.3489,46.7359],[1.3631,46.7312],[1.3677,46.7215],[1.3578,46.6987],[1.3687,46.6899],[1.3496,46.6803],[1.3253,46.6661]]]}},{"type":"Feature","properties":{"code":"36237","nom":"Vicq-sur-Nahon","app":9.12,"app_bas":7.14,"app_haut":11.64,"app_ech":"maille","app_obs":2,"mai":6.34,"mai_bas":4.85,"mai_haut":8.29,"mai_ech":"maille","mai_obs":16,"a12":10.81,"a3":6.65},"geometry":{"type":"Polygon","coordinates":[[[1.4856,47.1217],[1.4958,47.1203],[1.5143,47.1106],[1.541,47.1138],[1.5515,47.1129],[1.5576,47.1254],[1.557,47.1332],[1.5661,47.1358],[1.5755,47.1352],[1.6023,47.1191],[1.6145,47.1188],[1.624,47.116],[1.6302,47.1073],[1.6156,47.0842],[1.6114,47.0654],[1.6022,47.0589],[1.5924,47.0708],[1.582,47.074],[1.5699,47.0853],[1.5543,47.0754],[1.5453,47.0843],[1.512,47.0951],[1.5003,47.0957],[1.4923,47.0875],[1.483,47.083],[1.4702,47.0824],[1.4645,47.092],[1.4732,47.1071],[1.4856,47.1217]]]}}]}