{"type":"FeatureCollection","features":[{"type":"Feature","properties":{"code":"37227","nom":"Saint-Michel-sur-Loire","app":null,"app_bas":null,"app_haut":null,"app_ech":null,"app_obs":0,"mai":null,"mai_bas":null,"mai_haut":null,"mai_ech":null,"mai_obs":0,"a12":null,"a3":null,"pxa":null,"pxm":null,"napp":0,"nmai":0,"ra":null,"rm":null},"geometry":{"type":"Polygon","coordinates":[[[0.3116,47.3385],[0.3239,47.3448],[0.3295,47.3431],[0.3435,47.3247],[0.3533,47.3181],[0.3683,47.3021],[0.3532,47.2988],[0.3367,47.2901],[0.3197,47.3017],[0.3205,47.3123],[0.3113,47.313],[0.3011,47.309],[0.295,47.312],[0.2984,47.3192],[0.28,47.3297],[0.2858,47.3381],[0.2842,47.3441],[0.2921,47.3303],[0.3063,47.3282],[0.3116,47.3385]]]}},{"type":"Feature","properties":{"code":"37157","nom":"Montrésor","app":8.07,"app_bas":6.07,"app_haut":10.73,"app_ech":"maille","app_obs":1,"mai":6.9,"mai_bas":5.24,"mai_haut":9.08,"mai_ech":"maille","mai_obs":11,"a12":8.45,"a3":6.18,"pxa":null,"pxm":null,"napp":0,"nmai":0,"ra":null,"rm":null},"geometry":{"type":"Polygon","coordinates":[[[1.1925,47.1546],[1.2043,47.157],[1.2116,47.149],[1.1995,47.1482],[1.1925,47.1546]]]}},{"type":"Feature","properties":{"code":"37190","nom":"Pussigny","app":9.08,"app_bas":7.19,"app_haut":11.45,"app_ech":"maille","app_obs":0,"mai":7.02,"mai_bas":5.55,"mai_haut":8.88,"mai_ech":"maille","mai_obs":9,"a12":10.47,"a3":6.77,"pxa":null,"pxm":null,"napp":0,"nmai":0,"ra":null,"rm":null},"geometry":{"type":"Polygon","coordinates":[[[0.5322,46.9963],[0.5557,47.0015],[0.5669,47.0025],[0.5745,46.9929],[0.5737,46.9834],[0.5511,46.9774],[0.5266,46.9811],[0.5155,46.9764],[0.5158,46.9854],[0.5322,46.9963]]]}},{"type":"Feature","properties":{"code":"37198","nom":"Rillé","app":8.4,"app_bas":6.51,"app_haut":10.82,"app_ech":"maille","app_obs":0,"mai":8.14,"mai_bas":6.33,"mai_haut":10.48,"mai_ech":"maille","mai_obs":16,"a12":9.32,"a3":7.3,"pxa":null,"pxm":null,"napp":0,"nmai":0,"ra":null,"rm":null},"geometry":{"type":"Polygon","coordinates":[[[0.2314,47.4246],[0.2147,47.428],[0.2055,47.4248],[0.1966,47.4238],[0.1852,47.4262],[0.1809,47.4532],[0.1898,47.4607],[0.1989,47.4764],[0.2132,47.4679],[0.2456,47.4566],[0.2688,47.4524],[0.2529,47.4303],[0.2454,47.4266],[0.2314,47.4246]]]}},{"type":"Feature","properties":{"code":"37031","nom":"Bourgueil","app":9.43,"app_bas":7.38,"app_haut":12.05,"app_ech":"commune","app_obs":304,"mai":9.36,"mai_bas":7.43,"mai_haut":11.81,"mai_ech":"commune","mai_obs":194,"a12":11.52,"a3":7.79,"pxa":null,"pxm":1486,"napp":21,"nmai":155,"ra":null,"rm":6.6},"geometry":{"type":"Polygon","coordinates":[[[0.1951,47.289],[0.195,47.2777],[0.2014,47.268],[0.1996,47.2589],[0.1765,47.2554],[0.164,47.2556],[0.165,47.2613],[0.1566,47.264],[0.1566,47.276],[0.16,47.3039],[0.1638,47.3157],[0.1624,47.3221],[0.1519,47.3324],[0.1473,47.3454],[0.1447,47.3564],[0.1404,47.3618],[0.1536,47.3636],[0.1658,47.3627],[0.1724,47.3575],[0.1959,47.3492],[0.1925,47.3366],[0.1948,47.3153],[0.1927,47.2986],[0.1951,47.289]]]}},{"type":"Feature","properties":{"code":"37083","nom":"Cormery","app":11.78,"app_bas":9.51,"app_haut":14.6,"app_ech":"commune","app_obs":196,"mai":9.12,"mai_bas":7.23,"mai_haut":11.5,"mai_ech":"commune","mai_obs":106,"a12":14.37,"a3":9.07,"pxa":null,"pxm":1778,"napp":5,"nmai":65,"ra":null,"rm":5.37},"geometry":{"type":"Polygon","coordinates":[[[0.818,47.2748],[0.82,47.2696],[0.8375,47.2709],[0.8622,47.2649],[0.8685,47.2516],[0.8574,47.2422],[0.8434,47.252],[0.8346,47.262],[0.8187,47.2602],[0.818,47.2748]]]}},{"type":"Feature","properties":{"code":"37114","nom":"Guerche","app":7.45,"app_bas":5.95,"app_haut":9.33,"app_ech":"maille","app_obs":1,"mai":6.27,"mai_bas":5.02,"mai_haut":7.84,"mai_ech":"maille","mai_obs":1,"a12":9.73,"a3":6.77,"pxa":null,"pxm":null,"napp":0,"nmai":0,"ra":null,"rm":null},"geometry":{"type":"Polygon","coordinates":[[[0.7295,46.8832],[0.7267,46.8867],[0.7043,46.9033],[0.7037,46.9094],[0.7192,46.913],[0.7401,46.8866],[0.7482,46.8811],[0.7435,46.8716],[0.7337,46.876],[0.7295,46.8832]]]}},{"type":"Feature","properties":{"code":"37118","nom":"Huismes","app":9.35,"app_bas":7.22,"app_haut":12.12,"app_ech":"maille","app_obs":9,"mai":7.58,"mai_bas":5.89,"mai_haut":9.76,"mai_ech":"maille","mai_obs":46,"a12":11.66,"a3":8.05,"pxa":null,"pxm":1292,"napp":0,"nmai":56,"ra":null,"rm":6.15},"geometry":{"type":"Polygon","coordinates":[[[0.2199,47.2074],[0.2206,47.2185],[0.225,47.2276],[0.2203,47.2389],[0.2395,47.2455],[0.2509,47.2464],[0.2627,47.2517],[0.2645,47.2567],[0.2729,47.262],[0.2835,47.2541],[0.2834,47.2467],[0.2788,47.2423],[0.2879,47.2285],[0.285,47.2269],[0.2779,47.2106],[0.277,47.2009],[0.2557,47.2011],[0.2286,47.207],[0.2199,47.2074]]]}},{"type":"Feature","properties":{"code":"37133","nom":"Loché-sur-Indrois","app":8.07,"app_bas":6.07,"app_haut":10.73,"app_ech":"maille","app_obs":9,"mai":6.9,"mai_bas":5.24,"mai_haut":9.08,"mai_ech":"maille","mai_obs":29,"a12":8.45,"a3":6.18,"pxa":null,"pxm":null,"napp":0,"nmai":0,"ra":null,"rm":null},"geometry":{"type":"Polygon","coordinates":[[[1.2067,47.0283],[1.1995,47.0278],[1.193,47.0317],[1.1811,47.041],[1.1798,47.0479],[1.1816,47.0613],[1.1714,47.0659],[1.1526,47.0832],[1.1242,47.0853],[1.1333,47.0971],[1.1358,47.1115],[1.1454,47.1271],[1.1647,47.1323],[1.1754,47.1314],[1.1744,47.1248],[1.1885,47.1166],[1.2127,47.1188],[1.2369,47.1188],[1.2533,47.1076],[1.2574,47.1018],[1.2695,47.0932],[1.2843,47.0776],[1.2656,47.0703],[1.2487,47.0526],[1.2306,47.0404],[1.2131,47.0338],[1.2067,47.0283]]]}},{"type":"Feature","properties":{"code":"37199","nom":"Rilly-sur-Vienne","app":8.85,"app_bas":6.95,"app_haut":11.26,"app_ech":"maille","app_obs":1,"mai":8.68,"mai_bas":6.78,"mai_haut":11.11,"mai_ech":"maille","mai_obs":25,"a12":10.47,"a3":7.72,"pxa":null,"pxm":null,"napp":0,"nmai":0,"ra":null,"rm":null},"geometry":{"type":"Polygon","coordinates":[[[0.5279,47.0696],[0.5168,47.051],[0.5042,47.0405],[0.5033,47.0352],[0.4917,47.0281],[0.4805,47.0362],[0.475,47.0582],[0.4757,47.0654],[0.4887,47.0692],[0.5004,47.0769],[0.5201,47.0733],[0.5279,47.0696]]]}},{"type":"Feature","properties":{"code":"37053","nom":"Chanceaux-près-Loches","app":10.19,"app_bas":7.9,"app_haut":13.14,"app_ech":"maille","app_obs":0,"mai":8.52,"mai_bas":6.75,"mai_haut":10.75,"mai_ech":"maille","mai_obs":6,"a12":12.99,"a3":9.07,"pxa":null,"pxm":null,"napp":0,"nmai":0,"ra":null,"rm":null},"geometry":{"type":"Polygon","coordinates":[[[0.9037,47.1336],[0.905,47.1402],[0.9145,47.1491],[0.9271,47.158],[0.9416,47.1562],[0.9661,47.151],[0.9795,47.1524],[0.9902,47.1489],[0.9817,47.1396],[0.9781,47.1425],[0.968,47.1399],[0.9399,47.1248],[0.9328,47.123],[0.9089,47.1263],[0.9037,47.1336]]]}},{"type":"Feature","properties":{"code":"37221","nom":"Saint-Hippolyte","app":8.15,"app_bas":6.26,"app_haut":10.6,"app_ech":"maille","app_obs":3,"mai":6.9,"mai_bas":5.24,"mai_haut":9.08,"mai_ech":"maille","mai_obs":21,"a12":10.6,"a3":7.39,"pxa":null,"pxm":null,"napp":0,"nmai":0,"ra":null,"rm":null},"geometry":{"type":"Polygon","coordinates":[[[1.0809,47.0715],[1.0943,47.0741],[1.1208,47.0857],[1.1526,47.0832],[1.1714,47.0659],[1.1816,47.0613],[1.1798,47.0479],[1.1811,47.041],[1.1614,47.0396],[1.1383,47.0305],[1.1156,47.0244],[1.1103,47.0292],[1.1095,47.0349],[1.0988,47.0443],[1.0965,47.0559],[1.0843,47.0626],[1.0809,47.0715]]]}},{"type":"Feature","properties":{"code":"37260","nom":"Tour-Saint-Gelin","app":8.22,"app_bas":6.55,"app_haut":10.32,"app_ech":"maille","app_obs":9,"mai":8.68,"mai_bas":6.78,"mai_haut":11.11,"mai_ech":"maille","mai_obs":11,"a12":9.98,"a3":6.77,"pxa":null,"pxm":1022,"napp":0,"nmai":32,"ra":null,"rm":8.9},"geometry":{"type":"Polygon","coordinates":[[[0.4196,47.0824],[0.4129,47.0646],[0.4132,47.0561],[0.4259,47.0441],[0.4043,47.0422],[0.3926,47.0426],[0.375,47.0499],[0.3817,47.0536],[0.3642,47.0594],[0.3595,47.0663],[0.3751,47.0744],[0.3828,47.0737],[0.403,47.0866],[0.4139,47.0791],[0.4196,47.0824]]]}},{"type":"Feature","properties":{"code":"37061","nom":"Charnizay","app":7.45,"app_bas":5.95,"app_haut":9.33,"app_ech":"maille","app_obs":0,"mai":6.31,"mai_bas":5.05,"mai_haut":7.88,"mai_ech":"maille","mai_obs":14,"a12":9.73,"a3":6.18,"pxa":null,"pxm":null,"napp":0,"nmai":0,"ra":null,"rm":null},"geometry":{"type":"Polygon","coordinates":[[[0.9523,46.877],[0.9401,46.8836],[0.9429,46.8909],[0.9552,46.9075],[0.9547,46.9167],[0.9581,46.9253],[0.9499,46.9445],[0.9722,46.9624],[0.9718,46.9658],[0.9804,46.9649],[0.9865,46.9551],[1.0251,46.9509],[1.032,46.9487],[1.0374,46.9421],[1.0365,46.9242],[1.0331,46.9051],[1.0252,46.8797],[1.0115,46.877],[0.9969,46.8781],[0.9823,46.8756],[0.9718,46.8774],[0.9523,46.877]]]}},{"type":"Feature","properties":{"code":"37116","nom":"Hermites","app":8.61,"app_bas":7.03,"app_haut":10.53,"app_ech":"maille","app_obs":6,"mai":7.25,"mai_bas":5.75,"mai_haut":9.15,"mai_ech":"maille","mai_obs":37,"a12":11.51,"a3":9.15,"pxa":null,"pxm":null,"napp":0,"nmai":0,"ra":null,"rm":null},"geometry":{"type":"Polygon","coordinates":[[[0.7382,47.6437],[0.7297,47.655],[0.7201,47.6557],[0.7027,47.6693],[0.7121,47.6818],[0.7356,47.6955],[0.7518,47.6918],[0.7832,47.6824],[0.8051,47.6792],[0.8118,47.6822],[0.8249,47.6778],[0.8342,47.6769],[0.8069,47.6609],[0.7911,47.6562],[0.7741,47.6389],[0.7611,47.6448],[0.7382,47.6437]]]}},{"type":"Feature","properties":{"code":"37129","nom":"Ligré","app":9.14,"app_bas":7.13,"app_haut":11.7,"app_ech":"maille","app_obs":1,"mai":8.68,"mai_bas":6.78,"mai_haut":11.11,"mai_ech":"maille","mai_obs":54,"a12":11.66,"a3":8.44,"pxa":null,"pxm":1029,"napp":0,"nmai":41,"ra":null,"rm":8.84},"geometry":{"type":"Polygon","coordinates":[[[0.2422,47.1321],[0.2546,47.1433],[0.2635,47.1428],[0.2904,47.1363],[0.2868,47.1265],[0.2913,47.1216],[0.3013,47.1219],[0.3046,47.1137],[0.3063,47.101],[0.3034,47.0782],[0.2845,47.0835],[0.2638,47.0814],[0.2447,47.0863],[0.2368,47.093],[0.2382,47.1013],[0.246,47.1099],[0.2422,47.1321]]]}},{"type":"Feature","properties":{"code":"37054","nom":"Chanceaux-sur-Choisille","app":9.9,"app_bas":8.14,"app_haut":12.04,"app_ech":"maille","app_obs":41,"mai":10.29,"mai_bas":8.1,"mai_haut":13.07,"mai_ech":"commune","mai_obs":109,"a12":11.51,"a3":9.96,"pxa":null,"pxm":2465,"napp":1,"nmai":82,"ra":null,"rm":4.37},"geometry":{"type":"Polygon","coordinates":[[[0.7329,47.4706],[0.7278,47.4727],[0.717,47.469],[0.706,47.4687],[0.6953,47.4561],[0.6865,47.452],[0.6812,47.4532],[0.6692,47.466],[0.663,47.476],[0.6632,47.4822],[0.7029,47.4954],[0.7197,47.5001],[0.7338,47.4969],[0.7389,47.4827],[0.7477,47.4739],[0.7461,47.4677],[0.7329,47.4706]]]}},{"type":"Feature","properties":{"code":"37247","nom":"Sepmes","app":9.89,"app_bas":8.05,"app_haut":12.15,"app_ech":"maille","app_obs":0,"mai":7.62,"mai_bas":6.01,"mai_haut":9.66,"mai_ech":"maille","mai_obs":35,"a12":10.47,"a3":7.39,"pxa":null,"pxm":null,"napp":0,"nmai":0,"ra":null,"rm":null},"geometry":{"type":"Polygon","coordinates":[[[0.6542,47.0503],[0.6575,47.0685],[0.6529,47.0888],[0.6567,47.0959],[0.6895,47.1188],[0.7045,47.124],[0.7028,47.1199],[0.7095,47.1089],[0.7136,47.09],[0.7132,47.0814],[0.7064,47.0737],[0.7086,47.0624],[0.6983,47.0502],[0.686,47.0447],[0.6769,47.0431],[0.6712,47.0473],[0.6542,47.0503]]]}},{"type":"Feature","properties":{"code":"37032","nom":"Bournan","app":9.89,"app_bas":8.05,"app_haut":12.15,"app_ech":"maille","app_obs":0,"mai":7.62,"mai_bas":6.01,"mai_haut":9.66,"mai_ech":"maille","mai_obs":2,"a12":11.22,"a3":7.39,"pxa":null,"pxm":null,"napp":0,"nmai":0,"ra":null,"rm":null},"geometry":{"type":"Polygon","coordinates":[[[0.7505,47.097],[0.7486,47.0869],[0.7531,47.0774],[0.7546,47.0541],[0.7475,47.0491],[0.6983,47.0502],[0.7086,47.0624],[0.7064,47.0737],[0.7132,47.0814],[0.727,47.0859],[0.7505,47.097]]]}},{"type":"Feature","properties":{"code":"37042","nom":"Candes-Saint-Martin","app":9.04,"app_bas":7.07,"app_haut":11.54,"app_ech":"maille","app_obs":1,"mai":9.09,"mai_bas":7.21,"mai_haut":11.47,"mai_ech":"maille","mai_obs":7,"a12":11.35,"a3":6.86,"pxa":null,"pxm":null,"napp":0,"nmai":0,"ra":null,"rm":null},"geometry":{"type":"Polygon","coordinates":[[[0.0666,47.1898],[0.059,47.1925],[0.0538,47.1989],[0.0682,47.2158],[0.0745,47.2144],[0.0904,47.2133],[0.0954,47.2058],[0.0947,47.2009],[0.0666,47.1898]]]}},{"type":"Feature","properties":{"code":"37051","nom":"Champigny-sur-Veude","app":9.14,"app_bas":7.13,"app_haut":11.7,"app_ech":"maille","app_obs":11,"mai":7.77,"mai_bas":6.22,"mai_haut":9.72,"mai_ech":"maille","mai_obs":41,"a12":9.98,"a3":6.88,"pxa":null,"pxm":1167,"napp":0,"nmai":43,"ra":null,"rm":6.98},"geometry":{"type":"Polygon","coordinates":[[[0.2984,47.054],[0.3103,47.0625],[0.3115,47.07],[0.3053,47.0743],[0.3147,47.078],[0.3411,47.0792],[0.3509,47.076],[0.3498,47.0696],[0.3595,47.0663],[0.3642,47.0594],[0.3356,47.0465],[0.3344,47.0349],[0.329,47.0307],[0.3099,47.028],[0.307,47.0487],[0.2984,47.054]]]}},{"type":"Feature","properties":{"code":"37126","nom":"Lerné","app":9.14,"app_bas":7.13,"app_haut":11.7,"app_ech":"maille","app_obs":0,"mai":7.36,"mai_bas":5.71,"mai_haut":9.47,"mai_ech":"maille","mai_obs":13,"a12":11.66,"a3":8.44,"pxa":null,"pxm":null,"napp":0,"nmai":0,"ra":null,"rm":null},"geometry":{"type":"Polygon","coordinates":[[[0.1407,47.1246],[0.1272,47.12],[0.1237,47.1283],[0.1111,47.1294],[0.1047,47.1208],[0.0841,47.1184],[0.0764,47.1239],[0.0809,47.1377],[0.0784,47.1463],[0.0946,47.1507],[0.0968,47.158],[0.1024,47.1613],[0.1146,47.1628],[0.1206,47.16],[0.1294,47.1511],[0.1431,47.1511],[0.1413,47.1474],[0.1434,47.1313],[0.1407,47.1246]]]}},{"type":"Feature","properties":{"code":"37040","nom":"Brizay","app":9.14,"app_bas":7.13,"app_haut":11.7,"app_ech":"maille","app_obs":0,"mai":8.68,"mai_bas":6.78,"mai_haut":11.11,"mai_ech":"maille","mai_obs":7,"a12":11.66,"a3":8.44,"pxa":null,"pxm":null,"napp":0,"nmai":0,"ra":null,"rm":null},"geometry":{"type":"Polygon","coordinates":[[[0.3751,47.0744],[0.3625,47.0836],[0.3619,47.097],[0.3574,47.102],[0.3584,47.1076],[0.3794,47.109],[0.412,47.117],[0.4187,47.1142],[0.4204,47.1094],[0.416,47.0959],[0.3828,47.0737],[0.3751,47.0744]]]}},{"type":"Feature","properties":{"code":"37113","nom":"Grand-Pressigny","app":7.45,"app_bas":5.95,"app_haut":9.33,"app_ech":"maille","app_obs":15,"mai":6.27,"mai_bas":5.02,"mai_haut":7.84,"mai_ech":"maille","mai_obs":50,"a12":9.73,"a3":6.77,"pxa":null,"pxm":1004,"napp":2,"nmai":36,"ra":null,"rm":6.54},"geometry":{"type":"Polygon","coordinates":[[[0.8209,46.9492],[0.8401,46.9483],[0.8472,46.9495],[0.8536,46.929],[0.8605,46.9233],[0.8646,46.9123],[0.8672,46.8963],[0.8485,46.8848],[0.8411,46.889],[0.8381,46.8955],[0.824,46.8891],[0.8071,46.8879],[0.7873,46.8957],[0.7789,46.9065],[0.7632,46.9107],[0.7605,46.9141],[0.7666,46.9209],[0.768,46.9272],[0.7627,46.9356],[0.7778,46.9443],[0.7866,46.9434],[0.8067,46.9389],[0.8165,46.9398],[0.8209,46.9492]]]}},{"type":"Feature","properties":{"code":"37131","nom":"Limeray","app":10.19,"app_bas":7.9,"app_haut":13.14,"app_ech":"maille","app_obs":33,"mai":8.28,"mai_bas":6.62,"mai_haut":10.35,"mai_ech":"maille","mai_obs":30,"a12":11.27,"a3":7.5,"pxa":null,"pxm":1505,"napp":3,"nmai":54,"ra":null,"rm":5.76},"geometry":{"type":"Polygon","coordinates":[[[1.0122,47.4302],[1.007,47.4354],[1.0069,47.4445],[1.011,47.4613],[1.0194,47.4663],[1.0302,47.4842],[1.0356,47.4903],[1.0427,47.4702],[1.0497,47.4655],[1.064,47.4484],[1.0434,47.4414],[1.0253,47.4371],[1.0122,47.4302]]]}},{"type":"Feature","properties":{"code":"37206","nom":"Saint-Antoine-du-Rocher","app":10.61,"app_bas":9.12,"app_haut":12.35,"app_ech":"maille","app_obs":33,"mai":11.78,"mai_bas":9.3,"mai_haut":14.92,"mai_ech":"maille","mai_obs":41,"a12":11.82,"a3":9.96,"pxa":null,"pxm":2408,"napp":4,"nmai":58,"ra":null,"rm":5.03},"geometry":{"type":"Polygon","coordinates":[[[0.6632,47.4822],[0.6595,47.4725],[0.6492,47.4623],[0.6321,47.459],[0.5944,47.5083],[0.6135,47.5188],[0.6134,47.5301],[0.6176,47.5332],[0.6335,47.5371],[0.6386,47.5338],[0.6344,47.5255],[0.6404,47.5128],[0.649,47.502],[0.6546,47.5029],[0.6632,47.4822]]]}},{"type":"Feature","properties":{"code":"37242","nom":"Savigny-en-Véron","app":9.35,"app_bas":7.22,"app_haut":12.12,"app_ech":"maille","app_obs":0,"mai":9.09,"mai_bas":7.21,"mai_haut":11.47,"mai_ech":"maille","mai_obs":56,"a12":11.35,"a3":8.05,"pxa":null,"pxm":1521,"napp":0,"nmai":57,"ra":null,"rm":6.26},"geometry":{"type":"Polygon","coordinates":[[[0.0745,47.2144],[0.0917,47.2182],[0.123,47.2316],[0.134,47.2353],[0.1535,47.2369],[0.153,47.2271],[0.1626,47.2165],[0.1594,47.1974],[0.1607,47.1927],[0.1543,47.1882],[0.1469,47.1894],[0.1387,47.1817],[0.1263,47.1861],[0.1213,47.1935],[0.0954,47.2058],[0.0904,47.2133],[0.0745,47.2144]]]}},{"type":"Feature","properties":{"code":"37153","nom":"Monnaie","app":11.37,"app_bas":9.37,"app_haut":13.79,"app_ech":"maille","app_obs":73,"mai":10.07,"mai_bas":7.99,"mai_haut":12.68,"mai_ech":"commune","mai_obs":223,"a12":11.59,"a3":9.15,"pxa":null,"pxm":2238,"napp":8,"nmai":135,"ra":null,"rm":4.71},"geometry":{"type":"Polygon","coordinates":[[[0.7338,47.4969],[0.7409,47.4966],[0.7585,47.5116],[0.7622,47.5199],[0.7737,47.5276],[0.7806,47.5448],[0.799,47.5457],[0.7958,47.5395],[0.8091,47.5223],[0.8153,47.5167],[0.8335,47.5136],[0.8331,47.5085],[0.8239,47.4954],[0.821,47.4871],[0.8196,47.4754],[0.8225,47.4677],[0.8191,47.4605],[0.8047,47.4695],[0.7933,47.4669],[0.768,47.4651],[0.7623,47.4672],[0.7594,47.4745],[0.7622,47.4793],[0.7422,47.4795],[0.7389,47.4827],[0.7338,47.4969]]]}},{"type":"Feature","properties":{"code":"37216","nom":"Saint-Épain","app":8.85,"app_bas":6.95,"app_haut":11.26,"app_ech":"maille","app_obs":19,"mai":8.68,"mai_bas":6.78,"mai_haut":11.11,"mai_ech":"maille","mai_obs":60,"a12":10.47,"a3":8.44,"pxa":null,"pxm":1474,"napp":0,"nmai":63,"ra":null,"rm":6.17},"geometry":{"type":"Polygon","coordinates":[[[0.5383,47.1124],[0.5321,47.1184],[0.5106,47.1265],[0.4971,47.1334],[0.5059,47.1413],[0.5045,47.1453],[0.5057,47.1549],[0.512,47.1624],[0.5301,47.1603],[0.5425,47.1694],[0.5526,47.1729],[0.5595,47.1893],[0.5693,47.1903],[0.5805,47.1881],[0.6121,47.1848],[0.6291,47.1845],[0.6523,47.1818],[0.6578,47.178],[0.6494,47.163],[0.6465,47.1526],[0.6468,47.1445],[0.6327,47.1368],[0.6224,47.1374],[0.6128,47.1348],[0.5936,47.1264],[0.5844,47.1176],[0.5595,47.1256],[0.547,47.1169],[0.541,47.1098],[0.5383,47.1124]]]}},{"type":"Feature","properties":{"code":"37174","nom":"Nouâtre","app":9.08,"app_bas":7.19,"app_haut":11.45,"app_ech":"maille","app_obs":11,"mai":7.02,"mai_bas":5.55,"mai_haut":8.88,"mai_ech":"maille","mai_obs":38,"a12":10.47,"a3":7.72,"pxa":null,"pxm":1353,"napp":0,"nmai":37,"ra":null,"rm":5.44},"geometry":{"type":"Polygon","coordinates":[[[0.5906,47.0067],[0.5763,47.0045],[0.5677,47.0063],[0.5632,47.0155],[0.5448,47.0309],[0.5416,47.0399],[0.5469,47.0645],[0.5599,47.0616],[0.5641,47.0527],[0.5637,47.0382],[0.5722,47.0252],[0.5737,47.021],[0.5906,47.0067]]]}},{"type":"Feature","properties":{"code":"37222","nom":"Saint-Jean-Saint-Germain","app":8.15,"app_bas":6.26,"app_haut":10.6,"app_ech":"maille","app_obs":1,"mai":6.9,"mai_bas":5.24,"mai_haut":9.08,"mai_ech":"maille","mai_obs":33,"a12":10.6,"a3":7.39,"pxa":null,"pxm":null,"napp":0,"nmai":0,"ra":null,"rm":null},"geometry":{"type":"Polygon","coordinates":[[[1.0809,47.0715],[1.0674,47.0795],[1.0583,47.0823],[1.0479,47.0712],[1.0353,47.0669],[1.0219,47.066],[1.0064,47.056],[1.004,47.0594],[1.0154,47.0801],[1.0246,47.093],[1.0467,47.1037],[1.0599,47.1117],[1.068,47.1096],[1.0668,47.1069],[1.0766,47.0968],[1.0826,47.0979],[1.1074,47.0886],[1.1208,47.0857],[1.0943,47.0741],[1.0809,47.0715]]]}},{"type":"Feature","properties":{"code":"37236","nom":"Saint-Règle","app":10.72,"app_bas":8.68,"app_haut":13.24,"app_ech":"maille","app_obs":1,"mai":9.77,"mai_bas":7.98,"mai_haut":11.96,"mai_ech":"maille","mai_obs":15,"a12":11.21,"a3":7.37,"pxa":null,"pxm":null,"napp":0,"nmai":0,"ra":null,"rm":null},"geometry":{"type":"Polygon","coordinates":[[[1.0303,47.4166],[1.0599,47.4221],[1.0639,47.4157],[1.0551,47.3982],[1.0408,47.4031],[1.0304,47.4035],[1.0127,47.4071],[1.0188,47.4135],[1.0303,47.4166]]]}},{"type":"Feature","properties":{"code":"37004","nom":"Anché","app":9.14,"app_bas":7.13,"app_haut":11.7,"app_ech":"maille","app_obs":2,"mai":8.68,"mai_bas":6.78,"mai_haut":11.11,"mai_ech":"maille","mai_obs":30,"a12":11.66,"a3":8.44,"pxa":null,"pxm":null,"napp":0,"nmai":0,"ra":null,"rm":null},"geometry":{"type":"Polygon","coordinates":[[[0.3183,47.1204],[0.3046,47.1137],[0.3013,47.1219],[0.2913,47.1216],[0.2868,47.1265],[0.2904,47.1363],[0.2901,47.1457],[0.3098,47.1456],[0.3317,47.1409],[0.3183,47.1204]]]}},{"type":"Feature","properties":{"code":"37181","nom":"Paulmy","app":9.08,"app_bas":7.19,"app_haut":11.45,"app_ech":"maille","app_obs":0,"mai":7.62,"mai_bas":6.01,"mai_haut":9.66,"mai_ech":"maille","mai_obs":8,"a12":11.22,"a3":7.39,"pxa":null,"pxm":null,"napp":0,"nmai":0,"ra":null,"rm":null},"geometry":{"type":"Polygon","coordinates":[[[0.787,47],[0.8027,47.0007],[0.8296,47.016],[0.8417,47.0161],[0.8549,47.005],[0.8489,46.9889],[0.8501,46.982],[0.8612,46.9656],[0.8524,46.959],[0.8472,46.9495],[0.8401,46.9483],[0.8209,46.9492],[0.8082,46.953],[0.7997,46.9578],[0.7974,46.9645],[0.8026,46.967],[0.798,46.9799],[0.8024,46.9863],[0.8013,46.9926],[0.787,47]]]}},{"type":"Feature","properties":{"code":"37006","nom":"Artannes-sur-Indre","app":11.09,"app_bas":9.26,"app_haut":13.29,"app_ech":"maille","app_obs":21,"mai":9.89,"mai_bas":8.19,"mai_haut":11.93,"mai_ech":"maille","mai_obs":80,"a12":13.38,"a3":9.09,"pxa":null,"pxm":1857,"napp":0,"nmai":99,"ra":null,"rm":5.58},"geometry":{"type":"Polygon","coordinates":[[[0.6375,47.2489],[0.6298,47.2444],[0.6152,47.2508],[0.606,47.2481],[0.5866,47.2551],[0.5775,47.2602],[0.5732,47.2767],[0.5505,47.2757],[0.5462,47.278],[0.5638,47.2886],[0.5728,47.2959],[0.5792,47.3061],[0.6151,47.3049],[0.6043,47.2793],[0.6151,47.2661],[0.6268,47.2633],[0.6281,47.2559],[0.6375,47.2489]]]}},{"type":"Feature","properties":{"code":"37047","nom":"Cerelles","app":9.9,"app_bas":8.14,"app_haut":12.04,"app_ech":"maille","app_obs":17,"mai":11.78,"mai_bas":9.3,"mai_haut":14.92,"mai_ech":"maille","mai_obs":59,"a12":11.82,"a3":9.15,"pxa":null,"pxm":1962,"napp":1,"nmai":37,"ra":null,"rm":6.18},"geometry":{"type":"Polygon","coordinates":[[[0.6634,47.4824],[0.6546,47.5029],[0.6546,47.5066],[0.6795,47.5128],[0.6856,47.5259],[0.692,47.5251],[0.7111,47.5135],[0.7094,47.5056],[0.7197,47.5001],[0.7029,47.4954],[0.6634,47.4824]]]}},{"type":"Feature","properties":{"code":"37140","nom":"Luzé","app":9.08,"app_bas":7.19,"app_haut":11.45,"app_ech":"maille","app_obs":7,"mai":8.68,"mai_bas":6.78,"mai_haut":11.11,"mai_ech":"maille","mai_obs":11,"a12":9.98,"a3":7.72,"pxa":null,"pxm":null,"napp":0,"nmai":0,"ra":null,"rm":null},"geometry":{"type":"Polygon","coordinates":[[[0.4333,47.0293],[0.4423,47.0275],[0.4746,47.0362],[0.4805,47.0362],[0.4917,47.0281],[0.5033,47.0352],[0.5091,47.0372],[0.5134,47.0286],[0.5035,47.0198],[0.5144,47.017],[0.4944,47.0105],[0.4736,46.9941],[0.4558,46.989],[0.4325,47.0021],[0.4342,47.014],[0.4293,47.0173],[0.4333,47.0293]]]}},{"type":"Feature","properties":{"code":"37249","nom":"Sonzay","app":9.9,"app_bas":8.14,"app_haut":12.04,"app_ech":"maille","app_obs":16,"mai":8.91,"mai_bas":7.02,"mai_haut":11.29,"mai_ech":"maille","mai_obs":75,"a12":11.49,"a3":9.09,"pxa":null,"pxm":1400,"napp":1,"nmai":48,"ra":null,"rm":6.67},"geometry":{"type":"Polygon","coordinates":[[[0.4358,47.493],[0.4393,47.5019],[0.4392,47.5147],[0.4355,47.5201],[0.4213,47.5296],[0.4378,47.5522],[0.4505,47.5483],[0.4642,47.5511],[0.4956,47.5499],[0.4948,47.5439],[0.5013,47.5337],[0.5076,47.5304],[0.5144,47.5193],[0.5308,47.5132],[0.527,47.4957],[0.5177,47.4843],[0.5317,47.4757],[0.5053,47.4717],[0.4952,47.4781],[0.4627,47.4826],[0.4388,47.4884],[0.4358,47.493]]]}},{"type":"Feature","properties":{"code":"37143","nom":"Manthelan","app":9.89,"app_bas":8.05,"app_haut":12.15,"app_ech":"maille","app_obs":27,"mai":7.62,"mai_bas":6.01,"mai_haut":9.66,"mai_ech":"maille","mai_obs":67,"a12":11.22,"a3":7.39,"pxa":null,"pxm":1028,"napp":1,"nmai":59,"ra":null,"rm":7.77},"geometry":{"type":"Polygon","coordinates":[[[0.8107,47.1029],[0.8055,47.1019],[0.7946,47.1134],[0.7867,47.1154],[0.7765,47.1142],[0.765,47.1156],[0.7569,47.1301],[0.7764,47.139],[0.7813,47.1397],[0.7942,47.1479],[0.7999,47.1578],[0.8284,47.1745],[0.8392,47.1625],[0.8456,47.1663],[0.8527,47.1647],[0.861,47.1496],[0.8814,47.1343],[0.8835,47.1268],[0.8777,47.1222],[0.8698,47.1213],[0.8546,47.1216],[0.8427,47.1188],[0.8378,47.1153],[0.8107,47.1029]]]}},{"type":"Feature","properties":{"code":"37178","nom":"Panzoult","app":8.22,"app_bas":6.55,"app_haut":10.32,"app_ech":"maille","app_obs":0,"mai":8.68,"mai_bas":6.78,"mai_haut":11.11,"mai_ech":"maille","mai_obs":10,"a12":11.66,"a3":8.44,"pxa":null,"pxm":null,"napp":0,"nmai":0,"ra":null,"rm":null},"geometry":{"type":"Polygon","coordinates":[[[0.3938,47.2012],[0.4051,47.2031],[0.4193,47.2098],[0.4367,47.2151],[0.4319,47.2067],[0.4282,47.1935],[0.4342,47.1736],[0.4346,47.1627],[0.4385,47.1535],[0.4376,47.1365],[0.4324,47.1342],[0.4218,47.1348],[0.4213,47.1298],[0.4021,47.1235],[0.3828,47.1325],[0.3657,47.1355],[0.3687,47.142],[0.3774,47.1511],[0.376,47.1673],[0.3938,47.2012]]]}},{"type":"Feature","properties":{"code":"37191","nom":"Razines","app":9.08,"app_bas":7.19,"app_haut":11.45,"app_ech":"maille","app_obs":0,"mai":7.77,"mai_bas":6.22,"mai_haut":9.72,"mai_ech":"maille","mai_obs":7,"a12":10.47,"a3":6.88,"pxa":null,"pxm":null,"napp":0,"nmai":0,"ra":null,"rm":null},"geometry":{"type":"Polygon","coordinates":[[[0.3664,46.9906],[0.3892,46.9786],[0.4024,46.9878],[0.4148,46.9875],[0.4243,46.9927],[0.4364,46.9873],[0.4388,46.9816],[0.4226,46.9716],[0.4108,46.9668],[0.3954,46.9522],[0.3867,46.9517],[0.3799,46.9624],[0.351,46.9775],[0.3664,46.9906]]]}},{"type":"Feature","properties":{"code":"37255","nom":"Tavant","app":9.14,"app_bas":7.13,"app_haut":11.7,"app_ech":"maille","app_obs":1,"mai":8.68,"mai_bas":6.78,"mai_haut":11.11,"mai_ech":"maille","mai_obs":2,"a12":11.66,"a3":8.44,"pxa":null,"pxm":null,"napp":0,"nmai":0,"ra":null,"rm":null},"geometry":{"type":"Polygon","coordinates":[[[0.3634,47.1169],[0.3788,47.1192],[0.3828,47.1325],[0.4021,47.1235],[0.412,47.117],[0.3794,47.109],[0.3584,47.1076],[0.3634,47.1169]]]}},{"type":"Feature","properties":{"code":"37018","nom":"Ballan-Miré","app":13.04,"app_bas":10.88,"app_haut":15.64,"app_ech":"commune","app_obs":447,"mai":10.69,"mai_bas":8.87,"mai_haut":12.89,"mai_ech":"commune","mai_obs":313,"a12":15.32,"a3":11.5,"pxa":2653,"pxm":2564,"napp":49,"nmai":191,"ra":4.98,"rm":4.35},"geometry":{"type":"Polygon","coordinates":[[[0.5792,47.3061],[0.5706,47.3088],[0.5591,47.3174],[0.5572,47.3219],[0.5683,47.3342],[0.5791,47.3377],[0.5861,47.3436],[0.5913,47.36],[0.5906,47.3646],[0.5962,47.3638],[0.6247,47.3727],[0.641,47.373],[0.6403,47.3552],[0.631,47.3484],[0.6222,47.3452],[0.6262,47.332],[0.618,47.323],[0.6102,47.3054],[0.5792,47.3061]]]}},{"type":"Feature","properties":{"code":"37035","nom":"Braye-sous-Faye","app":8.22,"app_bas":6.55,"app_haut":10.32,"app_ech":"maille","app_obs":1,"mai":7.77,"mai_bas":6.22,"mai_haut":9.72,"mai_ech":"maille","mai_obs":11,"a12":9.98,"a3":6.88,"pxa":null,"pxm":null,"napp":0,"nmai":0,"ra":null,"rm":null},"geometry":{"type":"Polygon","coordinates":[[[0.3082,46.9999],[0.3159,47.0049],[0.3237,46.9974],[0.3417,46.9941],[0.3537,46.9951],[0.3574,46.9993],[0.3698,47.0022],[0.3664,46.9906],[0.351,46.9775],[0.34,46.9694],[0.3371,46.9623],[0.3283,46.9609],[0.3151,46.9632],[0.302,46.9553],[0.3051,46.9652],[0.2982,46.9713],[0.3084,46.9781],[0.2914,46.9903],[0.3041,46.9906],[0.3082,46.9999]]]}},{"type":"Feature","properties":{"code":"37043","nom":"Cangey","app":10.72,"app_bas":8.68,"app_haut":13.24,"app_ech":"maille","app_obs":4,"mai":8.28,"mai_bas":6.62,"mai_haut":10.35,"mai_ech":"maille","mai_obs":13,"a12":11.21,"a3":7.37,"pxa":null,"pxm":1330,"napp":0,"nmai":45,"ra":null,"rm":6.52},"geometry":{"type":"Polygon","coordinates":[[[1.0371,47.5087],[1.0424,47.51],[1.0358,47.5278],[1.045,47.5316],[1.0676,47.5226],[1.0714,47.5136],[1.0677,47.5039],[1.0788,47.4942],[1.0864,47.4783],[1.0937,47.4705],[1.0871,47.4618],[1.064,47.4484],[1.0497,47.4655],[1.0427,47.4702],[1.0356,47.4903],[1.0399,47.4965],[1.0371,47.5087]]]}},{"type":"Feature","properties":{"code":"37093","nom":"Crouzilles","app":8.85,"app_bas":6.95,"app_haut":11.26,"app_ech":"maille","app_obs":11,"mai":8.68,"mai_bas":6.78,"mai_haut":11.11,"mai_ech":"maille","mai_obs":15,"a12":11.81,"a3":7.72,"pxa":null,"pxm":null,"napp":0,"nmai":0,"ra":null,"rm":null},"geometry":{"type":"Polygon","coordinates":[[[0.4444,47.1198],[0.4352,47.1189],[0.4367,47.1247],[0.4267,47.128],[0.4324,47.1342],[0.4578,47.1449],[0.4738,47.1462],[0.4788,47.1443],[0.5045,47.1453],[0.5059,47.1413],[0.4971,47.1334],[0.4977,47.1304],[0.4873,47.115],[0.4631,47.1148],[0.4562,47.1191],[0.4444,47.1198]]]}},{"type":"Feature","properties":{"code":"37111","nom":"Genillé","app":9.95,"app_bas":7.29,"app_haut":13.57,"app_ech":"maille","app_obs":4,"mai":8.34,"mai_bas":6.56,"mai_haut":10.6,"mai_ech":"maille","mai_obs":62,"a12":10.6,"a3":7.5,"pxa":null,"pxm":1207,"napp":0,"nmai":71,"ra":null,"rm":7.24},"geometry":{"type":"Polygon","coordinates":[[[1.1684,47.1874],[1.1493,47.1812],[1.1358,47.1631],[1.1186,47.143],[1.1118,47.1396],[1.095,47.1335],[1.0733,47.1494],[1.0603,47.157],[1.0359,47.1682],[1.051,47.1791],[1.0469,47.1815],[1.0546,47.19],[1.0576,47.2024],[1.0683,47.1995],[1.0744,47.2062],[1.0748,47.2124],[1.0674,47.2177],[1.0657,47.2282],[1.0731,47.2262],[1.082,47.2212],[1.0896,47.2139],[1.1144,47.22],[1.1318,47.2121],[1.1437,47.2197],[1.1514,47.2175],[1.1717,47.2159],[1.1832,47.2185],[1.1899,47.2094],[1.1884,47.2005],[1.1843,47.1955],[1.1684,47.1874]]]}},{"type":"Feature","properties":{"code":"37276","nom":"Villedômer","app":10.27,"app_bas":8.82,"app_haut":11.96,"app_ech":"maille","app_obs":9,"mai":8.28,"mai_bas":6.62,"mai_haut":10.35,"mai_ech":"maille","mai_obs":54,"a12":11.59,"a3":7.5,"pxa":null,"pxm":1644,"napp":1,"nmai":36,"ra":null,"rm":5.28},"geometry":{"type":"Polygon","coordinates":[[[0.8208,47.5677],[0.8247,47.5733],[0.8388,47.5822],[0.8505,47.5821],[0.8913,47.5861],[0.9005,47.5814],[0.8906,47.5525],[0.8961,47.5461],[0.9045,47.5537],[0.912,47.5451],[0.9031,47.5404],[0.906,47.5309],[0.9152,47.5252],[0.9118,47.5174],[0.8714,47.5238],[0.869,47.5142],[0.8472,47.5174],[0.8432,47.5311],[0.8472,47.5368],[0.8464,47.5463],[0.8304,47.5616],[0.8208,47.5677]]]}},{"type":"Feature","properties":{"code":"37044","nom":"Celle-Guenand","app":7.45,"app_bas":5.95,"app_haut":9.33,"app_ech":"maille","app_obs":0,"mai":6.27,"mai_bas":5.02,"mai_haut":7.84,"mai_ech":"maille","mai_obs":9,"a12":11.22,"a3":7.39,"pxa":null,"pxm":null,"napp":0,"nmai":0,"ra":null,"rm":null},"geometry":{"type":"Polygon","coordinates":[[[0.8472,46.9495],[0.8524,46.959],[0.8612,46.9656],[0.889,46.9714],[0.928,46.9737],[0.955,46.9708],[0.959,46.9651],[0.9718,46.9658],[0.9722,46.9624],[0.9499,46.9445],[0.9341,46.9441],[0.9208,46.941],[0.9054,46.9322],[0.895,46.9199],[0.8646,46.9123],[0.8605,46.9233],[0.8536,46.929],[0.8472,46.9495]]]}},{"type":"Feature","properties":{"code":"37055","nom":"Channay-sur-Lathan","app":7.73,"app_bas":6.2,"app_haut":9.64,"app_ech":"maille","app_obs":2,"mai":8.14,"mai_bas":6.33,"mai_haut":10.48,"mai_ech":"maille","mai_obs":30,"a12":9.54,"a3":7.3,"pxa":null,"pxm":null,"napp":0,"nmai":0,"ra":null,"rm":null},"geometry":{"type":"Polygon","coordinates":[[[0.2917,47.4546],[0.2767,47.4494],[0.2688,47.4524],[0.2456,47.4566],[0.2132,47.4679],[0.1989,47.4764],[0.2007,47.4845],[0.2116,47.4961],[0.2201,47.502],[0.2386,47.5004],[0.2383,47.4933],[0.255,47.489],[0.2645,47.4956],[0.2718,47.5068],[0.2767,47.5048],[0.2786,47.5013],[0.2947,47.4898],[0.2967,47.4806],[0.2892,47.4748],[0.2928,47.4647],[0.2917,47.4546]]]}},{"type":"Feature","properties":{"code":"37080","nom":"Civray-sur-Esves","app":7.45,"app_bas":5.95,"app_haut":9.33,"app_ech":"maille","app_obs":3,"mai":7.62,"mai_bas":6.01,"mai_haut":9.66,"mai_ech":"maille","mai_obs":2,"a12":11.22,"a3":7.72,"pxa":null,"pxm":null,"napp":0,"nmai":0,"ra":null,"rm":null},"geometry":{"type":"Polygon","coordinates":[[[0.7475,47.0491],[0.7474,47.0388],[0.7363,47.0302],[0.724,47.0251],[0.7178,47.0182],[0.7013,47.0186],[0.6836,47.029],[0.6828,47.0362],[0.6769,47.0431],[0.686,47.0447],[0.6983,47.0502],[0.7475,47.0491]]]}},{"type":"Feature","properties":{"code":"37095","nom":"Dame-Marie-les-Bois","app":10.27,"app_bas":8.82,"app_haut":11.96,"app_ech":"maille","app_obs":0,"mai":8.28,"mai_bas":6.62,"mai_haut":10.35,"mai_ech":"maille","mai_obs":15,"a12":11.21,"a3":7.5,"pxa":null,"pxm":null,"napp":0,"nmai":0,"ra":null,"rm":null},"geometry":{"type":"Polygon","coordinates":[[[1.0636,47.5661],[1.077,47.5725],[1.0763,47.5632],[1.0476,47.5369],[1.045,47.5316],[1.0358,47.5278],[1.0244,47.5358],[1.0196,47.547],[1.0355,47.5544],[1.0363,47.558],[1.0428,47.5588],[1.0636,47.5661]]]}},{"type":"Feature","properties":{"code":"37159","nom":"Monts","app":11.89,"app_bas":10.11,"app_haut":13.99,"app_ech":"commune","app_obs":133,"mai":10.75,"mai_bas":8.56,"mai_haut":13.49,"mai_ech":"commune","mai_obs":200,"a12":11.22,"a3":10.62,"pxa":null,"pxm":2158,"napp":19,"nmai":224,"ra":null,"rm":5.2},"geometry":{"type":"Polygon","coordinates":[[[0.6151,47.3049],[0.6335,47.302],[0.6684,47.3017],[0.6766,47.3062],[0.6814,47.3025],[0.6758,47.2925],[0.6814,47.2836],[0.6804,47.2752],[0.6782,47.267],[0.6617,47.2546],[0.6548,47.2429],[0.6458,47.2393],[0.6375,47.2489],[0.6281,47.2559],[0.6268,47.2633],[0.6151,47.2661],[0.6043,47.2793],[0.6151,47.3049]]]}},{"type":"Feature","properties":{"code":"37200","nom":"Rivarennes","app":9.04,"app_bas":7.07,"app_haut":11.54,"app_ech":"maille","app_obs":4,"mai":8.96,"mai_bas":6.95,"mai_haut":11.55,"mai_ech":"maille","mai_obs":20,"a12":9.54,"a3":8.44,"pxa":null,"pxm":1140,"napp":0,"nmai":46,"ra":null,"rm":8.23},"geometry":{"type":"Polygon","coordinates":[[[0.3938,47.2012],[0.3651,47.2035],[0.3676,47.2183],[0.363,47.2248],[0.3687,47.2324],[0.3572,47.2457],[0.3324,47.2468],[0.3271,47.2632],[0.333,47.2701],[0.3567,47.2831],[0.3737,47.2836],[0.3806,47.2766],[0.3907,47.2739],[0.3806,47.2613],[0.3722,47.2568],[0.3718,47.2401],[0.3832,47.2182],[0.3868,47.2068],[0.3969,47.2015],[0.3938,47.2012]]]}},{"type":"Feature","properties":{"code":"37008","nom":"Athée-sur-Cher","app":10.17,"app_bas":8.2,"app_haut":12.61,"app_ech":"maille","app_obs":8,"mai":9.25,"mai_bas":7.35,"mai_haut":11.64,"mai_ech":"commune","mai_obs":105,"a12":12.99,"a3":9.07,"pxa":null,"pxm":1798,"napp":0,"nmai":82,"ra":null,"rm":5.39},"geometry":{"type":"Polygon","coordinates":[[[0.8891,47.2914],[0.8799,47.2962],[0.8676,47.2987],[0.8514,47.2996],[0.8442,47.3021],[0.8465,47.3093],[0.8594,47.3103],[0.8691,47.3205],[0.8794,47.3482],[0.9258,47.3398],[0.9469,47.334],[0.9445,47.3213],[0.9364,47.3043],[0.9421,47.2942],[0.9366,47.2947],[0.9237,47.2818],[0.9199,47.2846],[0.9071,47.2819],[0.8891,47.2914]]]}},{"type":"Feature","properties":{"code":"37144","nom":"Marçay","app":9.14,"app_bas":7.13,"app_haut":11.7,"app_ech":"maille","app_obs":1,"mai":7.36,"mai_bas":5.71,"mai_haut":9.47,"mai_ech":"maille","mai_obs":21,"a12":11.66,"a3":8.44,"pxa":null,"pxm":null,"napp":0,"nmai":0,"ra":null,"rm":null},"geometry":{"type":"Polygon","coordinates":[[[0.1815,47.1161],[0.2082,47.11],[0.2224,47.1048],[0.2382,47.1013],[0.2368,47.093],[0.2447,47.0863],[0.2329,47.073],[0.2352,47.0692],[0.2318,47.0641],[0.2082,47.0532],[0.1917,47.0647],[0.1871,47.0606],[0.1757,47.0607],[0.1742,47.0713],[0.1819,47.0781],[0.201,47.0913],[0.1881,47.1008],[0.1815,47.1161]]]}},{"type":"Feature","properties":{"code":"37204","nom":"Rouziers-de-Touraine","app":10.61,"app_bas":9.12,"app_haut":12.35,"app_ech":"maille","app_obs":12,"mai":11.78,"mai_bas":9.3,"mai_haut":14.92,"mai_ech":"maille","mai_obs":59,"a12":11.82,"a3":9.15,"pxa":null,"pxm":1922,"napp":0,"nmai":34,"ra":null,"rm":6.3},"geometry":{"type":"Polygon","coordinates":[[[0.6886,47.5347],[0.6856,47.5259],[0.6795,47.5128],[0.6546,47.5066],[0.6546,47.5029],[0.649,47.502],[0.6404,47.5128],[0.6344,47.5255],[0.6386,47.5338],[0.6335,47.5371],[0.6176,47.5332],[0.6134,47.5301],[0.6056,47.53],[0.5981,47.5391],[0.6094,47.5416],[0.6143,47.5497],[0.6284,47.5525],[0.636,47.551],[0.6541,47.5513],[0.6627,47.5406],[0.6743,47.5339],[0.6886,47.5347]]]}},{"type":"Feature","properties":{"code":"37099","nom":"Druye","app":10.57,"app_bas":8.99,"app_haut":12.43,"app_ech":"maille","app_obs":1,"mai":8.96,"mai_bas":6.95,"mai_haut":11.55,"mai_ech":"maille","mai_obs":54,"a12":13.38,"a3":9.09,"pxa":null,"pxm":null,"napp":0,"nmai":0,"ra":null,"rm":null},"geometry":{"type":"Polygon","coordinates":[[[0.5388,47.2753],[0.5268,47.2721],[0.5072,47.2755],[0.4917,47.2848],[0.5002,47.2941],[0.5082,47.3102],[0.5085,47.3126],[0.5327,47.3182],[0.5378,47.3236],[0.5572,47.3219],[0.5591,47.3174],[0.5706,47.3088],[0.5792,47.3061],[0.5728,47.2959],[0.5638,47.2886],[0.5462,47.278],[0.5388,47.2753]]]}},{"type":"Feature","properties":{"code":"37145","nom":"Marcé-sur-Esves","app":9.89,"app_bas":8.05,"app_haut":12.15,"app_ech":"maille","app_obs":4,"mai":7.62,"mai_bas":6.01,"mai_haut":9.66,"mai_ech":"maille","mai_obs":4,"a12":11.22,"a3":7.72,"pxa":null,"pxm":null,"napp":0,"nmai":0,"ra":null,"rm":null},"geometry":{"type":"Polygon","coordinates":[[[0.6592,47.0099],[0.6388,47.0211],[0.636,47.0261],[0.6365,47.0376],[0.6444,47.0408],[0.6542,47.0503],[0.6712,47.0473],[0.6769,47.0431],[0.6828,47.0362],[0.6836,47.029],[0.6698,47.0135],[0.6592,47.0099]]]}},{"type":"Feature","properties":{"code":"37170","nom":"Neuvy-le-Roi","app":9.9,"app_bas":8.14,"app_haut":12.04,"app_ech":"maille","app_obs":53,"mai":7.07,"mai_bas":5.52,"mai_haut":9.06,"mai_ech":"maille","mai_obs":43,"a12":11.49,"a3":7.2,"pxa":null,"pxm":1169,"napp":1,"nmai":35,"ra":null,"rm":6.34},"geometry":{"type":"Polygon","coordinates":[[[0.6041,47.5665],[0.5937,47.5684],[0.5788,47.5658],[0.5726,47.5723],[0.5626,47.5778],[0.5412,47.5779],[0.5274,47.5799],[0.5274,47.5906],[0.5325,47.5985],[0.5423,47.6022],[0.5535,47.6024],[0.5541,47.6169],[0.5581,47.6228],[0.5843,47.6332],[0.5862,47.6468],[0.6024,47.6501],[0.6125,47.6567],[0.619,47.6464],[0.6244,47.6317],[0.6351,47.6333],[0.6387,47.626],[0.6261,47.6156],[0.6242,47.6112],[0.6279,47.6018],[0.6379,47.5886],[0.6328,47.5868],[0.6209,47.577],[0.6041,47.5665]]]}},{"type":"Feature","properties":{"code":"37209","nom":"Saint-Bauld","app":null,"app_bas":null,"app_haut":null,"app_ech":null,"app_obs":0,"mai":null,"mai_bas":null,"mai_haut":null,"mai_ech":null,"mai_obs":0,"a12":null,"a3":null,"pxa":null,"pxm":null,"napp":0,"nmai":0,"ra":null,"rm":null},"geometry":{"type":"Polygon","coordinates":[[[0.8284,47.1745],[0.8172,47.1791],[0.8179,47.1818],[0.8314,47.1861],[0.8417,47.1792],[0.8534,47.1777],[0.8569,47.1713],[0.8527,47.1647],[0.8456,47.1663],[0.8392,47.1625],[0.8284,47.1745]]]}},{"type":"Feature","properties":{"code":"37016","nom":"Azay-sur-Indre","app":10.19,"app_bas":7.9,"app_haut":13.14,"app_ech":"maille","app_obs":3,"mai":8.41,"mai_bas":6.6,"mai_haut":10.72,"mai_ech":"maille","mai_obs":14,"a12":12.94,"a3":7.5,"pxa":null,"pxm":null,"napp":0,"nmai":0,"ra":null,"rm":null},"geometry":{"type":"Polygon","coordinates":[[[0.9165,47.1868],[0.9073,47.193],[0.9128,47.2008],[0.9206,47.2063],[0.9326,47.2185],[0.9422,47.223],[0.9653,47.2209],[0.9723,47.2054],[0.9727,47.1996],[0.9452,47.1854],[0.9326,47.1905],[0.9212,47.1897],[0.9165,47.1868]]]}},{"type":"Feature","properties":{"code":"37030","nom":"Boulay","app":10.27,"app_bas":8.82,"app_haut":11.96,"app_ech":"maille","app_obs":0,"mai":8.01,"mai_bas":6.35,"mai_haut":10.11,"mai_ech":"maille","mai_obs":27,"a12":11.59,"a3":7.5,"pxa":null,"pxm":null,"napp":0,"nmai":0,"ra":null,"rm":null},"geometry":{"type":"Polygon","coordinates":[[[0.8208,47.5677],[0.8116,47.5744],[0.8147,47.5873],[0.8003,47.5964],[0.81,47.6083],[0.8205,47.6134],[0.8527,47.6129],[0.8596,47.6083],[0.8639,47.5996],[0.889,47.6035],[0.8992,47.6037],[0.9034,47.596],[0.8894,47.593],[0.8913,47.5861],[0.8505,47.5821],[0.8388,47.5822],[0.8247,47.5733],[0.8208,47.5677]]]}},{"type":"Feature","properties":{"code":"37041","nom":"Bueil-en-Touraine","app":9.9,"app_bas":8.14,"app_haut":12.04,"app_ech":"maille","app_obs":3,"mai":7.07,"mai_bas":5.52,"mai_haut":9.06,"mai_ech":"maille","mai_obs":12,"a12":11.49,"a3":7.2,"pxa":null,"pxm":null,"napp":0,"nmai":0,"ra":null,"rm":null},"geometry":{"type":"Polygon","coordinates":[[[0.563,47.657],[0.5726,47.6585],[0.5813,47.6563],[0.5862,47.6468],[0.5843,47.6332],[0.5581,47.6228],[0.5541,47.6169],[0.5535,47.6024],[0.5423,47.6022],[0.5325,47.5985],[0.5247,47.6049],[0.5202,47.619],[0.522,47.6274],[0.5377,47.6332],[0.5407,47.6453],[0.5508,47.6542],[0.563,47.657]]]}},{"type":"Feature","properties":{"code":"37108","nom":"Ferrière-sur-Beaulieu","app":10.19,"app_bas":7.9,"app_haut":13.14,"app_ech":"maille","app_obs":0,"mai":8.34,"mai_bas":6.56,"mai_haut":10.6,"mai_ech":"maille","mai_obs":22,"a12":10.6,"a3":7.5,"pxa":null,"pxm":null,"napp":0,"nmai":0,"ra":null,"rm":null},"geometry":{"type":"Polygon","coordinates":[[[1.0163,47.1776],[1.0603,47.157],[1.0733,47.1494],[1.095,47.1335],[1.0909,47.1266],[1.0804,47.1264],[1.0667,47.1234],[1.0579,47.1257],[1.038,47.1262],[1.0451,47.1278],[1.0361,47.135],[1.0217,47.1352],[1.0165,47.1393],[1.0207,47.147],[1.0118,47.1605],[1.0163,47.1776]]]}},{"type":"Feature","properties":{"code":"37196","nom":"Richelieu","app":8.24,"app_bas":6.56,"app_haut":10.35,"app_ech":"commune","app_obs":215,"mai":7.77,"mai_bas":6.22,"mai_haut":9.72,"mai_ech":"maille","mai_obs":41,"a12":9.98,"a3":6.75,"pxa":null,"pxm":1160,"napp":17,"nmai":79,"ra":null,"rm":7.02},"geometry":{"type":"Polygon","coordinates":[[[0.3082,46.9999],[0.304,47.0057],[0.3054,47.0124],[0.2987,47.0196],[0.3099,47.028],[0.329,47.0307],[0.322,47.023],[0.3279,47.0115],[0.3294,47.001],[0.3237,46.9974],[0.3159,47.0049],[0.3082,46.9999]]]}},{"type":"Feature","properties":{"code":"37085","nom":"Courçay","app":10.17,"app_bas":8.2,"app_haut":12.61,"app_ech":"maille","app_obs":7,"mai":9.4,"mai_bas":7.47,"mai_haut":11.84,"mai_ech":"maille","mai_obs":46,"a12":12.94,"a3":10.03,"pxa":null,"pxm":null,"napp":0,"nmai":0,"ra":null,"rm":null},"geometry":{"type":"Polygon","coordinates":[[[0.8574,47.2422],[0.8685,47.2516],[0.8622,47.2649],[0.8717,47.2651],[0.8777,47.2712],[0.8767,47.278],[0.8891,47.2914],[0.9071,47.2819],[0.9199,47.2846],[0.9237,47.2818],[0.9169,47.2763],[0.9069,47.264],[0.9102,47.2497],[0.8976,47.2443],[0.9032,47.238],[0.8989,47.2312],[0.8896,47.2248],[0.8985,47.2194],[0.896,47.2139],[0.8868,47.2092],[0.8768,47.2173],[0.8675,47.2108],[0.8576,47.2197],[0.8496,47.232],[0.8574,47.2422]]]}},{"type":"Feature","properties":{"code":"37155","nom":"Monthodon","app":8.61,"app_bas":7.03,"app_haut":10.53,"app_ech":"maille","app_obs":2,"mai":8.01,"mai_bas":6.35,"mai_haut":10.11,"mai_ech":"maille","mai_obs":29,"a12":11.51,"a3":7.37,"pxa":null,"pxm":null,"napp":0,"nmai":0,"ra":null,"rm":null},"geometry":{"type":"Polygon","coordinates":[[[0.8443,47.6819],[0.8606,47.688],[0.8674,47.6865],[0.8622,47.6845],[0.862,47.6768],[0.8595,47.6692],[0.8459,47.6478],[0.8515,47.64],[0.8583,47.6373],[0.8622,47.631],[0.852,47.619],[0.8527,47.6129],[0.8205,47.6134],[0.8114,47.6175],[0.7999,47.6172],[0.7843,47.6097],[0.7741,47.6389],[0.7911,47.6562],[0.8069,47.6609],[0.8342,47.6769],[0.8443,47.6819]]]}},{"type":"Feature","properties":{"code":"37123","nom":"Langeais","app":11.27,"app_bas":8.87,"app_haut":14.32,"app_ech":"commune","app_obs":367,"mai":8.79,"mai_bas":6.94,"mai_haut":11.13,"mai_ech":"commune","mai_obs":219,"a12":12.18,"a3":9.02,"pxa":null,"pxm":1903,"napp":1,"nmai":150,"ra":null,"rm":4.84},"geometry":{"type":"Polygon","coordinates":[[[0.4418,47.323],[0.4037,47.319],[0.392,47.3147],[0.3683,47.3021],[0.3533,47.3181],[0.3435,47.3247],[0.3295,47.3431],[0.3239,47.3448],[0.3116,47.3385],[0.3045,47.3462],[0.3018,47.3591],[0.309,47.3815],[0.3153,47.3878],[0.327,47.3894],[0.3489,47.3853],[0.3634,47.3854],[0.3729,47.3931],[0.3813,47.3803],[0.4009,47.3686],[0.4181,47.3683],[0.4185,47.3571],[0.4256,47.3469],[0.4304,47.3446],[0.4423,47.3269],[0.4418,47.323]]]}},{"type":"Feature","properties":{"code":"37013","nom":"Avrillé-les-Ponceaux","app":7.73,"app_bas":6.2,"app_haut":9.64,"app_ech":"maille","app_obs":6,"mai":8,"mai_bas":6.32,"mai_haut":10.13,"mai_ech":"maille","mai_obs":11,"a12":9.54,"a3":7.94,"pxa":null,"pxm":null,"napp":0,"nmai":0,"ra":null,"rm":null},"geometry":{"type":"Polygon","coordinates":[[[0.3505,47.4179],[0.3555,47.4133],[0.3682,47.4082],[0.3729,47.3931],[0.3634,47.3854],[0.3489,47.3853],[0.327,47.3894],[0.3153,47.3878],[0.309,47.3815],[0.3018,47.3591],[0.2946,47.358],[0.2886,47.3505],[0.2728,47.3625],[0.2598,47.3654],[0.2521,47.3791],[0.2416,47.3802],[0.2356,47.3886],[0.2468,47.399],[0.2727,47.3963],[0.2949,47.4036],[0.3177,47.4062],[0.33,47.4141],[0.3433,47.4134],[0.3505,47.4179]]]}},{"type":"Feature","properties":{"code":"37037","nom":"Brèches","app":9.9,"app_bas":8.14,"app_haut":12.04,"app_ech":"maille","app_obs":0,"mai":7.28,"mai_bas":5.69,"mai_haut":9.31,"mai_ech":"maille","mai_obs":6,"a12":9.54,"a3":7.94,"pxa":null,"pxm":null,"napp":0,"nmai":0,"ra":null,"rm":null},"geometry":{"type":"Polygon","coordinates":[[[0.3785,47.5685],[0.3884,47.5745],[0.4026,47.5785],[0.4231,47.5697],[0.4305,47.5642],[0.4378,47.5522],[0.4362,47.5502],[0.4245,47.5442],[0.4133,47.542],[0.3828,47.5564],[0.3785,47.5685]]]}},{"type":"Feature","properties":{"code":"37165","nom":"Neuil","app":10.57,"app_bas":8.99,"app_haut":12.43,"app_ech":"maille","app_obs":7,"mai":9.01,"mai_bas":7.18,"mai_haut":11.31,"mai_ech":"maille","mai_obs":11,"a12":11.81,"a3":7.72,"pxa":null,"pxm":null,"napp":0,"nmai":0,"ra":null,"rm":null},"geometry":{"type":"Polygon","coordinates":[[[0.5636,47.2121],[0.5595,47.1893],[0.5526,47.1729],[0.5425,47.1694],[0.5301,47.1603],[0.5042,47.1635],[0.4941,47.1689],[0.4978,47.1827],[0.512,47.1918],[0.5141,47.1973],[0.4955,47.1974],[0.4969,47.1992],[0.5124,47.2029],[0.5263,47.2033],[0.5382,47.2016],[0.5483,47.2037],[0.5563,47.213],[0.5636,47.2121]]]}},{"type":"Feature","properties":{"code":"37217","nom":"Saint-Étienne-de-Chigny","app":10.32,"app_bas":8.1,"app_haut":13.16,"app_ech":"maille","app_obs":10,"mai":11.06,"mai_bas":8.65,"mai_haut":14.16,"mai_ech":"maille","mai_obs":58,"a12":11.81,"a3":9.09,"pxa":null,"pxm":1969,"napp":0,"nmai":66,"ra":null,"rm":5.84},"geometry":{"type":"Polygon","coordinates":[[[0.4944,47.3587],[0.4788,47.3869],[0.4776,47.4001],[0.4632,47.4123],[0.4687,47.4239],[0.4798,47.4265],[0.4978,47.4206],[0.5156,47.4026],[0.527,47.3983],[0.5277,47.3863],[0.5352,47.3769],[0.521,47.3708],[0.522,47.3667],[0.5155,47.3636],[0.4944,47.3587]]]}},{"type":"Feature","properties":{"code":"37226","nom":"Sainte-Maure-de-Touraine","app":9.65,"app_bas":7.66,"app_haut":12.16,"app_ech":"commune","app_obs":365,"mai":8.8,"mai_bas":6.94,"mai_haut":11.15,"mai_ech":"commune","mai_obs":313,"a12":10.76,"a3":8.06,"pxa":null,"pxm":1543,"napp":11,"nmai":155,"ra":null,"rm":5.97},"geometry":{"type":"Polygon","coordinates":[[[0.7045,47.124],[0.6895,47.1188],[0.6567,47.0959],[0.649,47.1003],[0.6261,47.0858],[0.612,47.0836],[0.6043,47.0744],[0.5921,47.0786],[0.5854,47.0826],[0.5919,47.0893],[0.5876,47.0992],[0.5844,47.1176],[0.5936,47.1264],[0.6128,47.1348],[0.6224,47.1374],[0.6327,47.1368],[0.6468,47.1445],[0.6738,47.1431],[0.6842,47.1373],[0.6962,47.1365],[0.7104,47.1397],[0.7139,47.1309],[0.7045,47.124]]]}},{"type":"Feature","properties":{"code":"37265","nom":"Varennes","app":10.19,"app_bas":7.9,"app_haut":13.14,"app_ech":"maille","app_obs":0,"mai":8.52,"mai_bas":6.75,"mai_haut":10.75,"mai_ech":"maille","mai_obs":6,"a12":12.94,"a3":9.07,"pxa":null,"pxm":null,"napp":0,"nmai":0,"ra":null,"rm":null},"geometry":{"type":"Polygon","coordinates":[[[0.887,47.0708],[0.916,47.0888],[0.9279,47.0923],[0.9413,47.1005],[0.9347,47.084],[0.9284,47.0808],[0.9313,47.074],[0.9287,47.0668],[0.9213,47.0642],[0.9195,47.0504],[0.9025,47.0476],[0.892,47.0577],[0.887,47.0708]]]}},{"type":"Feature","properties":{"code":"37014","nom":"Azay-le-Rideau","app":10.3,"app_bas":8.31,"app_haut":12.77,"app_ech":"commune","app_obs":265,"mai":9.24,"mai_bas":7.18,"mai_haut":11.89,"mai_ech":"commune","mai_obs":177,"a12":12.36,"a3":7.94,"pxa":null,"pxm":1953,"napp":19,"nmai":103,"ra":null,"rm":4.96},"geometry":{"type":"Polygon","coordinates":[[[0.3931,47.2749],[0.3866,47.2821],[0.4237,47.2841],[0.434,47.2869],[0.446,47.293],[0.4596,47.2947],[0.4776,47.2923],[0.5072,47.2755],[0.5268,47.2721],[0.5342,47.2641],[0.5312,47.2532],[0.5173,47.2542],[0.5081,47.2526],[0.4983,47.2547],[0.4737,47.2545],[0.4674,47.2584],[0.4134,47.273],[0.3931,47.2749]]]}},{"type":"Feature","properties":{"code":"37058","nom":"Chapelle-sur-Loire","app":9.04,"app_bas":7.07,"app_haut":11.54,"app_ech":"maille","app_obs":11,"mai":7.58,"mai_bas":5.89,"mai_haut":9.76,"mai_ech":"maille","mai_obs":18,"a12":9.54,"a3":7.94,"pxa":null,"pxm":1009,"napp":2,"nmai":65,"ra":null,"rm":7.87},"geometry":{"type":"Polygon","coordinates":[[[0.164,47.2556],[0.1765,47.2554],[0.2454,47.2653],[0.28,47.2717],[0.2804,47.2624],[0.2729,47.262],[0.2645,47.2567],[0.2627,47.2517],[0.2509,47.2464],[0.2395,47.2455],[0.2203,47.2389],[0.1951,47.2329],[0.1609,47.2363],[0.164,47.2556]]]}},{"type":"Feature","properties":{"code":"37065","nom":"Chaveignes","app":8.22,"app_bas":6.55,"app_haut":10.32,"app_ech":"maille","app_obs":1,"mai":7.77,"mai_bas":6.22,"mai_haut":9.72,"mai_ech":"maille","mai_obs":13,"a12":9.98,"a3":6.77,"pxa":null,"pxm":null,"napp":0,"nmai":0,"ra":null,"rm":null},"geometry":{"type":"Polygon","coordinates":[[[0.329,47.0307],[0.3344,47.0349],[0.3356,47.0465],[0.3642,47.0594],[0.3817,47.0536],[0.3657,47.044],[0.3673,47.0352],[0.365,47.0267],[0.3848,47.0241],[0.3812,47.0128],[0.377,47.0049],[0.3574,46.9993],[0.3537,46.9951],[0.3417,46.9941],[0.3237,46.9974],[0.3294,47.001],[0.3279,47.0115],[0.322,47.023],[0.329,47.0307]]]}},{"type":"Feature","properties":{"code":"37214","nom":"Saint-Cyr-sur-Loire","app":13.5,"app_bas":11.29,"app_haut":16.14,"app_ech":"commune","app_obs":2525,"mai":12.74,"mai_bas":9.96,"mai_haut":16.29,"mai_ech":"commune","mai_obs":301,"a12":14.09,"a3":11.42,"pxa":2656,"pxm":3169,"napp":361,"nmai":384,"ra":5.15,"rm":4.08},"geometry":{"type":"Polygon","coordinates":[[[0.6645,47.395],[0.6479,47.3916],[0.6528,47.3988],[0.6377,47.4087],[0.6343,47.4208],[0.6356,47.4273],[0.643,47.4349],[0.6523,47.4404],[0.6614,47.4404],[0.6751,47.4454],[0.6753,47.4355],[0.6727,47.4273],[0.6796,47.4093],[0.6786,47.4004],[0.6645,47.395]]]}},{"type":"Feature","properties":{"code":"37068","nom":"Chemillé-sur-Dême","app":9.9,"app_bas":8.14,"app_haut":12.04,"app_ech":"maille","app_obs":2,"mai":7.07,"mai_bas":5.52,"mai_haut":9.06,"mai_ech":"maille","mai_obs":30,"a12":11.49,"a3":9.15,"pxa":null,"pxm":null,"napp":0,"nmai":0,"ra":null,"rm":null},"geometry":{"type":"Polygon","coordinates":[[[0.6387,47.626],[0.6351,47.6333],[0.6244,47.6317],[0.619,47.6464],[0.6125,47.6567],[0.6197,47.664],[0.6414,47.6723],[0.6468,47.6648],[0.657,47.6661],[0.6622,47.6703],[0.6643,47.6814],[0.6543,47.6842],[0.6748,47.699],[0.701,47.6846],[0.7121,47.6818],[0.7027,47.6693],[0.7201,47.6557],[0.7297,47.655],[0.7209,47.6472],[0.7101,47.6498],[0.6904,47.6454],[0.6694,47.6358],[0.6708,47.6319],[0.6616,47.6253],[0.6533,47.633],[0.6387,47.626]]]}},{"type":"Feature","properties":{"code":"37151","nom":"Membrolle-sur-Choisille","app":12.64,"app_bas":10.55,"app_haut":15.13,"app_ech":"commune","app_obs":199,"mai":11.07,"mai_bas":9.01,"mai_haut":13.61,"mai_ech":"commune","mai_obs":107,"a12":11.82,"a3":9.96,"pxa":null,"pxm":2388,"napp":9,"nmai":93,"ra":null,"rm":4.82},"geometry":{"type":"Polygon","coordinates":[[[0.6041,47.4466],[0.6052,47.4506],[0.6162,47.4614],[0.622,47.4633],[0.6324,47.4479],[0.6442,47.4453],[0.6523,47.4404],[0.643,47.4349],[0.6356,47.4273],[0.6067,47.4435],[0.6041,47.4466]]]}},{"type":"Feature","properties":{"code":"37104","nom":"Esvres","app":12.49,"app_bas":10.05,"app_haut":15.53,"app_ech":"commune","app_obs":169,"mai":10.75,"mai_bas":8.53,"mai_haut":13.55,"mai_ech":"commune","mai_obs":206,"a12":12.94,"a3":9.07,"pxa":null,"pxm":2157,"napp":6,"nmai":189,"ra":null,"rm":5.2},"geometry":{"type":"Polygon","coordinates":[[[0.8003,47.3272],[0.807,47.3205],[0.8158,47.318],[0.828,47.3095],[0.8253,47.2972],[0.826,47.282],[0.818,47.2748],[0.8187,47.2602],[0.8112,47.2592],[0.8014,47.2535],[0.7921,47.252],[0.7687,47.2616],[0.7655,47.2642],[0.7726,47.2814],[0.7651,47.2862],[0.7557,47.2879],[0.7533,47.2933],[0.7546,47.3174],[0.7512,47.3188],[0.754,47.3231],[0.7639,47.3255],[0.7664,47.3307],[0.777,47.3243],[0.7915,47.3274],[0.8003,47.3272]]]}},{"type":"Feature","properties":{"code":"37259","nom":"Tournon-Saint-Pierre","app":8.5,"app_bas":6.36,"app_haut":11.37,"app_ech":"maille","app_obs":12,"mai":6.31,"mai_bas":5.05,"mai_haut":7.88,"mai_ech":"maille","mai_obs":8,"a12":9.73,"a3":6.45,"pxa":null,"pxm":null,"napp":0,"nmai":0,"ra":null,"rm":null},"geometry":{"type":"Polygon","coordinates":[[[0.9472,46.7366],[0.9349,46.7505],[0.9247,46.7571],[0.9166,46.7564],[0.9146,46.7613],[0.9199,46.7714],[0.9444,46.7909],[0.9464,46.7781],[0.9551,46.7736],[0.9662,46.772],[0.9796,46.756],[0.9679,46.7492],[0.9629,46.7415],[0.9564,46.7371],[0.9472,46.7366]]]}},{"type":"Feature","properties":{"code":"37150","nom":"Mazières-de-Touraine","app":10.32,"app_bas":8.1,"app_haut":13.16,"app_ech":"maille","app_obs":1,"mai":8,"mai_bas":6.32,"mai_haut":10.13,"mai_ech":"maille","mai_obs":43,"a12":11.81,"a3":9.09,"pxa":null,"pxm":1846,"napp":0,"nmai":49,"ra":null,"rm":4.54},"geometry":{"type":"Polygon","coordinates":[[[0.4632,47.4123],[0.4776,47.4001],[0.4788,47.3869],[0.4881,47.3709],[0.4467,47.3723],[0.4196,47.3714],[0.4181,47.3683],[0.4009,47.3686],[0.3813,47.3803],[0.3729,47.3931],[0.3682,47.4082],[0.3963,47.405],[0.4085,47.4085],[0.416,47.4135],[0.4377,47.4166],[0.4448,47.4143],[0.4632,47.4123]]]}},{"type":"Feature","properties":{"code":"37258","nom":"Thizay","app":9.35,"app_bas":7.22,"app_haut":12.12,"app_ech":"maille","app_obs":4,"mai":7.58,"mai_bas":5.89,"mai_haut":9.76,"mai_ech":"maille","mai_obs":10,"a12":11.35,"a3":8.05,"pxa":null,"pxm":null,"napp":0,"nmai":0,"ra":null,"rm":null},"geometry":{"type":"Polygon","coordinates":[[[0.1573,47.1792],[0.167,47.1758],[0.1591,47.1619],[0.1529,47.1552],[0.1431,47.1511],[0.1294,47.1511],[0.1206,47.16],[0.1146,47.1628],[0.1343,47.1738],[0.1514,47.1719],[0.1573,47.1792]]]}},{"type":"Feature","properties":{"code":"37015","nom":"Azay-sur-Cher","app":10.17,"app_bas":8.2,"app_haut":12.61,"app_ech":"maille","app_obs":51,"mai":10.21,"mai_bas":8.07,"mai_haut":12.92,"mai_ech":"commune","mai_obs":107,"a12":14.77,"a3":10.03,"pxa":null,"pxm":1909,"napp":3,"nmai":89,"ra":null,"rm":5.6},"geometry":{"type":"Polygon","coordinates":[[[0.8613,47.3614],[0.885,47.3561],[0.8794,47.3482],[0.8691,47.3205],[0.8594,47.3103],[0.8465,47.3093],[0.828,47.3095],[0.8158,47.318],[0.807,47.3205],[0.8003,47.3272],[0.8092,47.3362],[0.8323,47.348],[0.8404,47.3543],[0.8469,47.3642],[0.8613,47.3614]]]}},{"type":"Feature","properties":{"code":"37092","nom":"Crotelles","app":11.37,"app_bas":9.37,"app_haut":13.79,"app_ech":"maille","app_obs":1,"mai":10.21,"mai_bas":8.13,"mai_haut":12.83,"mai_ech":"maille","mai_obs":22,"a12":11.59,"a3":7.37,"pxa":null,"pxm":null,"napp":0,"nmai":0,"ra":null,"rm":null},"geometry":{"type":"Polygon","coordinates":[[[0.8208,47.5677],[0.8304,47.5616],[0.8464,47.5463],[0.8472,47.5368],[0.8432,47.5311],[0.8472,47.5174],[0.8335,47.5136],[0.8153,47.5167],[0.8091,47.5223],[0.7958,47.5395],[0.799,47.5457],[0.8055,47.5543],[0.8055,47.5601],[0.8208,47.5677]]]}},{"type":"Feature","properties":{"code":"37248","nom":"Seuilly","app":9.14,"app_bas":7.13,"app_haut":11.7,"app_ech":"maille","app_obs":0,"mai":7.58,"mai_bas":5.89,"mai_haut":9.76,"mai_ech":"maille","mai_obs":15,"a12":11.66,"a3":8.44,"pxa":null,"pxm":null,"napp":0,"nmai":0,"ra":null,"rm":null},"geometry":{"type":"Polygon","coordinates":[[[0.1407,47.1246],[0.1434,47.1313],[0.1413,47.1474],[0.1431,47.1511],[0.1529,47.1552],[0.1637,47.1429],[0.1934,47.1439],[0.1817,47.1154],[0.166,47.1072],[0.1619,47.1001],[0.152,47.1045],[0.1347,47.1079],[0.1341,47.1145],[0.1407,47.1246]]]}},{"type":"Feature","properties":{"code":"37036","nom":"Braye-sur-Maulne","app":8.4,"app_bas":6.51,"app_haut":10.82,"app_ech":"maille","app_obs":0,"mai":8.91,"mai_bas":7.02,"mai_haut":11.29,"mai_ech":"maille","mai_obs":1,"a12":9.54,"a3":7.2,"pxa":null,"pxm":null,"napp":0,"nmai":0,"ra":null,"rm":null},"geometry":{"type":"Polygon","coordinates":[[[0.2381,47.5771],[0.2499,47.5797],[0.2641,47.5755],[0.2819,47.5645],[0.2921,47.5497],[0.2893,47.5471],[0.2561,47.5406],[0.2481,47.5453],[0.2345,47.5634],[0.2381,47.5771]]]}},{"type":"Feature","properties":{"code":"37182","nom":"Pernay","app":7.73,"app_bas":6.2,"app_haut":9.64,"app_ech":"maille","app_obs":16,"mai":11.78,"mai_bas":9.3,"mai_haut":14.92,"mai_ech":"maille","mai_obs":50,"a12":11.49,"a3":9.09,"pxa":null,"pxm":2332,"napp":1,"nmai":42,"ra":null,"rm":5.2},"geometry":{"type":"Polygon","coordinates":[[[0.5602,47.4579],[0.5386,47.4481],[0.5319,47.4386],[0.5215,47.4332],[0.5075,47.4336],[0.5003,47.4288],[0.4887,47.4344],[0.4817,47.4467],[0.4941,47.4597],[0.4995,47.4682],[0.5053,47.4717],[0.5317,47.4757],[0.5567,47.4632],[0.5602,47.4579]]]}},{"type":"Feature","properties":{"code":"37069","nom":"Chemillé-sur-Indrois","app":8.15,"app_bas":6.26,"app_haut":10.6,"app_ech":"maille","app_obs":0,"mai":8.34,"mai_bas":6.56,"mai_haut":10.6,"mai_ech":"maille","mai_obs":4,"a12":10.6,"a3":7.5,"pxa":null,"pxm":null,"napp":0,"nmai":0,"ra":null,"rm":null},"geometry":{"type":"Polygon","coordinates":[[[1.1995,47.1482],[1.1959,47.1424],[1.1754,47.1314],[1.1647,47.1323],[1.1454,47.1271],[1.1281,47.1292],[1.1267,47.1361],[1.1197,47.1414],[1.1118,47.1396],[1.1186,47.143],[1.1358,47.1631],[1.1493,47.1812],[1.1684,47.1874],[1.1776,47.1793],[1.1899,47.1561],[1.1995,47.1482]]]}},{"type":"Feature","properties":{"code":"37263","nom":"Truyes","app":10.17,"app_bas":8.2,"app_haut":12.61,"app_ech":"maille","app_obs":51,"mai":9.4,"mai_bas":7.47,"mai_haut":11.84,"mai_ech":"maille","mai_obs":74,"a12":12.94,"a3":10.03,"pxa":null,"pxm":1894,"napp":2,"nmai":71,"ra":null,"rm":5.2},"geometry":{"type":"Polygon","coordinates":[[[0.828,47.3095],[0.8465,47.3093],[0.8442,47.3021],[0.8514,47.2996],[0.8676,47.2987],[0.8799,47.2962],[0.8891,47.2914],[0.8767,47.278],[0.8777,47.2712],[0.8717,47.2651],[0.8622,47.2649],[0.8375,47.2709],[0.82,47.2696],[0.818,47.2748],[0.826,47.282],[0.8253,47.2972],[0.828,47.3095]]]}},{"type":"Feature","properties":{"code":"37005","nom":"Antogny-le-Tillac","app":9.27,"app_bas":7.21,"app_haut":11.91,"app_ech":"maille","app_obs":3,"mai":7.02,"mai_bas":5.55,"mai_haut":8.88,"mai_ech":"maille","mai_obs":26,"a12":10.47,"a3":7.65,"pxa":null,"pxm":null,"napp":0,"nmai":0,"ra":null,"rm":null},"geometry":{"type":"Polygon","coordinates":[[[0.5542,46.9585],[0.5393,46.9602],[0.5281,46.956],[0.5162,46.9565],[0.5052,46.9599],[0.5083,46.9709],[0.5155,46.9764],[0.5266,46.9811],[0.5511,46.9774],[0.5737,46.9834],[0.5935,46.9776],[0.6012,46.9731],[0.6017,46.9589],[0.5983,46.9568],[0.5708,46.9559],[0.5542,46.9585]]]}},{"type":"Feature","properties":{"code":"37059","nom":"Charentilly","app":10.61,"app_bas":9.12,"app_haut":12.35,"app_ech":"maille","app_obs":23,"mai":11.78,"mai_bas":9.3,"mai_haut":14.92,"mai_ech":"maille","mai_obs":38,"a12":11.82,"a3":9.15,"pxa":null,"pxm":1814,"napp":0,"nmai":37,"ra":null,"rm":6.68},"geometry":{"type":"Polygon","coordinates":[[[0.6041,47.4466],[0.5827,47.4481],[0.5742,47.46],[0.568,47.4654],[0.5641,47.4704],[0.5898,47.4889],[0.6061,47.4923],[0.6268,47.4651],[0.6162,47.4614],[0.6052,47.4506],[0.6041,47.4466]]]}},{"type":"Feature","properties":{"code":"37125","nom":"Lémeré","app":9.14,"app_bas":7.13,"app_haut":11.7,"app_ech":"maille","app_obs":0,"mai":8.68,"mai_bas":6.78,"mai_haut":11.11,"mai_ech":"maille","mai_obs":8,"a12":9.98,"a3":8.44,"pxa":null,"pxm":null,"napp":0,"nmai":0,"ra":null,"rm":null},"geometry":{"type":"Polygon","coordinates":[[[0.3751,47.0744],[0.3595,47.0663],[0.3498,47.0696],[0.3509,47.076],[0.3411,47.0792],[0.3147,47.078],[0.3053,47.0743],[0.3034,47.0782],[0.3063,47.101],[0.3046,47.1137],[0.3183,47.1204],[0.3337,47.1174],[0.3426,47.1087],[0.3522,47.11],[0.3634,47.1169],[0.3584,47.1076],[0.3574,47.102],[0.3619,47.097],[0.3625,47.0836],[0.3751,47.0744]]]}},{"type":"Feature","properties":{"code":"37148","nom":"Marigny-Marmande","app":9.08,"app_bas":7.19,"app_haut":11.45,"app_ech":"maille","app_obs":5,"mai":8.68,"mai_bas":6.78,"mai_haut":11.11,"mai_ech":"maille","mai_obs":23,"a12":10.47,"a3":6.77,"pxa":null,"pxm":null,"napp":0,"nmai":0,"ra":null,"rm":null},"geometry":{"type":"Polygon","coordinates":[[[0.5052,46.9599],[0.4766,46.9499],[0.4448,46.9412],[0.4324,46.9501],[0.4421,46.9627],[0.4435,46.9719],[0.452,46.9807],[0.4558,46.989],[0.4736,46.9941],[0.4944,47.0105],[0.499,47.0124],[0.5055,47.0125],[0.5201,47.0061],[0.5322,46.9963],[0.5158,46.9854],[0.5155,46.9764],[0.5083,46.9709],[0.5052,46.9599]]]}},{"type":"Feature","properties":{"code":"37264","nom":"Vallères","app":10.57,"app_bas":8.99,"app_haut":12.43,"app_ech":"maille","app_obs":11,"mai":8.96,"mai_bas":6.95,"mai_haut":11.55,"mai_ech":"maille","mai_obs":39,"a12":11.81,"a3":9.09,"pxa":null,"pxm":1996,"napp":0,"nmai":39,"ra":null,"rm":4.7},"geometry":{"type":"Polygon","coordinates":[[[0.4377,47.3109],[0.4452,47.3178],[0.4621,47.3191],[0.4733,47.3293],[0.4797,47.3292],[0.4873,47.3201],[0.4957,47.3137],[0.5082,47.3102],[0.5002,47.2941],[0.4917,47.2848],[0.4776,47.2923],[0.4596,47.2947],[0.446,47.293],[0.4454,47.3095],[0.4377,47.3109]]]}},{"type":"Feature","properties":{"code":"37106","nom":"Ferrière","app":8.61,"app_bas":7.03,"app_haut":10.53,"app_ech":"maille","app_obs":1,"mai":8.01,"mai_bas":6.35,"mai_haut":10.11,"mai_ech":"maille","mai_obs":5,"a12":11.59,"a3":7.37,"pxa":null,"pxm":null,"napp":0,"nmai":0,"ra":null,"rm":null},"geometry":{"type":"Polygon","coordinates":[[[0.7382,47.6437],[0.7611,47.6448],[0.7741,47.6389],[0.7843,47.6097],[0.7699,47.5972],[0.7529,47.6034],[0.7504,47.6083],[0.7372,47.61],[0.7393,47.6167],[0.7244,47.6251],[0.7301,47.6396],[0.7382,47.6437]]]}},{"type":"Feature","properties":{"code":"37231","nom":"Saint-Paterne-Racan","app":9.9,"app_bas":8.14,"app_haut":12.04,"app_ech":"maille","app_obs":54,"mai":8.91,"mai_bas":7.02,"mai_haut":11.29,"mai_ech":"maille","mai_obs":59,"a12":11.49,"a3":7.2,"pxa":null,"pxm":1273,"napp":9,"nmai":75,"ra":null,"rm":7.33},"geometry":{"type":"Polygon","coordinates":[[[0.4956,47.5499],[0.4642,47.5511],[0.4505,47.5483],[0.4378,47.5522],[0.4305,47.5642],[0.4231,47.5697],[0.4026,47.5785],[0.3974,47.5848],[0.3951,47.5946],[0.4145,47.5978],[0.4211,47.601],[0.4544,47.6091],[0.4835,47.6098],[0.5191,47.6024],[0.5247,47.6049],[0.5325,47.5985],[0.5274,47.5906],[0.5274,47.5799],[0.5163,47.573],[0.4956,47.5499]]]}},{"type":"Feature","properties":{"code":"37130","nom":"Ligueil","app":7.8,"app_bas":6.22,"app_haut":9.78,"app_ech":"commune","app_obs":194,"mai":7.27,"mai_bas":5.69,"mai_haut":9.29,"mai_ech":"commune","mai_obs":108,"a12":11.22,"a3":7.35,"pxa":null,"pxm":946,"napp":3,"nmai":99,"ra":null,"rm":8.05},"geometry":{"type":"Polygon","coordinates":[[[0.8417,47.0161],[0.8296,47.016],[0.8187,47.0103],[0.8115,47.0166],[0.8082,47.0236],[0.7894,47.0327],[0.7768,47.0456],[0.7639,47.0443],[0.7478,47.0462],[0.7475,47.0491],[0.7546,47.0541],[0.7736,47.0576],[0.7891,47.0581],[0.8308,47.0691],[0.8476,47.0637],[0.8544,47.0491],[0.8589,47.0327],[0.8675,47.0262],[0.8537,47.0197],[0.8417,47.0161]]]}},{"type":"Feature","properties":{"code":"37272","nom":"Villandry","app":11.09,"app_bas":9.26,"app_haut":13.29,"app_ech":"maille","app_obs":9,"mai":9.89,"mai_bas":8.19,"mai_haut":11.93,"mai_ech":"maille","mai_obs":33,"a12":13.38,"a3":10.34,"pxa":null,"pxm":1496,"napp":0,"nmai":43,"ra":null,"rm":6.93},"geometry":{"type":"Polygon","coordinates":[[[0.4418,47.323],[0.4493,47.3248],[0.4798,47.3444],[0.4937,47.3484],[0.505,47.3479],[0.5211,47.3533],[0.5286,47.3487],[0.5325,47.3327],[0.5378,47.3236],[0.5327,47.3182],[0.5085,47.3126],[0.5082,47.3102],[0.4957,47.3137],[0.4873,47.3201],[0.4797,47.3292],[0.4733,47.3293],[0.4621,47.3191],[0.4452,47.3178],[0.4418,47.323]]]}},{"type":"Feature","properties":{"code":"37060","nom":"Chargé","app":10.72,"app_bas":8.68,"app_haut":13.24,"app_ech":"maille","app_obs":9,"mai":8.28,"mai_bas":6.62,"mai_haut":10.35,"mai_ech":"maille","mai_obs":54,"a12":11.21,"a3":7.37,"pxa":null,"pxm":1923,"napp":0,"nmai":52,"ra":null,"rm":4.51},"geometry":{"type":"Polygon","coordinates":[[[1.0107,47.4293],[1.0253,47.4371],[1.0434,47.4414],[1.064,47.4484],[1.0728,47.4354],[1.0569,47.4287],[1.0479,47.4275],[1.0516,47.4205],[1.0231,47.4153],[1.0107,47.4293]]]}},{"type":"Feature","properties":{"code":"37084","nom":"Couesmes","app":7.73,"app_bas":6.2,"app_haut":9.64,"app_ech":"maille","app_obs":7,"mai":7.28,"mai_bas":5.69,"mai_haut":9.31,"mai_ech":"maille","mai_obs":17,"a12":9.54,"a3":7.2,"pxa":null,"pxm":null,"napp":0,"nmai":0,"ra":null,"rm":null},"geometry":{"type":"Polygon","coordinates":[[[0.3785,47.5685],[0.3828,47.5564],[0.4025,47.5466],[0.3975,47.5336],[0.3857,47.5319],[0.3749,47.5259],[0.3615,47.5251],[0.3507,47.5273],[0.341,47.5396],[0.3392,47.5483],[0.3202,47.5539],[0.3179,47.5593],[0.3312,47.5704],[0.3391,47.5797],[0.3667,47.5735],[0.3785,47.5685]]]}},{"type":"Feature","properties":{"code":"37094","nom":"Cussay","app":9.08,"app_bas":7.19,"app_haut":11.45,"app_ech":"maille","app_obs":0,"mai":7.62,"mai_bas":6.01,"mai_haut":9.66,"mai_ech":"maille","mai_obs":12,"a12":11.22,"a3":7.72,"pxa":null,"pxm":816,"napp":0,"nmai":30,"ra":null,"rm":9.78},"geometry":{"type":"Polygon","coordinates":[[[0.787,47],[0.7635,46.9963],[0.7529,46.992],[0.7445,46.9954],[0.7409,47.0107],[0.7178,47.0182],[0.724,47.0251],[0.7363,47.0302],[0.7474,47.0388],[0.7478,47.0462],[0.7639,47.0443],[0.7768,47.0456],[0.7894,47.0327],[0.8082,47.0236],[0.8115,47.0166],[0.8187,47.0103],[0.8027,47.0007],[0.787,47]]]}},{"type":"Feature","properties":{"code":"37201","nom":"Rivière","app":9.35,"app_bas":7.22,"app_haut":12.12,"app_ech":"maille","app_obs":0,"mai":7.58,"mai_bas":5.89,"mai_haut":9.76,"mai_ech":"maille","mai_obs":21,"a12":11.35,"a3":8.05,"pxa":null,"pxm":null,"napp":0,"nmai":0,"ra":null,"rm":null},"geometry":{"type":"Polygon","coordinates":[[[0.2422,47.1321],[0.252,47.1515],[0.2566,47.1537],[0.2901,47.1457],[0.2904,47.1363],[0.2635,47.1428],[0.2546,47.1433],[0.2422,47.1321]]]}},{"type":"Feature","properties":{"code":"37002","nom":"Ambillou","app":7.73,"app_bas":6.2,"app_haut":9.64,"app_ech":"maille","app_obs":8,"mai":8.91,"mai_bas":7.02,"mai_haut":11.29,"mai_ech":"maille","mai_obs":64,"a12":11.81,"a3":9.09,"pxa":null,"pxm":1493,"napp":0,"nmai":54,"ra":null,"rm":6.25},"geometry":{"type":"Polygon","coordinates":[[[0.4358,47.493],[0.4388,47.4884],[0.4627,47.4826],[0.4952,47.4781],[0.5053,47.4717],[0.4995,47.4682],[0.4941,47.4597],[0.4817,47.4467],[0.4887,47.4344],[0.5003,47.4288],[0.4919,47.4231],[0.4798,47.4265],[0.4687,47.4239],[0.4632,47.4123],[0.4448,47.4143],[0.4377,47.4166],[0.416,47.4135],[0.3996,47.4248],[0.3975,47.4347],[0.4064,47.4425],[0.4086,47.4483],[0.404,47.4546],[0.4079,47.4767],[0.4124,47.4883],[0.4063,47.4935],[0.4097,47.4957],[0.43,47.4897],[0.4358,47.493]]]}},{"type":"Feature","properties":{"code":"37048","nom":"Chambon","app":8.56,"app_bas":6.95,"app_haut":10.53,"app_ech":"maille","app_obs":0,"mai":6.27,"mai_bas":5.02,"mai_haut":7.84,"mai_ech":"maille","mai_obs":22,"a12":9.73,"a3":7.39,"pxa":null,"pxm":null,"napp":0,"nmai":0,"ra":null,"rm":null},"geometry":{"type":"Polygon","coordinates":[[[0.853,46.8514],[0.8569,46.829],[0.8423,46.8226],[0.8382,46.8173],[0.8287,46.8121],[0.8165,46.8167],[0.8099,46.8159],[0.8093,46.8279],[0.8052,46.8313],[0.7951,46.8325],[0.7868,46.8405],[0.7871,46.8442],[0.7966,46.8473],[0.8101,46.857],[0.8185,46.8571],[0.8247,46.8645],[0.8355,46.858],[0.8457,46.8571],[0.853,46.8514]]]}},{"type":"Feature","properties":{"code":"37224","nom":"Saint-Laurent-en-Gâtines","app":9.9,"app_bas":8.14,"app_haut":12.04,"app_ech":"maille","app_obs":11,"mai":8.01,"mai_bas":6.35,"mai_haut":10.11,"mai_ech":"maille","mai_obs":44,"a12":11.59,"a3":7.37,"pxa":null,"pxm":1347,"napp":0,"nmai":30,"ra":null,"rm":6.23},"geometry":{"type":"Polygon","coordinates":[[[0.8208,47.5677],[0.8055,47.5601],[0.7799,47.5641],[0.7727,47.558],[0.7664,47.5569],[0.7576,47.5703],[0.7508,47.5773],[0.7391,47.5661],[0.7309,47.5608],[0.7127,47.5599],[0.7297,47.5931],[0.7291,47.6002],[0.7372,47.61],[0.7504,47.6083],[0.7529,47.6034],[0.7699,47.5972],[0.7843,47.6097],[0.7999,47.6172],[0.8114,47.6175],[0.8205,47.6134],[0.81,47.6083],[0.8003,47.5964],[0.8147,47.5873],[0.8116,47.5744],[0.8208,47.5677]]]}},{"type":"Feature","properties":{"code":"37271","nom":"Villaines-les-Rochers","app":8.85,"app_bas":6.95,"app_haut":11.26,"app_ech":"maille","app_obs":11,"mai":9.01,"mai_bas":7.18,"mai_haut":11.31,"mai_ech":"maille","mai_obs":44,"a12":11.66,"a3":8.44,"pxa":null,"pxm":1378,"napp":0,"nmai":42,"ra":null,"rm":6.85},"geometry":{"type":"Polygon","coordinates":[[[0.4904,47.2452],[0.4915,47.2429],[0.5162,47.2254],[0.5198,47.2137],[0.5263,47.2033],[0.5124,47.2029],[0.4969,47.1992],[0.4763,47.2116],[0.4709,47.218],[0.4767,47.2276],[0.4739,47.2318],[0.4796,47.2393],[0.4904,47.2452]]]}},{"type":"Feature","properties":{"code":"37020","nom":"Beaulieu-lès-Loches","app":9.62,"app_bas":7.38,"app_haut":12.54,"app_ech":"commune","app_obs":129,"mai":6.9,"mai_bas":5.24,"mai_haut":9.08,"mai_ech":"maille","mai_obs":70,"a12":10.6,"a3":7.39,"pxa":null,"pxm":1377,"napp":1,"nmai":69,"ra":null,"rm":5.25},"geometry":{"type":"Polygon","coordinates":[[[1.013,47.1159],[1.008,47.1321],[1.0084,47.1365],[1.0165,47.1393],[1.0217,47.1352],[1.0361,47.135],[1.0451,47.1278],[1.038,47.1262],[1.0309,47.1199],[1.0209,47.1222],[1.013,47.1159]]]}},{"type":"Feature","properties":{"code":"37175","nom":"Nouzilly","app":9.9,"app_bas":8.14,"app_haut":12.04,"app_ech":"maille","app_obs":10,"mai":8.01,"mai_bas":6.35,"mai_haut":10.11,"mai_ech":"maille","mai_obs":40,"a12":11.51,"a3":9.15,"pxa":null,"pxm":1482,"napp":1,"nmai":40,"ra":null,"rm":5.66},"geometry":{"type":"Polygon","coordinates":[[[0.6886,47.5347],[0.6971,47.5485],[0.7127,47.5599],[0.7309,47.5608],[0.7391,47.5661],[0.7508,47.5773],[0.7576,47.5703],[0.7664,47.5569],[0.7727,47.558],[0.7799,47.5641],[0.8055,47.5601],[0.8055,47.5543],[0.799,47.5457],[0.7806,47.5448],[0.7737,47.5276],[0.7622,47.5199],[0.7585,47.5116],[0.7409,47.4966],[0.7338,47.4969],[0.7197,47.5001],[0.7094,47.5056],[0.7111,47.5135],[0.692,47.5251],[0.6856,47.5259],[0.6886,47.5347]]]}},{"type":"Feature","properties":{"code":"37244","nom":"Sazilly","app":8.22,"app_bas":6.55,"app_haut":10.32,"app_ech":"maille","app_obs":1,"mai":8.68,"mai_bas":6.78,"mai_haut":11.11,"mai_ech":"maille","mai_obs":0,"a12":9.98,"a3":8.44,"pxa":null,"pxm":null,"napp":0,"nmai":0,"ra":null,"rm":null},"geometry":{"type":"Polygon","coordinates":[[[0.3183,47.1204],[0.3317,47.1409],[0.3828,47.1325],[0.3788,47.1192],[0.3634,47.1169],[0.3522,47.11],[0.3426,47.1087],[0.3337,47.1174],[0.3183,47.1204]]]}},{"type":"Feature","properties":{"code":"37250","nom":"Sorigny","app":8.85,"app_bas":6.95,"app_haut":11.26,"app_ech":"maille","app_obs":71,"mai":10.44,"mai_bas":8.35,"mai_haut":13.04,"mai_ech":"commune","mai_obs":154,"a12":12.94,"a3":9.07,"pxa":null,"pxm":2152,"napp":2,"nmai":76,"ra":null,"rm":5.08},"geometry":{"type":"Polygon","coordinates":[[[0.6598,47.1812],[0.6621,47.1855],[0.6591,47.2025],[0.6486,47.2258],[0.6458,47.2393],[0.6548,47.2429],[0.6617,47.2546],[0.6782,47.267],[0.6804,47.2752],[0.6981,47.2764],[0.7076,47.2751],[0.7276,47.2654],[0.7294,47.2548],[0.7202,47.2447],[0.7211,47.2361],[0.7143,47.2178],[0.6978,47.1946],[0.6962,47.1883],[0.6799,47.1776],[0.6598,47.1812]]]}},{"type":"Feature","properties":{"code":"37252","nom":"Souvigny-de-Touraine","app":10.19,"app_bas":7.9,"app_haut":13.14,"app_ech":"maille","app_obs":2,"mai":9.77,"mai_bas":7.98,"mai_haut":11.96,"mai_ech":"maille","mai_obs":10,"a12":11.27,"a3":7.5,"pxa":null,"pxm":null,"napp":0,"nmai":0,"ra":null,"rm":null},"geometry":{"type":"Polygon","coordinates":[[[1.0589,47.3727],[1.0629,47.3823],[1.0551,47.3982],[1.0639,47.4157],[1.0599,47.4221],[1.0516,47.4205],[1.0479,47.4275],[1.0569,47.4287],[1.0728,47.4354],[1.0781,47.4298],[1.085,47.4297],[1.1075,47.4113],[1.1142,47.3977],[1.1235,47.3919],[1.1219,47.3837],[1.1132,47.3798],[1.1074,47.3729],[1.0924,47.3709],[1.0809,47.364],[1.0777,47.3642],[1.0707,47.3703],[1.0589,47.3727]]]}},{"type":"Feature","properties":{"code":"37256","nom":"Theneuil","app":8.22,"app_bas":6.55,"app_haut":10.32,"app_ech":"maille","app_obs":0,"mai":8.68,"mai_bas":6.78,"mai_haut":11.11,"mai_ech":"maille","mai_obs":6,"a12":10.47,"a3":6.77,"pxa":null,"pxm":null,"napp":0,"nmai":0,"ra":null,"rm":null},"geometry":{"type":"Polygon","coordinates":[[[0.4352,47.1189],[0.4444,47.1198],[0.4495,47.1161],[0.4553,47.1044],[0.4542,47.0966],[0.4483,47.0878],[0.4496,47.0838],[0.4403,47.0836],[0.4372,47.0884],[0.4256,47.0887],[0.4196,47.0824],[0.4139,47.0791],[0.403,47.0866],[0.416,47.0959],[0.4204,47.1094],[0.4187,47.1142],[0.4278,47.1113],[0.4352,47.1189]]]}},{"type":"Feature","properties":{"code":"37097","nom":"Dolus-le-Sec","app":10.17,"app_bas":8.2,"app_haut":12.61,"app_ech":"maille","app_obs":6,"mai":8.52,"mai_bas":6.75,"mai_haut":10.75,"mai_ech":"maille","mai_obs":29,"a12":12.94,"a3":9.07,"pxa":null,"pxm":null,"napp":0,"nmai":0,"ra":null,"rm":null},"geometry":{"type":"Polygon","coordinates":[[[0.9037,47.1336],[0.8894,47.132],[0.8835,47.1268],[0.8814,47.1343],[0.861,47.1496],[0.8527,47.1647],[0.8569,47.1713],[0.8534,47.1777],[0.8641,47.18],[0.8874,47.2008],[0.8974,47.1928],[0.9073,47.193],[0.9181,47.1855],[0.9271,47.158],[0.9145,47.1491],[0.905,47.1402],[0.9037,47.1336]]]}},{"type":"Feature","properties":{"code":"37156","nom":"Montlouis-sur-Loire","app":13.24,"app_bas":11.38,"app_haut":15.4,"app_ech":"commune","app_obs":479,"mai":10.78,"mai_bas":8.92,"mai_haut":13.02,"mai_ech":"commune","mai_obs":551,"a12":14.82,"a3":11.48,"pxa":2597,"pxm":2324,"napp":43,"nmai":322,"ra":5.17,"rm":4.84},"geometry":{"type":"Polygon","coordinates":[[[0.8613,47.3614],[0.8248,47.3672],[0.8072,47.3713],[0.7965,47.3721],[0.7887,47.3743],[0.791,47.388],[0.791,47.4049],[0.8223,47.3936],[0.8322,47.3928],[0.8426,47.3928],[0.8707,47.3975],[0.8921,47.398],[0.8987,47.3776],[0.8773,47.3726],[0.8663,47.3667],[0.8613,47.3614]]]}},{"type":"Feature","properties":{"code":"37274","nom":"Villebourg","app":9.9,"app_bas":8.14,"app_haut":12.04,"app_ech":"maille","app_obs":1,"mai":7.07,"mai_bas":5.52,"mai_haut":9.06,"mai_ech":"maille","mai_obs":17,"a12":11.49,"a3":7.2,"pxa":null,"pxm":null,"napp":0,"nmai":0,"ra":null,"rm":null},"geometry":{"type":"Polygon","coordinates":[[[0.5012,47.6063],[0.5065,47.609],[0.5038,47.6283],[0.507,47.6314],[0.4984,47.6448],[0.5133,47.6529],[0.5429,47.6562],[0.5517,47.6592],[0.5596,47.6662],[0.566,47.6641],[0.563,47.657],[0.5508,47.6542],[0.5407,47.6453],[0.5377,47.6332],[0.522,47.6274],[0.5202,47.619],[0.5247,47.6049],[0.5191,47.6024],[0.5012,47.6063]]]}},{"type":"Feature","properties":{"code":"37001","nom":"Abilly","app":9.08,"app_bas":7.19,"app_haut":11.45,"app_ech":"maille","app_obs":1,"mai":6.27,"mai_bas":5.02,"mai_haut":7.84,"mai_ech":"maille","mai_obs":38,"a12":10.47,"a3":7.39,"pxa":null,"pxm":1094,"napp":0,"nmai":34,"ra":null,"rm":6},"geometry":{"type":"Polygon","coordinates":[[[0.696,46.9594],[0.6952,46.9622],[0.7281,46.9716],[0.7436,46.9693],[0.7522,46.9701],[0.7618,46.9631],[0.7663,46.9507],[0.7833,46.9495],[0.7866,46.9434],[0.7778,46.9443],[0.7627,46.9356],[0.768,46.9272],[0.7666,46.9209],[0.7605,46.9141],[0.7464,46.915],[0.7347,46.9136],[0.7336,46.9095],[0.7237,46.9065],[0.7192,46.913],[0.7037,46.9094],[0.7032,46.9258],[0.7062,46.9372],[0.7017,46.95],[0.696,46.9594]]]}},{"type":"Feature","properties":{"code":"37064","nom":"Chaumussay","app":8.56,"app_bas":6.95,"app_haut":10.53,"app_ech":"maille","app_obs":0,"mai":7.28,"mai_bas":5.7,"mai_haut":9.28,"mai_ech":"maille","mai_obs":2,"a12":9.73,"a3":7.39,"pxa":null,"pxm":null,"napp":0,"nmai":0,"ra":null,"rm":null},"geometry":{"type":"Polygon","coordinates":[[[0.853,46.8514],[0.8457,46.8571],[0.8355,46.858],[0.8247,46.8645],[0.8152,46.8763],[0.8145,46.8889],[0.824,46.8891],[0.8381,46.8955],[0.8411,46.889],[0.8485,46.8848],[0.8672,46.8963],[0.8805,46.8955],[0.8879,46.8927],[0.8843,46.8753],[0.8768,46.8663],[0.8722,46.8571],[0.8649,46.8531],[0.853,46.8514]]]}},{"type":"Feature","properties":{"code":"37078","nom":"Ciran","app":9.89,"app_bas":8.05,"app_haut":12.15,"app_ech":"maille","app_obs":0,"mai":7.43,"mai_bas":5.82,"mai_haut":9.48,"mai_ech":"maille","mai_obs":14,"a12":11.22,"a3":7.39,"pxa":null,"pxm":null,"napp":0,"nmai":0,"ra":null,"rm":null},"geometry":{"type":"Polygon","coordinates":[[[0.8757,47.0763],[0.887,47.0708],[0.892,47.0577],[0.9025,47.0476],[0.8874,47.0385],[0.8902,47.0341],[0.8826,47.0291],[0.873,47.028],[0.8728,47.0236],[0.8675,47.0262],[0.8589,47.0327],[0.8544,47.0491],[0.8476,47.0637],[0.8757,47.0763]]]}},{"type":"Feature","properties":{"code":"37088","nom":"Couziers","app":9.04,"app_bas":7.07,"app_haut":11.54,"app_ech":"maille","app_obs":0,"mai":7.29,"mai_bas":5.94,"mai_haut":8.95,"mai_ech":"maille","mai_obs":8,"a12":10.28,"a3":6.86,"pxa":null,"pxm":null,"napp":0,"nmai":0,"ra":null,"rm":null},"geometry":{"type":"Polygon","coordinates":[[[0.0666,47.1898],[0.0947,47.2009],[0.0958,47.1941],[0.0809,47.1845],[0.0823,47.1729],[0.0981,47.1666],[0.1024,47.1613],[0.0968,47.158],[0.0946,47.1507],[0.0663,47.1432],[0.0596,47.1565],[0.0538,47.1637],[0.0631,47.1753],[0.0666,47.1898]]]}},{"type":"Feature","properties":{"code":"37132","nom":"Loches","app":10.78,"app_bas":8.12,"app_haut":14.31,"app_ech":"commune","app_obs":681,"mai":8.65,"mai_bas":6.78,"mai_haut":11.03,"mai_ech":"commune","mai_obs":492,"a12":12.69,"a3":9.46,"pxa":1901,"pxm":1647,"napp":49,"nmai":231,"ra":5.91,"rm":5.5},"geometry":{"type":"Polygon","coordinates":[[[0.9902,47.1489],[0.9971,47.1487],[1.0106,47.1569],[1.0118,47.1605],[1.0207,47.147],[1.0165,47.1393],[1.0084,47.1365],[1.008,47.1321],[1.013,47.1159],[0.993,47.1097],[0.983,47.1048],[0.96,47.0861],[0.9532,47.0888],[0.9347,47.084],[0.9413,47.1005],[0.9366,47.1101],[0.926,47.1183],[0.9328,47.123],[0.9399,47.1248],[0.968,47.1399],[0.9781,47.1425],[0.9817,47.1396],[0.9902,47.1489]]]}},{"type":"Feature","properties":{"code":"37171","nom":"Noizay","app":11.37,"app_bas":9.37,"app_haut":13.79,"app_ech":"maille","app_obs":8,"mai":9.77,"mai_bas":7.98,"mai_haut":11.96,"mai_ech":"maille","mai_obs":40,"a12":12.99,"a3":10.03,"pxa":null,"pxm":2038,"napp":0,"nmai":58,"ra":null,"rm":5.02},"geometry":{"type":"Polygon","coordinates":[[[0.8707,47.3975],[0.8648,47.413],[0.8647,47.4216],[0.8694,47.4274],[0.8859,47.4348],[0.9046,47.4407],[0.9171,47.4416],[0.9173,47.4331],[0.9291,47.4089],[0.9343,47.4042],[0.923,47.4017],[0.8921,47.398],[0.8707,47.3975]]]}},{"type":"Feature","properties":{"code":"37193","nom":"Restigné","app":10.32,"app_bas":8.1,"app_haut":13.16,"app_ech":"maille","app_obs":24,"mai":7.58,"mai_bas":5.89,"mai_haut":9.76,"mai_ech":"maille","mai_obs":69,"a12":11.66,"a3":7.94,"pxa":null,"pxm":1400,"napp":0,"nmai":43,"ra":null,"rm":5.67},"geometry":{"type":"Polygon","coordinates":[[[0.1951,47.289],[0.2067,47.2908],[0.2274,47.2882],[0.2457,47.3132],[0.2482,47.3217],[0.2534,47.328],[0.257,47.3224],[0.2703,47.3254],[0.281,47.331],[0.2664,47.3163],[0.2554,47.2916],[0.2647,47.2714],[0.2676,47.2696],[0.2454,47.2653],[0.1996,47.2589],[0.2014,47.268],[0.195,47.2777],[0.1951,47.289]]]}},{"type":"Feature","properties":{"code":"37210","nom":"Saint-Benoît-la-Forêt","app":9.35,"app_bas":7.22,"app_haut":12.12,"app_ech":"maille","app_obs":0,"mai":8.96,"mai_bas":6.95,"mai_haut":11.55,"mai_ech":"maille","mai_obs":6,"a12":11.66,"a3":8.05,"pxa":null,"pxm":null,"napp":0,"nmai":0,"ra":null,"rm":null},"geometry":{"type":"Polygon","coordinates":[[[0.2879,47.2285],[0.2953,47.2297],[0.3141,47.2367],[0.3262,47.2377],[0.3324,47.2468],[0.3572,47.2457],[0.3687,47.2324],[0.363,47.2248],[0.3676,47.2183],[0.3651,47.2035],[0.3584,47.1969],[0.334,47.1947],[0.3159,47.1944],[0.314,47.1766],[0.3038,47.17],[0.2878,47.1829],[0.277,47.2009],[0.2779,47.2106],[0.285,47.2269],[0.2879,47.2285]]]}},{"type":"Feature","properties":{"code":"37254","nom":"Tauxigny","app":10.17,"app_bas":8.2,"app_haut":12.61,"app_ech":"maille","app_obs":19,"mai":8.52,"mai_bas":6.75,"mai_haut":10.75,"mai_ech":"maille","mai_obs":48,"a12":12.94,"a3":9.07,"pxa":null,"pxm":1350,"napp":0,"nmai":53,"ra":null,"rm":6.61},"geometry":{"type":"Polygon","coordinates":[[[0.7751,47.1976],[0.7768,47.2084],[0.8007,47.2123],[0.8105,47.2183],[0.8084,47.2236],[0.8161,47.2317],[0.8284,47.2363],[0.8267,47.2444],[0.8346,47.262],[0.8434,47.252],[0.8574,47.2422],[0.8496,47.232],[0.8576,47.2197],[0.8675,47.2108],[0.8774,47.2046],[0.8742,47.1974],[0.879,47.1938],[0.8641,47.18],[0.8534,47.1777],[0.8417,47.1792],[0.8314,47.1861],[0.8179,47.1818],[0.8172,47.1791],[0.7938,47.1836],[0.7769,47.1837],[0.7751,47.1976]]]}},{"type":"Feature","properties":{"code":"37025","nom":"Berthenay","app":11.09,"app_bas":9.26,"app_haut":13.29,"app_ech":"maille","app_obs":0,"mai":9.89,"mai_bas":8.19,"mai_haut":11.93,"mai_ech":"maille","mai_obs":11,"a12":11.81,"a3":10.34,"pxa":null,"pxm":null,"napp":0,"nmai":0,"ra":null,"rm":null},"geometry":{"type":"Polygon","coordinates":[[[0.4798,47.3444],[0.4853,47.3525],[0.4944,47.3587],[0.5155,47.3636],[0.522,47.3667],[0.5632,47.3744],[0.5665,47.3649],[0.5426,47.3604],[0.505,47.3479],[0.4937,47.3484],[0.4798,47.3444]]]}},{"type":"Feature","properties":{"code":"37107","nom":"Ferrière-Larçon","app":7.45,"app_bas":5.95,"app_haut":9.33,"app_ech":"maille","app_obs":1,"mai":6.27,"mai_bas":5.02,"mai_haut":7.84,"mai_ech":"maille","mai_obs":19,"a12":11.22,"a3":7.39,"pxa":null,"pxm":null,"napp":0,"nmai":0,"ra":null,"rm":null},"geometry":{"type":"Polygon","coordinates":[[[0.8728,47.0236],[0.8844,47.018],[0.9051,47.0158],[0.9016,47.0063],[0.9054,46.9898],[0.8955,46.9897],[0.889,46.9714],[0.8612,46.9656],[0.8501,46.982],[0.8489,46.9889],[0.8549,47.005],[0.8417,47.0161],[0.8537,47.0197],[0.8675,47.0262],[0.8728,47.0236]]]}},{"type":"Feature","properties":{"code":"37137","nom":"Lublé","app":7.73,"app_bas":6.2,"app_haut":9.64,"app_ech":"maille","app_obs":0,"mai":8.14,"mai_bas":6.33,"mai_haut":10.48,"mai_ech":"maille","mai_obs":6,"a12":9.32,"a3":7.3,"pxa":null,"pxm":null,"napp":0,"nmai":0,"ra":null,"rm":null},"geometry":{"type":"Polygon","coordinates":[[[0.3022,47.5472],[0.2945,47.5377],[0.2696,47.5241],[0.2591,47.5162],[0.236,47.5085],[0.2201,47.502],[0.2201,47.5115],[0.2248,47.5273],[0.2313,47.5328],[0.2497,47.5314],[0.2561,47.5406],[0.2893,47.5471],[0.3022,47.5472]]]}},{"type":"Feature","properties":{"code":"37176","nom":"Noyant-de-Touraine","app":8.85,"app_bas":6.95,"app_haut":11.26,"app_ech":"maille","app_obs":25,"mai":7.62,"mai_bas":6.01,"mai_haut":9.66,"mai_ech":"maille","mai_obs":71,"a12":10.47,"a3":7.72,"pxa":null,"pxm":1286,"napp":0,"nmai":35,"ra":null,"rm":6.21},"geometry":{"type":"Polygon","coordinates":[[[0.5844,47.1176],[0.5876,47.0992],[0.5919,47.0893],[0.5854,47.0826],[0.5706,47.0793],[0.5514,47.0855],[0.5465,47.1003],[0.541,47.1098],[0.547,47.1169],[0.5595,47.1256],[0.5844,47.1176]]]}},{"type":"Feature","properties":{"code":"37135","nom":"Louestault","app":null,"app_bas":null,"app_haut":null,"app_ech":null,"app_obs":0,"mai":null,"mai_bas":null,"mai_haut":null,"mai_ech":null,"mai_obs":0,"a12":null,"a3":null,"pxa":null,"pxm":null,"napp":0,"nmai":0,"ra":null,"rm":null},"geometry":{"type":"Polygon","coordinates":[[[0.6616,47.6253],[0.6703,47.6142],[0.6913,47.6034],[0.6916,47.5968],[0.6635,47.5876],[0.6492,47.5851],[0.6379,47.5886],[0.6279,47.6018],[0.6242,47.6112],[0.6261,47.6156],[0.6387,47.626],[0.6533,47.633],[0.6616,47.6253]]]}},{"type":"Feature","properties":{"code":"37277","nom":"Villeloin-Coulangé","app":8.07,"app_bas":6.07,"app_haut":10.73,"app_ech":"maille","app_obs":0,"mai":6.9,"mai_bas":5.24,"mai_haut":9.08,"mai_ech":"maille","mai_obs":8,"a12":8.45,"a3":6.18,"pxa":null,"pxm":null,"napp":0,"nmai":0,"ra":null,"rm":null},"geometry":{"type":"Polygon","coordinates":[[[1.2441,47.1749],[1.2715,47.1658],[1.2648,47.1633],[1.2677,47.1568],[1.2681,47.1457],[1.2645,47.1393],[1.2655,47.1248],[1.2863,47.1124],[1.2825,47.1048],[1.2695,47.0932],[1.2574,47.1018],[1.2533,47.1076],[1.2369,47.1188],[1.2127,47.1188],[1.1885,47.1166],[1.1744,47.1248],[1.1754,47.1314],[1.1959,47.1424],[1.1995,47.1482],[1.2116,47.149],[1.232,47.168],[1.2441,47.1749]]]}},{"type":"Feature","properties":{"code":"37050","nom":"Chambray-lès-Tours","app":12.73,"app_bas":10.3,"app_haut":15.75,"app_ech":"commune","app_obs":2577,"mai":11.55,"mai_bas":9.45,"mai_haut":14.14,"mai_ech":"commune","mai_obs":454,"a12":15.16,"a3":11.86,"pxa":2653,"pxm":2650,"napp":265,"nmai":243,"ra":4.87,"rm":4.5},"geometry":{"type":"Polygon","coordinates":[[[0.7046,47.3502],[0.7259,47.3487],[0.746,47.333],[0.7638,47.3389],[0.7664,47.3307],[0.7639,47.3255],[0.754,47.3231],[0.7512,47.3188],[0.7468,47.3198],[0.7108,47.3134],[0.6911,47.3133],[0.6842,47.3277],[0.6764,47.3315],[0.6748,47.3393],[0.6992,47.3539],[0.7046,47.3502]]]}},{"type":"Feature","properties":{"code":"37101","nom":"Épeigné-sur-Dême","app":9.55,"app_bas":7.17,"app_haut":12.71,"app_ech":"maille","app_obs":0,"mai":6.74,"mai_bas":5.2,"mai_haut":8.74,"mai_ech":"maille","mai_obs":6,"a12":11.49,"a3":7.2,"pxa":null,"pxm":null,"napp":0,"nmai":0,"ra":null,"rm":null},"geometry":{"type":"Polygon","coordinates":[[[0.563,47.657],[0.566,47.6641],[0.5596,47.6662],[0.5588,47.6708],[0.571,47.6685],[0.5877,47.6696],[0.596,47.6726],[0.6046,47.68],[0.6148,47.6828],[0.6188,47.6901],[0.6144,47.6942],[0.6166,47.6987],[0.6309,47.7093],[0.6414,47.7084],[0.643,47.7026],[0.6541,47.6988],[0.6469,47.6922],[0.6439,47.6851],[0.6543,47.6842],[0.6643,47.6814],[0.6622,47.6703],[0.657,47.6661],[0.6468,47.6648],[0.6414,47.6723],[0.6197,47.664],[0.6125,47.6567],[0.6024,47.6501],[0.5862,47.6468],[0.5813,47.6563],[0.5726,47.6585],[0.563,47.657]]]}},{"type":"Feature","properties":{"code":"37103","nom":"Esves-le-Moutier","app":10.19,"app_bas":7.9,"app_haut":13.14,"app_ech":"maille","app_obs":3,"mai":7.43,"mai_bas":5.82,"mai_haut":9.48,"mai_ech":"maille","mai_obs":6,"a12":11.22,"a3":7.39,"pxa":null,"pxm":null,"napp":0,"nmai":0,"ra":null,"rm":null},"geometry":{"type":"Polygon","coordinates":[[[0.9025,47.0476],[0.9195,47.0504],[0.9312,47.0419],[0.9309,47.0377],[0.9226,47.0288],[0.9211,47.0193],[0.9051,47.0158],[0.8844,47.018],[0.8728,47.0236],[0.873,47.028],[0.8826,47.0291],[0.8902,47.0341],[0.8874,47.0385],[0.9025,47.0476]]]}},{"type":"Feature","properties":{"code":"37142","nom":"Maillé","app":8.85,"app_bas":6.95,"app_haut":11.26,"app_ech":"maille","app_obs":11,"mai":8.68,"mai_bas":6.78,"mai_haut":11.11,"mai_ech":"maille","mai_obs":4,"a12":10.47,"a3":7.72,"pxa":null,"pxm":null,"napp":0,"nmai":0,"ra":null,"rm":null},"geometry":{"type":"Polygon","coordinates":[[[0.5599,47.0616],[0.5784,47.068],[0.5921,47.0786],[0.6142,47.0699],[0.6152,47.064],[0.6082,47.0606],[0.6065,47.0538],[0.6124,47.0472],[0.6051,47.0371],[0.5786,47.0256],[0.5722,47.0252],[0.5637,47.0382],[0.5641,47.0527],[0.5599,47.0616]]]}},{"type":"Feature","properties":{"code":"37146","nom":"Marcilly-sur-Maulne","app":7.73,"app_bas":6.2,"app_haut":9.64,"app_ech":"maille","app_obs":3,"mai":8.14,"mai_bas":6.33,"mai_haut":10.48,"mai_ech":"maille","mai_obs":3,"a12":9.32,"a3":7.3,"pxa":null,"pxm":null,"napp":0,"nmai":0,"ra":null,"rm":null},"geometry":{"type":"Polygon","coordinates":[[[0.1931,47.538],[0.2015,47.5443],[0.2079,47.5592],[0.2141,47.5688],[0.2346,47.5786],[0.2381,47.5771],[0.2345,47.5634],[0.2481,47.5453],[0.2561,47.5406],[0.2497,47.5314],[0.2313,47.5328],[0.2248,47.5273],[0.2081,47.5264],[0.2006,47.5356],[0.1931,47.538]]]}},{"type":"Feature","properties":{"code":"37066","nom":"Chédigny","app":10.19,"app_bas":7.9,"app_haut":13.14,"app_ech":"maille","app_obs":1,"mai":8.41,"mai_bas":6.6,"mai_haut":10.72,"mai_ech":"maille","mai_obs":25,"a12":12.94,"a3":7.5,"pxa":null,"pxm":null,"napp":0,"nmai":0,"ra":null,"rm":null},"geometry":{"type":"Polygon","coordinates":[[[0.9653,47.2209],[0.9671,47.2273],[0.9579,47.2416],[0.9603,47.2446],[0.9855,47.2512],[1.0111,47.2457],[1.0266,47.2293],[1.0252,47.2241],[1.0136,47.2188],[1.0082,47.1998],[1.0087,47.1937],[1.0031,47.1843],[0.997,47.1852],[0.986,47.1933],[0.9727,47.1996],[0.9723,47.2054],[0.9653,47.2209]]]}},{"type":"Feature","properties":{"code":"37169","nom":"Neuville-sur-Brenne","app":10.27,"app_bas":8.82,"app_haut":11.96,"app_ech":"maille","app_obs":0,"mai":7.25,"mai_bas":5.75,"mai_haut":9.15,"mai_ech":"maille","mai_obs":25,"a12":11.51,"a3":7.37,"pxa":null,"pxm":1339,"napp":0,"nmai":31,"ra":null,"rm":5.67},"geometry":{"type":"Polygon","coordinates":[[[0.9196,47.6328],[0.9373,47.6284],[0.9332,47.621],[0.9317,47.6114],[0.923,47.6038],[0.9034,47.596],[0.8992,47.6037],[0.8932,47.6092],[0.897,47.6151],[0.9065,47.6175],[0.9196,47.6328]]]}},{"type":"Feature","properties":{"code":"37173","nom":"Nouans-les-Fontaines","app":8.15,"app_bas":6.26,"app_haut":10.6,"app_ech":"maille","app_obs":7,"mai":6.28,"mai_bas":4.97,"mai_haut":7.93,"mai_ech":"maille","mai_obs":25,"a12":10.6,"a3":7.33,"pxa":null,"pxm":731,"napp":0,"nmai":37,"ra":null,"rm":9},"geometry":{"type":"Polygon","coordinates":[[[1.3557,47.1085],[1.3445,47.1016],[1.3324,47.0996],[1.3275,47.1051],[1.3188,47.1049],[1.3117,47.097],[1.3168,47.0849],[1.3126,47.0738],[1.2938,47.0723],[1.2843,47.0776],[1.2695,47.0932],[1.2825,47.1048],[1.2863,47.1124],[1.2655,47.1248],[1.2645,47.1393],[1.2681,47.1457],[1.2677,47.1568],[1.2648,47.1633],[1.2812,47.1687],[1.2966,47.1804],[1.3136,47.185],[1.322,47.1939],[1.3267,47.1862],[1.3404,47.1767],[1.3467,47.1688],[1.3513,47.1522],[1.3637,47.1351],[1.3654,47.122],[1.3557,47.1085]]]}},{"type":"Feature","properties":{"code":"37253","nom":"Sublaines","app":10.17,"app_bas":8.2,"app_haut":12.61,"app_ech":"maille","app_obs":0,"mai":9.4,"mai_bas":7.47,"mai_haut":11.84,"mai_ech":"maille","mai_obs":11,"a12":12.99,"a3":9.07,"pxa":null,"pxm":null,"napp":0,"nmai":0,"ra":null,"rm":null},"geometry":{"type":"Polygon","coordinates":[[[1.0111,47.2457],[0.9855,47.2512],[0.9721,47.2527],[0.976,47.2684],[0.9699,47.275],[0.9556,47.2838],[0.9723,47.2957],[0.9885,47.2909],[0.9961,47.2836],[1.0072,47.2806],[1.0117,47.2681],[1.0206,47.2533],[1.0111,47.2457]]]}},{"type":"Feature","properties":{"code":"37282","nom":"Yzeures-sur-Creuse","app":8.5,"app_bas":6.36,"app_haut":11.37,"app_ech":"maille","app_obs":48,"mai":6.31,"mai_bas":5.05,"mai_haut":7.88,"mai_ech":"maille","mai_obs":75,"a12":9.73,"a3":6.45,"pxa":null,"pxm":886,"napp":2,"nmai":67,"ra":null,"rm":7.46},"geometry":{"type":"Polygon","coordinates":[[[0.9166,46.7564],[0.8846,46.7549],[0.8675,46.7482],[0.8597,46.7557],[0.8429,46.7643],[0.8306,46.7754],[0.8294,46.7836],[0.8163,46.7878],[0.8119,46.7945],[0.8153,46.8057],[0.8099,46.8159],[0.8165,46.8167],[0.8287,46.8121],[0.8382,46.8173],[0.8423,46.8226],[0.8492,46.8219],[0.8698,46.8254],[0.8881,46.8227],[0.8915,46.8163],[0.9165,46.8158],[0.9258,46.8037],[0.9433,46.8018],[0.9444,46.7909],[0.9199,46.7714],[0.9146,46.7613],[0.9166,46.7564]]]}},{"type":"Feature","properties":{"code":"37139","nom":"Luynes","app":11.16,"app_bas":8.96,"app_haut":13.91,"app_ech":"commune","app_obs":187,"mai":10.53,"mai_bas":8.21,"mai_haut":13.51,"mai_ech":"commune","mai_obs":159,"a12":13.66,"a3":10.34,"pxa":null,"pxm":2197,"napp":9,"nmai":134,"ra":null,"rm":5.02},"geometry":{"type":"Polygon","coordinates":[[[0.5602,47.4579],[0.5686,47.4503],[0.5665,47.4346],[0.5541,47.4306],[0.5565,47.4249],[0.5767,47.4056],[0.5783,47.3964],[0.5707,47.3875],[0.5766,47.3771],[0.522,47.3667],[0.521,47.3708],[0.5352,47.3769],[0.5277,47.3863],[0.527,47.3983],[0.5156,47.4026],[0.4978,47.4206],[0.4919,47.4231],[0.5075,47.4336],[0.5215,47.4332],[0.5319,47.4386],[0.5386,47.4481],[0.5602,47.4579]]]}},{"type":"Feature","properties":{"code":"37152","nom":"Mettray","app":11.97,"app_bas":10.01,"app_haut":14.32,"app_ech":"maille","app_obs":16,"mai":11.26,"mai_bas":9.17,"mai_haut":13.83,"mai_ech":"maille","mai_obs":65,"a12":11.82,"a3":9.96,"pxa":null,"pxm":2028,"napp":0,"nmai":47,"ra":null,"rm":5.75},"geometry":{"type":"Polygon","coordinates":[[[0.6632,47.4822],[0.663,47.476],[0.6692,47.466],[0.6812,47.4532],[0.6865,47.452],[0.691,47.4391],[0.6753,47.4355],[0.6751,47.4454],[0.6614,47.4404],[0.6523,47.4404],[0.6442,47.4453],[0.6324,47.4479],[0.622,47.4633],[0.6268,47.4651],[0.6321,47.459],[0.6492,47.4623],[0.6595,47.4725],[0.6632,47.4822]]]}},{"type":"Feature","properties":{"code":"37192","nom":"Reignac-sur-Indre","app":10.17,"app_bas":8.2,"app_haut":12.61,"app_ech":"maille","app_obs":10,"mai":8.52,"mai_bas":6.75,"mai_haut":10.75,"mai_ech":"maille","mai_obs":63,"a12":12.99,"a3":9.07,"pxa":null,"pxm":1302,"napp":1,"nmai":48,"ra":null,"rm":6.86},"geometry":{"type":"Polygon","coordinates":[[[0.9653,47.2209],[0.9422,47.223],[0.9326,47.2185],[0.9206,47.2063],[0.9128,47.2008],[0.9073,47.193],[0.8974,47.1928],[0.8874,47.2008],[0.879,47.1938],[0.8742,47.1974],[0.8774,47.2046],[0.8675,47.2108],[0.8768,47.2173],[0.8868,47.2092],[0.896,47.2139],[0.8985,47.2194],[0.8896,47.2248],[0.8989,47.2312],[0.9032,47.238],[0.8976,47.2443],[0.9102,47.2497],[0.9353,47.2454],[0.9486,47.2398],[0.9579,47.2416],[0.9671,47.2273],[0.9653,47.2209]]]}},{"type":"Feature","properties":{"code":"37023","nom":"Beaumont-Village","app":8.15,"app_bas":6.26,"app_haut":10.6,"app_ech":"maille","app_obs":0,"mai":6.9,"mai_bas":5.24,"mai_haut":9.08,"mai_ech":"maille","mai_obs":1,"a12":10.6,"a3":6.18,"pxa":null,"pxm":null,"napp":0,"nmai":0,"ra":null,"rm":null},"geometry":{"type":"Polygon","coordinates":[[[1.1925,47.1546],[1.1899,47.1561],[1.1776,47.1793],[1.1684,47.1874],[1.1843,47.1955],[1.1884,47.2005],[1.1899,47.2094],[1.1856,47.2146],[1.1932,47.2149],[1.2027,47.2088],[1.2083,47.1978],[1.2261,47.1904],[1.2293,47.1842],[1.2441,47.1749],[1.232,47.168],[1.2116,47.149],[1.2043,47.157],[1.1925,47.1546]]]}},{"type":"Feature","properties":{"code":"37024","nom":"Benais","app":7.73,"app_bas":6.2,"app_haut":9.64,"app_ech":"maille","app_obs":7,"mai":7.58,"mai_bas":5.89,"mai_haut":9.76,"mai_ech":"maille","mai_obs":30,"a12":11.66,"a3":7.94,"pxa":null,"pxm":1369,"napp":0,"nmai":33,"ra":null,"rm":5.8},"geometry":{"type":"Polygon","coordinates":[[[0.1951,47.289],[0.1927,47.2986],[0.1948,47.3153],[0.1925,47.3366],[0.1952,47.3483],[0.2031,47.3396],[0.2236,47.3328],[0.2327,47.336],[0.2454,47.3343],[0.2534,47.328],[0.2482,47.3217],[0.2457,47.3132],[0.2274,47.2882],[0.2067,47.2908],[0.1951,47.289]]]}},{"type":"Feature","properties":{"code":"37063","nom":"Château-Renault","app":9.1,"app_bas":7.44,"app_haut":11.13,"app_ech":"commune","app_obs":646,"mai":7.65,"mai_bas":6.06,"mai_haut":9.66,"mai_ech":"commune","mai_obs":309,"a12":11.11,"a3":6.91,"pxa":null,"pxm":1309,"napp":27,"nmai":151,"ra":null,"rm":6.12},"geometry":{"type":"Polygon","coordinates":[[[0.9005,47.5814],[0.8913,47.5861],[0.8894,47.593],[0.9034,47.596],[0.923,47.6038],[0.9251,47.59],[0.911,47.5873],[0.9005,47.5814]]]}},{"type":"Feature","properties":{"code":"37115","nom":"Descartes","app":7.57,"app_bas":6.05,"app_haut":9.48,"app_ech":"commune","app_obs":318,"mai":6.83,"mai_bas":5.46,"mai_haut":8.53,"mai_ech":"commune","mai_obs":228,"a12":9.1,"a3":6.81,"pxa":null,"pxm":1107,"napp":27,"nmai":190,"ra":null,"rm":6.46},"geometry":{"type":"Polygon","coordinates":[[[0.6592,47.0099],[0.6698,47.0135],[0.6836,47.029],[0.7013,47.0186],[0.7178,47.0182],[0.7409,47.0107],[0.7445,46.9954],[0.7529,46.992],[0.7461,46.9835],[0.7472,46.9761],[0.7522,46.9701],[0.7436,46.9693],[0.7281,46.9716],[0.6952,46.9622],[0.6926,46.9743],[0.6822,46.9771],[0.6616,46.9781],[0.6565,46.9854],[0.6477,46.9883],[0.6378,46.9853],[0.624,46.9937],[0.6219,46.9994],[0.6343,46.9976],[0.6592,47.0099]]]}},{"type":"Feature","properties":{"code":"37122","nom":"Joué-lès-Tours","app":12.78,"app_bas":10.88,"app_haut":15.01,"app_ech":"commune","app_obs":4950,"mai":11.7,"mai_bas":9.15,"mai_haut":14.97,"mai_ech":"commune","mai_obs":784,"a12":14.55,"a3":11.33,"pxa":2089,"pxm":2537,"napp":851,"nmai":694,"ra":6.2,"rm":4.75},"geometry":{"type":"Polygon","coordinates":[[[0.6151,47.3049],[0.6102,47.3054],[0.618,47.323],[0.6262,47.332],[0.6222,47.3452],[0.631,47.3484],[0.6403,47.3552],[0.641,47.373],[0.6604,47.3751],[0.656,47.3667],[0.6652,47.3628],[0.6855,47.3621],[0.6975,47.3597],[0.6992,47.3539],[0.6748,47.3393],[0.6764,47.3315],[0.6842,47.3277],[0.6911,47.3133],[0.6684,47.3017],[0.6335,47.302],[0.6151,47.3049]]]}},{"type":"Feature","properties":{"code":"37124","nom":"Larçay","app":12.74,"app_bas":10.54,"app_haut":15.4,"app_ech":"maille","app_obs":33,"mai":11.02,"mai_bas":8.83,"mai_haut":13.76,"mai_ech":"commune","mai_obs":153,"a12":14.77,"a3":11.01,"pxa":null,"pxm":2361,"napp":1,"nmai":78,"ra":null,"rm":4.85},"geometry":{"type":"Polygon","coordinates":[[[0.7887,47.3743],[0.7965,47.3721],[0.7834,47.3453],[0.7893,47.3383],[0.7915,47.3274],[0.777,47.3243],[0.7664,47.3307],[0.7601,47.352],[0.7624,47.3696],[0.7653,47.3708],[0.7677,47.3786],[0.7833,47.3767],[0.7887,47.3743]]]}},{"type":"Feature","properties":{"code":"37028","nom":"Bossay-sur-Claise","app":7.45,"app_bas":5.95,"app_haut":9.33,"app_ech":"maille","app_obs":1,"mai":6.38,"mai_bas":5.02,"mai_haut":8.11,"mai_ech":"maille","mai_obs":22,"a12":10.91,"a3":7.39,"pxa":null,"pxm":529,"napp":0,"nmai":42,"ra":null,"rm":12.63},"geometry":{"type":"Polygon","coordinates":[[[0.9165,46.8158],[0.9293,46.8188],[0.9396,46.8234],[0.9445,46.8377],[0.9338,46.8497],[0.9523,46.877],[0.9718,46.8774],[0.9823,46.8756],[0.9969,46.8781],[1.0115,46.877],[1.0256,46.8797],[1.0244,46.8705],[1.0192,46.8588],[1.0195,46.8494],[1.0226,46.8456],[1.0105,46.8374],[1.0067,46.8149],[0.9875,46.8046],[0.9872,46.7982],[1.0025,46.7945],[1.005,46.7905],[1.0003,46.7821],[1.0095,46.7688],[1.0117,46.7578],[0.9888,46.7615],[0.9796,46.756],[0.9662,46.772],[0.9551,46.7736],[0.9464,46.7781],[0.9433,46.8018],[0.9258,46.8037],[0.9165,46.8158]]]}},{"type":"Feature","properties":{"code":"37046","nom":"Céré-la-Ronde","app":9.95,"app_bas":7.29,"app_haut":13.57,"app_ech":"maille","app_obs":1,"mai":8.41,"mai_bas":6.6,"mai_haut":10.72,"mai_ech":"maille","mai_obs":5,"a12":11.27,"a3":7.5,"pxa":null,"pxm":null,"napp":0,"nmai":0,"ra":null,"rm":null},"geometry":{"type":"Polygon","coordinates":[[[1.2436,47.2837],[1.2433,47.2783],[1.2388,47.2656],[1.233,47.2573],[1.2117,47.245],[1.2029,47.223],[1.194,47.2193],[1.1832,47.2185],[1.1717,47.2159],[1.1514,47.2175],[1.1437,47.2197],[1.1334,47.2313],[1.1205,47.2393],[1.1189,47.2458],[1.1123,47.2532],[1.138,47.263],[1.1554,47.2671],[1.1621,47.2722],[1.1741,47.2886],[1.1945,47.283],[1.2157,47.2924],[1.2233,47.2942],[1.239,47.2889],[1.2436,47.2837]]]}},{"type":"Feature","properties":{"code":"37076","nom":"Cinais","app":9.35,"app_bas":7.22,"app_haut":12.12,"app_ech":"maille","app_obs":0,"mai":7.58,"mai_bas":5.89,"mai_haut":9.76,"mai_ech":"maille","mai_obs":17,"a12":11.35,"a3":8.05,"pxa":null,"pxm":null,"napp":0,"nmai":0,"ra":null,"rm":null},"geometry":{"type":"Polygon","coordinates":[[[0.167,47.1758],[0.1902,47.173],[0.1904,47.167],[0.1974,47.1562],[0.1934,47.1439],[0.1637,47.1429],[0.1529,47.1552],[0.1591,47.1619],[0.167,47.1758]]]}},{"type":"Feature","properties":{"code":"37081","nom":"Cléré-les-Pins","app":7.73,"app_bas":6.2,"app_haut":9.64,"app_ech":"maille","app_obs":6,"mai":8.91,"mai_bas":7.02,"mai_haut":11.29,"mai_ech":"maille","mai_obs":63,"a12":11.49,"a3":7.94,"pxa":null,"pxm":1761,"napp":0,"nmai":57,"ra":null,"rm":5.3},"geometry":{"type":"Polygon","coordinates":[[[0.3505,47.4179],[0.3456,47.4381],[0.3408,47.4457],[0.3485,47.4588],[0.3492,47.4701],[0.392,47.4848],[0.4063,47.4935],[0.4124,47.4883],[0.4079,47.4767],[0.404,47.4546],[0.4086,47.4483],[0.4064,47.4425],[0.3975,47.4347],[0.3996,47.4248],[0.416,47.4135],[0.4085,47.4085],[0.3963,47.405],[0.3682,47.4082],[0.3555,47.4133],[0.3505,47.4179]]]}},{"type":"Feature","properties":{"code":"37194","nom":"Reugny","app":11.37,"app_bas":9.37,"app_haut":13.79,"app_ech":"maille","app_obs":47,"mai":8.28,"mai_bas":6.62,"mai_haut":10.35,"mai_ech":"maille","mai_obs":78,"a12":12.7,"a3":7.37,"pxa":null,"pxm":1566,"napp":1,"nmai":54,"ra":null,"rm":5.54},"geometry":{"type":"Polygon","coordinates":[[[0.8335,47.5136],[0.8472,47.5174],[0.869,47.5142],[0.8793,47.5055],[0.8968,47.5002],[0.8988,47.4916],[0.9035,47.4876],[0.9167,47.486],[0.9172,47.4743],[0.9277,47.4614],[0.9192,47.454],[0.9021,47.4614],[0.8917,47.4643],[0.8745,47.4625],[0.86,47.4673],[0.8462,47.4658],[0.8418,47.4841],[0.821,47.4871],[0.8239,47.4954],[0.8331,47.5085],[0.8335,47.5136]]]}},{"type":"Feature","properties":{"code":"37246","nom":"Sennevières","app":8.15,"app_bas":6.26,"app_haut":10.6,"app_ech":"maille","app_obs":1,"mai":6.9,"mai_bas":5.24,"mai_haut":9.08,"mai_ech":"maille","mai_obs":12,"a12":8.45,"a3":6.18,"pxa":null,"pxm":null,"napp":0,"nmai":0,"ra":null,"rm":null},"geometry":{"type":"Polygon","coordinates":[[[1.0667,47.1234],[1.0804,47.1264],[1.0909,47.1266],[1.095,47.1335],[1.1118,47.1396],[1.1197,47.1414],[1.1267,47.1361],[1.1281,47.1292],[1.1454,47.1271],[1.1358,47.1115],[1.1333,47.0971],[1.1242,47.0853],[1.1074,47.0886],[1.0826,47.0979],[1.0766,47.0968],[1.0668,47.1069],[1.068,47.1096],[1.0667,47.1234]]]}},{"type":"Feature","properties":{"code":"37112","nom":"Gizeux","app":7.73,"app_bas":6.2,"app_haut":9.64,"app_ech":"maille","app_obs":11,"mai":9.26,"mai_bas":7.31,"mai_haut":11.74,"mai_ech":"maille","mai_obs":29,"a12":9.54,"a3":7.3,"pxa":null,"pxm":null,"napp":0,"nmai":0,"ra":null,"rm":null},"geometry":{"type":"Polygon","coordinates":[[[0.1852,47.4262],[0.1966,47.4238],[0.2055,47.4248],[0.2087,47.4141],[0.2063,47.4069],[0.2134,47.3997],[0.214,47.3904],[0.2048,47.3852],[0.1991,47.3778],[0.1994,47.3652],[0.2056,47.3548],[0.1959,47.3492],[0.1724,47.3575],[0.1658,47.3627],[0.1536,47.3636],[0.183,47.3803],[0.1795,47.3844],[0.168,47.3869],[0.1695,47.3956],[0.1539,47.3987],[0.1707,47.4091],[0.1814,47.4178],[0.1852,47.4262]]]}},{"type":"Feature","properties":{"code":"37160","nom":"Morand","app":10.41,"app_bas":8.6,"app_haut":12.61,"app_ech":"maille","app_obs":0,"mai":8.28,"mai_bas":6.62,"mai_haut":10.35,"mai_ech":"maille","mai_obs":8,"a12":11.59,"a3":8.49,"pxa":null,"pxm":null,"napp":0,"nmai":0,"ra":null,"rm":null},"geometry":{"type":"Polygon","coordinates":[[[0.9764,47.567],[0.9852,47.579],[0.997,47.584],[1.0037,47.5844],[1.0339,47.5766],[1.0363,47.558],[1.0355,47.5544],[1.0196,47.547],[1.0244,47.5358],[1.0172,47.5331],[1.014,47.5466],[0.9875,47.5465],[0.9891,47.5561],[0.9764,47.567]]]}},{"type":"Feature","properties":{"code":"37280","nom":"Vou","app":9.89,"app_bas":8.05,"app_haut":12.15,"app_ech":"maille","app_obs":1,"mai":8.52,"mai_bas":6.75,"mai_haut":10.75,"mai_ech":"maille","mai_obs":3,"a12":12.94,"a3":9.07,"pxa":null,"pxm":null,"napp":0,"nmai":0,"ra":null,"rm":null},"geometry":{"type":"Polygon","coordinates":[[[0.8476,47.0637],[0.8308,47.0691],[0.8177,47.0875],[0.8107,47.1029],[0.8378,47.1153],[0.8427,47.1188],[0.8546,47.1216],[0.8698,47.1213],[0.8806,47.1106],[0.8717,47.1092],[0.8749,47.1],[0.8697,47.0887],[0.8757,47.0763],[0.8476,47.0637]]]}},{"type":"Feature","properties":{"code":"37011","nom":"Avoine","app":11.03,"app_bas":8.63,"app_haut":14.09,"app_ech":"commune","app_obs":104,"mai":7.58,"mai_bas":5.89,"mai_haut":9.76,"mai_ech":"maille","mai_obs":68,"a12":11.66,"a3":7.94,"pxa":null,"pxm":1830,"napp":14,"nmai":44,"ra":null,"rm":4.34},"geometry":{"type":"Polygon","coordinates":[[[0.2203,47.2389],[0.225,47.2276],[0.2206,47.2185],[0.1975,47.2166],[0.1884,47.2097],[0.1871,47.2025],[0.1774,47.2007],[0.1769,47.2088],[0.1626,47.2165],[0.153,47.2271],[0.1535,47.2369],[0.1951,47.2329],[0.2203,47.2389]]]}},{"type":"Feature","properties":{"code":"37070","nom":"Chenonceaux","app":10.72,"app_bas":8.68,"app_haut":13.24,"app_ech":"maille","app_obs":0,"mai":8.34,"mai_bas":6.56,"mai_haut":10.6,"mai_ech":"maille","mai_obs":16,"a12":12.99,"a3":9.07,"pxa":null,"pxm":null,"napp":0,"nmai":0,"ra":null,"rm":null},"geometry":{"type":"Polygon","coordinates":[[[1.0809,47.364],[1.0824,47.3598],[1.0771,47.3505],[1.0786,47.3262],[1.06,47.3228],[1.0609,47.3368],[1.0657,47.3483],[1.0777,47.3642],[1.0809,47.364]]]}},{"type":"Feature","properties":{"code":"37158","nom":"Montreuil-en-Touraine","app":10.27,"app_bas":8.82,"app_haut":11.96,"app_ech":"maille","app_obs":1,"mai":9.84,"mai_bas":8.15,"mai_haut":11.88,"mai_ech":"maille","mai_obs":10,"a12":11.27,"a3":7.5,"pxa":null,"pxm":null,"napp":0,"nmai":0,"ra":null,"rm":null},"geometry":{"type":"Polygon","coordinates":[[[0.9655,47.5142],[0.9778,47.5139],[0.9926,47.5066],[0.999,47.4962],[0.9705,47.4821],[0.9669,47.4773],[0.9705,47.468],[0.9574,47.4621],[0.9541,47.4568],[0.9468,47.4557],[0.939,47.4613],[0.9277,47.4614],[0.9172,47.4743],[0.9167,47.486],[0.9173,47.4953],[0.9223,47.5023],[0.9408,47.5064],[0.9491,47.5114],[0.9655,47.5142]]]}},{"type":"Feature","properties":{"code":"37179","nom":"Parçay-Meslay","app":11.97,"app_bas":10.01,"app_haut":14.32,"app_ech":"maille","app_obs":25,"mai":11.26,"mai_bas":9.17,"mai_haut":13.83,"mai_ech":"maille","mai_obs":81,"a12":11.59,"a3":9.96,"pxa":null,"pxm":2588,"napp":2,"nmai":56,"ra":null,"rm":4.51},"geometry":{"type":"Polygon","coordinates":[[[0.7329,47.4706],[0.7461,47.4677],[0.7477,47.4739],[0.7422,47.4795],[0.7622,47.4793],[0.7594,47.4745],[0.7623,47.4672],[0.768,47.4651],[0.769,47.4623],[0.7625,47.4449],[0.7488,47.4333],[0.7343,47.4289],[0.7097,47.4365],[0.7104,47.4387],[0.7234,47.4504],[0.7324,47.4612],[0.7329,47.4706]]]}},{"type":"Feature","properties":{"code":"37207","nom":"Saint-Aubin-le-Dépeint","app":7.73,"app_bas":6.2,"app_haut":9.64,"app_ech":"maille","app_obs":2,"mai":7.28,"mai_bas":5.69,"mai_haut":9.31,"mai_ech":"maille","mai_obs":11,"a12":9.54,"a3":7.2,"pxa":null,"pxm":null,"napp":0,"nmai":0,"ra":null,"rm":null},"geometry":{"type":"Polygon","coordinates":[[[0.4317,47.6183],[0.4211,47.601],[0.4145,47.5978],[0.3951,47.5946],[0.3791,47.6108],[0.3648,47.6202],[0.3647,47.626],[0.3811,47.6391],[0.3828,47.6431],[0.3963,47.6408],[0.397,47.6389],[0.4239,47.6178],[0.4317,47.6183]]]}},{"type":"Feature","properties":{"code":"37223","nom":"Saint-Laurent-de-Lin","app":8.4,"app_bas":6.51,"app_haut":10.82,"app_ech":"maille","app_obs":1,"mai":8.91,"mai_bas":7.02,"mai_haut":11.29,"mai_ech":"maille","mai_obs":12,"a12":9.54,"a3":7.3,"pxa":null,"pxm":null,"napp":0,"nmai":0,"ra":null,"rm":null},"geometry":{"type":"Polygon","coordinates":[[[0.2201,47.502],[0.236,47.5085],[0.2591,47.5162],[0.2696,47.5241],[0.2945,47.5377],[0.3044,47.5336],[0.313,47.5237],[0.3154,47.5154],[0.2861,47.5117],[0.2803,47.5065],[0.2767,47.5048],[0.2718,47.5068],[0.2645,47.4956],[0.255,47.489],[0.2383,47.4933],[0.2386,47.5004],[0.2201,47.502]]]}},{"type":"Feature","properties":{"code":"37110","nom":"Francueil","app":10.72,"app_bas":8.68,"app_haut":13.24,"app_ech":"maille","app_obs":8,"mai":8.34,"mai_bas":6.56,"mai_haut":10.6,"mai_ech":"maille","mai_obs":36,"a12":12.99,"a3":9.07,"pxa":null,"pxm":1392,"napp":1,"nmai":56,"ra":null,"rm":6.28},"geometry":{"type":"Polygon","coordinates":[[[1.0949,47.3285],[1.099,47.3117],[1.1081,47.2984],[1.0953,47.2892],[1.0897,47.2932],[1.0543,47.3023],[1.0497,47.3057],[1.0452,47.312],[1.0506,47.3244],[1.06,47.3228],[1.0949,47.3285]]]}},{"type":"Feature","properties":{"code":"37202","nom":"Roche-Clermault","app":9.35,"app_bas":7.22,"app_haut":12.12,"app_ech":"maille","app_obs":8,"mai":7.58,"mai_bas":5.89,"mai_haut":9.76,"mai_ech":"maille","mai_obs":19,"a12":11.35,"a3":8.05,"pxa":null,"pxm":null,"napp":0,"nmai":0,"ra":null,"rm":null},"geometry":{"type":"Polygon","coordinates":[[[0.1904,47.167],[0.2079,47.1637],[0.2113,47.1541],[0.2122,47.1426],[0.2397,47.1309],[0.2422,47.1321],[0.246,47.1099],[0.2382,47.1013],[0.2224,47.1048],[0.2082,47.11],[0.1815,47.1161],[0.1934,47.1439],[0.1974,47.1562],[0.1904,47.167]]]}},{"type":"Feature","properties":{"code":"37205","nom":"Saché","app":10.57,"app_bas":8.99,"app_haut":12.43,"app_ech":"maille","app_obs":32,"mai":8.96,"mai_bas":6.95,"mai_haut":11.55,"mai_ech":"maille","mai_obs":45,"a12":11.81,"a3":7.72,"pxa":null,"pxm":1964,"napp":0,"nmai":42,"ra":null,"rm":4.78},"geometry":{"type":"Polygon","coordinates":[[[0.4904,47.2452],[0.4983,47.2547],[0.5081,47.2526],[0.5173,47.2542],[0.5312,47.2532],[0.5342,47.2641],[0.5268,47.2721],[0.5388,47.2753],[0.541,47.2682],[0.5537,47.2622],[0.5697,47.2589],[0.5742,47.2439],[0.5689,47.2322],[0.5636,47.2121],[0.5563,47.213],[0.5483,47.2037],[0.5382,47.2016],[0.5263,47.2033],[0.5198,47.2137],[0.5162,47.2254],[0.4915,47.2429],[0.4904,47.2452]]]}},{"type":"Feature","properties":{"code":"37211","nom":"Saint-Branchs","app":9.89,"app_bas":8.05,"app_haut":12.15,"app_ech":"maille","app_obs":37,"mai":9.76,"mai_bas":7.79,"mai_haut":12.22,"mai_ech":"commune","mai_obs":102,"a12":11.22,"a3":7.72,"pxa":null,"pxm":1899,"napp":1,"nmai":81,"ra":null,"rm":5.38},"geometry":{"type":"Polygon","coordinates":[[[0.6799,47.1776],[0.6962,47.1883],[0.6978,47.1946],[0.7143,47.2178],[0.7211,47.2361],[0.7202,47.2447],[0.7294,47.2548],[0.7437,47.2559],[0.7585,47.2533],[0.7687,47.2616],[0.7921,47.252],[0.8014,47.2535],[0.8112,47.2592],[0.8346,47.262],[0.8267,47.2444],[0.8284,47.2363],[0.8161,47.2317],[0.8084,47.2236],[0.8105,47.2183],[0.8007,47.2123],[0.7768,47.2084],[0.7751,47.1976],[0.7534,47.2025],[0.736,47.1973],[0.7218,47.1836],[0.69,47.1707],[0.6799,47.1776]]]}},{"type":"Feature","properties":{"code":"37228","nom":"Saint-Nicolas-de-Bourgueil","app":9.04,"app_bas":7.07,"app_haut":11.54,"app_ech":"maille","app_obs":7,"mai":7.58,"mai_bas":5.89,"mai_haut":9.76,"mai_ech":"maille","mai_obs":23,"a12":11.35,"a3":7.94,"pxa":null,"pxm":1317,"napp":0,"nmai":37,"ra":null,"rm":6.03},"geometry":{"type":"Polygon","coordinates":[[[0.1473,47.3454],[0.1519,47.3324],[0.1624,47.3221],[0.1638,47.3157],[0.16,47.3039],[0.1566,47.276],[0.1566,47.264],[0.165,47.2613],[0.164,47.2556],[0.1531,47.2551],[0.138,47.2611],[0.1265,47.2632],[0.1058,47.272],[0.0886,47.2754],[0.079,47.2828],[0.099,47.3081],[0.1092,47.3134],[0.1179,47.3256],[0.1175,47.3323],[0.1313,47.3341],[0.1473,47.3454]]]}},{"type":"Feature","properties":{"code":"37010","nom":"Auzouer-en-Touraine","app":10.27,"app_bas":8.82,"app_haut":11.96,"app_ech":"maille","app_obs":4,"mai":8.28,"mai_bas":6.62,"mai_haut":10.35,"mai_ech":"maille","mai_obs":93,"a12":11.59,"a3":7.5,"pxa":null,"pxm":1582,"napp":0,"nmai":54,"ra":null,"rm":5.48},"geometry":{"type":"Polygon","coordinates":[[[0.965,47.5281],[0.9463,47.5288],[0.9297,47.5224],[0.9152,47.5252],[0.906,47.5309],[0.9031,47.5404],[0.912,47.5451],[0.9045,47.5537],[0.8961,47.5461],[0.8906,47.5525],[0.9005,47.5814],[0.911,47.5873],[0.9251,47.59],[0.9325,47.5788],[0.9432,47.5747],[0.9515,47.5779],[0.9568,47.5673],[0.9691,47.5693],[0.9764,47.567],[0.9891,47.5561],[0.9875,47.5465],[0.9778,47.5362],[0.9709,47.5353],[0.965,47.5281]]]}},{"type":"Feature","properties":{"code":"37007","nom":"Assay","app":9.14,"app_bas":7.13,"app_haut":11.7,"app_ech":"maille","app_obs":0,"mai":7.77,"mai_bas":6.22,"mai_haut":9.72,"mai_ech":"maille","mai_obs":4,"a12":11.66,"a3":8.44,"pxa":null,"pxm":null,"napp":0,"nmai":0,"ra":null,"rm":null},"geometry":{"type":"Polygon","coordinates":[[[0.2984,47.054],[0.278,47.046],[0.2642,47.0464],[0.262,47.0575],[0.2676,47.0675],[0.2617,47.0701],[0.2425,47.0712],[0.2352,47.0692],[0.2329,47.073],[0.2447,47.0863],[0.2638,47.0814],[0.2845,47.0835],[0.3034,47.0782],[0.3053,47.0743],[0.3115,47.07],[0.3103,47.0625],[0.2984,47.054]]]}},{"type":"Feature","properties":{"code":"37057","nom":"Chapelle-Blanche-Saint-Martin","app":9.89,"app_bas":8.05,"app_haut":12.15,"app_ech":"maille","app_obs":12,"mai":7.62,"mai_bas":6.01,"mai_haut":9.66,"mai_ech":"maille","mai_obs":20,"a12":12.94,"a3":9.07,"pxa":null,"pxm":1353,"napp":0,"nmai":31,"ra":null,"rm":5.9},"geometry":{"type":"Polygon","coordinates":[[[0.7505,47.097],[0.7606,47.1042],[0.765,47.1156],[0.7765,47.1142],[0.7867,47.1154],[0.7946,47.1134],[0.8055,47.1019],[0.8107,47.1029],[0.8177,47.0875],[0.8308,47.0691],[0.7891,47.0581],[0.7736,47.0576],[0.7546,47.0541],[0.7531,47.0774],[0.7486,47.0869],[0.7505,47.097]]]}},{"type":"Feature","properties":{"code":"37163","nom":"Nazelles-Négron","app":10.27,"app_bas":8.82,"app_haut":11.96,"app_ech":"maille","app_obs":67,"mai":9.86,"mai_bas":8.16,"mai_haut":11.91,"mai_ech":"commune","mai_obs":124,"a12":11.27,"a3":7.37,"pxa":null,"pxm":1922,"napp":2,"nmai":118,"ra":null,"rm":5.37},"geometry":{"type":"Polygon","coordinates":[[[0.9343,47.4042],[0.9291,47.4089],[0.9173,47.4331],[0.9158,47.4522],[0.9192,47.454],[0.9277,47.4614],[0.939,47.4613],[0.9468,47.4557],[0.9541,47.4568],[0.956,47.4513],[0.9781,47.4401],[0.9802,47.4226],[0.9762,47.4137],[0.9545,47.4075],[0.9343,47.4042]]]}},{"type":"Feature","properties":{"code":"37240","nom":"Saunay","app":8.61,"app_bas":7.03,"app_haut":10.53,"app_ech":"maille","app_obs":2,"mai":7.25,"mai_bas":5.75,"mai_haut":9.15,"mai_ech":"maille","mai_obs":15,"a12":11.59,"a3":7.5,"pxa":null,"pxm":null,"napp":0,"nmai":0,"ra":null,"rm":null},"geometry":{"type":"Polygon","coordinates":[[[0.9764,47.567],[0.9691,47.5693],[0.9568,47.5673],[0.9515,47.5779],[0.9432,47.5747],[0.9325,47.5788],[0.9251,47.59],[0.923,47.6038],[0.9317,47.6114],[0.9332,47.621],[0.9373,47.6284],[0.9562,47.6262],[0.9653,47.6296],[0.971,47.6219],[0.9918,47.62],[0.9855,47.6131],[0.9871,47.5944],[0.997,47.584],[0.9852,47.579],[0.9764,47.567]]]}},{"type":"Feature","properties":{"code":"37049","nom":"Chambourg-sur-Indre","app":10.19,"app_bas":7.9,"app_haut":13.14,"app_ech":"maille","app_obs":6,"mai":8.41,"mai_bas":6.6,"mai_haut":10.72,"mai_ech":"maille","mai_obs":60,"a12":12.99,"a3":7.5,"pxa":null,"pxm":1393,"napp":0,"nmai":45,"ra":null,"rm":6.32},"geometry":{"type":"Polygon","coordinates":[[[0.9902,47.1489],[0.9795,47.1524],[0.9661,47.151],[0.9416,47.1562],[0.9271,47.158],[0.9181,47.1855],[0.9165,47.1868],[0.9212,47.1897],[0.9326,47.1905],[0.9452,47.1854],[0.9727,47.1996],[0.986,47.1933],[0.997,47.1852],[1.0175,47.1829],[1.0106,47.1569],[0.9971,47.1487],[0.9902,47.1489]]]}},{"type":"Feature","properties":{"code":"37090","nom":"Crissay-sur-Manse","app":8.85,"app_bas":6.95,"app_haut":11.26,"app_ech":"maille","app_obs":1,"mai":8.68,"mai_bas":6.78,"mai_haut":11.11,"mai_ech":"maille","mai_obs":4,"a12":10.47,"a3":8.44,"pxa":null,"pxm":null,"napp":0,"nmai":0,"ra":null,"rm":null},"geometry":{"type":"Polygon","coordinates":[[[0.4955,47.1974],[0.5141,47.1973],[0.512,47.1918],[0.4978,47.1827],[0.4941,47.1689],[0.5042,47.1635],[0.512,47.1624],[0.5057,47.1549],[0.5045,47.1453],[0.4788,47.1443],[0.4738,47.1462],[0.4781,47.155],[0.4885,47.1657],[0.4898,47.1857],[0.4955,47.1974]]]}},{"type":"Feature","properties":{"code":"37162","nom":"Mouzay","app":10.19,"app_bas":7.9,"app_haut":13.14,"app_ech":"maille","app_obs":1,"mai":8.52,"mai_bas":6.75,"mai_haut":10.75,"mai_ech":"maille","mai_obs":15,"a12":12.94,"a3":9.07,"pxa":null,"pxm":null,"napp":0,"nmai":0,"ra":null,"rm":null},"geometry":{"type":"Polygon","coordinates":[[[0.9037,47.1336],[0.9089,47.1263],[0.9328,47.123],[0.926,47.1183],[0.9366,47.1101],[0.9413,47.1005],[0.9279,47.0923],[0.916,47.0888],[0.887,47.0708],[0.8757,47.0763],[0.8697,47.0887],[0.8749,47.1],[0.8717,47.1092],[0.8806,47.1106],[0.8698,47.1213],[0.8777,47.1222],[0.8894,47.132],[0.9037,47.1336]]]}},{"type":"Feature","properties":{"code":"37257","nom":"Thilouze","app":10.57,"app_bas":8.99,"app_haut":12.43,"app_ech":"maille","app_obs":31,"mai":9.01,"mai_bas":7.18,"mai_haut":11.31,"mai_ech":"maille","mai_obs":62,"a12":11.22,"a3":7.72,"pxa":null,"pxm":1791,"napp":1,"nmai":43,"ra":null,"rm":5.27},"geometry":{"type":"Polygon","coordinates":[[[0.6375,47.2489],[0.6458,47.2393],[0.6486,47.2258],[0.6391,47.2169],[0.6382,47.2083],[0.6333,47.2057],[0.6239,47.2094],[0.6146,47.2081],[0.6098,47.1918],[0.6121,47.1848],[0.5805,47.1881],[0.5693,47.1903],[0.5595,47.1893],[0.5636,47.2121],[0.5689,47.2322],[0.5742,47.2439],[0.5874,47.251],[0.5866,47.2551],[0.606,47.2481],[0.6152,47.2508],[0.6298,47.2444],[0.6375,47.2489]]]}},{"type":"Feature","properties":{"code":"37077","nom":"Cinq-Mars-la-Pile","app":11.34,"app_bas":8.95,"app_haut":14.37,"app_ech":"commune","app_obs":165,"mai":8.87,"mai_bas":7.01,"mai_haut":11.22,"mai_ech":"commune","mai_obs":195,"a12":11.81,"a3":9.09,"pxa":null,"pxm":1838,"napp":4,"nmai":121,"ra":null,"rm":5.06},"geometry":{"type":"Polygon","coordinates":[[[0.4418,47.323],[0.4423,47.3269],[0.4304,47.3446],[0.4256,47.3469],[0.4185,47.3571],[0.4181,47.3683],[0.4196,47.3714],[0.4467,47.3723],[0.4881,47.3709],[0.4944,47.3587],[0.4853,47.3525],[0.4798,47.3444],[0.4493,47.3248],[0.4418,47.323]]]}},{"type":"Feature","properties":{"code":"37138","nom":"Lussault-sur-Loire","app":10.27,"app_bas":8.82,"app_haut":11.96,"app_ech":"maille","app_obs":15,"mai":9.84,"mai_bas":8.15,"mai_haut":11.88,"mai_ech":"maille","mai_obs":18,"a12":12.99,"a3":10.03,"pxa":null,"pxm":1718,"napp":0,"nmai":35,"ra":null,"rm":6},"geometry":{"type":"Polygon","coordinates":[[[0.9343,47.4042],[0.9458,47.3947],[0.9474,47.3885],[0.9425,47.3791],[0.8987,47.3776],[0.8921,47.398],[0.923,47.4017],[0.9343,47.4042]]]}},{"type":"Feature","properties":{"code":"37098","nom":"Draché","app":9.08,"app_bas":7.19,"app_haut":11.45,"app_ech":"maille","app_obs":0,"mai":7.02,"mai_bas":5.55,"mai_haut":8.88,"mai_ech":"maille","mai_obs":19,"a12":11.22,"a3":7.72,"pxa":null,"pxm":null,"napp":0,"nmai":0,"ra":null,"rm":null},"geometry":{"type":"Polygon","coordinates":[[[0.6124,47.0472],[0.6065,47.0538],[0.6082,47.0606],[0.6152,47.064],[0.6142,47.0699],[0.6043,47.0744],[0.612,47.0836],[0.6261,47.0858],[0.649,47.1003],[0.6567,47.0959],[0.6529,47.0888],[0.6575,47.0685],[0.6542,47.0503],[0.6444,47.0408],[0.6365,47.0376],[0.6124,47.0472]]]}},{"type":"Feature","properties":{"code":"37120","nom":"Ingrandes-de-Touraine","app":null,"app_bas":null,"app_haut":null,"app_ech":null,"app_obs":0,"mai":null,"mai_bas":null,"mai_haut":null,"mai_ech":null,"mai_obs":0,"a12":null,"a3":null,"pxa":null,"pxm":null,"napp":0,"nmai":0,"ra":null,"rm":null},"geometry":{"type":"Polygon","coordinates":[[[0.2676,47.2696],[0.2647,47.2714],[0.2554,47.2916],[0.2664,47.3163],[0.28,47.3297],[0.2877,47.3247],[0.2793,47.2847],[0.28,47.2717],[0.2676,47.2696]]]}},{"type":"Feature","properties":{"code":"37219","nom":"Saint-Genouph","app":11.09,"app_bas":9.26,"app_haut":13.29,"app_ech":"maille","app_obs":11,"mai":11.06,"mai_bas":8.65,"mai_haut":14.16,"mai_ech":"maille","mai_obs":21,"a12":11.81,"a3":10.34,"pxa":null,"pxm":1678,"napp":0,"nmai":32,"ra":null,"rm":6.85},"geometry":{"type":"Polygon","coordinates":[[[0.5665,47.3649],[0.5632,47.3744],[0.6059,47.3833],[0.6097,47.3675],[0.5962,47.3638],[0.5906,47.3646],[0.5866,47.3688],[0.5665,47.3649]]]}},{"type":"Feature","properties":{"code":"37237","nom":"Saint-Roch","app":10.61,"app_bas":9.12,"app_haut":12.35,"app_ech":"maille","app_obs":0,"mai":11.78,"mai_bas":9.3,"mai_haut":14.92,"mai_ech":"maille","mai_obs":20,"a12":11.82,"a3":10.34,"pxa":null,"pxm":2439,"napp":3,"nmai":30,"ra":null,"rm":4.97},"geometry":{"type":"Polygon","coordinates":[[[0.5602,47.4579],[0.5567,47.4632],[0.568,47.4654],[0.5742,47.46],[0.5827,47.4481],[0.5908,47.4328],[0.5749,47.4291],[0.5665,47.4346],[0.5686,47.4503],[0.5602,47.4579]]]}},{"type":"Feature","properties":{"code":"37034","nom":"Braslou","app":8.22,"app_bas":6.55,"app_haut":10.32,"app_ech":"maille","app_obs":0,"mai":7.77,"mai_bas":6.22,"mai_haut":9.72,"mai_ech":"maille","mai_obs":21,"a12":9.98,"a3":6.77,"pxa":null,"pxm":null,"napp":0,"nmai":0,"ra":null,"rm":null},"geometry":{"type":"Polygon","coordinates":[[[0.3664,46.9906],[0.3698,47.0022],[0.377,47.0049],[0.3812,47.0128],[0.399,47.0077],[0.405,47.0101],[0.4063,47.0178],[0.4188,47.0189],[0.4293,47.0173],[0.4342,47.014],[0.4325,47.0021],[0.4558,46.989],[0.4388,46.9816],[0.4364,46.9873],[0.4243,46.9927],[0.4148,46.9875],[0.4024,46.9878],[0.3892,46.9786],[0.3664,46.9906]]]}},{"type":"Feature","properties":{"code":"37073","nom":"Chisseaux","app":10.19,"app_bas":7.9,"app_haut":13.14,"app_ech":"maille","app_obs":3,"mai":8.34,"mai_bas":6.56,"mai_haut":10.6,"mai_ech":"maille","mai_obs":31,"a12":11.27,"a3":7.5,"pxa":null,"pxm":1633,"napp":3,"nmai":41,"ra":null,"rm":5.35},"geometry":{"type":"Polygon","coordinates":[[[1.0949,47.3285],[1.0786,47.3262],[1.0771,47.3505],[1.0824,47.3598],[1.0809,47.364],[1.0924,47.3709],[1.1074,47.3729],[1.1119,47.3642],[1.1189,47.3605],[1.1228,47.354],[1.1134,47.3477],[1.1063,47.3311],[1.0949,47.3285]]]}},{"type":"Feature","properties":{"code":"37154","nom":"Montbazon","app":12.99,"app_bas":10.61,"app_haut":15.9,"app_ech":"commune","app_obs":393,"mai":11.4,"mai_bas":9.12,"mai_haut":14.25,"mai_ech":"commune","mai_obs":295,"a12":14.04,"a3":11.05,"pxa":null,"pxm":2353,"napp":11,"nmai":151,"ra":null,"rm":5.01},"geometry":{"type":"Polygon","coordinates":[[[0.6804,47.2752],[0.6814,47.2836],[0.6924,47.2833],[0.6986,47.2979],[0.7057,47.2992],[0.7214,47.2927],[0.723,47.2817],[0.7178,47.2696],[0.7076,47.2751],[0.6981,47.2764],[0.6804,47.2752]]]}},{"type":"Feature","properties":{"code":"37166","nom":"Neuillé-le-Lierre","app":10.27,"app_bas":8.82,"app_haut":11.96,"app_ech":"maille","app_obs":1,"mai":8.28,"mai_bas":6.62,"mai_haut":10.35,"mai_ech":"maille","mai_obs":27,"a12":11.27,"a3":7.5,"pxa":null,"pxm":null,"napp":0,"nmai":0,"ra":null,"rm":null},"geometry":{"type":"Polygon","coordinates":[[[0.869,47.5142],[0.8714,47.5238],[0.9118,47.5174],[0.9152,47.5252],[0.9297,47.5224],[0.9463,47.5288],[0.965,47.5281],[0.9655,47.5142],[0.9491,47.5114],[0.9408,47.5064],[0.9223,47.5023],[0.9173,47.4953],[0.9167,47.486],[0.9035,47.4876],[0.8988,47.4916],[0.8968,47.5002],[0.8793,47.5055],[0.869,47.5142]]]}},{"type":"Feature","properties":{"code":"37184","nom":"Petit-Pressigny","app":8.56,"app_bas":6.95,"app_haut":10.53,"app_ech":"maille","app_obs":0,"mai":6.27,"mai_bas":5.02,"mai_haut":7.84,"mai_ech":"maille","mai_obs":10,"a12":11.22,"a3":7.39,"pxa":null,"pxm":null,"napp":0,"nmai":0,"ra":null,"rm":null},"geometry":{"type":"Polygon","coordinates":[[[0.8853,46.8824],[0.8879,46.8927],[0.8805,46.8955],[0.8672,46.8963],[0.8646,46.9123],[0.895,46.9199],[0.9054,46.9322],[0.9208,46.941],[0.9341,46.9441],[0.9499,46.9445],[0.9581,46.9253],[0.9547,46.9167],[0.9552,46.9075],[0.9429,46.8909],[0.9401,46.8836],[0.9229,46.8828],[0.908,46.8785],[0.8853,46.8824]]]}},{"type":"Feature","properties":{"code":"37029","nom":"Bossée","app":9.89,"app_bas":8.05,"app_haut":12.15,"app_ech":"maille","app_obs":6,"mai":9.31,"mai_bas":7.44,"mai_haut":11.66,"mai_ech":"maille","mai_obs":8,"a12":11.22,"a3":7.39,"pxa":null,"pxm":null,"napp":0,"nmai":0,"ra":null,"rm":null},"geometry":{"type":"Polygon","coordinates":[[[0.7505,47.097],[0.727,47.0859],[0.7132,47.0814],[0.7136,47.09],[0.7095,47.1089],[0.7028,47.1199],[0.7045,47.124],[0.7139,47.1309],[0.728,47.1348],[0.743,47.1363],[0.7569,47.1301],[0.765,47.1156],[0.7606,47.1042],[0.7505,47.097]]]}},{"type":"Feature","properties":{"code":"37062","nom":"Château-la-Vallière","app":7.73,"app_bas":6.2,"app_haut":9.64,"app_ech":"maille","app_obs":87,"mai":8.91,"mai_bas":7.02,"mai_haut":11.29,"mai_ech":"maille","mai_obs":91,"a12":9.54,"a3":7.3,"pxa":null,"pxm":1558,"napp":4,"nmai":72,"ra":null,"rm":5.99},"geometry":{"type":"Polygon","coordinates":[[[0.2945,47.5377],[0.3115,47.5582],[0.3179,47.5593],[0.3202,47.5539],[0.3392,47.5483],[0.341,47.5396],[0.3507,47.5273],[0.3615,47.5251],[0.3598,47.5061],[0.3446,47.5022],[0.3262,47.5055],[0.3179,47.5128],[0.3108,47.5124],[0.2968,47.5015],[0.2803,47.5065],[0.2861,47.5117],[0.3154,47.5154],[0.313,47.5237],[0.3044,47.5336],[0.2945,47.5377]]]}},{"type":"Feature","properties":{"code":"37185","nom":"Pocé-sur-Cisse","app":10.72,"app_bas":8.68,"app_haut":13.24,"app_ech":"maille","app_obs":57,"mai":9.77,"mai_bas":7.98,"mai_haut":11.96,"mai_ech":"maille","mai_obs":58,"a12":11.21,"a3":7.37,"pxa":null,"pxm":2026,"napp":4,"nmai":48,"ra":null,"rm":5.05},"geometry":{"type":"Polygon","coordinates":[[[1.0107,47.4293],[0.9984,47.4237],[0.9802,47.4226],[0.9781,47.4401],[0.956,47.4513],[0.9541,47.4568],[0.9574,47.4621],[0.9676,47.4566],[0.9938,47.4559],[1.011,47.4613],[1.0069,47.4445],[1.007,47.4354],[1.0122,47.4302],[1.0107,47.4293]]]}},{"type":"Feature","properties":{"code":"37197","nom":"Rigny-Ussé","app":9.04,"app_bas":7.07,"app_haut":11.54,"app_ech":"maille","app_obs":7,"mai":8,"mai_bas":6.32,"mai_haut":10.13,"mai_ech":"maille","mai_obs":7,"a12":9.54,"a3":8.44,"pxa":null,"pxm":null,"napp":0,"nmai":0,"ra":null,"rm":null},"geometry":{"type":"Polygon","coordinates":[[[0.2879,47.2285],[0.2788,47.2423],[0.2834,47.2467],[0.2835,47.2541],[0.2729,47.262],[0.2904,47.2631],[0.3146,47.2736],[0.3271,47.2632],[0.3324,47.2468],[0.3262,47.2377],[0.3141,47.2367],[0.2953,47.2297],[0.2879,47.2285]]]}},{"type":"Feature","properties":{"code":"37267","nom":"Véretz","app":12.74,"app_bas":10.54,"app_haut":15.4,"app_ech":"maille","app_obs":48,"mai":10.25,"mai_bas":8.15,"mai_haut":12.91,"mai_ech":"commune","mai_obs":128,"a12":14.77,"a3":11.01,"pxa":null,"pxm":2242,"napp":3,"nmai":131,"ra":null,"rm":4.79},"geometry":{"type":"Polygon","coordinates":[[[0.7965,47.3721],[0.8072,47.3713],[0.8248,47.3672],[0.8469,47.3642],[0.8404,47.3543],[0.8323,47.348],[0.8092,47.3362],[0.8003,47.3272],[0.7915,47.3274],[0.7893,47.3383],[0.7834,47.3453],[0.7965,47.3721]]]}},{"type":"Feature","properties":{"code":"37003","nom":"Amboise","app":11.8,"app_bas":9.57,"app_haut":14.55,"app_ech":"commune","app_obs":1717,"mai":10.76,"mai_bas":8.79,"mai_haut":13.18,"mai_ech":"commune","mai_obs":877,"a12":13.23,"a3":9.67,"pxa":2193,"pxm":2209,"napp":183,"nmai":373,"ra":5.53,"rm":5.08},"geometry":{"type":"Polygon","coordinates":[[[1.0107,47.4293],[1.0231,47.4153],[1.0303,47.4166],[1.0188,47.4135],[1.0127,47.4071],[1.0304,47.4035],[1.0408,47.4031],[1.0551,47.3982],[1.0629,47.3823],[1.0589,47.3727],[1.0489,47.3679],[1.0325,47.3675],[1.0249,47.3641],[1.0203,47.3672],[1.0095,47.3677],[1.0043,47.3712],[0.9938,47.3711],[0.9852,47.3659],[0.9835,47.3708],[0.9643,47.3734],[0.9535,47.3701],[0.9541,47.3748],[0.9403,47.3745],[0.9474,47.3885],[0.9458,47.3947],[0.9343,47.4042],[0.9545,47.4075],[0.9762,47.4137],[0.9802,47.4226],[0.9984,47.4237],[1.0107,47.4293]]]}},{"type":"Feature","properties":{"code":"37033","nom":"Boussay","app":8.56,"app_bas":6.95,"app_haut":10.53,"app_ech":"maille","app_obs":0,"mai":6.27,"mai_bas":5.02,"mai_haut":7.84,"mai_ech":"maille","mai_obs":13,"a12":11.22,"a3":6.45,"pxa":null,"pxm":null,"napp":0,"nmai":0,"ra":null,"rm":null},"geometry":{"type":"Polygon","coordinates":[[[0.8423,46.8226],[0.8569,46.829],[0.853,46.8514],[0.8649,46.8531],[0.8722,46.8571],[0.8768,46.8663],[0.8843,46.8753],[0.8853,46.8824],[0.908,46.8785],[0.9229,46.8828],[0.924,46.871],[0.9187,46.8574],[0.9257,46.8505],[0.9257,46.8461],[0.9132,46.8361],[0.9156,46.8277],[0.9137,46.8159],[0.8915,46.8163],[0.8881,46.8227],[0.8698,46.8254],[0.8492,46.8219],[0.8423,46.8226]]]}},{"type":"Feature","properties":{"code":"37187","nom":"Ports","app":7.45,"app_bas":5.95,"app_haut":9.33,"app_ech":"maille","app_obs":0,"mai":8.68,"mai_bas":6.78,"mai_haut":11.11,"mai_ech":"maille","mai_obs":13,"a12":10.47,"a3":7.72,"pxa":null,"pxm":null,"napp":0,"nmai":0,"ra":null,"rm":null},"geometry":{"type":"Polygon","coordinates":[[[0.5144,47.017],[0.5285,47.0298],[0.5425,47.0362],[0.5448,47.0309],[0.5632,47.0155],[0.5677,47.0063],[0.5669,47.0025],[0.5557,47.0015],[0.5322,46.9963],[0.5201,47.0061],[0.5055,47.0125],[0.499,47.0124],[0.5144,47.017]]]}},{"type":"Feature","properties":{"code":"37234","nom":"Saint-Quentin-sur-Indrois","app":10.19,"app_bas":7.9,"app_haut":13.14,"app_ech":"maille","app_obs":3,"mai":8.41,"mai_bas":6.6,"mai_haut":10.72,"mai_ech":"maille","mai_obs":17,"a12":12.99,"a3":9.07,"pxa":null,"pxm":null,"napp":0,"nmai":0,"ra":null,"rm":null},"geometry":{"type":"Polygon","coordinates":[[[1.0163,47.1776],[1.0175,47.1829],[1.0031,47.1843],[1.0087,47.1937],[1.0082,47.1998],[1.0136,47.2188],[1.0252,47.2241],[1.0266,47.2293],[1.0111,47.2457],[1.0206,47.2533],[1.0312,47.2433],[1.0445,47.2399],[1.0657,47.2282],[1.0674,47.2177],[1.0748,47.2124],[1.0744,47.2062],[1.0683,47.1995],[1.0576,47.2024],[1.0546,47.19],[1.0469,47.1815],[1.051,47.1791],[1.0359,47.1682],[1.0163,47.1776]]]}},{"type":"Feature","properties":{"code":"37241","nom":"Savigné-sur-Lathan","app":7.73,"app_bas":6.2,"app_haut":9.64,"app_ech":"maille","app_obs":42,"mai":8.14,"mai_bas":6.33,"mai_haut":10.48,"mai_ech":"maille","mai_obs":41,"a12":9.54,"a3":7.94,"pxa":null,"pxm":1083,"napp":1,"nmai":63,"ra":null,"rm":7.87},"geometry":{"type":"Polygon","coordinates":[[[0.3505,47.4179],[0.3433,47.4134],[0.33,47.4141],[0.3272,47.4333],[0.3086,47.4413],[0.2973,47.4521],[0.2917,47.4546],[0.2928,47.4647],[0.3062,47.4674],[0.327,47.4762],[0.3423,47.4747],[0.3492,47.4701],[0.3485,47.4588],[0.3408,47.4457],[0.3456,47.4381],[0.3505,47.4179]]]}},{"type":"Feature","properties":{"code":"37022","nom":"Beaumont-en-Véron","app":9.35,"app_bas":7.22,"app_haut":12.12,"app_ech":"maille","app_obs":16,"mai":9.09,"mai_bas":7.21,"mai_haut":11.47,"mai_ech":"maille","mai_obs":95,"a12":11.35,"a3":8.05,"pxa":null,"pxm":1444,"napp":1,"nmai":85,"ra":null,"rm":6.59},"geometry":{"type":"Polygon","coordinates":[[[0.167,47.1758],[0.1573,47.1792],[0.1387,47.1817],[0.1469,47.1894],[0.1543,47.1882],[0.1607,47.1927],[0.1594,47.1974],[0.1626,47.2165],[0.1769,47.2088],[0.1774,47.2007],[0.1871,47.2025],[0.1884,47.2097],[0.1975,47.2166],[0.2206,47.2185],[0.2182,47.1861],[0.1902,47.173],[0.167,47.1758]]]}},{"type":"Feature","properties":{"code":"37026","nom":"Betz-le-Château","app":8.07,"app_bas":6.07,"app_haut":10.73,"app_ech":"maille","app_obs":0,"mai":7.43,"mai_bas":5.82,"mai_haut":9.48,"mai_ech":"maille","mai_obs":9,"a12":8.45,"a3":6.18,"pxa":null,"pxm":829,"napp":0,"nmai":30,"ra":null,"rm":9.39},"geometry":{"type":"Polygon","coordinates":[[[0.9778,47.0318],[0.9789,47.0279],[0.9931,47.0242],[1.0007,47.0107],[1.0194,47.0036],[1.0218,46.9992],[1.0039,46.9931],[0.9971,46.9778],[0.9929,46.9738],[0.9726,46.9786],[0.9592,46.9764],[0.955,46.9708],[0.928,46.9737],[0.889,46.9714],[0.8955,46.9897],[0.9054,46.9898],[0.9016,47.0063],[0.9051,47.0158],[0.9211,47.0193],[0.9226,47.0288],[0.9441,47.0325],[0.9778,47.0318]]]}},{"type":"Feature","properties":{"code":"37096","nom":"Dierre","app":10.19,"app_bas":7.9,"app_haut":13.14,"app_ech":"maille","app_obs":0,"mai":8.41,"mai_bas":6.6,"mai_haut":10.72,"mai_ech":"maille","mai_obs":16,"a12":11.27,"a3":9.07,"pxa":null,"pxm":null,"napp":0,"nmai":0,"ra":null,"rm":null},"geometry":{"type":"Polygon","coordinates":[[[0.9613,47.3315],[0.9311,47.338],[0.9331,47.3475],[0.946,47.3657],[0.9535,47.3701],[0.9643,47.3734],[0.9835,47.3708],[0.9852,47.3659],[0.9805,47.3658],[0.9695,47.3553],[0.9623,47.3403],[0.9613,47.3315]]]}},{"type":"Feature","properties":{"code":"37233","nom":"Saint-Pierre-des-Corps","app":12.43,"app_bas":10.18,"app_haut":15.19,"app_ech":"commune","app_obs":1061,"mai":11.16,"mai_bas":9.26,"mai_haut":13.45,"mai_ech":"commune","mai_obs":301,"a12":14.63,"a3":10.56,"pxa":1534,"pxm":2409,"napp":199,"nmai":258,"ra":8.26,"rm":4.81},"geometry":{"type":"Polygon","coordinates":[[[0.7295,47.4003],[0.7597,47.4058],[0.7558,47.4001],[0.7635,47.3711],[0.7653,47.3708],[0.7624,47.3696],[0.7413,47.372],[0.7373,47.3767],[0.7265,47.38],[0.7151,47.3772],[0.7038,47.3981],[0.7295,47.4003]]]}},{"type":"Feature","properties":{"code":"37071","nom":"Chezelles","app":8.22,"app_bas":6.55,"app_haut":10.32,"app_ech":"maille","app_obs":0,"mai":8.68,"mai_bas":6.78,"mai_haut":11.11,"mai_ech":"maille","mai_obs":4,"a12":10.47,"a3":6.77,"pxa":null,"pxm":null,"napp":0,"nmai":0,"ra":null,"rm":null},"geometry":{"type":"Polygon","coordinates":[[[0.4196,47.0824],[0.4256,47.0887],[0.4372,47.0884],[0.4403,47.0836],[0.4496,47.0838],[0.4638,47.08],[0.4757,47.0654],[0.475,47.0582],[0.4612,47.0583],[0.4514,47.0519],[0.4362,47.0448],[0.4338,47.0415],[0.4259,47.0441],[0.4132,47.0561],[0.4129,47.0646],[0.4196,47.0824]]]}},{"type":"Feature","properties":{"code":"37183","nom":"Perrusson","app":8.15,"app_bas":6.26,"app_haut":10.6,"app_ech":"maille","app_obs":26,"mai":6.9,"mai_bas":5.24,"mai_haut":9.08,"mai_ech":"maille","mai_obs":46,"a12":10.6,"a3":7.39,"pxa":null,"pxm":1182,"napp":5,"nmai":51,"ra":null,"rm":6.12},"geometry":{"type":"Polygon","coordinates":[[[1.013,47.1159],[1.0209,47.1222],[1.0309,47.1199],[1.038,47.1262],[1.0579,47.1257],[1.0667,47.1234],[1.068,47.1096],[1.0599,47.1117],[1.0467,47.1037],[1.0246,47.093],[1.0154,47.0801],[1.004,47.0594],[0.9953,47.0549],[0.9938,47.0496],[0.9758,47.05],[0.9776,47.0664],[0.9734,47.0772],[0.9638,47.0807],[0.96,47.0861],[0.983,47.1048],[0.993,47.1097],[1.013,47.1159]]]}},{"type":"Feature","properties":{"code":"37087","nom":"Courcoué","app":9.08,"app_bas":7.19,"app_haut":11.45,"app_ech":"maille","app_obs":0,"mai":8.68,"mai_bas":6.78,"mai_haut":11.11,"mai_ech":"maille","mai_obs":9,"a12":10.47,"a3":7.72,"pxa":null,"pxm":null,"napp":0,"nmai":0,"ra":null,"rm":null},"geometry":{"type":"Polygon","coordinates":[[[0.3812,47.0128],[0.3848,47.0241],[0.365,47.0267],[0.3673,47.0352],[0.3657,47.044],[0.375,47.0499],[0.3926,47.0426],[0.4043,47.0422],[0.4259,47.0441],[0.4338,47.0415],[0.4333,47.0293],[0.4293,47.0173],[0.4188,47.0189],[0.4063,47.0178],[0.405,47.0101],[0.399,47.0077],[0.3812,47.0128]]]}},{"type":"Feature","properties":{"code":"37105","nom":"Faye-la-Vineuse","app":7.9,"app_bas":6.38,"app_haut":9.79,"app_ech":"maille","app_obs":7,"mai":7.77,"mai_bas":6.22,"mai_haut":9.72,"mai_ech":"maille","mai_obs":15,"a12":9.98,"a3":6.77,"pxa":null,"pxm":null,"napp":0,"nmai":0,"ra":null,"rm":null},"geometry":{"type":"Polygon","coordinates":[[[0.302,46.9553],[0.3151,46.9632],[0.3283,46.9609],[0.3371,46.9623],[0.34,46.9694],[0.351,46.9775],[0.3799,46.9624],[0.3867,46.9517],[0.3878,46.9437],[0.3838,46.9434],[0.3665,46.9496],[0.3552,46.9442],[0.3481,46.9364],[0.3395,46.9366],[0.3248,46.9307],[0.3112,46.9378],[0.3052,46.9528],[0.302,46.9553]]]}},{"type":"Feature","properties":{"code":"37172","nom":"Notre-Dame-d'Oé","app":12.64,"app_bas":10.57,"app_haut":15.13,"app_ech":"commune","app_obs":132,"mai":11.05,"mai_bas":8.98,"mai_haut":13.59,"mai_ech":"commune","mai_obs":192,"a12":11.51,"a3":9.96,"pxa":null,"pxm":2630,"napp":13,"nmai":79,"ra":null,"rm":4.37},"geometry":{"type":"Polygon","coordinates":[[[0.7329,47.4706],[0.7324,47.4612],[0.7234,47.4504],[0.7104,47.4387],[0.691,47.4391],[0.6865,47.452],[0.6953,47.4561],[0.706,47.4687],[0.717,47.469],[0.7278,47.4727],[0.7329,47.4706]]]}},{"type":"Feature","properties":{"code":"37243","nom":"Savonnières","app":11.09,"app_bas":9.26,"app_haut":13.29,"app_ech":"maille","app_obs":56,"mai":10.32,"mai_bas":8.54,"mai_haut":12.46,"mai_ech":"commune","mai_obs":128,"a12":13.38,"a3":10.34,"pxa":null,"pxm":1668,"napp":7,"nmai":99,"ra":null,"rm":6.48},"geometry":{"type":"Polygon","coordinates":[[[0.5211,47.3533],[0.5426,47.3604],[0.5866,47.3688],[0.5906,47.3646],[0.5913,47.36],[0.5861,47.3436],[0.5791,47.3377],[0.5683,47.3342],[0.5572,47.3219],[0.5378,47.3236],[0.5325,47.3327],[0.5286,47.3487],[0.5211,47.3533]]]}},{"type":"Feature","properties":{"code":"37251","nom":"Souvigné","app":7.73,"app_bas":6.2,"app_haut":9.64,"app_ech":"maille","app_obs":5,"mai":8.91,"mai_bas":7.02,"mai_haut":11.29,"mai_ech":"maille","mai_obs":31,"a12":11.49,"a3":7.94,"pxa":null,"pxm":1233,"napp":0,"nmai":32,"ra":null,"rm":7.57},"geometry":{"type":"Polygon","coordinates":[[[0.3598,47.5061],[0.3615,47.5251],[0.3749,47.5259],[0.3857,47.5319],[0.3975,47.5336],[0.4025,47.5466],[0.4133,47.542],[0.4245,47.5442],[0.4362,47.5502],[0.4213,47.5296],[0.4355,47.5201],[0.4392,47.5147],[0.4393,47.5019],[0.4358,47.493],[0.43,47.4897],[0.4097,47.4957],[0.3983,47.4885],[0.3931,47.4921],[0.3677,47.5041],[0.3598,47.5061]]]}},{"type":"Feature","properties":{"code":"37275","nom":"Villedômain","app":8.15,"app_bas":6.26,"app_haut":10.6,"app_ech":"maille","app_obs":0,"mai":6.28,"mai_bas":4.97,"mai_haut":7.93,"mai_ech":"maille","mai_obs":1,"a12":10.6,"a3":7.33,"pxa":null,"pxm":null,"napp":0,"nmai":0,"ra":null,"rm":null},"geometry":{"type":"Polygon","coordinates":[[[1.2067,47.0283],[1.2131,47.0338],[1.2306,47.0404],[1.2487,47.0526],[1.2656,47.0703],[1.2843,47.0776],[1.2938,47.0723],[1.2892,47.0629],[1.2745,47.0496],[1.2731,47.0378],[1.249,47.0208],[1.2322,47.0141],[1.2231,47.0243],[1.2067,47.0283]]]}},{"type":"Feature","properties":{"code":"37177","nom":"Orbigny","app":8.15,"app_bas":6.26,"app_haut":10.6,"app_ech":"maille","app_obs":2,"mai":6.28,"mai_bas":4.97,"mai_haut":7.93,"mai_ech":"maille","mai_obs":29,"a12":10.6,"a3":6.18,"pxa":null,"pxm":null,"napp":0,"nmai":0,"ra":null,"rm":null},"geometry":{"type":"Polygon","coordinates":[[[1.2441,47.1749],[1.2293,47.1842],[1.2261,47.1904],[1.2083,47.1978],[1.2027,47.2088],[1.1932,47.2149],[1.1856,47.2146],[1.1832,47.2185],[1.194,47.2193],[1.2029,47.223],[1.2117,47.245],[1.233,47.2573],[1.2388,47.2656],[1.2422,47.2757],[1.2578,47.2658],[1.268,47.2562],[1.2769,47.2547],[1.2993,47.2284],[1.3028,47.22],[1.3207,47.1974],[1.322,47.1939],[1.3136,47.185],[1.2966,47.1804],[1.2812,47.1687],[1.2715,47.1658],[1.2441,47.1749]]]}},{"type":"Feature","properties":{"code":"37270","nom":"Vernou-sur-Brenne","app":11.33,"app_bas":9.32,"app_haut":13.78,"app_ech":"commune","app_obs":127,"mai":10.06,"mai_bas":8.33,"mai_haut":12.16,"mai_ech":"commune","mai_obs":116,"a12":12.7,"a3":10.03,"pxa":null,"pxm":2269,"napp":3,"nmai":84,"ra":null,"rm":4.64},"geometry":{"type":"Polygon","coordinates":[[[0.8322,47.3928],[0.8376,47.4096],[0.8365,47.4127],[0.822,47.4206],[0.8157,47.4396],[0.8136,47.4527],[0.8191,47.4605],[0.8225,47.4677],[0.8196,47.4754],[0.821,47.4871],[0.8418,47.4841],[0.8462,47.4658],[0.8467,47.4546],[0.8503,47.4495],[0.8652,47.4412],[0.8596,47.4319],[0.8694,47.4274],[0.8647,47.4216],[0.8648,47.413],[0.8707,47.3975],[0.8426,47.3928],[0.8322,47.3928]]]}},{"type":"Feature","properties":{"code":"37012","nom":"Avon-les-Roches","app":8.85,"app_bas":6.95,"app_haut":11.26,"app_ech":"maille","app_obs":1,"mai":8.68,"mai_bas":6.78,"mai_haut":11.11,"mai_ech":"maille","mai_obs":8,"a12":11.81,"a3":8.44,"pxa":null,"pxm":null,"napp":0,"nmai":0,"ra":null,"rm":null},"geometry":{"type":"Polygon","coordinates":[[[0.4376,47.1365],[0.4385,47.1535],[0.4346,47.1627],[0.4342,47.1736],[0.4282,47.1935],[0.4319,47.2067],[0.4367,47.2151],[0.4618,47.2215],[0.4767,47.2276],[0.4709,47.218],[0.4763,47.2116],[0.4969,47.1992],[0.4898,47.1857],[0.4885,47.1657],[0.4781,47.155],[0.4738,47.1462],[0.4578,47.1449],[0.4376,47.1365]]]}},{"type":"Feature","properties":{"code":"37039","nom":"Bridoré","app":8.15,"app_bas":6.26,"app_haut":10.6,"app_ech":"maille","app_obs":6,"mai":6.9,"mai_bas":5.24,"mai_haut":9.08,"mai_ech":"maille","mai_obs":18,"a12":10.6,"a3":7.39,"pxa":null,"pxm":null,"napp":0,"nmai":0,"ra":null,"rm":null},"geometry":{"type":"Polygon","coordinates":[[[1.0776,47.0158],[1.0567,47.0162],[1.0504,47.0241],[1.0567,47.0434],[1.0653,47.0477],[1.0765,47.0606],[1.0843,47.0626],[1.0965,47.0559],[1.0988,47.0443],[1.1095,47.0349],[1.1103,47.0292],[1.0851,47.0207],[1.0776,47.0158]]]}},{"type":"Feature","properties":{"code":"37075","nom":"Cigogné","app":10.17,"app_bas":8.2,"app_haut":12.61,"app_ech":"maille","app_obs":0,"mai":9.4,"mai_bas":7.47,"mai_haut":11.84,"mai_ech":"maille","mai_obs":20,"a12":12.99,"a3":9.07,"pxa":null,"pxm":null,"napp":0,"nmai":0,"ra":null,"rm":null},"geometry":{"type":"Polygon","coordinates":[[[0.9237,47.2818],[0.9366,47.2947],[0.9521,47.2947],[0.9632,47.289],[0.9556,47.2838],[0.9699,47.275],[0.976,47.2684],[0.9721,47.2527],[0.9855,47.2512],[0.9603,47.2446],[0.9579,47.2416],[0.9486,47.2398],[0.9353,47.2454],[0.9102,47.2497],[0.9069,47.264],[0.9169,47.2763],[0.9237,47.2818]]]}},{"type":"Feature","properties":{"code":"37082","nom":"Continvoir","app":7.73,"app_bas":6.2,"app_haut":9.64,"app_ech":"maille","app_obs":16,"mai":8.14,"mai_bas":6.33,"mai_haut":10.48,"mai_ech":"maille","mai_obs":13,"a12":9.54,"a3":7.3,"pxa":null,"pxm":null,"napp":0,"nmai":0,"ra":null,"rm":null},"geometry":{"type":"Polygon","coordinates":[[[0.1959,47.3492],[0.2056,47.3548],[0.1994,47.3652],[0.1991,47.3778],[0.2048,47.3852],[0.214,47.3904],[0.2134,47.3997],[0.2063,47.4069],[0.2087,47.4141],[0.2055,47.4248],[0.2147,47.428],[0.2314,47.4246],[0.2434,47.4089],[0.2468,47.399],[0.2356,47.3886],[0.2416,47.3802],[0.2521,47.3791],[0.2598,47.3654],[0.2728,47.3625],[0.2886,47.3505],[0.2842,47.3441],[0.2858,47.3381],[0.281,47.331],[0.2703,47.3254],[0.257,47.3224],[0.2534,47.328],[0.2454,47.3343],[0.2327,47.336],[0.2236,47.3328],[0.2031,47.3396],[0.1952,47.3483],[0.1959,47.3492]]]}},{"type":"Feature","properties":{"code":"37128","nom":"Lignières-de-Touraine","app":10.32,"app_bas":8.1,"app_haut":13.16,"app_ech":"maille","app_obs":18,"mai":8.96,"mai_bas":6.95,"mai_haut":11.55,"mai_ech":"maille","mai_obs":58,"a12":11.66,"a3":7.94,"pxa":null,"pxm":1592,"napp":1,"nmai":43,"ra":null,"rm":5.9},"geometry":{"type":"Polygon","coordinates":[[[0.3866,47.2821],[0.3824,47.2911],[0.4033,47.3025],[0.4108,47.3031],[0.4377,47.3109],[0.4454,47.3095],[0.446,47.293],[0.434,47.2869],[0.4237,47.2841],[0.3866,47.2821]]]}},{"type":"Feature","properties":{"code":"37218","nom":"Saint-Flovier","app":8.07,"app_bas":6.07,"app_haut":10.73,"app_ech":"maille","app_obs":1,"mai":6.31,"mai_bas":5.05,"mai_haut":7.88,"mai_ech":"maille","mai_obs":40,"a12":8.45,"a3":6.18,"pxa":null,"pxm":741,"napp":0,"nmai":37,"ra":null,"rm":8.92},"geometry":{"type":"Polygon","coordinates":[[[1.0218,46.9992],[1.0325,46.9997],[1.0564,46.9964],[1.0558,46.9853],[1.0499,46.9806],[1.0599,46.972],[1.0635,46.9573],[1.0546,46.9487],[1.0374,46.9421],[1.032,46.9487],[1.0251,46.9509],[0.9865,46.9551],[0.9804,46.9649],[0.9718,46.9658],[0.959,46.9651],[0.955,46.9708],[0.9592,46.9764],[0.9726,46.9786],[0.9929,46.9738],[0.9971,46.9778],[1.0039,46.9931],[1.0218,46.9992]]]}},{"type":"Feature","properties":{"code":"37232","nom":"Saint-Patrice","app":10.32,"app_bas":8.1,"app_haut":13.16,"app_ech":"maille","app_obs":21,"mai":8,"mai_bas":6.32,"mai_haut":10.13,"mai_ech":"maille","mai_obs":45,"a12":11.66,"a3":7.94,"pxa":null,"pxm":1288,"napp":1,"nmai":69,"ra":null,"rm":6.51},"geometry":{"type":"Polygon","coordinates":[[[0.28,47.2717],[0.2793,47.2847],[0.2877,47.3247],[0.2984,47.3192],[0.295,47.312],[0.3011,47.309],[0.3113,47.313],[0.3205,47.3123],[0.3197,47.3017],[0.3367,47.2901],[0.3146,47.2736],[0.2904,47.2631],[0.2804,47.2624],[0.28,47.2717]]]}},{"type":"Feature","properties":{"code":"37079","nom":"Civray-de-Touraine","app":10.72,"app_bas":8.68,"app_haut":13.24,"app_ech":"maille","app_obs":11,"mai":9.77,"mai_bas":7.98,"mai_haut":11.96,"mai_ech":"maille","mai_obs":35,"a12":12.99,"a3":9.07,"pxa":null,"pxm":1623,"napp":1,"nmai":65,"ra":null,"rm":6.31},"geometry":{"type":"Polygon","coordinates":[[[1.0038,47.3286],[1.0199,47.3536],[1.0249,47.3641],[1.0325,47.3675],[1.0489,47.3679],[1.0589,47.3727],[1.0707,47.3703],[1.0777,47.3642],[1.0657,47.3483],[1.0609,47.3368],[1.06,47.3228],[1.0506,47.3244],[1.0452,47.312],[1.0497,47.3057],[1.0328,47.2921],[1.0255,47.304],[1.0249,47.3127],[1.028,47.328],[1.0038,47.3286]]]}},{"type":"Feature","properties":{"code":"37119","nom":"Île-Bouchard","app":8.74,"app_bas":6.96,"app_haut":10.97,"app_ech":"commune","app_obs":134,"mai":8.68,"mai_bas":6.78,"mai_haut":11.11,"mai_ech":"maille","mai_obs":70,"a12":10.47,"a3":7.72,"pxa":null,"pxm":1194,"napp":4,"nmai":62,"ra":null,"rm":7.62},"geometry":{"type":"Polygon","coordinates":[[[0.412,47.117],[0.4021,47.1235],[0.4213,47.1298],[0.4218,47.1348],[0.4324,47.1342],[0.4267,47.128],[0.4367,47.1247],[0.4352,47.1189],[0.4278,47.1113],[0.412,47.117]]]}},{"type":"Feature","properties":{"code":"37189","nom":"Preuilly-sur-Claise","app":7.45,"app_bas":5.95,"app_haut":9.33,"app_ech":"maille","app_obs":62,"mai":6.31,"mai_bas":5.05,"mai_haut":7.88,"mai_ech":"maille","mai_obs":52,"a12":9.73,"a3":7.39,"pxa":null,"pxm":608,"napp":6,"nmai":70,"ra":null,"rm":10.87},"geometry":{"type":"Polygon","coordinates":[[[0.9229,46.8828],[0.9401,46.8836],[0.9523,46.877],[0.9338,46.8497],[0.9445,46.8377],[0.9396,46.8234],[0.9293,46.8188],[0.9137,46.8159],[0.9156,46.8277],[0.9132,46.8361],[0.9257,46.8461],[0.9257,46.8505],[0.9187,46.8574],[0.924,46.871],[0.9229,46.8828]]]}},{"type":"Feature","properties":{"code":"37161","nom":"Mosnes","app":10.19,"app_bas":7.9,"app_haut":13.14,"app_ech":"maille","app_obs":17,"mai":8.28,"mai_bas":6.62,"mai_haut":10.35,"mai_ech":"maille","mai_obs":40,"a12":11.27,"a3":7.5,"pxa":null,"pxm":1761,"napp":0,"nmai":40,"ra":null,"rm":4.93},"geometry":{"type":"Polygon","coordinates":[[[1.064,47.4484],[1.0871,47.4618],[1.1129,47.4659],[1.1254,47.4519],[1.1334,47.449],[1.1324,47.4465],[1.1127,47.4287],[1.1014,47.4302],[1.0781,47.4298],[1.0728,47.4354],[1.064,47.4484]]]}},{"type":"Feature","properties":{"code":"37168","nom":"Neuilly-le-Brignon","app":9.08,"app_bas":7.19,"app_haut":11.45,"app_ech":"maille","app_obs":0,"mai":7.62,"mai_bas":6.01,"mai_haut":9.66,"mai_ech":"maille","mai_obs":12,"a12":11.22,"a3":7.39,"pxa":null,"pxm":null,"napp":0,"nmai":0,"ra":null,"rm":null},"geometry":{"type":"Polygon","coordinates":[[[0.787,47],[0.8013,46.9926],[0.8024,46.9863],[0.798,46.9799],[0.8026,46.967],[0.7974,46.9645],[0.7997,46.9578],[0.8082,46.953],[0.8209,46.9492],[0.8165,46.9398],[0.8067,46.9389],[0.7866,46.9434],[0.7833,46.9495],[0.7663,46.9507],[0.7618,46.9631],[0.7522,46.9701],[0.7472,46.9761],[0.7461,46.9835],[0.7529,46.992],[0.7635,46.9963],[0.787,47]]]}},{"type":"Feature","properties":{"code":"37238","nom":"Saint-Senoch","app":8.07,"app_bas":6.07,"app_haut":10.73,"app_ech":"maille","app_obs":1,"mai":7.43,"mai_bas":5.82,"mai_haut":9.48,"mai_ech":"maille","mai_obs":22,"a12":8.45,"a3":7.39,"pxa":null,"pxm":null,"napp":0,"nmai":0,"ra":null,"rm":null},"geometry":{"type":"Polygon","coordinates":[[[0.9347,47.084],[0.9532,47.0888],[0.96,47.0861],[0.9638,47.0807],[0.9734,47.0772],[0.9776,47.0664],[0.9758,47.05],[0.9938,47.0496],[0.9943,47.0417],[0.9851,47.0341],[0.9778,47.0318],[0.9441,47.0325],[0.9226,47.0288],[0.9309,47.0377],[0.9312,47.0419],[0.9195,47.0504],[0.9213,47.0642],[0.9287,47.0668],[0.9313,47.074],[0.9284,47.0808],[0.9347,47.084]]]}},{"type":"Feature","properties":{"code":"37147","nom":"Marcilly-sur-Vienne","app":9.08,"app_bas":7.19,"app_haut":11.45,"app_ech":"maille","app_obs":1,"mai":8.68,"mai_bas":6.78,"mai_haut":11.11,"mai_ech":"maille","mai_obs":21,"a12":10.47,"a3":8.44,"pxa":null,"pxm":null,"napp":0,"nmai":0,"ra":null,"rm":null},"geometry":{"type":"Polygon","coordinates":[[[0.5144,47.017],[0.5035,47.0198],[0.5134,47.0286],[0.5091,47.0372],[0.5033,47.0352],[0.5042,47.0405],[0.5168,47.051],[0.5279,47.0696],[0.5389,47.0773],[0.5457,47.0724],[0.5469,47.0645],[0.5416,47.0399],[0.5425,47.0362],[0.5285,47.0298],[0.5144,47.017]]]}},{"type":"Feature","properties":{"code":"37213","nom":"Saint-Christophe-sur-le-Nais","app":9.55,"app_bas":7.17,"app_haut":12.71,"app_ech":"maille","app_obs":11,"mai":8.91,"mai_bas":7.02,"mai_haut":11.29,"mai_ech":"maille","mai_obs":41,"a12":9.54,"a3":7.3,"pxa":null,"pxm":1192,"napp":1,"nmai":30,"ra":null,"rm":7.83},"geometry":{"type":"Polygon","coordinates":[[[0.4317,47.6183],[0.4499,47.6193],[0.4552,47.627],[0.4534,47.6329],[0.4619,47.6434],[0.4761,47.648],[0.4798,47.6433],[0.4984,47.6448],[0.507,47.6314],[0.5038,47.6283],[0.5065,47.609],[0.5012,47.6063],[0.4835,47.6098],[0.4544,47.6091],[0.4211,47.601],[0.4317,47.6183]]]}},{"type":"Feature","properties":{"code":"37109","nom":"Fondettes","app":12.32,"app_bas":10.6,"app_haut":14.32,"app_ech":"commune","app_obs":482,"mai":11.82,"mai_bas":9.62,"mai_haut":14.52,"mai_ech":"commune","mai_obs":405,"a12":15,"a3":11.59,"pxa":2914,"pxm":2563,"napp":36,"nmai":295,"ra":4.32,"rm":4.74},"geometry":{"type":"Polygon","coordinates":[[[0.5665,47.4346],[0.5749,47.4291],[0.5908,47.4328],[0.5827,47.4481],[0.6041,47.4466],[0.6067,47.4435],[0.6356,47.4273],[0.6343,47.4208],[0.6377,47.4087],[0.6528,47.3988],[0.6479,47.3916],[0.5766,47.3771],[0.5707,47.3875],[0.5783,47.3964],[0.5767,47.4056],[0.5565,47.4249],[0.5541,47.4306],[0.5665,47.4346]]]}},{"type":"Feature","properties":{"code":"37091","nom":"Croix-en-Touraine","app":10.72,"app_bas":8.68,"app_haut":13.24,"app_ech":"maille","app_obs":36,"mai":8.41,"mai_bas":6.6,"mai_haut":10.72,"mai_ech":"maille","mai_obs":85,"a12":12.99,"a3":9.07,"pxa":null,"pxm":1751,"napp":2,"nmai":94,"ra":null,"rm":5.03},"geometry":{"type":"Polygon","coordinates":[[[0.9613,47.3315],[0.9623,47.3403],[0.9695,47.3553],[0.9805,47.3658],[0.9852,47.3659],[0.9938,47.3711],[1.0043,47.3712],[1.0095,47.3677],[1.0203,47.3672],[1.0249,47.3641],[1.0199,47.3536],[1.0038,47.3286],[0.9916,47.3311],[0.9613,47.3315]]]}},{"type":"Feature","properties":{"code":"37186","nom":"Pont-de-Ruan","app":10.57,"app_bas":8.99,"app_haut":12.43,"app_ech":"maille","app_obs":3,"mai":9.01,"mai_bas":7.18,"mai_haut":11.31,"mai_ech":"maille","mai_obs":53,"a12":13.38,"a3":9.09,"pxa":null,"pxm":2084,"napp":0,"nmai":38,"ra":null,"rm":4.53},"geometry":{"type":"Polygon","coordinates":[[[0.5742,47.2439],[0.5697,47.2589],[0.5537,47.2622],[0.541,47.2682],[0.5388,47.2753],[0.5462,47.278],[0.5505,47.2757],[0.5732,47.2767],[0.5775,47.2602],[0.5866,47.2551],[0.5874,47.251],[0.5742,47.2439]]]}},{"type":"Feature","properties":{"code":"37269","nom":"Verneuil-sur-Indre","app":8.15,"app_bas":6.26,"app_haut":10.6,"app_ech":"maille","app_obs":0,"mai":7.43,"mai_bas":5.82,"mai_haut":9.48,"mai_ech":"maille","mai_obs":19,"a12":10.6,"a3":7.39,"pxa":null,"pxm":null,"napp":0,"nmai":0,"ra":null,"rm":null},"geometry":{"type":"Polygon","coordinates":[[[1.0218,46.9992],[1.0194,47.0036],[1.0007,47.0107],[0.9931,47.0242],[0.9789,47.0279],[0.9778,47.0318],[0.9851,47.0341],[0.9943,47.0417],[0.9938,47.0496],[0.9953,47.0549],[1.004,47.0594],[1.0064,47.056],[1.0219,47.066],[1.0353,47.0669],[1.0479,47.0712],[1.0583,47.0823],[1.0674,47.0795],[1.0809,47.0715],[1.0843,47.0626],[1.0765,47.0606],[1.0653,47.0477],[1.0567,47.0434],[1.0504,47.0241],[1.0567,47.0162],[1.0776,47.0158],[1.0702,47.0006],[1.0564,46.9964],[1.0325,46.9997],[1.0218,46.9992]]]}},{"type":"Feature","properties":{"code":"37019","nom":"Barrou","app":7.45,"app_bas":5.95,"app_haut":9.33,"app_ech":"maille","app_obs":1,"mai":7.28,"mai_bas":5.7,"mai_haut":9.28,"mai_ech":"maille","mai_obs":47,"a12":9.73,"a3":6.77,"pxa":null,"pxm":null,"napp":0,"nmai":0,"ra":null,"rm":null},"geometry":{"type":"Polygon","coordinates":[[[0.7664,46.8558],[0.7725,46.8623],[0.765,46.8654],[0.7594,46.862],[0.7509,46.8635],[0.7435,46.8716],[0.7482,46.8811],[0.7401,46.8866],[0.7237,46.9065],[0.7336,46.9095],[0.7347,46.9136],[0.7464,46.915],[0.7605,46.9141],[0.7632,46.9107],[0.7789,46.9065],[0.7873,46.8957],[0.8071,46.8879],[0.8145,46.8889],[0.8152,46.8763],[0.8247,46.8645],[0.8185,46.8571],[0.8101,46.857],[0.7966,46.8473],[0.7903,46.8524],[0.7688,46.8507],[0.7664,46.8558]]]}},{"type":"Feature","properties":{"code":"37038","nom":"Bréhémont","app":10.32,"app_bas":8.1,"app_haut":13.16,"app_ech":"maille","app_obs":3,"mai":8.96,"mai_bas":6.95,"mai_haut":11.55,"mai_ech":"maille","mai_obs":16,"a12":11.66,"a3":7.94,"pxa":null,"pxm":1177,"napp":0,"nmai":30,"ra":null,"rm":7.97},"geometry":{"type":"Polygon","coordinates":[[[0.392,47.3147],[0.4033,47.3025],[0.3824,47.2911],[0.3866,47.2821],[0.3931,47.2749],[0.3907,47.2739],[0.3806,47.2766],[0.3737,47.2836],[0.3567,47.2831],[0.333,47.2701],[0.3271,47.2632],[0.3146,47.2736],[0.3367,47.2901],[0.3532,47.2988],[0.3683,47.3021],[0.392,47.3147]]]}},{"type":"Feature","properties":{"code":"37072","nom":"Chinon","app":10.81,"app_bas":8.45,"app_haut":13.84,"app_ech":"commune","app_obs":1198,"mai":7.83,"mai_bas":6.07,"mai_haut":10.1,"mai_ech":"commune","mai_obs":318,"a12":12.2,"a3":9.77,"pxa":1592,"pxm":1601,"napp":107,"nmai":282,"ra":7.08,"rm":5.12},"geometry":{"type":"Polygon","coordinates":[[[0.2199,47.2074],[0.2286,47.207],[0.2557,47.2011],[0.277,47.2009],[0.2878,47.1829],[0.2976,47.1753],[0.2897,47.1632],[0.2828,47.1468],[0.2566,47.1537],[0.252,47.1515],[0.2422,47.1321],[0.2397,47.1309],[0.2122,47.1426],[0.2113,47.1541],[0.2079,47.1637],[0.1904,47.167],[0.1902,47.173],[0.2182,47.1861],[0.2199,47.2074]]]}},{"type":"Feature","properties":{"code":"37134","nom":"Louans","app":9.89,"app_bas":8.05,"app_haut":12.15,"app_ech":"maille","app_obs":0,"mai":9.31,"mai_bas":7.44,"mai_haut":11.66,"mai_ech":"maille","mai_obs":26,"a12":12.94,"a3":9.07,"pxa":null,"pxm":null,"napp":0,"nmai":0,"ra":null,"rm":null},"geometry":{"type":"Polygon","coordinates":[[[0.7087,47.1615],[0.7019,47.1592],[0.6818,47.1583],[0.69,47.1707],[0.7218,47.1836],[0.736,47.1973],[0.7534,47.2025],[0.7751,47.1976],[0.7769,47.1837],[0.7938,47.1836],[0.7843,47.1787],[0.77,47.1761],[0.7522,47.1682],[0.7376,47.1676],[0.7273,47.164],[0.7202,47.1664],[0.7087,47.1615]]]}},{"type":"Feature","properties":{"code":"37136","nom":"Louroux","app":9.89,"app_bas":8.05,"app_haut":12.15,"app_ech":"maille","app_obs":0,"mai":9.31,"mai_bas":7.44,"mai_haut":11.66,"mai_ech":"maille","mai_obs":16,"a12":11.22,"a3":9.07,"pxa":null,"pxm":null,"napp":0,"nmai":0,"ra":null,"rm":null},"geometry":{"type":"Polygon","coordinates":[[[0.7139,47.1309],[0.7081,47.1468],[0.7118,47.1569],[0.7087,47.1615],[0.7202,47.1664],[0.7273,47.164],[0.7376,47.1676],[0.7522,47.1682],[0.77,47.1761],[0.7843,47.1787],[0.7938,47.1836],[0.8172,47.1791],[0.8284,47.1745],[0.7999,47.1578],[0.7942,47.1479],[0.7813,47.1397],[0.7764,47.139],[0.7569,47.1301],[0.743,47.1363],[0.728,47.1348],[0.7139,47.1309]]]}},{"type":"Feature","properties":{"code":"37188","nom":"Pouzay","app":8.85,"app_bas":6.95,"app_haut":11.26,"app_ech":"maille","app_obs":1,"mai":8.68,"mai_bas":6.78,"mai_haut":11.11,"mai_ech":"maille","mai_obs":52,"a12":10.47,"a3":8.44,"pxa":null,"pxm":null,"napp":0,"nmai":0,"ra":null,"rm":null},"geometry":{"type":"Polygon","coordinates":[[[0.5854,47.0826],[0.5921,47.0786],[0.5784,47.068],[0.5599,47.0616],[0.5469,47.0645],[0.5457,47.0724],[0.5389,47.0773],[0.5279,47.0696],[0.5201,47.0733],[0.5171,47.0847],[0.5109,47.089],[0.5346,47.1115],[0.5383,47.1124],[0.541,47.1098],[0.5465,47.1003],[0.5514,47.0855],[0.5706,47.0793],[0.5854,47.0826]]]}},{"type":"Feature","properties":{"code":"37220","nom":"Saint-Germain-sur-Vienne","app":9.04,"app_bas":7.07,"app_haut":11.54,"app_ech":"maille","app_obs":0,"mai":7.36,"mai_bas":5.71,"mai_haut":9.47,"mai_ech":"maille","mai_obs":7,"a12":10.28,"a3":6.86,"pxa":null,"pxm":null,"napp":0,"nmai":0,"ra":null,"rm":null},"geometry":{"type":"Polygon","coordinates":[[[0.1387,47.1817],[0.1573,47.1792],[0.1514,47.1719],[0.1343,47.1738],[0.1146,47.1628],[0.1024,47.1613],[0.0981,47.1666],[0.0823,47.1729],[0.0809,47.1845],[0.0958,47.1941],[0.0947,47.2009],[0.0954,47.2058],[0.1213,47.1935],[0.1263,47.1861],[0.1387,47.1817]]]}},{"type":"Feature","properties":{"code":"37245","nom":"Semblançay","app":9.9,"app_bas":8.14,"app_haut":12.04,"app_ech":"maille","app_obs":33,"mai":11.78,"mai_bas":9.3,"mai_haut":14.92,"mai_ech":"maille","mai_obs":57,"a12":11.82,"a3":9.15,"pxa":null,"pxm":1980,"napp":1,"nmai":50,"ra":null,"rm":6.12},"geometry":{"type":"Polygon","coordinates":[[[0.5308,47.5132],[0.5398,47.5284],[0.5468,47.5352],[0.5572,47.5395],[0.5714,47.5272],[0.5863,47.5326],[0.5981,47.5391],[0.6056,47.53],[0.6134,47.5301],[0.6135,47.5188],[0.5944,47.5083],[0.6061,47.4923],[0.5898,47.4889],[0.5641,47.4704],[0.568,47.4654],[0.5567,47.4632],[0.5317,47.4757],[0.5177,47.4843],[0.527,47.4957],[0.5308,47.5132]]]}},{"type":"Feature","properties":{"code":"37278","nom":"Villeperdue","app":8.85,"app_bas":6.95,"app_haut":11.26,"app_ech":"maille","app_obs":44,"mai":9.01,"mai_bas":7.18,"mai_haut":11.31,"mai_ech":"maille","mai_obs":71,"a12":11.22,"a3":7.72,"pxa":null,"pxm":2145,"napp":2,"nmai":38,"ra":null,"rm":4.4},"geometry":{"type":"Polygon","coordinates":[[[0.6486,47.2258],[0.6591,47.2025],[0.6621,47.1855],[0.6578,47.178],[0.6523,47.1818],[0.6291,47.1845],[0.6121,47.1848],[0.6098,47.1918],[0.6146,47.2081],[0.6239,47.2094],[0.6333,47.2057],[0.6382,47.2083],[0.6391,47.2169],[0.6486,47.2258]]]}},{"type":"Feature","properties":{"code":"37117","nom":"Hommes","app":8.4,"app_bas":6.51,"app_haut":10.82,"app_ech":"maille","app_obs":3,"mai":8.14,"mai_bas":6.33,"mai_haut":10.48,"mai_ech":"maille","mai_obs":38,"a12":9.54,"a3":7.94,"pxa":null,"pxm":null,"napp":0,"nmai":0,"ra":null,"rm":null},"geometry":{"type":"Polygon","coordinates":[[[0.2314,47.4246],[0.2454,47.4266],[0.2529,47.4303],[0.2688,47.4524],[0.2767,47.4494],[0.2917,47.4546],[0.2973,47.4521],[0.3086,47.4413],[0.3272,47.4333],[0.33,47.4141],[0.3177,47.4062],[0.2949,47.4036],[0.2727,47.3963],[0.2468,47.399],[0.2434,47.4089],[0.2314,47.4246]]]}},{"type":"Feature","properties":{"code":"37167","nom":"Neuillé-Pont-Pierre","app":10.63,"app_bas":8.74,"app_haut":12.92,"app_ech":"commune","app_obs":164,"mai":10.42,"mai_bas":8.23,"mai_haut":13.2,"mai_ech":"commune","mai_obs":154,"a12":11.49,"a3":9.64,"pxa":null,"pxm":1773,"napp":11,"nmai":48,"ra":null,"rm":6.16},"geometry":{"type":"Polygon","coordinates":[[[0.6041,47.5665],[0.6072,47.5651],[0.6143,47.5497],[0.6094,47.5416],[0.5981,47.5391],[0.5863,47.5326],[0.5714,47.5272],[0.5572,47.5395],[0.5468,47.5352],[0.5398,47.5284],[0.5308,47.5132],[0.5144,47.5193],[0.5076,47.5304],[0.5013,47.5337],[0.4948,47.5439],[0.4956,47.5499],[0.5163,47.573],[0.5274,47.5799],[0.5412,47.5779],[0.5626,47.5778],[0.5726,47.5723],[0.5788,47.5658],[0.5937,47.5684],[0.6041,47.5665]]]}},{"type":"Feature","properties":{"code":"37052","nom":"Chançay","app":11.37,"app_bas":9.37,"app_haut":13.79,"app_ech":"maille","app_obs":2,"mai":9.84,"mai_bas":8.15,"mai_haut":11.88,"mai_ech":"maille","mai_obs":38,"a12":12.7,"a3":10.03,"pxa":null,"pxm":1871,"napp":0,"nmai":35,"ra":null,"rm":5.51},"geometry":{"type":"Polygon","coordinates":[[[0.8462,47.4658],[0.86,47.4673],[0.8745,47.4625],[0.8917,47.4643],[0.9021,47.4614],[0.9192,47.454],[0.9158,47.4522],[0.9171,47.4416],[0.9046,47.4407],[0.8859,47.4348],[0.8694,47.4274],[0.8596,47.4319],[0.8652,47.4412],[0.8503,47.4495],[0.8467,47.4546],[0.8462,47.4658]]]}},{"type":"Feature","properties":{"code":"37203","nom":"Rochecorbon","app":13.04,"app_bas":10.88,"app_haut":15.63,"app_ech":"commune","app_obs":143,"mai":10.21,"mai_bas":8.13,"mai_haut":12.83,"mai_ech":"maille","mai_obs":63,"a12":12.7,"a3":9.96,"pxa":null,"pxm":2604,"napp":9,"nmai":126,"ra":null,"rm":4.11},"geometry":{"type":"Polygon","coordinates":[[[0.7295,47.4003],[0.7268,47.4066],[0.7343,47.4289],[0.7488,47.4333],[0.7625,47.4449],[0.769,47.4623],[0.768,47.4651],[0.7933,47.4669],[0.7869,47.4535],[0.7912,47.4442],[0.776,47.4393],[0.7717,47.4345],[0.7803,47.4082],[0.7597,47.4058],[0.7295,47.4003]]]}},{"type":"Feature","properties":{"code":"37009","nom":"Autrèche","app":10.27,"app_bas":8.82,"app_haut":11.96,"app_ech":"maille","app_obs":0,"mai":8.28,"mai_bas":6.62,"mai_haut":10.35,"mai_ech":"maille","mai_obs":8,"a12":11.27,"a3":7.5,"pxa":null,"pxm":null,"napp":0,"nmai":0,"ra":null,"rm":null},"geometry":{"type":"Polygon","coordinates":[[[1.0371,47.5087],[1.0212,47.5024],[1.0046,47.4997],[0.999,47.4962],[0.9926,47.5066],[0.9778,47.5139],[0.9655,47.5142],[0.965,47.5281],[0.9709,47.5353],[0.9778,47.5362],[0.9875,47.5465],[1.014,47.5466],[1.0172,47.5331],[1.0244,47.5358],[1.0358,47.5278],[1.0424,47.51],[1.0371,47.5087]]]}},{"type":"Feature","properties":{"code":"37027","nom":"Bléré","app":11.47,"app_bas":8.89,"app_haut":14.8,"app_ech":"commune","app_obs":345,"mai":9.22,"mai_bas":7.25,"mai_haut":11.72,"mai_ech":"commune","mai_obs":274,"a12":13.26,"a3":8.84,"pxa":null,"pxm":2084,"napp":23,"nmai":194,"ra":null,"rm":4.63},"geometry":{"type":"Polygon","coordinates":[[[1.0038,47.3286],[1.028,47.328],[1.0249,47.3127],[1.0255,47.304],[1.0328,47.2921],[1.0244,47.2847],[1.0197,47.2703],[1.0117,47.2681],[1.0072,47.2806],[0.9961,47.2836],[0.9885,47.2909],[0.9723,47.2957],[0.9632,47.289],[0.9521,47.2947],[0.9421,47.2942],[0.9364,47.3043],[0.9445,47.3213],[0.9469,47.334],[0.9613,47.3315],[0.9916,47.3311],[1.0038,47.3286]]]}},{"type":"Feature","properties":{"code":"37262","nom":"Trogues","app":8.85,"app_bas":6.95,"app_haut":11.26,"app_ech":"maille","app_obs":1,"mai":8.68,"mai_bas":6.78,"mai_haut":11.11,"mai_ech":"maille","mai_obs":18,"a12":11.81,"a3":8.44,"pxa":null,"pxm":null,"napp":0,"nmai":0,"ra":null,"rm":null},"geometry":{"type":"Polygon","coordinates":[[[0.4971,47.1334],[0.5106,47.1265],[0.5321,47.1184],[0.5383,47.1124],[0.5346,47.1115],[0.5109,47.089],[0.4941,47.102],[0.492,47.1119],[0.4873,47.115],[0.4977,47.1304],[0.4971,47.1334]]]}},{"type":"Feature","properties":{"code":"37268","nom":"Verneuil-le-Château","app":8.22,"app_bas":6.55,"app_haut":10.32,"app_ech":"maille","app_obs":0,"mai":8.68,"mai_bas":6.78,"mai_haut":11.11,"mai_ech":"maille","mai_obs":4,"a12":9.98,"a3":6.77,"pxa":null,"pxm":null,"napp":0,"nmai":0,"ra":null,"rm":null},"geometry":{"type":"Polygon","coordinates":[[[0.4338,47.0415],[0.4362,47.0448],[0.4514,47.0519],[0.4612,47.0583],[0.475,47.0582],[0.4805,47.0362],[0.4746,47.0362],[0.4423,47.0275],[0.4333,47.0293],[0.4338,47.0415]]]}},{"type":"Feature","properties":{"code":"37056","nom":"Chapelle-aux-Naux","app":10.32,"app_bas":8.1,"app_haut":13.16,"app_ech":"maille","app_obs":2,"mai":8,"mai_bas":6.32,"mai_haut":10.13,"mai_ech":"maille","mai_obs":9,"a12":11.81,"a3":9.09,"pxa":null,"pxm":null,"napp":0,"nmai":0,"ra":null,"rm":null},"geometry":{"type":"Polygon","coordinates":[[[0.4418,47.323],[0.4452,47.3178],[0.4377,47.3109],[0.4108,47.3031],[0.4033,47.3025],[0.392,47.3147],[0.4037,47.319],[0.4418,47.323]]]}},{"type":"Feature","properties":{"code":"37074","nom":"Chouzé-sur-Loire","app":9.04,"app_bas":7.07,"app_haut":11.54,"app_ech":"maille","app_obs":47,"mai":9.09,"mai_bas":7.21,"mai_haut":11.47,"mai_ech":"maille","mai_obs":76,"a12":9.54,"a3":6.86,"pxa":null,"pxm":1351,"napp":0,"nmai":88,"ra":null,"rm":7.05},"geometry":{"type":"Polygon","coordinates":[[[0.0725,47.2199],[0.0736,47.2369],[0.0679,47.2473],[0.0748,47.248],[0.0801,47.2717],[0.0886,47.2754],[0.1058,47.272],[0.1265,47.2632],[0.138,47.2611],[0.1531,47.2551],[0.164,47.2556],[0.1609,47.2363],[0.1535,47.2369],[0.134,47.2353],[0.123,47.2316],[0.0917,47.2182],[0.0745,47.2144],[0.0725,47.2199]]]}},{"type":"Feature","properties":{"code":"37089","nom":"Cravant-les-Côteaux","app":9.35,"app_bas":7.22,"app_haut":12.12,"app_ech":"maille","app_obs":11,"mai":7.58,"mai_bas":5.89,"mai_haut":9.76,"mai_ech":"maille","mai_obs":15,"a12":11.66,"a3":8.05,"pxa":null,"pxm":null,"napp":0,"nmai":0,"ra":null,"rm":null},"geometry":{"type":"Polygon","coordinates":[[[0.3938,47.2012],[0.376,47.1673],[0.3774,47.1511],[0.3687,47.142],[0.3657,47.1355],[0.3317,47.1409],[0.3098,47.1456],[0.2901,47.1457],[0.2828,47.1468],[0.2897,47.1632],[0.2976,47.1753],[0.3038,47.17],[0.314,47.1766],[0.3159,47.1944],[0.334,47.1947],[0.3584,47.1969],[0.3651,47.2035],[0.3938,47.2012]]]}},{"type":"Feature","properties":{"code":"37141","nom":"Luzillé","app":10.19,"app_bas":7.9,"app_haut":13.14,"app_ech":"maille","app_obs":1,"mai":8.41,"mai_bas":6.6,"mai_haut":10.72,"mai_ech":"maille","mai_obs":50,"a12":11.27,"a3":7.5,"pxa":null,"pxm":1556,"napp":0,"nmai":33,"ra":null,"rm":5.66},"geometry":{"type":"Polygon","coordinates":[[[1.0953,47.2892],[1.1027,47.2647],[1.1123,47.2532],[1.1102,47.2467],[1.0731,47.2262],[1.0657,47.2282],[1.0445,47.2399],[1.0312,47.2433],[1.0206,47.2533],[1.0117,47.2681],[1.0197,47.2703],[1.0244,47.2847],[1.0497,47.3057],[1.0543,47.3023],[1.0897,47.2932],[1.0953,47.2892]]]}},{"type":"Feature","properties":{"code":"37273","nom":"Ville-aux-Dames","app":13.21,"app_bas":10.8,"app_haut":16.15,"app_ech":"commune","app_obs":126,"mai":11.28,"mai_bas":9.36,"mai_haut":13.6,"mai_ech":"commune","mai_obs":217,"a12":14.77,"a3":11.48,"pxa":null,"pxm":2500,"napp":16,"nmai":165,"ra":null,"rm":4.67},"geometry":{"type":"Polygon","coordinates":[[[0.7803,47.4082],[0.791,47.4049],[0.791,47.388],[0.7887,47.3743],[0.7833,47.3767],[0.7677,47.3786],[0.7653,47.3708],[0.7635,47.3711],[0.7558,47.4001],[0.7597,47.4058],[0.7803,47.4082]]]}},{"type":"Feature","properties":{"code":"37149","nom":"Marray","app":8.61,"app_bas":7.03,"app_haut":10.53,"app_ech":"maille","app_obs":0,"mai":8.01,"mai_bas":6.35,"mai_haut":10.11,"mai_ech":"maille","mai_obs":21,"a12":11.51,"a3":7.37,"pxa":null,"pxm":null,"napp":0,"nmai":0,"ra":null,"rm":null},"geometry":{"type":"Polygon","coordinates":[[[0.6616,47.6253],[0.6708,47.6319],[0.6694,47.6358],[0.6904,47.6454],[0.7101,47.6498],[0.7209,47.6472],[0.7297,47.655],[0.7382,47.6437],[0.7301,47.6396],[0.7244,47.6251],[0.7393,47.6167],[0.7372,47.61],[0.7291,47.6002],[0.6916,47.5968],[0.6913,47.6034],[0.6703,47.6142],[0.6616,47.6253]]]}},{"type":"Feature","properties":{"code":"37067","nom":"Cheillé","app":8.85,"app_bas":6.95,"app_haut":11.26,"app_ech":"maille","app_obs":30,"mai":8.96,"mai_bas":6.95,"mai_haut":11.55,"mai_ech":"maille","mai_obs":79,"a12":11.66,"a3":7.94,"pxa":null,"pxm":1678,"napp":0,"nmai":52,"ra":null,"rm":5.59},"geometry":{"type":"Polygon","coordinates":[[[0.3931,47.2749],[0.4134,47.273],[0.4674,47.2584],[0.4737,47.2545],[0.4983,47.2547],[0.4904,47.2452],[0.4796,47.2393],[0.4739,47.2318],[0.4767,47.2276],[0.4618,47.2215],[0.4193,47.2098],[0.4051,47.2031],[0.3969,47.2015],[0.3868,47.2068],[0.3832,47.2182],[0.3718,47.2401],[0.3722,47.2568],[0.3806,47.2613],[0.3907,47.2739],[0.3931,47.2749]]]}},{"type":"Feature","properties":{"code":"37127","nom":"Liège","app":9.95,"app_bas":7.29,"app_haut":13.57,"app_ech":"maille","app_obs":0,"mai":8.34,"mai_bas":6.56,"mai_haut":10.6,"mai_ech":"maille","mai_obs":10,"a12":10.6,"a3":7.5,"pxa":null,"pxm":null,"napp":0,"nmai":0,"ra":null,"rm":null},"geometry":{"type":"Polygon","coordinates":[[[1.0731,47.2262],[1.1102,47.2467],[1.1123,47.2532],[1.1189,47.2458],[1.1205,47.2393],[1.1334,47.2313],[1.1437,47.2197],[1.1318,47.2121],[1.1144,47.22],[1.0896,47.2139],[1.082,47.2212],[1.0731,47.2262]]]}},{"type":"Feature","properties":{"code":"37208","nom":"Saint-Avertin","app":13.5,"app_bas":11.18,"app_haut":16.3,"app_ech":"commune","app_obs":934,"mai":11.7,"mai_bas":9.37,"mai_haut":14.61,"mai_ech":"commune","mai_obs":577,"a12":15.51,"a3":11.94,"pxa":2561,"pxm":2664,"napp":145,"nmai":413,"ra":5.35,"rm":4.52},"geometry":{"type":"Polygon","coordinates":[[[0.7373,47.3767],[0.7413,47.372],[0.7624,47.3696],[0.7601,47.352],[0.7638,47.3389],[0.746,47.333],[0.7259,47.3487],[0.7046,47.3502],[0.7153,47.3699],[0.7373,47.3767]]]}},{"type":"Feature","properties":{"code":"37230","nom":"Saint-Ouen-les-Vignes","app":10.72,"app_bas":8.68,"app_haut":13.24,"app_ech":"maille","app_obs":0,"mai":9.77,"mai_bas":7.98,"mai_haut":11.96,"mai_ech":"maille","mai_obs":13,"a12":11.21,"a3":7.5,"pxa":null,"pxm":null,"napp":0,"nmai":0,"ra":null,"rm":null},"geometry":{"type":"Polygon","coordinates":[[[1.011,47.4613],[0.9938,47.4559],[0.9676,47.4566],[0.9574,47.4621],[0.9705,47.468],[0.9669,47.4773],[0.9705,47.4821],[1.0046,47.4997],[1.0212,47.5024],[1.0371,47.5087],[1.0399,47.4965],[1.0302,47.4842],[1.0194,47.4663],[1.011,47.4613]]]}},{"type":"Feature","properties":{"code":"37100","nom":"Épeigné-les-Bois","app":10.19,"app_bas":7.9,"app_haut":13.14,"app_ech":"maille","app_obs":8,"mai":8.34,"mai_bas":6.56,"mai_haut":10.6,"mai_ech":"maille","mai_obs":12,"a12":11.27,"a3":7.5,"pxa":null,"pxm":null,"napp":0,"nmai":0,"ra":null,"rm":null},"geometry":{"type":"Polygon","coordinates":[[[1.0953,47.2892],[1.1081,47.2984],[1.1353,47.2917],[1.1398,47.2868],[1.1621,47.2722],[1.1554,47.2671],[1.138,47.263],[1.1123,47.2532],[1.1027,47.2647],[1.0953,47.2892]]]}},{"type":"Feature","properties":{"code":"37086","nom":"Courcelles-de-Touraine","app":7.73,"app_bas":6.2,"app_haut":9.64,"app_ech":"maille","app_obs":3,"mai":8.14,"mai_bas":6.33,"mai_haut":10.48,"mai_ech":"maille","mai_obs":19,"a12":9.54,"a3":7.94,"pxa":null,"pxm":null,"napp":0,"nmai":0,"ra":null,"rm":null},"geometry":{"type":"Polygon","coordinates":[[[0.3598,47.5061],[0.3677,47.5041],[0.3931,47.4921],[0.3983,47.4885],[0.392,47.4848],[0.3492,47.4701],[0.3423,47.4747],[0.327,47.4762],[0.3062,47.4674],[0.2928,47.4647],[0.2892,47.4748],[0.2967,47.4806],[0.2947,47.4898],[0.2786,47.5013],[0.2767,47.5048],[0.2803,47.5065],[0.2968,47.5015],[0.3108,47.5124],[0.3179,47.5128],[0.3262,47.5055],[0.3446,47.5022],[0.3598,47.5061]]]}},{"type":"Feature","properties":{"code":"37279","nom":"Villiers-au-Bouin","app":8.4,"app_bas":6.51,"app_haut":10.82,"app_ech":"maille","app_obs":8,"mai":8.91,"mai_bas":7.02,"mai_haut":11.29,"mai_ech":"maille","mai_obs":32,"a12":9.54,"a3":7.2,"pxa":null,"pxm":null,"napp":0,"nmai":0,"ra":null,"rm":null},"geometry":{"type":"Polygon","coordinates":[[[0.23,47.6084],[0.2377,47.611],[0.2591,47.6123],[0.2678,47.6087],[0.2714,47.6015],[0.278,47.5974],[0.29,47.5977],[0.31,47.5948],[0.3221,47.5952],[0.3384,47.585],[0.3391,47.5797],[0.3312,47.5704],[0.3179,47.5593],[0.3115,47.5582],[0.3022,47.5472],[0.2893,47.5471],[0.2921,47.5497],[0.2819,47.5645],[0.2641,47.5755],[0.2499,47.5797],[0.2381,47.5771],[0.2346,47.5786],[0.2322,47.5901],[0.2325,47.6051],[0.23,47.6084]]]}},{"type":"Feature","properties":{"code":"37180","nom":"Parçay-sur-Vienne","app":8.85,"app_bas":6.95,"app_haut":11.26,"app_ech":"maille","app_obs":10,"mai":8.68,"mai_bas":6.78,"mai_haut":11.11,"mai_ech":"maille","mai_obs":16,"a12":11.81,"a3":7.72,"pxa":null,"pxm":null,"napp":0,"nmai":0,"ra":null,"rm":null},"geometry":{"type":"Polygon","coordinates":[[[0.5201,47.0733],[0.5004,47.0769],[0.4887,47.0692],[0.4757,47.0654],[0.4638,47.08],[0.4496,47.0838],[0.4483,47.0878],[0.4542,47.0966],[0.4553,47.1044],[0.4495,47.1161],[0.4444,47.1198],[0.4562,47.1191],[0.4631,47.1148],[0.4873,47.115],[0.492,47.1119],[0.4941,47.102],[0.5171,47.0847],[0.5201,47.0733]]]}},{"type":"Feature","properties":{"code":"37212","nom":"Sainte-Catherine-de-Fierbois","app":8.85,"app_bas":6.95,"app_haut":11.26,"app_ech":"maille","app_obs":5,"mai":9.01,"mai_bas":7.18,"mai_haut":11.31,"mai_ech":"maille","mai_obs":52,"a12":11.22,"a3":7.72,"pxa":null,"pxm":null,"napp":0,"nmai":0,"ra":null,"rm":null},"geometry":{"type":"Polygon","coordinates":[[[0.6598,47.1812],[0.6799,47.1776],[0.69,47.1707],[0.6818,47.1583],[0.7019,47.1592],[0.7087,47.1615],[0.7118,47.1569],[0.7081,47.1468],[0.7104,47.1397],[0.6962,47.1365],[0.6842,47.1373],[0.6738,47.1431],[0.6468,47.1445],[0.6465,47.1526],[0.6494,47.163],[0.6598,47.1812]]]}},{"type":"Feature","properties":{"code":"37229","nom":"Saint-Nicolas-des-Motets","app":10.27,"app_bas":8.82,"app_haut":11.96,"app_ech":"maille","app_obs":0,"mai":8.28,"mai_bas":6.62,"mai_haut":10.35,"mai_ech":"maille","mai_obs":11,"a12":11.59,"a3":7.5,"pxa":null,"pxm":null,"napp":0,"nmai":0,"ra":null,"rm":null},"geometry":{"type":"Polygon","coordinates":[[[1.0363,47.558],[1.0339,47.5766],[1.0037,47.5844],[1.0039,47.5901],[1.0148,47.6047],[1.024,47.6088],[1.0334,47.607],[1.0521,47.5868],[1.0636,47.5661],[1.0428,47.5588],[1.0363,47.558]]]}},{"type":"Feature","properties":{"code":"37261","nom":"Tours","app":13.51,"app_bas":10.93,"app_haut":16.69,"app_ech":"commune","app_obs":37946,"mai":12.83,"mai_bas":10.03,"mai_haut":16.41,"mai_ech":"commune","mai_obs":2026,"a12":15.46,"a3":12.03,"pxa":2857,"pxm":3265,"napp":5060,"nmai":1462,"ra":4.79,"rm":3.98},"geometry":{"type":"Polygon","coordinates":[[[0.7343,47.4289],[0.7268,47.4066],[0.7295,47.4003],[0.7038,47.3981],[0.7151,47.3772],[0.7265,47.38],[0.7373,47.3767],[0.7153,47.3699],[0.7046,47.3502],[0.6992,47.3539],[0.6975,47.3597],[0.6855,47.3621],[0.6652,47.3628],[0.656,47.3667],[0.6604,47.3751],[0.6664,47.3817],[0.6645,47.395],[0.6786,47.4004],[0.6796,47.4093],[0.6727,47.4273],[0.6753,47.4355],[0.691,47.4391],[0.7104,47.4387],[0.7097,47.4365],[0.7343,47.4289]]]}},{"type":"Feature","properties":{"code":"37281","nom":"Vouvray","app":12.55,"app_bas":10.36,"app_haut":15.22,"app_ech":"commune","app_obs":237,"mai":10.74,"mai_bas":8.58,"mai_haut":13.43,"mai_ech":"commune","mai_obs":193,"a12":12.7,"a3":11.26,"pxa":null,"pxm":2604,"napp":20,"nmai":113,"ra":null,"rm":4.3},"geometry":{"type":"Polygon","coordinates":[[[0.7803,47.4082],[0.7717,47.4345],[0.776,47.4393],[0.7912,47.4442],[0.7869,47.4535],[0.7933,47.4669],[0.8047,47.4695],[0.8191,47.4605],[0.8136,47.4527],[0.8157,47.4396],[0.822,47.4206],[0.8365,47.4127],[0.8376,47.4096],[0.8322,47.3928],[0.8223,47.3936],[0.7803,47.4082]]]}},{"type":"Feature","properties":{"code":"37021","nom":"Beaumont-la-Ronce","app":9.9,"app_bas":8.14,"app_haut":12.04,"app_ech":"maille","app_obs":62,"mai":8.76,"mai_bas":6.83,"mai_haut":11.24,"mai_ech":"commune","mai_obs":152,"a12":11.51,"a3":9.15,"pxa":null,"pxm":1367,"napp":2,"nmai":44,"ra":null,"rm":6.71},"geometry":{"type":"Polygon","coordinates":[[[0.6041,47.5665],[0.6209,47.577],[0.6328,47.5868],[0.6379,47.5886],[0.6492,47.5851],[0.6635,47.5876],[0.6916,47.5968],[0.7291,47.6002],[0.7297,47.5931],[0.7127,47.5599],[0.6971,47.5485],[0.6886,47.5347],[0.6743,47.5339],[0.6627,47.5406],[0.6541,47.5513],[0.636,47.551],[0.6284,47.5525],[0.6143,47.5497],[0.6072,47.5651],[0.6041,47.5665]]]}},{"type":"Feature","properties":{"code":"37195","nom":"Riche","app":13.2,"app_bas":10.68,"app_haut":16.33,"app_ech":"commune","app_obs":2312,"mai":11.82,"mai_bas":9.23,"mai_haut":15.13,"mai_ech":"commune","mai_obs":203,"a12":15.41,"a3":11.94,"pxa":2841,"pxm":2915,"napp":339,"nmai":144,"ra":4.71,"rm":4.17},"geometry":{"type":"Polygon","coordinates":[[[0.6645,47.395],[0.6664,47.3817],[0.6604,47.3751],[0.641,47.373],[0.6247,47.3727],[0.6097,47.3675],[0.6059,47.3833],[0.6645,47.395]]]}},{"type":"Feature","properties":{"code":"37266","nom":"Veigné","app":13.58,"app_bas":11.06,"app_haut":16.68,"app_ech":"commune","app_obs":154,"mai":11.11,"mai_bas":9.07,"mai_haut":13.6,"mai_ech":"commune","mai_obs":430,"a12":14.15,"a3":9.07,"pxa":null,"pxm":2455,"napp":13,"nmai":207,"ra":null,"rm":4.7},"geometry":{"type":"Polygon","coordinates":[[[0.7178,47.2696],[0.723,47.2817],[0.7214,47.2927],[0.7057,47.2992],[0.6986,47.2979],[0.6924,47.2833],[0.6814,47.2836],[0.6758,47.2925],[0.6814,47.3025],[0.6766,47.3062],[0.6911,47.3133],[0.7108,47.3134],[0.7468,47.3198],[0.7546,47.3174],[0.7533,47.2933],[0.7557,47.2879],[0.7651,47.2862],[0.7726,47.2814],[0.7655,47.2642],[0.7687,47.2616],[0.7585,47.2533],[0.7437,47.2559],[0.7294,47.2548],[0.7276,47.2654],[0.7178,47.2696]]]}},{"type":"Feature","properties":{"code":"37045","nom":"Celle-Saint-Avant","app":9.08,"app_bas":7.19,"app_haut":11.45,"app_ech":"maille","app_obs":4,"mai":7.02,"mai_bas":5.55,"mai_haut":8.88,"mai_ech":"maille","mai_obs":43,"a12":11.22,"a3":7.72,"pxa":null,"pxm":1105,"napp":0,"nmai":46,"ra":null,"rm":6.66},"geometry":{"type":"Polygon","coordinates":[[[0.5906,47.0067],[0.5737,47.021],[0.5722,47.0252],[0.5786,47.0256],[0.6051,47.0371],[0.6124,47.0472],[0.6365,47.0376],[0.636,47.0261],[0.6388,47.0211],[0.6592,47.0099],[0.6343,46.9976],[0.6219,46.9994],[0.6189,47.0075],[0.5906,47.0067]]]}},{"type":"Feature","properties":{"code":"37102","nom":"Essards","app":null,"app_bas":null,"app_haut":null,"app_ech":null,"app_obs":0,"mai":null,"mai_bas":null,"mai_haut":null,"mai_ech":null,"mai_obs":0,"a12":null,"a3":null,"pxa":null,"pxm":null,"napp":0,"nmai":0,"ra":null,"rm":null},"geometry":{"type":"Polygon","coordinates":[[[0.3018,47.3591],[0.3045,47.3462],[0.3116,47.3385],[0.3063,47.3282],[0.2921,47.3303],[0.2842,47.3441],[0.2946,47.358],[0.3018,47.3591]]]}},{"type":"Feature","properties":{"code":"37225","nom":"Saint-Martin-le-Beau","app":10.72,"app_bas":8.68,"app_haut":13.24,"app_ech":"maille","app_obs":79,"mai":9.77,"mai_bas":7.98,"mai_haut":11.96,"mai_ech":"maille","mai_obs":91,"a12":12.99,"a3":10.03,"pxa":null,"pxm":1914,"napp":1,"nmai":100,"ra":null,"rm":5.35},"geometry":{"type":"Polygon","coordinates":[[[0.8613,47.3614],[0.8663,47.3667],[0.8773,47.3726],[0.8987,47.3776],[0.9425,47.3791],[0.9403,47.3745],[0.9541,47.3748],[0.9535,47.3701],[0.946,47.3657],[0.9331,47.3475],[0.9311,47.338],[0.9258,47.3398],[0.8794,47.3482],[0.885,47.3561],[0.8613,47.3614]]]}},{"type":"Feature","properties":{"code":"37121","nom":"Jaulnay","app":9.08,"app_bas":7.19,"app_haut":11.45,"app_ech":"maille","app_obs":3,"mai":7.77,"mai_bas":6.22,"mai_haut":9.72,"mai_ech":"maille","mai_obs":5,"a12":10.47,"a3":6.77,"pxa":null,"pxm":null,"napp":0,"nmai":0,"ra":null,"rm":null},"geometry":{"type":"Polygon","coordinates":[[[0.4387,46.9296],[0.4185,46.9374],[0.4054,46.9361],[0.3878,46.9437],[0.3867,46.9517],[0.3954,46.9522],[0.4108,46.9668],[0.4226,46.9716],[0.4388,46.9816],[0.4558,46.989],[0.452,46.9807],[0.4435,46.9719],[0.4421,46.9627],[0.4324,46.9501],[0.4448,46.9412],[0.4387,46.9296]]]}}]}