{"type":"FeatureCollection","features":[{"type":"Feature","properties":{"code":"43148","nom":"Paulhaguet","app":7.59,"app_bas":5.75,"app_haut":10.01,"app_ech":"commune","app_obs":120,"mai":7.14,"mai_bas":5.03,"mai_haut":10.12,"mai_ech":"maille","mai_obs":71,"a12":8.14,"a3":6.38},"geometry":{"type":"Polygon","coordinates":[[[3.5313,45.1999],[3.5261,45.1901],[3.5234,45.1892],[3.5151,45.1929],[3.5119,45.1997],[3.5036,45.2045],[3.5036,45.2118],[3.4982,45.2198],[3.4882,45.2247],[3.4874,45.235],[3.4953,45.2388],[3.5015,45.2351],[3.5226,45.2347],[3.5351,45.2423],[3.5438,45.2349],[3.5303,45.2326],[3.5216,45.2247],[3.531,45.2117],[3.5313,45.1999]]]}},{"type":"Feature","properties":{"code":"43157","nom":"Puy-en-Velay","app":9.27,"app_bas":7.01,"app_haut":12.27,"app_ech":"commune","app_obs":7245,"mai":8.5,"mai_bas":6.48,"mai_haut":11.15,"mai_ech":"commune","mai_obs":376,"a12":10.67,"a3":8.42},"geometry":{"type":"Polygon","coordinates":[[[3.8756,45.0511],[3.8767,45.0542],[3.8801,45.0484],[3.8952,45.0506],[3.9053,45.0567],[3.9035,45.0507],[3.9137,45.0436],[3.9237,45.0405],[3.934,45.0305],[3.9264,45.0232],[3.9206,45.0227],[3.8999,45.0105],[3.8861,45.0083],[3.8796,45],[3.866,44.9992],[3.8617,45.0072],[3.8671,45.0138],[3.8782,45.019],[3.8826,45.0341],[3.8726,45.0387],[3.8759,45.0481],[3.8756,45.0511]]]}},{"type":"Feature","properties":{"code":"43078","nom":"Coubon","app":8.89,"app_bas":6.88,"app_haut":11.48,"app_ech":"commune","app_obs":112,"mai":6.22,"mai_bas":4.57,"mai_haut":8.47,"mai_ech":"maille","mai_obs":91,"a12":9.71,"a3":6.44},"geometry":{"type":"Polygon","coordinates":[[[3.9153,44.9782],[3.9019,44.9827],[3.896,44.9924],[3.8878,45.0001],[3.8796,45],[3.8861,45.0083],[3.8999,45.0105],[3.9206,45.0227],[3.9264,45.0232],[3.9365,45.0333],[3.965,45.0222],[3.9666,45.0122],[3.9595,45.0087],[3.9444,45.0116],[3.9371,45.0112],[3.9347,45.0021],[3.9251,44.9956],[3.9378,44.9872],[3.9431,44.98],[3.9626,44.9707],[3.9686,44.9665],[3.9561,44.96],[3.9489,44.9616],[3.9316,44.9754],[3.9153,44.9782]]]}},{"type":"Feature","properties":{"code":"43082","nom":"Cronce","app":8.11,"app_bas":5.99,"app_haut":10.98,"app_ech":"maille","app_obs":0,"mai":7.14,"mai_bas":5.03,"mai_haut":10.12,"mai_ech":"maille","mai_obs":0,"a12":9.14,"a3":7.08},"geometry":{"type":"Polygon","coordinates":[[[3.3837,45.0968],[3.3828,45.0819],[3.3772,45.0609],[3.3638,45.0547],[3.3554,45.053],[3.3439,45.0461],[3.3563,45.0565],[3.3534,45.0651],[3.3421,45.0703],[3.3409,45.0755],[3.3451,45.0853],[3.3416,45.0892],[3.3286,45.0948],[3.3327,45.0975],[3.3837,45.11],[3.3812,45.1019],[3.3837,45.0968]]]}},{"type":"Feature","properties":{"code":"43187","nom":"Saint-Geneys-près-Saint-Paulien","app":9.34,"app_bas":7.22,"app_haut":12.09,"app_ech":"maille","app_obs":3,"mai":7.43,"mai_bas":5.7,"mai_haut":9.69,"mai_ech":"maille","mai_obs":17,"a12":9.71,"a3":9.13},"geometry":{"type":"Polygon","coordinates":[[[3.8602,45.1677],[3.8586,45.1633],[3.8404,45.1617],[3.8329,45.1535],[3.8214,45.1504],[3.8114,45.1514],[3.8008,45.1569],[3.798,45.1683],[3.7989,45.1739],[3.8052,45.1805],[3.8171,45.1862],[3.8271,45.1832],[3.8333,45.1866],[3.8318,45.1977],[3.8434,45.2032],[3.8462,45.1923],[3.8552,45.1953],[3.8612,45.1931],[3.8592,45.1797],[3.8536,45.1694],[3.8602,45.1677]]]}},{"type":"Feature","properties":{"code":"43010","nom":"Arsac-en-Velay","app":9.11,"app_bas":7.15,"app_haut":11.61,"app_ech":"maille","app_obs":20,"mai":6.22,"mai_bas":4.57,"mai_haut":8.47,"mai_ech":"maille","mai_obs":41,"a12":9.71,"a3":9.13},"geometry":{"type":"Polygon","coordinates":[[[3.975,45.0055],[3.9818,44.9991],[3.9802,44.9928],[3.9706,44.9933],[3.9616,44.9889],[3.9622,44.9837],[3.9746,44.9787],[3.9764,44.9723],[3.9626,44.9707],[3.9431,44.98],[3.9378,44.9872],[3.9251,44.9956],[3.9347,45.0021],[3.9371,45.0112],[3.9444,45.0116],[3.9595,45.0087],[3.9666,45.0122],[3.975,45.0055]]]}},{"type":"Feature","properties":{"code":"43059","nom":"Chapelle-Geneste","app":6.29,"app_bas":4.94,"app_haut":8.01,"app_ech":"maille","app_obs":0,"mai":7.42,"mai_bas":5.42,"mai_haut":10.16,"mai_ech":"maille","mai_obs":5,"a12":8.81,"a3":6.38},"geometry":{"type":"Polygon","coordinates":[[[3.6659,45.3261],[3.6596,45.3278],[3.6591,45.3318],[3.6409,45.3484],[3.6442,45.3561],[3.6504,45.3594],[3.6632,45.3616],[3.6674,45.3766],[3.6799,45.3842],[3.6905,45.3734],[3.7047,45.3685],[3.6972,45.3645],[3.7065,45.3607],[3.7014,45.3487],[3.6813,45.335],[3.6768,45.3224],[3.6659,45.3261]]]}},{"type":"Feature","properties":{"code":"43115","nom":"Laussonne","app":8.31,"app_bas":6.35,"app_haut":10.87,"app_ech":"maille","app_obs":59,"mai":6.22,"mai_bas":4.57,"mai_haut":8.47,"mai_ech":"maille","mai_obs":23,"a12":8.25,"a3":6.12},"geometry":{"type":"Polygon","coordinates":[[[4.0592,44.9931],[4.0592,44.9885],[4.0754,44.9879],[4.0802,44.9827],[4.0958,44.9756],[4.0896,44.968],[4.0923,44.9629],[4.0844,44.953],[4.0856,44.9418],[4.0708,44.9447],[4.0639,44.9481],[4.0494,44.9466],[4.0304,44.9543],[4.0189,44.9499],[4.0135,44.9552],[4.0163,44.9591],[4.0058,44.964],[4.005,44.9731],[4.0158,44.9812],[4.0213,44.9784],[4.0293,44.9834],[4.0473,44.9878],[4.0546,44.9931],[4.0592,44.9931]]]}},{"type":"Feature","properties":{"code":"43142","nom":"Montregard","app":7.49,"app_bas":5.73,"app_haut":9.78,"app_ech":"maille","app_obs":20,"mai":7.53,"mai_bas":5.46,"mai_haut":10.39,"mai_ech":"maille","mai_obs":23,"a12":9.56,"a3":6.87},"geometry":{"type":"Polygon","coordinates":[[[4.2894,45.1592],[4.2971,45.1598],[4.2992,45.1724],[4.3021,45.1749],[4.316,45.1745],[4.3231,45.1819],[4.3283,45.1818],[4.3339,45.1752],[4.3421,45.1776],[4.3453,45.1865],[4.3571,45.1861],[4.3743,45.183],[4.3882,45.182],[4.4048,45.1754],[4.4164,45.1652],[4.409,45.1532],[4.4112,45.1408],[4.3992,45.1401],[4.3766,45.1444],[4.3506,45.1364],[4.3442,45.1295],[4.3317,45.1314],[4.3005,45.1524],[4.2897,45.1582],[4.2894,45.1592]]]}},{"type":"Feature","properties":{"code":"43173","nom":"Saint-Christophe-d'Allier","app":7.82,"app_bas":5.91,"app_haut":10.35,"app_ech":"maille","app_obs":1,"mai":6.81,"mai_bas":5.1,"mai_haut":9.09,"mai_ech":"maille","mai_obs":0,"a12":10.46,"a3":7.08},"geometry":{"type":"Polygon","coordinates":[[[3.6736,44.8541],[3.6867,44.8577],[3.6913,44.8729],[3.7003,44.8773],[3.7123,44.8704],[3.7235,44.8609],[3.7373,44.8581],[3.7354,44.8401],[3.7339,44.8353],[3.7229,44.831],[3.7004,44.8368],[3.6954,44.831],[3.6664,44.8288],[3.6574,44.8361],[3.6718,44.8434],[3.6736,44.8541]]]}},{"type":"Feature","properties":{"code":"43213","nom":"Saint-Pal-de-Mons","app":7.83,"app_bas":5.99,"app_haut":10.24,"app_ech":"commune","app_obs":221,"mai":7.96,"mai_bas":5.87,"mai_haut":10.81,"mai_ech":"maille","mai_obs":48,"a12":9.02,"a3":7.27},"geometry":{"type":"Polygon","coordinates":[[[4.2995,45.2755],[4.3117,45.2493],[4.3246,45.243],[4.3191,45.2339],[4.306,45.229],[4.2963,45.2131],[4.2777,45.2183],[4.2736,45.2102],[4.2598,45.2145],[4.2493,45.2147],[4.238,45.2182],[4.2505,45.226],[4.258,45.237],[4.2584,45.2482],[4.2646,45.2585],[4.2631,45.2719],[4.279,45.2686],[4.2803,45.2782],[4.2995,45.2755]]]}},{"type":"Feature","properties":{"code":"43215","nom":"Saint-Paul-de-Tartas","app":6.58,"app_bas":5,"app_haut":8.67,"app_ech":"maille","app_obs":11,"mai":8.37,"mai_bas":6.22,"mai_haut":11.25,"mai_ech":"maille","mai_obs":1,"a12":9.44,"a3":7.79},"geometry":{"type":"Polygon","coordinates":[[[3.8938,44.8201],[3.8962,44.8139],[3.9042,44.8127],[3.9198,44.8175],[3.9356,44.8185],[3.9445,44.821],[3.9377,44.797],[3.9278,44.793],[3.9181,44.7756],[3.9243,44.771],[3.9249,44.7696],[3.914,44.7651],[3.9118,44.774],[3.9044,44.7804],[3.8869,44.786],[3.8754,44.7858],[3.8656,44.7784],[3.8504,44.7737],[3.85,44.7828],[3.8592,44.7888],[3.8528,44.7993],[3.8396,44.8063],[3.8437,44.8086],[3.8619,44.8117],[3.873,44.8267],[3.8797,44.8216],[3.8938,44.8201]]]}},{"type":"Feature","properties":{"code":"43017","nom":"Azérat","app":8.26,"app_bas":6.43,"app_haut":10.6,"app_ech":"maille","app_obs":6,"mai":7.71,"mai_bas":5.66,"mai_haut":10.49,"mai_ech":"maille","mai_obs":9,"a12":10.15,"a3":6.55},"geometry":{"type":"Polygon","coordinates":[[[3.3944,45.323],[3.3878,45.3268],[3.3877,45.3389],[3.3641,45.3598],[3.3685,45.3641],[3.3738,45.3671],[3.3918,45.3693],[3.3904,45.3811],[3.4026,45.3821],[3.4073,45.3767],[3.4114,45.369],[3.4272,45.3675],[3.4215,45.3504],[3.4229,45.3451],[3.4135,45.3341],[3.3944,45.323]]]}},{"type":"Feature","properties":{"code":"43093","nom":"Félines","app":7.48,"app_bas":5.73,"app_haut":9.75,"app_ech":"maille","app_obs":13,"mai":7.42,"mai_bas":5.42,"mai_haut":10.16,"mai_ech":"maille","mai_obs":0,"a12":8.14,"a3":6.38},"geometry":{"type":"Polygon","coordinates":[[[3.7229,45.2848],[3.7339,45.2813],[3.7443,45.2916],[3.7566,45.2895],[3.7631,45.2914],[3.7745,45.2853],[3.7772,45.2792],[3.7806,45.2767],[3.7718,45.2693],[3.7764,45.2609],[3.7757,45.2515],[3.7838,45.2422],[3.7716,45.2373],[3.759,45.2286],[3.7512,45.2344],[3.7533,45.2392],[3.7625,45.2461],[3.7462,45.2458],[3.7462,45.2542],[3.734,45.2579],[3.7166,45.2524],[3.7133,45.2534],[3.7187,45.2607],[3.7246,45.2744],[3.7229,45.2848]]]}},{"type":"Feature","properties":{"code":"43109","nom":"Lafarre","app":6.58,"app_bas":5,"app_haut":8.67,"app_ech":"maille","app_obs":0,"mai":6.22,"mai_bas":4.57,"mai_haut":8.47,"mai_ech":"maille","mai_obs":0,"a12":9.41,"a3":6.44},"geometry":{"type":"Polygon","coordinates":[[[3.9617,44.8313],[3.9709,44.8371],[3.9735,44.8423],[3.9647,44.8521],[3.9616,44.8589],[3.9756,44.8575],[3.9896,44.8486],[4.0092,44.8488],[4.02,44.8459],[4.0286,44.8346],[4.0166,44.8309],[4.0134,44.8368],[4.0042,44.8361],[4.0059,44.8273],[3.9957,44.8213],[3.9897,44.8335],[3.98,44.8301],[3.9886,44.8153],[3.9819,44.8117],[3.9668,44.8205],[3.9632,44.8298],[3.9617,44.8313]]]}},{"type":"Feature","properties":{"code":"43158","nom":"Queyrières","app":8.68,"app_bas":6.55,"app_haut":11.5,"app_ech":"maille","app_obs":4,"mai":7.43,"mai_bas":5.7,"mai_haut":9.69,"mai_ech":"maille","mai_obs":12,"a12":9.56,"a3":9.13},"geometry":{"type":"Polygon","coordinates":[[[4.1237,45.0472],[4.1122,45.0526],[4.0988,45.0554],[4.085,45.0624],[4.0825,45.0654],[4.0681,45.0671],[4.0832,45.0763],[4.0803,45.0875],[4.0922,45.0908],[4.0961,45.0952],[4.1074,45.0908],[4.1099,45.0853],[4.1283,45.0731],[4.1352,45.0572],[4.1237,45.0472]]]}},{"type":"Feature","properties":{"code":"43218","nom":"Saint-Pierre-Eynac","app":9.11,"app_bas":7.15,"app_haut":11.61,"app_ech":"maille","app_obs":9,"mai":7.43,"mai_bas":5.7,"mai_haut":9.69,"mai_ech":"maille","mai_obs":43,"a12":11.42,"a3":9.13},"geometry":{"type":"Polygon","coordinates":[[[4.0186,45.072],[4.0313,45.0634],[4.046,45.0589],[4.0545,45.0603],[4.0681,45.0671],[4.0825,45.0654],[4.085,45.0624],[4.0699,45.0583],[4.0629,45.0503],[4.0452,45.0368],[4.0491,45.0186],[4.0434,45.0128],[4.0283,45.0231],[4.0037,45.0289],[3.9838,45.0495],[3.9857,45.0551],[3.9959,45.0646],[4.0186,45.072]]]}},{"type":"Feature","properties":{"code":"43006","nom":"Ally","app":8.11,"app_bas":5.99,"app_haut":10.98,"app_ech":"maille","app_obs":0,"mai":7.61,"mai_bas":5.82,"mai_haut":9.94,"mai_ech":"maille","mai_obs":1,"a12":9.14,"a3":6.51},"geometry":{"type":"Polygon","coordinates":[[[3.356,45.1427],[3.3549,45.1399],[3.3407,45.1383],[3.3329,45.1344],[3.3363,45.1239],[3.314,45.1181],[3.3014,45.1241],[3.288,45.1204],[3.2771,45.1417],[3.2852,45.1599],[3.2804,45.1696],[3.3025,45.1747],[3.3095,45.1815],[3.3201,45.1777],[3.323,45.1715],[3.3447,45.1732],[3.3533,45.1807],[3.3625,45.1774],[3.3623,45.172],[3.3544,45.1638],[3.3488,45.1536],[3.356,45.1427]]]}},{"type":"Feature","properties":{"code":"43044","nom":"Cerzat","app":8.11,"app_bas":5.99,"app_haut":10.98,"app_ech":"maille","app_obs":0,"mai":6.66,"mai_bas":4.88,"mai_haut":9.09,"mai_ech":"maille","mai_obs":5,"a12":9.14,"a3":6.38},"geometry":{"type":"Polygon","coordinates":[[[3.4507,45.1713],[3.4661,45.1693],[3.4777,45.174],[3.483,45.1778],[3.4953,45.1752],[3.4936,45.1617],[3.4886,45.1475],[3.4782,45.1424],[3.4642,45.1421],[3.453,45.1451],[3.4502,45.1532],[3.4507,45.1713]]]}},{"type":"Feature","properties":{"code":"43066","nom":"Chaudeyrolles","app":8.31,"app_bas":6.35,"app_haut":10.87,"app_ech":"maille","app_obs":0,"mai":7.53,"mai_bas":5.46,"mai_haut":10.39,"mai_ech":"maille","mai_obs":0,"a12":9.56,"a3":6.12},"geometry":{"type":"Polygon","coordinates":[[[4.1937,44.9705],[4.218,44.9743],[4.2196,44.9633],[4.2239,44.9629],[4.2217,44.9613],[4.2207,44.9448],[4.2166,44.9336],[4.1902,44.9139],[4.1783,44.9165],[4.1784,44.9315],[4.1683,44.9388],[4.1666,44.9447],[4.1749,44.9573],[4.1835,44.9649],[4.1937,44.9705]]]}},{"type":"Feature","properties":{"code":"43145","nom":"Ouides","app":9.22,"app_bas":7.11,"app_haut":11.97,"app_ech":"maille","app_obs":0,"mai":6.48,"mai_bas":4.79,"mai_haut":8.78,"mai_ech":"maille","mai_obs":0,"a12":9.41,"a3":7.08},"geometry":{"type":"Polygon","coordinates":[[[3.7106,44.9076],[3.7231,44.9163],[3.7398,44.9181],[3.769,44.918],[3.7724,44.9116],[3.7625,44.9052],[3.7535,44.8927],[3.743,44.8906],[3.7227,44.8938],[3.7106,44.9076]]]}},{"type":"Feature","properties":{"code":"43038","nom":"Bournoncle-Saint-Pierre","app":7.39,"app_bas":5.75,"app_haut":9.51,"app_ech":"commune","app_obs":108,"mai":6.66,"mai_bas":4.88,"mai_haut":9.09,"mai_ech":"maille","mai_obs":44,"a12":10.15,"a3":6.65},"geometry":{"type":"Polygon","coordinates":[[[3.2998,45.362],[3.3013,45.3683],[3.3133,45.3709],[3.3124,45.3639],[3.3188,45.3607],[3.3272,45.3663],[3.3482,45.3521],[3.3576,45.341],[3.352,45.3321],[3.3377,45.3335],[3.3246,45.3157],[3.3134,45.3153],[3.3131,45.3227],[3.3015,45.3276],[3.2996,45.3354],[3.3083,45.3427],[3.2998,45.362]]]}},{"type":"Feature","properties":{"code":"43122","nom":"Lissac","app":9.34,"app_bas":7.22,"app_haut":12.09,"app_ech":"maille","app_obs":2,"mai":7.42,"mai_bas":5.42,"mai_haut":10.16,"mai_ech":"maille","mai_obs":12,"a12":9.71,"a3":7.08},"geometry":{"type":"Polygon","coordinates":[[[3.7275,45.1223],[3.7297,45.1288],[3.7359,45.135],[3.7447,45.1361],[3.7509,45.1512],[3.7592,45.1578],[3.773,45.1534],[3.7826,45.1461],[3.7785,45.1386],[3.7802,45.1291],[3.7785,45.1197],[3.7734,45.1165],[3.7602,45.1139],[3.7496,45.124],[3.7428,45.124],[3.7315,45.1196],[3.7275,45.1223]]]}},{"type":"Feature","properties":{"code":"43164","nom":"Roche-en-Régnier","app":7.64,"app_bas":5.81,"app_haut":10.05,"app_ech":"maille","app_obs":10,"mai":7.43,"mai_bas":5.7,"mai_haut":9.69,"mai_ech":"maille","mai_obs":13,"a12":8.81,"a3":6.41},"geometry":{"type":"Polygon","coordinates":[[[3.9269,45.2495],[3.9412,45.2548],[3.9473,45.2607],[3.9592,45.2601],[3.9726,45.2619],[3.9753,45.2502],[3.986,45.2443],[3.9841,45.2388],[3.9761,45.2382],[3.9727,45.2334],[3.9743,45.224],[3.9822,45.2064],[3.9701,45.1982],[3.9615,45.2088],[3.9519,45.2142],[3.9214,45.2124],[3.922,45.2189],[3.9104,45.223],[3.9115,45.2267],[3.9063,45.2359],[3.9058,45.2444],[3.912,45.2494],[3.9269,45.2495]]]}},{"type":"Feature","properties":{"code":"43166","nom":"Saint-André-de-Chalencon","app":7.48,"app_bas":5.73,"app_haut":9.75,"app_ech":"maille","app_obs":30,"mai":7.43,"mai_bas":5.7,"mai_haut":9.69,"mai_ech":"maille","mai_obs":8,"a12":8.81,"a3":6.49},"geometry":{"type":"Polygon","coordinates":[[[3.9269,45.2495],[3.924,45.2671],[3.919,45.2721],[3.9433,45.2871],[3.9437,45.2941],[3.9576,45.2992],[3.9719,45.2916],[3.9772,45.2865],[3.9844,45.2848],[3.9883,45.2738],[3.9976,45.2671],[3.992,45.2637],[3.9744,45.266],[3.9726,45.2619],[3.9592,45.2601],[3.9473,45.2607],[3.9412,45.2548],[3.9269,45.2495]]]}},{"type":"Feature","properties":{"code":"43259","nom":"Vernassal","app":7.64,"app_bas":5.81,"app_haut":10.05,"app_ech":"maille","app_obs":0,"mai":7.42,"mai_bas":5.42,"mai_haut":10.16,"mai_ech":"maille","mai_obs":10,"a12":9.14,"a3":7.08},"geometry":{"type":"Polygon","coordinates":[[[3.7275,45.1223],[3.7025,45.1247],[3.6935,45.1274],[3.6915,45.1319],[3.6798,45.1387],[3.6793,45.1473],[3.6821,45.1565],[3.6794,45.1614],[3.699,45.1621],[3.7076,45.1735],[3.714,45.1749],[3.7226,45.1723],[3.7251,45.1605],[3.7405,45.1511],[3.7474,45.143],[3.7447,45.1361],[3.7359,45.135],[3.7297,45.1288],[3.7275,45.1223]]]}},{"type":"Feature","properties":{"code":"43072","nom":"Chomette","app":7.64,"app_bas":5.81,"app_haut":10.05,"app_ech":"maille","app_obs":4,"mai":6.66,"mai_bas":4.88,"mai_haut":9.09,"mai_ech":"maille","mai_obs":16,"a12":9.14,"a3":6.38},"geometry":{"type":"Polygon","coordinates":[[[3.4874,45.235],[3.4882,45.2247],[3.4645,45.2198],[3.4649,45.214],[3.4579,45.2124],[3.45,45.2124],[3.4447,45.223],[3.446,45.2267],[3.4534,45.2329],[3.4633,45.2379],[3.4691,45.2379],[3.4762,45.2433],[3.4874,45.235]]]}},{"type":"Feature","properties":{"code":"43223","nom":"Saint-Romain-Lachalm","app":8.02,"app_bas":6.12,"app_haut":10.51,"app_ech":"maille","app_obs":77,"mai":7.96,"mai_bas":5.87,"mai_haut":10.81,"mai_ech":"maille","mai_obs":17,"a12":9.02,"a3":7.46},"geometry":{"type":"Polygon","coordinates":[[[4.2995,45.2755],[4.3087,45.2753],[4.3185,45.2714],[4.3266,45.2725],[4.3262,45.2811],[4.3352,45.2916],[4.3554,45.295],[4.3613,45.2919],[4.3588,45.2839],[4.3497,45.2803],[4.3516,45.2741],[4.3581,45.2722],[4.3625,45.2644],[4.3712,45.2599],[4.3792,45.2503],[4.3722,45.2448],[4.3571,45.2436],[4.3545,45.2482],[4.3362,45.2491],[4.3246,45.243],[4.3117,45.2493],[4.2995,45.2755]]]}},{"type":"Feature","properties":{"code":"43260","nom":"Vernet","app":9.22,"app_bas":7.11,"app_haut":11.97,"app_ech":"maille","app_obs":0,"mai":7.14,"mai_bas":5.03,"mai_haut":10.12,"mai_ech":"maille","mai_obs":0,"a12":9.41,"a3":7.85},"geometry":{"type":"Polygon","coordinates":[[[3.6499,45.0491],[3.6558,45.0462],[3.6715,45.047],[3.6809,45.0384],[3.672,45.0319],[3.6581,45.0289],[3.6489,45.0335],[3.6499,45.0491]]]}},{"type":"Feature","properties":{"code":"43111","nom":"Landos","app":7.82,"app_bas":5.91,"app_haut":10.35,"app_ech":"maille","app_obs":18,"mai":6.48,"mai_bas":4.79,"mai_haut":8.78,"mai_ech":"maille","mai_obs":27,"a12":9.41,"a3":7.79},"geometry":{"type":"Polygon","coordinates":[[[3.8877,44.8818],[3.8809,44.8599],[3.8797,44.8459],[3.8584,44.8386],[3.8628,44.8331],[3.873,44.8267],[3.8619,44.8117],[3.8437,44.8086],[3.8396,44.8063],[3.8356,44.8082],[3.8377,44.8121],[3.8271,44.8196],[3.8209,44.8298],[3.8106,44.8311],[3.7974,44.8251],[3.7982,44.8327],[3.8118,44.8492],[3.8094,44.8596],[3.8216,44.8649],[3.818,44.8725],[3.8243,44.8816],[3.8274,44.884],[3.8373,44.8828],[3.8585,44.8895],[3.8627,44.879],[3.8704,44.8746],[3.8828,44.8779],[3.8877,44.8818]]]}},{"type":"Feature","properties":{"code":"43204","nom":"Saint-Julien-Molhesabate","app":8.72,"app_bas":6.48,"app_haut":11.73,"app_ech":"maille","app_obs":3,"mai":8.21,"mai_bas":6.04,"mai_haut":11.16,"mai_ech":"maille","mai_obs":1,"a12":10.31,"a3":7.07},"geometry":{"type":"Polygon","coordinates":[[[4.3864,45.2031],[4.4008,45.1981],[4.4086,45.1985],[4.4175,45.2031],[4.4362,45.1996],[4.4442,45.2014],[4.4567,45.2135],[4.4586,45.2193],[4.4762,45.2216],[4.4813,45.2159],[4.4788,45.2042],[4.4806,45.1955],[4.4738,45.1857],[4.4725,45.1794],[4.4593,45.175],[4.4582,45.1689],[4.4554,45.1674],[4.4348,45.1674],[4.4164,45.1652],[4.4048,45.1754],[4.3882,45.182],[4.3825,45.1904],[4.3864,45.2031]]]}},{"type":"Feature","properties":{"code":"43013","nom":"Vissac-Auteyrac","app":8.11,"app_bas":5.99,"app_haut":10.98,"app_ech":"maille","app_obs":1,"mai":7.14,"mai_bas":5.03,"mai_haut":10.12,"mai_ech":"maille","mai_obs":6,"a12":9.14,"a3":7.08},"geometry":{"type":"Polygon","coordinates":[[[3.6049,45.1337],[3.6246,45.1306],[3.6409,45.1377],[3.6461,45.1356],[3.6441,45.133],[3.6557,45.1217],[3.6663,45.1181],[3.6721,45.1194],[3.679,45.1091],[3.6732,45.1043],[3.6396,45.1095],[3.6281,45.1146],[3.6117,45.1155],[3.6008,45.1001],[3.5893,45.0881],[3.5818,45.0911],[3.5752,45.1005],[3.5796,45.1054],[3.5916,45.1126],[3.592,45.1226],[3.5974,45.1306],[3.6049,45.1337]]]}},{"type":"Feature","properties":{"code":"43256","nom":"Venteuges","app":7.36,"app_bas":5.81,"app_haut":9.32,"app_ech":"maille","app_obs":2,"mai":7.79,"mai_bas":5.94,"mai_haut":10.2,"mai_ech":"maille","mai_obs":2,"a12":10.46,"a3":6.23},"geometry":{"type":"Polygon","coordinates":[[[3.5418,45.0087],[3.5429,45.0006],[3.5378,44.9918],[3.5293,44.9867],[3.5245,44.9858],[3.5226,44.9778],[3.5151,44.9722],[3.5227,44.9646],[3.5219,44.9565],[3.5128,44.9582],[3.5028,44.9672],[3.4902,44.9675],[3.4832,44.9622],[3.4894,44.9502],[3.4576,44.9478],[3.4543,44.9522],[3.4432,44.9487],[3.4384,44.951],[3.4427,44.9602],[3.4314,44.9729],[3.4435,44.9852],[3.4456,44.9965],[3.4503,45.0033],[3.4691,45.0085],[3.4782,45.0138],[3.484,45.0102],[3.4969,45.0078],[3.5014,45.0044],[3.5105,45.008],[3.5238,45.0075],[3.5418,45.0087]]]}},{"type":"Feature","properties":{"code":"43087","nom":"Dunières","app":7.84,"app_bas":6.01,"app_haut":10.24,"app_ech":"commune","app_obs":483,"mai":8.21,"mai_bas":6.04,"mai_haut":11.16,"mai_ech":"maille","mai_obs":42,"a12":8.74,"a3":7.32},"geometry":{"type":"Polygon","coordinates":[[[4.3882,45.182],[4.3743,45.183],[4.3571,45.1861],[4.3453,45.1865],[4.3405,45.1908],[4.321,45.1923],[4.3176,45.1948],[4.3136,45.2022],[4.2999,45.2087],[4.2963,45.2131],[4.306,45.229],[4.3191,45.2339],[4.3246,45.243],[4.3362,45.2491],[4.3545,45.2482],[4.3571,45.2436],[4.3587,45.2371],[4.3729,45.2364],[4.3806,45.2304],[4.3763,45.2217],[4.3803,45.2082],[4.3864,45.2031],[4.3825,45.1904],[4.3882,45.182]]]}},{"type":"Feature","properties":{"code":"43125","nom":"Lubilhac","app":8.11,"app_bas":5.99,"app_haut":10.98,"app_ech":"maille","app_obs":2,"mai":7.84,"mai_bas":5.8,"mai_haut":10.59,"mai_ech":"maille","mai_obs":7,"a12":9.14,"a3":6.26},"geometry":{"type":"Polygon","coordinates":[[[3.2722,45.2095],[3.2675,45.2131],[3.2469,45.2156],[3.2354,45.2201],[3.2344,45.2376],[3.2289,45.2405],[3.2236,45.2484],[3.2269,45.2555],[3.225,45.2631],[3.2269,45.2719],[3.2268,45.2823],[3.2372,45.28],[3.2513,45.2711],[3.2596,45.269],[3.2648,45.2635],[3.2736,45.2656],[3.2777,45.255],[3.2654,45.2421],[3.2697,45.2358],[3.2764,45.2295],[3.2862,45.2288],[3.2916,45.2201],[3.2722,45.2095]]]}},{"type":"Feature","properties":{"code":"43264","nom":"Villeneuve-d'Allier","app":8.27,"app_bas":6.23,"app_haut":10.98,"app_ech":"maille","app_obs":1,"mai":7.61,"mai_bas":5.82,"mai_haut":9.94,"mai_ech":"maille","mai_obs":24,"a12":9.14,"a3":6.26},"geometry":{"type":"Polygon","coordinates":[[[3.3916,45.1784],[3.3918,45.1721],[3.3782,45.1639],[3.3623,45.172],[3.3625,45.1774],[3.3533,45.1807],[3.3607,45.1869],[3.3507,45.1997],[3.3563,45.2038],[3.3655,45.2044],[3.3734,45.2063],[3.3725,45.2121],[3.3797,45.2161],[3.3847,45.2262],[3.3927,45.232],[3.3985,45.2301],[3.3952,45.2179],[3.3994,45.2053],[3.3864,45.1982],[3.3854,45.1906],[3.3916,45.1784]]]}},{"type":"Feature","properties":{"code":"43035","nom":"Bonneval","app":8.27,"app_bas":6.23,"app_haut":10.98,"app_ech":"maille","app_obs":0,"mai":7.42,"mai_bas":5.42,"mai_haut":10.16,"mai_ech":"maille","mai_obs":0,"a12":8.81,"a3":6.41},"geometry":{"type":"Polygon","coordinates":[[[3.7229,45.2848],[3.7116,45.2873],[3.7028,45.2963],[3.7054,45.2978],[3.716,45.3158],[3.714,45.3203],[3.732,45.3253],[3.7458,45.3273],[3.7516,45.3316],[3.7624,45.3287],[3.7638,45.3208],[3.7598,45.3147],[3.7477,45.31],[3.748,45.2997],[3.7443,45.2916],[3.7339,45.2813],[3.7229,45.2848]]]}},{"type":"Feature","properties":{"code":"43068","nom":"Chazelles","app":7.36,"app_bas":5.81,"app_haut":9.32,"app_ech":"maille","app_obs":0,"mai":7.61,"mai_bas":5.82,"mai_haut":9.94,"mai_ech":"maille","mai_obs":1,"a12":9.14,"a3":6.23},"geometry":{"type":"Polygon","coordinates":[[[3.495,45.0378],[3.5035,45.0232],[3.5019,45.0137],[3.4969,45.0078],[3.484,45.0102],[3.4782,45.0138],[3.4791,45.0333],[3.495,45.0378]]]}},{"type":"Feature","properties":{"code":"43099","nom":"Frugerès-les-Mines","app":8.26,"app_bas":6.43,"app_haut":10.6,"app_ech":"maille","app_obs":3,"mai":7.84,"mai_bas":5.8,"mai_haut":10.59,"mai_ech":"maille","mai_obs":48,"a12":10.15,"a3":6.65},"geometry":{"type":"Polygon","coordinates":[[[3.3004,45.3891],[3.3113,45.3932],[3.316,45.3838],[3.307,45.3799],[3.3004,45.3891]]]}},{"type":"Feature","properties":{"code":"43106","nom":"Jax","app":8.11,"app_bas":5.99,"app_haut":10.98,"app_ech":"maille","app_obs":14,"mai":7.14,"mai_bas":5.03,"mai_haut":10.12,"mai_ech":"maille","mai_obs":6,"a12":9.14,"a3":6.38},"geometry":{"type":"Polygon","coordinates":[[[3.6136,45.1497],[3.6045,45.1642],[3.5928,45.1678],[3.5945,45.1792],[3.6031,45.1912],[3.6022,45.1968],[3.6132,45.196],[3.6172,45.1921],[3.6234,45.1814],[3.6306,45.1741],[3.6339,45.1655],[3.6484,45.1553],[3.6481,45.1525],[3.6256,45.147],[3.6136,45.1497]]]}},{"type":"Feature","properties":{"code":"43130","nom":"Mazet-Saint-Voy","app":8.44,"app_bas":6.37,"app_haut":11.19,"app_ech":"maille","app_obs":42,"mai":6.79,"mai_bas":5.07,"mai_haut":9.09,"mai_ech":"maille","mai_obs":14,"a12":9.56,"a3":6.67},"geometry":{"type":"Polygon","coordinates":[[[4.2323,45.0009],[4.214,45.0022],[4.2041,45.005],[4.2005,45.0159],[4.2113,45.0208],[4.2112,45.0262],[4.1963,45.0313],[4.1916,45.0345],[4.1919,45.0499],[4.1987,45.0561],[4.2171,45.0552],[4.2201,45.0602],[4.2161,45.0646],[4.2063,45.0668],[4.2244,45.0715],[4.2399,45.0722],[4.2468,45.0777],[4.2517,45.0876],[4.2621,45.0813],[4.2692,45.0839],[4.2885,45.0833],[4.2905,45.073],[4.2754,45.0606],[4.2785,45.0464],[4.2764,45.031],[4.2686,45.0228],[4.2611,45.0221],[4.2441,45.0116],[4.2462,45.0055],[4.2413,45.0004],[4.2323,45.0009]]]}},{"type":"Feature","properties":{"code":"43241","nom":"Solignac-sur-Loire","app":8.11,"app_bas":6.51,"app_haut":10.11,"app_ech":"maille","app_obs":81,"mai":6.48,"mai_bas":4.79,"mai_haut":8.78,"mai_ech":"maille","mai_obs":33,"a12":9.41,"a3":7.85},"geometry":{"type":"Polygon","coordinates":[[[3.8297,44.9587],[3.8305,44.963],[3.8438,44.9714],[3.8552,44.9713],[3.8764,44.9755],[3.8798,44.9813],[3.8925,44.9843],[3.8934,44.9776],[3.9035,44.9719],[3.9109,44.9749],[3.9265,44.9593],[3.9186,44.9509],[3.9214,44.9395],[3.9002,44.9433],[3.8811,44.9418],[3.8689,44.9295],[3.8578,44.9314],[3.8546,44.9382],[3.8598,44.9537],[3.8484,44.9501],[3.8399,44.9526],[3.8297,44.9587]]]}},{"type":"Feature","properties":{"code":"43029","nom":"Besseyre-Saint-Mary","app":8.24,"app_bas":6.32,"app_haut":10.75,"app_ech":"maille","app_obs":0,"mai":7.61,"mai_bas":5.82,"mai_haut":9.94,"mai_ech":"maille","mai_obs":2,"a12":10.46,"a3":6.23},"geometry":{"type":"Polygon","coordinates":[[[3.4503,45.0033],[3.4456,44.9965],[3.4435,44.9852],[3.4314,44.9729],[3.4427,44.9602],[3.4384,44.951],[3.4358,44.9488],[3.4128,44.9448],[3.4046,44.9564],[3.397,44.9586],[3.3864,44.9527],[3.3714,44.9603],[3.3703,44.97],[3.3727,44.9757],[3.3786,44.979],[3.4001,44.9762],[3.4118,44.9877],[3.4329,45.0027],[3.4452,45.0052],[3.4503,45.0033]]]}},{"type":"Feature","properties":{"code":"43108","nom":"Jullianges","app":7.48,"app_bas":5.73,"app_haut":9.75,"app_ech":"maille","app_obs":18,"mai":6.71,"mai_bas":4.84,"mai_haut":9.32,"mai_ech":"maille","mai_obs":5,"a12":8.81,"a3":6.41},"geometry":{"type":"Polygon","coordinates":[[[3.814,45.3279],[3.8196,45.3159],[3.8127,45.3065],[3.8031,45.2963],[3.7772,45.2792],[3.7745,45.2853],[3.7631,45.2914],[3.7566,45.2895],[3.7443,45.2916],[3.748,45.2997],[3.7477,45.31],[3.7788,45.3208],[3.7777,45.328],[3.7832,45.3322],[3.7982,45.3247],[3.814,45.3279]]]}},{"type":"Feature","properties":{"code":"43012","nom":"Aurec-sur-Loire","app":9.34,"app_bas":6.83,"app_haut":12.77,"app_ech":"commune","app_obs":481,"mai":9.05,"mai_bas":6.63,"mai_haut":12.35,"mai_ech":"commune","mai_obs":164,"a12":10.84,"a3":8.72},"geometry":{"type":"Polygon","coordinates":[[[4.1899,45.3412],[4.1953,45.3504],[4.1838,45.3535],[4.1708,45.3619],[4.1684,45.3697],[4.1727,45.3763],[4.1688,45.3835],[4.1621,45.3889],[4.1779,45.3926],[4.1933,45.3846],[4.2032,45.3836],[4.2266,45.3897],[4.2395,45.385],[4.2377,45.3775],[4.2419,45.3678],[4.2413,45.361],[4.2357,45.355],[4.2224,45.3486],[4.2048,45.3433],[4.1899,45.3412]]]}},{"type":"Feature","properties":{"code":"43120","nom":"Lempdes-sur-Allagnon","app":9.12,"app_bas":7.45,"app_haut":11.17,"app_ech":"commune","app_obs":127,"mai":7.21,"mai_bas":5.28,"mai_haut":9.84,"mai_ech":"commune","mai_obs":103,"a12":10.15,"a3":6.26},"geometry":{"type":"Polygon","coordinates":[[[3.2998,45.362],[3.2925,45.3605],[3.2822,45.3625],[3.2787,45.3593],[3.2737,45.3591],[3.2726,45.3698],[3.2657,45.3734],[3.2561,45.3743],[3.2602,45.3907],[3.2719,45.3928],[3.2875,45.3996],[3.2998,45.39],[3.2952,45.375],[3.3013,45.3683],[3.2998,45.362]]]}},{"type":"Feature","properties":{"code":"43180","nom":"Saint-Étienne-du-Vigan","app":6.58,"app_bas":5,"app_haut":8.67,"app_ech":"maille","app_obs":1,"mai":6.48,"mai_bas":4.79,"mai_haut":8.78,"mai_ech":"maille","mai_obs":7,"a12":9.41,"a3":7.79},"geometry":{"type":"Polygon","coordinates":[[[3.8419,44.7721],[3.8301,44.7757],[3.8194,44.7726],[3.8169,44.7915],[3.8217,44.8037],[3.8356,44.8082],[3.8528,44.7993],[3.8592,44.7888],[3.85,44.7828],[3.8504,44.7737],[3.8419,44.7721]]]}},{"type":"Feature","properties":{"code":"43202","nom":"Saint-Julien-des-Chazes","app":8.11,"app_bas":5.99,"app_haut":10.98,"app_ech":"maille","app_obs":0,"mai":7.14,"mai_bas":5.03,"mai_haut":10.12,"mai_ech":"maille","mai_obs":0,"a12":10.46,"a3":7.08},"geometry":{"type":"Polygon","coordinates":[[[3.5981,45.0349],[3.5559,45.0412],[3.5477,45.0457],[3.5492,45.0471],[3.5575,45.0483],[3.5682,45.0609],[3.5856,45.0656],[3.588,45.0525],[3.5961,45.0455],[3.5936,45.0392],[3.5981,45.0349]]]}},{"type":"Feature","properties":{"code":"43063","nom":"Chassagnes","app":8.11,"app_bas":5.99,"app_haut":10.98,"app_ech":"maille","app_obs":4,"mai":7.14,"mai_bas":5.03,"mai_haut":10.12,"mai_ech":"maille","mai_obs":5,"a12":8.81,"a3":6.38},"geometry":{"type":"Polygon","coordinates":[[[3.5656,45.2355],[3.5766,45.2287],[3.5781,45.2187],[3.5698,45.2064],[3.5591,45.2097],[3.5427,45.2068],[3.5436,45.198],[3.5313,45.1999],[3.531,45.2117],[3.5216,45.2247],[3.5303,45.2326],[3.5438,45.2349],[3.5577,45.2334],[3.5656,45.2355]]]}},{"type":"Feature","properties":{"code":"43183","nom":"Sainte-Eugénie-de-Villeneuve","app":7.64,"app_bas":5.81,"app_haut":10.05,"app_ech":"maille","app_obs":0,"mai":7.14,"mai_bas":5.03,"mai_haut":10.12,"mai_ech":"maille","mai_obs":10,"a12":8.14,"a3":6.38},"geometry":{"type":"Polygon","coordinates":[[[3.6072,45.1467],[3.6136,45.1497],[3.6256,45.147],[3.6481,45.1525],[3.6532,45.1513],[3.6587,45.144],[3.6461,45.1356],[3.6409,45.1377],[3.6246,45.1306],[3.6049,45.1337],[3.6122,45.1421],[3.6072,45.1467]]]}},{"type":"Feature","properties":{"code":"43189","nom":"Saint-Georges-Lagricol","app":7.48,"app_bas":5.73,"app_haut":9.75,"app_ech":"maille","app_obs":8,"mai":6.71,"mai_bas":4.84,"mai_haut":9.32,"mai_ech":"maille","mai_obs":2,"a12":8.81,"a3":6.41},"geometry":{"type":"Polygon","coordinates":[[[3.8577,45.2895],[3.8654,45.2975],[3.8711,45.3051],[3.8799,45.3277],[3.8876,45.3346],[3.9028,45.3387],[3.9063,45.3332],[3.9138,45.3276],[3.9142,45.3227],[3.9069,45.3109],[3.9044,45.2796],[3.8967,45.2814],[3.8766,45.2704],[3.8681,45.2725],[3.8682,45.2829],[3.8577,45.2895]]]}},{"type":"Feature","properties":{"code":"43230","nom":"Saint-Vincent","app":9.34,"app_bas":7.22,"app_haut":12.09,"app_ech":"maille","app_obs":16,"mai":7.43,"mai_bas":5.7,"mai_haut":9.69,"mai_ech":"maille","mai_obs":43,"a12":9.71,"a3":9.13},"geometry":{"type":"Polygon","coordinates":[[[3.8602,45.1677],[3.8688,45.1691],[3.8951,45.1699],[3.9199,45.1756],[3.9336,45.1687],[3.9346,45.1647],[3.9274,45.1597],[3.9245,45.1519],[3.9287,45.147],[3.9207,45.1278],[3.9046,45.1315],[3.8825,45.1334],[3.876,45.1269],[3.8715,45.1359],[3.8695,45.1576],[3.8586,45.1633],[3.8602,45.1677]]]}},{"type":"Feature","properties":{"code":"43101","nom":"Goudet","app":7.82,"app_bas":5.91,"app_haut":10.35,"app_ech":"maille","app_obs":0,"mai":6.48,"mai_bas":4.79,"mai_haut":8.78,"mai_ech":"maille","mai_obs":1,"a12":9.41,"a3":6.44},"geometry":{"type":"Polygon","coordinates":[[[3.9187,44.8772],[3.9187,44.8871],[3.9108,44.8915],[3.9015,44.8913],[3.9117,44.8941],[3.9077,44.9017],[3.9125,44.9127],[3.9197,44.9138],[3.9222,44.8978],[3.9316,44.8911],[3.9397,44.8826],[3.9478,44.8806],[3.9411,44.8788],[3.9221,44.8838],[3.9187,44.8772]]]}},{"type":"Feature","properties":{"code":"43267","nom":"Vorey","app":7.73,"app_bas":5.87,"app_haut":10.19,"app_ech":"commune","app_obs":182,"mai":7.42,"mai_bas":5.42,"mai_haut":10.16,"mai_ech":"maille","mai_obs":74,"a12":8.81,"a3":6.88},"geometry":{"type":"Polygon","coordinates":[[[3.8602,45.1677],[3.8536,45.1694],[3.8592,45.1797],[3.8612,45.1931],[3.8552,45.1953],[3.8462,45.1923],[3.8434,45.2032],[3.8526,45.2093],[3.8652,45.2135],[3.871,45.2179],[3.8843,45.2202],[3.887,45.2077],[3.896,45.1993],[3.9075,45.2123],[3.9057,45.2193],[3.9104,45.223],[3.922,45.2189],[3.9214,45.2124],[3.9519,45.2142],[3.9615,45.2088],[3.9701,45.1982],[3.954,45.185],[3.9536,45.1721],[3.9336,45.1687],[3.9199,45.1756],[3.8951,45.1699],[3.8688,45.1691],[3.8602,45.1677]]]}},{"type":"Feature","properties":{"code":"43092","nom":"Fay-sur-Lignon","app":8.31,"app_bas":6.35,"app_haut":10.87,"app_ech":"maille","app_obs":45,"mai":7.53,"mai_bas":5.46,"mai_haut":10.39,"mai_ech":"maille","mai_obs":1,"a12":8.25,"a3":6.35},"geometry":{"type":"Polygon","coordinates":[[[4.2323,45.0009],[4.2368,44.9813],[4.2326,44.9719],[4.2347,44.9682],[4.2239,44.9629],[4.2196,44.9633],[4.218,44.9743],[4.1937,44.9705],[4.1923,44.9763],[4.1837,44.9825],[4.1887,44.9932],[4.1886,45.0008],[4.1926,45.0044],[4.2041,45.005],[4.214,45.0022],[4.2323,45.0009]]]}},{"type":"Feature","properties":{"code":"43136","nom":"Monistrol-d'Allier","app":9.22,"app_bas":7.11,"app_haut":11.97,"app_ech":"maille","app_obs":0,"mai":7.61,"mai_bas":5.82,"mai_haut":9.94,"mai_ech":"maille","mai_obs":6,"a12":10.46,"a3":7.08},"geometry":{"type":"Polygon","coordinates":[[[3.6166,45.0188],[3.6247,45.0165],[3.631,45.007],[3.6243,45],[3.6288,44.988],[3.6472,44.9714],[3.6557,44.9721],[3.6744,44.9703],[3.6805,44.9744],[3.6841,44.9641],[3.6954,44.9591],[3.6955,44.9551],[3.6845,44.9502],[3.6751,44.95],[3.6654,44.9354],[3.6585,44.9426],[3.6394,44.95],[3.6316,44.9512],[3.6282,44.9595],[3.6092,44.9753],[3.5996,44.9744],[3.6041,44.9836],[3.5906,44.9998],[3.5872,45.0086],[3.5896,45.0135],[3.6023,45.0132],[3.6166,45.0188]]]}},{"type":"Feature","properties":{"code":"43227","nom":"Saint-Victor-Malescours","app":7.73,"app_bas":5.95,"app_haut":10.05,"app_ech":"maille","app_obs":26,"mai":7.96,"mai_bas":5.87,"mai_haut":10.81,"mai_ech":"maille","mai_obs":9,"a12":9.72,"a3":7.28},"geometry":{"type":"Polygon","coordinates":[[[4.2995,45.2755],[4.2803,45.2782],[4.286,45.2841],[4.3029,45.2902],[4.3155,45.3123],[4.3317,45.3185],[4.3512,45.3041],[4.3663,45.3013],[4.369,45.2978],[4.3613,45.2919],[4.3554,45.295],[4.3352,45.2916],[4.3262,45.2811],[4.3266,45.2725],[4.3185,45.2714],[4.3087,45.2753],[4.2995,45.2755]]]}},{"type":"Feature","properties":{"code":"43236","nom":"Séauve-sur-Semène","app":8.01,"app_bas":6.08,"app_haut":10.55,"app_ech":"commune","app_obs":293,"mai":8.84,"mai_bas":6.48,"mai_haut":12.05,"mai_ech":"maille","mai_obs":33,"a12":9.02,"a3":7.1},"geometry":{"type":"Polygon","coordinates":[[[4.2598,45.2744],[4.2496,45.2793],[4.2356,45.2805],[4.2371,45.2936],[4.2359,45.304],[4.2312,45.3144],[4.2468,45.3171],[4.2532,45.3103],[4.259,45.2973],[4.2687,45.2851],[4.2598,45.2744]]]}},{"type":"Feature","properties":{"code":"43238","nom":"Séneujols","app":8.11,"app_bas":6.51,"app_haut":10.11,"app_ech":"maille","app_obs":0,"mai":7.61,"mai_bas":5.82,"mai_haut":9.94,"mai_ech":"maille","mai_obs":15,"a12":9.41,"a3":7.85},"geometry":{"type":"Polygon","coordinates":[[[3.7649,44.9364],[3.7594,44.9525],[3.7671,44.9591],[3.759,44.9637],[3.7577,44.9713],[3.7686,44.9772],[3.7777,44.9742],[3.7773,44.9691],[3.7864,44.966],[3.7951,44.9702],[3.81,44.9548],[3.8141,44.9429],[3.8066,44.941],[3.788,44.941],[3.7649,44.9364]]]}},{"type":"Feature","properties":{"code":"43002","nom":"Aiguilhe","app":9.88,"app_bas":7.77,"app_haut":12.56,"app_ech":"commune","app_obs":147,"mai":8.36,"mai_bas":6.37,"mai_haut":10.96,"mai_ech":"maille","mai_obs":64,"a12":9.71,"a3":7.85},"geometry":{"type":"MultiPolygon","coordinates":[[[[3.8952,45.0506],[3.8801,45.0484],[3.8767,45.0542],[3.8823,45.0575],[3.8912,45.0558],[3.8952,45.0506]]],[[[3.8749,45.0496],[3.8756,45.0507],[3.8759,45.0481],[3.8749,45.0496]]]]}},{"type":"Feature","properties":{"code":"43151","nom":"Pinols","app":8.11,"app_bas":5.99,"app_haut":10.98,"app_ech":"maille","app_obs":2,"mai":7.14,"mai_bas":5.03,"mai_haut":10.12,"mai_ech":"maille","mai_obs":2,"a12":10.46,"a3":6.51},"geometry":{"type":"Polygon","coordinates":[[[3.3715,45.0022],[3.3499,45.0026],[3.3505,45.0108],[3.3472,45.0142],[3.3304,45.0079],[3.325,45.0098],[3.3372,45.0253],[3.3439,45.0461],[3.3554,45.053],[3.3638,45.0547],[3.3772,45.0609],[3.3853,45.0547],[3.405,45.0682],[3.4124,45.0699],[3.4282,45.0802],[3.4353,45.0773],[3.4341,45.0699],[3.4369,45.0612],[3.4373,45.049],[3.4409,45.0398],[3.4234,45.0395],[3.4128,45.0363],[3.4037,45.0268],[3.4052,45.0201],[3.3989,45.0199],[3.3932,45.0251],[3.3768,45.0205],[3.3763,45.0071],[3.3715,45.0022]]]}},{"type":"Feature","properties":{"code":"43162","nom":"Retournac","app":7.94,"app_bas":6.04,"app_haut":10.44,"app_ech":"commune","app_obs":306,"mai":7.54,"mai_bas":5.43,"mai_haut":10.46,"mai_ech":"commune","mai_obs":102,"a12":9.22,"a3":7.01},"geometry":{"type":"Polygon","coordinates":[[[4.0201,45.2577],[4.0236,45.2626],[4.0387,45.2633],[4.0464,45.2696],[4.0517,45.2682],[4.0503,45.2578],[4.052,45.2473],[4.0613,45.2381],[4.0635,45.2316],[4.0728,45.2207],[4.0724,45.2115],[4.0636,45.1981],[4.0561,45.1913],[4.0575,45.18],[4.0557,45.1751],[4.0462,45.1814],[4.0339,45.1817],[4.0235,45.1765],[4.0112,45.1802],[4.0018,45.186],[4.0007,45.1927],[4.0144,45.2038],[3.9981,45.2106],[3.9822,45.2064],[3.9743,45.224],[3.9727,45.2334],[3.9761,45.2382],[3.9841,45.2388],[3.9925,45.2377],[4.0179,45.2421],[4.0207,45.2465],[4.0201,45.2577]]]}},{"type":"Feature","properties":{"code":"43252","nom":"Varennes-Saint-Honorat","app":7.64,"app_bas":5.81,"app_haut":10.05,"app_ech":"maille","app_obs":0,"mai":7.42,"mai_bas":5.42,"mai_haut":10.16,"mai_ech":"maille","mai_obs":0,"a12":9.14,"a3":7.08},"geometry":{"type":"Polygon","coordinates":[[[3.639,45.203],[3.6437,45.192],[3.6595,45.1858],[3.6631,45.1765],[3.6735,45.1718],[3.6532,45.1513],[3.6481,45.1525],[3.6484,45.1553],[3.6339,45.1655],[3.6306,45.1741],[3.6234,45.1814],[3.6172,45.1921],[3.6299,45.1916],[3.6245,45.2005],[3.639,45.203]]]}},{"type":"Feature","properties":{"code":"43054","nom":"Chanaleilles","app":9.22,"app_bas":7.11,"app_haut":11.97,"app_ech":"maille","app_obs":0,"mai":7.79,"mai_bas":5.94,"mai_haut":10.2,"mai_ech":"maille","mai_obs":7,"a12":10.6,"a3":6},"geometry":{"type":"Polygon","coordinates":[[[3.5257,44.894],[3.5375,44.8793],[3.538,44.8732],[3.5293,44.8741],[3.5139,44.8661],[3.5192,44.8611],[3.534,44.86],[3.5364,44.8549],[3.5294,44.8519],[3.5181,44.8312],[3.4949,44.8154],[3.491,44.8085],[3.4782,44.8097],[3.4758,44.8154],[3.4571,44.8338],[3.4542,44.8446],[3.4418,44.8542],[3.4386,44.8608],[3.4357,44.8802],[3.4458,44.8793],[3.4678,44.8871],[3.4905,44.8917],[3.5091,44.8994],[3.5152,44.8923],[3.5257,44.894]]]}},{"type":"Feature","properties":{"code":"43076","nom":"Connangles","app":6.29,"app_bas":4.94,"app_haut":8.01,"app_ech":"maille","app_obs":3,"mai":7.17,"mai_bas":5.3,"mai_haut":9.7,"mai_ech":"maille","mai_obs":0,"a12":8.14,"a3":6.55},"geometry":{"type":"Polygon","coordinates":[[[3.6142,45.2721],[3.6093,45.2797],[3.6089,45.2861],[3.6142,45.2896],[3.6137,45.3033],[3.6182,45.3091],[3.6263,45.3124],[3.6405,45.3134],[3.6407,45.3262],[3.6596,45.3278],[3.6659,45.3261],[3.6675,45.3156],[3.6728,45.3075],[3.6888,45.2965],[3.6785,45.2979],[3.6705,45.2952],[3.6721,45.2894],[3.6818,45.2879],[3.6845,45.2841],[3.6709,45.2787],[3.6534,45.2835],[3.6461,45.2837],[3.6396,45.2798],[3.6276,45.2787],[3.6189,45.2694],[3.6142,45.2721]]]}},{"type":"Feature","properties":{"code":"43176","nom":"Saint-Didier-d'Allier","app":null,"app_bas":null,"app_haut":null,"app_ech":null,"app_obs":0,"mai":null,"mai_bas":null,"mai_haut":null,"mai_ech":null,"mai_obs":0,"a12":null,"a3":null},"geometry":{"type":"Polygon","coordinates":[[[3.7161,44.9959],[3.7151,44.982],[3.7065,44.9779],[3.6998,44.9631],[3.6954,44.9591],[3.6841,44.9641],[3.6805,44.9744],[3.6844,44.9799],[3.6798,44.9843],[3.683,44.9921],[3.6949,44.9952],[3.7161,44.9959]]]}},{"type":"Feature","properties":{"code":"43011","nom":"Aubazat","app":7.36,"app_bas":5.81,"app_haut":9.32,"app_ech":"maille","app_obs":0,"mai":7.14,"mai_bas":5.03,"mai_haut":10.12,"mai_ech":"maille","mai_obs":7,"a12":10.46,"a3":7.08},"geometry":{"type":"Polygon","coordinates":[[[3.4262,45.1066],[3.434,45.1085],[3.4304,45.1206],[3.4233,45.1247],[3.4197,45.1451],[3.4214,45.1557],[3.4371,45.153],[3.4374,45.1476],[3.4442,45.1443],[3.453,45.1451],[3.4642,45.1421],[3.4782,45.1424],[3.4809,45.1409],[3.4642,45.1164],[3.4559,45.1091],[3.4556,45.1049],[3.4468,45.0976],[3.4389,45.0985],[3.4393,45.1038],[3.4262,45.1066]]]}},{"type":"Feature","properties":{"code":"43070","nom":"Chilhac","app":8.11,"app_bas":5.99,"app_haut":10.98,"app_ech":"maille","app_obs":3,"mai":6.66,"mai_bas":4.88,"mai_haut":9.09,"mai_ech":"maille","mai_obs":6,"a12":9.14,"a3":6.51},"geometry":{"type":"Polygon","coordinates":[[[3.4321,45.1661],[3.4377,45.165],[3.4466,45.1721],[3.4507,45.1713],[3.4502,45.1532],[3.453,45.1451],[3.4442,45.1443],[3.4374,45.1476],[3.4371,45.153],[3.4214,45.1557],[3.4249,45.1631],[3.4321,45.1661]]]}},{"type":"Feature","properties":{"code":"43107","nom":"Josat","app":7.64,"app_bas":5.81,"app_haut":10.05,"app_ech":"maille","app_obs":0,"mai":7.42,"mai_bas":5.42,"mai_haut":10.16,"mai_ech":"maille","mai_obs":3,"a12":8.81,"a3":7.08},"geometry":{"type":"Polygon","coordinates":[[[3.6172,45.1921],[3.6132,45.196],[3.6022,45.1968],[3.5943,45.2006],[3.5976,45.2081],[3.5881,45.2183],[3.5864,45.2305],[3.5912,45.2392],[3.5992,45.2375],[3.6296,45.2218],[3.6315,45.2158],[3.6271,45.2096],[3.6357,45.2087],[3.639,45.203],[3.6245,45.2005],[3.6299,45.1916],[3.6172,45.1921]]]}},{"type":"Feature","properties":{"code":"43119","nom":"Lavoûte-sur-Loire","app":8.68,"app_bas":6.55,"app_haut":11.5,"app_ech":"maille","app_obs":76,"mai":7.43,"mai_bas":5.7,"mai_haut":9.69,"mai_ech":"maille","mai_obs":28,"a12":11.42,"a3":9.13},"geometry":{"type":"Polygon","coordinates":[[[3.8716,45.1133],[3.876,45.1269],[3.8825,45.1334],[3.9046,45.1315],[3.9207,45.1278],[3.9366,45.123],[3.9361,45.1131],[3.9261,45.1083],[3.917,45.1121],[3.9041,45.1114],[3.8954,45.107],[3.8905,45.1062],[3.8832,45.1119],[3.8716,45.1133]]]}},{"type":"Feature","properties":{"code":"43141","nom":"Montfaucon-en-Velay","app":7.8,"app_bas":5.97,"app_haut":10.19,"app_ech":"commune","app_obs":175,"mai":7.96,"mai_bas":5.87,"mai_haut":10.81,"mai_ech":"maille","mai_obs":25,"a12":9.56,"a3":7.29},"geometry":{"type":"Polygon","coordinates":[[[4.3176,45.1948],[4.321,45.1923],[4.3405,45.1908],[4.3453,45.1865],[4.3421,45.1776],[4.3339,45.1752],[4.3283,45.1818],[4.3231,45.1819],[4.316,45.1745],[4.3021,45.1749],[4.2996,45.1771],[4.308,45.1882],[4.3176,45.1948]]]}},{"type":"Feature","properties":{"code":"43222","nom":"Saint-Privat-du-Dragon","app":7.64,"app_bas":5.81,"app_haut":10.05,"app_ech":"maille","app_obs":0,"mai":6.66,"mai_bas":4.88,"mai_haut":9.09,"mai_ech":"maille","mai_obs":5,"a12":9.14,"a3":6.38},"geometry":{"type":"Polygon","coordinates":[[[3.4116,45.228],[3.4205,45.228],[3.4281,45.2225],[3.446,45.2267],[3.4447,45.223],[3.45,45.2124],[3.4579,45.2124],[3.4573,45.2096],[3.477,45.1875],[3.4698,45.1805],[3.4777,45.174],[3.4661,45.1693],[3.4466,45.1721],[3.4377,45.165],[3.4321,45.1661],[3.4136,45.1672],[3.4245,45.1708],[3.4216,45.1806],[3.4281,45.1868],[3.4281,45.1919],[3.4166,45.2017],[3.4152,45.2069],[3.4169,45.2198],[3.4116,45.228]]]}},{"type":"Feature","properties":{"code":"43253","nom":"Vastres","app":8.44,"app_bas":6.37,"app_haut":11.19,"app_ech":"maille","app_obs":1,"mai":6.79,"mai_bas":5.07,"mai_haut":9.09,"mai_ech":"maille","mai_obs":1,"a12":9.56,"a3":6.35},"geometry":{"type":"Polygon","coordinates":[[[4.2323,45.0009],[4.2413,45.0004],[4.2462,45.0055],[4.2441,45.0116],[4.2611,45.0221],[4.2686,45.0228],[4.2997,45.02],[4.2898,44.9973],[4.2983,44.9892],[4.3073,44.9859],[4.3132,44.9796],[4.3117,44.9718],[4.3041,44.9713],[4.2942,44.9668],[4.283,44.9675],[4.2579,44.96],[4.25,44.9606],[4.2347,44.9682],[4.2326,44.9719],[4.2368,44.9813],[4.2323,45.0009]]]}},{"type":"Feature","properties":{"code":"43067","nom":"Chavaniac-Lafayette","app":8.11,"app_bas":5.99,"app_haut":10.98,"app_ech":"maille","app_obs":4,"mai":7.42,"mai_bas":5.42,"mai_haut":10.16,"mai_ech":"maille","mai_obs":15,"a12":9.14,"a3":6.38},"geometry":{"type":"Polygon","coordinates":[[[3.6072,45.1467],[3.5776,45.1453],[3.5587,45.159],[3.5555,45.1637],[3.5619,45.1681],[3.5928,45.1678],[3.6045,45.1642],[3.6136,45.1497],[3.6072,45.1467]]]}},{"type":"Feature","properties":{"code":"43178","nom":"Saint-Didier-sur-Doulon","app":6.29,"app_bas":4.94,"app_haut":8.01,"app_ech":"maille","app_obs":0,"mai":7.17,"mai_bas":5.3,"mai_haut":9.7,"mai_ech":"maille","mai_obs":2,"a12":9.14,"a3":6.55},"geometry":{"type":"Polygon","coordinates":[[[3.5475,45.3336],[3.565,45.3313],[3.5725,45.3216],[3.5934,45.3134],[3.5899,45.2917],[3.5789,45.2868],[3.5706,45.2802],[3.5558,45.2736],[3.5428,45.2701],[3.5378,45.2805],[3.525,45.2848],[3.5074,45.3029],[3.4987,45.3027],[3.503,45.3142],[3.5013,45.3201],[3.513,45.3242],[3.5152,45.3327],[3.5475,45.3336]]]}},{"type":"Feature","properties":{"code":"43197","nom":"Saint-Jean-de-Nay","app":8.11,"app_bas":5.99,"app_haut":10.98,"app_ech":"maille","app_obs":2,"mai":7.14,"mai_bas":5.03,"mai_haut":10.12,"mai_ech":"maille","mai_obs":8,"a12":10.46,"a3":7.08},"geometry":{"type":"Polygon","coordinates":[[[3.7305,45.0702],[3.7176,45.0641],[3.7177,45.0555],[3.7076,45.0489],[3.7021,45.0363],[3.7044,45.0261],[3.6753,45.0303],[3.672,45.0319],[3.6809,45.0384],[3.6715,45.047],[3.6558,45.0462],[3.6499,45.0491],[3.6565,45.0638],[3.6634,45.0685],[3.669,45.0796],[3.6659,45.0852],[3.6749,45.1],[3.6732,45.1043],[3.679,45.1091],[3.6835,45.1],[3.6913,45.0928],[3.7034,45.0952],[3.7125,45.0856],[3.7264,45.0803],[3.7305,45.0702]]]}},{"type":"Feature","properties":{"code":"43016","nom":"Auzon","app":8.26,"app_bas":6.43,"app_haut":10.6,"app_ech":"maille","app_obs":16,"mai":7.17,"mai_bas":5.3,"mai_haut":9.7,"mai_ech":"maille","mai_obs":16,"a12":10.15,"a3":6.65},"geometry":{"type":"Polygon","coordinates":[[[3.4066,45.4033],[3.4202,45.3972],[3.4142,45.384],[3.4073,45.3767],[3.4026,45.3821],[3.3904,45.3811],[3.3918,45.3693],[3.3738,45.3671],[3.3685,45.3641],[3.3474,45.3772],[3.3389,45.3888],[3.3508,45.3902],[3.3638,45.4016],[3.3674,45.4115],[3.376,45.4045],[3.3895,45.4024],[3.4066,45.4033]]]}},{"type":"Feature","properties":{"code":"43032","nom":"Blavozy","app":9.11,"app_bas":7.15,"app_haut":11.61,"app_ech":"maille","app_obs":57,"mai":8.97,"mai_bas":6.84,"mai_haut":11.77,"mai_ech":"commune","mai_obs":110,"a12":9.71,"a3":9.13},"geometry":{"type":"Polygon","coordinates":[[[3.9477,45.066],[3.9604,45.0726],[3.9686,45.0695],[3.9755,45.0723],[3.977,45.075],[3.9871,45.0668],[3.9959,45.0646],[3.9857,45.0551],[3.9838,45.0495],[3.9496,45.0596],[3.9477,45.066]]]}},{"type":"Feature","properties":{"code":"43045","nom":"Ceyssac","app":8.67,"app_bas":6.87,"app_haut":10.96,"app_ech":"maille","app_obs":29,"mai":7.61,"mai_bas":5.82,"mai_haut":9.94,"mai_ech":"maille","mai_obs":20,"a12":10.46,"a3":7.08},"geometry":{"type":"Polygon","coordinates":[[[3.8347,45.0591],[3.8586,45.0286],[3.8537,45.0266],[3.8373,45.0236],[3.8166,45.0119],[3.8112,45.0117],[3.8085,45.0184],[3.8095,45.0272],[3.8142,45.0306],[3.8136,45.0428],[3.8277,45.0568],[3.8347,45.0591]]]}},{"type":"Feature","properties":{"code":"43210","nom":"Saint-Martin-de-Fugères","app":7.82,"app_bas":5.91,"app_haut":10.35,"app_ech":"maille","app_obs":1,"mai":6.22,"mai_bas":4.57,"mai_haut":8.47,"mai_ech":"maille","mai_obs":2,"a12":9.41,"a3":6.44},"geometry":{"type":"Polygon","coordinates":[[[3.9211,44.9353],[3.9266,44.9296],[3.9326,44.9292],[3.9435,44.9239],[3.9463,44.9283],[3.9618,44.9358],[3.9641,44.9282],[3.9737,44.9124],[3.9719,44.9077],[3.9641,44.9024],[3.9708,44.8971],[3.9705,44.8812],[3.9603,44.8765],[3.9397,44.8826],[3.9316,44.8911],[3.9222,44.8978],[3.9197,44.9138],[3.9131,44.9266],[3.915,44.9331],[3.9211,44.9353]]]}},{"type":"Feature","properties":{"code":"43023","nom":"Beaune-sur-Arzon","app":7.48,"app_bas":5.73,"app_haut":9.75,"app_ech":"maille","app_obs":3,"mai":6.71,"mai_bas":4.84,"mai_haut":9.32,"mai_ech":"maille","mai_obs":7,"a12":8.14,"a3":6.41},"geometry":{"type":"Polygon","coordinates":[[[3.8577,45.2895],[3.8465,45.2801],[3.8183,45.2741],[3.7984,45.2732],[3.7806,45.2767],[3.7772,45.2792],[3.8031,45.2963],[3.8127,45.3065],[3.835,45.3038],[3.8424,45.2981],[3.8541,45.3003],[3.8654,45.2975],[3.8577,45.2895]]]}},{"type":"Feature","properties":{"code":"43139","nom":"Montclard","app":8.27,"app_bas":6.23,"app_haut":10.98,"app_ech":"maille","app_obs":0,"mai":7.42,"mai_bas":5.42,"mai_haut":10.16,"mai_ech":"maille","mai_obs":0,"a12":8.14,"a3":6.55},"geometry":{"type":"Polygon","coordinates":[[[3.6142,45.2721],[3.6189,45.2694],[3.6173,45.265],[3.6072,45.2567],[3.5911,45.2511],[3.5703,45.252],[3.5705,45.2612],[3.5578,45.2594],[3.5395,45.2621],[3.535,45.266],[3.5428,45.2701],[3.5558,45.2736],[3.568,45.2711],[3.5826,45.2721],[3.5958,45.27],[3.6142,45.2721]]]}},{"type":"Feature","properties":{"code":"43198","nom":"Saint-Jean-Lachalm","app":8.11,"app_bas":6.51,"app_haut":10.11,"app_ech":"maille","app_obs":3,"mai":6.48,"mai_bas":4.79,"mai_haut":8.78,"mai_ech":"maille","mai_obs":7,"a12":9.41,"a3":7.08},"geometry":{"type":"Polygon","coordinates":[[[3.7106,44.9076],[3.7022,44.9097],[3.699,44.9156],[3.6869,44.9221],[3.6884,44.9343],[3.6837,44.9431],[3.6751,44.95],[3.6845,44.9502],[3.6955,44.9551],[3.6954,44.9591],[3.6998,44.9631],[3.7065,44.9779],[3.7151,44.982],[3.7278,44.9762],[3.7594,44.9525],[3.7692,44.9265],[3.769,44.918],[3.7398,44.9181],[3.7231,44.9163],[3.7106,44.9076]]]}},{"type":"Feature","properties":{"code":"43246","nom":"Tiranges","app":7.48,"app_bas":5.73,"app_haut":9.75,"app_ech":"maille","app_obs":17,"mai":6.71,"mai_bas":4.84,"mai_haut":9.32,"mai_ech":"maille","mai_obs":14,"a12":8.81,"a3":6.49},"geometry":{"type":"Polygon","coordinates":[[[4.0201,45.2577],[4.0098,45.2588],[3.9883,45.2738],[3.9844,45.2848],[3.9772,45.2865],[3.9735,45.3035],[3.9762,45.3087],[3.9899,45.3161],[4.0043,45.3133],[4.0144,45.3165],[4.0237,45.3116],[4.0264,45.3022],[4.0459,45.293],[4.0514,45.2876],[4.0582,45.287],[4.0593,45.2801],[4.049,45.2779],[4.0464,45.2696],[4.0387,45.2633],[4.0236,45.2626],[4.0201,45.2577]]]}},{"type":"Feature","properties":{"code":"43026","nom":"Bellevue-la-Montagne","app":7.64,"app_bas":5.81,"app_haut":10.05,"app_ech":"maille","app_obs":9,"mai":7.42,"mai_bas":5.42,"mai_haut":10.16,"mai_ech":"maille","mai_obs":20,"a12":8.81,"a3":6.41},"geometry":{"type":"Polygon","coordinates":[[[3.8434,45.2032],[3.8318,45.1977],[3.8333,45.1866],[3.8271,45.1832],[3.8171,45.1862],[3.8052,45.1805],[3.8008,45.1761],[3.7952,45.187],[3.8012,45.1897],[3.8006,45.2031],[3.7835,45.2088],[3.7832,45.2154],[3.7619,45.2224],[3.759,45.2286],[3.7716,45.2373],[3.7838,45.2422],[3.7879,45.2398],[3.81,45.2439],[3.8168,45.2365],[3.8302,45.2342],[3.8479,45.2374],[3.8592,45.2329],[3.8603,45.2238],[3.8717,45.2243],[3.871,45.2179],[3.8652,45.2135],[3.8526,45.2093],[3.8434,45.2032]]]}},{"type":"Feature","properties":{"code":"43171","nom":"Saint-Bérain","app":7.36,"app_bas":5.81,"app_haut":9.32,"app_ech":"maille","app_obs":3,"mai":7.14,"mai_bas":5.03,"mai_haut":10.12,"mai_ech":"maille","mai_obs":0,"a12":9.41,"a3":7.08},"geometry":{"type":"Polygon","coordinates":[[[3.5981,45.0349],[3.5936,45.0392],[3.6164,45.0449],[3.624,45.0489],[3.6366,45.048],[3.6499,45.0491],[3.6489,45.0335],[3.6581,45.0289],[3.6464,45.0166],[3.6413,45.0064],[3.631,45.007],[3.6247,45.0165],[3.6166,45.0188],[3.6147,45.0225],[3.6037,45.0272],[3.5981,45.0349]]]}},{"type":"Feature","properties":{"code":"43254","nom":"Vazeilles-Limandre","app":8.11,"app_bas":5.99,"app_haut":10.98,"app_ech":"maille","app_obs":14,"mai":7.14,"mai_bas":5.03,"mai_haut":10.12,"mai_ech":"maille","mai_obs":12,"a12":9.14,"a3":6.38},"geometry":{"type":"Polygon","coordinates":[[[3.7275,45.1223],[3.7315,45.1196],[3.7282,45.1144],[3.7109,45.114],[3.7029,45.1092],[3.7066,45.1029],[3.7034,45.0952],[3.6913,45.0928],[3.6835,45.1],[3.679,45.1091],[3.6721,45.1194],[3.6698,45.1373],[3.6798,45.1387],[3.6915,45.1319],[3.6935,45.1274],[3.7025,45.1247],[3.7275,45.1223]]]}},{"type":"Feature","properties":{"code":"43144","nom":"Moudeyres","app":8.31,"app_bas":6.35,"app_haut":10.87,"app_ech":"maille","app_obs":0,"mai":6.22,"mai_bas":4.57,"mai_haut":8.47,"mai_ech":"maille","mai_obs":6,"a12":11.42,"a3":6.44},"geometry":{"type":"Polygon","coordinates":[[[4.1017,44.9343],[4.1022,44.9391],[4.0856,44.9418],[4.0844,44.953],[4.0923,44.9629],[4.0896,44.968],[4.0958,44.9756],[4.1032,44.9719],[4.1123,44.9579],[4.1138,44.9473],[4.1188,44.9416],[4.1282,44.9417],[4.1275,44.9351],[4.1183,44.9268],[4.1045,44.9299],[4.1017,44.9343]]]}},{"type":"Feature","properties":{"code":"43250","nom":"Vals-le-Chastel","app":8.27,"app_bas":6.23,"app_haut":10.98,"app_ech":"maille","app_obs":0,"mai":7.42,"mai_bas":5.42,"mai_haut":10.16,"mai_ech":"maille","mai_obs":0,"a12":9.14,"a3":6.55},"geometry":{"type":"Polygon","coordinates":[[[3.525,45.2848],[3.5378,45.2805],[3.5428,45.2701],[3.535,45.266],[3.5284,45.258],[3.5233,45.2572],[3.5161,45.2723],[3.5167,45.2786],[3.525,45.2848]]]}},{"type":"Feature","properties":{"code":"43258","nom":"Vergongheon","app":9.2,"app_bas":7.49,"app_haut":11.3,"app_ech":"maille","app_obs":54,"mai":7.17,"mai_bas":5.3,"mai_haut":9.7,"mai_ech":"maille","mai_obs":96,"a12":10.15,"a3":6.65},"geometry":{"type":"Polygon","coordinates":[[[3.3004,45.3891],[3.307,45.3799],[3.3324,45.3903],[3.3389,45.3888],[3.3474,45.3772],[3.3685,45.3641],[3.3641,45.3598],[3.3482,45.3521],[3.3272,45.3663],[3.3188,45.3607],[3.3124,45.3639],[3.3133,45.3709],[3.3013,45.3683],[3.2952,45.375],[3.2998,45.39],[3.3004,45.3891]]]}},{"type":"Feature","properties":{"code":"43169","nom":"Saint-Austremoine","app":7.36,"app_bas":5.81,"app_haut":9.32,"app_ech":"maille","app_obs":0,"mai":7.14,"mai_bas":5.03,"mai_haut":10.12,"mai_ech":"maille","mai_obs":2,"a12":9.14,"a3":7.08},"geometry":{"type":"Polygon","coordinates":[[[3.314,45.1181],[3.3363,45.1239],[3.3329,45.1344],[3.3399,45.1312],[3.3698,45.1299],[3.3807,45.1319],[3.3868,45.1271],[3.3855,45.1205],[3.3916,45.1146],[3.3837,45.11],[3.3615,45.1042],[3.3505,45.1043],[3.3458,45.1125],[3.3318,45.1108],[3.314,45.1181]]]}},{"type":"Feature","properties":{"code":"43263","nom":"Vielprat","app":8.59,"app_bas":6.66,"app_haut":11.09,"app_ech":"maille","app_obs":0,"mai":6.48,"mai_bas":4.79,"mai_haut":8.78,"mai_ech":"maille","mai_obs":7,"a12":9.44,"a3":6.44},"geometry":{"type":"Polygon","coordinates":[[[3.9334,44.8624],[3.9494,44.8648],[3.9616,44.8589],[3.9647,44.8521],[3.9735,44.8423],[3.9709,44.8371],[3.9617,44.8313],[3.9559,44.8385],[3.9482,44.8433],[3.9301,44.8493],[3.9254,44.8539],[3.9334,44.8624]]]}},{"type":"Feature","properties":{"code":"43117","nom":"Lavaudieu","app":8.27,"app_bas":6.23,"app_haut":10.98,"app_ech":"maille","app_obs":3,"mai":7.42,"mai_bas":5.42,"mai_haut":10.16,"mai_ech":"maille","mai_obs":4,"a12":9.14,"a3":6.38},"geometry":{"type":"Polygon","coordinates":[[[3.4788,45.2541],[3.4753,45.2512],[3.4762,45.2433],[3.4691,45.2379],[3.4633,45.2379],[3.4534,45.2329],[3.4431,45.246],[3.4314,45.2513],[3.4274,45.2562],[3.4295,45.2702],[3.4368,45.2786],[3.446,45.2839],[3.4495,45.2906],[3.4606,45.2919],[3.4642,45.2937],[3.4648,45.2816],[3.4755,45.2688],[3.4841,45.2619],[3.4788,45.2541]]]}},{"type":"Feature","properties":{"code":"43052","nom":"Champagnac-le-Vieux","app":6.29,"app_bas":4.94,"app_haut":8.01,"app_ech":"maille","app_obs":0,"mai":7.17,"mai_bas":5.3,"mai_haut":9.7,"mai_ech":"maille","mai_obs":36,"a12":8.14,"a3":6.55},"geometry":{"type":"Polygon","coordinates":[[[3.4647,45.3694],[3.4679,45.3726],[3.4791,45.3696],[3.4834,45.3779],[3.4808,45.3831],[3.4938,45.3865],[3.5108,45.3798],[3.5153,45.3808],[3.5141,45.368],[3.5266,45.3519],[3.5404,45.3473],[3.5475,45.3336],[3.5152,45.3327],[3.513,45.3242],[3.5013,45.3201],[3.4979,45.3238],[3.5058,45.3378],[3.4786,45.3441],[3.4761,45.354],[3.4804,45.3625],[3.4691,45.3654],[3.4647,45.3694]]]}},{"type":"Feature","properties":{"code":"43224","nom":"Sainte-Sigolène","app":8.37,"app_bas":6.32,"app_haut":11.09,"app_ech":"commune","app_obs":650,"mai":8.33,"mai_bas":6.15,"mai_haut":11.3,"mai_ech":"commune","mai_obs":158,"a12":9.59,"a3":7.46},"geometry":{"type":"Polygon","coordinates":[[[4.1962,45.2234],[4.2079,45.2349],[4.1988,45.2461],[4.1972,45.252],[4.1878,45.2583],[4.1909,45.2656],[4.2118,45.2644],[4.2211,45.2754],[4.2356,45.2805],[4.2496,45.2793],[4.2631,45.2719],[4.2646,45.2585],[4.2584,45.2482],[4.258,45.237],[4.2505,45.226],[4.238,45.2182],[4.2308,45.2192],[4.2296,45.2097],[4.2227,45.2078],[4.2047,45.2105],[4.2097,45.2163],[4.1962,45.2234]]]}},{"type":"Feature","properties":{"code":"43231","nom":"Salettes","app":8.59,"app_bas":6.66,"app_haut":11.09,"app_ech":"maille","app_obs":1,"mai":6.48,"mai_bas":4.79,"mai_haut":8.78,"mai_ech":"maille","mai_obs":1,"a12":9.41,"a3":6.44},"geometry":{"type":"Polygon","coordinates":[[[3.9187,44.8772],[3.9221,44.8838],[3.9411,44.8788],[3.9478,44.8806],[3.9603,44.8765],[3.9705,44.8812],[3.9764,44.8788],[3.9909,44.8792],[4.0017,44.8767],[4.01,44.8789],[4.0131,44.8837],[4.0182,44.8815],[4.0206,44.8714],[4.0287,44.8662],[4.025,44.8502],[4.02,44.8459],[4.0092,44.8488],[3.9896,44.8486],[3.9756,44.8575],[3.9616,44.8589],[3.9494,44.8648],[3.9334,44.8624],[3.9207,44.8697],[3.9187,44.8772]]]}},{"type":"Feature","properties":{"code":"43004","nom":"Alleyrac","app":7.01,"app_bas":5.43,"app_haut":9.06,"app_ech":"maille","app_obs":0,"mai":6.22,"mai_bas":4.57,"mai_haut":8.47,"mai_ech":"maille","mai_obs":2,"a12":11.42,"a3":6.44},"geometry":{"type":"Polygon","coordinates":[[[4.0131,44.8837],[4.01,44.8789],[4.0017,44.8767],[3.9909,44.8792],[3.9764,44.8788],[3.9705,44.8812],[3.9708,44.8971],[3.9641,44.9024],[3.9719,44.9077],[3.9737,44.9124],[3.9865,44.9128],[3.9973,44.9073],[4.0127,44.9023],[4.0156,44.893],[4.0078,44.8911],[4.0131,44.8837]]]}},{"type":"Feature","properties":{"code":"43127","nom":"Malvalette","app":7.48,"app_bas":5.46,"app_haut":10.25,"app_ech":"maille","app_obs":13,"mai":8.84,"mai_bas":6.48,"mai_haut":12.05,"mai_ech":"maille","mai_obs":9,"a12":9.69,"a3":7.46},"geometry":{"type":"Polygon","coordinates":[[[4.1444,45.3841],[4.1621,45.3889],[4.1688,45.3835],[4.1727,45.3763],[4.1684,45.3697],[4.1708,45.3619],[4.1838,45.3535],[4.1953,45.3504],[4.1899,45.3412],[4.1803,45.3325],[4.1605,45.3336],[4.1538,45.3293],[4.1449,45.333],[4.138,45.3422],[4.1186,45.3484],[4.1078,45.3548],[4.1097,45.3639],[4.1214,45.3691],[4.154,45.3646],[4.1582,45.3728],[4.1444,45.3841]]]}},{"type":"Feature","properties":{"code":"43191","nom":"Saint-Géron","app":9.2,"app_bas":7.49,"app_haut":11.3,"app_ech":"maille","app_obs":0,"mai":7.84,"mai_bas":5.8,"mai_haut":10.59,"mai_ech":"maille","mai_obs":3,"a12":10.15,"a3":6.26},"geometry":{"type":"Polygon","coordinates":[[[3.2998,45.362],[3.3083,45.3427],[3.2996,45.3354],[3.3015,45.3276],[3.3131,45.3227],[3.3134,45.3153],[3.3073,45.3081],[3.2913,45.3076],[3.292,45.3111],[3.2886,45.3208],[3.2836,45.3253],[3.2792,45.3366],[3.2781,45.3494],[3.2787,45.3593],[3.2822,45.3625],[3.2925,45.3605],[3.2998,45.362]]]}},{"type":"Feature","properties":{"code":"43245","nom":"Thoras","app":9.22,"app_bas":7.11,"app_haut":11.97,"app_ech":"maille","app_obs":0,"mai":7.79,"mai_bas":5.94,"mai_haut":10.2,"mai_ech":"maille","mai_obs":0,"a12":10.6,"a3":6},"geometry":{"type":"Polygon","coordinates":[[[3.6054,44.9055],[3.6118,44.9067],[3.626,44.9007],[3.6315,44.8901],[3.6544,44.8807],[3.6443,44.8771],[3.6325,44.8773],[3.6265,44.8803],[3.6147,44.8742],[3.6083,44.8793],[3.5943,44.8754],[3.598,44.8595],[3.5921,44.848],[3.5894,44.8322],[3.5825,44.8261],[3.5745,44.8346],[3.5638,44.8328],[3.5616,44.825],[3.5398,44.8282],[3.5074,44.8242],[3.5181,44.8312],[3.5294,44.8519],[3.5364,44.8549],[3.534,44.86],[3.5192,44.8611],[3.5139,44.8661],[3.5293,44.8741],[3.538,44.8732],[3.5375,44.8793],[3.5257,44.894],[3.5337,44.8949],[3.5391,44.8893],[3.5496,44.8873],[3.5629,44.8898],[3.5702,44.8861],[3.5797,44.8853],[3.5897,44.8938],[3.6081,44.9025],[3.6054,44.9055]]]}},{"type":"Feature","properties":{"code":"43239","nom":"Siaugues-Sainte-Marie","app":8.11,"app_bas":5.99,"app_haut":10.98,"app_ech":"maille","app_obs":37,"mai":7.14,"mai_bas":5.03,"mai_haut":10.12,"mai_ech":"maille","mai_obs":17,"a12":10.46,"a3":6.51},"geometry":{"type":"Polygon","coordinates":[[[3.5936,45.0392],[3.5961,45.0455],[3.588,45.0525],[3.5856,45.0656],[3.5947,45.0694],[3.5848,45.0828],[3.6008,45.1001],[3.6117,45.1155],[3.6281,45.1146],[3.6396,45.1095],[3.6732,45.1043],[3.6749,45.1],[3.6659,45.0852],[3.669,45.0796],[3.6634,45.0685],[3.6565,45.0638],[3.6499,45.0491],[3.6366,45.048],[3.624,45.0489],[3.6164,45.0449],[3.5936,45.0392]]]}},{"type":"Feature","properties":{"code":"43084","nom":"Cussac-sur-Loire","app":7.82,"app_bas":5.91,"app_haut":10.35,"app_ech":"maille","app_obs":25,"mai":6.48,"mai_bas":4.79,"mai_haut":8.78,"mai_ech":"maille","mai_obs":86,"a12":9.71,"a3":7.85},"geometry":{"type":"Polygon","coordinates":[[[3.9153,44.9782],[3.9109,44.9749],[3.9035,44.9719],[3.8934,44.9776],[3.8925,44.9843],[3.8798,44.9813],[3.8764,44.9755],[3.8552,44.9713],[3.8438,44.9714],[3.845,44.9803],[3.8594,44.9969],[3.866,44.9992],[3.8878,45.0001],[3.896,44.9924],[3.9019,44.9827],[3.9153,44.9782]]]}},{"type":"Feature","properties":{"code":"43167","nom":"Saint-Arcons-d'Allier","app":7.36,"app_bas":5.81,"app_haut":9.32,"app_ech":"maille","app_obs":0,"mai":7.14,"mai_bas":5.03,"mai_haut":10.12,"mai_ech":"maille","mai_obs":5,"a12":9.14,"a3":6.51},"geometry":{"type":"Polygon","coordinates":[[[3.5682,45.0609],[3.5517,45.0651],[3.5454,45.0706],[3.543,45.087],[3.5259,45.0937],[3.5275,45.0954],[3.5462,45.1035],[3.5568,45.1054],[3.5796,45.1054],[3.5752,45.1005],[3.5818,45.0911],[3.5893,45.0881],[3.5848,45.0828],[3.5947,45.0694],[3.5856,45.0656],[3.5682,45.0609]]]}},{"type":"Feature","properties":{"code":"43208","nom":"Sainte-Marguerite","app":8.11,"app_bas":5.99,"app_haut":10.98,"app_ech":"maille","app_obs":3,"mai":7.42,"mai_bas":5.42,"mai_haut":10.16,"mai_ech":"maille","mai_obs":2,"a12":8.81,"a3":7.08},"geometry":{"type":"Polygon","coordinates":[[[3.5698,45.2064],[3.5781,45.2187],[3.5766,45.2287],[3.5864,45.2305],[3.5881,45.2183],[3.5976,45.2081],[3.5943,45.2006],[3.5736,45.1918],[3.5675,45.201],[3.5698,45.2064]]]}},{"type":"Feature","properties":{"code":"43153","nom":"Pont-Salomon","app":8.4,"app_bas":6.34,"app_haut":11.14,"app_ech":"commune","app_obs":194,"mai":7.96,"mai_bas":5.87,"mai_haut":10.81,"mai_ech":"maille","mai_obs":37,"a12":9.48,"a3":7.92},"geometry":{"type":"Polygon","coordinates":[[[4.2706,45.3332],[4.2667,45.3283],[4.2468,45.3171],[4.2307,45.3145],[4.2352,45.3278],[4.2246,45.3408],[4.2224,45.3486],[4.2357,45.355],[4.2523,45.3447],[4.255,45.3403],[4.2706,45.3332]]]}},{"type":"Feature","properties":{"code":"43121","nom":"Léotoing","app":7.58,"app_bas":5.96,"app_haut":9.65,"app_ech":"maille","app_obs":1,"mai":7.84,"mai_bas":5.8,"mai_haut":10.59,"mai_ech":"maille","mai_obs":20,"a12":10.15,"a3":6.65},"geometry":{"type":"Polygon","coordinates":[[[3.2191,45.3261],[3.2171,45.3304],[3.2076,45.3344],[3.2066,45.347],[3.2219,45.3504],[3.2115,45.3672],[3.2159,45.37],[3.2187,45.3695],[3.231,45.3729],[3.2496,45.3716],[3.2561,45.3743],[3.2657,45.3734],[3.2726,45.3698],[3.2737,45.3591],[3.2787,45.3593],[3.2781,45.3494],[3.2759,45.3461],[3.2633,45.3443],[3.2533,45.3465],[3.2441,45.3348],[3.2334,45.3304],[3.2318,45.3258],[3.2191,45.3261]]]}},{"type":"Feature","properties":{"code":"43030","nom":"Blanzac","app":9.34,"app_bas":7.22,"app_haut":12.09,"app_ech":"maille","app_obs":33,"mai":7.43,"mai_bas":5.7,"mai_haut":9.69,"mai_ech":"maille","mai_obs":15,"a12":9.71,"a3":9.13},"geometry":{"type":"Polygon","coordinates":[[[3.8716,45.1133],[3.8832,45.1119],[3.8905,45.1062],[3.868,45.1013],[3.8586,45.1021],[3.8335,45.0994],[3.8295,45.1027],[3.8221,45.1169],[3.8372,45.1283],[3.8463,45.1267],[3.8507,45.1157],[3.8716,45.1133]]]}},{"type":"Feature","properties":{"code":"43113","nom":"Lantriac","app":9.47,"app_bas":7.27,"app_haut":12.33,"app_ech":"commune","app_obs":104,"mai":6.22,"mai_bas":4.57,"mai_haut":8.47,"mai_ech":"maille","mai_obs":99,"a12":11.42,"a3":9.13},"geometry":{"type":"Polygon","coordinates":[[[4.0434,44.9975],[4.0546,44.9931],[4.0473,44.9878],[4.0293,44.9834],[4.0213,44.9784],[4.0158,44.9812],[4.005,44.9731],[4.0058,44.964],[3.9946,44.9626],[3.9686,44.9665],[3.9626,44.9707],[3.9764,44.9723],[3.9746,44.9787],[3.9622,44.9837],[3.9616,44.9889],[3.9706,44.9933],[3.9802,44.9928],[3.9818,44.9991],[3.975,45.0055],[3.9851,45.0049],[4.0029,45.0176],[4.0066,45.0173],[4.0267,45.0048],[4.0434,44.9975]]]}},{"type":"Feature","properties":{"code":"43128","nom":"Malvières","app":6.29,"app_bas":4.94,"app_haut":8.01,"app_ech":"maille","app_obs":1,"mai":7.17,"mai_bas":5.3,"mai_haut":9.7,"mai_ech":"maille","mai_obs":8,"a12":8.14,"a3":6.41},"geometry":{"type":"Polygon","coordinates":[[[3.6974,45.3464],[3.7014,45.3487],[3.7065,45.3607],[3.7187,45.3609],[3.7285,45.3591],[3.7408,45.353],[3.7559,45.3539],[3.7499,45.3369],[3.7516,45.3316],[3.7458,45.3273],[3.732,45.3253],[3.714,45.3203],[3.7094,45.3256],[3.7051,45.34],[3.6974,45.3464]]]}},{"type":"Feature","properties":{"code":"43018","nom":"Bains","app":9.22,"app_bas":7.11,"app_haut":11.97,"app_ech":"maille","app_obs":72,"mai":7.61,"mai_bas":5.82,"mai_haut":9.94,"mai_ech":"maille","mai_obs":51,"a12":9.41,"a3":7.85},"geometry":{"type":"Polygon","coordinates":[[[3.7951,44.9702],[3.7864,44.966],[3.7773,44.9691],[3.7777,44.9742],[3.7686,44.9772],[3.7577,44.9713],[3.759,44.9637],[3.7671,44.9591],[3.7594,44.9525],[3.7278,44.9762],[3.7151,44.982],[3.7159,45.0058],[3.7299,45.0076],[3.7429,45.0138],[3.7523,45.0258],[3.7666,45.0226],[3.7744,45.0266],[3.7892,45.0305],[3.797,45.0276],[3.8095,45.0272],[3.8085,45.0184],[3.8112,45.0117],[3.8036,45.0005],[3.7886,44.9885],[3.7895,44.978],[3.7956,44.9761],[3.7951,44.9702]]]}},{"type":"Feature","properties":{"code":"43047","nom":"Chadron","app":7.82,"app_bas":5.91,"app_haut":10.35,"app_ech":"maille","app_obs":4,"mai":6.22,"mai_bas":4.57,"mai_haut":8.47,"mai_ech":"maille","mai_obs":15,"a12":9.71,"a3":7.85},"geometry":{"type":"Polygon","coordinates":[[[3.9211,44.9353],[3.9214,44.9395],[3.9186,44.9509],[3.9265,44.9593],[3.9109,44.9749],[3.9153,44.9782],[3.9316,44.9754],[3.9489,44.9616],[3.9561,44.96],[3.9575,44.9539],[3.9528,44.9504],[3.9652,44.9418],[3.9618,44.9358],[3.9463,44.9283],[3.9435,44.9239],[3.9326,44.9292],[3.9266,44.9296],[3.9211,44.9353]]]}},{"type":"Feature","properties":{"code":"43056","nom":"Chanteuges","app":8.11,"app_bas":5.99,"app_haut":10.98,"app_ech":"maille","app_obs":18,"mai":7.61,"mai_bas":5.82,"mai_haut":9.94,"mai_ech":"maille","mai_obs":22,"a12":10.46,"a3":7.08},"geometry":{"type":"Polygon","coordinates":[[[3.5682,45.0609],[3.5575,45.0483],[3.5492,45.0471],[3.527,45.0538],[3.511,45.0542],[3.5042,45.0492],[3.4991,45.058],[3.5071,45.0671],[3.5128,45.0877],[3.5117,45.094],[3.5259,45.0937],[3.543,45.087],[3.5454,45.0706],[3.5517,45.0651],[3.5682,45.0609]]]}},{"type":"Feature","properties":{"code":"43086","nom":"Domeyrat","app":7.64,"app_bas":5.81,"app_haut":10.05,"app_ech":"maille","app_obs":0,"mai":7.42,"mai_bas":5.42,"mai_haut":10.16,"mai_ech":"maille","mai_obs":17,"a12":9.14,"a3":6.55},"geometry":{"type":"Polygon","coordinates":[[[3.4874,45.235],[3.4762,45.2433],[3.4753,45.2512],[3.4788,45.2541],[3.4909,45.2555],[3.4926,45.2594],[3.5035,45.2596],[3.5158,45.2509],[3.5228,45.2566],[3.5295,45.2542],[3.5351,45.2423],[3.5226,45.2347],[3.5015,45.2351],[3.4953,45.2388],[3.4874,45.235]]]}},{"type":"Feature","properties":{"code":"43102","nom":"Grazac","app":8.44,"app_bas":6.37,"app_haut":11.19,"app_ech":"maille","app_obs":61,"mai":7.53,"mai_bas":5.46,"mai_haut":10.39,"mai_ech":"maille","mai_obs":26,"a12":9.56,"a3":7.46},"geometry":{"type":"Polygon","coordinates":[[[4.1551,45.1916],[4.1613,45.1897],[4.1694,45.1949],[4.1648,45.2016],[4.1672,45.2111],[4.1652,45.2203],[4.178,45.2247],[4.1962,45.2234],[4.2097,45.2163],[4.2025,45.2072],[4.2054,45.1974],[4.203,45.1784],[4.2067,45.1588],[4.2028,45.1552],[4.1944,45.1565],[4.1925,45.1617],[4.1821,45.1673],[4.1746,45.168],[4.167,45.1767],[4.1507,45.1805],[4.1483,45.1852],[4.1551,45.1916]]]}},{"type":"Feature","properties":{"code":"43185","nom":"Sainte-Florine","app":8.4,"app_bas":6.54,"app_haut":10.78,"app_ech":"commune","app_obs":203,"mai":8.06,"mai_bas":5.97,"mai_haut":10.87,"mai_ech":"commune","mai_obs":229,"a12":10.15,"a3":7.07},"geometry":{"type":"Polygon","coordinates":[[[3.3004,45.3891],[3.2875,45.3996],[3.2918,45.4046],[3.2958,45.4184],[3.3019,45.4203],[3.3107,45.4174],[3.3243,45.4064],[3.3303,45.3972],[3.3324,45.3903],[3.316,45.3838],[3.3113,45.3932],[3.3004,45.3891]]]}},{"type":"Feature","properties":{"code":"43080","nom":"Craponne-sur-Arzon","app":8.17,"app_bas":6.15,"app_haut":10.86,"app_ech":"commune","app_obs":364,"mai":7.42,"mai_bas":5.42,"mai_haut":10.16,"mai_ech":"maille","mai_obs":73,"a12":9.35,"a3":6.91},"geometry":{"type":"Polygon","coordinates":[[[3.8974,45.3571],[3.9028,45.3387],[3.8876,45.3346],[3.8799,45.3277],[3.8711,45.3051],[3.8654,45.2975],[3.8541,45.3003],[3.8424,45.2981],[3.835,45.3038],[3.8127,45.3065],[3.8196,45.3159],[3.8119,45.333],[3.8195,45.3443],[3.838,45.3445],[3.8318,45.3572],[3.8373,45.3663],[3.8504,45.365],[3.8569,45.3593],[3.8783,45.355],[3.8922,45.354],[3.8974,45.3571]]]}},{"type":"Feature","properties":{"code":"43174","nom":"Saint-Christophe-sur-Dolaison","app":8.11,"app_bas":6.51,"app_haut":10.11,"app_ech":"maille","app_obs":2,"mai":6.48,"mai_bas":4.79,"mai_haut":8.78,"mai_ech":"maille","mai_obs":3,"a12":9.41,"a3":7.85},"geometry":{"type":"Polygon","coordinates":[[[3.7951,44.9702],[3.7956,44.9761],[3.7895,44.978],[3.7886,44.9885],[3.8036,45.0005],[3.8112,45.0117],[3.8166,45.0119],[3.8373,45.0236],[3.8537,45.0266],[3.8425,45.02],[3.8549,45.0132],[3.8617,45.0072],[3.866,44.9992],[3.8594,44.9969],[3.845,44.9803],[3.8438,44.9714],[3.8305,44.963],[3.8297,44.9587],[3.81,44.9548],[3.7951,44.9702]]]}},{"type":"Feature","properties":{"code":"43074","nom":"Cohade","app":8.26,"app_bas":6.43,"app_haut":10.6,"app_ech":"maille","app_obs":7,"mai":7.17,"mai_bas":5.3,"mai_haut":9.7,"mai_ech":"maille","mai_obs":58,"a12":10.15,"a3":6.55},"geometry":{"type":"Polygon","coordinates":[[[3.3944,45.323],[3.3948,45.3186],[3.3675,45.3146],[3.352,45.3321],[3.3576,45.341],[3.3482,45.3521],[3.3641,45.3598],[3.3877,45.3389],[3.3878,45.3268],[3.3944,45.323]]]}},{"type":"Feature","properties":{"code":"43089","nom":"Espaly-Saint-Marcel","app":9.41,"app_bas":7.44,"app_haut":11.9,"app_ech":"commune","app_obs":493,"mai":9.44,"mai_bas":7.19,"mai_haut":12.38,"mai_ech":"commune","mai_obs":128,"a12":10.62,"a3":8.31},"geometry":{"type":"Polygon","coordinates":[[[3.8347,45.0591],[3.8388,45.0593],[3.8483,45.0563],[3.8631,45.0585],[3.8697,45.056],[3.8759,45.0481],[3.8726,45.0387],[3.8586,45.0286],[3.8347,45.0591]]]}},{"type":"Feature","properties":{"code":"43163","nom":"Riotord","app":7.3,"app_bas":5.37,"app_haut":9.94,"app_ech":"maille","app_obs":81,"mai":7.96,"mai_bas":5.87,"mai_haut":10.81,"mai_ech":"maille","mai_obs":22,"a12":9.02,"a3":6.87},"geometry":{"type":"Polygon","coordinates":[[[4.4569,45.2535],[4.4686,45.2473],[4.4793,45.2379],[4.4831,45.2364],[4.4896,45.2248],[4.4878,45.2163],[4.4813,45.2159],[4.4762,45.2216],[4.4586,45.2193],[4.4567,45.2135],[4.4442,45.2014],[4.4362,45.1996],[4.4175,45.2031],[4.4086,45.1985],[4.4008,45.1981],[4.3864,45.2031],[4.3803,45.2082],[4.3763,45.2217],[4.3806,45.2304],[4.3729,45.2364],[4.3587,45.2371],[4.3571,45.2436],[4.3722,45.2448],[4.3792,45.2503],[4.3712,45.2599],[4.3779,45.262],[4.3864,45.2556],[4.3915,45.2642],[4.4197,45.2754],[4.4267,45.276],[4.4366,45.2727],[4.442,45.263],[4.4569,45.2535]]]}},{"type":"Feature","properties":{"code":"43181","nom":"Saint-Étienne-Lardeyrol","app":8.68,"app_bas":6.55,"app_haut":11.5,"app_ech":"maille","app_obs":10,"mai":8.36,"mai_bas":6.37,"mai_haut":10.96,"mai_ech":"maille","mai_obs":8,"a12":11.42,"a3":9.13},"geometry":{"type":"Polygon","coordinates":[[[4.0294,45.1007],[4.0274,45.0858],[4.0186,45.072],[3.9959,45.0646],[3.9871,45.0668],[3.977,45.075],[3.9899,45.0835],[3.9944,45.0951],[3.9946,45.1014],[4.0044,45.1057],[4.0144,45.1069],[4.0294,45.1007]]]}},{"type":"Feature","properties":{"code":"43219","nom":"Saint-Préjet-Armandon","app":7.64,"app_bas":5.81,"app_haut":10.05,"app_ech":"maille","app_obs":3,"mai":7.42,"mai_bas":5.42,"mai_haut":10.16,"mai_ech":"maille","mai_obs":1,"a12":8.14,"a3":6.55},"geometry":{"type":"Polygon","coordinates":[[[3.535,45.266],[3.5395,45.2621],[3.5578,45.2594],[3.5705,45.2612],[3.5703,45.252],[3.5815,45.2511],[3.5654,45.2405],[3.5656,45.2355],[3.5577,45.2334],[3.5438,45.2349],[3.5351,45.2423],[3.5295,45.2542],[3.5228,45.2566],[3.5284,45.258],[3.535,45.266]]]}},{"type":"Feature","properties":{"code":"43195","nom":"Saint-Ilpize","app":8.11,"app_bas":5.99,"app_haut":10.98,"app_ech":"maille","app_obs":4,"mai":6.66,"mai_bas":4.88,"mai_haut":9.09,"mai_ech":"maille","mai_obs":3,"a12":10.15,"a3":6.38},"geometry":{"type":"Polygon","coordinates":[[[3.4116,45.228],[3.4169,45.2198],[3.4152,45.2069],[3.4166,45.2017],[3.4281,45.1919],[3.4281,45.1868],[3.4216,45.1806],[3.3916,45.1784],[3.3854,45.1906],[3.3864,45.1982],[3.3994,45.2053],[3.3952,45.2179],[3.3985,45.2301],[3.4116,45.228]]]}},{"type":"Feature","properties":{"code":"43156","nom":"Présailles","app":7.01,"app_bas":5.43,"app_haut":9.06,"app_ech":"maille","app_obs":1,"mai":6.22,"mai_bas":4.57,"mai_haut":8.47,"mai_ech":"maille","mai_obs":5,"a12":11.42,"a3":6.44},"geometry":{"type":"Polygon","coordinates":[[[4.0776,44.8698],[4.0673,44.8699],[4.0396,44.8732],[4.0287,44.8662],[4.0206,44.8714],[4.0182,44.8815],[4.0131,44.8837],[4.0078,44.8911],[4.0156,44.893],[4.0127,44.9023],[4.0146,44.9139],[4.0266,44.9131],[4.0444,44.9163],[4.0523,44.9149],[4.0548,44.9079],[4.0738,44.9027],[4.0732,44.8939],[4.0766,44.8834],[4.0847,44.8784],[4.0776,44.8698]]]}},{"type":"Feature","properties":{"code":"43216","nom":"Saint-Paulien","app":8.97,"app_bas":6.95,"app_haut":11.58,"app_ech":"commune","app_obs":282,"mai":8.01,"mai_bas":5.86,"mai_haut":10.95,"mai_ech":"commune","mai_obs":114,"a12":8.67,"a3":6.84},"geometry":{"type":"Polygon","coordinates":[[[3.8716,45.1133],[3.8507,45.1157],[3.8463,45.1267],[3.8372,45.1283],[3.8221,45.1169],[3.8295,45.1027],[3.8119,45.0918],[3.8047,45.1052],[3.7882,45.1101],[3.7769,45.1124],[3.7734,45.1165],[3.7785,45.1197],[3.7802,45.1291],[3.7785,45.1386],[3.7826,45.1461],[3.7682,45.1582],[3.7847,45.1675],[3.7928,45.1752],[3.7989,45.1739],[3.798,45.1683],[3.8008,45.1569],[3.8114,45.1514],[3.8214,45.1504],[3.8329,45.1535],[3.8404,45.1617],[3.8586,45.1633],[3.8695,45.1576],[3.8715,45.1359],[3.876,45.1269],[3.8716,45.1133]]]}},{"type":"Feature","properties":{"code":"43149","nom":"Pébrac","app":7.36,"app_bas":5.81,"app_haut":9.32,"app_ech":"maille","app_obs":0,"mai":7.61,"mai_bas":5.82,"mai_haut":9.94,"mai_ech":"maille","mai_obs":0,"a12":9.14,"a3":6.51},"geometry":{"type":"Polygon","coordinates":[[[3.5418,45.0087],[3.5238,45.0075],[3.5105,45.008],[3.5014,45.0044],[3.4969,45.0078],[3.5019,45.0137],[3.5035,45.0232],[3.495,45.0378],[3.5042,45.0492],[3.511,45.0542],[3.527,45.0538],[3.5492,45.0471],[3.5404,45.0331],[3.5384,45.0218],[3.5518,45.0177],[3.5487,45.0109],[3.5418,45.0087]]]}},{"type":"Feature","properties":{"code":"43168","nom":"Saint-Arcons-de-Barges","app":7.82,"app_bas":5.91,"app_haut":10.35,"app_ech":"maille","app_obs":0,"mai":6.48,"mai_bas":4.79,"mai_haut":8.78,"mai_ech":"maille","mai_obs":3,"a12":9.41,"a3":6.44},"geometry":{"type":"Polygon","coordinates":[[[3.8938,44.8201],[3.8993,44.8253],[3.8995,44.833],[3.9049,44.8369],[3.8904,44.844],[3.9177,44.8536],[3.9254,44.8539],[3.9301,44.8493],[3.9482,44.8433],[3.9559,44.8385],[3.9632,44.8298],[3.9456,44.8244],[3.9445,44.821],[3.9356,44.8185],[3.9198,44.8175],[3.9042,44.8127],[3.8962,44.8139],[3.8938,44.8201]]]}},{"type":"Feature","properties":{"code":"43177","nom":"Saint-Didier-en-Velay","app":8.1,"app_bas":6.19,"app_haut":10.61,"app_ech":"commune","app_obs":459,"mai":7.96,"mai_bas":5.87,"mai_haut":10.81,"mai_ech":"maille","mai_obs":97,"a12":9.23,"a3":7.31},"geometry":{"type":"Polygon","coordinates":[[[4.2706,45.3332],[4.2786,45.3355],[4.2838,45.3438],[4.2928,45.3433],[4.3076,45.3292],[4.3186,45.3285],[4.3236,45.3155],[4.3155,45.3123],[4.3029,45.2902],[4.286,45.2841],[4.2803,45.2782],[4.279,45.2686],[4.2631,45.2719],[4.2598,45.2744],[4.2687,45.2851],[4.259,45.2973],[4.2532,45.3103],[4.2468,45.3171],[4.2667,45.3283],[4.2706,45.3332]]]}},{"type":"Feature","properties":{"code":"43233","nom":"Sanssac-l'Église","app":8.67,"app_bas":6.87,"app_haut":10.96,"app_ech":"maille","app_obs":14,"mai":7.61,"mai_bas":5.82,"mai_haut":9.94,"mai_ech":"maille","mai_obs":28,"a12":10.46,"a3":7.08},"geometry":{"type":"Polygon","coordinates":[[[3.8066,45.0619],[3.8265,45.0592],[3.8388,45.0593],[3.8347,45.0591],[3.8277,45.0568],[3.8136,45.0428],[3.8142,45.0306],[3.8095,45.0272],[3.797,45.0276],[3.7892,45.0305],[3.7857,45.033],[3.7651,45.0302],[3.7571,45.0345],[3.7651,45.0458],[3.7521,45.0476],[3.7592,45.0547],[3.7593,45.0563],[3.784,45.0629],[3.7941,45.058],[3.8066,45.0619]]]}},{"type":"Feature","properties":{"code":"43058","nom":"Chapelle-d'Aurec","app":8.54,"app_bas":6.41,"app_haut":11.37,"app_ech":"maille","app_obs":14,"mai":8.84,"mai_bas":6.48,"mai_haut":12.05,"mai_ech":"maille","mai_obs":20,"a12":9.48,"a3":7.24},"geometry":{"type":"Polygon","coordinates":[[[4.1543,45.3287],[4.1538,45.3293],[4.1605,45.3336],[4.1803,45.3325],[4.1899,45.3412],[4.2048,45.3433],[4.2224,45.3486],[4.2246,45.3408],[4.2352,45.3278],[4.2307,45.3145],[4.2283,45.3128],[4.2113,45.3175],[4.2015,45.3219],[4.1794,45.3249],[4.1673,45.3287],[4.1543,45.3287]]]}},{"type":"Feature","properties":{"code":"43095","nom":"Fix-Saint-Geneys","app":8.11,"app_bas":5.99,"app_haut":10.98,"app_ech":"maille","app_obs":8,"mai":7.14,"mai_bas":5.03,"mai_haut":10.12,"mai_ech":"maille","mai_obs":12,"a12":8.14,"a3":6.38},"geometry":{"type":"Polygon","coordinates":[[[3.6532,45.1513],[3.6615,45.1601],[3.675,45.1634],[3.6794,45.1614],[3.6821,45.1565],[3.6793,45.1473],[3.6798,45.1387],[3.6698,45.1373],[3.6721,45.1194],[3.6663,45.1181],[3.6557,45.1217],[3.6441,45.133],[3.6461,45.1356],[3.6587,45.144],[3.6532,45.1513]]]}},{"type":"Feature","properties":{"code":"43131","nom":"Mazerat-Aurouze","app":8.11,"app_bas":5.99,"app_haut":10.98,"app_ech":"maille","app_obs":2,"mai":7.42,"mai_bas":5.42,"mai_haut":10.16,"mai_ech":"maille","mai_obs":4,"a12":8.14,"a3":6.38},"geometry":{"type":"Polygon","coordinates":[[[3.5943,45.2006],[3.6022,45.1968],[3.6031,45.1912],[3.5945,45.1792],[3.5928,45.1678],[3.5619,45.1681],[3.5566,45.1763],[3.5269,45.1873],[3.5261,45.1901],[3.5313,45.1999],[3.5436,45.198],[3.5427,45.2068],[3.5591,45.2097],[3.5698,45.2064],[3.5675,45.201],[3.5736,45.1918],[3.5943,45.2006]]]}},{"type":"Feature","properties":{"code":"43137","nom":"Monistrol-sur-Loire","app":9.59,"app_bas":7.21,"app_haut":12.75,"app_ech":"commune","app_obs":1397,"mai":9.29,"mai_bas":6.81,"mai_haut":12.67,"mai_ech":"commune","mai_obs":482,"a12":10.77,"a3":8.63},"geometry":{"type":"Polygon","coordinates":[[[4.1528,45.2417],[4.1484,45.2501],[4.1515,45.2564],[4.1448,45.2587],[4.1389,45.2635],[4.1343,45.2735],[4.1354,45.2774],[4.1455,45.2815],[4.143,45.2872],[4.1446,45.3017],[4.1421,45.3105],[4.1558,45.3193],[4.1543,45.3287],[4.1673,45.3287],[4.1794,45.3249],[4.2015,45.3219],[4.2113,45.3175],[4.2283,45.3128],[4.2312,45.3144],[4.2359,45.304],[4.2371,45.2936],[4.2356,45.2805],[4.2211,45.2754],[4.2118,45.2644],[4.1909,45.2656],[4.1878,45.2583],[4.1821,45.2513],[4.1648,45.2588],[4.1528,45.2417]]]}},{"type":"Feature","properties":{"code":"43217","nom":"Saint-Pierre-du-Champ","app":7.48,"app_bas":5.73,"app_haut":9.75,"app_ech":"maille","app_obs":22,"mai":6.71,"mai_bas":4.84,"mai_haut":9.32,"mai_ech":"maille","mai_obs":15,"a12":8.81,"a3":6.41},"geometry":{"type":"Polygon","coordinates":[[[3.871,45.2179],[3.8717,45.2243],[3.8603,45.2238],[3.8592,45.2329],[3.8532,45.2448],[3.8511,45.2558],[3.8552,45.2714],[3.8619,45.2691],[3.8681,45.2725],[3.8766,45.2704],[3.8967,45.2814],[3.9044,45.2796],[3.919,45.2721],[3.924,45.2671],[3.9269,45.2495],[3.912,45.2494],[3.9058,45.2444],[3.9063,45.2359],[3.9115,45.2267],[3.9104,45.223],[3.9057,45.2193],[3.9075,45.2123],[3.896,45.1993],[3.887,45.2077],[3.8843,45.2202],[3.871,45.2179]]]}},{"type":"Feature","properties":{"code":"43065","nom":"Chastel","app":7.36,"app_bas":5.81,"app_haut":9.32,"app_ech":"maille","app_obs":0,"mai":7.61,"mai_bas":5.82,"mai_haut":9.94,"mai_ech":"maille","mai_obs":2,"a12":8.64,"a3":6.51},"geometry":{"type":"Polygon","coordinates":[[[3.3439,45.0461],[3.3372,45.0253],[3.3288,45.0301],[3.3106,45.0213],[3.3074,45.0236],[3.2972,45.0361],[3.3029,45.0492],[3.2995,45.061],[3.3105,45.0744],[3.312,45.0809],[3.3143,45.085],[3.2973,45.0914],[3.2875,45.089],[3.2866,45.0968],[3.2833,45.1038],[3.301,45.1068],[3.3052,45.1012],[3.3286,45.0948],[3.3416,45.0892],[3.3451,45.0853],[3.3409,45.0755],[3.3421,45.0703],[3.3534,45.0651],[3.3563,45.0565],[3.3439,45.0461]]]}},{"type":"Feature","properties":{"code":"43196","nom":"Saint-Jean-d'Aubrigoux","app":7.04,"app_bas":5.29,"app_haut":9.38,"app_ech":"maille","app_obs":0,"mai":6.71,"mai_bas":4.84,"mai_haut":9.32,"mai_ech":"maille","mai_obs":1,"a12":8.44,"a3":6.22},"geometry":{"type":"Polygon","coordinates":[[[3.8363,45.3831],[3.8373,45.3663],[3.8318,45.3572],[3.838,45.3445],[3.8195,45.3443],[3.8119,45.333],[3.8061,45.3341],[3.7956,45.3454],[3.7876,45.3512],[3.7802,45.3516],[3.79,45.3539],[3.7896,45.3631],[3.7856,45.3693],[3.7893,45.3743],[3.7914,45.3848],[3.7999,45.3904],[3.8083,45.3916],[3.8217,45.381],[3.8363,45.3831]]]}},{"type":"Feature","properties":{"code":"43232","nom":"Salzuit","app":7.64,"app_bas":5.81,"app_haut":10.05,"app_ech":"maille","app_obs":7,"mai":6.66,"mai_bas":4.88,"mai_haut":9.09,"mai_ech":"maille","mai_obs":18,"a12":8.14,"a3":6.38},"geometry":{"type":"Polygon","coordinates":[[[3.4717,45.1939],[3.4573,45.2096],[3.4579,45.2124],[3.4649,45.214],[3.4645,45.2198],[3.4882,45.2247],[3.4982,45.2198],[3.5036,45.2118],[3.5036,45.2045],[3.4985,45.2005],[3.4717,45.1939]]]}},{"type":"Feature","properties":{"code":"43182","nom":"Saint-Étienne-sur-Blesle","app":7.49,"app_bas":5.78,"app_haut":9.71,"app_ech":"maille","app_obs":0,"mai":6.59,"mai_bas":5.07,"mai_haut":8.56,"mai_ech":"maille","mai_obs":0,"a12":10.15,"a3":6.26},"geometry":{"type":"Polygon","coordinates":[[[3.1134,45.3271],[3.121,45.3259],[3.1318,45.3201],[3.1483,45.3169],[3.1569,45.3078],[3.1637,45.3046],[3.1607,45.2954],[3.1316,45.2861],[3.1113,45.2846],[3.1051,45.291],[3.0984,45.2918],[3.0823,45.2897],[3.0846,45.299],[3.0978,45.3009],[3.1035,45.3002],[3.1138,45.3091],[3.1118,45.3137],[3.0987,45.3169],[3.0906,45.3229],[3.1022,45.3283],[3.1134,45.3271]]]}},{"type":"Feature","properties":{"code":"43135","nom":"Monastier-sur-Gazeille","app":7.54,"app_bas":5.82,"app_haut":9.77,"app_ech":"commune","app_obs":154,"mai":6.22,"mai_bas":4.57,"mai_haut":8.47,"mai_ech":"maille","mai_obs":67,"a12":11.42,"a3":6.86},"geometry":{"type":"Polygon","coordinates":[[[3.9737,44.9124],[3.9641,44.9282],[3.9618,44.9358],[3.9652,44.9418],[3.9528,44.9504],[3.9575,44.9539],[3.9561,44.96],[3.9686,44.9665],[3.9946,44.9626],[4.0058,44.964],[4.0163,44.9591],[4.0135,44.9552],[4.0189,44.9499],[4.0304,44.9543],[4.0494,44.9466],[4.0462,44.9438],[4.0509,44.93],[4.0588,44.925],[4.0727,44.9225],[4.071,44.915],[4.0738,44.9027],[4.0548,44.9079],[4.0523,44.9149],[4.0444,44.9163],[4.0266,44.9131],[4.0146,44.9139],[4.0127,44.9023],[3.9973,44.9073],[3.9865,44.9128],[3.9737,44.9124]]]}},{"type":"Feature","properties":{"code":"43043","nom":"Céaux-d'Allègre","app":7.64,"app_bas":5.81,"app_haut":10.05,"app_ech":"maille","app_obs":9,"mai":7.42,"mai_bas":5.42,"mai_haut":10.16,"mai_ech":"maille","mai_obs":9,"a12":8.81,"a3":6.38},"geometry":{"type":"Polygon","coordinates":[[[3.714,45.1749],[3.7179,45.1833],[3.7303,45.1961],[3.7449,45.1991],[3.7539,45.1987],[3.7585,45.2051],[3.7515,45.2155],[3.7619,45.2224],[3.7832,45.2154],[3.7835,45.2088],[3.8006,45.2031],[3.8012,45.1897],[3.7952,45.187],[3.8008,45.1761],[3.7989,45.1739],[3.7928,45.1752],[3.7847,45.1675],[3.7682,45.1582],[3.773,45.1534],[3.7592,45.1578],[3.7509,45.1512],[3.7474,45.143],[3.7405,45.1511],[3.7251,45.1605],[3.7226,45.1723],[3.714,45.1749]]]}},{"type":"Feature","properties":{"code":"43053","nom":"Champclause","app":8.44,"app_bas":6.37,"app_haut":11.19,"app_ech":"maille","app_obs":0,"mai":7.53,"mai_bas":5.46,"mai_haut":10.39,"mai_ech":"maille","mai_obs":1,"a12":9.56,"a3":6.35},"geometry":{"type":"Polygon","coordinates":[[[4.1237,45.0472],[4.1352,45.0572],[4.1389,45.0492],[4.1665,45.0328],[4.1904,45.0301],[4.1963,45.0313],[4.2112,45.0262],[4.2113,45.0208],[4.2005,45.0159],[4.2041,45.005],[4.1926,45.0044],[4.1886,45.0008],[4.1783,45],[4.1574,45.0081],[4.1506,45.0165],[4.1431,45.0173],[4.1341,45.0235],[4.1187,45.0203],[4.1143,45.0305],[4.1174,45.0399],[4.1237,45.0472]]]}},{"type":"Feature","properties":{"code":"43103","nom":"Grenier-Montgon","app":7.49,"app_bas":5.78,"app_haut":9.71,"app_ech":"maille","app_obs":0,"mai":6.59,"mai_bas":5.07,"mai_haut":8.56,"mai_ech":"maille","mai_obs":11,"a12":9.14,"a3":6.26},"geometry":{"type":"Polygon","coordinates":[[[3.24,45.2866],[3.2372,45.28],[3.2268,45.2823],[3.2269,45.2719],[3.2225,45.272],[3.2126,45.2806],[3.205,45.282],[3.1856,45.2796],[3.1879,45.2958],[3.1987,45.3007],[3.2005,45.2912],[3.2153,45.286],[3.2216,45.2914],[3.24,45.2866]]]}},{"type":"Feature","properties":{"code":"43138","nom":"Monlet","app":7.64,"app_bas":5.81,"app_haut":10.05,"app_ech":"maille","app_obs":4,"mai":7.42,"mai_bas":5.42,"mai_haut":10.16,"mai_ech":"maille","mai_obs":9,"a12":8.81,"a3":6.38},"geometry":{"type":"Polygon","coordinates":[[[3.6665,45.257],[3.6903,45.2459],[3.701,45.2513],[3.7133,45.2534],[3.7166,45.2524],[3.734,45.2579],[3.7462,45.2542],[3.7462,45.2458],[3.7625,45.2461],[3.7533,45.2392],[3.7512,45.2344],[3.759,45.2286],[3.7619,45.2224],[3.7515,45.2155],[3.7585,45.2051],[3.7539,45.1987],[3.7449,45.1991],[3.7303,45.1961],[3.7267,45.1986],[3.7335,45.2098],[3.7246,45.2151],[3.7156,45.2137],[3.7094,45.2071],[3.7016,45.2051],[3.6869,45.209],[3.6796,45.2088],[3.6637,45.2233],[3.6589,45.2294],[3.6665,45.2406],[3.6745,45.2425],[3.68,45.249],[3.6662,45.2501],[3.6665,45.257]]]}},{"type":"Feature","properties":{"code":"43184","nom":"Saint-Ferréol-d'Auroure","app":9.13,"app_bas":7.04,"app_haut":11.84,"app_ech":"commune","app_obs":130,"mai":8.84,"mai_bas":6.48,"mai_haut":12.05,"mai_ech":"maille","mai_obs":44,"a12":9.48,"a3":7.28},"geometry":{"type":"Polygon","coordinates":[[[4.2443,45.3853],[4.2571,45.3725],[4.2708,45.3749],[4.2716,45.3598],[4.2669,45.3557],[4.2772,45.3504],[4.2838,45.3438],[4.2786,45.3355],[4.2706,45.3332],[4.255,45.3403],[4.2523,45.3447],[4.2357,45.355],[4.2413,45.361],[4.2419,45.3678],[4.2377,45.3775],[4.2395,45.385],[4.2443,45.3853]]]}},{"type":"Feature","properties":{"code":"43265","nom":"Villettes","app":8.54,"app_bas":6.41,"app_haut":11.37,"app_ech":"maille","app_obs":15,"mai":8.84,"mai_bas":6.48,"mai_haut":12.05,"mai_ech":"maille","mai_obs":38,"a12":9.48,"a3":7.24},"geometry":{"type":"Polygon","coordinates":[[[4.178,45.2247],[4.1592,45.2283],[4.1528,45.2417],[4.1648,45.2588],[4.1821,45.2513],[4.1878,45.2583],[4.1972,45.252],[4.1988,45.2461],[4.2079,45.2349],[4.1962,45.2234],[4.178,45.2247]]]}},{"type":"Feature","properties":{"code":"43079","nom":"Couteuges","app":8.11,"app_bas":5.99,"app_haut":10.98,"app_ech":"maille","app_obs":1,"mai":7.14,"mai_bas":5.03,"mai_haut":10.12,"mai_ech":"maille","mai_obs":8,"a12":9.14,"a3":7.08},"geometry":{"type":"Polygon","coordinates":[[[3.5036,45.2045],[3.5119,45.1997],[3.5151,45.1929],[3.5234,45.1892],[3.5097,45.18],[3.5103,45.1715],[3.5151,45.1674],[3.4936,45.1617],[3.4953,45.1752],[3.483,45.1778],[3.4777,45.174],[3.4698,45.1805],[3.477,45.1875],[3.4717,45.1939],[3.4985,45.2005],[3.5036,45.2045]]]}},{"type":"Feature","properties":{"code":"43199","nom":"Saint-Jeures","app":8.44,"app_bas":6.37,"app_haut":11.19,"app_ech":"maille","app_obs":30,"mai":7.53,"mai_bas":5.46,"mai_haut":10.39,"mai_ech":"maille","mai_obs":19,"a12":9.56,"a3":6.67},"geometry":{"type":"Polygon","coordinates":[[[4.241,45.1211],[4.2468,45.1044],[4.2531,45.0976],[4.2517,45.0876],[4.2468,45.0777],[4.2399,45.0722],[4.2244,45.0715],[4.2063,45.0668],[4.1959,45.0696],[4.1899,45.0758],[4.1918,45.0811],[4.1873,45.0921],[4.18,45.0951],[4.1699,45.1033],[4.1804,45.1121],[4.1811,45.1213],[4.1854,45.1348],[4.1947,45.146],[4.1944,45.1565],[4.2028,45.1552],[4.2115,45.1482],[4.2055,45.1412],[4.2102,45.1383],[4.2086,45.1214],[4.2192,45.1207],[4.2343,45.1226],[4.241,45.1211]]]}},{"type":"Feature","properties":{"code":"43055","nom":"Chaniat","app":6.29,"app_bas":4.94,"app_haut":8.01,"app_ech":"maille","app_obs":7,"mai":7.17,"mai_bas":5.3,"mai_haut":9.7,"mai_ech":"maille","mai_obs":9,"a12":9.14,"a3":6.38},"geometry":{"type":"Polygon","coordinates":[[[3.5013,45.3201],[3.503,45.3142],[3.4987,45.3027],[3.4781,45.2994],[3.4606,45.2919],[3.4556,45.303],[3.4395,45.3005],[3.4428,45.3063],[3.4535,45.3094],[3.4673,45.3164],[3.4634,45.3239],[3.4714,45.3342],[3.4942,45.3411],[3.5058,45.3378],[3.4979,45.3238],[3.5013,45.3201]]]}},{"type":"Feature","properties":{"code":"43116","nom":"Laval-sur-Doulon","app":8.27,"app_bas":6.23,"app_haut":10.98,"app_ech":"maille","app_obs":0,"mai":7.42,"mai_bas":5.42,"mai_haut":10.16,"mai_ech":"maille","mai_obs":0,"a12":9.14,"a3":6.55},"geometry":{"type":"Polygon","coordinates":[[[3.5475,45.3336],[3.5404,45.3473],[3.5503,45.3539],[3.5545,45.361],[3.5718,45.3721],[3.5661,45.3817],[3.5689,45.3857],[3.5811,45.3828],[3.5881,45.3739],[3.5854,45.3692],[3.5908,45.3571],[3.5854,45.3532],[3.5759,45.3406],[3.5747,45.3351],[3.565,45.3313],[3.5475,45.3336]]]}},{"type":"Feature","properties":{"code":"43014","nom":"Autrac","app":7.49,"app_bas":5.78,"app_haut":9.71,"app_ech":"maille","app_obs":0,"mai":7.84,"mai_bas":5.8,"mai_haut":10.59,"mai_ech":"maille","mai_obs":0,"a12":10.15,"a3":6.26},"geometry":{"type":"Polygon","coordinates":[[[3.1483,45.3169],[3.1318,45.3201],[3.121,45.3259],[3.1134,45.3271],[3.1132,45.3407],[3.1035,45.3544],[3.1244,45.3508],[3.1418,45.3535],[3.1513,45.3511],[3.1512,45.3484],[3.1326,45.339],[3.1348,45.3356],[3.1467,45.3306],[3.1483,45.3169]]]}},{"type":"Feature","properties":{"code":"43062","nom":"Chaspuzac","app":8.11,"app_bas":5.99,"app_haut":10.98,"app_ech":"maille","app_obs":18,"mai":7.14,"mai_bas":5.03,"mai_haut":10.12,"mai_ech":"maille","mai_obs":68,"a12":10.46,"a3":7.85},"geometry":{"type":"Polygon","coordinates":[[[3.7305,45.0702],[3.7471,45.0763],[3.7573,45.0781],[3.7763,45.0764],[3.784,45.0629],[3.7593,45.0563],[3.7592,45.0547],[3.7503,45.0568],[3.7304,45.0523],[3.7177,45.0555],[3.7176,45.0641],[3.7305,45.0702]]]}},{"type":"Feature","properties":{"code":"43094","nom":"Ferrussac","app":8.11,"app_bas":5.99,"app_haut":10.98,"app_ech":"maille","app_obs":4,"mai":7.14,"mai_bas":5.03,"mai_haut":10.12,"mai_ech":"maille","mai_obs":0,"a12":10.46,"a3":7.08},"geometry":{"type":"Polygon","coordinates":[[[3.3837,45.0968],[3.3861,45.1012],[3.3994,45.1078],[3.4191,45.1053],[3.4262,45.1066],[3.4393,45.1038],[3.4389,45.0985],[3.4335,45.0943],[3.4282,45.0802],[3.4124,45.0699],[3.405,45.0682],[3.3853,45.0547],[3.3772,45.0609],[3.3828,45.0819],[3.3837,45.0968]]]}},{"type":"Feature","properties":{"code":"43100","nom":"Frugières-le-Pin","app":8.27,"app_bas":6.23,"app_haut":10.98,"app_ech":"maille","app_obs":6,"mai":7.17,"mai_bas":5.3,"mai_haut":9.7,"mai_ech":"maille","mai_obs":0,"a12":8.14,"a3":6.38},"geometry":{"type":"Polygon","coordinates":[[[3.4788,45.2541],[3.4841,45.2619],[3.4755,45.2688],[3.4648,45.2816],[3.491,45.2827],[3.5027,45.2844],[3.5192,45.2911],[3.525,45.2848],[3.5167,45.2786],[3.5161,45.2723],[3.5233,45.2572],[3.5158,45.2509],[3.5035,45.2596],[3.4926,45.2594],[3.4909,45.2555],[3.4788,45.2541]]]}},{"type":"Feature","properties":{"code":"43150","nom":"Pertuis","app":7.22,"app_bas":5.6,"app_haut":9.31,"app_ech":"maille","app_obs":25,"mai":7.43,"mai_bas":5.7,"mai_haut":9.69,"mai_ech":"maille","mai_obs":21,"a12":11.42,"a3":6.49},"geometry":{"type":"Polygon","coordinates":[[[4.0294,45.1007],[4.0285,45.1011],[4.0339,45.105],[4.0431,45.1178],[4.057,45.1112],[4.0692,45.1204],[4.0807,45.1178],[4.0835,45.1091],[4.0917,45.1039],[4.0961,45.0952],[4.0922,45.0908],[4.0803,45.0875],[4.0587,45.0883],[4.0468,45.0921],[4.0294,45.1007]]]}},{"type":"Feature","properties":{"code":"43160","nom":"Rauret","app":7.82,"app_bas":5.91,"app_haut":10.35,"app_ech":"maille","app_obs":2,"mai":6.48,"mai_bas":4.79,"mai_haut":8.78,"mai_ech":"maille","mai_obs":5,"a12":9.41,"a3":7.08},"geometry":{"type":"Polygon","coordinates":[[[3.7641,44.8004],[3.7588,44.8056],[3.7624,44.8107],[3.7598,44.8161],[3.7828,44.8201],[3.7974,44.8251],[3.8106,44.8311],[3.8209,44.8298],[3.8271,44.8196],[3.8377,44.8121],[3.8356,44.8082],[3.8217,44.8037],[3.8169,44.7915],[3.8194,44.7726],[3.8121,44.766],[3.8033,44.7704],[3.8032,44.7816],[3.7985,44.7861],[3.7795,44.7973],[3.7641,44.8004]]]}},{"type":"Feature","properties":{"code":"43025","nom":"Beauzac","app":8.48,"app_bas":6.35,"app_haut":11.31,"app_ech":"commune","app_obs":176,"mai":8.32,"mai_bas":6.09,"mai_haut":11.36,"mai_ech":"commune","mai_obs":136,"a12":9.48,"a3":7.19},"geometry":{"type":"Polygon","coordinates":[[[4.1448,45.2587],[4.1369,45.256],[4.1236,45.2464],[4.1076,45.2444],[4.1005,45.2368],[4.1021,45.2284],[4.1009,45.2145],[4.0907,45.2158],[4.083,45.2244],[4.0728,45.2207],[4.0635,45.2316],[4.0613,45.2381],[4.052,45.2473],[4.0503,45.2578],[4.0517,45.2682],[4.0464,45.2696],[4.049,45.2779],[4.0593,45.2801],[4.0797,45.2757],[4.0994,45.2769],[4.1176,45.2894],[4.143,45.2872],[4.1455,45.2815],[4.1354,45.2774],[4.1343,45.2735],[4.1389,45.2635],[4.1448,45.2587]]]}},{"type":"Feature","properties":{"code":"43061","nom":"Chaspinhac","app":9.11,"app_bas":7.15,"app_haut":11.61,"app_ech":"maille","app_obs":11,"mai":8.36,"mai_bas":6.37,"mai_haut":10.96,"mai_ech":"maille","mai_obs":18,"a12":9.71,"a3":9.13},"geometry":{"type":"Polygon","coordinates":[[[3.9114,45.0768],[3.9105,45.0873],[3.8974,45.0974],[3.8954,45.107],[3.9041,45.1114],[3.917,45.1121],[3.9261,45.1083],[3.9527,45.0914],[3.9726,45.0734],[3.9755,45.0723],[3.9686,45.0695],[3.9604,45.0726],[3.9477,45.066],[3.9446,45.0683],[3.9122,45.0709],[3.9114,45.0768]]]}},{"type":"Feature","properties":{"code":"43147","nom":"Paulhac","app":8.11,"app_bas":5.99,"app_haut":10.98,"app_ech":"maille","app_obs":3,"mai":7.84,"mai_bas":5.8,"mai_haut":10.59,"mai_ech":"maille","mai_obs":23,"a12":10.15,"a3":6.26},"geometry":{"type":"Polygon","coordinates":[[[3.3146,45.2759],[3.3142,45.2896],[3.3249,45.296],[3.3284,45.3042],[3.3368,45.309],[3.3448,45.3073],[3.356,45.3126],[3.3636,45.305],[3.3647,45.2972],[3.3574,45.2847],[3.3432,45.2914],[3.333,45.2885],[3.3321,45.2818],[3.326,45.2773],[3.3146,45.2759]]]}},{"type":"Feature","properties":{"code":"43192","nom":"Saint-Haon","app":7.82,"app_bas":5.91,"app_haut":10.35,"app_ech":"maille","app_obs":9,"mai":6.48,"mai_bas":4.79,"mai_haut":8.78,"mai_ech":"maille","mai_obs":8,"a12":10.46,"a3":7.08},"geometry":{"type":"Polygon","coordinates":[[[3.7974,44.8251],[3.7828,44.8201],[3.7598,44.8161],[3.7527,44.821],[3.7461,44.8327],[3.7354,44.8401],[3.7373,44.8581],[3.7235,44.8609],[3.7123,44.8704],[3.7003,44.8773],[3.6974,44.8753],[3.7007,44.8792],[3.7084,44.8786],[3.7215,44.8853],[3.7227,44.8938],[3.743,44.8906],[3.7535,44.8927],[3.7508,44.8881],[3.7547,44.88],[3.771,44.8744],[3.7859,44.8721],[3.79,44.8677],[3.8094,44.8596],[3.8118,44.8492],[3.7982,44.8327],[3.7974,44.8251]]]}},{"type":"Feature","properties":{"code":"43249","nom":"Valprivas","app":7.48,"app_bas":5.46,"app_haut":10.25,"app_ech":"maille","app_obs":5,"mai":8,"mai_bas":5.93,"mai_haut":10.79,"mai_ech":"maille","mai_obs":7,"a12":8.44,"a3":7.24},"geometry":{"type":"Polygon","coordinates":[[[4.0359,45.3537],[4.0459,45.3557],[4.0601,45.3467],[4.0624,45.3391],[4.0708,45.3361],[4.0743,45.3315],[4.0645,45.3244],[4.0679,45.3126],[4.0767,45.3064],[4.0684,45.3007],[4.0582,45.287],[4.0514,45.2876],[4.0459,45.293],[4.0264,45.3022],[4.0237,45.3116],[4.0265,45.3166],[4.0206,45.3282],[4.0248,45.3429],[4.0215,45.347],[4.0344,45.3502],[4.0359,45.3537]]]}},{"type":"Feature","properties":{"code":"43050","nom":"Chambezon","app":9.2,"app_bas":7.49,"app_haut":11.3,"app_ech":"maille","app_obs":0,"mai":7.84,"mai_bas":5.8,"mai_haut":10.59,"mai_ech":"maille","mai_obs":6,"a12":10.36,"a3":6.65},"geometry":{"type":"Polygon","coordinates":[[[3.2362,45.3946],[3.2501,45.389],[3.2602,45.3907],[3.2561,45.3743],[3.2496,45.3716],[3.231,45.3729],[3.2187,45.3695],[3.2209,45.3789],[3.2362,45.3946]]]}},{"type":"Feature","properties":{"code":"43104","nom":"Grèzes","app":7.36,"app_bas":5.81,"app_haut":9.32,"app_ech":"maille","app_obs":0,"mai":7.79,"mai_bas":5.94,"mai_haut":10.2,"mai_ech":"maille","mai_obs":1,"a12":10.6,"a3":6},"geometry":{"type":"Polygon","coordinates":[[[3.4193,44.9084],[3.4253,44.9156],[3.4392,44.9262],[3.4505,44.9273],[3.4654,44.9261],[3.4621,44.9402],[3.4714,44.9448],[3.4813,44.9426],[3.4895,44.9451],[3.4914,44.9393],[3.5003,44.9367],[3.5083,44.9256],[3.5173,44.9182],[3.5143,44.9126],[3.5176,44.9018],[3.5091,44.8994],[3.4905,44.8917],[3.4678,44.8871],[3.4458,44.8793],[3.4357,44.8802],[3.418,44.9008],[3.4193,44.9084]]]}},{"type":"Feature","properties":{"code":"43112","nom":"Langeac","app":8.38,"app_bas":6.61,"app_haut":10.62,"app_ech":"commune","app_obs":649,"mai":7.69,"mai_bas":5.4,"mai_haut":10.93,"mai_ech":"commune","mai_obs":132,"a12":10.14,"a3":6.99},"geometry":{"type":"Polygon","coordinates":[[[3.4642,45.1164],[3.4719,45.1106],[3.4888,45.1143],[3.4992,45.1118],[3.5092,45.1035],[3.5275,45.0954],[3.5259,45.0937],[3.5117,45.094],[3.5128,45.0877],[3.5071,45.0671],[3.4991,45.058],[3.5042,45.0492],[3.495,45.0378],[3.485,45.0347],[3.479,45.0493],[3.4849,45.0619],[3.4606,45.0565],[3.4587,45.0651],[3.4484,45.0723],[3.4282,45.0802],[3.4335,45.0943],[3.4389,45.0985],[3.4468,45.0976],[3.4556,45.1049],[3.4559,45.1091],[3.4642,45.1164]]]}},{"type":"Feature","properties":{"code":"43114","nom":"Lapte","app":7.49,"app_bas":5.73,"app_haut":9.78,"app_ech":"maille","app_obs":87,"mai":7.53,"mai_bas":5.46,"mai_haut":10.39,"mai_ech":"maille","mai_obs":47,"a12":9.56,"a3":6.67},"geometry":{"type":"Polygon","coordinates":[[[4.2894,45.1592],[4.2897,45.1582],[4.2807,45.1537],[4.2761,45.1573],[4.2652,45.1582],[4.2573,45.1511],[4.2456,45.1573],[4.2366,45.1575],[4.2223,45.148],[4.2115,45.1482],[4.2028,45.1552],[4.2067,45.1588],[4.203,45.1784],[4.2054,45.1974],[4.2025,45.2072],[4.2047,45.2105],[4.2227,45.2078],[4.2296,45.2097],[4.2308,45.2192],[4.238,45.2182],[4.2493,45.2147],[4.2531,45.1977],[4.2579,45.1927],[4.2599,45.1841],[4.2695,45.1691],[4.2894,45.1592]]]}},{"type":"Feature","properties":{"code":"43143","nom":"Montusclat","app":8.44,"app_bas":6.37,"app_haut":11.19,"app_ech":"maille","app_obs":0,"mai":6.22,"mai_bas":4.57,"mai_haut":8.47,"mai_ech":"maille","mai_obs":4,"a12":9.56,"a3":6.35},"geometry":{"type":"Polygon","coordinates":[[[4.1574,45.0081],[4.1444,45.0072],[4.1298,45.0013],[4.1171,44.9983],[4.108,45.0012],[4.1007,45.008],[4.0913,45.0049],[4.0807,44.9968],[4.0724,44.9954],[4.0721,45.0028],[4.0803,45.0146],[4.0869,45.0172],[4.0939,45.0119],[4.1187,45.0203],[4.1341,45.0235],[4.1431,45.0173],[4.1506,45.0165],[4.1574,45.0081]]]}},{"type":"Feature","properties":{"code":"43229","nom":"Saint-Vidal","app":9.34,"app_bas":7.22,"app_haut":12.09,"app_ech":"maille","app_obs":15,"mai":7.61,"mai_bas":5.82,"mai_haut":9.94,"mai_ech":"maille","mai_obs":31,"a12":9.71,"a3":7.85},"geometry":{"type":"Polygon","coordinates":[[[3.8066,45.0619],[3.7941,45.058],[3.784,45.0629],[3.7763,45.0764],[3.7758,45.0792],[3.7908,45.0855],[3.7993,45.0834],[3.8108,45.093],[3.8189,45.0841],[3.8176,45.0752],[3.8066,45.0619]]]}},{"type":"Feature","properties":{"code":"43033","nom":"Blesle","app":8.11,"app_bas":5.99,"app_haut":10.98,"app_ech":"maille","app_obs":20,"mai":6.59,"mai_bas":5.07,"mai_haut":8.56,"mai_ech":"maille","mai_obs":28,"a12":10.15,"a3":6.26},"geometry":{"type":"Polygon","coordinates":[[[3.1513,45.3511],[3.1811,45.3523],[3.1816,45.3462],[3.1887,45.3335],[3.1929,45.3309],[3.2076,45.3344],[3.2171,45.3304],[3.2191,45.3261],[3.2111,45.3061],[3.1879,45.2958],[3.1856,45.2796],[3.1864,45.2773],[3.1647,45.2686],[3.1692,45.2823],[3.1596,45.2913],[3.1637,45.3046],[3.1569,45.3078],[3.1483,45.3169],[3.1467,45.3306],[3.1348,45.3356],[3.1326,45.339],[3.1512,45.3484],[3.1513,45.3511]]]}},{"type":"Feature","properties":{"code":"43105","nom":"Javaugues","app":8.27,"app_bas":6.23,"app_haut":10.98,"app_ech":"maille","app_obs":1,"mai":7.42,"mai_bas":5.42,"mai_haut":10.16,"mai_ech":"maille","mai_obs":8,"a12":9.14,"a3":6.55},"geometry":{"type":"Polygon","coordinates":[[[3.4642,45.2937],[3.4781,45.2994],[3.4987,45.3027],[3.5074,45.3029],[3.5192,45.2911],[3.5027,45.2844],[3.491,45.2827],[3.4648,45.2816],[3.4642,45.2937]]]}},{"type":"Feature","properties":{"code":"43003","nom":"Allègre","app":8.11,"app_bas":5.99,"app_haut":10.98,"app_ech":"maille","app_obs":82,"mai":7.14,"mai_bas":5.03,"mai_haut":10.12,"mai_ech":"maille","mai_obs":41,"a12":9.14,"a3":7.08},"geometry":{"type":"Polygon","coordinates":[[[3.6427,45.1948],[3.6501,45.1967],[3.6579,45.2048],[3.6796,45.2088],[3.6869,45.209],[3.7016,45.2051],[3.7094,45.2071],[3.7156,45.2137],[3.7246,45.2151],[3.7335,45.2098],[3.7267,45.1986],[3.7303,45.1961],[3.7179,45.1833],[3.714,45.1749],[3.7076,45.1735],[3.699,45.1621],[3.6794,45.1614],[3.675,45.1634],[3.6615,45.1601],[3.6735,45.1718],[3.6631,45.1765],[3.6595,45.1858],[3.6437,45.192],[3.6427,45.1948]]]}},{"type":"Feature","properties":{"code":"43049","nom":"Chamalières-sur-Loire","app":7.22,"app_bas":5.6,"app_haut":9.31,"app_ech":"maille","app_obs":29,"mai":7.43,"mai_bas":5.7,"mai_haut":9.69,"mai_ech":"maille","mai_obs":10,"a12":8.81,"a3":6.41},"geometry":{"type":"Polygon","coordinates":[[[3.9822,45.2064],[3.9981,45.2106],[4.0144,45.2038],[4.0007,45.1927],[3.9912,45.1915],[3.9879,45.1874],[4.0024,45.1837],[3.9974,45.1752],[3.9881,45.1674],[3.9807,45.1695],[3.9727,45.166],[3.9536,45.1721],[3.954,45.185],[3.9701,45.1982],[3.9822,45.2064]]]}},{"type":"Feature","properties":{"code":"43057","nom":"Chapelle-Bertin","app":7.64,"app_bas":5.81,"app_haut":10.05,"app_ech":"maille","app_obs":3,"mai":7.42,"mai_bas":5.42,"mai_haut":10.16,"mai_ech":"maille","mai_obs":0,"a12":8.81,"a3":7.08},"geometry":{"type":"Polygon","coordinates":[[[3.6427,45.1948],[3.6357,45.2087],[3.6271,45.2096],[3.6315,45.2158],[3.6296,45.2218],[3.6191,45.2272],[3.6288,45.2377],[3.6384,45.2385],[3.6451,45.2299],[3.6589,45.2294],[3.6637,45.2233],[3.6796,45.2088],[3.6579,45.2048],[3.6501,45.1967],[3.6427,45.1948]]]}},{"type":"Feature","properties":{"code":"43098","nom":"Freycenet-la-Tour","app":7.01,"app_bas":5.43,"app_haut":9.06,"app_ech":"maille","app_obs":0,"mai":6.22,"mai_bas":4.57,"mai_haut":8.47,"mai_ech":"maille","mai_obs":2,"a12":11.42,"a3":6.44},"geometry":{"type":"Polygon","coordinates":[[[4.0856,44.9418],[4.1022,44.9391],[4.1017,44.9343],[4.0962,44.935],[4.0873,44.9253],[4.0889,44.9208],[4.0588,44.925],[4.0509,44.93],[4.0462,44.9438],[4.0494,44.9466],[4.0639,44.9481],[4.0708,44.9447],[4.0856,44.9418]]]}},{"type":"Feature","properties":{"code":"43129","nom":"Mas-de-Tence","app":7.49,"app_bas":5.73,"app_haut":9.78,"app_ech":"maille","app_obs":6,"mai":8.13,"mai_bas":6.15,"mai_haut":10.74,"mai_ech":"maille","mai_obs":2,"a12":9.56,"a3":6.87},"geometry":{"type":"Polygon","coordinates":[[[4.3846,45.1011],[4.3753,45.1048],[4.3592,45.0996],[4.3474,45.1067],[4.3528,45.1134],[4.3415,45.1251],[4.3442,45.1295],[4.3506,45.1364],[4.3766,45.1444],[4.3702,45.1303],[4.3794,45.123],[4.3888,45.1229],[4.4002,45.116],[4.3996,45.1048],[4.3846,45.1011]]]}},{"type":"Feature","properties":{"code":"43154","nom":"Pradelles","app":9.22,"app_bas":7.11,"app_haut":11.97,"app_ech":"maille","app_obs":50,"mai":6.48,"mai_bas":4.79,"mai_haut":8.78,"mai_ech":"maille","mai_obs":17,"a12":9.44,"a3":6},"geometry":{"type":"Polygon","coordinates":[[[3.8625,44.7439],[3.8366,44.7478],[3.8299,44.7546],[3.8429,44.7677],[3.8419,44.7721],[3.8504,44.7737],[3.8656,44.7784],[3.8754,44.7858],[3.8869,44.786],[3.9044,44.7804],[3.9118,44.774],[3.914,44.7651],[3.8999,44.7635],[3.8966,44.756],[3.8895,44.752],[3.8841,44.7554],[3.8695,44.7548],[3.8625,44.7439]]]}},{"type":"Feature","properties":{"code":"43159","nom":"Raucoules","app":7.49,"app_bas":5.73,"app_haut":9.78,"app_ech":"maille","app_obs":19,"mai":7.96,"mai_bas":5.87,"mai_haut":10.81,"mai_ech":"maille","mai_obs":24,"a12":9.02,"a3":6.87},"geometry":{"type":"Polygon","coordinates":[[[4.3021,45.1749],[4.2992,45.1724],[4.2971,45.1598],[4.2894,45.1592],[4.2695,45.1691],[4.2599,45.1841],[4.2579,45.1927],[4.2531,45.1977],[4.2493,45.2147],[4.2598,45.2145],[4.2736,45.2102],[4.2777,45.2183],[4.2963,45.2131],[4.2999,45.2087],[4.3136,45.2022],[4.3176,45.1948],[4.308,45.1882],[4.2996,45.1771],[4.3021,45.1749]]]}},{"type":"Feature","properties":{"code":"43190","nom":"Saint-Germain-Laprade","app":9.11,"app_bas":7.15,"app_haut":11.61,"app_ech":"maille","app_obs":73,"mai":8.49,"mai_bas":6.49,"mai_haut":11.1,"mai_ech":"commune","mai_obs":195,"a12":11.42,"a3":9.13},"geometry":{"type":"Polygon","coordinates":[[[4.0434,44.9975],[4.0267,45.0048],[4.0066,45.0173],[4.0029,45.0176],[3.9851,45.0049],[3.975,45.0055],[3.9666,45.0122],[3.965,45.0222],[3.9365,45.0333],[3.9414,45.0502],[3.9201,45.0558],[3.9239,45.0639],[3.9215,45.0697],[3.9446,45.0683],[3.9477,45.066],[3.9496,45.0596],[3.9838,45.0495],[4.0037,45.0289],[4.0283,45.0231],[4.0434,45.0128],[4.0488,45.0042],[4.0434,44.9975]]]}},{"type":"Feature","properties":{"code":"43234","nom":"Saugues","app":7.02,"app_bas":5.54,"app_haut":8.9,"app_ech":"commune","app_obs":156,"mai":7.79,"mai_bas":5.94,"mai_haut":10.2,"mai_ech":"maille","mai_obs":46,"a12":10.46,"a3":6},"geometry":{"type":"Polygon","coordinates":[[[3.4193,44.9084],[3.4104,44.9178],[3.4138,44.9199],[3.415,44.9326],[3.4128,44.9448],[3.4358,44.9488],[3.4384,44.951],[3.4432,44.9487],[3.4543,44.9522],[3.4576,44.9478],[3.4894,44.9502],[3.4832,44.9622],[3.4902,44.9675],[3.5028,44.9672],[3.5128,44.9582],[3.5219,44.9565],[3.5227,44.9646],[3.5151,44.9722],[3.5226,44.9778],[3.5245,44.9858],[3.5293,44.9867],[3.5339,44.984],[3.5518,44.9808],[3.5698,44.9842],[3.5837,44.9843],[3.5906,44.9998],[3.6041,44.9836],[3.5996,44.9744],[3.6092,44.9753],[3.6282,44.9595],[3.6316,44.9512],[3.6276,44.9342],[3.6127,44.9329],[3.6085,44.9299],[3.5974,44.9292],[3.5882,44.9328],[3.5783,44.93],[3.5818,44.9234],[3.5741,44.9189],[3.5563,44.9219],[3.538,44.913],[3.5296,44.9025],[3.5176,44.9018],[3.5143,44.9126],[3.5173,44.9182],[3.5083,44.9256],[3.5003,44.9367],[3.4914,44.9393],[3.4895,44.9451],[3.4813,44.9426],[3.4714,44.9448],[3.4621,44.9402],[3.4654,44.9261],[3.4505,44.9273],[3.4392,44.9262],[3.4253,44.9156],[3.4193,44.9084]]]}},{"type":"Feature","properties":{"code":"43244","nom":"Tence","app":8.15,"app_bas":6.14,"app_haut":10.82,"app_ech":"commune","app_obs":309,"mai":8.13,"mai_bas":6.15,"mai_haut":10.74,"mai_ech":"maille","mai_obs":70,"a12":10.02,"a3":7.17},"geometry":{"type":"Polygon","coordinates":[[[4.241,45.1211],[4.2473,45.1186],[4.2567,45.1239],[4.2651,45.1256],[4.266,45.1361],[4.2637,45.1436],[4.2573,45.1511],[4.2652,45.1582],[4.2761,45.1573],[4.2807,45.1537],[4.2897,45.1582],[4.3005,45.1524],[4.3317,45.1314],[4.3442,45.1295],[4.3415,45.1251],[4.3528,45.1134],[4.3474,45.1067],[4.3592,45.0996],[4.3642,45.0927],[4.3577,45.0869],[4.3588,45.0808],[4.3464,45.075],[4.3317,45.0811],[4.3272,45.0899],[4.294,45.0898],[4.2885,45.0833],[4.2692,45.0839],[4.2621,45.0813],[4.2517,45.0876],[4.2531,45.0976],[4.2468,45.1044],[4.241,45.1211]]]}},{"type":"Feature","properties":{"code":"43001","nom":"Agnat","app":8.26,"app_bas":6.43,"app_haut":10.6,"app_ech":"maille","app_obs":2,"mai":7.71,"mai_bas":5.66,"mai_haut":10.49,"mai_ech":"maille","mai_obs":4,"a12":10.15,"a3":6.55},"geometry":{"type":"Polygon","coordinates":[[[3.4647,45.3694],[3.4691,45.3654],[3.4804,45.3625],[3.4761,45.354],[3.4786,45.3441],[3.4942,45.3411],[3.4714,45.3342],[3.4634,45.3239],[3.4521,45.3275],[3.4431,45.3192],[3.4345,45.3202],[3.4199,45.3316],[3.4135,45.3341],[3.4229,45.3451],[3.4215,45.3504],[3.4246,45.3606],[3.4404,45.3668],[3.4589,45.3673],[3.4647,45.3694]]]}},{"type":"Feature","properties":{"code":"43022","nom":"Beaumont","app":8.11,"app_bas":5.99,"app_haut":10.98,"app_ech":"maille","app_obs":9,"mai":6.66,"mai_bas":4.88,"mai_haut":9.09,"mai_ech":"maille","mai_obs":17,"a12":10.15,"a3":6.26},"geometry":{"type":"Polygon","coordinates":[[[3.3134,45.3153],[3.3246,45.3157],[3.3377,45.3335],[3.352,45.3321],[3.3675,45.3146],[3.3684,45.3079],[3.3636,45.305],[3.356,45.3126],[3.3448,45.3073],[3.3368,45.309],[3.3284,45.3042],[3.3249,45.296],[3.3142,45.2896],[3.3026,45.2969],[3.2878,45.2994],[3.2913,45.3076],[3.3073,45.3081],[3.3134,45.3153]]]}},{"type":"Feature","properties":{"code":"43203","nom":"Saint-Julien-du-Pinet","app":7.22,"app_bas":5.6,"app_haut":9.31,"app_ech":"maille","app_obs":19,"mai":7.43,"mai_bas":5.7,"mai_haut":9.69,"mai_ech":"maille","mai_obs":15,"a12":11.42,"a3":6.49},"geometry":{"type":"Polygon","coordinates":[[[4.0557,45.1751],[4.0634,45.1699],[4.0552,45.1647],[4.063,45.1585],[4.0637,45.1406],[4.0698,45.1332],[4.0692,45.1204],[4.057,45.1112],[4.0431,45.1178],[4.0431,45.1273],[4.0294,45.1311],[4.0305,45.1418],[4.0243,45.1441],[4.0293,45.1498],[4.0371,45.1689],[4.0235,45.1765],[4.0339,45.1817],[4.0462,45.1814],[4.0557,45.1751]]]}},{"type":"Feature","properties":{"code":"43240","nom":"Solignac-sous-Roche","app":7.48,"app_bas":5.73,"app_haut":9.75,"app_ech":"maille","app_obs":1,"mai":6.71,"mai_bas":4.84,"mai_haut":9.32,"mai_ech":"maille","mai_obs":1,"a12":8.81,"a3":6.41},"geometry":{"type":"Polygon","coordinates":[[[4.0201,45.2577],[4.0207,45.2465],[4.0179,45.2421],[3.9925,45.2377],[3.9841,45.2388],[3.986,45.2443],[3.9753,45.2502],[3.9726,45.2619],[3.9744,45.266],[3.992,45.2637],[3.9976,45.2671],[4.0098,45.2588],[4.0201,45.2577]]]}},{"type":"Feature","properties":{"code":"43021","nom":"Beaulieu","app":8.68,"app_bas":6.55,"app_haut":11.5,"app_ech":"maille","app_obs":71,"mai":7.43,"mai_bas":5.7,"mai_haut":9.69,"mai_ech":"maille","mai_obs":26,"a12":9.71,"a3":9.13},"geometry":{"type":"Polygon","coordinates":[[[3.9207,45.1278],[3.9287,45.147],[3.9245,45.1519],[3.9274,45.1597],[3.9346,45.1647],[3.9336,45.1687],[3.9536,45.1721],[3.9797,45.163],[3.982,45.1534],[3.9596,45.1111],[3.9516,45.1126],[3.9407,45.1079],[3.9361,45.1131],[3.9366,45.123],[3.9207,45.1278]]]}},{"type":"Feature","properties":{"code":"43091","nom":"Estables","app":8.31,"app_bas":6.35,"app_haut":10.87,"app_ech":"maille","app_obs":11,"mai":6.22,"mai_bas":4.57,"mai_haut":8.47,"mai_ech":"maille","mai_obs":9,"a12":8.25,"a3":8.12},"geometry":{"type":"Polygon","coordinates":[[[4.1179,44.8781],[4.1163,44.9077],[4.1123,44.9088],[4.1014,44.9195],[4.0889,44.9208],[4.0873,44.9253],[4.0962,44.935],[4.1017,44.9343],[4.1045,44.9299],[4.1183,44.9268],[4.1275,44.9351],[4.1282,44.9417],[4.1497,44.9393],[4.1626,44.9209],[4.1902,44.9139],[4.1829,44.9054],[4.1795,44.8865],[4.1683,44.8828],[4.1562,44.8733],[4.1351,44.8746],[4.1179,44.8781]]]}},{"type":"Feature","properties":{"code":"43110","nom":"Lamothe","app":6.29,"app_bas":4.94,"app_haut":8.01,"app_ech":"maille","app_obs":28,"mai":7.17,"mai_bas":5.3,"mai_haut":9.7,"mai_ech":"maille","mai_obs":67,"a12":10.15,"a3":6.38},"geometry":{"type":"Polygon","coordinates":[[[3.3944,45.323],[3.4135,45.3341],[3.4199,45.3316],[3.4345,45.3202],[3.4431,45.3192],[3.4521,45.3275],[3.4634,45.3239],[3.4673,45.3164],[3.4535,45.3094],[3.4428,45.3063],[3.4395,45.3005],[3.4065,45.3001],[3.4023,45.302],[3.3948,45.3186],[3.3944,45.323]]]}},{"type":"Feature","properties":{"code":"43214","nom":"Saint-Pal-de-Senouire","app":8.27,"app_bas":6.23,"app_haut":10.98,"app_ech":"maille","app_obs":0,"mai":7.42,"mai_bas":5.42,"mai_haut":10.16,"mai_ech":"maille","mai_obs":3,"a12":8.81,"a3":6.38},"geometry":{"type":"Polygon","coordinates":[[[3.6173,45.265],[3.6189,45.2694],[3.6276,45.2787],[3.6396,45.2798],[3.6461,45.2837],[3.6534,45.2835],[3.6709,45.2787],[3.6638,45.2616],[3.6665,45.257],[3.6662,45.2501],[3.68,45.249],[3.6745,45.2425],[3.6665,45.2406],[3.6589,45.2294],[3.6451,45.2299],[3.6384,45.2385],[3.6288,45.2377],[3.6234,45.2566],[3.6173,45.265]]]}},{"type":"Feature","properties":{"code":"43039","nom":"Brignon","app":8.11,"app_bas":6.51,"app_haut":10.11,"app_ech":"maille","app_obs":8,"mai":6.48,"mai_bas":4.79,"mai_haut":8.78,"mai_ech":"maille","mai_obs":20,"a12":9.41,"a3":6.44},"geometry":{"type":"Polygon","coordinates":[[[3.8877,44.8818],[3.8828,44.8779],[3.8704,44.8746],[3.8627,44.879],[3.8585,44.8895],[3.8631,44.8953],[3.8533,44.8992],[3.8402,44.8992],[3.8402,44.9057],[3.8467,44.9134],[3.8344,44.9406],[3.8339,44.951],[3.8399,44.9526],[3.8484,44.9501],[3.8598,44.9537],[3.8546,44.9382],[3.8578,44.9314],[3.8689,44.9295],[3.8811,44.9418],[3.9002,44.9433],[3.9214,44.9395],[3.9211,44.9353],[3.915,44.9331],[3.9131,44.9266],[3.9197,44.9138],[3.9125,44.9127],[3.9077,44.9017],[3.9117,44.8941],[3.9015,44.8913],[3.8877,44.8818]]]}},{"type":"Feature","properties":{"code":"43041","nom":"Brives-Charensac","app":9.59,"app_bas":7.42,"app_haut":12.4,"app_ech":"commune","app_obs":761,"mai":8.38,"mai_bas":6.39,"mai_haut":11.01,"mai_ech":"commune","mai_obs":168,"a12":10.83,"a3":8.71},"geometry":{"type":"Polygon","coordinates":[[[3.914,45.0567],[3.9414,45.0502],[3.9365,45.0333],[3.934,45.0305],[3.9237,45.0405],[3.9137,45.0436],[3.9035,45.0507],[3.9053,45.0567],[3.914,45.0567]]]}},{"type":"Feature","properties":{"code":"43097","nom":"Freycenet-la-Cuche","app":7.01,"app_bas":5.43,"app_haut":9.06,"app_ech":"maille","app_obs":3,"mai":6.22,"mai_bas":4.57,"mai_haut":8.47,"mai_ech":"maille","mai_obs":2,"a12":11.42,"a3":8.12},"geometry":{"type":"Polygon","coordinates":[[[4.0776,44.8698],[4.0847,44.8784],[4.0766,44.8834],[4.0732,44.8939],[4.0738,44.9027],[4.071,44.915],[4.0727,44.9225],[4.1014,44.9195],[4.1123,44.9088],[4.1163,44.9077],[4.1179,44.8781],[4.1037,44.877],[4.0879,44.8703],[4.0776,44.8698]]]}},{"type":"Feature","properties":{"code":"43009","nom":"Arlet","app":7.36,"app_bas":5.81,"app_haut":9.32,"app_ech":"maille","app_obs":0,"mai":7.14,"mai_bas":5.03,"mai_haut":10.12,"mai_ech":"maille","mai_obs":0,"a12":10.46,"a3":7.08},"geometry":{"type":"Polygon","coordinates":[[[3.3837,45.0968],[3.3812,45.1019],[3.3837,45.11],[3.3916,45.1146],[3.3982,45.1147],[3.4087,45.122],[3.4233,45.1247],[3.4304,45.1206],[3.434,45.1085],[3.4191,45.1053],[3.3994,45.1078],[3.3861,45.1012],[3.3837,45.0968]]]}},{"type":"Feature","properties":{"code":"43048","nom":"Chaise-Dieu","app":8.27,"app_bas":6.23,"app_haut":10.98,"app_ech":"maille","app_obs":44,"mai":7.42,"mai_bas":5.42,"mai_haut":10.16,"mai_ech":"maille","mai_obs":16,"a12":8.81,"a3":6.38},"geometry":{"type":"Polygon","coordinates":[[[3.6659,45.3261],[3.6768,45.3224],[3.6813,45.335],[3.6974,45.3464],[3.7051,45.34],[3.7094,45.3256],[3.714,45.3203],[3.716,45.3158],[3.7054,45.2978],[3.7028,45.2963],[3.6888,45.2965],[3.6728,45.3075],[3.6675,45.3156],[3.6659,45.3261]]]}},{"type":"Feature","properties":{"code":"43064","nom":"Chassignolles","app":8.26,"app_bas":6.43,"app_haut":10.6,"app_ech":"maille","app_obs":1,"mai":7.71,"mai_bas":5.66,"mai_haut":10.49,"mai_ech":"maille","mai_obs":1,"a12":9.94,"a3":6.55},"geometry":{"type":"Polygon","coordinates":[[[3.5153,45.3808],[3.5108,45.3798],[3.4938,45.3865],[3.4808,45.3831],[3.4693,45.3779],[3.4638,45.3821],[3.4492,45.3876],[3.4481,45.3932],[3.4559,45.4003],[3.4636,45.4019],[3.4652,45.4086],[3.4769,45.4183],[3.5013,45.4276],[3.5052,45.413],[3.5218,45.4021],[3.5228,45.3965],[3.5141,45.3902],[3.5153,45.3808]]]}},{"type":"Feature","properties":{"code":"43211","nom":"Saint-Maurice-de-Lignon","app":7.99,"app_bas":6.21,"app_haut":10.26,"app_ech":"commune","app_obs":349,"mai":8.36,"mai_bas":6.13,"mai_haut":11.39,"mai_ech":"commune","mai_obs":144,"a12":9.26,"a3":7.24},"geometry":{"type":"Polygon","coordinates":[[[4.1132,45.1948],[4.1009,45.2145],[4.1021,45.2284],[4.1005,45.2368],[4.1076,45.2444],[4.1236,45.2464],[4.1369,45.256],[4.1448,45.2587],[4.1515,45.2564],[4.1484,45.2501],[4.1592,45.2283],[4.178,45.2247],[4.1652,45.2203],[4.1672,45.2111],[4.1648,45.2016],[4.1694,45.1949],[4.1613,45.1897],[4.146,45.1954],[4.1371,45.1886],[4.1183,45.1902],[4.1132,45.1948]]]}},{"type":"Feature","properties":{"code":"43251","nom":"Vals-près-le-Puy","app":9.74,"app_bas":7.83,"app_haut":12.13,"app_ech":"commune","app_obs":496,"mai":8.36,"mai_bas":6.37,"mai_haut":10.96,"mai_ech":"maille","mai_obs":84,"a12":11.54,"a3":9.42},"geometry":{"type":"Polygon","coordinates":[[[3.8586,45.0286],[3.8726,45.0387],[3.8826,45.0341],[3.8782,45.019],[3.8671,45.0138],[3.8617,45.0072],[3.8549,45.0132],[3.8425,45.02],[3.8586,45.0286]]]}},{"type":"Feature","properties":{"code":"43005","nom":"Alleyras","app":9.22,"app_bas":7.11,"app_haut":11.97,"app_ech":"maille","app_obs":0,"mai":7.79,"mai_bas":5.94,"mai_haut":10.2,"mai_ech":"maille","mai_obs":2,"a12":10.46,"a3":6},"geometry":{"type":"Polygon","coordinates":[[[3.7106,44.9076],[3.7227,44.8938],[3.7215,44.8853],[3.7084,44.8786],[3.7007,44.8792],[3.6974,44.8753],[3.6913,44.8729],[3.6952,44.8789],[3.6899,44.8854],[3.6935,44.8925],[3.6863,44.8983],[3.679,44.8906],[3.6646,44.8834],[3.6544,44.8807],[3.6451,44.8851],[3.651,44.8982],[3.6503,44.9155],[3.6751,44.95],[3.6837,44.9431],[3.6884,44.9343],[3.6869,44.9221],[3.699,44.9156],[3.7022,44.9097],[3.7106,44.9076]]]}},{"type":"Feature","properties":{"code":"43088","nom":"Espalem","app":8.11,"app_bas":5.99,"app_haut":10.98,"app_ech":"maille","app_obs":13,"mai":7.84,"mai_bas":5.8,"mai_haut":10.59,"mai_ech":"maille","mai_obs":17,"a12":9.14,"a3":6.26},"geometry":{"type":"Polygon","coordinates":[[[3.2191,45.3261],[3.2318,45.3258],[3.2376,45.3179],[3.25,45.3086],[3.2678,45.3015],[3.2729,45.288],[3.2469,45.289],[3.24,45.2866],[3.2216,45.2914],[3.2153,45.286],[3.2005,45.2912],[3.1987,45.3007],[3.2111,45.3061],[3.2191,45.3261]]]}},{"type":"Feature","properties":{"code":"43186","nom":"Saint-Front","app":8.44,"app_bas":6.37,"app_haut":11.19,"app_ech":"maille","app_obs":3,"mai":6.22,"mai_bas":4.57,"mai_haut":8.47,"mai_ech":"maille","mai_obs":5,"a12":8.25,"a3":6.12},"geometry":{"type":"Polygon","coordinates":[[[4.1574,45.0081],[4.1783,45],[4.1886,45.0008],[4.1887,44.9932],[4.1837,44.9825],[4.1923,44.9763],[4.1937,44.9705],[4.1835,44.9649],[4.1749,44.9573],[4.1666,44.9447],[4.1683,44.9388],[4.1784,44.9315],[4.1783,44.9165],[4.1626,44.9209],[4.1497,44.9393],[4.1282,44.9417],[4.1188,44.9416],[4.1138,44.9473],[4.1123,44.9579],[4.1032,44.9719],[4.0802,44.9827],[4.0754,44.9879],[4.0592,44.9885],[4.0592,44.9931],[4.0807,44.9968],[4.0913,45.0049],[4.1007,45.008],[4.108,45.0012],[4.1171,44.9983],[4.1298,45.0013],[4.1444,45.0072],[4.1574,45.0081]]]}},{"type":"Feature","properties":{"code":"43237","nom":"Sembadel","app":8.27,"app_bas":6.23,"app_haut":10.98,"app_ech":"maille","app_obs":31,"mai":7.17,"mai_bas":5.3,"mai_haut":9.7,"mai_ech":"maille","mai_obs":3,"a12":8.14,"a3":6.38},"geometry":{"type":"Polygon","coordinates":[[[3.7229,45.2848],[3.7246,45.2744],[3.7187,45.2607],[3.7133,45.2534],[3.701,45.2513],[3.6903,45.2459],[3.6665,45.257],[3.6638,45.2616],[3.6709,45.2787],[3.6845,45.2841],[3.6818,45.2879],[3.6721,45.2894],[3.6705,45.2952],[3.6785,45.2979],[3.6888,45.2965],[3.7028,45.2963],[3.7116,45.2873],[3.7229,45.2848]]]}},{"type":"Feature","properties":{"code":"43015","nom":"Auvers","app":7.36,"app_bas":5.81,"app_haut":9.32,"app_ech":"maille","app_obs":0,"mai":7.14,"mai_bas":5.03,"mai_haut":10.12,"mai_ech":"maille","mai_obs":0,"a12":10.46,"a3":6.23},"geometry":{"type":"Polygon","coordinates":[[[3.3727,44.9757],[3.3613,44.9714],[3.3479,44.9739],[3.3468,44.9875],[3.3648,44.9906],[3.3715,45.0022],[3.3763,45.0071],[3.3768,45.0205],[3.3932,45.0251],[3.3989,45.0199],[3.4052,45.0201],[3.4091,45.0121],[3.4154,45.0102],[3.4378,45.0096],[3.4452,45.0052],[3.4329,45.0027],[3.4118,44.9877],[3.4001,44.9762],[3.3786,44.979],[3.3727,44.9757]]]}},{"type":"Feature","properties":{"code":"43031","nom":"Blassac","app":8.11,"app_bas":5.99,"app_haut":10.98,"app_ech":"maille","app_obs":0,"mai":7.14,"mai_bas":5.03,"mai_haut":10.12,"mai_ech":"maille","mai_obs":9,"a12":9.14,"a3":6.51},"geometry":{"type":"Polygon","coordinates":[[[3.3916,45.1784],[3.4216,45.1806],[3.4245,45.1708],[3.4136,45.1672],[3.4051,45.1574],[3.3962,45.1535],[3.3922,45.1472],[3.3843,45.1478],[3.356,45.1427],[3.3488,45.1536],[3.3544,45.1638],[3.3623,45.172],[3.3782,45.1639],[3.3918,45.1721],[3.3916,45.1784]]]}},{"type":"Feature","properties":{"code":"43096","nom":"Fontannes","app":8.27,"app_bas":6.23,"app_haut":10.98,"app_ech":"maille","app_obs":36,"mai":7.17,"mai_bas":5.3,"mai_haut":9.7,"mai_ech":"maille","mai_obs":50,"a12":9.14,"a3":6.55},"geometry":{"type":"Polygon","coordinates":[[[3.4606,45.2919],[3.4495,45.2906],[3.446,45.2839],[3.4368,45.2786],[3.4295,45.2702],[3.4213,45.2675],[3.4071,45.2803],[3.4108,45.291],[3.4023,45.302],[3.4065,45.3001],[3.4395,45.3005],[3.4556,45.303],[3.4606,45.2919]]]}},{"type":"Feature","properties":{"code":"43225","nom":"Saint-Vénérand","app":7.82,"app_bas":5.91,"app_haut":10.35,"app_ech":"maille","app_obs":2,"mai":7.79,"mai_bas":5.94,"mai_haut":10.2,"mai_ech":"maille","mai_obs":3,"a12":10.46,"a3":7.08},"geometry":{"type":"Polygon","coordinates":[[[3.6736,44.8541],[3.6668,44.8576],[3.6595,44.8699],[3.6549,44.8742],[3.6443,44.8771],[3.6646,44.8834],[3.679,44.8906],[3.6863,44.8983],[3.6935,44.8925],[3.6899,44.8854],[3.6952,44.8789],[3.6913,44.8729],[3.6867,44.8577],[3.6736,44.8541]]]}},{"type":"Feature","properties":{"code":"43083","nom":"Cubelles","app":9.22,"app_bas":7.11,"app_haut":11.97,"app_ech":"maille","app_obs":0,"mai":7.61,"mai_bas":5.82,"mai_haut":9.94,"mai_ech":"maille","mai_obs":0,"a12":9.41,"a3":6.23},"geometry":{"type":"Polygon","coordinates":[[[3.5854,45.0178],[3.5896,45.0135],[3.5872,45.0086],[3.5906,44.9998],[3.5837,44.9843],[3.5698,44.9842],[3.5518,44.9808],[3.5339,44.984],[3.5293,44.9867],[3.5378,44.9918],[3.5429,45.0006],[3.5527,45.012],[3.5584,45.0132],[3.5662,45.0091],[3.5854,45.0178]]]}},{"type":"Feature","properties":{"code":"43118","nom":"Lavoûte-Chilhac","app":8.11,"app_bas":5.99,"app_haut":10.98,"app_ech":"maille","app_obs":12,"mai":6.66,"mai_bas":4.88,"mai_haut":9.09,"mai_ech":"maille","mai_obs":22,"a12":10.46,"a3":6.51},"geometry":{"type":"Polygon","coordinates":[[[3.3922,45.1472],[3.3962,45.1535],[3.4051,45.1574],[3.4136,45.1672],[3.4321,45.1661],[3.4249,45.1631],[3.4214,45.1557],[3.4197,45.1451],[3.3922,45.1472]]]}},{"type":"Feature","properties":{"code":"43046","nom":"Chadrac","app":9.82,"app_bas":7.7,"app_haut":12.53,"app_ech":"commune","app_obs":157,"mai":8.36,"mai_bas":6.37,"mai_haut":10.96,"mai_ech":"maille","mai_obs":78,"a12":9.71,"a3":10.36},"geometry":{"type":"Polygon","coordinates":[[[3.8952,45.0506],[3.8912,45.0558],[3.8904,45.0643],[3.8987,45.07],[3.9116,45.0648],[3.914,45.0567],[3.9053,45.0567],[3.8952,45.0506]]]}},{"type":"Feature","properties":{"code":"43165","nom":"Rosières","app":7.43,"app_bas":5.77,"app_haut":9.57,"app_ech":"commune","app_obs":108,"mai":8.36,"mai_bas":6.37,"mai_haut":10.96,"mai_ech":"maille","mai_obs":59,"a12":8.81,"a3":6.41},"geometry":{"type":"Polygon","coordinates":[[[4.0243,45.1441],[4.0305,45.1418],[4.0294,45.1311],[4.0431,45.1273],[4.0431,45.1178],[4.0339,45.105],[4.0285,45.1011],[4.0144,45.1069],[4.0044,45.1057],[3.9946,45.1014],[3.9944,45.0951],[3.9843,45.1135],[3.9725,45.1201],[3.9654,45.121],[3.9753,45.1419],[3.982,45.1534],[3.9797,45.163],[3.9727,45.166],[3.9807,45.1695],[3.9881,45.1674],[3.9961,45.1624],[4.0095,45.1619],[4.0169,45.1559],[4.0183,45.1443],[4.0243,45.1441]]]}},{"type":"Feature","properties":{"code":"43071","nom":"Chomelix","app":7.48,"app_bas":5.73,"app_haut":9.75,"app_ech":"maille","app_obs":23,"mai":6.71,"mai_bas":4.84,"mai_haut":9.32,"mai_ech":"maille","mai_obs":4,"a12":8.81,"a3":6.41},"geometry":{"type":"Polygon","coordinates":[[[3.8577,45.2895],[3.8682,45.2829],[3.8681,45.2725],[3.8619,45.2691],[3.8552,45.2714],[3.8511,45.2558],[3.8532,45.2448],[3.8592,45.2329],[3.8479,45.2374],[3.8302,45.2342],[3.8168,45.2365],[3.81,45.2439],[3.7879,45.2398],[3.7838,45.2422],[3.7757,45.2515],[3.7764,45.2609],[3.7718,45.2693],[3.7806,45.2767],[3.7984,45.2732],[3.8183,45.2741],[3.8465,45.2801],[3.8577,45.2895]]]}},{"type":"Feature","properties":{"code":"43034","nom":"Boisset","app":7.48,"app_bas":5.73,"app_haut":9.75,"app_ech":"maille","app_obs":1,"mai":6.71,"mai_bas":4.84,"mai_haut":9.32,"mai_ech":"maille","mai_obs":8,"a12":8.81,"a3":6.49},"geometry":{"type":"Polygon","coordinates":[[[3.9576,45.2992],[3.9516,45.3063],[3.9384,45.3092],[3.9423,45.3161],[3.9486,45.3201],[3.9671,45.3217],[3.9755,45.3247],[3.9803,45.3345],[3.9904,45.3372],[4.0057,45.3315],[4.0146,45.3336],[4.0206,45.3282],[4.0265,45.3166],[4.0237,45.3116],[4.0144,45.3165],[4.0043,45.3133],[3.9899,45.3161],[3.9762,45.3087],[3.9735,45.3035],[3.9772,45.2865],[3.9719,45.2916],[3.9576,45.2992]]]}},{"type":"Feature","properties":{"code":"43193","nom":"Saint-Hilaire","app":8.26,"app_bas":6.43,"app_haut":10.6,"app_ech":"maille","app_obs":2,"mai":7.71,"mai_bas":5.66,"mai_haut":10.49,"mai_ech":"maille","mai_obs":0,"a12":8.14,"a3":6.65},"geometry":{"type":"Polygon","coordinates":[[[3.4647,45.3694],[3.4589,45.3673],[3.4404,45.3668],[3.4246,45.3606],[3.4272,45.3675],[3.4114,45.369],[3.4073,45.3767],[3.4142,45.384],[3.4202,45.3972],[3.4307,45.4018],[3.4559,45.4003],[3.4481,45.3932],[3.4492,45.3876],[3.4638,45.3821],[3.4693,45.3779],[3.4808,45.3831],[3.4834,45.3779],[3.4791,45.3696],[3.4679,45.3726],[3.4647,45.3694]]]}},{"type":"Feature","properties":{"code":"43226","nom":"Saint-Vert","app":6.29,"app_bas":4.94,"app_haut":8.01,"app_ech":"maille","app_obs":0,"mai":7.17,"mai_bas":5.3,"mai_haut":9.7,"mai_ech":"maille","mai_obs":1,"a12":8.14,"a3":5.93},"geometry":{"type":"Polygon","coordinates":[[[3.5153,45.3808],[3.5141,45.3902],[3.5228,45.3965],[3.5218,45.4021],[3.5483,45.3986],[3.5587,45.3932],[3.5693,45.4023],[3.5811,45.3828],[3.5689,45.3857],[3.5661,45.3817],[3.5718,45.3721],[3.5545,45.361],[3.5503,45.3539],[3.5404,45.3473],[3.5266,45.3519],[3.5141,45.368],[3.5153,45.3808]]]}},{"type":"Feature","properties":{"code":"43132","nom":"Mazeyrat-d'Allier","app":8.11,"app_bas":5.99,"app_haut":10.98,"app_ech":"maille","app_obs":15,"mai":7.14,"mai_bas":5.03,"mai_haut":10.12,"mai_ech":"maille","mai_obs":42,"a12":9.14,"a3":7.08},"geometry":{"type":"Polygon","coordinates":[[[3.5974,45.1306],[3.592,45.1226],[3.5916,45.1126],[3.5796,45.1054],[3.5568,45.1054],[3.5462,45.1035],[3.5275,45.0954],[3.5092,45.1035],[3.4992,45.1118],[3.4888,45.1143],[3.4719,45.1106],[3.4642,45.1164],[3.4809,45.1409],[3.4782,45.1424],[3.4886,45.1475],[3.4936,45.1617],[3.5151,45.1674],[3.5264,45.1554],[3.5381,45.1493],[3.5481,45.1384],[3.5626,45.1429],[3.587,45.1383],[3.5974,45.1306]]]}},{"type":"Feature","properties":{"code":"43140","nom":"Monteil","app":9.11,"app_bas":7.15,"app_haut":11.61,"app_ech":"maille","app_obs":22,"mai":8.36,"mai_bas":6.37,"mai_haut":10.96,"mai_ech":"maille","mai_obs":33,"a12":9.71,"a3":9.13},"geometry":{"type":"Polygon","coordinates":[[[3.9114,45.0768],[3.9122,45.0709],[3.9215,45.0697],[3.9239,45.0639],[3.9201,45.0558],[3.914,45.0567],[3.9116,45.0648],[3.8987,45.07],[3.8985,45.0739],[3.9114,45.0768]]]}},{"type":"Feature","properties":{"code":"43155","nom":"Prades","app":7.36,"app_bas":5.81,"app_haut":9.32,"app_ech":"maille","app_obs":0,"mai":7.14,"mai_bas":5.03,"mai_haut":10.12,"mai_ech":"maille","mai_obs":0,"a12":9.41,"a3":6.23},"geometry":{"type":"Polygon","coordinates":[[[3.5854,45.0178],[3.5804,45.0264],[3.5777,45.0376],[3.5981,45.0349],[3.6037,45.0272],[3.6147,45.0225],[3.6166,45.0188],[3.6023,45.0132],[3.5896,45.0135],[3.5854,45.0178]]]}},{"type":"Feature","properties":{"code":"43175","nom":"Saint-Cirgues","app":8.11,"app_bas":5.99,"app_haut":10.98,"app_ech":"maille","app_obs":5,"mai":7.14,"mai_bas":5.03,"mai_haut":10.12,"mai_ech":"maille","mai_obs":7,"a12":10.46,"a3":7.08},"geometry":{"type":"Polygon","coordinates":[[[3.356,45.1427],[3.3843,45.1478],[3.4197,45.1451],[3.4233,45.1247],[3.4087,45.122],[3.3982,45.1147],[3.3916,45.1146],[3.3855,45.1205],[3.3868,45.1271],[3.3807,45.1319],[3.3698,45.1299],[3.3399,45.1312],[3.3329,45.1344],[3.3407,45.1383],[3.3549,45.1399],[3.356,45.1427]]]}},{"type":"Feature","properties":{"code":"43205","nom":"Saint-Just-Malmont","app":8.37,"app_bas":6.47,"app_haut":10.83,"app_ech":"commune","app_obs":436,"mai":8.84,"mai_bas":6.48,"mai_haut":12.05,"mai_ech":"maille","mai_obs":91,"a12":9.45,"a3":7.87},"geometry":{"type":"Polygon","coordinates":[[[4.3317,45.3185],[4.3236,45.3155],[4.3186,45.3285],[4.3076,45.3292],[4.2928,45.3433],[4.2838,45.3438],[4.2772,45.3504],[4.2669,45.3557],[4.2716,45.3598],[4.2793,45.3615],[4.2847,45.3566],[4.2955,45.36],[4.2932,45.3663],[4.3082,45.371],[4.3318,45.3683],[4.3504,45.3582],[4.3597,45.3496],[4.368,45.3371],[4.3541,45.332],[4.3317,45.3185]]]}},{"type":"Feature","properties":{"code":"43242","nom":"Tailhac","app":7.36,"app_bas":5.81,"app_haut":9.32,"app_ech":"maille","app_obs":3,"mai":7.14,"mai_bas":5.03,"mai_haut":10.12,"mai_ech":"maille","mai_obs":3,"a12":10.46,"a3":6.23},"geometry":{"type":"Polygon","coordinates":[[[3.485,45.0347],[3.4694,45.0306],[3.4469,45.0338],[3.4409,45.0398],[3.4373,45.049],[3.4369,45.0612],[3.4341,45.0699],[3.4353,45.0773],[3.4484,45.0723],[3.4587,45.0651],[3.4606,45.0565],[3.4849,45.0619],[3.479,45.0493],[3.485,45.0347]]]}},{"type":"Feature","properties":{"code":"43027","nom":"Berbezit","app":8.27,"app_bas":6.23,"app_haut":10.98,"app_ech":"maille","app_obs":0,"mai":7.17,"mai_bas":5.3,"mai_haut":9.7,"mai_ech":"maille","mai_obs":0,"a12":9.14,"a3":6.55},"geometry":{"type":"Polygon","coordinates":[[[3.6142,45.2721],[3.5958,45.27],[3.5826,45.2721],[3.568,45.2711],[3.5558,45.2736],[3.5706,45.2802],[3.5789,45.2868],[3.5899,45.2917],[3.5934,45.3134],[3.6137,45.3033],[3.6142,45.2896],[3.6089,45.2861],[3.6093,45.2797],[3.6142,45.2721]]]}},{"type":"Feature","properties":{"code":"43040","nom":"Brioude","app":8.23,"app_bas":6.47,"app_haut":10.48,"app_ech":"commune","app_obs":1369,"mai":7.28,"mai_bas":5.33,"mai_haut":9.94,"mai_ech":"commune","mai_obs":296,"a12":10,"a3":6.98},"geometry":{"type":"Polygon","coordinates":[[[3.3787,45.2746],[3.3688,45.2846],[3.3574,45.2847],[3.3647,45.2972],[3.3636,45.305],[3.3684,45.3079],[3.3675,45.3146],[3.3948,45.3186],[3.4023,45.302],[3.4108,45.291],[3.4071,45.2803],[3.3923,45.2786],[3.3787,45.2746]]]}},{"type":"Feature","properties":{"code":"43075","nom":"Collat","app":7.64,"app_bas":5.81,"app_haut":10.05,"app_ech":"maille","app_obs":0,"mai":7.42,"mai_bas":5.42,"mai_haut":10.16,"mai_ech":"maille","mai_obs":2,"a12":8.81,"a3":6.38},"geometry":{"type":"Polygon","coordinates":[[[3.6173,45.265],[3.6234,45.2566],[3.6288,45.2377],[3.6191,45.2272],[3.5992,45.2375],[3.5912,45.2392],[3.5864,45.2305],[3.5766,45.2287],[3.5656,45.2355],[3.5654,45.2405],[3.5815,45.2511],[3.5911,45.2511],[3.6072,45.2567],[3.6173,45.265]]]}},{"type":"Feature","properties":{"code":"43220","nom":"Saint-Préjet-d'Allier","app":7.36,"app_bas":5.81,"app_haut":9.32,"app_ech":"maille","app_obs":8,"mai":7.79,"mai_bas":5.94,"mai_haut":10.2,"mai_ech":"maille","mai_obs":2,"a12":10.6,"a3":6},"geometry":{"type":"Polygon","coordinates":[[[3.6316,44.9512],[3.6394,44.95],[3.6585,44.9426],[3.6654,44.9354],[3.6503,44.9155],[3.651,44.8982],[3.6451,44.8851],[3.6315,44.8901],[3.626,44.9007],[3.6118,44.9067],[3.6054,44.9055],[3.5869,44.9084],[3.5741,44.9189],[3.5818,44.9234],[3.5783,44.93],[3.5882,44.9328],[3.5974,44.9292],[3.6085,44.9299],[3.6127,44.9329],[3.6276,44.9342],[3.6316,44.9512]]]}},{"type":"Feature","properties":{"code":"43172","nom":"Saint-Bonnet-le-Froid","app":8.72,"app_bas":6.48,"app_haut":11.73,"app_ech":"maille","app_obs":9,"mai":7.53,"mai_bas":5.46,"mai_haut":10.39,"mai_ech":"maille","mai_obs":0,"a12":10.31,"a3":7.07},"geometry":{"type":"Polygon","coordinates":[[[4.442,45.1117],[4.436,45.1087],[4.4271,45.1164],[4.4317,45.1283],[4.4227,45.1373],[4.4112,45.1408],[4.409,45.1532],[4.4164,45.1652],[4.4348,45.1674],[4.4554,45.1674],[4.4582,45.1689],[4.4473,45.157],[4.4436,45.1422],[4.446,45.1336],[4.4573,45.1189],[4.4376,45.1162],[4.442,45.1117]]]}},{"type":"Feature","properties":{"code":"43028","nom":"Bessamorel","app":8.68,"app_bas":6.55,"app_haut":11.5,"app_ech":"maille","app_obs":9,"mai":7.43,"mai_bas":5.7,"mai_haut":9.69,"mai_ech":"maille","mai_obs":33,"a12":11.42,"a3":9.13},"geometry":{"type":"Polygon","coordinates":[[[4.0692,45.1204],[4.0698,45.1332],[4.0637,45.1406],[4.0633,45.1514],[4.08,45.1516],[4.0881,45.1485],[4.0843,45.1344],[4.0892,45.1275],[4.0974,45.1214],[4.0923,45.1137],[4.0917,45.1039],[4.0835,45.1091],[4.0807,45.1178],[4.0692,45.1204]]]}},{"type":"Feature","properties":{"code":"43228","nom":"Saint-Victor-sur-Arlanc","app":8.27,"app_bas":6.23,"app_haut":10.98,"app_ech":"maille","app_obs":4,"mai":7.42,"mai_bas":5.42,"mai_haut":10.16,"mai_ech":"maille","mai_obs":0,"a12":8.44,"a3":6.22},"geometry":{"type":"Polygon","coordinates":[[[3.7559,45.3539],[3.7605,45.3547],[3.7723,45.3492],[3.7802,45.3516],[3.7876,45.3512],[3.7956,45.3454],[3.8061,45.3341],[3.8119,45.333],[3.814,45.3279],[3.7982,45.3247],[3.7832,45.3322],[3.7777,45.328],[3.7788,45.3208],[3.7598,45.3147],[3.7638,45.3208],[3.7624,45.3287],[3.7516,45.3316],[3.7499,45.3369],[3.7559,45.3539]]]}},{"type":"Feature","properties":{"code":"43024","nom":"Beaux","app":7.22,"app_bas":5.6,"app_haut":9.31,"app_ech":"maille","app_obs":38,"mai":6.71,"mai_bas":4.84,"mai_haut":9.32,"mai_ech":"maille","mai_obs":31,"a12":8.81,"a3":6.49},"geometry":{"type":"Polygon","coordinates":[[[4.0557,45.1751],[4.0575,45.18],[4.0561,45.1913],[4.0636,45.1981],[4.0724,45.2115],[4.0728,45.2207],[4.083,45.2244],[4.0907,45.2158],[4.1009,45.2145],[4.1132,45.1948],[4.1051,45.1851],[4.0939,45.1806],[4.074,45.1684],[4.0634,45.1699],[4.0557,45.1751]]]}},{"type":"Feature","properties":{"code":"43170","nom":"Saint-Beauzire","app":8.11,"app_bas":5.99,"app_haut":10.98,"app_ech":"maille","app_obs":2,"mai":7.84,"mai_bas":5.8,"mai_haut":10.59,"mai_ech":"maille","mai_obs":28,"a12":10.15,"a3":6.26},"geometry":{"type":"Polygon","coordinates":[[[3.3146,45.2759],[3.3187,45.2659],[3.3091,45.258],[3.2976,45.255],[3.2802,45.2473],[3.2697,45.2358],[3.2654,45.2421],[3.2777,45.255],[3.2736,45.2656],[3.2648,45.2635],[3.2596,45.269],[3.2513,45.2711],[3.2372,45.28],[3.24,45.2866],[3.2469,45.289],[3.2729,45.288],[3.2678,45.3015],[3.2716,45.3058],[3.292,45.3111],[3.2878,45.2994],[3.3026,45.2969],[3.3142,45.2896],[3.3146,45.2759]]]}},{"type":"Feature","properties":{"code":"43188","nom":"Saint-Georges-d'Aurac","app":8.11,"app_bas":5.99,"app_haut":10.98,"app_ech":"maille","app_obs":8,"mai":7.14,"mai_bas":5.03,"mai_haut":10.12,"mai_ech":"maille","mai_obs":9,"a12":8.14,"a3":6.38},"geometry":{"type":"Polygon","coordinates":[[[3.6072,45.1467],[3.6122,45.1421],[3.6049,45.1337],[3.5974,45.1306],[3.587,45.1383],[3.5626,45.1429],[3.5481,45.1384],[3.5381,45.1493],[3.5264,45.1554],[3.5103,45.1715],[3.5097,45.18],[3.5234,45.1892],[3.5261,45.1901],[3.5269,45.1873],[3.5566,45.1763],[3.5619,45.1681],[3.5555,45.1637],[3.5587,45.159],[3.5776,45.1453],[3.6072,45.1467]]]}},{"type":"Feature","properties":{"code":"43257","nom":"Vergezac","app":8.11,"app_bas":5.99,"app_haut":10.98,"app_ech":"maille","app_obs":9,"mai":7.61,"mai_bas":5.82,"mai_haut":9.94,"mai_ech":"maille","mai_obs":23,"a12":9.41,"a3":7.08},"geometry":{"type":"Polygon","coordinates":[[[3.7159,45.0058],[3.7049,45.0188],[3.7044,45.0261],[3.7021,45.0363],[3.7076,45.0489],[3.7177,45.0555],[3.7304,45.0523],[3.7503,45.0568],[3.7592,45.0547],[3.7521,45.0476],[3.7651,45.0458],[3.7571,45.0345],[3.7651,45.0302],[3.7857,45.033],[3.7892,45.0305],[3.7744,45.0266],[3.7666,45.0226],[3.7523,45.0258],[3.7429,45.0138],[3.7299,45.0076],[3.7159,45.0058]]]}},{"type":"Feature","properties":{"code":"43020","nom":"Bas-en-Basset","app":8.91,"app_bas":6.83,"app_haut":11.62,"app_ech":"commune","app_obs":434,"mai":8.77,"mai_bas":6.31,"mai_haut":12.19,"mai_ech":"commune","mai_obs":208,"a12":10.02,"a3":7.82},"geometry":{"type":"Polygon","coordinates":[[[4.0582,45.287],[4.0684,45.3007],[4.0767,45.3064],[4.0679,45.3126],[4.0645,45.3244],[4.0743,45.3315],[4.0708,45.3361],[4.0777,45.3462],[4.0778,45.355],[4.0862,45.3581],[4.0985,45.3596],[4.1186,45.3484],[4.138,45.3422],[4.1449,45.333],[4.1543,45.3287],[4.1558,45.3193],[4.1421,45.3105],[4.1446,45.3017],[4.143,45.2872],[4.1176,45.2894],[4.0994,45.2769],[4.0797,45.2757],[4.0593,45.2801],[4.0582,45.287]]]}},{"type":"Feature","properties":{"code":"43036","nom":"Borne","app":9.34,"app_bas":7.22,"app_haut":12.09,"app_ech":"maille","app_obs":9,"mai":7.42,"mai_bas":5.42,"mai_haut":10.16,"mai_ech":"maille","mai_obs":23,"a12":9.71,"a3":7.85},"geometry":{"type":"Polygon","coordinates":[[[3.7758,45.0792],[3.7735,45.0893],[3.7854,45.1],[3.7882,45.1101],[3.8047,45.1052],[3.8108,45.093],[3.7993,45.0834],[3.7908,45.0855],[3.7758,45.0792]]]}},{"type":"Feature","properties":{"code":"43037","nom":"Bouchet-Saint-Nicolas","app":7.82,"app_bas":5.91,"app_haut":10.35,"app_ech":"maille","app_obs":2,"mai":6.48,"mai_bas":4.79,"mai_haut":8.78,"mai_ech":"maille","mai_obs":4,"a12":10.46,"a3":6.44},"geometry":{"type":"Polygon","coordinates":[[[3.7535,44.8927],[3.7625,44.9052],[3.7724,44.9116],[3.7978,44.9071],[3.8072,44.8978],[3.8072,44.8904],[3.8117,44.8847],[3.8243,44.8816],[3.818,44.8725],[3.8216,44.8649],[3.8094,44.8596],[3.79,44.8677],[3.7859,44.8721],[3.771,44.8744],[3.7547,44.88],[3.7508,44.8881],[3.7535,44.8927]]]}},{"type":"Feature","properties":{"code":"43085","nom":"Desges","app":7.36,"app_bas":5.81,"app_haut":9.32,"app_ech":"maille","app_obs":0,"mai":7.61,"mai_bas":5.82,"mai_haut":9.94,"mai_ech":"maille","mai_obs":0,"a12":10.46,"a3":6.23},"geometry":{"type":"Polygon","coordinates":[[[3.4503,45.0033],[3.4452,45.0052],[3.4378,45.0096],[3.4154,45.0102],[3.4091,45.0121],[3.4052,45.0201],[3.4037,45.0268],[3.4128,45.0363],[3.4234,45.0395],[3.4409,45.0398],[3.4469,45.0338],[3.4694,45.0306],[3.4791,45.0333],[3.4782,45.0138],[3.4691,45.0085],[3.4503,45.0033]]]}},{"type":"Feature","properties":{"code":"43134","nom":"Mézères","app":7.22,"app_bas":5.6,"app_haut":9.31,"app_ech":"maille","app_obs":1,"mai":7.43,"mai_bas":5.7,"mai_haut":9.69,"mai_ech":"maille","mai_obs":1,"a12":8.81,"a3":6.41},"geometry":{"type":"Polygon","coordinates":[[[4.0243,45.1441],[4.0183,45.1443],[4.0169,45.1559],[4.0095,45.1619],[3.9961,45.1624],[3.9881,45.1674],[3.9974,45.1752],[4.0024,45.1837],[3.9879,45.1874],[3.9912,45.1915],[4.0007,45.1927],[4.0018,45.186],[4.0112,45.1802],[4.0235,45.1765],[4.0371,45.1689],[4.0293,45.1498],[4.0243,45.1441]]]}},{"type":"Feature","properties":{"code":"43008","nom":"Arlempdes","app":7.82,"app_bas":5.91,"app_haut":10.35,"app_ech":"maille","app_obs":1,"mai":6.48,"mai_bas":4.79,"mai_haut":8.78,"mai_ech":"maille","mai_obs":6,"a12":9.44,"a3":6.44},"geometry":{"type":"Polygon","coordinates":[[[3.8877,44.8818],[3.9015,44.8913],[3.9108,44.8915],[3.9187,44.8871],[3.9187,44.8772],[3.9207,44.8697],[3.9334,44.8624],[3.9254,44.8539],[3.9177,44.8536],[3.8904,44.844],[3.8797,44.8459],[3.8809,44.8599],[3.8877,44.8818]]]}},{"type":"Feature","properties":{"code":"43152","nom":"Polignac","app":9.34,"app_bas":7.22,"app_haut":12.09,"app_ech":"maille","app_obs":58,"mai":7.61,"mai_bas":5.82,"mai_haut":9.94,"mai_ech":"maille","mai_obs":91,"a12":9.71,"a3":7.85},"geometry":{"type":"Polygon","coordinates":[[[3.8295,45.1027],[3.8335,45.0994],[3.8586,45.1021],[3.868,45.1013],[3.8954,45.107],[3.8974,45.0974],[3.9105,45.0873],[3.9114,45.0768],[3.8985,45.0739],[3.8987,45.07],[3.8904,45.0643],[3.8912,45.0558],[3.8823,45.0575],[3.8767,45.0542],[3.8749,45.0496],[3.8697,45.056],[3.8631,45.0585],[3.8483,45.0563],[3.8388,45.0593],[3.8265,45.0592],[3.8066,45.0619],[3.8176,45.0752],[3.8189,45.0841],[3.8119,45.0918],[3.8295,45.1027]]]}},{"type":"Feature","properties":{"code":"43007","nom":"Araules","app":8.68,"app_bas":6.55,"app_haut":11.5,"app_ech":"maille","app_obs":27,"mai":7.53,"mai_bas":5.46,"mai_haut":10.39,"mai_ech":"maille","mai_obs":11,"a12":9.56,"a3":6.67},"geometry":{"type":"Polygon","coordinates":[[[4.1352,45.0572],[4.1283,45.0731],[4.1291,45.0782],[4.1408,45.0831],[4.1485,45.0888],[4.1519,45.0965],[4.1699,45.1033],[4.18,45.0951],[4.1873,45.0921],[4.1918,45.0811],[4.1899,45.0758],[4.1959,45.0696],[4.2161,45.0646],[4.2201,45.0602],[4.2171,45.0552],[4.1987,45.0561],[4.1919,45.0499],[4.1916,45.0345],[4.1963,45.0313],[4.1904,45.0301],[4.1665,45.0328],[4.1389,45.0492],[4.1352,45.0572]]]}},{"type":"Feature","properties":{"code":"43060","nom":"Charraix","app":7.36,"app_bas":5.81,"app_haut":9.32,"app_ech":"maille","app_obs":0,"mai":7.61,"mai_bas":5.82,"mai_haut":9.94,"mai_ech":"maille","mai_obs":0,"a12":10.46,"a3":6.23},"geometry":{"type":"Polygon","coordinates":[[[3.5418,45.0087],[3.5487,45.0109],[3.5518,45.0177],[3.5384,45.0218],[3.5404,45.0331],[3.5477,45.0457],[3.5559,45.0412],[3.5777,45.0376],[3.5804,45.0264],[3.5854,45.0178],[3.5662,45.0091],[3.5584,45.0132],[3.5527,45.012],[3.5429,45.0006],[3.5418,45.0087]]]}},{"type":"Feature","properties":{"code":"43123","nom":"Lorlanges","app":8.11,"app_bas":5.99,"app_haut":10.98,"app_ech":"maille","app_obs":10,"mai":7.84,"mai_bas":5.8,"mai_haut":10.59,"mai_ech":"maille","mai_obs":36,"a12":10.15,"a3":6.26},"geometry":{"type":"Polygon","coordinates":[[[3.2318,45.3258],[3.2334,45.3304],[3.2441,45.3348],[3.2533,45.3465],[3.2633,45.3443],[3.2759,45.3461],[3.2781,45.3494],[3.2792,45.3366],[3.2836,45.3253],[3.2886,45.3208],[3.292,45.3111],[3.2716,45.3058],[3.2678,45.3015],[3.25,45.3086],[3.2376,45.3179],[3.2318,45.3258]]]}},{"type":"Feature","properties":{"code":"43206","nom":"Saint-Just-près-Brioude","app":6.29,"app_bas":4.94,"app_haut":8.01,"app_ech":"maille","app_obs":0,"mai":6.66,"mai_bas":4.88,"mai_haut":9.09,"mai_ech":"maille","mai_obs":18,"a12":10.15,"a3":6.51},"geometry":{"type":"Polygon","coordinates":[[[3.3187,45.2659],[3.3333,45.2677],[3.3376,45.2714],[3.3541,45.273],[3.3638,45.2628],[3.3514,45.2587],[3.3543,45.2526],[3.3737,45.2413],[3.3873,45.2386],[3.3817,45.229],[3.3847,45.2262],[3.3797,45.2161],[3.3725,45.2121],[3.3734,45.2063],[3.3655,45.2044],[3.3579,45.2115],[3.3484,45.2068],[3.3427,45.1965],[3.338,45.1939],[3.3179,45.197],[3.3089,45.2011],[3.3055,45.2061],[3.2968,45.2085],[3.2997,45.219],[3.2916,45.2201],[3.2862,45.2288],[3.2764,45.2295],[3.2697,45.2358],[3.2802,45.2473],[3.2976,45.255],[3.3091,45.258],[3.3187,45.2659]]]}},{"type":"Feature","properties":{"code":"43051","nom":"Chambon-sur-Lignon","app":8.59,"app_bas":6.48,"app_haut":11.38,"app_ech":"commune","app_obs":231,"mai":8.13,"mai_bas":6.15,"mai_haut":10.74,"mai_ech":"maille","mai_obs":22,"a12":9.56,"a3":7.26},"geometry":{"type":"Polygon","coordinates":[[[4.3464,45.075],[4.3493,45.065],[4.3647,45.0545],[4.378,45.0543],[4.3817,45.0416],[4.3791,45.0362],[4.3568,45.0336],[4.3515,45.0277],[4.343,45.0276],[4.3147,45.0308],[4.2997,45.02],[4.2686,45.0228],[4.2764,45.031],[4.2785,45.0464],[4.2754,45.0606],[4.2905,45.073],[4.2885,45.0833],[4.294,45.0898],[4.3272,45.0899],[4.3317,45.0811],[4.3464,45.075]]]}},{"type":"Feature","properties":{"code":"43077","nom":"Costaros","app":9.22,"app_bas":7.11,"app_haut":11.97,"app_ech":"maille","app_obs":79,"mai":6.48,"mai_bas":4.79,"mai_haut":8.78,"mai_ech":"maille","mai_obs":33,"a12":10.46,"a3":7.79},"geometry":{"type":"Polygon","coordinates":[[[3.8585,44.8895],[3.8373,44.8828],[3.8274,44.884],[3.827,44.8972],[3.8331,44.9009],[3.8402,44.8992],[3.8533,44.8992],[3.8631,44.8953],[3.8585,44.8895]]]}},{"type":"Feature","properties":{"code":"43126","nom":"Malrevers","app":8.68,"app_bas":6.55,"app_haut":11.5,"app_ech":"maille","app_obs":27,"mai":7.43,"mai_bas":5.7,"mai_haut":9.69,"mai_ech":"maille","mai_obs":18,"a12":11.42,"a3":9.13},"geometry":{"type":"Polygon","coordinates":[[[3.9261,45.1083],[3.9361,45.1131],[3.9407,45.1079],[3.9516,45.1126],[3.9596,45.1111],[3.9654,45.121],[3.9725,45.1201],[3.9843,45.1135],[3.9944,45.0951],[3.9899,45.0835],[3.977,45.075],[3.9755,45.0723],[3.9726,45.0734],[3.9527,45.0914],[3.9261,45.1083]]]}},{"type":"Feature","properties":{"code":"43133","nom":"Mercœur","app":6.29,"app_bas":4.94,"app_haut":8.01,"app_ech":"maille","app_obs":0,"mai":6.66,"mai_bas":4.88,"mai_haut":9.09,"mai_ech":"maille","mai_obs":0,"a12":9.14,"a3":6.51},"geometry":{"type":"Polygon","coordinates":[[[3.3655,45.2044],[3.3563,45.2038],[3.3507,45.1997],[3.3607,45.1869],[3.3447,45.1732],[3.323,45.1715],[3.3201,45.1777],[3.3095,45.1815],[3.3025,45.1747],[3.2804,45.1696],[3.2852,45.1599],[3.2816,45.1516],[3.268,45.1541],[3.2624,45.1683],[3.2609,45.182],[3.271,45.1898],[3.2722,45.2095],[3.2916,45.2201],[3.2997,45.219],[3.2968,45.2085],[3.3055,45.2061],[3.3089,45.2011],[3.3179,45.197],[3.338,45.1939],[3.3427,45.1965],[3.3484,45.2068],[3.3579,45.2115],[3.3655,45.2044]]]}},{"type":"Feature","properties":{"code":"43200","nom":"Saint-Julien-Chapteuil","app":9.46,"app_bas":7.26,"app_haut":12.33,"app_ech":"commune","app_obs":205,"mai":6.22,"mai_bas":4.57,"mai_haut":8.47,"mai_ech":"maille","mai_obs":96,"a12":8.25,"a3":9.53},"geometry":{"type":"Polygon","coordinates":[[[4.0434,44.9975],[4.0488,45.0042],[4.0434,45.0128],[4.0491,45.0186],[4.0452,45.0368],[4.0629,45.0503],[4.0699,45.0583],[4.085,45.0624],[4.0988,45.0554],[4.1122,45.0526],[4.1237,45.0472],[4.1174,45.0399],[4.1143,45.0305],[4.1187,45.0203],[4.0939,45.0119],[4.0869,45.0172],[4.0803,45.0146],[4.0721,45.0028],[4.0724,44.9954],[4.0592,44.9931],[4.0546,44.9931],[4.0434,44.9975]]]}},{"type":"Feature","properties":{"code":"43201","nom":"Saint-Julien-d'Ance","app":7.48,"app_bas":5.73,"app_haut":9.75,"app_ech":"maille","app_obs":1,"mai":6.71,"mai_bas":4.84,"mai_haut":9.32,"mai_ech":"maille","mai_obs":2,"a12":8.81,"a3":6.41},"geometry":{"type":"Polygon","coordinates":[[[3.9193,45.3418],[3.9314,45.3395],[3.9366,45.3361],[3.9375,45.3222],[3.9423,45.3161],[3.9384,45.3092],[3.9516,45.3063],[3.9576,45.2992],[3.9437,45.2941],[3.9433,45.2871],[3.919,45.2721],[3.9044,45.2796],[3.9069,45.3109],[3.9142,45.3227],[3.9138,45.3276],[3.9063,45.3332],[3.9193,45.3418]]]}},{"type":"Feature","properties":{"code":"43212","nom":"Saint-Pal-de-Chalencon","app":7.48,"app_bas":5.46,"app_haut":10.25,"app_ech":"maille","app_obs":34,"mai":8,"mai_bas":5.93,"mai_haut":10.79,"mai_ech":"maille","mai_obs":20,"a12":8.44,"a3":6.49},"geometry":{"type":"Polygon","coordinates":[[[4.0025,45.356],[4.0146,45.3336],[4.0057,45.3315],[3.9904,45.3372],[3.9803,45.3345],[3.9755,45.3247],[3.9671,45.3217],[3.9486,45.3201],[3.9423,45.3161],[3.9375,45.3222],[3.9366,45.3361],[3.9314,45.3395],[3.9193,45.3418],[3.9215,45.3489],[3.9138,45.3513],[3.923,45.358],[3.9353,45.359],[3.9341,45.3678],[3.9374,45.372],[3.9488,45.3751],[3.9623,45.3699],[3.9783,45.3757],[3.9862,45.3687],[3.9926,45.3591],[4.0025,45.356]]]}},{"type":"Feature","properties":{"code":"43042","nom":"Cayres","app":9.22,"app_bas":7.11,"app_haut":11.97,"app_ech":"maille","app_obs":43,"mai":6.48,"mai_bas":4.79,"mai_haut":8.78,"mai_ech":"maille","mai_obs":49,"a12":10.46,"a3":6.44},"geometry":{"type":"Polygon","coordinates":[[[3.769,44.918],[3.7692,44.9265],[3.7649,44.9364],[3.788,44.941],[3.8066,44.941],[3.8141,44.9429],[3.81,44.9548],[3.8297,44.9587],[3.8399,44.9526],[3.8339,44.951],[3.8344,44.9406],[3.8467,44.9134],[3.8402,44.9057],[3.8402,44.8992],[3.8331,44.9009],[3.827,44.8972],[3.8274,44.884],[3.8243,44.8816],[3.8117,44.8847],[3.8072,44.8904],[3.8072,44.8978],[3.7978,44.9071],[3.7724,44.9116],[3.769,44.918]]]}},{"type":"Feature","properties":{"code":"43069","nom":"Chenereilles","app":8.17,"app_bas":6.16,"app_haut":10.85,"app_ech":"maille","app_obs":12,"mai":8.13,"mai_bas":6.15,"mai_haut":10.74,"mai_ech":"maille","mai_obs":3,"a12":10.31,"a3":6.67},"geometry":{"type":"Polygon","coordinates":[[[4.241,45.1211],[4.2343,45.1226],[4.2192,45.1207],[4.2086,45.1214],[4.2102,45.1383],[4.2055,45.1412],[4.2115,45.1482],[4.2223,45.148],[4.2366,45.1575],[4.2456,45.1573],[4.2573,45.1511],[4.2637,45.1436],[4.266,45.1361],[4.2651,45.1256],[4.2567,45.1239],[4.2473,45.1186],[4.241,45.1211]]]}},{"type":"Feature","properties":{"code":"43124","nom":"Loudes","app":9.34,"app_bas":7.22,"app_haut":12.09,"app_ech":"maille","app_obs":76,"mai":7.42,"mai_bas":5.42,"mai_haut":10.16,"mai_ech":"maille","mai_obs":40,"a12":9.71,"a3":7.08},"geometry":{"type":"Polygon","coordinates":[[[3.7305,45.0702],[3.7264,45.0803],[3.7125,45.0856],[3.7034,45.0952],[3.7066,45.1029],[3.7029,45.1092],[3.7109,45.114],[3.7282,45.1144],[3.7315,45.1196],[3.7428,45.124],[3.7496,45.124],[3.7602,45.1139],[3.7734,45.1165],[3.7769,45.1124],[3.7882,45.1101],[3.7854,45.1],[3.7735,45.0893],[3.7763,45.0764],[3.7573,45.0781],[3.7471,45.0763],[3.7305,45.0702]]]}},{"type":"Feature","properties":{"code":"43194","nom":"Saint-Hostien","app":8.68,"app_bas":6.55,"app_haut":11.5,"app_ech":"maille","app_obs":51,"mai":8.36,"mai_bas":6.37,"mai_haut":10.96,"mai_ech":"maille","mai_obs":33,"a12":11.42,"a3":6.49},"geometry":{"type":"Polygon","coordinates":[[[4.0294,45.1007],[4.0468,45.0921],[4.0587,45.0883],[4.0803,45.0875],[4.0832,45.0763],[4.0681,45.0671],[4.0545,45.0603],[4.046,45.0589],[4.0313,45.0634],[4.0186,45.072],[4.0274,45.0858],[4.0294,45.1007]]]}},{"type":"Feature","properties":{"code":"43221","nom":"Saint-Privat-d'Allier","app":9.22,"app_bas":7.11,"app_haut":11.97,"app_ech":"maille","app_obs":9,"mai":7.61,"mai_bas":5.82,"mai_haut":9.94,"mai_ech":"maille","mai_obs":10,"a12":9.41,"a3":7.85},"geometry":{"type":"Polygon","coordinates":[[[3.672,45.0319],[3.6753,45.0303],[3.7044,45.0261],[3.7049,45.0188],[3.7159,45.0058],[3.7161,44.9959],[3.6949,44.9952],[3.683,44.9921],[3.6798,44.9843],[3.6844,44.9799],[3.6805,44.9744],[3.6744,44.9703],[3.6557,44.9721],[3.6472,44.9714],[3.6288,44.988],[3.6243,45],[3.631,45.007],[3.6413,45.0064],[3.6464,45.0166],[3.6581,45.0289],[3.672,45.0319]]]}},{"type":"Feature","properties":{"code":"43262","nom":"Vieille-Brioude","app":8.27,"app_bas":6.23,"app_haut":10.98,"app_ech":"maille","app_obs":60,"mai":6.66,"mai_bas":4.88,"mai_haut":9.09,"mai_ech":"maille","mai_obs":60,"a12":10.15,"a3":6.26},"geometry":{"type":"Polygon","coordinates":[[[3.4116,45.228],[3.3985,45.2301],[3.3927,45.232],[3.3847,45.2262],[3.3817,45.229],[3.3873,45.2386],[3.3737,45.2413],[3.3543,45.2526],[3.3514,45.2587],[3.3638,45.2628],[3.373,45.2671],[3.3787,45.2746],[3.3923,45.2786],[3.4071,45.2803],[3.4213,45.2675],[3.4295,45.2702],[3.4274,45.2562],[3.4314,45.2513],[3.4431,45.246],[3.4534,45.2329],[3.446,45.2267],[3.4281,45.2225],[3.4205,45.228],[3.4116,45.228]]]}},{"type":"Feature","properties":{"code":"43019","nom":"Barges","app":7.82,"app_bas":5.91,"app_haut":10.35,"app_ech":"maille","app_obs":1,"mai":6.48,"mai_bas":4.79,"mai_haut":8.78,"mai_ech":"maille","mai_obs":1,"a12":9.44,"a3":6.44},"geometry":{"type":"Polygon","coordinates":[[[3.8797,44.8459],[3.8904,44.844],[3.9049,44.8369],[3.8995,44.833],[3.8993,44.8253],[3.8938,44.8201],[3.8797,44.8216],[3.8628,44.8331],[3.8584,44.8386],[3.8797,44.8459]]]}},{"type":"Feature","properties":{"code":"43073","nom":"Cistrières","app":8.27,"app_bas":6.23,"app_haut":10.98,"app_ech":"maille","app_obs":1,"mai":7.42,"mai_bas":5.42,"mai_haut":10.16,"mai_ech":"maille","mai_obs":11,"a12":8.14,"a3":6.38},"geometry":{"type":"Polygon","coordinates":[[[3.565,45.3313],[3.5747,45.3351],[3.5759,45.3406],[3.5854,45.3532],[3.5908,45.3571],[3.6033,45.3508],[3.6078,45.3438],[3.6186,45.3377],[3.6258,45.3383],[3.6409,45.3484],[3.6591,45.3318],[3.6596,45.3278],[3.6407,45.3262],[3.6405,45.3134],[3.6263,45.3124],[3.6182,45.3091],[3.6137,45.3033],[3.5934,45.3134],[3.5725,45.3216],[3.565,45.3313]]]}},{"type":"Feature","properties":{"code":"43090","nom":"Esplantas-Vazeilles","app":7.36,"app_bas":5.81,"app_haut":9.32,"app_ech":"maille","app_obs":0,"mai":7.79,"mai_bas":5.94,"mai_haut":10.2,"mai_ech":"maille","mai_obs":2,"a12":10.6,"a3":6},"geometry":{"type":"Polygon","coordinates":[[[3.5257,44.894],[3.5152,44.8923],[3.5091,44.8994],[3.5176,44.9018],[3.5296,44.9025],[3.538,44.913],[3.5563,44.9219],[3.5741,44.9189],[3.5869,44.9084],[3.6054,44.9055],[3.6081,44.9025],[3.5897,44.8938],[3.5797,44.8853],[3.5702,44.8861],[3.5629,44.8898],[3.5496,44.8873],[3.5391,44.8893],[3.5337,44.8949],[3.5257,44.894]]]}},{"type":"Feature","properties":{"code":"43207","nom":"Saint-Laurent-Chabreuges","app":6.29,"app_bas":4.94,"app_haut":8.01,"app_ech":"maille","app_obs":0,"mai":7.84,"mai_bas":5.8,"mai_haut":10.59,"mai_ech":"maille","mai_obs":5,"a12":10.15,"a3":6.26},"geometry":{"type":"Polygon","coordinates":[[[3.3187,45.2659],[3.3146,45.2759],[3.326,45.2773],[3.3321,45.2818],[3.333,45.2885],[3.3432,45.2914],[3.3574,45.2847],[3.3688,45.2846],[3.3787,45.2746],[3.373,45.2671],[3.3638,45.2628],[3.3541,45.273],[3.3376,45.2714],[3.3333,45.2677],[3.3187,45.2659]]]}},{"type":"Feature","properties":{"code":"43261","nom":"Vézézoux","app":9.2,"app_bas":7.49,"app_haut":11.3,"app_ech":"maille","app_obs":6,"mai":7.71,"mai_bas":5.66,"mai_haut":10.49,"mai_ech":"maille","mai_obs":19,"a12":10.15,"a3":6.65},"geometry":{"type":"Polygon","coordinates":[[[3.3409,45.4214],[3.356,45.4227],[3.3674,45.4115],[3.3638,45.4016],[3.3508,45.3902],[3.3389,45.3888],[3.3324,45.3903],[3.3303,45.3972],[3.3337,45.4058],[3.341,45.4147],[3.3409,45.4214]]]}},{"type":"Feature","properties":{"code":"43268","nom":"Yssingeaux","app":9.55,"app_bas":7.22,"app_haut":12.65,"app_ech":"commune","app_obs":1199,"mai":9.1,"mai_bas":6.6,"mai_haut":12.55,"mai_ech":"commune","mai_obs":358,"a12":12.26,"a3":9.62},"geometry":{"type":"Polygon","coordinates":[[[4.0961,45.0952],[4.0917,45.1039],[4.0923,45.1137],[4.0974,45.1214],[4.0892,45.1275],[4.0843,45.1344],[4.0881,45.1485],[4.08,45.1516],[4.0633,45.1514],[4.063,45.1585],[4.0552,45.1647],[4.0634,45.1699],[4.074,45.1684],[4.0939,45.1806],[4.1051,45.1851],[4.1132,45.1948],[4.1183,45.1902],[4.1371,45.1886],[4.146,45.1954],[4.1551,45.1916],[4.1483,45.1852],[4.1507,45.1805],[4.167,45.1767],[4.1746,45.168],[4.1821,45.1673],[4.1925,45.1617],[4.1944,45.1565],[4.1947,45.146],[4.1854,45.1348],[4.1811,45.1213],[4.1804,45.1121],[4.1699,45.1033],[4.1519,45.0965],[4.1485,45.0888],[4.1408,45.0831],[4.1291,45.0782],[4.1283,45.0731],[4.1099,45.0853],[4.1074,45.0908],[4.0961,45.0952]]]}},{"type":"Feature","properties":{"code":"43247","nom":"Torsiac","app":7.58,"app_bas":5.96,"app_haut":9.65,"app_ech":"maille","app_obs":0,"mai":7.84,"mai_bas":5.8,"mai_haut":10.59,"mai_ech":"maille","mai_obs":3,"a12":10.15,"a3":6.65},"geometry":{"type":"Polygon","coordinates":[[[3.2115,45.3672],[3.2219,45.3504],[3.2066,45.347],[3.2076,45.3344],[3.1929,45.3309],[3.1887,45.3335],[3.1816,45.3462],[3.1811,45.3523],[3.1753,45.356],[3.1847,45.3638],[3.1945,45.3626],[3.196,45.3684],[3.2095,45.3714],[3.2115,45.3672]]]}}]}