{"type":"FeatureCollection","features":[{"type":"Feature","properties":{"code":"48070","nom":"Grandrieu","app":8.31,"app_bas":6.56,"app_haut":10.52,"app_ech":"maille","app_obs":16,"mai":6.81,"mai_bas":5.1,"mai_haut":9.09,"mai_ech":"maille","mai_obs":4},"geometry":{"type":"Polygon","coordinates":[[[3.5897,44.8173],[3.6014,44.8195],[3.6102,44.8129],[3.6309,44.8103],[3.6468,44.8053],[3.6675,44.8073],[3.6867,44.8039],[3.691,44.7957],[3.6987,44.7986],[3.7051,44.7959],[3.707,44.7877],[3.7127,44.7816],[3.6974,44.7758],[3.6906,44.7711],[3.6881,44.7597],[3.6929,44.7462],[3.6779,44.7442],[3.681,44.7353],[3.6626,44.7303],[3.6499,44.73],[3.6495,44.7432],[3.6383,44.7433],[3.6455,44.7487],[3.641,44.7536],[3.6316,44.7511],[3.6138,44.7495],[3.6091,44.7458],[3.5994,44.7464],[3.5872,44.7532],[3.5904,44.7584],[3.5883,44.7643],[3.5934,44.7718],[3.5891,44.7756],[3.5788,44.7754],[3.5673,44.7718],[3.5812,44.7768],[3.587,44.786],[3.5861,44.7957],[3.5797,44.8008],[3.5804,44.8128],[3.5897,44.8173]]]}},{"type":"Feature","properties":{"code":"48195","nom":"Vignes","app":null,"app_bas":null,"app_haut":null,"app_ech":null,"app_obs":0,"mai":null,"mai_bas":null,"mai_haut":null,"mai_ech":null,"mai_obs":0},"geometry":{"type":"Polygon","coordinates":[[[3.2787,44.2929],[3.2833,44.2762],[3.2819,44.2717],[3.2887,44.2654],[3.2908,44.2587],[3.2799,44.2504],[3.2719,44.2481],[3.2604,44.2486],[3.248,44.2371],[3.2366,44.2365],[3.2308,44.2333],[3.2326,44.2459],[3.2296,44.2526],[3.2206,44.2561],[3.2161,44.2656],[3.2169,44.2777],[3.2144,44.2885],[3.2288,44.296],[3.2384,44.2911],[3.248,44.2908],[3.2513,44.2962],[3.2601,44.2986],[3.2787,44.2929]]]}},{"type":"Feature","properties":{"code":"48146","nom":"Sainte-Enimie","app":8.22,"app_bas":6.32,"app_haut":10.68,"app_ech":"maille","app_obs":38,"mai":7.21,"mai_bas":5.39,"mai_haut":9.65,"mai_ech":"maille","mai_obs":18},"geometry":{"type":"Polygon","coordinates":[[[3.4714,44.3307],[3.4594,44.3309],[3.4517,44.3401],[3.4457,44.3415],[3.4398,44.3508],[3.4311,44.3518],[3.4198,44.3573],[3.4124,44.3478],[3.4123,44.3382],[3.3984,44.3357],[3.3932,44.3273],[3.3852,44.3219],[3.3784,44.3224],[3.371,44.3312],[3.3588,44.3242],[3.3511,44.3121],[3.3351,44.3193],[3.3392,44.3275],[3.3495,44.3339],[3.3555,44.3314],[3.3658,44.3408],[3.3623,44.3483],[3.3672,44.3563],[3.3628,44.363],[3.3779,44.3674],[3.3758,44.3778],[3.3632,44.3748],[3.3562,44.3753],[3.3495,44.3906],[3.3646,44.3941],[3.3708,44.4065],[3.3763,44.4079],[3.3851,44.4039],[3.3957,44.4161],[3.4087,44.4163],[3.4263,44.4318],[3.4386,44.435],[3.4546,44.4361],[3.4566,44.441],[3.4691,44.4327],[3.4678,44.4232],[3.4718,44.4156],[3.4717,44.404],[3.4754,44.3944],[3.485,44.3812],[3.4827,44.3733],[3.4765,44.3632],[3.4679,44.3564],[3.4688,44.3507],[3.4756,44.3432],[3.4753,44.3358],[3.4714,44.3307]]]}},{"type":"Feature","properties":{"code":"48004","nom":"Altier","app":9.53,"app_bas":7.42,"app_haut":12.25,"app_ech":"maille","app_obs":8,"mai":6.53,"mai_bas":4.9,"mai_haut":8.71,"mai_ech":"maille","mai_obs":6},"geometry":{"type":"Polygon","coordinates":[[[3.8466,44.4054],[3.8161,44.4165],[3.8082,44.4183],[3.813,44.4385],[3.8311,44.4531],[3.8382,44.4636],[3.8409,44.4724],[3.8378,44.4828],[3.8242,44.495],[3.8116,44.4972],[3.8083,44.5045],[3.8202,44.5042],[3.8358,44.5086],[3.8547,44.5066],[3.8711,44.5025],[3.8807,44.5045],[3.8887,44.5015],[3.8923,44.4927],[3.9032,44.4894],[3.9013,44.4751],[3.895,44.46],[3.8904,44.456],[3.8871,44.4419],[3.8924,44.4328],[3.8913,44.4292],[3.8719,44.4192],[3.8582,44.4188],[3.8466,44.4054]]]}},{"type":"Feature","properties":{"code":"48028","nom":"Bondons","app":9.53,"app_bas":7.42,"app_haut":12.25,"app_ech":"maille","app_obs":1,"mai":6.53,"mai_bas":4.9,"mai_haut":8.71,"mai_ech":"maille","mai_obs":6},"geometry":{"type":"Polygon","coordinates":[[[3.5936,44.4153],[3.6032,44.4156],[3.627,44.4238],[3.6362,44.4302],[3.6511,44.4344],[3.6662,44.4413],[3.6784,44.4354],[3.6874,44.4355],[3.6865,44.4301],[3.6764,44.4185],[3.6721,44.4109],[3.6692,44.3908],[3.6714,44.3822],[3.6697,44.3656],[3.6722,44.361],[3.6562,44.3702],[3.6435,44.3732],[3.6328,44.3733],[3.6196,44.369],[3.6171,44.3612],[3.5957,44.3586],[3.5876,44.3633],[3.5852,44.3724],[3.5919,44.3842],[3.5915,44.3947],[3.5946,44.4022],[3.5865,44.4086],[3.5936,44.4153]]]}},{"type":"Feature","properties":{"code":"48139","nom":"Saint-Bonnet-de-Montauroux","app":9.22,"app_bas":7.11,"app_haut":11.97,"app_ech":"maille","app_obs":4,"mai":6.48,"mai_bas":4.79,"mai_haut":8.78,"mai_ech":"maille","mai_obs":2},"geometry":{"type":"Polygon","coordinates":[[[3.6607,44.8169],[3.6656,44.8214],[3.6664,44.8288],[3.6954,44.831],[3.7004,44.8368],[3.7229,44.831],[3.7339,44.8353],[3.7354,44.8401],[3.7461,44.8327],[3.7527,44.821],[3.7598,44.8161],[3.7624,44.8107],[3.7588,44.8056],[3.7641,44.8004],[3.7556,44.7889],[3.737,44.7959],[3.7237,44.8039],[3.7124,44.8042],[3.7076,44.8152],[3.6915,44.8134],[3.6848,44.819],[3.6607,44.8169]]]}},{"type":"Feature","properties":{"code":"48060","nom":"Fau-de-Peyre","app":null,"app_bas":null,"app_haut":null,"app_ech":null,"app_obs":0,"mai":null,"mai_bas":null,"mai_haut":null,"mai_ech":null,"mai_obs":0},"geometry":{"type":"Polygon","coordinates":[[[3.175,44.708],[3.1732,44.7159],[3.186,44.7218],[3.184,44.7277],[3.1851,44.7375],[3.1807,44.7469],[3.1839,44.7616],[3.1974,44.7672],[3.2171,44.7666],[3.222,44.765],[3.2409,44.7525],[3.2589,44.7555],[3.2541,44.7515],[3.2567,44.745],[3.2522,44.7382],[3.2353,44.7365],[3.2335,44.7263],[3.2302,44.7219],[3.1794,44.704],[3.175,44.708]]]}},{"type":"Feature","properties":{"code":"48080","nom":"Langogne","app":7.94,"app_bas":6.03,"app_haut":10.46,"app_ech":"commune","app_obs":544,"mai":6.48,"mai_bas":4.79,"mai_haut":8.78,"mai_ech":"maille","mai_obs":67},"geometry":{"type":"Polygon","coordinates":[[[3.8625,44.7439],[3.8755,44.7406],[3.8763,44.7318],[3.8678,44.7281],[3.8632,44.7215],[3.8615,44.712],[3.8719,44.7054],[3.8696,44.697],[3.8576,44.6928],[3.8505,44.6874],[3.8401,44.6934],[3.8357,44.7035],[3.8093,44.6989],[3.8084,44.7134],[3.7992,44.7138],[3.7962,44.7174],[3.7935,44.7354],[3.7865,44.7373],[3.7908,44.7452],[3.8074,44.7476],[3.8108,44.7511],[3.825,44.7478],[3.8299,44.7546],[3.8366,44.7478],[3.8625,44.7439]]]}},{"type":"Feature","properties":{"code":"48106","nom":"Noalhac","app":7.25,"app_bas":5.16,"app_haut":10.2,"app_ech":"maille","app_obs":0,"mai":7,"mai_bas":5.54,"mai_haut":8.85,"mai_ech":"maille","mai_obs":0},"geometry":{"type":"Polygon","coordinates":[[[3.1043,44.7738],[3.1018,44.7881],[3.0964,44.7942],[3.087,44.7934],[3.0839,44.7968],[3.0806,44.8144],[3.0825,44.8226],[3.0956,44.8276],[3.0971,44.8223],[3.1093,44.8193],[3.1143,44.8014],[3.1082,44.7867],[3.1175,44.7845],[3.1324,44.7946],[3.145,44.7961],[3.1555,44.7998],[3.1683,44.7923],[3.1687,44.79],[3.1536,44.7843],[3.1115,44.781],[3.1043,44.7738]]]}},{"type":"Feature","properties":{"code":"48138","nom":"Saint-Bonnet-de-Chirac","app":8.81,"app_bas":6.96,"app_haut":11.17,"app_ech":"maille","app_obs":0,"mai":7.21,"mai_bas":5.39,"mai_haut":9.65,"mai_ech":"maille","mai_obs":0},"geometry":{"type":"Polygon","coordinates":[[[3.2861,44.5193],[3.2915,44.5116],[3.302,44.5073],[3.3036,44.4994],[3.296,44.494],[3.282,44.4956],[3.2729,44.4987],[3.2627,44.4991],[3.2493,44.4903],[3.2455,44.4902],[3.2564,44.5022],[3.2635,44.5133],[3.2861,44.5193]]]}},{"type":"Feature","properties":{"code":"48067","nom":"Gabriac","app":8.7,"app_bas":7.16,"app_haut":10.59,"app_ech":"maille","app_obs":0,"mai":9.14,"mai_bas":7.28,"mai_haut":11.48,"mai_ech":"maille","mai_obs":0},"geometry":{"type":"Polygon","coordinates":[[[3.7089,44.2002],[3.7186,44.1911],[3.7179,44.1836],[3.737,44.1832],[3.7307,44.17],[3.7256,44.1642],[3.7026,44.1669],[3.6926,44.1712],[3.6835,44.1805],[3.685,44.1827],[3.7004,44.1833],[3.7023,44.1925],[3.7089,44.2002]]]}},{"type":"Feature","properties":{"code":"48122","nom":"Quézac","app":null,"app_bas":null,"app_haut":null,"app_ech":null,"app_obs":0,"mai":null,"mai_bas":null,"mai_haut":null,"mai_ech":null,"mai_obs":0},"geometry":{"type":"Polygon","coordinates":[[[3.5794,44.3583],[3.5663,44.3468],[3.5582,44.3445],[3.5543,44.3341],[3.5428,44.3287],[3.5361,44.3303],[3.5323,44.3423],[3.5196,44.3496],[3.4967,44.3365],[3.4828,44.334],[3.4753,44.3358],[3.4756,44.3432],[3.4688,44.3507],[3.4679,44.3564],[3.4765,44.3632],[3.4827,44.3733],[3.485,44.3812],[3.4927,44.3832],[3.509,44.3768],[3.5265,44.3729],[3.5384,44.3634],[3.5456,44.3639],[3.5534,44.3715],[3.5579,44.3605],[3.5775,44.3617],[3.5794,44.3583]]]}},{"type":"Feature","properties":{"code":"48133","nom":"Saint-Amans","app":null,"app_bas":null,"app_haut":null,"app_ech":null,"app_obs":0,"mai":null,"mai_bas":null,"mai_haut":null,"mai_ech":null,"mai_obs":0},"geometry":{"type":"Polygon","coordinates":[[[3.4301,44.6562],[3.4425,44.6662],[3.4428,44.6768],[3.4478,44.6783],[3.4529,44.6877],[3.4706,44.6935],[3.473,44.6874],[3.4733,44.6731],[3.4618,44.6527],[3.4437,44.6449],[3.4384,44.6532],[3.4301,44.6562]]]}},{"type":"Feature","properties":{"code":"48063","nom":"Fontans","app":8.31,"app_bas":6.56,"app_haut":10.52,"app_ech":"maille","app_obs":2,"mai":7.79,"mai_bas":5.94,"mai_haut":10.2,"mai_ech":"maille","mai_obs":0},"geometry":{"type":"Polygon","coordinates":[[[3.3478,44.7278],[3.348,44.7423],[3.3434,44.7491],[3.3341,44.7503],[3.3325,44.7559],[3.3433,44.7682],[3.3467,44.7785],[3.3536,44.7795],[3.3765,44.7745],[3.3851,44.7707],[3.3938,44.7577],[3.4027,44.7547],[3.4099,44.7656],[3.4212,44.7582],[3.4269,44.7486],[3.4157,44.7462],[3.4176,44.7397],[3.4251,44.7275],[3.4156,44.7225],[3.3943,44.7289],[3.3881,44.7334],[3.3795,44.7256],[3.3846,44.715],[3.3832,44.7078],[3.3707,44.7068],[3.3543,44.7136],[3.3518,44.7233],[3.3478,44.7278]]]}},{"type":"Feature","properties":{"code":"48125","nom":"Recoux","app":null,"app_bas":null,"app_haut":null,"app_ech":null,"app_obs":0,"mai":null,"mai_bas":null,"mai_haut":null,"mai_ech":null,"mai_obs":0},"geometry":{"type":"Polygon","coordinates":[[[3.1543,44.3092],[3.1465,44.3206],[3.1543,44.3298],[3.1517,44.3324],[3.1339,44.333],[3.1276,44.3477],[3.132,44.3572],[3.1559,44.3651],[3.1661,44.3747],[3.1773,44.3754],[3.1924,44.3696],[3.1875,44.3522],[3.1978,44.3467],[3.1843,44.339],[3.1835,44.3231],[3.1663,44.31],[3.1543,44.3092]]]}},{"type":"Feature","properties":{"code":"48176","nom":"Saint-Pierre-des-Tripiers","app":8.05,"app_bas":6.28,"app_haut":10.33,"app_ech":"maille","app_obs":1,"mai":7.21,"mai_bas":5.39,"mai_haut":9.65,"mai_ech":"maille","mai_obs":2},"geometry":{"type":"Polygon","coordinates":[[[3.2916,44.2059],[3.2885,44.1997],[3.262,44.1995],[3.2531,44.1974],[3.2393,44.1907],[3.2263,44.1906],[3.2312,44.1957],[3.2192,44.2045],[3.2228,44.2096],[3.2305,44.2303],[3.2308,44.2333],[3.2366,44.2365],[3.248,44.2371],[3.2604,44.2486],[3.2719,44.2481],[3.2799,44.2504],[3.2908,44.2587],[3.3106,44.2519],[3.3153,44.2471],[3.3287,44.2416],[3.331,44.2351],[3.3151,44.233],[3.3099,44.2235],[3.2975,44.2239],[3.293,44.2194],[3.2916,44.2059]]]}},{"type":"Feature","properties":{"code":"48048","nom":"Cheylard-l'Évêque","app":6.58,"app_bas":5,"app_haut":8.67,"app_ech":"maille","app_obs":0,"mai":6.48,"mai_bas":4.79,"mai_haut":8.78,"mai_ech":"maille","mai_obs":4},"geometry":{"type":"Polygon","coordinates":[[[3.8094,44.683],[3.8156,44.6799],[3.813,44.6733],[3.8152,44.6628],[3.8255,44.6606],[3.8289,44.6391],[3.8388,44.6136],[3.8395,44.6017],[3.8427,44.5986],[3.8047,44.5934],[3.7986,44.603],[3.7775,44.6062],[3.7772,44.615],[3.7894,44.6266],[3.7899,44.6344],[3.7841,44.6402],[3.7837,44.6471],[3.7954,44.6612],[3.7968,44.6704],[3.801,44.6827],[3.8094,44.683]]]}},{"type":"Feature","properties":{"code":"48058","nom":"Fage-Montivernoux","app":7.25,"app_bas":5.16,"app_haut":10.2,"app_ech":"maille","app_obs":0,"mai":7.79,"mai_bas":5.94,"mai_haut":10.2,"mai_ech":"maille","mai_obs":1},"geometry":{"type":"Polygon","coordinates":[[[3.1687,44.79],[3.184,44.7815],[3.1974,44.7672],[3.1839,44.7616],[3.1807,44.7469],[3.1851,44.7375],[3.184,44.7277],[3.1669,44.7157],[3.1519,44.7116],[3.1376,44.7132],[3.1205,44.7245],[3.101,44.7191],[3.1011,44.7252],[3.107,44.7497],[3.1134,44.7509],[3.124,44.7494],[3.1397,44.7559],[3.1443,44.7614],[3.1412,44.7766],[3.1372,44.7831],[3.1536,44.7843],[3.1687,44.79]]]}},{"type":"Feature","properties":{"code":"48088","nom":"Malène","app":8.22,"app_bas":6.32,"app_haut":10.68,"app_ech":"maille","app_obs":0,"mai":6.46,"mai_bas":4.7,"mai_haut":8.86,"mai_ech":"maille","mai_obs":2},"geometry":{"type":"Polygon","coordinates":[[[3.2787,44.2929],[3.287,44.3068],[3.284,44.3152],[3.2756,44.3257],[3.2735,44.3349],[3.2833,44.3369],[3.2924,44.3409],[3.2984,44.3492],[3.3071,44.3517],[3.307,44.3409],[3.3116,44.334],[3.3392,44.3275],[3.3351,44.3193],[3.3511,44.3121],[3.3614,44.2968],[3.3606,44.2926],[3.346,44.2792],[3.3432,44.2635],[3.3325,44.2645],[3.3247,44.2714],[3.3081,44.2694],[3.3035,44.2651],[3.2887,44.2654],[3.2819,44.2717],[3.2833,44.2762],[3.2787,44.2929]]]}},{"type":"Feature","properties":{"code":"48044","nom":"Chauchailles","app":8.48,"app_bas":6.64,"app_haut":10.84,"app_ech":"maille","app_obs":0,"mai":7.79,"mai_bas":5.94,"mai_haut":10.2,"mai_ech":"maille","mai_obs":0},"geometry":{"type":"Polygon","coordinates":[[[3.05,44.7819],[3.046,44.7978],[3.0615,44.8172],[3.077,44.8243],[3.0825,44.8226],[3.0806,44.8144],[3.0839,44.7968],[3.087,44.7934],[3.0964,44.7942],[3.1018,44.7881],[3.1043,44.7738],[3.1019,44.766],[3.0835,44.7738],[3.0689,44.7706],[3.0608,44.7715],[3.0576,44.7778],[3.05,44.7819]]]}},{"type":"Feature","properties":{"code":"48050","nom":"Bédouès-Cocurès","app":8.22,"app_bas":6.32,"app_haut":10.68,"app_ech":"maille","app_obs":10,"mai":6.53,"mai_bas":4.9,"mai_haut":8.71,"mai_ech":"maille","mai_obs":8},"geometry":{"type":"Polygon","coordinates":[[[3.5775,44.3617],[3.5771,44.3714],[3.5852,44.3724],[3.5876,44.3633],[3.5957,44.3586],[3.6171,44.3612],[3.6196,44.369],[3.6328,44.3733],[3.6435,44.3732],[3.6562,44.3702],[3.6722,44.361],[3.6785,44.3444],[3.6927,44.3334],[3.6987,44.3317],[3.7058,44.3215],[3.6909,44.3263],[3.6642,44.3249],[3.6498,44.3332],[3.6418,44.3407],[3.6126,44.3315],[3.5966,44.3351],[3.5902,44.3482],[3.5905,44.355],[3.5794,44.3583],[3.5775,44.3617]]]}},{"type":"Feature","properties":{"code":"48087","nom":"Malbouzon","app":7.25,"app_bas":5.16,"app_haut":10.2,"app_ech":"maille","app_obs":3,"mai":7.79,"mai_bas":5.94,"mai_haut":10.2,"mai_ech":"maille","mai_obs":0},"geometry":{"type":"Polygon","coordinates":[[[3.1112,44.688],[3.1036,44.6992],[3.0916,44.7099],[3.101,44.7191],[3.1205,44.7245],[3.1376,44.7132],[3.1519,44.7116],[3.1669,44.7157],[3.184,44.7277],[3.186,44.7218],[3.1732,44.7159],[3.175,44.708],[3.1651,44.7046],[3.155,44.6955],[3.1425,44.6996],[3.124,44.6955],[3.1242,44.6848],[3.1112,44.688]]]}},{"type":"Feature","properties":{"code":"48037","nom":"Chadenet","app":9.22,"app_bas":7.11,"app_haut":11.97,"app_ech":"maille","app_obs":0,"mai":6.81,"mai_bas":5.1,"mai_haut":9.09,"mai_ech":"maille","mai_obs":6},"geometry":{"type":"Polygon","coordinates":[[[3.6276,44.4824],[3.6249,44.486],[3.6303,44.4963],[3.6272,44.5024],[3.6186,44.5041],[3.6206,44.5129],[3.6193,44.5282],[3.6252,44.5346],[3.6299,44.5305],[3.6423,44.5272],[3.6655,44.5345],[3.6639,44.5245],[3.6539,44.5092],[3.6598,44.4921],[3.6506,44.4941],[3.6314,44.4862],[3.6276,44.4824]]]}},{"type":"Feature","properties":{"code":"48192","nom":"Trélans","app":8.48,"app_bas":6.64,"app_haut":10.84,"app_ech":"maille","app_obs":0,"mai":7.21,"mai_bas":5.39,"mai_haut":9.65,"mai_ech":"maille","mai_obs":0},"geometry":{"type":"Polygon","coordinates":[[[3.0996,44.4804],[3.0775,44.4941],[3.0685,44.5035],[3.0762,44.5195],[3.0747,44.5331],[3.0836,44.559],[3.0766,44.5695],[3.0971,44.575],[3.0997,44.5594],[3.1081,44.5504],[3.1067,44.5392],[3.0983,44.5283],[3.0974,44.5208],[3.1058,44.5019],[3.1178,44.4895],[3.1282,44.4867],[3.1329,44.4827],[3.1173,44.4738],[3.0996,44.4804]]]}},{"type":"Feature","properties":{"code":"48014","nom":"Bagnols-les-Bains","app":null,"app_bas":null,"app_haut":null,"app_ech":null,"app_obs":0,"mai":null,"mai_bas":null,"mai_haut":null,"mai_ech":null,"mai_obs":0},"geometry":{"type":"Polygon","coordinates":[[[3.6576,44.4998],[3.6539,44.5092],[3.6639,44.5245],[3.6728,44.5135],[3.6696,44.5044],[3.6576,44.4998]]]}},{"type":"Feature","properties":{"code":"48016","nom":"Balsièges","app":8.81,"app_bas":6.96,"app_haut":11.17,"app_ech":"maille","app_obs":9,"mai":6.81,"mai_bas":5.1,"mai_haut":9.09,"mai_ech":"maille","mai_obs":38},"geometry":{"type":"Polygon","coordinates":[[[3.4263,44.4318],[3.4197,44.4401],[3.4212,44.4503],[3.4141,44.4571],[3.4127,44.4677],[3.4175,44.4719],[3.4119,44.4853],[3.42,44.4944],[3.4189,44.5031],[3.4336,44.5151],[3.4489,44.5199],[3.4568,44.5192],[3.4587,44.5086],[3.4628,44.5044],[3.4662,44.4937],[3.4716,44.4958],[3.4694,44.4868],[3.4752,44.4822],[3.4599,44.4678],[3.4653,44.4553],[3.4556,44.443],[3.4566,44.441],[3.4546,44.4361],[3.4386,44.435],[3.4263,44.4318]]]}},{"type":"Feature","properties":{"code":"48032","nom":"Buisson","app":8.48,"app_bas":6.64,"app_haut":10.84,"app_ech":"maille","app_obs":0,"mai":7.21,"mai_bas":5.39,"mai_haut":9.65,"mai_ech":"maille","mai_obs":0},"geometry":{"type":"Polygon","coordinates":[[[3.2112,44.6577],[3.2235,44.6546],[3.2301,44.6436],[3.2432,44.6499],[3.249,44.6492],[3.2527,44.6424],[3.2474,44.638],[3.252,44.6333],[3.2665,44.63],[3.2734,44.619],[3.2659,44.6147],[3.2633,44.6074],[3.2545,44.6112],[3.2365,44.6122],[3.2389,44.6058],[3.2339,44.6016],[3.2269,44.6026],[3.2267,44.6134],[3.2238,44.6166],[3.1935,44.6162],[3.1778,44.623],[3.1665,44.6297],[3.1676,44.6344],[3.1756,44.6389],[3.1874,44.6398],[3.1982,44.6369],[3.2203,44.6529],[3.2112,44.6577]]]}},{"type":"Feature","properties":{"code":"48072","nom":"Grèzes","app":8.81,"app_bas":6.96,"app_haut":11.17,"app_ech":"maille","app_obs":5,"mai":7.21,"mai_bas":5.39,"mai_haut":9.65,"mai_ech":"maille","mai_obs":0},"geometry":{"type":"Polygon","coordinates":[[[3.34,44.4933],[3.3329,44.4942],[3.3274,44.4997],[3.3154,44.4994],[3.3084,44.5086],[3.3266,44.5228],[3.3319,44.534],[3.3591,44.5377],[3.3712,44.5299],[3.3729,44.5198],[3.3658,44.5053],[3.34,44.4933]]]}},{"type":"Feature","properties":{"code":"48010","nom":"Auroux","app":9.22,"app_bas":7.11,"app_haut":11.97,"app_ech":"maille","app_obs":6,"mai":6.81,"mai_bas":5.1,"mai_haut":9.09,"mai_ech":"maille","mai_obs":12},"geometry":{"type":"Polygon","coordinates":[[[3.7127,44.7816],[3.7204,44.7811],[3.7323,44.7886],[3.737,44.7959],[3.7556,44.7889],[3.761,44.7858],[3.7678,44.7669],[3.7542,44.7601],[3.7667,44.7495],[3.7684,44.7434],[3.7657,44.7436],[3.7353,44.7256],[3.7233,44.726],[3.7121,44.7288],[3.7038,44.7349],[3.6914,44.7372],[3.681,44.7353],[3.6779,44.7442],[3.6929,44.7462],[3.6881,44.7597],[3.6906,44.7711],[3.6974,44.7758],[3.7127,44.7816]]]}},{"type":"Feature","properties":{"code":"48027","nom":"Bleymard","app":9.53,"app_bas":7.42,"app_haut":12.25,"app_ech":"maille","app_obs":30,"mai":6.53,"mai_bas":4.9,"mai_haut":8.71,"mai_ech":"maille","mai_obs":15},"geometry":{"type":"Polygon","coordinates":[[[3.7382,44.5392],[3.7692,44.5349],[3.7764,44.5253],[3.7671,44.5174],[3.7515,44.5139],[3.747,44.5067],[3.7434,44.4922],[3.7542,44.4906],[3.7558,44.4851],[3.7399,44.4754],[3.7359,44.4797],[3.7205,44.4854],[3.7151,44.4959],[3.7267,44.5074],[3.7305,44.526],[3.7291,44.5313],[3.7382,44.5392]]]}},{"type":"Feature","properties":{"code":"48059","nom":"Fage-Saint-Julien","app":8.31,"app_bas":6.56,"app_haut":10.52,"app_ech":"maille","app_obs":5,"mai":7,"mai_bas":5.54,"mai_haut":8.85,"mai_ech":"maille","mai_obs":16},"geometry":{"type":"Polygon","coordinates":[[[3.184,44.7815],[3.1687,44.79],[3.1683,44.7923],[3.1823,44.8079],[3.1993,44.8193],[3.2079,44.8202],[3.2248,44.8149],[3.235,44.8189],[3.2281,44.8116],[3.2466,44.7972],[3.2521,44.7968],[3.2536,44.7885],[3.2289,44.7875],[3.222,44.7856],[3.1982,44.7847],[3.184,44.7815]]]}},{"type":"Feature","properties":{"code":"48083","nom":"Laubies","app":8.31,"app_bas":6.56,"app_haut":10.52,"app_ech":"maille","app_obs":1,"mai":7.79,"mai_bas":5.94,"mai_haut":10.2,"mai_ech":"maille","mai_obs":4},"geometry":{"type":"Polygon","coordinates":[[[3.4048,44.6832],[3.4109,44.6957],[3.4192,44.7026],[3.4201,44.7074],[3.4124,44.7123],[3.4102,44.7188],[3.4251,44.7275],[3.4306,44.7243],[3.4486,44.7238],[3.4573,44.7168],[3.4773,44.72],[3.4878,44.7152],[3.4789,44.7001],[3.4706,44.6935],[3.4529,44.6877],[3.4478,44.6783],[3.4428,44.6768],[3.4379,44.6809],[3.4241,44.6794],[3.4151,44.6726],[3.4048,44.6832]]]}},{"type":"Feature","properties":{"code":"48103","nom":"Montrodat","app":8.81,"app_bas":6.96,"app_haut":11.17,"app_ech":"maille","app_obs":5,"mai":7.21,"mai_bas":5.39,"mai_haut":9.65,"mai_ech":"maille","mai_obs":17},"geometry":{"type":"Polygon","coordinates":[[[3.3273,44.5837],[3.3357,44.5763],[3.3616,44.5762],[3.3688,44.5714],[3.3609,44.5667],[3.3532,44.5505],[3.3591,44.5377],[3.3319,44.534],[3.3069,44.537],[3.2946,44.533],[3.292,44.5397],[3.2984,44.5481],[3.3131,44.5513],[3.3186,44.5547],[3.3113,44.566],[3.3025,44.566],[3.3013,44.5762],[3.3101,44.584],[3.3273,44.5837]]]}},{"type":"Feature","properties":{"code":"48111","nom":"Pelouse","app":9.22,"app_bas":7.11,"app_haut":11.97,"app_ech":"maille","app_obs":25,"mai":6.81,"mai_bas":5.1,"mai_haut":9.09,"mai_ech":"maille","mai_obs":22},"geometry":{"type":"Polygon","coordinates":[[[3.5775,44.5552],[3.5872,44.5657],[3.594,44.5767],[3.584,44.5873],[3.5796,44.5962],[3.5789,44.6048],[3.5924,44.616],[3.5958,44.624],[3.6112,44.6186],[3.6148,44.6111],[3.6123,44.6033],[3.6209,44.5898],[3.6374,44.581],[3.6411,44.5767],[3.6397,44.5683],[3.6323,44.5598],[3.6252,44.5346],[3.6193,44.5282],[3.5989,44.534],[3.5803,44.5377],[3.5762,44.5458],[3.5775,44.5552]]]}},{"type":"Feature","properties":{"code":"48137","nom":"Saint-Bauzile","app":8.81,"app_bas":6.96,"app_haut":11.17,"app_ech":"maille","app_obs":20,"mai":6.81,"mai_bas":5.1,"mai_haut":9.09,"mai_ech":"maille","mai_obs":32},"geometry":{"type":"Polygon","coordinates":[[[3.5024,44.4373],[3.4949,44.4416],[3.4881,44.4412],[3.4691,44.4327],[3.4566,44.441],[3.4556,44.443],[3.4653,44.4553],[3.4599,44.4678],[3.4752,44.4822],[3.4694,44.4868],[3.4716,44.4958],[3.4864,44.5056],[3.4963,44.5073],[3.5082,44.503],[3.5077,44.5009],[3.5189,44.4754],[3.5325,44.4736],[3.5363,44.4664],[3.5262,44.4643],[3.5121,44.4569],[3.5072,44.4505],[3.5024,44.4373]]]}},{"type":"Feature","properties":{"code":"48129","nom":"Rocles","app":6.58,"app_bas":5,"app_haut":8.67,"app_ech":"maille","app_obs":0,"mai":6.48,"mai_bas":4.79,"mai_haut":8.78,"mai_ech":"maille","mai_obs":3},"geometry":{"type":"Polygon","coordinates":[[[3.7695,44.6828],[3.7673,44.7029],[3.7621,44.7231],[3.7761,44.7321],[3.78,44.742],[3.7865,44.7373],[3.7935,44.7354],[3.7962,44.7174],[3.7992,44.7138],[3.8084,44.7134],[3.8094,44.683],[3.801,44.6827],[3.7968,44.6704],[3.778,44.6684],[3.7755,44.6786],[3.7695,44.6828]]]}},{"type":"Feature","properties":{"code":"48107","nom":"Palhers","app":8.81,"app_bas":6.96,"app_haut":11.17,"app_ech":"maille","app_obs":0,"mai":7.21,"mai_bas":5.39,"mai_haut":9.65,"mai_ech":"maille","mai_obs":0},"geometry":{"type":"Polygon","coordinates":[[[3.2908,44.5258],[3.2946,44.533],[3.3069,44.537],[3.3319,44.534],[3.3266,44.5228],[3.3084,44.5086],[3.3154,44.4994],[3.296,44.494],[3.3036,44.4994],[3.302,44.5073],[3.2915,44.5116],[3.2861,44.5193],[3.2908,44.5258]]]}},{"type":"Feature","properties":{"code":"48078","nom":"Lachamp","app":null,"app_bas":null,"app_haut":null,"app_ech":null,"app_obs":0,"mai":null,"mai_bas":null,"mai_haut":null,"mai_ech":null,"mai_obs":0},"geometry":{"type":"Polygon","coordinates":[[[3.4023,44.6237],[3.4235,44.6195],[3.4106,44.6112],[3.4075,44.5989],[3.3828,44.5949],[3.3706,44.586],[3.3616,44.5762],[3.3357,44.5763],[3.3273,44.5837],[3.348,44.5911],[3.3539,44.6051],[3.3476,44.6109],[3.333,44.6109],[3.3289,44.6142],[3.3332,44.6208],[3.3528,44.6208],[3.3546,44.631],[3.3606,44.6345],[3.3623,44.6471],[3.3728,44.6424],[3.3811,44.6297],[3.3904,44.6223],[3.4023,44.6237]]]}},{"type":"Feature","properties":{"code":"48180","nom":"Saint-Rome-de-Dolan","app":null,"app_bas":null,"app_haut":null,"app_ech":null,"app_obs":0,"mai":null,"mai_bas":null,"mai_haut":null,"mai_ech":null,"mai_obs":0},"geometry":{"type":"Polygon","coordinates":[[[3.2308,44.2333],[3.2305,44.2303],[3.2235,44.2302],[3.1957,44.2409],[3.1842,44.2475],[3.1638,44.2439],[3.1572,44.2502],[3.16,44.2586],[3.1543,44.273],[3.1609,44.2814],[3.1765,44.2902],[3.2041,44.3102],[3.2202,44.3065],[3.2219,44.2994],[3.2288,44.296],[3.2144,44.2885],[3.2169,44.2777],[3.2161,44.2656],[3.2206,44.2561],[3.2296,44.2526],[3.2326,44.2459],[3.2308,44.2333]]]}},{"type":"Feature","properties":{"code":"48023","nom":"Belvezet","app":null,"app_bas":null,"app_haut":null,"app_ech":null,"app_obs":0,"mai":null,"mai_bas":null,"mai_haut":null,"mai_ech":null,"mai_obs":0},"geometry":{"type":"Polygon","coordinates":[[[3.7302,44.5477],[3.7159,44.5603],[3.7103,44.5675],[3.7084,44.5761],[3.7152,44.5795],[3.7341,44.569],[3.7476,44.5646],[3.7549,44.5665],[3.7596,44.555],[3.7735,44.5513],[3.7693,44.5451],[3.7692,44.5349],[3.7382,44.5392],[3.7302,44.5477]]]}},{"type":"Feature","properties":{"code":"48096","nom":"Meyrueis","app":9.39,"app_bas":7.28,"app_haut":12.11,"app_ech":"maille","app_obs":69,"mai":6.46,"mai_bas":4.7,"mai_haut":8.86,"mai_ech":"maille","mai_obs":7},"geometry":{"type":"Polygon","coordinates":[[[3.3736,44.1708],[3.3723,44.1801],[3.3623,44.1883],[3.3578,44.1979],[3.3604,44.2015],[3.3627,44.2228],[3.3773,44.2301],[3.3898,44.2284],[3.3948,44.2348],[3.4285,44.2234],[3.4562,44.2182],[3.4651,44.1996],[3.4634,44.1926],[3.472,44.1845],[3.4841,44.1825],[3.5064,44.1698],[3.5243,44.167],[3.5323,44.1614],[3.5379,44.1541],[3.5539,44.1402],[3.5692,44.1327],[3.57,44.1223],[3.5609,44.1208],[3.5465,44.1138],[3.5408,44.1186],[3.5232,44.1205],[3.5052,44.1262],[3.4814,44.124],[3.4714,44.1272],[3.4546,44.1269],[3.4386,44.1304],[3.4326,44.1363],[3.4308,44.148],[3.4149,44.1539],[3.3989,44.1631],[3.3916,44.1689],[3.3736,44.1708]]]}},{"type":"Feature","properties":{"code":"48173","nom":"Saint-Michel-de-Dèze","app":8.27,"app_bas":6.59,"app_haut":10.38,"app_ech":"maille","app_obs":2,"mai":6.53,"mai_bas":4.9,"mai_haut":8.71,"mai_ech":"maille","mai_obs":2},"geometry":{"type":"Polygon","coordinates":[[[3.8776,44.2247],[3.8591,44.223],[3.846,44.2338],[3.8586,44.2377],[3.8726,44.2456],[3.8819,44.2546],[3.8799,44.2621],[3.8864,44.2709],[3.8969,44.2612],[3.9028,44.252],[3.9153,44.237],[3.9051,44.2254],[3.8878,44.2268],[3.8776,44.2247]]]}},{"type":"Feature","properties":{"code":"48019","nom":"Barre-des-Cévennes","app":9.53,"app_bas":7.42,"app_haut":12.25,"app_ech":"maille","app_obs":7,"mai":7.21,"mai_bas":5.39,"mai_haut":9.65,"mai_ech":"maille","mai_obs":2},"geometry":{"type":"Polygon","coordinates":[[[3.7205,44.2425],[3.7173,44.2377],[3.7036,44.2379],[3.6927,44.2344],[3.6871,44.2277],[3.6775,44.2326],[3.6675,44.2288],[3.6626,44.2184],[3.6495,44.227],[3.6428,44.2293],[3.6261,44.2405],[3.6261,44.247],[3.6304,44.263],[3.6379,44.2713],[3.6503,44.2759],[3.655,44.2886],[3.6613,44.2848],[3.6575,44.28],[3.6647,44.2764],[3.6722,44.2779],[3.684,44.2875],[3.6892,44.2871],[3.6987,44.2791],[3.7216,44.2773],[3.7161,44.2705],[3.6811,44.2664],[3.6842,44.2571],[3.6975,44.253],[3.7075,44.2564],[3.7108,44.2616],[3.7187,44.2652],[3.7233,44.262],[3.717,44.2495],[3.7205,44.2425]]]}},{"type":"Feature","properties":{"code":"48082","nom":"Laubert","app":9.53,"app_bas":7.42,"app_haut":12.25,"app_ech":"maille","app_obs":0,"mai":6.53,"mai_bas":4.9,"mai_haut":8.71,"mai_ech":"maille","mai_obs":4},"geometry":{"type":"Polygon","coordinates":[[[3.6636,44.6134],[3.6746,44.6039],[3.6725,44.5965],[3.6638,44.5868],[3.6641,44.5789],[3.6567,44.5798],[3.6411,44.5767],[3.6374,44.581],[3.6209,44.5898],[3.6123,44.6033],[3.6148,44.6111],[3.6636,44.6134]]]}},{"type":"Feature","properties":{"code":"48094","nom":"Massegros","app":8.05,"app_bas":6.28,"app_haut":10.33,"app_ech":"maille","app_obs":5,"mai":7.21,"mai_bas":5.39,"mai_haut":9.65,"mai_ech":"maille","mai_obs":14},"geometry":{"type":"Polygon","coordinates":[[[3.1835,44.3231],[3.1965,44.3198],[3.2041,44.3102],[3.1765,44.2902],[3.1609,44.2814],[3.1543,44.273],[3.1436,44.274],[3.1383,44.264],[3.1242,44.2603],[3.1202,44.2618],[3.1239,44.2707],[3.1252,44.2845],[3.1543,44.3092],[3.1663,44.31],[3.1835,44.3231]]]}},{"type":"Feature","properties":{"code":"48025","nom":"Bessons","app":8.48,"app_bas":6.64,"app_haut":10.84,"app_ech":"maille","app_obs":11,"mai":7,"mai_bas":5.54,"mai_haut":8.85,"mai_ech":"maille","mai_obs":8},"geometry":{"type":"Polygon","coordinates":[[[3.184,44.7815],[3.1982,44.7847],[3.222,44.7856],[3.2289,44.7875],[3.2536,44.7885],[3.2521,44.7968],[3.2633,44.796],[3.2701,44.7863],[3.2762,44.784],[3.2873,44.7844],[3.2788,44.7523],[3.2589,44.7555],[3.2409,44.7525],[3.222,44.765],[3.2171,44.7666],[3.1974,44.7672],[3.184,44.7815]]]}},{"type":"Feature","properties":{"code":"48031","nom":"Brion","app":8.48,"app_bas":6.64,"app_haut":10.84,"app_ech":"maille","app_obs":0,"mai":7,"mai_bas":5.54,"mai_haut":8.85,"mai_ech":"maille","mai_obs":0},"geometry":{"type":"Polygon","coordinates":[[[3.05,44.7819],[3.0576,44.7778],[3.0608,44.7715],[3.0689,44.7706],[3.0835,44.7738],[3.1019,44.766],[3.1134,44.7509],[3.107,44.7497],[3.1011,44.7252],[3.101,44.7191],[3.0916,44.7099],[3.083,44.7136],[3.0811,44.7269],[3.0724,44.7338],[3.0628,44.7361],[3.0461,44.7576],[3.0422,44.7594],[3.05,44.7819]]]}},{"type":"Feature","properties":{"code":"48141","nom":"Mas-Saint-Chély","app":8.22,"app_bas":6.32,"app_haut":10.68,"app_ech":"maille","app_obs":1,"mai":6.46,"mai_bas":4.7,"mai_haut":8.86,"mai_ech":"maille","mai_obs":1},"geometry":{"type":"Polygon","coordinates":[[[3.3445,44.2743],[3.346,44.2792],[3.3606,44.2926],[3.3614,44.2968],[3.3511,44.3121],[3.3588,44.3242],[3.371,44.3312],[3.3784,44.3224],[3.3852,44.3219],[3.3932,44.3273],[3.3984,44.3357],[3.4123,44.3382],[3.4124,44.3478],[3.4198,44.3573],[3.4311,44.3518],[3.4398,44.3508],[3.4457,44.3415],[3.4517,44.3401],[3.4594,44.3309],[3.4714,44.3307],[3.4761,44.3134],[3.4753,44.3059],[3.4693,44.2894],[3.4555,44.2927],[3.4539,44.2802],[3.4502,44.2736],[3.4441,44.2716],[3.4308,44.2827],[3.4137,44.2852],[3.4083,44.2808],[3.3993,44.2811],[3.3937,44.2862],[3.3853,44.2863],[3.3743,44.2791],[3.3706,44.2732],[3.3445,44.2743]]]}},{"type":"Feature","properties":{"code":"48043","nom":"Châteauneuf-de-Randon","app":9.22,"app_bas":7.11,"app_haut":11.97,"app_ech":"maille","app_obs":17,"mai":6.81,"mai_bas":5.1,"mai_haut":9.09,"mai_ech":"maille","mai_obs":18},"geometry":{"type":"Polygon","coordinates":[[[3.6636,44.6134],[3.6708,44.6174],[3.6742,44.6317],[3.6688,44.6438],[3.6698,44.6507],[3.6624,44.6739],[3.6586,44.6786],[3.6656,44.6928],[3.6713,44.6913],[3.6806,44.6817],[3.7002,44.6731],[3.6985,44.6622],[3.7166,44.658],[3.7097,44.6443],[3.7148,44.6362],[3.7045,44.621],[3.6908,44.6237],[3.688,44.6048],[3.6746,44.6039],[3.6636,44.6134]]]}},{"type":"Feature","properties":{"code":"48101","nom":"Montbrun","app":null,"app_bas":null,"app_haut":null,"app_ech":null,"app_obs":0,"mai":null,"mai_bas":null,"mai_haut":null,"mai_ech":null,"mai_obs":0},"geometry":{"type":"Polygon","coordinates":[[[3.4714,44.3307],[3.4753,44.3358],[3.4828,44.334],[3.4967,44.3365],[3.5196,44.3496],[3.5323,44.3423],[3.5361,44.3303],[3.5428,44.3287],[3.5543,44.3341],[3.5539,44.3264],[3.5452,44.3138],[3.5471,44.3089],[3.5566,44.2989],[3.5346,44.3003],[3.518,44.2985],[3.5074,44.2957],[3.4945,44.2896],[3.4711,44.2861],[3.4693,44.2894],[3.4753,44.3059],[3.4761,44.3134],[3.4714,44.3307]]]}},{"type":"Feature","properties":{"code":"48168","nom":"Saint-Léger-de-Peyre","app":8.31,"app_bas":6.56,"app_haut":10.52,"app_ech":"maille","app_obs":7,"mai":7.79,"mai_bas":5.94,"mai_haut":10.2,"mai_ech":"maille","mai_obs":7},"geometry":{"type":"Polygon","coordinates":[[[3.2633,44.6074],[3.2659,44.6147],[3.2734,44.619],[3.2821,44.6224],[3.2878,44.6297],[3.2976,44.6367],[3.3084,44.6388],[3.3218,44.638],[3.3115,44.6312],[3.3047,44.623],[3.3094,44.6197],[3.3289,44.6142],[3.333,44.6109],[3.3476,44.6109],[3.3539,44.6051],[3.348,44.5911],[3.3273,44.5837],[3.3101,44.584],[3.3013,44.5762],[3.2938,44.5755],[3.286,44.583],[3.28,44.5823],[3.2782,44.6009],[3.2682,44.6073],[3.2633,44.6074]]]}},{"type":"Feature","properties":{"code":"48181","nom":"Saint-Saturnin","app":8.48,"app_bas":6.64,"app_haut":10.84,"app_ech":"maille","app_obs":1,"mai":7.21,"mai_bas":5.39,"mai_haut":9.65,"mai_ech":"maille","mai_obs":14},"geometry":{"type":"Polygon","coordinates":[[[3.176,44.4032],[3.1863,44.4136],[3.1893,44.4266],[3.2072,44.4222],[3.213,44.4083],[3.2139,44.3952],[3.2065,44.3894],[3.1963,44.3852],[3.1926,44.3938],[3.1834,44.3902],[3.1757,44.396],[3.176,44.4032]]]}},{"type":"Feature","properties":{"code":"48064","nom":"Fournels","app":7.25,"app_bas":5.16,"app_haut":10.2,"app_ech":"maille","app_obs":54,"mai":7,"mai_bas":5.54,"mai_haut":8.85,"mai_ech":"maille","mai_obs":7},"geometry":{"type":"Polygon","coordinates":[[[3.0938,44.8331],[3.0992,44.8329],[3.1114,44.8237],[3.1173,44.83],[3.1328,44.8354],[3.1437,44.8226],[3.1579,44.8108],[3.1647,44.8009],[3.1597,44.7977],[3.1555,44.7998],[3.145,44.7961],[3.1324,44.7946],[3.1175,44.7845],[3.1082,44.7867],[3.1143,44.8014],[3.1093,44.8193],[3.0971,44.8223],[3.0938,44.8331]]]}},{"type":"Feature","properties":{"code":"48169","nom":"Saint-Léger-du-Malzieu","app":9.22,"app_bas":7.11,"app_haut":11.97,"app_ech":"maille","app_obs":7,"mai":7.79,"mai_bas":5.94,"mai_haut":10.2,"mai_ech":"maille","mai_obs":3},"geometry":{"type":"Polygon","coordinates":[[[3.3496,44.8853],[3.3402,44.8792],[3.3282,44.8743],[3.3146,44.8759],[3.301,44.8897],[3.2894,44.894],[3.2732,44.8963],[3.281,44.911],[3.2916,44.9192],[3.3148,44.9181],[3.321,44.9222],[3.3189,44.9154],[3.3224,44.9085],[3.3333,44.9074],[3.3525,44.9155],[3.3536,44.9066],[3.3466,44.9031],[3.3458,44.8959],[3.3496,44.8853]]]}},{"type":"Feature","properties":{"code":"48149","nom":"Sainte-Eulalie","app":8.31,"app_bas":6.56,"app_haut":10.52,"app_ech":"maille","app_obs":0,"mai":6.81,"mai_bas":5.1,"mai_haut":9.09,"mai_ech":"maille","mai_obs":0},"geometry":{"type":"Polygon","coordinates":[[[3.4589,44.7981],[3.4782,44.8097],[3.491,44.8085],[3.4986,44.8006],[3.5171,44.8034],[3.5266,44.7997],[3.5366,44.7909],[3.531,44.7855],[3.5123,44.7875],[3.5026,44.7855],[3.4992,44.7802],[3.4902,44.758],[3.4702,44.7595],[3.4567,44.7663],[3.4447,44.7644],[3.452,44.7746],[3.4584,44.7911],[3.4589,44.7981]]]}},{"type":"Feature","properties":{"code":"48151","nom":"Saint-Frézal-d'Albuges","app":6.58,"app_bas":5,"app_haut":8.67,"app_ech":"maille","app_obs":0,"mai":6.81,"mai_bas":5.1,"mai_haut":9.09,"mai_ech":"maille","mai_obs":1},"geometry":{"type":"Polygon","coordinates":[[[3.7735,44.5513],[3.7596,44.555],[3.7549,44.5665],[3.7476,44.5646],[3.7341,44.569],[3.726,44.5739],[3.75,44.5871],[3.7557,44.5958],[3.7775,44.6062],[3.7986,44.603],[3.8047,44.5934],[3.7852,44.5858],[3.7793,44.5758],[3.7801,44.5564],[3.7735,44.5513]]]}},{"type":"Feature","properties":{"code":"48045","nom":"Chaudeyrac","app":6.58,"app_bas":5,"app_haut":8.67,"app_ech":"maille","app_obs":0,"mai":6.81,"mai_bas":5.1,"mai_haut":9.09,"mai_ech":"maille","mai_obs":4},"geometry":{"type":"Polygon","coordinates":[[[3.7695,44.6828],[3.7755,44.6786],[3.778,44.6684],[3.7968,44.6704],[3.7954,44.6612],[3.7837,44.6471],[3.7841,44.6402],[3.7899,44.6344],[3.7894,44.6266],[3.7772,44.615],[3.7775,44.6062],[3.7728,44.6033],[3.7587,44.6053],[3.7313,44.6044],[3.7244,44.6111],[3.7045,44.621],[3.7148,44.6362],[3.7097,44.6443],[3.7166,44.658],[3.7237,44.6676],[3.7413,44.6772],[3.7584,44.6842],[3.7695,44.6828]]]}},{"type":"Feature","properties":{"code":"48055","nom":"Cultures","app":8.81,"app_bas":6.96,"app_haut":11.17,"app_ech":"maille","app_obs":17,"mai":7.21,"mai_bas":5.39,"mai_haut":9.65,"mai_ech":"maille","mai_obs":12},"geometry":{"type":"Polygon","coordinates":[[[3.3964,44.4799],[3.3888,44.4771],[3.3723,44.4862],[3.3687,44.4918],[3.3681,44.502],[3.3818,44.5018],[3.3953,44.4942],[3.3865,44.4868],[3.3964,44.4799]]]}},{"type":"Feature","properties":{"code":"48155","nom":"Saint-Germain-de-Calberte","app":8.7,"app_bas":7.16,"app_haut":10.59,"app_ech":"maille","app_obs":4,"mai":6.95,"mai_bas":5.04,"mai_haut":9.58,"mai_ech":"maille","mai_obs":3},"geometry":{"type":"Polygon","coordinates":[[[3.7809,44.2644],[3.7953,44.261],[3.798,44.2532],[3.8058,44.2427],[3.8034,44.2333],[3.8153,44.2295],[3.8205,44.2382],[3.8352,44.2407],[3.8431,44.2387],[3.846,44.2338],[3.8591,44.223],[3.8776,44.2247],[3.8777,44.221],[3.869,44.2128],[3.8554,44.215],[3.853,44.2032],[3.8415,44.1926],[3.831,44.1941],[3.8267,44.201],[3.821,44.2016],[3.8172,44.1947],[3.806,44.1931],[3.7928,44.1946],[3.7857,44.1879],[3.7759,44.1899],[3.7727,44.1987],[3.7783,44.2033],[3.7797,44.2113],[3.7724,44.2192],[3.771,44.2271],[3.7729,44.2359],[3.7663,44.2435],[3.7676,44.2501],[3.7745,44.2596],[3.7809,44.2644]]]}},{"type":"Feature","properties":{"code":"48091","nom":"Marchastel","app":8.48,"app_bas":6.64,"app_haut":10.84,"app_ech":"maille","app_obs":0,"mai":7.21,"mai_bas":5.39,"mai_haut":9.65,"mai_ech":"maille","mai_obs":0},"geometry":{"type":"Polygon","coordinates":[[[3.1242,44.6848],[3.129,44.674],[3.1291,44.6653],[3.1466,44.6537],[3.1382,44.647],[3.1324,44.6377],[3.1387,44.6275],[3.1246,44.6215],[3.1202,44.6123],[3.1231,44.5989],[3.1103,44.5965],[3.0953,44.6045],[3.0784,44.605],[3.07,44.6131],[3.0679,44.6209],[3.0743,44.6288],[3.0862,44.6303],[3.0897,44.6412],[3.0914,44.6592],[3.0906,44.6658],[3.0845,44.675],[3.0819,44.6833],[3.0905,44.6829],[3.1112,44.688],[3.1242,44.6848]]]}},{"type":"Feature","properties":{"code":"48185","nom":"Salelles","app":8.81,"app_bas":6.96,"app_haut":11.17,"app_ech":"maille","app_obs":6,"mai":7.21,"mai_bas":5.39,"mai_haut":9.65,"mai_ech":"maille","mai_obs":12},"geometry":{"type":"Polygon","coordinates":[[[3.296,44.494],[3.3062,44.4971],[3.311,44.4863],[3.3053,44.4827],[3.2917,44.4839],[3.2829,44.4812],[3.2842,44.4719],[3.2661,44.468],[3.255,44.4726],[3.2414,44.487],[3.2428,44.4896],[3.2493,44.4903],[3.2627,44.4991],[3.2729,44.4987],[3.282,44.4956],[3.296,44.494]]]}},{"type":"Feature","properties":{"code":"48191","nom":"Tieule","app":8.22,"app_bas":6.32,"app_haut":10.68,"app_ech":"maille","app_obs":1,"mai":7.21,"mai_bas":5.39,"mai_haut":9.65,"mai_ech":"maille","mai_obs":0},"geometry":{"type":"Polygon","coordinates":[[[3.176,44.4032],[3.1757,44.396],[3.1834,44.3902],[3.1926,44.3938],[3.1963,44.3852],[3.2065,44.3894],[3.2139,44.3952],[3.2169,44.3895],[3.2147,44.3729],[3.1924,44.3696],[3.1773,44.3754],[3.1661,44.3747],[3.1559,44.3651],[3.132,44.3572],[3.1211,44.3619],[3.1225,44.37],[3.1197,44.3834],[3.1287,44.3898],[3.1406,44.3926],[3.1372,44.4083],[3.148,44.409],[3.1686,44.4016],[3.176,44.4032]]]}},{"type":"Feature","properties":{"code":"48034","nom":"Canourgue","app":9.24,"app_bas":7.09,"app_haut":12.04,"app_ech":"commune","app_obs":160,"mai":7.21,"mai_bas":5.39,"mai_haut":9.65,"mai_ech":"maille","mai_obs":61},"geometry":{"type":"Polygon","coordinates":[[[3.2022,44.4571],[3.1901,44.4797],[3.1896,44.5009],[3.1919,44.5085],[3.2073,44.5128],[3.2038,44.5017],[3.2053,44.4952],[3.2158,44.489],[3.2322,44.4912],[3.2428,44.4896],[3.2414,44.487],[3.255,44.4726],[3.2661,44.468],[3.2689,44.4633],[3.2784,44.4584],[3.2812,44.4529],[3.27,44.4465],[3.2676,44.4409],[3.2847,44.4403],[3.2841,44.4365],[3.2938,44.4311],[3.3061,44.4317],[3.3109,44.4289],[3.3142,44.4183],[3.3223,44.4098],[3.3281,44.3897],[3.3265,44.38],[3.3289,44.3706],[3.3117,44.3623],[3.3071,44.3517],[3.2984,44.3492],[3.2924,44.3409],[3.2833,44.3369],[3.2762,44.3499],[3.2791,44.3593],[3.2594,44.3642],[3.2541,44.3582],[3.2467,44.3591],[3.2419,44.365],[3.2401,44.3814],[3.2365,44.3854],[3.2246,44.3851],[3.2147,44.3729],[3.2169,44.3895],[3.2139,44.3952],[3.213,44.4083],[3.2072,44.4222],[3.2064,44.4332],[3.1984,44.4403],[3.2108,44.444],[3.2102,44.4534],[3.2022,44.4571]]]}},{"type":"Feature","properties":{"code":"48190","nom":"Termes","app":7.25,"app_bas":5.16,"app_haut":10.2,"app_ech":"maille","app_obs":9,"mai":7,"mai_bas":5.54,"mai_haut":8.85,"mai_ech":"maille","mai_obs":13},"geometry":{"type":"Polygon","coordinates":[[[3.1683,44.7923],[3.1597,44.7977],[3.1647,44.8009],[3.1579,44.8108],[3.1437,44.8226],[3.1328,44.8354],[3.1292,44.8491],[3.1336,44.851],[3.1461,44.8443],[3.1539,44.8422],[3.1565,44.8272],[3.1651,44.8255],[3.1718,44.8359],[3.169,44.8413],[3.1737,44.8462],[3.1867,44.8496],[3.1951,44.8475],[3.1998,44.8377],[3.1887,44.8299],[3.1939,44.827],[3.2073,44.8257],[3.2079,44.8202],[3.1993,44.8193],[3.1823,44.8079],[3.1683,44.7923]]]}},{"type":"Feature","properties":{"code":"48013","nom":"Badaroux","app":9.53,"app_bas":7.42,"app_haut":12.25,"app_ech":"maille","app_obs":76,"mai":6.81,"mai_bas":5.1,"mai_haut":9.09,"mai_ech":"maille","mai_obs":28},"geometry":{"type":"Polygon","coordinates":[[[3.5535,44.5155],[3.5415,44.5183],[3.5292,44.5188],[3.5267,44.5228],[3.5338,44.541],[3.5276,44.5457],[3.5233,44.574],[3.5249,44.5767],[3.5295,44.5798],[3.5432,44.5621],[3.5569,44.5599],[3.5589,44.5521],[3.5692,44.5511],[3.5775,44.5552],[3.5762,44.5458],[3.5803,44.5377],[3.5989,44.534],[3.5862,44.5262],[3.5815,44.5151],[3.5664,44.5193],[3.5535,44.5155]]]}},{"type":"Feature","properties":{"code":"48039","nom":"Chanac","app":8.81,"app_bas":6.96,"app_haut":11.17,"app_ech":"maille","app_obs":99,"mai":7.21,"mai_bas":5.39,"mai_haut":9.65,"mai_ech":"maille","mai_obs":37},"geometry":{"type":"Polygon","coordinates":[[[3.34,44.4933],[3.3441,44.4737],[3.3579,44.4678],[3.3623,44.4703],[3.3713,44.4654],[3.3909,44.4587],[3.3973,44.462],[3.4009,44.4756],[3.4151,44.4706],[3.4127,44.4677],[3.4141,44.4571],[3.4212,44.4503],[3.4197,44.4401],[3.4263,44.4318],[3.4087,44.4163],[3.3957,44.4161],[3.3825,44.4232],[3.3663,44.4249],[3.3606,44.414],[3.3554,44.4109],[3.3301,44.4172],[3.3223,44.4098],[3.3142,44.4183],[3.3109,44.4289],[3.3061,44.4317],[3.2938,44.4311],[3.2841,44.4365],[3.2847,44.4403],[3.2676,44.4409],[3.27,44.4465],[3.2812,44.4529],[3.2784,44.4584],[3.2689,44.4633],[3.2661,44.468],[3.2842,44.4719],[3.2829,44.4812],[3.2917,44.4839],[3.3053,44.4827],[3.311,44.4863],[3.3062,44.4971],[3.3154,44.4994],[3.3274,44.4997],[3.3329,44.4942],[3.34,44.4933]]]}},{"type":"Feature","properties":{"code":"48095","nom":"Mende","app":10.01,"app_bas":7.89,"app_haut":12.71,"app_ech":"commune","app_obs":1862,"mai":8.86,"mai_bas":6.64,"mai_haut":11.82,"mai_ech":"commune","mai_obs":219},"geometry":{"type":"Polygon","coordinates":[[[3.5276,44.5457],[3.5338,44.541],[3.5267,44.5228],[3.5292,44.5188],[3.5415,44.5183],[3.5535,44.5155],[3.5467,44.513],[3.5304,44.514],[3.5294,44.51],[3.5376,44.5027],[3.5212,44.507],[3.5082,44.503],[3.4963,44.5073],[3.4864,44.5056],[3.4716,44.4958],[3.4662,44.4937],[3.4628,44.5044],[3.4587,44.5086],[3.4568,44.5192],[3.4489,44.5199],[3.4336,44.5151],[3.4393,44.5388],[3.4294,44.5498],[3.4325,44.5558],[3.4503,44.5615],[3.4483,44.5728],[3.4536,44.5757],[3.456,44.5685],[3.4644,44.5585],[3.4721,44.559],[3.4791,44.5502],[3.4803,44.5375],[3.483,44.532],[3.5057,44.5434],[3.5195,44.5423],[3.5276,44.5457]]]}},{"type":"Feature","properties":{"code":"48115","nom":"Pompidou","app":9.53,"app_bas":7.42,"app_haut":12.25,"app_ech":"maille","app_obs":41,"mai":6.95,"mai_bas":5.04,"mai_haut":9.58,"mai_ech":"maille","mai_obs":1},"geometry":{"type":"Polygon","coordinates":[[[3.6288,44.2017],[3.6186,44.2276],[3.6198,44.2382],[3.6261,44.2405],[3.6428,44.2293],[3.6495,44.227],[3.6626,44.2184],[3.6629,44.2131],[3.6556,44.2077],[3.6701,44.2042],[3.6826,44.207],[3.6933,44.2012],[3.6981,44.2129],[3.703,44.2119],[3.7089,44.2002],[3.7023,44.1925],[3.7004,44.1833],[3.6786,44.1828],[3.6578,44.1733],[3.6496,44.1808],[3.6452,44.1935],[3.6288,44.2017]]]}},{"type":"Feature","properties":{"code":"48194","nom":"Vialas","app":8.85,"app_bas":7.02,"app_haut":11.16,"app_ech":"maille","app_obs":11,"mai":6.95,"mai_bas":5.04,"mai_haut":9.58,"mai_ech":"maille","mai_obs":0},"geometry":{"type":"Polygon","coordinates":[[[3.9113,44.3703],[3.9168,44.3592],[3.922,44.3551],[3.9282,44.3439],[3.9369,44.3374],[3.9491,44.3349],[3.9523,44.3284],[3.9402,44.3154],[3.9229,44.3052],[3.8905,44.3131],[3.8646,44.3101],[3.8651,44.3245],[3.8543,44.3245],[3.8402,44.3284],[3.8362,44.3383],[3.8404,44.3486],[3.8483,44.3489],[3.8555,44.3528],[3.8567,44.3613],[3.8546,44.3768],[3.861,44.3836],[3.8858,44.388],[3.8924,44.3815],[3.9113,44.3703]]]}},{"type":"Feature","properties":{"code":"48009","nom":"Aumont-Aubrac","app":9.9,"app_bas":7.73,"app_haut":12.69,"app_ech":"commune","app_obs":133,"mai":7.79,"mai_bas":5.94,"mai_haut":10.2,"mai_ech":"maille","mai_obs":43},"geometry":{"type":"Polygon","coordinates":[[[3.2798,44.677],[3.2747,44.6844],[3.2819,44.6982],[3.2768,44.7061],[3.2621,44.7174],[3.2515,44.7222],[3.2335,44.7263],[3.2353,44.7365],[3.2522,44.7382],[3.2567,44.745],[3.2541,44.7515],[3.2589,44.7555],[3.2788,44.7523],[3.2892,44.7468],[3.297,44.7366],[3.2982,44.7284],[3.3092,44.7318],[3.314,44.7378],[3.3264,44.7362],[3.3282,44.7242],[3.3252,44.7166],[3.3109,44.7195],[3.2996,44.7071],[3.2927,44.7056],[3.2939,44.6962],[3.3024,44.6847],[3.2948,44.6852],[3.2798,44.677]]]}},{"type":"Feature","properties":{"code":"48145","nom":"Saint-Denis-en-Margeride","app":8.31,"app_bas":6.56,"app_haut":10.52,"app_ech":"maille","app_obs":7,"mai":7.79,"mai_bas":5.94,"mai_haut":10.2,"mai_ech":"maille","mai_obs":2},"geometry":{"type":"Polygon","coordinates":[[[3.5313,44.7527],[3.5251,44.7397],[3.52,44.7355],[3.5042,44.7169],[3.5005,44.706],[3.4895,44.7107],[3.4878,44.7152],[3.4773,44.72],[3.4573,44.7168],[3.4486,44.7238],[3.4306,44.7243],[3.4251,44.7275],[3.4176,44.7397],[3.4157,44.7462],[3.4269,44.7486],[3.4212,44.7582],[3.4253,44.7651],[3.4447,44.7644],[3.4567,44.7663],[3.4702,44.7595],[3.4902,44.758],[3.5007,44.7507],[3.5065,44.7548],[3.5147,44.7694],[3.5251,44.7689],[3.5235,44.7594],[3.5313,44.7527]]]}},{"type":"Feature","properties":{"code":"48130","nom":"Rousses","app":8.22,"app_bas":6.32,"app_haut":10.68,"app_ech":"maille","app_obs":3,"mai":6.46,"mai_bas":4.7,"mai_haut":8.86,"mai_ech":"maille","mai_obs":4},"geometry":{"type":"Polygon","coordinates":[[[3.5498,44.1645],[3.5342,44.1803],[3.5487,44.181],[3.5481,44.189],[3.5598,44.2097],[3.5744,44.2265],[3.5907,44.2223],[3.6055,44.2126],[3.6072,44.189],[3.601,44.1895],[3.5937,44.1973],[3.5881,44.1952],[3.5845,44.1819],[3.5833,44.1676],[3.5707,44.1619],[3.5498,44.1645]]]}},{"type":"Feature","properties":{"code":"48158","nom":"Saint-Hilaire-de-Lavit","app":8.27,"app_bas":6.59,"app_haut":10.38,"app_ech":"maille","app_obs":0,"mai":6.95,"mai_bas":5.04,"mai_haut":9.58,"mai_ech":"maille","mai_obs":0},"geometry":{"type":"Polygon","coordinates":[[[3.8431,44.2387],[3.8317,44.2516],[3.8381,44.2615],[3.8281,44.2688],[3.8701,44.2675],[3.8799,44.2621],[3.8819,44.2546],[3.8726,44.2456],[3.8586,44.2377],[3.846,44.2338],[3.8431,44.2387]]]}},{"type":"Feature","properties":{"code":"48065","nom":"Fraissinet-de-Fourques","app":8.22,"app_bas":6.32,"app_haut":10.68,"app_ech":"maille","app_obs":1,"mai":7.21,"mai_bas":5.39,"mai_haut":9.65,"mai_ech":"maille","mai_obs":1},"geometry":{"type":"Polygon","coordinates":[[[3.5744,44.2265],[3.5598,44.2097],[3.5481,44.189],[3.5487,44.181],[3.5342,44.1803],[3.5232,44.1858],[3.5005,44.1908],[3.4975,44.1943],[3.503,44.1999],[3.4994,44.2159],[3.504,44.2246],[3.5125,44.2327],[3.5202,44.2352],[3.5269,44.2317],[3.5569,44.2328],[3.5634,44.2258],[3.5744,44.2265]]]}},{"type":"Feature","properties":{"code":"48089","nom":"Malzieu-Forain","app":9.22,"app_bas":7.11,"app_haut":11.97,"app_ech":"maille","app_obs":7,"mai":7.79,"mai_bas":5.94,"mai_haut":10.2,"mai_ech":"maille","mai_obs":13},"geometry":{"type":"Polygon","coordinates":[[[3.3377,44.8435],[3.3528,44.8529],[3.3663,44.8572],[3.3576,44.8617],[3.3493,44.8617],[3.3471,44.8708],[3.3496,44.8769],[3.3402,44.8792],[3.3496,44.8853],[3.363,44.8907],[3.3735,44.8969],[3.3902,44.9108],[3.4031,44.9185],[3.4104,44.9178],[3.4193,44.9084],[3.418,44.9008],[3.4357,44.8802],[3.4386,44.8608],[3.4418,44.8542],[3.4255,44.8483],[3.3996,44.8491],[3.3947,44.842],[3.3906,44.8323],[3.385,44.829],[3.354,44.8238],[3.3523,44.8226],[3.3483,44.8275],[3.3484,44.8358],[3.3377,44.8435]]]}},{"type":"Feature","properties":{"code":"48150","nom":"Saint-Flour-de-Mercoire","app":6.58,"app_bas":5,"app_haut":8.67,"app_ech":"maille","app_obs":2,"mai":8.37,"mai_bas":6.22,"mai_haut":11.25,"mai_ech":"maille","mai_obs":0},"geometry":{"type":"Polygon","coordinates":[[[3.8255,44.6606],[3.8152,44.6628],[3.813,44.6733],[3.8156,44.6799],[3.8094,44.683],[3.8093,44.6989],[3.8357,44.7035],[3.8401,44.6934],[3.8505,44.6874],[3.8527,44.6771],[3.8461,44.668],[3.8376,44.6617],[3.8255,44.6606]]]}},{"type":"Feature","properties":{"code":"48007","nom":"Arzenc-d'Apcher","app":8.24,"app_bas":6.32,"app_haut":10.75,"app_ech":"maille","app_obs":0,"mai":7,"mai_bas":5.54,"mai_haut":8.85,"mai_ech":"maille","mai_obs":0},"geometry":{"type":"Polygon","coordinates":[[[3.105,44.8663],[3.1073,44.8625],[3.1172,44.8587],[3.1184,44.8543],[3.1292,44.8491],[3.1328,44.8354],[3.1173,44.83],[3.1114,44.8237],[3.0992,44.8329],[3.1002,44.8439],[3.0953,44.8521],[3.0976,44.8591],[3.105,44.8663]]]}},{"type":"Feature","properties":{"code":"48073","nom":"Hermaux","app":8.22,"app_bas":6.32,"app_haut":10.68,"app_ech":"maille","app_obs":0,"mai":7.21,"mai_bas":5.39,"mai_haut":9.65,"mai_ech":"maille","mai_obs":3},"geometry":{"type":"Polygon","coordinates":[[[3.1547,44.5055],[3.1531,44.5027],[3.1524,44.4825],[3.1486,44.4735],[3.1448,44.4765],[3.1417,44.4935],[3.1393,44.4979],[3.1143,44.5125],[3.116,44.5282],[3.1067,44.5392],[3.1081,44.5504],[3.1123,44.5559],[3.1246,44.5606],[3.1444,44.536],[3.1547,44.5055]]]}},{"type":"Feature","properties":{"code":"48154","nom":"Saint-Georges-de-Lévéjac","app":null,"app_bas":null,"app_haut":null,"app_ech":null,"app_obs":0,"mai":null,"mai_bas":null,"mai_haut":null,"mai_ech":null,"mai_obs":0},"geometry":{"type":"Polygon","coordinates":[[[3.2787,44.2929],[3.2601,44.2986],[3.2513,44.2962],[3.248,44.2908],[3.2384,44.2911],[3.2219,44.2994],[3.2202,44.3065],[3.2041,44.3102],[3.1965,44.3198],[3.1835,44.3231],[3.1843,44.339],[3.1978,44.3467],[3.1875,44.3522],[3.1924,44.3696],[3.2147,44.3729],[3.2246,44.3851],[3.2365,44.3854],[3.2401,44.3814],[3.2419,44.365],[3.2467,44.3591],[3.2541,44.3582],[3.2594,44.3642],[3.2791,44.3593],[3.2762,44.3499],[3.2833,44.3369],[3.2735,44.3349],[3.2756,44.3257],[3.284,44.3152],[3.287,44.3068],[3.2787,44.2929]]]}},{"type":"Feature","properties":{"code":"48157","nom":"Sainte-Hélène","app":9.22,"app_bas":7.11,"app_haut":11.97,"app_ech":"maille","app_obs":4,"mai":6.81,"mai_bas":5.1,"mai_haut":9.09,"mai_ech":"maille","mai_obs":3},"geometry":{"type":"Polygon","coordinates":[[[3.5815,44.5151],[3.5862,44.5262],[3.5989,44.534],[3.6193,44.5282],[3.6206,44.5129],[3.6186,44.5041],[3.6142,44.5062],[3.5815,44.5151]]]}},{"type":"Feature","properties":{"code":"48184","nom":"Saint-Symphorien","app":null,"app_bas":null,"app_haut":null,"app_ech":null,"app_obs":0,"mai":null,"mai_bas":null,"mai_haut":null,"mai_ech":null,"mai_obs":0},"geometry":{"type":"Polygon","coordinates":[[[3.6675,44.8073],[3.6468,44.8053],[3.6309,44.8103],[3.6102,44.8129],[3.6014,44.8195],[3.5897,44.8173],[3.5825,44.8261],[3.5894,44.8322],[3.5921,44.848],[3.598,44.8595],[3.5943,44.8754],[3.6083,44.8793],[3.6147,44.8742],[3.6265,44.8803],[3.6325,44.8773],[3.631,44.875],[3.6479,44.8586],[3.6455,44.8419],[3.6473,44.8345],[3.6574,44.8361],[3.6664,44.8288],[3.6656,44.8214],[3.6607,44.8169],[3.6675,44.8073]]]}},{"type":"Feature","properties":{"code":"48012","nom":"Monts-Verts","app":7.25,"app_bas":5.16,"app_haut":10.2,"app_ech":"maille","app_obs":10,"mai":7,"mai_bas":5.54,"mai_haut":8.85,"mai_ech":"maille","mai_obs":15},"geometry":{"type":"Polygon","coordinates":[[[3.2257,44.8821],[3.2329,44.874],[3.2485,44.8741],[3.2569,44.8578],[3.2533,44.8542],[3.2572,44.8446],[3.2529,44.8379],[3.2457,44.8345],[3.24,44.8229],[3.235,44.8189],[3.2248,44.8149],[3.2079,44.8202],[3.2073,44.8257],[3.1939,44.827],[3.1887,44.8299],[3.1998,44.8377],[3.1951,44.8475],[3.1867,44.8496],[3.1845,44.8567],[3.178,44.8599],[3.1816,44.8647],[3.1916,44.8623],[3.1926,44.8696],[3.1992,44.8746],[3.216,44.875],[3.2257,44.8821]]]}},{"type":"Feature","properties":{"code":"48178","nom":"Saint-Privat-de-Vallongue","app":8.27,"app_bas":6.59,"app_haut":10.38,"app_ech":"maille","app_obs":26,"mai":6.95,"mai_bas":5.04,"mai_haut":9.58,"mai_ech":"maille","mai_obs":3},"geometry":{"type":"Polygon","coordinates":[[[3.8864,44.2709],[3.8799,44.2621],[3.8701,44.2675],[3.8281,44.2688],[3.8201,44.265],[3.8015,44.2669],[3.786,44.2767],[3.796,44.2857],[3.7976,44.2919],[3.7857,44.304],[3.7802,44.3168],[3.7839,44.3185],[3.8048,44.3173],[3.8147,44.3117],[3.8165,44.3045],[3.8279,44.3016],[3.8319,44.2892],[3.8468,44.2854],[3.8575,44.28],[3.8812,44.2799],[3.8876,44.2761],[3.8864,44.2709]]]}},{"type":"Feature","properties":{"code":"48021","nom":"Bastide-Puylaurent","app":9.53,"app_bas":7.42,"app_haut":12.25,"app_ech":"maille","app_obs":10,"mai":6.53,"mai_bas":4.9,"mai_haut":8.71,"mai_ech":"maille","mai_obs":3},"geometry":{"type":"Polygon","coordinates":[[[3.9065,44.5924],[3.9192,44.5852],[3.9236,44.5719],[3.9195,44.5661],[3.9194,44.5561],[3.9127,44.5553],[3.8987,44.5586],[3.8861,44.544],[3.892,44.5344],[3.8799,44.525],[3.862,44.538],[3.8531,44.5551],[3.8703,44.5614],[3.8686,44.5743],[3.8646,44.5844],[3.8572,44.5949],[3.8606,44.5952],[3.8773,44.5864],[3.8998,44.5976],[3.9081,44.6077],[3.9042,44.5977],[3.9065,44.5924]]]}},{"type":"Feature","properties":{"code":"48075","nom":"Ispagnac","app":9.53,"app_bas":7.42,"app_haut":12.25,"app_ech":"maille","app_obs":67,"mai":7.21,"mai_bas":5.39,"mai_haut":9.65,"mai_ech":"maille","mai_obs":14},"geometry":{"type":"Polygon","coordinates":[[[3.5775,44.3617],[3.5579,44.3605],[3.5534,44.3715],[3.5456,44.3639],[3.5384,44.3634],[3.5265,44.3729],[3.509,44.3768],[3.4927,44.3832],[3.485,44.3812],[3.4754,44.3944],[3.4717,44.404],[3.4718,44.4156],[3.4678,44.4232],[3.4691,44.4327],[3.4881,44.4412],[3.4949,44.4416],[3.5024,44.4373],[3.4961,44.4296],[3.4983,44.426],[3.5176,44.4167],[3.5351,44.4156],[3.5461,44.4189],[3.5663,44.4221],[3.5841,44.4199],[3.5936,44.4153],[3.5865,44.4086],[3.5946,44.4022],[3.5915,44.3947],[3.5919,44.3842],[3.5852,44.3724],[3.5771,44.3714],[3.5775,44.3617]]]}},{"type":"Feature","properties":{"code":"48047","nom":"Chaze-de-Peyre","app":null,"app_bas":null,"app_haut":null,"app_ech":null,"app_obs":0,"mai":null,"mai_bas":null,"mai_haut":null,"mai_ech":null,"mai_obs":0},"geometry":{"type":"Polygon","coordinates":[[[3.2626,44.6712],[3.2601,44.6735],[3.2592,44.6899],[3.2564,44.694],[3.2464,44.6981],[3.2328,44.6992],[3.214,44.7051],[3.2036,44.7057],[3.2013,44.6957],[3.1846,44.6969],[3.1794,44.704],[3.2302,44.7219],[3.2335,44.7263],[3.2515,44.7222],[3.2621,44.7174],[3.2768,44.7061],[3.2819,44.6982],[3.2747,44.6844],[3.2798,44.677],[3.2792,44.6714],[3.2701,44.6673],[3.2626,44.6712]]]}},{"type":"Feature","properties":{"code":"48057","nom":"Estables","app":null,"app_bas":null,"app_haut":null,"app_ech":null,"app_obs":0,"mai":null,"mai_bas":null,"mai_haut":null,"mai_ech":null,"mai_obs":0},"geometry":{"type":"Polygon","coordinates":[[[3.5415,44.6535],[3.536,44.6492],[3.4981,44.655],[3.4764,44.6523],[3.4693,44.6497],[3.4618,44.6527],[3.4733,44.6731],[3.473,44.6874],[3.4706,44.6935],[3.4789,44.7001],[3.4878,44.7152],[3.4895,44.7107],[3.5005,44.706],[3.5024,44.6983],[3.519,44.6992],[3.5338,44.6862],[3.5636,44.6991],[3.5493,44.6708],[3.5487,44.6609],[3.5415,44.6535]]]}},{"type":"Feature","properties":{"code":"48127","nom":"Rieutort-de-Randon","app":9.22,"app_bas":7.11,"app_haut":11.97,"app_ech":"maille","app_obs":27,"mai":7.79,"mai_bas":5.94,"mai_haut":10.2,"mai_ech":"maille","mai_obs":35},"geometry":{"type":"Polygon","coordinates":[[[3.4023,44.6237],[3.4195,44.6381],[3.4382,44.6373],[3.4437,44.6449],[3.4618,44.6527],[3.4693,44.6497],[3.4764,44.6523],[3.4981,44.655],[3.536,44.6492],[3.5415,44.6535],[3.5624,44.6402],[3.5649,44.6271],[3.571,44.6252],[3.5661,44.6117],[3.5501,44.613],[3.5251,44.6065],[3.5178,44.6016],[3.493,44.596],[3.4829,44.6042],[3.4664,44.5983],[3.456,44.5865],[3.4536,44.5757],[3.4483,44.5728],[3.4367,44.5954],[3.4297,44.6013],[3.4324,44.6067],[3.4314,44.6148],[3.4235,44.6195],[3.4023,44.6237]]]}},{"type":"Feature","properties":{"code":"48136","nom":"Saint-André-de-Lancize","app":9.53,"app_bas":7.42,"app_haut":12.25,"app_ech":"maille","app_obs":1,"mai":6.95,"mai_bas":5.04,"mai_haut":9.58,"mai_ech":"maille","mai_obs":1},"geometry":{"type":"Polygon","coordinates":[[[3.8431,44.2387],[3.8352,44.2407],[3.8205,44.2382],[3.8153,44.2295],[3.8034,44.2333],[3.8058,44.2427],[3.798,44.2532],[3.7953,44.261],[3.7809,44.2644],[3.7679,44.2818],[3.758,44.2838],[3.7546,44.2889],[3.7562,44.2983],[3.7608,44.3074],[3.7639,44.3194],[3.7717,44.32],[3.7802,44.3168],[3.7857,44.304],[3.7976,44.2919],[3.796,44.2857],[3.786,44.2767],[3.8015,44.2669],[3.8201,44.265],[3.8281,44.2688],[3.8381,44.2615],[3.8317,44.2516],[3.8431,44.2387]]]}},{"type":"Feature","properties":{"code":"48163","nom":"Saint-Julien-des-Points","app":8.85,"app_bas":7.02,"app_haut":11.16,"app_ech":"maille","app_obs":3,"mai":6.53,"mai_bas":4.9,"mai_haut":8.71,"mai_ech":"maille","mai_obs":0},"geometry":{"type":"Polygon","coordinates":[[[3.9547,44.2496],[3.9468,44.2669],[3.9568,44.2718],[3.9746,44.2603],[3.9711,44.2504],[3.9588,44.2475],[3.9547,44.2496]]]}},{"type":"Feature","properties":{"code":"48183","nom":"Saint-Sauveur-de-Peyre","app":null,"app_bas":null,"app_haut":null,"app_ech":null,"app_obs":0,"mai":null,"mai_bas":null,"mai_haut":null,"mai_ech":null,"mai_obs":0},"geometry":{"type":"Polygon","coordinates":[[[3.2798,44.677],[3.2948,44.6852],[3.3024,44.6847],[3.3098,44.6745],[3.3166,44.6716],[3.3199,44.6565],[3.3348,44.6568],[3.3421,44.6502],[3.326,44.649],[3.3218,44.638],[3.3084,44.6388],[3.2976,44.6367],[3.2878,44.6297],[3.2821,44.6224],[3.2734,44.619],[3.2665,44.63],[3.252,44.6333],[3.2474,44.638],[3.2527,44.6424],[3.249,44.6492],[3.2503,44.6583],[3.2626,44.6712],[3.2701,44.6673],[3.2792,44.6714],[3.2798,44.677]]]}},{"type":"Feature","properties":{"code":"48120","nom":"Prinsuéjols","app":null,"app_bas":null,"app_haut":null,"app_ech":null,"app_obs":0,"mai":null,"mai_bas":null,"mai_haut":null,"mai_ech":null,"mai_obs":0},"geometry":{"type":"Polygon","coordinates":[[[3.2112,44.6577],[3.2203,44.6529],[3.1982,44.6369],[3.1874,44.6398],[3.1756,44.6389],[3.1676,44.6344],[3.1665,44.6297],[3.1413,44.635],[3.1351,44.6338],[3.1324,44.6377],[3.1382,44.647],[3.1466,44.6537],[3.1291,44.6653],[3.129,44.674],[3.1242,44.6848],[3.124,44.6955],[3.1425,44.6996],[3.155,44.6955],[3.1651,44.7046],[3.175,44.708],[3.1794,44.704],[3.1846,44.6969],[3.2013,44.6957],[3.2066,44.6831],[3.2059,44.6709],[3.2112,44.6577]]]}},{"type":"Feature","properties":{"code":"48182","nom":"Saint-Sauveur-de-Ginestoux","app":8.31,"app_bas":6.56,"app_haut":10.52,"app_ech":"maille","app_obs":1,"mai":6.81,"mai_bas":5.1,"mai_haut":9.09,"mai_ech":"maille","mai_obs":0},"geometry":{"type":"Polygon","coordinates":[[[3.6512,44.7089],[3.6403,44.7032],[3.6404,44.689],[3.6376,44.6818],[3.6217,44.6786],[3.61,44.6804],[3.596,44.6857],[3.5847,44.6774],[3.5777,44.6813],[3.5747,44.6876],[3.5635,44.6957],[3.5636,44.6991],[3.5616,44.7013],[3.5737,44.7023],[3.6075,44.71],[3.6272,44.7118],[3.6323,44.7174],[3.6321,44.7285],[3.6383,44.7387],[3.6383,44.7433],[3.6495,44.7432],[3.6499,44.73],[3.6527,44.72],[3.6512,44.7089]]]}},{"type":"Feature","properties":{"code":"48188","nom":"Serverette","app":8.31,"app_bas":6.56,"app_haut":10.52,"app_ech":"maille","app_obs":14,"mai":7.21,"mai_bas":5.39,"mai_haut":9.65,"mai_ech":"maille","mai_obs":2},"geometry":{"type":"Polygon","coordinates":[[[3.4048,44.6832],[3.3981,44.6814],[3.3923,44.6701],[3.3874,44.6682],[3.3708,44.6754],[3.3659,44.6818],[3.3671,44.6929],[3.3724,44.7028],[3.3707,44.7068],[3.3832,44.7078],[3.3846,44.715],[3.3795,44.7256],[3.3881,44.7334],[3.3943,44.7289],[3.4156,44.7225],[3.4102,44.7188],[3.4124,44.7123],[3.4201,44.7074],[3.4192,44.7026],[3.4109,44.6957],[3.4048,44.6832]]]}},{"type":"Feature","properties":{"code":"48020","nom":"Bassurels","app":8.22,"app_bas":6.32,"app_haut":10.68,"app_ech":"maille","app_obs":2,"mai":6.46,"mai_bas":4.7,"mai_haut":8.86,"mai_ech":"maille","mai_obs":1},"geometry":{"type":"Polygon","coordinates":[[[3.5692,44.1327],[3.5674,44.1388],[3.5523,44.1586],[3.5498,44.1645],[3.5707,44.1619],[3.5833,44.1676],[3.5845,44.1819],[3.5881,44.1952],[3.5937,44.1973],[3.601,44.1895],[3.6072,44.189],[3.606,44.2098],[3.6288,44.2017],[3.6452,44.1935],[3.6496,44.1808],[3.6378,44.1755],[3.6278,44.155],[3.6527,44.1456],[3.6359,44.1403],[3.6328,44.1212],[3.6197,44.1197],[3.6074,44.116],[3.5952,44.1193],[3.57,44.1223],[3.5692,44.1327]]]}},{"type":"Feature","properties":{"code":"48193","nom":"Vebron","app":9.53,"app_bas":7.42,"app_haut":12.25,"app_ech":"maille","app_obs":6,"mai":7.21,"mai_bas":5.39,"mai_haut":9.65,"mai_ech":"maille","mai_obs":5},"geometry":{"type":"Polygon","coordinates":[[[3.6261,44.247],[3.6261,44.2405],[3.6198,44.2382],[3.6186,44.2276],[3.6288,44.2017],[3.606,44.2098],[3.6055,44.2126],[3.5907,44.2223],[3.5744,44.2265],[3.5634,44.2258],[3.5569,44.2328],[3.5269,44.2317],[3.5202,44.2352],[3.5125,44.2327],[3.504,44.2246],[3.4994,44.2159],[3.4934,44.2176],[3.4935,44.225],[3.4893,44.2335],[3.4761,44.2427],[3.4837,44.2564],[3.4797,44.2638],[3.4711,44.2861],[3.4945,44.2896],[3.5074,44.2957],[3.518,44.2985],[3.5346,44.3003],[3.5566,44.2989],[3.5615,44.2954],[3.5568,44.28],[3.5602,44.2727],[3.5764,44.269],[3.5979,44.2583],[3.6056,44.2514],[3.6261,44.247]]]}},{"type":"Feature","properties":{"code":"48029","nom":"Born","app":9.53,"app_bas":7.42,"app_haut":12.25,"app_ech":"maille","app_obs":4,"mai":6.81,"mai_bas":5.1,"mai_haut":9.09,"mai_ech":"maille","mai_obs":6},"geometry":{"type":"Polygon","coordinates":[[[3.571,44.6252],[3.5958,44.624],[3.5924,44.616],[3.5789,44.6048],[3.5796,44.5962],[3.584,44.5873],[3.594,44.5767],[3.5872,44.5657],[3.5775,44.5552],[3.5692,44.5511],[3.5589,44.5521],[3.5569,44.5599],[3.5432,44.5621],[3.5295,44.5798],[3.5249,44.5767],[3.5189,44.5855],[3.5178,44.6016],[3.5251,44.6065],[3.5501,44.613],[3.5661,44.6117],[3.571,44.6252]]]}},{"type":"Feature","properties":{"code":"48097","nom":"Moissac-Vallée-Française","app":8.9,"app_bas":7.02,"app_haut":11.29,"app_ech":"maille","app_obs":1,"mai":9.14,"mai_bas":7.28,"mai_haut":11.48,"mai_ech":"maille","mai_obs":4},"geometry":{"type":"Polygon","coordinates":[[[3.8203,44.1324],[3.8108,44.1286],[3.797,44.1274],[3.7848,44.1333],[3.773,44.1416],[3.768,44.1416],[3.7622,44.1495],[3.7553,44.1514],[3.7616,44.159],[3.7617,44.1651],[3.7523,44.1697],[3.7553,44.178],[3.7646,44.1794],[3.7759,44.1899],[3.7857,44.1879],[3.8067,44.1815],[3.814,44.1771],[3.8118,44.1647],[3.8235,44.1606],[3.8275,44.1429],[3.8321,44.1373],[3.8224,44.1362],[3.8203,44.1324]]]}},{"type":"Feature","properties":{"code":"48002","nom":"Albaret-Sainte-Marie","app":9.22,"app_bas":7.11,"app_haut":11.97,"app_ech":"maille","app_obs":21,"mai":7.61,"mai_bas":5.82,"mai_haut":9.94,"mai_ech":"maille","mai_obs":11},"geometry":{"type":"Polygon","coordinates":[[[3.2257,44.8821],[3.2323,44.8916],[3.227,44.8976],[3.2278,44.9099],[3.2497,44.9162],[3.2543,44.9077],[3.2732,44.8963],[3.269,44.8933],[3.2724,44.8837],[3.261,44.8789],[3.2641,44.8684],[3.2714,44.8727],[3.2805,44.8698],[3.281,44.8649],[3.2676,44.8599],[3.2617,44.8553],[3.2598,44.8467],[3.2572,44.8446],[3.2533,44.8542],[3.2569,44.8578],[3.2485,44.8741],[3.2329,44.874],[3.2257,44.8821]]]}},{"type":"Feature","properties":{"code":"48041","nom":"Chastanier","app":9.22,"app_bas":7.11,"app_haut":11.97,"app_ech":"maille","app_obs":4,"mai":6.81,"mai_bas":5.1,"mai_haut":9.09,"mai_ech":"maille","mai_obs":1},"geometry":{"type":"Polygon","coordinates":[[[3.7233,44.726],[3.7353,44.7256],[3.7657,44.7436],[3.7684,44.7434],[3.7767,44.7471],[3.78,44.742],[3.7761,44.7321],[3.7621,44.7231],[3.7673,44.7029],[3.7631,44.7044],[3.7481,44.7027],[3.7366,44.7044],[3.7312,44.7192],[3.7233,44.726]]]}},{"type":"Feature","properties":{"code":"48099","nom":"Bourgs sur Colagne","app":8.48,"app_bas":6.64,"app_haut":10.84,"app_ech":"maille","app_obs":69,"mai":7.21,"mai_bas":5.39,"mai_haut":9.65,"mai_ech":"maille","mai_obs":57},"geometry":{"type":"Polygon","coordinates":[[[3.2455,44.4902],[3.2428,44.4896],[3.2322,44.4912],[3.2158,44.489],[3.2053,44.4952],[3.2038,44.5017],[3.2073,44.5128],[3.1919,44.5085],[3.1855,44.518],[3.2021,44.5352],[3.1935,44.5413],[3.1903,44.5543],[3.1716,44.5648],[3.1852,44.5687],[3.1924,44.5678],[3.2211,44.5721],[3.2278,44.5778],[3.2321,44.5707],[3.2397,44.5671],[3.252,44.5727],[3.2671,44.5493],[3.2797,44.5423],[3.2908,44.5258],[3.2861,44.5193],[3.2635,44.5133],[3.2564,44.5022],[3.2455,44.4902]]]}},{"type":"Feature","properties":{"code":"48056","nom":"Esclanèdes","app":8.81,"app_bas":6.96,"app_haut":11.17,"app_ech":"maille","app_obs":19,"mai":7.21,"mai_bas":5.39,"mai_haut":9.65,"mai_ech":"maille","mai_obs":34},"geometry":{"type":"Polygon","coordinates":[[[3.34,44.4933],[3.3658,44.5053],[3.3685,44.5099],[3.3733,44.5094],[3.3681,44.502],[3.3687,44.4918],[3.3723,44.4862],[3.3888,44.4771],[3.3964,44.4799],[3.4009,44.4756],[3.3973,44.462],[3.3909,44.4587],[3.3713,44.4654],[3.3623,44.4703],[3.3579,44.4678],[3.3441,44.4737],[3.34,44.4933]]]}},{"type":"Feature","properties":{"code":"48179","nom":"Saint-Privat-du-Fau","app":9.22,"app_bas":7.11,"app_haut":11.97,"app_ech":"maille","app_obs":0,"mai":7.79,"mai_bas":5.94,"mai_haut":10.2,"mai_ech":"maille","mai_obs":7},"geometry":{"type":"Polygon","coordinates":[[[3.3563,44.949],[3.3602,44.9411],[3.3674,44.9342],[3.3817,44.9272],[3.398,44.922],[3.4031,44.9185],[3.3902,44.9108],[3.3735,44.8969],[3.363,44.8907],[3.3496,44.8853],[3.3458,44.8959],[3.3466,44.9031],[3.3536,44.9066],[3.3525,44.9155],[3.3333,44.9074],[3.3224,44.9085],[3.3189,44.9154],[3.321,44.9222],[3.3222,44.9365],[3.327,44.9398],[3.3417,44.9391],[3.3563,44.949]]]}},{"type":"Feature","properties":{"code":"48086","nom":"Luc","app":9.53,"app_bas":7.42,"app_haut":12.25,"app_ech":"maille","app_obs":3,"mai":8.37,"mai_bas":6.22,"mai_haut":11.25,"mai_ech":"maille","mai_obs":4},"geometry":{"type":"Polygon","coordinates":[[[3.8948,44.65],[3.8958,44.6423],[3.8938,44.64],[3.8926,44.623],[3.8985,44.6134],[3.9081,44.6077],[3.8998,44.5976],[3.8773,44.5864],[3.8606,44.5952],[3.8501,44.5945],[3.8427,44.5986],[3.8395,44.6017],[3.8388,44.6136],[3.8289,44.6391],[3.8255,44.6606],[3.8376,44.6617],[3.8461,44.668],[3.8527,44.6771],[3.8505,44.6874],[3.8576,44.6928],[3.8696,44.697],[3.8845,44.6973],[3.8846,44.6934],[3.8773,44.6875],[3.8733,44.6782],[3.8813,44.6661],[3.8829,44.6601],[3.8916,44.6553],[3.8948,44.65]]]}},{"type":"Feature","properties":{"code":"48100","nom":"Montbel","app":9.53,"app_bas":7.42,"app_haut":12.25,"app_ech":"maille","app_obs":1,"mai":6.53,"mai_bas":4.9,"mai_haut":8.71,"mai_ech":"maille","mai_obs":9},"geometry":{"type":"Polygon","coordinates":[[[3.6746,44.6039],[3.688,44.6048],[3.6908,44.6237],[3.7045,44.621],[3.7244,44.6111],[3.7313,44.6044],[3.7587,44.6053],[3.7728,44.6033],[3.7557,44.5958],[3.75,44.5871],[3.726,44.5739],[3.7152,44.5795],[3.7084,44.5761],[3.7069,44.581],[3.6909,44.5803],[3.6685,44.5821],[3.6641,44.5789],[3.6638,44.5868],[3.6725,44.5965],[3.6746,44.6039]]]}},{"type":"Feature","properties":{"code":"48042","nom":"Chastel-Nouvel","app":8.81,"app_bas":6.96,"app_haut":11.17,"app_ech":"maille","app_obs":21,"mai":6.81,"mai_bas":5.1,"mai_haut":9.09,"mai_ech":"maille","mai_obs":21},"geometry":{"type":"Polygon","coordinates":[[[3.5276,44.5457],[3.5195,44.5423],[3.5057,44.5434],[3.483,44.532],[3.4803,44.5375],[3.4791,44.5502],[3.4721,44.559],[3.4644,44.5585],[3.456,44.5685],[3.4536,44.5757],[3.456,44.5865],[3.4664,44.5983],[3.4829,44.6042],[3.493,44.596],[3.5178,44.6016],[3.5189,44.5855],[3.5249,44.5767],[3.5233,44.574],[3.5276,44.5457]]]}},{"type":"Feature","properties":{"code":"48132","nom":"Saint-Alban-sur-Limagnole","app":8.31,"app_bas":6.56,"app_haut":10.52,"app_ech":"maille","app_obs":57,"mai":7.79,"mai_bas":5.94,"mai_haut":10.2,"mai_ech":"maille","mai_obs":40},"geometry":{"type":"Polygon","coordinates":[[[3.3947,44.842],[3.3991,44.841],[3.4171,44.8275],[3.4189,44.8223],[3.436,44.8121],[3.4448,44.8137],[3.4589,44.7981],[3.4584,44.7911],[3.452,44.7746],[3.4447,44.7644],[3.4253,44.7651],[3.4212,44.7582],[3.4099,44.7656],[3.4027,44.7547],[3.3938,44.7577],[3.3851,44.7707],[3.3765,44.7745],[3.3536,44.7795],[3.354,44.7985],[3.3523,44.8226],[3.354,44.8238],[3.385,44.829],[3.3906,44.8323],[3.3947,44.842]]]}},{"type":"Feature","properties":{"code":"48175","nom":"Saint-Pierre-de-Nogaret","app":8.22,"app_bas":6.32,"app_haut":10.68,"app_ech":"maille","app_obs":0,"mai":6.46,"mai_bas":4.7,"mai_haut":8.86,"mai_ech":"maille","mai_obs":0},"geometry":{"type":"Polygon","coordinates":[[[3.1364,44.4454],[3.1357,44.4549],[3.1246,44.4613],[3.1173,44.4738],[3.1329,44.4827],[3.1282,44.4867],[3.1178,44.4895],[3.1058,44.5019],[3.0974,44.5208],[3.0983,44.5283],[3.1067,44.5392],[3.116,44.5282],[3.1143,44.5125],[3.1393,44.4979],[3.1417,44.4935],[3.1448,44.4765],[3.1486,44.4735],[3.1496,44.4587],[3.152,44.4524],[3.1429,44.4416],[3.1364,44.4454]]]}},{"type":"Feature","properties":{"code":"48187","nom":"Salces","app":8.48,"app_bas":6.64,"app_haut":10.84,"app_ech":"maille","app_obs":0,"mai":7.21,"mai_bas":5.39,"mai_haut":9.65,"mai_ech":"maille","mai_obs":0},"geometry":{"type":"Polygon","coordinates":[[[3.1716,44.5648],[3.1903,44.5543],[3.1935,44.5413],[3.2021,44.5352],[3.1855,44.518],[3.1791,44.5177],[3.1729,44.5233],[3.1684,44.5107],[3.1629,44.5112],[3.1547,44.5055],[3.1444,44.536],[3.1246,44.5606],[3.1123,44.5559],[3.1081,44.5504],[3.0997,44.5594],[3.0971,44.575],[3.0766,44.5695],[3.0759,44.573],[3.0596,44.5816],[3.0701,44.5885],[3.0731,44.5985],[3.0784,44.605],[3.0953,44.6045],[3.1103,44.5965],[3.1231,44.5989],[3.1393,44.5811],[3.153,44.5744],[3.1629,44.575],[3.1596,44.5683],[3.1716,44.5648]]]}},{"type":"Feature","properties":{"code":"48189","nom":"Servières","app":null,"app_bas":null,"app_haut":null,"app_ech":null,"app_obs":0,"mai":null,"mai_bas":null,"mai_haut":null,"mai_ech":null,"mai_obs":0},"geometry":{"type":"Polygon","coordinates":[[[3.4235,44.6195],[3.4314,44.6148],[3.4324,44.6067],[3.4297,44.6013],[3.4367,44.5954],[3.4483,44.5728],[3.4503,44.5615],[3.4325,44.5558],[3.4282,44.5753],[3.4161,44.5665],[3.4003,44.5683],[3.3846,44.5807],[3.3815,44.5867],[3.3828,44.5949],[3.4075,44.5989],[3.4106,44.6112],[3.4235,44.6195]]]}},{"type":"Feature","properties":{"code":"48036","nom":"Cassagnas","app":8.7,"app_bas":7.16,"app_haut":10.59,"app_ech":"maille","app_obs":0,"mai":7.21,"mai_bas":5.39,"mai_haut":9.65,"mai_ech":"maille","mai_obs":1},"geometry":{"type":"Polygon","coordinates":[[[3.6892,44.2871],[3.7022,44.288],[3.712,44.2938],[3.7351,44.3163],[3.7366,44.3151],[3.7639,44.3194],[3.7608,44.3074],[3.7562,44.2983],[3.7546,44.2889],[3.758,44.2838],[3.7679,44.2818],[3.7809,44.2644],[3.7745,44.2596],[3.7676,44.2501],[3.7663,44.2435],[3.7618,44.2401],[3.7515,44.2458],[3.732,44.2465],[3.7205,44.2425],[3.717,44.2495],[3.7233,44.262],[3.7187,44.2652],[3.7108,44.2616],[3.7075,44.2564],[3.6975,44.253],[3.6842,44.2571],[3.6811,44.2664],[3.7161,44.2705],[3.7216,44.2773],[3.6987,44.2791],[3.6892,44.2871]]]}},{"type":"Feature","properties":{"code":"48170","nom":"Saint-Martin-de-Boubaux","app":8.27,"app_bas":6.59,"app_haut":10.38,"app_ech":"maille","app_obs":1,"mai":7.53,"mai_bas":5.78,"mai_haut":9.81,"mai_ech":"maille","mai_obs":2},"geometry":{"type":"Polygon","coordinates":[[[3.8776,44.2247],[3.8878,44.2268],[3.9051,44.2254],[3.9272,44.2216],[3.9473,44.216],[3.943,44.2033],[3.9371,44.1956],[3.9514,44.1943],[3.9599,44.1913],[3.9594,44.184],[3.9659,44.1716],[3.9747,44.1726],[3.9741,44.1643],[3.9526,44.1708],[3.9294,44.1818],[3.922,44.1803],[3.9277,44.1717],[3.9273,44.1613],[3.9116,44.1601],[3.9072,44.1611],[3.8897,44.1743],[3.8878,44.1801],[3.891,44.1887],[3.8846,44.2064],[3.8878,44.2152],[3.8777,44.221],[3.8776,44.2247]]]}},{"type":"Feature","properties":{"code":"48128","nom":"Rimeize","app":8.48,"app_bas":6.64,"app_haut":10.84,"app_ech":"maille","app_obs":33,"mai":7.79,"mai_bas":5.94,"mai_haut":10.2,"mai_ech":"maille","mai_obs":16},"geometry":{"type":"Polygon","coordinates":[[[3.3478,44.7278],[3.3282,44.7242],[3.3264,44.7362],[3.314,44.7378],[3.3092,44.7318],[3.2982,44.7284],[3.297,44.7366],[3.2892,44.7468],[3.2788,44.7523],[3.2873,44.7844],[3.2946,44.7907],[3.288,44.7934],[3.2867,44.7997],[3.3004,44.7998],[3.3095,44.7884],[3.3283,44.7962],[3.3335,44.792],[3.354,44.7985],[3.3536,44.7795],[3.3467,44.7785],[3.3433,44.7682],[3.3325,44.7559],[3.3341,44.7503],[3.3434,44.7491],[3.348,44.7423],[3.3478,44.7278]]]}},{"type":"Feature","properties":{"code":"48160","nom":"Saint-Jean-la-Fouillouse","app":8.31,"app_bas":6.56,"app_haut":10.52,"app_ech":"maille","app_obs":1,"mai":6.81,"mai_bas":5.1,"mai_haut":9.09,"mai_ech":"maille","mai_obs":4},"geometry":{"type":"Polygon","coordinates":[[[3.6512,44.7089],[3.6527,44.72],[3.6499,44.73],[3.6626,44.7303],[3.6914,44.7372],[3.7038,44.7349],[3.7121,44.7288],[3.7233,44.726],[3.7312,44.7192],[3.7366,44.7044],[3.7301,44.698],[3.7175,44.6998],[3.7043,44.6928],[3.7067,44.6806],[3.7002,44.6731],[3.6806,44.6817],[3.6713,44.6913],[3.6656,44.6928],[3.6571,44.7045],[3.6512,44.7089]]]}},{"type":"Feature","properties":{"code":"48026","nom":"Blavignac","app":8.24,"app_bas":6.32,"app_haut":10.75,"app_ech":"maille","app_obs":2,"mai":7.79,"mai_bas":5.94,"mai_haut":10.2,"mai_ech":"maille","mai_obs":9},"geometry":{"type":"Polygon","coordinates":[[[3.2598,44.8467],[3.2617,44.8553],[3.2676,44.8599],[3.281,44.8649],[3.2805,44.8698],[3.2714,44.8727],[3.2641,44.8684],[3.261,44.8789],[3.2724,44.8837],[3.269,44.8933],[3.2732,44.8963],[3.2894,44.894],[3.301,44.8897],[3.3146,44.8759],[3.315,44.8663],[3.311,44.8655],[3.2988,44.8711],[3.2884,44.8709],[3.2833,44.8592],[3.2901,44.8524],[3.2892,44.8414],[3.2806,44.84],[3.2725,44.8437],[3.2629,44.8417],[3.2598,44.8467]]]}},{"type":"Feature","properties":{"code":"48046","nom":"Chaulhac","app":8.24,"app_bas":6.32,"app_haut":10.75,"app_ech":"maille","app_obs":0,"mai":7.61,"mai_bas":5.82,"mai_haut":9.94,"mai_ech":"maille","mai_obs":0},"geometry":{"type":"Polygon","coordinates":[[[3.2916,44.9192],[3.281,44.911],[3.2732,44.8963],[3.2543,44.9077],[3.2497,44.9162],[3.2452,44.9348],[3.2484,44.9395],[3.2562,44.9416],[3.2623,44.9367],[3.2615,44.9321],[3.2713,44.9276],[3.2856,44.9263],[3.2916,44.9192]]]}},{"type":"Feature","properties":{"code":"48090","nom":"Malzieu-Ville","app":9.22,"app_bas":7.11,"app_haut":11.97,"app_ech":"maille","app_obs":83,"mai":7.79,"mai_bas":5.94,"mai_haut":10.2,"mai_ech":"maille","mai_obs":15},"geometry":{"type":"Polygon","coordinates":[[[3.3377,44.8435],[3.3256,44.8509],[3.3232,44.8612],[3.315,44.8663],[3.3146,44.8759],[3.3282,44.8743],[3.3402,44.8792],[3.3496,44.8769],[3.3471,44.8708],[3.3493,44.8617],[3.3576,44.8617],[3.3663,44.8572],[3.3528,44.8529],[3.3377,44.8435]]]}},{"type":"Feature","properties":{"code":"48098","nom":"Molezon","app":8.7,"app_bas":7.16,"app_haut":10.59,"app_ech":"maille","app_obs":0,"mai":6.95,"mai_bas":5.04,"mai_haut":9.58,"mai_ech":"maille","mai_obs":0},"geometry":{"type":"Polygon","coordinates":[[[3.7283,44.2229],[3.7177,44.2179],[3.7152,44.2056],[3.7186,44.1911],[3.7089,44.2002],[3.703,44.2119],[3.6981,44.2129],[3.6933,44.2012],[3.6826,44.207],[3.6701,44.2042],[3.6556,44.2077],[3.6629,44.2131],[3.6626,44.2184],[3.6675,44.2288],[3.6775,44.2326],[3.6871,44.2277],[3.6927,44.2344],[3.7036,44.2379],[3.7173,44.2377],[3.7283,44.2229]]]}},{"type":"Feature","properties":{"code":"48135","nom":"Saint-André-Capcèze","app":9,"app_bas":7.21,"app_haut":11.23,"app_ech":"maille","app_obs":1,"mai":6.53,"mai_bas":4.9,"mai_haut":8.71,"mai_ech":"maille","mai_obs":4},"geometry":{"type":"Polygon","coordinates":[[[3.9717,44.4264],[3.9611,44.414],[3.9487,44.4126],[3.9512,44.4021],[3.9444,44.3996],[3.9283,44.4052],[3.9175,44.4053],[3.92,44.4194],[3.9237,44.4259],[3.9506,44.4339],[3.9717,44.4264]]]}},{"type":"Feature","properties":{"code":"48051","nom":"Collet-de-Dèze","app":8.85,"app_bas":7.02,"app_haut":11.16,"app_ech":"maille","app_obs":61,"mai":6.53,"mai_bas":4.9,"mai_haut":8.71,"mai_ech":"maille","mai_obs":11},"geometry":{"type":"Polygon","coordinates":[[[3.8864,44.2709],[3.8876,44.2761],[3.9092,44.2787],[3.9188,44.2855],[3.9249,44.3008],[3.9363,44.2935],[3.94,44.2839],[3.9356,44.2747],[3.9468,44.2669],[3.9547,44.2496],[3.948,44.2446],[3.9462,44.2315],[3.9509,44.2169],[3.9473,44.216],[3.9272,44.2216],[3.9051,44.2254],[3.9153,44.237],[3.9028,44.252],[3.8969,44.2612],[3.8864,44.2709]]]}},{"type":"Feature","properties":{"code":"48112","nom":"Pierrefiche","app":9.22,"app_bas":7.11,"app_haut":11.97,"app_ech":"maille","app_obs":7,"mai":6.81,"mai_bas":5.1,"mai_haut":9.09,"mai_ech":"maille","mai_obs":19},"geometry":{"type":"Polygon","coordinates":[[[3.7002,44.6731],[3.7067,44.6806],[3.7043,44.6928],[3.7175,44.6998],[3.7301,44.698],[3.7366,44.7044],[3.7481,44.7027],[3.7631,44.7044],[3.7673,44.7029],[3.7695,44.6828],[3.7584,44.6842],[3.7413,44.6772],[3.7237,44.6676],[3.7166,44.658],[3.6985,44.6622],[3.7002,44.6731]]]}},{"type":"Feature","properties":{"code":"48126","nom":"Ribennes","app":8.31,"app_bas":6.56,"app_haut":10.52,"app_ech":"maille","app_obs":1,"mai":7.21,"mai_bas":5.39,"mai_haut":9.65,"mai_ech":"maille","mai_obs":6},"geometry":{"type":"Polygon","coordinates":[[[3.4023,44.6237],[3.3904,44.6223],[3.3811,44.6297],[3.3728,44.6424],[3.3623,44.6471],[3.3606,44.6345],[3.3546,44.631],[3.3481,44.6492],[3.3421,44.6502],[3.3348,44.6568],[3.3535,44.664],[3.3503,44.6722],[3.3596,44.6802],[3.3874,44.6682],[3.3947,44.6595],[3.4067,44.6608],[3.4131,44.6492],[3.4301,44.6562],[3.4384,44.6532],[3.4437,44.6449],[3.4382,44.6373],[3.4195,44.6381],[3.4023,44.6237]]]}},{"type":"Feature","properties":{"code":"48081","nom":"Lanuéjols","app":9.53,"app_bas":7.42,"app_haut":12.25,"app_ech":"maille","app_obs":1,"mai":6.81,"mai_bas":5.1,"mai_haut":9.09,"mai_ech":"maille","mai_obs":19},"geometry":{"type":"Polygon","coordinates":[[[3.5587,44.4752],[3.5502,44.4892],[3.5491,44.4978],[3.5376,44.5027],[3.5294,44.51],[3.5304,44.514],[3.5467,44.513],[3.5664,44.5193],[3.6142,44.5062],[3.6186,44.5041],[3.6272,44.5024],[3.6303,44.4963],[3.6249,44.486],[3.6335,44.4738],[3.633,44.4648],[3.6276,44.4668],[3.6103,44.4614],[3.5957,44.4603],[3.5813,44.4668],[3.5655,44.4696],[3.5587,44.4752]]]}},{"type":"Feature","properties":{"code":"48116","nom":"Pont de Montvert - Sud Mont Lozère","app":9.53,"app_bas":7.42,"app_haut":12.25,"app_ech":"maille","app_obs":4,"mai":6.95,"mai_bas":5.04,"mai_haut":9.58,"mai_ech":"maille","mai_obs":9},"geometry":{"type":"Polygon","coordinates":[[[3.7058,44.3215],[3.6987,44.3317],[3.6927,44.3334],[3.6785,44.3444],[3.6697,44.3656],[3.6714,44.3822],[3.6692,44.3908],[3.6721,44.4109],[3.6764,44.4185],[3.6865,44.4301],[3.6874,44.4355],[3.7094,44.4313],[3.727,44.4301],[3.7351,44.4268],[3.7551,44.4248],[3.7592,44.4212],[3.7742,44.4266],[3.7863,44.42],[3.803,44.4195],[3.8161,44.4165],[3.8466,44.4054],[3.8558,44.399],[3.8785,44.3935],[3.8887,44.393],[3.8858,44.388],[3.861,44.3836],[3.8546,44.3768],[3.8567,44.3613],[3.8555,44.3528],[3.8483,44.3489],[3.8404,44.3486],[3.8362,44.3383],[3.8402,44.3284],[3.8543,44.3245],[3.8651,44.3245],[3.8646,44.3101],[3.8527,44.3099],[3.8368,44.3183],[3.8354,44.3111],[3.8401,44.3023],[3.8279,44.3016],[3.8165,44.3045],[3.8147,44.3117],[3.8048,44.3173],[3.7839,44.3185],[3.7802,44.3168],[3.7717,44.32],[3.7366,44.3151],[3.7351,44.3163],[3.7192,44.3171],[3.7081,44.3201],[3.7058,44.3215]]]}},{"type":"Feature","properties":{"code":"48015","nom":"Pied-de-Borne","app":8.98,"app_bas":7.21,"app_haut":11.18,"app_ech":"maille","app_obs":1,"mai":6.53,"mai_bas":4.9,"mai_haut":8.71,"mai_ech":"maille","mai_obs":0},"geometry":{"type":"Polygon","coordinates":[[[3.9717,44.4264],[3.9506,44.4339],[3.9432,44.4512],[3.9432,44.4548],[3.9563,44.4592],[3.9663,44.4586],[3.9724,44.4641],[3.977,44.4763],[3.9632,44.4779],[3.9586,44.4762],[3.9412,44.4803],[3.9395,44.4839],[3.95,44.4921],[3.9544,44.5034],[3.968,44.5088],[3.9638,44.5142],[3.9545,44.5176],[3.9501,44.5403],[3.9657,44.5377],[3.9754,44.5237],[3.9769,44.517],[3.9837,44.5102],[3.9873,44.4992],[3.9857,44.4879],[3.9875,44.4734],[3.9982,44.4598],[3.9804,44.4454],[3.9723,44.4352],[3.973,44.4267],[3.9717,44.4264]]]}},{"type":"Feature","properties":{"code":"48152","nom":"Ventalon en Cévennes","app":8.85,"app_bas":7.02,"app_haut":11.16,"app_ech":"maille","app_obs":0,"mai":6.53,"mai_bas":4.9,"mai_haut":8.71,"mai_ech":"maille","mai_obs":10},"geometry":{"type":"Polygon","coordinates":[[[3.8646,44.3101],[3.8905,44.3131],[3.9229,44.3052],[3.9249,44.3008],[3.9188,44.2855],[3.9092,44.2787],[3.8876,44.2761],[3.8812,44.2799],[3.8575,44.28],[3.8468,44.2854],[3.8319,44.2892],[3.8279,44.3016],[3.8401,44.3023],[3.8354,44.3111],[3.8368,44.3183],[3.8527,44.3099],[3.8646,44.3101]]]}},{"type":"Feature","properties":{"code":"48174","nom":"Saint-Paul-le-Froid","app":8.31,"app_bas":6.56,"app_haut":10.52,"app_ech":"maille","app_obs":0,"mai":6.81,"mai_bas":5.1,"mai_haut":9.09,"mai_ech":"maille","mai_obs":0},"geometry":{"type":"Polygon","coordinates":[[[3.5313,44.7527],[3.5235,44.7594],[3.5251,44.7689],[3.5147,44.7694],[3.5065,44.7548],[3.5007,44.7507],[3.4902,44.758],[3.4992,44.7802],[3.5026,44.7855],[3.5123,44.7875],[3.531,44.7855],[3.5366,44.7909],[3.5266,44.7997],[3.5171,44.8034],[3.4986,44.8006],[3.491,44.8085],[3.4949,44.8154],[3.5074,44.8242],[3.5398,44.8282],[3.5616,44.825],[3.5638,44.8328],[3.5745,44.8346],[3.5897,44.8173],[3.5804,44.8128],[3.5797,44.8008],[3.5861,44.7957],[3.587,44.786],[3.5812,44.7768],[3.5673,44.7718],[3.5502,44.7635],[3.5313,44.7527]]]}},{"type":"Feature","properties":{"code":"48003","nom":"Allenc","app":9.22,"app_bas":7.11,"app_haut":11.97,"app_ech":"maille","app_obs":0,"mai":6.81,"mai_bas":5.1,"mai_haut":9.09,"mai_ech":"maille","mai_obs":16},"geometry":{"type":"Polygon","coordinates":[[[3.7302,44.5477],[3.712,44.5281],[3.7025,44.5246],[3.698,44.5182],[3.6876,44.5187],[3.676,44.5266],[3.6742,44.5368],[3.6423,44.5272],[3.6299,44.5305],[3.6252,44.5346],[3.6323,44.5598],[3.6397,44.5683],[3.6411,44.5767],[3.6567,44.5798],[3.6641,44.5789],[3.6685,44.5821],[3.6909,44.5803],[3.7069,44.581],[3.7103,44.5675],[3.7159,44.5603],[3.7302,44.5477]]]}},{"type":"Feature","properties":{"code":"48093","nom":"Mas-d'Orcières","app":null,"app_bas":null,"app_haut":null,"app_ech":null,"app_obs":0,"mai":null,"mai_bas":null,"mai_haut":null,"mai_ech":null,"mai_obs":0},"geometry":{"type":"Polygon","coordinates":[[[3.6662,44.4413],[3.6566,44.4467],[3.6725,44.4669],[3.6837,44.4646],[3.6919,44.4681],[3.6937,44.4765],[3.6857,44.4805],[3.6855,44.4876],[3.6935,44.487],[3.7045,44.4976],[3.7151,44.4959],[3.7205,44.4854],[3.7359,44.4797],[3.7399,44.4754],[3.7484,44.4617],[3.7475,44.4479],[3.752,44.4365],[3.7681,44.4243],[3.7592,44.4212],[3.7551,44.4248],[3.7351,44.4268],[3.727,44.4301],[3.7094,44.4313],[3.6874,44.4355],[3.6784,44.4354],[3.6662,44.4413]]]}},{"type":"Feature","properties":{"code":"48110","nom":"Paulhac-en-Margeride","app":8.24,"app_bas":6.32,"app_haut":10.75,"app_ech":"maille","app_obs":0,"mai":7.61,"mai_bas":5.82,"mai_haut":9.94,"mai_ech":"maille","mai_obs":0},"geometry":{"type":"Polygon","coordinates":[[[3.3545,44.9548],[3.3613,44.9714],[3.3727,44.9757],[3.3703,44.97],[3.3714,44.9603],[3.3864,44.9527],[3.397,44.9586],[3.4046,44.9564],[3.4128,44.9448],[3.415,44.9326],[3.4138,44.9199],[3.4104,44.9178],[3.4031,44.9185],[3.398,44.922],[3.3817,44.9272],[3.3674,44.9342],[3.3602,44.9411],[3.3545,44.9548]]]}},{"type":"Feature","properties":{"code":"48038","nom":"Chambon-le-Château","app":9.22,"app_bas":7.11,"app_haut":11.97,"app_ech":"maille","app_obs":16,"mai":6.81,"mai_bas":5.1,"mai_haut":9.09,"mai_ech":"maille","mai_obs":8},"geometry":{"type":"Polygon","coordinates":[[[3.6736,44.8541],[3.6718,44.8434],[3.6574,44.8361],[3.6473,44.8345],[3.6455,44.8419],[3.6479,44.8586],[3.631,44.875],[3.6325,44.8773],[3.6443,44.8771],[3.6549,44.8742],[3.6595,44.8699],[3.6668,44.8576],[3.6736,44.8541]]]}},{"type":"Feature","properties":{"code":"48147","nom":"Saint-Étienne-du-Valdonnez","app":9.53,"app_bas":7.42,"app_haut":12.25,"app_ech":"maille","app_obs":12,"mai":6.81,"mai_bas":5.1,"mai_haut":9.09,"mai_ech":"maille","mai_obs":30},"geometry":{"type":"Polygon","coordinates":[[[3.5936,44.4153],[3.5841,44.4199],[3.5663,44.4221],[3.5461,44.4189],[3.5351,44.4156],[3.5176,44.4167],[3.4983,44.426],[3.4961,44.4296],[3.5024,44.4373],[3.5072,44.4505],[3.5121,44.4569],[3.5262,44.4643],[3.5433,44.467],[3.5587,44.4752],[3.5655,44.4696],[3.5813,44.4668],[3.5957,44.4603],[3.6103,44.4614],[3.6276,44.4668],[3.633,44.4648],[3.6321,44.4553],[3.6566,44.4467],[3.6662,44.4413],[3.6511,44.4344],[3.6362,44.4302],[3.627,44.4238],[3.6032,44.4156],[3.5936,44.4153]]]}},{"type":"Feature","properties":{"code":"48119","nom":"Prévenchères","app":9.53,"app_bas":7.42,"app_haut":12.25,"app_ech":"maille","app_obs":2,"mai":6.53,"mai_bas":4.9,"mai_haut":8.71,"mai_ech":"maille","mai_obs":10},"geometry":{"type":"Polygon","coordinates":[[[3.9488,44.5729],[3.9609,44.5538],[3.9657,44.5377],[3.9501,44.5403],[3.9545,44.5176],[3.9638,44.5142],[3.968,44.5088],[3.9544,44.5034],[3.95,44.4921],[3.9395,44.4839],[3.9412,44.4803],[3.9586,44.4762],[3.9632,44.4779],[3.977,44.4763],[3.9724,44.4641],[3.9663,44.4586],[3.9563,44.4592],[3.9432,44.4548],[3.9355,44.4599],[3.9277,44.4802],[3.9267,44.49],[3.9222,44.4922],[3.9032,44.4894],[3.8923,44.4927],[3.8887,44.5015],[3.8807,44.5045],[3.8711,44.5025],[3.8547,44.5066],[3.8618,44.5151],[3.8527,44.522],[3.845,44.5246],[3.8466,44.5325],[3.862,44.538],[3.8799,44.525],[3.892,44.5344],[3.8861,44.544],[3.8987,44.5586],[3.9127,44.5553],[3.9194,44.5561],[3.9195,44.5661],[3.9236,44.5719],[3.9285,44.57],[3.9366,44.5738],[3.9488,44.5729]]]}},{"type":"Feature","properties":{"code":"48017","nom":"Banassac-Canilhac","app":8.48,"app_bas":6.64,"app_haut":10.84,"app_ech":"maille","app_obs":50,"mai":7.21,"mai_bas":5.39,"mai_haut":9.65,"mai_ech":"maille","mai_obs":41},"geometry":{"type":"Polygon","coordinates":[[[3.1364,44.4454],[3.1429,44.4416],[3.152,44.4524],[3.1632,44.4507],[3.1614,44.4443],[3.1704,44.4445],[3.1735,44.4582],[3.1808,44.4588],[3.1874,44.4536],[3.2022,44.4571],[3.2102,44.4534],[3.2108,44.444],[3.1984,44.4403],[3.2064,44.4332],[3.2072,44.4222],[3.1893,44.4266],[3.1863,44.4136],[3.176,44.4032],[3.1686,44.4016],[3.148,44.409],[3.1372,44.4083],[3.1267,44.414],[3.1417,44.4285],[3.1416,44.4339],[3.1364,44.4454]]]}},{"type":"Feature","properties":{"code":"48077","nom":"Julianges","app":8.24,"app_bas":6.32,"app_haut":10.75,"app_ech":"maille","app_obs":0,"mai":7.61,"mai_bas":5.82,"mai_haut":9.94,"mai_ech":"maille","mai_obs":0},"geometry":{"type":"Polygon","coordinates":[[[3.2916,44.9192],[3.2856,44.9263],[3.2973,44.9356],[3.3078,44.9401],[3.3379,44.9559],[3.3545,44.9548],[3.3563,44.949],[3.3417,44.9391],[3.327,44.9398],[3.3222,44.9365],[3.321,44.9222],[3.3148,44.9181],[3.2916,44.9192]]]}},{"type":"Feature","properties":{"code":"48156","nom":"Saint-Germain-du-Teil","app":8.22,"app_bas":6.32,"app_haut":10.68,"app_ech":"maille","app_obs":10,"mai":7.21,"mai_bas":5.39,"mai_haut":9.65,"mai_ech":"maille","mai_obs":20},"geometry":{"type":"Polygon","coordinates":[[[3.2022,44.4571],[3.1874,44.4536],[3.1808,44.4588],[3.1735,44.4582],[3.1704,44.4445],[3.1614,44.4443],[3.1632,44.4507],[3.152,44.4524],[3.1496,44.4587],[3.1486,44.4735],[3.1524,44.4825],[3.1531,44.5027],[3.1547,44.5055],[3.1629,44.5112],[3.1684,44.5107],[3.1729,44.5233],[3.1791,44.5177],[3.1855,44.518],[3.1919,44.5085],[3.1896,44.5009],[3.1901,44.4797],[3.2022,44.4571]]]}},{"type":"Feature","properties":{"code":"48124","nom":"Recoules-de-Fumas","app":8.31,"app_bas":6.56,"app_haut":10.52,"app_ech":"maille","app_obs":4,"mai":7.79,"mai_bas":5.94,"mai_haut":10.2,"mai_ech":"maille","mai_obs":12},"geometry":{"type":"Polygon","coordinates":[[[3.3218,44.638],[3.326,44.649],[3.3421,44.6502],[3.3481,44.6492],[3.3546,44.631],[3.3528,44.6208],[3.3332,44.6208],[3.3289,44.6142],[3.3094,44.6197],[3.3047,44.623],[3.3115,44.6312],[3.3218,44.638]]]}},{"type":"Feature","properties":{"code":"48167","nom":"Saint-Laurent-de-Veyrès","app":8.48,"app_bas":6.64,"app_haut":10.84,"app_ech":"maille","app_obs":0,"mai":7.79,"mai_bas":5.94,"mai_haut":10.2,"mai_ech":"maille","mai_obs":0},"geometry":{"type":"Polygon","coordinates":[[[3.1372,44.7831],[3.1412,44.7766],[3.1443,44.7614],[3.1397,44.7559],[3.124,44.7494],[3.1134,44.7509],[3.1019,44.766],[3.1043,44.7738],[3.1115,44.781],[3.1372,44.7831]]]}},{"type":"Feature","properties":{"code":"48084","nom":"Laval-Atger","app":null,"app_bas":null,"app_haut":null,"app_ech":null,"app_obs":0,"mai":null,"mai_bas":null,"mai_haut":null,"mai_ech":null,"mai_obs":0},"geometry":{"type":"Polygon","coordinates":[[[3.7127,44.7816],[3.707,44.7877],[3.7051,44.7959],[3.6987,44.7986],[3.691,44.7957],[3.6867,44.8039],[3.6675,44.8073],[3.6607,44.8169],[3.6848,44.819],[3.6915,44.8134],[3.7076,44.8152],[3.7124,44.8042],[3.7237,44.8039],[3.737,44.7959],[3.7323,44.7886],[3.7204,44.7811],[3.7127,44.7816]]]}},{"type":"Feature","properties":{"code":"48117","nom":"Pourcharesses","app":9,"app_bas":7.21,"app_haut":11.23,"app_ech":"maille","app_obs":0,"mai":6.53,"mai_bas":4.9,"mai_haut":8.71,"mai_ech":"maille","mai_obs":2},"geometry":{"type":"Polygon","coordinates":[[[3.8466,44.4054],[3.8582,44.4188],[3.8719,44.4192],[3.8913,44.4292],[3.8924,44.4328],[3.8871,44.4419],[3.8904,44.456],[3.895,44.46],[3.9013,44.4751],[3.9032,44.4894],[3.9222,44.4922],[3.9267,44.49],[3.9277,44.4802],[3.9355,44.4599],[3.9129,44.459],[3.9089,44.4388],[3.9234,44.4329],[3.9237,44.4259],[3.92,44.4194],[3.9175,44.4053],[3.9079,44.4026],[3.9004,44.3926],[3.8785,44.3935],[3.8558,44.399],[3.8466,44.4054]]]}},{"type":"Feature","properties":{"code":"48148","nom":"Saint-Étienne-Vallée-Française","app":8.7,"app_bas":7.16,"app_haut":10.59,"app_ech":"maille","app_obs":4,"mai":7.53,"mai_bas":5.78,"mai_haut":9.81,"mai_ech":"maille","mai_obs":1},"geometry":{"type":"Polygon","coordinates":[[[3.8943,44.1472],[3.8776,44.1329],[3.8621,44.1301],[3.8321,44.1373],[3.8275,44.1429],[3.8235,44.1606],[3.8118,44.1647],[3.814,44.1771],[3.8067,44.1815],[3.7857,44.1879],[3.7928,44.1946],[3.806,44.1931],[3.8172,44.1947],[3.821,44.2016],[3.8267,44.201],[3.831,44.1941],[3.8415,44.1926],[3.853,44.2032],[3.8554,44.215],[3.869,44.2128],[3.8777,44.221],[3.8878,44.2152],[3.8846,44.2064],[3.891,44.1887],[3.8878,44.1801],[3.8897,44.1743],[3.9072,44.1611],[3.9116,44.1601],[3.9109,44.1506],[3.8943,44.1472]]]}},{"type":"Feature","properties":{"code":"48061","nom":"Florac Trois Rivières","app":10.74,"app_bas":8.36,"app_haut":13.79,"app_ech":"commune","app_obs":184,"mai":6.53,"mai_bas":4.9,"mai_haut":8.71,"mai_ech":"maille","mai_obs":31},"geometry":{"type":"Polygon","coordinates":[[[3.5566,44.2989],[3.5471,44.3089],[3.5452,44.3138],[3.5539,44.3264],[3.5543,44.3341],[3.5582,44.3445],[3.5663,44.3468],[3.5794,44.3583],[3.5905,44.355],[3.5902,44.3482],[3.5966,44.3351],[3.6126,44.3315],[3.6418,44.3407],[3.6498,44.3332],[3.6642,44.3249],[3.6909,44.3263],[3.7081,44.3201],[3.687,44.3151],[3.6682,44.3138],[3.6607,44.3072],[3.6418,44.3079],[3.6348,44.3129],[3.6299,44.308],[3.6322,44.3009],[3.6262,44.2926],[3.6301,44.2855],[3.628,44.2801],[3.6084,44.2883],[3.5979,44.2888],[3.5832,44.2922],[3.5672,44.2881],[3.5592,44.2887],[3.5615,44.2954],[3.5566,44.2989]]]}},{"type":"Feature","properties":{"code":"48068","nom":"Gabrias","app":8.81,"app_bas":6.96,"app_haut":11.17,"app_ech":"maille","app_obs":0,"mai":7.21,"mai_bas":5.39,"mai_haut":9.65,"mai_ech":"maille","mai_obs":6},"geometry":{"type":"Polygon","coordinates":[[[3.3828,44.5949],[3.3815,44.5867],[3.3846,44.5807],[3.4003,44.5683],[3.4161,44.5665],[3.3957,44.548],[3.388,44.5364],[3.3946,44.5266],[3.378,44.5158],[3.3733,44.5094],[3.3685,44.5099],[3.3729,44.5198],[3.3712,44.5299],[3.3591,44.5377],[3.3532,44.5505],[3.3609,44.5667],[3.3688,44.5714],[3.3616,44.5762],[3.3706,44.586],[3.3828,44.5949]]]}},{"type":"Feature","properties":{"code":"48108","nom":"Panouse","app":8.31,"app_bas":6.56,"app_haut":10.52,"app_ech":"maille","app_obs":0,"mai":6.81,"mai_bas":5.1,"mai_haut":9.09,"mai_ech":"maille","mai_obs":0},"geometry":{"type":"Polygon","coordinates":[[[3.5313,44.7527],[3.5502,44.7635],[3.5673,44.7718],[3.5788,44.7754],[3.5891,44.7756],[3.5934,44.7718],[3.5883,44.7643],[3.5904,44.7584],[3.5872,44.7532],[3.5994,44.7464],[3.6091,44.7458],[3.6138,44.7495],[3.6316,44.7511],[3.641,44.7536],[3.6455,44.7487],[3.6383,44.7433],[3.6383,44.7387],[3.6321,44.7285],[3.6323,44.7174],[3.6272,44.7118],[3.6075,44.71],[3.5737,44.7023],[3.5616,44.7013],[3.5588,44.7114],[3.5639,44.7177],[3.5659,44.7264],[3.5576,44.744],[3.5458,44.7424],[3.5313,44.7527]]]}},{"type":"Feature","properties":{"code":"48123","nom":"Recoules-d'Aubrac","app":8.48,"app_bas":6.64,"app_haut":10.84,"app_ech":"maille","app_obs":0,"mai":7,"mai_bas":5.54,"mai_haut":8.85,"mai_ech":"maille","mai_obs":1},"geometry":{"type":"Polygon","coordinates":[[[3.083,44.7136],[3.0894,44.7103],[3.081,44.7031],[3.0775,44.6837],[3.0728,44.6816],[3.046,44.6842],[3.0382,44.6808],[3.0325,44.6734],[3.0054,44.6611],[2.9964,44.6627],[2.9849,44.6504],[2.9818,44.652],[2.9879,44.6622],[2.9986,44.6744],[3.0051,44.6911],[3.016,44.7137],[3.0251,44.7161],[3.0536,44.7132],[3.061,44.7151],[3.0696,44.7214],[3.0729,44.7116],[3.083,44.7136]]]}},{"type":"Feature","properties":{"code":"48161","nom":"Saint-Juéry","app":8.48,"app_bas":6.64,"app_haut":10.84,"app_ech":"maille","app_obs":7,"mai":7,"mai_bas":5.54,"mai_haut":8.85,"mai_ech":"maille","mai_obs":0},"geometry":{"type":"Polygon","coordinates":[[[3.0825,44.8226],[3.077,44.8243],[3.0715,44.8341],[3.0742,44.8369],[3.0853,44.8331],[3.0938,44.8331],[3.0956,44.8276],[3.0825,44.8226]]]}},{"type":"Feature","properties":{"code":"48071","nom":"Grandvals","app":8.48,"app_bas":6.64,"app_haut":10.84,"app_ech":"maille","app_obs":0,"mai":7,"mai_bas":5.54,"mai_haut":8.85,"mai_ech":"maille","mai_obs":0},"geometry":{"type":"Polygon","coordinates":[[[3.0287,44.7332],[3.0311,44.7494],[3.0422,44.7594],[3.0461,44.7576],[3.0628,44.7361],[3.0724,44.7338],[3.0811,44.7269],[3.083,44.7136],[3.0729,44.7116],[3.0696,44.7214],[3.061,44.7151],[3.0536,44.7132],[3.0391,44.715],[3.0354,44.7272],[3.0287,44.7332]]]}},{"type":"Feature","properties":{"code":"48140","nom":"Saint-Chély-d'Apcher","app":9.89,"app_bas":7.81,"app_haut":12.52,"app_ech":"commune","app_obs":865,"mai":9.06,"mai_bas":6.92,"mai_haut":11.87,"mai_ech":"commune","mai_obs":117},"geometry":{"type":"Polygon","coordinates":[[[3.2572,44.8446],[3.2598,44.8467],[3.2629,44.8417],[3.2725,44.8437],[3.2806,44.84],[3.2892,44.8414],[3.2918,44.8339],[3.2841,44.8307],[3.2937,44.8237],[3.2953,44.8178],[3.304,44.8174],[3.311,44.8146],[3.3163,44.8075],[3.3282,44.8028],[3.3283,44.7962],[3.3095,44.7884],[3.3004,44.7998],[3.2867,44.7997],[3.288,44.7934],[3.2946,44.7907],[3.2873,44.7844],[3.2762,44.784],[3.2701,44.7863],[3.2633,44.796],[3.2466,44.7972],[3.2281,44.8116],[3.24,44.8229],[3.2457,44.8345],[3.2529,44.8379],[3.2572,44.8446]]]}},{"type":"Feature","properties":{"code":"48005","nom":"Antrenas","app":8.48,"app_bas":6.64,"app_haut":10.84,"app_ech":"maille","app_obs":11,"mai":7.21,"mai_bas":5.39,"mai_haut":9.65,"mai_ech":"maille","mai_obs":5},"geometry":{"type":"Polygon","coordinates":[[[3.2633,44.6074],[3.2682,44.6073],[3.2782,44.6009],[3.2807,44.573],[3.266,44.5653],[3.2573,44.5643],[3.252,44.5727],[3.2397,44.5671],[3.2321,44.5707],[3.2278,44.5778],[3.2304,44.5971],[3.2269,44.6026],[3.2339,44.6016],[3.2389,44.6058],[3.2365,44.6122],[3.2545,44.6112],[3.2633,44.6074]]]}},{"type":"Feature","properties":{"code":"48198","nom":"Villefort","app":9,"app_bas":7.21,"app_haut":11.23,"app_ech":"maille","app_obs":84,"mai":6.53,"mai_bas":4.9,"mai_haut":8.71,"mai_ech":"maille","mai_obs":11},"geometry":{"type":"Polygon","coordinates":[[[3.9237,44.4259],[3.9234,44.4329],[3.9089,44.4388],[3.9129,44.459],[3.9355,44.4599],[3.9432,44.4548],[3.9432,44.4512],[3.9506,44.4339],[3.9237,44.4259]]]}},{"type":"Feature","properties":{"code":"48053","nom":"Cubières","app":9.53,"app_bas":7.42,"app_haut":12.25,"app_ech":"maille","app_obs":1,"mai":6.53,"mai_bas":4.9,"mai_haut":8.71,"mai_ech":"maille","mai_obs":1},"geometry":{"type":"Polygon","coordinates":[[[3.7764,44.5253],[3.787,44.5142],[3.8083,44.5045],[3.8116,44.4972],[3.8242,44.495],[3.8378,44.4828],[3.8409,44.4724],[3.8382,44.4636],[3.8311,44.4531],[3.813,44.4385],[3.8082,44.4183],[3.803,44.4195],[3.8028,44.4518],[3.7945,44.4686],[3.7825,44.4722],[3.7728,44.4599],[3.771,44.4497],[3.7742,44.4266],[3.7681,44.4243],[3.752,44.4365],[3.7475,44.4479],[3.7484,44.4617],[3.7399,44.4754],[3.7558,44.4851],[3.7542,44.4906],[3.7434,44.4922],[3.747,44.5067],[3.7515,44.5139],[3.7671,44.5174],[3.7764,44.5253]]]}},{"type":"Feature","properties":{"code":"48054","nom":"Cubiérettes","app":9.53,"app_bas":7.42,"app_haut":12.25,"app_ech":"maille","app_obs":0,"mai":6.53,"mai_bas":4.9,"mai_haut":8.71,"mai_ech":"maille","mai_obs":2},"geometry":{"type":"Polygon","coordinates":[[[3.803,44.4195],[3.7863,44.42],[3.7742,44.4266],[3.771,44.4497],[3.7728,44.4599],[3.7825,44.4722],[3.7945,44.4686],[3.8028,44.4518],[3.803,44.4195]]]}},{"type":"Feature","properties":{"code":"48079","nom":"Lajo","app":8.31,"app_bas":6.56,"app_haut":10.52,"app_ech":"maille","app_obs":0,"mai":7.79,"mai_bas":5.94,"mai_haut":10.2,"mai_ech":"maille","mai_obs":0},"geometry":{"type":"Polygon","coordinates":[[[3.4782,44.8097],[3.4589,44.7981],[3.4448,44.8137],[3.436,44.8121],[3.4189,44.8223],[3.4171,44.8275],[3.3991,44.841],[3.3947,44.842],[3.3996,44.8491],[3.4255,44.8483],[3.4418,44.8542],[3.4542,44.8446],[3.4571,44.8338],[3.4758,44.8154],[3.4782,44.8097]]]}},{"type":"Feature","properties":{"code":"48177","nom":"Saint-Pierre-le-Vieux","app":8.31,"app_bas":6.56,"app_haut":10.52,"app_ech":"maille","app_obs":0,"mai":7.79,"mai_bas":5.94,"mai_haut":10.2,"mai_ech":"maille","mai_obs":4},"geometry":{"type":"Polygon","coordinates":[[[3.3328,44.8465],[3.3258,44.8357],[3.304,44.8174],[3.2953,44.8178],[3.2937,44.8237],[3.2841,44.8307],[3.2918,44.8339],[3.2892,44.8414],[3.2901,44.8524],[3.2833,44.8592],[3.2884,44.8709],[3.2988,44.8711],[3.311,44.8655],[3.315,44.8663],[3.3232,44.8612],[3.3256,44.8509],[3.3328,44.8465]]]}},{"type":"Feature","properties":{"code":"48197","nom":"Villedieu","app":null,"app_bas":null,"app_haut":null,"app_ech":null,"app_obs":0,"mai":null,"mai_bas":null,"mai_haut":null,"mai_ech":null,"mai_obs":0},"geometry":{"type":"Polygon","coordinates":[[[3.5636,44.6991],[3.5338,44.6862],[3.519,44.6992],[3.5024,44.6983],[3.5005,44.706],[3.5042,44.7169],[3.52,44.7355],[3.5251,44.7397],[3.5314,44.7523],[3.5458,44.7424],[3.5576,44.744],[3.5659,44.7264],[3.5639,44.7177],[3.5588,44.7114],[3.5616,44.7013],[3.5636,44.6991]]]}},{"type":"Feature","properties":{"code":"48030","nom":"Brenoux","app":8.81,"app_bas":6.96,"app_haut":11.17,"app_ech":"maille","app_obs":4,"mai":6.81,"mai_bas":5.1,"mai_haut":9.09,"mai_ech":"maille","mai_obs":13},"geometry":{"type":"Polygon","coordinates":[[[3.5363,44.4664],[3.5325,44.4736],[3.5189,44.4754],[3.5077,44.5009],[3.5082,44.503],[3.5212,44.507],[3.5376,44.5027],[3.5491,44.4978],[3.5502,44.4892],[3.5587,44.4752],[3.5433,44.467],[3.5363,44.4664]]]}},{"type":"Feature","properties":{"code":"48165","nom":"Saint-Laurent-de-Muret","app":7.25,"app_bas":5.16,"app_haut":10.2,"app_ech":"maille","app_obs":1,"mai":7.79,"mai_bas":5.94,"mai_haut":10.2,"mai_ech":"maille","mai_obs":10},"geometry":{"type":"Polygon","coordinates":[[[3.1716,44.5648],[3.1596,44.5683],[3.1629,44.575],[3.153,44.5744],[3.1393,44.5811],[3.1231,44.5989],[3.1202,44.6123],[3.1246,44.6215],[3.1387,44.6275],[3.1351,44.6338],[3.1413,44.635],[3.1665,44.6297],[3.1778,44.623],[3.1935,44.6162],[3.2238,44.6166],[3.2267,44.6134],[3.2269,44.6026],[3.2304,44.5971],[3.2278,44.5778],[3.2211,44.5721],[3.1924,44.5678],[3.1852,44.5687],[3.1716,44.5648]]]}},{"type":"Feature","properties":{"code":"48008","nom":"Arzenc-de-Randon","app":9.22,"app_bas":7.11,"app_haut":11.97,"app_ech":"maille","app_obs":0,"mai":6.81,"mai_bas":5.1,"mai_haut":9.09,"mai_ech":"maille","mai_obs":2},"geometry":{"type":"Polygon","coordinates":[[[3.571,44.6252],[3.5649,44.6271],[3.5624,44.6402],[3.5415,44.6535],[3.5487,44.6609],[3.5493,44.6708],[3.5636,44.6991],[3.5635,44.6957],[3.5747,44.6876],[3.5777,44.6813],[3.5847,44.6774],[3.596,44.6857],[3.61,44.6804],[3.6217,44.6786],[3.6376,44.6818],[3.6404,44.689],[3.6403,44.7032],[3.6512,44.7089],[3.6571,44.7045],[3.6656,44.6928],[3.6586,44.6786],[3.6624,44.6739],[3.6698,44.6507],[3.6688,44.6438],[3.6742,44.6317],[3.6708,44.6174],[3.6636,44.6134],[3.6148,44.6111],[3.6112,44.6186],[3.5958,44.624],[3.571,44.6252]]]}},{"type":"Feature","properties":{"code":"48105","nom":"Naussac-Fontanes","app":9.22,"app_bas":7.11,"app_haut":11.97,"app_ech":"maille","app_obs":7,"mai":6.48,"mai_bas":4.79,"mai_haut":8.78,"mai_ech":"maille","mai_obs":3},"geometry":{"type":"Polygon","coordinates":[[[3.8194,44.7726],[3.8301,44.7757],[3.8419,44.7721],[3.8429,44.7677],[3.8299,44.7546],[3.825,44.7478],[3.8108,44.7511],[3.8074,44.7476],[3.7908,44.7452],[3.7865,44.7373],[3.78,44.742],[3.7767,44.7471],[3.7684,44.7434],[3.7667,44.7495],[3.7542,44.7601],[3.7678,44.7669],[3.761,44.7858],[3.7556,44.7889],[3.7641,44.8004],[3.7795,44.7973],[3.7985,44.7861],[3.8032,44.7816],[3.8033,44.7704],[3.8121,44.766],[3.8194,44.7726]]]}},{"type":"Feature","properties":{"code":"48171","nom":"Saint-Martin-de-Lansuscle","app":9.53,"app_bas":7.42,"app_haut":12.25,"app_ech":"maille","app_obs":4,"mai":6.95,"mai_bas":5.04,"mai_haut":9.58,"mai_ech":"maille","mai_obs":3},"geometry":{"type":"Polygon","coordinates":[[[3.7283,44.2229],[3.7173,44.2377],[3.7205,44.2425],[3.732,44.2465],[3.7515,44.2458],[3.7618,44.2401],[3.7663,44.2435],[3.7729,44.2359],[3.771,44.2271],[3.7724,44.2192],[3.7797,44.2113],[3.7783,44.2033],[3.7727,44.1987],[3.7664,44.2016],[3.7589,44.198],[3.7538,44.1918],[3.7469,44.1916],[3.7441,44.2085],[3.7312,44.2151],[3.7283,44.2229]]]}},{"type":"Feature","properties":{"code":"48131","nom":"Rozier","app":9.39,"app_bas":7.28,"app_haut":12.11,"app_ech":"maille","app_obs":2,"mai":6.46,"mai_bas":4.7,"mai_haut":8.86,"mai_ech":"maille","mai_obs":4},"geometry":{"type":"Polygon","coordinates":[[[3.2263,44.1906],[3.2066,44.1899],[3.2043,44.1935],[3.2142,44.1989],[3.2192,44.2045],[3.2312,44.1957],[3.2263,44.1906]]]}},{"type":"Feature","properties":{"code":"48164","nom":"Saint-Julien-du-Tournel","app":null,"app_bas":null,"app_haut":null,"app_ech":null,"app_obs":0,"mai":null,"mai_bas":null,"mai_haut":null,"mai_ech":null,"mai_obs":0},"geometry":{"type":"Polygon","coordinates":[[[3.6639,44.5245],[3.6655,44.5345],[3.6742,44.5368],[3.676,44.5266],[3.6876,44.5187],[3.698,44.5182],[3.7025,44.5246],[3.712,44.5281],[3.7302,44.5477],[3.7382,44.5392],[3.7291,44.5313],[3.7305,44.526],[3.7267,44.5074],[3.7151,44.4959],[3.7045,44.4976],[3.6935,44.487],[3.6855,44.4876],[3.6857,44.4805],[3.6937,44.4765],[3.6919,44.4681],[3.6837,44.4646],[3.6725,44.4669],[3.6566,44.4467],[3.6321,44.4553],[3.6335,44.4738],[3.6276,44.4824],[3.6314,44.4862],[3.6506,44.4941],[3.6598,44.4921],[3.6576,44.4998],[3.6696,44.5044],[3.6728,44.5135],[3.6639,44.5245]]]}},{"type":"Feature","properties":{"code":"48001","nom":"Albaret-le-Comtal","app":7.25,"app_bas":5.16,"app_haut":10.2,"app_ech":"maille","app_obs":3,"mai":7,"mai_bas":5.54,"mai_haut":8.85,"mai_ech":"maille","mai_obs":6},"geometry":{"type":"Polygon","coordinates":[[[3.1816,44.8647],[3.178,44.8599],[3.1845,44.8567],[3.1867,44.8496],[3.1737,44.8462],[3.169,44.8413],[3.1718,44.8359],[3.1651,44.8255],[3.1565,44.8272],[3.1539,44.8422],[3.1461,44.8443],[3.1336,44.851],[3.1292,44.8491],[3.1184,44.8543],[3.1172,44.8587],[3.1073,44.8625],[3.105,44.8663],[3.1068,44.8797],[3.1031,44.8846],[3.1229,44.8927],[3.1284,44.9036],[3.1411,44.9033],[3.1532,44.893],[3.169,44.8741],[3.1816,44.8647]]]}},{"type":"Feature","properties":{"code":"48076","nom":"Javols","app":null,"app_bas":null,"app_haut":null,"app_ech":null,"app_obs":0,"mai":null,"mai_bas":null,"mai_haut":null,"mai_ech":null,"mai_obs":0},"geometry":{"type":"Polygon","coordinates":[[[3.3478,44.7278],[3.3518,44.7233],[3.3543,44.7136],[3.3707,44.7068],[3.3724,44.7028],[3.3671,44.6929],[3.3659,44.6818],[3.3708,44.6754],[3.3596,44.6802],[3.3503,44.6722],[3.3535,44.664],[3.3348,44.6568],[3.3199,44.6565],[3.3166,44.6716],[3.3098,44.6745],[3.2939,44.6962],[3.2927,44.7056],[3.2996,44.7071],[3.3109,44.7195],[3.3252,44.7166],[3.3282,44.7242],[3.3478,44.7278]]]}},{"type":"Feature","properties":{"code":"48153","nom":"Saint-Gal","app":8.31,"app_bas":6.56,"app_haut":10.52,"app_ech":"maille","app_obs":1,"mai":7.21,"mai_bas":5.39,"mai_haut":9.65,"mai_ech":"maille","mai_obs":2},"geometry":{"type":"Polygon","coordinates":[[[3.4048,44.6832],[3.4151,44.6726],[3.4241,44.6794],[3.4379,44.6809],[3.4428,44.6768],[3.4425,44.6662],[3.4301,44.6562],[3.4131,44.6492],[3.4067,44.6608],[3.3947,44.6595],[3.3874,44.6682],[3.3923,44.6701],[3.3981,44.6814],[3.4048,44.6832]]]}},{"type":"Feature","properties":{"code":"48121","nom":"Prunières","app":8.31,"app_bas":6.56,"app_haut":10.52,"app_ech":"maille","app_obs":23,"mai":7.79,"mai_bas":5.94,"mai_haut":10.2,"mai_ech":"maille","mai_obs":8},"geometry":{"type":"Polygon","coordinates":[[[3.3377,44.8435],[3.3484,44.8358],[3.3483,44.8275],[3.3523,44.8226],[3.354,44.7985],[3.3335,44.792],[3.3283,44.7962],[3.3282,44.8028],[3.3163,44.8075],[3.311,44.8146],[3.304,44.8174],[3.3258,44.8357],[3.3328,44.8465],[3.3377,44.8435]]]}},{"type":"Feature","properties":{"code":"48085","nom":"Laval-du-Tarn","app":8.81,"app_bas":6.96,"app_haut":11.17,"app_ech":"maille","app_obs":0,"mai":7.21,"mai_bas":5.39,"mai_haut":9.65,"mai_ech":"maille","mai_obs":0},"geometry":{"type":"Polygon","coordinates":[[[3.3957,44.4161],[3.3851,44.4039],[3.3763,44.4079],[3.3708,44.4065],[3.3646,44.3941],[3.3495,44.3906],[3.3562,44.3753],[3.3632,44.3748],[3.3758,44.3778],[3.3779,44.3674],[3.3628,44.363],[3.3672,44.3563],[3.3623,44.3483],[3.3658,44.3408],[3.3555,44.3314],[3.3495,44.3339],[3.3392,44.3275],[3.3116,44.334],[3.307,44.3409],[3.3071,44.3517],[3.3117,44.3623],[3.3289,44.3706],[3.3265,44.38],[3.3281,44.3897],[3.3223,44.4098],[3.3301,44.4172],[3.3554,44.4109],[3.3606,44.414],[3.3663,44.4249],[3.3825,44.4232],[3.3957,44.4161]]]}},{"type":"Feature","properties":{"code":"48018","nom":"Barjac","app":8.81,"app_bas":6.96,"app_haut":11.17,"app_ech":"maille","app_obs":47,"mai":7.79,"mai_bas":5.94,"mai_haut":10.2,"mai_ech":"maille","mai_obs":63},"geometry":{"type":"Polygon","coordinates":[[[3.3964,44.4799],[3.3865,44.4868],[3.3953,44.4942],[3.3818,44.5018],[3.3681,44.502],[3.378,44.5158],[3.3946,44.5266],[3.388,44.5364],[3.3957,44.548],[3.4161,44.5665],[3.4282,44.5753],[3.4325,44.5558],[3.4294,44.5498],[3.4393,44.5388],[3.4336,44.5151],[3.4189,44.5031],[3.42,44.4944],[3.4119,44.4853],[3.4175,44.4719],[3.4151,44.4706],[3.4009,44.4756],[3.3964,44.4799]]]}},{"type":"Feature","properties":{"code":"48104","nom":"Nasbinals","app":8.48,"app_bas":6.64,"app_haut":10.84,"app_ech":"maille","app_obs":8,"mai":7,"mai_bas":5.54,"mai_haut":8.85,"mai_ech":"maille","mai_obs":8},"geometry":{"type":"Polygon","coordinates":[[[3.0307,44.6007],[3.0214,44.6089],[3.0123,44.6219],[2.9817,44.6447],[2.9849,44.6504],[2.9964,44.6627],[3.0054,44.6611],[3.0325,44.6734],[3.0382,44.6808],[3.046,44.6842],[3.0728,44.6816],[3.0775,44.6837],[3.081,44.7031],[3.0894,44.7103],[3.0916,44.7099],[3.1036,44.6992],[3.1112,44.688],[3.0905,44.6829],[3.0819,44.6833],[3.0845,44.675],[3.0906,44.6658],[3.0914,44.6592],[3.0897,44.6412],[3.0862,44.6303],[3.0743,44.6288],[3.0679,44.6209],[3.07,44.6131],[3.0784,44.605],[3.0731,44.5985],[3.0701,44.5885],[3.0596,44.5816],[3.0501,44.5905],[3.0371,44.5955],[3.0307,44.6007]]]}},{"type":"Feature","properties":{"code":"48142","nom":"Sainte-Colombe-de-Peyre","app":null,"app_bas":null,"app_haut":null,"app_ech":null,"app_obs":0,"mai":null,"mai_bas":null,"mai_haut":null,"mai_ech":null,"mai_obs":0},"geometry":{"type":"Polygon","coordinates":[[[3.2112,44.6577],[3.2059,44.6709],[3.2066,44.6831],[3.2013,44.6957],[3.2036,44.7057],[3.214,44.7051],[3.2328,44.6992],[3.2464,44.6981],[3.2564,44.694],[3.2592,44.6899],[3.2601,44.6735],[3.2626,44.6712],[3.2503,44.6583],[3.249,44.6492],[3.2432,44.6499],[3.2301,44.6436],[3.2235,44.6546],[3.2112,44.6577]]]}},{"type":"Feature","properties":{"code":"48040","nom":"Chasseradès","app":null,"app_bas":null,"app_haut":null,"app_ech":null,"app_obs":0,"mai":null,"mai_bas":null,"mai_haut":null,"mai_ech":null,"mai_obs":0},"geometry":{"type":"Polygon","coordinates":[[[3.7735,44.5513],[3.7801,44.5564],[3.7793,44.5758],[3.7852,44.5858],[3.8047,44.5934],[3.8427,44.5986],[3.8501,44.5945],[3.8572,44.5949],[3.8646,44.5844],[3.8686,44.5743],[3.8703,44.5614],[3.8531,44.5551],[3.862,44.538],[3.8466,44.5325],[3.845,44.5246],[3.8527,44.522],[3.8618,44.5151],[3.8547,44.5066],[3.8358,44.5086],[3.8202,44.5042],[3.8083,44.5045],[3.787,44.5142],[3.7764,44.5253],[3.7692,44.5349],[3.7693,44.5451],[3.7735,44.5513]]]}},{"type":"Feature","properties":{"code":"48092","nom":"Marvejols","app":9.87,"app_bas":7.73,"app_haut":12.61,"app_ech":"commune","app_obs":752,"mai":7.21,"mai_bas":5.39,"mai_haut":9.65,"mai_ech":"maille","mai_obs":86},"geometry":{"type":"Polygon","coordinates":[[[3.2908,44.5258],[3.2797,44.5423],[3.2671,44.5493],[3.2573,44.5643],[3.266,44.5653],[3.2807,44.573],[3.28,44.5823],[3.286,44.583],[3.2938,44.5755],[3.3013,44.5762],[3.3025,44.566],[3.3113,44.566],[3.3186,44.5547],[3.3131,44.5513],[3.2984,44.5481],[3.292,44.5397],[3.2946,44.533],[3.2908,44.5258]]]}},{"type":"Feature","properties":{"code":"48144","nom":"Sainte-Croix-Vallée-Française","app":8.7,"app_bas":7.16,"app_haut":10.59,"app_ech":"maille","app_obs":0,"mai":9.14,"mai_bas":7.28,"mai_haut":11.48,"mai_ech":"maille","mai_obs":0},"geometry":{"type":"Polygon","coordinates":[[[3.7283,44.2229],[3.7312,44.2151],[3.7441,44.2085],[3.7469,44.1916],[3.7538,44.1918],[3.7589,44.198],[3.7664,44.2016],[3.7727,44.1987],[3.7759,44.1899],[3.7646,44.1794],[3.7553,44.178],[3.7523,44.1697],[3.7617,44.1651],[3.7616,44.159],[3.7553,44.1514],[3.7524,44.1505],[3.735,44.157],[3.7256,44.1642],[3.7307,44.17],[3.737,44.1832],[3.7179,44.1836],[3.7186,44.1911],[3.7152,44.2056],[3.7177,44.2179],[3.7283,44.2229]]]}},{"type":"Feature","properties":{"code":"48166","nom":"Cans et Cévennes","app":9.53,"app_bas":7.42,"app_haut":12.25,"app_ech":"maille","app_obs":2,"mai":6.53,"mai_bas":4.9,"mai_haut":8.71,"mai_ech":"maille","mai_obs":16},"geometry":{"type":"Polygon","coordinates":[[[3.6261,44.247],[3.6056,44.2514],[3.5979,44.2583],[3.5764,44.269],[3.5602,44.2727],[3.5568,44.28],[3.5592,44.2887],[3.5672,44.2881],[3.5832,44.2922],[3.5979,44.2888],[3.6084,44.2883],[3.628,44.2801],[3.6301,44.2855],[3.6262,44.2926],[3.6322,44.3009],[3.6299,44.308],[3.6348,44.3129],[3.6418,44.3079],[3.6607,44.3072],[3.6682,44.3138],[3.687,44.3151],[3.7081,44.3201],[3.7192,44.3171],[3.7351,44.3163],[3.712,44.2938],[3.7022,44.288],[3.684,44.2875],[3.6722,44.2779],[3.6647,44.2764],[3.6575,44.28],[3.6613,44.2848],[3.655,44.2886],[3.6503,44.2759],[3.6379,44.2713],[3.6304,44.263],[3.6261,44.247]]]}},{"type":"Feature","properties":{"code":"48069","nom":"Gatuzières","app":8.22,"app_bas":6.32,"app_haut":10.68,"app_ech":"maille","app_obs":2,"mai":7.21,"mai_bas":5.39,"mai_haut":9.65,"mai_ech":"maille","mai_obs":2},"geometry":{"type":"Polygon","coordinates":[[[3.5692,44.1327],[3.5539,44.1402],[3.5379,44.1541],[3.5323,44.1614],[3.5243,44.167],[3.5064,44.1698],[3.4841,44.1825],[3.472,44.1845],[3.4634,44.1926],[3.4651,44.1996],[3.4562,44.2182],[3.4566,44.2256],[3.4469,44.2274],[3.4538,44.2337],[3.4761,44.2427],[3.4893,44.2335],[3.4935,44.225],[3.4934,44.2176],[3.4994,44.2159],[3.503,44.1999],[3.4975,44.1943],[3.5005,44.1908],[3.5232,44.1858],[3.5342,44.1803],[3.5498,44.1645],[3.5523,44.1586],[3.5674,44.1388],[3.5692,44.1327]]]}},{"type":"Feature","properties":{"code":"48074","nom":"Hures-la-Parade","app":8.22,"app_bas":6.32,"app_haut":10.68,"app_ech":"maille","app_obs":0,"mai":6.46,"mai_bas":4.7,"mai_haut":8.86,"mai_ech":"maille","mai_obs":8},"geometry":{"type":"Polygon","coordinates":[[[3.4761,44.2427],[3.4538,44.2337],[3.4469,44.2274],[3.4566,44.2256],[3.4562,44.2182],[3.4285,44.2234],[3.3948,44.2348],[3.3898,44.2284],[3.3773,44.2301],[3.3627,44.2228],[3.3604,44.2015],[3.3469,44.2008],[3.3392,44.2028],[3.3123,44.2031],[3.295,44.2069],[3.2916,44.2059],[3.293,44.2194],[3.2975,44.2239],[3.3099,44.2235],[3.3151,44.233],[3.331,44.2351],[3.3287,44.2416],[3.3153,44.2471],[3.3106,44.2519],[3.2908,44.2587],[3.2887,44.2654],[3.3035,44.2651],[3.3081,44.2694],[3.3247,44.2714],[3.3325,44.2645],[3.3432,44.2635],[3.3445,44.2743],[3.3706,44.2732],[3.3743,44.2791],[3.3853,44.2863],[3.3937,44.2862],[3.3993,44.2811],[3.4083,44.2808],[3.4137,44.2852],[3.4308,44.2827],[3.4441,44.2716],[3.4502,44.2736],[3.4539,44.2802],[3.4555,44.2927],[3.4693,44.2894],[3.4797,44.2638],[3.4837,44.2564],[3.4761,44.2427]]]}}]}