{"type":"FeatureCollection","features":[{"type":"Feature","properties":{"code":"57188","nom":"Éguelshardt","app":9.56,"app_bas":7.54,"app_haut":12.12,"app_ech":"maille","app_obs":4,"mai":9.18,"mai_bas":7.02,"mai_haut":12.01,"mai_ech":"maille","mai_obs":5,"a12":11.13,"a3":9},"geometry":{"type":"Polygon","coordinates":[[[7.552,49.0393],[7.5706,49.0278],[7.5587,49.022],[7.5229,49.0107],[7.5018,48.9997],[7.4881,49.0122],[7.4898,49.0212],[7.479,49.0255],[7.4881,49.0338],[7.5095,49.0405],[7.5277,49.0375],[7.552,49.0393]]]}},{"type":"Feature","properties":{"code":"57204","nom":"Failly","app":15.66,"app_bas":12.19,"app_haut":20.11,"app_ech":"maille","app_obs":14,"mai":12.23,"mai_bas":8.79,"mai_haut":17.02,"mai_ech":"maille","mai_obs":5,"a12":13.87,"a3":11.84},"geometry":{"type":"Polygon","coordinates":[[[6.2584,49.1461],[6.2567,49.1463],[6.2503,49.1524],[6.2521,49.1569],[6.2479,49.1641],[6.2491,49.1673],[6.2715,49.1728],[6.2961,49.175],[6.3024,49.1677],[6.2981,49.1631],[6.285,49.1578],[6.2765,49.1575],[6.257,49.1515],[6.2584,49.1461]]]}},{"type":"Feature","properties":{"code":"57382","nom":"Langatte","app":9.4,"app_bas":7.15,"app_haut":12.35,"app_ech":"maille","app_obs":14,"mai":6.94,"mai_bas":5.37,"mai_haut":8.96,"mai_ech":"epci","mai_obs":18,"a12":11.47,"a3":7.14},"geometry":{"type":"Polygon","coordinates":[[[6.9343,48.7844],[6.9441,48.7792],[6.9683,48.7751],[6.982,48.7703],[6.9851,48.7667],[6.9892,48.7496],[6.9877,48.7411],[6.9737,48.7427],[6.9603,48.7514],[6.9345,48.7517],[6.9294,48.7745],[6.9343,48.7844]]]}},{"type":"Feature","properties":{"code":"57666","nom":"Terville","app":15.96,"app_bas":12.25,"app_haut":20.79,"app_ech":"commune","app_obs":684,"mai":11.91,"mai_bas":9.07,"mai_haut":15.66,"mai_ech":"maille","mai_obs":69,"a12":17.34,"a3":13.59},"geometry":{"type":"Polygon","coordinates":[[[6.1161,49.3457],[6.1163,49.3534],[6.1273,49.358],[6.1388,49.3521],[6.1452,49.3523],[6.1517,49.3468],[6.1429,49.3423],[6.1418,49.3366],[6.1347,49.3331],[6.1311,49.3383],[6.1161,49.3457]]]}},{"type":"Feature","properties":{"code":"57241","nom":"Fribourg","app":8.77,"app_bas":7.03,"app_haut":10.95,"app_ech":"maille","app_obs":4,"mai":6.94,"mai_bas":5.37,"mai_haut":8.96,"mai_ech":"epci","mai_obs":1,"a12":9.73,"a3":7.13},"geometry":{"type":"Polygon","coordinates":[[[6.936,48.7865],[6.9294,48.7745],[6.9078,48.7767],[6.8914,48.7721],[6.8781,48.7651],[6.8755,48.7555],[6.8562,48.7522],[6.8481,48.749],[6.8438,48.7404],[6.8364,48.741],[6.8296,48.7449],[6.8307,48.7551],[6.8348,48.7679],[6.8425,48.7702],[6.859,48.786],[6.8709,48.7878],[6.8804,48.7838],[6.9119,48.7866],[6.9223,48.7902],[6.936,48.7865]]]}},{"type":"Feature","properties":{"code":"57286","nom":"Halstroff","app":11.8,"app_bas":9.22,"app_haut":15.1,"app_ech":"maille","app_obs":28,"mai":9.64,"mai_bas":7,"mai_haut":13.28,"mai_ech":"maille","mai_obs":1,"a12":13.55,"a3":9.26},"geometry":{"type":"Polygon","coordinates":[[[6.4595,49.3728],[6.4607,49.3887],[6.4561,49.391],[6.4589,49.4056],[6.4767,49.4064],[6.5067,49.3925],[6.4939,49.3796],[6.492,49.3707],[6.4655,49.3662],[6.4595,49.3728]]]}},{"type":"Feature","properties":{"code":"57300","nom":"Haselbourg","app":10.52,"app_bas":8.14,"app_haut":13.61,"app_ech":"maille","app_obs":8,"mai":9.39,"mai_bas":7.47,"mai_haut":11.81,"mai_ech":"maille","mai_obs":1,"a12":12.98,"a3":8.32},"geometry":{"type":"Polygon","coordinates":[[[7.2027,48.6937],[7.2146,48.7057],[7.2233,48.698],[7.2423,48.6921],[7.2535,48.6774],[7.2551,48.6725],[7.243,48.6794],[7.2228,48.6839],[7.2028,48.6797],[7.1968,48.6829],[7.1983,48.6895],[7.2027,48.6937]]]}},{"type":"Feature","properties":{"code":"57004","nom":"Achain","app":9.03,"app_bas":6.99,"app_haut":11.68,"app_ech":"maille","app_obs":11,"mai":7.65,"mai_bas":6.08,"mai_haut":9.62,"mai_ech":"maille","mai_obs":0,"a12":10.16,"a3":7.08},"geometry":{"type":"Polygon","coordinates":[[[6.5856,48.9301],[6.5956,48.9322],[6.6017,48.9235],[6.6077,48.9079],[6.5916,48.9018],[6.5711,48.9118],[6.5832,48.9237],[6.5856,48.9301]]]}},{"type":"Feature","properties":{"code":"57121","nom":"Burtoncourt","app":10.39,"app_bas":8.34,"app_haut":12.95,"app_ech":"maille","app_obs":6,"mai":9.64,"mai_bas":7,"mai_haut":13.28,"mai_ech":"maille","mai_obs":1,"a12":13.55,"a3":10.72},"geometry":{"type":"Polygon","coordinates":[[[6.3994,49.2317],[6.4046,49.2304],[6.4196,49.2339],[6.4257,49.229],[6.4275,49.2192],[6.4144,49.2143],[6.4092,49.2139],[6.3944,49.2169],[6.383,49.2217],[6.3936,49.2314],[6.3994,49.2317]]]}},{"type":"Feature","properties":{"code":"57172","nom":"Denting","app":9.37,"app_bas":7.52,"app_haut":11.68,"app_ech":"maille","app_obs":8,"mai":8.76,"mai_bas":6.59,"mai_haut":11.65,"mai_ech":"maille","mai_obs":3,"a12":11.05,"a3":7.78},"geometry":{"type":"Polygon","coordinates":[[[6.5515,49.2052],[6.555,49.2039],[6.553,49.1902],[6.5643,49.1806],[6.5586,49.1705],[6.559,49.1609],[6.5503,49.1561],[6.5474,49.1667],[6.5402,49.1715],[6.5277,49.1721],[6.5258,49.1826],[6.5164,49.1983],[6.531,49.1998],[6.5515,49.2052]]]}},{"type":"Feature","properties":{"code":"57703","nom":"Veckersviller","app":8.93,"app_bas":7.07,"app_haut":11.27,"app_ech":"maille","app_obs":3,"mai":8.04,"mai_bas":6.14,"mai_haut":10.54,"mai_ech":"maille","mai_obs":5,"a12":11.47,"a3":8.92},"geometry":{"type":"Polygon","coordinates":[[[7.1854,48.8503],[7.1959,48.8404],[7.1878,48.8339],[7.2034,48.827],[7.1946,48.8161],[7.1877,48.8044],[7.1845,48.8026],[7.1799,48.8105],[7.1869,48.819],[7.1813,48.8291],[7.1802,48.8363],[7.1735,48.842],[7.173,48.8465],[7.1854,48.8503]]]}},{"type":"Feature","properties":{"code":"57234","nom":"Frauenberg","app":9.89,"app_bas":8.21,"app_haut":11.93,"app_ech":"maille","app_obs":23,"mai":9.34,"mai_bas":7.04,"mai_haut":12.41,"mai_ech":"maille","mai_obs":5,"a12":10.7,"a3":9.31},"geometry":{"type":"Polygon","coordinates":[[[7.1042,49.1387],[7.1264,49.1417],[7.1317,49.1322],[7.1302,49.1281],[7.0973,49.1316],[7.1042,49.1387]]]}},{"type":"Feature","properties":{"code":"57539","nom":"Pévange","app":9.03,"app_bas":6.99,"app_haut":11.68,"app_ech":"maille","app_obs":0,"mai":7.65,"mai_bas":6.08,"mai_haut":9.62,"mai_ech":"maille","mai_obs":0,"a12":10.16,"a3":7.08},"geometry":{"type":"Polygon","coordinates":[[[6.6077,48.9079],[6.6053,48.9124],[6.6158,48.9121],[6.6273,48.9149],[6.6347,48.9106],[6.6364,48.9055],[6.6279,48.9055],[6.6189,48.9001],[6.6077,48.9079]]]}},{"type":"Feature","properties":{"code":"57542","nom":"Piblange","app":10.39,"app_bas":8.34,"app_haut":12.95,"app_ech":"maille","app_obs":12,"mai":9.64,"mai_bas":7,"mai_haut":13.28,"mai_ech":"maille","mai_obs":7,"a12":13.55,"a3":10.72},"geometry":{"type":"Polygon","coordinates":[[[6.3884,49.2535],[6.4161,49.2607],[6.4206,49.255],[6.439,49.2544],[6.4474,49.2505],[6.4474,49.2464],[6.4385,49.2393],[6.4346,49.2403],[6.4196,49.2339],[6.4046,49.2304],[6.3994,49.2317],[6.4045,49.2387],[6.3859,49.2385],[6.3756,49.2486],[6.3884,49.2535]]]}},{"type":"Feature","properties":{"code":"57031","nom":"Ars-Laquenexy","app":12.93,"app_bas":10.12,"app_haut":16.51,"app_ech":"maille","app_obs":31,"mai":11.96,"mai_bas":9.19,"mai_haut":15.57,"mai_ech":"maille","mai_obs":5,"a12":15.31,"a3":9.92},"geometry":{"type":"Polygon","coordinates":[[[6.2541,49.093],[6.2694,49.0978],[6.282,49.0995],[6.2962,49.0908],[6.2843,49.0878],[6.2773,49.079],[6.2897,49.0736],[6.286,49.0713],[6.2703,49.0785],[6.2593,49.0812],[6.2462,49.0781],[6.2392,49.0868],[6.2541,49.093]]]}},{"type":"Feature","properties":{"code":"57151","nom":"Conthil","app":10.5,"app_bas":8.52,"app_haut":12.95,"app_ech":"maille","app_obs":3,"mai":7.65,"mai_bas":6.08,"mai_haut":9.62,"mai_ech":"maille","mai_obs":0,"a12":10.49,"a3":7.08},"geometry":{"type":"Polygon","coordinates":[[[6.6785,48.8756],[6.6629,48.8703],[6.6568,48.8696],[6.6473,48.8791],[6.6448,48.891],[6.6472,48.9],[6.6677,48.9132],[6.6809,48.9116],[6.6791,48.9042],[6.69,48.9017],[6.6808,48.8972],[6.6715,48.889],[6.6785,48.8756]]]}},{"type":"Feature","properties":{"code":"57334","nom":"Hommert","app":9.1,"app_bas":7.38,"app_haut":11.21,"app_ech":"maille","app_obs":3,"mai":8.93,"mai_bas":6.95,"mai_haut":11.48,"mai_ech":"maille","mai_obs":3,"a12":12.98,"a3":8.32},"geometry":{"type":"Polygon","coordinates":[[[7.1765,48.6857],[7.193,48.6843],[7.1964,48.6772],[7.183,48.6701],[7.1691,48.6681],[7.1554,48.6796],[7.1633,48.6789],[7.1765,48.6857]]]}},{"type":"Feature","properties":{"code":"57676","nom":"Tragny","app":10.24,"app_bas":8.43,"app_haut":12.44,"app_ech":"maille","app_obs":0,"mai":10.95,"mai_bas":8.41,"mai_haut":14.25,"mai_ech":"maille","mai_obs":0,"a12":12.45,"a3":9.52},"geometry":{"type":"Polygon","coordinates":[[[6.3548,48.9434],[6.3589,48.9475],[6.3571,48.9613],[6.365,48.9666],[6.3873,48.9677],[6.4062,48.9619],[6.4025,48.9597],[6.3854,48.9575],[6.376,48.9486],[6.3732,48.9423],[6.3548,48.9434]]]}},{"type":"Feature","properties":{"code":"57124","nom":"Cattenom","app":14.19,"app_bas":10.26,"app_haut":19.62,"app_ech":"commune","app_obs":195,"mai":12.49,"mai_bas":8.98,"mai_haut":17.37,"mai_ech":"maille","mai_obs":49,"a12":16.8,"a3":12.87},"geometry":{"type":"Polygon","coordinates":[[[6.2246,49.4344],[6.2298,49.4374],[6.2438,49.4358],[6.2526,49.437],[6.2689,49.431],[6.2782,49.422],[6.2941,49.4233],[6.2816,49.4155],[6.2841,49.4079],[6.2747,49.4015],[6.2576,49.4002],[6.251,49.3944],[6.2332,49.3889],[6.2174,49.4004],[6.1901,49.408],[6.175,49.4155],[6.1787,49.4208],[6.189,49.4231],[6.2042,49.4324],[6.2103,49.4259],[6.2246,49.4344]]]}},{"type":"Feature","properties":{"code":"57249","nom":"Glatigny","app":15.66,"app_bas":12.19,"app_haut":20.11,"app_ech":"maille","app_obs":5,"mai":11.96,"mai_bas":9.19,"mai_haut":15.57,"mai_ech":"maille","mai_obs":7,"a12":13.87,"a3":9.92},"geometry":{"type":"Polygon","coordinates":[[[6.3557,49.1535],[6.3675,49.1517],[6.3706,49.1468],[6.368,49.1378],[6.3507,49.132],[6.332,49.1294],[6.3266,49.1498],[6.343,49.1488],[6.3557,49.1535]]]}},{"type":"Feature","properties":{"code":"57251","nom":"Goin","app":11.41,"app_bas":9.1,"app_haut":14.31,"app_ech":"maille","app_obs":11,"mai":10.95,"mai_bas":8.41,"mai_haut":14.25,"mai_ech":"maille","mai_obs":7,"a12":12.89,"a3":9.24},"geometry":{"type":"Polygon","coordinates":[[[6.1982,48.9855],[6.1964,48.997],[6.2027,48.9952],[6.2379,49.0033],[6.2434,49.0001],[6.2434,48.9932],[6.2504,48.9791],[6.2381,48.9764],[6.2169,48.9781],[6.2009,48.9718],[6.1982,48.9855]]]}},{"type":"Feature","properties":{"code":"57337","nom":"Hoste","app":8.02,"app_bas":6.45,"app_haut":9.98,"app_ech":"maille","app_obs":30,"mai":8.09,"mai_bas":6.27,"mai_haut":10.43,"mai_ech":"maille","mai_obs":8,"a12":10.49,"a3":7.69},"geometry":{"type":"Polygon","coordinates":[[[6.8298,49.0574],[6.869,49.0708],[6.8809,49.0727],[6.9083,49.0677],[6.8978,49.0625],[6.8847,49.0592],[6.8685,49.0487],[6.8564,49.046],[6.8414,49.0461],[6.8285,49.0429],[6.8298,49.0574]]]}},{"type":"Feature","properties":{"code":"57366","nom":"Kirviller","app":9.72,"app_bas":7.78,"app_haut":12.14,"app_ech":"maille","app_obs":10,"mai":9.4,"mai_bas":7.21,"mai_haut":12.25,"mai_ech":"epci","mai_obs":0,"a12":10.49,"a3":7.89},"geometry":{"type":"Polygon","coordinates":[[[6.9925,48.9605],[6.9868,48.9496],[6.9631,48.95],[6.9601,48.952],[6.9662,48.9559],[6.9743,48.9557],[6.974,48.9621],[6.9887,48.9682],[6.9961,48.9686],[6.9925,48.9605]]]}},{"type":"Feature","properties":{"code":"57445","nom":"Marieulles","app":11.76,"app_bas":9.42,"app_haut":14.67,"app_ech":"maille","app_obs":16,"mai":12.23,"mai_bas":8.79,"mai_haut":17.02,"mai_ech":"maille","mai_obs":9,"a12":12.89,"a3":10.52},"geometry":{"type":"Polygon","coordinates":[[[6.1431,49.0084],[6.1161,48.9958],[6.1084,48.9935],[6.0926,48.9935],[6.0792,49.0042],[6.0843,49.0138],[6.1031,49.015],[6.1119,49.0098],[6.1394,49.0196],[6.1431,49.0084]]]}},{"type":"Feature","properties":{"code":"57501","nom":"Neufvillage","app":8.02,"app_bas":6.45,"app_haut":9.98,"app_ech":"maille","app_obs":4,"mai":8.68,"mai_bas":6.64,"mai_haut":11.36,"mai_ech":"epci","mai_obs":1,"a12":10.49,"a3":7.39},"geometry":{"type":"Polygon","coordinates":[[[6.7823,48.9395],[6.7894,48.9412],[6.7781,48.9303],[6.7706,48.9297],[6.7823,48.9395]]]}},{"type":"Feature","properties":{"code":"57620","nom":"Sainte-Marie-aux-Chênes","app":12.06,"app_bas":9.72,"app_haut":14.97,"app_ech":"commune","app_obs":377,"mai":10.41,"mai_bas":7.83,"mai_haut":13.84,"mai_ech":"maille","mai_obs":70,"a12":13.51,"a3":10.8},"geometry":{"type":"Polygon","coordinates":[[[6.0183,49.2079],[6.0195,49.2008],[6.0259,49.1964],[6.021,49.1887],[6.0245,49.1813],[6.0386,49.1739],[6.0311,49.1675],[6.0166,49.172],[6.0022,49.185],[5.9852,49.1848],[5.9785,49.195],[5.9823,49.1955],[5.9876,49.2096],[6.0183,49.2079]]]}},{"type":"Feature","properties":{"code":"57643","nom":"Secourt","app":11.41,"app_bas":9.1,"app_haut":14.31,"app_ech":"maille","app_obs":1,"mai":10.95,"mai_bas":8.41,"mai_haut":14.25,"mai_ech":"maille","mai_obs":3,"a12":12.89,"a3":8.2},"geometry":{"type":"Polygon","coordinates":[[[6.2721,48.9625],[6.2731,48.9584],[6.2946,48.9575],[6.2979,48.9553],[6.2934,48.9459],[6.2712,48.9333],[6.2626,48.9335],[6.247,48.9563],[6.2612,48.958],[6.2721,48.9625]]]}},{"type":"Feature","properties":{"code":"57016","nom":"Alzing","app":10.39,"app_bas":8.34,"app_haut":12.95,"app_ech":"maille","app_obs":11,"mai":9.64,"mai_bas":7,"mai_haut":13.28,"mai_ech":"maille","mai_obs":8,"a12":13.55,"a3":8.48},"geometry":{"type":"Polygon","coordinates":[[[6.5413,49.2807],[6.5539,49.288],[6.5701,49.2877],[6.5708,49.2795],[6.5638,49.2711],[6.5507,49.2695],[6.5467,49.2628],[6.5392,49.2592],[6.5389,49.2788],[6.5413,49.2807]]]}},{"type":"Feature","properties":{"code":"57083","nom":"Bining","app":8.14,"app_bas":6.5,"app_haut":10.19,"app_ech":"maille","app_obs":48,"mai":7.28,"mai_bas":5.68,"mai_haut":9.33,"mai_ech":"maille","mai_obs":30,"a12":11.13,"a3":7.13},"geometry":{"type":"Polygon","coordinates":[[[7.2083,49.02],[7.2168,49.0319],[7.2172,49.0357],[7.2275,49.0416],[7.2323,49.0479],[7.2576,49.0415],[7.2757,49.0281],[7.2874,49.0168],[7.2916,49.0174],[7.2918,49.0127],[7.2892,49.0104],[7.2668,49.0072],[7.2419,49.0133],[7.2162,49.0148],[7.2083,49.02]]]}},{"type":"Feature","properties":{"code":"57533","nom":"Pange","app":12.15,"app_bas":9.85,"app_haut":14.98,"app_ech":"maille","app_obs":14,"mai":11.96,"mai_bas":9.19,"mai_haut":15.57,"mai_ech":"maille","mai_obs":13,"a12":13.87,"a3":9.52},"geometry":{"type":"Polygon","coordinates":[[[6.3472,49.0867],[6.3502,49.0894],[6.3523,49.1019],[6.3598,49.1034],[6.3791,49.0997],[6.386,49.0956],[6.3823,49.0886],[6.3729,49.0913],[6.3661,49.0871],[6.3632,49.0704],[6.3586,49.0616],[6.353,49.0632],[6.3332,49.0615],[6.3221,49.0694],[6.3437,49.0741],[6.3472,49.0767],[6.3472,49.0867]]]}},{"type":"Feature","properties":{"code":"57568","nom":"Rémelfing","app":9.55,"app_bas":7.93,"app_haut":11.52,"app_ech":"commune","app_obs":112,"mai":9.34,"mai_bas":7.04,"mai_haut":12.41,"mai_ech":"maille","mai_obs":6,"a12":10.7,"a3":8.28},"geometry":{"type":"Polygon","coordinates":[[[7.0967,49.0825],[7.0739,49.084],[7.0701,49.0865],[7.0763,49.0968],[7.0915,49.0943],[7.1011,49.0902],[7.0967,49.0825]]]}},{"type":"Feature","properties":{"code":"57132","nom":"Château-Salins","app":8.09,"app_bas":6.58,"app_haut":9.96,"app_ech":"commune","app_obs":480,"mai":8.36,"mai_bas":6.36,"mai_haut":11,"mai_ech":"epci","mai_obs":45,"a12":10.39,"a3":6.96},"geometry":{"type":"Polygon","coordinates":[[[6.4577,48.8165],[6.4567,48.8235],[6.4622,48.8302],[6.4728,48.8364],[6.4795,48.832],[6.5014,48.8286],[6.5154,48.8248],[6.5214,48.8299],[6.5266,48.8263],[6.523,48.8204],[6.5288,48.8085],[6.4971,48.8091],[6.4866,48.8082],[6.4706,48.8107],[6.4696,48.8146],[6.4577,48.8165]]]}},{"type":"Feature","properties":{"code":"57718","nom":"Villers-Stoncourt","app":10.24,"app_bas":8.43,"app_haut":12.44,"app_ech":"maille","app_obs":7,"mai":8.84,"mai_bas":7.29,"mai_haut":10.72,"mai_ech":"maille","mai_obs":26,"a12":10.16,"a3":9.52},"geometry":{"type":"Polygon","coordinates":[[[6.4833,49.0668],[6.4889,49.0644],[6.484,49.0589],[6.4605,49.0519],[6.435,49.0546],[6.4289,49.0464],[6.4202,49.042],[6.4089,49.0455],[6.3973,49.0411],[6.4069,49.0464],[6.3977,49.0552],[6.4088,49.057],[6.4167,49.0663],[6.4239,49.0649],[6.4377,49.0676],[6.4564,49.0625],[6.4661,49.0653],[6.4746,49.0709],[6.4833,49.0668]]]}},{"type":"Feature","properties":{"code":"57186","nom":"Ébersviller","app":10.39,"app_bas":8.34,"app_haut":12.95,"app_ech":"maille","app_obs":10,"mai":9.64,"mai_bas":7,"mai_haut":13.28,"mai_ech":"maille","mai_obs":26,"a12":15.89,"a3":10.72},"geometry":{"type":"Polygon","coordinates":[[[6.4183,49.3012],[6.4175,49.297],[6.4266,49.2912],[6.4286,49.2818],[6.4333,49.2799],[6.4139,49.2669],[6.3969,49.2596],[6.3799,49.2582],[6.3679,49.2671],[6.3738,49.2683],[6.3799,49.2875],[6.3879,49.2975],[6.4033,49.3014],[6.4183,49.3012]]]}},{"type":"Feature","properties":{"code":"57319","nom":"Herny","app":9.3,"app_bas":7.23,"app_haut":11.95,"app_ech":"maille","app_obs":2,"mai":8.84,"mai_bas":7.29,"mai_haut":10.72,"mai_ech":"maille","mai_obs":8,"a12":10.16,"a3":7.61},"geometry":{"type":"Polygon","coordinates":[[[6.4556,48.9898],[6.4519,48.9985],[6.4798,49.0096],[6.4721,49.0287],[6.4816,49.0378],[6.4885,49.0319],[6.4919,49.0241],[6.4824,49.0132],[6.485,49.0091],[6.5021,49.0005],[6.5065,48.9903],[6.5023,48.987],[6.4955,48.9842],[6.483,48.9885],[6.4556,48.9898]]]}},{"type":"Feature","properties":{"code":"57572","nom":"Rémilly","app":11.3,"app_bas":9.32,"app_haut":13.7,"app_ech":"commune","app_obs":284,"mai":9.81,"mai_bas":7.42,"mai_haut":12.98,"mai_ech":"epci","mai_obs":66,"a12":12.45,"a3":10.23},"geometry":{"type":"Polygon","coordinates":[[[6.3534,49.0282],[6.3687,49.0263],[6.3796,49.0195],[6.3998,49.0233],[6.4154,49.0134],[6.4237,49.0174],[6.4315,49.0076],[6.4331,48.9957],[6.4395,48.9859],[6.4188,48.9831],[6.4129,48.9936],[6.381,48.9952],[6.3702,49.001],[6.3491,49.0001],[6.3432,49.004],[6.3326,49.0037],[6.3379,49.0122],[6.346,49.0177],[6.3574,49.021],[6.3534,49.0282]]]}},{"type":"Feature","properties":{"code":"57683","nom":"Uckange","app":12.92,"app_bas":9.85,"app_haut":16.94,"app_ech":"commune","app_obs":314,"mai":11.91,"mai_bas":9.07,"mai_haut":15.66,"mai_ech":"maille","mai_obs":26,"a12":15.56,"a3":10.54},"geometry":{"type":"Polygon","coordinates":[[[6.1325,49.3047],[6.1418,49.3078],[6.1613,49.3224],[6.1735,49.3179],[6.1612,49.3071],[6.1655,49.3011],[6.1389,49.292],[6.133,49.2913],[6.1267,49.2988],[6.1325,49.3047]]]}},{"type":"Feature","properties":{"code":"57010","nom":"Alaincourt-la-Côte","app":10.11,"app_bas":8.15,"app_haut":12.53,"app_ech":"maille","app_obs":2,"mai":8.36,"mai_bas":6.36,"mai_haut":11,"mai_ech":"epci","mai_obs":9,"a12":12.79,"a3":8.2},"geometry":{"type":"Polygon","coordinates":[[[6.3258,48.8959],[6.3275,48.9049],[6.3293,48.9055],[6.3404,48.9019],[6.3539,48.9106],[6.3594,48.9118],[6.3638,48.9068],[6.3472,48.8968],[6.3459,48.8885],[6.3341,48.8829],[6.3227,48.8862],[6.3258,48.8959]]]}},{"type":"Feature","properties":{"code":"57090","nom":"Blanche-Église","app":10.5,"app_bas":8.52,"app_haut":12.95,"app_ech":"maille","app_obs":7,"mai":7.65,"mai_bas":6.08,"mai_haut":9.62,"mai_ech":"maille","mai_obs":2,"a12":9.39,"a3":7.13},"geometry":{"type":"Polygon","coordinates":[[[6.6504,48.7895],[6.6674,48.7958],[6.6883,48.8065],[6.6975,48.8018],[6.6945,48.7961],[6.6977,48.7878],[6.6782,48.7756],[6.6642,48.7772],[6.6564,48.7819],[6.6504,48.7895]]]}},{"type":"Feature","properties":{"code":"57101","nom":"Bousbach","app":9.71,"app_bas":7.8,"app_haut":12.1,"app_ech":"commune","app_obs":115,"mai":9.68,"mai_bas":7.49,"mai_haut":12.52,"mai_ech":"maille","mai_obs":24,"a12":11.76,"a3":8.92},"geometry":{"type":"Polygon","coordinates":[[[6.9546,49.1338],[6.9478,49.1331],[6.9295,49.1364],[6.9162,49.1333],[6.933,49.1465],[6.937,49.1561],[6.9452,49.1594],[6.9524,49.158],[6.9673,49.1485],[6.9719,49.1467],[6.9675,49.1416],[6.9546,49.1338]]]}},{"type":"Feature","properties":{"code":"57111","nom":"Bronvaux","app":13.44,"app_bas":10.76,"app_haut":16.8,"app_ech":"maille","app_obs":7,"mai":12.51,"mai_bas":9.5,"mai_haut":16.46,"mai_ech":"maille","mai_obs":10,"a12":16.99,"a3":11.92},"geometry":{"type":"Polygon","coordinates":[[[6.0992,49.196],[6.0838,49.1894],[6.068,49.185],[6.0678,49.1871],[6.0858,49.2],[6.0992,49.196]]]}},{"type":"Feature","properties":{"code":"57131","nom":"Château-Rouge","app":10.39,"app_bas":8.34,"app_haut":12.95,"app_ech":"maille","app_obs":1,"mai":8.76,"mai_bas":6.59,"mai_haut":11.65,"mai_ech":"maille","mai_obs":0,"a12":12.14,"a3":9.26},"geometry":{"type":"Polygon","coordinates":[[[6.6207,49.2846],[6.6146,49.2791],[6.6052,49.2741],[6.581,49.2782],[6.5766,49.2823],[6.5813,49.2874],[6.5756,49.2911],[6.585,49.2963],[6.6041,49.2873],[6.6207,49.2846]]]}},{"type":"Feature","properties":{"code":"57178","nom":"Diffembach-lès-Hellimer","app":8.02,"app_bas":6.45,"app_haut":9.98,"app_ech":"maille","app_obs":10,"mai":8.6,"mai_bas":6.59,"mai_haut":11.23,"mai_ech":"maille","mai_obs":6,"a12":10.49,"a3":7.69},"geometry":{"type":"Polygon","coordinates":[[[6.8818,49.008],[6.8755,49.0018],[6.8805,48.9982],[6.8482,48.9985],[6.8392,49.0002],[6.8302,49.009],[6.8293,49.015],[6.851,49.0168],[6.8611,49.0131],[6.8818,49.008]]]}},{"type":"Feature","properties":{"code":"57381","nom":"Laneuveville-en-Saulnois","app":9.3,"app_bas":7.23,"app_haut":11.95,"app_ech":"maille","app_obs":4,"mai":8.36,"mai_bas":6.36,"mai_haut":11,"mai_ech":"epci","mai_obs":8,"a12":13.32,"a3":8.2},"geometry":{"type":"Polygon","coordinates":[[[6.429,48.8613],[6.4317,48.8646],[6.4221,48.8707],[6.4235,48.8788],[6.4279,48.881],[6.4439,48.8787],[6.4542,48.8793],[6.4625,48.8566],[6.469,48.8525],[6.4575,48.8475],[6.4425,48.8577],[6.429,48.8613]]]}},{"type":"Feature","properties":{"code":"57407","nom":"Lixheim","app":10.11,"app_bas":7.92,"app_haut":12.9,"app_ech":"commune","app_obs":130,"mai":10.01,"mai_bas":7.29,"mai_haut":13.75,"mai_ech":"maille","mai_obs":7,"a12":11.47,"a3":8.92},"geometry":{"type":"Polygon","coordinates":[[[7.1587,48.8071],[7.1562,48.7973],[7.1463,48.7922],[7.1482,48.7864],[7.1577,48.7802],[7.1428,48.7675],[7.1336,48.7736],[7.139,48.7806],[7.1324,48.7958],[7.1587,48.8071]]]}},{"type":"Feature","properties":{"code":"57459","nom":"Merschweiller","app":13.86,"app_bas":10.73,"app_haut":17.9,"app_ech":"maille","app_obs":14,"mai":12.49,"mai_bas":8.98,"mai_haut":17.37,"mai_ech":"maille","mai_obs":2,"a12":17.34,"a3":12.32},"geometry":{"type":"Polygon","coordinates":[[[6.3892,49.4519],[6.3959,49.4574],[6.4058,49.4584],[6.4032,49.466],[6.4191,49.4749],[6.4301,49.4764],[6.4404,49.4667],[6.426,49.457],[6.4198,49.4482],[6.3952,49.4482],[6.3892,49.4519]]]}},{"type":"Feature","properties":{"code":"57049","nom":"Ban-Saint-Martin","app":13.16,"app_bas":10.44,"app_haut":16.58,"app_ech":"commune","app_obs":792,"mai":10.22,"mai_bas":7.69,"mai_haut":13.58,"mai_ech":"maille","mai_obs":66,"a12":17.1,"a3":10.62},"geometry":{"type":"Polygon","coordinates":[[[6.1366,49.1293],[6.1508,49.1282],[6.1593,49.1254],[6.1485,49.1189],[6.1317,49.1214],[6.1278,49.1235],[6.1366,49.1293]]]}},{"type":"Feature","properties":{"code":"57741","nom":"Walschbronn","app":9.43,"app_bas":7.47,"app_haut":11.9,"app_ech":"maille","app_obs":16,"mai":9.18,"mai_bas":7.02,"mai_haut":12.01,"mai_ech":"maille","mai_obs":4,"a12":11.13,"a3":9.07},"geometry":{"type":"Polygon","coordinates":[[[7.4794,49.1331],[7.4777,49.1399],[7.4717,49.1452],[7.4516,49.1493],[7.4436,49.1553],[7.4372,49.1487],[7.4288,49.1528],[7.4381,49.1592],[7.4831,49.1702],[7.4912,49.1698],[7.4954,49.1566],[7.5062,49.154],[7.4922,49.1419],[7.4896,49.1365],[7.4794,49.1331]]]}},{"type":"Feature","properties":{"code":"57481","nom":"Montois-la-Montagne","app":11.48,"app_bas":9.11,"app_haut":14.47,"app_ech":"commune","app_obs":202,"mai":10.41,"mai_bas":7.83,"mai_haut":13.84,"mai_ech":"maille","mai_obs":32,"a12":13.73,"a3":10},"geometry":{"type":"Polygon","coordinates":[[[6.0096,49.2218],[6.021,49.2234],[6.0308,49.2331],[6.0302,49.2417],[6.0426,49.2402],[6.0396,49.2327],[6.0516,49.2273],[6.0434,49.2185],[6.0401,49.2108],[6.0336,49.2085],[6.0183,49.2079],[6.0035,49.209],[6.004,49.2158],[6.0096,49.2218]]]}},{"type":"Feature","properties":{"code":"57540","nom":"Phalsbourg","app":10.84,"app_bas":8.37,"app_haut":14.04,"app_ech":"commune","app_obs":725,"mai":10.96,"mai_bas":7.97,"mai_haut":15.07,"mai_ech":"commune","mai_obs":111,"a12":12.24,"a3":9.58},"geometry":{"type":"Polygon","coordinates":[[[7.2912,48.794],[7.2907,48.7863],[7.2838,48.7832],[7.2764,48.7741],[7.2868,48.7666],[7.28,48.76],[7.2818,48.7547],[7.2734,48.7484],[7.2526,48.7413],[7.2396,48.7531],[7.2417,48.7584],[7.2372,48.7712],[7.2417,48.7792],[7.2527,48.7785],[7.2645,48.7834],[7.2709,48.7895],[7.2912,48.794]]]}},{"type":"Feature","properties":{"code":"57545","nom":"Plappeville","app":12.55,"app_bas":9.95,"app_haut":15.82,"app_ech":"maille","app_obs":67,"mai":10.22,"mai_bas":7.69,"mai_haut":13.58,"mai_ech":"maille","mai_obs":37,"a12":16.74,"a3":10.57},"geometry":{"type":"Polygon","coordinates":[[[6.1152,49.1256],[6.1083,49.134],[6.1224,49.1375],[6.1359,49.1378],[6.1366,49.1293],[6.1278,49.1235],[6.1152,49.1256]]]}},{"type":"Feature","properties":{"code":"57598","nom":"Rouhling","app":10.6,"app_bas":8.45,"app_haut":13.29,"app_ech":"commune","app_obs":121,"mai":9.68,"mai_bas":7.49,"mai_haut":12.52,"mai_ech":"maille","mai_obs":6,"a12":11.76,"a3":10.11},"geometry":{"type":"Polygon","coordinates":[[[7.003,49.1434],[7.0215,49.1351],[7.024,49.1249],[7.0117,49.12],[7.0009,49.1202],[6.9866,49.1222],[6.982,49.1386],[7.003,49.1434]]]}},{"type":"Feature","properties":{"code":"57162","nom":"Cuvry","app":11.76,"app_bas":9.42,"app_haut":14.67,"app_ech":"maille","app_obs":41,"mai":12.23,"mai_bas":8.79,"mai_haut":17.02,"mai_ech":"maille","mai_obs":9,"a12":13.87,"a3":10.52},"geometry":{"type":"Polygon","coordinates":[[[6.1702,49.0231],[6.1695,49.0316],[6.1598,49.0386],[6.1366,49.0342],[6.1378,49.0473],[6.1492,49.0517],[6.1598,49.048],[6.1772,49.051],[6.1797,49.042],[6.1768,49.0366],[6.1835,49.0242],[6.1802,49.0212],[6.1721,49.0215],[6.1702,49.0231]]]}},{"type":"Feature","properties":{"code":"57716","nom":"Vigy","app":13.25,"app_bas":10.37,"app_haut":16.92,"app_ech":"maille","app_obs":42,"mai":11.96,"mai_bas":9.19,"mai_haut":15.57,"mai_ech":"maille","mai_obs":28,"a12":13.55,"a3":10.72},"geometry":{"type":"Polygon","coordinates":[[[6.2901,49.2296],[6.3006,49.2309],[6.3235,49.2247],[6.3316,49.2203],[6.3345,49.2115],[6.3399,49.2087],[6.3546,49.2068],[6.3475,49.2014],[6.3205,49.1952],[6.3114,49.1857],[6.3074,49.1854],[6.3061,49.1892],[6.2852,49.1909],[6.2714,49.1969],[6.2794,49.2201],[6.2901,49.2296]]]}},{"type":"Feature","properties":{"code":"57724","nom":"Vitry-sur-Orne","app":12.33,"app_bas":9.78,"app_haut":15.53,"app_ech":"commune","app_obs":187,"mai":10.41,"mai_bas":7.83,"mai_haut":13.84,"mai_ech":"maille","mai_obs":25,"a12":13.73,"a3":10.94},"geometry":{"type":"Polygon","coordinates":[[[6.1204,49.2808],[6.1172,49.2752],[6.1238,49.2636],[6.1114,49.2634],[6.1057,49.2614],[6.0946,49.2683],[6.0658,49.272],[6.0641,49.2806],[6.0729,49.2803],[6.0735,49.2868],[6.0999,49.2877],[6.1204,49.2808]]]}},{"type":"Feature","properties":{"code":"57193","nom":"Ennery","app":14.66,"app_bas":11.48,"app_haut":18.73,"app_ech":"commune","app_obs":119,"mai":12.51,"mai_bas":9.5,"mai_haut":16.46,"mai_ech":"maille","mai_obs":25,"a12":14.21,"a3":10.72},"geometry":{"type":"Polygon","coordinates":[[[6.2487,49.2198],[6.2404,49.222],[6.2232,49.2198],[6.2121,49.2142],[6.202,49.2176],[6.204,49.2226],[6.1954,49.2257],[6.1872,49.2332],[6.1893,49.2393],[6.2043,49.2345],[6.2233,49.2386],[6.2281,49.2365],[6.2412,49.227],[6.26,49.2307],[6.2629,49.2294],[6.2487,49.2198]]]}},{"type":"Feature","properties":{"code":"57442","nom":"Many","app":9.3,"app_bas":7.23,"app_haut":11.95,"app_ech":"maille","app_obs":60,"mai":8.84,"mai_bas":7.29,"mai_haut":10.72,"mai_ech":"maille","mai_obs":0,"a12":12.45,"a3":7.61},"geometry":{"type":"Polygon","coordinates":[[[6.5223,49.0154],[6.5472,49.0099],[6.5591,49.0053],[6.5469,48.9929],[6.5368,48.9898],[6.5182,48.9862],[6.5065,48.9903],[6.5021,49.0005],[6.5101,49.0096],[6.5223,49.0154]]]}},{"type":"Feature","properties":{"code":"57453","nom":"Maxstadt","app":9.04,"app_bas":7.3,"app_haut":11.21,"app_ech":"maille","app_obs":4,"mai":8.09,"mai_bas":6.27,"mai_haut":10.43,"mai_ech":"maille","mai_obs":0,"a12":12.86,"a3":7.36},"geometry":{"type":"Polygon","coordinates":[[[6.8298,49.0574],[6.8285,49.0429],[6.8113,49.0385],[6.8004,49.0322],[6.7867,49.0322],[6.7782,49.0446],[6.7795,49.0483],[6.7827,49.0526],[6.7947,49.0589],[6.8022,49.0602],[6.8175,49.0567],[6.8298,49.0574]]]}},{"type":"Feature","properties":{"code":"57543","nom":"Pierrevillers","app":11.62,"app_bas":8.85,"app_haut":15.25,"app_ech":"maille","app_obs":74,"mai":12.51,"mai_bas":9.5,"mai_haut":16.46,"mai_ech":"maille","mai_obs":28,"a12":14.54,"a3":11.92},"geometry":{"type":"Polygon","coordinates":[[[6.0793,49.2255],[6.083,49.2331],[6.1151,49.2352],[6.1166,49.2205],[6.0942,49.2159],[6.0687,49.2148],[6.0793,49.2255]]]}},{"type":"Feature","properties":{"code":"57578","nom":"Rezonville","app":9.63,"app_bas":7.62,"app_haut":12.16,"app_ech":"maille","app_obs":32,"mai":9.82,"mai_bas":7.65,"mai_haut":12.6,"mai_ech":"maille","mai_obs":12,"a12":13.5,"a3":7.84},"geometry":{"type":"Polygon","coordinates":[[[6.0052,49.0845],[6.0044,49.0768],[5.9952,49.0708],[5.9848,49.07],[5.9746,49.0751],[5.9596,49.0718],[5.9512,49.0823],[5.9611,49.0901],[5.9557,49.0981],[5.9714,49.1028],[5.9727,49.1082],[5.9974,49.1078],[6.005,49.1139],[6.0093,49.1018],[6.0052,49.0845]]]}},{"type":"Feature","properties":{"code":"57134","nom":"Châtel-Saint-Germain","app":14.26,"app_bas":11.43,"app_haut":17.79,"app_ech":"maille","app_obs":83,"mai":10.22,"mai_bas":7.69,"mai_haut":13.58,"mai_ech":"maille","mai_obs":29,"a12":13.5,"a3":11.67},"geometry":{"type":"Polygon","coordinates":[[[6.022,49.1486],[6.0335,49.1515],[6.0638,49.1442],[6.0746,49.1498],[6.0885,49.1387],[6.093,49.1147],[6.0995,49.114],[6.1063,49.1093],[6.1002,49.1092],[6.0986,49.1103],[6.061,49.116],[6.0474,49.127],[6.0397,49.1311],[6.0263,49.1493],[6.022,49.1486]]]}},{"type":"Feature","properties":{"code":"57155","nom":"Courcelles-Chaussy","app":11.78,"app_bas":9.84,"app_haut":14.11,"app_ech":"commune","app_obs":348,"mai":8.84,"mai_bas":7.29,"mai_haut":10.72,"mai_ech":"maille","mai_obs":85,"a12":13.95,"a3":9.18},"geometry":{"type":"Polygon","coordinates":[[[6.3585,49.1058],[6.3568,49.1121],[6.3766,49.1146],[6.3861,49.1195],[6.3858,49.1334],[6.3834,49.1355],[6.3908,49.1414],[6.3992,49.1415],[6.4082,49.1395],[6.422,49.1438],[6.4298,49.1311],[6.4202,49.1174],[6.4293,49.1086],[6.424,49.099],[6.4181,49.0968],[6.3932,49.1032],[6.3824,49.1041],[6.3791,49.0997],[6.3598,49.1034],[6.3585,49.1058]]]}},{"type":"Feature","properties":{"code":"57238","nom":"Fresnes-en-Saulnois","app":7.76,"app_bas":6.3,"app_haut":9.57,"app_ech":"maille","app_obs":2,"mai":8.36,"mai_bas":6.36,"mai_haut":11,"mai_ech":"epci","mai_obs":4,"a12":13.32,"a3":7},"geometry":{"type":"Polygon","coordinates":[[[6.4549,48.8188],[6.4504,48.8223],[6.4301,48.8198],[6.4207,48.8272],[6.4194,48.8345],[6.4132,48.8426],[6.4156,48.8485],[6.429,48.8613],[6.4425,48.8577],[6.4728,48.8364],[6.4622,48.8302],[6.4567,48.8235],[6.4577,48.8165],[6.4549,48.8188]]]}},{"type":"Feature","properties":{"code":"57310","nom":"Hellering-lès-Fénétrange","app":9.64,"app_bas":7.55,"app_haut":12.31,"app_ech":"maille","app_obs":1,"mai":9.39,"mai_bas":7.47,"mai_haut":11.81,"mai_ech":"maille","mai_obs":4,"a12":11.47,"a3":8.92},"geometry":{"type":"Polygon","coordinates":[[[7.0672,48.7995],[7.0492,48.8041],[7.0454,48.8091],[7.0524,48.8148],[7.062,48.8157],[7.085,48.8119],[7.0891,48.8068],[7.0672,48.7995]]]}},{"type":"Feature","properties":{"code":"57376","nom":"Lambach","app":8.14,"app_bas":6.5,"app_haut":10.19,"app_ech":"maille","app_obs":6,"mai":9.18,"mai_bas":7.02,"mai_haut":12.01,"mai_ech":"maille","mai_obs":6,"a12":11.13,"a3":7.13},"geometry":{"type":"Polygon","coordinates":[[[7.3381,49.0282],[7.3416,49.0341],[7.3559,49.0408],[7.375,49.0399],[7.3886,49.028],[7.3902,49.0229],[7.3621,49.02],[7.3457,49.0274],[7.3381,49.0282]]]}},{"type":"Feature","properties":{"code":"57029","nom":"Arriance","app":10.24,"app_bas":8.43,"app_haut":12.44,"app_ech":"maille","app_obs":0,"mai":8.84,"mai_bas":7.29,"mai_haut":10.72,"mai_ech":"maille","mai_obs":2,"a12":12.45,"a3":7.78},"geometry":{"type":"Polygon","coordinates":[[[6.4885,49.0319],[6.5219,49.031],[6.5223,49.0154],[6.5101,49.0096],[6.5021,49.0005],[6.485,49.0091],[6.4824,49.0132],[6.4919,49.0241],[6.4885,49.0319]]]}},{"type":"Feature","properties":{"code":"57063","nom":"Bérig-Vintrange","app":10.5,"app_bas":8.52,"app_haut":12.95,"app_ech":"maille","app_obs":5,"mai":8.6,"mai_bas":6.59,"mai_haut":11.23,"mai_ech":"maille","mai_obs":2,"a12":10.48,"a3":8.6},"geometry":{"type":"Polygon","coordinates":[[[6.7109,48.9798],[6.7159,48.9725],[6.7184,48.9604],[6.7084,48.9553],[6.6768,48.9645],[6.6714,48.9734],[6.6783,48.9905],[6.6907,48.9893],[6.7109,48.9798]]]}},{"type":"Feature","properties":{"code":"57098","nom":"Bourgaltroff","app":8.02,"app_bas":6.45,"app_haut":9.98,"app_ech":"maille","app_obs":11,"mai":8.68,"mai_bas":6.64,"mai_haut":11.36,"mai_ech":"epci","mai_obs":0,"a12":10.48,"a3":7.13},"geometry":{"type":"Polygon","coordinates":[[[6.7829,48.8595],[6.7715,48.8535],[6.7672,48.8561],[6.7546,48.851],[6.7548,48.857],[6.7479,48.8729],[6.7481,48.881],[6.7411,48.8851],[6.7432,48.8922],[6.756,48.8967],[6.7619,48.8919],[6.7704,48.8907],[6.7836,48.8805],[6.782,48.8729],[6.7829,48.8595]]]}},{"type":"Feature","properties":{"code":"57117","nom":"Buding","app":13.27,"app_bas":10.4,"app_haut":16.93,"app_ech":"maille","app_obs":6,"mai":12.49,"mai_bas":8.98,"mai_haut":17.37,"mai_ech":"maille","mai_obs":0,"a12":15.89,"a3":10.72},"geometry":{"type":"Polygon","coordinates":[[[6.3161,49.3433],[6.3412,49.3357],[6.3369,49.3275],[6.3474,49.3164],[6.3275,49.3164],[6.3203,49.3101],[6.302,49.3363],[6.3161,49.3433]]]}},{"type":"Feature","properties":{"code":"57273","nom":"Guerstling","app":11.8,"app_bas":9.22,"app_haut":15.1,"app_ech":"maille","app_obs":4,"mai":9.64,"mai_bas":7,"mai_haut":13.28,"mai_ech":"maille","mai_obs":0,"a12":13.55,"a3":9.26},"geometry":{"type":"Polygon","coordinates":[[[6.5708,49.334],[6.5855,49.336],[6.5956,49.3303],[6.5889,49.3221],[6.5702,49.3113],[6.5563,49.3124],[6.5638,49.3162],[6.5639,49.3276],[6.5708,49.334]]]}},{"type":"Feature","properties":{"code":"57274","nom":"Guerting","app":9.37,"app_bas":7.52,"app_haut":11.68,"app_ech":"maille","app_obs":22,"mai":8.76,"mai_bas":6.59,"mai_haut":11.65,"mai_ech":"maille","mai_obs":0,"a12":11.05,"a3":8.31},"geometry":{"type":"Polygon","coordinates":[[[6.6037,49.1809],[6.6038,49.1975],[6.6188,49.2069],[6.6246,49.212],[6.6314,49.2067],[6.6262,49.1991],[6.6353,49.1979],[6.6284,49.1826],[6.6232,49.1845],[6.6037,49.1809]]]}},{"type":"Feature","properties":{"code":"57277","nom":"Guinkirchen","app":9.43,"app_bas":7.58,"app_haut":11.75,"app_ech":"maille","app_obs":0,"mai":9.64,"mai_bas":7,"mai_haut":13.28,"mai_ech":"maille","mai_obs":1,"a12":12.14,"a3":8.48},"geometry":{"type":"Polygon","coordinates":[[[6.4328,49.1981],[6.4253,49.2067],[6.4092,49.2139],[6.4144,49.2143],[6.4344,49.2113],[6.4421,49.2166],[6.4593,49.2191],[6.462,49.2147],[6.4617,49.1993],[6.4578,49.1968],[6.4328,49.1981]]]}},{"type":"Feature","properties":{"code":"57427","nom":"Lutzelbourg","app":10.52,"app_bas":8.14,"app_haut":13.61,"app_ech":"maille","app_obs":57,"mai":10.01,"mai_bas":7.29,"mai_haut":13.75,"mai_ech":"maille","mai_obs":6,"a12":11.47,"a3":8.92},"geometry":{"type":"Polygon","coordinates":[[[7.248,48.7234],[7.244,48.7285],[7.2331,48.7271],[7.2341,48.7382],[7.2464,48.7333],[7.2526,48.7413],[7.2734,48.7484],[7.2829,48.737],[7.2797,48.7335],[7.2577,48.7239],[7.248,48.7234]]]}},{"type":"Feature","properties":{"code":"57530","nom":"Ottonville","app":9.43,"app_bas":7.58,"app_haut":11.75,"app_ech":"maille","app_obs":4,"mai":8.76,"mai_bas":6.59,"mai_haut":11.65,"mai_ech":"maille","mai_obs":1,"a12":11.05,"a3":8.34},"geometry":{"type":"Polygon","coordinates":[[[6.5052,49.2367],[6.5185,49.2394],[6.5254,49.2377],[6.53,49.2291],[6.5402,49.2296],[6.5497,49.2204],[6.5618,49.2166],[6.5669,49.2119],[6.5515,49.2052],[6.531,49.1998],[6.5164,49.1983],[6.5005,49.1999],[6.4862,49.2041],[6.4805,49.2102],[6.4883,49.2175],[6.5095,49.2216],[6.5041,49.2282],[6.5052,49.2367]]]}},{"type":"Feature","properties":{"code":"57544","nom":"Plaine-de-Walsch","app":9.1,"app_bas":7.38,"app_haut":11.21,"app_ech":"maille","app_obs":60,"mai":8.93,"mai_bas":6.95,"mai_haut":11.48,"mai_ech":"maille","mai_obs":10,"a12":12.98,"a3":8.32},"geometry":{"type":"Polygon","coordinates":[[[7.1094,48.6829],[7.1166,48.6943],[7.125,48.6908],[7.1327,48.692],[7.1504,48.701],[7.1554,48.6972],[7.1687,48.6933],[7.1965,48.69],[7.1924,48.6866],[7.1765,48.6857],[7.1746,48.6873],[7.138,48.6915],[7.1331,48.685],[7.1191,48.6823],[7.1094,48.6829]]]}},{"type":"Feature","properties":{"code":"57577","nom":"Reyersviller","app":8.14,"app_bas":6.5,"app_haut":10.19,"app_ech":"maille","app_obs":14,"mai":9.18,"mai_bas":7.02,"mai_haut":12.01,"mai_ech":"maille","mai_obs":4,"a12":11.13,"a3":7.13},"geometry":{"type":"Polygon","coordinates":[[[7.3898,49.0604],[7.4023,49.0536],[7.4086,49.0411],[7.4147,49.0377],[7.4139,49.0211],[7.3902,49.0229],[7.3886,49.028],[7.375,49.0399],[7.3793,49.0431],[7.3804,49.0514],[7.385,49.0593],[7.3898,49.0604]]]}},{"type":"Feature","properties":{"code":"57580","nom":"Riche","app":10.5,"app_bas":8.52,"app_haut":12.95,"app_ech":"maille","app_obs":4,"mai":7.65,"mai_bas":6.08,"mai_haut":9.62,"mai_ech":"maille","mai_obs":0,"a12":10.48,"a3":7.08},"geometry":{"type":"Polygon","coordinates":[[[6.6364,48.9055],[6.6472,48.9],[6.6448,48.891],[6.6473,48.8791],[6.6355,48.8732],[6.6206,48.8733],[6.6208,48.8873],[6.6189,48.9001],[6.6279,48.9055],[6.6364,48.9055]]]}},{"type":"Feature","properties":{"code":"57690","nom":"Valmont","app":9.1,"app_bas":7.42,"app_haut":11.15,"app_ech":"commune","app_obs":145,"mai":8.76,"mai_bas":6.59,"mai_haut":11.65,"mai_ech":"maille","mai_obs":40,"a12":12.86,"a3":8.12},"geometry":{"type":"Polygon","coordinates":[[[6.7082,49.0607],[6.7027,49.0637],[6.6914,49.0794],[6.6791,49.0855],[6.6639,49.0897],[6.6882,49.0974],[6.7261,49.0976],[6.7238,49.0881],[6.7241,49.0797],[6.7082,49.0607]]]}},{"type":"Feature","properties":{"code":"57119","nom":"Buhl-Lorraine","app":9.1,"app_bas":7.38,"app_haut":11.21,"app_ech":"maille","app_obs":98,"mai":9.39,"mai_bas":7.47,"mai_haut":11.81,"mai_ech":"maille","mai_obs":23,"a12":11.47,"a3":7.69},"geometry":{"type":"Polygon","coordinates":[[[7.0866,48.7103],[7.0868,48.7088],[7.0746,48.7076],[7.0788,48.6972],[7.0749,48.6878],[7.0717,48.6885],[7.0576,48.7067],[7.0447,48.7082],[7.0514,48.7228],[7.0853,48.7411],[7.087,48.7385],[7.1089,48.7286],[7.1024,48.7227],[7.0912,48.7198],[7.0833,48.7143],[7.0866,48.7103]]]}},{"type":"Feature","properties":{"code":"57191","nom":"Elzange","app":14.47,"app_bas":11.05,"app_haut":18.95,"app_ech":"maille","app_obs":2,"mai":12.49,"mai_bas":8.98,"mai_haut":17.37,"mai_ech":"maille","mai_obs":4,"a12":15.89,"a3":10.69},"geometry":{"type":"Polygon","coordinates":[[[6.2779,49.3484],[6.2761,49.366],[6.2895,49.3694],[6.2992,49.3652],[6.3166,49.365],[6.3054,49.3586],[6.2787,49.3473],[6.2779,49.3484]]]}},{"type":"Feature","properties":{"code":"57255","nom":"Gosselming","app":9.64,"app_bas":7.55,"app_haut":12.31,"app_ech":"maille","app_obs":4,"mai":8.6,"mai_bas":6.59,"mai_haut":11.23,"mai_ech":"maille","mai_obs":6,"a12":11.47,"a3":7.14},"geometry":{"type":"Polygon","coordinates":[[[7.0053,48.8068],[7.0083,48.8076],[7.012,48.8041],[7.0076,48.7911],[7.0139,48.782],[6.9963,48.7761],[6.9809,48.775],[6.9654,48.7848],[6.9467,48.792],[6.9595,48.7994],[6.9855,48.7981],[7.0053,48.8068]]]}},{"type":"Feature","properties":{"code":"57282","nom":"Hagen","app":16.04,"app_bas":11.91,"app_haut":21.6,"app_ech":"maille","app_obs":73,"mai":17,"mai_bas":12.23,"mai_haut":23.63,"mai_ech":"maille","mai_obs":9,"a12":19.78,"a3":14.82},"geometry":{"type":"Polygon","coordinates":[[[6.1446,49.4877],[6.1554,49.4935],[6.1569,49.5044],[6.1796,49.5071],[6.1841,49.5051],[6.1783,49.4965],[6.1717,49.4953],[6.1658,49.4869],[6.1546,49.4851],[6.1446,49.4877]]]}},{"type":"Feature","properties":{"code":"57421","nom":"Loutzviller","app":9.56,"app_bas":7.54,"app_haut":12.12,"app_ech":"maille","app_obs":7,"mai":9.18,"mai_bas":7.02,"mai_haut":12.01,"mai_ech":"maille","mai_obs":2,"a12":10.7,"a3":7.13},"geometry":{"type":"Polygon","coordinates":[[[7.3628,49.1452],[7.3624,49.1485],[7.3844,49.1503],[7.4075,49.1469],[7.3973,49.1361],[7.3827,49.1374],[7.3648,49.1423],[7.3628,49.1452]]]}},{"type":"Feature","properties":{"code":"57436","nom":"Malaucourt-sur-Seille","app":7.76,"app_bas":6.3,"app_haut":9.57,"app_ech":"maille","app_obs":0,"mai":8.36,"mai_bas":6.36,"mai_haut":11,"mai_ech":"epci","mai_obs":3,"a12":13.32,"a3":7},"geometry":{"type":"Polygon","coordinates":[[[6.3396,48.8335],[6.33,48.8357],[6.3425,48.8481],[6.3527,48.8538],[6.3744,48.8574],[6.3818,48.8505],[6.382,48.8463],[6.3698,48.8344],[6.3513,48.8297],[6.3396,48.8335]]]}},{"type":"Feature","properties":{"code":"57441","nom":"Manom","app":16.52,"app_bas":12.52,"app_haut":21.79,"app_ech":"commune","app_obs":309,"mai":17,"mai_bas":12.23,"mai_haut":23.63,"mai_ech":"maille","mai_obs":17,"a12":18.42,"a3":13.52},"geometry":{"type":"Polygon","coordinates":[[[6.142,49.3923],[6.1523,49.3936],[6.1628,49.3915],[6.1695,49.3933],[6.1921,49.3882],[6.2063,49.3875],[6.2043,49.3856],[6.2074,49.3749],[6.2047,49.3704],[6.1862,49.3648],[6.1777,49.3678],[6.1669,49.3754],[6.1536,49.3744],[6.1404,49.3787],[6.142,49.3923]]]}},{"type":"Feature","properties":{"code":"57605","nom":"Sailly-Achâtel","app":10.11,"app_bas":8.15,"app_haut":12.53,"app_ech":"maille","app_obs":16,"mai":10.95,"mai_bas":8.41,"mai_haut":14.25,"mai_ech":"maille","mai_obs":17,"a12":12.79,"a3":8.2},"geometry":{"type":"Polygon","coordinates":[[[6.2712,48.9333],[6.2934,48.9459],[6.2979,48.9553],[6.3191,48.9599],[6.3247,48.9401],[6.3233,48.9328],[6.3082,48.9325],[6.3014,48.9287],[6.2878,48.9277],[6.277,48.928],[6.2712,48.9333]]]}},{"type":"Feature","properties":{"code":"57619","nom":"Saint-Louis-lès-Bitche","app":8.14,"app_bas":6.5,"app_haut":10.19,"app_ech":"maille","app_obs":39,"mai":9.18,"mai_bas":7.02,"mai_haut":12.01,"mai_ech":"maille","mai_obs":8,"a12":11.13,"a3":7.13},"geometry":{"type":"Polygon","coordinates":[[[7.3618,48.9706],[7.3495,48.9816],[7.3361,48.9867],[7.3264,48.9859],[7.3376,48.9897],[7.3385,48.996],[7.3444,49.0005],[7.3589,49],[7.375,48.9969],[7.3603,48.9862],[7.3618,48.9706]]]}},{"type":"Feature","properties":{"code":"57670","nom":"Thicourt","app":9.03,"app_bas":6.99,"app_haut":11.68,"app_ech":"maille","app_obs":0,"mai":8.09,"mai_bas":6.27,"mai_haut":10.43,"mai_ech":"maille","mai_obs":3,"a12":10.48,"a3":7.61},"geometry":{"type":"Polygon","coordinates":[[[6.561,49.0046],[6.5774,48.9981],[6.5871,48.9971],[6.5804,48.9891],[6.5648,48.9894],[6.5445,48.9745],[6.5368,48.9898],[6.5469,48.9929],[6.5591,49.0053],[6.561,49.0046]]]}},{"type":"Feature","properties":{"code":"57024","nom":"Antilly","app":15.66,"app_bas":12.19,"app_haut":20.11,"app_ech":"maille","app_obs":1,"mai":12.51,"mai_bas":9.5,"mai_haut":16.46,"mai_ech":"maille","mai_obs":0,"a12":14.21,"a3":11.56},"geometry":{"type":"Polygon","coordinates":[[[6.2249,49.2028],[6.2322,49.1997],[6.2488,49.2007],[6.2532,49.2112],[6.2731,49.202],[6.2714,49.1969],[6.2537,49.1926],[6.2526,49.1879],[6.2345,49.1889],[6.2244,49.192],[6.2249,49.2028]]]}},{"type":"Feature","properties":{"code":"57120","nom":"Burlioncourt","app":10.5,"app_bas":8.52,"app_haut":12.95,"app_ech":"maille","app_obs":0,"mai":8.36,"mai_bas":6.36,"mai_haut":11,"mai_ech":"epci","mai_obs":1,"a12":10.48,"a3":7.61},"geometry":{"type":"Polygon","coordinates":[[[6.5837,48.8799],[6.5955,48.8654],[6.611,48.8651],[6.6111,48.8606],[6.5907,48.8599],[6.5873,48.8491],[6.5816,48.8426],[6.5704,48.8435],[6.5718,48.848],[6.5592,48.8634],[6.5638,48.8757],[6.5837,48.8799]]]}},{"type":"Feature","properties":{"code":"57144","nom":"Cocheren","app":9.7,"app_bas":7.78,"app_haut":12.09,"app_ech":"commune","app_obs":182,"mai":9.68,"mai_bas":7.49,"mai_haut":12.52,"mai_ech":"maille","mai_obs":24,"a12":12.94,"a3":8.37},"geometry":{"type":"Polygon","coordinates":[[[6.8656,49.1309],[6.8511,49.1265],[6.8466,49.144],[6.8374,49.1444],[6.8317,49.1407],[6.8238,49.1434],[6.8345,49.1514],[6.8438,49.1555],[6.8517,49.1534],[6.8651,49.1546],[6.867,49.1529],[6.8706,49.1451],[6.87,49.1357],[6.8656,49.1309]]]}},{"type":"Feature","properties":{"code":"57725","nom":"Vittersbourg","app":8.77,"app_bas":7.03,"app_haut":10.95,"app_ech":"maille","app_obs":9,"mai":8.68,"mai_bas":6.64,"mai_haut":11.36,"mai_ech":"epci","mai_obs":3,"a12":9.73,"a3":7.89},"geometry":{"type":"Polygon","coordinates":[[[6.9444,48.9348],[6.9283,48.9342],[6.9109,48.9399],[6.9077,48.9573],[6.9375,48.9622],[6.9601,48.952],[6.9417,48.9454],[6.9384,48.9393],[6.9473,48.9349],[6.9444,48.9348]]]}},{"type":"Feature","properties":{"code":"57226","nom":"Fontoy","app":12.22,"app_bas":9.71,"app_haut":15.36,"app_ech":"commune","app_obs":278,"mai":11.91,"mai_bas":9.07,"mai_haut":15.66,"mai_ech":"maille","mai_obs":40,"a12":15.55,"a3":11.16},"geometry":{"type":"Polygon","coordinates":[[[5.9817,49.3429],[5.9784,49.3449],[5.9613,49.3478],[5.9561,49.3616],[5.9716,49.3724],[5.9856,49.3779],[5.9986,49.3724],[6.0128,49.3702],[6.0179,49.3775],[6.0325,49.3688],[6.0214,49.3627],[6.0349,49.3467],[6.0339,49.3447],[6.0241,49.3446],[6.0177,49.3403],[6.0098,49.3389],[5.9969,49.342],[5.9817,49.3429]]]}},{"type":"Feature","properties":{"code":"57344","nom":"Imling","app":8.59,"app_bas":6.84,"app_haut":10.79,"app_ech":"maille","app_obs":70,"mai":8.93,"mai_bas":6.95,"mai_haut":11.48,"mai_ech":"maille","mai_obs":17,"a12":12.17,"a3":7.69},"geometry":{"type":"Polygon","coordinates":[[[7.0135,48.6921],[7.0053,48.7023],[6.9968,48.7152],[7.0102,48.72],[7.0177,48.7308],[7.0237,48.7285],[7.0323,48.7188],[7.0372,48.7054],[7.0273,48.7015],[7.0135,48.6921]]]}},{"type":"Feature","properties":{"code":"57356","nom":"Kanfen","app":16.04,"app_bas":11.91,"app_haut":21.6,"app_ech":"maille","app_obs":61,"mai":17,"mai_bas":12.23,"mai_haut":23.63,"mai_ech":"maille","mai_obs":13,"a12":13.23,"a3":14.82},"geometry":{"type":"Polygon","coordinates":[[[6.0956,49.4224],[6.0966,49.4333],[6.096,49.4392],[6.1001,49.4498],[6.1104,49.4523],[6.137,49.4402],[6.1402,49.4376],[6.1265,49.4183],[6.1104,49.4234],[6.0956,49.4224]]]}},{"type":"Feature","properties":{"code":"57406","nom":"Liocourt","app":10.11,"app_bas":8.15,"app_haut":12.53,"app_ech":"maille","app_obs":2,"mai":8.36,"mai_bas":6.36,"mai_haut":11,"mai_ech":"epci","mai_obs":10,"a12":12.79,"a3":8.2},"geometry":{"type":"Polygon","coordinates":[[[6.3567,48.9162],[6.3594,48.9118],[6.3539,48.9106],[6.3404,48.9019],[6.3293,48.9055],[6.3265,48.9109],[6.3311,48.9161],[6.3435,48.9213],[6.3567,48.9162]]]}},{"type":"Feature","properties":{"code":"57092","nom":"Blies-Ébersing","app":9.89,"app_bas":8.21,"app_haut":11.93,"app_ech":"maille","app_obs":14,"mai":9.34,"mai_bas":7.04,"mai_haut":12.41,"mai_ech":"maille","mai_obs":11,"a12":10.7,"a3":9.31},"geometry":{"type":"Polygon","coordinates":[[[7.1288,49.1034],[7.1358,49.1156],[7.1302,49.1281],[7.1317,49.1322],[7.1588,49.1208],[7.1495,49.0992],[7.1436,49.0969],[7.1288,49.1034]]]}},{"type":"Feature","properties":{"code":"57148","nom":"Colligny","app":12.15,"app_bas":9.85,"app_haut":14.98,"app_ech":"maille","app_obs":17,"mai":11.96,"mai_bas":9.19,"mai_haut":15.57,"mai_ech":"maille","mai_obs":10,"a12":13.87,"a3":9.92},"geometry":{"type":"Polygon","coordinates":[[[6.3472,49.0867],[6.3426,49.0892],[6.3298,49.0878],[6.3213,49.0904],[6.3213,49.102],[6.3296,49.1077],[6.3394,49.0988],[6.3445,49.1038],[6.3585,49.1058],[6.3598,49.1034],[6.3523,49.1019],[6.3502,49.0894],[6.3472,49.0867]]]}},{"type":"Feature","properties":{"code":"57294","nom":"Hanviller","app":8.14,"app_bas":6.5,"app_haut":10.19,"app_ech":"maille","app_obs":12,"mai":9.18,"mai_bas":7.02,"mai_haut":12.01,"mai_ech":"maille","mai_obs":2,"a12":11.13,"a3":9},"geometry":{"type":"Polygon","coordinates":[[[7.4229,49.1181],[7.4369,49.1229],[7.4395,49.1197],[7.464,49.1116],[7.4556,49.0974],[7.455,49.0913],[7.4647,49.0776],[7.4515,49.0897],[7.4404,49.0792],[7.4406,49.0851],[7.425,49.0981],[7.4252,49.1134],[7.4229,49.1181]]]}},{"type":"Feature","properties":{"code":"57349","nom":"Jallaucourt","app":7.76,"app_bas":6.3,"app_haut":9.57,"app_ech":"maille","app_obs":2,"mai":8.36,"mai_bas":6.36,"mai_haut":11,"mai_ech":"epci","mai_obs":4,"a12":13.32,"a3":7},"geometry":{"type":"Polygon","coordinates":[[[6.3823,48.8207],[6.3749,48.8267],[6.3698,48.8344],[6.382,48.8463],[6.3818,48.8505],[6.3923,48.8514],[6.399,48.846],[6.4061,48.8475],[6.4132,48.8426],[6.4194,48.8345],[6.4207,48.8272],[6.3823,48.8207]]]}},{"type":"Feature","properties":{"code":"57461","nom":"Métairies-Saint-Quirin","app":9.46,"app_bas":7.66,"app_haut":11.69,"app_ech":"maille","app_obs":10,"mai":8.93,"mai_bas":6.95,"mai_haut":11.48,"mai_ech":"maille","mai_obs":3,"a12":12.17,"a3":7.69},"geometry":{"type":"Polygon","coordinates":[[[7.0342,48.6282],[7.0165,48.6341],[7.0123,48.6458],[7.023,48.6498],[7.0324,48.6574],[7.0223,48.6645],[7.0305,48.6643],[7.0428,48.6565],[7.0526,48.6429],[7.0561,48.642],[7.0633,48.6342],[7.0579,48.6272],[7.0451,48.6189],[7.0342,48.6282]]]}},{"type":"Feature","properties":{"code":"57511","nom":"Norroy-le-Veneur","app":14.26,"app_bas":11.43,"app_haut":17.79,"app_ech":"maille","app_obs":69,"mai":10.22,"mai_bas":7.69,"mai_haut":13.58,"mai_ech":"maille","mai_obs":12,"a12":16.99,"a3":10.16},"geometry":{"type":"Polygon","coordinates":[[[6.0575,49.1758],[6.055,49.183],[6.0709,49.1791],[6.0992,49.19],[6.1115,49.1902],[6.1407,49.1842],[6.1513,49.185],[6.153,49.1709],[6.1314,49.1697],[6.129,49.1769],[6.1218,49.1784],[6.0932,49.1742],[6.0881,49.1722],[6.068,49.1755],[6.0575,49.1758]]]}},{"type":"Feature","properties":{"code":"57520","nom":"Obreck","app":7.76,"app_bas":6.3,"app_haut":9.57,"app_ech":"maille","app_obs":0,"mai":7.65,"mai_bas":6.08,"mai_haut":9.62,"mai_ech":"maille","mai_obs":0,"a12":13.32,"a3":7.08},"geometry":{"type":"Polygon","coordinates":[[[6.5816,48.8426],[6.5873,48.8491],[6.5907,48.8599],[6.6111,48.8606],[6.6123,48.8461],[6.5816,48.8426]]]}},{"type":"Feature","properties":{"code":"57030","nom":"Arry","app":10.51,"app_bas":8.6,"app_haut":12.85,"app_ech":"maille","app_obs":6,"mai":9.82,"mai_bas":7.65,"mai_haut":12.6,"mai_ech":"maille","mai_obs":3,"a12":12.89,"a3":9.24},"geometry":{"type":"Polygon","coordinates":[[[6.045,49.0089],[6.0465,49.0065],[6.0639,49.0056],[6.0694,49.0091],[6.0814,49.0094],[6.0792,49.0042],[6.0648,48.981],[6.0619,48.9779],[6.0434,48.9775],[6.0442,48.9903],[6.0469,48.9957],[6.0432,49.0019],[6.045,49.0089]]]}},{"type":"Feature","properties":{"code":"57042","nom":"Avricourt","app":8.76,"app_bas":6.87,"app_haut":11.17,"app_ech":"maille","app_obs":61,"mai":6.94,"mai_bas":5.37,"mai_haut":8.96,"mai_ech":"epci","mai_obs":6,"a12":12.17,"a3":7.5},"geometry":{"type":"Polygon","coordinates":[[[6.7826,48.6427],[6.7741,48.6479],[6.764,48.6521],[6.7628,48.6554],[6.7809,48.6591],[6.7929,48.6647],[6.7977,48.6695],[6.7948,48.6753],[6.8021,48.677],[6.8115,48.6731],[6.8263,48.6557],[6.8414,48.6481],[6.843,48.6429],[6.8393,48.6374],[6.826,48.6448],[6.8064,48.6467],[6.7826,48.6427]]]}},{"type":"Feature","properties":{"code":"57064","nom":"Berling","app":10.52,"app_bas":8.14,"app_haut":13.61,"app_ech":"maille","app_obs":9,"mai":10.01,"mai_bas":7.29,"mai_haut":13.75,"mai_ech":"maille","mai_obs":13,"a12":11.47,"a3":8.92},"geometry":{"type":"Polygon","coordinates":[[[7.225,48.8027],[7.2452,48.81],[7.2556,48.8049],[7.2609,48.7975],[7.2392,48.7889],[7.2363,48.7945],[7.225,48.8027]]]}},{"type":"Feature","properties":{"code":"57166","nom":"Dalhain","app":7.76,"app_bas":6.3,"app_haut":9.57,"app_ech":"maille","app_obs":3,"mai":7.65,"mai_bas":6.08,"mai_haut":9.62,"mai_ech":"maille","mai_obs":0,"a12":13.32,"a3":7.08},"geometry":{"type":"Polygon","coordinates":[[[6.5433,48.8965],[6.5566,48.9003],[6.5717,48.8936],[6.5857,48.8911],[6.5837,48.8799],[6.5638,48.8757],[6.5621,48.8797],[6.5495,48.8889],[6.5426,48.8889],[6.5433,48.8965]]]}},{"type":"Feature","properties":{"code":"57752","nom":"Woustviller","app":10.05,"app_bas":8.09,"app_haut":12.48,"app_ech":"commune","app_obs":122,"mai":9.68,"mai_bas":7.49,"mai_haut":12.52,"mai_ech":"maille","mai_obs":25,"a12":10.49,"a3":10.11},"geometry":{"type":"Polygon","coordinates":[[[6.9783,49.0776],[6.9886,49.0834],[6.991,49.0899],[7.007,49.0971],[7.0236,49.0979],[7.0339,49.0923],[7.026,49.0816],[7.0264,49.0699],[7.0169,49.064],[7.0078,49.0621],[6.9865,49.0616],[6.9808,49.0684],[6.9783,49.0776]]]}},{"type":"Feature","properties":{"code":"57253","nom":"Gondrexange","app":8.59,"app_bas":6.84,"app_haut":10.79,"app_ech":"maille","app_obs":31,"mai":8.93,"mai_bas":6.95,"mai_haut":11.48,"mai_ech":"maille","mai_obs":7,"a12":12.17,"a3":7.14},"geometry":{"type":"Polygon","coordinates":[[[6.9373,48.6706],[6.9135,48.6679],[6.9021,48.6692],[6.8956,48.6641],[6.8877,48.6627],[6.8736,48.6754],[6.873,48.6873],[6.857,48.6936],[6.8637,48.7092],[6.8552,48.7088],[6.861,48.7168],[6.8734,48.7071],[6.8776,48.7068],[6.9214,48.7148],[6.9363,48.7152],[6.9502,48.7126],[6.948,48.6909],[6.9505,48.6844],[6.9569,48.6808],[6.9409,48.6741],[6.9373,48.6706]]]}},{"type":"Feature","properties":{"code":"57278","nom":"Guinzeling","app":8.77,"app_bas":7.03,"app_haut":10.95,"app_ech":"maille","app_obs":5,"mai":8.68,"mai_bas":6.64,"mai_haut":11.36,"mai_ech":"epci","mai_obs":0,"a12":10.49,"a3":7.39},"geometry":{"type":"Polygon","coordinates":[[[6.8465,48.8697],[6.823,48.8755],[6.8211,48.8775],[6.8374,48.8894],[6.8497,48.8929],[6.8551,48.8849],[6.8654,48.875],[6.8465,48.8697]]]}},{"type":"Feature","properties":{"code":"57291","nom":"Hangviller","app":10.52,"app_bas":8.14,"app_haut":13.61,"app_ech":"maille","app_obs":14,"mai":10.01,"mai_bas":7.29,"mai_haut":13.75,"mai_ech":"maille","mai_obs":6,"a12":11.47,"a3":8.92},"geometry":{"type":"Polygon","coordinates":[[[7.2581,48.8222],[7.2629,48.8186],[7.2505,48.815],[7.2452,48.81],[7.225,48.8027],[7.219,48.8022],[7.22,48.8191],[7.2178,48.8281],[7.2287,48.828],[7.243,48.8176],[7.2581,48.8222]]]}},{"type":"Feature","properties":{"code":"57582","nom":"Richemont","app":12.77,"app_bas":10.24,"app_haut":15.92,"app_ech":"commune","app_obs":163,"mai":12.51,"mai_bas":9.5,"mai_haut":16.46,"mai_ech":"maille","mai_obs":24,"a12":15.43,"a3":10.31},"geometry":{"type":"Polygon","coordinates":[[[6.158,49.2659],[6.1537,49.2701],[6.1511,49.2784],[6.1447,49.282],[6.133,49.2913],[6.1389,49.292],[6.1655,49.3011],[6.1756,49.2956],[6.1887,49.2807],[6.181,49.2727],[6.158,49.2659]]]}},{"type":"Feature","properties":{"code":"57001","nom":"Aboncourt","app":14.44,"app_bas":11.49,"app_haut":18.13,"app_ech":"maille","app_obs":1,"mai":9.64,"mai_bas":7,"mai_haut":13.28,"mai_ech":"maille","mai_obs":3,"a12":13.55,"a3":11.39},"geometry":{"type":"Polygon","coordinates":[[[6.3366,49.2644],[6.3368,49.2653],[6.362,49.2688],[6.3679,49.2671],[6.3799,49.2582],[6.3398,49.2402],[6.3409,49.2473],[6.3333,49.2575],[6.3366,49.2644]]]}},{"type":"Feature","properties":{"code":"57738","nom":"Waldhouse","app":9.43,"app_bas":7.47,"app_haut":11.9,"app_ech":"maille","app_obs":5,"mai":7.28,"mai_bas":5.68,"mai_haut":9.33,"mai_ech":"maille","mai_obs":0,"a12":10.7,"a3":9.07},"geometry":{"type":"Polygon","coordinates":[[[7.4439,49.1286],[7.4365,49.1453],[7.4372,49.1487],[7.4436,49.1553],[7.4516,49.1493],[7.4717,49.1452],[7.4777,49.1399],[7.4794,49.1331],[7.4583,49.1279],[7.4541,49.1252],[7.4439,49.1286]]]}},{"type":"Feature","properties":{"code":"57242","nom":"Gandrange","app":12.4,"app_bas":9.78,"app_haut":15.73,"app_ech":"commune","app_obs":103,"mai":10.41,"mai_bas":7.83,"mai_haut":13.84,"mai_ech":"maille","mai_obs":9,"a12":13.73,"a3":10.94},"geometry":{"type":"Polygon","coordinates":[[[6.1447,49.282],[6.1511,49.2784],[6.1537,49.2701],[6.1238,49.2636],[6.1172,49.2752],[6.1204,49.2808],[6.1447,49.282]]]}},{"type":"Feature","properties":{"code":"57293","nom":"Han-sur-Nied","app":10.24,"app_bas":8.43,"app_haut":12.44,"app_ech":"maille","app_obs":27,"mai":8.84,"mai_bas":7.29,"mai_haut":10.72,"mai_ech":"maille","mai_obs":2,"a12":12.45,"a3":9.52},"geometry":{"type":"Polygon","coordinates":[[[6.4454,48.9793],[6.4395,48.9859],[6.4331,48.9957],[6.4519,48.9985],[6.4556,48.9898],[6.4559,48.9866],[6.4454,48.9793]]]}},{"type":"Feature","properties":{"code":"57348","nom":"Ippling","app":10.66,"app_bas":8.46,"app_haut":13.43,"app_ech":"maille","app_obs":44,"mai":9.34,"mai_bas":7.04,"mai_haut":12.41,"mai_ech":"maille","mai_obs":11,"a12":11.76,"a3":9.31},"geometry":{"type":"Polygon","coordinates":[[[7.0117,49.12],[7.0157,49.1068],[7.007,49.0971],[6.991,49.0899],[6.9975,49.1035],[7.0009,49.1202],[7.0117,49.12]]]}},{"type":"Feature","properties":{"code":"57434","nom":"Maizières-lès-Vic","app":10.5,"app_bas":8.52,"app_haut":12.95,"app_ech":"maille","app_obs":31,"mai":7.25,"mai_bas":5.62,"mai_haut":9.35,"mai_ech":"maille","mai_obs":20,"a12":9.39,"a3":7.5},"geometry":{"type":"Polygon","coordinates":[[[6.7726,48.7459],[6.7782,48.7415],[6.8004,48.7324],[6.808,48.7246],[6.8174,48.7203],[6.8243,48.722],[6.8295,48.7159],[6.8123,48.7092],[6.8197,48.704],[6.8292,48.7062],[6.8269,48.7002],[6.8188,48.6953],[6.8077,48.6984],[6.7919,48.6818],[6.7747,48.6798],[6.7664,48.674],[6.7647,48.6841],[6.7566,48.6862],[6.7455,48.6913],[6.7456,48.6945],[6.7617,48.7022],[6.755,48.7111],[6.7546,48.7229],[6.768,48.7372],[6.7626,48.7459],[6.7726,48.7459]]]}},{"type":"Feature","properties":{"code":"57469","nom":"Mittersheim","app":8.77,"app_bas":7.03,"app_haut":10.95,"app_ech":"maille","app_obs":32,"mai":8.6,"mai_bas":6.59,"mai_haut":11.23,"mai_ech":"maille","mai_obs":16,"a12":9.73,"a3":7.13},"geometry":{"type":"Polygon","coordinates":[[[6.955,48.8754],[6.9691,48.8832],[6.9816,48.8707],[6.9657,48.8543],[6.9632,48.8454],[6.9677,48.8347],[6.9319,48.8314],[6.9289,48.8402],[6.9129,48.836],[6.915,48.8567],[6.9131,48.8651],[6.9262,48.8687],[6.9299,48.8768],[6.9357,48.8779],[6.9441,48.8734],[6.955,48.8754]]]}},{"type":"Feature","properties":{"code":"57575","nom":"Retonfey","app":12.15,"app_bas":9.85,"app_haut":14.98,"app_ech":"maille","app_obs":39,"mai":11.96,"mai_bas":9.19,"mai_haut":15.57,"mai_ech":"maille","mai_obs":18,"a12":13.87,"a3":11.84},"geometry":{"type":"Polygon","coordinates":[[[6.3452,49.1186],[6.3278,49.1191],[6.3181,49.1211],[6.3035,49.129],[6.2931,49.1261],[6.2785,49.1264],[6.2761,49.1292],[6.2889,49.1356],[6.2853,49.1449],[6.2947,49.1446],[6.319,49.1496],[6.3266,49.1498],[6.332,49.1294],[6.3507,49.132],[6.358,49.1294],[6.3452,49.1186]]]}},{"type":"Feature","properties":{"code":"57606","nom":"Saint-Avold","app":9.99,"app_bas":7.92,"app_haut":12.59,"app_ech":"commune","app_obs":2930,"mai":9.45,"mai_bas":7.11,"mai_haut":12.55,"mai_ech":"commune","mai_obs":229,"a12":11.62,"a3":8.62},"geometry":{"type":"Polygon","coordinates":[[[6.6598,49.0891],[6.6462,49.0904],[6.6398,49.0962],[6.6483,49.1001],[6.6716,49.1018],[6.6774,49.1048],[6.6958,49.1085],[6.6992,49.1206],[6.6965,49.1255],[6.6831,49.1329],[6.6598,49.136],[6.6417,49.1404],[6.6533,49.1448],[6.6705,49.1463],[6.7036,49.1532],[6.7118,49.1559],[6.7264,49.1547],[6.7328,49.1502],[6.7513,49.1556],[6.7559,49.163],[6.7479,49.1659],[6.7738,49.1676],[6.7723,49.1576],[6.7757,49.1455],[6.7649,49.145],[6.752,49.1383],[6.738,49.1271],[6.737,49.124],[6.7498,49.1199],[6.7614,49.119],[6.7564,49.1141],[6.7361,49.1107],[6.7261,49.0976],[6.6882,49.0974],[6.6598,49.0891]]]}},{"type":"Feature","properties":{"code":"57618","nom":"Saint-Louis","app":9.1,"app_bas":7.38,"app_haut":11.21,"app_ech":"maille","app_obs":15,"mai":10.01,"mai_bas":7.29,"mai_haut":13.75,"mai_ech":"maille","mai_obs":4,"a12":11.39,"a3":8.3},"geometry":{"type":"Polygon","coordinates":[[[7.2027,48.6937],[7.1799,48.6979],[7.1718,48.7055],[7.1749,48.7226],[7.1871,48.7249],[7.2066,48.7235],[7.2237,48.7186],[7.2162,48.7132],[7.2146,48.7057],[7.2027,48.6937]]]}},{"type":"Feature","properties":{"code":"57649","nom":"Servigny-lès-Sainte-Barbe","app":12.15,"app_bas":9.85,"app_haut":14.98,"app_ech":"maille","app_obs":13,"mai":11.96,"mai_bas":9.19,"mai_haut":15.57,"mai_ech":"maille","mai_obs":5,"a12":13.87,"a3":11.84},"geometry":{"type":"Polygon","coordinates":[[[6.2721,49.1397],[6.2584,49.1461],[6.257,49.1515],[6.2765,49.1575],[6.285,49.1578],[6.2878,49.1482],[6.2947,49.1446],[6.2853,49.1449],[6.2721,49.1397]]]}},{"type":"Feature","properties":{"code":"57171","nom":"Delme","app":9.3,"app_bas":7.23,"app_haut":11.95,"app_ech":"maille","app_obs":84,"mai":8.36,"mai_bas":6.36,"mai_haut":11,"mai_ech":"epci","mai_obs":38,"a12":12.45,"a3":8.2},"geometry":{"type":"Polygon","coordinates":[[[6.3553,48.8753],[6.3655,48.8745],[6.3771,48.8866],[6.3812,48.8943],[6.3764,48.8976],[6.3845,48.8945],[6.3961,48.8972],[6.41,48.8909],[6.4088,48.8888],[6.404,48.8877],[6.3977,48.8765],[6.3848,48.8732],[6.3608,48.8697],[6.3553,48.8753]]]}},{"type":"Feature","properties":{"code":"57723","nom":"Virming","app":8.02,"app_bas":6.45,"app_haut":9.98,"app_ech":"maille","app_obs":38,"mai":8.68,"mai_bas":6.64,"mai_haut":11.36,"mai_ech":"epci","mai_obs":7,"a12":10.49,"a3":7.69},"geometry":{"type":"Polygon","coordinates":[[[6.7421,48.9276],[6.7344,48.9248],[6.7274,48.9288],[6.7259,48.9394],[6.72,48.9439],[6.7262,48.9494],[6.737,48.9503],[6.7471,48.9568],[6.7735,48.9584],[6.7754,48.9445],[6.7823,48.9395],[6.7706,48.9297],[6.7675,48.929],[6.7663,48.9317],[6.7421,48.9276]]]}},{"type":"Feature","properties":{"code":"57216","nom":"Fleisheim","app":9.64,"app_bas":7.55,"app_haut":12.31,"app_ech":"maille","app_obs":2,"mai":8.04,"mai_bas":6.14,"mai_haut":10.54,"mai_ech":"maille","mai_obs":3,"a12":11.47,"a3":8.92},"geometry":{"type":"Polygon","coordinates":[[[7.1788,48.7864],[7.1577,48.7802],[7.1482,48.7864],[7.1463,48.7922],[7.1562,48.7973],[7.1591,48.8091],[7.1612,48.8002],[7.1795,48.8003],[7.1832,48.8061],[7.1845,48.8026],[7.1773,48.7937],[7.1788,48.7864]]]}},{"type":"Feature","properties":{"code":"57276","nom":"Guinglange","app":9.3,"app_bas":7.23,"app_haut":11.95,"app_ech":"maille","app_obs":16,"mai":8.84,"mai_bas":7.29,"mai_haut":10.72,"mai_ech":"maille","mai_obs":4,"a12":10.16,"a3":9.52},"geometry":{"type":"Polygon","coordinates":[[[6.4833,49.0668],[6.4831,49.0726],[6.4964,49.085],[6.5114,49.0843],[6.533,49.0921],[6.5358,49.0797],[6.5445,49.0748],[6.5397,49.0716],[6.5301,49.0528],[6.5284,49.045],[6.5163,49.0452],[6.5094,49.0498],[6.5129,49.0593],[6.5069,49.0738],[6.4931,49.0691],[6.4889,49.0644],[6.4833,49.0668]]]}},{"type":"Feature","properties":{"code":"57307","nom":"Hayes","app":13.25,"app_bas":10.37,"app_haut":16.92,"app_ech":"maille","app_obs":9,"mai":11.96,"mai_bas":9.19,"mai_haut":15.57,"mai_ech":"maille","mai_obs":16,"a12":12.14,"a3":10.72},"geometry":{"type":"Polygon","coordinates":[[[6.3541,49.1605],[6.3514,49.1726],[6.3536,49.1825],[6.3631,49.194],[6.3795,49.1873],[6.3918,49.1873],[6.3969,49.1804],[6.3967,49.1689],[6.4065,49.1644],[6.4086,49.1557],[6.4014,49.1481],[6.3938,49.1511],[6.3824,49.153],[6.3785,49.1589],[6.3541,49.1605]]]}},{"type":"Feature","properties":{"code":"57328","nom":"Holacourt","app":9.03,"app_bas":6.99,"app_haut":11.68,"app_ech":"maille","app_obs":0,"mai":8.86,"mai_bas":6.73,"mai_haut":11.66,"mai_ech":"maille","mai_obs":2,"a12":12.45,"a3":7.08},"geometry":{"type":"Polygon","coordinates":[[[6.5182,48.9862],[6.5193,48.9699],[6.5112,48.9677],[6.4902,48.9674],[6.4965,48.9713],[6.5063,48.9838],[6.5023,48.987],[6.5065,48.9903],[6.5182,48.9862]]]}},{"type":"Feature","properties":{"code":"57518","nom":"Oberstinzel","app":9.64,"app_bas":7.55,"app_haut":12.31,"app_ech":"maille","app_obs":0,"mai":8.6,"mai_bas":6.59,"mai_haut":11.23,"mai_ech":"maille","mai_obs":1,"a12":11.47,"a3":8.92},"geometry":{"type":"Polygon","coordinates":[[[7.0672,48.7995],[7.0577,48.7965],[7.0458,48.786],[7.0375,48.782],[7.0139,48.782],[7.0076,48.7911],[7.0198,48.7929],[7.0492,48.8041],[7.0672,48.7995]]]}},{"type":"Feature","properties":{"code":"57591","nom":"Rombas","app":11.3,"app_bas":8.61,"app_haut":14.83,"app_ech":"commune","app_obs":1078,"mai":11.91,"mai_bas":9.07,"mai_haut":15.66,"mai_ech":"maille","mai_obs":44,"a12":14.59,"a3":9.3},"geometry":{"type":"Polygon","coordinates":[[[6.1057,49.2614],[6.1114,49.2634],[6.1146,49.253],[6.1235,49.2419],[6.1151,49.2352],[6.083,49.2331],[6.0793,49.2255],[6.0698,49.2308],[6.0524,49.2312],[6.0609,49.2502],[6.0831,49.2559],[6.0993,49.2573],[6.1057,49.2614]]]}},{"type":"Feature","properties":{"code":"57003","nom":"Abreschviller","app":9.91,"app_bas":7.56,"app_haut":13,"app_ech":"commune","app_obs":109,"mai":8.93,"mai_bas":6.95,"mai_haut":11.48,"mai_ech":"maille","mai_obs":26,"a12":12.98,"a3":8.32},"geometry":{"type":"Polygon","coordinates":[[[7.2203,48.5547],[7.2014,48.5527],[7.1725,48.5683],[7.158,48.572],[7.1427,48.5843],[7.1313,48.5889],[7.1259,48.5974],[7.1275,48.6092],[7.1253,48.614],[7.1102,48.6187],[7.1054,48.6273],[7.0861,48.6368],[7.0702,48.6392],[7.0707,48.6406],[7.105,48.6523],[7.1128,48.6529],[7.1226,48.645],[7.1363,48.6491],[7.1393,48.6449],[7.1191,48.6332],[7.1302,48.6295],[7.1491,48.6364],[7.16,48.6293],[7.161,48.621],[7.1772,48.6114],[7.2048,48.5829],[7.2171,48.5752],[7.2203,48.5705],[7.2183,48.5604],[7.2203,48.5547]]]}},{"type":"Feature","properties":{"code":"57142","nom":"Chieulles","app":14.11,"app_bas":11.09,"app_haut":17.94,"app_ech":"maille","app_obs":14,"mai":12.23,"mai_bas":8.79,"mai_haut":17.02,"mai_ech":"maille","mai_obs":3,"a12":14.21,"a3":11.56},"geometry":{"type":"Polygon","coordinates":[[[6.2027,49.1513],[6.2065,49.1578],[6.2236,49.1666],[6.2331,49.1592],[6.2244,49.148],[6.215,49.1518],[6.2027,49.1513]]]}},{"type":"Feature","properties":{"code":"57452","nom":"Maxe","app":14.11,"app_bas":11.09,"app_haut":17.94,"app_ech":"maille","app_obs":37,"mai":12.23,"mai_bas":8.79,"mai_haut":17.02,"mai_ech":"maille","mai_obs":12,"a12":13.87,"a3":11.84},"geometry":{"type":"Polygon","coordinates":[[[6.1988,49.1437],[6.1797,49.1462],[6.1795,49.1582],[6.1759,49.1666],[6.178,49.1751],[6.1865,49.178],[6.2025,49.1781],[6.2093,49.1707],[6.2065,49.1578],[6.1988,49.1437]]]}},{"type":"Feature","properties":{"code":"57554","nom":"Pournoy-la-Grasse","app":11.76,"app_bas":9.42,"app_haut":14.67,"app_ech":"maille","app_obs":16,"mai":11.96,"mai_bas":9.19,"mai_haut":15.57,"mai_ech":"maille","mai_obs":6,"a12":13.87,"a3":10.52},"geometry":{"type":"MultiPolygon","coordinates":[[[[6.2301,49.0303],[6.232,49.0215],[6.2255,49.0132],[6.2281,49.0014],[6.2237,49.0003],[6.2088,49.0095],[6.2009,49.0238],[6.2301,49.0303]]],[[[6.1811,49.0202],[6.198,49.0194],[6.1909,49.0141],[6.1953,49.0071],[6.1855,49.0051],[6.1707,49.0073],[6.1811,49.0202]]]]}},{"type":"Feature","properties":{"code":"57652","nom":"Sillegny","app":11.76,"app_bas":9.42,"app_haut":14.67,"app_ech":"maille","app_obs":6,"mai":9.82,"mai_bas":7.65,"mai_haut":12.6,"mai_ech":"maille","mai_obs":7,"a12":12.89,"a3":9.54},"geometry":{"type":"Polygon","coordinates":[[[6.169,49.005],[6.1661,48.9961],[6.1701,48.9867],[6.1611,48.9727],[6.1507,48.9677],[6.131,48.9689],[6.1361,48.9818],[6.1301,48.9808],[6.1265,48.9874],[6.1161,48.9958],[6.1224,48.9985],[6.1312,48.9987],[6.16,49.0049],[6.169,49.005]]]}},{"type":"Feature","properties":{"code":"57067","nom":"Bertrange","app":17.41,"app_bas":13.79,"app_haut":21.99,"app_ech":"commune","app_obs":126,"mai":17,"mai_bas":12.23,"mai_haut":23.63,"mai_ech":"maille","mai_obs":26,"a12":16.8,"a3":11.43},"geometry":{"type":"Polygon","coordinates":[[[6.2114,49.3286],[6.2169,49.3298],[6.2135,49.3214],[6.2248,49.3153],[6.2198,49.3076],[6.2081,49.312],[6.1871,49.3061],[6.1649,49.3023],[6.1612,49.3071],[6.1735,49.3179],[6.1798,49.3169],[6.1952,49.3274],[6.2114,49.3286]]]}},{"type":"Feature","properties":{"code":"57097","nom":"Boulay-Moselle","app":10.63,"app_bas":8.54,"app_haut":13.23,"app_ech":"commune","app_obs":893,"mai":9.64,"mai_bas":7,"mai_haut":13.28,"mai_ech":"maille","mai_obs":88,"a12":13.1,"a3":8.91},"geometry":{"type":"Polygon","coordinates":[[[6.5164,49.1983],[6.5258,49.1826],[6.5277,49.1721],[6.5206,49.1567],[6.5186,49.1462],[6.5113,49.1458],[6.5003,49.1478],[6.4967,49.1631],[6.4869,49.1615],[6.4723,49.1705],[6.4666,49.1766],[6.4693,49.1976],[6.4862,49.2041],[6.5005,49.1999],[6.5164,49.1983]]]}},{"type":"Feature","properties":{"code":"57217","nom":"Flétrange","app":9.56,"app_bas":8,"app_haut":11.43,"app_ech":"maille","app_obs":70,"mai":8.84,"mai_bas":7.29,"mai_haut":10.72,"mai_ech":"maille","mai_obs":5,"a12":12.14,"a3":7.78},"geometry":{"type":"Polygon","coordinates":[[[6.5445,49.0748],[6.5697,49.0838],[6.5781,49.0887],[6.587,49.0816],[6.5763,49.0793],[6.5794,49.0653],[6.5555,49.0584],[6.5445,49.0634],[6.5445,49.0748]]]}},{"type":"Feature","properties":{"code":"57250","nom":"Goetzenbruck","app":9.53,"app_bas":7.31,"app_haut":12.44,"app_ech":"maille","app_obs":59,"mai":7.28,"mai_bas":5.68,"mai_haut":9.33,"mai_ech":"maille","mai_obs":17,"a12":11.29,"a3":7.13},"geometry":{"type":"Polygon","coordinates":[[[7.3891,48.9932],[7.3838,48.9911],[7.3812,48.9835],[7.3904,48.9797],[7.3954,48.972],[7.3829,48.9639],[7.3951,48.9589],[7.3759,48.9537],[7.3677,48.9559],[7.3697,48.9613],[7.3618,48.9706],[7.3603,48.9862],[7.375,48.9969],[7.3818,48.9924],[7.3891,48.9932]]]}},{"type":"Feature","properties":{"code":"57354","nom":"Juville","app":9.3,"app_bas":7.23,"app_haut":11.95,"app_ech":"maille","app_obs":12,"mai":8.36,"mai_bas":6.36,"mai_haut":11,"mai_ech":"epci","mai_obs":1,"a12":12.45,"a3":8.2},"geometry":{"type":"Polygon","coordinates":[[[6.3548,48.9434],[6.3732,48.9423],[6.3782,48.9279],[6.3707,48.9252],[6.3567,48.9162],[6.3435,48.9213],[6.336,48.9292],[6.3548,48.9434]]]}},{"type":"Feature","properties":{"code":"57465","nom":"Metzervisse","app":13.59,"app_bas":10.65,"app_haut":17.34,"app_ech":"commune","app_obs":121,"mai":17,"mai_bas":12.23,"mai_haut":23.63,"mai_ech":"maille","mai_obs":12,"a12":13.55,"a3":10.69},"geometry":{"type":"Polygon","coordinates":[[[6.2744,49.2998],[6.2742,49.3101],[6.2591,49.3211],[6.2505,49.3222],[6.2604,49.3264],[6.2671,49.3253],[6.2909,49.3313],[6.306,49.3315],[6.3186,49.3127],[6.312,49.3124],[6.2866,49.3024],[6.2744,49.2998]]]}},{"type":"Feature","properties":{"code":"57549","nom":"Pontpierre","app":9.21,"app_bas":7.43,"app_haut":11.42,"app_ech":"maille","app_obs":81,"mai":8.09,"mai_bas":6.27,"mai_haut":10.43,"mai_ech":"maille","mai_obs":11,"a12":10.16,"a3":8.6},"geometry":{"type":"Polygon","coordinates":[[[6.6469,49.0302],[6.6276,49.0365],[6.6148,49.0565],[6.6244,49.0645],[6.6338,49.0687],[6.6427,49.0688],[6.6438,49.0614],[6.6515,49.0473],[6.6654,49.0404],[6.6469,49.0302]]]}},{"type":"Feature","properties":{"code":"57629","nom":"Sarraltroff","app":9.64,"app_bas":7.55,"app_haut":12.31,"app_ech":"maille","app_obs":32,"mai":8.6,"mai_bas":6.59,"mai_haut":11.23,"mai_ech":"maille","mai_obs":7,"a12":12.17,"a3":8.92},"geometry":{"type":"Polygon","coordinates":[[[7.0909,48.7628],[7.0825,48.7631],[7.0722,48.7575],[7.0385,48.7594],[7.0375,48.782],[7.0458,48.786],[7.0577,48.7965],[7.0672,48.7995],[7.0699,48.7929],[7.0792,48.7863],[7.0829,48.7854],[7.0909,48.7628]]]}},{"type":"Feature","properties":{"code":"57152","nom":"Contz-les-Bains","app":14.73,"app_bas":10.69,"app_haut":20.3,"app_ech":"maille","app_obs":18,"mai":12.49,"mai_bas":8.98,"mai_haut":17.37,"mai_ech":"maille","mai_obs":2,"a12":16.8,"a3":12.32},"geometry":{"type":"Polygon","coordinates":[[[6.3486,49.4474],[6.3365,49.4525],[6.3353,49.4561],[6.3471,49.466],[6.3644,49.4595],[6.3635,49.4496],[6.3486,49.4474]]]}},{"type":"Feature","properties":{"code":"57749","nom":"Vœlfling-lès-Bouzonville","app":10.39,"app_bas":8.34,"app_haut":12.95,"app_ech":"maille","app_obs":4,"mai":8.76,"mai_bas":6.59,"mai_haut":11.65,"mai_ech":"maille","mai_obs":0,"a12":13.55,"a3":9.26},"geometry":{"type":"Polygon","coordinates":[[[6.6207,49.2846],[6.6041,49.2873],[6.585,49.2963],[6.5841,49.2982],[6.5923,49.3005],[6.6152,49.2972],[6.6222,49.29],[6.6207,49.2846]]]}},{"type":"Feature","properties":{"code":"57754","nom":"Xanrey","app":8.76,"app_bas":6.87,"app_haut":11.17,"app_ech":"maille","app_obs":4,"mai":7.65,"mai_bas":6.08,"mai_haut":9.62,"mai_ech":"maille","mai_obs":0,"a12":10.3,"a3":7.61},"geometry":{"type":"Polygon","coordinates":[[[6.5894,48.7671],[6.6065,48.761],[6.609,48.75],[6.5931,48.7376],[6.5895,48.7325],[6.5794,48.7351],[6.5643,48.75],[6.5622,48.7561],[6.5802,48.7614],[6.5894,48.7671]]]}},{"type":"Feature","properties":{"code":"57183","nom":"Donnelay","app":10.5,"app_bas":8.52,"app_haut":12.95,"app_ech":"maille","app_obs":2,"mai":7.65,"mai_bas":6.08,"mai_haut":9.62,"mai_ech":"maille","mai_obs":0,"a12":10.48,"a3":7.13},"geometry":{"type":"Polygon","coordinates":[[[6.706,48.7641],[6.7119,48.7541],[6.7233,48.7447],[6.7133,48.7439],[6.7102,48.7328],[6.6934,48.7319],[6.6808,48.7355],[6.6636,48.7436],[6.6556,48.7493],[6.6629,48.7598],[6.6758,48.7668],[6.6931,48.7688],[6.706,48.7641]]]}},{"type":"Feature","properties":{"code":"57197","nom":"Ernestviller","app":11.2,"app_bas":8.65,"app_haut":14.5,"app_ech":"maille","app_obs":15,"mai":9.68,"mai_bas":7.49,"mai_haut":12.52,"mai_ech":"maille","mai_obs":13,"a12":10.49,"a3":10.11},"geometry":{"type":"Polygon","coordinates":[[[6.9783,49.0776],[6.9808,49.0684],[6.9934,49.0548],[6.9832,49.0506],[6.9677,49.0542],[6.9591,49.068],[6.9762,49.08],[6.9783,49.0776]]]}},{"type":"Feature","properties":{"code":"57266","nom":"Guéblange-lès-Dieuze","app":10.5,"app_bas":8.52,"app_haut":12.95,"app_ech":"maille","app_obs":12,"mai":7.65,"mai_bas":6.08,"mai_haut":9.62,"mai_ech":"maille","mai_obs":1,"a12":9.39,"a3":7.13},"geometry":{"type":"Polygon","coordinates":[[[6.706,48.7641],[6.6931,48.7688],[6.6908,48.7742],[6.6782,48.7756],[6.6977,48.7878],[6.7171,48.7869],[6.7186,48.7816],[6.7175,48.7757],[6.706,48.7641]]]}},{"type":"Feature","properties":{"code":"57447","nom":"Marly","app":13.05,"app_bas":10.45,"app_haut":16.28,"app_ech":"commune","app_obs":359,"mai":13.71,"mai_bas":9.85,"mai_haut":19.09,"mai_ech":"commune","mai_obs":125,"a12":15.03,"a3":12.07},"geometry":{"type":"Polygon","coordinates":[[[6.1772,49.051],[6.1598,49.048],[6.1492,49.0517],[6.1378,49.0473],[6.135,49.0507],[6.1354,49.0654],[6.1397,49.073],[6.133,49.0801],[6.1267,49.0803],[6.1441,49.0895],[6.1551,49.0836],[6.1647,49.0813],[6.165,49.0761],[6.1727,49.0633],[6.1806,49.056],[6.1772,49.051]]]}},{"type":"Feature","properties":{"code":"57455","nom":"Mégange","app":9.43,"app_bas":7.58,"app_haut":11.75,"app_ech":"maille","app_obs":1,"mai":9.64,"mai_bas":7,"mai_haut":13.28,"mai_ech":"maille","mai_obs":3,"a12":12.14,"a3":8.48},"geometry":{"type":"Polygon","coordinates":[[[6.4144,49.2143],[6.4275,49.2192],[6.4257,49.229],[6.4196,49.2339],[6.4346,49.2403],[6.4385,49.2393],[6.4307,49.234],[6.437,49.23],[6.4579,49.2273],[6.4593,49.2191],[6.4421,49.2166],[6.4344,49.2113],[6.4144,49.2143]]]}},{"type":"Feature","properties":{"code":"57504","nom":"Niderhoff","app":9.4,"app_bas":7.15,"app_haut":12.35,"app_ech":"maille","app_obs":11,"mai":8.93,"mai_bas":6.95,"mai_haut":11.48,"mai_ech":"maille","mai_obs":3,"a12":12.17,"a3":7.69},"geometry":{"type":"Polygon","coordinates":[[[7.0087,48.6118],[7.0041,48.6084],[6.9932,48.6099],[6.9993,48.6222],[6.9974,48.646],[7.0123,48.6458],[7.0165,48.6341],[7.0342,48.6282],[7.0209,48.6254],[7.0064,48.6153],[7.0087,48.6118]]]}},{"type":"Feature","properties":{"code":"57537","nom":"Petite-Rosselle","app":8.85,"app_bas":7,"app_haut":11.21,"app_ech":"commune","app_obs":442,"mai":9.34,"mai_bas":7.04,"mai_haut":12.41,"mai_ech":"maille","mai_obs":45,"a12":12.94,"a3":7.63},"geometry":{"type":"Polygon","coordinates":[[[6.8501,49.1935],[6.8522,49.1987],[6.8354,49.2113],[6.8574,49.2223],[6.87,49.2188],[6.8713,49.2155],[6.8848,49.2111],[6.8617,49.2017],[6.8501,49.1935]]]}},{"type":"Feature","properties":{"code":"57588","nom":"Rodemack","app":14.73,"app_bas":10.69,"app_haut":20.3,"app_ech":"maille","app_obs":52,"mai":17,"mai_bas":12.23,"mai_haut":23.63,"mai_ech":"maille","mai_obs":14,"a12":19.78,"a3":15.06},"geometry":{"type":"Polygon","coordinates":[[[6.2219,49.4858],[6.2272,49.4797],[6.2484,49.4794],[6.2653,49.4696],[6.2675,49.464],[6.2785,49.4551],[6.2526,49.437],[6.2438,49.4358],[6.2564,49.4484],[6.2501,49.457],[6.2381,49.4586],[6.2196,49.47],[6.2128,49.4725],[6.2219,49.4858]]]}},{"type":"Feature","properties":{"code":"57065","nom":"Bermering","app":10.5,"app_bas":8.52,"app_haut":12.95,"app_ech":"maille","app_obs":2,"mai":8.68,"mai_bas":6.64,"mai_haut":11.36,"mai_ech":"epci","mai_obs":4,"a12":10.48,"a3":8.6},"geometry":{"type":"Polygon","coordinates":[[[6.6922,48.9379],[6.7028,48.9447],[6.7132,48.9466],[6.72,48.9439],[6.7259,48.9394],[6.7274,48.9288],[6.7344,48.9248],[6.7279,48.922],[6.7032,48.9205],[6.6922,48.9379]]]}},{"type":"Feature","properties":{"code":"57070","nom":"Bettange","app":9.43,"app_bas":7.58,"app_haut":11.75,"app_ech":"maille","app_obs":18,"mai":8.76,"mai_bas":6.59,"mai_haut":11.65,"mai_ech":"maille","mai_obs":1,"a12":12.14,"a3":8.34},"geometry":{"type":"Polygon","coordinates":[[[6.4823,49.2507],[6.4842,49.2473],[6.5011,49.2511],[6.4991,49.2384],[6.5052,49.2367],[6.5041,49.2282],[6.4865,49.2319],[6.4753,49.232],[6.4767,49.2392],[6.4741,49.2467],[6.4823,49.2507]]]}},{"type":"Feature","properties":{"code":"57213","nom":"Filstroff","app":11.8,"app_bas":9.22,"app_haut":15.1,"app_ech":"maille","app_obs":17,"mai":9.64,"mai_bas":7,"mai_haut":13.28,"mai_ech":"maille","mai_obs":3,"a12":15.89,"a3":8.48},"geometry":{"type":"Polygon","coordinates":[[[6.5131,49.3361],[6.5278,49.3414],[6.547,49.3447],[6.5567,49.3432],[6.5708,49.334],[6.5639,49.3276],[6.5638,49.3162],[6.5563,49.3124],[6.5359,49.312],[6.5215,49.3054],[6.5014,49.3123],[6.495,49.3113],[6.4835,49.3151],[6.4777,49.3143],[6.4767,49.3149],[6.4916,49.3188],[6.4981,49.3291],[6.5131,49.3361]]]}},{"type":"Feature","properties":{"code":"57468","nom":"Mittelbronn","app":9.1,"app_bas":7.38,"app_haut":11.21,"app_ech":"maille","app_obs":35,"mai":10.01,"mai_bas":7.29,"mai_haut":13.75,"mai_ech":"maille","mai_obs":11,"a12":11.47,"a3":8.92},"geometry":{"type":"Polygon","coordinates":[[[7.2396,48.7531],[7.2255,48.7477],[7.2229,48.7412],[7.209,48.7477],[7.2151,48.7591],[7.2135,48.7629],[7.2139,48.7739],[7.2227,48.7868],[7.2351,48.7886],[7.2417,48.7792],[7.2372,48.7712],[7.2417,48.7584],[7.2396,48.7531]]]}},{"type":"Feature","properties":{"code":"57471","nom":"Momerstroff","app":9.56,"app_bas":8,"app_haut":11.43,"app_ech":"maille","app_obs":20,"mai":9.64,"mai_bas":7,"mai_haut":13.28,"mai_ech":"maille","mai_obs":10,"a12":12.14,"a3":7.78},"geometry":{"type":"Polygon","coordinates":[[[6.5503,49.1561],[6.5444,49.1502],[6.543,49.1428],[6.513,49.1394],[6.5113,49.1458],[6.5186,49.1462],[6.5206,49.1567],[6.5277,49.1721],[6.5402,49.1715],[6.5474,49.1667],[6.5503,49.1561]]]}},{"type":"Feature","properties":{"code":"57497","nom":"Nelling","app":8.02,"app_bas":6.45,"app_haut":9.98,"app_ech":"maille","app_obs":13,"mai":9.4,"mai_bas":7.21,"mai_haut":12.25,"mai_ech":"epci","mai_obs":5,"a12":9.73,"a3":7.89},"geometry":{"type":"Polygon","coordinates":[[[6.8946,48.9813],[6.8944,48.9748],[6.8797,48.9647],[6.8584,48.9617],[6.8351,48.9541],[6.8262,48.9554],[6.8319,48.9608],[6.8439,48.9659],[6.8576,48.9781],[6.8679,48.9794],[6.8803,48.984],[6.8946,48.9813]]]}},{"type":"Feature","properties":{"code":"57571","nom":"Rémering-lès-Puttelange","app":9.71,"app_bas":7.81,"app_haut":12.07,"app_ech":"commune","app_obs":117,"mai":9.4,"mai_bas":7.21,"mai_haut":12.25,"mai_ech":"epci","mai_obs":9,"a12":10.49,"a3":8.5},"geometry":{"type":"Polygon","coordinates":[[[6.9415,49.0227],[6.9278,49.0172],[6.9213,49.0171],[6.9126,49.0222],[6.8961,49.0375],[6.9087,49.0407],[6.9346,49.0407],[6.945,49.0495],[6.9522,49.0491],[6.9542,49.0413],[6.9628,49.0344],[6.9415,49.0227]]]}},{"type":"Feature","properties":{"code":"57701","nom":"Vaux","app":12.46,"app_bas":9.6,"app_haut":16.16,"app_ech":"maille","app_obs":14,"mai":10.22,"mai_bas":7.69,"mai_haut":13.58,"mai_ech":"maille","mai_obs":19,"a12":14.91,"a3":11.67},"geometry":{"type":"Polygon","coordinates":[[[6.0483,49.1093],[6.0458,49.1104],[6.0478,49.1112],[6.0681,49.0972],[6.0967,49.0974],[6.1072,49.0884],[6.1004,49.086],[6.0824,49.0884],[6.0759,49.0839],[6.0477,49.0842],[6.0427,49.0917],[6.0439,49.0995],[6.0513,49.101],[6.0483,49.1093]]]}},{"type":"Feature","properties":{"code":"57302","nom":"Hattigny","app":9.4,"app_bas":7.15,"app_haut":12.35,"app_ech":"maille","app_obs":19,"mai":8.93,"mai_bas":6.95,"mai_haut":11.48,"mai_ech":"maille","mai_obs":0,"a12":9.22,"a3":7.69},"geometry":{"type":"Polygon","coordinates":[[[6.9504,48.6488],[6.9772,48.6444],[6.9753,48.6379],[6.9798,48.6306],[6.992,48.6286],[6.9913,48.6095],[6.9731,48.6116],[6.9608,48.6083],[6.9397,48.6151],[6.9342,48.6333],[6.93,48.6355],[6.9304,48.6402],[6.9387,48.6428],[6.9504,48.6488]]]}},{"type":"Feature","properties":{"code":"57358","nom":"Kédange-sur-Canner","app":13.27,"app_bas":10.4,"app_haut":16.93,"app_ech":"maille","app_obs":35,"mai":9.64,"mai_bas":7,"mai_haut":13.28,"mai_ech":"maille","mai_obs":13,"a12":13.55,"a3":10.72},"geometry":{"type":"Polygon","coordinates":[[[6.3203,49.3101],[6.3275,49.3164],[6.3474,49.3164],[6.3544,49.3182],[6.3686,49.3127],[6.3679,49.3059],[6.3492,49.308],[6.3295,49.3016],[6.3203,49.3101]]]}},{"type":"Feature","properties":{"code":"57515","nom":"Novéant-sur-Moselle","app":11.64,"app_bas":9.37,"app_haut":14.46,"app_ech":"commune","app_obs":227,"mai":8.1,"mai_bas":6.21,"mai_haut":10.56,"mai_ech":"maille","mai_obs":22,"a12":12.89,"a3":11.72},"geometry":{"type":"Polygon","coordinates":[[[6.045,49.0089],[6.0186,49.025],[6.0165,49.0353],[6.0127,49.0374],[6.0244,49.0446],[6.0274,49.0509],[6.0215,49.0533],[6.012,49.0653],[6.0234,49.0677],[6.0447,49.0436],[6.0575,49.04],[6.0535,49.0309],[6.055,49.0218],[6.0669,49.0195],[6.0694,49.0091],[6.0639,49.0056],[6.0465,49.0065],[6.045,49.0089]]]}},{"type":"Feature","properties":{"code":"57677","nom":"Trémery","app":13.25,"app_bas":10.37,"app_haut":16.92,"app_ech":"maille","app_obs":49,"mai":12.51,"mai_bas":9.5,"mai_haut":16.46,"mai_ech":"maille","mai_obs":5,"a12":13.55,"a3":11.39},"geometry":{"type":"Polygon","coordinates":[[[6.2106,49.2494],[6.2188,49.2566],[6.2271,49.2598],[6.2299,49.2537],[6.2448,49.2555],[6.2573,49.2621],[6.2613,49.2726],[6.2793,49.2709],[6.2856,49.2668],[6.265,49.2539],[6.2491,49.2503],[6.2396,49.2505],[6.2384,49.2429],[6.2281,49.2365],[6.2233,49.2386],[6.2106,49.2354],[6.2106,49.2494]]]}},{"type":"Feature","properties":{"code":"57685","nom":"Vahl-lès-Bénestroff","app":8.77,"app_bas":7.03,"app_haut":10.95,"app_ech":"maille","app_obs":5,"mai":8.68,"mai_bas":6.64,"mai_haut":11.36,"mai_ech":"epci","mai_obs":4,"a12":10.49,"a3":7.39},"geometry":{"type":"Polygon","coordinates":[[[6.7936,48.8995],[6.7776,48.8952],[6.7761,48.9049],[6.7679,48.9213],[6.7675,48.929],[6.7781,48.9303],[6.7894,48.9412],[6.804,48.9329],[6.8121,48.9247],[6.7928,48.9063],[6.7936,48.8995]]]}},{"type":"Feature","properties":{"code":"57026","nom":"Apach","app":13.86,"app_bas":10.73,"app_haut":17.9,"app_ech":"maille","app_obs":68,"mai":12.49,"mai_bas":8.98,"mai_haut":17.37,"mai_ech":"maille","mai_obs":14,"a12":17.34,"a3":12.32},"geometry":{"type":"Polygon","coordinates":[[[6.3889,49.4517],[6.3716,49.4541],[6.3667,49.4669],[6.3804,49.4652],[6.4032,49.466],[6.4058,49.4584],[6.3959,49.4574],[6.3889,49.4517]]]}},{"type":"Feature","properties":{"code":"57140","nom":"Chesny","app":11.76,"app_bas":9.42,"app_haut":14.67,"app_ech":"maille","app_obs":27,"mai":12.23,"mai_bas":8.79,"mai_haut":17.02,"mai_ech":"maille","mai_obs":3,"a12":13.87,"a3":9.92},"geometry":{"type":"Polygon","coordinates":[[[6.2252,49.0533],[6.225,49.0555],[6.2342,49.0613],[6.251,49.0628],[6.2561,49.0553],[6.2593,49.0423],[6.2489,49.0429],[6.239,49.0465],[6.2316,49.0437],[6.2252,49.0533]]]}},{"type":"Feature","properties":{"code":"57198","nom":"Erstroff","app":9.21,"app_bas":7.43,"app_haut":11.42,"app_ech":"maille","app_obs":9,"mai":8.6,"mai_bas":6.59,"mai_haut":11.23,"mai_ech":"maille","mai_obs":5,"a12":12.86,"a3":7.69},"geometry":{"type":"Polygon","coordinates":[[[6.7685,48.9697],[6.7599,48.9716],[6.7554,48.9763],[6.7609,48.9813],[6.7622,48.9914],[6.7814,48.9895],[6.789,48.9908],[6.7965,48.9757],[6.791,48.9706],[6.784,48.9747],[6.7784,48.9708],[6.7685,48.9697]]]}},{"type":"Feature","properties":{"code":"57288","nom":"Ham-sous-Varsberg","app":9.31,"app_bas":7.38,"app_haut":11.73,"app_ech":"commune","app_obs":194,"mai":8.09,"mai_bas":6.27,"mai_haut":10.43,"mai_ech":"maille","mai_obs":23,"a12":11.05,"a3":8.09},"geometry":{"type":"Polygon","coordinates":[[[6.6284,49.1826],[6.6353,49.1979],[6.6498,49.1959],[6.6506,49.1929],[6.6713,49.1926],[6.6778,49.1893],[6.6677,49.1824],[6.661,49.1805],[6.6488,49.1717],[6.6451,49.1645],[6.6374,49.1636],[6.6305,49.1648],[6.6326,49.1698],[6.6414,49.1755],[6.635,49.1815],[6.6284,49.1826]]]}},{"type":"Feature","properties":{"code":"57368","nom":"Knutange","app":12.13,"app_bas":9.46,"app_haut":15.56,"app_ech":"commune","app_obs":580,"mai":11.91,"mai_bas":9.07,"mai_haut":15.66,"mai_ech":"maille","mai_obs":39,"a12":14.58,"a3":11.3},"geometry":{"type":"Polygon","coordinates":[[[6.0339,49.3447],[6.0423,49.3402],[6.0459,49.3322],[6.0339,49.3295],[6.0261,49.3312],[6.0167,49.3372],[6.0177,49.3403],[6.0241,49.3446],[6.0339,49.3447]]]}},{"type":"Feature","properties":{"code":"57372","nom":"Kuntzig","app":15.15,"app_bas":11.54,"app_haut":19.89,"app_ech":"maille","app_obs":62,"mai":12.49,"mai_bas":8.98,"mai_haut":17.37,"mai_ech":"maille","mai_obs":15,"a12":17.34,"a3":12.32},"geometry":{"type":"Polygon","coordinates":[[[6.2346,49.3614],[6.2573,49.3507],[6.2511,49.3484],[6.2516,49.3368],[6.2368,49.3419],[6.2284,49.3361],[6.2218,49.3405],[6.2197,49.3529],[6.2346,49.3614]]]}},{"type":"Feature","properties":{"code":"57399","nom":"Lezey","app":7.76,"app_bas":6.3,"app_haut":9.57,"app_ech":"maille","app_obs":5,"mai":7.25,"mai_bas":5.62,"mai_haut":9.35,"mai_ech":"maille","mai_obs":0,"a12":9.39,"a3":7},"geometry":{"type":"Polygon","coordinates":[[[6.6296,48.7723],[6.6382,48.7606],[6.6396,48.753],[6.6346,48.7472],[6.6426,48.7403],[6.6412,48.7353],[6.6339,48.7368],[6.609,48.75],[6.6065,48.761],[6.5894,48.7671],[6.6084,48.7713],[6.6296,48.7723]]]}},{"type":"Feature","properties":{"code":"57449","nom":"Marsilly","app":12.93,"app_bas":10.12,"app_haut":16.51,"app_ech":"maille","app_obs":17,"mai":11.96,"mai_bas":9.19,"mai_haut":15.57,"mai_ech":"maille","mai_obs":4,"a12":13.87,"a3":9.92},"geometry":{"type":"Polygon","coordinates":[[[6.2878,49.0966],[6.2979,49.1033],[6.3213,49.102],[6.3213,49.0904],[6.3053,49.0849],[6.2878,49.0966]]]}},{"type":"Feature","properties":{"code":"57603","nom":"Russange","app":17.15,"app_bas":12.65,"app_haut":23.25,"app_ech":"maille","app_obs":42,"mai":12.85,"mai_bas":9.56,"mai_haut":17.26,"mai_ech":"maille","mai_obs":8,"a12":17.39,"a3":12.5},"geometry":{"type":"Polygon","coordinates":[[[5.9296,49.4853],[5.938,49.4861],[5.9443,49.4914],[5.9388,49.4979],[5.9276,49.4982],[5.9399,49.501],[5.9644,49.4884],[5.9558,49.4783],[5.9401,49.4776],[5.9296,49.4853]]]}},{"type":"Feature","properties":{"code":"57681","nom":"Tromborn","app":9.43,"app_bas":7.58,"app_haut":11.75,"app_ech":"maille","app_obs":22,"mai":9.64,"mai_bas":7,"mai_haut":13.28,"mai_ech":"maille","mai_obs":4,"a12":12.14,"a3":8.48},"geometry":{"type":"Polygon","coordinates":[[[6.584,49.2612],[6.5959,49.2666],[6.6052,49.2741],[6.6146,49.2791],[6.6091,49.2711],[6.6137,49.267],[6.6072,49.2642],[6.6176,49.2525],[6.6074,49.2496],[6.5974,49.25],[6.5844,49.2407],[6.5711,49.246],[6.5774,49.2557],[6.584,49.2612]]]}},{"type":"Feature","properties":{"code":"57104","nom":"Boust","app":16.68,"app_bas":12.98,"app_haut":21.44,"app_ech":"maille","app_obs":56,"mai":17,"mai_bas":12.23,"mai_haut":23.63,"mai_ech":"maille","mai_obs":7,"a12":19.78,"a3":15.06},"geometry":{"type":"Polygon","coordinates":[[[6.1637,49.4419],[6.1923,49.4458],[6.2011,49.4432],[6.2099,49.4458],[6.2175,49.4427],[6.2246,49.4344],[6.2103,49.4259],[6.2042,49.4324],[6.189,49.4231],[6.1787,49.4208],[6.1738,49.4255],[6.1735,49.4331],[6.1637,49.4419]]]}},{"type":"Feature","properties":{"code":"57207","nom":"Farébersviller","app":9.39,"app_bas":7.54,"app_haut":11.7,"app_ech":"commune","app_obs":260,"mai":9.68,"mai_bas":7.49,"mai_haut":12.52,"mai_ech":"maille","mai_obs":11,"a12":11.76,"a3":8.08},"geometry":{"type":"Polygon","coordinates":[[[6.8656,49.1309],[6.8796,49.1273],[6.8847,49.1154],[6.8905,49.1128],[6.8775,49.1014],[6.867,49.1081],[6.848,49.1068],[6.8492,49.1152],[6.8458,49.1216],[6.8511,49.1265],[6.8656,49.1309]]]}},{"type":"Feature","properties":{"code":"57485","nom":"Morville-lès-Vic","app":8.76,"app_bas":6.87,"app_haut":11.17,"app_ech":"maille","app_obs":9,"mai":8.36,"mai_bas":6.36,"mai_haut":11,"mai_ech":"epci","mai_obs":7,"a12":9.39,"a3":7.61},"geometry":{"type":"Polygon","coordinates":[[[6.5339,48.8043],[6.5288,48.8085],[6.523,48.8204],[6.5266,48.8263],[6.5426,48.8269],[6.5537,48.8306],[6.5656,48.8253],[6.5718,48.8125],[6.5632,48.8078],[6.5542,48.7983],[6.5427,48.8031],[6.5339,48.8043]]]}},{"type":"Feature","properties":{"code":"57536","nom":"Petit-Tenquin","app":8.02,"app_bas":6.45,"app_haut":9.98,"app_ech":"maille","app_obs":14,"mai":8.6,"mai_bas":6.59,"mai_haut":11.23,"mai_ech":"maille","mai_obs":1,"a12":10.49,"a3":7.69},"geometry":{"type":"Polygon","coordinates":[[[6.8805,48.9982],[6.8917,48.9874],[6.8946,48.9813],[6.8803,48.984],[6.8679,48.9794],[6.8576,48.9781],[6.8522,48.9811],[6.8448,48.9896],[6.8703,48.998],[6.8805,48.9982]]]}},{"type":"Feature","properties":{"code":"57610","nom":"Saint-François-Lacroix","app":11.8,"app_bas":9.22,"app_haut":15.1,"app_ech":"maille","app_obs":1,"mai":9.64,"mai_bas":7,"mai_haut":13.28,"mai_ech":"maille","mai_obs":3,"a12":15.89,"a3":9.26},"geometry":{"type":"Polygon","coordinates":[[[6.4193,49.3309],[6.4205,49.3364],[6.4315,49.3438],[6.4503,49.3494],[6.4387,49.3541],[6.4306,49.3548],[6.4548,49.3633],[6.4754,49.3585],[6.4725,49.3486],[6.4556,49.3407],[6.4418,49.3313],[6.4366,49.3328],[6.4235,49.3272],[6.4193,49.3309]]]}},{"type":"Feature","properties":{"code":"57634","nom":"Saulny","app":12.93,"app_bas":10.12,"app_haut":16.51,"app_ech":"maille","app_obs":42,"mai":12.23,"mai_bas":8.79,"mai_haut":17.02,"mai_ech":"maille","mai_obs":10,"a12":14.91,"a3":10.16},"geometry":{"type":"Polygon","coordinates":[[[6.068,49.1755],[6.0881,49.1722],[6.1067,49.1643],[6.1239,49.1658],[6.1337,49.1564],[6.1326,49.1516],[6.1157,49.1496],[6.0981,49.1515],[6.0884,49.1453],[6.0633,49.1612],[6.068,49.1755]]]}},{"type":"Feature","properties":{"code":"57662","nom":"Suisse","app":9.21,"app_bas":7.43,"app_haut":11.42,"app_ech":"maille","app_obs":2,"mai":8.09,"mai_bas":6.27,"mai_haut":10.43,"mai_ech":"maille","mai_obs":1,"a12":10.16,"a3":7.61},"geometry":{"type":"Polygon","coordinates":[[[6.5946,48.9637],[6.5872,48.9558],[6.5774,48.9535],[6.566,48.954],[6.5617,48.9677],[6.5649,48.9716],[6.5728,48.9742],[6.5793,48.9819],[6.5857,48.976],[6.5968,48.9706],[6.5946,48.9637]]]}},{"type":"Feature","properties":{"code":"57045","nom":"Bacourt","app":9.3,"app_bas":7.23,"app_haut":11.95,"app_ech":"maille","app_obs":0,"mai":8.36,"mai_bas":6.36,"mai_haut":11,"mai_ech":"epci","mai_obs":0,"a12":12.45,"a3":9.52},"geometry":{"type":"Polygon","coordinates":[[[6.4238,48.939],[6.4185,48.9374],[6.4165,48.9221],[6.4058,48.9179],[6.3853,48.9255],[6.388,48.9285],[6.4044,48.9358],[6.4088,48.9439],[6.4226,48.9418],[6.4238,48.939]]]}},{"type":"Feature","properties":{"code":"57084","nom":"Bioncourt","app":10.99,"app_bas":8.98,"app_haut":13.45,"app_ech":"maille","app_obs":8,"mai":8.52,"mai_bas":6.66,"mai_haut":10.91,"mai_ech":"maille","mai_obs":5,"a12":12.02,"a3":9.25},"geometry":{"type":"Polygon","coordinates":[[[6.3555,48.792],[6.3538,48.7988],[6.3456,48.804],[6.3574,48.8106],[6.3827,48.82],[6.3867,48.8169],[6.3877,48.8082],[6.3936,48.8063],[6.3932,48.8049],[6.3876,48.8022],[6.3714,48.7877],[6.3709,48.7847],[6.36,48.7791],[6.355,48.7817],[6.3555,48.792]]]}},{"type":"Feature","properties":{"code":"57147","nom":"Coin-sur-Seille","app":11.76,"app_bas":9.42,"app_haut":14.67,"app_ech":"maille","app_obs":3,"mai":12.23,"mai_bas":8.79,"mai_haut":17.02,"mai_ech":"maille","mai_obs":15,"a12":13.87,"a3":10.52},"geometry":{"type":"Polygon","coordinates":[[[6.169,49.005],[6.16,49.0049],[6.1312,48.9987],[6.1224,48.9985],[6.1431,49.0084],[6.1516,49.0109],[6.1721,49.0215],[6.1802,49.0212],[6.1811,49.0202],[6.169,49.005]]]}},{"type":"Feature","properties":{"code":"57290","nom":"Hampont","app":7.76,"app_bas":6.3,"app_haut":9.57,"app_ech":"maille","app_obs":3,"mai":8.36,"mai_bas":6.36,"mai_haut":11,"mai_ech":"epci","mai_obs":1,"a12":13.32,"a3":7.61},"geometry":{"type":"Polygon","coordinates":[[[6.5718,48.8125],[6.5656,48.8253],[6.5537,48.8306],[6.5548,48.8404],[6.5704,48.8435],[6.5816,48.8426],[6.6123,48.8461],[6.6206,48.8372],[6.6151,48.8294],[6.5989,48.8251],[6.5867,48.8101],[6.5815,48.8161],[6.5718,48.8125]]]}},{"type":"Feature","properties":{"code":"57373","nom":"Lachambre","app":9.04,"app_bas":7.3,"app_haut":11.21,"app_ech":"maille","app_obs":66,"mai":8.09,"mai_bas":6.27,"mai_haut":10.43,"mai_ech":"maille","mai_obs":9,"a12":12.86,"a3":8.31},"geometry":{"type":"Polygon","coordinates":[[[6.7241,49.0797],[6.7238,49.0881],[6.7333,49.0882],[6.7538,49.0929],[6.7691,49.0894],[6.7681,49.0726],[6.7824,49.0708],[6.7787,49.0662],[6.7651,49.0625],[6.7527,49.0622],[6.7496,49.0736],[6.7318,49.0804],[6.7241,49.0797]]]}},{"type":"Feature","properties":{"code":"57470","nom":"Molring","app":8.99,"app_bas":7.12,"app_haut":11.33,"app_ech":"maille","app_obs":0,"mai":8.68,"mai_bas":6.64,"mai_haut":11.36,"mai_ech":"epci","mai_obs":5,"a12":10.49,"a3":7.39},"geometry":{"type":"Polygon","coordinates":[[[6.8342,48.9045],[6.8332,48.8962],[6.8374,48.8894],[6.8211,48.8775],[6.8159,48.8803],[6.8075,48.891],[6.8342,48.9045]]]}},{"type":"Feature","properties":{"code":"57541","nom":"Philippsbourg","app":11.61,"app_bas":8.84,"app_haut":15.24,"app_ech":"maille","app_obs":20,"mai":9.18,"mai_bas":7.02,"mai_haut":12.01,"mai_ech":"maille","mai_obs":7,"a12":12.9,"a3":9.07},"geometry":{"type":"Polygon","coordinates":[[[7.6064,49.02],[7.607,49.0096],[7.5912,48.9937],[7.5923,48.9848],[7.5814,48.9711],[7.5836,48.966],[7.5799,48.9616],[7.5779,48.9698],[7.5699,48.9759],[7.5595,48.9882],[7.5454,48.9954],[7.5315,48.9974],[7.5186,48.9956],[7.503,49],[7.5229,49.0107],[7.5587,49.022],[7.5706,49.0278],[7.5897,49.0263],[7.6064,49.02]]]}},{"type":"Feature","properties":{"code":"57547","nom":"Pommérieux","app":11.76,"app_bas":9.42,"app_haut":14.67,"app_ech":"maille","app_obs":29,"mai":12.23,"mai_bas":8.79,"mai_haut":17.02,"mai_ech":"maille","mai_obs":34,"a12":13.87,"a3":9.54},"geometry":{"type":"Polygon","coordinates":[[[6.169,49.005],[6.1707,49.0073],[6.1855,49.0051],[6.1953,49.0071],[6.1897,48.9988],[6.1964,48.997],[6.1982,48.9855],[6.1863,48.9849],[6.1701,48.9867],[6.1661,48.9961],[6.169,49.005]]]}},{"type":"Feature","properties":{"code":"57641","nom":"Schweyen","app":9.56,"app_bas":7.54,"app_haut":12.12,"app_ech":"maille","app_obs":2,"mai":9.18,"mai_bas":7.02,"mai_haut":12.01,"mai_ech":"maille","mai_obs":0,"a12":10.7,"a3":7.13},"geometry":{"type":"Polygon","coordinates":[[[7.4288,49.1528],[7.4075,49.1469],[7.3844,49.1503],[7.3624,49.1485],[7.3651,49.1718],[7.3815,49.1753],[7.3957,49.1748],[7.4018,49.1691],[7.4146,49.1624],[7.4226,49.1608],[7.4545,49.1629],[7.4381,49.1592],[7.4288,49.1528]]]}},{"type":"Feature","properties":{"code":"57043","nom":"Ay-sur-Moselle","app":14.97,"app_bas":11.68,"app_haut":19.18,"app_ech":"commune","app_obs":108,"mai":12.51,"mai_bas":9.5,"mai_haut":16.46,"mai_ech":"maille","mai_obs":34,"a12":14.21,"a3":11.39},"geometry":{"type":"Polygon","coordinates":[[[6.2106,49.2494],[6.2106,49.2354],[6.2043,49.2345],[6.1893,49.2393],[6.1795,49.2404],[6.1739,49.2474],[6.1858,49.2566],[6.1948,49.2608],[6.2073,49.2591],[6.2106,49.2494]]]}},{"type":"Feature","properties":{"code":"57175","nom":"Diane-Capelle","app":9.4,"app_bas":7.15,"app_haut":12.35,"app_ech":"maille","app_obs":0,"mai":6.94,"mai_bas":5.37,"mai_haut":8.96,"mai_ech":"epci","mai_obs":0,"a12":11.47,"a3":7.14},"geometry":{"type":"Polygon","coordinates":[[[6.9345,48.7517],[6.9378,48.743],[6.9581,48.7194],[6.9583,48.7164],[6.9502,48.7126],[6.9134,48.7209],[6.9157,48.7287],[6.9225,48.7386],[6.9299,48.7419],[6.9345,48.7517]]]}},{"type":"Feature","properties":{"code":"57715","nom":"Vigny","app":10.11,"app_bas":8.15,"app_haut":12.53,"app_ech":"maille","app_obs":18,"mai":10.95,"mai_bas":8.41,"mai_haut":14.25,"mai_ech":"maille","mai_obs":3,"a12":12.45,"a3":9.54},"geometry":{"type":"Polygon","coordinates":[[[6.2672,48.9815],[6.2734,48.9666],[6.2721,48.9625],[6.2612,48.958],[6.247,48.9563],[6.2365,48.9594],[6.2346,48.9688],[6.2381,48.9764],[6.2672,48.9815]]]}},{"type":"Feature","properties":{"code":"57767","nom":"Stuckange","app":14.47,"app_bas":11.05,"app_haut":18.95,"app_ech":"maille","app_obs":88,"mai":17,"mai_bas":12.23,"mai_haut":23.63,"mai_ech":"maille","mai_obs":18,"a12":16.8,"a3":10.69},"geometry":{"type":"Polygon","coordinates":[[[6.2284,49.3361],[6.2464,49.3306],[6.2505,49.3222],[6.2528,49.3219],[6.241,49.3144],[6.2248,49.3153],[6.2135,49.3214],[6.2169,49.3298],[6.2284,49.3361]]]}},{"type":"Feature","properties":{"code":"57233","nom":"Fraquelfing","app":9.4,"app_bas":7.15,"app_haut":12.35,"app_ech":"maille","app_obs":3,"mai":8.93,"mai_bas":6.95,"mai_haut":11.48,"mai_ech":"maille","mai_obs":2,"a12":9.22,"a3":7.69},"geometry":{"type":"Polygon","coordinates":[[[6.9772,48.6444],[6.986,48.6517],[6.9926,48.6514],[6.9974,48.646],[6.9993,48.6222],[6.9932,48.6099],[6.9913,48.6095],[6.992,48.6286],[6.9798,48.6306],[6.9753,48.6379],[6.9772,48.6444]]]}},{"type":"Feature","properties":{"code":"57451","nom":"Marthille","app":9.03,"app_bas":6.99,"app_haut":11.68,"app_ech":"maille","app_obs":1,"mai":8.09,"mai_bas":6.27,"mai_haut":10.43,"mai_ech":"maille","mai_obs":0,"a12":10.48,"a3":7.08},"geometry":{"type":"Polygon","coordinates":[[[6.5328,48.9376],[6.5484,48.9486],[6.5612,48.9529],[6.5689,48.938],[6.5856,48.9301],[6.5832,48.9237],[6.5711,48.9118],[6.5614,48.908],[6.5449,48.9186],[6.5404,48.9305],[6.5328,48.9376]]]}},{"type":"Feature","properties":{"code":"57496","nom":"Nébing","app":8.77,"app_bas":7.03,"app_haut":10.95,"app_ech":"maille","app_obs":56,"mai":8.68,"mai_bas":6.64,"mai_haut":11.36,"mai_ech":"epci","mai_obs":4,"a12":10.49,"a3":7.13},"geometry":{"type":"Polygon","coordinates":[[[6.7936,48.8995],[6.7928,48.9063],[6.8121,48.9247],[6.8206,48.9278],[6.8306,48.916],[6.8342,48.9045],[6.8075,48.891],[6.8052,48.891],[6.8062,48.8991],[6.7936,48.8995]]]}},{"type":"Feature","properties":{"code":"57602","nom":"Rurange-lès-Thionville","app":14.44,"app_bas":11.49,"app_haut":18.13,"app_ech":"maille","app_obs":95,"mai":9.64,"mai_bas":7,"mai_haut":13.28,"mai_ech":"maille","mai_obs":25,"a12":13.55,"a3":10.72},"geometry":{"type":"Polygon","coordinates":[[[6.2106,49.2494],[6.2073,49.2591],[6.2235,49.2655],[6.2276,49.2786],[6.2206,49.2852],[6.2287,49.2913],[6.24,49.2939],[6.2484,49.2763],[6.2613,49.2726],[6.2573,49.2621],[6.2448,49.2555],[6.2299,49.2537],[6.2271,49.2598],[6.2188,49.2566],[6.2106,49.2494]]]}},{"type":"Feature","properties":{"code":"57658","nom":"Soucht","app":9.53,"app_bas":7.31,"app_haut":12.44,"app_ech":"maille","app_obs":36,"mai":7.28,"mai_bas":5.68,"mai_haut":9.33,"mai_ech":"maille","mai_obs":7,"a12":11.29,"a3":8.28},"geometry":{"type":"Polygon","coordinates":[[[7.2939,48.9726],[7.2956,48.9739],[7.3104,48.9789],[7.3209,48.9803],[7.3376,48.9634],[7.3465,48.9628],[7.3551,48.9544],[7.3385,48.949],[7.3268,48.9434],[7.3128,48.9495],[7.3024,48.9565],[7.2902,48.9565],[7.2904,48.9671],[7.2939,48.9726]]]}},{"type":"Feature","properties":{"code":"57745","nom":"Wiesviller","app":9.89,"app_bas":8.21,"app_haut":11.93,"app_ech":"maille","app_obs":50,"mai":7.28,"mai_bas":5.68,"mai_haut":9.33,"mai_ech":"maille","mai_obs":20,"a12":11.29,"a3":8.28},"geometry":{"type":"Polygon","coordinates":[[[7.1889,49.0663],[7.1662,49.0564],[7.1613,49.0622],[7.1481,49.0649],[7.1428,49.0716],[7.1447,49.0826],[7.1473,49.0878],[7.1436,49.0969],[7.1567,49.1007],[7.1669,49.0945],[7.1679,49.0847],[7.1889,49.0663]]]}},{"type":"Feature","properties":{"code":"57760","nom":"Zetting","app":9.53,"app_bas":7.31,"app_haut":12.44,"app_ech":"maille","app_obs":25,"mai":7.28,"mai_bas":5.68,"mai_haut":9.33,"mai_ech":"maille","mai_obs":16,"a12":11.29,"a3":10.11},"geometry":{"type":"Polygon","coordinates":[[[7.0993,49.0779],[7.1232,49.0859],[7.1447,49.0826],[7.1428,49.0716],[7.1481,49.0649],[7.138,49.0602],[7.1179,49.0599],[7.1133,49.0647],[7.111,49.0719],[7.0993,49.0779]]]}},{"type":"Feature","properties":{"code":"57316","nom":"Henriville","app":9.04,"app_bas":7.3,"app_haut":11.21,"app_ech":"maille","app_obs":46,"mai":9.68,"mai_bas":7.49,"mai_haut":12.52,"mai_ech":"maille","mai_obs":7,"a12":11.76,"a3":7.36},"geometry":{"type":"Polygon","coordinates":[[[6.848,49.1068],[6.867,49.1081],[6.8775,49.1014],[6.8592,49.0892],[6.8528,49.0888],[6.8371,49.0973],[6.8373,49.1042],[6.848,49.1068]]]}},{"type":"Feature","properties":{"code":"57333","nom":"Hommarting","app":9.1,"app_bas":7.38,"app_haut":11.21,"app_ech":"maille","app_obs":12,"mai":9.39,"mai_bas":7.47,"mai_haut":11.81,"mai_ech":"maille","mai_obs":16,"a12":11.39,"a3":8.3},"geometry":{"type":"Polygon","coordinates":[[[7.1156,48.73],[7.1245,48.7373],[7.1257,48.7535],[7.1313,48.7566],[7.1623,48.7497],[7.172,48.7421],[7.1748,48.7343],[7.1486,48.7262],[7.1392,48.7259],[7.1281,48.7207],[7.1156,48.73]]]}},{"type":"Feature","properties":{"code":"57410","nom":"Lhor","app":8.99,"app_bas":7.12,"app_haut":11.33,"app_ech":"maille","app_obs":0,"mai":7.65,"mai_bas":6.08,"mai_haut":9.62,"mai_ech":"maille","mai_obs":0,"a12":9.73,"a3":7.13},"geometry":{"type":"Polygon","coordinates":[[[6.8659,48.8988],[6.8751,48.8967],[6.8884,48.8985],[6.8825,48.8829],[6.8928,48.8754],[6.8933,48.8711],[6.8714,48.8767],[6.8654,48.875],[6.8551,48.8849],[6.8497,48.8929],[6.8659,48.8988]]]}},{"type":"Feature","properties":{"code":"57454","nom":"Mécleuves","app":11.41,"app_bas":9.1,"app_haut":14.31,"app_ech":"maille","app_obs":41,"mai":11.96,"mai_bas":9.19,"mai_haut":15.57,"mai_ech":"maille","mai_obs":15,"a12":13.87,"a3":9.54},"geometry":{"type":"Polygon","coordinates":[[[6.3069,49.0318],[6.2663,49.0285],[6.2593,49.0423],[6.2561,49.0553],[6.2509,49.0632],[6.2678,49.0679],[6.2703,49.0785],[6.286,49.0713],[6.2897,49.0736],[6.2981,49.0679],[6.2982,49.0629],[6.2911,49.0479],[6.3069,49.0318]]]}},{"type":"Feature","properties":{"code":"57669","nom":"Théding","app":9.56,"app_bas":7.67,"app_haut":11.92,"app_ech":"commune","app_obs":205,"mai":9.68,"mai_bas":7.49,"mai_haut":12.52,"mai_ech":"maille","mai_obs":41,"a12":11.76,"a3":8.25},"geometry":{"type":"Polygon","coordinates":[[[6.8656,49.1309],[6.87,49.1357],[6.8706,49.1451],[6.867,49.1529],[6.8822,49.1448],[6.8955,49.1404],[6.9096,49.1323],[6.9042,49.1239],[6.9109,49.1082],[6.9104,49.1075],[6.8972,49.1075],[6.8905,49.1128],[6.8847,49.1154],[6.8796,49.1273],[6.8656,49.1309]]]}},{"type":"Feature","properties":{"code":"57176","nom":"Diebling","app":11.17,"app_bas":8.62,"app_haut":14.47,"app_ech":"commune","app_obs":113,"mai":9.34,"mai_bas":7.04,"mai_haut":12.41,"mai_ech":"maille","mai_obs":30,"a12":11.76,"a3":10.11},"geometry":{"type":"Polygon","coordinates":[[[6.9134,49.0991],[6.9104,49.1075],[6.9109,49.1082],[6.9298,49.1174],[6.956,49.1222],[6.9575,49.121],[6.9504,49.1104],[6.9502,49.0965],[6.9456,49.0878],[6.9374,49.0838],[6.9274,49.0943],[6.9134,49.0991]]]}},{"type":"Feature","properties":{"code":"57747","nom":"Wintersbourg","app":9.1,"app_bas":7.38,"app_haut":11.21,"app_ech":"maille","app_obs":3,"mai":10.01,"mai_bas":7.29,"mai_haut":13.75,"mai_ech":"maille","mai_obs":3,"a12":11.39,"a3":8.3},"geometry":{"type":"Polygon","coordinates":[[[7.1845,48.8026],[7.1877,48.8044],[7.1957,48.8006],[7.2064,48.7999],[7.1971,48.7791],[7.1886,48.7796],[7.1788,48.7864],[7.1773,48.7937],[7.1845,48.8026]]]}},{"type":"Feature","properties":{"code":"57222","nom":"Folkling","app":11.2,"app_bas":8.65,"app_haut":14.5,"app_ech":"maille","app_obs":81,"mai":9.68,"mai_bas":7.49,"mai_haut":12.52,"mai_ech":"maille","mai_obs":13,"a12":12.94,"a3":8.92},"geometry":{"type":"Polygon","coordinates":[[[6.867,49.1529],[6.8651,49.1546],[6.8732,49.1563],[6.8909,49.17],[6.8959,49.1631],[6.9034,49.1616],[6.9231,49.1669],[6.937,49.1561],[6.933,49.1465],[6.9162,49.1333],[6.9096,49.1323],[6.8955,49.1404],[6.8822,49.1448],[6.867,49.1529]]]}},{"type":"Feature","properties":{"code":"57224","nom":"Folschviller","app":8.47,"app_bas":6.92,"app_haut":10.38,"app_ech":"commune","app_obs":371,"mai":8.76,"mai_bas":6.59,"mai_haut":11.65,"mai_ech":"maille","mai_obs":34,"a12":10.77,"a3":7.69},"geometry":{"type":"Polygon","coordinates":[[[6.7206,49.0596],[6.7187,49.056],[6.7136,49.0514],[6.6983,49.0495],[6.6646,49.0668],[6.6588,49.0784],[6.6598,49.0891],[6.6639,49.0897],[6.6791,49.0855],[6.6914,49.0794],[6.7027,49.0637],[6.7082,49.0607],[6.7206,49.0596]]]}},{"type":"Feature","properties":{"code":"57270","nom":"Val-de-Bride","app":10.5,"app_bas":8.52,"app_haut":12.95,"app_ech":"maille","app_obs":14,"mai":7.65,"mai_bas":6.08,"mai_haut":9.62,"mai_ech":"maille","mai_obs":5,"a12":10.48,"a3":7.13},"geometry":{"type":"Polygon","coordinates":[[[6.6979,48.852],[6.7106,48.8331],[6.7188,48.8245],[6.702,48.8161],[6.6975,48.8018],[6.6883,48.8065],[6.6747,48.8239],[6.663,48.8278],[6.6548,48.8362],[6.6757,48.8395],[6.6818,48.8462],[6.6979,48.852]]]}},{"type":"Feature","properties":{"code":"57272","nom":"Guermange","app":8.77,"app_bas":7.03,"app_haut":10.95,"app_ech":"maille","app_obs":2,"mai":7.65,"mai_bas":6.08,"mai_haut":9.62,"mai_ech":"maille","mai_obs":2,"a12":9.73,"a3":8.04},"geometry":{"type":"Polygon","coordinates":[[[6.7816,48.804],[6.7963,48.8082],[6.8051,48.8173],[6.8295,48.8215],[6.8456,48.8186],[6.8626,48.8189],[6.8693,48.8119],[6.8607,48.8054],[6.8462,48.7999],[6.8385,48.7959],[6.8289,48.7815],[6.8107,48.7827],[6.7844,48.788],[6.771,48.7951],[6.7816,48.804]]]}},{"type":"Feature","properties":{"code":"57689","nom":"Valmestroff","app":14.47,"app_bas":11.05,"app_haut":18.95,"app_ech":"maille","app_obs":22,"mai":12.49,"mai_bas":8.98,"mai_haut":17.37,"mai_ech":"maille","mai_obs":1,"a12":17.34,"a3":12.32},"geometry":{"type":"Polygon","coordinates":[[[6.2573,49.3507],[6.242,49.3573],[6.2477,49.3658],[6.2659,49.3653],[6.2727,49.367],[6.2761,49.366],[6.2779,49.3484],[6.2677,49.3511],[6.2573,49.3507]]]}},{"type":"Feature","properties":{"code":"57102","nom":"Bousse","app":14.61,"app_bas":11.72,"app_haut":18.22,"app_ech":"commune","app_obs":149,"mai":12.51,"mai_bas":9.5,"mai_haut":16.46,"mai_ech":"maille","mai_obs":34,"a12":15.43,"a3":10.98},"geometry":{"type":"Polygon","coordinates":[[[6.181,49.2727],[6.1887,49.2807],[6.1836,49.2859],[6.1877,49.2911],[6.2082,49.29],[6.2206,49.2852],[6.2276,49.2786],[6.2235,49.2655],[6.2073,49.2591],[6.1948,49.2608],[6.1804,49.27],[6.181,49.2727]]]}},{"type":"Feature","properties":{"code":"57707","nom":"Vernéville","app":11.1,"app_bas":8.89,"app_haut":13.86,"app_ech":"maille","app_obs":7,"mai":9.82,"mai_bas":7.65,"mai_haut":12.6,"mai_ech":"maille","mai_obs":19,"a12":16.99,"a3":10.16},"geometry":{"type":"Polygon","coordinates":[[[5.9841,49.1417],[5.9968,49.1487],[5.9996,49.1558],[6.0112,49.1535],[6.022,49.1486],[6.0263,49.1493],[6.0343,49.1379],[6.0198,49.1311],[6.0227,49.1248],[6.0021,49.1165],[5.9922,49.1258],[5.991,49.1356],[5.9841,49.1417]]]}},{"type":"Feature","properties":{"code":"57762","nom":"Zimming","app":9.37,"app_bas":7.52,"app_haut":11.68,"app_ech":"maille","app_obs":87,"mai":8.84,"mai_bas":7.29,"mai_haut":10.72,"mai_ech":"maille","mai_obs":19,"a12":12.14,"a3":8.34},"geometry":{"type":"Polygon","coordinates":[[[6.6104,49.1355],[6.6084,49.1246],[6.6025,49.1215],[6.583,49.1162],[6.5677,49.1171],[6.5652,49.1262],[6.5671,49.135],[6.5661,49.1429],[6.6031,49.1416],[6.6104,49.1355]]]}},{"type":"Feature","properties":{"code":"57359","nom":"Kemplich","app":11.8,"app_bas":9.22,"app_haut":15.1,"app_ech":"maille","app_obs":5,"mai":9.64,"mai_bas":7,"mai_haut":13.28,"mai_ech":"maille","mai_obs":0,"a12":15.89,"a3":9.26},"geometry":{"type":"Polygon","coordinates":[[[6.3766,49.3067],[6.3823,49.3087],[6.3879,49.3166],[6.3827,49.3247],[6.373,49.3292],[6.3861,49.3361],[6.3909,49.3421],[6.4023,49.3346],[6.4091,49.3253],[6.4193,49.3309],[6.4235,49.3272],[6.4147,49.3245],[6.4111,49.3163],[6.3783,49.3061],[6.3766,49.3067]]]}},{"type":"Feature","properties":{"code":"57389","nom":"Lelling","app":8.3,"app_bas":6.78,"app_haut":10.17,"app_ech":"maille","app_obs":39,"mai":8.76,"mai_bas":6.59,"mai_haut":11.65,"mai_ech":"maille","mai_obs":2,"a12":10.16,"a3":7.36},"geometry":{"type":"Polygon","coordinates":[[[6.6967,49.0377],[6.6983,49.0495],[6.7136,49.0514],[6.7187,49.056],[6.7236,49.0499],[6.7319,49.0468],[6.7171,49.0331],[6.6993,49.0268],[6.6967,49.0377]]]}},{"type":"Feature","properties":{"code":"57390","nom":"Lemberg","app":8.12,"app_bas":6.48,"app_haut":10.18,"app_ech":"commune","app_obs":104,"mai":9.18,"mai_bas":7.02,"mai_haut":12.01,"mai_ech":"maille","mai_obs":20,"a12":11.13,"a3":9},"geometry":{"type":"Polygon","coordinates":[[[7.3621,49.02],[7.3902,49.0229],[7.4239,49.0205],[7.425,49.0162],[7.4007,49.0076],[7.3891,48.9932],[7.3818,48.9924],[7.375,48.9969],[7.3589,49],[7.3444,49.0005],[7.3519,49.012],[7.3621,49.02]]]}},{"type":"Feature","properties":{"code":"57414","nom":"Lorquin","app":9.4,"app_bas":7.15,"app_haut":12.35,"app_ech":"maille","app_obs":93,"mai":8.93,"mai_bas":6.95,"mai_haut":11.48,"mai_ech":"maille","mai_obs":27,"a12":9.22,"a3":7.69},"geometry":{"type":"Polygon","coordinates":[[[6.9926,48.6514],[6.986,48.6517],[6.9792,48.6613],[6.9792,48.6721],[6.9862,48.6809],[6.9999,48.6843],[7.0101,48.6789],[7.0191,48.6711],[7.0223,48.6645],[7.0324,48.6574],[7.023,48.6498],[7.0135,48.6557],[6.9993,48.6583],[6.9926,48.6514]]]}},{"type":"Feature","properties":{"code":"57548","nom":"Pontoy","app":11.41,"app_bas":9.1,"app_haut":14.31,"app_ech":"maille","app_obs":1,"mai":11.96,"mai_bas":9.19,"mai_haut":15.57,"mai_ech":"maille","mai_obs":10,"a12":12.89,"a3":9.54},"geometry":{"type":"Polygon","coordinates":[[[6.3069,49.0318],[6.3073,49.0217],[6.315,49.0229],[6.33,49.0137],[6.3222,49.0086],[6.3092,49.0101],[6.2875,48.9977],[6.2808,49],[6.2741,49.0075],[6.2704,49.0135],[6.2612,49.0151],[6.2753,49.0289],[6.3069,49.0318]]]}},{"type":"Feature","properties":{"code":"57593","nom":"Roncourt","app":11.83,"app_bas":9.58,"app_haut":14.59,"app_ech":"maille","app_obs":20,"mai":10.41,"mai_bas":7.83,"mai_haut":13.84,"mai_ech":"maille","mai_obs":15,"a12":13.73,"a3":11.92},"geometry":{"type":"Polygon","coordinates":[[[6.0259,49.1964],[6.0195,49.2008],[6.0183,49.2079],[6.0336,49.2085],[6.0401,49.2108],[6.0671,49.2104],[6.0684,49.1995],[6.08,49.2029],[6.0858,49.2],[6.0678,49.1871],[6.068,49.185],[6.0584,49.1898],[6.0572,49.1947],[6.0405,49.1975],[6.0259,49.1964]]]}},{"type":"Feature","properties":{"code":"57612","nom":"Saint-Hubert","app":14.44,"app_bas":11.49,"app_haut":18.13,"app_ech":"maille","app_obs":7,"mai":9.64,"mai_bas":7,"mai_haut":13.28,"mai_ech":"maille","mai_obs":0,"a12":13.55,"a3":11.39},"geometry":{"type":"Polygon","coordinates":[[[6.383,49.2217],[6.3788,49.2203],[6.3546,49.2068],[6.3399,49.2087],[6.3345,49.2115],[6.3316,49.2203],[6.3235,49.2247],[6.3334,49.2306],[6.3398,49.2402],[6.3799,49.2582],[6.3969,49.2596],[6.3884,49.2535],[6.3756,49.2486],[6.3859,49.2385],[6.4045,49.2387],[6.3994,49.2317],[6.3936,49.2314],[6.383,49.2217]]]}},{"type":"Feature","properties":{"code":"57651","nom":"Siersthal","app":8.14,"app_bas":6.5,"app_haut":10.19,"app_ech":"maille","app_obs":18,"mai":9.18,"mai_bas":7.02,"mai_haut":12.01,"mai_ech":"maille","mai_obs":0,"a12":11.13,"a3":7.13},"geometry":{"type":"Polygon","coordinates":[[[7.375,49.0399],[7.3559,49.0408],[7.3416,49.0341],[7.3381,49.0282],[7.3338,49.035],[7.3249,49.0385],[7.3477,49.0636],[7.3463,49.0691],[7.3581,49.067],[7.3774,49.0687],[7.385,49.0593],[7.3804,49.0514],[7.3793,49.0431],[7.375,49.0399]]]}},{"type":"Feature","properties":{"code":"57653","nom":"Silly-en-Saulnois","app":10.11,"app_bas":8.15,"app_haut":12.53,"app_ech":"maille","app_obs":0,"mai":10.95,"mai_bas":8.41,"mai_haut":14.25,"mai_ech":"maille","mai_obs":1,"a12":12.89,"a3":9.52},"geometry":{"type":"Polygon","coordinates":[[[6.2721,48.9843],[6.267,48.9956],[6.2808,49],[6.2875,48.9977],[6.2936,48.9915],[6.2865,48.9855],[6.2721,48.9843]]]}},{"type":"Feature","properties":{"code":"57143","nom":"Clouange","app":11.52,"app_bas":9.34,"app_haut":14.2,"app_ech":"commune","app_obs":540,"mai":11.91,"mai_bas":9.07,"mai_haut":15.66,"mai_ech":"maille","mai_obs":14,"a12":14.46,"a3":9.55},"geometry":{"type":"Polygon","coordinates":[[[6.0831,49.2559],[6.0805,49.2604],[6.0658,49.272],[6.0946,49.2683],[6.1057,49.2614],[6.0993,49.2573],[6.0831,49.2559]]]}},{"type":"Feature","properties":{"code":"57146","nom":"Coin-lès-Cuvry","app":11.76,"app_bas":9.42,"app_haut":14.67,"app_ech":"maille","app_obs":38,"mai":12.23,"mai_bas":8.79,"mai_haut":17.02,"mai_ech":"maille","mai_obs":9,"a12":13.87,"a3":10.52},"geometry":{"type":"Polygon","coordinates":[[[6.1031,49.015],[6.1113,49.0198],[6.118,49.0281],[6.129,49.0254],[6.131,49.0332],[6.1598,49.0386],[6.1695,49.0316],[6.1702,49.0231],[6.1551,49.0265],[6.1423,49.0232],[6.1394,49.0196],[6.1119,49.0098],[6.1031,49.015]]]}},{"type":"Feature","properties":{"code":"57153","nom":"Corny-sur-Moselle","app":12.46,"app_bas":9.6,"app_haut":16.16,"app_ech":"maille","app_obs":92,"mai":9.82,"mai_bas":7.65,"mai_haut":12.6,"mai_ech":"maille","mai_obs":42,"a12":12.89,"a3":11.67},"geometry":{"type":"Polygon","coordinates":[[[6.0786,49.0457],[6.0832,49.0423],[6.0896,49.0219],[6.0814,49.0094],[6.0694,49.0091],[6.0669,49.0195],[6.055,49.0218],[6.0535,49.0309],[6.0575,49.04],[6.0654,49.0522],[6.0681,49.0484],[6.0786,49.0457]]]}},{"type":"Feature","properties":{"code":"57268","nom":"Guébling","app":8.02,"app_bas":6.45,"app_haut":9.98,"app_ech":"maille","app_obs":0,"mai":7.65,"mai_bas":6.08,"mai_haut":9.62,"mai_ech":"maille","mai_obs":1,"a12":10.49,"a3":7.39},"geometry":{"type":"Polygon","coordinates":[[[6.739,48.8849],[6.7411,48.8851],[6.7481,48.881],[6.7479,48.8729],[6.7548,48.857],[6.7546,48.851],[6.7357,48.8551],[6.7269,48.861],[6.7147,48.8627],[6.715,48.8679],[6.7241,48.8736],[6.7256,48.8791],[6.739,48.8849]]]}},{"type":"Feature","properties":{"code":"57305","nom":"Havange","app":15.15,"app_bas":11.54,"app_haut":19.89,"app_ech":"maille","app_obs":28,"mai":12.49,"mai_bas":8.98,"mai_haut":17.37,"mai_ech":"maille","mai_obs":2,"a12":16.39,"a3":12.03},"geometry":{"type":"Polygon","coordinates":[[[5.9856,49.3779],[5.9751,49.3912],[5.9848,49.3948],[5.9967,49.4073],[6.0071,49.4069],[6.0143,49.4036],[6.0202,49.394],[6.0219,49.38],[6.0179,49.3775],[6.0128,49.3702],[5.9986,49.3724],[5.9856,49.3779]]]}},{"type":"Feature","properties":{"code":"57314","nom":"Héming","app":8.59,"app_bas":6.84,"app_haut":10.79,"app_ech":"maille","app_obs":57,"mai":6.94,"mai_bas":5.37,"mai_haut":8.96,"mai_ech":"epci","mai_obs":4,"a12":12.17,"a3":7.69},"geometry":{"type":"Polygon","coordinates":[[[6.9624,48.6846],[6.9568,48.6991],[6.9694,48.7095],[6.9803,48.7119],[6.9877,48.703],[6.9777,48.6964],[6.9706,48.6872],[6.9624,48.6846]]]}},{"type":"Feature","properties":{"code":"57599","nom":"Roupeldange","app":9.43,"app_bas":7.58,"app_haut":11.75,"app_ech":"maille","app_obs":2,"mai":8.76,"mai_bas":6.59,"mai_haut":11.65,"mai_ech":"maille","mai_obs":2,"a12":12.14,"a3":8.48},"geometry":{"type":"Polygon","coordinates":[[[6.4673,49.2193],[6.4805,49.2102],[6.4862,49.2041],[6.4693,49.1976],[6.4617,49.1993],[6.462,49.2147],[6.4673,49.2193]]]}},{"type":"Feature","properties":{"code":"57600","nom":"Roussy-le-Village","app":16.04,"app_bas":11.91,"app_haut":21.6,"app_ech":"maille","app_obs":54,"mai":17,"mai_bas":12.23,"mai_haut":23.63,"mai_ech":"maille","mai_obs":23,"a12":19.78,"a3":14.82},"geometry":{"type":"Polygon","coordinates":[[[6.1496,49.4487],[6.1493,49.4546],[6.1552,49.459],[6.157,49.4727],[6.1765,49.4791],[6.182,49.4789],[6.2029,49.4721],[6.2074,49.464],[6.2001,49.4532],[6.1923,49.4458],[6.1637,49.4419],[6.1496,49.4487]]]}},{"type":"Feature","properties":{"code":"57660","nom":"Stiring-Wendel","app":9.63,"app_bas":7.6,"app_haut":12.2,"app_ech":"commune","app_obs":891,"mai":9.34,"mai_bas":7.04,"mai_haut":12.41,"mai_ech":"maille","mai_obs":70,"a12":12.7,"a3":8.2},"geometry":{"type":"Polygon","coordinates":[[[6.9436,49.2138],[6.9535,49.2061],[6.9455,49.2015],[6.9315,49.1977],[6.9294,49.1934],[6.9144,49.189],[6.9109,49.197],[6.922,49.2024],[6.9313,49.211],[6.9436,49.2138]]]}},{"type":"Feature","properties":{"code":"57682","nom":"Turquestein-Blancrupt","app":9.46,"app_bas":7.66,"app_haut":11.69,"app_ech":"maille","app_obs":1,"mai":8.31,"mai_bas":6.44,"mai_haut":10.72,"mai_ech":"maille","mai_obs":0,"a12":11.18,"a3":7.69},"geometry":{"type":"Polygon","coordinates":[[[7.0342,48.5804],[7.0323,48.5884],[7.0465,48.5999],[7.0446,48.6056],[7.0359,48.6084],[7.0375,48.6176],[7.0426,48.6214],[7.0451,48.6189],[7.0549,48.597],[7.0603,48.592],[7.0581,48.5827],[7.0649,48.5748],[7.1017,48.5653],[7.1182,48.551],[7.131,48.5554],[7.1413,48.5527],[7.1454,48.5455],[7.1618,48.5392],[7.1685,48.5287],[7.1679,48.5276],[7.1471,48.5269],[7.1276,48.5313],[7.1243,48.5364],[7.1144,48.5374],[7.0921,48.529],[7.0794,48.5364],[7.062,48.5367],[7.0572,48.5392],[7.0674,48.5411],[7.0747,48.5458],[7.0587,48.5507],[7.0458,48.5601],[7.044,48.5668],[7.0357,48.5742],[7.0342,48.5804]]]}},{"type":"Feature","properties":{"code":"57696","nom":"Varsberg","app":9.37,"app_bas":7.52,"app_haut":11.68,"app_ech":"maille","app_obs":79,"mai":8.09,"mai_bas":6.27,"mai_haut":10.43,"mai_ech":"maille","mai_obs":6,"a12":11.05,"a3":8.31},"geometry":{"type":"Polygon","coordinates":[[[6.6284,49.1826],[6.635,49.1815],[6.6414,49.1755],[6.6326,49.1698],[6.6305,49.1648],[6.6245,49.1669],[6.6031,49.1705],[6.5954,49.1764],[6.6037,49.1809],[6.6232,49.1845],[6.6284,49.1826]]]}},{"type":"Feature","properties":{"code":"57032","nom":"Ars-sur-Moselle","app":11.38,"app_bas":9,"app_haut":14.37,"app_ech":"commune","app_obs":727,"mai":9.82,"mai_bas":7.65,"mai_haut":12.6,"mai_ech":"maille","mai_obs":58,"a12":13.15,"a3":10.22},"geometry":{"type":"Polygon","coordinates":[[[6.0483,49.1093],[6.0513,49.101],[6.0439,49.0995],[6.0427,49.0917],[6.0477,49.0842],[6.0759,49.0839],[6.0824,49.0884],[6.0912,49.0868],[6.0867,49.0739],[6.0766,49.0638],[6.0703,49.0637],[6.0608,49.0696],[6.0596,49.0738],[6.0471,49.0791],[6.0357,49.076],[6.0317,49.0837],[6.0207,49.0856],[6.0199,49.0797],[6.0052,49.0845],[6.0093,49.1018],[6.0238,49.0989],[6.04,49.1035],[6.0483,49.1093]]]}},{"type":"Feature","properties":{"code":"57048","nom":"Bannay","app":9.56,"app_bas":8,"app_haut":11.43,"app_ech":"maille","app_obs":14,"mai":8.84,"mai_bas":7.29,"mai_haut":10.72,"mai_ech":"maille","mai_obs":1,"a12":12.45,"a3":7.78},"geometry":{"type":"Polygon","coordinates":[[[6.4519,49.1085],[6.4434,49.1079],[6.4425,49.1182],[6.4534,49.1217],[6.4654,49.1311],[6.4909,49.1338],[6.4931,49.1273],[6.4766,49.1241],[6.4656,49.1198],[6.4519,49.1085]]]}},{"type":"Feature","properties":{"code":"57052","nom":"Barst","app":10.3,"app_bas":7.83,"app_haut":13.55,"app_ech":"maille","app_obs":18,"mai":8.09,"mai_bas":6.27,"mai_haut":10.43,"mai_ech":"maille","mai_obs":9,"a12":12.86,"a3":7.69},"geometry":{"type":"MultiPolygon","coordinates":[[[[6.8181,49.0695],[6.8298,49.0758],[6.8372,49.0754],[6.8426,49.0692],[6.8436,49.0621],[6.8298,49.0574],[6.8175,49.0567],[6.8022,49.0602],[6.8181,49.0695]]],[[[6.8134,49.0794],[6.8031,49.0916],[6.8134,49.0949],[6.8277,49.0931],[6.8275,49.0858],[6.8134,49.0794]]]]}},{"type":"Feature","properties":{"code":"57698","nom":"Vatimont","app":9.3,"app_bas":7.23,"app_haut":11.95,"app_ech":"maille","app_obs":7,"mai":8.84,"mai_bas":7.29,"mai_haut":10.72,"mai_ech":"maille","mai_obs":14,"a12":12.45,"a3":7.61},"geometry":{"type":"Polygon","coordinates":[[[6.4752,48.9661],[6.4512,48.9732],[6.4454,48.9793],[6.4559,48.9866],[6.4556,48.9898],[6.483,48.9885],[6.4955,48.9842],[6.5023,48.987],[6.5063,48.9838],[6.4965,48.9713],[6.4902,48.9674],[6.4752,48.9661]]]}},{"type":"Feature","properties":{"code":"57713","nom":"Vieux-Lixheim","app":9.64,"app_bas":7.55,"app_haut":12.31,"app_ech":"maille","app_obs":17,"mai":10.01,"mai_bas":7.29,"mai_haut":13.75,"mai_ech":"maille","mai_obs":5,"a12":11.39,"a3":8.32},"geometry":{"type":"Polygon","coordinates":[[[7.1268,48.8011],[7.1324,48.7958],[7.139,48.7806],[7.1336,48.7736],[7.1428,48.7675],[7.1331,48.7597],[7.1221,48.7617],[7.1184,48.7692],[7.1143,48.782],[7.1064,48.7869],[7.1102,48.7928],[7.1198,48.7925],[7.1172,48.7989],[7.1268,48.8011]]]}},{"type":"Feature","properties":{"code":"57757","nom":"Yutz","app":15.13,"app_bas":11.56,"app_haut":19.81,"app_ech":"commune","app_obs":2151,"mai":17.38,"mai_bas":12.49,"mai_haut":24.2,"mai_ech":"commune","mai_obs":123,"a12":17.15,"a3":13.3},"geometry":{"type":"Polygon","coordinates":[[[6.2114,49.3286],[6.206,49.3379],[6.1952,49.3431],[6.1941,49.3333],[6.1846,49.3357],[6.1772,49.3319],[6.1704,49.339],[6.1687,49.3492],[6.1801,49.3531],[6.1862,49.3648],[6.2047,49.3704],[6.2074,49.3749],[6.2043,49.3856],[6.2207,49.3666],[6.2346,49.3614],[6.2197,49.3529],[6.2218,49.3405],[6.2284,49.3361],[6.2169,49.3298],[6.2114,49.3286]]]}},{"type":"Feature","properties":{"code":"57695","nom":"Varize","app":9.56,"app_bas":8,"app_haut":11.43,"app_ech":"maille","app_obs":37,"mai":11.96,"mai_bas":9.19,"mai_haut":15.57,"mai_ech":"maille","mai_obs":8,"a12":12.45,"a3":9.92},"geometry":{"type":"Polygon","coordinates":[[[6.422,49.1438],[6.428,49.1447],[6.4573,49.1418],[6.4622,49.1457],[6.4684,49.143],[6.5001,49.1393],[6.5086,49.1394],[6.5055,49.1329],[6.4909,49.1338],[6.4654,49.1311],[6.4534,49.1217],[6.4425,49.1182],[6.4434,49.1079],[6.4519,49.1085],[6.4487,49.1],[6.4457,49.0952],[6.4373,49.0934],[6.424,49.099],[6.4293,49.1086],[6.4202,49.1174],[6.4298,49.1311],[6.422,49.1438]]]}},{"type":"Feature","properties":{"code":"57118","nom":"Budling","app":11.8,"app_bas":9.22,"app_haut":15.1,"app_ech":"maille","app_obs":0,"mai":12.49,"mai_bas":8.98,"mai_haut":17.37,"mai_ech":"maille","mai_obs":5,"a12":15.89,"a3":9.26},"geometry":{"type":"Polygon","coordinates":[[[6.3161,49.3433],[6.3248,49.3514],[6.3422,49.3549],[6.3461,49.3537],[6.3624,49.3575],[6.3724,49.3493],[6.3532,49.3399],[6.3412,49.3357],[6.3161,49.3433]]]}},{"type":"Feature","properties":{"code":"57717","nom":"Viller","app":9.03,"app_bas":6.99,"app_haut":11.68,"app_ech":"maille","app_obs":12,"mai":8.09,"mai_bas":6.27,"mai_haut":10.43,"mai_ech":"maille","mai_obs":2,"a12":10.48,"a3":8.6},"geometry":{"type":"Polygon","coordinates":[[[6.6224,48.9809],[6.6228,48.9941],[6.6358,48.9949],[6.6488,49.0029],[6.664,49.0015],[6.6627,48.9937],[6.6707,48.9916],[6.6654,48.9846],[6.6527,48.976],[6.6383,48.972],[6.6314,48.9789],[6.6224,48.9809]]]}},{"type":"Feature","properties":{"code":"57748","nom":"Wittring","app":9.53,"app_bas":7.31,"app_haut":12.44,"app_ech":"maille","app_obs":32,"mai":7.28,"mai_bas":5.68,"mai_haut":9.33,"mai_ech":"maille","mai_obs":6,"a12":11.29,"a3":10.11},"geometry":{"type":"Polygon","coordinates":[[[7.1195,49.0372],[7.1064,49.0453],[7.1017,49.0637],[7.1133,49.0647],[7.1179,49.0599],[7.138,49.0602],[7.1481,49.0649],[7.1613,49.0622],[7.1662,49.0564],[7.1509,49.0478],[7.134,49.044],[7.1195,49.0372]]]}},{"type":"Feature","properties":{"code":"57269","nom":"Guénange","app":15.63,"app_bas":12.36,"app_haut":19.75,"app_ech":"commune","app_obs":265,"mai":13.42,"mai_bas":10.21,"mai_haut":17.64,"mai_ech":"commune","mai_obs":103,"a12":16.11,"a3":11.62},"geometry":{"type":"Polygon","coordinates":[[[6.1836,49.2859],[6.1756,49.2956],[6.1655,49.3011],[6.1649,49.3023],[6.1871,49.3061],[6.2081,49.312],[6.2198,49.3076],[6.2394,49.2972],[6.24,49.2939],[6.2287,49.2913],[6.2206,49.2852],[6.2082,49.29],[6.1877,49.2911],[6.1836,49.2859]]]}},{"type":"Feature","properties":{"code":"57332","nom":"Hombourg-Haut","app":9.84,"app_bas":7.49,"app_haut":12.93,"app_ech":"commune","app_obs":512,"mai":8.09,"mai_bas":6.27,"mai_haut":10.43,"mai_ech":"maille","mai_obs":66,"a12":12.27,"a3":8.2},"geometry":{"type":"Polygon","coordinates":[[[6.7614,49.119],[6.7498,49.1199],[6.737,49.124],[6.738,49.1271],[6.752,49.1383],[6.7649,49.145],[6.7757,49.1455],[6.7962,49.139],[6.8002,49.1219],[6.789,49.1061],[6.7711,49.1109],[6.7614,49.119]]]}},{"type":"Feature","properties":{"code":"57444","nom":"Marange-Zondrange","app":9.37,"app_bas":7.52,"app_haut":11.68,"app_ech":"maille","app_obs":5,"mai":8.84,"mai_bas":7.29,"mai_haut":10.72,"mai_ech":"maille","mai_obs":9,"a12":12.14,"a3":7.78},"geometry":{"type":"Polygon","coordinates":[[[6.5618,49.1147],[6.5544,49.1081],[6.5376,49.1022],[6.5231,49.1038],[6.5046,49.1106],[6.5039,49.1148],[6.5138,49.1272],[6.526,49.1359],[6.5356,49.1318],[6.5402,49.1248],[6.5418,49.1184],[6.5534,49.1141],[6.5618,49.1147]]]}},{"type":"Feature","properties":{"code":"57473","nom":"Moncourt","app":7.76,"app_bas":6.3,"app_haut":9.57,"app_ech":"maille","app_obs":0,"mai":7.65,"mai_bas":6.08,"mai_haut":9.62,"mai_ech":"maille","mai_obs":0,"a12":10.3,"a3":7},"geometry":{"type":"Polygon","coordinates":[[[6.6339,48.7368],[6.6412,48.7353],[6.6537,48.7177],[6.6588,48.7168],[6.6652,48.709],[6.6616,48.7061],[6.646,48.7058],[6.6424,48.7024],[6.6167,48.7147],[6.6221,48.7233],[6.6319,48.7319],[6.6339,48.7368]]]}},{"type":"Feature","properties":{"code":"57529","nom":"Ottange","app":14.72,"app_bas":11.19,"app_haut":19.36,"app_ech":"commune","app_obs":162,"mai":12.85,"mai_bas":9.56,"mai_haut":17.26,"mai_ech":"maille","mai_obs":16,"a12":13.23,"a3":11.21},"geometry":{"type":"Polygon","coordinates":[[[5.965,49.4343],[5.9683,49.4395],[5.9788,49.4429],[5.982,49.4511],[6.002,49.4558],[6.0092,49.4526],[6.0276,49.4555],[6.0279,49.4484],[6.0422,49.4478],[6.0333,49.4299],[6.0289,49.4229],[6.0147,49.4165],[5.9966,49.4202],[5.9959,49.4298],[5.9856,49.4303],[5.9728,49.4277],[5.965,49.4343]]]}},{"type":"Feature","properties":{"code":"57025","nom":"Anzeling","app":10.39,"app_bas":8.34,"app_haut":12.95,"app_ech":"maille","app_obs":15,"mai":8.76,"mai_bas":6.59,"mai_haut":11.65,"mai_ech":"maille","mai_obs":4,"a12":13.55,"a3":10.72},"geometry":{"type":"Polygon","coordinates":[[[6.4868,49.2609],[6.4836,49.2564],[6.4798,49.2576],[6.4578,49.2563],[6.4512,49.2676],[6.4392,49.2793],[6.4552,49.2844],[6.4629,49.2815],[6.4746,49.2723],[6.4811,49.2631],[6.4868,49.2609]]]}},{"type":"Feature","properties":{"code":"57079","nom":"Bibiche","app":11.8,"app_bas":9.22,"app_haut":15.1,"app_ech":"maille","app_obs":14,"mai":9.64,"mai_bas":7,"mai_haut":13.28,"mai_ech":"maille","mai_obs":5,"a12":13.55,"a3":9.26},"geometry":{"type":"Polygon","coordinates":[[[6.4725,49.3486],[6.4846,49.3423],[6.514,49.3478],[6.5131,49.3361],[6.4981,49.3291],[6.4916,49.3188],[6.4767,49.3149],[6.4561,49.3162],[6.4501,49.319],[6.4418,49.3313],[6.4556,49.3407],[6.4725,49.3486]]]}},{"type":"Feature","properties":{"code":"57700","nom":"Vaudreching","app":10.39,"app_bas":8.34,"app_haut":12.95,"app_ech":"maille","app_obs":41,"mai":9.64,"mai_bas":7,"mai_haut":13.28,"mai_ech":"maille","mai_obs":14,"a12":13.55,"a3":8.48},"geometry":{"type":"Polygon","coordinates":[[[6.5413,49.2807],[6.5389,49.2788],[6.5392,49.2592],[6.5353,49.2592],[6.5316,49.2599],[6.5248,49.2694],[6.5,49.2816],[6.5178,49.2872],[6.5297,49.288],[6.5343,49.2818],[6.5413,49.2807]]]}},{"type":"Feature","properties":{"code":"57299","nom":"Hartzviller","app":10.52,"app_bas":8.14,"app_haut":13.61,"app_ech":"maille","app_obs":28,"mai":8.93,"mai_bas":6.95,"mai_haut":11.48,"mai_ech":"maille","mai_obs":7,"a12":11.47,"a3":8.32},"geometry":{"type":"Polygon","coordinates":[[[7.0883,48.6788],[7.0974,48.686],[7.1044,48.683],[7.098,48.6763],[7.0992,48.6708],[7.0946,48.66],[7.0777,48.6607],[7.0661,48.6648],[7.0762,48.6734],[7.0883,48.6788]]]}},{"type":"Feature","properties":{"code":"57347","nom":"Insviller","app":8.77,"app_bas":7.03,"app_haut":10.95,"app_ech":"maille","app_obs":9,"mai":8.68,"mai_bas":6.64,"mai_haut":11.36,"mai_ech":"epci","mai_obs":0,"a12":9.73,"a3":7.13},"geometry":{"type":"Polygon","coordinates":[[[6.9097,48.9074],[6.9243,48.9017],[6.9277,48.8979],[6.9425,48.8914],[6.9494,48.8851],[6.9412,48.8832],[6.9355,48.887],[6.9219,48.8857],[6.9064,48.8781],[6.8928,48.8754],[6.8825,48.8829],[6.8884,48.8985],[6.9005,48.9017],[6.9097,48.9074]]]}},{"type":"Feature","properties":{"code":"57438","nom":"Malroy","app":15.66,"app_bas":12.19,"app_haut":20.11,"app_ech":"maille","app_obs":13,"mai":11.96,"mai_bas":9.19,"mai_haut":15.57,"mai_ech":"maille","mai_obs":13,"a12":14.21,"a3":11.56},"geometry":{"type":"Polygon","coordinates":[[[6.2065,49.1578],[6.2093,49.1707],[6.2025,49.1781],[6.2278,49.185],[6.2317,49.1794],[6.2236,49.1666],[6.2065,49.1578]]]}},{"type":"Feature","properties":{"code":"57456","nom":"Meisenthal","app":9.53,"app_bas":7.31,"app_haut":12.44,"app_ech":"maille","app_obs":40,"mai":7.28,"mai_bas":5.68,"mai_haut":9.33,"mai_ech":"maille","mai_obs":6,"a12":11.29,"a3":8.28},"geometry":{"type":"Polygon","coordinates":[[[7.3551,48.9544],[7.3465,48.9628],[7.3376,48.9634],[7.3209,48.9803],[7.3264,48.9859],[7.3361,48.9867],[7.3495,48.9816],[7.3618,48.9706],[7.3697,48.9613],[7.3677,48.9559],[7.3681,48.9535],[7.3551,48.9544]]]}},{"type":"Feature","properties":{"code":"57457","nom":"Menskirch","app":10.39,"app_bas":8.34,"app_haut":12.95,"app_ech":"maille","app_obs":7,"mai":9.64,"mai_bas":7,"mai_haut":13.28,"mai_ech":"maille","mai_obs":0,"a12":13.55,"a3":9.26},"geometry":{"type":"Polygon","coordinates":[[[6.4111,49.3163],[6.4147,49.3245],[6.4366,49.3328],[6.4418,49.3313],[6.4501,49.319],[6.4275,49.3115],[6.4263,49.3059],[6.4111,49.3163]]]}},{"type":"Feature","properties":{"code":"57636","nom":"Schmittviller","app":8.52,"app_bas":6.67,"app_haut":10.88,"app_ech":"maille","app_obs":11,"mai":7.28,"mai_bas":5.68,"mai_haut":9.33,"mai_ech":"maille","mai_obs":0,"a12":10.7,"a3":8.28},"geometry":{"type":"Polygon","coordinates":[[[7.177,49.0171],[7.1824,49.0133],[7.2015,49.0153],[7.1919,49.0037],[7.1862,48.9938],[7.1821,49.0017],[7.1742,49.0064],[7.177,49.0171]]]}},{"type":"Feature","properties":{"code":"57675","nom":"Torcheville","app":8.99,"app_bas":7.12,"app_haut":11.33,"app_ech":"maille","app_obs":0,"mai":8.68,"mai_bas":6.64,"mai_haut":11.36,"mai_ech":"epci","mai_obs":1,"a12":9.73,"a3":7.39},"geometry":{"type":"Polygon","coordinates":[[[6.8342,48.9045],[6.8306,48.916],[6.8511,48.9193],[6.8571,48.9179],[6.8671,48.9093],[6.8659,48.8988],[6.8374,48.8894],[6.8332,48.8962],[6.8342,48.9045]]]}},{"type":"Feature","properties":{"code":"57037","nom":"Aube","app":10.24,"app_bas":8.43,"app_haut":12.44,"app_ech":"maille","app_obs":11,"mai":11.96,"mai_bas":9.19,"mai_haut":15.57,"mai_ech":"maille","mai_obs":6,"a12":12.45,"a3":9.52},"geometry":{"type":"Polygon","coordinates":[[[6.3472,49.0388],[6.3574,49.021],[6.346,49.0177],[6.3379,49.0122],[6.33,49.0137],[6.315,49.0229],[6.3177,49.0294],[6.3267,49.032],[6.3337,49.0383],[6.3472,49.0388]]]}},{"type":"Feature","properties":{"code":"57080","nom":"Bickenholtz","app":9.64,"app_bas":7.55,"app_haut":12.31,"app_ech":"maille","app_obs":1,"mai":8.04,"mai_bas":6.14,"mai_haut":10.54,"mai_ech":"maille","mai_obs":0,"a12":11.47,"a3":8.32},"geometry":{"type":"Polygon","coordinates":[[[7.1799,48.8105],[7.1832,48.8061],[7.1795,48.8003],[7.1612,48.8002],[7.1591,48.8091],[7.1668,48.8161],[7.1799,48.8105]]]}},{"type":"Feature","properties":{"code":"57726","nom":"Vittoncourt","app":10.24,"app_bas":8.43,"app_haut":12.44,"app_ech":"maille","app_obs":14,"mai":8.84,"mai_bas":7.29,"mai_haut":10.72,"mai_ech":"maille","mai_obs":17,"a12":12.45,"a3":9.52},"geometry":{"type":"Polygon","coordinates":[[[6.4483,49.029],[6.4539,49.0339],[6.4643,49.0333],[6.4753,49.0458],[6.4816,49.0378],[6.4721,49.0287],[6.4798,49.0096],[6.4575,49.0013],[6.4554,49.0128],[6.4485,49.0169],[6.4334,49.0115],[6.4315,49.0076],[6.4237,49.0174],[6.4235,49.026],[6.4289,49.0285],[6.4483,49.029]]]}},{"type":"Feature","properties":{"code":"57750","nom":"Wœlfling-lès-Sarreguemines","app":8.52,"app_bas":6.67,"app_haut":10.88,"app_ech":"maille","app_obs":26,"mai":7.28,"mai_bas":5.68,"mai_haut":9.33,"mai_ech":"maille","mai_obs":0,"a12":10.7,"a3":8.28},"geometry":{"type":"Polygon","coordinates":[[[7.1567,49.1007],[7.1852,49.0967],[7.202,49.0964],[7.2026,49.091],[7.1928,49.0681],[7.1889,49.0663],[7.1679,49.0847],[7.1669,49.0945],[7.1567,49.1007]]]}},{"type":"Feature","properties":{"code":"57755","nom":"Xocourt","app":10.11,"app_bas":8.15,"app_haut":12.53,"app_ech":"maille","app_obs":0,"mai":8.36,"mai_bas":6.36,"mai_haut":11,"mai_ech":"epci","mai_obs":2,"a12":12.45,"a3":8.2},"geometry":{"type":"Polygon","coordinates":[[[6.3961,48.8972],[6.3845,48.8945],[6.3764,48.8976],[6.3638,48.9068],[6.3567,48.9162],[6.3707,48.9252],[6.3782,48.9279],[6.3824,48.9243],[6.374,48.9209],[6.3833,48.9159],[6.3961,48.8972]]]}},{"type":"Feature","properties":{"code":"57189","nom":"Eincheville","app":9.03,"app_bas":6.99,"app_haut":11.68,"app_ech":"maille","app_obs":3,"mai":8.84,"mai_bas":7.29,"mai_haut":10.72,"mai_ech":"maille","mai_obs":9,"a12":10.16,"a3":8.6},"geometry":{"type":"Polygon","coordinates":[[[6.6111,48.9941],[6.6228,48.9941],[6.6224,48.9809],[6.6191,48.9779],[6.5968,48.9706],[6.5857,48.976],[6.5793,48.9819],[6.5804,48.9891],[6.5871,48.9971],[6.6111,48.9941]]]}},{"type":"Feature","properties":{"code":"57206","nom":"Fameck","app":13.33,"app_bas":10.25,"app_haut":17.35,"app_ech":"commune","app_obs":377,"mai":13.11,"mai_bas":9.96,"mai_haut":17.25,"mai_ech":"commune","mai_obs":106,"a12":15.3,"a3":12.04},"geometry":{"type":"Polygon","coordinates":[[[6.0706,49.3131],[6.0948,49.3139],[6.1052,49.3162],[6.12,49.3144],[6.1325,49.3047],[6.1267,49.2988],[6.133,49.2913],[6.1447,49.282],[6.1204,49.2808],[6.0999,49.2877],[6.0735,49.2868],[6.075,49.3013],[6.0788,49.3082],[6.0706,49.3131]]]}},{"type":"Feature","properties":{"code":"57350","nom":"Jouy-aux-Arches","app":12.77,"app_bas":9.87,"app_haut":16.51,"app_ech":"commune","app_obs":134,"mai":10.22,"mai_bas":7.69,"mai_haut":13.58,"mai_ech":"maille","mai_obs":5,"a12":12.89,"a3":11.67},"geometry":{"type":"Polygon","coordinates":[[[6.0786,49.0457],[6.0681,49.0484],[6.0654,49.0522],[6.0867,49.0739],[6.0912,49.0868],[6.1004,49.086],[6.1035,49.079],[6.0974,49.0617],[6.089,49.0518],[6.0786,49.0457]]]}},{"type":"Feature","properties":{"code":"57484","nom":"Morsbach","app":9.45,"app_bas":7.47,"app_haut":11.95,"app_ech":"commune","app_obs":298,"mai":9.68,"mai_bas":7.49,"mai_haut":12.52,"mai_ech":"maille","mai_obs":22,"a12":12.62,"a3":8.31},"geometry":{"type":"Polygon","coordinates":[[[6.8838,49.1719],[6.8909,49.17],[6.8732,49.1563],[6.8651,49.1546],[6.8638,49.1634],[6.8593,49.1654],[6.8453,49.1601],[6.8473,49.1735],[6.8609,49.1786],[6.8756,49.1759],[6.8838,49.1719]]]}},{"type":"Feature","properties":{"code":"57563","nom":"Raville","app":9.56,"app_bas":8,"app_haut":11.43,"app_ech":"maille","app_obs":7,"mai":8.84,"mai_bas":7.29,"mai_haut":10.72,"mai_ech":"maille","mai_obs":2,"a12":10.16,"a3":7.78},"geometry":{"type":"Polygon","coordinates":[[[6.4961,49.1046],[6.4964,49.085],[6.4831,49.0726],[6.4703,49.0783],[6.4663,49.0882],[6.4457,49.0952],[6.4487,49.1],[6.4864,49.0991],[6.4961,49.1046]]]}},{"type":"Feature","properties":{"code":"57040","nom":"Aulnois-sur-Seille","app":9.9,"app_bas":8.1,"app_haut":12.11,"app_ech":"maille","app_obs":87,"mai":8.36,"mai_bas":6.36,"mai_haut":11,"mai_ech":"epci","mai_obs":10,"a12":12.45,"a3":8.2},"geometry":{"type":"MultiPolygon","coordinates":[[[[6.3001,48.8525],[6.2975,48.8665],[6.3077,48.8623],[6.3124,48.8675],[6.3081,48.8753],[6.3151,48.8742],[6.3387,48.8629],[6.3293,48.8592],[6.3097,48.8561],[6.3001,48.8525]]],[[[6.3452,48.8624],[6.3698,48.8618],[6.3744,48.8574],[6.3527,48.8538],[6.3452,48.8624]]]]}},{"type":"Feature","properties":{"code":"57050","nom":"Barchain","app":9.4,"app_bas":7.15,"app_haut":12.35,"app_ech":"maille","app_obs":1,"mai":6.94,"mai_bas":5.37,"mai_haut":8.96,"mai_ech":"epci","mai_obs":2,"a12":11.47,"a3":8.04},"geometry":{"type":"Polygon","coordinates":[[[6.9583,48.7164],[6.9694,48.7095],[6.9568,48.6991],[6.9488,48.7038],[6.9502,48.7126],[6.9583,48.7164]]]}},{"type":"Feature","properties":{"code":"57156","nom":"Courcelles-sur-Nied","app":12.15,"app_bas":9.85,"app_haut":14.98,"app_ech":"maille","app_obs":78,"mai":11.96,"mai_bas":9.19,"mai_haut":15.57,"mai_ech":"maille","mai_obs":27,"a12":13.87,"a3":9.52},"geometry":{"type":"Polygon","coordinates":[[[6.3296,49.052],[6.3135,49.0505],[6.3022,49.0474],[6.2969,49.0423],[6.2911,49.0479],[6.2982,49.0629],[6.2981,49.0679],[6.3145,49.07],[6.3296,49.052]]]}},{"type":"Feature","properties":{"code":"57720","nom":"Villing","app":10.39,"app_bas":8.34,"app_haut":12.95,"app_ech":"maille","app_obs":20,"mai":9.64,"mai_bas":7,"mai_haut":13.28,"mai_ech":"maille","mai_obs":5,"a12":13.55,"a3":8.34},"geometry":{"type":"Polygon","coordinates":[[[6.6326,49.2735],[6.6137,49.267],[6.6091,49.2711],[6.6146,49.2791],[6.6207,49.2846],[6.6222,49.29],[6.6318,49.296],[6.6514,49.2858],[6.6532,49.2811],[6.6412,49.2791],[6.6326,49.2735]]]}},{"type":"Feature","properties":{"code":"57419","nom":"Loupershouse","app":11.2,"app_bas":8.65,"app_haut":14.5,"app_ech":"maille","app_obs":33,"mai":9.68,"mai_bas":7.49,"mai_haut":12.52,"mai_ech":"maille","mai_obs":10,"a12":10.49,"a3":10.11},"geometry":{"type":"Polygon","coordinates":[[[6.9134,49.0991],[6.9274,49.0943],[6.9374,49.0838],[6.932,49.0819],[6.9287,49.069],[6.9176,49.0646],[6.9083,49.0677],[6.8809,49.0727],[6.8812,49.0735],[6.8978,49.0802],[6.9061,49.0804],[6.9103,49.0851],[6.9067,49.0936],[6.9134,49.0991]]]}},{"type":"Feature","properties":{"code":"57538","nom":"Pettoncourt","app":8.76,"app_bas":6.87,"app_haut":11.17,"app_ech":"maille","app_obs":9,"mai":8.52,"mai_bas":6.66,"mai_haut":10.91,"mai_ech":"maille","mai_obs":0,"a12":12.02,"a3":7},"geometry":{"type":"Polygon","coordinates":[[[6.3942,48.7911],[6.4126,48.7953],[6.4196,48.7944],[6.4244,48.803],[6.429,48.8028],[6.4331,48.7891],[6.4258,48.7856],[6.3949,48.7748],[6.3887,48.7806],[6.3942,48.7911]]]}},{"type":"Feature","properties":{"code":"57069","nom":"Berviller-en-Moselle","app":9.43,"app_bas":7.58,"app_haut":11.75,"app_ech":"maille","app_obs":2,"mai":9.64,"mai_bas":7,"mai_haut":13.28,"mai_ech":"maille","mai_obs":0,"a12":13.55,"a3":8.34},"geometry":{"type":"Polygon","coordinates":[[[6.6532,49.2811],[6.6692,49.2806],[6.6679,49.2713],[6.6603,49.261],[6.6615,49.2573],[6.646,49.2539],[6.6326,49.2735],[6.6412,49.2791],[6.6532,49.2811]]]}},{"type":"Feature","properties":{"code":"57256","nom":"Gravelotte","app":11.1,"app_bas":8.89,"app_haut":13.86,"app_ech":"maille","app_obs":52,"mai":9.82,"mai_bas":7.65,"mai_haut":12.6,"mai_ech":"maille","mai_obs":7,"a12":13.5,"a3":11.67},"geometry":{"type":"Polygon","coordinates":[[[6.0483,49.1093],[6.04,49.1035],[6.0238,49.0989],[6.0093,49.1018],[6.005,49.1139],[6.0021,49.1165],[6.0227,49.1248],[6.0361,49.1165],[6.0425,49.1158],[6.0458,49.1104],[6.0483,49.1093]]]}},{"type":"Feature","properties":{"code":"57397","nom":"Ley","app":8.76,"app_bas":6.87,"app_haut":11.17,"app_ech":"maille","app_obs":0,"mai":7.25,"mai_bas":5.62,"mai_haut":9.35,"mai_ech":"maille","mai_obs":2,"a12":9.39,"a3":7.07},"geometry":{"type":"Polygon","coordinates":[[[6.6396,48.753],[6.6556,48.7493],[6.6636,48.7436],[6.6808,48.7355],[6.6726,48.7313],[6.6588,48.7168],[6.6537,48.7177],[6.6412,48.7353],[6.6426,48.7403],[6.6346,48.7472],[6.6396,48.753]]]}},{"type":"Feature","properties":{"code":"57500","nom":"Neufmoulins","app":9.4,"app_bas":7.15,"app_haut":12.35,"app_ech":"maille","app_obs":0,"mai":8.93,"mai_bas":6.95,"mai_haut":11.48,"mai_ech":"maille","mai_obs":0,"a12":12.17,"a3":7.14},"geometry":{"type":"Polygon","coordinates":[[[6.9706,48.6872],[6.9862,48.6809],[6.9792,48.6721],[6.9569,48.6808],[6.9624,48.6846],[6.9706,48.6872]]]}},{"type":"Feature","properties":{"code":"57594","nom":"Roppeviller","app":9.43,"app_bas":7.47,"app_haut":11.9,"app_ech":"maille","app_obs":0,"mai":9.18,"mai_bas":7.02,"mai_haut":12.01,"mai_ech":"maille","mai_obs":0,"a12":11.13,"a3":9.07},"geometry":{"type":"Polygon","coordinates":[[[7.5551,49.055],[7.5536,49.055],[7.5391,49.0632],[7.5251,49.0795],[7.5203,49.0894],[7.5072,49.0927],[7.5034,49.091],[7.4899,49.094],[7.4818,49.1034],[7.4816,49.1151],[7.5115,49.111],[7.5239,49.1058],[7.539,49.0921],[7.5589,49.0824],[7.5533,49.0619],[7.5551,49.055]]]}},{"type":"Feature","properties":{"code":"57601","nom":"Rozérieulles","app":14.26,"app_bas":11.43,"app_haut":17.79,"app_ech":"maille","app_obs":79,"mai":10.22,"mai_bas":7.69,"mai_haut":13.58,"mai_ech":"maille","mai_obs":23,"a12":13.5,"a3":11.67},"geometry":{"type":"Polygon","coordinates":[[[6.0425,49.1158],[6.0361,49.1165],[6.0227,49.1248],[6.0198,49.1311],[6.0343,49.1379],[6.0397,49.1311],[6.0474,49.127],[6.061,49.116],[6.0986,49.1103],[6.0882,49.1052],[6.0718,49.102],[6.0458,49.1164],[6.0425,49.1158]]]}},{"type":"Feature","properties":{"code":"57694","nom":"Vany","app":15.66,"app_bas":12.19,"app_haut":20.11,"app_ech":"maille","app_obs":5,"mai":12.23,"mai_bas":8.79,"mai_haut":17.02,"mai_ech":"maille","mai_obs":8,"a12":13.87,"a3":11.56},"geometry":{"type":"Polygon","coordinates":[[[6.2316,49.1446],[6.2244,49.148],[6.2331,49.1592],[6.2479,49.1641],[6.2521,49.1569],[6.2503,49.1524],[6.2567,49.1463],[6.2494,49.1422],[6.2435,49.1447],[6.2316,49.1446]]]}},{"type":"Feature","properties":{"code":"57020","nom":"Ancerville","app":10.24,"app_bas":8.43,"app_haut":12.44,"app_ech":"maille","app_obs":10,"mai":8.84,"mai_bas":7.29,"mai_haut":10.72,"mai_ech":"maille","mai_obs":7,"a12":12.45,"a3":9.52},"geometry":{"type":"Polygon","coordinates":[[[6.3862,49.021],[6.3756,49.034],[6.3771,49.038],[6.3861,49.0363],[6.4089,49.0455],[6.4202,49.042],[6.4211,49.0377],[6.3998,49.0233],[6.3862,49.021]]]}},{"type":"Feature","properties":{"code":"57112","nom":"Brouck","app":9.37,"app_bas":7.52,"app_haut":11.68,"app_ech":"maille","app_obs":0,"mai":8.84,"mai_bas":7.29,"mai_haut":10.72,"mai_ech":"maille","mai_obs":1,"a12":10.16,"a3":7.78},"geometry":{"type":"Polygon","coordinates":[[[6.4909,49.1338],[6.5055,49.1329],[6.5086,49.1394],[6.522,49.1405],[6.526,49.1359],[6.5138,49.1272],[6.5039,49.1148],[6.499,49.1187],[6.5001,49.126],[6.4931,49.1273],[6.4909,49.1338]]]}},{"type":"Feature","properties":{"code":"57321","nom":"Hesse","app":10.52,"app_bas":8.14,"app_haut":13.61,"app_ech":"maille","app_obs":51,"mai":8.93,"mai_bas":6.95,"mai_haut":11.48,"mai_ech":"maille","mai_obs":22,"a12":11.47,"a3":7.69},"geometry":{"type":"Polygon","coordinates":[[[7.0135,48.6921],[7.0273,48.7015],[7.0447,48.7082],[7.0576,48.7067],[7.0717,48.6885],[7.0749,48.6878],[7.087,48.6811],[7.0883,48.6788],[7.0762,48.6734],[7.0661,48.6648],[7.045,48.6777],[7.0303,48.6804],[7.0135,48.6921]]]}},{"type":"Feature","properties":{"code":"57329","nom":"Holling","app":10.39,"app_bas":8.34,"app_haut":12.95,"app_ech":"maille","app_obs":21,"mai":8.76,"mai_bas":6.59,"mai_haut":11.65,"mai_ech":"maille","mai_obs":5,"a12":12.14,"a3":8.48},"geometry":{"type":"Polygon","coordinates":[[[6.4823,49.2507],[6.4836,49.2564],[6.4868,49.2609],[6.4918,49.2639],[6.4934,49.2718],[6.5179,49.2584],[6.5264,49.2572],[6.5054,49.2464],[6.5001,49.2462],[6.5011,49.2511],[6.4842,49.2473],[6.4823,49.2507]]]}},{"type":"Feature","properties":{"code":"57413","nom":"Longeville-lès-Saint-Avold","app":9.86,"app_bas":7.92,"app_haut":12.29,"app_ech":"commune","app_obs":360,"mai":8.51,"mai_bas":6.6,"mai_haut":10.97,"mai_ech":"commune","mai_obs":110,"a12":12.14,"a3":8.5},"geometry":{"type":"Polygon","coordinates":[[[6.6104,49.1355],[6.6242,49.1398],[6.6417,49.1404],[6.6598,49.136],[6.6831,49.1329],[6.6965,49.1255],[6.6992,49.1206],[6.6958,49.1085],[6.6774,49.1048],[6.6716,49.1018],[6.6483,49.1001],[6.6398,49.0962],[6.6308,49.0971],[6.6125,49.1044],[6.6094,49.1176],[6.6025,49.1215],[6.6084,49.1246],[6.6104,49.1355]]]}},{"type":"Feature","properties":{"code":"57495","nom":"Narbéfontaine","app":9.37,"app_bas":7.52,"app_haut":11.68,"app_ech":"maille","app_obs":3,"mai":8.09,"mai_bas":6.27,"mai_haut":10.43,"mai_ech":"maille","mai_obs":0,"a12":10.16,"a3":8.34},"geometry":{"type":"Polygon","coordinates":[[[6.5528,49.143],[6.5661,49.1429],[6.5671,49.135],[6.5479,49.1315],[6.5402,49.1248],[6.5356,49.1318],[6.526,49.1359],[6.522,49.1405],[6.5528,49.143]]]}},{"type":"Feature","properties":{"code":"57664","nom":"Tarquimpol","app":8.77,"app_bas":7.03,"app_haut":10.95,"app_ech":"maille","app_obs":2,"mai":7.65,"mai_bas":6.08,"mai_haut":9.62,"mai_ech":"maille","mai_obs":0,"a12":12.17,"a3":8.04},"geometry":{"type":"Polygon","coordinates":[[[6.7375,48.7858],[6.7511,48.7918],[6.771,48.7951],[6.7844,48.788],[6.7752,48.7878],[6.7735,48.78],[6.7786,48.7726],[6.7727,48.7664],[6.7626,48.7662],[6.7592,48.7705],[6.7475,48.7752],[6.7375,48.7858]]]}},{"type":"Feature","properties":{"code":"57041","nom":"Aumetz","app":14.31,"app_bas":10.87,"app_haut":18.83,"app_ech":"commune","app_obs":236,"mai":12.85,"mai_bas":9.56,"mai_haut":17.26,"mai_ech":"maille","mai_obs":23,"a12":15.16,"a3":13.49},"geometry":{"type":"Polygon","coordinates":[[[5.965,49.4343],[5.9728,49.4277],[5.9856,49.4303],[5.9693,49.4132],[5.9527,49.4064],[5.9432,49.4066],[5.9297,49.4015],[5.9118,49.4075],[5.9197,49.4181],[5.927,49.4247],[5.9423,49.4303],[5.965,49.4343]]]}},{"type":"Feature","properties":{"code":"57168","nom":"Danne-et-Quatre-Vents","app":12.04,"app_bas":9.33,"app_haut":15.53,"app_ech":"maille","app_obs":15,"mai":10.01,"mai_bas":7.29,"mai_haut":13.75,"mai_ech":"maille","mai_obs":11,"a12":11.39,"a3":8.3},"geometry":{"type":"Polygon","coordinates":[[[7.2734,48.7484],[7.2818,48.7547],[7.28,48.76],[7.2868,48.7666],[7.2764,48.7741],[7.2838,48.7832],[7.2907,48.7863],[7.3133,48.7672],[7.3053,48.7594],[7.2959,48.7553],[7.2914,48.7491],[7.2869,48.7313],[7.2797,48.7335],[7.2829,48.737],[7.2734,48.7484]]]}},{"type":"Feature","properties":{"code":"57704","nom":"Veckring","app":11.8,"app_bas":9.22,"app_haut":15.1,"app_ech":"maille","app_obs":5,"mai":12.49,"mai_bas":8.98,"mai_haut":17.37,"mai_ech":"maille","mai_obs":4,"a12":15.89,"a3":9.26},"geometry":{"type":"Polygon","coordinates":[[[6.3474,49.317],[6.3369,49.3275],[6.3412,49.3357],[6.3532,49.3399],[6.3724,49.3493],[6.383,49.3497],[6.3909,49.3421],[6.3861,49.3361],[6.373,49.3292],[6.3584,49.3262],[6.3474,49.317]]]}},{"type":"Feature","properties":{"code":"57714","nom":"Haute-Vigneulles","app":9.56,"app_bas":8,"app_haut":11.43,"app_ech":"maille","app_obs":38,"mai":8.09,"mai_bas":6.27,"mai_haut":10.43,"mai_ech":"maille","mai_obs":8,"a12":10.16,"a3":7.78},"geometry":{"type":"Polygon","coordinates":[[[6.5445,49.0748],[6.5358,49.0797],[6.533,49.0921],[6.5376,49.1022],[6.5544,49.1081],[6.5618,49.1147],[6.5677,49.1171],[6.583,49.1162],[6.5735,49.1098],[6.5705,49.1019],[6.5781,49.0887],[6.5697,49.0838],[6.5445,49.0748]]]}},{"type":"Feature","properties":{"code":"57258","nom":"Gréning","app":8.02,"app_bas":6.45,"app_haut":9.98,"app_ech":"maille","app_obs":4,"mai":8.6,"mai_bas":6.59,"mai_haut":11.23,"mai_ech":"maille","mai_obs":0,"a12":9.73,"a3":7.89},"geometry":{"type":"Polygon","coordinates":[[[6.8576,48.9781],[6.8439,48.9659],[6.8319,48.9608],[6.8335,48.9701],[6.8273,48.9782],[6.8418,48.9839],[6.8522,48.9811],[6.8576,48.9781]]]}},{"type":"Feature","properties":{"code":"57357","nom":"Kappelkinger","app":9.72,"app_bas":7.78,"app_haut":12.14,"app_ech":"maille","app_obs":0,"mai":9.4,"mai_bas":7.21,"mai_haut":12.25,"mai_ech":"epci","mai_obs":7,"a12":9.73,"a3":7.89},"geometry":{"type":"Polygon","coordinates":[[[6.9256,48.9599],[6.9077,48.9573],[6.8897,48.9669],[6.8944,48.9748],[6.8946,48.9813],[6.8917,48.9874],[6.9173,48.9965],[6.9223,48.9843],[6.9302,48.9749],[6.9256,48.9599]]]}},{"type":"Feature","properties":{"code":"57486","nom":"Morville-sur-Nied","app":9.3,"app_bas":7.23,"app_haut":11.95,"app_ech":"maille","app_obs":0,"mai":8.36,"mai_bas":6.36,"mai_haut":11,"mai_ech":"epci","mai_obs":2,"a12":10.48,"a3":9.52},"geometry":{"type":"Polygon","coordinates":[[[6.4238,48.939],[6.4226,48.9418],[6.4088,48.9439],[6.4074,48.9524],[6.439,48.9617],[6.4494,48.9543],[6.4487,48.9443],[6.431,48.9376],[6.4238,48.939]]]}},{"type":"Feature","properties":{"code":"57523","nom":"Ogy","app":null,"app_bas":null,"app_haut":null,"app_ech":null,"app_obs":0,"mai":null,"mai_bas":null,"mai_haut":null,"mai_ech":null,"mai_obs":0,"a12":null,"a3":null},"geometry":{"type":"Polygon","coordinates":[[[6.2979,49.1033],[6.2985,49.1104],[6.319,49.1184],[6.3181,49.1211],[6.3278,49.1191],[6.3317,49.1151],[6.3296,49.1077],[6.3213,49.102],[6.2979,49.1033]]]}},{"type":"Feature","properties":{"code":"57526","nom":"Ormersviller","app":8.52,"app_bas":6.67,"app_haut":10.88,"app_ech":"maille","app_obs":23,"mai":7.28,"mai_bas":5.68,"mai_haut":9.33,"mai_ech":"maille","mai_obs":0,"a12":10.7,"a3":8.28},"geometry":{"type":"Polygon","coordinates":[[[7.3327,49.1209],[7.3264,49.1234],[7.3041,49.1241],[7.3141,49.1376],[7.3298,49.1449],[7.3453,49.1432],[7.3628,49.1452],[7.3648,49.1423],[7.3634,49.1364],[7.3327,49.1209]]]}},{"type":"Feature","properties":{"code":"57585","nom":"Ritzing","app":null,"app_bas":null,"app_haut":null,"app_ech":null,"app_obs":0,"mai":null,"mai_bas":null,"mai_haut":null,"mai_ech":null,"mai_obs":0,"a12":null,"a3":null},"geometry":{"type":"Polygon","coordinates":[[[6.482,49.4495],[6.4866,49.4478],[6.4867,49.4374],[6.4762,49.4291],[6.4629,49.4283],[6.4498,49.4222],[6.441,49.4277],[6.4395,49.4358],[6.4642,49.4467],[6.482,49.4495]]]}},{"type":"Feature","properties":{"code":"57210","nom":"Fénétrange","app":9.69,"app_bas":7.76,"app_haut":12.1,"app_ech":"commune","app_obs":122,"mai":8.6,"mai_bas":6.59,"mai_haut":11.23,"mai_ech":"maille","mai_obs":17,"a12":9.73,"a3":7.13},"geometry":{"type":"Polygon","coordinates":[[[6.9657,48.8543],[6.9816,48.8707],[7.0179,48.8625],[7.0342,48.8536],[7.0522,48.8493],[7.0538,48.836],[6.9964,48.8357],[6.9812,48.8511],[6.9657,48.8543]]]}},{"type":"Feature","properties":{"code":"57214","nom":"Fixem","app":14.73,"app_bas":10.69,"app_haut":20.3,"app_ech":"maille","app_obs":17,"mai":12.49,"mai_bas":8.98,"mai_haut":17.37,"mai_ech":"maille","mai_obs":2,"a12":16.8,"a3":12.32},"geometry":{"type":"Polygon","coordinates":[[[6.2526,49.437],[6.2785,49.4551],[6.2897,49.4517],[6.2878,49.444],[6.2689,49.431],[6.2526,49.437]]]}},{"type":"Feature","properties":{"code":"57280","nom":"Guntzviller","app":9.1,"app_bas":7.38,"app_haut":11.21,"app_ech":"maille","app_obs":10,"mai":9.39,"mai_bas":7.47,"mai_haut":11.81,"mai_ech":"maille","mai_obs":6,"a12":11.39,"a3":8.3},"geometry":{"type":"Polygon","coordinates":[[[7.1281,48.7207],[7.1392,48.7259],[7.1451,48.7153],[7.1726,48.7095],[7.1718,48.7055],[7.1799,48.6979],[7.2027,48.6937],[7.1983,48.6895],[7.1687,48.6933],[7.1554,48.6972],[7.1504,48.701],[7.1528,48.7037],[7.1281,48.7207]]]}},{"type":"Feature","properties":{"code":"57317","nom":"Hérange","app":9.1,"app_bas":7.38,"app_haut":11.21,"app_ech":"maille","app_obs":8,"mai":10.01,"mai_bas":7.29,"mai_haut":13.75,"mai_ech":"maille","mai_obs":1,"a12":11.39,"a3":8.32},"geometry":{"type":"Polygon","coordinates":[[[7.1788,48.7864],[7.1886,48.7796],[7.1804,48.7716],[7.1682,48.7689],[7.1607,48.7716],[7.1572,48.7801],[7.1788,48.7864]]]}},{"type":"Feature","properties":{"code":"57448","nom":"Marsal","app":8.76,"app_bas":6.87,"app_haut":11.17,"app_ech":"maille","app_obs":18,"mai":7.65,"mai_bas":6.08,"mai_haut":9.62,"mai_ech":"maille","mai_obs":8,"a12":10.48,"a3":7.13},"geometry":{"type":"Polygon","coordinates":[[[6.6227,48.7907],[6.6422,48.7914],[6.6504,48.7895],[6.6564,48.7819],[6.6459,48.777],[6.6296,48.7723],[6.6084,48.7713],[6.5894,48.7671],[6.5906,48.782],[6.586,48.7843],[6.583,48.7925],[6.5847,48.7991],[6.6186,48.7894],[6.6227,48.7907]]]}},{"type":"Feature","properties":{"code":"57551","nom":"Postroff","app":8.93,"app_bas":7.07,"app_haut":11.27,"app_ech":"maille","app_obs":19,"mai":8.6,"mai_bas":6.59,"mai_haut":11.23,"mai_ech":"maille","mai_obs":1,"a12":9.73,"a3":7.14},"geometry":{"type":"Polygon","coordinates":[[[7.0505,48.8589],[7.0631,48.86],[7.0812,48.8641],[7.0941,48.8629],[7.0981,48.8529],[7.0884,48.8484],[7.0809,48.8474],[7.0633,48.8483],[7.0521,48.8469],[7.0505,48.8589]]]}},{"type":"Feature","properties":{"code":"57566","nom":"Réding","app":9.1,"app_bas":7.38,"app_haut":11.21,"app_ech":"maille","app_obs":87,"mai":9.39,"mai_bas":7.47,"mai_haut":11.81,"mai_ech":"maille","mai_obs":40,"a12":11.47,"a3":8.32},"geometry":{"type":"Polygon","coordinates":[[[7.1156,48.73],[7.1089,48.7286],[7.087,48.7385],[7.0722,48.7575],[7.0825,48.7631],[7.0909,48.7628],[7.0948,48.7614],[7.117,48.7671],[7.1184,48.7692],[7.1221,48.7617],[7.1331,48.7597],[7.1313,48.7566],[7.1257,48.7535],[7.1245,48.7373],[7.1156,48.73]]]}},{"type":"Feature","properties":{"code":"57574","nom":"Basse-Rentgen","app":14.73,"app_bas":10.69,"app_haut":20.3,"app_ech":"maille","app_obs":11,"mai":17,"mai_bas":12.23,"mai_haut":23.63,"mai_ech":"maille","mai_obs":9,"a12":19.78,"a3":14.82},"geometry":{"type":"Polygon","coordinates":[[[6.2219,49.4858],[6.2128,49.4725],[6.2029,49.4721],[6.182,49.4789],[6.1765,49.4791],[6.1768,49.4827],[6.1658,49.4869],[6.1717,49.4953],[6.1783,49.4965],[6.1824,49.4945],[6.202,49.4985],[6.2167,49.5068],[6.225,49.5097],[6.2356,49.5081],[6.2219,49.4858]]]}},{"type":"Feature","properties":{"code":"57013","nom":"Alsting","app":9.4,"app_bas":7.2,"app_haut":12.27,"app_ech":"commune","app_obs":102,"mai":9.34,"mai_bas":7.04,"mai_haut":12.41,"mai_ech":"maille","mai_obs":15,"a12":11.76,"a3":9.31},"geometry":{"type":"Polygon","coordinates":[[[6.9843,49.177],[6.9809,49.18],[6.9988,49.1943],[7.0107,49.1881],[7.0154,49.1913],[7.0197,49.1838],[7.0193,49.1767],[7.0092,49.1703],[6.9977,49.1671],[6.9922,49.1647],[6.9843,49.177]]]}},{"type":"Feature","properties":{"code":"57764","nom":"Zoufftgen","app":17.05,"app_bas":12.64,"app_haut":23.01,"app_ech":"commune","app_obs":158,"mai":17,"mai_bas":12.23,"mai_haut":23.63,"mai_ech":"maille","mai_obs":9,"a12":19.78,"a3":14.82},"geometry":{"type":"Polygon","coordinates":[[[6.1001,49.4498],[6.1008,49.4529],[6.0979,49.4641],[6.1021,49.4702],[6.1235,49.4738],[6.1268,49.4815],[6.1277,49.4929],[6.1546,49.4851],[6.1658,49.4869],[6.1768,49.4827],[6.1765,49.4791],[6.157,49.4727],[6.1552,49.459],[6.1493,49.4546],[6.1496,49.4487],[6.1402,49.4376],[6.137,49.4402],[6.1104,49.4523],[6.1001,49.4498]]]}},{"type":"Feature","properties":{"code":"57380","nom":"Laneuveville-lès-Lorquin","app":9.46,"app_bas":7.66,"app_haut":11.69,"app_ech":"maille","app_obs":2,"mai":8.93,"mai_bas":6.95,"mai_haut":11.48,"mai_ech":"maille","mai_obs":2,"a12":12.17,"a3":7.69},"geometry":{"type":"Polygon","coordinates":[[[6.9926,48.6514],[6.9993,48.6583],[7.0135,48.6557],[7.023,48.6498],[7.0123,48.6458],[6.9974,48.646],[6.9926,48.6514]]]}},{"type":"Feature","properties":{"code":"57512","nom":"Nouilly","app":12.15,"app_bas":9.85,"app_haut":14.98,"app_ech":"maille","app_obs":26,"mai":11.96,"mai_bas":9.19,"mai_haut":15.57,"mai_ech":"maille","mai_obs":13,"a12":13.87,"a3":11.84},"geometry":{"type":"Polygon","coordinates":[[[6.2721,49.1397],[6.2639,49.1327],[6.2503,49.1306],[6.2613,49.1239],[6.2456,49.1206],[6.2436,49.1288],[6.2507,49.1337],[6.2494,49.1422],[6.2567,49.1463],[6.2721,49.1397]]]}},{"type":"Feature","properties":{"code":"57625","nom":"Salonnes","app":9.44,"app_bas":7.62,"app_haut":11.7,"app_ech":"maille","app_obs":2,"mai":8.52,"mai_bas":6.66,"mai_haut":10.91,"mai_ech":"maille","mai_obs":0,"a12":13.32,"a3":7},"geometry":{"type":"Polygon","coordinates":[[[6.5288,48.8085],[6.5339,48.8043],[6.5178,48.7947],[6.5138,48.7869],[6.4979,48.782],[6.5028,48.7785],[6.4911,48.7651],[6.4614,48.7673],[6.4619,48.7741],[6.4783,48.785],[6.4789,48.8001],[6.4706,48.8107],[6.4866,48.8082],[6.4971,48.8091],[6.5288,48.8085]]]}},{"type":"Feature","properties":{"code":"57089","nom":"Bitche","app":9.81,"app_bas":7.76,"app_haut":12.4,"app_ech":"commune","app_obs":696,"mai":9.18,"mai_bas":7.02,"mai_haut":12.01,"mai_ech":"maille","mai_obs":97,"a12":11.48,"a3":8.47},"geometry":{"type":"Polygon","coordinates":[[[7.5536,49.055],[7.5551,49.055],[7.5575,49.0465],[7.552,49.0393],[7.5277,49.0375],[7.5095,49.0405],[7.4881,49.0338],[7.479,49.0255],[7.4605,49.0211],[7.4469,49.0154],[7.425,49.0162],[7.4239,49.0205],[7.4139,49.0211],[7.4147,49.0377],[7.4086,49.0411],[7.4023,49.0536],[7.3898,49.0604],[7.4033,49.0598],[7.419,49.0716],[7.433,49.0724],[7.4515,49.0897],[7.4647,49.0776],[7.4674,49.0672],[7.4832,49.0545],[7.4999,49.0513],[7.518,49.0511],[7.5536,49.055]]]}},{"type":"Feature","properties":{"code":"57265","nom":"Guébestroff","app":8.02,"app_bas":6.45,"app_haut":9.98,"app_ech":"maille","app_obs":0,"mai":7.65,"mai_bas":6.08,"mai_haut":9.62,"mai_ech":"maille","mai_obs":2,"a12":10.48,"a3":7.39},"geometry":{"type":"Polygon","coordinates":[[[6.7042,48.8553],[6.7107,48.8595],[6.7159,48.8475],[6.7285,48.8339],[6.7298,48.8286],[6.7188,48.8245],[6.7106,48.8331],[6.6979,48.852],[6.7042,48.8553]]]}},{"type":"Feature","properties":{"code":"57362","nom":"Kerprich-aux-Bois","app":8.59,"app_bas":6.84,"app_haut":10.79,"app_ech":"maille","app_obs":1,"mai":9.39,"mai_bas":7.47,"mai_haut":11.81,"mai_ech":"maille","mai_obs":1,"a12":12.17,"a3":8.04},"geometry":{"type":"Polygon","coordinates":[[[6.9583,48.7164],[6.9581,48.7194],[6.9378,48.743],[6.9345,48.7517],[6.9603,48.7514],[6.9737,48.7427],[6.9877,48.7411],[6.9871,48.7379],[6.9693,48.7215],[6.9583,48.7164]]]}},{"type":"Feature","properties":{"code":"57478","nom":"Montdidier","app":8.77,"app_bas":7.03,"app_haut":10.95,"app_ech":"maille","app_obs":10,"mai":8.68,"mai_bas":6.64,"mai_haut":11.36,"mai_ech":"epci","mai_obs":0,"a12":10.49,"a3":7.39},"geometry":{"type":"Polygon","coordinates":[[[6.804,48.9329],[6.8081,48.9384],[6.8189,48.9429],[6.8282,48.9311],[6.8121,48.9247],[6.804,48.9329]]]}},{"type":"Feature","properties":{"code":"57528","nom":"Oron","app":9.3,"app_bas":7.23,"app_haut":11.95,"app_ech":"maille","app_obs":6,"mai":8.36,"mai_bas":6.36,"mai_haut":11,"mai_ech":"epci","mai_obs":4,"a12":13.32,"a3":8.2},"geometry":{"type":"Polygon","coordinates":[[[6.4729,48.9124],[6.4769,48.9104],[6.4899,48.9163],[6.4988,48.9059],[6.501,48.8864],[6.4812,48.8894],[6.4678,48.9031],[6.4677,48.9087],[6.4729,48.9124]]]}},{"type":"Feature","properties":{"code":"57621","nom":"Saint-Médard","app":10.5,"app_bas":8.52,"app_haut":12.95,"app_ech":"maille","app_obs":0,"mai":7.65,"mai_bas":6.08,"mai_haut":9.62,"mai_ech":"maille","mai_obs":8,"a12":10.48,"a3":7.61},"geometry":{"type":"Polygon","coordinates":[[[6.62,48.8241],[6.6241,48.8231],[6.6458,48.8336],[6.6461,48.8359],[6.6548,48.8362],[6.663,48.8278],[6.6574,48.823],[6.6425,48.7985],[6.6422,48.7914],[6.6227,48.7907],[6.6191,48.8021],[6.62,48.8241]]]}},{"type":"Feature","properties":{"code":"57163","nom":"Dabo","app":9.75,"app_bas":7.52,"app_haut":12.62,"app_ech":"commune","app_obs":171,"mai":10.68,"mai_bas":8.07,"mai_haut":14.14,"mai_ech":"maille","mai_obs":18,"a12":12.98,"a3":8.25},"geometry":{"type":"Polygon","coordinates":[[[7.1765,48.6857],[7.1924,48.6866],[7.1965,48.69],[7.1983,48.6895],[7.1968,48.6829],[7.2028,48.6797],[7.2228,48.6839],[7.243,48.6794],[7.2551,48.6725],[7.262,48.67],[7.2646,48.6627],[7.2828,48.6603],[7.3043,48.6602],[7.2831,48.6381],[7.2733,48.6333],[7.2784,48.6252],[7.2708,48.6125],[7.2584,48.6026],[7.2597,48.5956],[7.2651,48.5917],[7.2563,48.5887],[7.2505,48.5918],[7.237,48.5904],[7.2223,48.6007],[7.2203,48.6219],[7.1957,48.6439],[7.1992,48.6529],[7.1872,48.6517],[7.1813,48.6456],[7.1856,48.6545],[7.1968,48.6605],[7.1944,48.6735],[7.183,48.6701],[7.1964,48.6772],[7.193,48.6843],[7.1765,48.6857]]]}},{"type":"Feature","properties":{"code":"57719","nom":"Villers-sur-Nied","app":7.76,"app_bas":6.3,"app_haut":9.57,"app_ech":"maille","app_obs":1,"mai":8.09,"mai_bas":6.27,"mai_haut":10.43,"mai_ech":"maille","mai_obs":0,"a12":13.32,"a3":7.08},"geometry":{"type":"Polygon","coordinates":[[[6.5328,48.9376],[6.5404,48.9305],[6.5449,48.9186],[6.5283,48.9138],[6.5149,48.9212],[6.5113,48.9311],[6.5328,48.9376]]]}},{"type":"Feature","properties":{"code":"57201","nom":"Etting","app":8.52,"app_bas":6.67,"app_haut":10.88,"app_ech":"maille","app_obs":40,"mai":7.28,"mai_bas":5.68,"mai_haut":9.33,"mai_ech":"maille","mai_obs":13,"a12":10.7,"a3":8.28},"geometry":{"type":"Polygon","coordinates":[[[7.1614,49.0295],[7.1661,49.0356],[7.1749,49.0395],[7.1881,49.0324],[7.2168,49.0319],[7.2083,49.02],[7.2015,49.0153],[7.1824,49.0133],[7.177,49.0171],[7.1663,49.0203],[7.1614,49.0295]]]}},{"type":"Feature","properties":{"code":"57352","nom":"Jussy","app":12.46,"app_bas":9.6,"app_haut":16.16,"app_ech":"maille","app_obs":15,"mai":10.22,"mai_bas":7.69,"mai_haut":13.58,"mai_ech":"maille","mai_obs":2,"a12":13.5,"a3":11.67},"geometry":{"type":"Polygon","coordinates":[[[6.0425,49.1158],[6.0458,49.1164],[6.0718,49.102],[6.0882,49.1052],[6.0955,49.1019],[6.1095,49.0935],[6.1072,49.0884],[6.0967,49.0974],[6.0681,49.0972],[6.0478,49.1112],[6.0458,49.1104],[6.0425,49.1158]]]}},{"type":"Feature","properties":{"code":"57403","nom":"Liéhon","app":11.41,"app_bas":9.1,"app_haut":14.31,"app_ech":"maille","app_obs":4,"mai":10.95,"mai_bas":8.41,"mai_haut":14.25,"mai_ech":"maille","mai_obs":1,"a12":12.89,"a3":9.54},"geometry":{"type":"Polygon","coordinates":[[[6.2672,48.9815],[6.2504,48.9791],[6.2434,48.9932],[6.2434,49.0001],[6.2579,49.0054],[6.2741,49.0075],[6.2808,49],[6.267,48.9956],[6.2721,48.9843],[6.2672,48.9815]]]}},{"type":"Feature","properties":{"code":"57430","nom":"Mainvillers","app":9.3,"app_bas":7.23,"app_haut":11.95,"app_ech":"maille","app_obs":12,"mai":8.84,"mai_bas":7.29,"mai_haut":10.72,"mai_ech":"maille","mai_obs":12,"a12":12.45,"a3":7.78},"geometry":{"type":"Polygon","coordinates":[[[6.5591,49.0053],[6.5472,49.0099],[6.5223,49.0154],[6.5219,49.031],[6.5293,49.0375],[6.5558,49.0273],[6.5639,49.0212],[6.5644,49.0127],[6.561,49.0046],[6.5591,49.0053]]]}},{"type":"Feature","properties":{"code":"57562","nom":"Ranguevaux","app":12.3,"app_bas":9.83,"app_haut":15.38,"app_ech":"maille","app_obs":28,"mai":10.41,"mai_bas":7.83,"mai_haut":13.84,"mai_ech":"maille","mai_obs":11,"a12":13.73,"a3":10.94},"geometry":{"type":"Polygon","coordinates":[[[6.0402,49.2742],[6.0375,49.285],[6.0205,49.2907],[6.0416,49.294],[6.0345,49.2998],[6.0406,49.3087],[6.0487,49.3141],[6.0706,49.3131],[6.0788,49.3082],[6.075,49.3013],[6.0729,49.2803],[6.0641,49.2806],[6.0511,49.2842],[6.0448,49.2798],[6.0449,49.2734],[6.0402,49.2742]]]}},{"type":"Feature","properties":{"code":"57631","nom":"Sarreguemines","app":10.41,"app_bas":8.27,"app_haut":13.11,"app_ech":"commune","app_obs":5086,"mai":9.77,"mai_bas":7.35,"mai_haut":12.98,"mai_ech":"commune","mai_obs":254,"a12":12.21,"a3":9.08},"geometry":{"type":"Polygon","coordinates":[[[7.041,49.0805],[7.0416,49.0889],[7.0236,49.0979],[7.007,49.0971],[7.0157,49.1068],[7.0117,49.12],[7.0401,49.1298],[7.0457,49.1285],[7.0452,49.1194],[7.0569,49.1124],[7.0661,49.1146],[7.0719,49.1247],[7.09,49.1323],[7.1302,49.1281],[7.1358,49.1156],[7.1288,49.1034],[7.1134,49.104],[7.0995,49.0998],[7.0915,49.0943],[7.0763,49.0968],[7.0701,49.0865],[7.0603,49.0815],[7.041,49.0805]]]}},{"type":"Feature","properties":{"code":"57639","nom":"Schorbach","app":8.14,"app_bas":6.5,"app_haut":10.19,"app_ech":"maille","app_obs":17,"mai":9.18,"mai_bas":7.02,"mai_haut":12.01,"mai_ech":"maille","mai_obs":4,"a12":11.13,"a3":9},"geometry":{"type":"Polygon","coordinates":[[[7.4404,49.0792],[7.433,49.0724],[7.419,49.0716],[7.4033,49.0598],[7.3898,49.0604],[7.379,49.0689],[7.3809,49.0812],[7.3784,49.0869],[7.3817,49.0875],[7.393,49.1],[7.4095,49.0953],[7.425,49.0981],[7.4406,49.0851],[7.4404,49.0792]]]}},{"type":"Feature","properties":{"code":"57281","nom":"Haboudange","app":9.03,"app_bas":6.99,"app_haut":11.68,"app_ech":"maille","app_obs":22,"mai":8.36,"mai_bas":6.36,"mai_haut":11,"mai_ech":"epci","mai_obs":4,"a12":10.48,"a3":7.08},"geometry":{"type":"Polygon","coordinates":[[[6.5916,48.9018],[6.6077,48.9079],[6.6189,48.9001],[6.6208,48.8873],[6.6206,48.8733],[6.6175,48.8683],[6.611,48.8651],[6.5955,48.8654],[6.5837,48.8799],[6.5857,48.8911],[6.5916,48.9018]]]}},{"type":"Feature","properties":{"code":"57345","nom":"Inglange","app":13.27,"app_bas":10.4,"app_haut":16.93,"app_ech":"maille","app_obs":21,"mai":17,"mai_bas":12.23,"mai_haut":23.63,"mai_ech":"maille","mai_obs":3,"a12":15.89,"a3":10.69},"geometry":{"type":"Polygon","coordinates":[[[6.3161,49.3433],[6.302,49.3363],[6.306,49.3315],[6.2909,49.3313],[6.278,49.3441],[6.2787,49.3473],[6.3054,49.3586],[6.3157,49.3565],[6.3248,49.3514],[6.3161,49.3433]]]}},{"type":"Feature","properties":{"code":"57426","nom":"Luttange","app":14.44,"app_bas":11.49,"app_haut":18.13,"app_ech":"maille","app_obs":8,"mai":9.64,"mai_bas":7,"mai_haut":13.28,"mai_ech":"maille","mai_obs":12,"a12":13.55,"a3":11.39},"geometry":{"type":"Polygon","coordinates":[[[6.2798,49.2626],[6.2856,49.2668],[6.2793,49.2709],[6.2613,49.2726],[6.2484,49.2763],[6.2649,49.2825],[6.2798,49.2903],[6.2736,49.2998],[6.2805,49.2923],[6.3,49.2791],[6.308,49.2779],[6.3203,49.2842],[6.3298,49.285],[6.3334,49.2793],[6.3368,49.2653],[6.3366,49.2644],[6.3286,49.2656],[6.2978,49.2559],[6.2844,49.2579],[6.2798,49.2626]]]}},{"type":"Feature","properties":{"code":"57590","nom":"Rolbing","app":9.56,"app_bas":7.54,"app_haut":12.12,"app_ech":"maille","app_obs":4,"mai":9.18,"mai_bas":7.02,"mai_haut":12.01,"mai_ech":"maille","mai_obs":0,"a12":11.13,"a3":7.13},"geometry":{"type":"Polygon","coordinates":[[[7.4545,49.1629],[7.4226,49.1608],[7.4146,49.1624],[7.4018,49.1691],[7.3957,49.1748],[7.3815,49.1753],[7.4451,49.1843],[7.44,49.1808],[7.4407,49.1705],[7.4568,49.1641],[7.4545,49.1629]]]}},{"type":"Feature","properties":{"code":"57611","nom":"Saint-Georges","app":9.4,"app_bas":7.15,"app_haut":12.35,"app_ech":"maille","app_obs":11,"mai":8.93,"mai_bas":6.95,"mai_haut":11.48,"mai_ech":"maille","mai_obs":7,"a12":9.22,"a3":7.14},"geometry":{"type":"Polygon","coordinates":[[[6.9504,48.6488],[6.9387,48.6428],[6.9202,48.6463],[6.9022,48.6565],[6.8984,48.6657],[6.9021,48.6692],[6.9135,48.6679],[6.9373,48.6706],[6.9505,48.6605],[6.9504,48.6488]]]}},{"type":"Feature","properties":{"code":"57626","nom":"Sanry-lès-Vigy","app":13.25,"app_bas":10.37,"app_haut":16.92,"app_ech":"maille","app_obs":5,"mai":11.96,"mai_bas":9.19,"mai_haut":15.57,"mai_ech":"maille","mai_obs":7,"a12":13.55,"a3":10.72},"geometry":{"type":"Polygon","coordinates":[[[6.2714,49.1969],[6.2852,49.1909],[6.3061,49.1892],[6.3074,49.1854],[6.2958,49.1835],[6.2961,49.175],[6.2715,49.1728],[6.2723,49.184],[6.2573,49.1834],[6.2526,49.1879],[6.2537,49.1926],[6.2714,49.1969]]]}},{"type":"Feature","properties":{"code":"57058","nom":"Behren-lès-Forbach","app":9,"app_bas":7.24,"app_haut":11.19,"app_ech":"commune","app_obs":259,"mai":9.68,"mai_bas":7.49,"mai_haut":12.52,"mai_ech":"maille","mai_obs":16,"a12":11.76,"a3":8.26},"geometry":{"type":"Polygon","coordinates":[[[6.9231,49.1669],[6.9304,49.1856],[6.9375,49.1863],[6.9414,49.1775],[6.9559,49.1722],[6.9643,49.159],[6.9673,49.1485],[6.9524,49.158],[6.9452,49.1594],[6.937,49.1561],[6.9231,49.1669]]]}},{"type":"Feature","properties":{"code":"57093","nom":"Blies-Guersviller","app":10.66,"app_bas":8.46,"app_haut":13.43,"app_ech":"maille","app_obs":22,"mai":9.34,"mai_bas":7.04,"mai_haut":12.41,"mai_ech":"maille","mai_obs":8,"a12":10.7,"a3":9.31},"geometry":{"type":"Polygon","coordinates":[[[7.0973,49.1316],[7.09,49.1323],[7.0819,49.1412],[7.0803,49.1488],[7.0978,49.155],[7.1056,49.1554],[7.1133,49.1517],[7.1041,49.1461],[7.1042,49.1387],[7.0973,49.1316]]]}},{"type":"Feature","properties":{"code":"57103","nom":"Bousseviller","app":9.56,"app_bas":7.54,"app_haut":12.12,"app_ech":"maille","app_obs":0,"mai":9.18,"mai_bas":7.02,"mai_haut":12.01,"mai_ech":"maille","mai_obs":0,"a12":11.13,"a3":9},"geometry":{"type":"Polygon","coordinates":[[[7.4788,49.1325],[7.4726,49.1278],[7.4733,49.1223],[7.4812,49.115],[7.464,49.1116],[7.4395,49.1197],[7.4439,49.1286],[7.4541,49.1252],[7.4583,49.1279],[7.4788,49.1325]]]}},{"type":"Feature","properties":{"code":"57129","nom":"Charly-Oradour","app":15.66,"app_bas":12.19,"app_haut":20.11,"app_ech":"maille","app_obs":24,"mai":11.96,"mai_bas":9.19,"mai_haut":15.57,"mai_ech":"maille","mai_obs":16,"a12":14.21,"a3":11.56},"geometry":{"type":"Polygon","coordinates":[[[6.2331,49.1592],[6.2236,49.1666],[6.2317,49.1794],[6.2278,49.185],[6.2345,49.1889],[6.2526,49.1879],[6.2573,49.1834],[6.2723,49.184],[6.2715,49.1728],[6.2491,49.1673],[6.2479,49.1641],[6.2331,49.1592]]]}},{"type":"Feature","properties":{"code":"57260","nom":"Grosbliederstroff","app":9.86,"app_bas":7.57,"app_haut":12.83,"app_ech":"commune","app_obs":352,"mai":9.34,"mai_bas":7.04,"mai_haut":12.41,"mai_ech":"maille","mai_obs":34,"a12":11.76,"a3":9.3},"geometry":{"type":"Polygon","coordinates":[[[7.003,49.1434],[7.0035,49.1567],[6.9977,49.1671],[7.0092,49.1703],[7.0193,49.1767],[7.0197,49.1838],[7.0154,49.1913],[7.0214,49.1932],[7.0343,49.1897],[7.0276,49.1701],[7.0317,49.1583],[7.0461,49.1386],[7.0457,49.1285],[7.0401,49.1298],[7.024,49.1249],[7.0215,49.1351],[7.003,49.1434]]]}},{"type":"Feature","properties":{"code":"57137","nom":"Cheminot","app":10.51,"app_bas":8.6,"app_haut":12.85,"app_ech":"maille","app_obs":17,"mai":10.95,"mai_bas":8.41,"mai_haut":14.25,"mai_ech":"maille","mai_obs":24,"a12":12.36,"a3":9.24},"geometry":{"type":"Polygon","coordinates":[[[6.0996,48.9688],[6.0977,48.9732],[6.122,48.9745],[6.1301,48.9808],[6.1361,48.9818],[6.131,48.9689],[6.1507,48.9677],[6.1611,48.9635],[6.1594,48.9529],[6.1653,48.942],[6.1569,48.9433],[6.1487,48.9378],[6.1497,48.9333],[6.1465,48.9326],[6.1322,48.9347],[6.1246,48.9415],[6.1232,48.9494],[6.1246,48.9569],[6.1185,48.9589],[6.1169,48.9678],[6.0996,48.9688]]]}},{"type":"Feature","properties":{"code":"57138","nom":"Chenois","app":10.24,"app_bas":8.43,"app_haut":12.44,"app_ech":"maille","app_obs":0,"mai":8.84,"mai_bas":7.29,"mai_haut":10.72,"mai_ech":"maille","mai_obs":0,"a12":10.48,"a3":7.61},"geometry":{"type":"Polygon","coordinates":[[[6.4752,48.9661],[6.4893,48.9671],[6.5007,48.9639],[6.5062,48.955],[6.5006,48.9501],[6.4866,48.9469],[6.4766,48.9527],[6.4752,48.9661]]]}},{"type":"Feature","properties":{"code":"57145","nom":"Coincy","app":12.15,"app_bas":9.85,"app_haut":14.98,"app_ech":"maille","app_obs":4,"mai":12.23,"mai_bas":8.79,"mai_haut":17.02,"mai_ech":"maille","mai_obs":6,"a12":15.31,"a3":11.84},"geometry":{"type":"Polygon","coordinates":[[[6.2541,49.093],[6.2452,49.098],[6.2518,49.1097],[6.251,49.1183],[6.2427,49.1197],[6.2596,49.1232],[6.2641,49.1157],[6.289,49.1104],[6.2985,49.1104],[6.2979,49.1033],[6.2878,49.0966],[6.282,49.0995],[6.2694,49.0978],[6.2541,49.093]]]}},{"type":"Feature","properties":{"code":"57247","nom":"Gerbécourt","app":7.76,"app_bas":6.3,"app_haut":9.57,"app_ech":"maille","app_obs":1,"mai":8.36,"mai_bas":6.36,"mai_haut":11,"mai_ech":"epci","mai_obs":10,"a12":13.32,"a3":7},"geometry":{"type":"Polygon","coordinates":[[[6.5304,48.8363],[6.5208,48.8445],[6.5059,48.8515],[6.4987,48.8583],[6.5062,48.8684],[6.5172,48.8558],[6.5347,48.8431],[6.5363,48.8398],[6.5304,48.8363]]]}},{"type":"Feature","properties":{"code":"57331","nom":"Hombourg-Budange","app":13.27,"app_bas":10.4,"app_haut":16.93,"app_ech":"maille","app_obs":16,"mai":9.64,"mai_bas":7,"mai_haut":13.28,"mai_ech":"maille","mai_obs":8,"a12":13.55,"a3":10.72},"geometry":{"type":"Polygon","coordinates":[[[6.3766,49.3067],[6.3783,49.3061],[6.3879,49.2975],[6.3799,49.2875],[6.3738,49.2683],[6.3679,49.2671],[6.362,49.2688],[6.3368,49.2653],[6.3334,49.2793],[6.3298,49.285],[6.3295,49.3016],[6.3492,49.308],[6.3679,49.3059],[6.3766,49.3067]]]}},{"type":"Feature","properties":{"code":"57343","nom":"Illange","app":13.89,"app_bas":11.23,"app_haut":17.18,"app_ech":"maille","app_obs":58,"mai":12.49,"mai_bas":8.98,"mai_haut":17.37,"mai_ech":"maille","mai_obs":13,"a12":16.8,"a3":11.43},"geometry":{"type":"Polygon","coordinates":[[[6.1533,49.3304],[6.1704,49.339],[6.1772,49.3319],[6.1846,49.3357],[6.1941,49.3333],[6.1952,49.3431],[6.206,49.3379],[6.2114,49.3286],[6.1952,49.3274],[6.1798,49.3169],[6.1735,49.3179],[6.1613,49.3224],[6.1533,49.3304]]]}},{"type":"Feature","properties":{"code":"57379","nom":"Landroff","app":9.21,"app_bas":7.43,"app_haut":11.42,"app_ech":"maille","app_obs":20,"mai":8.09,"mai_bas":6.27,"mai_haut":10.43,"mai_ech":"maille","mai_obs":10,"a12":10.16,"a3":8.6},"geometry":{"type":"Polygon","coordinates":[[[6.6224,48.9809],[6.6314,48.9789],[6.6383,48.972],[6.6335,48.9601],[6.6259,48.9512],[6.6018,48.9508],[6.5987,48.9616],[6.5946,48.9637],[6.5968,48.9706],[6.6191,48.9779],[6.6224,48.9809]]]}},{"type":"Feature","properties":{"code":"57581","nom":"Richeling","app":9.77,"app_bas":7.87,"app_haut":12.15,"app_ech":"maille","app_obs":5,"mai":9.68,"mai_bas":7.49,"mai_haut":12.52,"mai_ech":"maille","mai_obs":4,"a12":9.73,"a3":7.89},"geometry":{"type":"Polygon","coordinates":[[[6.9937,49.0363],[6.9856,49.0308],[6.9582,49.0218],[6.9463,49.0249],[6.9628,49.0344],[6.9853,49.0437],[7.0023,49.0417],[6.9937,49.0363]]]}},{"type":"Feature","properties":{"code":"57236","nom":"Frémery","app":7.76,"app_bas":6.3,"app_haut":9.57,"app_ech":"maille","app_obs":1,"mai":8.36,"mai_bas":6.36,"mai_haut":11,"mai_ech":"epci","mai_obs":8,"a12":13.32,"a3":8.2},"geometry":{"type":"Polygon","coordinates":[[[6.4861,48.9307],[6.4912,48.9261],[6.4899,48.9163],[6.4769,48.9104],[6.4729,48.9124],[6.4684,48.9213],[6.452,48.9272],[6.456,48.9332],[6.4666,48.9313],[6.4861,48.9307]]]}},{"type":"Feature","properties":{"code":"57240","nom":"Freyming-Merlebach","app":9.49,"app_bas":7.61,"app_haut":11.82,"app_ech":"commune","app_obs":1370,"mai":9.05,"mai_bas":7,"mai_haut":11.71,"mai_ech":"commune","mai_obs":115,"a12":12.87,"a3":8.11},"geometry":{"type":"Polygon","coordinates":[[[6.7757,49.1455],[6.7723,49.1576],[6.7738,49.1676],[6.7846,49.1681],[6.8345,49.1514],[6.8238,49.1434],[6.8176,49.1435],[6.7962,49.139],[6.7757,49.1455]]]}},{"type":"Feature","properties":{"code":"57492","nom":"Moyeuvre-Petite","app":12.3,"app_bas":9.83,"app_haut":15.38,"app_ech":"maille","app_obs":35,"mai":11.91,"mai_bas":9.07,"mai_haut":15.66,"mai_ech":"maille","mai_obs":6,"a12":14.48,"a3":10.94},"geometry":{"type":"Polygon","coordinates":[[[6.003,49.2891],[6.0205,49.2907],[6.0375,49.285],[6.0402,49.2742],[6.0274,49.267],[6.0098,49.2725],[6.0009,49.2815],[6.003,49.2891]]]}},{"type":"Feature","properties":{"code":"57527","nom":"Orny","app":11.41,"app_bas":9.1,"app_haut":14.31,"app_ech":"maille","app_obs":17,"mai":11.96,"mai_bas":9.19,"mai_haut":15.57,"mai_ech":"maille","mai_obs":17,"a12":12.89,"a3":9.54},"geometry":{"type":"Polygon","coordinates":[[[6.2301,49.0303],[6.2316,49.0437],[6.239,49.0465],[6.2489,49.0429],[6.2593,49.0423],[6.2663,49.0285],[6.2753,49.0289],[6.2612,49.0151],[6.232,49.0215],[6.2301,49.0303]]]}},{"type":"Feature","properties":{"code":"57615","nom":"Saint-Jean-Rohrbach","app":9.77,"app_bas":7.87,"app_haut":12.15,"app_ech":"maille","app_obs":69,"mai":9.4,"mai_bas":7.21,"mai_haut":12.25,"mai_ech":"epci","mai_obs":6,"a12":10.49,"a3":7.89},"geometry":{"type":"Polygon","coordinates":[[[6.8818,49.008],[6.8611,49.0131],[6.8512,49.0229],[6.8596,49.0316],[6.8564,49.046],[6.8685,49.0487],[6.8887,49.0387],[6.8961,49.0375],[6.9126,49.0222],[6.9019,49.0166],[6.8935,49.0075],[6.8818,49.008]]]}},{"type":"Feature","properties":{"code":"57638","nom":"Schœneck","app":10.12,"app_bas":7.99,"app_haut":12.81,"app_ech":"commune","app_obs":184,"mai":9.34,"mai_bas":7.04,"mai_haut":12.41,"mai_ech":"maille","mai_obs":15,"a12":12.94,"a3":8.18},"geometry":{"type":"Polygon","coordinates":[[[6.8943,49.2102],[6.9274,49.2225],[6.9354,49.2222],[6.9436,49.2138],[6.9313,49.211],[6.922,49.2024],[6.8943,49.2102]]]}},{"type":"Feature","properties":{"code":"57687","nom":"Vallerange","app":10.5,"app_bas":8.52,"app_haut":12.95,"app_ech":"maille","app_obs":0,"mai":8.6,"mai_bas":6.59,"mai_haut":11.23,"mai_ech":"maille","mai_obs":3,"a12":10.48,"a3":7.08},"geometry":{"type":"Polygon","coordinates":[[[6.6752,48.9383],[6.6691,48.9502],[6.6616,48.9513],[6.6768,48.9645],[6.7084,48.9553],[6.7132,48.9466],[6.7028,48.9447],[6.6868,48.9351],[6.6752,48.9383]]]}},{"type":"Feature","properties":{"code":"57697","nom":"Vasperviller","app":9.46,"app_bas":7.66,"app_haut":11.69,"app_ech":"maille","app_obs":7,"mai":8.93,"mai_bas":6.95,"mai_haut":11.48,"mai_ech":"maille","mai_obs":12,"a12":12.98,"a3":8.32},"geometry":{"type":"Polygon","coordinates":[[[7.0633,48.6342],[7.0561,48.642],[7.0861,48.6368],[7.0783,48.6275],[7.07,48.6273],[7.0633,48.6342]]]}},{"type":"Feature","properties":{"code":"57019","nom":"Amnéville","app":13.51,"app_bas":10.72,"app_haut":17.02,"app_ech":"commune","app_obs":915,"mai":13.28,"mai_bas":10,"mai_haut":17.64,"mai_ech":"commune","mai_obs":119,"a12":15.56,"a3":12.77},"geometry":{"type":"MultiPolygon","coordinates":[[[[6.1372,49.2412],[6.1235,49.2419],[6.1146,49.253],[6.1114,49.2634],[6.1238,49.2636],[6.1537,49.2701],[6.158,49.2659],[6.1523,49.2558],[6.1463,49.2513],[6.1359,49.2493],[6.1372,49.2412]]],[[[6.0671,49.2104],[6.0401,49.2108],[6.0434,49.2185],[6.0516,49.2273],[6.0524,49.2312],[6.0698,49.2308],[6.0793,49.2255],[6.0687,49.2148],[6.0671,49.2104]]]]}},{"type":"Feature","properties":{"code":"57061","nom":"Béning-lès-Saint-Avold","app":9.04,"app_bas":7.3,"app_haut":11.21,"app_ech":"maille","app_obs":99,"mai":8.09,"mai_bas":6.27,"mai_haut":10.43,"mai_ech":"maille","mai_obs":13,"a12":11.76,"a3":7.36},"geometry":{"type":"Polygon","coordinates":[[[6.8283,49.129],[6.8227,49.1352],[6.8243,49.1434],[6.8317,49.1407],[6.8374,49.1444],[6.8466,49.144],[6.8511,49.1265],[6.8458,49.1216],[6.8283,49.129]]]}},{"type":"Feature","properties":{"code":"57338","nom":"Hottviller","app":8.14,"app_bas":6.5,"app_haut":10.19,"app_ech":"maille","app_obs":36,"mai":7.28,"mai_bas":5.68,"mai_haut":9.33,"mai_ech":"maille","mai_obs":5,"a12":11.13,"a3":7.13},"geometry":{"type":"Polygon","coordinates":[[[7.3444,49.0853],[7.3438,49.0899],[7.349,49.0986],[7.3646,49.088],[7.3784,49.0869],[7.3809,49.0812],[7.379,49.0689],[7.3898,49.0604],[7.385,49.0593],[7.3774,49.0687],[7.3581,49.067],[7.3416,49.0708],[7.3301,49.0672],[7.3216,49.0687],[7.3422,49.0805],[7.3444,49.0853]]]}},{"type":"Feature","properties":{"code":"57351","nom":"Jury","app":11.41,"app_bas":9.1,"app_haut":14.31,"app_ech":"maille","app_obs":55,"mai":11.96,"mai_bas":9.19,"mai_haut":15.57,"mai_ech":"maille","mai_obs":11,"a12":13.87,"a3":9.54},"geometry":{"type":"Polygon","coordinates":[[[6.2462,49.0781],[6.2593,49.0812],[6.2703,49.0785],[6.2678,49.0679],[6.2509,49.0632],[6.2409,49.0699],[6.2462,49.0781]]]}},{"type":"Feature","properties":{"code":"57370","nom":"Kœnigsmacker","app":13.83,"app_bas":10.84,"app_haut":17.64,"app_ech":"commune","app_obs":147,"mai":12.49,"mai_bas":8.98,"mai_haut":17.37,"mai_ech":"maille","mai_obs":44,"a12":17.34,"a3":10.69},"geometry":{"type":"Polygon","coordinates":[[[6.2863,49.4181],[6.304,49.4063],[6.3189,49.3986],[6.3172,49.3885],[6.3115,49.3806],[6.3166,49.365],[6.2992,49.3652],[6.2895,49.3694],[6.2761,49.366],[6.2727,49.367],[6.2502,49.3874],[6.251,49.3944],[6.2576,49.4002],[6.2747,49.4015],[6.2841,49.4079],[6.2816,49.4155],[6.2863,49.4181]]]}},{"type":"Feature","properties":{"code":"57375","nom":"Lagarde","app":8.76,"app_bas":6.87,"app_haut":11.17,"app_ech":"maille","app_obs":4,"mai":7.25,"mai_bas":5.62,"mai_haut":9.35,"mai_ech":"maille","mai_obs":0,"a12":9.39,"a3":7.07},"geometry":{"type":"Polygon","coordinates":[[[6.7269,48.7065],[6.7371,48.7034],[6.7456,48.6945],[6.7455,48.6913],[6.7566,48.6862],[6.7551,48.6699],[6.7339,48.6638],[6.7261,48.6644],[6.7206,48.6695],[6.6923,48.6728],[6.692,48.6809],[6.6879,48.6836],[6.6783,48.6783],[6.669,48.6673],[6.6664,48.671],[6.6764,48.6889],[6.6705,48.6977],[6.6616,48.7061],[6.6652,48.709],[6.6776,48.7047],[6.6908,48.7039],[6.708,48.7071],[6.7269,48.7065]]]}},{"type":"Feature","properties":{"code":"57494","nom":"Munster","app":8.77,"app_bas":7.03,"app_haut":10.95,"app_ech":"maille","app_obs":4,"mai":8.68,"mai_bas":6.64,"mai_haut":11.36,"mai_ech":"epci","mai_obs":0,"a12":9.73,"a3":7.13},"geometry":{"type":"Polygon","coordinates":[[[6.8671,48.9093],[6.8862,48.9141],[6.8901,48.9196],[6.9017,48.9201],[6.9117,48.9165],[6.9237,48.9162],[6.9229,48.9098],[6.9097,48.9074],[6.9005,48.9017],[6.8884,48.8985],[6.8751,48.8967],[6.8659,48.8988],[6.8671,48.9093]]]}},{"type":"Feature","properties":{"code":"57073","nom":"Betting","app":9.04,"app_bas":7.3,"app_haut":11.21,"app_ech":"maille","app_obs":63,"mai":8.09,"mai_bas":6.27,"mai_haut":10.43,"mai_ech":"maille","mai_obs":11,"a12":11.76,"a3":7.36},"geometry":{"type":"Polygon","coordinates":[[[6.8238,49.1434],[6.8227,49.1352],[6.8283,49.129],[6.812,49.1152],[6.8002,49.1219],[6.7962,49.139],[6.8176,49.1435],[6.8238,49.1434]]]}},{"type":"Feature","properties":{"code":"57128","nom":"Charleville-sous-Bois","app":10.39,"app_bas":8.34,"app_haut":12.95,"app_ech":"maille","app_obs":1,"mai":11.96,"mai_bas":9.19,"mai_haut":15.57,"mai_ech":"maille","mai_obs":1,"a12":12.14,"a3":10.72},"geometry":{"type":"Polygon","coordinates":[[[6.3788,49.2203],[6.383,49.2217],[6.3944,49.2169],[6.4092,49.2139],[6.4253,49.2067],[6.4328,49.1981],[6.4302,49.1895],[6.4192,49.1816],[6.4176,49.1679],[6.4065,49.1644],[6.3967,49.1689],[6.3969,49.1804],[6.3989,49.1867],[6.3888,49.1945],[6.3933,49.2005],[6.3812,49.206],[6.3778,49.2137],[6.3788,49.2203]]]}},{"type":"Feature","properties":{"code":"57706","nom":"Vergaville","app":8.99,"app_bas":7.12,"app_haut":11.33,"app_ech":"maille","app_obs":29,"mai":7.65,"mai_bas":6.08,"mai_haut":9.62,"mai_ech":"maille","mai_obs":8,"a12":10.48,"a3":7.13},"geometry":{"type":"Polygon","coordinates":[[[6.738,48.8238],[6.7298,48.8286],[6.7285,48.8339],[6.7159,48.8475],[6.7107,48.8595],[6.7147,48.8627],[6.7269,48.861],[6.7357,48.8551],[6.7546,48.851],[6.7672,48.8561],[6.7715,48.8535],[6.7688,48.846],[6.7788,48.834],[6.7766,48.8243],[6.7607,48.8218],[6.7488,48.8269],[6.738,48.8238]]]}},{"type":"Feature","properties":{"code":"57731","nom":"Volmerange-les-Mines","app":16.11,"app_bas":11.9,"app_haut":21.81,"app_ech":"commune","app_obs":149,"mai":17,"mai_bas":12.23,"mai_haut":23.63,"mai_ech":"maille","mai_obs":20,"a12":13.23,"a3":14.82},"geometry":{"type":"Polygon","coordinates":[[[6.1008,49.4529],[6.096,49.4392],[6.0966,49.4333],[6.0563,49.4313],[6.0391,49.4276],[6.0333,49.4299],[6.0422,49.4478],[6.0514,49.4623],[6.0556,49.4654],[6.0767,49.4637],[6.0813,49.4586],[6.0922,49.4537],[6.1008,49.4529]]]}},{"type":"Feature","properties":{"code":"57320","nom":"Hertzing","app":9.4,"app_bas":7.15,"app_haut":12.35,"app_ech":"maille","app_obs":2,"mai":6.94,"mai_bas":5.37,"mai_haut":8.96,"mai_ech":"epci","mai_obs":4,"a12":12.17,"a3":7.14},"geometry":{"type":"Polygon","coordinates":[[[6.9569,48.6808],[6.9505,48.6844],[6.948,48.6909],[6.9488,48.7038],[6.9568,48.6991],[6.9624,48.6846],[6.9569,48.6808]]]}},{"type":"Feature","properties":{"code":"57360","nom":"Kerbach","app":9.44,"app_bas":7.25,"app_haut":12.29,"app_ech":"maille","app_obs":66,"mai":9.34,"mai_bas":7.04,"mai_haut":12.41,"mai_ech":"maille","mai_obs":13,"a12":11.76,"a3":9.31},"geometry":{"type":"Polygon","coordinates":[[[6.9843,49.177],[6.9922,49.1647],[6.9813,49.1555],[6.9776,49.1485],[6.9719,49.1467],[6.9673,49.1485],[6.9643,49.159],[6.9559,49.1722],[6.974,49.1692],[6.9843,49.177]]]}},{"type":"Feature","properties":{"code":"57463","nom":"Metz","app":13.38,"app_bas":10.48,"app_haut":17.08,"app_ech":"commune","app_obs":25684,"mai":12.95,"mai_bas":9.3,"mai_haut":18.02,"mai_ech":"commune","mai_obs":552,"a12":15.6,"a3":11.06},"geometry":{"type":"Polygon","coordinates":[[[6.2541,49.093],[6.2392,49.0868],[6.2112,49.0857],[6.2109,49.078],[6.2001,49.0729],[6.2037,49.0635],[6.1913,49.0633],[6.1855,49.0672],[6.1727,49.0633],[6.165,49.0761],[6.1647,49.0813],[6.1792,49.0847],[6.1691,49.0961],[6.1577,49.0991],[6.164,49.1058],[6.1602,49.1085],[6.1666,49.1173],[6.1485,49.1189],[6.1593,49.1254],[6.1508,49.1282],[6.1366,49.1293],[6.1359,49.1378],[6.1391,49.1429],[6.1535,49.1407],[6.1672,49.1449],[6.1797,49.1462],[6.1988,49.1437],[6.1934,49.1271],[6.2043,49.1285],[6.2188,49.1377],[6.2337,49.1207],[6.251,49.1183],[6.2518,49.1097],[6.2452,49.098],[6.2541,49.093]]]}},{"type":"Feature","properties":{"code":"57573","nom":"Réning","app":9.72,"app_bas":7.78,"app_haut":12.14,"app_ech":"maille","app_obs":0,"mai":8.68,"mai_bas":6.64,"mai_haut":11.36,"mai_ech":"epci","mai_obs":0,"a12":9.73,"a3":7.89},"geometry":{"type":"Polygon","coordinates":[[[6.8639,48.9473],[6.8463,48.9449],[6.8331,48.9362],[6.8243,48.9481],[6.8262,48.9554],[6.8351,48.9541],[6.8584,48.9617],[6.8639,48.9473]]]}},{"type":"Feature","properties":{"code":"57115","nom":"Brulange","app":9.03,"app_bas":6.99,"app_haut":11.68,"app_ech":"maille","app_obs":6,"mai":8.86,"mai_bas":6.73,"mai_haut":11.66,"mai_ech":"maille","mai_obs":3,"a12":10.16,"a3":7.08},"geometry":{"type":"Polygon","coordinates":[[[6.566,48.954],[6.5484,48.9486],[6.5369,48.9403],[6.532,48.9482],[6.5367,48.951],[6.5339,48.959],[6.5445,48.9745],[6.5513,48.9794],[6.5649,48.9716],[6.5617,48.9677],[6.566,48.954]]]}},{"type":"Feature","properties":{"code":"57150","nom":"Condé-Northen","app":9.56,"app_bas":8,"app_haut":11.43,"app_ech":"maille","app_obs":54,"mai":11.96,"mai_bas":9.19,"mai_haut":15.57,"mai_ech":"maille","mai_obs":16,"a12":13.55,"a3":10.72},"geometry":{"type":"Polygon","coordinates":[[[6.4192,49.1816],[6.4273,49.1746],[6.4442,49.172],[6.4331,49.1655],[6.4446,49.1556],[6.4584,49.1577],[6.4622,49.1457],[6.4573,49.1418],[6.428,49.1447],[6.422,49.1438],[6.4082,49.1395],[6.3992,49.1415],[6.3938,49.1511],[6.4014,49.1481],[6.4086,49.1557],[6.4065,49.1644],[6.4176,49.1679],[6.4192,49.1816]]]}},{"type":"Feature","properties":{"code":"57227","nom":"Forbach","app":9.46,"app_bas":7.48,"app_haut":11.97,"app_ech":"commune","app_obs":3748,"mai":9.23,"mai_bas":6.96,"mai_haut":12.25,"mai_ech":"commune","mai_obs":118,"a12":12.75,"a3":8.34},"geometry":{"type":"Polygon","coordinates":[[[6.8609,49.1786],[6.8586,49.1859],[6.8501,49.1935],[6.8617,49.2017],[6.8848,49.2111],[6.8943,49.2102],[6.922,49.2024],[6.9109,49.197],[6.9144,49.189],[6.9294,49.1934],[6.9315,49.1977],[6.9455,49.2015],[6.9436,49.1913],[6.9157,49.1782],[6.8936,49.176],[6.8838,49.1719],[6.8756,49.1759],[6.8609,49.1786]]]}},{"type":"Feature","properties":{"code":"57262","nom":"Grostenquin","app":9.21,"app_bas":7.43,"app_haut":11.42,"app_ech":"maille","app_obs":45,"mai":8.09,"mai_bas":6.27,"mai_haut":10.43,"mai_ech":"maille","mai_obs":11,"a12":10.49,"a3":8.6},"geometry":{"type":"Polygon","coordinates":[[[6.7685,48.9697],[6.7807,48.9603],[6.7735,48.9584],[6.7471,48.9568],[6.737,48.9503],[6.7262,48.9494],[6.72,48.9439],[6.7132,48.9466],[6.7084,48.9553],[6.7184,48.9604],[6.7159,48.9725],[6.7109,48.9798],[6.7309,48.9813],[6.7337,48.9858],[6.7296,48.9923],[6.7318,49.002],[6.7262,49.0087],[6.7246,49.0252],[6.7458,49.0207],[6.7552,49.0126],[6.7617,49.0086],[6.755,48.9966],[6.7622,48.9914],[6.7609,48.9813],[6.7554,48.9763],[6.7599,48.9716],[6.7685,48.9697]]]}},{"type":"Feature","properties":{"code":"57315","nom":"Henridorff","app":9.1,"app_bas":7.38,"app_haut":11.21,"app_ech":"maille","app_obs":6,"mai":9.39,"mai_bas":7.47,"mai_haut":11.81,"mai_ech":"maille","mai_obs":12,"a12":11.39,"a3":8.3},"geometry":{"type":"Polygon","coordinates":[[[7.2331,48.7271],[7.2237,48.7186],[7.2066,48.7235],[7.1871,48.7249],[7.1873,48.731],[7.1947,48.7418],[7.2079,48.748],[7.2229,48.7412],[7.2341,48.7382],[7.2331,48.7271]]]}},{"type":"Feature","properties":{"code":"57464","nom":"Metzeresche","app":14.44,"app_bas":11.49,"app_haut":18.13,"app_ech":"maille","app_obs":5,"mai":12.49,"mai_bas":8.98,"mai_haut":17.37,"mai_ech":"maille","mai_obs":5,"a12":15.89,"a3":10.72},"geometry":{"type":"Polygon","coordinates":[[[6.2744,49.2998],[6.2866,49.3024],[6.312,49.3124],[6.3186,49.3127],[6.3295,49.3016],[6.3298,49.285],[6.3203,49.2842],[6.308,49.2779],[6.3,49.2791],[6.2805,49.2923],[6.2736,49.2998],[6.2744,49.2998]]]}},{"type":"Feature","properties":{"code":"57567","nom":"Rémelfang","app":11.8,"app_bas":9.22,"app_haut":15.1,"app_ech":"maille","app_obs":19,"mai":9.64,"mai_bas":7,"mai_haut":13.28,"mai_ech":"maille","mai_obs":4,"a12":13.55,"a3":8.48},"geometry":{"type":"Polygon","coordinates":[[[6.4934,49.2718],[6.5021,49.278],[6.5,49.2816],[6.5248,49.2694],[6.5316,49.2599],[6.5264,49.2572],[6.5179,49.2584],[6.4934,49.2718]]]}},{"type":"Feature","properties":{"code":"57009","nom":"Ajoncourt","app":9.9,"app_bas":8.1,"app_haut":12.11,"app_ech":"maille","app_obs":6,"mai":8.36,"mai_bas":6.36,"mai_haut":11,"mai_ech":"epci","mai_obs":4,"a12":12.79,"a3":8.2},"geometry":{"type":"Polygon","coordinates":[[[6.3097,48.8561],[6.3169,48.8477],[6.3163,48.8369],[6.3033,48.8382],[6.2914,48.8425],[6.2855,48.8494],[6.3001,48.8525],[6.3097,48.8561]]]}},{"type":"Feature","properties":{"code":"57017","nom":"Amanvillers","app":14.26,"app_bas":11.43,"app_haut":17.79,"app_ech":"maille","app_obs":58,"mai":10.22,"mai_bas":7.69,"mai_haut":13.58,"mai_ech":"maille","mai_obs":28,"a12":16.99,"a3":10.16},"geometry":{"type":"Polygon","coordinates":[[[6.0112,49.1535],[6.0185,49.1618],[6.0311,49.1675],[6.0386,49.1739],[6.0575,49.1758],[6.068,49.1755],[6.0633,49.1612],[6.0726,49.1551],[6.0746,49.1498],[6.0638,49.1442],[6.0335,49.1515],[6.022,49.1486],[6.0112,49.1535]]]}},{"type":"Feature","properties":{"code":"57028","nom":"Argancy","app":13.25,"app_bas":10.37,"app_haut":16.92,"app_ech":"maille","app_obs":69,"mai":11.96,"mai_bas":9.19,"mai_haut":15.57,"mai_ech":"maille","mai_obs":17,"a12":14.21,"a3":11.56},"geometry":{"type":"Polygon","coordinates":[[[6.1797,49.1852],[6.181,49.1892],[6.1994,49.2047],[6.202,49.2176],[6.2121,49.2142],[6.2232,49.2198],[6.2404,49.222],[6.2487,49.2198],[6.2436,49.2157],[6.2297,49.2121],[6.2249,49.2028],[6.2244,49.192],[6.2345,49.1889],[6.2278,49.185],[6.2025,49.1781],[6.1865,49.178],[6.1797,49.1852]]]}},{"type":"Feature","properties":{"code":"57059","nom":"Bellange","app":7.76,"app_bas":6.3,"app_haut":9.57,"app_ech":"maille","app_obs":0,"mai":7.65,"mai_bas":6.08,"mai_haut":9.62,"mai_ech":"maille","mai_obs":2,"a12":10.48,"a3":7.08},"geometry":{"type":"Polygon","coordinates":[[[6.5614,48.908],[6.5711,48.9118],[6.5916,48.9018],[6.5857,48.8911],[6.5717,48.8936],[6.5566,48.9003],[6.5614,48.908]]]}},{"type":"Feature","properties":{"code":"57732","nom":"Volmunster","app":8.14,"app_bas":6.5,"app_haut":10.19,"app_ech":"maille","app_obs":41,"mai":7.28,"mai_bas":5.68,"mai_haut":9.33,"mai_ech":"maille","mai_obs":4,"a12":11.13,"a3":7.13},"geometry":{"type":"Polygon","coordinates":[[[7.3903,49.1133],[7.3891,49.1111],[7.3813,49.1081],[7.3673,49.107],[7.3558,49.1092],[7.3513,49.1021],[7.363,49.0964],[7.3681,49.0878],[7.3646,49.088],[7.349,49.0986],[7.3318,49.1032],[7.3282,49.1065],[7.336,49.1171],[7.3327,49.1209],[7.3634,49.1364],[7.3648,49.1423],[7.3827,49.1374],[7.3973,49.1361],[7.4096,49.1332],[7.3897,49.1213],[7.3903,49.1133]]]}},{"type":"Feature","properties":{"code":"57746","nom":"Willerwald","app":9.89,"app_bas":8.21,"app_haut":11.93,"app_ech":"maille","app_obs":86,"mai":7.28,"mai_bas":5.68,"mai_haut":9.33,"mai_ech":"maille","mai_obs":24,"a12":11.29,"a3":10.11},"geometry":{"type":"Polygon","coordinates":[[[7.0523,49.0087],[7.047,49.0065],[7.0341,49.0101],[7.03,49.014],[7.032,49.0212],[7.013,49.0304],[7.0225,49.0386],[7.0413,49.038],[7.0549,49.0306],[7.0487,49.0184],[7.0523,49.0087]]]}},{"type":"Feature","properties":{"code":"57200","nom":"Étangs","app":12.15,"app_bas":9.85,"app_haut":14.98,"app_ech":"maille","app_obs":9,"mai":11.96,"mai_bas":9.19,"mai_haut":15.57,"mai_ech":"maille","mai_obs":2,"a12":13.55,"a3":9.92},"geometry":{"type":"Polygon","coordinates":[[[6.3541,49.1605],[6.3785,49.1589],[6.3824,49.153],[6.3938,49.1511],[6.3992,49.1415],[6.3908,49.1414],[6.3834,49.1355],[6.358,49.1294],[6.3507,49.132],[6.368,49.1378],[6.3706,49.1468],[6.3675,49.1517],[6.3557,49.1535],[6.3541,49.1605]]]}},{"type":"Feature","properties":{"code":"57244","nom":"Garrebourg","app":10.52,"app_bas":8.14,"app_haut":13.61,"app_ech":"maille","app_obs":2,"mai":10.01,"mai_bas":7.29,"mai_haut":13.75,"mai_ech":"maille","mai_obs":1,"a12":11.39,"a3":8.3},"geometry":{"type":"Polygon","coordinates":[[[7.2331,48.7271],[7.244,48.7285],[7.248,48.7234],[7.2464,48.7158],[7.2564,48.7042],[7.2647,48.7005],[7.2602,48.6943],[7.2423,48.6921],[7.2233,48.698],[7.2146,48.7057],[7.2162,48.7132],[7.2237,48.7186],[7.2331,48.7271]]]}},{"type":"Feature","properties":{"code":"57303","nom":"Hauconcourt","app":12.86,"app_bas":10.43,"app_haut":15.86,"app_ech":"maille","app_obs":38,"mai":12.51,"mai_bas":9.5,"mai_haut":16.46,"mai_ech":"maille","mai_obs":4,"a12":16.99,"a3":11.56},"geometry":{"type":"Polygon","coordinates":[[[6.1797,49.1852],[6.1768,49.1886],[6.1741,49.1997],[6.1669,49.2049],[6.1696,49.212],[6.168,49.2228],[6.1759,49.2234],[6.1872,49.2332],[6.1954,49.2257],[6.204,49.2226],[6.202,49.2176],[6.1994,49.2047],[6.181,49.1892],[6.1797,49.1852]]]}},{"type":"Feature","properties":{"code":"57393","nom":"Lengelsheim","app":9.56,"app_bas":7.54,"app_haut":12.12,"app_ech":"maille","app_obs":6,"mai":9.18,"mai_bas":7.02,"mai_haut":12.01,"mai_ech":"maille","mai_obs":0,"a12":10.7,"a3":9},"geometry":{"type":"Polygon","coordinates":[[[7.3903,49.1133],[7.4073,49.1143],[7.4229,49.1181],[7.4252,49.1134],[7.425,49.0981],[7.4095,49.0953],[7.3883,49.1006],[7.3891,49.1111],[7.3903,49.1133]]]}},{"type":"Feature","properties":{"code":"57630","nom":"Sarrebourg","app":10.67,"app_bas":8.36,"app_haut":13.62,"app_ech":"commune","app_obs":3579,"mai":9.02,"mai_bas":7.17,"mai_haut":11.34,"mai_ech":"commune","mai_obs":224,"a12":12.46,"a3":9.25},"geometry":{"type":"Polygon","coordinates":[[[7.0385,48.7594],[7.0722,48.7575],[7.0853,48.7411],[7.0514,48.7228],[7.0447,48.7082],[7.0372,48.7054],[7.0323,48.7188],[7.0237,48.7285],[7.0177,48.7308],[7.0097,48.7364],[7.0215,48.7483],[7.0356,48.7489],[7.0356,48.7584],[7.0385,48.7594]]]}},{"type":"Feature","properties":{"code":"57644","nom":"Seingbouse","app":9.12,"app_bas":7.37,"app_haut":11.3,"app_ech":"commune","app_obs":111,"mai":9.68,"mai_bas":7.49,"mai_haut":12.52,"mai_ech":"maille","mai_obs":24,"a12":11.76,"a3":7.36},"geometry":{"type":"Polygon","coordinates":[[[6.848,49.1068],[6.8373,49.1042],[6.8371,49.0973],[6.8528,49.0888],[6.8275,49.0858],[6.8277,49.0931],[6.8175,49.1009],[6.812,49.1152],[6.8283,49.129],[6.8458,49.1216],[6.8492,49.1152],[6.848,49.1068]]]}},{"type":"Feature","properties":{"code":"57661","nom":"Sturzelbronn","app":9.43,"app_bas":7.47,"app_haut":11.9,"app_ech":"maille","app_obs":0,"mai":9.18,"mai_bas":7.02,"mai_haut":12.01,"mai_ech":"maille","mai_obs":5,"a12":11.13,"a3":9.07},"geometry":{"type":"Polygon","coordinates":[[[7.5551,49.055],[7.5533,49.0619],[7.5589,49.0824],[7.5704,49.0799],[7.6,49.0833],[7.6312,49.0694],[7.6353,49.0542],[7.6347,49.043],[7.6262,49.0337],[7.6198,49.0317],[7.6064,49.02],[7.5897,49.0263],[7.5706,49.0278],[7.552,49.0393],[7.5575,49.0465],[7.5551,49.055]]]}},{"type":"Feature","properties":{"code":"57679","nom":"Tritteling-Redlach","app":9.56,"app_bas":8,"app_haut":11.43,"app_ech":"maille","app_obs":11,"mai":8.84,"mai_bas":7.29,"mai_haut":10.72,"mai_ech":"maille","mai_obs":3,"a12":10.16,"a3":8.6},"geometry":{"type":"Polygon","coordinates":[[[6.6009,49.0848],[6.6009,49.0859],[6.615,49.0882],[6.6271,49.0922],[6.6318,49.0833],[6.6338,49.0687],[6.6244,49.0645],[6.6194,49.0661],[6.6062,49.0637],[6.5985,49.0797],[6.6009,49.0848]]]}},{"type":"Feature","properties":{"code":"57008","nom":"Adelange","app":9.21,"app_bas":7.43,"app_haut":11.42,"app_ech":"maille","app_obs":15,"mai":8.84,"mai_bas":7.29,"mai_haut":10.72,"mai_ech":"maille","mai_obs":0,"a12":10.16,"a3":8.6},"geometry":{"type":"Polygon","coordinates":[[[6.6111,48.9941],[6.5898,48.9968],[6.5852,49.0137],[6.5967,49.018],[6.6114,49.0201],[6.6298,49.0121],[6.6179,49.0035],[6.6111,48.9941]]]}},{"type":"Feature","properties":{"code":"57054","nom":"Baudrecourt","app":10.24,"app_bas":8.43,"app_haut":12.44,"app_ech":"maille","app_obs":1,"mai":8.84,"mai_bas":7.29,"mai_haut":10.72,"mai_ech":"maille","mai_obs":4,"a12":12.45,"a3":9.52},"geometry":{"type":"Polygon","coordinates":[[[6.439,48.9617],[6.4512,48.9732],[6.4752,48.9661],[6.4766,48.9527],[6.4541,48.9484],[6.4496,48.9505],[6.4494,48.9543],[6.439,48.9617]]]}},{"type":"Feature","properties":{"code":"57060","nom":"Bénestroff","app":8.02,"app_bas":6.45,"app_haut":9.98,"app_ech":"maille","app_obs":20,"mai":8.68,"mai_bas":6.64,"mai_haut":11.36,"mai_ech":"epci","mai_obs":5,"a12":10.49,"a3":7.39},"geometry":{"type":"Polygon","coordinates":[[[6.7421,48.9276],[6.7663,48.9317],[6.7675,48.929],[6.7679,48.9213],[6.7761,48.9049],[6.7776,48.8952],[6.7704,48.8907],[6.7619,48.8919],[6.756,48.8967],[6.7432,48.8922],[6.7411,48.8851],[6.739,48.8849],[6.7392,48.9015],[6.7356,48.9051],[6.747,48.9176],[6.7421,48.9276]]]}},{"type":"Feature","properties":{"code":"57192","nom":"Enchenberg","app":8.52,"app_bas":6.67,"app_haut":10.88,"app_ech":"maille","app_obs":88,"mai":7.28,"mai_bas":5.68,"mai_haut":9.33,"mai_ech":"maille","mai_obs":36,"a12":11.13,"a3":7.13},"geometry":{"type":"Polygon","coordinates":[[[7.3381,49.0282],[7.3457,49.0274],[7.3621,49.02],[7.3519,49.012],[7.3444,49.0005],[7.3385,48.996],[7.3379,49.0054],[7.3191,49.0159],[7.3107,49.0187],[7.2918,49.0127],[7.2916,49.0174],[7.3067,49.0245],[7.3109,49.0354],[7.3249,49.0385],[7.3338,49.035],[7.3381,49.0282]]]}},{"type":"Feature","properties":{"code":"57304","nom":"Haut-Clocher","app":8.77,"app_bas":7.03,"app_haut":10.95,"app_ech":"maille","app_obs":19,"mai":9.39,"mai_bas":7.47,"mai_haut":11.81,"mai_ech":"maille","mai_obs":1,"a12":11.47,"a3":7.14},"geometry":{"type":"Polygon","coordinates":[[[6.936,48.7865],[6.9467,48.792],[6.9654,48.7848],[6.9809,48.775],[6.9963,48.7761],[6.9967,48.7728],[7.0196,48.7555],[7.0356,48.7584],[7.0356,48.7489],[7.0215,48.7483],[7.0097,48.7364],[6.9952,48.741],[6.9877,48.7411],[6.9892,48.7496],[6.9851,48.7667],[6.982,48.7703],[6.9683,48.7751],[6.9441,48.7792],[6.9343,48.7844],[6.936,48.7865]]]}},{"type":"Feature","properties":{"code":"57385","nom":"Laquenexy","app":12.15,"app_bas":9.85,"app_haut":14.98,"app_ech":"maille","app_obs":36,"mai":11.96,"mai_bas":9.19,"mai_haut":15.57,"mai_ech":"maille","mai_obs":28,"a12":13.87,"a3":9.52},"geometry":{"type":"Polygon","coordinates":[[[6.3472,49.0867],[6.3472,49.0767],[6.3437,49.0741],[6.3221,49.0694],[6.3222,49.0617],[6.3145,49.07],[6.2981,49.0679],[6.2897,49.0736],[6.2773,49.079],[6.2843,49.0878],[6.2962,49.0908],[6.3053,49.0849],[6.3213,49.0904],[6.3298,49.0878],[6.3426,49.0892],[6.3472,49.0867]]]}},{"type":"Feature","properties":{"code":"57387","nom":"Laumesfeld","app":11.8,"app_bas":9.22,"app_haut":15.1,"app_ech":"maille","app_obs":10,"mai":9.64,"mai_bas":7,"mai_haut":13.28,"mai_ech":"maille","mai_obs":0,"a12":13.55,"a3":10.69},"geometry":{"type":"Polygon","coordinates":[[[6.4595,49.3728],[6.4655,49.3662],[6.486,49.3695],[6.4814,49.368],[6.4754,49.3585],[6.4548,49.3633],[6.4306,49.3548],[6.4131,49.3677],[6.4112,49.372],[6.4261,49.3805],[6.4422,49.3828],[6.4595,49.3728]]]}},{"type":"Feature","properties":{"code":"57409","nom":"Lixing-lès-Saint-Avold","app":9.21,"app_bas":7.43,"app_haut":11.42,"app_ech":"maille","app_obs":98,"mai":8.09,"mai_bas":6.27,"mai_haut":10.43,"mai_ech":"maille","mai_obs":15,"a12":10.48,"a3":7.36},"geometry":{"type":"Polygon","coordinates":[[[6.7171,49.0331],[6.7319,49.0468],[6.7408,49.0482],[6.7553,49.0398],[6.7643,49.0408],[6.7569,49.0289],[6.7458,49.0207],[6.7246,49.0252],[6.723,49.0317],[6.7171,49.0331]]]}},{"type":"Feature","properties":{"code":"57415","nom":"Lorry-lès-Metz","app":12.99,"app_bas":10.15,"app_haut":16.63,"app_ech":"commune","app_obs":137,"mai":12.23,"mai_bas":8.79,"mai_haut":17.02,"mai_ech":"maille","mai_obs":19,"a12":14.91,"a3":10.16},"geometry":{"type":"Polygon","coordinates":[[[6.0885,49.1387],[6.0746,49.1498],[6.0726,49.1551],[6.0884,49.1453],[6.0981,49.1515],[6.1157,49.1496],[6.1326,49.1516],[6.1391,49.1429],[6.1359,49.1378],[6.1224,49.1375],[6.1083,49.134],[6.0968,49.1351],[6.0885,49.1387]]]}},{"type":"Feature","properties":{"code":"57466","nom":"Metzing","app":11.2,"app_bas":8.65,"app_haut":14.5,"app_ech":"maille","app_obs":49,"mai":9.68,"mai_bas":7.49,"mai_haut":12.52,"mai_ech":"maille","mai_obs":10,"a12":11.76,"a3":10.11},"geometry":{"type":"Polygon","coordinates":[[[6.9715,49.0838],[6.9508,49.0805],[6.9456,49.0878],[6.9502,49.0965],[6.9504,49.1104],[6.9575,49.121],[6.9743,49.1124],[6.9754,49.0923],[6.9715,49.0838]]]}},{"type":"Feature","properties":{"code":"57657","nom":"Sotzeling","app":9.03,"app_bas":6.99,"app_haut":11.68,"app_ech":"maille","app_obs":2,"mai":7.65,"mai_bas":6.08,"mai_haut":9.62,"mai_ech":"maille","mai_obs":0,"a12":10.49,"a3":7.08},"geometry":{"type":"Polygon","coordinates":[[[6.6175,48.8683],[6.6206,48.8733],[6.6355,48.8732],[6.6473,48.8791],[6.6568,48.8696],[6.6568,48.8681],[6.633,48.8565],[6.6229,48.8668],[6.6175,48.8683]]]}},{"type":"Feature","properties":{"code":"57691","nom":"Valmunster","app":10.39,"app_bas":8.34,"app_haut":12.95,"app_ech":"maille","app_obs":2,"mai":8.76,"mai_bas":6.59,"mai_haut":11.65,"mai_ech":"maille","mai_obs":0,"a12":12.14,"a3":8.48},"geometry":{"type":"Polygon","coordinates":[[[6.5316,49.2599],[6.5353,49.2592],[6.5385,49.252],[6.5267,49.2493],[6.5185,49.2394],[6.5052,49.2367],[6.4991,49.2384],[6.5001,49.2462],[6.5054,49.2464],[6.5316,49.2599]]]}},{"type":"Feature","properties":{"code":"57692","nom":"Vannecourt","app":7.76,"app_bas":6.3,"app_haut":9.57,"app_ech":"maille","app_obs":1,"mai":8.36,"mai_bas":6.36,"mai_haut":11,"mai_ech":"epci","mai_obs":2,"a12":13.32,"a3":7.61},"geometry":{"type":"Polygon","coordinates":[[[6.5159,48.8748],[6.501,48.8864],[6.5002,48.8943],[6.5101,48.8933],[6.5236,48.8878],[6.5495,48.8889],[6.5621,48.8797],[6.5638,48.8757],[6.5592,48.8634],[6.5429,48.8598],[6.5357,48.8673],[6.5159,48.8748]]]}},{"type":"Feature","properties":{"code":"57018","nom":"Amelécourt","app":7.76,"app_bas":6.3,"app_haut":9.57,"app_ech":"maille","app_obs":1,"mai":8.36,"mai_bas":6.36,"mai_haut":11,"mai_ech":"epci","mai_obs":4,"a12":12.45,"a3":7},"geometry":{"type":"Polygon","coordinates":[[[6.4894,48.8564],[6.5057,48.8378],[6.5166,48.8344],[6.52,48.8294],[6.5154,48.8248],[6.5014,48.8286],[6.4795,48.832],[6.4575,48.8475],[6.469,48.8525],[6.4894,48.8564]]]}},{"type":"Feature","properties":{"code":"57044","nom":"Azoudange","app":8.99,"app_bas":7.12,"app_haut":11.33,"app_ech":"maille","app_obs":0,"mai":6.94,"mai_bas":5.37,"mai_haut":8.96,"mai_ech":"epci","mai_obs":6,"a12":12.17,"a3":8.04},"geometry":{"type":"Polygon","coordinates":[[[6.8292,48.7062],[6.8197,48.704],[6.8123,48.7092],[6.8295,48.7159],[6.8243,48.722],[6.8174,48.7203],[6.808,48.7246],[6.8004,48.7324],[6.7782,48.7415],[6.7726,48.7459],[6.7907,48.7529],[6.7967,48.7446],[6.81,48.7497],[6.8202,48.7559],[6.8307,48.7551],[6.8296,48.7449],[6.8364,48.741],[6.8421,48.733],[6.8342,48.7262],[6.8353,48.7228],[6.8593,48.7284],[6.861,48.7168],[6.8552,48.7088],[6.8344,48.7086],[6.8292,48.7062]]]}},{"type":"Feature","properties":{"code":"57105","nom":"Boustroff","app":9.21,"app_bas":7.43,"app_haut":11.42,"app_ech":"maille","app_obs":0,"mai":8.09,"mai_bas":6.27,"mai_haut":10.43,"mai_ech":"maille","mai_obs":2,"a12":10.16,"a3":8.6},"geometry":{"type":"Polygon","coordinates":[[[6.6111,48.9941],[6.6179,49.0035],[6.6298,49.0121],[6.6419,49.0085],[6.6488,49.0029],[6.6358,48.9949],[6.6111,48.9941]]]}},{"type":"Feature","properties":{"code":"57702","nom":"Vaxy","app":7.76,"app_bas":6.3,"app_haut":9.57,"app_ech":"maille","app_obs":7,"mai":8.36,"mai_bas":6.36,"mai_haut":11,"mai_ech":"epci","mai_obs":13,"a12":12.45,"a3":7.61},"geometry":{"type":"Polygon","coordinates":[[[6.5159,48.8748],[6.5357,48.8673],[6.5429,48.8598],[6.5407,48.8408],[6.5363,48.8398],[6.5347,48.8431],[6.5172,48.8558],[6.5062,48.8684],[6.5159,48.8748]]]}},{"type":"Feature","properties":{"code":"57440","nom":"Manhoué","app":10.99,"app_bas":8.98,"app_haut":13.45,"app_ech":"maille","app_obs":4,"mai":8.36,"mai_bas":6.36,"mai_haut":11,"mai_ech":"epci","mai_obs":6,"a12":12.97,"a3":8.2},"geometry":{"type":"Polygon","coordinates":[[[6.3396,48.8335],[6.3513,48.8297],[6.3698,48.8344],[6.3749,48.8267],[6.37,48.8245],[6.3338,48.8205],[6.3307,48.8233],[6.3088,48.8212],[6.3011,48.8243],[6.316,48.8299],[6.326,48.8255],[6.3353,48.8261],[6.3396,48.8335]]]}},{"type":"Feature","properties":{"code":"57517","nom":"Obergailbach","app":8.52,"app_bas":6.67,"app_haut":10.88,"app_ech":"maille","app_obs":1,"mai":7.28,"mai_bas":5.68,"mai_haut":9.33,"mai_ech":"maille","mai_obs":0,"a12":10.7,"a3":8.28},"geometry":{"type":"Polygon","coordinates":[[[7.2427,49.1064],[7.2332,49.102],[7.2246,49.1015],[7.2094,49.0961],[7.2042,49.1016],[7.1983,49.1152],[7.2066,49.1235],[7.2159,49.1255],[7.2491,49.1274],[7.2422,49.1107],[7.2427,49.1064]]]}},{"type":"Feature","properties":{"code":"57096","nom":"Boulange","app":10.92,"app_bas":8.68,"app_haut":13.74,"app_ech":"maille","app_obs":99,"mai":11.91,"mai_bas":9.07,"mai_haut":15.66,"mai_ech":"maille","mai_obs":11,"a12":15.04,"a3":11.21},"geometry":{"type":"Polygon","coordinates":[[[5.9297,49.4015],[5.9432,49.4066],[5.9527,49.4064],[5.9614,49.394],[5.9751,49.3912],[5.9856,49.3779],[5.9716,49.3724],[5.9561,49.3616],[5.9419,49.3625],[5.9328,49.3702],[5.9248,49.3731],[5.9331,49.3841],[5.9297,49.4015]]]}},{"type":"Feature","properties":{"code":"57110","nom":"Brettnach","app":9.43,"app_bas":7.58,"app_haut":11.75,"app_ech":"maille","app_obs":10,"mai":8.76,"mai_bas":6.59,"mai_haut":11.65,"mai_ech":"maille","mai_obs":5,"a12":13.55,"a3":8.48},"geometry":{"type":"Polygon","coordinates":[[[6.5622,49.2464],[6.5597,49.2488],[6.5385,49.252],[6.5353,49.2592],[6.5392,49.2592],[6.5467,49.2628],[6.5507,49.2695],[6.5638,49.2711],[6.584,49.2612],[6.5774,49.2557],[6.5711,49.246],[6.5622,49.2464]]]}},{"type":"Feature","properties":{"code":"57711","nom":"Vibersviller","app":8.77,"app_bas":7.03,"app_haut":10.95,"app_ech":"maille","app_obs":19,"mai":7.65,"mai_bas":6.08,"mai_haut":9.62,"mai_ech":"maille","mai_obs":26,"a12":10.49,"a3":7.39},"geometry":{"type":"Polygon","coordinates":[[[6.9241,48.9169],[6.9283,48.9342],[6.9444,48.9348],[6.9404,48.9239],[6.9555,48.9223],[6.9646,48.9045],[6.9547,48.8939],[6.9755,48.8901],[6.988,48.8914],[6.9691,48.8832],[6.955,48.8754],[6.9494,48.8851],[6.9425,48.8914],[6.9277,48.8979],[6.9243,48.9017],[6.9097,48.9074],[6.9229,48.9098],[6.9241,48.9169]]]}},{"type":"Feature","properties":{"code":"57228","nom":"Fossieux","app":7.76,"app_bas":6.3,"app_haut":9.57,"app_ech":"maille","app_obs":0,"mai":8.36,"mai_bas":6.36,"mai_haut":11,"mai_ech":"epci","mai_obs":13,"a12":12.79,"a3":7},"geometry":{"type":"Polygon","coordinates":[[[6.3387,48.8629],[6.3452,48.8624],[6.3527,48.8538],[6.3425,48.8481],[6.33,48.8357],[6.3163,48.8369],[6.3169,48.8477],[6.3097,48.8561],[6.3293,48.8592],[6.3387,48.8629]]]}},{"type":"Feature","properties":{"code":"57257","nom":"Grémecey","app":9.44,"app_bas":7.62,"app_haut":11.7,"app_ech":"maille","app_obs":4,"mai":8.36,"mai_bas":6.36,"mai_haut":11,"mai_ech":"epci","mai_obs":4,"a12":12.97,"a3":7},"geometry":{"type":"Polygon","coordinates":[[[6.3942,48.7911],[6.3932,48.8049],[6.3967,48.814],[6.3922,48.8224],[6.4207,48.8272],[6.4301,48.8198],[6.4504,48.8223],[6.4549,48.8188],[6.4455,48.8146],[6.4309,48.8144],[6.4196,48.7944],[6.4126,48.7953],[6.3942,48.7911]]]}},{"type":"Feature","properties":{"code":"57342","nom":"Ibigny","app":9.4,"app_bas":7.15,"app_haut":12.35,"app_ech":"maille","app_obs":9,"mai":6.94,"mai_bas":5.37,"mai_haut":8.96,"mai_ech":"epci","mai_obs":0,"a12":12.17,"a3":7.14},"geometry":{"type":"Polygon","coordinates":[[[6.8956,48.6641],[6.8984,48.6657],[6.9022,48.6565],[6.9202,48.6463],[6.9033,48.6399],[6.8895,48.6269],[6.8847,48.6304],[6.8867,48.6478],[6.8956,48.6641]]]}},{"type":"Feature","properties":{"code":"57587","nom":"Rodalbe","app":8.02,"app_bas":6.45,"app_haut":9.98,"app_ech":"maille","app_obs":3,"mai":8.68,"mai_bas":6.64,"mai_haut":11.36,"mai_ech":"epci","mai_obs":10,"a12":10.49,"a3":7.39},"geometry":{"type":"Polygon","coordinates":[[[6.7421,48.9276],[6.747,48.9176],[6.7356,48.9051],[6.7262,48.9024],[6.7095,48.8911],[6.7011,48.8948],[6.7001,48.9002],[6.6791,48.9042],[6.6809,48.9116],[6.6893,48.9181],[6.7032,48.9205],[6.7279,48.922],[6.7421,48.9276]]]}},{"type":"Feature","properties":{"code":"57127","nom":"Chanville","app":10.24,"app_bas":8.43,"app_haut":12.44,"app_ech":"maille","app_obs":0,"mai":8.84,"mai_bas":7.29,"mai_haut":10.72,"mai_ech":"maille","mai_obs":0,"a12":12.45,"a3":7.78},"geometry":{"type":"Polygon","coordinates":[[[6.4483,49.029],[6.4436,49.0338],[6.4302,49.0348],[6.4211,49.0377],[6.4202,49.042],[6.4289,49.0464],[6.435,49.0546],[6.4488,49.0531],[6.4537,49.0422],[6.4539,49.0339],[6.4483,49.029]]]}},{"type":"Feature","properties":{"code":"57709","nom":"Vescheim","app":10.52,"app_bas":8.14,"app_haut":13.61,"app_ech":"maille","app_obs":12,"mai":10.01,"mai_bas":7.29,"mai_haut":13.75,"mai_ech":"maille","mai_obs":4,"a12":11.47,"a3":8.92},"geometry":{"type":"Polygon","coordinates":[[[7.225,48.8027],[7.2363,48.7945],[7.2392,48.7889],[7.2227,48.7868],[7.2157,48.799],[7.219,48.8022],[7.225,48.8027]]]}},{"type":"Feature","properties":{"code":"57642","nom":"Scy-Chazelles","app":15.12,"app_bas":12.11,"app_haut":18.88,"app_ech":"commune","app_obs":256,"mai":10.22,"mai_bas":7.69,"mai_haut":13.58,"mai_ech":"maille","mai_obs":57,"a12":14.91,"a3":12.75},"geometry":{"type":"Polygon","coordinates":[[[6.1152,49.1256],[6.1278,49.1235],[6.1317,49.1214],[6.1263,49.1161],[6.1285,49.1103],[6.1423,49.1113],[6.14,49.1045],[6.1276,49.1046],[6.1063,49.1093],[6.0995,49.114],[6.1038,49.123],[6.1152,49.1256]]]}},{"type":"Feature","properties":{"code":"57113","nom":"Brouderdorff","app":9.1,"app_bas":7.38,"app_haut":11.21,"app_ech":"maille","app_obs":17,"mai":8.93,"mai_bas":6.95,"mai_haut":11.48,"mai_ech":"maille","mai_obs":17,"a12":11.39,"a3":8.32},"geometry":{"type":"Polygon","coordinates":[[[7.1094,48.6829],[7.1044,48.683],[7.0974,48.686],[7.0883,48.6788],[7.087,48.6811],[7.0866,48.7103],[7.0931,48.7019],[7.1038,48.7034],[7.1327,48.692],[7.125,48.6908],[7.1166,48.6943],[7.1094,48.6829]]]}},{"type":"Feature","properties":{"code":"57245","nom":"Gavisse","app":14.73,"app_bas":10.69,"app_haut":20.3,"app_ech":"maille","app_obs":11,"mai":17,"mai_bas":12.23,"mai_haut":23.63,"mai_ech":"maille","mai_obs":7,"a12":16.8,"a3":15.06},"geometry":{"type":"Polygon","coordinates":[[[6.2907,49.4519],[6.3008,49.4431],[6.298,49.4343],[6.3018,49.43],[6.2941,49.4233],[6.2782,49.422],[6.2689,49.431],[6.2878,49.444],[6.2897,49.4517],[6.2907,49.4519]]]}},{"type":"Feature","properties":{"code":"57557","nom":"Puttelange-lès-Thionville","app":14.73,"app_bas":10.69,"app_haut":20.3,"app_ech":"maille","app_obs":59,"mai":17,"mai_bas":12.23,"mai_haut":23.63,"mai_ech":"maille","mai_obs":17,"a12":19.78,"a3":15.06},"geometry":{"type":"Polygon","coordinates":[[[6.2219,49.4858],[6.2324,49.5027],[6.2517,49.497],[6.2806,49.4942],[6.2877,49.4861],[6.2992,49.4882],[6.2937,49.4834],[6.2653,49.4696],[6.2484,49.4794],[6.2272,49.4797],[6.2219,49.4858]]]}},{"type":"Feature","properties":{"code":"57647","nom":"Serémange-Erzange","app":12.68,"app_bas":10.13,"app_haut":15.88,"app_ech":"commune","app_obs":240,"mai":11.91,"mai_bas":9.07,"mai_haut":15.66,"mai_ech":"maille","mai_obs":37,"a12":14.48,"a3":11.45},"geometry":{"type":"Polygon","coordinates":[[[6.0853,49.3293],[6.0921,49.334],[6.1003,49.3346],[6.1088,49.3281],[6.1052,49.3162],[6.0948,49.3139],[6.074,49.3161],[6.0734,49.3233],[6.0847,49.3236],[6.0853,49.3293]]]}},{"type":"Feature","properties":{"code":"57082","nom":"Biding","app":9.04,"app_bas":7.3,"app_haut":11.21,"app_ech":"maille","app_obs":36,"mai":8.09,"mai_bas":6.27,"mai_haut":10.43,"mai_ech":"maille","mai_obs":1,"a12":12.86,"a3":7.36},"geometry":{"type":"Polygon","coordinates":[[[6.8134,49.0794],[6.8181,49.0695],[6.8022,49.0602],[6.7947,49.0589],[6.7827,49.0526],[6.7795,49.0483],[6.773,49.0462],[6.7651,49.0625],[6.7787,49.0662],[6.7824,49.0708],[6.8134,49.0794]]]}},{"type":"Feature","properties":{"code":"57199","nom":"Escherange","app":16.04,"app_bas":11.91,"app_haut":21.6,"app_ech":"maille","app_obs":56,"mai":17,"mai_bas":12.23,"mai_haut":23.63,"mai_ech":"maille","mai_obs":10,"a12":13.23,"a3":14.82},"geometry":{"type":"Polygon","coordinates":[[[6.0781,49.3974],[6.0603,49.4035],[6.0487,49.3974],[6.0447,49.3997],[6.0396,49.4115],[6.0426,49.4177],[6.0334,49.4228],[6.0391,49.4276],[6.0563,49.4313],[6.0966,49.4333],[6.0956,49.4224],[6.0936,49.4138],[6.0781,49.3974]]]}},{"type":"Feature","properties":{"code":"57208","nom":"Farschviller","app":9.83,"app_bas":7.89,"app_haut":12.26,"app_ech":"commune","app_obs":124,"mai":9.68,"mai_bas":7.49,"mai_haut":12.52,"mai_ech":"maille","mai_obs":9,"a12":11.76,"a3":8.28},"geometry":{"type":"Polygon","coordinates":[[[6.9134,49.0991],[6.9067,49.0936],[6.9103,49.0851],[6.9061,49.0804],[6.8978,49.0802],[6.8812,49.0735],[6.8639,49.0756],[6.8493,49.0813],[6.8488,49.0884],[6.8592,49.0892],[6.8775,49.1014],[6.8905,49.1128],[6.8972,49.1075],[6.9104,49.1075],[6.9134,49.0991]]]}},{"type":"Feature","properties":{"code":"57209","nom":"Faulquemont","app":10.05,"app_bas":7.77,"app_haut":13,"app_ech":"commune","app_obs":545,"mai":8.84,"mai_bas":7.29,"mai_haut":10.72,"mai_ech":"maille","mai_obs":81,"a12":11.51,"a3":8.18},"geometry":{"type":"Polygon","coordinates":[[[6.6276,49.0365],[6.6131,49.0333],[6.6076,49.0273],[6.6114,49.0201],[6.5967,49.018],[6.5852,49.0137],[6.5898,48.9968],[6.5774,48.9981],[6.561,49.0046],[6.5644,49.0127],[6.5639,49.0212],[6.5558,49.0273],[6.5677,49.0253],[6.5857,49.0337],[6.5865,49.0429],[6.5906,49.0476],[6.5883,49.069],[6.5935,49.0796],[6.6009,49.0848],[6.5985,49.0797],[6.6062,49.0637],[6.6194,49.0661],[6.6244,49.0645],[6.6148,49.0565],[6.6276,49.0365]]]}},{"type":"Feature","properties":{"code":"57219","nom":"Flévy","app":13.25,"app_bas":10.37,"app_haut":16.92,"app_ech":"maille","app_obs":59,"mai":9.64,"mai_bas":7,"mai_haut":13.28,"mai_ech":"maille","mai_obs":9,"a12":13.55,"a3":10.72},"geometry":{"type":"Polygon","coordinates":[[[6.2798,49.2626],[6.2844,49.2579],[6.2801,49.2527],[6.2882,49.2374],[6.2901,49.2296],[6.2794,49.2201],[6.26,49.2307],[6.2412,49.227],[6.2281,49.2365],[6.2384,49.2429],[6.2396,49.2505],[6.2491,49.2503],[6.265,49.2539],[6.2798,49.2626]]]}},{"type":"Feature","properties":{"code":"57416","nom":"Lorry-Mardigny","app":10.51,"app_bas":8.6,"app_haut":12.85,"app_ech":"maille","app_obs":22,"mai":9.82,"mai_bas":7.65,"mai_haut":12.6,"mai_ech":"maille","mai_obs":28,"a12":12.36,"a3":9.54},"geometry":{"type":"Polygon","coordinates":[[[6.0648,48.981],[6.0792,49.0042],[6.0926,48.9935],[6.1084,48.9935],[6.1161,48.9958],[6.1265,48.9874],[6.1301,48.9808],[6.122,48.9745],[6.0977,48.9732],[6.0996,48.9688],[6.0813,48.963],[6.0739,48.9695],[6.0738,48.9806],[6.0648,48.981]]]}},{"type":"Feature","properties":{"code":"57505","nom":"Niderviller","app":9.1,"app_bas":7.38,"app_haut":11.21,"app_ech":"maille","app_obs":41,"mai":9.39,"mai_bas":7.47,"mai_haut":11.81,"mai_ech":"maille","mai_obs":19,"a12":11.39,"a3":8.32},"geometry":{"type":"Polygon","coordinates":[[[7.1156,48.73],[7.1528,48.7037],[7.1504,48.701],[7.1327,48.692],[7.1038,48.7034],[7.0931,48.7019],[7.0833,48.7143],[7.0912,48.7198],[7.1024,48.7227],[7.1089,48.7286],[7.1156,48.73]]]}},{"type":"Feature","properties":{"code":"57570","nom":"Rémering","app":9.43,"app_bas":7.58,"app_haut":11.75,"app_ech":"maille","app_obs":12,"mai":9.64,"mai_bas":7,"mai_haut":13.28,"mai_ech":"maille","mai_obs":6,"a12":13.55,"a3":8.34},"geometry":{"type":"Polygon","coordinates":[[[6.6326,49.2735],[6.646,49.2539],[6.6421,49.2461],[6.6226,49.2496],[6.6176,49.2525],[6.6072,49.2642],[6.6326,49.2735]]]}},{"type":"Feature","properties":{"code":"57656","nom":"Sorbey","app":11.41,"app_bas":9.1,"app_haut":14.31,"app_ech":"maille","app_obs":2,"mai":8.84,"mai_bas":7.29,"mai_haut":10.72,"mai_ech":"maille","mai_obs":9,"a12":12.89,"a3":9.52},"geometry":{"type":"Polygon","coordinates":[[[6.3296,49.052],[6.3346,49.0487],[6.3337,49.0383],[6.3267,49.032],[6.3177,49.0294],[6.315,49.0229],[6.3073,49.0217],[6.3069,49.0318],[6.2969,49.0423],[6.3022,49.0474],[6.3135,49.0505],[6.3296,49.052]]]}},{"type":"Feature","properties":{"code":"57663","nom":"Talange","app":12.51,"app_bas":10.17,"app_haut":15.39,"app_ech":"commune","app_obs":847,"mai":12.51,"mai_bas":9.5,"mai_haut":16.46,"mai_ech":"maille","mai_obs":59,"a12":14.46,"a3":11.58},"geometry":{"type":"Polygon","coordinates":[[[6.1872,49.2332],[6.1759,49.2234],[6.168,49.2228],[6.1629,49.2276],[6.1569,49.2374],[6.1679,49.2415],[6.1739,49.2474],[6.1795,49.2404],[6.1893,49.2393],[6.1872,49.2332]]]}},{"type":"Feature","properties":{"code":"57006","nom":"Achen","app":8.52,"app_bas":6.67,"app_haut":10.88,"app_ech":"maille","app_obs":95,"mai":7.28,"mai_bas":5.68,"mai_haut":9.33,"mai_ech":"maille","mai_obs":21,"a12":10.7,"a3":8.28},"geometry":{"type":"Polygon","coordinates":[[[7.1614,49.0295],[7.1537,49.0289],[7.1555,49.0418],[7.1509,49.0478],[7.1662,49.0564],[7.1928,49.0681],[7.1967,49.0601],[7.2089,49.0522],[7.2112,49.0395],[7.2172,49.0357],[7.2168,49.0319],[7.1881,49.0324],[7.1749,49.0395],[7.1661,49.0356],[7.1614,49.0295]]]}},{"type":"Feature","properties":{"code":"57062","nom":"Berg-sur-Moselle","app":14.73,"app_bas":10.69,"app_haut":20.3,"app_ech":"maille","app_obs":17,"mai":17,"mai_bas":12.23,"mai_haut":23.63,"mai_ech":"maille","mai_obs":5,"a12":16.8,"a3":15.06},"geometry":{"type":"Polygon","coordinates":[[[6.3008,49.4431],[6.3097,49.4446],[6.3221,49.4416],[6.3207,49.4241],[6.3118,49.4228],[6.3018,49.43],[6.298,49.4343],[6.3008,49.4431]]]}},{"type":"Feature","properties":{"code":"57085","nom":"Bionville-sur-Nied","app":9.37,"app_bas":7.52,"app_haut":11.68,"app_ech":"maille","app_obs":13,"mai":8.84,"mai_bas":7.29,"mai_haut":10.72,"mai_ech":"maille","mai_obs":1,"a12":10.16,"a3":7.78},"geometry":{"type":"Polygon","coordinates":[[[6.5039,49.1148],[6.5046,49.1106],[6.4864,49.0991],[6.4487,49.1],[6.4519,49.1085],[6.4656,49.1198],[6.4766,49.1241],[6.4931,49.1273],[6.5001,49.126],[6.499,49.1187],[6.5039,49.1148]]]}},{"type":"Feature","properties":{"code":"57730","nom":"Volmerange-lès-Boulay","app":9.56,"app_bas":8,"app_haut":11.43,"app_ech":"maille","app_obs":41,"mai":11.96,"mai_bas":9.19,"mai_haut":15.57,"mai_ech":"maille","mai_obs":14,"a12":12.14,"a3":10.72},"geometry":{"type":"Polygon","coordinates":[[[6.4209,49.1803],[6.4379,49.1789],[6.4529,49.1857],[6.4567,49.1788],[6.4706,49.1695],[6.4584,49.1577],[6.4446,49.1556],[6.4331,49.1655],[6.4442,49.172],[6.4273,49.1746],[6.4209,49.1803]]]}},{"type":"Feature","properties":{"code":"57753","nom":"Wuisse","app":8.02,"app_bas":6.45,"app_haut":9.98,"app_ech":"maille","app_obs":0,"mai":7.65,"mai_bas":6.08,"mai_haut":9.62,"mai_ech":"maille","mai_obs":4,"a12":10.49,"a3":7.39},"geometry":{"type":"Polygon","coordinates":[[[6.6856,48.8756],[6.6973,48.8695],[6.7042,48.8553],[6.6979,48.852],[6.6818,48.8462],[6.6757,48.8395],[6.6548,48.8362],[6.6461,48.8359],[6.6333,48.8408],[6.6299,48.8472],[6.6346,48.8523],[6.6629,48.8703],[6.6785,48.8756],[6.6856,48.8756]]]}},{"type":"Feature","properties":{"code":"57761","nom":"Zilling","app":9.1,"app_bas":7.38,"app_haut":11.21,"app_ech":"maille","app_obs":4,"mai":9.39,"mai_bas":7.47,"mai_haut":11.81,"mai_ech":"maille","mai_obs":5,"a12":11.39,"a3":8.3},"geometry":{"type":"Polygon","coordinates":[[[7.2157,48.799],[7.2227,48.7868],[7.2139,48.7739],[7.1971,48.7791],[7.2064,48.7999],[7.2157,48.799]]]}},{"type":"Feature","properties":{"code":"57323","nom":"Hettange-Grande","app":17.32,"app_bas":13.48,"app_haut":22.25,"app_ech":"commune","app_obs":987,"mai":17,"mai_bas":12.23,"mai_haut":23.63,"mai_ech":"maille","mai_obs":71,"a12":19.34,"a3":15.63},"geometry":{"type":"Polygon","coordinates":[[[6.1282,49.4087],[6.1312,49.4162],[6.1265,49.4183],[6.1402,49.4376],[6.1496,49.4487],[6.1637,49.4419],[6.1735,49.4331],[6.1738,49.4255],[6.1787,49.4208],[6.1698,49.4073],[6.1695,49.3933],[6.1628,49.3915],[6.1523,49.3936],[6.1347,49.3916],[6.1282,49.4087]]]}},{"type":"Feature","properties":{"code":"57325","nom":"Hilsprich","app":9.77,"app_bas":7.87,"app_haut":12.15,"app_ech":"maille","app_obs":42,"mai":9.4,"mai_bas":7.21,"mai_haut":12.25,"mai_ech":"epci","mai_obs":7,"a12":10.49,"a3":7.89},"geometry":{"type":"Polygon","coordinates":[[[6.8805,48.9982],[6.8755,49.0018],[6.8818,49.008],[6.8935,49.0075],[6.9019,49.0166],[6.9126,49.0222],[6.9213,49.0171],[6.9278,49.0172],[6.9415,49.0227],[6.9413,49.0033],[6.9173,48.9965],[6.8917,48.9874],[6.8805,48.9982]]]}},{"type":"Feature","properties":{"code":"57377","nom":"Landange","app":9.4,"app_bas":7.15,"app_haut":12.35,"app_ech":"maille","app_obs":3,"mai":8.93,"mai_bas":6.95,"mai_haut":11.48,"mai_ech":"maille","mai_obs":7,"a12":12.17,"a3":7.14},"geometry":{"type":"Polygon","coordinates":[[[6.9569,48.6808],[6.9792,48.6721],[6.9792,48.6613],[6.9675,48.6596],[6.9505,48.6605],[6.9373,48.6706],[6.9409,48.6741],[6.9569,48.6808]]]}},{"type":"Feature","properties":{"code":"57038","nom":"Audun-le-Tiche","app":17.04,"app_bas":12.57,"app_haut":23.09,"app_ech":"commune","app_obs":495,"mai":12.85,"mai_bas":9.56,"mai_haut":17.26,"mai_ech":"maille","mai_obs":54,"a12":19.72,"a3":15.51},"geometry":{"type":"Polygon","coordinates":[[[5.965,49.4343],[5.9423,49.4303],[5.9308,49.4466],[5.94,49.4487],[5.9426,49.4529],[5.9352,49.4696],[5.9401,49.4776],[5.9558,49.4783],[5.9644,49.4884],[5.9553,49.4933],[5.9718,49.4913],[5.972,49.4728],[5.9787,49.4612],[5.9877,49.4624],[5.9788,49.4429],[5.9683,49.4395],[5.965,49.4343]]]}},{"type":"Feature","properties":{"code":"57728","nom":"Voimhaut","app":10.24,"app_bas":8.43,"app_haut":12.44,"app_ech":"maille","app_obs":7,"mai":8.84,"mai_bas":7.29,"mai_haut":10.72,"mai_ech":"maille","mai_obs":6,"a12":12.45,"a3":7.78},"geometry":{"type":"Polygon","coordinates":[[[6.4483,49.029],[6.4289,49.0285],[6.4235,49.026],[6.4237,49.0174],[6.4154,49.0134],[6.3998,49.0233],[6.4211,49.0377],[6.4302,49.0348],[6.4436,49.0338],[6.4483,49.029]]]}},{"type":"Feature","properties":{"code":"57205","nom":"Falck","app":9.54,"app_bas":7.66,"app_haut":11.89,"app_ech":"commune","app_obs":209,"mai":9.64,"mai_bas":7,"mai_haut":13.28,"mai_ech":"maille","mai_obs":21,"a12":11.05,"a3":8.57},"geometry":{"type":"Polygon","coordinates":[[[6.6188,49.2069],[6.6216,49.2166],[6.6331,49.223],[6.6316,49.2293],[6.6186,49.2298],[6.6462,49.2444],[6.6454,49.2372],[6.6568,49.2318],[6.6587,49.2283],[6.6334,49.2058],[6.6246,49.212],[6.6188,49.2069]]]}},{"type":"Feature","properties":{"code":"57235","nom":"Freistroff","app":11.8,"app_bas":9.22,"app_haut":15.1,"app_ech":"maille","app_obs":5,"mai":9.64,"mai_bas":7,"mai_haut":13.28,"mai_ech":"maille","mai_obs":22,"a12":13.55,"a3":8.48},"geometry":{"type":"Polygon","coordinates":[[[6.5,49.2816],[6.5021,49.278],[6.4934,49.2718],[6.4918,49.2639],[6.4868,49.2609],[6.4811,49.2631],[6.4746,49.2723],[6.4629,49.2815],[6.4552,49.2844],[6.4558,49.2927],[6.4603,49.3046],[6.4777,49.3143],[6.4835,49.3151],[6.495,49.3113],[6.495,49.3041],[6.5178,49.2872],[6.5,49.2816]]]}},{"type":"Feature","properties":{"code":"57467","nom":"Mey","app":13.64,"app_bas":11.06,"app_haut":16.84,"app_ech":"commune","app_obs":114,"mai":11.96,"mai_bas":9.19,"mai_haut":15.57,"mai_ech":"maille","mai_obs":13,"a12":15.31,"a3":11.84},"geometry":{"type":"Polygon","coordinates":[[[6.2494,49.1422],[6.2507,49.1337],[6.2436,49.1288],[6.224,49.1386],[6.2435,49.1447],[6.2494,49.1422]]]}},{"type":"Feature","properties":{"code":"57595","nom":"Rorbach-lès-Dieuze","app":8.99,"app_bas":7.12,"app_haut":11.33,"app_ech":"maille","app_obs":0,"mai":7.65,"mai_bas":6.08,"mai_haut":9.62,"mai_ech":"maille","mai_obs":4,"a12":10.49,"a3":8.04},"geometry":{"type":"Polygon","coordinates":[[[6.855,48.8387],[6.8477,48.8327],[6.8626,48.8189],[6.8456,48.8186],[6.8295,48.8215],[6.8238,48.8304],[6.8146,48.8351],[6.8212,48.837],[6.837,48.8364],[6.8501,48.8411],[6.855,48.8387]]]}},{"type":"Feature","properties":{"code":"57627","nom":"Sanry-sur-Nied","app":11.41,"app_bas":9.1,"app_haut":14.31,"app_ech":"maille","app_obs":1,"mai":8.84,"mai_bas":7.29,"mai_haut":10.72,"mai_ech":"maille","mai_obs":3,"a12":12.45,"a3":9.92},"geometry":{"type":"Polygon","coordinates":[[[6.3296,49.052],[6.3222,49.0617],[6.3221,49.0694],[6.3332,49.0615],[6.353,49.0632],[6.3586,49.0616],[6.3653,49.061],[6.3664,49.0577],[6.3483,49.0469],[6.3472,49.0388],[6.3337,49.0383],[6.3346,49.0487],[6.3296,49.052]]]}},{"type":"Feature","properties":{"code":"57655","nom":"Solgne","app":10.11,"app_bas":8.15,"app_haut":12.53,"app_ech":"maille","app_obs":47,"mai":10.95,"mai_bas":8.41,"mai_haut":14.25,"mai_ech":"maille","mai_obs":41,"a12":12.45,"a3":8.2},"geometry":{"type":"Polygon","coordinates":[[[6.2734,48.9666],[6.2899,48.9785],[6.3123,48.9853],[6.3216,48.9777],[6.3153,48.9673],[6.3191,48.9599],[6.2979,48.9553],[6.2946,48.9575],[6.2731,48.9584],[6.2721,48.9625],[6.2734,48.9666]]]}},{"type":"Feature","properties":{"code":"57665","nom":"Tenteling","app":11.2,"app_bas":8.65,"app_haut":14.5,"app_ech":"maille","app_obs":45,"mai":9.34,"mai_bas":7.04,"mai_haut":12.41,"mai_ech":"maille","mai_obs":9,"a12":11.76,"a3":8.92},"geometry":{"type":"Polygon","coordinates":[[[6.9546,49.1338],[6.956,49.1222],[6.9298,49.1174],[6.9109,49.1082],[6.9042,49.1239],[6.9096,49.1323],[6.9295,49.1364],[6.9478,49.1331],[6.9546,49.1338]]]}},{"type":"Feature","properties":{"code":"57012","nom":"Algrange","app":12.71,"app_bas":10.13,"app_haut":15.94,"app_ech":"commune","app_obs":1175,"mai":11.91,"mai_bas":9.07,"mai_haut":15.66,"mai_ech":"maille","mai_obs":33,"a12":15.27,"a3":11.66},"geometry":{"type":"Polygon","coordinates":[[[6.0325,49.3688],[6.0546,49.3776],[6.0582,49.384],[6.0703,49.3801],[6.0692,49.3724],[6.0586,49.3589],[6.0418,49.3466],[6.0349,49.3467],[6.0214,49.3627],[6.0325,49.3688]]]}},{"type":"Feature","properties":{"code":"57108","nom":"Breidenbach","app":9.56,"app_bas":7.54,"app_haut":12.12,"app_ech":"maille","app_obs":24,"mai":7.28,"mai_bas":5.68,"mai_haut":9.33,"mai_ech":"maille","mai_obs":1,"a12":10.7,"a3":9.07},"geometry":{"type":"Polygon","coordinates":[[[7.3903,49.1133],[7.3897,49.1213],[7.4096,49.1332],[7.3973,49.1361],[7.4075,49.1469],[7.4288,49.1528],[7.4372,49.1487],[7.4365,49.1453],[7.4439,49.1286],[7.4395,49.1197],[7.4369,49.1229],[7.4229,49.1181],[7.4073,49.1143],[7.3903,49.1133]]]}},{"type":"Feature","properties":{"code":"57154","nom":"Coume","app":9.37,"app_bas":7.52,"app_haut":11.68,"app_ech":"maille","app_obs":30,"mai":8.76,"mai_bas":6.59,"mai_haut":11.65,"mai_ech":"maille","mai_obs":3,"a12":11.05,"a3":8.34},"geometry":{"type":"Polygon","coordinates":[[[6.5643,49.1806],[6.553,49.1902],[6.555,49.2039],[6.5515,49.2052],[6.5669,49.2119],[6.5764,49.2145],[6.5861,49.2124],[6.605,49.2186],[6.6078,49.2115],[6.6196,49.2111],[6.6188,49.2069],[6.6038,49.1975],[6.6037,49.1809],[6.5954,49.1764],[6.585,49.1751],[6.5643,49.1806]]]}},{"type":"Feature","properties":{"code":"57705","nom":"Velving","app":9.43,"app_bas":7.58,"app_haut":11.75,"app_ech":"maille","app_obs":6,"mai":8.76,"mai_bas":6.59,"mai_haut":11.65,"mai_ech":"maille","mai_obs":4,"a12":12.14,"a3":8.48},"geometry":{"type":"Polygon","coordinates":[[[6.5622,49.2464],[6.5535,49.2418],[6.5491,49.2339],[6.5402,49.2296],[6.53,49.2291],[6.5254,49.2377],[6.5185,49.2394],[6.5267,49.2493],[6.5385,49.252],[6.5597,49.2488],[6.5622,49.2464]]]}},{"type":"Feature","properties":{"code":"57220","nom":"Flocourt","app":9.3,"app_bas":7.23,"app_haut":11.95,"app_ech":"maille","app_obs":1,"mai":9.81,"mai_bas":7.42,"mai_haut":12.98,"mai_ech":"epci","mai_obs":3,"a12":12.45,"a3":9.52},"geometry":{"type":"Polygon","coordinates":[[[6.4233,48.9837],[6.4308,48.9768],[6.43,48.9709],[6.4062,48.9619],[6.3933,48.9657],[6.3962,48.9764],[6.4233,48.9837]]]}},{"type":"Feature","properties":{"code":"57259","nom":"Grindorff-Bizing","app":11.8,"app_bas":9.22,"app_haut":15.1,"app_ech":"maille","app_obs":12,"mai":9.64,"mai_bas":7,"mai_haut":13.28,"mai_ech":"maille","mai_obs":1,"a12":13.55,"a3":9.26},"geometry":{"type":"Polygon","coordinates":[[[6.5067,49.3925],[6.5129,49.3981],[6.5275,49.3945],[6.5369,49.3967],[6.5304,49.3855],[6.5292,49.3781],[6.5161,49.3677],[6.5066,49.3716],[6.492,49.3707],[6.4939,49.3796],[6.5067,49.3925]]]}},{"type":"Feature","properties":{"code":"57275","nom":"Guessling-Hémering","app":9.21,"app_bas":7.43,"app_haut":11.42,"app_ech":"maille","app_obs":86,"mai":8.09,"mai_bas":6.27,"mai_haut":10.43,"mai_ech":"maille","mai_obs":26,"a12":10.16,"a3":7.36},"geometry":{"type":"Polygon","coordinates":[[[6.6469,49.0302],[6.6654,49.0404],[6.6753,49.0354],[6.6877,49.035],[6.6967,49.0377],[6.6993,49.0268],[6.6914,49.0225],[6.664,49.0015],[6.6566,49.0025],[6.643,49.0157],[6.6469,49.0302]]]}},{"type":"Feature","properties":{"code":"57287","nom":"Basse-Ham","app":15.83,"app_bas":12.02,"app_haut":20.84,"app_ech":"commune","app_obs":114,"mai":12.49,"mai_bas":8.98,"mai_haut":17.37,"mai_ech":"maille","mai_obs":22,"a12":17.34,"a3":12.32},"geometry":{"type":"Polygon","coordinates":[[[6.2043,49.3856],[6.2063,49.3875],[6.2233,49.3865],[6.251,49.3944],[6.2502,49.3874],[6.2727,49.367],[6.2659,49.3653],[6.2477,49.3658],[6.242,49.3573],[6.2346,49.3614],[6.2207,49.3666],[6.2043,49.3856]]]}},{"type":"Feature","properties":{"code":"57292","nom":"Hannocourt","app":7.76,"app_bas":6.3,"app_haut":9.57,"app_ech":"maille","app_obs":0,"mai":8.36,"mai_bas":6.36,"mai_haut":11,"mai_ech":"epci","mai_obs":0,"a12":13.32,"a3":7},"geometry":{"type":"Polygon","coordinates":[[[6.434,48.9079],[6.434,48.9154],[6.452,48.9272],[6.4684,48.9213],[6.4729,48.9124],[6.4677,48.9087],[6.4658,48.9116],[6.4438,48.904],[6.4357,48.9029],[6.434,48.9079]]]}},{"type":"Feature","properties":{"code":"57339","nom":"Hultehouse","app":12.04,"app_bas":9.33,"app_haut":15.53,"app_ech":"maille","app_obs":2,"mai":9.39,"mai_bas":7.47,"mai_haut":11.81,"mai_ech":"maille","mai_obs":4,"a12":11.39,"a3":8.3},"geometry":{"type":"Polygon","coordinates":[[[7.248,48.7234],[7.2577,48.7239],[7.2797,48.7335],[7.2861,48.7315],[7.2757,48.7201],[7.267,48.7144],[7.2647,48.7005],[7.2564,48.7042],[7.2464,48.7158],[7.248,48.7234]]]}},{"type":"Feature","properties":{"code":"57395","nom":"Lesse","app":9.3,"app_bas":7.23,"app_haut":11.95,"app_ech":"maille","app_obs":1,"mai":8.36,"mai_bas":6.36,"mai_haut":11,"mai_ech":"epci","mai_obs":1,"a12":10.48,"a3":7.61},"geometry":{"type":"Polygon","coordinates":[[[6.5339,48.959],[6.5367,48.951],[6.532,48.9482],[6.5369,48.9403],[6.5328,48.9376],[6.5113,48.9311],[6.5049,48.9337],[6.5089,48.94],[6.5044,48.9456],[6.4866,48.9469],[6.5006,48.9501],[6.5062,48.955],[6.5007,48.9639],[6.4893,48.9671],[6.4902,48.9674],[6.5112,48.9677],[6.5193,48.9699],[6.53,48.9592],[6.5339,48.959]]]}},{"type":"Feature","properties":{"code":"57483","nom":"Morhange","app":10.72,"app_bas":8.69,"app_haut":13.22,"app_ech":"commune","app_obs":589,"mai":7.96,"mai_bas":6.33,"mai_haut":10.02,"mai_ech":"commune","mai_obs":103,"a12":10.01,"a3":7.26},"geometry":{"type":"Polygon","coordinates":[[[6.6372,48.9477],[6.6533,48.9562],[6.6616,48.9513],[6.6691,48.9502],[6.6752,48.9383],[6.6639,48.9362],[6.6578,48.9214],[6.6677,48.9132],[6.6472,48.9],[6.6364,48.9055],[6.6347,48.9106],[6.6273,48.9149],[6.6158,48.9121],[6.6053,48.9124],[6.6017,48.9235],[6.6238,48.9283],[6.6372,48.9477]]]}},{"type":"Feature","properties":{"code":"57499","nom":"Neufgrange","app":11.73,"app_bas":9.2,"app_haut":14.95,"app_ech":"commune","app_obs":101,"mai":9.34,"mai_bas":7.04,"mai_haut":12.41,"mai_ech":"maille","mai_obs":10,"a12":10.7,"a3":9.31},"geometry":{"type":"Polygon","coordinates":[[[7.041,49.0805],[7.0603,49.0815],[7.0701,49.0865],[7.0739,49.084],[7.0967,49.0825],[7.0993,49.0779],[7.0914,49.0709],[7.0836,49.0687],[7.0759,49.074],[7.0681,49.0669],[7.0723,49.0572],[7.059,49.0578],[7.051,49.0699],[7.0335,49.0707],[7.041,49.0805]]]}},{"type":"Feature","properties":{"code":"57559","nom":"Puzieux","app":10.11,"app_bas":8.15,"app_haut":12.53,"app_ech":"maille","app_obs":4,"mai":8.36,"mai_bas":6.36,"mai_haut":11,"mai_ech":"epci","mai_obs":8,"a12":12.79,"a3":8.2},"geometry":{"type":"Polygon","coordinates":[[[6.3553,48.8753],[6.3464,48.8829],[6.3459,48.8885],[6.3472,48.8968],[6.3638,48.9068],[6.3812,48.8943],[6.3771,48.8866],[6.3655,48.8745],[6.3553,48.8753]]]}},{"type":"Feature","properties":{"code":"57007","nom":"Adaincourt","app":10.24,"app_bas":8.43,"app_haut":12.44,"app_ech":"maille","app_obs":1,"mai":8.84,"mai_bas":7.29,"mai_haut":10.72,"mai_ech":"maille","mai_obs":8,"a12":12.45,"a3":9.52},"geometry":{"type":"Polygon","coordinates":[[[6.4519,48.9985],[6.4331,48.9957],[6.4315,49.0076],[6.4334,49.0115],[6.4485,49.0169],[6.4554,49.0128],[6.4575,49.0013],[6.4519,48.9985]]]}},{"type":"Feature","properties":{"code":"57011","nom":"Albestroff","app":8.77,"app_bas":7.03,"app_haut":10.95,"app_ech":"maille","app_obs":56,"mai":8.68,"mai_bas":6.64,"mai_haut":11.36,"mai_ech":"epci","mai_obs":11,"a12":10.49,"a3":7.39},"geometry":{"type":"Polygon","coordinates":[[[6.9241,48.9169],[6.9237,48.9162],[6.9117,48.9165],[6.9017,48.9201],[6.8901,48.9196],[6.8862,48.9141],[6.8671,48.9093],[6.8571,48.9179],[6.8511,48.9193],[6.8306,48.916],[6.8206,48.9278],[6.8282,48.9311],[6.8331,48.9362],[6.8463,48.9449],[6.8812,48.9495],[6.8901,48.9466],[6.9057,48.938],[6.9062,48.9308],[6.912,48.9269],[6.9132,48.919],[6.9241,48.9169]]]}},{"type":"Feature","properties":{"code":"57141","nom":"Chicourt","app":7.76,"app_bas":6.3,"app_haut":9.57,"app_ech":"maille","app_obs":0,"mai":8.36,"mai_bas":6.36,"mai_haut":11,"mai_ech":"epci","mai_obs":1,"a12":13.32,"a3":7.61},"geometry":{"type":"Polygon","coordinates":[[[6.4861,48.9307],[6.4897,48.9331],[6.5049,48.9337],[6.5113,48.9311],[6.5149,48.9212],[6.5283,48.9138],[6.524,48.9117],[6.4988,48.9059],[6.4899,48.9163],[6.4912,48.9261],[6.4861,48.9307]]]}},{"type":"Feature","properties":{"code":"57181","nom":"Domnom-lès-Dieuze","app":8.99,"app_bas":7.12,"app_haut":11.33,"app_ech":"maille","app_obs":0,"mai":8.68,"mai_bas":6.64,"mai_haut":11.36,"mai_ech":"epci","mai_obs":1,"a12":10.49,"a3":7.13},"geometry":{"type":"Polygon","coordinates":[[[6.8171,48.8451],[6.7982,48.8566],[6.823,48.8755],[6.8465,48.8697],[6.8446,48.8556],[6.8329,48.8552],[6.8171,48.8451]]]}},{"type":"Feature","properties":{"code":"57218","nom":"Fleury","app":11.76,"app_bas":9.42,"app_haut":14.67,"app_ech":"maille","app_obs":8,"mai":12.23,"mai_bas":8.79,"mai_haut":17.02,"mai_ech":"maille","mai_obs":9,"a12":13.87,"a3":9.54},"geometry":{"type":"Polygon","coordinates":[[[6.2301,49.0303],[6.2009,49.0238],[6.1835,49.0242],[6.1768,49.0366],[6.1797,49.042],[6.1856,49.0426],[6.2117,49.0521],[6.2166,49.0555],[6.2252,49.0533],[6.2316,49.0437],[6.2301,49.0303]]]}},{"type":"Feature","properties":{"code":"57221","nom":"Florange","app":13.64,"app_bas":11.03,"app_haut":16.86,"app_ech":"commune","app_obs":862,"mai":11.91,"mai_bas":9.07,"mai_haut":15.66,"mai_ech":"maille","mai_obs":77,"a12":15.45,"a3":12.24},"geometry":{"type":"Polygon","coordinates":[[[6.1161,49.3457],[6.1311,49.3383],[6.1347,49.3331],[6.1533,49.3304],[6.1613,49.3224],[6.1418,49.3078],[6.1325,49.3047],[6.12,49.3144],[6.1052,49.3162],[6.1088,49.3281],[6.1003,49.3346],[6.0921,49.334],[6.0853,49.3293],[6.0915,49.3392],[6.0907,49.3483],[6.0982,49.3521],[6.1161,49.3457]]]}},{"type":"Feature","properties":{"code":"57472","nom":"Moncheux","app":10.11,"app_bas":8.15,"app_haut":12.53,"app_ech":"maille","app_obs":16,"mai":10.95,"mai_bas":8.41,"mai_haut":14.25,"mai_ech":"maille","mai_obs":2,"a12":12.45,"a3":8.2},"geometry":{"type":"Polygon","coordinates":[[[6.3233,48.9328],[6.3247,48.9401],[6.3191,48.9599],[6.3338,48.9621],[6.3582,48.9547],[6.3589,48.9475],[6.3548,48.9434],[6.336,48.9292],[6.3256,48.928],[6.3233,48.9328]]]}},{"type":"Feature","properties":{"code":"57493","nom":"Mulcey","app":8.76,"app_bas":6.87,"app_haut":11.17,"app_ech":"maille","app_obs":5,"mai":7.65,"mai_bas":6.08,"mai_haut":9.62,"mai_ech":"maille","mai_obs":2,"a12":9.39,"a3":7.61},"geometry":{"type":"Polygon","coordinates":[[[6.6422,48.7914],[6.6425,48.7985],[6.6574,48.823],[6.663,48.8278],[6.6747,48.8239],[6.6883,48.8065],[6.6674,48.7958],[6.6504,48.7895],[6.6422,48.7914]]]}},{"type":"Feature","properties":{"code":"57586","nom":"Rochonvillers","app":13.01,"app_bas":9.9,"app_haut":17.11,"app_ech":"maille","app_obs":2,"mai":17,"mai_bas":12.23,"mai_haut":23.63,"mai_ech":"maille","mai_obs":3,"a12":16.39,"a3":12.03},"geometry":{"type":"Polygon","coordinates":[[[6.0333,49.4299],[6.0391,49.4276],[6.0334,49.4228],[6.0426,49.4177],[6.0396,49.4115],[6.0392,49.4027],[6.0356,49.3967],[6.0202,49.394],[6.0143,49.4036],[6.0071,49.4069],[6.0147,49.4165],[6.0289,49.4229],[6.0333,49.4299]]]}},{"type":"Feature","properties":{"code":"57125","nom":"Chailly-lès-Ennery","app":13.25,"app_bas":10.37,"app_haut":16.92,"app_ech":"maille","app_obs":2,"mai":12.51,"mai_bas":9.5,"mai_haut":16.46,"mai_ech":"maille","mai_obs":4,"a12":14.21,"a3":11.56},"geometry":{"type":"Polygon","coordinates":[[[6.2249,49.2028],[6.2297,49.2121],[6.2436,49.2157],[6.2629,49.2294],[6.2794,49.2201],[6.2731,49.202],[6.2532,49.2112],[6.2488,49.2007],[6.2322,49.1997],[6.2249,49.2028]]]}},{"type":"Feature","properties":{"code":"57149","nom":"Colmen","app":11.8,"app_bas":9.22,"app_haut":15.1,"app_ech":"maille","app_obs":8,"mai":9.64,"mai_bas":7,"mai_haut":13.28,"mai_ech":"maille","mai_obs":0,"a12":15.89,"a3":9.26},"geometry":{"type":"Polygon","coordinates":[[[6.514,49.3478],[6.5264,49.3566],[6.5386,49.3625],[6.5566,49.3674],[6.5582,49.3663],[6.549,49.3621],[6.5535,49.3515],[6.547,49.3447],[6.5278,49.3414],[6.5131,49.3361],[6.514,49.3478]]]}},{"type":"Feature","properties":{"code":"57160","nom":"Creutzwald","app":9.59,"app_bas":7.6,"app_haut":12.09,"app_ech":"commune","app_obs":1389,"mai":9.12,"mai_bas":6.87,"mai_haut":12.11,"mai_ech":"commune","mai_obs":119,"a12":11.21,"a3":8.78},"geometry":{"type":"Polygon","coordinates":[[[6.6353,49.1979],[6.6262,49.1991],[6.6314,49.2067],[6.6334,49.2058],[6.6587,49.2283],[6.6568,49.2318],[6.6632,49.235],[6.6625,49.2422],[6.6764,49.2457],[6.6851,49.2437],[6.6896,49.2353],[6.6881,49.2244],[6.6948,49.2159],[6.7082,49.2174],[6.7197,49.2214],[6.7315,49.2061],[6.7114,49.1885],[6.7197,49.1766],[6.7051,49.183],[6.6916,49.1839],[6.6713,49.1926],[6.6506,49.1929],[6.6498,49.1959],[6.6353,49.1979]]]}},{"type":"Feature","properties":{"code":"57759","nom":"Zarbeling","app":8.02,"app_bas":6.45,"app_haut":9.98,"app_ech":"maille","app_obs":0,"mai":8.68,"mai_bas":6.64,"mai_haut":11.36,"mai_ech":"epci","mai_obs":0,"a12":10.49,"a3":7.39},"geometry":{"type":"Polygon","coordinates":[[[6.6785,48.8756],[6.6715,48.889],[6.6808,48.8972],[6.69,48.9017],[6.7001,48.9002],[6.7011,48.8948],[6.7095,48.8911],[6.6987,48.8902],[6.6887,48.8838],[6.6856,48.8756],[6.6785,48.8756]]]}},{"type":"Feature","properties":{"code":"57187","nom":"Éblange","app":9.43,"app_bas":7.58,"app_haut":11.75,"app_ech":"maille","app_obs":2,"mai":8.76,"mai_bas":6.59,"mai_haut":11.65,"mai_ech":"maille","mai_obs":3,"a12":12.14,"a3":8.34},"geometry":{"type":"Polygon","coordinates":[[[6.4865,49.2319],[6.5041,49.2282],[6.5095,49.2216],[6.4883,49.2175],[6.4805,49.2102],[6.4673,49.2193],[6.4696,49.2226],[6.483,49.2262],[6.4865,49.2319]]]}},{"type":"Feature","properties":{"code":"57212","nom":"Féy","app":12.46,"app_bas":9.6,"app_haut":16.16,"app_ech":"maille","app_obs":11,"mai":12.23,"mai_bas":8.79,"mai_haut":17.02,"mai_ech":"maille","mai_obs":14,"a12":13.87,"a3":10.52},"geometry":{"type":"Polygon","coordinates":[[[6.0843,49.0138],[6.0896,49.0219],[6.0832,49.0423],[6.0917,49.045],[6.1003,49.0404],[6.1166,49.0366],[6.118,49.0281],[6.1113,49.0198],[6.1031,49.015],[6.0843,49.0138]]]}},{"type":"Feature","properties":{"code":"57231","nom":"Foville","app":10.11,"app_bas":8.15,"app_haut":12.53,"app_ech":"maille","app_obs":3,"mai":9.81,"mai_bas":7.42,"mai_haut":12.98,"mai_ech":"epci","mai_obs":10,"a12":12.79,"a3":8.2},"geometry":{"type":"Polygon","coordinates":[[[6.3112,48.9211],[6.3256,48.928],[6.336,48.9292],[6.3435,48.9213],[6.3311,48.9161],[6.3265,48.9109],[6.3293,48.9055],[6.3275,48.9049],[6.3095,48.9124],[6.3112,48.9211]]]}},{"type":"Feature","properties":{"code":"57246","nom":"Gelucourt","app":8.99,"app_bas":7.12,"app_haut":11.33,"app_ech":"maille","app_obs":3,"mai":7.25,"mai_bas":5.62,"mai_haut":9.35,"mai_ech":"maille","mai_obs":10,"a12":9.39,"a3":8.04},"geometry":{"type":"Polygon","coordinates":[[[6.706,48.7641],[6.7175,48.7757],[6.7186,48.7816],[6.724,48.7785],[6.734,48.7809],[6.7375,48.7858],[6.7475,48.7752],[6.7592,48.7705],[6.7626,48.7662],[6.7593,48.7618],[6.7674,48.757],[6.7731,48.7461],[6.7626,48.7459],[6.7539,48.7483],[6.7432,48.7424],[6.7233,48.7447],[6.7119,48.7541],[6.706,48.7641]]]}},{"type":"Feature","properties":{"code":"57248","nom":"Givrycourt","app":8.77,"app_bas":7.03,"app_haut":10.95,"app_ech":"maille","app_obs":16,"mai":8.68,"mai_bas":6.64,"mai_haut":11.36,"mai_ech":"epci","mai_obs":6,"a12":10.49,"a3":7.39},"geometry":{"type":"Polygon","coordinates":[[[6.9057,48.938],[6.9109,48.9399],[6.9283,48.9342],[6.9241,48.9169],[6.9132,48.919],[6.912,48.9269],[6.9062,48.9308],[6.9057,48.938]]]}},{"type":"Feature","properties":{"code":"57394","nom":"Léning","app":8.02,"app_bas":6.45,"app_haut":9.98,"app_ech":"maille","app_obs":29,"mai":8.68,"mai_bas":6.64,"mai_haut":11.36,"mai_ech":"epci","mai_obs":11,"a12":10.49,"a3":7.39},"geometry":{"type":"Polygon","coordinates":[[[6.8189,48.9429],[6.8009,48.9534],[6.8038,48.965],[6.8124,48.974],[6.8219,48.9731],[6.8273,48.9782],[6.8335,48.9701],[6.8319,48.9608],[6.8262,48.9554],[6.8243,48.9481],[6.8331,48.9362],[6.8282,48.9311],[6.8189,48.9429]]]}},{"type":"Feature","properties":{"code":"57474","nom":"Mondelange","app":13.33,"app_bas":10.7,"app_haut":16.61,"app_ech":"commune","app_obs":630,"mai":10.41,"mai_bas":7.83,"mai_haut":13.84,"mai_ech":"maille","mai_obs":66,"a12":15.13,"a3":10.76},"geometry":{"type":"Polygon","coordinates":[[[6.1523,49.2558],[6.158,49.2659],[6.181,49.2727],[6.1804,49.27],[6.1948,49.2608],[6.1858,49.2566],[6.1523,49.2558]]]}},{"type":"Feature","properties":{"code":"57477","nom":"Montbronn","app":8.14,"app_bas":6.5,"app_haut":10.19,"app_ech":"maille","app_obs":86,"mai":7.28,"mai_bas":5.68,"mai_haut":9.33,"mai_ech":"maille","mai_obs":39,"a12":11.13,"a3":7.13},"geometry":{"type":"Polygon","coordinates":[[[7.2956,48.9739],[7.2905,48.9835],[7.2911,48.9887],[7.2817,48.9963],[7.2646,49.0042],[7.2668,49.0072],[7.2892,49.0104],[7.2918,49.0127],[7.3107,49.0187],[7.3191,49.0159],[7.3379,49.0054],[7.3385,48.996],[7.3376,48.9897],[7.3264,48.9859],[7.3209,48.9803],[7.3104,48.9789],[7.2956,48.9739]]]}},{"type":"Feature","properties":{"code":"57490","nom":"Moyenvic","app":7.76,"app_bas":6.3,"app_haut":9.57,"app_ech":"maille","app_obs":31,"mai":7.65,"mai_bas":6.08,"mai_haut":9.62,"mai_ech":"maille","mai_obs":6,"a12":9.39,"a3":7.61},"geometry":{"type":"Polygon","coordinates":[[[6.5718,48.8125],[6.5815,48.8161],[6.5867,48.8101],[6.583,48.7925],[6.586,48.7843],[6.5906,48.782],[6.5894,48.7671],[6.5802,48.7614],[6.5622,48.7561],[6.5478,48.7551],[6.5519,48.7731],[6.5462,48.7779],[6.5474,48.783],[6.5649,48.7872],[6.5542,48.7983],[6.5632,48.8078],[6.5718,48.8125]]]}},{"type":"Feature","properties":{"code":"57507","nom":"Niedervisse","app":9.56,"app_bas":8,"app_haut":11.43,"app_ech":"maille","app_obs":2,"mai":9.64,"mai_bas":7,"mai_haut":13.28,"mai_ech":"maille","mai_obs":8,"a12":12.14,"a3":7.78},"geometry":{"type":"Polygon","coordinates":[[[6.585,49.1751],[6.5825,49.1636],[6.5738,49.16],[6.5671,49.1529],[6.5528,49.143],[6.543,49.1428],[6.5444,49.1502],[6.5503,49.1561],[6.559,49.1609],[6.5586,49.1705],[6.5643,49.1806],[6.585,49.1751]]]}},{"type":"Feature","properties":{"code":"57589","nom":"Rohrbach-lès-Bitche","app":8.94,"app_bas":7,"app_haut":11.43,"app_ech":"commune","app_obs":337,"mai":7.28,"mai_bas":5.68,"mai_haut":9.33,"mai_ech":"maille","mai_obs":80,"a12":10.7,"a3":8.46},"geometry":{"type":"Polygon","coordinates":[[[7.2468,49.0567],[7.2525,49.0597],[7.276,49.0567],[7.285,49.0574],[7.2948,49.0509],[7.298,49.0419],[7.3109,49.0354],[7.3067,49.0245],[7.2916,49.0174],[7.2874,49.0168],[7.2757,49.0281],[7.2576,49.0415],[7.2323,49.0479],[7.2468,49.0567]]]}},{"type":"Feature","properties":{"code":"57596","nom":"Rosbruck","app":9.29,"app_bas":7.35,"app_haut":11.76,"app_ech":"maille","app_obs":44,"mai":9.68,"mai_bas":7.49,"mai_haut":12.52,"mai_ech":"maille","mai_obs":3,"a12":12.94,"a3":8.28},"geometry":{"type":"Polygon","coordinates":[[[6.8453,49.1601],[6.8593,49.1654],[6.8638,49.1634],[6.8651,49.1546],[6.8517,49.1534],[6.8438,49.1555],[6.8453,49.1601]]]}},{"type":"Feature","properties":{"code":"57190","nom":"Elvange","app":9.3,"app_bas":7.23,"app_haut":11.95,"app_ech":"maille","app_obs":23,"mai":8.84,"mai_bas":7.29,"mai_haut":10.72,"mai_ech":"maille","mai_obs":17,"a12":10.16,"a3":7.78},"geometry":{"type":"Polygon","coordinates":[[[6.5293,49.0375],[6.5284,49.045],[6.5301,49.0528],[6.5397,49.0716],[6.5441,49.0746],[6.5445,49.0634],[6.5555,49.0584],[6.5668,49.0615],[6.5692,49.0593],[6.5499,49.0436],[6.5576,49.0398],[6.552,49.029],[6.5293,49.0375]]]}},{"type":"Feature","properties":{"code":"57297","nom":"Harprich","app":9.21,"app_bas":7.43,"app_haut":11.42,"app_ech":"maille","app_obs":13,"mai":8.09,"mai_bas":6.27,"mai_haut":10.43,"mai_ech":"maille","mai_obs":6,"a12":10.16,"a3":8.6},"geometry":{"type":"Polygon","coordinates":[[[6.6372,48.9477],[6.6259,48.9512],[6.6335,48.9601],[6.6383,48.972],[6.6527,48.976],[6.6654,48.9846],[6.6707,48.9916],[6.6783,48.9905],[6.6714,48.9734],[6.6768,48.9645],[6.6616,48.9513],[6.6533,48.9562],[6.6372,48.9477]]]}},{"type":"Feature","properties":{"code":"57308","nom":"Hazembourg","app":9.72,"app_bas":7.78,"app_haut":12.14,"app_ech":"maille","app_obs":3,"mai":9.4,"mai_bas":7.21,"mai_haut":12.25,"mai_ech":"epci","mai_obs":0,"a12":9.73,"a3":7.89},"geometry":{"type":"Polygon","coordinates":[[[6.9302,48.9749],[6.9365,48.9658],[6.9662,48.9559],[6.9601,48.952],[6.9375,48.9622],[6.9256,48.9599],[6.9302,48.9749]]]}},{"type":"Feature","properties":{"code":"57340","nom":"Hundling","app":10.38,"app_bas":8.35,"app_haut":12.91,"app_ech":"commune","app_obs":149,"mai":9.68,"mai_bas":7.49,"mai_haut":12.52,"mai_ech":"maille","mai_obs":30,"a12":11.76,"a3":10.11},"geometry":{"type":"Polygon","coordinates":[[[6.9783,49.0776],[6.9715,49.0838],[6.9754,49.0923],[6.9743,49.1124],[6.9866,49.1222],[7.0009,49.1202],[6.9975,49.1035],[6.9886,49.0834],[6.9783,49.0776]]]}},{"type":"Feature","properties":{"code":"57424","nom":"Lucy","app":9.3,"app_bas":7.23,"app_haut":11.95,"app_ech":"maille","app_obs":20,"mai":8.36,"mai_bas":6.36,"mai_haut":11,"mai_ech":"epci","mai_obs":6,"a12":10.48,"a3":8.2},"geometry":{"type":"Polygon","coordinates":[[[6.4861,48.9307],[6.4666,48.9313],[6.456,48.9332],[6.4487,48.9443],[6.4496,48.9505],[6.4541,48.9484],[6.4766,48.9527],[6.4866,48.9469],[6.5044,48.9456],[6.5089,48.94],[6.5049,48.9337],[6.4897,48.9331],[6.4861,48.9307]]]}},{"type":"Feature","properties":{"code":"57425","nom":"Luppy","app":11.41,"app_bas":9.1,"app_haut":14.31,"app_ech":"maille","app_obs":39,"mai":9.81,"mai_bas":7.42,"mai_haut":12.98,"mai_ech":"epci","mai_obs":26,"a12":12.45,"a3":9.52},"geometry":{"type":"Polygon","coordinates":[[[6.365,48.9666],[6.3571,48.9613],[6.3582,48.9547],[6.3338,48.9621],[6.3191,48.9599],[6.3153,48.9673],[6.3216,48.9777],[6.3123,48.9853],[6.3075,48.9839],[6.3033,48.9877],[6.3269,48.9987],[6.3326,49.0037],[6.3432,49.004],[6.3491,49.0001],[6.3632,49.0008],[6.3676,48.9865],[6.3638,48.9725],[6.365,48.9666]]]}},{"type":"Feature","properties":{"code":"57569","nom":"Rémeling","app":13.86,"app_bas":10.73,"app_haut":17.9,"app_ech":"maille","app_obs":4,"mai":9.64,"mai_bas":7,"mai_haut":13.28,"mai_ech":"maille","mai_obs":4,"a12":17.34,"a3":10.69},"geometry":{"type":"Polygon","coordinates":[[[6.5067,49.3925],[6.4767,49.4064],[6.4578,49.4194],[6.4498,49.4222],[6.4629,49.4283],[6.4762,49.4291],[6.4893,49.4212],[6.4876,49.4142],[6.494,49.4091],[6.506,49.4051],[6.5129,49.3981],[6.5067,49.3925]]]}},{"type":"Feature","properties":{"code":"57057","nom":"Béchy","app":10.24,"app_bas":8.43,"app_haut":12.44,"app_ech":"maille","app_obs":19,"mai":9.81,"mai_bas":7.42,"mai_haut":12.98,"mai_ech":"epci","mai_obs":24,"a12":12.45,"a3":9.52},"geometry":{"type":"Polygon","coordinates":[[[6.365,48.9666],[6.3638,48.9725],[6.3676,48.9865],[6.3632,49.0008],[6.3702,49.001],[6.381,48.9952],[6.4129,48.9936],[6.4188,48.9831],[6.3962,48.9764],[6.3933,48.9657],[6.3873,48.9677],[6.365,48.9666]]]}},{"type":"Feature","properties":{"code":"57116","nom":"Buchy","app":10.11,"app_bas":8.15,"app_haut":12.53,"app_ech":"maille","app_obs":0,"mai":10.95,"mai_bas":8.41,"mai_haut":14.25,"mai_ech":"maille","mai_obs":7,"a12":12.45,"a3":9.52},"geometry":{"type":"Polygon","coordinates":[[[6.2672,48.9815],[6.2721,48.9843],[6.2865,48.9855],[6.2936,48.9915],[6.3033,48.9877],[6.3075,48.9839],[6.2899,48.9785],[6.2734,48.9666],[6.2672,48.9815]]]}},{"type":"Feature","properties":{"code":"57122","nom":"Cappel","app":9.04,"app_bas":7.3,"app_haut":11.21,"app_ech":"maille","app_obs":40,"mai":8.09,"mai_bas":6.27,"mai_haut":10.43,"mai_ech":"maille","mai_obs":5,"a12":12.86,"a3":7.36},"geometry":{"type":"Polygon","coordinates":[[[6.8134,49.0794],[6.8275,49.0858],[6.8488,49.0884],[6.8493,49.0813],[6.8639,49.0756],[6.8812,49.0735],[6.8809,49.0727],[6.869,49.0708],[6.8436,49.0621],[6.8426,49.0692],[6.8372,49.0754],[6.8298,49.0758],[6.8181,49.0695],[6.8134,49.0794]]]}},{"type":"Feature","properties":{"code":"57126","nom":"Chambrey","app":9.44,"app_bas":7.62,"app_haut":11.7,"app_ech":"maille","app_obs":9,"mai":8.36,"mai_bas":6.36,"mai_haut":11,"mai_ech":"epci","mai_obs":1,"a12":12.02,"a3":9.24},"geometry":{"type":"Polygon","coordinates":[[[6.4549,48.8188],[6.4577,48.8165],[6.4696,48.8146],[6.4706,48.8107],[6.4789,48.8001],[6.4783,48.785],[6.4619,48.7741],[6.4614,48.7673],[6.4536,48.7659],[6.451,48.7795],[6.4406,48.7815],[6.4331,48.7891],[6.429,48.8028],[6.4244,48.803],[6.4309,48.8144],[6.4455,48.8146],[6.4549,48.8188]]]}},{"type":"Feature","properties":{"code":"57740","nom":"Waldwisse","app":11.8,"app_bas":9.22,"app_haut":15.1,"app_ech":"maille","app_obs":45,"mai":12.49,"mai_bas":8.98,"mai_haut":17.37,"mai_ech":"maille","mai_obs":6,"a12":13.55,"a3":10.69},"geometry":{"type":"Polygon","coordinates":[[[6.5129,49.3981],[6.506,49.4051],[6.494,49.4091],[6.4876,49.4142],[6.4893,49.4212],[6.4991,49.4202],[6.5157,49.4236],[6.5289,49.4335],[6.5354,49.4342],[6.5522,49.4233],[6.5544,49.4184],[6.5388,49.4124],[6.5405,49.4011],[6.5369,49.3967],[6.5275,49.3945],[6.5129,49.3981]]]}},{"type":"Feature","properties":{"code":"57179","nom":"Distroff","app":14.47,"app_bas":11.05,"app_haut":18.95,"app_ech":"maille","app_obs":75,"mai":12.49,"mai_bas":8.98,"mai_haut":17.37,"mai_ech":"maille","mai_obs":27,"a12":15.89,"a3":12.32},"geometry":{"type":"Polygon","coordinates":[[[6.2779,49.3484],[6.2787,49.3473],[6.278,49.3441],[6.2909,49.3313],[6.2671,49.3253],[6.2604,49.3264],[6.2505,49.3222],[6.2464,49.3306],[6.2284,49.3361],[6.2368,49.3419],[6.2516,49.3368],[6.2511,49.3484],[6.2573,49.3507],[6.2677,49.3511],[6.2779,49.3484]]]}},{"type":"Feature","properties":{"code":"57195","nom":"Epping","app":8.52,"app_bas":6.67,"app_haut":10.88,"app_ech":"maille","app_obs":47,"mai":7.28,"mai_bas":5.68,"mai_haut":9.33,"mai_ech":"maille","mai_obs":6,"a12":10.7,"a3":8.28},"geometry":{"type":"Polygon","coordinates":[[[7.2934,49.1152],[7.3041,49.1241],[7.3264,49.1234],[7.3327,49.1209],[7.336,49.1171],[7.3282,49.1065],[7.3318,49.1032],[7.349,49.0986],[7.3438,49.0899],[7.3444,49.0853],[7.3412,49.0906],[7.324,49.0844],[7.3154,49.0927],[7.3027,49.0993],[7.3043,49.1043],[7.2896,49.1077],[7.2934,49.1152]]]}},{"type":"Feature","properties":{"code":"57232","nom":"Francaltroff","app":7.49,"app_bas":6.02,"app_haut":9.32,"app_ech":"commune","app_obs":141,"mai":8.68,"mai_bas":6.64,"mai_haut":11.36,"mai_ech":"epci","mai_obs":21,"a12":10.49,"a3":7.01},"geometry":{"type":"Polygon","coordinates":[[[6.7823,48.9395],[6.7754,48.9445],[6.7735,48.9584],[6.7807,48.9603],[6.7685,48.9697],[6.7784,48.9708],[6.784,48.9747],[6.791,48.9706],[6.7965,48.9757],[6.789,48.9908],[6.8019,48.993],[6.8232,48.9876],[6.814,48.9837],[6.8124,48.974],[6.8038,48.965],[6.8009,48.9534],[6.8189,48.9429],[6.8081,48.9384],[6.804,48.9329],[6.7894,48.9412],[6.7823,48.9395]]]}},{"type":"Feature","properties":{"code":"57576","nom":"Rettel","app":13.86,"app_bas":10.73,"app_haut":17.9,"app_ech":"maille","app_obs":50,"mai":12.49,"mai_bas":8.98,"mai_haut":17.37,"mai_ech":"maille","mai_obs":14,"a12":17.34,"a3":12.32},"geometry":{"type":"Polygon","coordinates":[[[6.3486,49.4474],[6.3474,49.431],[6.3506,49.4214],[6.3602,49.4147],[6.3466,49.4148],[6.34,49.4224],[6.3305,49.4242],[6.3207,49.4241],[6.3221,49.4416],[6.3249,49.4477],[6.3365,49.4525],[6.3486,49.4474]]]}},{"type":"Feature","properties":{"code":"57622","nom":"Saint-Privat-la-Montagne","app":11.3,"app_bas":9.15,"app_haut":13.96,"app_ech":"commune","app_obs":125,"mai":10.41,"mai_bas":7.83,"mai_haut":13.84,"mai_ech":"maille","mai_obs":13,"a12":13.73,"a3":10.16},"geometry":{"type":"Polygon","coordinates":[[[6.0259,49.1964],[6.0405,49.1975],[6.0572,49.1947],[6.0584,49.1898],[6.055,49.183],[6.0575,49.1758],[6.0386,49.1739],[6.0245,49.1813],[6.021,49.1887],[6.0259,49.1964]]]}},{"type":"Feature","properties":{"code":"57672","nom":"Thionville","app":16.21,"app_bas":12.33,"app_haut":21.32,"app_ech":"commune","app_obs":7484,"mai":14.44,"mai_bas":10.35,"mai_haut":20.16,"mai_ech":"commune","mai_obs":243,"a12":17.72,"a3":13.26},"geometry":{"type":"MultiPolygon","coordinates":[[[[6.1161,49.3457],[6.0982,49.3521],[6.0907,49.3483],[6.0586,49.3589],[6.0692,49.3724],[6.0703,49.3801],[6.0582,49.384],[6.063,49.3925],[6.0737,49.3935],[6.0936,49.4138],[6.1028,49.4061],[6.1133,49.4053],[6.1282,49.4087],[6.1347,49.3916],[6.142,49.3923],[6.1404,49.3787],[6.1536,49.3744],[6.1669,49.3754],[6.1777,49.3678],[6.1862,49.3648],[6.1801,49.3531],[6.1687,49.3492],[6.1704,49.339],[6.1533,49.3304],[6.1347,49.3331],[6.1418,49.3366],[6.1429,49.3423],[6.1517,49.3468],[6.1452,49.3523],[6.1388,49.3521],[6.1273,49.358],[6.1163,49.3534],[6.1161,49.3457]]],[[[6.1695,49.3933],[6.1698,49.4073],[6.175,49.4155],[6.1901,49.408],[6.2174,49.4004],[6.2332,49.3889],[6.2233,49.3865],[6.1921,49.3882],[6.1695,49.3933]]]]}},{"type":"Feature","properties":{"code":"57091","nom":"Bliesbruck","app":8.52,"app_bas":6.67,"app_haut":10.88,"app_ech":"maille","app_obs":36,"mai":7.28,"mai_bas":5.68,"mai_haut":9.33,"mai_ech":"maille","mai_obs":9,"a12":10.7,"a3":8.28},"geometry":{"type":"Polygon","coordinates":[[[7.1588,49.1208],[7.1632,49.1267],[7.1839,49.1307],[7.1968,49.1207],[7.1983,49.1152],[7.2042,49.1016],[7.2094,49.0961],[7.1852,49.0967],[7.1567,49.1007],[7.1495,49.0992],[7.1588,49.1208]]]}},{"type":"Feature","properties":{"code":"57708","nom":"Verny","app":11.41,"app_bas":9.1,"app_haut":14.31,"app_ech":"maille","app_obs":67,"mai":10.95,"mai_bas":8.41,"mai_haut":14.25,"mai_ech":"maille","mai_obs":15,"a12":12.89,"a3":9.54},"geometry":{"type":"Polygon","coordinates":[[[6.1835,49.0242],[6.2009,49.0238],[6.2088,49.0095],[6.2237,49.0003],[6.2027,48.9952],[6.1897,48.9988],[6.1953,49.0071],[6.1909,49.0141],[6.198,49.0194],[6.1811,49.0202],[6.1802,49.0212],[6.1835,49.0242]]]}},{"type":"Feature","properties":{"code":"57742","nom":"Walscheid","app":10.52,"app_bas":8.14,"app_haut":13.61,"app_ech":"maille","app_obs":42,"mai":8.93,"mai_bas":6.95,"mai_haut":11.48,"mai_ech":"maille","mai_obs":19,"a12":12.98,"a3":8.32},"geometry":{"type":"Polygon","coordinates":[[[7.2412,48.5737],[7.2212,48.5579],[7.2203,48.5547],[7.2183,48.5604],[7.2203,48.5705],[7.2171,48.5752],[7.2048,48.5829],[7.1772,48.6114],[7.161,48.621],[7.16,48.6293],[7.1491,48.6364],[7.1302,48.6295],[7.1191,48.6332],[7.1393,48.6449],[7.1363,48.6491],[7.1348,48.6547],[7.1405,48.6631],[7.1395,48.6719],[7.1353,48.6754],[7.1398,48.6731],[7.1551,48.6732],[7.1616,48.669],[7.1601,48.6582],[7.1689,48.6572],[7.1668,48.6482],[7.1813,48.6456],[7.1872,48.6517],[7.1992,48.6529],[7.1957,48.6439],[7.2203,48.6219],[7.2223,48.6007],[7.237,48.5904],[7.2505,48.5918],[7.2563,48.5887],[7.2412,48.5737]]]}},{"type":"Feature","properties":{"code":"57182","nom":"Donjeux","app":9.3,"app_bas":7.23,"app_haut":11.95,"app_ech":"maille","app_obs":3,"mai":8.36,"mai_bas":6.36,"mai_haut":11,"mai_ech":"epci","mai_obs":3,"a12":12.45,"a3":8.2},"geometry":{"type":"Polygon","coordinates":[[[6.3977,48.8765],[6.404,48.8877],[6.4088,48.8888],[6.4279,48.881],[6.4235,48.8788],[6.4221,48.8707],[6.4036,48.8709],[6.3977,48.8765]]]}},{"type":"Feature","properties":{"code":"57432","nom":"Maizery","app":null,"app_bas":null,"app_haut":null,"app_ech":null,"app_obs":0,"mai":null,"mai_bas":null,"mai_haut":null,"mai_ech":null,"mai_obs":0,"a12":null,"a3":null},"geometry":{"type":"Polygon","coordinates":[[[6.3296,49.1077],[6.3317,49.1151],[6.3278,49.1191],[6.3452,49.1186],[6.3568,49.1121],[6.3585,49.1058],[6.3445,49.1038],[6.3394,49.0988],[6.3296,49.1077]]]}},{"type":"Feature","properties":{"code":"57433","nom":"Maizières-lès-Metz","app":13.56,"app_bas":10.85,"app_haut":16.95,"app_ech":"commune","app_obs":956,"mai":12.83,"mai_bas":9.75,"mai_haut":16.87,"mai_ech":"commune","mai_obs":102,"a12":17.7,"a3":10.94},"geometry":{"type":"Polygon","coordinates":[[[6.1505,49.1904],[6.1494,49.1999],[6.1371,49.2058],[6.1345,49.2098],[6.1424,49.2149],[6.1406,49.2241],[6.1485,49.2314],[6.1629,49.2276],[6.168,49.2228],[6.1696,49.212],[6.1669,49.2049],[6.1741,49.1997],[6.1768,49.1886],[6.1508,49.1886],[6.1505,49.1904]]]}},{"type":"Feature","properties":{"code":"57614","nom":"Saint-Jean-Kourtzerode","app":9.1,"app_bas":7.38,"app_haut":11.21,"app_ech":"maille","app_obs":18,"mai":10.01,"mai_bas":7.29,"mai_haut":13.75,"mai_ech":"maille","mai_obs":16,"a12":11.39,"a3":8.3},"geometry":{"type":"Polygon","coordinates":[[[7.1856,48.7518],[7.1781,48.7479],[7.1791,48.7653],[7.1845,48.7666],[7.1918,48.759],[7.2135,48.7629],[7.2151,48.7591],[7.209,48.7477],[7.2013,48.7555],[7.1875,48.7551],[7.1856,48.7518]]]}},{"type":"Feature","properties":{"code":"57002","nom":"Aboncourt-sur-Seille","app":9.44,"app_bas":7.62,"app_haut":11.7,"app_ech":"maille","app_obs":2,"mai":8.52,"mai_bas":6.66,"mai_haut":10.91,"mai_ech":"maille","mai_obs":0,"a12":12.97,"a3":8.2},"geometry":{"type":"Polygon","coordinates":[[[6.3338,48.8205],[6.37,48.8245],[6.3749,48.8267],[6.3827,48.82],[6.3574,48.8106],[6.3393,48.811],[6.333,48.8139],[6.3338,48.8205]]]}},{"type":"Feature","properties":{"code":"57053","nom":"Bassing","app":8.99,"app_bas":7.12,"app_haut":11.33,"app_ech":"maille","app_obs":3,"mai":8.68,"mai_bas":6.64,"mai_haut":11.36,"mai_ech":"epci","mai_obs":1,"a12":10.48,"a3":7.13},"geometry":{"type":"Polygon","coordinates":[[[6.8075,48.891],[6.8159,48.8803],[6.8211,48.8775],[6.823,48.8755],[6.7982,48.8566],[6.7829,48.8595],[6.782,48.8729],[6.8052,48.891],[6.8075,48.891]]]}},{"type":"Feature","properties":{"code":"57367","nom":"Klang","app":11.8,"app_bas":9.22,"app_haut":15.1,"app_ech":"maille","app_obs":14,"mai":9.64,"mai_bas":7,"mai_haut":13.28,"mai_ech":"maille","mai_obs":0,"a12":15.89,"a3":9.26},"geometry":{"type":"Polygon","coordinates":[[[6.3474,49.317],[6.3584,49.3262],[6.373,49.3292],[6.3827,49.3247],[6.3879,49.3166],[6.3823,49.3087],[6.3766,49.3067],[6.3679,49.3059],[6.3686,49.3127],[6.3544,49.3182],[6.3474,49.317]]]}},{"type":"Feature","properties":{"code":"57516","nom":"Oberdorff","app":10.39,"app_bas":8.34,"app_haut":12.95,"app_ech":"maille","app_obs":3,"mai":8.76,"mai_bas":6.59,"mai_haut":11.65,"mai_ech":"maille","mai_obs":0,"a12":13.55,"a3":9.26},"geometry":{"type":"Polygon","coordinates":[[[6.584,49.2612],[6.5638,49.2711],[6.5708,49.2795],[6.5701,49.2877],[6.5756,49.2911],[6.5813,49.2874],[6.5766,49.2823],[6.581,49.2782],[6.6052,49.2741],[6.5959,49.2666],[6.584,49.2612]]]}},{"type":"Feature","properties":{"code":"57532","nom":"Pagny-lès-Goin","app":11.41,"app_bas":9.1,"app_haut":14.31,"app_ech":"maille","app_obs":91,"mai":10.95,"mai_bas":8.41,"mai_haut":14.25,"mai_ech":"maille","mai_obs":16,"a12":12.89,"a3":9.24},"geometry":{"type":"Polygon","coordinates":[[[6.2381,48.9764],[6.2346,48.9688],[6.2365,48.9594],[6.2269,48.9537],[6.217,48.9591],[6.2033,48.9573],[6.2009,48.9718],[6.2169,48.9781],[6.2381,48.9764]]]}},{"type":"Feature","properties":{"code":"57534","nom":"Peltre","app":13.21,"app_bas":10.51,"app_haut":16.6,"app_ech":"commune","app_obs":113,"mai":11.96,"mai_bas":9.19,"mai_haut":15.57,"mai_ech":"maille","mai_obs":25,"a12":15.31,"a3":9.92},"geometry":{"type":"Polygon","coordinates":[[[6.2037,49.0635],[6.2001,49.0729],[6.2109,49.078],[6.2112,49.0857],[6.2392,49.0868],[6.2462,49.0781],[6.2409,49.0699],[6.251,49.0628],[6.2342,49.0613],[6.225,49.0555],[6.2081,49.0585],[6.2037,49.0635]]]}},{"type":"Feature","properties":{"code":"57584","nom":"Rimling","app":8.52,"app_bas":6.67,"app_haut":10.88,"app_ech":"maille","app_obs":42,"mai":7.28,"mai_bas":5.68,"mai_haut":9.33,"mai_ech":"maille","mai_obs":13,"a12":10.7,"a3":8.28},"geometry":{"type":"Polygon","coordinates":[[[7.2427,49.1064],[7.2539,49.1032],[7.2697,49.1039],[7.2896,49.1077],[7.3043,49.1043],[7.3027,49.0993],[7.2993,49.0936],[7.2821,49.0902],[7.2722,49.0847],[7.245,49.0746],[7.238,49.0742],[7.2255,49.081],[7.2233,49.0879],[7.2279,49.0976],[7.2246,49.1015],[7.2332,49.102],[7.2427,49.1064]]]}},{"type":"Feature","properties":{"code":"57628","nom":"Sarralbe","app":10.09,"app_bas":8.08,"app_haut":12.61,"app_ech":"commune","app_obs":596,"mai":9.4,"mai_bas":7.21,"mai_haut":12.25,"mai_ech":"epci","mai_obs":81,"a12":10.39,"a3":8.46},"geometry":{"type":"Polygon","coordinates":[[[6.9798,48.998],[6.9781,49.0054],[6.9872,49.0089],[6.9873,49.0172],[7.0001,49.0332],[6.9937,49.0363],[7.0023,49.0417],[7.013,49.0304],[7.032,49.0212],[7.03,49.014],[7.0341,49.0101],[7.047,49.0065],[7.0523,49.0087],[7.0469,48.9999],[7.0384,48.9969],[7.0309,48.9859],[7.0387,48.978],[7.0273,48.9666],[7.0322,48.956],[7.0259,48.9561],[7.0188,48.9577],[6.9951,48.9585],[6.9925,48.9605],[6.9961,48.9686],[7.0013,48.9757],[6.9854,48.9822],[6.9834,48.9943],[6.9798,48.998]]]}},{"type":"Feature","properties":{"code":"57159","nom":"Créhange","app":9.9,"app_bas":7.72,"app_haut":12.69,"app_ech":"commune","app_obs":209,"mai":8.48,"mai_bas":6.98,"mai_haut":10.3,"mai_ech":"commune","mai_obs":112,"a12":10.16,"a3":9.69},"geometry":{"type":"Polygon","coordinates":[[[6.587,49.0816],[6.6009,49.0859],[6.6009,49.0848],[6.5935,49.0796],[6.5883,49.069],[6.5906,49.0476],[6.5865,49.0429],[6.5857,49.0337],[6.5677,49.0253],[6.5558,49.0273],[6.552,49.029],[6.5576,49.0398],[6.5499,49.0436],[6.5692,49.0593],[6.5668,49.0615],[6.5794,49.0653],[6.5763,49.0793],[6.587,49.0816]]]}},{"type":"Feature","properties":{"code":"57763","nom":"Zommange","app":8.99,"app_bas":7.12,"app_haut":11.33,"app_ech":"maille","app_obs":0,"mai":7.65,"mai_bas":6.08,"mai_haut":9.62,"mai_ech":"maille","mai_obs":0,"a12":10.49,"a3":8.04},"geometry":{"type":"Polygon","coordinates":[[[6.7816,48.804],[6.776,48.8057],[6.781,48.8208],[6.7765,48.8247],[6.7929,48.8261],[6.7919,48.8305],[6.8099,48.8406],[6.8146,48.8351],[6.8238,48.8304],[6.8295,48.8215],[6.8051,48.8173],[6.7963,48.8082],[6.7816,48.804]]]}},{"type":"Feature","properties":{"code":"57306","nom":"Hayange","app":12.26,"app_bas":9.8,"app_haut":15.32,"app_ech":"commune","app_obs":1634,"mai":11.79,"mai_bas":8.97,"mai_haut":15.5,"mai_ech":"commune","mai_obs":139,"a12":14.5,"a3":10.8},"geometry":{"type":"Polygon","coordinates":[[[6.0487,49.3141],[6.0349,49.3184],[6.0339,49.3295],[6.0624,49.3361],[6.0578,49.351],[6.0593,49.3584],[6.0907,49.3483],[6.0915,49.3392],[6.0853,49.3293],[6.0847,49.3236],[6.0734,49.3233],[6.074,49.3161],[6.0948,49.3139],[6.0706,49.3131],[6.0487,49.3141]]]}},{"type":"Feature","properties":{"code":"57437","nom":"Malling","app":13.27,"app_bas":10.4,"app_haut":16.93,"app_ech":"maille","app_obs":14,"mai":17,"mai_bas":12.23,"mai_haut":23.63,"mai_ech":"maille","mai_obs":2,"a12":17.34,"a3":12.32},"geometry":{"type":"Polygon","coordinates":[[[6.3244,49.4031],[6.3189,49.3986],[6.304,49.4063],[6.2863,49.4181],[6.2941,49.4233],[6.3018,49.43],[6.3118,49.4228],[6.3207,49.4241],[6.3305,49.4242],[6.3123,49.4174],[6.3115,49.4108],[6.3244,49.4031]]]}},{"type":"Feature","properties":{"code":"57673","nom":"Thonville","app":9.21,"app_bas":7.43,"app_haut":11.42,"app_ech":"maille","app_obs":3,"mai":8.09,"mai_bas":6.27,"mai_haut":10.43,"mai_ech":"maille","mai_obs":0,"a12":10.16,"a3":7.61},"geometry":{"type":"Polygon","coordinates":[[[6.5804,48.9891],[6.5793,48.9819],[6.5728,48.9742],[6.5649,48.9716],[6.5513,48.9794],[6.5648,48.9894],[6.5804,48.9891]]]}},{"type":"Feature","properties":{"code":"57100","nom":"Bourscheid","app":9.1,"app_bas":7.38,"app_haut":11.21,"app_ech":"maille","app_obs":2,"mai":9.39,"mai_bas":7.47,"mai_haut":11.81,"mai_ech":"maille","mai_obs":6,"a12":11.39,"a3":8.3},"geometry":{"type":"Polygon","coordinates":[[[7.1804,48.7716],[7.1886,48.7796],[7.1971,48.7791],[7.2139,48.7739],[7.2135,48.7629],[7.1918,48.759],[7.1804,48.7716]]]}},{"type":"Feature","properties":{"code":"57123","nom":"Carling","app":9.13,"app_bas":7.23,"app_haut":11.54,"app_ech":"commune","app_obs":351,"mai":8.76,"mai_bas":6.59,"mai_haut":11.65,"mai_ech":"maille","mai_obs":49,"a12":10.69,"a3":7.78},"geometry":{"type":"Polygon","coordinates":[[[6.7302,49.1692],[6.7222,49.1664],[6.7118,49.1559],[6.7092,49.1556],[6.7023,49.1595],[6.6992,49.1657],[6.7166,49.1766],[6.7143,49.1795],[6.7302,49.1692]]]}},{"type":"Feature","properties":{"code":"57330","nom":"Holving","app":9.77,"app_bas":7.87,"app_haut":12.15,"app_ech":"maille","app_obs":28,"mai":9.4,"mai_bas":7.21,"mai_haut":12.25,"mai_ech":"epci","mai_obs":6,"a12":10.49,"a3":7.39},"geometry":{"type":"Polygon","coordinates":[[[6.9415,49.0227],[6.9463,49.0249],[6.9582,49.0218],[6.9856,49.0308],[6.9937,49.0363],[7.0001,49.0332],[6.9873,49.0172],[6.9872,49.0089],[6.9781,49.0054],[6.9798,48.998],[6.9666,48.9935],[6.9563,48.9956],[6.9413,49.0033],[6.9415,49.0227]]]}},{"type":"Feature","properties":{"code":"57446","nom":"Marimont-lès-Bénestroff","app":8.02,"app_bas":6.45,"app_haut":9.98,"app_ech":"maille","app_obs":0,"mai":8.68,"mai_bas":6.64,"mai_haut":11.36,"mai_ech":"epci","mai_obs":0,"a12":10.49,"a3":7.39},"geometry":{"type":"Polygon","coordinates":[[[6.7936,48.8995],[6.8062,48.8991],[6.8052,48.891],[6.782,48.8729],[6.7836,48.8805],[6.7704,48.8907],[6.7776,48.8952],[6.7936,48.8995]]]}},{"type":"Feature","properties":{"code":"57491","nom":"Moyeuvre-Grande","app":10.14,"app_bas":8.2,"app_haut":12.55,"app_ech":"commune","app_obs":933,"mai":10.53,"mai_bas":8.01,"mai_haut":13.85,"mai_ech":"commune","mai_obs":112,"a12":12.19,"a3":9.02},"geometry":{"type":"Polygon","coordinates":[[[6.0098,49.2661],[6.0098,49.2725],[6.0274,49.267],[6.0402,49.2742],[6.0449,49.2734],[6.0499,49.2636],[6.0609,49.2502],[6.0524,49.2312],[6.0516,49.2273],[6.0396,49.2327],[6.0426,49.2402],[6.0302,49.2417],[6.0308,49.2331],[6.0279,49.2333],[6.0253,49.2433],[6.0273,49.2526],[6.0202,49.257],[6.0067,49.2603],[6.0098,49.2661]]]}},{"type":"Feature","properties":{"code":"57609","nom":"Saint-Epvre","app":10.24,"app_bas":8.43,"app_haut":12.44,"app_ech":"maille","app_obs":0,"mai":8.84,"mai_bas":7.29,"mai_haut":10.72,"mai_ech":"maille","mai_obs":0,"a12":12.45,"a3":9.52},"geometry":{"type":"Polygon","coordinates":[[[6.4454,48.9793],[6.4512,48.9732],[6.439,48.9617],[6.4136,48.9548],[6.4161,48.9651],[6.43,48.9709],[6.4308,48.9768],[6.4233,48.9837],[6.4395,48.9859],[6.4454,48.9793]]]}},{"type":"Feature","properties":{"code":"57021","nom":"Ancy-Dornot","app":12.31,"app_bas":9.92,"app_haut":15.28,"app_ech":"commune","app_obs":129,"mai":9.82,"mai_bas":7.65,"mai_haut":12.6,"mai_ech":"maille","mai_obs":57,"a12":12.89,"a3":11.67},"geometry":{"type":"Polygon","coordinates":[[[6.0575,49.04],[6.0447,49.0436],[6.0234,49.0677],[6.0199,49.0797],[6.0207,49.0856],[6.0317,49.0837],[6.0357,49.076],[6.0471,49.0791],[6.0596,49.0738],[6.0608,49.0696],[6.0703,49.0637],[6.0766,49.0638],[6.0654,49.0522],[6.0575,49.04]]]}},{"type":"Feature","properties":{"code":"57158","nom":"Craincourt","app":9.9,"app_bas":8.1,"app_haut":12.11,"app_ech":"maille","app_obs":0,"mai":8.36,"mai_bas":6.36,"mai_haut":11,"mai_ech":"epci","mai_obs":7,"a12":12.79,"a3":7},"geometry":{"type":"Polygon","coordinates":[[[6.3553,48.8753],[6.3698,48.8618],[6.3387,48.8629],[6.3151,48.8742],[6.3081,48.8753],[6.2974,48.8825],[6.3153,48.8934],[6.3258,48.8959],[6.3227,48.8862],[6.3341,48.8829],[6.3459,48.8885],[6.3464,48.8829],[6.3553,48.8753]]]}},{"type":"Feature","properties":{"code":"57737","nom":"Vulmont","app":9.9,"app_bas":8.1,"app_haut":12.11,"app_ech":"maille","app_obs":0,"mai":10.95,"mai_bas":8.41,"mai_haut":14.25,"mai_ech":"maille","mai_obs":0,"a12":12.79,"a3":8.2},"geometry":{"type":"Polygon","coordinates":[[[6.3233,48.9328],[6.3256,48.928],[6.3112,48.9211],[6.2884,48.9163],[6.2878,48.9277],[6.3014,48.9287],[6.3082,48.9325],[6.3233,48.9328]]]}},{"type":"Feature","properties":{"code":"57365","nom":"Kirschnaumen","app":13.86,"app_bas":10.73,"app_haut":17.9,"app_ech":"maille","app_obs":39,"mai":12.49,"mai_bas":8.98,"mai_haut":17.37,"mai_ech":"maille","mai_obs":5,"a12":17.34,"a3":10.69},"geometry":{"type":"Polygon","coordinates":[[[6.4595,49.3728],[6.4422,49.3828],[6.4261,49.3805],[6.4184,49.3809],[6.4035,49.3876],[6.407,49.3943],[6.4103,49.4057],[6.4019,49.4168],[6.4013,49.4237],[6.4214,49.426],[6.4285,49.4308],[6.441,49.4277],[6.4498,49.4222],[6.4578,49.4194],[6.4767,49.4064],[6.4589,49.4056],[6.4561,49.391],[6.4607,49.3887],[6.4595,49.3728]]]}},{"type":"Feature","properties":{"code":"57408","nom":"Lixing-lès-Rouhling","app":11.2,"app_bas":8.65,"app_haut":14.5,"app_ech":"maille","app_obs":52,"mai":9.68,"mai_bas":7.49,"mai_haut":12.52,"mai_ech":"maille","mai_obs":10,"a12":11.76,"a3":10.11},"geometry":{"type":"Polygon","coordinates":[[[6.982,49.1386],[6.9776,49.1485],[6.9813,49.1555],[6.9922,49.1647],[6.9977,49.1671],[7.0035,49.1567],[7.003,49.1434],[6.982,49.1386]]]}},{"type":"Feature","properties":{"code":"57422","nom":"Louvigny","app":11.41,"app_bas":9.1,"app_haut":14.31,"app_ech":"maille","app_obs":27,"mai":10.95,"mai_bas":8.41,"mai_haut":14.25,"mai_ech":"maille","mai_obs":23,"a12":12.89,"a3":9.24},"geometry":{"type":"Polygon","coordinates":[[[6.1982,48.9855],[6.2059,48.9377],[6.1771,48.9349],[6.1653,48.942],[6.1594,48.9529],[6.1611,48.9635],[6.1507,48.9677],[6.1611,48.9727],[6.1701,48.9867],[6.1863,48.9849],[6.1982,48.9855]]]}},{"type":"Feature","properties":{"code":"57431","nom":"Maizeroy","app":12.15,"app_bas":9.85,"app_haut":14.98,"app_ech":"maille","app_obs":12,"mai":11.96,"mai_bas":9.19,"mai_haut":15.57,"mai_ech":"maille","mai_obs":0,"a12":12.45,"a3":9.92},"geometry":{"type":"Polygon","coordinates":[[[6.3791,49.0997],[6.3824,49.1041],[6.3932,49.1032],[6.4181,49.0968],[6.424,49.099],[6.4151,49.0852],[6.4006,49.0853],[6.4013,49.0758],[6.3924,49.0735],[6.3857,49.0772],[6.371,49.0754],[6.3699,49.0625],[6.3653,49.061],[6.3586,49.0616],[6.3632,49.0704],[6.3661,49.0871],[6.3729,49.0913],[6.3823,49.0886],[6.386,49.0956],[6.3791,49.0997]]]}},{"type":"Feature","properties":{"code":"57509","nom":"Nitting","app":9.4,"app_bas":7.15,"app_haut":12.35,"app_ech":"maille","app_obs":18,"mai":8.93,"mai_bas":6.95,"mai_haut":11.48,"mai_ech":"maille","mai_obs":4,"a12":12.17,"a3":8.32},"geometry":{"type":"Polygon","coordinates":[[[7.0223,48.6645],[7.0191,48.6711],[7.0303,48.6804],[7.045,48.6777],[7.0661,48.6648],[7.0777,48.6607],[7.0677,48.6567],[7.0707,48.6406],[7.0702,48.6392],[7.0526,48.6429],[7.0428,48.6565],[7.0305,48.6643],[7.0223,48.6645]]]}},{"type":"Feature","properties":{"code":"57550","nom":"Porcelette","app":10.68,"app_bas":8.55,"app_haut":13.33,"app_ech":"commune","app_obs":125,"mai":8.76,"mai_bas":6.59,"mai_haut":11.65,"mai_ech":"maille","mai_obs":28,"a12":11.05,"a3":8.31},"geometry":{"type":"Polygon","coordinates":[[[6.6677,49.1824],[6.6956,49.1636],[6.7036,49.1532],[6.6705,49.1463],[6.6533,49.1448],[6.6363,49.1459],[6.6295,49.148],[6.6298,49.154],[6.6374,49.1636],[6.6451,49.1645],[6.6488,49.1717],[6.661,49.1805],[6.6677,49.1824]]]}},{"type":"Feature","properties":{"code":"57261","nom":"Gros-Réderching","app":8.14,"app_bas":6.5,"app_haut":10.19,"app_ech":"maille","app_obs":80,"mai":7.28,"mai_bas":5.68,"mai_haut":9.33,"mai_ech":"maille","mai_obs":25,"a12":11.13,"a3":7.13},"geometry":{"type":"Polygon","coordinates":[[[7.2468,49.0567],[7.2323,49.0479],[7.2275,49.0416],[7.2172,49.0357],[7.2112,49.0395],[7.2089,49.0522],[7.1967,49.0601],[7.1928,49.0681],[7.2026,49.091],[7.202,49.0964],[7.2094,49.0961],[7.2246,49.1015],[7.2279,49.0976],[7.2233,49.0879],[7.2255,49.081],[7.238,49.0742],[7.245,49.0746],[7.2427,49.0621],[7.2468,49.0567]]]}},{"type":"Feature","properties":{"code":"57460","nom":"Merten","app":9.43,"app_bas":7.58,"app_haut":11.75,"app_ech":"maille","app_obs":67,"mai":9.64,"mai_bas":7,"mai_haut":13.28,"mai_ech":"maille","mai_obs":17,"a12":13.55,"a3":8.34},"geometry":{"type":"Polygon","coordinates":[[[6.6421,49.2461],[6.646,49.2539],[6.6615,49.2573],[6.6644,49.2546],[6.6781,49.2551],[6.6905,49.2476],[6.6851,49.2437],[6.6764,49.2457],[6.6625,49.2422],[6.6632,49.235],[6.6568,49.2318],[6.6454,49.2372],[6.6462,49.2444],[6.6421,49.2461]]]}},{"type":"Feature","properties":{"code":"57487","nom":"Moulins-lès-Metz","app":13.34,"app_bas":10.31,"app_haut":17.25,"app_ech":"commune","app_obs":561,"mai":9.82,"mai_bas":7.65,"mai_haut":12.6,"mai_ech":"maille","mai_obs":57,"a12":15.56,"a3":11.3},"geometry":{"type":"Polygon","coordinates":[[[6.1002,49.1092],[6.1063,49.1093],[6.1276,49.1046],[6.1441,49.0895],[6.1179,49.0764],[6.1097,49.0823],[6.1035,49.079],[6.1004,49.086],[6.1072,49.0884],[6.1095,49.0935],[6.0955,49.1019],[6.1002,49.1092]]]}},{"type":"Feature","properties":{"code":"57498","nom":"Neufchef","app":13.13,"app_bas":10.21,"app_haut":16.88,"app_ech":"commune","app_obs":140,"mai":10.41,"mai_bas":7.83,"mai_haut":13.84,"mai_ech":"maille","mai_obs":18,"a12":14.48,"a3":11.42},"geometry":{"type":"Polygon","coordinates":[[[5.9817,49.3429],[5.9969,49.342],[6.0098,49.3389],[6.0177,49.3403],[6.0167,49.3372],[6.0261,49.3312],[6.0339,49.3295],[6.0349,49.3184],[6.0487,49.3141],[6.0406,49.3087],[6.0345,49.2998],[6.0416,49.294],[6.0205,49.2907],[6.003,49.2891],[6.0064,49.308],[5.9971,49.3142],[5.9796,49.3313],[5.9817,49.3429]]]}},{"type":"Feature","properties":{"code":"57607","nom":"Sainte-Barbe","app":15.66,"app_bas":12.19,"app_haut":20.11,"app_ech":"maille","app_obs":10,"mai":11.96,"mai_bas":9.19,"mai_haut":15.57,"mai_ech":"maille","mai_obs":11,"a12":13.55,"a3":10.72},"geometry":{"type":"Polygon","coordinates":[[[6.2961,49.175],[6.2958,49.1835],[6.3114,49.1857],[6.3186,49.1839],[6.3319,49.1684],[6.3428,49.1735],[6.3514,49.1726],[6.3557,49.1535],[6.343,49.1488],[6.319,49.1496],[6.2947,49.1446],[6.2878,49.1482],[6.285,49.1578],[6.2981,49.1631],[6.3024,49.1677],[6.2961,49.175]]]}},{"type":"Feature","properties":{"code":"57035","nom":"Assenoncourt","app":8.99,"app_bas":7.12,"app_haut":11.33,"app_ech":"maille","app_obs":2,"mai":6.94,"mai_bas":5.37,"mai_haut":8.96,"mai_ech":"epci","mai_obs":8,"a12":12.17,"a3":7.13},"geometry":{"type":"Polygon","coordinates":[[[6.7844,48.788],[6.8107,48.7827],[6.8289,48.7815],[6.8348,48.7679],[6.8307,48.7551],[6.8202,48.7559],[6.81,48.7497],[6.7967,48.7446],[6.7907,48.7529],[6.7731,48.7461],[6.7674,48.757],[6.7593,48.7618],[6.7626,48.7662],[6.7727,48.7664],[6.7786,48.7726],[6.7735,48.78],[6.7752,48.7878],[6.7844,48.788]]]}},{"type":"Feature","properties":{"code":"57161","nom":"Cutting","app":8.77,"app_bas":7.03,"app_haut":10.95,"app_ech":"maille","app_obs":7,"mai":7.65,"mai_bas":6.08,"mai_haut":9.62,"mai_ech":"maille","mai_obs":3,"a12":10.49,"a3":8.04},"geometry":{"type":"Polygon","coordinates":[[[6.855,48.8387],[6.8501,48.8411],[6.837,48.8364],[6.8212,48.837],[6.8146,48.8351],[6.8099,48.8406],[6.8329,48.8552],[6.8446,48.8556],[6.8575,48.8508],[6.855,48.8387]]]}},{"type":"Feature","properties":{"code":"57739","nom":"Waldweistroff","app":11.8,"app_bas":9.22,"app_haut":15.1,"app_ech":"maille","app_obs":22,"mai":9.64,"mai_bas":7,"mai_haut":13.28,"mai_ech":"maille","mai_obs":1,"a12":13.55,"a3":9.26},"geometry":{"type":"Polygon","coordinates":[[[6.4725,49.3486],[6.4754,49.3585],[6.4814,49.368],[6.492,49.3707],[6.5066,49.3716],[6.5161,49.3677],[6.5175,49.3578],[6.5066,49.3468],[6.4846,49.3423],[6.4725,49.3486]]]}},{"type":"Feature","properties":{"code":"57311","nom":"Hellimer","app":8.02,"app_bas":6.45,"app_haut":9.98,"app_ech":"maille","app_obs":39,"mai":8.6,"mai_bas":6.59,"mai_haut":11.23,"mai_ech":"maille","mai_obs":17,"a12":10.49,"a3":7.69},"geometry":{"type":"Polygon","coordinates":[[[6.8124,48.974],[6.814,48.9837],[6.8232,48.9876],[6.8019,48.993],[6.7997,49.0054],[6.8071,49.0116],[6.8207,49.0144],[6.8293,49.015],[6.8302,49.009],[6.8392,49.0002],[6.8482,48.9985],[6.8703,48.998],[6.8448,48.9896],[6.8522,48.9811],[6.8418,48.9839],[6.8273,48.9782],[6.8219,48.9731],[6.8124,48.974]]]}},{"type":"Feature","properties":{"code":"57336","nom":"Hôpital","app":9.2,"app_bas":7.3,"app_haut":11.6,"app_ech":"commune","app_obs":458,"mai":8.76,"mai_bas":6.59,"mai_haut":11.65,"mai_ech":"maille","mai_obs":49,"a12":11.36,"a3":7.77},"geometry":{"type":"Polygon","coordinates":[[[6.7118,49.1559],[6.7222,49.1664],[6.7302,49.1692],[6.7385,49.1637],[6.7479,49.1659],[6.7559,49.163],[6.7513,49.1556],[6.7328,49.1502],[6.7264,49.1547],[6.7118,49.1559]]]}},{"type":"Feature","properties":{"code":"57405","nom":"Lindre-Haute","app":8.99,"app_bas":7.12,"app_haut":11.33,"app_ech":"maille","app_obs":0,"mai":7.65,"mai_bas":6.08,"mai_haut":9.62,"mai_ech":"maille","mai_obs":0,"a12":10.49,"a3":8.04},"geometry":{"type":"Polygon","coordinates":[[[6.738,48.8238],[6.7488,48.8269],[6.7607,48.8218],[6.7766,48.8243],[6.781,48.8208],[6.7495,48.8131],[6.7436,48.8136],[6.738,48.8238]]]}},{"type":"Feature","properties":{"code":"57411","nom":"Lommerange","app":12.63,"app_bas":9.84,"app_haut":16.22,"app_ech":"maille","app_obs":5,"mai":11.91,"mai_bas":9.07,"mai_haut":15.66,"mai_ech":"maille","mai_obs":0,"a12":15.04,"a3":11.21},"geometry":{"type":"Polygon","coordinates":[[[5.9852,49.3052],[5.944,49.3346],[5.9434,49.3403],[5.9543,49.3433],[5.9784,49.3449],[5.9817,49.3429],[5.9796,49.3313],[5.9971,49.3142],[5.9852,49.3052]]]}},{"type":"Feature","properties":{"code":"57439","nom":"Manderen","app":13.86,"app_bas":10.73,"app_haut":17.9,"app_ech":"maille","app_obs":10,"mai":12.49,"mai_bas":8.98,"mai_haut":17.37,"mai_ech":"maille","mai_obs":5,"a12":17.34,"a3":12.32},"geometry":{"type":"Polygon","coordinates":[[[6.4404,49.4667],[6.4452,49.4673],[6.4701,49.4628],[6.4849,49.4525],[6.482,49.4495],[6.4642,49.4467],[6.4395,49.4358],[6.4234,49.4482],[6.4198,49.4482],[6.426,49.457],[6.4404,49.4667]]]}},{"type":"Feature","properties":{"code":"57513","nom":"Nousseviller-lès-Bitche","app":9.56,"app_bas":7.54,"app_haut":12.12,"app_ech":"maille","app_obs":6,"mai":7.28,"mai_bas":5.68,"mai_haut":9.33,"mai_ech":"maille","mai_obs":2,"a12":10.7,"a3":7.13},"geometry":{"type":"Polygon","coordinates":[[[7.3891,49.1111],[7.3883,49.1006],[7.393,49.1],[7.3817,49.0875],[7.3784,49.0869],[7.3681,49.0878],[7.363,49.0964],[7.3513,49.1021],[7.3558,49.1092],[7.3673,49.107],[7.3813,49.1081],[7.3891,49.1111]]]}},{"type":"Feature","properties":{"code":"57203","nom":"Évrange","app":14.73,"app_bas":10.69,"app_haut":20.3,"app_ech":"maille","app_obs":20,"mai":17,"mai_bas":12.23,"mai_haut":23.63,"mai_ech":"maille","mai_obs":1,"a12":19.78,"a3":14.82},"geometry":{"type":"Polygon","coordinates":[[[6.1783,49.4965],[6.1841,49.5051],[6.1796,49.5071],[6.1973,49.506],[6.2167,49.5068],[6.202,49.4985],[6.1824,49.4945],[6.1783,49.4965]]]}},{"type":"Feature","properties":{"code":"57230","nom":"Fouligny","app":9.56,"app_bas":8,"app_haut":11.43,"app_ech":"maille","app_obs":4,"mai":8.84,"mai_bas":7.29,"mai_haut":10.72,"mai_ech":"maille","mai_obs":1,"a12":12.14,"a3":7.78},"geometry":{"type":"Polygon","coordinates":[[[6.5376,49.1022],[6.533,49.0921],[6.5114,49.0843],[6.4964,49.085],[6.4961,49.1046],[6.5046,49.1106],[6.5231,49.1038],[6.5376,49.1022]]]}},{"type":"Feature","properties":{"code":"57392","nom":"Lemud","app":10.24,"app_bas":8.43,"app_haut":12.44,"app_ech":"maille","app_obs":48,"mai":11.96,"mai_bas":9.19,"mai_haut":15.57,"mai_ech":"maille","mai_obs":10,"a12":12.45,"a3":9.52},"geometry":{"type":"Polygon","coordinates":[[[6.3534,49.0282],[6.3472,49.0388],[6.3483,49.0469],[6.3771,49.038],[6.3756,49.034],[6.3862,49.021],[6.3796,49.0195],[6.3687,49.0263],[6.3534,49.0282]]]}},{"type":"Feature","properties":{"code":"57510","nom":"Noisseville","app":12.15,"app_bas":9.85,"app_haut":14.98,"app_ech":"maille","app_obs":54,"mai":11.96,"mai_bas":9.19,"mai_haut":15.57,"mai_ech":"maille","mai_obs":22,"a12":13.87,"a3":11.84},"geometry":{"type":"Polygon","coordinates":[[[6.2721,49.1397],[6.2853,49.1449],[6.2889,49.1356],[6.2761,49.1292],[6.2613,49.1239],[6.2503,49.1306],[6.2639,49.1327],[6.2721,49.1397]]]}},{"type":"Feature","properties":{"code":"57521","nom":"Œting","app":10.52,"app_bas":8.48,"app_haut":13.06,"app_ech":"commune","app_obs":148,"mai":9.68,"mai_bas":7.49,"mai_haut":12.52,"mai_ech":"maille","mai_obs":38,"a12":12.94,"a3":8.92},"geometry":{"type":"Polygon","coordinates":[[[6.8909,49.17],[6.8838,49.1719],[6.8936,49.176],[6.9157,49.1782],[6.9304,49.1856],[6.9231,49.1669],[6.9034,49.1616],[6.8959,49.1631],[6.8909,49.17]]]}},{"type":"Feature","properties":{"code":"57525","nom":"Oriocourt","app":9.9,"app_bas":8.1,"app_haut":12.11,"app_ech":"maille","app_obs":0,"mai":8.36,"mai_bas":6.36,"mai_haut":11,"mai_ech":"epci","mai_obs":1,"a12":13.32,"a3":7},"geometry":{"type":"Polygon","coordinates":[[[6.3923,48.8514],[6.4058,48.857],[6.4011,48.8658],[6.4036,48.8709],[6.4221,48.8707],[6.4317,48.8646],[6.4156,48.8485],[6.4132,48.8426],[6.4061,48.8475],[6.399,48.846],[6.3923,48.8514]]]}},{"type":"Feature","properties":{"code":"57558","nom":"Puttigny","app":7.76,"app_bas":6.3,"app_haut":9.57,"app_ech":"maille","app_obs":1,"mai":8.36,"mai_bas":6.36,"mai_haut":11,"mai_ech":"epci","mai_obs":0,"a12":13.32,"a3":7},"geometry":{"type":"Polygon","coordinates":[[[6.5304,48.8363],[6.5363,48.8398],[6.5407,48.8408],[6.5429,48.8598],[6.5592,48.8634],[6.5718,48.848],[6.5704,48.8435],[6.5548,48.8404],[6.5537,48.8306],[6.5426,48.8269],[6.5266,48.8263],[6.5214,48.8299],[6.5304,48.8363]]]}},{"type":"Feature","properties":{"code":"57674","nom":"Tincry","app":9.3,"app_bas":7.23,"app_haut":11.95,"app_ech":"maille","app_obs":7,"mai":8.36,"mai_bas":6.36,"mai_haut":11,"mai_ech":"epci","mai_obs":0,"a12":13.32,"a3":8.2},"geometry":{"type":"Polygon","coordinates":[[[6.3961,48.8972],[6.3833,48.9159],[6.374,48.9209],[6.3853,48.9255],[6.4058,48.9179],[6.4165,48.9221],[6.4252,48.907],[6.434,48.9079],[6.4357,48.9029],[6.4205,48.897],[6.41,48.8909],[6.3961,48.8972]]]}},{"type":"Feature","properties":{"code":"57081","nom":"Bidestroff","app":8.99,"app_bas":7.12,"app_haut":11.33,"app_ech":"maille","app_obs":0,"mai":8.68,"mai_bas":6.64,"mai_haut":11.36,"mai_ech":"epci","mai_obs":1,"a12":10.49,"a3":8.04},"geometry":{"type":"Polygon","coordinates":[[[6.7982,48.8566],[6.8171,48.8451],[6.7919,48.8305],[6.7929,48.8261],[6.7765,48.8247],[6.7788,48.834],[6.7688,48.846],[6.7715,48.8535],[6.7829,48.8595],[6.7982,48.8566]]]}},{"type":"Feature","properties":{"code":"57263","nom":"Grundviller","app":9.77,"app_bas":7.87,"app_haut":12.15,"app_ech":"maille","app_obs":48,"mai":9.68,"mai_bas":7.49,"mai_haut":12.52,"mai_ech":"maille","mai_obs":13,"a12":10.49,"a3":10.11},"geometry":{"type":"Polygon","coordinates":[[[7.0078,49.0621],[7.0125,49.052],[7.0023,49.0417],[6.9853,49.0437],[6.9628,49.0344],[6.9542,49.0413],[6.9522,49.0491],[6.9677,49.0542],[6.9832,49.0506],[6.9934,49.0548],[6.9865,49.0616],[7.0078,49.0621]]]}},{"type":"Feature","properties":{"code":"57374","nom":"Lafrimbolle","app":9.46,"app_bas":7.66,"app_haut":11.69,"app_ech":"maille","app_obs":2,"mai":8.93,"mai_bas":6.95,"mai_haut":11.48,"mai_ech":"maille","mai_obs":4,"a12":11.18,"a3":6.62},"geometry":{"type":"Polygon","coordinates":[[[7.0342,48.6282],[7.0426,48.6214],[7.0375,48.6176],[7.0359,48.6084],[7.0446,48.6056],[7.0465,48.5999],[7.0323,48.5884],[7.0342,48.5804],[7.0228,48.579],[6.9945,48.596],[7.0167,48.604],[7.0087,48.6118],[7.0064,48.6153],[7.0209,48.6254],[7.0342,48.6282]]]}},{"type":"Feature","properties":{"code":"57383","nom":"Languimberg","app":8.59,"app_bas":6.84,"app_haut":10.79,"app_ech":"maille","app_obs":7,"mai":6.94,"mai_bas":5.37,"mai_haut":8.96,"mai_ech":"epci","mai_obs":3,"a12":11.47,"a3":8.04},"geometry":{"type":"Polygon","coordinates":[[[6.9363,48.7152],[6.9214,48.7148],[6.8776,48.7068],[6.8734,48.7071],[6.861,48.7168],[6.8593,48.7284],[6.8353,48.7228],[6.8342,48.7262],[6.8421,48.733],[6.8364,48.741],[6.8438,48.7404],[6.8481,48.749],[6.8562,48.7522],[6.8755,48.7555],[6.8834,48.7458],[6.9157,48.7287],[6.9134,48.7209],[6.9363,48.7152]]]}},{"type":"Feature","properties":{"code":"57402","nom":"Liederschiedt","app":9.43,"app_bas":7.47,"app_haut":11.9,"app_ech":"maille","app_obs":0,"mai":9.18,"mai_bas":7.02,"mai_haut":12.01,"mai_ech":"maille","mai_obs":0,"a12":11.13,"a3":9.07},"geometry":{"type":"Polygon","coordinates":[[[7.4794,49.1331],[7.4896,49.1365],[7.4986,49.1335],[7.5047,49.1249],[7.5154,49.1212],[7.5239,49.1058],[7.5115,49.111],[7.4812,49.115],[7.4733,49.1223],[7.4726,49.1278],[7.4794,49.1331]]]}},{"type":"Feature","properties":{"code":"57418","nom":"Loudrefing","app":8.77,"app_bas":7.03,"app_haut":10.95,"app_ech":"maille","app_obs":43,"mai":7.65,"mai_bas":6.08,"mai_haut":9.62,"mai_ech":"maille","mai_obs":1,"a12":9.73,"a3":7.13},"geometry":{"type":"Polygon","coordinates":[[[6.955,48.8754],[6.9441,48.8734],[6.9357,48.8779],[6.9299,48.8768],[6.9262,48.8687],[6.9131,48.8651],[6.915,48.8567],[6.9129,48.836],[6.9103,48.8326],[6.8959,48.8265],[6.8932,48.8308],[6.8598,48.8219],[6.8477,48.8327],[6.855,48.8387],[6.8575,48.8508],[6.8648,48.8529],[6.8703,48.8647],[6.8933,48.8711],[6.8928,48.8754],[6.9064,48.8781],[6.9219,48.8857],[6.9355,48.887],[6.9412,48.8832],[6.9494,48.8851],[6.955,48.8754]]]}},{"type":"Feature","properties":{"code":"57506","nom":"Niederstinzel","app":8.93,"app_bas":7.07,"app_haut":11.27,"app_ech":"maille","app_obs":3,"mai":8.6,"mai_bas":6.59,"mai_haut":11.23,"mai_ech":"maille","mai_obs":4,"a12":9.73,"a3":7.13},"geometry":{"type":"Polygon","coordinates":[[[7.055,48.8649],[7.0505,48.8589],[7.0522,48.8493],[7.0342,48.8536],[7.0179,48.8625],[6.9816,48.8707],[6.9691,48.8832],[6.988,48.8914],[7.0075,48.8843],[7.0271,48.8798],[7.0453,48.8715],[7.055,48.8649]]]}},{"type":"Feature","properties":{"code":"57546","nom":"Plesnois","app":12.93,"app_bas":10.12,"app_haut":16.51,"app_ech":"maille","app_obs":20,"mai":12.23,"mai_bas":8.79,"mai_haut":17.02,"mai_ech":"maille","mai_obs":4,"a12":14.91,"a3":10.16},"geometry":{"type":"Polygon","coordinates":[[[6.1314,49.1697],[6.1239,49.1658],[6.1067,49.1643],[6.0881,49.1722],[6.0932,49.1742],[6.1218,49.1784],[6.129,49.1769],[6.1314,49.1697]]]}},{"type":"Feature","properties":{"code":"57635","nom":"Schalbach","app":8.93,"app_bas":7.07,"app_haut":11.27,"app_ech":"maille","app_obs":33,"mai":8.04,"mai_bas":6.14,"mai_haut":10.54,"mai_ech":"maille","mai_obs":20,"a12":11.47,"a3":8.32},"geometry":{"type":"Polygon","coordinates":[[[7.1398,48.8175],[7.1467,48.8213],[7.1413,48.8339],[7.1427,48.8406],[7.1489,48.8446],[7.1735,48.842],[7.1802,48.8363],[7.1813,48.8291],[7.1869,48.819],[7.1799,48.8105],[7.1668,48.8161],[7.1591,48.8091],[7.1587,48.8071],[7.1324,48.7958],[7.1221,48.8064],[7.1238,48.8118],[7.1398,48.8175]]]}},{"type":"Feature","properties":{"code":"57014","nom":"Altrippe","app":8.02,"app_bas":6.45,"app_haut":9.98,"app_ech":"maille","app_obs":13,"mai":8.09,"mai_bas":6.27,"mai_haut":10.43,"mai_ech":"maille","mai_obs":1,"a12":12.86,"a3":7.36},"geometry":{"type":"Polygon","coordinates":[[[6.8014,49.0261],[6.8004,49.0322],[6.8113,49.0385],[6.8311,49.0432],[6.8268,49.0334],[6.8331,49.0237],[6.8259,49.0214],[6.8207,49.0144],[6.8071,49.0116],[6.8014,49.0261]]]}},{"type":"Feature","properties":{"code":"57077","nom":"Bezange-la-Petite","app":7.76,"app_bas":6.3,"app_haut":9.57,"app_ech":"maille","app_obs":0,"mai":7.25,"mai_bas":5.62,"mai_haut":9.35,"mai_ech":"maille","mai_obs":0,"a12":10.3,"a3":7},"geometry":{"type":"Polygon","coordinates":[[[6.6167,48.7147],[6.599,48.7157],[6.5948,48.7292],[6.5895,48.7325],[6.5931,48.7376],[6.609,48.75],[6.6339,48.7368],[6.6319,48.7319],[6.6221,48.7233],[6.6167,48.7147]]]}},{"type":"Feature","properties":{"code":"57107","nom":"Bréhain","app":7.76,"app_bas":6.3,"app_haut":9.57,"app_ech":"maille","app_obs":8,"mai":8.36,"mai_bas":6.36,"mai_haut":11,"mai_ech":"epci","mai_obs":6,"a12":13.32,"a3":7.08},"geometry":{"type":"Polygon","coordinates":[[[6.5283,48.9138],[6.5449,48.9186],[6.5614,48.908],[6.5566,48.9003],[6.5433,48.8965],[6.538,48.9038],[6.524,48.9117],[6.5283,48.9138]]]}},{"type":"Feature","properties":{"code":"57267","nom":"Val-de-Guéblange","app":9.72,"app_bas":7.78,"app_haut":12.14,"app_ech":"maille","app_obs":54,"mai":9.4,"mai_bas":7.21,"mai_haut":12.25,"mai_ech":"epci","mai_obs":7,"a12":10.49,"a3":7.89},"geometry":{"type":"Polygon","coordinates":[[[6.9173,48.9965],[6.9413,49.0033],[6.9563,48.9956],[6.9666,48.9935],[6.9798,48.998],[6.9834,48.9943],[6.9854,48.9822],[7.0013,48.9757],[6.9961,48.9686],[6.9887,48.9682],[6.974,48.9621],[6.9743,48.9557],[6.9662,48.9559],[6.9365,48.9658],[6.9223,48.9843],[6.9173,48.9965]]]}},{"type":"Feature","properties":{"code":"57326","nom":"Hinckange","app":10.39,"app_bas":8.34,"app_haut":12.95,"app_ech":"maille","app_obs":5,"mai":9.64,"mai_bas":7,"mai_haut":13.28,"mai_ech":"maille","mai_obs":0,"a12":12.14,"a3":8.48},"geometry":{"type":"Polygon","coordinates":[[[6.4192,49.1816],[6.4302,49.1895],[6.4328,49.1981],[6.4578,49.1968],[6.4617,49.1993],[6.4693,49.1976],[6.4666,49.1766],[6.4723,49.1705],[6.4706,49.1695],[6.4567,49.1788],[6.4529,49.1857],[6.4379,49.1789],[6.4209,49.1803],[6.4192,49.1816]]]}},{"type":"Feature","properties":{"code":"57346","nom":"Insming","app":9.72,"app_bas":7.78,"app_haut":12.14,"app_ech":"maille","app_obs":25,"mai":8.68,"mai_bas":6.64,"mai_haut":11.36,"mai_ech":"epci","mai_obs":18,"a12":10.49,"a3":7.39},"geometry":{"type":"Polygon","coordinates":[[[6.8639,48.9473],[6.8584,48.9617],[6.8797,48.9647],[6.8944,48.9748],[6.8897,48.9669],[6.9077,48.9573],[6.9109,48.9399],[6.9057,48.938],[6.8901,48.9466],[6.8812,48.9495],[6.8639,48.9473]]]}},{"type":"Feature","properties":{"code":"57398","nom":"Leyviller","app":8.02,"app_bas":6.45,"app_haut":9.98,"app_ech":"maille","app_obs":55,"mai":8.6,"mai_bas":6.59,"mai_haut":11.23,"mai_ech":"maille","mai_obs":35,"a12":10.49,"a3":7.69},"geometry":{"type":"Polygon","coordinates":[[[6.8311,49.0432],[6.8414,49.0461],[6.8564,49.046],[6.8596,49.0316],[6.8512,49.0229],[6.8611,49.0131],[6.851,49.0168],[6.8207,49.0144],[6.8259,49.0214],[6.8331,49.0237],[6.8268,49.0334],[6.8311,49.0432]]]}},{"type":"Feature","properties":{"code":"57579","nom":"Rhodes","app":8.59,"app_bas":6.84,"app_haut":10.79,"app_ech":"maille","app_obs":3,"mai":6.94,"mai_bas":5.37,"mai_haut":8.96,"mai_ech":"epci","mai_obs":2,"a12":12.17,"a3":8.04},"geometry":{"type":"Polygon","coordinates":[[[6.9157,48.7287],[6.8834,48.7458],[6.8755,48.7555],[6.8781,48.7651],[6.8914,48.7721],[6.9078,48.7767],[6.9294,48.7745],[6.9345,48.7517],[6.9299,48.7419],[6.9225,48.7386],[6.9157,48.7287]]]}},{"type":"Feature","properties":{"code":"57616","nom":"Saint-Julien-lès-Metz","app":15.98,"app_bas":12.42,"app_haut":20.55,"app_ech":"commune","app_obs":441,"mai":12.23,"mai_bas":8.79,"mai_haut":17.02,"mai_ech":"maille","mai_obs":44,"a12":14.31,"a3":12.21},"geometry":{"type":"Polygon","coordinates":[[[6.1988,49.1437],[6.2027,49.1513],[6.215,49.1518],[6.2316,49.1446],[6.2043,49.1285],[6.1934,49.1271],[6.1988,49.1437]]]}},{"type":"Feature","properties":{"code":"57650","nom":"Sierck-les-Bains","app":13.57,"app_bas":10.51,"app_haut":17.52,"app_ech":"commune","app_obs":278,"mai":12.49,"mai_bas":8.98,"mai_haut":17.37,"mai_ech":"maille","mai_obs":9,"a12":16.77,"a3":11.48},"geometry":{"type":"Polygon","coordinates":[[[6.3486,49.4474],[6.3635,49.4496],[6.3644,49.4595],[6.3689,49.4598],[6.3716,49.4541],[6.3651,49.4411],[6.3709,49.4269],[6.3617,49.4143],[6.3506,49.4214],[6.3474,49.431],[6.3486,49.4474]]]}},{"type":"Feature","properties":{"code":"57659","nom":"Spicheren","app":9.51,"app_bas":7.31,"app_haut":12.38,"app_ech":"commune","app_obs":224,"mai":9.34,"mai_bas":7.04,"mai_haut":12.41,"mai_ech":"maille","mai_obs":23,"a12":12.94,"a3":9.12},"geometry":{"type":"Polygon","coordinates":[[[6.9455,49.2015],[6.9535,49.2061],[6.9593,49.203],[6.9746,49.2098],[6.9915,49.2014],[6.9988,49.1943],[6.9809,49.18],[6.9436,49.1913],[6.9455,49.2015]]]}},{"type":"Feature","properties":{"code":"57671","nom":"Thimonville","app":9.3,"app_bas":7.23,"app_haut":11.95,"app_ech":"maille","app_obs":9,"mai":9.81,"mai_bas":7.42,"mai_haut":12.98,"mai_ech":"epci","mai_obs":1,"a12":12.45,"a3":8.2},"geometry":{"type":"Polygon","coordinates":[[[6.4062,48.9619],[6.4161,48.9651],[6.4136,48.9548],[6.4074,48.9524],[6.4088,48.9439],[6.4044,48.9358],[6.388,48.9285],[6.3853,48.9255],[6.3824,48.9243],[6.3782,48.9279],[6.3732,48.9423],[6.376,48.9486],[6.3854,48.9575],[6.4025,48.9597],[6.4062,48.9619]]]}},{"type":"Feature","properties":{"code":"57047","nom":"Bambiderstroff","app":9.56,"app_bas":8,"app_haut":11.43,"app_ech":"maille","app_obs":68,"mai":8.09,"mai_bas":6.27,"mai_haut":10.43,"mai_ech":"maille","mai_obs":16,"a12":12.14,"a3":7.78},"geometry":{"type":"Polygon","coordinates":[[[6.587,49.0816],[6.5781,49.0887],[6.5705,49.1019],[6.5735,49.1098],[6.583,49.1162],[6.6025,49.1215],[6.6094,49.1176],[6.6125,49.1044],[6.6308,49.0971],[6.6271,49.0922],[6.615,49.0882],[6.6009,49.0859],[6.587,49.0816]]]}},{"type":"Feature","properties":{"code":"57095","nom":"Boucheporn","app":9.37,"app_bas":7.52,"app_haut":11.68,"app_ech":"maille","app_obs":32,"mai":8.09,"mai_bas":6.27,"mai_haut":10.43,"mai_ech":"maille","mai_obs":6,"a12":11.05,"a3":8.34},"geometry":{"type":"Polygon","coordinates":[[[6.6104,49.1355],[6.6031,49.1416],[6.5846,49.1427],[6.5989,49.152],[6.6115,49.1577],[6.6139,49.1622],[6.6245,49.1669],[6.6374,49.1636],[6.6298,49.154],[6.6295,49.148],[6.6363,49.1459],[6.6533,49.1448],[6.6417,49.1404],[6.6242,49.1398],[6.6104,49.1355]]]}},{"type":"Feature","properties":{"code":"57167","nom":"Dalstein","app":10.39,"app_bas":8.34,"app_haut":12.95,"app_ech":"maille","app_obs":1,"mai":9.64,"mai_bas":7,"mai_haut":13.28,"mai_ech":"maille","mai_obs":5,"a12":15.89,"a3":9.26},"geometry":{"type":"Polygon","coordinates":[[[6.4111,49.3163],[6.4263,49.3059],[6.4183,49.3012],[6.4033,49.3014],[6.3879,49.2975],[6.3783,49.3061],[6.4111,49.3163]]]}},{"type":"Feature","properties":{"code":"57722","nom":"Vionville","app":null,"app_bas":null,"app_haut":null,"app_ech":null,"app_obs":0,"mai":null,"mai_bas":null,"mai_haut":null,"mai_ech":null,"mai_obs":0,"a12":null,"a3":null},"geometry":{"type":"Polygon","coordinates":[[[5.9352,49.0721],[5.9418,49.0819],[5.9398,49.0858],[5.9247,49.0921],[5.9316,49.1091],[5.9727,49.1082],[5.9714,49.1028],[5.9557,49.0981],[5.9611,49.0901],[5.9512,49.0823],[5.9596,49.0718],[5.9572,49.0647],[5.9517,49.0617],[5.951,49.0646],[5.9352,49.0721]]]}},{"type":"Feature","properties":{"code":"57733","nom":"Volstroff","app":13.27,"app_bas":10.4,"app_haut":16.93,"app_ech":"maille","app_obs":55,"mai":9.64,"mai_bas":7,"mai_haut":13.28,"mai_ech":"maille","mai_obs":40,"a12":13.55,"a3":10.72},"geometry":{"type":"Polygon","coordinates":[[[6.24,49.2939],[6.2394,49.2972],[6.2198,49.3076],[6.2248,49.3153],[6.241,49.3144],[6.2528,49.3219],[6.2591,49.3211],[6.2742,49.3101],[6.2744,49.2998],[6.2736,49.2998],[6.2798,49.2903],[6.2649,49.2825],[6.2484,49.2763],[6.24,49.2939]]]}},{"type":"Feature","properties":{"code":"57312","nom":"Helstroff","app":9.56,"app_bas":8,"app_haut":11.43,"app_ech":"maille","app_obs":21,"mai":9.64,"mai_bas":7,"mai_haut":13.28,"mai_ech":"maille","mai_obs":14,"a12":12.14,"a3":7.78},"geometry":{"type":"Polygon","coordinates":[[[6.4706,49.1695],[6.4723,49.1705],[6.4869,49.1615],[6.4967,49.1631],[6.5003,49.1478],[6.5113,49.1458],[6.513,49.1394],[6.5001,49.1393],[6.4684,49.143],[6.4622,49.1457],[6.4584,49.1577],[6.4706,49.1695]]]}},{"type":"Feature","properties":{"code":"57364","nom":"Kirsch-lès-Sierck","app":13.86,"app_bas":10.73,"app_haut":17.9,"app_ech":"maille","app_obs":9,"mai":12.49,"mai_bas":8.98,"mai_haut":17.37,"mai_ech":"maille","mai_obs":0,"a12":17.34,"a3":12.32},"geometry":{"type":"Polygon","coordinates":[[[6.4013,49.4237],[6.3849,49.433],[6.3828,49.4422],[6.3892,49.4519],[6.3952,49.4482],[6.4234,49.4482],[6.4395,49.4358],[6.441,49.4277],[6.4285,49.4308],[6.4214,49.426],[6.4013,49.4237]]]}},{"type":"Feature","properties":{"code":"57396","nom":"Lessy","app":12.55,"app_bas":9.95,"app_haut":15.82,"app_ech":"maille","app_obs":47,"mai":10.22,"mai_bas":7.69,"mai_haut":13.58,"mai_ech":"maille","mai_obs":17,"a12":14.91,"a3":10.16},"geometry":{"type":"Polygon","coordinates":[[[6.1152,49.1256],[6.1038,49.123],[6.0995,49.114],[6.093,49.1147],[6.0885,49.1387],[6.0968,49.1351],[6.1083,49.134],[6.1152,49.1256]]]}},{"type":"Feature","properties":{"code":"57462","nom":"Metting","app":9.1,"app_bas":7.38,"app_haut":11.21,"app_ech":"maille","app_obs":32,"mai":10.01,"mai_bas":7.29,"mai_haut":13.75,"mai_ech":"maille","mai_obs":5,"a12":11.47,"a3":8.3},"geometry":{"type":"Polygon","coordinates":[[[7.2034,48.827],[7.22,48.8191],[7.219,48.8022],[7.2157,48.799],[7.1957,48.8006],[7.1877,48.8044],[7.1946,48.8161],[7.2034,48.827]]]}},{"type":"Feature","properties":{"code":"57034","nom":"Aspach","app":9.4,"app_bas":7.15,"app_haut":12.35,"app_ech":"maille","app_obs":2,"mai":8.93,"mai_bas":6.95,"mai_haut":11.48,"mai_ech":"maille","mai_obs":1,"a12":12.17,"a3":7.14},"geometry":{"type":"Polygon","coordinates":[[[6.9504,48.6488],[6.9505,48.6605],[6.9675,48.6596],[6.9792,48.6613],[6.986,48.6517],[6.9772,48.6444],[6.9504,48.6488]]]}},{"type":"Feature","properties":{"code":"57046","nom":"Baerenthal","app":11.61,"app_bas":8.84,"app_haut":15.24,"app_ech":"maille","app_obs":17,"mai":9.18,"mai_bas":7.02,"mai_haut":12.01,"mai_ech":"maille","mai_obs":1,"a12":12.9,"a3":9.07},"geometry":{"type":"Polygon","coordinates":[[[7.5132,48.9432],[7.4971,48.9462],[7.487,48.9501],[7.4796,48.9614],[7.4598,48.9624],[7.4516,48.968],[7.4797,48.9796],[7.4902,48.9855],[7.5018,48.9997],[7.503,49],[7.5186,48.9956],[7.5315,48.9974],[7.5454,48.9954],[7.5595,48.9882],[7.5699,48.9759],[7.5779,48.9698],[7.5799,48.9616],[7.5784,48.9574],[7.5638,48.951],[7.5515,48.9412],[7.5568,48.9363],[7.5383,48.933],[7.5264,48.9415],[7.5132,48.9432]]]}},{"type":"Feature","properties":{"code":"57074","nom":"Bettviller","app":8.52,"app_bas":6.67,"app_haut":10.88,"app_ech":"maille","app_obs":27,"mai":7.28,"mai_bas":5.68,"mai_haut":9.33,"mai_ech":"maille","mai_obs":8,"a12":10.7,"a3":8.28},"geometry":{"type":"Polygon","coordinates":[[[7.3444,49.0853],[7.3422,49.0805],[7.3216,49.0687],[7.3145,49.0692],[7.2969,49.0634],[7.285,49.0574],[7.276,49.0567],[7.2525,49.0597],[7.2468,49.0567],[7.2427,49.0621],[7.245,49.0746],[7.2722,49.0847],[7.2821,49.0902],[7.2993,49.0936],[7.3027,49.0993],[7.3154,49.0927],[7.324,49.0844],[7.3412,49.0906],[7.3444,49.0853]]]}},{"type":"Feature","properties":{"code":"57099","nom":"Bourdonnay","app":10.5,"app_bas":8.52,"app_haut":12.95,"app_ech":"maille","app_obs":18,"mai":7.25,"mai_bas":5.62,"mai_haut":9.35,"mai_ech":"maille","mai_obs":9,"a12":10.48,"a3":7.5},"geometry":{"type":"Polygon","coordinates":[[[6.7269,48.7065],[6.7256,48.7106],[6.7145,48.7103],[6.7075,48.7139],[6.7081,48.7257],[6.7041,48.7308],[6.6934,48.7319],[6.7102,48.7328],[6.7133,48.7439],[6.7233,48.7447],[6.7432,48.7424],[6.7539,48.7483],[6.7626,48.7459],[6.768,48.7372],[6.7546,48.7229],[6.755,48.7111],[6.7617,48.7022],[6.7456,48.6945],[6.7371,48.7034],[6.7269,48.7065]]]}},{"type":"Feature","properties":{"code":"57139","nom":"Chérisey","app":11.76,"app_bas":9.42,"app_haut":14.67,"app_ech":"maille","app_obs":9,"mai":11.96,"mai_bas":9.19,"mai_haut":15.57,"mai_ech":"maille","mai_obs":10,"a12":13.87,"a3":9.54},"geometry":{"type":"Polygon","coordinates":[[[6.2612,49.0151],[6.2704,49.0135],[6.2741,49.0075],[6.2579,49.0054],[6.2434,49.0001],[6.2379,49.0033],[6.2281,49.0014],[6.2255,49.0132],[6.232,49.0215],[6.2612,49.0151]]]}},{"type":"Feature","properties":{"code":"57712","nom":"Vic-sur-Seille","app":9.25,"app_bas":7.24,"app_haut":11.83,"app_ech":"commune","app_obs":237,"mai":8.52,"mai_bas":6.66,"mai_haut":10.91,"mai_ech":"maille","mai_obs":26,"a12":9.39,"a3":6.9},"geometry":{"type":"Polygon","coordinates":[[[6.5339,48.8043],[6.5427,48.8031],[6.5542,48.7983],[6.5649,48.7872],[6.5474,48.783],[6.5462,48.7779],[6.5519,48.7731],[6.5478,48.7551],[6.5386,48.7514],[6.5155,48.752],[6.5114,48.7488],[6.5026,48.7577],[6.4911,48.7651],[6.5028,48.7785],[6.4979,48.782],[6.5138,48.7869],[6.5178,48.7947],[6.5339,48.8043]]]}},{"type":"Feature","properties":{"code":"57211","nom":"Fèves","app":13.44,"app_bas":10.76,"app_haut":16.8,"app_ech":"maille","app_obs":14,"mai":10.22,"mai_bas":7.69,"mai_haut":13.58,"mai_ech":"maille","mai_obs":8,"a12":16.99,"a3":10.16},"geometry":{"type":"Polygon","coordinates":[[[6.1513,49.185],[6.1407,49.1842],[6.1115,49.1902],[6.0992,49.19],[6.0709,49.1791],[6.055,49.183],[6.0584,49.1898],[6.068,49.185],[6.0838,49.1894],[6.0992,49.196],[6.1214,49.1986],[6.1324,49.1903],[6.1505,49.1904],[6.1513,49.185]]]}},{"type":"Feature","properties":{"code":"57313","nom":"Hémilly","app":10.24,"app_bas":8.43,"app_haut":12.44,"app_ech":"maille","app_obs":5,"mai":8.84,"mai_bas":7.29,"mai_haut":10.72,"mai_ech":"maille","mai_obs":3,"a12":10.16,"a3":7.78},"geometry":{"type":"Polygon","coordinates":[[[6.5219,49.031],[6.4885,49.0319],[6.4816,49.0378],[6.4753,49.0458],[6.4643,49.0333],[6.4539,49.0339],[6.4537,49.0422],[6.4488,49.0531],[6.4605,49.0519],[6.484,49.0589],[6.4931,49.0691],[6.5069,49.0738],[6.5129,49.0593],[6.5094,49.0498],[6.5163,49.0452],[6.5284,49.045],[6.5293,49.0375],[6.5219,49.031]]]}},{"type":"Feature","properties":{"code":"57335","nom":"Honskirch","app":9.72,"app_bas":7.78,"app_haut":12.14,"app_ech":"maille","app_obs":0,"mai":8.68,"mai_bas":6.64,"mai_haut":11.36,"mai_ech":"epci","mai_obs":1,"a12":9.73,"a3":7.89},"geometry":{"type":"Polygon","coordinates":[[[6.9601,48.952],[6.9631,48.95],[6.9868,48.9496],[6.9818,48.9419],[6.9789,48.9333],[6.9711,48.928],[6.9608,48.9254],[6.9473,48.9349],[6.9384,48.9393],[6.9417,48.9454],[6.9601,48.952]]]}},{"type":"Feature","properties":{"code":"57386","nom":"Laudrefang","app":8.3,"app_bas":6.78,"app_haut":10.17,"app_ech":"maille","app_obs":18,"mai":8.09,"mai_bas":6.27,"mai_haut":10.43,"mai_ech":"maille","mai_obs":2,"a12":10.16,"a3":8.31},"geometry":{"type":"Polygon","coordinates":[[[6.6588,49.0784],[6.6427,49.0688],[6.6338,49.0687],[6.6318,49.0833],[6.6271,49.0922],[6.6308,49.0971],[6.6398,49.0962],[6.6462,49.0904],[6.6598,49.0891],[6.6588,49.0784]]]}},{"type":"Feature","properties":{"code":"57401","nom":"Lidrezing","app":8.02,"app_bas":6.45,"app_haut":9.98,"app_ech":"maille","app_obs":4,"mai":7.65,"mai_bas":6.08,"mai_haut":9.62,"mai_ech":"maille","mai_obs":5,"a12":10.49,"a3":7.39},"geometry":{"type":"Polygon","coordinates":[[[6.6856,48.8756],[6.6887,48.8838],[6.6987,48.8902],[6.7095,48.8911],[6.7262,48.9024],[6.7356,48.9051],[6.7392,48.9015],[6.739,48.8849],[6.7256,48.8791],[6.7241,48.8736],[6.715,48.8679],[6.7147,48.8627],[6.7042,48.8553],[6.6973,48.8695],[6.6856,48.8756]]]}},{"type":"Feature","properties":{"code":"57524","nom":"Ommeray","app":8.76,"app_bas":6.87,"app_haut":11.17,"app_ech":"maille","app_obs":7,"mai":7.65,"mai_bas":6.08,"mai_haut":9.62,"mai_ech":"maille","mai_obs":1,"a12":9.39,"a3":7.07},"geometry":{"type":"Polygon","coordinates":[[[6.7269,48.7065],[6.708,48.7071],[6.6908,48.7039],[6.6776,48.7047],[6.6652,48.709],[6.6588,48.7168],[6.6726,48.7313],[6.6808,48.7355],[6.6934,48.7319],[6.7041,48.7308],[6.7081,48.7257],[6.7075,48.7139],[6.7145,48.7103],[6.7256,48.7106],[6.7269,48.7065]]]}},{"type":"Feature","properties":{"code":"57624","nom":"Sainte-Ruffine","app":14.26,"app_bas":11.43,"app_haut":17.79,"app_ech":"maille","app_obs":49,"mai":10.22,"mai_bas":7.69,"mai_haut":13.58,"mai_ech":"maille","mai_obs":7,"a12":13.5,"a3":10.52},"geometry":{"type":"Polygon","coordinates":[[[6.0882,49.1052],[6.0986,49.1103],[6.1002,49.1092],[6.0955,49.1019],[6.0882,49.1052]]]}},{"type":"Feature","properties":{"code":"57645","nom":"Semécourt","app":13.44,"app_bas":10.76,"app_haut":16.8,"app_ech":"maille","app_obs":25,"mai":12.51,"mai_bas":9.5,"mai_haut":16.46,"mai_ech":"maille","mai_obs":26,"a12":16.99,"a3":10.98},"geometry":{"type":"Polygon","coordinates":[[[6.1371,49.2058],[6.1494,49.1999],[6.1505,49.1904],[6.1324,49.1903],[6.1214,49.1986],[6.1371,49.2058]]]}},{"type":"Feature","properties":{"code":"57693","nom":"Vantoux","app":15.66,"app_bas":12.19,"app_haut":20.11,"app_ech":"maille","app_obs":49,"mai":12.23,"mai_bas":8.79,"mai_haut":17.02,"mai_ech":"maille","mai_obs":6,"a12":15.31,"a3":11.84},"geometry":{"type":"Polygon","coordinates":[[[6.2316,49.1446],[6.2435,49.1447],[6.224,49.1386],[6.2436,49.1288],[6.2456,49.1206],[6.2427,49.1197],[6.2337,49.1207],[6.2188,49.1377],[6.2316,49.1446]]]}},{"type":"Feature","properties":{"code":"57106","nom":"Bouzonville","app":11.08,"app_bas":8.63,"app_haut":14.23,"app_ech":"commune","app_obs":522,"mai":9.64,"mai_bas":7,"mai_haut":13.28,"mai_ech":"maille","mai_obs":40,"a12":11.99,"a3":8.82},"geometry":{"type":"Polygon","coordinates":[[[6.495,49.3113],[6.5014,49.3123],[6.5215,49.3054],[6.5359,49.312],[6.5563,49.3124],[6.5702,49.3113],[6.5806,49.2978],[6.5841,49.2982],[6.585,49.2963],[6.5701,49.2877],[6.5539,49.288],[6.5413,49.2807],[6.5343,49.2818],[6.5297,49.288],[6.5178,49.2872],[6.495,49.3041],[6.495,49.3113]]]}},{"type":"Feature","properties":{"code":"57237","nom":"Frémestroff","app":9.21,"app_bas":7.43,"app_haut":11.42,"app_ech":"maille","app_obs":6,"mai":8.6,"mai_bas":6.59,"mai_haut":11.23,"mai_ech":"maille","mai_obs":1,"a12":12.86,"a3":7.69},"geometry":{"type":"Polygon","coordinates":[[[6.8014,49.0261],[6.8071,49.0116],[6.7997,49.0054],[6.7902,49.0072],[6.7617,49.0086],[6.7552,49.0126],[6.786,49.0246],[6.8014,49.0261]]]}},{"type":"Feature","properties":{"code":"57254","nom":"Gorze","app":10.23,"app_bas":8.23,"app_haut":12.72,"app_ech":"maille","app_obs":82,"mai":8.1,"mai_bas":6.21,"mai_haut":10.56,"mai_ech":"maille","mai_obs":12,"a12":11.11,"a3":10.6},"geometry":{"type":"Polygon","coordinates":[[[6.0052,49.0845],[6.0199,49.0797],[6.0234,49.0677],[6.012,49.0653],[6.0215,49.0533],[6.0274,49.0509],[6.0244,49.0446],[6.0127,49.0374],[6.0055,49.0344],[5.9854,49.042],[5.9716,49.041],[5.9576,49.0478],[5.9517,49.0617],[5.9572,49.0647],[5.9596,49.0718],[5.9746,49.0751],[5.9848,49.07],[5.9952,49.0708],[6.0044,49.0768],[6.0052,49.0845]]]}},{"type":"Feature","properties":{"code":"57479","nom":"Montenach","app":13.86,"app_bas":10.73,"app_haut":17.9,"app_ech":"maille","app_obs":16,"mai":12.49,"mai_bas":8.98,"mai_haut":17.37,"mai_ech":"maille","mai_obs":9,"a12":17.34,"a3":12.32},"geometry":{"type":"Polygon","coordinates":[[[6.4013,49.4237],[6.4019,49.4168],[6.4103,49.4057],[6.407,49.3943],[6.4037,49.398],[6.377,49.4024],[6.3682,49.4052],[6.3617,49.4143],[6.3709,49.4269],[6.3849,49.433],[6.4013,49.4237]]]}},{"type":"Feature","properties":{"code":"57637","nom":"Schneckenbusch","app":9.1,"app_bas":7.38,"app_haut":11.21,"app_ech":"maille","app_obs":8,"mai":9.39,"mai_bas":7.47,"mai_haut":11.81,"mai_ech":"maille","mai_obs":4,"a12":11.47,"a3":8.32},"geometry":{"type":"Polygon","coordinates":[[[7.0749,48.6878],[7.0788,48.6972],[7.0746,48.7076],[7.0868,48.7088],[7.087,48.6811],[7.0749,48.6878]]]}},{"type":"Feature","properties":{"code":"57051","nom":"Baronville","app":10.5,"app_bas":8.52,"app_haut":12.95,"app_ech":"maille","app_obs":32,"mai":8.09,"mai_bas":6.27,"mai_haut":10.43,"mai_ech":"maille","mai_obs":9,"a12":10.48,"a3":8.6},"geometry":{"type":"Polygon","coordinates":[[[6.6372,48.9477],[6.6238,48.9283],[6.6017,48.9235],[6.5956,48.9322],[6.6062,48.944],[6.6018,48.9508],[6.6259,48.9512],[6.6372,48.9477]]]}},{"type":"Feature","properties":{"code":"57071","nom":"Bettborn","app":9.64,"app_bas":7.55,"app_haut":12.31,"app_ech":"maille","app_obs":4,"mai":8.6,"mai_bas":6.59,"mai_haut":11.23,"mai_ech":"maille","mai_obs":7,"a12":11.47,"a3":7.14},"geometry":{"type":"Polygon","coordinates":[[[7.0212,48.8208],[7.0439,48.819],[7.0471,48.8206],[7.0524,48.8148],[7.0454,48.8091],[7.0492,48.8041],[7.0198,48.7929],[7.0076,48.7911],[7.012,48.8041],[7.0083,48.8076],[7.0187,48.8133],[7.0212,48.8208]]]}},{"type":"Feature","properties":{"code":"57072","nom":"Bettelainville","app":13.25,"app_bas":10.37,"app_haut":16.92,"app_ech":"maille","app_obs":44,"mai":9.64,"mai_bas":7,"mai_haut":13.28,"mai_ech":"maille","mai_obs":10,"a12":13.55,"a3":11.39},"geometry":{"type":"Polygon","coordinates":[[[6.2844,49.2579],[6.2978,49.2559],[6.3286,49.2656],[6.3366,49.2644],[6.3333,49.2575],[6.3409,49.2473],[6.3398,49.2402],[6.3334,49.2306],[6.3235,49.2247],[6.3006,49.2309],[6.2901,49.2296],[6.2882,49.2374],[6.2801,49.2527],[6.2844,49.2579]]]}},{"type":"Feature","properties":{"code":"57743","nom":"Waltembourg","app":9.1,"app_bas":7.38,"app_haut":11.21,"app_ech":"maille","app_obs":0,"mai":9.39,"mai_bas":7.47,"mai_haut":11.81,"mai_ech":"maille","mai_obs":1,"a12":11.39,"a3":8.3},"geometry":{"type":"Polygon","coordinates":[[[7.2079,48.748],[7.1947,48.7418],[7.1915,48.7496],[7.1856,48.7518],[7.1875,48.7551],[7.2013,48.7555],[7.2079,48.748]]]}},{"type":"Feature","properties":{"code":"57225","nom":"Fonteny","app":7.76,"app_bas":6.3,"app_haut":9.57,"app_ech":"maille","app_obs":0,"mai":8.36,"mai_bas":6.36,"mai_haut":11,"mai_ech":"epci","mai_obs":0,"a12":12.45,"a3":7},"geometry":{"type":"Polygon","coordinates":[[[6.5159,48.8748],[6.5062,48.8684],[6.4987,48.8583],[6.469,48.8525],[6.4625,48.8566],[6.4542,48.8793],[6.4439,48.8787],[6.4556,48.8958],[6.4678,48.9031],[6.4812,48.8894],[6.501,48.8864],[6.5159,48.8748]]]}},{"type":"Feature","properties":{"code":"57309","nom":"Heining-lès-Bouzonville","app":11.8,"app_bas":9.22,"app_haut":15.1,"app_ech":"maille","app_obs":13,"mai":9.64,"mai_bas":7,"mai_haut":13.28,"mai_ech":"maille","mai_obs":14,"a12":13.55,"a3":9.26},"geometry":{"type":"Polygon","coordinates":[[[6.5889,49.3221],[6.6011,49.3151],[6.6175,49.3022],[6.6254,49.3022],[6.6318,49.296],[6.6222,49.29],[6.6152,49.2972],[6.5923,49.3005],[6.5806,49.2978],[6.5702,49.3113],[6.5889,49.3221]]]}},{"type":"Feature","properties":{"code":"57355","nom":"Kalhausen","app":8.52,"app_bas":6.67,"app_haut":10.88,"app_ech":"maille","app_obs":58,"mai":7.28,"mai_bas":5.68,"mai_haut":9.33,"mai_ech":"maille","mai_obs":16,"a12":10.7,"a3":8.28},"geometry":{"type":"Polygon","coordinates":[[[7.1615,49.0023],[7.1613,49.006],[7.1305,49.0046],[7.1219,49.0233],[7.1195,49.0372],[7.134,49.044],[7.1509,49.0478],[7.1555,49.0418],[7.1537,49.0289],[7.1614,49.0295],[7.1663,49.0203],[7.177,49.0171],[7.1742,49.0064],[7.1615,49.0023]]]}},{"type":"Feature","properties":{"code":"57480","nom":"Montigny-lès-Metz","app":13.34,"app_bas":10.66,"app_haut":16.69,"app_ech":"commune","app_obs":3525,"mai":10.61,"mai_bas":7.97,"mai_haut":14.11,"mai_ech":"commune","mai_obs":137,"a12":15.63,"a3":11.66},"geometry":{"type":"Polygon","coordinates":[[[6.1441,49.0895],[6.1276,49.1046],[6.14,49.1045],[6.1423,49.1113],[6.1516,49.1082],[6.1602,49.1085],[6.164,49.1058],[6.1577,49.0991],[6.1691,49.0961],[6.1792,49.0847],[6.1647,49.0813],[6.1551,49.0836],[6.1441,49.0895]]]}},{"type":"Feature","properties":{"code":"57489","nom":"Mouterhouse","app":8.14,"app_bas":6.5,"app_haut":10.19,"app_ech":"maille","app_obs":0,"mai":9.18,"mai_bas":7.02,"mai_haut":12.01,"mai_ech":"maille","mai_obs":0,"a12":11.13,"a3":9},"geometry":{"type":"Polygon","coordinates":[[[7.425,49.0162],[7.4469,49.0154],[7.4605,49.0211],[7.479,49.0255],[7.4898,49.0212],[7.4881,49.0122],[7.5018,48.9997],[7.4902,48.9855],[7.4797,48.9796],[7.4516,48.968],[7.4329,48.9619],[7.3975,48.9564],[7.3923,48.9527],[7.3799,48.9512],[7.3681,48.9535],[7.3677,48.9559],[7.3759,48.9537],[7.3951,48.9589],[7.3829,48.9639],[7.3954,48.972],[7.3904,48.9797],[7.3812,48.9835],[7.3838,48.9911],[7.3891,48.9932],[7.4007,49.0076],[7.425,49.0162]]]}},{"type":"Feature","properties":{"code":"57597","nom":"Rosselange","app":11.2,"app_bas":9.08,"app_haut":13.82,"app_ech":"commune","app_obs":141,"mai":11.91,"mai_bas":9.07,"mai_haut":15.66,"mai_ech":"maille","mai_obs":32,"a12":14.54,"a3":9.36},"geometry":{"type":"Polygon","coordinates":[[[6.0449,49.2734],[6.0448,49.2798],[6.0511,49.2842],[6.0641,49.2806],[6.0658,49.272],[6.0805,49.2604],[6.0831,49.2559],[6.0609,49.2502],[6.0499,49.2636],[6.0449,49.2734]]]}},{"type":"Feature","properties":{"code":"57640","nom":"Schwerdorff","app":11.8,"app_bas":9.22,"app_haut":15.1,"app_ech":"maille","app_obs":1,"mai":12.49,"mai_bas":8.98,"mai_haut":17.37,"mai_ech":"maille","mai_obs":2,"a12":13.55,"a3":10.69},"geometry":{"type":"Polygon","coordinates":[[[6.5566,49.3674],[6.5445,49.3747],[6.5556,49.378],[6.552,49.3945],[6.5634,49.3881],[6.5736,49.3893],[6.5871,49.3849],[6.5839,49.3686],[6.5944,49.3715],[6.6019,49.3668],[6.5901,49.3547],[6.5848,49.3535],[6.5696,49.3577],[6.5566,49.3674]]]}},{"type":"Feature","properties":{"code":"57667","nom":"Téterchen","app":9.43,"app_bas":7.58,"app_haut":11.75,"app_ech":"maille","app_obs":59,"mai":9.64,"mai_bas":7,"mai_haut":13.28,"mai_ech":"maille","mai_obs":8,"a12":12.14,"a3":8.48},"geometry":{"type":"Polygon","coordinates":[[[6.5622,49.2464],[6.5711,49.246],[6.5844,49.2407],[6.5871,49.2321],[6.5988,49.2309],[6.5861,49.2271],[6.5782,49.2204],[6.5764,49.2145],[6.5669,49.2119],[6.5618,49.2166],[6.5497,49.2204],[6.5402,49.2296],[6.5491,49.2339],[6.5535,49.2418],[6.5622,49.2464]]]}},{"type":"Feature","properties":{"code":"57686","nom":"Vahl-lès-Faulquemont","app":9.21,"app_bas":7.43,"app_haut":11.42,"app_ech":"maille","app_obs":15,"mai":8.09,"mai_bas":6.27,"mai_haut":10.43,"mai_ech":"maille","mai_obs":8,"a12":10.16,"a3":8.6},"geometry":{"type":"Polygon","coordinates":[[[6.6469,49.0302],[6.643,49.0157],[6.6566,49.0025],[6.6488,49.0029],[6.6419,49.0085],[6.6298,49.0121],[6.6114,49.0201],[6.6076,49.0273],[6.6131,49.0333],[6.6276,49.0365],[6.6469,49.0302]]]}},{"type":"Feature","properties":{"code":"57177","nom":"Dieuze","app":9.85,"app_bas":7.79,"app_haut":12.45,"app_ech":"commune","app_obs":736,"mai":7.65,"mai_bas":6.08,"mai_haut":9.62,"mai_ech":"maille","mai_obs":65,"a12":9.81,"a3":7.68},"geometry":{"type":"Polygon","coordinates":[[[6.7298,48.8286],[6.738,48.8238],[6.7436,48.8136],[6.7377,48.8115],[6.7293,48.801],[6.7189,48.7942],[6.7171,48.7869],[6.6977,48.7878],[6.6945,48.7961],[6.6975,48.8018],[6.702,48.8161],[6.7188,48.8245],[6.7298,48.8286]]]}},{"type":"Feature","properties":{"code":"57264","nom":"Guebenhouse","app":11.2,"app_bas":8.65,"app_haut":14.5,"app_ech":"maille","app_obs":23,"mai":9.68,"mai_bas":7.49,"mai_haut":12.52,"mai_ech":"maille","mai_obs":4,"a12":10.49,"a3":7.89},"geometry":{"type":"Polygon","coordinates":[[[6.9374,49.0838],[6.9456,49.0878],[6.9508,49.0805],[6.9715,49.0838],[6.9762,49.08],[6.9591,49.068],[6.9287,49.069],[6.932,49.0819],[6.9374,49.0838]]]}},{"type":"Feature","properties":{"code":"57423","nom":"Lubécourt","app":7.76,"app_bas":6.3,"app_haut":9.57,"app_ech":"maille","app_obs":5,"mai":8.36,"mai_bas":6.36,"mai_haut":11,"mai_ech":"epci","mai_obs":0,"a12":13.32,"a3":7},"geometry":{"type":"Polygon","coordinates":[[[6.4894,48.8564],[6.4987,48.8583],[6.5059,48.8515],[6.5208,48.8445],[6.5304,48.8363],[6.52,48.8294],[6.5166,48.8344],[6.5057,48.8378],[6.4894,48.8564]]]}},{"type":"Feature","properties":{"code":"57560","nom":"Racrange","app":10.5,"app_bas":8.52,"app_haut":12.95,"app_ech":"maille","app_obs":37,"mai":7.65,"mai_bas":6.08,"mai_haut":9.62,"mai_ech":"maille","mai_obs":13,"a12":10.48,"a3":8.6},"geometry":{"type":"Polygon","coordinates":[[[6.6752,48.9383],[6.6868,48.9351],[6.6922,48.9379],[6.7032,48.9205],[6.6893,48.9181],[6.6809,48.9116],[6.6677,48.9132],[6.6578,48.9214],[6.6639,48.9362],[6.6752,48.9383]]]}},{"type":"Feature","properties":{"code":"57565","nom":"Rédange","app":15.25,"app_bas":11.44,"app_haut":20.34,"app_ech":"maille","app_obs":62,"mai":12.85,"mai_bas":9.56,"mai_haut":17.26,"mai_ech":"maille","mai_obs":13,"a12":17.39,"a3":12.5},"geometry":{"type":"Polygon","coordinates":[[[5.897,49.4811],[5.8934,49.4969],[5.9131,49.5019],[5.9276,49.4982],[5.9388,49.4979],[5.9443,49.4914],[5.938,49.4861],[5.9296,49.4853],[5.9175,49.4826],[5.9029,49.4838],[5.897,49.4811]]]}},{"type":"Feature","properties":{"code":"57648","nom":"Servigny-lès-Raville","app":10.24,"app_bas":8.43,"app_haut":12.44,"app_ech":"maille","app_obs":46,"mai":8.84,"mai_bas":7.29,"mai_haut":10.72,"mai_ech":"maille","mai_obs":15,"a12":12.45,"a3":9.52},"geometry":{"type":"Polygon","coordinates":[[[6.4167,49.0663],[6.412,49.0731],[6.4013,49.0758],[6.4006,49.0853],[6.4151,49.0852],[6.424,49.099],[6.4373,49.0934],[6.4457,49.0952],[6.4663,49.0882],[6.4703,49.0783],[6.4831,49.0726],[6.4833,49.0668],[6.4746,49.0709],[6.4661,49.0653],[6.4564,49.0625],[6.4377,49.0676],[6.4239,49.0649],[6.4167,49.0663]]]}},{"type":"Feature","properties":{"code":"57736","nom":"Vry","app":13.25,"app_bas":10.37,"app_haut":16.92,"app_ech":"maille","app_obs":18,"mai":11.96,"mai_bas":9.19,"mai_haut":15.57,"mai_ech":"maille","mai_obs":3,"a12":13.55,"a3":10.72},"geometry":{"type":"Polygon","coordinates":[[[6.3546,49.2068],[6.3788,49.2203],[6.3778,49.2137],[6.3812,49.206],[6.3933,49.2005],[6.3888,49.1945],[6.3989,49.1867],[6.3969,49.1804],[6.3918,49.1873],[6.3795,49.1873],[6.3631,49.194],[6.3536,49.1825],[6.3514,49.1726],[6.3428,49.1735],[6.3319,49.1684],[6.3186,49.1839],[6.3114,49.1857],[6.3205,49.1952],[6.3475,49.2014],[6.3546,49.2068]]]}},{"type":"Feature","properties":{"code":"57196","nom":"Erching","app":8.52,"app_bas":6.67,"app_haut":10.88,"app_ech":"maille","app_obs":13,"mai":7.28,"mai_bas":5.68,"mai_haut":9.33,"mai_ech":"maille","mai_obs":2,"a12":10.7,"a3":8.28},"geometry":{"type":"Polygon","coordinates":[[[7.2896,49.1077],[7.2697,49.1039],[7.2539,49.1032],[7.2427,49.1064],[7.2422,49.1107],[7.2491,49.1274],[7.2663,49.1226],[7.2809,49.1241],[7.2863,49.1176],[7.2934,49.1152],[7.2896,49.1077]]]}},{"type":"Feature","properties":{"code":"57215","nom":"Flastroff","app":11.8,"app_bas":9.22,"app_haut":15.1,"app_ech":"maille","app_obs":7,"mai":12.49,"mai_bas":8.98,"mai_haut":17.37,"mai_ech":"maille","mai_obs":4,"a12":13.55,"a3":10.69},"geometry":{"type":"Polygon","coordinates":[[[6.5566,49.3674],[6.5386,49.3625],[6.5264,49.3566],[6.514,49.3478],[6.5066,49.3468],[6.5175,49.3578],[6.5161,49.3677],[6.5292,49.3781],[6.5304,49.3855],[6.5369,49.3967],[6.5405,49.4011],[6.5502,49.3999],[6.5556,49.378],[6.5445,49.3747],[6.5566,49.3674]]]}},{"type":"Feature","properties":{"code":"57318","nom":"Hermelange","app":10.52,"app_bas":8.14,"app_haut":13.61,"app_ech":"maille","app_obs":6,"mai":8.93,"mai_bas":6.95,"mai_haut":11.48,"mai_ech":"maille","mai_obs":4,"a12":12.17,"a3":8.32},"geometry":{"type":"Polygon","coordinates":[[[6.9999,48.6843],[7.0135,48.6921],[7.0303,48.6804],[7.0191,48.6711],[7.0101,48.6789],[6.9999,48.6843]]]}},{"type":"Feature","properties":{"code":"57322","nom":"Hestroff","app":10.39,"app_bas":8.34,"app_haut":12.95,"app_ech":"maille","app_obs":6,"mai":9.64,"mai_bas":7,"mai_haut":13.28,"mai_ech":"maille","mai_obs":5,"a12":15.89,"a3":10.72},"geometry":{"type":"Polygon","coordinates":[[[6.3884,49.2535],[6.3969,49.2596],[6.4139,49.2669],[6.4333,49.2799],[6.4392,49.2793],[6.4512,49.2676],[6.4578,49.2563],[6.4474,49.2505],[6.439,49.2544],[6.4206,49.255],[6.4161,49.2607],[6.3884,49.2535]]]}},{"type":"Feature","properties":{"code":"57412","nom":"Longeville-lès-Metz","app":13.39,"app_bas":10.7,"app_haut":16.77,"app_ech":"commune","app_obs":822,"mai":10.22,"mai_bas":7.69,"mai_haut":13.58,"mai_ech":"maille","mai_obs":20,"a12":17.12,"a3":11.85},"geometry":{"type":"Polygon","coordinates":[[[6.1423,49.1113],[6.1285,49.1103],[6.1263,49.1161],[6.1317,49.1214],[6.1666,49.1173],[6.1602,49.1085],[6.1516,49.1082],[6.1423,49.1113]]]}},{"type":"Feature","properties":{"code":"57475","nom":"Mondorff","app":14.73,"app_bas":10.69,"app_haut":20.3,"app_ech":"maille","app_obs":67,"mai":17,"mai_bas":12.23,"mai_haut":23.63,"mai_ech":"maille","mai_obs":10,"a12":19.78,"a3":15.06},"geometry":{"type":"Polygon","coordinates":[[[6.2356,49.5081],[6.2446,49.5104],[6.2564,49.51],[6.2624,49.5047],[6.2791,49.5034],[6.2806,49.4942],[6.2517,49.497],[6.2324,49.5027],[6.2356,49.5081]]]}},{"type":"Feature","properties":{"code":"57482","nom":"Montoy-Flanville","app":12.15,"app_bas":9.85,"app_haut":14.98,"app_ech":"maille","app_obs":56,"mai":11.96,"mai_bas":9.19,"mai_haut":15.57,"mai_ech":"maille","mai_obs":20,"a12":13.87,"a3":11.84},"geometry":{"type":"Polygon","coordinates":[[[6.2761,49.1292],[6.2785,49.1264],[6.2931,49.1261],[6.3035,49.129],[6.3181,49.1211],[6.319,49.1184],[6.2985,49.1104],[6.289,49.1104],[6.2641,49.1157],[6.2596,49.1232],[6.2761,49.1292]]]}},{"type":"Feature","properties":{"code":"57531","nom":"Oudrenne","app":13.27,"app_bas":10.4,"app_haut":16.93,"app_ech":"maille","app_obs":19,"mai":17,"mai_bas":12.23,"mai_haut":23.63,"mai_ech":"maille","mai_obs":6,"a12":13.55,"a3":10.69},"geometry":{"type":"Polygon","coordinates":[[[6.3724,49.3493],[6.3624,49.3575],[6.3461,49.3537],[6.3422,49.3549],[6.3248,49.3514],[6.3157,49.3565],[6.3054,49.3586],[6.3166,49.365],[6.3115,49.3806],[6.3172,49.3885],[6.3189,49.3986],[6.3279,49.3998],[6.345,49.3938],[6.3458,49.3814],[6.3532,49.3718],[6.3598,49.3735],[6.362,49.3809],[6.3691,49.3823],[6.3796,49.3749],[6.4047,49.3681],[6.3812,49.351],[6.383,49.3497],[6.3724,49.3493]]]}},{"type":"Feature","properties":{"code":"57561","nom":"Rahling","app":9.53,"app_bas":7.31,"app_haut":12.44,"app_ech":"maille","app_obs":51,"mai":7.28,"mai_bas":5.68,"mai_haut":9.33,"mai_ech":"maille","mai_obs":9,"a12":11.29,"a3":8.28},"geometry":{"type":"Polygon","coordinates":[[[7.2939,48.9726],[7.2585,48.9814],[7.245,48.987],[7.236,48.9878],[7.2093,48.9801],[7.196,48.9936],[7.1862,48.9938],[7.1919,49.0037],[7.2015,49.0153],[7.2083,49.02],[7.2162,49.0148],[7.2419,49.0133],[7.2668,49.0072],[7.2646,49.0042],[7.2817,48.9963],[7.2911,48.9887],[7.2905,48.9835],[7.2956,48.9739],[7.2939,48.9726]]]}},{"type":"Feature","properties":{"code":"57727","nom":"Viviers","app":9.3,"app_bas":7.23,"app_haut":11.95,"app_ech":"maille","app_obs":0,"mai":8.36,"mai_bas":6.36,"mai_haut":11,"mai_ech":"epci","mai_obs":0,"a12":12.45,"a3":7},"geometry":{"type":"Polygon","coordinates":[[[6.41,48.8909],[6.4205,48.897],[6.4357,48.9029],[6.4438,48.904],[6.4658,48.9116],[6.4677,48.9087],[6.4678,48.9031],[6.4556,48.8958],[6.4439,48.8787],[6.4279,48.881],[6.4088,48.8888],[6.41,48.8909]]]}},{"type":"Feature","properties":{"code":"57443","nom":"Marange-Silvange","app":12.57,"app_bas":10.19,"app_haut":15.5,"app_ech":"commune","app_obs":251,"mai":12.51,"mai_bas":9.5,"mai_haut":16.46,"mai_ech":"maille","mai_obs":35,"a12":17.39,"a3":10.5},"geometry":{"type":"Polygon","coordinates":[[[6.0992,49.196],[6.0858,49.2],[6.08,49.2029],[6.0684,49.1995],[6.0671,49.2104],[6.0687,49.2148],[6.0942,49.2159],[6.1166,49.2205],[6.1151,49.2352],[6.1235,49.2419],[6.1372,49.2412],[6.1443,49.2432],[6.1485,49.2314],[6.1406,49.2241],[6.1424,49.2149],[6.1345,49.2098],[6.1371,49.2058],[6.1214,49.1986],[6.0992,49.196]]]}},{"type":"Feature","properties":{"code":"57535","nom":"Petit-Réderching","app":8.14,"app_bas":6.5,"app_haut":10.19,"app_ech":"maille","app_obs":99,"mai":7.28,"mai_bas":5.68,"mai_haut":9.33,"mai_ech":"maille","mai_obs":20,"a12":11.13,"a3":7.13},"geometry":{"type":"Polygon","coordinates":[[[7.3216,49.0687],[7.3301,49.0672],[7.3416,49.0708],[7.3463,49.0691],[7.3477,49.0636],[7.3249,49.0385],[7.3109,49.0354],[7.298,49.0419],[7.2948,49.0509],[7.285,49.0574],[7.2969,49.0634],[7.3145,49.0692],[7.3216,49.0687]]]}},{"type":"Feature","properties":{"code":"57617","nom":"Saint-Jure","app":11.41,"app_bas":9.1,"app_haut":14.31,"app_ech":"maille","app_obs":4,"mai":10.95,"mai_bas":8.41,"mai_haut":14.25,"mai_ech":"maille","mai_obs":3,"a12":12.89,"a3":9.54},"geometry":{"type":"Polygon","coordinates":[[[6.2365,48.9594],[6.247,48.9563],[6.2626,48.9335],[6.2513,48.9267],[6.2371,48.9249],[6.2267,48.9273],[6.2257,48.9369],[6.2058,48.9396],[6.2033,48.9573],[6.217,48.9591],[6.2269,48.9537],[6.2365,48.9594]]]}},{"type":"Feature","properties":{"code":"57022","nom":"Angevillers","app":15.15,"app_bas":11.54,"app_haut":19.89,"app_ech":"maille","app_obs":46,"mai":12.49,"mai_bas":8.98,"mai_haut":17.37,"mai_ech":"maille","mai_obs":15,"a12":16.39,"a3":12.03},"geometry":{"type":"Polygon","coordinates":[[[6.0325,49.3688],[6.0179,49.3775],[6.0219,49.38],[6.0202,49.394],[6.0356,49.3967],[6.0392,49.4027],[6.0396,49.4115],[6.0447,49.3997],[6.0487,49.3974],[6.0603,49.4035],[6.0781,49.3974],[6.0737,49.3935],[6.063,49.3925],[6.0546,49.3776],[6.0325,49.3688]]]}},{"type":"Feature","properties":{"code":"57721","nom":"Vilsberg","app":10.52,"app_bas":8.14,"app_haut":13.61,"app_ech":"maille","app_obs":2,"mai":10.01,"mai_bas":7.29,"mai_haut":13.75,"mai_ech":"maille","mai_obs":1,"a12":11.47,"a3":8.3},"geometry":{"type":"Polygon","coordinates":[[[7.2912,48.794],[7.2709,48.7895],[7.2645,48.7834],[7.2527,48.7785],[7.2417,48.7792],[7.2351,48.7886],[7.2392,48.7889],[7.2609,48.7975],[7.2701,48.8025],[7.2912,48.794]]]}},{"type":"Feature","properties":{"code":"57252","nom":"Gomelange","app":9.43,"app_bas":7.58,"app_haut":11.75,"app_ech":"maille","app_obs":14,"mai":9.64,"mai_bas":7,"mai_haut":13.28,"mai_ech":"maille","mai_obs":4,"a12":13.55,"a3":8.48},"geometry":{"type":"Polygon","coordinates":[[[6.4474,49.2505],[6.4578,49.2563],[6.4798,49.2576],[6.4836,49.2564],[6.4823,49.2507],[6.4741,49.2467],[6.4767,49.2392],[6.4753,49.232],[6.4865,49.2319],[6.483,49.2262],[6.4696,49.2226],[6.4673,49.2193],[6.462,49.2147],[6.4593,49.2191],[6.4579,49.2273],[6.437,49.23],[6.4307,49.234],[6.4474,49.2464],[6.4474,49.2505]]]}},{"type":"Feature","properties":{"code":"57301","nom":"Haspelschiedt","app":9.56,"app_bas":7.54,"app_haut":12.12,"app_ech":"maille","app_obs":0,"mai":9.18,"mai_bas":7.02,"mai_haut":12.01,"mai_ech":"maille","mai_obs":2,"a12":11.13,"a3":9},"geometry":{"type":"Polygon","coordinates":[[[7.4647,49.0776],[7.455,49.0913],[7.4556,49.0974],[7.464,49.1116],[7.4816,49.1151],[7.4818,49.1034],[7.4899,49.094],[7.5034,49.091],[7.5072,49.0927],[7.5203,49.0894],[7.5251,49.0795],[7.5391,49.0632],[7.5536,49.055],[7.518,49.0511],[7.4999,49.0513],[7.4832,49.0545],[7.4674,49.0672],[7.4647,49.0776]]]}},{"type":"Feature","properties":{"code":"57476","nom":"Monneren","app":13.27,"app_bas":10.4,"app_haut":16.93,"app_ech":"maille","app_obs":4,"mai":12.49,"mai_bas":8.98,"mai_haut":17.37,"mai_ech":"maille","mai_obs":3,"a12":13.55,"a3":10.69},"geometry":{"type":"Polygon","coordinates":[[[6.383,49.3497],[6.3812,49.351],[6.4112,49.372],[6.4131,49.3677],[6.4306,49.3548],[6.4387,49.3541],[6.4503,49.3494],[6.4315,49.3438],[6.4205,49.3364],[6.4193,49.3309],[6.4091,49.3253],[6.4023,49.3346],[6.3909,49.3421],[6.383,49.3497]]]}},{"type":"Feature","properties":{"code":"57488","nom":"Moussey","app":8.99,"app_bas":7.12,"app_haut":11.33,"app_ech":"maille","app_obs":44,"mai":6.94,"mai_bas":5.37,"mai_haut":8.96,"mai_ech":"epci","mai_obs":32,"a12":9.39,"a3":7.5},"geometry":{"type":"Polygon","coordinates":[[[6.7566,48.6862],[6.7647,48.6841],[6.7664,48.674],[6.7747,48.6798],[6.7919,48.6818],[6.8025,48.6922],[6.8056,48.6841],[6.8021,48.677],[6.7948,48.6753],[6.7977,48.6695],[6.7929,48.6647],[6.7809,48.6591],[6.7628,48.6554],[6.7551,48.6699],[6.7566,48.6862]]]}},{"type":"Feature","properties":{"code":"57583","nom":"Richeval","app":8.59,"app_bas":6.84,"app_haut":10.79,"app_ech":"maille","app_obs":2,"mai":8.93,"mai_bas":6.95,"mai_haut":11.48,"mai_ech":"maille","mai_obs":0,"a12":12.17,"a3":7.69},"geometry":{"type":"Polygon","coordinates":[[[6.9054,48.6198],[6.8895,48.6269],[6.9033,48.6399],[6.9202,48.6463],[6.9387,48.6428],[6.9304,48.6402],[6.93,48.6355],[6.9197,48.6338],[6.9186,48.6261],[6.9054,48.6198]]]}},{"type":"Feature","properties":{"code":"57174","nom":"Destry","app":9.03,"app_bas":6.99,"app_haut":11.68,"app_ech":"maille","app_obs":2,"mai":8.09,"mai_bas":6.27,"mai_haut":10.43,"mai_ech":"maille","mai_obs":5,"a12":10.16,"a3":8.6},"geometry":{"type":"Polygon","coordinates":[[[6.566,48.954],[6.5774,48.9535],[6.5872,48.9558],[6.5946,48.9637],[6.5987,48.9616],[6.6018,48.9508],[6.6062,48.944],[6.5956,48.9322],[6.5856,48.9301],[6.5689,48.938],[6.5612,48.9529],[6.566,48.954]]]}},{"type":"Feature","properties":{"code":"57751","nom":"Woippy","app":13.87,"app_bas":10.83,"app_haut":17.75,"app_ech":"commune","app_obs":685,"mai":12.51,"mai_bas":9.5,"mai_haut":16.46,"mai_ech":"maille","mai_obs":64,"a12":15.14,"a3":12.11},"geometry":{"type":"Polygon","coordinates":[[[6.1314,49.1697],[6.153,49.1709],[6.1508,49.1886],[6.1768,49.1886],[6.1865,49.178],[6.178,49.1751],[6.1759,49.1666],[6.1795,49.1582],[6.1797,49.1462],[6.1672,49.1449],[6.1535,49.1407],[6.1391,49.1429],[6.1326,49.1516],[6.1337,49.1564],[6.1239,49.1658],[6.1314,49.1697]]]}},{"type":"Feature","properties":{"code":"57271","nom":"Guenviller","app":10.3,"app_bas":7.83,"app_haut":13.55,"app_ech":"maille","app_obs":21,"mai":9.68,"mai_bas":7.49,"mai_haut":12.52,"mai_ech":"maille","mai_obs":3,"a12":12.86,"a3":7.69},"geometry":{"type":"Polygon","coordinates":[[[6.812,49.1152],[6.8175,49.1009],[6.8277,49.0931],[6.8134,49.0949],[6.8031,49.0916],[6.7946,49.0973],[6.789,49.1061],[6.8002,49.1219],[6.812,49.1152]]]}},{"type":"Feature","properties":{"code":"57295","nom":"Haraucourt-sur-Seille","app":7.76,"app_bas":6.3,"app_haut":9.57,"app_ech":"maille","app_obs":0,"mai":7.65,"mai_bas":6.08,"mai_haut":9.62,"mai_ech":"maille","mai_obs":2,"a12":13.32,"a3":7.61},"geometry":{"type":"Polygon","coordinates":[[[6.62,48.8241],[6.6191,48.8021],[6.6227,48.7907],[6.6186,48.7894],[6.5847,48.7991],[6.5867,48.8101],[6.5989,48.8251],[6.6151,48.8294],[6.62,48.8241]]]}},{"type":"Feature","properties":{"code":"57391","nom":"Lemoncourt","app":9.9,"app_bas":8.1,"app_haut":12.11,"app_ech":"maille","app_obs":0,"mai":8.36,"mai_bas":6.36,"mai_haut":11,"mai_ech":"epci","mai_obs":1,"a12":12.45,"a3":7},"geometry":{"type":"Polygon","coordinates":[[[6.3608,48.8697],[6.3848,48.8732],[6.3977,48.8765],[6.4036,48.8709],[6.4011,48.8658],[6.4058,48.857],[6.3923,48.8514],[6.3818,48.8505],[6.3608,48.8697]]]}},{"type":"Feature","properties":{"code":"57514","nom":"Nousseviller-Saint-Nabor","app":11.2,"app_bas":8.65,"app_haut":14.5,"app_ech":"maille","app_obs":69,"mai":9.34,"mai_bas":7.04,"mai_haut":12.41,"mai_ech":"maille","mai_obs":13,"a12":11.76,"a3":9.31},"geometry":{"type":"Polygon","coordinates":[[[6.9546,49.1338],[6.9675,49.1416],[6.9719,49.1467],[6.9776,49.1485],[6.982,49.1386],[6.9866,49.1222],[6.9743,49.1124],[6.956,49.1222],[6.9546,49.1338]]]}},{"type":"Feature","properties":{"code":"57519","nom":"Obervisse","app":9.56,"app_bas":8,"app_haut":11.43,"app_ech":"maille","app_obs":0,"mai":8.09,"mai_bas":6.27,"mai_haut":10.43,"mai_ech":"maille","mai_obs":2,"a12":12.14,"a3":7.78},"geometry":{"type":"Polygon","coordinates":[[[6.5825,49.1636],[6.5863,49.1647],[6.5941,49.1524],[6.5989,49.152],[6.5846,49.1427],[6.5528,49.143],[6.5671,49.1529],[6.5738,49.16],[6.5825,49.1636]]]}},{"type":"Feature","properties":{"code":"57654","nom":"Silly-sur-Nied","app":12.15,"app_bas":9.85,"app_haut":14.98,"app_ech":"maille","app_obs":47,"mai":11.96,"mai_bas":9.19,"mai_haut":15.57,"mai_ech":"maille","mai_obs":10,"a12":13.87,"a3":11.84},"geometry":{"type":"Polygon","coordinates":[[[6.358,49.1294],[6.3834,49.1355],[6.3858,49.1334],[6.3861,49.1195],[6.3766,49.1146],[6.3568,49.1121],[6.3452,49.1186],[6.358,49.1294]]]}},{"type":"Feature","properties":{"code":"57027","nom":"Arraincourt","app":9.03,"app_bas":6.99,"app_haut":11.68,"app_ech":"maille","app_obs":0,"mai":8.09,"mai_bas":6.27,"mai_haut":10.43,"mai_ech":"maille","mai_obs":4,"a12":10.48,"a3":7.08},"geometry":{"type":"Polygon","coordinates":[[[6.5182,48.9862],[6.5368,48.9898],[6.5445,48.9745],[6.5339,48.959],[6.53,48.9592],[6.5193,48.9699],[6.5182,48.9862]]]}},{"type":"Feature","properties":{"code":"57076","nom":"Beyren-lès-Sierck","app":14.73,"app_bas":10.69,"app_haut":20.3,"app_ech":"maille","app_obs":18,"mai":12.49,"mai_bas":8.98,"mai_haut":17.37,"mai_ech":"maille","mai_obs":12,"a12":19.78,"a3":15.06},"geometry":{"type":"Polygon","coordinates":[[[6.2907,49.4519],[6.2785,49.4551],[6.2675,49.464],[6.2653,49.4696],[6.2937,49.4834],[6.2992,49.4882],[6.2966,49.4801],[6.3125,49.4803],[6.3328,49.4695],[6.3338,49.4669],[6.3224,49.4666],[6.2953,49.4562],[6.2907,49.4519]]]}},{"type":"Feature","properties":{"code":"57130","nom":"Château-Bréhain","app":7.76,"app_bas":6.3,"app_haut":9.57,"app_ech":"maille","app_obs":0,"mai":8.36,"mai_bas":6.36,"mai_haut":11,"mai_ech":"epci","mai_obs":1,"a12":13.32,"a3":7.61},"geometry":{"type":"Polygon","coordinates":[[[6.5002,48.8943],[6.4988,48.9059],[6.524,48.9117],[6.538,48.9038],[6.5433,48.8965],[6.5426,48.8889],[6.5236,48.8878],[6.5101,48.8933],[6.5002,48.8943]]]}},{"type":"Feature","properties":{"code":"57194","nom":"Entrange","app":16.68,"app_bas":12.98,"app_haut":21.44,"app_ech":"maille","app_obs":57,"mai":17,"mai_bas":12.23,"mai_haut":23.63,"mai_ech":"maille","mai_obs":9,"a12":19.78,"a3":15.06},"geometry":{"type":"Polygon","coordinates":[[[6.0956,49.4224],[6.1104,49.4234],[6.1312,49.4162],[6.1282,49.4087],[6.1133,49.4053],[6.1028,49.4061],[6.0936,49.4138],[6.0956,49.4224]]]}},{"type":"Feature","properties":{"code":"57384","nom":"Laning","app":8.02,"app_bas":6.45,"app_haut":9.98,"app_ech":"maille","app_obs":55,"mai":8.09,"mai_bas":6.27,"mai_haut":10.43,"mai_ech":"maille","mai_obs":18,"a12":12.86,"a3":7.36},"geometry":{"type":"Polygon","coordinates":[[[6.7795,49.0483],[6.7782,49.0446],[6.7867,49.0322],[6.8004,49.0322],[6.8014,49.0261],[6.786,49.0246],[6.7552,49.0126],[6.7458,49.0207],[6.7569,49.0289],[6.7643,49.0408],[6.773,49.0462],[6.7795,49.0483]]]}},{"type":"Feature","properties":{"code":"57428","nom":"Macheren","app":9.61,"app_bas":7.77,"app_haut":11.88,"app_ech":"commune","app_obs":137,"mai":8.09,"mai_bas":6.27,"mai_haut":10.43,"mai_ech":"maille","mai_obs":25,"a12":12.86,"a3":8.41},"geometry":{"type":"Polygon","coordinates":[[[6.7614,49.119],[6.7711,49.1109],[6.789,49.1061],[6.7946,49.0973],[6.8031,49.0916],[6.8127,49.0798],[6.7824,49.0708],[6.7681,49.0726],[6.7691,49.0894],[6.7538,49.0929],[6.7333,49.0882],[6.7238,49.0881],[6.7261,49.0976],[6.7361,49.1107],[6.7564,49.1141],[6.7614,49.119]]]}},{"type":"Feature","properties":{"code":"57508","nom":"Nilvange","app":12.5,"app_bas":9.95,"app_haut":15.71,"app_ech":"commune","app_obs":494,"mai":11.91,"mai_bas":9.07,"mai_haut":15.66,"mai_ech":"maille","mai_obs":57,"a12":14.95,"a3":11.26},"geometry":{"type":"Polygon","coordinates":[[[6.0339,49.3447],[6.0349,49.3467],[6.0418,49.3466],[6.0586,49.3589],[6.0593,49.3584],[6.0578,49.351],[6.0624,49.3361],[6.0459,49.3322],[6.0423,49.3402],[6.0339,49.3447]]]}},{"type":"Feature","properties":{"code":"57564","nom":"Réchicourt-le-Château","app":8.99,"app_bas":7.12,"app_haut":11.33,"app_ech":"maille","app_obs":39,"mai":6.94,"mai_bas":5.37,"mai_haut":8.96,"mai_ech":"epci","mai_obs":47,"a12":9.39,"a3":7.5},"geometry":{"type":"Polygon","coordinates":[[[6.8292,48.7062],[6.8344,48.7086],[6.8637,48.7092],[6.857,48.6936],[6.873,48.6873],[6.8736,48.6754],[6.8877,48.6627],[6.8642,48.6568],[6.8551,48.6495],[6.843,48.6429],[6.8414,48.6481],[6.8263,48.6557],[6.8115,48.6731],[6.8021,48.677],[6.8056,48.6841],[6.8025,48.6922],[6.8077,48.6984],[6.8188,48.6953],[6.8269,48.7002],[6.8292,48.7062]]]}},{"type":"Feature","properties":{"code":"57592","nom":"Romelfing","app":8.77,"app_bas":7.03,"app_haut":10.95,"app_ech":"maille","app_obs":12,"mai":8.6,"mai_bas":6.59,"mai_haut":11.23,"mai_ech":"maille","mai_obs":7,"a12":11.47,"a3":7.14},"geometry":{"type":"Polygon","coordinates":[[[7.0212,48.8208],[7.0102,48.8261],[6.9941,48.8289],[6.9789,48.8289],[6.9677,48.8347],[6.9632,48.8454],[6.9657,48.8543],[6.9812,48.8511],[6.9964,48.8357],[7.0538,48.836],[7.0545,48.8327],[7.0471,48.8206],[7.0439,48.819],[7.0212,48.8208]]]}},{"type":"Feature","properties":{"code":"57633","nom":"Sarreinsming","app":9.89,"app_bas":8.21,"app_haut":11.93,"app_ech":"maille","app_obs":59,"mai":9.34,"mai_bas":7.04,"mai_haut":12.41,"mai_ech":"maille","mai_obs":17,"a12":10.7,"a3":8.28},"geometry":{"type":"Polygon","coordinates":[[[7.0993,49.0779],[7.0967,49.0825],[7.1011,49.0902],[7.0915,49.0943],[7.0995,49.0998],[7.1134,49.104],[7.1288,49.1034],[7.1436,49.0969],[7.1473,49.0878],[7.1447,49.0826],[7.1232,49.0859],[7.0993,49.0779]]]}},{"type":"Feature","properties":{"code":"57668","nom":"Teting-sur-Nied","app":9.21,"app_bas":7.43,"app_haut":11.42,"app_ech":"maille","app_obs":85,"mai":8.76,"mai_bas":6.59,"mai_haut":11.65,"mai_ech":"maille","mai_obs":34,"a12":10.16,"a3":8.6},"geometry":{"type":"Polygon","coordinates":[[[6.6588,49.0784],[6.6646,49.0668],[6.6983,49.0495],[6.6967,49.0377],[6.6877,49.035],[6.6753,49.0354],[6.6515,49.0473],[6.6438,49.0614],[6.6427,49.0688],[6.6588,49.0784]]]}},{"type":"Feature","properties":{"code":"57680","nom":"Troisfontaines","app":10.52,"app_bas":8.14,"app_haut":13.61,"app_ech":"maille","app_obs":99,"mai":8.93,"mai_bas":6.95,"mai_haut":11.48,"mai_ech":"maille","mai_obs":23,"a12":12.98,"a3":8.32},"geometry":{"type":"Polygon","coordinates":[[[7.1044,48.683],[7.1191,48.6823],[7.1331,48.685],[7.138,48.6915],[7.1746,48.6873],[7.1765,48.6857],[7.1633,48.6789],[7.1554,48.6796],[7.1353,48.6754],[7.1395,48.6719],[7.1405,48.6631],[7.1348,48.6547],[7.1363,48.6491],[7.1226,48.645],[7.1133,48.6562],[7.0946,48.66],[7.0992,48.6708],[7.098,48.6763],[7.1044,48.683]]]}},{"type":"Feature","properties":{"code":"57015","nom":"Altviller","app":9.04,"app_bas":7.3,"app_haut":11.21,"app_ech":"maille","app_obs":9,"mai":8.09,"mai_bas":6.27,"mai_haut":10.43,"mai_ech":"maille","mai_obs":5,"a12":12.86,"a3":7.36},"geometry":{"type":"Polygon","coordinates":[[[6.7241,49.0797],[6.7318,49.0804],[6.7496,49.0736],[6.7527,49.0622],[6.7206,49.0596],[6.7082,49.0607],[6.7241,49.0797]]]}},{"type":"Feature","properties":{"code":"57075","nom":"Beux","app":11.41,"app_bas":9.1,"app_haut":14.31,"app_ech":"maille","app_obs":6,"mai":11.96,"mai_bas":9.19,"mai_haut":15.57,"mai_ech":"maille","mai_obs":3,"a12":12.89,"a3":9.54},"geometry":{"type":"Polygon","coordinates":[[[6.2875,48.9977],[6.3092,49.0101],[6.3222,49.0086],[6.33,49.0137],[6.3379,49.0122],[6.3326,49.0037],[6.3269,48.9987],[6.3033,48.9877],[6.2936,48.9915],[6.2875,48.9977]]]}},{"type":"Feature","properties":{"code":"57087","nom":"Bisten-en-Lorraine","app":9.37,"app_bas":7.52,"app_haut":11.68,"app_ech":"maille","app_obs":7,"mai":8.09,"mai_bas":6.27,"mai_haut":10.43,"mai_ech":"maille","mai_obs":6,"a12":11.05,"a3":8.34},"geometry":{"type":"Polygon","coordinates":[[[6.5825,49.1636],[6.585,49.1751],[6.5954,49.1764],[6.6031,49.1705],[6.6245,49.1669],[6.6139,49.1622],[6.6115,49.1577],[6.5989,49.152],[6.5941,49.1524],[6.5863,49.1647],[6.5825,49.1636]]]}},{"type":"Feature","properties":{"code":"57109","nom":"Breistroff-la-Grande","app":16,"app_bas":12.44,"app_haut":20.58,"app_ech":"commune","app_obs":100,"mai":17,"mai_bas":12.23,"mai_haut":23.63,"mai_ech":"maille","mai_obs":9,"a12":19.78,"a3":15.06},"geometry":{"type":"Polygon","coordinates":[[[6.2246,49.4344],[6.2175,49.4427],[6.2099,49.4458],[6.2011,49.4432],[6.1923,49.4458],[6.2001,49.4532],[6.2074,49.464],[6.2029,49.4721],[6.2128,49.4725],[6.2196,49.47],[6.2381,49.4586],[6.2501,49.457],[6.2564,49.4484],[6.2438,49.4358],[6.2298,49.4374],[6.2246,49.4344]]]}},{"type":"Feature","properties":{"code":"57165","nom":"Dalem","app":9.43,"app_bas":7.58,"app_haut":11.75,"app_ech":"maille","app_obs":11,"mai":9.64,"mai_bas":7,"mai_haut":13.28,"mai_ech":"maille","mai_obs":9,"a12":13.55,"a3":8.34},"geometry":{"type":"Polygon","coordinates":[[[6.5988,49.2309],[6.5871,49.2321],[6.5844,49.2407],[6.5974,49.25],[6.6074,49.2496],[6.6176,49.2525],[6.6226,49.2496],[6.6421,49.2461],[6.6462,49.2444],[6.6186,49.2298],[6.5988,49.2309]]]}},{"type":"Feature","properties":{"code":"57756","nom":"Xouaxange","app":9.4,"app_bas":7.15,"app_haut":12.35,"app_ech":"maille","app_obs":13,"mai":8.93,"mai_bas":6.95,"mai_haut":11.48,"mai_ech":"maille","mai_obs":5,"a12":9.22,"a3":7.69},"geometry":{"type":"Polygon","coordinates":[[[6.9706,48.6872],[6.9777,48.6964],[6.9877,48.703],[7.0053,48.7023],[7.0135,48.6921],[6.9999,48.6843],[6.9862,48.6809],[6.9706,48.6872]]]}},{"type":"Feature","properties":{"code":"57604","nom":"Rustroff","app":13.86,"app_bas":10.73,"app_haut":17.9,"app_ech":"maille","app_obs":17,"mai":12.49,"mai_bas":8.98,"mai_haut":17.37,"mai_ech":"maille","mai_obs":5,"a12":17.34,"a3":12.32},"geometry":{"type":"Polygon","coordinates":[[[6.3849,49.433],[6.3709,49.4269],[6.3651,49.4411],[6.3716,49.4541],[6.3889,49.4517],[6.3828,49.4422],[6.3849,49.433]]]}},{"type":"Feature","properties":{"code":"57623","nom":"Saint-Quirin","app":9.4,"app_bas":7.15,"app_haut":12.35,"app_ech":"maille","app_obs":20,"mai":8.93,"mai_bas":6.95,"mai_haut":11.48,"mai_ech":"maille","mai_obs":20,"a12":12.98,"a3":7.69},"geometry":{"type":"Polygon","coordinates":[[[7.0633,48.6342],[7.07,48.6273],[7.0783,48.6275],[7.0861,48.6368],[7.1054,48.6273],[7.1102,48.6187],[7.1253,48.614],[7.1275,48.6092],[7.1259,48.5974],[7.1313,48.5889],[7.1427,48.5843],[7.158,48.572],[7.1725,48.5683],[7.2014,48.5527],[7.1925,48.5488],[7.1871,48.5373],[7.1718,48.5324],[7.1685,48.5287],[7.1618,48.5392],[7.1454,48.5455],[7.1413,48.5527],[7.131,48.5554],[7.1182,48.551],[7.1017,48.5653],[7.0649,48.5748],[7.0581,48.5827],[7.0603,48.592],[7.0549,48.597],[7.0451,48.6189],[7.0579,48.6272],[7.0633,48.6342]]]}},{"type":"Feature","properties":{"code":"57055","nom":"Bazoncourt","app":12.15,"app_bas":9.85,"app_haut":14.98,"app_ech":"maille","app_obs":3,"mai":8.84,"mai_bas":7.29,"mai_haut":10.72,"mai_ech":"maille","mai_obs":8,"a12":12.45,"a3":9.92},"geometry":{"type":"Polygon","coordinates":[[[6.4167,49.0663],[6.4088,49.057],[6.3977,49.0552],[6.4069,49.0464],[6.3973,49.0411],[6.3861,49.0363],[6.3771,49.038],[6.3483,49.0469],[6.3664,49.0577],[6.3653,49.061],[6.3699,49.0625],[6.371,49.0754],[6.3857,49.0772],[6.3924,49.0735],[6.4013,49.0758],[6.412,49.0731],[6.4167,49.0663]]]}},{"type":"Feature","properties":{"code":"57133","nom":"Château-Voué","app":10.5,"app_bas":8.52,"app_haut":12.95,"app_ech":"maille","app_obs":16,"mai":7.65,"mai_bas":6.08,"mai_haut":9.62,"mai_ech":"maille","mai_obs":2,"a12":10.48,"a3":7.08},"geometry":{"type":"Polygon","coordinates":[[[6.6175,48.8683],[6.6229,48.8668],[6.633,48.8565],[6.6568,48.8681],[6.6568,48.8696],[6.6629,48.8703],[6.6346,48.8523],[6.6299,48.8472],[6.6333,48.8408],[6.6461,48.8359],[6.6458,48.8336],[6.6241,48.8231],[6.62,48.8241],[6.6151,48.8294],[6.6206,48.8372],[6.6123,48.8461],[6.611,48.8651],[6.6175,48.8683]]]}},{"type":"Feature","properties":{"code":"57173","nom":"Desseling","app":8.99,"app_bas":7.12,"app_haut":11.33,"app_ech":"maille","app_obs":1,"mai":7.65,"mai_bas":6.08,"mai_haut":9.62,"mai_ech":"maille","mai_obs":1,"a12":12.17,"a3":8.04},"geometry":{"type":"Polygon","coordinates":[[[6.8348,48.7679],[6.8289,48.7815],[6.8385,48.7959],[6.8462,48.7999],[6.8709,48.7878],[6.859,48.786],[6.8425,48.7702],[6.8348,48.7679]]]}},{"type":"Feature","properties":{"code":"57229","nom":"Foulcrey","app":8.59,"app_bas":6.84,"app_haut":10.79,"app_ech":"maille","app_obs":2,"mai":6.94,"mai_bas":5.37,"mai_haut":8.96,"mai_ech":"epci","mai_obs":2,"a12":12.17,"a3":7.5},"geometry":{"type":"Polygon","coordinates":[[[6.8895,48.6269],[6.8933,48.625],[6.8636,48.6203],[6.8471,48.6239],[6.8428,48.6297],[6.8393,48.6374],[6.843,48.6429],[6.8551,48.6495],[6.8642,48.6568],[6.8956,48.6641],[6.8867,48.6478],[6.8847,48.6304],[6.8895,48.6269]]]}},{"type":"Feature","properties":{"code":"57361","nom":"Kerling-lès-Sierck","app":13.27,"app_bas":10.4,"app_haut":16.93,"app_ech":"maille","app_obs":18,"mai":12.49,"mai_bas":8.98,"mai_haut":17.37,"mai_ech":"maille","mai_obs":7,"a12":13.55,"a3":12.32},"geometry":{"type":"Polygon","coordinates":[[[6.3244,49.4031],[6.3414,49.4088],[6.3466,49.4148],[6.3602,49.4147],[6.3617,49.4143],[6.3682,49.4052],[6.377,49.4024],[6.4037,49.398],[6.407,49.3943],[6.4035,49.3876],[6.4184,49.3809],[6.4261,49.3805],[6.4047,49.3681],[6.3796,49.3749],[6.3691,49.3823],[6.362,49.3809],[6.3598,49.3735],[6.3532,49.3718],[6.3458,49.3814],[6.345,49.3938],[6.3279,49.3998],[6.3193,49.3988],[6.3244,49.4031]]]}},{"type":"Feature","properties":{"code":"57404","nom":"Lindre-Basse","app":8.99,"app_bas":7.12,"app_haut":11.33,"app_ech":"maille","app_obs":0,"mai":7.65,"mai_bas":6.08,"mai_haut":9.62,"mai_ech":"maille","mai_obs":1,"a12":12.17,"a3":8.04},"geometry":{"type":"Polygon","coordinates":[[[6.7375,48.7858],[6.734,48.7809],[6.724,48.7785],[6.7186,48.7816],[6.7171,48.7869],[6.7189,48.7942],[6.7293,48.801],[6.7377,48.8115],[6.7436,48.8136],[6.7495,48.8131],[6.781,48.8208],[6.776,48.8057],[6.7816,48.804],[6.771,48.7951],[6.7511,48.7918],[6.7375,48.7858]]]}},{"type":"Feature","properties":{"code":"57552","nom":"Pouilly","app":11.76,"app_bas":9.42,"app_haut":14.67,"app_ech":"maille","app_obs":25,"mai":11.96,"mai_bas":9.19,"mai_haut":15.57,"mai_ech":"maille","mai_obs":12,"a12":12.89,"a3":9.54},"geometry":{"type":"Polygon","coordinates":[[[6.2252,49.0533],[6.2166,49.0555],[6.2117,49.0521],[6.1856,49.0426],[6.1797,49.042],[6.1772,49.051],[6.1806,49.056],[6.1727,49.0633],[6.1855,49.0672],[6.1913,49.0633],[6.2037,49.0635],[6.2081,49.0585],[6.225,49.0555],[6.2252,49.0533]]]}},{"type":"Feature","properties":{"code":"57556","nom":"Puttelange-aux-Lacs","app":10.03,"app_bas":8.08,"app_haut":12.46,"app_ech":"commune","app_obs":319,"mai":9.4,"mai_bas":7.21,"mai_haut":12.25,"mai_ech":"epci","mai_obs":47,"a12":11.04,"a3":8.86},"geometry":{"type":"Polygon","coordinates":[[[6.9522,49.0491],[6.945,49.0495],[6.9346,49.0407],[6.9087,49.0407],[6.8961,49.0375],[6.8887,49.0387],[6.8685,49.0487],[6.8847,49.0592],[6.8978,49.0625],[6.9083,49.0677],[6.9176,49.0646],[6.9287,49.069],[6.9591,49.068],[6.9677,49.0542],[6.9522,49.0491]]]}},{"type":"Feature","properties":{"code":"57039","nom":"Augny","app":11.88,"app_bas":9.49,"app_haut":14.87,"app_ech":"commune","app_obs":131,"mai":9.82,"mai_bas":7.65,"mai_haut":12.6,"mai_ech":"maille","mai_obs":47,"a12":12.89,"a3":10.44},"geometry":{"type":"Polygon","coordinates":[[[6.0786,49.0457],[6.089,49.0518],[6.0974,49.0617],[6.1035,49.079],[6.1097,49.0823],[6.1179,49.0764],[6.1267,49.0803],[6.133,49.0801],[6.1397,49.073],[6.1354,49.0654],[6.135,49.0507],[6.1378,49.0473],[6.1366,49.0342],[6.131,49.0332],[6.129,49.0254],[6.118,49.0281],[6.1166,49.0366],[6.1003,49.0404],[6.0917,49.045],[6.0832,49.0423],[6.0786,49.0457]]]}},{"type":"Feature","properties":{"code":"57056","nom":"Bébing","app":8.59,"app_bas":6.84,"app_haut":10.79,"app_ech":"maille","app_obs":23,"mai":6.94,"mai_bas":5.37,"mai_haut":8.96,"mai_ech":"epci","mai_obs":1,"a12":12.17,"a3":8.04},"geometry":{"type":"Polygon","coordinates":[[[6.9583,48.7164],[6.9693,48.7215],[6.9871,48.7379],[6.9877,48.7411],[6.9952,48.741],[7.0097,48.7364],[7.0177,48.7308],[7.0102,48.72],[6.9968,48.7152],[7.0053,48.7023],[6.9877,48.703],[6.9803,48.7119],[6.9694,48.7095],[6.9583,48.7164]]]}},{"type":"Feature","properties":{"code":"57086","nom":"Belles-Forêts","app":8.77,"app_bas":7.03,"app_haut":10.95,"app_ech":"maille","app_obs":5,"mai":8.6,"mai_bas":6.59,"mai_haut":11.23,"mai_ech":"maille","mai_obs":2,"a12":9.73,"a3":7.13},"geometry":{"type":"Polygon","coordinates":[[[6.936,48.7865],[6.9223,48.7902],[6.9119,48.7866],[6.8804,48.7838],[6.8462,48.7999],[6.8607,48.8054],[6.8693,48.8119],[6.8598,48.8219],[6.8932,48.8308],[6.8959,48.8265],[6.9103,48.8326],[6.9129,48.836],[6.9289,48.8402],[6.9339,48.8234],[6.9312,48.8103],[6.9457,48.792],[6.936,48.7865]]]}},{"type":"Feature","properties":{"code":"57088","nom":"Bistroff","app":9.21,"app_bas":7.43,"app_haut":11.42,"app_ech":"maille","app_obs":26,"mai":8.09,"mai_bas":6.27,"mai_haut":10.43,"mai_ech":"maille","mai_obs":6,"a12":10.48,"a3":7.36},"geometry":{"type":"Polygon","coordinates":[[[6.7109,48.9798],[6.6907,48.9893],[6.6707,48.9916],[6.6627,48.9937],[6.664,49.0015],[6.6914,49.0225],[6.6993,49.0268],[6.7171,49.0331],[6.723,49.0317],[6.7246,49.0252],[6.7262,49.0087],[6.7318,49.002],[6.7296,48.9923],[6.7337,48.9858],[6.7309,48.9813],[6.7109,48.9798]]]}},{"type":"Feature","properties":{"code":"57136","nom":"Chémery-les-Deux","app":11.8,"app_bas":9.22,"app_haut":15.1,"app_ech":"maille","app_obs":1,"mai":9.64,"mai_bas":7,"mai_haut":13.28,"mai_ech":"maille","mai_obs":7,"a12":15.89,"a3":8.48},"geometry":{"type":"Polygon","coordinates":[[[6.4183,49.3012],[6.4263,49.3059],[6.4275,49.3115],[6.4501,49.319],[6.4561,49.3162],[6.4777,49.3143],[6.4603,49.3046],[6.4558,49.2927],[6.4552,49.2844],[6.4392,49.2793],[6.4333,49.2799],[6.4286,49.2818],[6.4266,49.2912],[6.4175,49.297],[6.4183,49.3012]]]}},{"type":"Feature","properties":{"code":"57341","nom":"Hunting","app":13.27,"app_bas":10.4,"app_haut":16.93,"app_ech":"maille","app_obs":23,"mai":12.49,"mai_bas":8.98,"mai_haut":17.37,"mai_ech":"maille","mai_obs":6,"a12":17.34,"a3":12.32},"geometry":{"type":"Polygon","coordinates":[[[6.3244,49.4031],[6.3115,49.4108],[6.3123,49.4174],[6.3305,49.4242],[6.34,49.4224],[6.3466,49.4148],[6.3414,49.4088],[6.3244,49.4031]]]}},{"type":"Feature","properties":{"code":"57371","nom":"Haute-Kontz","app":14.73,"app_bas":10.69,"app_haut":20.3,"app_ech":"maille","app_obs":7,"mai":12.49,"mai_bas":8.98,"mai_haut":17.37,"mai_ech":"maille","mai_obs":5,"a12":16.8,"a3":12.32},"geometry":{"type":"Polygon","coordinates":[[[6.2907,49.4519],[6.2953,49.4562],[6.3224,49.4666],[6.3471,49.466],[6.3353,49.4561],[6.3365,49.4525],[6.3249,49.4477],[6.3221,49.4416],[6.3097,49.4446],[6.3008,49.4431],[6.2907,49.4519]]]}},{"type":"Feature","properties":{"code":"57502","nom":"Neunkirchen-lès-Bouzonville","app":11.8,"app_bas":9.22,"app_haut":15.1,"app_ech":"maille","app_obs":24,"mai":9.64,"mai_bas":7,"mai_haut":13.28,"mai_ech":"maille","mai_obs":0,"a12":13.55,"a3":9.26},"geometry":{"type":"Polygon","coordinates":[[[6.5708,49.334],[6.5567,49.3432],[6.547,49.3447],[6.5535,49.3515],[6.549,49.3621],[6.5582,49.3663],[6.5696,49.3577],[6.5648,49.3531],[6.5658,49.3474],[6.5787,49.3351],[6.5708,49.334]]]}},{"type":"Feature","properties":{"code":"57180","nom":"Dolving","app":9.64,"app_bas":7.55,"app_haut":12.31,"app_ech":"maille","app_obs":34,"mai":8.6,"mai_bas":6.59,"mai_haut":11.23,"mai_ech":"maille","mai_obs":3,"a12":11.47,"a3":8.92},"geometry":{"type":"Polygon","coordinates":[[[7.0375,48.782],[7.0385,48.7594],[7.0356,48.7584],[7.0196,48.7555],[6.9967,48.7728],[6.9963,48.7761],[7.0139,48.782],[7.0375,48.782]]]}},{"type":"Feature","properties":{"code":"57239","nom":"Freybouse","app":9.21,"app_bas":7.43,"app_haut":11.42,"app_ech":"maille","app_obs":18,"mai":8.6,"mai_bas":6.59,"mai_haut":11.23,"mai_ech":"maille","mai_obs":16,"a12":12.86,"a3":7.69},"geometry":{"type":"Polygon","coordinates":[[[6.7997,49.0054],[6.8019,48.993],[6.7814,48.9895],[6.7622,48.9914],[6.755,48.9966],[6.7617,49.0086],[6.7902,49.0072],[6.7997,49.0054]]]}},{"type":"Feature","properties":{"code":"57284","nom":"Hallering","app":9.37,"app_bas":7.52,"app_haut":11.68,"app_ech":"maille","app_obs":1,"mai":8.84,"mai_bas":7.29,"mai_haut":10.72,"mai_ech":"maille","mai_obs":0,"a12":12.14,"a3":8.34},"geometry":{"type":"Polygon","coordinates":[[[6.5402,49.1248],[6.5479,49.1315],[6.5671,49.135],[6.5652,49.1262],[6.5677,49.1171],[6.5618,49.1147],[6.5534,49.1141],[6.5418,49.1184],[6.5402,49.1248]]]}},{"type":"Feature","properties":{"code":"57324","nom":"Hilbesheim","app":9.64,"app_bas":7.55,"app_haut":12.31,"app_ech":"maille","app_obs":12,"mai":9.39,"mai_bas":7.47,"mai_haut":11.81,"mai_ech":"maille","mai_obs":8,"a12":11.47,"a3":8.32},"geometry":{"type":"Polygon","coordinates":[[[7.0909,48.7628],[7.0829,48.7854],[7.0792,48.7863],[7.0882,48.7925],[7.1172,48.7989],[7.1198,48.7925],[7.1102,48.7928],[7.1064,48.7869],[7.1143,48.782],[7.1184,48.7692],[7.117,48.7671],[7.0948,48.7614],[7.0909,48.7628]]]}},{"type":"Feature","properties":{"code":"57417","nom":"Lostroff","app":8.77,"app_bas":7.03,"app_haut":10.95,"app_ech":"maille","app_obs":2,"mai":8.68,"mai_bas":6.64,"mai_haut":11.36,"mai_ech":"epci","mai_obs":1,"a12":10.49,"a3":7.13},"geometry":{"type":"Polygon","coordinates":[[[6.8575,48.8508],[6.8446,48.8556],[6.8465,48.8697],[6.8714,48.8767],[6.8933,48.8711],[6.8703,48.8647],[6.8648,48.8529],[6.8575,48.8508]]]}},{"type":"Feature","properties":{"code":"57553","nom":"Pournoy-la-Chétive","app":11.76,"app_bas":9.42,"app_haut":14.67,"app_ech":"maille","app_obs":6,"mai":12.23,"mai_bas":8.79,"mai_haut":17.02,"mai_ech":"maille","mai_obs":5,"a12":13.87,"a3":10.52},"geometry":{"type":"Polygon","coordinates":[[[6.1702,49.0231],[6.1721,49.0215],[6.1516,49.0109],[6.1431,49.0084],[6.1394,49.0196],[6.1423,49.0232],[6.1551,49.0265],[6.1702,49.0231]]]}},{"type":"Feature","properties":{"code":"57613","nom":"Saint-Jean-de-Bassel","app":8.77,"app_bas":7.03,"app_haut":10.95,"app_ech":"maille","app_obs":12,"mai":8.6,"mai_bas":6.59,"mai_haut":11.23,"mai_ech":"maille","mai_obs":2,"a12":11.47,"a3":7.14},"geometry":{"type":"Polygon","coordinates":[[[7.0053,48.8068],[6.9855,48.7981],[6.9595,48.7994],[6.9457,48.792],[6.9312,48.8103],[6.9339,48.8234],[6.9319,48.8314],[6.9352,48.8322],[6.9656,48.8129],[6.977,48.8085],[7.0003,48.8114],[7.0053,48.8068]]]}},{"type":"Feature","properties":{"code":"57678","nom":"Tressange","app":15.15,"app_bas":11.54,"app_haut":19.89,"app_ech":"maille","app_obs":40,"mai":12.49,"mai_bas":8.98,"mai_haut":17.37,"mai_ech":"maille","mai_obs":25,"a12":16.39,"a3":11.21},"geometry":{"type":"Polygon","coordinates":[[[5.9856,49.4303],[5.9959,49.4298],[5.9966,49.4202],[6.0147,49.4165],[6.0071,49.4069],[5.9967,49.4073],[5.9848,49.3948],[5.9751,49.3912],[5.9614,49.394],[5.9527,49.4064],[5.9693,49.4132],[5.9856,49.4303]]]}},{"type":"Feature","properties":{"code":"57202","nom":"Etzling","app":9.44,"app_bas":7.25,"app_haut":12.29,"app_ech":"maille","app_obs":75,"mai":9.34,"mai_bas":7.04,"mai_haut":12.41,"mai_ech":"maille","mai_obs":21,"a12":11.76,"a3":9.31},"geometry":{"type":"Polygon","coordinates":[[[6.9559,49.1722],[6.9414,49.1775],[6.9375,49.1863],[6.9304,49.1856],[6.9436,49.1913],[6.9809,49.18],[6.9843,49.177],[6.974,49.1692],[6.9559,49.1722]]]}},{"type":"Feature","properties":{"code":"57298","nom":"Harreberg","app":9.1,"app_bas":7.38,"app_haut":11.21,"app_ech":"maille","app_obs":12,"mai":8.93,"mai_bas":6.95,"mai_haut":11.48,"mai_ech":"maille","mai_obs":18,"a12":12.98,"a3":8.32},"geometry":{"type":"Polygon","coordinates":[[[7.1353,48.6754],[7.1554,48.6796],[7.1691,48.6681],[7.183,48.6701],[7.1944,48.6735],[7.1968,48.6605],[7.1856,48.6545],[7.1813,48.6456],[7.1668,48.6482],[7.1689,48.6572],[7.1601,48.6582],[7.1616,48.669],[7.1551,48.6732],[7.1398,48.6731],[7.1353,48.6754]]]}},{"type":"Feature","properties":{"code":"57388","nom":"Launstroff","app":11.8,"app_bas":9.22,"app_haut":15.1,"app_ech":"maille","app_obs":8,"mai":12.49,"mai_bas":8.98,"mai_haut":17.37,"mai_ech":"maille","mai_obs":2,"a12":17.34,"a3":10.69},"geometry":{"type":"Polygon","coordinates":[[[6.4849,49.4525],[6.4977,49.4506],[6.5211,49.4373],[6.5354,49.4342],[6.5289,49.4335],[6.5157,49.4236],[6.4991,49.4202],[6.4893,49.4212],[6.4762,49.4291],[6.4867,49.4374],[6.4866,49.4478],[6.482,49.4495],[6.4849,49.4525]]]}},{"type":"Feature","properties":{"code":"57555","nom":"Prévocourt","app":7.76,"app_bas":6.3,"app_haut":9.57,"app_ech":"maille","app_obs":2,"mai":8.36,"mai_bas":6.36,"mai_haut":11,"mai_ech":"epci","mai_obs":0,"a12":13.32,"a3":8.2},"geometry":{"type":"Polygon","coordinates":[[[6.4487,48.9443],[6.456,48.9332],[6.452,48.9272],[6.434,48.9154],[6.434,48.9079],[6.4252,48.907],[6.4165,48.9221],[6.4185,48.9374],[6.4238,48.939],[6.431,48.9376],[6.4487,48.9443]]]}},{"type":"Feature","properties":{"code":"57169","nom":"Dannelbourg","app":9.1,"app_bas":7.38,"app_haut":11.21,"app_ech":"maille","app_obs":16,"mai":9.39,"mai_bas":7.47,"mai_haut":11.81,"mai_ech":"maille","mai_obs":7,"a12":11.39,"a3":8.3},"geometry":{"type":"Polygon","coordinates":[[[7.2396,48.7531],[7.2526,48.7413],[7.2464,48.7333],[7.2341,48.7382],[7.2229,48.7412],[7.2255,48.7477],[7.2396,48.7531]]]}},{"type":"Feature","properties":{"code":"57734","nom":"Voyer","app":9.4,"app_bas":7.15,"app_haut":12.35,"app_ech":"maille","app_obs":21,"mai":8.93,"mai_bas":6.95,"mai_haut":11.48,"mai_ech":"maille","mai_obs":6,"a12":11.47,"a3":8.32},"geometry":{"type":"Polygon","coordinates":[[[7.0707,48.6406],[7.0677,48.6567],[7.0777,48.6607],[7.0946,48.66],[7.1133,48.6562],[7.1226,48.645],[7.1128,48.6529],[7.105,48.6523],[7.0707,48.6406]]]}},{"type":"Feature","properties":{"code":"57765","nom":"Diesen","app":9.46,"app_bas":7.5,"app_haut":11.92,"app_ech":"maille","app_obs":14,"mai":8.76,"mai_bas":6.59,"mai_haut":11.65,"mai_ech":"maille","mai_obs":4,"a12":11.05,"a3":7.91},"geometry":{"type":"Polygon","coordinates":[[[6.6677,49.1824],[6.6778,49.1893],[6.6916,49.1839],[6.7051,49.183],[6.7143,49.1795],[6.7166,49.1766],[6.6992,49.1657],[6.7023,49.1595],[6.7092,49.1556],[6.7036,49.1532],[6.6956,49.1636],[6.6677,49.1824]]]}},{"type":"Feature","properties":{"code":"57283","nom":"Hagondange","app":12.93,"app_bas":10.49,"app_haut":15.94,"app_ech":"commune","app_obs":1303,"mai":12.51,"mai_bas":9.5,"mai_haut":16.46,"mai_ech":"maille","mai_obs":53,"a12":15.47,"a3":10.77},"geometry":{"type":"Polygon","coordinates":[[[6.1523,49.2558],[6.1858,49.2566],[6.1739,49.2474],[6.1679,49.2415],[6.1569,49.2374],[6.1629,49.2276],[6.1485,49.2314],[6.1443,49.2432],[6.1372,49.2412],[6.1359,49.2493],[6.1463,49.2513],[6.1523,49.2558]]]}},{"type":"Feature","properties":{"code":"57289","nom":"Hambach","app":9.75,"app_bas":8.06,"app_haut":11.79,"app_ech":"commune","app_obs":195,"mai":9.34,"mai_bas":7.04,"mai_haut":12.41,"mai_ech":"maille","mai_obs":35,"a12":10.49,"a3":10.14},"geometry":{"type":"Polygon","coordinates":[[[7.041,49.0805],[7.0335,49.0707],[7.051,49.0699],[7.059,49.0578],[7.0723,49.0572],[7.0787,49.0504],[7.0549,49.0306],[7.0413,49.038],[7.0225,49.0386],[7.013,49.0304],[7.0023,49.0417],[7.0125,49.052],[7.0078,49.0621],[7.0169,49.064],[7.0264,49.0699],[7.026,49.0816],[7.0339,49.0923],[7.0416,49.0889],[7.041,49.0805]]]}},{"type":"Feature","properties":{"code":"57296","nom":"Hargarten-aux-Mines","app":9.43,"app_bas":7.58,"app_haut":11.75,"app_ech":"maille","app_obs":41,"mai":8.76,"mai_bas":6.59,"mai_haut":11.65,"mai_ech":"maille","mai_obs":13,"a12":11.05,"a3":8.48},"geometry":{"type":"Polygon","coordinates":[[[6.6196,49.2111],[6.6078,49.2115],[6.605,49.2186],[6.5861,49.2124],[6.5764,49.2145],[6.5782,49.2204],[6.5861,49.2271],[6.5988,49.2309],[6.6316,49.2293],[6.6331,49.223],[6.6216,49.2166],[6.6196,49.2111]]]}},{"type":"Feature","properties":{"code":"57353","nom":"Juvelize","app":8.76,"app_bas":6.87,"app_haut":11.17,"app_ech":"maille","app_obs":0,"mai":7.65,"mai_bas":6.08,"mai_haut":9.62,"mai_ech":"maille","mai_obs":5,"a12":10.48,"a3":7},"geometry":{"type":"Polygon","coordinates":[[[6.6396,48.753],[6.6382,48.7606],[6.6296,48.7723],[6.6459,48.777],[6.6564,48.7819],[6.6642,48.7772],[6.6908,48.7742],[6.6931,48.7688],[6.6758,48.7668],[6.6629,48.7598],[6.6556,48.7493],[6.6396,48.753]]]}},{"type":"Feature","properties":{"code":"57684","nom":"Vahl-Ebersing","app":8.3,"app_bas":6.78,"app_haut":10.17,"app_ech":"maille","app_obs":37,"mai":8.09,"mai_bas":6.27,"mai_haut":10.43,"mai_ech":"maille","mai_obs":4,"a12":10.48,"a3":7.36},"geometry":{"type":"Polygon","coordinates":[[[6.7206,49.0596],[6.7651,49.0625],[6.773,49.0462],[6.7643,49.0408],[6.7553,49.0398],[6.7408,49.0482],[6.7319,49.0468],[6.7236,49.0499],[6.7187,49.056],[6.7206,49.0596]]]}},{"type":"Feature","properties":{"code":"57036","nom":"Attilloncourt","app":9.44,"app_bas":7.62,"app_haut":11.7,"app_ech":"maille","app_obs":2,"mai":8.36,"mai_bas":6.36,"mai_haut":11,"mai_ech":"epci","mai_obs":4,"a12":12.97,"a3":8.2},"geometry":{"type":"MultiPolygon","coordinates":[[[[6.3887,48.7806],[6.3709,48.7847],[6.3714,48.7877],[6.3876,48.8022],[6.3932,48.8049],[6.3942,48.7911],[6.3887,48.7806]]],[[[6.3823,48.8207],[6.3922,48.8224],[6.3967,48.814],[6.3936,48.8063],[6.3877,48.8082],[6.3867,48.8169],[6.3823,48.8207]]]]}},{"type":"Feature","properties":{"code":"57114","nom":"Brouviller","app":9.1,"app_bas":7.38,"app_haut":11.21,"app_ech":"maille","app_obs":17,"mai":9.39,"mai_bas":7.47,"mai_haut":11.81,"mai_ech":"maille","mai_obs":8,"a12":11.39,"a3":8.32},"geometry":{"type":"Polygon","coordinates":[[[7.1804,48.7716],[7.1845,48.7666],[7.1791,48.7653],[7.1781,48.7479],[7.1856,48.7518],[7.1915,48.7496],[7.1947,48.7418],[7.1873,48.731],[7.1748,48.7343],[7.172,48.7421],[7.1623,48.7497],[7.1313,48.7566],[7.1331,48.7597],[7.1572,48.7801],[7.1607,48.7716],[7.1682,48.7689],[7.1804,48.7716]]]}},{"type":"Feature","properties":{"code":"57033","nom":"Arzviller","app":9.1,"app_bas":7.38,"app_haut":11.21,"app_ech":"maille","app_obs":20,"mai":10.01,"mai_bas":7.29,"mai_haut":13.75,"mai_ech":"maille","mai_obs":7,"a12":11.39,"a3":8.32},"geometry":{"type":"Polygon","coordinates":[[[7.1748,48.7343],[7.1873,48.731],[7.1871,48.7249],[7.1749,48.7226],[7.1726,48.7095],[7.1451,48.7153],[7.1392,48.7259],[7.1486,48.7262],[7.1748,48.7343]]]}},{"type":"Feature","properties":{"code":"57066","nom":"Berthelming","app":8.77,"app_bas":7.03,"app_haut":10.95,"app_ech":"maille","app_obs":15,"mai":8.6,"mai_bas":6.59,"mai_haut":11.23,"mai_ech":"maille","mai_obs":9,"a12":9.73,"a3":7.13},"geometry":{"type":"Polygon","coordinates":[[[7.0053,48.8068],[7.0003,48.8114],[6.977,48.8085],[6.9656,48.8129],[6.9352,48.8322],[6.9677,48.8347],[6.9789,48.8289],[6.9941,48.8289],[7.0102,48.8261],[7.0212,48.8208],[7.0187,48.8133],[7.0083,48.8076],[7.0053,48.8068]]]}}]}