{"type":"FeatureCollection","features":[{"type":"Feature","properties":{"code":"59109","nom":"Brillon","app":12.64,"app_bas":10.2,"app_haut":15.67,"app_ech":"maille","app_obs":9,"mai":10.77,"mai_bas":8.44,"mai_haut":13.74,"mai_ech":"maille","mai_obs":14,"a12":13.07,"a3":11.75},"geometry":{"type":"Polygon","coordinates":[[[3.3487,50.4408],[3.3559,50.4402],[3.3421,50.435],[3.3407,50.4254],[3.3344,50.4234],[3.324,50.4269],[3.3221,50.4369],[3.3353,50.4412],[3.3487,50.4408]]]}},{"type":"Feature","properties":{"code":"59139","nom":"Caudry","app":10.11,"app_bas":8.48,"app_haut":12.06,"app_ech":"commune","app_obs":1639,"mai":7.37,"mai_bas":6.19,"mai_haut":8.77,"mai_ech":"commune","mai_obs":1196,"a12":12.06,"a3":8.43},"geometry":{"type":"Polygon","coordinates":[[[3.4033,50.1007],[3.3927,50.1133],[3.3838,50.1162],[3.3955,50.1297],[3.4085,50.1388],[3.444,50.1316],[3.4405,50.1224],[3.4489,50.1159],[3.4506,50.1084],[3.4461,50.1033],[3.4384,50.107],[3.43,50.0996],[3.4281,50.1047],[3.4165,50.107],[3.4105,50.1007],[3.4033,50.1007]]]}},{"type":"Feature","properties":{"code":"59195","nom":"Englos","app":14.56,"app_bas":11.16,"app_haut":19,"app_ech":"maille","app_obs":4,"mai":11.78,"mai_bas":9.3,"mai_haut":14.94,"mai_ech":"maille","mai_obs":61,"a12":16.23,"a3":12.87},"geometry":{"type":"Polygon","coordinates":[[[2.9413,50.6254],[2.9413,50.6269],[2.9717,50.6336],[2.9643,50.6258],[2.9631,50.6202],[2.9447,50.6263],[2.9413,50.6254]]]}},{"type":"Feature","properties":{"code":"59226","nom":"Felleries","app":9.47,"app_bas":7.78,"app_haut":11.53,"app_ech":"maille","app_obs":8,"mai":6.88,"mai_bas":5.44,"mai_haut":8.71,"mai_ech":"maille","mai_obs":81,"a12":12.29,"a3":7.96},"geometry":{"type":"Polygon","coordinates":[[[4.0165,50.1296],[3.9877,50.1353],[3.9907,50.1436],[3.9979,50.1505],[4.0173,50.1559],[4.0275,50.1526],[4.0465,50.1548],[4.0654,50.1484],[4.0814,50.1484],[4.0919,50.1404],[4.1057,50.1494],[4.1258,50.1387],[4.121,50.1299],[4.0938,50.1316],[4.0823,50.1353],[4.0701,50.1337],[4.0731,50.1275],[4.0587,50.1278],[4.0419,50.1316],[4.0165,50.1296]]]}},{"type":"Feature","properties":{"code":"59264","nom":"Gognies-Chaussée","app":10.71,"app_bas":9.07,"app_haut":12.64,"app_ech":"maille","app_obs":9,"mai":8.11,"mai_bas":6.58,"mai_haut":10,"mai_ech":"maille","mai_obs":15,"a12":13.6,"a3":8.48},"geometry":{"type":"Polygon","coordinates":[[[3.9437,50.299],[3.9376,50.307],[3.9188,50.3166],[3.9283,50.3248],[3.9198,50.3322],[3.9679,50.3504],[3.9674,50.3406],[3.9474,50.3257],[3.9472,50.3229],[3.9525,50.3174],[3.9437,50.299]]]}},{"type":"Feature","properties":{"code":"59275","nom":"Gruson","app":14.63,"app_bas":12.03,"app_haut":17.79,"app_ech":"maille","app_obs":33,"mai":12.91,"mai_bas":10.08,"mai_haut":16.53,"mai_ech":"maille","mai_obs":42,"a12":16.26,"a3":12},"geometry":{"type":"Polygon","coordinates":[[[3.1921,50.5933],[3.2025,50.6018],[3.2344,50.5951],[3.232,50.586],[3.2173,50.5836],[3.2104,50.5874],[3.193,50.5923],[3.1921,50.5933]]]}},{"type":"Feature","properties":{"code":"59511","nom":"Rosult","app":12.64,"app_bas":10.2,"app_haut":15.67,"app_ech":"maille","app_obs":28,"mai":9.87,"mai_bas":7.93,"mai_haut":12.29,"mai_ech":"maille","mai_obs":97,"a12":13.07,"a3":11.75},"geometry":{"type":"Polygon","coordinates":[[[3.3487,50.4408],[3.3462,50.4461],[3.3318,50.4542],[3.3331,50.456],[3.3468,50.4575],[3.3604,50.4675],[3.3593,50.4722],[3.3674,50.4728],[3.3778,50.4607],[3.386,50.44],[3.3628,50.4365],[3.3559,50.4402],[3.3487,50.4408]]]}},{"type":"Feature","properties":{"code":"59536","nom":"Sainte-Marie-Cappel","app":10.85,"app_bas":8.66,"app_haut":13.58,"app_ech":"maille","app_obs":0,"mai":9.43,"mai_bas":7.51,"mai_haut":11.85,"mai_ech":"maille","mai_obs":5,"a12":12.92,"a3":9.41},"geometry":{"type":"Polygon","coordinates":[[[2.5249,50.768],[2.4983,50.7666],[2.495,50.7729],[2.4981,50.7842],[2.505,50.7925],[2.5182,50.7967],[2.5327,50.7891],[2.5284,50.7858],[2.5453,50.7799],[2.5283,50.772],[2.5249,50.768]]]}},{"type":"Feature","properties":{"code":"59346","nom":"Lezennes","app":14.62,"app_bas":12.11,"app_haut":17.64,"app_ech":"commune","app_obs":138,"mai":12.59,"mai_bas":9.5,"mai_haut":16.69,"mai_ech":"commune","mai_obs":100,"a12":17.25,"a3":12.75},"geometry":{"type":"Polygon","coordinates":[[[3.0969,50.6171],[3.1205,50.6185],[3.1379,50.6012],[3.1308,50.6004],[3.1149,50.6096],[3.1042,50.611],[3.0969,50.6171]]]}},{"type":"Feature","properties":{"code":"59409","nom":"Monchecourt","app":11.21,"app_bas":9.25,"app_haut":13.57,"app_ech":"maille","app_obs":35,"mai":8.93,"mai_bas":7.16,"mai_haut":11.15,"mai_ech":"maille","mai_obs":97,"a12":13.12,"a3":9.03},"geometry":{"type":"Polygon","coordinates":[[[3.2012,50.3214],[3.2086,50.3236],[3.2124,50.3176],[3.2222,50.3126],[3.2339,50.3128],[3.229,50.3094],[3.2301,50.3026],[3.2153,50.2897],[3.1948,50.2976],[3.1929,50.3095],[3.1887,50.3097],[3.2012,50.3214]]]}},{"type":"Feature","properties":{"code":"59423","nom":"Neuf-Berquin","app":10.7,"app_bas":8.87,"app_haut":12.9,"app_ech":"maille","app_obs":27,"mai":9.39,"mai_bas":7.72,"mai_haut":11.43,"mai_ech":"maille","mai_obs":38,"a12":13.23,"a3":9.31},"geometry":{"type":"Polygon","coordinates":[[[2.6396,50.6672],[2.652,50.6751],[2.6675,50.6781],[2.6814,50.6732],[2.6875,50.6654],[2.6892,50.655],[2.6756,50.6593],[2.6634,50.6528],[2.6544,50.6541],[2.6396,50.6672]]]}},{"type":"Feature","properties":{"code":"59569","nom":"Sin-le-Noble","app":11.27,"app_bas":9.32,"app_haut":13.64,"app_ech":"commune","app_obs":1164,"mai":8.74,"mai_bas":7.15,"mai_haut":10.69,"mai_ech":"commune","mai_obs":507,"a12":13.79,"a3":9.53},"geometry":{"type":"Polygon","coordinates":[[[3.0991,50.3691],[3.1084,50.3725],[3.1257,50.3838],[3.1261,50.3887],[3.1438,50.3951],[3.1503,50.3894],[3.1526,50.3797],[3.1304,50.3637],[3.1193,50.349],[3.0975,50.3394],[3.0942,50.3427],[3.0953,50.3499],[3.093,50.3563],[3.0991,50.3691]]]}},{"type":"Feature","properties":{"code":"59654","nom":"Waziers","app":10.53,"app_bas":8.32,"app_haut":13.33,"app_ech":"commune","app_obs":143,"mai":8.43,"mai_bas":6.88,"mai_haut":10.33,"mai_ech":"commune","mai_obs":167,"a12":13.27,"a3":9.48},"geometry":{"type":"Polygon","coordinates":[[[3.0991,50.3691],[3.1001,50.3788],[3.0945,50.381],[3.1015,50.3884],[3.1157,50.3988],[3.1288,50.3975],[3.1261,50.3887],[3.1257,50.3838],[3.1084,50.3725],[3.0991,50.3691]]]}},{"type":"Feature","properties":{"code":"59140","nom":"Caullery","app":9.08,"app_bas":7.53,"app_haut":10.96,"app_ech":"maille","app_obs":2,"mai":7.38,"mai_bas":6.01,"mai_haut":9.07,"mai_ech":"maille","mai_obs":18,"a12":11.73,"a3":7.95},"geometry":{"type":"Polygon","coordinates":[[[3.3697,50.0708],[3.3619,50.0851],[3.3637,50.0925],[3.3832,50.0883],[3.3869,50.0858],[3.3774,50.0737],[3.3697,50.0708]]]}},{"type":"Feature","properties":{"code":"59230","nom":"Ferrière-la-Grande","app":10.25,"app_bas":8.32,"app_haut":12.63,"app_ech":"commune","app_obs":229,"mai":7.64,"mai_bas":6.43,"mai_haut":9.08,"mai_ech":"commune","mai_obs":202,"a12":12.75,"a3":8.58},"geometry":{"type":"Polygon","coordinates":[[[4.0106,50.2639],[4.0171,50.2533],[4.0118,50.2506],[4.0074,50.2424],[4.0094,50.2336],[3.9964,50.2304],[3.9874,50.2233],[3.98,50.2266],[3.973,50.2385],[3.9609,50.2453],[3.975,50.2527],[3.9759,50.259],[3.9983,50.2636],[4.0106,50.2639]]]}},{"type":"Feature","properties":{"code":"59234","nom":"Flers-en-Escrebieux","app":14,"app_bas":11.42,"app_haut":17.15,"app_ech":"commune","app_obs":146,"mai":8.45,"mai_bas":6.8,"mai_haut":10.49,"mai_ech":"commune","mai_obs":171,"a12":13.32,"a3":9.26},"geometry":{"type":"Polygon","coordinates":[[[3.0026,50.398],[2.9955,50.3999],[3.0252,50.4076],[3.0295,50.4115],[3.0439,50.4071],[3.0654,50.4076],[3.0807,50.4029],[3.0917,50.4038],[3.1039,50.3983],[3.0697,50.3959],[3.0577,50.3933],[3.0486,50.3961],[3.028,50.3971],[3.0161,50.4005],[3.0026,50.398]]]}},{"type":"Feature","properties":{"code":"59505","nom":"Rombies-et-Marchipont","app":12.8,"app_bas":10.5,"app_haut":15.59,"app_ech":"maille","app_obs":0,"mai":9.05,"mai_bas":7.21,"mai_haut":11.36,"mai_ech":"maille","mai_obs":19,"a12":13.61,"a3":9.29},"geometry":{"type":"Polygon","coordinates":[[[3.6653,50.3799],[3.6572,50.3708],[3.6468,50.3625],[3.6366,50.3577],[3.6206,50.3573],[3.6157,50.3621],[3.6297,50.3733],[3.6452,50.3793],[3.6653,50.3799]]]}},{"type":"Feature","properties":{"code":"59526","nom":"Saint-Amand-les-Eaux","app":11.4,"app_bas":9.18,"app_haut":14.16,"app_ech":"commune","app_obs":1225,"mai":9.3,"mai_bas":7.34,"mai_haut":11.77,"mai_ech":"commune","mai_obs":631,"a12":14.09,"a3":9.37},"geometry":{"type":"Polygon","coordinates":[[[3.4294,50.4118],[3.4179,50.4231],[3.4054,50.4283],[3.386,50.44],[3.3807,50.4544],[3.3899,50.4582],[3.4134,50.4587],[3.424,50.4557],[3.4357,50.4622],[3.459,50.4631],[3.4807,50.458],[3.4959,50.4591],[3.5085,50.4498],[3.4963,50.4413],[3.4698,50.4148],[3.4626,50.4115],[3.4338,50.4128],[3.4294,50.4118]]]}},{"type":"Feature","properties":{"code":"59562","nom":"Sémeries","app":9.46,"app_bas":7.32,"app_haut":12.21,"app_ech":"maille","app_obs":6,"mai":6.88,"mai_bas":5.44,"mai_haut":8.71,"mai_ech":"maille","mai_obs":28,"a12":12.29,"a3":7.96},"geometry":{"type":"Polygon","coordinates":[[[3.992,50.0838],[3.9794,50.0763],[3.9775,50.0726],[3.9555,50.0839],[3.963,50.0876],[3.9633,50.0959],[3.9719,50.0994],[3.9837,50.1107],[3.9838,50.1184],[3.9754,50.1195],[3.9746,50.1215],[3.9877,50.1353],[4.0165,50.1296],[4.0134,50.1173],[4.0062,50.1059],[3.9983,50.0968],[3.992,50.0838]]]}},{"type":"Feature","properties":{"code":"59611","nom":"Verlinghem","app":14.97,"app_bas":12.87,"app_haut":17.41,"app_ech":"maille","app_obs":78,"mai":12.45,"mai_bas":9.43,"mai_haut":16.45,"mai_ech":"commune","mai_obs":104,"a12":16.88,"a3":14.04},"geometry":{"type":"Polygon","coordinates":[[[3.018,50.7005],[3.023,50.6717],[3.0208,50.6719],[3.0171,50.6632],[3.0107,50.6595],[3.0025,50.6699],[2.9902,50.6743],[2.9793,50.671],[2.9694,50.6815],[2.9819,50.6938],[2.9938,50.6944],[3.0094,50.7009],[3.018,50.7005]]]}},{"type":"Feature","properties":{"code":"59619","nom":"Villereau","app":11.37,"app_bas":9.17,"app_haut":14.09,"app_ech":"maille","app_obs":24,"mai":8.55,"mai_bas":6.76,"mai_haut":10.8,"mai_ech":"maille","mai_obs":64,"a12":14.98,"a3":8.97},"geometry":{"type":"Polygon","coordinates":[[[3.6664,50.2605],[3.6886,50.2501],[3.6994,50.2489],[3.7135,50.2419],[3.6964,50.2297],[3.6772,50.2411],[3.6861,50.2476],[3.6645,50.2527],[3.6522,50.2507],[3.6464,50.2578],[3.6528,50.2661],[3.6664,50.2605]]]}},{"type":"Feature","properties":{"code":"59064","nom":"Bellaing","app":11.4,"app_bas":9.47,"app_haut":13.73,"app_ech":"maille","app_obs":9,"mai":8.79,"mai_bas":7.28,"mai_haut":10.61,"mai_ech":"maille","mai_obs":18,"a12":13.61,"a3":8.53},"geometry":{"type":"Polygon","coordinates":[[[3.4297,50.3776],[3.4391,50.371],[3.4427,50.3627],[3.4219,50.354],[3.409,50.3688],[3.4297,50.3776]]]}},{"type":"Feature","properties":{"code":"59106","nom":"Bouvines","app":13.92,"app_bas":11.67,"app_haut":16.61,"app_ech":"maille","app_obs":22,"mai":12.65,"mai_bas":10.07,"mai_haut":15.9,"mai_ech":"maille","mai_obs":49,"a12":16.8,"a3":12},"geometry":{"type":"Polygon","coordinates":[[[3.193,50.5923],[3.2104,50.5874],[3.1926,50.5823],[3.1997,50.5751],[3.194,50.5677],[3.1848,50.5733],[3.1808,50.5825],[3.193,50.5923]]]}},{"type":"Feature","properties":{"code":"59018","nom":"Arnèke","app":11.28,"app_bas":9.27,"app_haut":13.72,"app_ech":"maille","app_obs":84,"mai":9.3,"mai_bas":7.44,"mai_haut":11.63,"mai_ech":"maille","mai_obs":99,"a12":16.53,"a3":9.29},"geometry":{"type":"Polygon","coordinates":[[[2.4249,50.8187],[2.419,50.8201],[2.3968,50.8343],[2.3838,50.8519],[2.3924,50.8558],[2.4236,50.8634],[2.4371,50.843],[2.4505,50.8486],[2.454,50.8465],[2.4444,50.8349],[2.4462,50.8292],[2.4341,50.8206],[2.4249,50.8187]]]}},{"type":"Feature","properties":{"code":"59172","nom":"Denain","app":10.57,"app_bas":8.65,"app_haut":12.91,"app_ech":"commune","app_obs":1283,"mai":7.97,"mai_bas":6.61,"mai_haut":9.62,"mai_ech":"commune","mai_obs":1473,"a12":13.22,"a3":8.75},"geometry":{"type":"Polygon","coordinates":[[[3.3725,50.3109],[3.3652,50.318],[3.3626,50.3375],[3.3822,50.3469],[3.4032,50.3439],[3.4228,50.3471],[3.4203,50.3428],[3.4088,50.3322],[3.4196,50.3232],[3.4111,50.3183],[3.3953,50.3142],[3.3834,50.3153],[3.3725,50.3109]]]}},{"type":"Feature","properties":{"code":"59284","nom":"Hasnon","app":11.85,"app_bas":10,"app_haut":14.04,"app_ech":"commune","app_obs":122,"mai":9.98,"mai_bas":8.01,"mai_haut":12.43,"mai_ech":"commune","mai_obs":146,"a12":14.6,"a3":9.06},"geometry":{"type":"Polygon","coordinates":[[[3.4294,50.4118],[3.4225,50.405],[3.4192,50.4],[3.4014,50.4082],[3.3939,50.4082],[3.3798,50.3995],[3.3617,50.3982],[3.3475,50.4055],[3.3516,50.4089],[3.3441,50.4147],[3.3522,50.4165],[3.3604,50.4165],[3.3754,50.4254],[3.3967,50.4285],[3.4054,50.4283],[3.4179,50.4231],[3.4294,50.4118]]]}},{"type":"Feature","properties":{"code":"59300","nom":"Hem-Lenglet","app":11.36,"app_bas":9.32,"app_haut":13.84,"app_ech":"maille","app_obs":0,"mai":8.49,"mai_bas":6.86,"mai_haut":10.51,"mai_ech":"maille","mai_obs":35,"a12":12.33,"a3":9.48},"geometry":{"type":"Polygon","coordinates":[[[3.2448,50.2612],[3.2402,50.258],[3.2503,50.2453],[3.2493,50.2432],[3.2329,50.2414],[3.2275,50.2453],[3.2134,50.2477],[3.2037,50.2466],[3.2104,50.2589],[3.2318,50.2638],[3.2448,50.2612]]]}},{"type":"Feature","properties":{"code":"59324","nom":"Jeumont","app":10.92,"app_bas":8.54,"app_haut":13.97,"app_ech":"commune","app_obs":268,"mai":7.48,"mai_bas":6.19,"mai_haut":9.04,"mai_ech":"commune","mai_obs":313,"a12":12.67,"a3":8.9},"geometry":{"type":"Polygon","coordinates":[[[4.0792,50.3097],[4.0972,50.3132],[4.1129,50.3021],[4.12,50.3001],[4.1259,50.2862],[4.124,50.2728],[4.1185,50.267],[4.1104,50.2696],[4.1041,50.2767],[4.0935,50.2791],[4.0885,50.2745],[4.089,50.2835],[4.0792,50.3097]]]}},{"type":"Feature","properties":{"code":"59367","nom":"Lys-lez-Lannoy","app":13.61,"app_bas":11.45,"app_haut":16.19,"app_ech":"commune","app_obs":879,"mai":11.56,"mai_bas":8.78,"mai_haut":15.24,"mai_ech":"commune","mai_obs":177,"a12":15.44,"a3":12.31},"geometry":{"type":"Polygon","coordinates":[[[3.2061,50.666],[3.1994,50.6711],[3.2143,50.6857],[3.2216,50.6778],[3.2309,50.6758],[3.2352,50.6709],[3.2185,50.6613],[3.2093,50.6636],[3.2149,50.6668],[3.2112,50.6683],[3.2061,50.666]]]}},{"type":"Feature","properties":{"code":"59394","nom":"Maurois","app":9.08,"app_bas":7.44,"app_haut":11.09,"app_ech":"maille","app_obs":3,"mai":7.38,"mai_bas":6.01,"mai_haut":9.07,"mai_ech":"maille","mai_obs":27,"a12":11.46,"a3":7.32},"geometry":{"type":"Polygon","coordinates":[[[3.4595,50.0804],[3.4656,50.0825],[3.4768,50.0765],[3.4629,50.0721],[3.444,50.0609],[3.4404,50.0621],[3.4555,50.0785],[3.4595,50.0804]]]}},{"type":"Feature","properties":{"code":"59401","nom":"Méteren","app":11.16,"app_bas":9.28,"app_haut":13.41,"app_ech":"maille","app_obs":50,"mai":9.21,"mai_bas":7.56,"mai_haut":11.23,"mai_ech":"maille","mai_obs":99,"a12":14.04,"a3":9.41},"geometry":{"type":"Polygon","coordinates":[[[2.656,50.7799],[2.6643,50.782],[2.678,50.7803],[2.686,50.761],[2.6974,50.7657],[2.707,50.751],[2.7037,50.7475],[2.7076,50.7359],[2.699,50.7272],[2.6962,50.7197],[2.6771,50.7145],[2.6838,50.723],[2.6831,50.728],[2.6743,50.7323],[2.6563,50.7332],[2.6326,50.7272],[2.6308,50.7296],[2.6424,50.7407],[2.6526,50.745],[2.6591,50.7571],[2.656,50.7799]]]}},{"type":"Feature","properties":{"code":"59051","nom":"Bassée","app":12.01,"app_bas":9.87,"app_haut":14.63,"app_ech":"commune","app_obs":784,"mai":9.69,"mai_bas":7.85,"mai_haut":11.97,"mai_ech":"commune","mai_obs":334,"a12":14.42,"a3":10.44},"geometry":{"type":"Polygon","coordinates":[[[2.7994,50.5286],[2.8019,50.5348],[2.7945,50.5492],[2.802,50.5515],[2.8132,50.5493],[2.8216,50.544],[2.8258,50.5368],[2.8123,50.529],[2.8038,50.5269],[2.7994,50.5286]]]}},{"type":"Feature","properties":{"code":"59081","nom":"Bévillers","app":9.45,"app_bas":7.78,"app_haut":11.48,"app_ech":"maille","app_obs":1,"mai":8.31,"mai_bas":6.98,"mai_haut":9.88,"mai_ech":"maille","mai_obs":15,"a12":11.46,"a3":7.95},"geometry":{"type":"Polygon","coordinates":[[[3.3785,50.1517],[3.3717,50.1603],[3.3898,50.1694],[3.3915,50.1768],[3.3967,50.1759],[3.4007,50.1679],[3.4042,50.1512],[3.3985,50.1493],[3.4021,50.1401],[3.3862,50.1462],[3.3785,50.1517]]]}},{"type":"Feature","properties":{"code":"59011","nom":"Annœullin","app":12.34,"app_bas":10.23,"app_haut":14.88,"app_ech":"commune","app_obs":791,"mai":9.99,"mai_bas":8.04,"mai_haut":12.4,"mai_ech":"commune","mai_obs":308,"a12":14.55,"a3":10.67},"geometry":{"type":"Polygon","coordinates":[[[2.8956,50.5314],[2.9004,50.5353],[2.9123,50.5369],[2.9305,50.5474],[2.9361,50.5376],[2.9462,50.5295],[2.9517,50.517],[2.9507,50.5119],[2.9269,50.5078],[2.9195,50.5186],[2.8956,50.5314]]]}},{"type":"Feature","properties":{"code":"59215","nom":"Estreux","app":12.8,"app_bas":10.5,"app_haut":15.59,"app_ech":"maille","app_obs":1,"mai":11.23,"mai_bas":8.24,"mai_haut":15.29,"mai_ech":"maille","mai_obs":25,"a12":13.61,"a3":9.71},"geometry":{"type":"Polygon","coordinates":[[[3.5966,50.3655],[3.605,50.3621],[3.6157,50.3621],[3.6206,50.3573],[3.6147,50.3393],[3.599,50.3422],[3.5776,50.3518],[3.5966,50.3655]]]}},{"type":"Feature","properties":{"code":"59313","nom":"Hordain","app":11.36,"app_bas":9.32,"app_haut":13.84,"app_ech":"maille","app_obs":0,"mai":8.54,"mai_bas":6.87,"mai_haut":10.63,"mai_ech":"maille","mai_obs":46,"a12":13.61,"a3":8.44},"geometry":{"type":"Polygon","coordinates":[[[3.3047,50.2499],[3.3048,50.2536],[3.3086,50.2647],[3.3245,50.2743],[3.3311,50.2676],[3.3542,50.2621],[3.347,50.2498],[3.3315,50.2561],[3.3243,50.2503],[3.3072,50.2476],[3.3047,50.2499]]]}},{"type":"Feature","properties":{"code":"59395","nom":"Mazinghien","app":9.08,"app_bas":7.44,"app_haut":11.09,"app_ech":"maille","app_obs":1,"mai":6.68,"mai_bas":5.68,"mai_haut":7.87,"mai_ech":"maille","mai_obs":7,"a12":11.46,"a3":8.48},"geometry":{"type":"Polygon","coordinates":[[[3.6141,50.0251],[3.6004,50.0402],[3.5792,50.0471],[3.5678,50.053],[3.5702,50.064],[3.5761,50.0734],[3.5971,50.0606],[3.6095,50.0591],[3.6083,50.0492],[3.6292,50.0365],[3.6251,50.0308],[3.6141,50.0251]]]}},{"type":"Feature","properties":{"code":"59589","nom":"Thiant","app":12.06,"app_bas":10.01,"app_haut":14.52,"app_ech":"commune","app_obs":103,"mai":9.24,"mai_bas":7.43,"mai_haut":11.5,"mai_ech":"commune","mai_obs":209,"a12":13.61,"a3":7.95},"geometry":{"type":"Polygon","coordinates":[[[3.4129,50.297],[3.4268,50.3068],[3.4482,50.3142],[3.4642,50.3094],[3.4668,50.3078],[3.4613,50.2948],[3.4503,50.2925],[3.4353,50.2782],[3.418,50.2884],[3.4129,50.297]]]}},{"type":"Feature","properties":{"code":"59092","nom":"Bouchain","app":11.04,"app_bas":9.16,"app_haut":13.3,"app_ech":"commune","app_obs":156,"mai":8.54,"mai_bas":7.02,"mai_haut":10.4,"mai_ech":"commune","mai_obs":191,"a12":12.21,"a3":9.28},"geometry":{"type":"Polygon","coordinates":[[[3.3306,50.302],[3.3467,50.3069],[3.35,50.3017],[3.337,50.2923],[3.3319,50.2782],[3.3086,50.2647],[3.3048,50.2536],[3.2891,50.2503],[3.2826,50.252],[3.2861,50.2637],[3.2941,50.2748],[3.2946,50.2803],[3.2984,50.2911],[3.2855,50.297],[3.2981,50.2986],[3.3283,50.2992],[3.3306,50.302]]]}},{"type":"Feature","properties":{"code":"59123","nom":"Camphin-en-Carembault","app":12.49,"app_bas":10.24,"app_haut":15.24,"app_ech":"maille","app_obs":69,"mai":11.38,"mai_bas":9.11,"mai_haut":14.22,"mai_ech":"maille","mai_obs":57,"a12":14.61,"a3":10.97},"geometry":{"type":"Polygon","coordinates":[[[2.9764,50.5251],[3.0004,50.5231],[3.0083,50.5177],[3.0097,50.5086],[3.0144,50.4997],[3.0083,50.4928],[2.9942,50.4967],[2.9647,50.5128],[2.9764,50.5251]]]}},{"type":"Feature","properties":{"code":"59157","nom":"Cousolre","app":9.46,"app_bas":7.32,"app_haut":12.21,"app_ech":"maille","app_obs":65,"mai":7.42,"mai_bas":6.14,"mai_haut":8.97,"mai_ech":"maille","mai_obs":81,"a12":12.29,"a3":7.96},"geometry":{"type":"Polygon","coordinates":[[[4.135,50.2591],[4.1363,50.2568],[4.1637,50.2573],[4.1973,50.2479],[4.1991,50.2405],[4.1839,50.2328],[4.1719,50.219],[4.1613,50.2142],[4.1509,50.2134],[4.1467,50.2181],[4.127,50.2134],[4.1155,50.2288],[4.1205,50.2353],[4.1217,50.2475],[4.1265,50.2557],[4.135,50.2591]]]}},{"type":"Feature","properties":{"code":"59450","nom":"Ors","app":9.08,"app_bas":7.44,"app_haut":11.09,"app_ech":"maille","app_obs":3,"mai":7.27,"mai_bas":5.97,"mai_haut":8.86,"mai_ech":"maille","mai_obs":33,"a12":11.46,"a3":7.74},"geometry":{"type":"Polygon","coordinates":[[[3.6697,50.0991],[3.6437,50.0848],[3.6329,50.0845],[3.6241,50.0809],[3.6095,50.0873],[3.6018,50.1021],[3.6007,50.1115],[3.6062,50.1186],[3.594,50.1225],[3.612,50.1307],[3.6269,50.1272],[3.6436,50.1193],[3.6656,50.1108],[3.6751,50.1012],[3.6697,50.0991]]]}},{"type":"Feature","properties":{"code":"59496","nom":"Rejet-de-Beaulieu","app":9.08,"app_bas":7.44,"app_haut":11.09,"app_ech":"maille","app_obs":0,"mai":6.68,"mai_bas":5.68,"mai_haut":7.87,"mai_ech":"maille","mai_obs":8,"a12":11.46,"a3":8.48},"geometry":{"type":"Polygon","coordinates":[[[3.6093,50.0576],[3.643,50.0539],[3.6582,50.0484],[3.6563,50.0434],[3.6621,50.0387],[3.6559,50.0328],[3.6436,50.0377],[3.6342,50.0358],[3.6251,50.0308],[3.6292,50.0365],[3.6083,50.0492],[3.6093,50.0576]]]}},{"type":"Feature","properties":{"code":"59412","nom":"Montay","app":9.08,"app_bas":7.44,"app_haut":11.09,"app_ech":"maille","app_obs":3,"mai":6.76,"mai_bas":5.52,"mai_haut":8.27,"mai_ech":"maille","mai_obs":12,"a12":11.73,"a3":7.32},"geometry":{"type":"Polygon","coordinates":[[[3.5479,50.1367],[3.5541,50.1307],[3.5506,50.1244],[3.5544,50.1211],[3.5482,50.1146],[3.5385,50.1143],[3.5184,50.1105],[3.5052,50.1202],[3.5096,50.1233],[3.5279,50.1267],[3.5479,50.1367]]]}},{"type":"Feature","properties":{"code":"59575","nom":"Sommaing","app":11.16,"app_bas":9.12,"app_haut":13.67,"app_ech":"maille","app_obs":5,"mai":11.23,"mai_bas":8.24,"mai_haut":15.29,"mai_ech":"maille","mai_obs":4,"a12":14.98,"a3":9.18},"geometry":{"type":"Polygon","coordinates":[[[3.4901,50.2771],[3.4974,50.2795],[3.5121,50.2772],[3.4941,50.2552],[3.4801,50.2509],[3.4901,50.2771]]]}},{"type":"Feature","properties":{"code":"59068","nom":"Berlaimont","app":10,"app_bas":8.47,"app_haut":11.81,"app_ech":"commune","app_obs":149,"mai":7.38,"mai_bas":6.12,"mai_haut":8.91,"mai_ech":"commune","mai_obs":118,"a12":12.34,"a3":7.74},"geometry":{"type":"Polygon","coordinates":[[[3.8101,50.2262],[3.8111,50.2239],[3.8071,50.2188],[3.8201,50.212],[3.8219,50.2054],[3.8135,50.196],[3.8162,50.1875],[3.7989,50.1868],[3.7865,50.1891],[3.7826,50.1854],[3.776,50.1883],[3.7764,50.1956],[3.7687,50.2018],[3.7615,50.2134],[3.7645,50.2169],[3.787,50.222],[3.8034,50.2272],[3.8101,50.2262]]]}},{"type":"Feature","properties":{"code":"59126","nom":"Cantin","app":11.46,"app_bas":8.73,"app_haut":15.04,"app_ech":"maille","app_obs":15,"mai":9.45,"mai_bas":7.67,"mai_haut":11.64,"mai_ech":"maille","mai_obs":67,"a12":13.12,"a3":9.35},"geometry":{"type":"Polygon","coordinates":[[[3.1293,50.3256],[3.1412,50.3196],[3.1568,50.3209],[3.1576,50.3175],[3.1533,50.3104],[3.1427,50.3074],[3.1413,50.3034],[3.132,50.2997],[3.0948,50.2914],[3.0959,50.301],[3.1064,50.3159],[3.1152,50.3229],[3.1293,50.3256]]]}},{"type":"Feature","properties":{"code":"59209","nom":"Esnes","app":9.77,"app_bas":8.19,"app_haut":11.66,"app_ech":"maille","app_obs":5,"mai":7.38,"mai_bas":6.01,"mai_haut":9.07,"mai_ech":"maille","mai_obs":45,"a12":11.46,"a3":8.06},"geometry":{"type":"Polygon","coordinates":[[[3.2964,50.1187],[3.3092,50.1138],[3.3232,50.1187],[3.3285,50.1175],[3.334,50.1086],[3.3381,50.0947],[3.3307,50.0874],[3.3122,50.0832],[3.3093,50.0765],[3.3126,50.0602],[3.3097,50.0586],[3.3072,50.0706],[3.2891,50.0689],[3.2865,50.0725],[3.2891,50.0996],[3.2853,50.1127],[3.2964,50.1187]]]}},{"type":"Feature","properties":{"code":"59506","nom":"Romeries","app":9.56,"app_bas":7.83,"app_haut":11.67,"app_ech":"maille","app_obs":0,"mai":8.54,"mai_bas":6.98,"mai_haut":10.45,"mai_ech":"maille","mai_obs":27,"a12":14.98,"a3":7.74},"geometry":{"type":"Polygon","coordinates":[[[3.5529,50.1839],[3.5441,50.1826],[3.5318,50.1909],[3.5179,50.1979],[3.5254,50.2051],[3.5509,50.2108],[3.5598,50.2059],[3.565,50.1993],[3.5559,50.1916],[3.5529,50.1839]]]}},{"type":"Feature","properties":{"code":"59411","nom":"Mons-en-Pévèle","app":12.88,"app_bas":10.65,"app_haut":15.57,"app_ech":"maille","app_obs":92,"mai":10.71,"mai_bas":8.36,"mai_haut":13.71,"mai_ech":"commune","mai_obs":120,"a12":15.16,"a3":9.26},"geometry":{"type":"Polygon","coordinates":[[[3.1326,50.4984],[3.1335,50.4898],[3.1278,50.4795],[3.1326,50.4668],[3.1177,50.4656],[3.0927,50.4696],[3.0899,50.4684],[3.0794,50.4676],[3.0733,50.4739],[3.0798,50.4788],[3.0712,50.4883],[3.0778,50.4957],[3.0988,50.4971],[3.1098,50.4935],[3.1326,50.4984]]]}},{"type":"Feature","properties":{"code":"59546","nom":"Saint-Sylvestre-Cappel","app":11.23,"app_bas":9.63,"app_haut":13.08,"app_ech":"maille","app_obs":30,"mai":9.43,"mai_bas":7.51,"mai_haut":11.85,"mai_ech":"maille","mai_obs":30,"a12":14.04,"a3":9.29},"geometry":{"type":"Polygon","coordinates":[[[2.5327,50.7891],[2.5562,50.7931],[2.5648,50.7908],[2.5646,50.785],[2.5703,50.7809],[2.5752,50.7693],[2.5551,50.7609],[2.5408,50.7612],[2.5249,50.768],[2.5283,50.772],[2.5453,50.7799],[2.5284,50.7858],[2.5327,50.7891]]]}},{"type":"Feature","properties":{"code":"59583","nom":"Taisnières-en-Thiérache","app":9.56,"app_bas":7.83,"app_haut":11.67,"app_ech":"maille","app_obs":3,"mai":7.32,"mai_bas":6.07,"mai_haut":8.82,"mai_ech":"maille","mai_obs":34,"a12":12.29,"a3":8.48},"geometry":{"type":"Polygon","coordinates":[[[3.811,50.128],[3.7888,50.1359],[3.7834,50.1444],[3.7987,50.1509],[3.8186,50.163],[3.8223,50.1634],[3.8311,50.1595],[3.8388,50.1521],[3.8369,50.1477],[3.8279,50.1445],[3.8214,50.1343],[3.8139,50.1277],[3.811,50.128]]]}},{"type":"Feature","properties":{"code":"59594","nom":"Thun-Saint-Amand","app":11.92,"app_bas":10.05,"app_haut":14.13,"app_ech":"maille","app_obs":1,"mai":9.38,"mai_bas":7.41,"mai_haut":11.88,"mai_ech":"maille","mai_obs":40,"a12":14.6,"a3":9.59},"geometry":{"type":"Polygon","coordinates":[[[3.4323,50.4852],[3.4356,50.4915],[3.4432,50.4959],[3.4526,50.4912],[3.4679,50.4854],[3.4643,50.4775],[3.4353,50.4783],[3.4323,50.4852]]]}},{"type":"Feature","properties":{"code":"59050","nom":"Bas-Lieu","app":9.47,"app_bas":7.78,"app_haut":11.53,"app_ech":"maille","app_obs":1,"mai":7.12,"mai_bas":5.82,"mai_haut":8.71,"mai_ech":"maille","mai_obs":25,"a12":12.29,"a3":7.54},"geometry":{"type":"Polygon","coordinates":[[[3.9546,50.1556],[3.9732,50.1572],[3.9771,50.1438],[3.9629,50.1413],[3.9512,50.1269],[3.9425,50.128],[3.9324,50.1321],[3.9316,50.1541],[3.9487,50.158],[3.9546,50.1556]]]}},{"type":"Feature","properties":{"code":"59080","nom":"Beuvry-la-Forêt","app":12.64,"app_bas":10.2,"app_haut":15.67,"app_ech":"maille","app_obs":53,"mai":10.8,"mai_bas":8.66,"mai_haut":13.47,"mai_ech":"commune","mai_obs":116,"a12":15.61,"a3":11.53},"geometry":{"type":"Polygon","coordinates":[[[3.3104,50.4564],[3.3202,50.4447],[3.311,50.4429],[3.3067,50.4345],[3.2633,50.4378],[3.2571,50.4375],[3.2547,50.4429],[3.2448,50.4505],[3.2457,50.4547],[3.2648,50.4593],[3.2698,50.4643],[3.2876,50.4681],[3.3104,50.4564]]]}},{"type":"Feature","properties":{"code":"59147","nom":"Choisies","app":9.47,"app_bas":7.78,"app_haut":11.53,"app_ech":"maille","app_obs":0,"mai":7.71,"mai_bas":6.48,"mai_haut":9.17,"mai_ech":"maille","mai_obs":7,"a12":12.29,"a3":7.54},"geometry":{"type":"Polygon","coordinates":[[[4.031,50.2051],[4.0351,50.2143],[4.0488,50.2191],[4.061,50.2189],[4.064,50.2135],[4.0575,50.2078],[4.031,50.2051]]]}},{"type":"Feature","properties":{"code":"59468","nom":"Potelle","app":11.37,"app_bas":9.17,"app_haut":14.09,"app_ech":"maille","app_obs":1,"mai":8.55,"mai_bas":6.76,"mai_haut":10.8,"mai_ech":"maille","mai_obs":8,"a12":14.98,"a3":8.97},"geometry":{"type":"Polygon","coordinates":[[[3.6746,50.2147],[3.6584,50.2218],[3.6564,50.2314],[3.6591,50.2376],[3.6522,50.2507],[3.6645,50.2527],[3.6861,50.2476],[3.6772,50.2411],[3.6646,50.2358],[3.6678,50.2221],[3.6746,50.2147]]]}},{"type":"Feature","properties":{"code":"59508","nom":"Roncq","app":13.65,"app_bas":11.5,"app_haut":16.2,"app_ech":"commune","app_obs":844,"mai":11.42,"mai_bas":8.63,"mai_haut":15.11,"mai_ech":"commune","mai_obs":197,"a12":15.44,"a3":12.55},"geometry":{"type":"Polygon","coordinates":[[[3.0869,50.7551],[3.1001,50.7617],[3.1076,50.7583],[3.1201,50.767],[3.1409,50.758],[3.1424,50.7495],[3.1388,50.7408],[3.1333,50.7358],[3.1193,50.7293],[3.1194,50.7264],[3.1102,50.7211],[3.1019,50.7236],[3.1093,50.7312],[3.1046,50.7409],[3.0869,50.7551]]]}},{"type":"Feature","properties":{"code":"59533","nom":"Saint-Hilaire-lez-Cambrai","app":9.45,"app_bas":7.78,"app_haut":11.48,"app_ech":"maille","app_obs":14,"mai":8.31,"mai_bas":6.98,"mai_haut":9.88,"mai_ech":"maille","mai_obs":85,"a12":11.46,"a3":7.95},"geometry":{"type":"Polygon","coordinates":[[[3.4497,50.1853],[3.4433,50.1745],[3.4259,50.1775],[3.4153,50.17],[3.4007,50.1679],[3.3967,50.1759],[3.3915,50.1768],[3.3902,50.1788],[3.3958,50.1826],[3.3988,50.191],[3.4294,50.1883],[3.444,50.1887],[3.4497,50.1853]]]}},{"type":"Feature","properties":{"code":"59535","nom":"Saint-Jans-Cappel","app":11.16,"app_bas":9.28,"app_haut":13.41,"app_ech":"maille","app_obs":25,"mai":9.21,"mai_bas":7.56,"mai_haut":11.23,"mai_ech":"maille","mai_obs":54,"a12":13.8,"a3":9.41},"geometry":{"type":"Polygon","coordinates":[[[2.707,50.751],[2.6974,50.7657],[2.7068,50.7703],[2.7059,50.7796],[2.7223,50.7827],[2.748,50.779],[2.7543,50.7746],[2.7438,50.7711],[2.7435,50.7661],[2.7364,50.7603],[2.707,50.751]]]}},{"type":"Feature","properties":{"code":"59347","nom":"Liessies","app":9.47,"app_bas":7.78,"app_haut":11.53,"app_ech":"maille","app_obs":5,"mai":6.88,"mai_bas":5.44,"mai_haut":8.71,"mai_ech":"maille","mai_obs":25,"a12":12.29,"a3":7.96},"geometry":{"type":"Polygon","coordinates":[[[4.1026,50.1115],[4.1111,50.0968],[4.1043,50.0887],[4.0797,50.0812],[4.0498,50.0829],[4.0491,50.0959],[4.0551,50.1026],[4.0603,50.1059],[4.0555,50.1174],[4.0587,50.1278],[4.0731,50.1275],[4.0701,50.1337],[4.0823,50.1353],[4.0938,50.1316],[4.0894,50.1216],[4.0894,50.1102],[4.1026,50.1115]]]}},{"type":"Feature","properties":{"code":"59359","nom":"Loon-Plage","app":10.43,"app_bas":8.51,"app_haut":12.79,"app_ech":"maille","app_obs":79,"mai":10.15,"mai_bas":8.15,"mai_haut":12.64,"mai_ech":"commune","mai_obs":127,"a12":12.87,"a3":8.7},"geometry":{"type":"Polygon","coordinates":[[[2.1709,51.0133],[2.1902,51.018],[2.1757,51.0226],[2.1926,51.0274],[2.1918,51.0347],[2.2186,51.0322],[2.2402,51.0386],[2.2401,51.0253],[2.2431,51.0174],[2.2515,51.0101],[2.2783,50.9794],[2.284,50.9758],[2.2696,50.9592],[2.2419,50.9772],[2.2063,50.9821],[2.1775,50.9846],[2.1803,50.9911],[2.1736,50.9992],[2.1608,51.0022],[2.1709,51.0133]]]}},{"type":"Feature","properties":{"code":"59545","nom":"Saint-Souplet","app":9.08,"app_bas":7.53,"app_haut":10.96,"app_ech":"maille","app_obs":2,"mai":6.76,"mai_bas":5.52,"mai_haut":8.27,"mai_ech":"maille","mai_obs":90,"a12":11.73,"a3":7.32},"geometry":{"type":"Polygon","coordinates":[[[3.5424,50.0697],[3.5431,50.0606],[3.5564,50.0539],[3.5448,50.0538],[3.5422,50.0496],[3.5307,50.0447],[3.5299,50.0389],[3.5195,50.036],[3.5071,50.0358],[3.4939,50.0372],[3.4862,50.0438],[3.4867,50.052],[3.4828,50.0564],[3.485,50.0603],[3.5089,50.0665],[3.5424,50.0697]]]}},{"type":"Feature","properties":{"code":"59144","nom":"Château-l'Abbaye","app":11.06,"app_bas":8.9,"app_haut":13.74,"app_ech":"maille","app_obs":2,"mai":9.38,"mai_bas":7.41,"mai_haut":11.88,"mai_ech":"maille","mai_obs":18,"a12":14.6,"a3":9.59},"geometry":{"type":"Polygon","coordinates":[[[3.4643,50.4775],[3.4679,50.4854],[3.4526,50.4912],[3.4674,50.4983],[3.4839,50.4946],[3.4929,50.486],[3.4784,50.472],[3.4643,50.4775]]]}},{"type":"Feature","properties":{"code":"59233","nom":"Flaumont-Waudrechies","app":9.46,"app_bas":7.32,"app_haut":12.21,"app_ech":"maille","app_obs":1,"mai":7.12,"mai_bas":5.82,"mai_haut":8.71,"mai_ech":"maille","mai_obs":51,"a12":10.74,"a3":7.96},"geometry":{"type":"Polygon","coordinates":[[[3.9754,50.1195],[3.9691,50.1171],[3.9513,50.1207],[3.9456,50.1271],[3.9512,50.1269],[3.9629,50.1413],[3.9771,50.1438],[3.9907,50.1436],[3.9877,50.1353],[3.9746,50.1215],[3.9754,50.1195]]]}},{"type":"Feature","properties":{"code":"59263","nom":"Gœulzin","app":11.16,"app_bas":9.22,"app_haut":13.51,"app_ech":"maille","app_obs":1,"mai":10.32,"mai_bas":8.24,"mai_haut":12.92,"mai_ech":"maille","mai_obs":31,"a12":13.12,"a3":9.35},"geometry":{"type":"Polygon","coordinates":[[[3.1055,50.331],[3.1238,50.3289],[3.1236,50.325],[3.1152,50.3229],[3.1064,50.3159],[3.0959,50.301],[3.0785,50.3161],[3.0891,50.3255],[3.1055,50.331]]]}},{"type":"Feature","properties":{"code":"59477","nom":"Provin","app":11.89,"app_bas":9.85,"app_haut":14.35,"app_ech":"commune","app_obs":173,"mai":9.37,"mai_bas":7.53,"mai_haut":11.66,"mai_ech":"commune","mai_obs":161,"a12":13.73,"a3":9.36},"geometry":{"type":"Polygon","coordinates":[[[2.8956,50.5314],[2.9195,50.5186],[2.9269,50.5078],[2.9101,50.4998],[2.9048,50.5035],[2.8956,50.5314]]]}},{"type":"Feature","properties":{"code":"59564","nom":"Sentinelle","app":11.4,"app_bas":9.14,"app_haut":14.21,"app_ech":"maille","app_obs":88,"mai":9.33,"mai_bas":7.26,"mai_haut":11.99,"mai_ech":"maille","mai_obs":98,"a12":13.21,"a3":8.53},"geometry":{"type":"Polygon","coordinates":[[[3.4711,50.3625],[3.4771,50.3622],[3.4778,50.3568],[3.4956,50.3461],[3.4893,50.3416],[3.4801,50.3429],[3.4639,50.3377],[3.4567,50.3451],[3.4631,50.3493],[3.4711,50.3625]]]}},{"type":"Feature","properties":{"code":"59669","nom":"Zuytpeene","app":11.28,"app_bas":9.27,"app_haut":13.72,"app_ech":"maille","app_obs":1,"mai":8.9,"mai_bas":7.02,"mai_haut":11.28,"mai_ech":"maille","mai_obs":15,"a12":14.04,"a3":8.68},"geometry":{"type":"Polygon","coordinates":[[[2.4553,50.8017],[2.4553,50.7934],[2.4508,50.7865],[2.4434,50.7861],[2.4312,50.7781],[2.4225,50.7756],[2.4131,50.7781],[2.4043,50.7716],[2.3865,50.7775],[2.4152,50.8089],[2.4487,50.8057],[2.457,50.8064],[2.4553,50.8017]]]}},{"type":"Feature","properties":{"code":"59031","nom":"Audignies","app":11.37,"app_bas":9.17,"app_haut":14.09,"app_ech":"maille","app_obs":1,"mai":8.11,"mai_bas":6.58,"mai_haut":10,"mai_ech":"maille","mai_obs":7,"a12":14.98,"a3":8.97},"geometry":{"type":"Polygon","coordinates":[[[3.833,50.2845],[3.8417,50.2771],[3.8373,50.2701],[3.825,50.2681],[3.8218,50.2661],[3.8142,50.2773],[3.8051,50.2883],[3.8104,50.2902],[3.8219,50.286],[3.833,50.2845]]]}},{"type":"Feature","properties":{"code":"59056","nom":"Beaucamps-Ligny","app":13.64,"app_bas":11.29,"app_haut":16.48,"app_ech":"maille","app_obs":61,"mai":13.08,"mai_bas":9.84,"mai_haut":17.38,"mai_ech":"maille","mai_obs":33,"a12":17.89,"a3":12.65},"geometry":{"type":"Polygon","coordinates":[[[2.9314,50.5963],[2.9207,50.5895],[2.909,50.6018],[2.8993,50.6036],[2.8929,50.6107],[2.8913,50.6157],[2.923,50.6175],[2.9222,50.6127],[2.933,50.6027],[2.9384,50.6036],[2.9364,50.5999],[2.9314,50.5963]]]}},{"type":"Feature","properties":{"code":"59001","nom":"Abancourt","app":10.34,"app_bas":8.66,"app_haut":12.34,"app_ech":"maille","app_obs":2,"mai":8.24,"mai_bas":6.87,"mai_haut":9.87,"mai_ech":"maille","mai_obs":17,"a12":12.33,"a3":9.48},"geometry":{"type":"Polygon","coordinates":[[[3.2169,50.2276],[3.1841,50.2262],[3.1869,50.2349],[3.1906,50.2428],[3.2037,50.2466],[3.2134,50.2477],[3.2275,50.2453],[3.2329,50.2414],[3.2169,50.2276]]]}},{"type":"Feature","properties":{"code":"59267","nom":"Gonnelieu","app":9.74,"app_bas":8.03,"app_haut":11.8,"app_ech":"maille","app_obs":1,"mai":7.3,"mai_bas":5.91,"mai_haut":9.02,"mai_ech":"maille","mai_obs":13,"a12":12.05,"a3":8.65},"geometry":{"type":"Polygon","coordinates":[[[3.1366,50.0496],[3.1408,50.0607],[3.151,50.0641],[3.154,50.0695],[3.1676,50.0719],[3.174,50.0719],[3.1767,50.0525],[3.1366,50.0496]]]}},{"type":"Feature","properties":{"code":"59285","nom":"Haspres","app":9.45,"app_bas":7.78,"app_haut":11.48,"app_ech":"maille","app_obs":33,"mai":8.43,"mai_bas":6.78,"mai_haut":10.5,"mai_ech":"commune","mai_obs":164,"a12":13.61,"a3":7.95},"geometry":{"type":"Polygon","coordinates":[[[3.3876,50.266],[3.3896,50.2708],[3.4006,50.2759],[3.3965,50.2839],[3.418,50.2884],[3.4372,50.2771],[3.4302,50.2703],[3.4361,50.2588],[3.4311,50.2574],[3.4188,50.2461],[3.4086,50.2413],[3.3952,50.2432],[3.3876,50.266]]]}},{"type":"Feature","properties":{"code":"59318","nom":"Houtkerque","app":11.23,"app_bas":9.63,"app_haut":13.08,"app_ech":"maille","app_obs":15,"mai":9.29,"mai_bas":7.53,"mai_haut":11.46,"mai_ech":"maille","mai_obs":33,"a12":14.04,"a3":11.23},"geometry":{"type":"Polygon","coordinates":[[[2.6047,50.9064],[2.6073,50.8726],[2.5832,50.8666],[2.5665,50.8596],[2.5585,50.8615],[2.5502,50.8719],[2.5704,50.8976],[2.6047,50.9064]]]}},{"type":"Feature","properties":{"code":"59328","nom":"Lambersart","app":15.97,"app_bas":12.79,"app_haut":19.95,"app_ech":"commune","app_obs":3059,"mai":13.62,"mai_bas":10.2,"mai_haut":18.2,"mai_ech":"commune","mai_obs":736,"a12":17.36,"a3":14.55},"geometry":{"type":"Polygon","coordinates":[[[3.0027,50.6524],[3.0107,50.6595],[3.0171,50.6632],[3.0208,50.6719],[3.0431,50.6535],[3.0458,50.6481],[3.0389,50.6447],[3.029,50.6352],[3.0215,50.6389],[3.0027,50.6524]]]}},{"type":"Feature","properties":{"code":"59461","nom":"Petit-Fayt","app":9.56,"app_bas":7.83,"app_haut":11.67,"app_ech":"maille","app_obs":1,"mai":7.32,"mai_bas":6.07,"mai_haut":8.82,"mai_ech":"maille","mai_obs":1,"a12":12.29,"a3":8.48},"geometry":{"type":"Polygon","coordinates":[[[3.8233,50.1181],[3.8349,50.1118],[3.8438,50.1106],[3.8541,50.1212],[3.8787,50.1158],[3.8697,50.1093],[3.8599,50.1117],[3.8427,50.1084],[3.8202,50.0915],[3.8088,50.0754],[3.8017,50.0832],[3.8022,50.089],[3.7933,50.0949],[3.8054,50.1009],[3.8233,50.1181]]]}},{"type":"Feature","properties":{"code":"59438","nom":"Noyelles-sur-Escaut","app":9.74,"app_bas":8.03,"app_haut":11.8,"app_ech":"maille","app_obs":8,"mai":7.91,"mai_bas":6.3,"mai_haut":9.94,"mai_ech":"maille","mai_obs":53,"a12":12.33,"a3":8.65},"geometry":{"type":"Polygon","coordinates":[[[3.1467,50.1284],[3.1461,50.1291],[3.1683,50.1436],[3.1854,50.1506],[3.2043,50.1422],[3.184,50.1288],[3.1695,50.1314],[3.1488,50.126],[3.1467,50.1284]]]}},{"type":"Feature","properties":{"code":"59601","nom":"Trélon","app":9.5,"app_bas":7.4,"app_haut":12.2,"app_ech":"commune","app_obs":128,"mai":6.62,"mai_bas":5.23,"mai_haut":8.37,"mai_ech":"commune","mai_obs":111,"a12":10.74,"a3":7.96},"geometry":{"type":"Polygon","coordinates":[[[4.0814,50.0227],[4.082,50.0399],[4.0792,50.0449],[4.0872,50.054],[4.0755,50.0693],[4.0674,50.0718],[4.0797,50.0812],[4.1043,50.0887],[4.1111,50.0968],[4.1026,50.1115],[4.1248,50.1187],[4.1333,50.1129],[4.1467,50.1134],[4.1591,50.1091],[4.1556,50.104],[4.1716,50.0939],[4.1808,50.0789],[4.1798,50.0711],[4.158,50.0674],[4.1517,50.0689],[4.1395,50.0637],[4.1409,50.0565],[4.1341,50.0565],[4.1148,50.0501],[4.1001,50.0399],[4.0984,50.0364],[4.1,50.0189],[4.0814,50.0227]]]}},{"type":"Feature","properties":{"code":"59004","nom":"Aix","app":14.99,"app_bas":11.95,"app_haut":18.81,"app_ech":"maille","app_obs":7,"mai":12.65,"mai_bas":10.07,"mai_haut":15.9,"mai_ech":"maille","mai_obs":61,"a12":16.8,"a3":11.75},"geometry":{"type":"Polygon","coordinates":[[[3.3289,50.5081],[3.3347,50.5079],[3.3307,50.4993],[3.314,50.4905],[3.3007,50.4873],[3.2812,50.4876],[3.2753,50.4899],[3.2941,50.5066],[3.3289,50.5081]]]}},{"type":"Feature","properties":{"code":"59153","nom":"Condé-sur-l'Escaut","app":10.62,"app_bas":8.98,"app_haut":12.56,"app_ech":"commune","app_obs":806,"mai":8.75,"mai_bas":7.17,"mai_haut":10.68,"mai_ech":"commune","mai_obs":273,"a12":12.55,"a3":8.82},"geometry":{"type":"Polygon","coordinates":[[[3.5828,50.4454],[3.581,50.453],[3.5826,50.4647],[3.5796,50.4734],[3.5827,50.4884],[3.5853,50.4905],[3.5999,50.4938],[3.613,50.4925],[3.6322,50.4765],[3.6436,50.4632],[3.6046,50.447],[3.6208,50.4395],[3.6151,50.4366],[3.6089,50.4351],[3.5965,50.4419],[3.5828,50.4454]]]}},{"type":"Feature","properties":{"code":"59297","nom":"Hélesmes","app":11.92,"app_bas":10.05,"app_haut":14.13,"app_ech":"maille","app_obs":9,"mai":9.08,"mai_bas":7.43,"mai_haut":11.11,"mai_ech":"commune","mai_obs":102,"a12":13.61,"a3":9.06},"geometry":{"type":"Polygon","coordinates":[[[3.343,50.3504],[3.3471,50.3576],[3.349,50.3739],[3.3555,50.3854],[3.3532,50.3932],[3.3475,50.4055],[3.3617,50.3982],[3.3592,50.3942],[3.3683,50.3898],[3.362,50.3814],[3.3618,50.3742],[3.3731,50.3561],[3.372,50.3457],[3.3683,50.3442],[3.3563,50.3455],[3.343,50.3504]]]}},{"type":"Feature","properties":{"code":"59650","nom":"Wattrelos","app":14.01,"app_bas":11.44,"app_haut":17.15,"app_ech":"commune","app_obs":1477,"mai":10.25,"mai_bas":8.14,"mai_haut":12.91,"mai_ech":"commune","mai_obs":560,"a12":15.9,"a3":12.32},"geometry":{"type":"Polygon","coordinates":[[[3.2156,50.6894],[3.2014,50.6939],[3.19,50.7058],[3.1756,50.7079],[3.1734,50.714],[3.1897,50.7281],[3.1963,50.737],[3.1991,50.7347],[3.1912,50.7244],[3.2041,50.7199],[3.2155,50.7124],[3.2415,50.7126],[3.2502,50.7082],[3.2584,50.7006],[3.2601,50.6931],[3.2537,50.6911],[3.222,50.6888],[3.2156,50.6894]]]}},{"type":"Feature","properties":{"code":"59076","nom":"Bettignies","app":11.54,"app_bas":9,"app_haut":14.8,"app_ech":"maille","app_obs":1,"mai":7.42,"mai_bas":6.14,"mai_haut":8.97,"mai_ech":"maille","mai_obs":4,"a12":13.6,"a3":8.48},"geometry":{"type":"Polygon","coordinates":[[[3.9756,50.3276],[3.963,50.3184],[3.9472,50.3229],[3.9474,50.3257],[3.9752,50.3463],[3.9869,50.3425],[3.9892,50.3345],[3.9756,50.3276]]]}},{"type":"Feature","properties":{"code":"59156","nom":"Courchelettes","app":12,"app_bas":9.52,"app_haut":15.12,"app_ech":"commune","app_obs":124,"mai":8.72,"mai_bas":7.21,"mai_haut":10.56,"mai_ech":"maille","mai_obs":46,"a12":13.27,"a3":9.56},"geometry":{"type":"Polygon","coordinates":[[[3.0467,50.3458],[3.0588,50.3503],[3.0709,50.3442],[3.0719,50.3407],[3.0653,50.3394],[3.0611,50.3328],[3.0467,50.3458]]]}},{"type":"Feature","properties":{"code":"59168","nom":"Cysoing","app":14.21,"app_bas":11.69,"app_haut":17.28,"app_ech":"commune","app_obs":592,"mai":13.49,"mai_bas":10.72,"mai_haut":16.97,"mai_ech":"commune","mai_obs":281,"a12":17.45,"a3":12.82},"geometry":{"type":"Polygon","coordinates":[[[3.2014,50.5406],[3.1911,50.5473],[3.201,50.5535],[3.2012,50.5613],[3.1925,50.5645],[3.1781,50.562],[3.1803,50.567],[3.1848,50.5733],[3.194,50.5677],[3.1997,50.5751],[3.1926,50.5823],[3.2104,50.5874],[3.2173,50.5836],[3.232,50.586],[3.2329,50.5854],[3.2387,50.5633],[3.2362,50.5483],[3.2249,50.5485],[3.2132,50.5396],[3.2014,50.5406]]]}},{"type":"Feature","properties":{"code":"59293","nom":"Haverskerque","app":10.08,"app_bas":8.32,"app_haut":12.21,"app_ech":"maille","app_obs":15,"mai":8.89,"mai_bas":7.29,"mai_haut":10.84,"mai_ech":"maille","mai_obs":51,"a12":14.04,"a3":8.52},"geometry":{"type":"Polygon","coordinates":[[[2.5065,50.6343],[2.5012,50.6399],[2.5186,50.646],[2.531,50.6487],[2.534,50.655],[2.5542,50.6528],[2.5644,50.6436],[2.585,50.6432],[2.585,50.6369],[2.5771,50.6305],[2.5676,50.6335],[2.5643,50.6244],[2.5447,50.6271],[2.537,50.6305],[2.5336,50.6431],[2.5248,50.642],[2.5179,50.6362],[2.5065,50.6343]]]}},{"type":"Feature","properties":{"code":"59303","nom":"Herlies","app":12.42,"app_bas":10.38,"app_haut":14.87,"app_ech":"maille","app_obs":44,"mai":11.37,"mai_bas":9.33,"mai_haut":13.85,"mai_ech":"commune","mai_obs":108,"a12":14.69,"a3":9.66},"geometry":{"type":"Polygon","coordinates":[[[2.8481,50.5929],[2.8568,50.5956],[2.8731,50.5948],[2.871,50.5863],[2.8746,50.5795],[2.849,50.5649],[2.8364,50.5712],[2.8259,50.5831],[2.8399,50.5868],[2.8481,50.5929]]]}},{"type":"Feature","properties":{"code":"59317","nom":"Houplines","app":12.13,"app_bas":10.03,"app_haut":14.67,"app_ech":"commune","app_obs":369,"mai":9.79,"mai_bas":7.91,"mai_haut":12.12,"mai_ech":"commune","mai_obs":301,"a12":14.56,"a3":10.59},"geometry":{"type":"Polygon","coordinates":[[[2.9004,50.6933],[2.9109,50.6945],[2.9116,50.7038],[2.9223,50.7028],[2.9356,50.6962],[2.9599,50.6803],[2.9523,50.6742],[2.9257,50.6634],[2.9182,50.6675],[2.9177,50.6728],[2.8973,50.6806],[2.9004,50.6933]]]}},{"type":"Feature","properties":{"code":"59565","nom":"Sepmeries","app":11.16,"app_bas":9.12,"app_haut":13.67,"app_ech":"maille","app_obs":0,"mai":11.23,"mai_bas":8.24,"mai_haut":15.29,"mai_ech":"maille","mai_obs":23,"a12":13.38,"a3":9.71},"geometry":{"type":"Polygon","coordinates":[[[3.5333,50.278],[3.5476,50.2814],[3.5552,50.2895],[3.5685,50.2884],[3.5872,50.2815],[3.5755,50.2709],[3.5594,50.265],[3.5449,50.269],[3.5345,50.2761],[3.5333,50.278]]]}},{"type":"Feature","properties":{"code":"59003","nom":"Aibes","app":9.47,"app_bas":7.78,"app_haut":11.53,"app_ech":"maille","app_obs":1,"mai":7.12,"mai_bas":5.84,"mai_haut":8.69,"mai_ech":"maille","mai_obs":8,"a12":12.29,"a3":7.54},"geometry":{"type":"Polygon","coordinates":[[[4.0765,50.2478],[4.0842,50.2516],[4.1067,50.248],[4.1217,50.2475],[4.1205,50.2353],[4.1155,50.2288],[4.1228,50.2197],[4.1024,50.225],[4.0816,50.2202],[4.064,50.2135],[4.0599,50.2202],[4.0692,50.2228],[4.0855,50.2395],[4.0765,50.2478]]]}},{"type":"Feature","properties":{"code":"59531","nom":"Saint-Benin","app":9.08,"app_bas":7.53,"app_haut":10.96,"app_ech":"maille","app_obs":0,"mai":6.76,"mai_bas":5.52,"mai_haut":8.27,"mai_ech":"maille","mai_obs":25,"a12":11.73,"a3":7.32},"geometry":{"type":"Polygon","coordinates":[[[3.5089,50.0665],[3.508,50.0728],[3.5199,50.0776],[3.5273,50.0858],[3.5486,50.0851],[3.5532,50.0744],[3.5424,50.0697],[3.5089,50.0665]]]}},{"type":"Feature","properties":{"code":"59399","nom":"Merris","app":11.16,"app_bas":9.28,"app_haut":13.41,"app_ech":"maille","app_obs":8,"mai":9.21,"mai_bas":7.56,"mai_haut":11.23,"mai_ech":"maille","mai_obs":23,"a12":13.8,"a3":9.41},"geometry":{"type":"Polygon","coordinates":[[[2.6331,50.7079],[2.6326,50.7272],[2.6563,50.7332],[2.6743,50.7323],[2.6831,50.728],[2.6838,50.723],[2.6716,50.7063],[2.6768,50.6988],[2.6653,50.7004],[2.6331,50.7079]]]}},{"type":"Feature","properties":{"code":"59580","nom":"Steenvoorde","app":11.36,"app_bas":9.75,"app_haut":13.24,"app_ech":"commune","app_obs":228,"mai":9.75,"mai_bas":7.75,"mai_haut":12.25,"mai_ech":"commune","mai_obs":255,"a12":14.04,"a3":9.56},"geometry":{"type":"Polygon","coordinates":[[[2.5892,50.7915],[2.5844,50.804],[2.5734,50.8081],[2.5368,50.8064],[2.5192,50.8134],[2.5227,50.8175],[2.5168,50.8224],[2.5325,50.8323],[2.5443,50.8271],[2.5599,50.8283],[2.5768,50.837],[2.5724,50.8467],[2.5921,50.8533],[2.5992,50.8533],[2.6009,50.8484],[2.6119,50.8465],[2.6256,50.8366],[2.6273,50.8277],[2.635,50.8128],[2.6302,50.8063],[2.6271,50.7944],[2.6171,50.7953],[2.6098,50.8025],[2.5965,50.7931],[2.5892,50.7915]]]}},{"type":"Feature","properties":{"code":"59608","nom":"Vendegies-sur-Écaillon","app":11.16,"app_bas":9.12,"app_haut":13.67,"app_ech":"maille","app_obs":14,"mai":11.23,"mai_bas":8.24,"mai_haut":15.29,"mai_ech":"maille","mai_obs":48,"a12":14.98,"a3":9.18},"geometry":{"type":"Polygon","coordinates":[[[3.4791,50.2466],[3.4801,50.2509],[3.4941,50.2552],[3.5121,50.2772],[3.5254,50.2785],[3.5333,50.278],[3.5345,50.2761],[3.5295,50.2725],[3.5299,50.2606],[3.5163,50.2569],[3.5165,50.2538],[3.5009,50.2468],[3.4968,50.2415],[3.4791,50.2466]]]}},{"type":"Feature","properties":{"code":"59180","nom":"Doulieu","app":11.07,"app_bas":9.2,"app_haut":13.34,"app_ech":"maille","app_obs":13,"mai":9.39,"mai_bas":7.72,"mai_haut":11.43,"mai_ech":"maille","mai_obs":21,"a12":12.8,"a3":10.37},"geometry":{"type":"Polygon","coordinates":[[[2.6675,50.6781],[2.6635,50.6913],[2.6781,50.6947],[2.6965,50.6915],[2.7216,50.69],[2.7379,50.6764],[2.732,50.6706],[2.7143,50.6654],[2.6875,50.6654],[2.6814,50.6732],[2.6675,50.6781]]]}},{"type":"Feature","properties":{"code":"59188","nom":"Écuélin","app":9.47,"app_bas":7.78,"app_haut":11.53,"app_ech":"maille","app_obs":0,"mai":7.12,"mai_bas":5.82,"mai_haut":8.71,"mai_ech":"maille","mai_obs":4,"a12":12.34,"a3":7.54},"geometry":{"type":"Polygon","coordinates":[[[3.9026,50.1978],[3.9136,50.1936],[3.9111,50.1877],[3.8962,50.1808],[3.8929,50.1892],[3.8863,50.1871],[3.8728,50.1901],[3.882,50.1944],[3.8915,50.2028],[3.9026,50.1978]]]}},{"type":"Feature","properties":{"code":"59227","nom":"Fenain","app":10.4,"app_bas":8.66,"app_haut":12.51,"app_ech":"maille","app_obs":61,"mai":8.55,"mai_bas":7.06,"mai_haut":10.36,"mai_ech":"commune","mai_obs":151,"a12":13.61,"a3":9.03},"geometry":{"type":"Polygon","coordinates":[[[3.2952,50.3409],[3.2963,50.3519],[3.292,50.3634],[3.2944,50.3777],[3.2865,50.3808],[3.2854,50.3895],[3.3069,50.3904],[3.3008,50.3835],[3.3012,50.377],[3.308,50.3736],[3.3137,50.3656],[3.3091,50.3598],[3.3139,50.3488],[3.2992,50.3446],[3.2952,50.3409]]]}},{"type":"Feature","properties":{"code":"59256","nom":"Fretin","app":13.38,"app_bas":11.05,"app_haut":16.2,"app_ech":"commune","app_obs":195,"mai":12.36,"mai_bas":9.65,"mai_haut":15.83,"mai_ech":"commune","mai_obs":119,"a12":16.13,"a3":11.4},"geometry":{"type":"Polygon","coordinates":[[[3.096,50.5698],[3.0951,50.571],[3.1201,50.579],[3.1331,50.5859],[3.1338,50.5822],[3.1509,50.5799],[3.1637,50.5712],[3.1664,50.5593],[3.1446,50.5514],[3.1216,50.5511],[3.107,50.5528],[3.096,50.5698]]]}},{"type":"Feature","properties":{"code":"59259","nom":"Ghissignies","app":11.37,"app_bas":9.17,"app_haut":14.09,"app_ech":"maille","app_obs":0,"mai":8.55,"mai_bas":6.76,"mai_haut":10.8,"mai_ech":"maille","mai_obs":18,"a12":14.98,"a3":8.97},"geometry":{"type":"Polygon","coordinates":[[[3.619,50.2379],[3.6325,50.2371],[3.6404,50.2336],[3.6343,50.2268],[3.6104,50.2147],[3.603,50.2192],[3.6002,50.2305],[3.619,50.2379]]]}},{"type":"Feature","properties":{"code":"59266","nom":"Gondecourt","app":13.05,"app_bas":11.25,"app_haut":15.14,"app_ech":"commune","app_obs":148,"mai":11.25,"mai_bas":8.99,"mai_haut":14.06,"mai_ech":"commune","mai_obs":129,"a12":15.56,"a3":11.64},"geometry":{"type":"Polygon","coordinates":[[[2.9764,50.5251],[2.9632,50.5279],[2.9648,50.5375],[2.9739,50.5435],[2.9693,50.5525],[2.9553,50.5614],[2.9668,50.5697],[2.9972,50.5544],[3.0076,50.5452],[3.0078,50.5417],[2.9886,50.5384],[2.98,50.5351],[2.9764,50.5251]]]}},{"type":"Feature","properties":{"code":"59360","nom":"Loos","app":14.29,"app_bas":11.87,"app_haut":17.22,"app_ech":"commune","app_obs":3349,"mai":11.73,"mai_bas":9.16,"mai_haut":15.02,"mai_ech":"commune","mai_obs":332,"a12":16.65,"a3":12.89},"geometry":{"type":"Polygon","coordinates":[[[3.0111,50.6019],[3.003,50.6086],[2.9964,50.6181],[2.9973,50.6243],[3.0131,50.6256],[3.0195,50.6251],[3.0254,50.6111],[3.0331,50.6068],[3.0442,50.606],[3.0491,50.6008],[3.0359,50.5914],[3.028,50.5922],[3.026,50.5957],[3.0111,50.6019]]]}},{"type":"Feature","properties":{"code":"59390","nom":"Masny","app":11.46,"app_bas":8.73,"app_haut":15.04,"app_ech":"maille","app_obs":63,"mai":8.93,"mai_bas":7.16,"mai_haut":11.15,"mai_ech":"maille","mai_obs":71,"a12":12.21,"a3":9.03},"geometry":{"type":"Polygon","coordinates":[[[3.2012,50.3214],[3.1833,50.3261],[3.1762,50.337],[3.1848,50.3472],[3.185,50.3552],[3.1922,50.3568],[3.2086,50.3652],[3.2142,50.3644],[3.2063,50.3569],[3.2045,50.3427],[3.2081,50.3299],[3.2132,50.3295],[3.2086,50.3236],[3.2012,50.3214]]]}},{"type":"Feature","properties":{"code":"59615","nom":"Vieux-Berquin","app":10.7,"app_bas":8.87,"app_haut":12.9,"app_ech":"maille","app_obs":36,"mai":9.53,"mai_bas":7.82,"mai_haut":11.62,"mai_ech":"commune","mai_obs":115,"a12":13.8,"a3":9.41},"geometry":{"type":"Polygon","coordinates":[[[2.604,50.7179],[2.6331,50.7079],[2.6653,50.7004],[2.6768,50.6988],[2.6781,50.6947],[2.6635,50.6913],[2.6675,50.6781],[2.652,50.6751],[2.6396,50.6672],[2.6167,50.6732],[2.5951,50.6731],[2.582,50.6953],[2.5694,50.7103],[2.5747,50.7157],[2.594,50.7194],[2.604,50.7179]]]}},{"type":"Feature","properties":{"code":"59635","nom":"Wambaix","app":9.8,"app_bas":7.98,"app_haut":12.02,"app_ech":"maille","app_obs":2,"mai":8.08,"mai_bas":6.65,"mai_haut":9.82,"mai_ech":"maille","mai_obs":7,"a12":13.38,"a3":8.58},"geometry":{"type":"Polygon","coordinates":[[[3.2964,50.1187],[3.2911,50.1272],[3.298,50.132],[3.2973,50.1367],[3.2886,50.1399],[3.305,50.1429],[3.3188,50.139],[3.3213,50.1278],[3.3286,50.1193],[3.334,50.1193],[3.3285,50.1175],[3.3232,50.1187],[3.3092,50.1138],[3.2964,50.1187]]]}},{"type":"Feature","properties":{"code":"59636","nom":"Wambrechies","app":14.87,"app_bas":12.77,"app_haut":17.3,"app_ech":"commune","app_obs":929,"mai":12.7,"mai_bas":9.61,"mai_haut":16.79,"mai_ech":"commune","mai_obs":272,"a12":17.24,"a3":13.96},"geometry":{"type":"Polygon","coordinates":[[[3.0234,50.6716],[3.018,50.7005],[3.0398,50.7087],[3.0457,50.7145],[3.0485,50.7232],[3.0658,50.7194],[3.0755,50.6964],[3.0739,50.6874],[3.0585,50.6792],[3.0409,50.6722],[3.0234,50.6716]]]}},{"type":"Feature","properties":{"code":"59142","nom":"Cerfontaine","app":10.5,"app_bas":8.52,"app_haut":12.93,"app_ech":"maille","app_obs":0,"mai":7.71,"mai_bas":6.48,"mai_haut":9.17,"mai_ech":"maille","mai_obs":6,"a12":13.6,"a3":8.62},"geometry":{"type":"Polygon","coordinates":[[[4.0358,50.2644],[4.04,50.2507],[4.0284,50.2471],[4.0171,50.2533],[4.0106,50.2639],[4.0133,50.2713],[4.0256,50.2711],[4.0358,50.2644]]]}},{"type":"Feature","properties":{"code":"59148","nom":"Clairfayts","app":9.46,"app_bas":7.32,"app_haut":12.21,"app_ech":"maille","app_obs":0,"mai":7.12,"mai_bas":5.84,"mai_haut":8.69,"mai_ech":"maille","mai_obs":18,"a12":12.29,"a3":7.96},"geometry":{"type":"Polygon","coordinates":[[[4.1095,50.1757],[4.1287,50.1646],[4.1423,50.1638],[4.1551,50.1671],[4.1483,50.1582],[4.1378,50.1516],[4.1269,50.1349],[4.1215,50.13],[4.1258,50.1387],[4.1057,50.1494],[4.1044,50.1564],[4.1145,50.1588],[4.112,50.1645],[4.1016,50.1728],[4.1095,50.1757]]]}},{"type":"Feature","properties":{"code":"59174","nom":"Dimechaux","app":10.5,"app_bas":8.52,"app_haut":12.93,"app_ech":"maille","app_obs":2,"mai":7.12,"mai_bas":5.82,"mai_haut":8.71,"mai_ech":"maille","mai_obs":21,"a12":13.44,"a3":7.54},"geometry":{"type":"Polygon","coordinates":[[[4.0575,50.2078],[4.064,50.2012],[4.057,50.19],[4.066,50.1875],[4.054,50.1852],[4.0472,50.188],[4.035,50.1875],[4.0297,50.1902],[4.0322,50.2021],[4.0265,50.2031],[4.031,50.2051],[4.0575,50.2078]]]}},{"type":"Feature","properties":{"code":"59214","nom":"Estrées","app":11.16,"app_bas":9.22,"app_haut":13.51,"app_ech":"maille","app_obs":4,"mai":8.96,"mai_bas":7.24,"mai_haut":11.08,"mai_ech":"maille","mai_obs":28,"a12":13.12,"a3":9.01},"geometry":{"type":"Polygon","coordinates":[[[3.0876,50.288],[3.0693,50.2878],[3.059,50.2935],[3.0552,50.2898],[3.0476,50.2938],[3.0584,50.3023],[3.0784,50.3076],[3.0843,50.3112],[3.0959,50.301],[3.0948,50.2914],[3.0876,50.288]]]}},{"type":"Feature","properties":{"code":"59247","nom":"Forest-sur-Marque","app":13.62,"app_bas":10.83,"app_haut":17.12,"app_ech":"maille","app_obs":29,"mai":12.71,"mai_bas":9.59,"mai_haut":16.85,"mai_ech":"maille","mai_obs":54,"a12":17.34,"a3":12.37},"geometry":{"type":"Polygon","coordinates":[[[3.1858,50.6381],[3.1969,50.6347],[3.1969,50.6303],[3.1864,50.6296],[3.1781,50.6335],[3.1858,50.6381]]]}},{"type":"Feature","properties":{"code":"59393","nom":"Maulde","app":11.92,"app_bas":10.05,"app_haut":14.13,"app_ech":"maille","app_obs":24,"mai":9.38,"mai_bas":7.41,"mai_haut":11.88,"mai_ech":"maille","mai_obs":60,"a12":13.38,"a3":9.59},"geometry":{"type":"Polygon","coordinates":[[[3.4323,50.4852],[3.4206,50.4827],[3.4027,50.4867],[3.4107,50.4913],[3.4056,50.4988],[3.4323,50.5071],[3.4394,50.5072],[3.4432,50.4959],[3.4356,50.4915],[3.4323,50.4852]]]}},{"type":"Feature","properties":{"code":"59066","nom":"Bérelles","app":9.47,"app_bas":7.78,"app_haut":11.53,"app_ech":"maille","app_obs":0,"mai":7.12,"mai_bas":5.84,"mai_haut":8.69,"mai_ech":"maille","mai_obs":13,"a12":12.29,"a3":7.54},"geometry":{"type":"Polygon","coordinates":[[[4.1227,50.1949],[4.1165,50.2008],[4.1165,50.2059],[4.102,50.2105],[4.0914,50.207],[4.0804,50.2137],[4.0816,50.2202],[4.1024,50.225],[4.1228,50.2197],[4.127,50.2134],[4.1199,50.2073],[4.1227,50.1949]]]}},{"type":"Feature","properties":{"code":"59007","nom":"Anhiers","app":11.26,"app_bas":8.95,"app_haut":14.18,"app_ech":"maille","app_obs":5,"mai":9.24,"mai_bas":7.33,"mai_haut":11.66,"mai_ech":"maille","mai_obs":18,"a12":13.27,"a3":9.26},"geometry":{"type":"Polygon","coordinates":[[[3.142,50.4102],[3.1505,50.4131],[3.1577,50.4112],[3.1644,50.4019],[3.1652,50.395],[3.1494,50.4],[3.1479,50.4085],[3.142,50.4102]]]}},{"type":"Feature","properties":{"code":"59319","nom":"Hoymille","app":14.4,"app_bas":11.49,"app_haut":18.04,"app_ech":"maille","app_obs":4,"mai":9.29,"mai_bas":7.53,"mai_haut":11.46,"mai_ech":"maille","mai_obs":38,"a12":16.53,"a3":11.4},"geometry":{"type":"Polygon","coordinates":[[[2.4357,50.9736],[2.4494,50.9863],[2.4625,50.9881],[2.4675,50.9827],[2.475,50.9621],[2.4439,50.9616],[2.4337,50.9639],[2.4455,50.9692],[2.4357,50.9736]]]}},{"type":"Feature","properties":{"code":"59502","nom":"Rieux-en-Cambrésis","app":9.45,"app_bas":7.78,"app_haut":11.48,"app_ech":"maille","app_obs":10,"mai":7.79,"mai_bas":6.49,"mai_haut":9.36,"mai_ech":"commune","mai_obs":129,"a12":12.33,"a3":8.44},"geometry":{"type":"Polygon","coordinates":[[[3.3379,50.1919],[3.3266,50.2154],[3.3447,50.2138],[3.3577,50.2188],[3.3625,50.2176],[3.3769,50.2182],[3.3805,50.2136],[3.372,50.2032],[3.3614,50.1949],[3.3464,50.186],[3.3433,50.1856],[3.3379,50.1919]]]}},{"type":"Feature","properties":{"code":"59429","nom":"Neuville-sur-Escaut","app":10.4,"app_bas":8.66,"app_haut":12.51,"app_ech":"maille","app_obs":11,"mai":8.36,"mai_bas":6.87,"mai_haut":10.16,"mai_ech":"commune","mai_obs":108,"a12":13.74,"a3":8.44},"geometry":{"type":"Polygon","coordinates":[[[3.3673,50.3046],[3.3609,50.2938],[3.367,50.285],[3.3596,50.2783],[3.3516,50.2808],[3.3319,50.2782],[3.337,50.2923],[3.35,50.3017],[3.3642,50.3063],[3.3673,50.3046]]]}},{"type":"Feature","properties":{"code":"59544","nom":"Saint-Saulve","app":12.17,"app_bas":10,"app_haut":14.82,"app_ech":"commune","app_obs":761,"mai":9.67,"mai_bas":7.62,"mai_haut":12.27,"mai_ech":"commune","mai_obs":425,"a12":14.03,"a3":10.32},"geometry":{"type":"Polygon","coordinates":[[[3.5786,50.353],[3.5443,50.3624],[3.5417,50.3622],[3.5495,50.3769],[3.545,50.3805],[3.5497,50.3842],[3.5509,50.3973],[3.5593,50.4049],[3.5646,50.4048],[3.5768,50.3851],[3.5966,50.3655],[3.5786,50.353]]]}},{"type":"Feature","properties":{"code":"59566","nom":"Sequedin","app":13.95,"app_bas":11.47,"app_haut":16.97,"app_ech":"commune","app_obs":234,"mai":11.96,"mai_bas":9.33,"mai_haut":15.32,"mai_ech":"maille","mai_obs":67,"a12":15.97,"a3":12.78},"geometry":{"type":"Polygon","coordinates":[[[2.9631,50.6202],[2.9643,50.6258],[2.9717,50.6336],[2.9809,50.6346],[2.9885,50.6313],[3.0131,50.6256],[2.9973,50.6243],[2.9964,50.6181],[2.9741,50.6154],[2.9631,50.6202]]]}},{"type":"Feature","properties":{"code":"59567","nom":"Séranvillers-Forenville","app":9.8,"app_bas":7.98,"app_haut":12.02,"app_ech":"maille","app_obs":2,"mai":8.08,"mai_bas":6.65,"mai_haut":9.82,"mai_ech":"maille","mai_obs":9,"a12":13.38,"a3":8.58},"geometry":{"type":"Polygon","coordinates":[[[3.2853,50.1127],[3.2594,50.1143],[3.2577,50.1282],[3.2501,50.1306],[3.2655,50.1313],[3.2678,50.1402],[3.2725,50.1432],[3.2886,50.1399],[3.2973,50.1367],[3.298,50.132],[3.2911,50.1272],[3.2964,50.1187],[3.2853,50.1127]]]}},{"type":"Feature","properties":{"code":"59633","nom":"Wallers-en-Fagne","app":9.46,"app_bas":7.32,"app_haut":12.21,"app_ech":"maille","app_obs":0,"mai":7.12,"mai_bas":5.84,"mai_haut":8.69,"mai_ech":"maille","mai_obs":3,"a12":10.74,"a3":7.96},"geometry":{"type":"Polygon","coordinates":[[[4.1409,50.0565],[4.1395,50.0637],[4.1517,50.0689],[4.158,50.0674],[4.1798,50.0711],[4.1808,50.0789],[4.1926,50.0807],[4.1944,50.0765],[4.1809,50.0536],[4.1711,50.047],[4.1468,50.0489],[4.1409,50.0565]]]}},{"type":"Feature","properties":{"code":"59646","nom":"Wasquehal","app":15.07,"app_bas":12.31,"app_haut":18.46,"app_ech":"commune","app_obs":2333,"mai":13.66,"mai_bas":9.97,"mai_haut":18.73,"mai_ech":"commune","mai_obs":537,"a12":16.97,"a3":13.58},"geometry":{"type":"Polygon","coordinates":[[[3.1379,50.6731],[3.1338,50.661],[3.1284,50.654],[3.1187,50.6537],[3.1117,50.669],[3.1197,50.6785],[3.1133,50.6814],[3.1141,50.6883],[3.1316,50.6919],[3.1498,50.6935],[3.1379,50.6731]]]}},{"type":"Feature","properties":{"code":"59088","nom":"Bois-Grenier","app":13.58,"app_bas":11.51,"app_haut":16.02,"app_ech":"maille","app_obs":56,"mai":11.78,"mai_bas":9.3,"mai_haut":14.94,"mai_ech":"maille","mai_obs":99,"a12":15.42,"a3":12.65},"geometry":{"type":"Polygon","coordinates":[[[2.8753,50.6335],[2.8697,50.6311],[2.8455,50.6523],[2.8597,50.6601],[2.8662,50.6612],[2.8931,50.658],[2.8959,50.6499],[2.8919,50.6439],[2.8753,50.6335]]]}},{"type":"Feature","properties":{"code":"59138","nom":"Cattenières","app":9.45,"app_bas":7.78,"app_haut":11.48,"app_ech":"maille","app_obs":6,"mai":8.22,"mai_bas":6.71,"mai_haut":10.08,"mai_ech":"maille","mai_obs":37,"a12":13.38,"a3":8.06},"geometry":{"type":"Polygon","coordinates":[[[3.3418,50.1475],[3.3518,50.1422],[3.3487,50.1229],[3.3405,50.1173],[3.334,50.1193],[3.3286,50.1193],[3.3213,50.1278],[3.3188,50.139],[3.336,50.1436],[3.3418,50.1475]]]}},{"type":"Feature","properties":{"code":"59334","nom":"Lauwin-Planque","app":14.16,"app_bas":11.57,"app_haut":17.34,"app_ech":"maille","app_obs":9,"mai":9.24,"mai_bas":7.33,"mai_haut":11.66,"mai_ech":"maille","mai_obs":39,"a12":14.97,"a3":9.26},"geometry":{"type":"Polygon","coordinates":[[[3.0026,50.398],[3.0161,50.4005],[3.028,50.3971],[3.0486,50.3961],[3.0577,50.3933],[3.0551,50.391],[3.0355,50.3836],[3.0318,50.3842],[3.0226,50.391],[3.0088,50.3895],[3.0026,50.398]]]}},{"type":"Feature","properties":{"code":"59462","nom":"Phalempin","app":13.31,"app_bas":10.91,"app_haut":16.22,"app_ech":"commune","app_obs":356,"mai":11.49,"mai_bas":9.35,"mai_haut":14.12,"mai_ech":"maille","mai_obs":98,"a12":15.7,"a3":12.02},"geometry":{"type":"Polygon","coordinates":[[[3.0083,50.4928],[3.0144,50.4997],[3.0097,50.5086],[3.0083,50.5177],[3.0004,50.5231],[3.002,50.5303],[3.0144,50.5323],[3.0268,50.527],[3.0393,50.5182],[3.0448,50.5106],[3.0376,50.4965],[3.0248,50.5009],[3.0137,50.4951],[3.0108,50.4903],[3.0083,50.4928]]]}},{"type":"Feature","properties":{"code":"59490","nom":"Rainsars","app":9.66,"app_bas":7.79,"app_haut":11.98,"app_ech":"maille","app_obs":0,"mai":7.5,"mai_bas":6.13,"mai_haut":9.19,"mai_ech":"maille","mai_obs":7,"a12":12.29,"a3":7.96},"geometry":{"type":"Polygon","coordinates":[[[3.9775,50.0726],[3.9794,50.0763],[3.992,50.0838],[4.0172,50.0768],[4.0242,50.066],[3.9905,50.0586],[3.9876,50.0566],[3.9804,50.0612],[3.9775,50.0726]]]}},{"type":"Feature","properties":{"code":"59431","nom":"Nieppe","app":12.66,"app_bas":10.53,"app_haut":15.22,"app_ech":"commune","app_obs":423,"mai":10.2,"mai_bas":8.39,"mai_haut":12.4,"mai_ech":"commune","mai_obs":251,"a12":14.83,"a3":10.95},"geometry":{"type":"Polygon","coordinates":[[[2.8133,50.7169],[2.8484,50.7229],[2.8547,50.7147],[2.8702,50.7029],[2.8562,50.686],[2.835,50.6771],[2.8174,50.6829],[2.8098,50.6752],[2.8098,50.6708],[2.8,50.6772],[2.8008,50.6831],[2.8089,50.6889],[2.8107,50.699],[2.8073,50.7052],[2.7955,50.7117],[2.8133,50.7169]]]}},{"type":"Feature","properties":{"code":"59637","nom":"Wandignies-Hamage","app":11.06,"app_bas":8.9,"app_haut":13.74,"app_ech":"maille","app_obs":4,"mai":9.58,"mai_bas":7.85,"mai_haut":11.7,"mai_ech":"maille","mai_obs":19,"a12":14.6,"a3":9.06},"geometry":{"type":"Polygon","coordinates":[[[3.3427,50.3899],[3.335,50.3926],[3.3208,50.3879],[3.3069,50.3904],[3.2965,50.3902],[3.2929,50.3971],[3.2995,50.4021],[3.3177,50.401],[3.3239,50.4061],[3.3319,50.4077],[3.3475,50.4059],[3.3532,50.3932],[3.3427,50.3899]]]}},{"type":"Feature","properties":{"code":"59065","nom":"Bellignies","app":10.71,"app_bas":9.07,"app_haut":12.64,"app_ech":"maille","app_obs":3,"mai":8.11,"mai_bas":6.58,"mai_haut":10,"mai_ech":"maille","mai_obs":20,"a12":14.98,"a3":8.97},"geometry":{"type":"Polygon","coordinates":[[[3.7475,50.3341],[3.7547,50.3319],[3.7654,50.34],[3.7704,50.3371],[3.7772,50.3271],[3.7774,50.3166],[3.7683,50.3113],[3.7638,50.3051],[3.7512,50.3159],[3.753,50.3221],[3.7475,50.3341]]]}},{"type":"Feature","properties":{"code":"59069","nom":"Bermerain","app":11.48,"app_bas":9.55,"app_haut":13.8,"app_ech":"maille","app_obs":1,"mai":7.95,"mai_bas":6.29,"mai_haut":10.06,"mai_ech":"maille","mai_obs":34,"a12":13.38,"a3":9.18},"geometry":{"type":"Polygon","coordinates":[[[3.5594,50.265],[3.557,50.2582],[3.5609,50.2523],[3.5507,50.247],[3.5401,50.2446],[3.5301,50.2343],[3.5349,50.2452],[3.5314,50.2496],[3.5165,50.2538],[3.5163,50.2569],[3.5299,50.2606],[3.5295,50.2725],[3.5345,50.2761],[3.5449,50.269],[3.5594,50.265]]]}},{"type":"Feature","properties":{"code":"59074","nom":"Bertry","app":9.08,"app_bas":7.53,"app_haut":10.96,"app_ech":"maille","app_obs":16,"mai":7.38,"mai_bas":6.01,"mai_haut":9.07,"mai_ech":"maille","mai_obs":98,"a12":11.46,"a3":7.95},"geometry":{"type":"Polygon","coordinates":[[[3.4595,50.0804],[3.4555,50.0785],[3.4404,50.0621],[3.4226,50.0656],[3.423,50.0707],[3.429,50.084],[3.4264,50.0919],[3.43,50.0996],[3.4384,50.107],[3.4461,50.1033],[3.4486,50.0968],[3.4606,50.087],[3.4595,50.0804]]]}},{"type":"Feature","properties":{"code":"59315","nom":"Houdain-lez-Bavay","app":10.71,"app_bas":9.07,"app_haut":12.64,"app_ech":"maille","app_obs":11,"mai":8.11,"mai_bas":6.58,"mai_haut":10,"mai_ech":"maille","mai_obs":16,"a12":13.44,"a3":8.97},"geometry":{"type":"Polygon","coordinates":[[[3.7638,50.3051],[3.7683,50.3113],[3.7774,50.3166],[3.7772,50.3271],[3.7704,50.3371],[3.7654,50.34],[3.7636,50.3481],[3.7681,50.3524],[3.7988,50.3513],[3.8049,50.355],[3.8137,50.3532],[3.8117,50.3449],[3.8045,50.3435],[3.7919,50.3309],[3.7936,50.3247],[3.8084,50.3075],[3.8032,50.304],[3.788,50.301],[3.7797,50.3017],[3.7638,50.3051]]]}},{"type":"Feature","properties":{"code":"59486","nom":"Râches","app":14.16,"app_bas":11.57,"app_haut":17.34,"app_ech":"maille","app_obs":73,"mai":9.11,"mai_bas":7.22,"mai_haut":11.5,"mai_ech":"commune","mai_obs":121,"a12":13.27,"a3":9.26},"geometry":{"type":"Polygon","coordinates":[[[3.142,50.4102],[3.1303,50.4102],[3.1216,50.4045],[3.1137,50.4131],[3.1298,50.421],[3.1284,50.425],[3.1356,50.4299],[3.1333,50.436],[3.1466,50.4367],[3.1523,50.4239],[3.1505,50.4131],[3.142,50.4102]]]}},{"type":"Feature","properties":{"code":"59075","nom":"Béthencourt","app":9.45,"app_bas":7.78,"app_haut":11.48,"app_ech":"maille","app_obs":4,"mai":8.54,"mai_bas":6.98,"mai_haut":10.45,"mai_ech":"maille","mai_obs":44,"a12":11.46,"a3":8.06},"geometry":{"type":"Polygon","coordinates":[[[3.4042,50.1512],[3.409,50.1487],[3.4334,50.1529],[3.4428,50.1437],[3.444,50.1316],[3.4021,50.1401],[3.3985,50.1493],[3.4042,50.1512]]]}},{"type":"Feature","properties":{"code":"59077","nom":"Bettrechies","app":10.71,"app_bas":9.07,"app_haut":12.64,"app_ech":"maille","app_obs":1,"mai":8.11,"mai_bas":6.58,"mai_haut":10,"mai_ech":"maille","mai_obs":3,"a12":13.44,"a3":9.71},"geometry":{"type":"Polygon","coordinates":[[[3.7475,50.3341],[3.753,50.3221],[3.7512,50.3159],[3.7373,50.3099],[3.7317,50.3119],[3.73,50.3233],[3.7345,50.3323],[3.7475,50.3341]]]}},{"type":"Feature","properties":{"code":"59253","nom":"Fresnes-sur-Escaut","app":10.41,"app_bas":8.65,"app_haut":12.54,"app_ech":"commune","app_obs":175,"mai":8.54,"mai_bas":6.98,"mai_haut":10.44,"mai_ech":"commune","mai_obs":308,"a12":12.96,"a3":8.43},"geometry":{"type":"Polygon","coordinates":[[[3.5828,50.4454],[3.5965,50.4419],[3.6089,50.4351],[3.6039,50.4256],[3.5946,50.4129],[3.5887,50.4099],[3.5804,50.4106],[3.5707,50.4131],[3.5715,50.4222],[3.5552,50.4327],[3.5522,50.4432],[3.5555,50.4533],[3.5629,50.4543],[3.5828,50.4454]]]}},{"type":"Feature","properties":{"code":"59329","nom":"Lambres-lez-Douai","app":12.11,"app_bas":9.63,"app_haut":15.22,"app_ech":"commune","app_obs":135,"mai":8.96,"mai_bas":7.4,"mai_haut":10.86,"mai_ech":"commune","mai_obs":149,"a12":13.27,"a3":9.35},"geometry":{"type":"Polygon","coordinates":[[[3.0467,50.3458],[3.0388,50.344],[3.0135,50.3594],[3.0551,50.3688],[3.0644,50.3618],[3.0833,50.3515],[3.0953,50.3499],[3.0942,50.3427],[3.0845,50.3401],[3.0719,50.3407],[3.0709,50.3442],[3.0588,50.3503],[3.0467,50.3458]]]}},{"type":"Feature","properties":{"code":"59452","nom":"Ostricourt","app":11.2,"app_bas":9.28,"app_haut":13.52,"app_ech":"maille","app_obs":36,"mai":9.68,"mai_bas":7.6,"mai_haut":12.33,"mai_ech":"commune","mai_obs":114,"a12":13.32,"a3":9.33},"geometry":{"type":"Polygon","coordinates":[[[3.0083,50.4559],[3.0164,50.4683],[3.0446,50.4728],[3.0576,50.461],[3.0588,50.4562],[3.0439,50.449],[3.0416,50.4445],[3.0163,50.4421],[3.0173,50.4503],[3.0083,50.4559]]]}},{"type":"Feature","properties":{"code":"59500","nom":"Ribécourt-la-Tour","app":9.74,"app_bas":8.03,"app_haut":11.8,"app_ech":"maille","app_obs":7,"mai":7.92,"mai_bas":6.34,"mai_haut":9.88,"mai_ech":"maille","mai_obs":19,"a12":12.33,"a3":8.65},"geometry":{"type":"Polygon","coordinates":[[[3.1141,50.0924],[3.1123,50.1036],[3.1046,50.1046],[3.1043,50.1114],[3.1263,50.1128],[3.1359,50.1205],[3.1487,50.1201],[3.1564,50.1072],[3.1435,50.0971],[3.145,50.0896],[3.1164,50.0879],[3.1141,50.0924]]]}},{"type":"Feature","properties":{"code":"59628","nom":"Volckerinckhove","app":11.28,"app_bas":9.27,"app_haut":13.72,"app_ech":"maille","app_obs":0,"mai":8.92,"mai_bas":7.18,"mai_haut":11.08,"mai_ech":"maille","mai_obs":40,"a12":13.63,"a3":8.9},"geometry":{"type":"Polygon","coordinates":[[[2.2673,50.8317],[2.2809,50.8345],[2.2782,50.8473],[2.2865,50.8536],[2.2976,50.8514],[2.3112,50.8573],[2.3268,50.855],[2.3317,50.8395],[2.3093,50.8354],[2.3044,50.8322],[2.2764,50.8198],[2.268,50.8226],[2.2633,50.8256],[2.2673,50.8317]]]}},{"type":"Feature","properties":{"code":"59072","nom":"Bersillies","app":10.5,"app_bas":8.52,"app_haut":12.93,"app_ech":"maille","app_obs":2,"mai":8.12,"mai_bas":6.56,"mai_haut":10.06,"mai_ech":"maille","mai_obs":1,"a12":13.6,"a3":8.62},"geometry":{"type":"Polygon","coordinates":[[[3.9892,50.3345],[4.0091,50.3246],[4.0093,50.3186],[3.9975,50.3121],[3.9883,50.3254],[3.9756,50.3276],[3.9892,50.3345]]]}},{"type":"Feature","properties":{"code":"59277","nom":"Gussignies","app":10.71,"app_bas":9.07,"app_haut":12.64,"app_ech":"maille","app_obs":5,"mai":8.11,"mai_bas":6.58,"mai_haut":10,"mai_ech":"maille","mai_obs":5,"a12":13.44,"a3":8.97},"geometry":{"type":"Polygon","coordinates":[[[3.7475,50.3341],[3.7345,50.3323],[3.7362,50.3433],[3.7474,50.3509],[3.7636,50.3481],[3.7654,50.34],[3.7547,50.3319],[3.7475,50.3341]]]}},{"type":"Feature","properties":{"code":"59310","nom":"Hon-Hergies","app":10.71,"app_bas":9.07,"app_haut":12.64,"app_ech":"maille","app_obs":18,"mai":8.11,"mai_bas":6.58,"mai_haut":10,"mai_ech":"maille","mai_obs":30,"a12":13.44,"a3":8.97},"geometry":{"type":"Polygon","coordinates":[[[3.8062,50.3096],[3.7936,50.3247],[3.7919,50.3309],[3.8045,50.3435],[3.8214,50.3457],[3.8298,50.3527],[3.8436,50.3535],[3.8576,50.3479],[3.8062,50.3096]]]}},{"type":"Feature","properties":{"code":"59336","nom":"Lécluse","app":11.46,"app_bas":8.73,"app_haut":15.04,"app_ech":"maille","app_obs":7,"mai":7.96,"mai_bas":6.46,"mai_haut":9.8,"mai_ech":"commune","mai_obs":122,"a12":13.12,"a3":9.35},"geometry":{"type":"Polygon","coordinates":[[[3.0186,50.2644],[3.0122,50.268],[3.0161,50.2747],[3.0153,50.2838],[3.0405,50.2875],[3.0551,50.2823],[3.0546,50.2753],[3.045,50.2751],[3.0364,50.2694],[3.0186,50.2644]]]}},{"type":"Feature","properties":{"code":"59483","nom":"Quiévelon","app":9.47,"app_bas":7.78,"app_haut":11.53,"app_ech":"maille","app_obs":0,"mai":7.71,"mai_bas":6.48,"mai_haut":9.17,"mai_ech":"maille","mai_obs":0,"a12":13.6,"a3":7.54},"geometry":{"type":"Polygon","coordinates":[[[4.0765,50.2478],[4.0855,50.2395],[4.0692,50.2228],[4.0599,50.2202],[4.0587,50.2267],[4.0507,50.2341],[4.0518,50.2393],[4.0765,50.2478]]]}},{"type":"Feature","properties":{"code":"59392","nom":"Maubeuge","app":10.9,"app_bas":8.67,"app_haut":13.7,"app_ech":"commune","app_obs":2300,"mai":7.95,"mai_bas":6.42,"mai_haut":9.85,"mai_ech":"commune","mai_obs":951,"a12":12.92,"a3":9.36},"geometry":{"type":"Polygon","coordinates":[[[3.9437,50.299],[3.961,50.3075],[3.9738,50.3082],[3.9881,50.3007],[3.9903,50.2933],[4.0094,50.2953],[4.0099,50.2848],[3.9794,50.2719],[3.9738,50.2668],[3.9721,50.2583],[3.9635,50.2651],[3.9666,50.2699],[3.9628,50.275],[3.9439,50.2661],[3.9424,50.2621],[3.9279,50.2642],[3.9127,50.269],[3.9133,50.2744],[3.9331,50.2771],[3.9323,50.2869],[3.9421,50.2928],[3.9437,50.299]]]}},{"type":"Feature","properties":{"code":"59542","nom":"Saint-Remy-Chaussée","app":9.47,"app_bas":7.78,"app_haut":11.53,"app_ech":"maille","app_obs":2,"mai":6.86,"mai_bas":5.56,"mai_haut":8.45,"mai_ech":"maille","mai_obs":14,"a12":12.34,"a3":8.48},"geometry":{"type":"Polygon","coordinates":[[[3.8962,50.1808],[3.8888,50.1688],[3.8744,50.1603],[3.8568,50.1953],[3.8728,50.1901],[3.8863,50.1871],[3.8929,50.1892],[3.8962,50.1808]]]}},{"type":"Feature","properties":{"code":"59568","nom":"Sercus","app":10.85,"app_bas":8.66,"app_haut":13.58,"app_ech":"maille","app_obs":1,"mai":8.89,"mai_bas":7.29,"mai_haut":10.84,"mai_ech":"maille","mai_obs":13,"a12":13.8,"a3":9.41},"geometry":{"type":"Polygon","coordinates":[[[2.428,50.7013],[2.447,50.7168],[2.4546,50.7213],[2.4683,50.7216],[2.4641,50.7006],[2.4445,50.6966],[2.428,50.7013]]]}},{"type":"Feature","properties":{"code":"59618","nom":"Vieux-Reng","app":11.54,"app_bas":9,"app_haut":14.8,"app_ech":"maille","app_obs":35,"mai":7.42,"mai_bas":6.14,"mai_haut":8.97,"mai_ech":"maille","mai_obs":40,"a12":13.6,"a3":8.48},"geometry":{"type":"Polygon","coordinates":[[[4.0376,50.3429],[4.0488,50.3396],[4.0782,50.3206],[4.0789,50.3102],[4.0405,50.3042],[4.04,50.3063],[4.0145,50.3151],[4.0093,50.3186],[4.0091,50.3246],[4.0243,50.3256],[4.0376,50.3429]]]}},{"type":"Feature","properties":{"code":"59039","nom":"Awoingt","app":9.8,"app_bas":7.98,"app_haut":12.02,"app_ech":"maille","app_obs":2,"mai":8.08,"mai_bas":6.65,"mai_haut":9.82,"mai_ech":"maille","mai_obs":22,"a12":13.38,"a3":8.58},"geometry":{"type":"Polygon","coordinates":[[[3.2644,50.152],[3.266,50.1585],[3.2756,50.1653],[3.2972,50.1644],[3.3053,50.1585],[3.3071,50.1515],[3.305,50.1429],[3.2886,50.1399],[3.2725,50.1432],[3.2735,50.1472],[3.2644,50.152]]]}},{"type":"Feature","properties":{"code":"59102","nom":"Boussières-en-Cambrésis","app":9.45,"app_bas":7.78,"app_haut":11.48,"app_ech":"maille","app_obs":4,"mai":8.31,"mai_bas":6.98,"mai_haut":9.88,"mai_ech":"maille","mai_obs":28,"a12":11.46,"a3":7.95},"geometry":{"type":"Polygon","coordinates":[[[3.3785,50.1517],[3.3715,50.1472],[3.3641,50.1472],[3.3569,50.1617],[3.3615,50.1727],[3.3801,50.1782],[3.3902,50.1788],[3.3915,50.1768],[3.3898,50.1694],[3.3717,50.1603],[3.3785,50.1517]]]}},{"type":"Feature","properties":{"code":"59017","nom":"Armentières","app":12.8,"app_bas":10.66,"app_haut":15.37,"app_ech":"commune","app_obs":4668,"mai":9.5,"mai_bas":7.68,"mai_haut":11.75,"mai_ech":"commune","mai_obs":847,"a12":14.82,"a3":11.17},"geometry":{"type":"Polygon","coordinates":[[[2.8973,50.6806],[2.893,50.6785],[2.8714,50.6814],[2.8562,50.686],[2.8702,50.7029],[2.8856,50.7066],[2.9004,50.6933],[2.8973,50.6806]]]}},{"type":"Feature","properties":{"code":"59222","nom":"Faumont","app":13.92,"app_bas":11.25,"app_haut":17.22,"app_ech":"maille","app_obs":19,"mai":10.43,"mai_bas":8.16,"mai_haut":13.32,"mai_ech":"maille","mai_obs":66,"a12":15.61,"a3":11.53},"geometry":{"type":"Polygon","coordinates":[[[3.1326,50.4668],[3.1465,50.4653],[3.167,50.4594],[3.1545,50.447],[3.1537,50.4359],[3.1466,50.4367],[3.1333,50.436],[3.1297,50.4432],[3.12,50.4433],[3.1182,50.4502],[3.105,50.4523],[3.1061,50.4607],[3.1177,50.4656],[3.1326,50.4668]]]}},{"type":"Feature","properties":{"code":"59276","nom":"Guesnain","app":11.21,"app_bas":9.25,"app_haut":13.57,"app_ech":"maille","app_obs":36,"mai":8.75,"mai_bas":7.15,"mai_haut":10.72,"mai_ech":"maille","mai_obs":58,"a12":12.21,"a3":9.03},"geometry":{"type":"Polygon","coordinates":[[[3.1492,50.3367],[3.1358,50.3361],[3.1322,50.3401],[3.1365,50.3565],[3.1581,50.362],[3.1621,50.3516],[3.1599,50.3456],[3.1492,50.3367]]]}},{"type":"Feature","properties":{"code":"59487","nom":"Radinghem-en-Weppes","app":13.58,"app_bas":11.51,"app_haut":16.02,"app_ech":"maille","app_obs":41,"mai":11.78,"mai_bas":9.3,"mai_haut":14.94,"mai_ech":"maille","mai_obs":39,"a12":17.89,"a3":12.65},"geometry":{"type":"Polygon","coordinates":[[[2.8753,50.6335],[2.8919,50.6439],[2.9084,50.637],[2.9226,50.6255],[2.9202,50.6174],[2.8913,50.6157],[2.8814,50.6227],[2.8753,50.6335]]]}},{"type":"Feature","properties":{"code":"59509","nom":"Roost-Warendin","app":14.16,"app_bas":11.57,"app_haut":17.34,"app_ech":"maille","app_obs":39,"mai":9.16,"mai_bas":7.38,"mai_haut":11.38,"mai_ech":"commune","mai_obs":122,"a12":13.32,"a3":9.26},"geometry":{"type":"Polygon","coordinates":[[[3.0735,50.4252],[3.0922,50.4224],[3.099,50.4266],[3.1284,50.425],[3.1298,50.421],[3.1137,50.4131],[3.1216,50.4045],[3.1146,50.3999],[3.1039,50.3983],[3.0917,50.4038],[3.0852,50.4178],[3.0708,50.4203],[3.0735,50.4252]]]}},{"type":"Feature","properties":{"code":"59414","nom":"Montigny-en-Ostrevent","app":11.21,"app_bas":9.25,"app_haut":13.57,"app_ech":"maille","app_obs":50,"mai":9.23,"mai_bas":7.4,"mai_haut":11.52,"mai_ech":"commune","mai_obs":104,"a12":12.21,"a3":9.03},"geometry":{"type":"Polygon","coordinates":[[[3.185,50.3552],[3.1838,50.3604],[3.1737,50.3625],[3.1583,50.3618],[3.1582,50.3735],[3.1929,50.3819],[3.1876,50.3716],[3.2086,50.3652],[3.1922,50.3568],[3.185,50.3552]]]}},{"type":"Feature","properties":{"code":"59133","nom":"Carnin","app":12.49,"app_bas":10.24,"app_haut":15.24,"app_ech":"maille","app_obs":21,"mai":11.38,"mai_bas":9.11,"mai_haut":14.22,"mai_ech":"maille","mai_obs":26,"a12":15.56,"a3":10.97},"geometry":{"type":"Polygon","coordinates":[[[2.9462,50.5295],[2.9526,50.525],[2.9632,50.5279],[2.9764,50.5251],[2.9647,50.5128],[2.9584,50.5096],[2.9507,50.5119],[2.9517,50.517],[2.9462,50.5295]]]}},{"type":"Feature","properties":{"code":"59467","nom":"Pont-sur-Sambre","app":10.71,"app_bas":9.07,"app_haut":12.64,"app_ech":"maille","app_obs":73,"mai":7.56,"mai_bas":6.26,"mai_haut":9.12,"mai_ech":"commune","mai_obs":137,"a12":12.34,"a3":8.48},"geometry":{"type":"Polygon","coordinates":[[[3.8488,50.249],[3.8703,50.2469],[3.8605,50.2383],[3.8866,50.2292],[3.8802,50.2235],[3.8638,50.2232],[3.8539,50.2127],[3.848,50.2175],[3.8111,50.2239],[3.8101,50.2262],[3.8123,50.2322],[3.8266,50.244],[3.8322,50.2458],[3.8441,50.2429],[3.8488,50.249]]]}},{"type":"Feature","properties":{"code":"59560","nom":"Seclin","app":13.64,"app_bas":11.76,"app_haut":15.82,"app_ech":"commune","app_obs":1268,"mai":11.24,"mai_bas":9.14,"mai_haut":13.81,"mai_ech":"commune","mai_obs":358,"a12":15.58,"a3":12.14},"geometry":{"type":"Polygon","coordinates":[[[3.0631,50.531],[3.0475,50.5274],[3.0393,50.5182],[3.0268,50.527],[3.0144,50.5323],[3.0078,50.5417],[3.0076,50.5452],[2.9972,50.5544],[2.9817,50.5621],[2.9876,50.563],[3.0047,50.5578],[3.0127,50.5591],[3.0214,50.5672],[3.0308,50.5664],[3.0399,50.5729],[3.0426,50.5721],[3.0405,50.5689],[3.0599,50.5566],[3.0689,50.5564],[3.0716,50.551],[3.0626,50.536],[3.0631,50.531]]]}},{"type":"Feature","properties":{"code":"59623","nom":"Villers-Guislain","app":9.77,"app_bas":8.19,"app_haut":11.66,"app_ech":"maille","app_obs":0,"mai":7.3,"mai_bas":5.91,"mai_haut":9.02,"mai_ech":"maille","mai_obs":55,"a12":12.31,"a3":7.59},"geometry":{"type":"Polygon","coordinates":[[[3.1783,50.0506],[3.1756,50.0268],[3.167,50.021],[3.1584,50.0183],[3.1473,50.0187],[3.1499,50.0273],[3.1331,50.0242],[3.1236,50.0245],[3.1151,50.0322],[3.1284,50.036],[3.1366,50.0496],[3.1767,50.0525],[3.1783,50.0506]]]}},{"type":"Feature","properties":{"code":"59063","nom":"Beauvois-en-Cambrésis","app":9.45,"app_bas":7.78,"app_haut":11.48,"app_ech":"maille","app_obs":93,"mai":7.89,"mai_bas":6.45,"mai_haut":9.66,"mai_ech":"commune","mai_obs":127,"a12":11.46,"a3":7.95},"geometry":{"type":"Polygon","coordinates":[[[3.3785,50.1517],[3.3862,50.1462],[3.4021,50.1401],[3.4085,50.1388],[3.3955,50.1297],[3.3667,50.141],[3.3595,50.1461],[3.3641,50.1472],[3.3715,50.1472],[3.3785,50.1517]]]}},{"type":"Feature","properties":{"code":"59182","nom":"Drincham","app":10.43,"app_bas":8.51,"app_haut":12.79,"app_ech":"maille","app_obs":0,"mai":8.92,"mai_bas":7.18,"mai_haut":11.08,"mai_ech":"maille","mai_obs":3,"a12":13.63,"a3":9.84},"geometry":{"type":"Polygon","coordinates":[[[2.3137,50.9026],[2.3028,50.9097],[2.3109,50.9199],[2.3258,50.919],[2.337,50.9091],[2.3265,50.9012],[2.3137,50.9026]]]}},{"type":"Feature","properties":{"code":"59207","nom":"Escautpont","app":11.07,"app_bas":9.04,"app_haut":13.55,"app_ech":"maille","app_obs":48,"mai":8.66,"mai_bas":6.79,"mai_haut":11.04,"mai_ech":"maille","mai_obs":83,"a12":12.96,"a3":9.05},"geometry":{"type":"Polygon","coordinates":[[[3.5493,50.4138],[3.5544,50.4167],[3.5211,50.4409],[3.5233,50.4422],[3.5286,50.4429],[3.5552,50.4327],[3.5715,50.4222],[3.5707,50.4131],[3.5804,50.4106],[3.5646,50.4048],[3.5639,50.4093],[3.5493,50.4138]]]}},{"type":"Feature","properties":{"code":"59454","nom":"Oxelaëre","app":11.23,"app_bas":9.63,"app_haut":13.08,"app_ech":"maille","app_obs":68,"mai":8.9,"mai_bas":7.02,"mai_haut":11.28,"mai_ech":"maille","mai_obs":24,"a12":12.92,"a3":9.29},"geometry":{"type":"Polygon","coordinates":[[[2.4751,50.7574],[2.4702,50.7607],[2.4594,50.7766],[2.459,50.7874],[2.4671,50.7997],[2.4814,50.7894],[2.4751,50.7574]]]}},{"type":"Feature","properties":{"code":"59497","nom":"Renescure","app":11.09,"app_bas":9.14,"app_haut":13.46,"app_ech":"maille","app_obs":68,"mai":7.91,"mai_bas":6.56,"mai_haut":9.53,"mai_ech":"maille","mai_obs":73,"a12":12.92,"a3":8.68},"geometry":{"type":"Polygon","coordinates":[[[2.4047,50.7176],[2.3977,50.7077],[2.3776,50.7121],[2.366,50.7091],[2.3556,50.7161],[2.351,50.7249],[2.3397,50.7307],[2.3409,50.7409],[2.3472,50.7421],[2.3636,50.7516],[2.3757,50.7527],[2.4115,50.7667],[2.4114,50.7593],[2.4172,50.7555],[2.3957,50.7308],[2.3885,50.725],[2.4047,50.7176]]]}},{"type":"Feature","properties":{"code":"59517","nom":"Rues-des-Vignes","app":9.65,"app_bas":8.03,"app_haut":11.6,"app_ech":"maille","app_obs":1,"mai":8.08,"mai_bas":6.65,"mai_haut":9.82,"mai_ech":"maille","mai_obs":19,"a12":12.05,"a3":7.59},"geometry":{"type":"MultiPolygon","coordinates":[[[[3.184,50.0797],[3.1886,50.0871],[3.2094,50.0922],[3.2312,50.1033],[3.2305,50.1073],[3.2469,50.1012],[3.2581,50.0924],[3.2566,50.0784],[3.25,50.0563],[3.2325,50.0638],[3.2246,50.0728],[3.2165,50.077],[3.2066,50.0753],[3.2066,50.0707],[3.1971,50.0795],[3.184,50.0797]]],[[[3.2449,50.0401],[3.2501,50.0563],[3.2657,50.0397],[3.2635,50.0306],[3.2579,50.0244],[3.2452,50.0281],[3.2449,50.0401]]]]}},{"type":"Feature","properties":{"code":"59382","nom":"Maretz","app":9.08,"app_bas":7.53,"app_haut":10.96,"app_ech":"maille","app_obs":26,"mai":7.38,"mai_bas":6.01,"mai_haut":9.07,"mai_ech":"maille","mai_obs":59,"a12":11.73,"a3":7.32},"geometry":{"type":"Polygon","coordinates":[[[3.4285,50.0248],[3.4136,50.0276],[3.3984,50.0345],[3.3923,50.0398],[3.3946,50.0503],[3.411,50.0574],[3.4226,50.0656],[3.444,50.0609],[3.4496,50.0539],[3.4394,50.0493],[3.4376,50.0316],[3.4285,50.0248]]]}},{"type":"Feature","properties":{"code":"59387","nom":"Marquette-en-Ostrevant","app":10.4,"app_bas":8.66,"app_haut":12.51,"app_ech":"maille","app_obs":12,"mai":8.28,"mai_bas":6.81,"mai_haut":10.06,"mai_ech":"maille","mai_obs":94,"a12":12.21,"a3":9.48},"geometry":{"type":"Polygon","coordinates":[[[3.2855,50.297],[3.2984,50.2911],[3.2946,50.2803],[3.2867,50.2853],[3.2801,50.2854],[3.2682,50.2781],[3.2522,50.2797],[3.2549,50.2923],[3.2472,50.2987],[3.2683,50.3077],[3.2673,50.3054],[3.2855,50.297]]]}},{"type":"Feature","properties":{"code":"59419","nom":"Mouchin","app":14.99,"app_bas":11.95,"app_haut":18.81,"app_ech":"maille","app_obs":70,"mai":12.65,"mai_bas":10.07,"mai_haut":15.9,"mai_ech":"maille","mai_obs":99,"a12":16.8,"a3":11.75},"geometry":{"type":"Polygon","coordinates":[[[3.2865,50.5276],[3.3076,50.5194],[3.3236,50.5157],[3.3289,50.5081],[3.2833,50.5063],[3.2688,50.5089],[3.252,50.5166],[3.2528,50.5292],[3.2865,50.5276]]]}},{"type":"Feature","properties":{"code":"59129","nom":"Cappelle-en-Pévèle","app":12.88,"app_bas":10.65,"app_haut":15.57,"app_ech":"maille","app_obs":69,"mai":10.43,"mai_bas":8.16,"mai_haut":13.32,"mai_ech":"maille","mai_obs":81,"a12":15.61,"a3":11.53},"geometry":{"type":"Polygon","coordinates":[[[3.2015,50.5046],[3.1915,50.4963],[3.174,50.4858],[3.1636,50.4954],[3.1421,50.5031],[3.1567,50.509],[3.1558,50.5154],[3.1645,50.5191],[3.1725,50.5163],[3.1846,50.5177],[3.1916,50.5145],[3.195,50.5077],[3.2015,50.5046]]]}},{"type":"Feature","properties":{"code":"59257","nom":"Fromelles","app":12.42,"app_bas":10.38,"app_haut":14.87,"app_ech":"maille","app_obs":14,"mai":13.08,"mai_bas":9.84,"mai_haut":17.38,"mai_ech":"maille","mai_obs":21,"a12":15.42,"a3":12.65},"geometry":{"type":"Polygon","coordinates":[[[2.8481,50.5929],[2.8445,50.5951],[2.8344,50.6105],[2.8314,50.62],[2.8424,50.6291],[2.8554,50.6263],[2.862,50.6275],[2.8665,50.6183],[2.8797,50.6031],[2.8715,50.5984],[2.8731,50.5948],[2.8568,50.5956],[2.8481,50.5929]]]}},{"type":"Feature","properties":{"code":"59364","nom":"Louvil","app":14.63,"app_bas":12.03,"app_haut":17.79,"app_ech":"maille","app_obs":44,"mai":12.91,"mai_bas":10.08,"mai_haut":16.53,"mai_ech":"maille","mai_obs":45,"a12":16.26,"a3":11.4},"geometry":{"type":"Polygon","coordinates":[[[3.1781,50.562],[3.1925,50.5645],[3.2012,50.5613],[3.201,50.5535],[3.1911,50.5473],[3.175,50.5576],[3.1781,50.562]]]}},{"type":"Feature","properties":{"code":"59554","nom":"Sars-et-Rosières","app":12.64,"app_bas":10.2,"app_haut":15.67,"app_ech":"maille","app_obs":2,"mai":10.77,"mai_bas":8.44,"mai_haut":13.74,"mai_ech":"maille","mai_obs":12,"a12":13.07,"a3":11.75},"geometry":{"type":"Polygon","coordinates":[[[3.3318,50.4542],[3.3462,50.4461],[3.3487,50.4408],[3.3353,50.4412],[3.3221,50.4369],[3.3202,50.4447],[3.3104,50.4564],[3.3253,50.4531],[3.3318,50.4542]]]}},{"type":"Feature","properties":{"code":"59165","nom":"Cuincy","app":14.16,"app_bas":11.57,"app_haut":17.34,"app_ech":"maille","app_obs":96,"mai":9.18,"mai_bas":7.58,"mai_haut":11.11,"mai_ech":"commune","mai_obs":206,"a12":13.27,"a3":9.56},"geometry":{"type":"Polygon","coordinates":[[[3.0028,50.3709],[3.0242,50.377],[3.0318,50.3842],[3.0355,50.3836],[3.0551,50.391],[3.0599,50.3855],[3.0551,50.3688],[3.0135,50.3594],[3.0065,50.3612],[3.0089,50.3659],[3.0028,50.3709]]]}},{"type":"Feature","properties":{"code":"59205","nom":"Escaudain","app":10.21,"app_bas":8.37,"app_haut":12.47,"app_ech":"commune","app_obs":196,"mai":8.44,"mai_bas":6.96,"mai_haut":10.23,"mai_ech":"commune","mai_obs":282,"a12":13.74,"a3":8.16},"geometry":{"type":"Polygon","coordinates":[[[3.343,50.3504],[3.3563,50.3455],[3.3683,50.3442],[3.3696,50.3405],[3.3626,50.3375],[3.3652,50.318],[3.3595,50.3195],[3.3433,50.3152],[3.3252,50.3254],[3.3164,50.3292],[3.3061,50.3385],[3.3111,50.3443],[3.3225,50.3432],[3.3285,50.3479],[3.343,50.3504]]]}},{"type":"Feature","properties":{"code":"59302","nom":"Hérin","app":11.24,"app_bas":9.27,"app_haut":13.61,"app_ech":"commune","app_obs":127,"mai":9.21,"mai_bas":7.38,"mai_haut":11.49,"mai_ech":"commune","mai_obs":133,"a12":13.21,"a3":7.95},"geometry":{"type":"Polygon","coordinates":[[[3.4338,50.3788],[3.4449,50.3729],[3.4573,50.3617],[3.4682,50.3579],[3.4631,50.3493],[3.4567,50.3451],[3.4418,50.3465],[3.4347,50.34],[3.4318,50.3415],[3.4447,50.3539],[3.4427,50.3627],[3.4391,50.371],[3.4297,50.3776],[3.4338,50.3788]]]}},{"type":"Feature","properties":{"code":"59473","nom":"Preux-au-Sart","app":11.16,"app_bas":9.12,"app_haut":13.67,"app_ech":"maille","app_obs":0,"mai":8.55,"mai_bas":6.76,"mai_haut":10.8,"mai_ech":"maille","mai_obs":8,"a12":13.61,"a3":9.71},"geometry":{"type":"Polygon","coordinates":[[[3.7263,50.288],[3.7241,50.282],[3.7058,50.2846],[3.6745,50.2798],[3.6704,50.2901],[3.6775,50.2906],[3.7147,50.2988],[3.725,50.2901],[3.7263,50.288]]]}},{"type":"Feature","properties":{"code":"59363","nom":"Louvignies-Quesnoy","app":11.37,"app_bas":9.17,"app_haut":14.09,"app_ech":"maille","app_obs":7,"mai":7.78,"mai_bas":6.35,"mai_haut":9.53,"mai_ech":"maille","mai_obs":45,"a12":14.98,"a3":8.97},"geometry":{"type":"Polygon","coordinates":[[[3.6248,50.2059],[3.6179,50.2068],[3.6104,50.2147],[3.6343,50.2268],[3.6404,50.2336],[3.6564,50.2314],[3.6584,50.2218],[3.6742,50.2143],[3.6671,50.2092],[3.6527,50.212],[3.6373,50.1986],[3.6248,50.2059]]]}},{"type":"Feature","properties":{"code":"59389","nom":"Masnières","app":9.65,"app_bas":8.03,"app_haut":11.6,"app_ech":"maille","app_obs":81,"mai":7.98,"mai_bas":6.37,"mai_haut":9.99,"mai_ech":"commune","mai_obs":107,"a12":12.05,"a3":7.59},"geometry":{"type":"Polygon","coordinates":[[[3.2131,50.1246],[3.2179,50.1182],[3.2346,50.112],[3.2305,50.1073],[3.2312,50.1033],[3.2094,50.0922],[3.1886,50.0871],[3.1803,50.0902],[3.168,50.0868],[3.1787,50.098],[3.1803,50.1111],[3.2003,50.1218],[3.2131,50.1246]]]}},{"type":"Feature","properties":{"code":"59405","nom":"Mœuvres","app":9.74,"app_bas":8.03,"app_haut":11.8,"app_ech":"maille","app_obs":0,"mai":7.91,"mai_bas":6.3,"mai_haut":9.94,"mai_ech":"maille","mai_obs":23,"a12":12.21,"a3":9.35},"geometry":{"type":"Polygon","coordinates":[[[3.0678,50.1475],[3.0504,50.1438],[3.049,50.1537],[3.0404,50.1597],[3.0497,50.166],[3.0602,50.1674],[3.0627,50.1738],[3.0767,50.1714],[3.0901,50.1718],[3.0959,50.1631],[3.0736,50.1487],[3.0678,50.1475]]]}},{"type":"Feature","properties":{"code":"59645","nom":"Wasnes-au-Bac","app":11.36,"app_bas":9.32,"app_haut":13.84,"app_ech":"maille","app_obs":9,"mai":8.49,"mai_bas":6.86,"mai_haut":10.51,"mai_ech":"maille","mai_obs":22,"a12":12.21,"a3":9.48},"geometry":{"type":"Polygon","coordinates":[[[3.2448,50.2612],[3.2318,50.2638],[3.2354,50.2653],[3.2302,50.2765],[3.2522,50.2797],[3.2682,50.2781],[3.2769,50.2707],[3.278,50.2638],[3.2707,50.2592],[3.2625,50.2631],[3.2448,50.2612]]]}},{"type":"Feature","properties":{"code":"59083","nom":"Bissezeele","app":14.4,"app_bas":11.49,"app_haut":18.04,"app_ech":"maille","app_obs":0,"mai":9.3,"mai_bas":7.44,"mai_haut":11.63,"mai_ech":"maille","mai_obs":5,"a12":14.04,"a3":11.4},"geometry":{"type":"Polygon","coordinates":[[[2.4109,50.8992],[2.3946,50.9124],[2.396,50.9242],[2.4067,50.9264],[2.4164,50.9171],[2.419,50.9112],[2.4147,50.8988],[2.4109,50.8992]]]}},{"type":"Feature","properties":{"code":"59096","nom":"Bourghelles","app":14.99,"app_bas":11.95,"app_haut":18.81,"app_ech":"maille","app_obs":25,"mai":12.65,"mai_bas":10.07,"mai_haut":15.9,"mai_ech":"maille","mai_obs":52,"a12":16.8,"a3":12},"geometry":{"type":"Polygon","coordinates":[[[3.2362,50.5483],[3.2387,50.5633],[3.2329,50.5854],[3.257,50.5803],[3.2574,50.5671],[3.263,50.5603],[3.2555,50.5592],[3.2535,50.542],[3.2411,50.5403],[3.2362,50.5483]]]}},{"type":"Feature","properties":{"code":"59112","nom":"Bruay-sur-l'Escaut","app":10.81,"app_bas":8.83,"app_haut":13.23,"app_ech":"commune","app_obs":331,"mai":8.47,"mai_bas":6.92,"mai_haut":10.37,"mai_ech":"commune","mai_obs":288,"a12":12.28,"a3":9.02},"geometry":{"type":"Polygon","coordinates":[[[3.5493,50.4138],[3.5639,50.4093],[3.5643,50.405],[3.5593,50.4049],[3.5509,50.3973],[3.5497,50.3842],[3.545,50.3805],[3.5415,50.3872],[3.5324,50.3836],[3.5183,50.3886],[3.5115,50.395],[3.515,50.4],[3.5426,50.4089],[3.5493,50.4138]]]}},{"type":"Feature","properties":{"code":"59115","nom":"Brunémont","app":11.36,"app_bas":9.32,"app_haut":13.84,"app_ech":"maille","app_obs":3,"mai":8.49,"mai_bas":6.86,"mai_haut":10.51,"mai_ech":"maille","mai_obs":48,"a12":12.33,"a3":9.35},"geometry":{"type":"Polygon","coordinates":[[[3.1328,50.2662],[3.1294,50.2688],[3.1454,50.2831],[3.1565,50.2814],[3.1589,50.2753],[3.1418,50.2707],[3.1382,50.2653],[3.1328,50.2662]]]}},{"type":"Feature","properties":{"code":"59132","nom":"Carnières","app":9.45,"app_bas":7.78,"app_haut":11.48,"app_ech":"maille","app_obs":51,"mai":8.22,"mai_bas":6.71,"mai_haut":10.08,"mai_ech":"maille","mai_obs":44,"a12":13.38,"a3":8.58},"geometry":{"type":"Polygon","coordinates":[[[3.3418,50.1475],[3.3412,50.1518],[3.3326,50.161],[3.3224,50.1625],[3.3219,50.17],[3.3268,50.1701],[3.3337,50.1804],[3.3433,50.1856],[3.3464,50.186],[3.354,50.1826],[3.3615,50.1727],[3.3569,50.1617],[3.3641,50.1472],[3.3595,50.1461],[3.3518,50.1422],[3.3418,50.1475]]]}},{"type":"Feature","properties":{"code":"59159","nom":"Craywick","app":12.44,"app_bas":9.64,"app_haut":16.04,"app_ech":"maille","app_obs":0,"mai":9.06,"mai_bas":7.36,"mai_haut":11.15,"mai_ech":"maille","mai_obs":13,"a12":13.63,"a3":11.4},"geometry":{"type":"Polygon","coordinates":[[[2.1837,50.9726],[2.1775,50.9846],[2.2063,50.9821],[2.2419,50.9772],[2.2696,50.9592],[2.2646,50.9553],[2.2609,50.9557],[2.2382,50.9665],[2.2137,50.9683],[2.1837,50.9726]]]}},{"type":"Feature","properties":{"code":"59249","nom":"Fourmies","app":9.2,"app_bas":7.38,"app_haut":11.46,"app_ech":"commune","app_obs":691,"mai":7.59,"mai_bas":6.21,"mai_haut":9.28,"mai_ech":"commune","mai_obs":477,"a12":11.23,"a3":8.08},"geometry":{"type":"Polygon","coordinates":[[[4.0268,50.029],[4.0715,50.0327],[4.0814,50.0227],[4.0981,50.0195],[4.0877,49.9988],[4.0849,49.9882],[4.0799,49.9799],[4.0567,49.9854],[4.0342,49.9858],[4.0311,49.9821],[4.0216,49.9861],[4.0285,50.0047],[4.0268,50.029]]]}},{"type":"Feature","properties":{"code":"59289","nom":"Haussy","app":11.48,"app_bas":9.55,"app_haut":13.8,"app_ech":"maille","app_obs":47,"mai":7.95,"mai_bas":6.29,"mai_haut":10.06,"mai_ech":"maille","mai_obs":95,"a12":11.46,"a3":7.95},"geometry":{"type":"Polygon","coordinates":[[[3.4446,50.213],[3.4455,50.2214],[3.4687,50.237],[3.4647,50.2426],[3.4791,50.2466],[3.4968,50.2415],[3.5158,50.2262],[3.5087,50.2185],[3.5008,50.2052],[3.4701,50.2051],[3.4559,50.2024],[3.4523,50.2037],[3.4446,50.213]]]}},{"type":"Feature","properties":{"code":"59332","nom":"Lannoy","app":13.33,"app_bas":11.2,"app_haut":15.86,"app_ech":"commune","app_obs":318,"mai":11.85,"mai_bas":9.01,"mai_haut":15.6,"mai_ech":"maille","mai_obs":71,"a12":15.54,"a3":11.54},"geometry":{"type":"Polygon","coordinates":[[[3.2061,50.666],[3.2112,50.6683],[3.2149,50.6668],[3.2093,50.6636],[3.2061,50.666]]]}},{"type":"Feature","properties":{"code":"59503","nom":"Robersart","app":9.08,"app_bas":7.44,"app_haut":11.09,"app_ech":"maille","app_obs":0,"mai":7.27,"mai_bas":5.97,"mai_haut":8.86,"mai_ech":"maille","mai_obs":7,"a12":12.34,"a3":7.74},"geometry":{"type":"Polygon","coordinates":[[[3.6392,50.153],[3.638,50.1589],[3.627,50.1664],[3.6343,50.1704],[3.6543,50.1551],[3.666,50.1496],[3.6648,50.1443],[3.6392,50.153]]]}},{"type":"Feature","properties":{"code":"59537","nom":"Saint-Martin-sur-Écaillon","app":11.48,"app_bas":9.55,"app_haut":13.8,"app_ech":"maille","app_obs":0,"mai":7.95,"mai_bas":6.29,"mai_haut":10.06,"mai_ech":"maille","mai_obs":16,"a12":14.98,"a3":9.18},"geometry":{"type":"Polygon","coordinates":[[[3.4968,50.2415],[3.5009,50.2468],[3.5165,50.2538],[3.5314,50.2496],[3.5349,50.2452],[3.5301,50.2343],[3.5278,50.2261],[3.5158,50.2262],[3.4968,50.2415]]]}},{"type":"Feature","properties":{"code":"59625","nom":"Villers-Plouich","app":9.65,"app_bas":8.03,"app_haut":11.6,"app_ech":"maille","app_obs":11,"mai":8.08,"mai_bas":6.65,"mai_haut":9.82,"mai_ech":"maille","mai_obs":16,"a12":12.05,"a3":8.65},"geometry":{"type":"Polygon","coordinates":[[[3.1141,50.0924],[3.1164,50.0879],[3.145,50.0896],[3.1476,50.0841],[3.1607,50.0817],[3.168,50.0868],[3.1803,50.0902],[3.1886,50.0871],[3.184,50.0797],[3.1707,50.0784],[3.1676,50.0719],[3.154,50.0695],[3.1463,50.0709],[3.1377,50.0671],[3.1222,50.0703],[3.0947,50.071],[3.0877,50.0756],[3.0883,50.0831],[3.1034,50.0785],[3.1141,50.0924]]]}},{"type":"Feature","properties":{"code":"59668","nom":"Zuydcoote","app":12.46,"app_bas":9.72,"app_haut":15.99,"app_ech":"maille","app_obs":4,"mai":10.75,"mai_bas":8.26,"mai_haut":14,"mai_ech":"maille","mai_obs":16,"a12":14.04,"a3":11.23},"geometry":{"type":"Polygon","coordinates":[[[2.4733,51.0677],[2.4941,51.0732],[2.5034,51.0601],[2.4951,51.0593],[2.4805,51.0538],[2.4733,51.0677]]]}},{"type":"Feature","properties":{"code":"59122","nom":"Cambrai","app":11.01,"app_bas":8.98,"app_haut":13.49,"app_ech":"commune","app_obs":7536,"mai":8.56,"mai_bas":7.05,"mai_haut":10.4,"mai_ech":"commune","mai_obs":2195,"a12":13.18,"a3":9.47},"geometry":{"type":"Polygon","coordinates":[[[3.2644,50.152],[3.2425,50.1492],[3.2212,50.1416],[3.2141,50.1453],[3.2239,50.1581],[3.2159,50.1673],[3.2046,50.1697],[3.2016,50.1755],[3.2096,50.1794],[3.2191,50.1792],[3.227,50.1862],[3.2358,50.189],[3.2294,50.194],[3.2284,50.2036],[3.2418,50.2017],[3.2492,50.1926],[3.2525,50.184],[3.2809,50.181],[3.2756,50.1653],[3.266,50.1585],[3.2644,50.152]]]}},{"type":"Feature","properties":{"code":"59161","nom":"Crèvecœur-sur-l'Escaut","app":9.77,"app_bas":8.19,"app_haut":11.66,"app_ech":"maille","app_obs":9,"mai":8.08,"mai_bas":6.65,"mai_haut":9.82,"mai_ech":"maille","mai_obs":18,"a12":13.38,"a3":8.58},"geometry":{"type":"Polygon","coordinates":[[[3.2447,50.1344],[3.2501,50.1306],[3.2577,50.1282],[3.2594,50.1143],[3.2584,50.0996],[3.2621,50.0855],[3.2764,50.0758],[3.2861,50.0609],[3.2891,50.0689],[3.3072,50.0706],[3.3097,50.0586],[3.3002,50.0453],[3.2917,50.047],[3.2824,50.0447],[3.2777,50.0359],[3.2707,50.0295],[3.2635,50.0306],[3.2657,50.0397],[3.25,50.0563],[3.2566,50.0784],[3.2581,50.0924],[3.2469,50.1012],[3.2305,50.1073],[3.2431,50.1198],[3.2415,50.1288],[3.2447,50.1344]]]}},{"type":"Feature","properties":{"code":"59243","nom":"Fontaine-au-Pire","app":9.45,"app_bas":7.78,"app_haut":11.48,"app_ech":"maille","app_obs":0,"mai":8.22,"mai_bas":6.71,"mai_haut":10.08,"mai_ech":"maille","mai_obs":66,"a12":11.46,"a3":8.06},"geometry":{"type":"Polygon","coordinates":[[[3.3595,50.1461],[3.3667,50.141],[3.3955,50.1297],[3.3838,50.1162],[3.3617,50.1164],[3.3557,50.1145],[3.3405,50.1173],[3.3487,50.1229],[3.3518,50.1422],[3.3595,50.1461]]]}},{"type":"Feature","properties":{"code":"59272","nom":"Grand-Fort-Philippe","app":11.02,"app_bas":8.43,"app_haut":14.39,"app_ech":"commune","app_obs":138,"mai":9.23,"mai_bas":7.43,"mai_haut":11.48,"mai_ech":"commune","mai_obs":249,"a12":12.87,"a3":8.9},"geometry":{"type":"Polygon","coordinates":[[[2.0677,51.0065],[2.0845,51.0086],[2.1049,51.0044],[2.1205,50.9919],[2.1101,50.9877],[2.0976,50.9984],[2.0802,51.0062],[2.0677,51.0065]]]}},{"type":"Feature","properties":{"code":"59282","nom":"Hardifort","app":11.23,"app_bas":9.63,"app_haut":13.08,"app_ech":"maille","app_obs":0,"mai":9.43,"mai_bas":7.51,"mai_haut":11.85,"mai_ech":"maille","mai_obs":14,"a12":12.92,"a3":9.29},"geometry":{"type":"Polygon","coordinates":[[[2.4637,50.8101],[2.456,50.8145],[2.4675,50.8201],[2.4756,50.8325],[2.4879,50.8357],[2.4869,50.825],[2.5051,50.8244],[2.5096,50.8206],[2.481,50.8058],[2.4716,50.804],[2.4637,50.8101]]]}},{"type":"Feature","properties":{"code":"59527","nom":"Saint-André-lez-Lille","app":15.39,"app_bas":13.24,"app_haut":17.9,"app_ech":"commune","app_obs":2214,"mai":13.13,"mai_bas":9.82,"mai_haut":17.54,"mai_ech":"commune","mai_obs":203,"a12":17.52,"a3":14.12},"geometry":{"type":"Polygon","coordinates":[[[3.023,50.6717],[3.044,50.664],[3.0528,50.6694],[3.0617,50.664],[3.0562,50.6546],[3.0596,50.651],[3.0458,50.6481],[3.0431,50.6535],[3.0208,50.6719],[3.023,50.6717]]]}},{"type":"Feature","properties":{"code":"59372","nom":"Malincourt","app":9.77,"app_bas":8.19,"app_haut":11.66,"app_ech":"maille","app_obs":13,"mai":7.38,"mai_bas":6.01,"mai_haut":9.07,"mai_ech":"maille","mai_obs":19,"a12":13.38,"a3":8.06},"geometry":{"type":"Polygon","coordinates":[[[3.3371,50.0174],[3.3293,50.016],[3.3093,50.0194],[3.3108,50.0322],[3.3002,50.0453],[3.3064,50.0533],[3.3308,50.0528],[3.3502,50.0329],[3.3371,50.0174]]]}},{"type":"Feature","properties":{"code":"59441","nom":"Obies","app":11.37,"app_bas":9.17,"app_haut":14.09,"app_ech":"maille","app_obs":0,"mai":7.78,"mai_bas":6.35,"mai_haut":9.53,"mai_ech":"maille","mai_obs":20,"a12":14.98,"a3":8.97},"geometry":{"type":"Polygon","coordinates":[[[3.7529,50.2696],[3.7674,50.28],[3.7871,50.2842],[3.7858,50.2798],[3.796,50.2584],[3.778,50.2547],[3.7529,50.2696]]]}},{"type":"Feature","properties":{"code":"59573","nom":"Solrinnes","app":9.47,"app_bas":7.78,"app_haut":11.53,"app_ech":"maille","app_obs":0,"mai":7.71,"mai_bas":6.48,"mai_haut":9.17,"mai_ech":"maille","mai_obs":3,"a12":13.44,"a3":7.54},"geometry":{"type":"Polygon","coordinates":[[[4.0575,50.2078],[4.064,50.2135],[4.0816,50.2202],[4.0804,50.2137],[4.0914,50.207],[4.0877,50.1971],[4.0785,50.1887],[4.0756,50.1875],[4.066,50.1875],[4.057,50.19],[4.064,50.2012],[4.0575,50.2078]]]}},{"type":"Feature","properties":{"code":"59603","nom":"Trith-Saint-Léger","app":10.52,"app_bas":8.33,"app_haut":13.29,"app_ech":"commune","app_obs":339,"mai":9.04,"mai_bas":7.24,"mai_haut":11.28,"mai_ech":"commune","mai_obs":233,"a12":13.06,"a3":8.6},"geometry":{"type":"Polygon","coordinates":[[[3.4639,50.3377],[3.4801,50.3429],[3.4893,50.3416],[3.5007,50.3369],[3.5121,50.338],[3.511,50.3317],[3.5153,50.3264],[3.5104,50.3212],[3.4974,50.3249],[3.4727,50.3144],[3.4721,50.3212],[3.4642,50.3238],[3.4639,50.3377]]]}},{"type":"Feature","properties":{"code":"59640","nom":"Wargnies-le-Petit","app":11.16,"app_bas":9.12,"app_haut":13.67,"app_ech":"maille","app_obs":0,"mai":8.55,"mai_bas":6.76,"mai_haut":10.8,"mai_ech":"maille","mai_obs":18,"a12":13.61,"a3":9.71},"geometry":{"type":"Polygon","coordinates":[[[3.6704,50.2901],[3.6551,50.2871],[3.6515,50.2917],[3.6689,50.3],[3.6857,50.3042],[3.6901,50.3093],[3.6998,50.3094],[3.7104,50.3032],[3.7144,50.2988],[3.6775,50.2906],[3.6704,50.2901]]]}},{"type":"Feature","properties":{"code":"59107","nom":"Bray-Dunes","app":14.35,"app_bas":11.18,"app_haut":18.43,"app_ech":"commune","app_obs":179,"mai":10.75,"mai_bas":8.26,"mai_haut":14,"mai_ech":"maille","mai_obs":75,"a12":14.04,"a3":12.97},"geometry":{"type":"Polygon","coordinates":[[[2.5592,51.0701],[2.5424,51.0653],[2.5034,51.0601],[2.4941,51.0732],[2.543,51.0885],[2.5463,51.0884],[2.5592,51.0701]]]}},{"type":"Feature","properties":{"code":"59294","nom":"Haynecourt","app":11.36,"app_bas":9.32,"app_haut":13.84,"app_ech":"maille","app_obs":0,"mai":8.32,"mai_bas":6.8,"mai_haut":10.17,"mai_ech":"maille","mai_obs":19,"a12":12.33,"a3":9.35},"geometry":{"type":"Polygon","coordinates":[[[3.1312,50.1995],[3.1428,50.2192],[3.1789,50.2191],[3.1814,50.2097],[3.1607,50.2019],[3.1429,50.1965],[3.1312,50.1995]]]}},{"type":"Feature","properties":{"code":"59472","nom":"Preux-au-Bois","app":9.08,"app_bas":7.44,"app_haut":11.09,"app_ech":"maille","app_obs":0,"mai":7.78,"mai_bas":6.35,"mai_haut":9.53,"mai_ech":"maille","mai_obs":37,"a12":12.34,"a3":7.74},"geometry":{"type":"Polygon","coordinates":[[[3.6458,50.1724],[3.6614,50.1775],[3.6689,50.1643],[3.666,50.1496],[3.6543,50.1551],[3.6343,50.1704],[3.6458,50.1724]]]}},{"type":"Feature","properties":{"code":"59534","nom":"Saint-Hilaire-sur-Helpe","app":9.66,"app_bas":7.79,"app_haut":11.98,"app_ech":"maille","app_obs":2,"mai":6.86,"mai_bas":5.56,"mai_haut":8.45,"mai_ech":"maille","mai_obs":27,"a12":12.34,"a3":7.54},"geometry":{"type":"Polygon","coordinates":[[[3.8749,50.1023],[3.8697,50.1093],[3.8861,50.1202],[3.8781,50.1307],[3.8854,50.1346],[3.8821,50.1452],[3.877,50.1513],[3.8744,50.1603],[3.8888,50.1688],[3.8905,50.1581],[3.9019,50.153],[3.9144,50.1538],[3.9243,50.1512],[3.9316,50.1541],[3.9324,50.1321],[3.9239,50.1315],[3.9159,50.1237],[3.8963,50.1152],[3.8749,50.1023]]]}},{"type":"Feature","properties":{"code":"59379","nom":"Marcq-en-Ostrevent","app":11.36,"app_bas":9.32,"app_haut":13.84,"app_ech":"maille","app_obs":24,"mai":8.49,"mai_bas":6.86,"mai_haut":10.51,"mai_ech":"maille","mai_obs":36,"a12":13.12,"a3":9.48},"geometry":{"type":"Polygon","coordinates":[[[3.2134,50.2793],[3.2153,50.2897],[3.2301,50.3026],[3.2472,50.2987],[3.2549,50.2923],[3.2522,50.2797],[3.2302,50.2765],[3.2134,50.2793]]]}},{"type":"Feature","properties":{"code":"59397","nom":"Merckeghem","app":11.28,"app_bas":9.27,"app_haut":13.72,"app_ech":"maille","app_obs":0,"mai":8.92,"mai_bas":7.18,"mai_haut":11.08,"mai_ech":"maille","mai_obs":7,"a12":13.63,"a3":8.9},"geometry":{"type":"Polygon","coordinates":[[[2.2417,50.8809],[2.2512,50.8947],[2.2581,50.8949],[2.2742,50.8894],[2.2751,50.881],[2.2602,50.8808],[2.2622,50.8731],[2.2797,50.8771],[2.2945,50.8763],[2.2974,50.8796],[2.3112,50.8573],[2.2976,50.8514],[2.2865,50.8536],[2.2782,50.8473],[2.2673,50.8618],[2.2499,50.8792],[2.2417,50.8809]]]}},{"type":"Feature","properties":{"code":"59613","nom":"Vicq","app":10.89,"app_bas":9.04,"app_haut":13.12,"app_ech":"maille","app_obs":28,"mai":8.39,"mai_bas":6.73,"mai_haut":10.45,"mai_ech":"maille","mai_obs":55,"a12":13.04,"a3":9.05},"geometry":{"type":"Polygon","coordinates":[[[3.6039,50.4256],[3.6124,50.427],[3.6195,50.4218],[3.6172,50.4181],[3.6222,50.4043],[3.5998,50.4052],[3.5887,50.4099],[3.5946,50.4129],[3.6039,50.4256]]]}},{"type":"Feature","properties":{"code":"59638","nom":"Wannehain","app":13.85,"app_bas":11.46,"app_haut":16.75,"app_ech":"maille","app_obs":4,"mai":12.3,"mai_bas":9.59,"mai_haut":15.79,"mai_ech":"maille","mai_obs":22,"a12":16.8,"a3":11.75},"geometry":{"type":"Polygon","coordinates":[[[3.2762,50.5817],[3.2817,50.5773],[3.276,50.5585],[3.263,50.5603],[3.2574,50.5671],[3.257,50.5803],[3.2642,50.5831],[3.2762,50.5817]]]}},{"type":"Feature","properties":{"code":"59047","nom":"Banteux","app":9.77,"app_bas":8.19,"app_haut":11.66,"app_ech":"maille","app_obs":1,"mai":7.3,"mai_bas":5.91,"mai_haut":9.02,"mai_ech":"maille","mai_obs":12,"a12":12.31,"a3":8.65},"geometry":{"type":"Polygon","coordinates":[[[3.1676,50.0719],[3.1707,50.0784],[3.184,50.0797],[3.1971,50.0795],[3.2066,50.0707],[3.2005,50.0635],[3.2024,50.0575],[3.1949,50.0494],[3.1783,50.0506],[3.1767,50.0525],[3.174,50.0719],[3.1676,50.0719]]]}},{"type":"Feature","properties":{"code":"59323","nom":"Jenlain","app":12.8,"app_bas":10.5,"app_haut":15.59,"app_ech":"maille","app_obs":8,"mai":9.05,"mai_bas":7.21,"mai_haut":11.36,"mai_ech":"maille","mai_obs":30,"a12":13.61,"a3":9.71},"geometry":{"type":"Polygon","coordinates":[[[3.6069,50.3105],[3.6165,50.3159],[3.624,50.3249],[3.63,50.3264],[3.6423,50.3208],[3.6414,50.3052],[3.6551,50.2871],[3.652,50.2863],[3.6366,50.298],[3.6174,50.3031],[3.6069,50.3105]]]}},{"type":"Feature","properties":{"code":"59585","nom":"Templemars","app":13.63,"app_bas":11.75,"app_haut":15.81,"app_ech":"commune","app_obs":315,"mai":11.89,"mai_bas":9.17,"mai_haut":15.43,"mai_ech":"maille","mai_obs":90,"a12":15.46,"a3":12.24},"geometry":{"type":"Polygon","coordinates":[[[3.0655,50.5852],[3.0716,50.5811],[3.0686,50.5702],[3.0767,50.5642],[3.0689,50.5564],[3.0599,50.5566],[3.0405,50.5689],[3.0426,50.5721],[3.0602,50.5847],[3.0655,50.5852]]]}},{"type":"Feature","properties":{"code":"59595","nom":"Thun-Saint-Martin","app":10.34,"app_bas":8.66,"app_haut":12.34,"app_ech":"maille","app_obs":12,"mai":8.24,"mai_bas":6.87,"mai_haut":9.87,"mai_ech":"maille","mai_obs":10,"a12":13.38,"a3":8.58},"geometry":{"type":"Polygon","coordinates":[[[3.2819,50.2037],[3.2842,50.2126],[3.2947,50.2268],[3.3095,50.2369],[3.3168,50.2321],[3.3232,50.2194],[3.2945,50.2003],[3.2899,50.2054],[3.2819,50.2037]]]}},{"type":"Feature","properties":{"code":"59152","nom":"Comines","app":13.01,"app_bas":10.83,"app_haut":15.63,"app_ech":"commune","app_obs":726,"mai":10.51,"mai_bas":7.78,"mai_haut":14.2,"mai_ech":"commune","mai_obs":193,"a12":15.1,"a3":10.94},"geometry":{"type":"Polygon","coordinates":[[[2.9917,50.7374],[2.9851,50.7427],[2.9833,50.7572],[3.0121,50.7691],[3.0353,50.7701],[3.0446,50.7543],[3.0477,50.7396],[3.0399,50.7382],[3.035,50.7318],[3.0249,50.7325],[3.0194,50.7273],[3.0077,50.7292],[2.9917,50.7374]]]}},{"type":"Feature","properties":{"code":"59240","nom":"Floursies","app":10.5,"app_bas":8.52,"app_haut":12.93,"app_ech":"maille","app_obs":0,"mai":7.12,"mai_bas":5.82,"mai_haut":8.71,"mai_ech":"maille","mai_obs":4,"a12":13.44,"a3":7.54},"geometry":{"type":"Polygon","coordinates":[[[3.9839,50.1929],[3.9873,50.1913],[3.9816,50.1839],[3.9867,50.1805],[3.9856,50.1717],[3.9606,50.1807],[3.9594,50.1895],[3.9513,50.1922],[3.9612,50.1991],[3.9762,50.1988],[3.9839,50.1929]]]}},{"type":"Feature","properties":{"code":"59261","nom":"Glageon","app":8.13,"app_bas":6.52,"app_haut":10.13,"app_ech":"maille","app_obs":25,"mai":7.26,"mai_bas":5.94,"mai_haut":8.88,"mai_ech":"commune","mai_obs":107,"a12":10.74,"a3":7.96},"geometry":{"type":"Polygon","coordinates":[[[4.0674,50.0718],[4.0755,50.0693],[4.0872,50.054],[4.0792,50.0449],[4.082,50.0399],[4.0814,50.0227],[4.0715,50.0327],[4.0513,50.0316],[4.0448,50.0367],[4.0458,50.0576],[4.0392,50.0655],[4.0674,50.0718]]]}},{"type":"Feature","properties":{"code":"59385","nom":"Marpent","app":11.54,"app_bas":9,"app_haut":14.8,"app_ech":"maille","app_obs":45,"mai":7.35,"mai_bas":6.07,"mai_haut":8.9,"mai_ech":"commune","mai_obs":108,"a12":13.6,"a3":8.62},"geometry":{"type":"Polygon","coordinates":[[[4.0607,50.3077],[4.0789,50.3102],[4.089,50.2835],[4.0885,50.2745],[4.0757,50.2714],[4.0673,50.2868],[4.069,50.2911],[4.0607,50.3077]]]}},{"type":"Feature","properties":{"code":"59388","nom":"Marquillies","app":12.41,"app_bas":10.28,"app_haut":14.97,"app_ech":"maille","app_obs":53,"mai":10.72,"mai_bas":8.81,"mai_haut":13.06,"mai_ech":"maille","mai_obs":58,"a12":14.69,"a3":9.66},"geometry":{"type":"Polygon","coordinates":[[[2.855,50.5588],[2.8612,50.5657],[2.8815,50.5631],[2.8774,50.5561],[2.891,50.5518],[2.8955,50.5444],[2.887,50.5377],[2.8825,50.536],[2.8765,50.5455],[2.8723,50.5462],[2.8536,50.5391],[2.842,50.5506],[2.855,50.5588]]]}},{"type":"Feature","properties":{"code":"59663","nom":"Wormhout","app":12.58,"app_bas":10.34,"app_haut":15.31,"app_ech":"commune","app_obs":387,"mai":9.92,"mai_bas":7.94,"mai_haut":12.39,"mai_ech":"commune","mai_obs":218,"a12":14.98,"a3":11.27},"geometry":{"type":"Polygon","coordinates":[[[2.5196,50.8637],[2.5022,50.8555],[2.497,50.8504],[2.4879,50.8357],[2.4756,50.8325],[2.4534,50.8526],[2.4679,50.8663],[2.4471,50.8867],[2.4506,50.8959],[2.4423,50.9114],[2.4538,50.9164],[2.4772,50.9138],[2.4835,50.9019],[2.494,50.8987],[2.4956,50.9058],[2.5145,50.9082],[2.5213,50.9044],[2.5068,50.8968],[2.5062,50.8891],[2.4947,50.8814],[2.495,50.8735],[2.5196,50.8637]]]}},{"type":"Feature","properties":{"code":"59341","nom":"Lesdain","app":9.8,"app_bas":7.98,"app_haut":12.02,"app_ech":"maille","app_obs":6,"mai":8.08,"mai_bas":6.65,"mai_haut":9.82,"mai_ech":"maille","mai_obs":2,"a12":13.38,"a3":8.58},"geometry":{"type":"Polygon","coordinates":[[[3.2594,50.1143],[3.2853,50.1127],[3.2891,50.0996],[3.2865,50.0725],[3.2891,50.0689],[3.2861,50.0609],[3.2764,50.0758],[3.2621,50.0855],[3.2584,50.0996],[3.2594,50.1143]]]}},{"type":"Feature","properties":{"code":"59052","nom":"Bauvin","app":11.57,"app_bas":9.57,"app_haut":13.99,"app_ech":"commune","app_obs":173,"mai":10.16,"mai_bas":8.19,"mai_haut":12.59,"mai_ech":"commune","mai_obs":111,"a12":13.73,"a3":9.54},"geometry":{"type":"Polygon","coordinates":[[[2.8821,50.5077],[2.8808,50.5148],[2.8857,50.5235],[2.887,50.533],[2.8979,50.5334],[2.8956,50.5314],[2.9048,50.5035],[2.899,50.5016],[2.8894,50.5079],[2.8821,50.5077]]]}},{"type":"Feature","properties":{"code":"59010","nom":"Anneux","app":9.74,"app_bas":8.03,"app_haut":11.8,"app_ech":"maille","app_obs":4,"mai":8.08,"mai_bas":6.65,"mai_haut":9.82,"mai_ech":"maille","mai_obs":16,"a12":12.33,"a3":8.58},"geometry":{"type":"Polygon","coordinates":[[[3.1355,50.1442],[3.1172,50.1468],[3.1087,50.1585],[3.101,50.162],[3.116,50.1678],[3.129,50.1656],[3.1375,50.1669],[3.1429,50.1632],[3.1416,50.1514],[3.1355,50.1442]]]}},{"type":"Feature","properties":{"code":"59013","nom":"Anstaing","app":13.62,"app_bas":10.83,"app_haut":17.12,"app_ech":"maille","app_obs":28,"mai":12.71,"mai_bas":9.59,"mai_haut":16.85,"mai_ech":"maille","mai_obs":70,"a12":17.34,"a3":12.37},"geometry":{"type":"Polygon","coordinates":[[[3.1956,50.6114],[3.2025,50.6018],[3.1921,50.5933],[3.1825,50.601],[3.173,50.602],[3.1802,50.6093],[3.1956,50.6114]]]}},{"type":"Feature","properties":{"code":"59515","nom":"Rouvignies","app":11.4,"app_bas":9.47,"app_haut":13.73,"app_ech":"maille","app_obs":27,"mai":8.54,"mai_bas":6.87,"mai_haut":10.63,"mai_ech":"maille","mai_obs":32,"a12":13.61,"a3":8.53},"geometry":{"type":"Polygon","coordinates":[[[3.4347,50.34],[3.4418,50.3465],[3.4534,50.3456],[3.4569,50.3364],[3.4425,50.3237],[3.4382,50.3229],[3.4225,50.3234],[3.436,50.3385],[3.4347,50.34]]]}},{"type":"Feature","properties":{"code":"59630","nom":"Wahagnies","app":11.59,"app_bas":9.63,"app_haut":13.95,"app_ech":"maille","app_obs":41,"mai":10.29,"mai_bas":8.08,"mai_haut":13.11,"mai_ech":"maille","mai_obs":62,"a12":14.61,"a3":11.35},"geometry":{"type":"Polygon","coordinates":[[[3.0446,50.4728],[3.0164,50.4683],[3.0208,50.4818],[3.0108,50.4903],[3.0137,50.4951],[3.0248,50.5009],[3.0376,50.4965],[3.0456,50.4866],[3.0446,50.4728]]]}},{"type":"Feature","properties":{"code":"59170","nom":"Dechy","app":11.46,"app_bas":8.73,"app_haut":15.04,"app_ech":"maille","app_obs":92,"mai":8.23,"mai_bas":6.72,"mai_haut":10.07,"mai_ech":"commune","mai_obs":146,"a12":13.27,"a3":9.48},"geometry":{"type":"Polygon","coordinates":[[[3.1293,50.3256],[3.1236,50.325],[3.1238,50.3289],[3.1055,50.331],[3.0975,50.3394],[3.1193,50.349],[3.1304,50.3637],[3.1526,50.3797],[3.1582,50.3735],[3.1581,50.362],[3.1365,50.3565],[3.1322,50.3401],[3.1358,50.3361],[3.1293,50.3256]]]}},{"type":"Feature","properties":{"code":"59301","nom":"Hergnies","app":10.89,"app_bas":9.04,"app_haut":13.12,"app_ech":"maille","app_obs":40,"mai":8.89,"mai_bas":7.18,"mai_haut":11.01,"mai_ech":"commune","mai_obs":111,"a12":13.38,"a3":9.59},"geometry":{"type":"Polygon","coordinates":[[[3.498,50.4845],[3.5074,50.4893],[3.5261,50.4946],[3.5586,50.4984],[3.551,50.4936],[3.5583,50.4841],[3.5487,50.4806],[3.5524,50.4687],[3.5483,50.4632],[3.5384,50.4605],[3.5289,50.4668],[3.508,50.4743],[3.4972,50.4815],[3.498,50.4845]]]}},{"type":"Feature","properties":{"code":"59314","nom":"Hornaing","app":10.4,"app_bas":8.66,"app_haut":12.51,"app_ech":"maille","app_obs":9,"mai":8.57,"mai_bas":7.06,"mai_haut":10.4,"mai_ech":"maille","mai_obs":59,"a12":13.61,"a3":9.06},"geometry":{"type":"Polygon","coordinates":[[[3.3285,50.3479],[3.3212,50.3519],[3.3183,50.3623],[3.3231,50.3763],[3.3227,50.3875],[3.3409,50.3876],[3.3427,50.3899],[3.3532,50.3932],[3.3555,50.3854],[3.349,50.3739],[3.3471,50.3576],[3.343,50.3504],[3.3285,50.3479]]]}},{"type":"Feature","properties":{"code":"59325","nom":"Jolimetz","app":11.37,"app_bas":9.17,"app_haut":14.09,"app_ech":"maille","app_obs":25,"mai":8.55,"mai_bas":6.76,"mai_haut":10.8,"mai_ech":"maille","mai_obs":36,"a12":14.98,"a3":8.97},"geometry":{"type":"Polygon","coordinates":[[[3.6746,50.2147],[3.6678,50.2221],[3.6646,50.2358],[3.6772,50.2411],[3.6964,50.2297],[3.6746,50.2147]]]}},{"type":"Feature","properties":{"code":"59408","nom":"Moncheaux","app":13.92,"app_bas":11.25,"app_haut":17.22,"app_ech":"maille","app_obs":25,"mai":10.29,"mai_bas":8.08,"mai_haut":13.11,"mai_ech":"maille","mai_obs":88,"a12":15.61,"a3":9.26},"geometry":{"type":"Polygon","coordinates":[[[3.0818,50.4437],[3.0676,50.4464],[3.0665,50.4585],[3.0816,50.46],[3.0899,50.4684],[3.0927,50.4696],[3.1177,50.4656],[3.1061,50.4607],[3.105,50.4523],[3.0932,50.451],[3.0818,50.4437]]]}},{"type":"Feature","properties":{"code":"59599","nom":"Tourcoing","app":13.17,"app_bas":10.68,"app_haut":16.25,"app_ech":"commune","app_obs":10688,"mai":10.12,"mai_bas":7.92,"mai_haut":12.93,"mai_ech":"commune","mai_obs":2101,"a12":15.44,"a3":11.6},"geometry":{"type":"Polygon","coordinates":[[[3.1334,50.7155],[3.1293,50.7236],[3.1194,50.7264],[3.1193,50.7293],[3.1333,50.7358],[3.1388,50.7408],[3.1613,50.7413],[3.1843,50.749],[3.1963,50.737],[3.1897,50.7281],[3.1734,50.714],[3.1756,50.7079],[3.1685,50.7086],[3.1583,50.7009],[3.1541,50.6934],[3.1429,50.6934],[3.1532,50.7028],[3.1501,50.7099],[3.1413,50.7173],[3.1334,50.7155]]]}},{"type":"Feature","properties":{"code":"59600","nom":"Tourmignies","app":13.69,"app_bas":11.44,"app_haut":16.38,"app_ech":"maille","app_obs":8,"mai":12.87,"mai_bas":9.68,"mai_haut":17.09,"mai_ech":"maille","mai_obs":33,"a12":15.16,"a3":10.94},"geometry":{"type":"Polygon","coordinates":[[[3.0778,50.4957],[3.0765,50.5095],[3.0818,50.5145],[3.0902,50.5095],[3.0988,50.4971],[3.0778,50.4957]]]}},{"type":"Feature","properties":{"code":"59605","nom":"Uxem","app":14.4,"app_bas":11.49,"app_haut":18.04,"app_ech":"maille","app_obs":11,"mai":11.59,"mai_bas":9.24,"mai_haut":14.55,"mai_ech":"maille","mai_obs":23,"a12":16.53,"a3":11.4},"geometry":{"type":"Polygon","coordinates":[[[2.5059,51.0039],[2.4965,51.0065],[2.4797,51.0208],[2.4658,51.0361],[2.4666,51.0513],[2.4711,51.0542],[2.4801,51.0364],[2.4983,51.0316],[2.516,51.0198],[2.5217,51.0098],[2.5059,51.0039]]]}},{"type":"Feature","properties":{"code":"59098","nom":"Bousbecque","app":12.87,"app_bas":10.84,"app_haut":15.29,"app_ech":"commune","app_obs":184,"mai":10.28,"mai_bas":7.77,"mai_haut":13.61,"mai_ech":"commune","mai_obs":106,"a12":14.62,"a3":11.08},"geometry":{"type":"Polygon","coordinates":[[[3.0634,50.7484],[3.0567,50.7553],[3.0596,50.7693],[3.0587,50.7807],[3.0837,50.7725],[3.0902,50.7744],[3.1001,50.7617],[3.0869,50.7551],[3.0634,50.7484]]]}},{"type":"Feature","properties":{"code":"59176","nom":"Doignies","app":9.65,"app_bas":8.03,"app_haut":11.6,"app_ech":"maille","app_obs":0,"mai":7.91,"mai_bas":6.3,"mai_haut":9.94,"mai_ech":"maille","mai_obs":9,"a12":12.33,"a3":9.35},"geometry":{"type":"Polygon","coordinates":[[[3.0263,50.151],[3.0174,50.1421],[3.0191,50.135],[3.037,50.1306],[3.0273,50.1185],[3.0106,50.1128],[2.9993,50.1188],[3.0012,50.1248],[2.9974,50.1328],[2.9982,50.1423],[3.0037,50.1502],[3.0192,50.1537],[3.0263,50.151]]]}},{"type":"Feature","properties":{"code":"59217","nom":"Eth","app":12.8,"app_bas":10.5,"app_haut":15.59,"app_ech":"maille","app_obs":1,"mai":9.05,"mai_bas":7.21,"mai_haut":11.36,"mai_ech":"maille","mai_obs":10,"a12":13.61,"a3":9.29},"geometry":{"type":"Polygon","coordinates":[[[3.6737,50.3349],[3.6849,50.3276],[3.6667,50.3171],[3.6574,50.3138],[3.6516,50.3232],[3.6571,50.331],[3.6737,50.3349]]]}},{"type":"Feature","properties":{"code":"59311","nom":"Honnechy","app":9.08,"app_bas":7.53,"app_haut":10.96,"app_ech":"maille","app_obs":3,"mai":6.76,"mai_bas":5.52,"mai_haut":8.27,"mai_ech":"maille","mai_obs":38,"a12":11.73,"a3":7.32},"geometry":{"type":"Polygon","coordinates":[[[3.4926,50.081],[3.501,50.0735],[3.508,50.0728],[3.5089,50.0665],[3.485,50.0603],[3.4828,50.0564],[3.4742,50.0555],[3.4555,50.0601],[3.4498,50.0643],[3.4629,50.0721],[3.4926,50.081]]]}},{"type":"Feature","properties":{"code":"59453","nom":"Oudezeele","app":11.23,"app_bas":9.63,"app_haut":13.08,"app_ech":"maille","app_obs":4,"mai":9.3,"mai_bas":7.44,"mai_haut":11.63,"mai_ech":"maille","mai_obs":23,"a12":12.92,"a3":11.23},"geometry":{"type":"Polygon","coordinates":[[[2.5168,50.8224],[2.5096,50.8206],[2.5051,50.8244],[2.4869,50.825],[2.4879,50.8357],[2.497,50.8504],[2.5022,50.8555],[2.5196,50.8637],[2.531,50.8481],[2.5285,50.8445],[2.5325,50.8323],[2.5168,50.8224]]]}},{"type":"Feature","properties":{"code":"59521","nom":"Sailly-lez-Cambrai","app":11.36,"app_bas":9.32,"app_haut":13.84,"app_ech":"maille","app_obs":0,"mai":8.32,"mai_bas":6.8,"mai_haut":10.17,"mai_ech":"maille","mai_obs":22,"a12":12.33,"a3":9.35},"geometry":{"type":"Polygon","coordinates":[[[3.1814,50.2097],[3.1966,50.1985],[3.1828,50.1872],[3.1734,50.1889],[3.1723,50.1934],[3.1607,50.2019],[3.1814,50.2097]]]}},{"type":"Feature","properties":{"code":"59553","nom":"Santes","app":14.21,"app_bas":11.72,"app_haut":17.22,"app_ech":"commune","app_obs":125,"mai":11.9,"mai_bas":9.53,"mai_haut":14.85,"mai_ech":"commune","mai_obs":146,"a12":15.56,"a3":12.65},"geometry":{"type":"Polygon","coordinates":[[[2.9314,50.5963],[2.9364,50.5999],[2.9621,50.6023],[2.9705,50.605],[2.9792,50.5963],[2.9769,50.5768],[2.9676,50.5702],[2.9397,50.5921],[2.9314,50.5963]]]}},{"type":"Feature","properties":{"code":"59032","nom":"Aulnoy-lez-Valenciennes","app":10.81,"app_bas":8.56,"app_haut":13.65,"app_ech":"commune","app_obs":389,"mai":9.17,"mai_bas":7.25,"mai_haut":11.6,"mai_ech":"commune","mai_obs":263,"a12":15.38,"a3":9.18},"geometry":{"type":"Polygon","coordinates":[[[3.5174,50.3387],[3.5406,50.3319],[3.5587,50.3306],[3.566,50.3203],[3.5563,50.318],[3.5504,50.3106],[3.5494,50.3108],[3.539,50.3153],[3.5311,50.3225],[3.5153,50.3264],[3.511,50.3317],[3.5121,50.338],[3.5174,50.3387]]]}},{"type":"Feature","properties":{"code":"59053","nom":"Bavay","app":10.02,"app_bas":8.49,"app_haut":11.82,"app_ech":"commune","app_obs":228,"mai":7.99,"mai_bas":6.48,"mai_haut":9.86,"mai_ech":"commune","mai_obs":168,"a12":12.42,"a3":8.22},"geometry":{"type":"Polygon","coordinates":[[[3.7871,50.2842],[3.7674,50.28],[3.7646,50.2818],[3.7696,50.2937],[3.7797,50.3017],[3.788,50.301],[3.8032,50.304],[3.8084,50.3075],[3.8186,50.3047],[3.8405,50.3055],[3.8419,50.2997],[3.8309,50.2932],[3.833,50.2845],[3.8219,50.286],[3.8104,50.2902],[3.8051,50.2883],[3.8142,50.2773],[3.8062,50.2777],[3.7962,50.2841],[3.7871,50.2842]]]}},{"type":"Feature","properties":{"code":"59094","nom":"Bourbourg","app":10.59,"app_bas":8.63,"app_haut":13,"app_ech":"commune","app_obs":587,"mai":8.89,"mai_bas":7.23,"mai_haut":10.95,"mai_ech":"commune","mai_obs":359,"a12":12.2,"a3":8.8},"geometry":{"type":"Polygon","coordinates":[[[2.1974,50.9126],[2.1882,50.9146],[2.1656,50.9116],[2.1541,50.926],[2.1513,50.9326],[2.1497,50.9406],[2.1418,50.9475],[2.1627,50.9568],[2.1782,50.9655],[2.1837,50.9726],[2.2137,50.9683],[2.2382,50.9665],[2.2609,50.9557],[2.2646,50.9553],[2.2566,50.9406],[2.258,50.9383],[2.2571,50.9339],[2.2416,50.9154],[2.2161,50.9239],[2.2061,50.9242],[2.1981,50.9206],[2.1974,50.9126]]]}},{"type":"Feature","properties":{"code":"59021","nom":"Assevent","app":10.5,"app_bas":8.52,"app_haut":12.93,"app_ech":"maille","app_obs":18,"mai":7.42,"mai_bas":6.14,"mai_haut":8.97,"mai_ech":"maille","mai_obs":10,"a12":13.6,"a3":8.48},"geometry":{"type":"Polygon","coordinates":[[[4.0094,50.2953],[4.0249,50.2963],[4.0278,50.285],[4.0316,50.2808],[4.0234,50.2806],[4.0099,50.2848],[4.0094,50.2953]]]}},{"type":"Feature","properties":{"code":"59137","nom":"Catillon-sur-Sambre","app":9.08,"app_bas":7.44,"app_haut":11.09,"app_ech":"maille","app_obs":5,"mai":6.68,"mai_bas":5.68,"mai_haut":7.87,"mai_ech":"maille","mai_obs":50,"a12":11.73,"a3":7.32},"geometry":{"type":"Polygon","coordinates":[[[3.6093,50.0576],[3.6095,50.0591],[3.6177,50.0692],[3.6241,50.0809],[3.6329,50.0845],[3.6437,50.0848],[3.6697,50.0991],[3.6735,50.0885],[3.6638,50.0834],[3.6658,50.0759],[3.6535,50.0764],[3.6735,50.0561],[3.6658,50.0547],[3.6582,50.0484],[3.643,50.0539],[3.6093,50.0576]]]}},{"type":"Feature","properties":{"code":"59181","nom":"Dourlers","app":10.5,"app_bas":8.52,"app_haut":12.93,"app_ech":"maille","app_obs":17,"mai":7.12,"mai_bas":5.82,"mai_haut":8.71,"mai_ech":"maille","mai_obs":45,"a12":13.44,"a3":7.54},"geometry":{"type":"Polygon","coordinates":[[[3.9546,50.1556],[3.9487,50.158],[3.9316,50.1541],[3.9311,50.1663],[3.922,50.183],[3.9331,50.1898],[3.9513,50.1922],[3.9594,50.1895],[3.9606,50.1807],[3.9856,50.1717],[3.9725,50.1722],[3.9534,50.1694],[3.9546,50.1556]]]}},{"type":"Feature","properties":{"code":"59244","nom":"Fontaine-Notre-Dame","app":9.8,"app_bas":7.98,"app_haut":12.02,"app_ech":"maille","app_obs":48,"mai":8.08,"mai_bas":6.65,"mai_haut":9.82,"mai_ech":"maille","mai_obs":60,"a12":12.21,"a3":8.65},"geometry":{"type":"Polygon","coordinates":[[[3.1416,50.1514],[3.1429,50.1632],[3.1375,50.1669],[3.1459,50.1786],[3.1564,50.1816],[3.1765,50.182],[3.1882,50.1802],[3.2016,50.1755],[3.2046,50.1697],[3.1964,50.1686],[3.188,50.1584],[3.1551,50.1559],[3.1416,50.1514]]]}},{"type":"Feature","properties":{"code":"59307","nom":"Holque","app":10.43,"app_bas":8.51,"app_haut":12.79,"app_ech":"maille","app_obs":19,"mai":9.06,"mai_bas":7.36,"mai_haut":11.15,"mai_ech":"maille","mai_obs":19,"a12":12.87,"a3":8.7},"geometry":{"type":"Polygon","coordinates":[[[2.1903,50.8714],[2.2015,50.8729],[2.2108,50.8602],[2.2203,50.8553],[2.2081,50.8381],[2.2026,50.8429],[2.2019,50.8508],[2.1968,50.8572],[2.1903,50.8714]]]}},{"type":"Feature","properties":{"code":"59492","nom":"Ramillies","app":9.8,"app_bas":7.98,"app_haut":12.02,"app_ech":"maille","app_obs":0,"mai":8.22,"mai_bas":6.71,"mai_haut":10.08,"mai_ech":"maille","mai_obs":9,"a12":12.33,"a3":8.65},"geometry":{"type":"Polygon","coordinates":[[[3.2284,50.2036],[3.2278,50.2067],[3.2303,50.2097],[3.2494,50.2203],[3.2669,50.2123],[3.2669,50.2031],[3.2492,50.1926],[3.2418,50.2017],[3.2284,50.2036]]]}},{"type":"Feature","properties":{"code":"59551","nom":"Saméon","app":14.99,"app_bas":11.95,"app_haut":18.81,"app_ech":"maille","app_obs":6,"mai":10.77,"mai_bas":8.44,"mai_haut":13.74,"mai_ech":"maille","mai_obs":45,"a12":16.8,"a3":11.75},"geometry":{"type":"Polygon","coordinates":[[[3.3307,50.4993],[3.3356,50.4868],[3.3518,50.475],[3.3551,50.4771],[3.3593,50.4722],[3.3604,50.4675],[3.3468,50.4575],[3.3331,50.456],[3.3287,50.4607],[3.3326,50.4652],[3.3174,50.4742],[3.3007,50.4873],[3.314,50.4905],[3.3307,50.4993]]]}},{"type":"Feature","properties":{"code":"59563","nom":"Semousies","app":10.5,"app_bas":8.52,"app_haut":12.93,"app_ech":"maille","app_obs":0,"mai":7.12,"mai_bas":5.82,"mai_haut":8.71,"mai_ech":"maille","mai_obs":4,"a12":13.44,"a3":7.54},"geometry":{"type":"Polygon","coordinates":[[[3.9546,50.1556],[3.9534,50.1694],[3.9725,50.1722],[3.9857,50.1713],[3.9802,50.1599],[3.9732,50.1572],[3.9546,50.1556]]]}},{"type":"Feature","properties":{"code":"59631","nom":"Walincourt-Selvigny","app":9.08,"app_bas":7.53,"app_haut":10.96,"app_ech":"maille","app_obs":47,"mai":7.44,"mai_bas":6.05,"mai_haut":9.15,"mai_ech":"commune","mai_obs":128,"a12":11.73,"a3":8.06},"geometry":{"type":"Polygon","coordinates":[[[3.359,50.0974],[3.3637,50.0925],[3.3619,50.0851],[3.3697,50.0708],[3.3691,50.064],[3.3593,50.058],[3.3495,50.0602],[3.3308,50.0528],[3.3064,50.0533],[3.3097,50.0586],[3.3126,50.0602],[3.3093,50.0765],[3.3122,50.0832],[3.3307,50.0874],[3.3435,50.0962],[3.359,50.0974]]]}},{"type":"Feature","properties":{"code":"59049","nom":"Bantouzelle","app":9.77,"app_bas":8.19,"app_haut":11.66,"app_ech":"maille","app_obs":0,"mai":7.3,"mai_bas":5.91,"mai_haut":9.02,"mai_ech":"maille","mai_obs":23,"a12":12.31,"a3":8.65},"geometry":{"type":"Polygon","coordinates":[[[3.25,50.0563],[3.2449,50.0401],[3.2348,50.0402],[3.2124,50.0542],[3.2024,50.0575],[3.2005,50.0635],[3.2066,50.0707],[3.2066,50.0753],[3.2165,50.077],[3.2246,50.0728],[3.2325,50.0638],[3.25,50.0563]]]}},{"type":"Feature","properties":{"code":"59210","nom":"Esquelbecq","app":12.44,"app_bas":9.64,"app_haut":16.04,"app_ech":"maille","app_obs":47,"mai":9.3,"mai_bas":7.44,"mai_haut":11.63,"mai_ech":"maille","mai_obs":97,"a12":14.04,"a3":9.29},"geometry":{"type":"Polygon","coordinates":[[[2.4224,50.8654],[2.4,50.8938],[2.4109,50.8992],[2.4147,50.8988],[2.4201,50.9143],[2.4423,50.9114],[2.4506,50.8959],[2.4471,50.8867],[2.4554,50.8789],[2.4224,50.8654]]]}},{"type":"Feature","properties":{"code":"59327","nom":"Lallaing","app":11.26,"app_bas":8.95,"app_haut":14.18,"app_ech":"maille","app_obs":98,"mai":9.05,"mai_bas":7.25,"mai_haut":11.28,"mai_ech":"commune","mai_obs":102,"a12":13.27,"a3":9.03},"geometry":{"type":"Polygon","coordinates":[[[3.1929,50.3819],[3.1582,50.3735],[3.1526,50.3797],[3.1503,50.3894],[3.1438,50.3951],[3.1494,50.4],[3.1652,50.395],[3.2002,50.3878],[3.1929,50.3819]]]}},{"type":"Feature","properties":{"code":"59482","nom":"Quesnoy-sur-Deûle","app":13.38,"app_bas":11.5,"app_haut":15.57,"app_ech":"commune","app_obs":261,"mai":11.94,"mai_bas":8.87,"mai_haut":16.09,"mai_ech":"commune","mai_obs":167,"a12":15.99,"a3":11.7},"geometry":{"type":"Polygon","coordinates":[[[3.035,50.7318],[3.0485,50.7232],[3.0457,50.7145],[3.0398,50.7087],[3.018,50.7005],[3.0094,50.7009],[2.9938,50.6944],[2.9819,50.6938],[2.9725,50.7016],[2.9635,50.7157],[2.9675,50.7208],[2.9864,50.7146],[3.0077,50.7292],[3.0194,50.7273],[3.0249,50.7325],[3.035,50.7318]]]}},{"type":"Feature","properties":{"code":"59099","nom":"Bousies","app":9.08,"app_bas":7.44,"app_haut":11.09,"app_ech":"maille","app_obs":13,"mai":7.27,"mai_bas":5.97,"mai_haut":8.86,"mai_ech":"maille","mai_obs":97,"a12":11.46,"a3":7.74},"geometry":{"type":"Polygon","coordinates":[[[3.6018,50.1629],[3.6107,50.1691],[3.6231,50.1727],[3.627,50.1664],[3.638,50.1589],[3.6392,50.153],[3.612,50.1307],[3.5939,50.1389],[3.5972,50.1458],[3.5919,50.1551],[3.6018,50.1629]]]}},{"type":"Feature","properties":{"code":"59481","nom":"Quesnoy","app":10.91,"app_bas":8.81,"app_haut":13.53,"app_ech":"commune","app_obs":617,"mai":8.41,"mai_bas":6.64,"mai_haut":10.65,"mai_ech":"commune","mai_obs":289,"a12":14.79,"a3":8.39},"geometry":{"type":"Polygon","coordinates":[[[3.619,50.2379],[3.6078,50.2388],[3.5886,50.2446],[3.5863,50.2489],[3.5954,50.2637],[3.6083,50.2679],[3.6219,50.2646],[3.6511,50.2676],[3.6528,50.2661],[3.6464,50.2578],[3.6522,50.2507],[3.6591,50.2376],[3.6564,50.2314],[3.6404,50.2336],[3.6325,50.2371],[3.619,50.2379]]]}},{"type":"Feature","properties":{"code":"59374","nom":"Marbaix","app":9.56,"app_bas":7.83,"app_haut":11.67,"app_ech":"maille","app_obs":1,"mai":7.32,"mai_bas":6.07,"mai_haut":8.82,"mai_ech":"maille","mai_obs":19,"a12":12.34,"a3":7.54},"geometry":{"type":"Polygon","coordinates":[[[3.8369,50.1477],[3.8341,50.1415],[3.8381,50.1337],[3.8489,50.1368],[3.8596,50.1275],[3.8438,50.1106],[3.8349,50.1118],[3.8233,50.1181],[3.826,50.1215],[3.8139,50.1277],[3.8214,50.1343],[3.8279,50.1445],[3.8369,50.1477]]]}},{"type":"Feature","properties":{"code":"59602","nom":"Tressin","app":13.85,"app_bas":11.46,"app_haut":16.75,"app_ech":"maille","app_obs":17,"mai":12.3,"mai_bas":9.59,"mai_haut":15.79,"mai_ech":"maille","mai_obs":43,"a12":17.34,"a3":12},"geometry":{"type":"Polygon","coordinates":[[[3.1956,50.6114],[3.1802,50.6093],[3.1761,50.6156],[3.1996,50.6279],[3.2039,50.624],[3.1968,50.6221],[3.1956,50.6114]]]}},{"type":"Feature","properties":{"code":"59036","nom":"Avesnes-sur-Helpe","app":9,"app_bas":7.39,"app_haut":10.94,"app_ech":"commune","app_obs":1282,"mai":6.83,"mai_bas":5.58,"mai_haut":8.35,"mai_ech":"commune","mai_obs":328,"a12":11.33,"a3":7.48},"geometry":{"type":"Polygon","coordinates":[[[3.9324,50.1321],[3.9425,50.128],[3.9387,50.1214],[3.9308,50.119],[3.9248,50.113],[3.9155,50.1205],[3.9159,50.1237],[3.9239,50.1315],[3.9324,50.1321]]]}},{"type":"Feature","properties":{"code":"59093","nom":"Boulogne-sur-Helpe","app":9.66,"app_bas":7.79,"app_haut":11.98,"app_ech":"maille","app_obs":4,"mai":6.86,"mai_bas":5.56,"mai_haut":8.45,"mai_ech":"maille","mai_obs":12,"a12":12.29,"a3":7.96},"geometry":{"type":"Polygon","coordinates":[[[3.8977,50.0545],[3.8744,50.0662],[3.8777,50.0734],[3.8855,50.0815],[3.8819,50.0844],[3.8644,50.0853],[3.8798,50.0975],[3.9065,50.093],[3.912,50.0879],[3.9154,50.0737],[3.9013,50.0739],[3.8977,50.0545]]]}},{"type":"Feature","properties":{"code":"59150","nom":"Cobrieux","app":14.99,"app_bas":11.95,"app_haut":18.81,"app_ech":"maille","app_obs":7,"mai":12.65,"mai_bas":10.07,"mai_haut":15.9,"mai_ech":"maille","mai_obs":32,"a12":16.8,"a3":12},"geometry":{"type":"Polygon","coordinates":[[[3.2528,50.5292],[3.2342,50.5366],[3.2198,50.5442],[3.2249,50.5485],[3.2362,50.5483],[3.2411,50.5403],[3.2535,50.542],[3.2604,50.5287],[3.2528,50.5292]]]}},{"type":"Feature","properties":{"code":"59162","nom":"Crochte","app":14.4,"app_bas":11.49,"app_haut":18.04,"app_ech":"maille","app_obs":20,"mai":11.59,"mai_bas":9.24,"mai_haut":14.55,"mai_ech":"maille","mai_obs":16,"a12":14.04,"a3":11.4},"geometry":{"type":"Polygon","coordinates":[[[2.3878,50.9092],[2.3691,50.9334],[2.3881,50.9387],[2.4019,50.9448],[2.4205,50.919],[2.419,50.9112],[2.4164,50.9171],[2.4067,50.9264],[2.396,50.9242],[2.3946,50.9124],[2.4109,50.8992],[2.4,50.8938],[2.3878,50.9092]]]}},{"type":"Feature","properties":{"code":"59163","nom":"Croix","app":14.46,"app_bas":11.8,"app_haut":17.72,"app_ech":"commune","app_obs":2651,"mai":12.26,"mai_bas":8.94,"mai_haut":16.81,"mai_ech":"commune","mai_obs":568,"a12":16.61,"a3":13.14},"geometry":{"type":"Polygon","coordinates":[[[3.1379,50.6731],[3.1498,50.6935],[3.1541,50.6934],[3.155,50.6872],[3.1644,50.6811],[3.1633,50.6762],[3.1733,50.6705],[3.162,50.6568],[3.1379,50.6731]]]}},{"type":"Feature","properties":{"code":"59232","nom":"Flamengrie","app":11.37,"app_bas":9.17,"app_haut":14.09,"app_ech":"maille","app_obs":3,"mai":8.55,"mai_bas":6.76,"mai_haut":10.8,"mai_ech":"maille","mai_obs":3,"a12":13.61,"a3":9.71},"geometry":{"type":"Polygon","coordinates":[[[3.7317,50.3119],[3.7373,50.3099],[3.7305,50.3018],[3.7144,50.2988],[3.7104,50.3032],[3.7159,50.3065],[3.7156,50.3126],[3.728,50.3094],[3.7317,50.3119]]]}},{"type":"Feature","properties":{"code":"59252","nom":"Frelinghien","app":13.35,"app_bas":11.47,"app_haut":15.54,"app_ech":"commune","app_obs":116,"mai":11.29,"mai_bas":8.37,"mai_haut":15.24,"mai_ech":"maille","mai_obs":65,"a12":16.44,"a3":12.26},"geometry":{"type":"Polygon","coordinates":[[[2.9668,50.7102],[2.9725,50.7016],[2.9819,50.6938],[2.9694,50.6815],[2.9599,50.6803],[2.9356,50.6962],[2.9223,50.7028],[2.9308,50.7162],[2.9299,50.7228],[2.9372,50.7301],[2.9473,50.7242],[2.954,50.7138],[2.9668,50.7102]]]}},{"type":"Feature","properties":{"code":"59383","nom":"Marly","app":11.81,"app_bas":9.63,"app_haut":14.47,"app_ech":"commune","app_obs":663,"mai":9.51,"mai_bas":7.39,"mai_haut":12.22,"mai_ech":"commune","mai_obs":466,"a12":13.42,"a3":9.94},"geometry":{"type":"Polygon","coordinates":[[[3.5174,50.3387],[3.5193,50.3432],[3.5307,50.3428],[3.5417,50.3622],[3.5443,50.3624],[3.5786,50.353],[3.5669,50.3435],[3.5587,50.3306],[3.5406,50.3319],[3.5174,50.3387]]]}},{"type":"Feature","properties":{"code":"59391","nom":"Mastaing","app":11.36,"app_bas":9.32,"app_haut":13.84,"app_ech":"maille","app_obs":1,"mai":8.49,"mai_bas":6.86,"mai_haut":10.51,"mai_ech":"maille","mai_obs":30,"a12":13.74,"a3":9.48},"geometry":{"type":"Polygon","coordinates":[[[3.2855,50.297],[3.2673,50.3054],[3.2723,50.3146],[3.2881,50.3138],[3.3,50.3187],[3.309,50.316],[3.3152,50.3126],[3.3209,50.303],[3.3306,50.302],[3.3283,50.2992],[3.2981,50.2986],[3.2855,50.297]]]}},{"type":"Feature","properties":{"code":"59579","nom":"Steene","app":12.44,"app_bas":9.64,"app_haut":16.04,"app_ech":"maille","app_obs":13,"mai":10.75,"mai_bas":8.26,"mai_haut":14,"mai_ech":"maille","mai_obs":42,"a12":16.53,"a3":11.4},"geometry":{"type":"Polygon","coordinates":[[[2.3691,50.9334],[2.3612,50.9433],[2.3514,50.9505],[2.3385,50.9635],[2.3742,50.9699],[2.384,50.9701],[2.3953,50.9491],[2.4019,50.9448],[2.3881,50.9387],[2.3691,50.9334]]]}},{"type":"Feature","properties":{"code":"59641","nom":"Warhem","app":12.46,"app_bas":9.72,"app_haut":15.99,"app_ech":"maille","app_obs":12,"mai":9.29,"mai_bas":7.53,"mai_haut":11.46,"mai_ech":"maille","mai_obs":49,"a12":16.53,"a3":11.4},"geometry":{"type":"Polygon","coordinates":[[[2.5411,50.9973],[2.5405,50.9898],[2.5476,50.9812],[2.5339,50.9759],[2.526,50.9659],[2.5261,50.9567],[2.5138,50.9496],[2.5047,50.942],[2.492,50.9347],[2.475,50.9621],[2.4675,50.9827],[2.4625,50.9881],[2.4667,50.9936],[2.4829,51.0007],[2.5059,51.0039],[2.5217,51.0098],[2.5315,51.0018],[2.5411,50.9973]]]}},{"type":"Feature","properties":{"code":"59145","nom":"Chemy","app":12.49,"app_bas":10.24,"app_haut":15.24,"app_ech":"maille","app_obs":5,"mai":11.49,"mai_bas":9.35,"mai_haut":14.12,"mai_ech":"maille","mai_obs":25,"a12":15.16,"a3":11.64},"geometry":{"type":"Polygon","coordinates":[[[3.0078,50.5417],[3.0144,50.5323],[3.002,50.5303],[3.0004,50.5231],[2.9764,50.5251],[2.98,50.5351],[2.9886,50.5384],[3.0078,50.5417]]]}},{"type":"Feature","properties":{"code":"59271","nom":"Grande-Synthe","app":11.57,"app_bas":9.38,"app_haut":14.27,"app_ech":"maille","app_obs":92,"mai":10.13,"mai_bas":8.15,"mai_haut":12.59,"mai_ech":"maille","mai_obs":83,"a12":16.53,"a3":9.84},"geometry":{"type":"Polygon","coordinates":[[[2.2642,51.0444],[2.3024,51.051],[2.3061,51.0401],[2.2952,51.0348],[2.2974,51.0268],[2.3173,51.0224],[2.3231,51.014],[2.3216,51.0048],[2.3137,51.0025],[2.318,50.9967],[2.2881,50.9802],[2.2665,51.0052],[2.2746,51.007],[2.263,51.0211],[2.2642,51.0444]]]}},{"type":"Feature","properties":{"code":"59444","nom":"Odomez","app":10.89,"app_bas":9.04,"app_haut":13.12,"app_ech":"maille","app_obs":3,"mai":8.66,"mai_bas":6.79,"mai_haut":11.04,"mai_ech":"maille","mai_obs":17,"a12":12.96,"a3":9.05},"geometry":{"type":"Polygon","coordinates":[[[3.5355,50.4622],[3.5384,50.4605],[3.5398,50.4578],[3.5555,50.4533],[3.5522,50.4432],[3.5552,50.4327],[3.5286,50.4429],[3.5233,50.4422],[3.5155,50.4461],[3.5355,50.4622]]]}},{"type":"Feature","properties":{"code":"59504","nom":"Rœulx","app":10.4,"app_bas":8.66,"app_haut":12.51,"app_ech":"maille","app_obs":32,"mai":8.22,"mai_bas":6.76,"mai_haut":10,"mai_ech":"commune","mai_obs":122,"a12":13.74,"a3":9.03},"geometry":{"type":"Polygon","coordinates":[[[3.309,50.316],[3.3143,50.317],[3.3252,50.3254],[3.3433,50.3152],[3.3467,50.3069],[3.3306,50.302],[3.3209,50.303],[3.3152,50.3126],[3.309,50.316]]]}},{"type":"Feature","properties":{"code":"59425","nom":"Neuville-en-Avesnois","app":11.48,"app_bas":9.55,"app_haut":13.8,"app_ech":"maille","app_obs":0,"mai":8.54,"mai_bas":6.98,"mai_haut":10.45,"mai_ech":"maille","mai_obs":0,"a12":14.98,"a3":8.97},"geometry":{"type":"Polygon","coordinates":[[[3.5598,50.2059],[3.5743,50.2113],[3.586,50.201],[3.5994,50.1952],[3.5915,50.1877],[3.565,50.1993],[3.5598,50.2059]]]}},{"type":"Feature","properties":{"code":"59194","nom":"Englefontaine","app":9.56,"app_bas":7.83,"app_haut":11.67,"app_ech":"maille","app_obs":13,"mai":7.78,"mai_bas":6.35,"mai_haut":9.53,"mai_ech":"maille","mai_obs":71,"a12":12.34,"a3":7.74},"geometry":{"type":"Polygon","coordinates":[[[3.6248,50.2059],[3.6373,50.1986],[3.6468,50.2065],[3.6549,50.2004],[3.6575,50.1916],[3.6548,50.1848],[3.646,50.1854],[3.6421,50.1809],[3.6292,50.1821],[3.6282,50.1905],[3.6232,50.2031],[3.6248,50.2059]]]}},{"type":"Feature","properties":{"code":"59357","nom":"Longueville","app":10.71,"app_bas":9.07,"app_haut":12.64,"app_ech":"maille","app_obs":19,"mai":8.11,"mai_bas":6.58,"mai_haut":10,"mai_ech":"maille","mai_obs":56,"a12":13.44,"a3":7.74},"geometry":{"type":"Polygon","coordinates":[[[3.8612,50.2688],[3.8413,50.2703],[3.8298,50.2653],[3.825,50.2681],[3.8373,50.2701],[3.8417,50.2771],[3.833,50.2845],[3.8309,50.2932],[3.8419,50.2997],[3.8612,50.3006],[3.8689,50.3032],[3.8702,50.3178],[3.8748,50.3229],[3.8861,50.3271],[3.9004,50.3276],[3.9198,50.3322],[3.9283,50.3248],[3.9188,50.3166],[3.9105,50.3173],[3.8783,50.3162],[3.8757,50.3141],[3.8817,50.2988],[3.8918,50.2899],[3.8865,50.2749],[3.8827,50.2719],[3.8689,50.2732],[3.8612,50.2688]]]}},{"type":"Feature","properties":{"code":"59576","nom":"Spycker","app":12.44,"app_bas":9.64,"app_haut":16.04,"app_ech":"maille","app_obs":7,"mai":10.13,"mai_bas":8.15,"mai_haut":12.59,"mai_ech":"maille","mai_obs":19,"a12":16.53,"a3":11.4},"geometry":{"type":"Polygon","coordinates":[[[2.2881,50.9802],[2.318,50.9967],[2.3215,50.9911],[2.3304,50.9866],[2.3324,50.9758],[2.3385,50.9635],[2.3189,50.9548],[2.284,50.9758],[2.2881,50.9802]]]}},{"type":"Feature","properties":{"code":"59586","nom":"Templeuve-en-Pévèle","app":13.85,"app_bas":11.18,"app_haut":17.15,"app_ech":"commune","app_obs":512,"mai":11.97,"mai_bas":9.36,"mai_haut":15.32,"mai_ech":"commune","mai_obs":204,"a12":17.23,"a3":11.65},"geometry":{"type":"Polygon","coordinates":[[[3.175,50.5576],[3.2014,50.5406],[3.1988,50.5326],[3.2064,50.5165],[3.2015,50.5046],[3.195,50.5077],[3.1916,50.5145],[3.1846,50.5177],[3.1725,50.5163],[3.1645,50.5191],[3.1558,50.5154],[3.1368,50.5178],[3.1418,50.5306],[3.1403,50.5376],[3.1585,50.5371],[3.1554,50.5551],[3.1664,50.5593],[3.175,50.5576]]]}},{"type":"Feature","properties":{"code":"59649","nom":"Wattignies-la-Victoire","app":10.5,"app_bas":8.52,"app_haut":12.93,"app_ech":"maille","app_obs":0,"mai":7.12,"mai_bas":5.82,"mai_haut":8.71,"mai_ech":"maille","mai_obs":7,"a12":13.44,"a3":7.54},"geometry":{"type":"Polygon","coordinates":[[[3.99,50.1907],[3.9839,50.1929],[3.983,50.2032],[3.9938,50.2169],[4.0123,50.207],[4.0273,50.2028],[4.0233,50.1946],[4.0071,50.1892],[3.9961,50.188],[3.99,50.1907]]]}},{"type":"Feature","properties":{"code":"59171","nom":"Dehéries","app":9.77,"app_bas":8.19,"app_haut":11.66,"app_ech":"maille","app_obs":0,"mai":7.26,"mai_bas":6.09,"mai_haut":8.64,"mai_ech":"maille","mai_obs":0,"a12":13.38,"a3":8.06},"geometry":{"type":"Polygon","coordinates":[[[3.3495,50.0602],[3.356,50.058],[3.3483,50.0404],[3.3453,50.0382],[3.3308,50.0528],[3.3495,50.0602]]]}},{"type":"Feature","properties":{"code":"59333","nom":"Larouillies","app":9.66,"app_bas":7.79,"app_haut":11.98,"app_ech":"maille","app_obs":2,"mai":6.86,"mai_bas":5.56,"mai_haut":8.45,"mai_ech":"maille","mai_obs":12,"a12":12.29,"a3":7.96},"geometry":{"type":"Polygon","coordinates":[[[3.9229,50.0263],[3.9179,50.038],[3.9051,50.0501],[3.9279,50.0478],[3.9391,50.0453],[3.9581,50.037],[3.9483,50.0295],[3.9229,50.0263]]]}},{"type":"Feature","properties":{"code":"59054","nom":"Bavinchove","app":10.85,"app_bas":8.66,"app_haut":13.58,"app_ech":"maille","app_obs":7,"mai":8.9,"mai_bas":7.02,"mai_haut":11.28,"mai_ech":"maille","mai_obs":53,"a12":12.92,"a3":8.68},"geometry":{"type":"Polygon","coordinates":[[[2.4553,50.8017],[2.4671,50.7997],[2.459,50.7874],[2.4594,50.7766],[2.4702,50.7607],[2.4751,50.7574],[2.4747,50.7558],[2.4652,50.7581],[2.4501,50.7683],[2.4336,50.7702],[2.426,50.7654],[2.4172,50.7555],[2.4114,50.7593],[2.4115,50.7667],[2.4043,50.7716],[2.4131,50.7781],[2.4225,50.7756],[2.4312,50.7781],[2.4434,50.7861],[2.4508,50.7865],[2.4553,50.7934],[2.4553,50.8017]]]}},{"type":"Feature","properties":{"code":"59062","nom":"Beaurieux","app":9.46,"app_bas":7.32,"app_haut":12.21,"app_ech":"maille","app_obs":7,"mai":7.12,"mai_bas":5.84,"mai_haut":8.69,"mai_ech":"maille","mai_obs":6,"a12":12.29,"a3":7.96},"geometry":{"type":"Polygon","coordinates":[[[4.1095,50.1757],[4.1318,50.1895],[4.1539,50.1949],[4.1562,50.1928],[4.1539,50.1816],[4.1494,50.1748],[4.1551,50.1671],[4.1423,50.1638],[4.1287,50.1646],[4.1095,50.1757]]]}},{"type":"Feature","properties":{"code":"59134","nom":"Cartignies","app":9.66,"app_bas":7.79,"app_haut":11.98,"app_ech":"maille","app_obs":17,"mai":6.86,"mai_bas":5.56,"mai_haut":8.45,"mai_ech":"maille","mai_obs":73,"a12":12.29,"a3":7},"geometry":{"type":"Polygon","coordinates":[[[3.8744,50.0662],[3.8578,50.0596],[3.8371,50.0478],[3.8158,50.039],[3.8219,50.0522],[3.8144,50.0559],[3.8023,50.0569],[3.7983,50.0599],[3.8202,50.0915],[3.8427,50.1084],[3.8599,50.1117],[3.8697,50.1093],[3.8749,50.1023],[3.8798,50.0975],[3.8644,50.0853],[3.8819,50.0844],[3.8855,50.0815],[3.8777,50.0734],[3.8744,50.0662]]]}},{"type":"Feature","properties":{"code":"59190","nom":"Élesmes","app":10.5,"app_bas":8.52,"app_haut":12.93,"app_ech":"maille","app_obs":6,"mai":8.12,"mai_bas":6.56,"mai_haut":10.06,"mai_ech":"maille","mai_obs":17,"a12":13.6,"a3":8.62},"geometry":{"type":"Polygon","coordinates":[[[4.0094,50.2953],[3.9903,50.2933],[3.9881,50.3007],[3.9975,50.3121],[4.0093,50.3186],[4.0145,50.3151],[4.04,50.3063],[4.0405,50.3042],[4.0279,50.3011],[4.0249,50.2963],[4.0094,50.2953]]]}},{"type":"Feature","properties":{"code":"59203","nom":"Erre","app":10.4,"app_bas":8.66,"app_haut":12.51,"app_ech":"maille","app_obs":9,"mai":8.57,"mai_bas":7.06,"mai_haut":10.4,"mai_ech":"maille","mai_obs":48,"a12":13.61,"a3":9.06},"geometry":{"type":"Polygon","coordinates":[[[3.3427,50.3899],[3.3409,50.3876],[3.3227,50.3875],[3.3231,50.3763],[3.3183,50.3623],[3.3212,50.3519],[3.3285,50.3479],[3.3225,50.3432],[3.2992,50.3446],[3.3139,50.3488],[3.3091,50.3598],[3.3137,50.3656],[3.308,50.3736],[3.3012,50.377],[3.3008,50.3835],[3.3069,50.3904],[3.3208,50.3879],[3.335,50.3926],[3.3427,50.3899]]]}},{"type":"Feature","properties":{"code":"59316","nom":"Houplin-Ancoisne","app":13.83,"app_bas":11.39,"app_haut":16.79,"app_ech":"maille","app_obs":43,"mai":11.38,"mai_bas":9.11,"mai_haut":14.22,"mai_ech":"maille","mai_obs":72,"a12":15.56,"a3":11.64},"geometry":{"type":"Polygon","coordinates":[[[2.9668,50.5697],[2.9769,50.5768],[2.9782,50.5838],[3.0042,50.5786],[3.0117,50.5714],[3.0214,50.5672],[3.0127,50.5591],[3.0047,50.5578],[2.9876,50.563],[2.9817,50.5621],[2.9668,50.5697]]]}},{"type":"Feature","properties":{"code":"59435","nom":"Nomain","app":12.64,"app_bas":10.2,"app_haut":15.67,"app_ech":"maille","app_obs":71,"mai":11.23,"mai_bas":8.82,"mai_haut":14.31,"mai_ech":"commune","mai_obs":142,"a12":15.61,"a3":11.53},"geometry":{"type":"Polygon","coordinates":[[[3.2064,50.5165],[3.2389,50.5206],[3.2522,50.5243],[3.252,50.5166],[3.2688,50.5089],[3.2833,50.5063],[3.2941,50.5066],[3.2753,50.4899],[3.2563,50.4835],[3.2458,50.4857],[3.2316,50.4853],[3.2137,50.4881],[3.201,50.4874],[3.1915,50.4963],[3.2015,50.5046],[3.2064,50.5165]]]}},{"type":"Feature","properties":{"code":"59079","nom":"Beuvrages","app":11.21,"app_bas":9.17,"app_haut":13.7,"app_ech":"commune","app_obs":161,"mai":9.12,"mai_bas":7.37,"mai_haut":11.28,"mai_ech":"commune","mai_obs":148,"a12":12.96,"a3":9.05},"geometry":{"type":"Polygon","coordinates":[[[3.4984,50.3815],[3.49,50.392],[3.4954,50.3962],[3.5115,50.395],[3.5183,50.3886],[3.5114,50.3761],[3.4984,50.3815]]]}},{"type":"Feature","properties":{"code":"59084","nom":"Blaringhem","app":10.7,"app_bas":8.87,"app_haut":12.9,"app_ech":"maille","app_obs":13,"mai":7.91,"mai_bas":6.56,"mai_haut":9.53,"mai_ech":"maille","mai_obs":37,"a12":14.04,"a3":8.52},"geometry":{"type":"Polygon","coordinates":[[[2.4615,50.688],[2.452,50.6871],[2.4462,50.6829],[2.4145,50.6694],[2.4078,50.6728],[2.4032,50.6817],[2.3966,50.6801],[2.3831,50.6718],[2.3735,50.6727],[2.3714,50.6771],[2.3635,50.6846],[2.3779,50.6942],[2.3836,50.7006],[2.366,50.7091],[2.3776,50.7121],[2.4182,50.7021],[2.428,50.7013],[2.4445,50.6966],[2.4641,50.7006],[2.4615,50.688]]]}},{"type":"Feature","properties":{"code":"59085","nom":"Blécourt","app":10.34,"app_bas":8.66,"app_haut":12.34,"app_ech":"maille","app_obs":0,"mai":8.24,"mai_bas":6.87,"mai_haut":9.87,"mai_ech":"maille","mai_obs":25,"a12":12.33,"a3":8.58},"geometry":{"type":"Polygon","coordinates":[[[3.2169,50.2276],[3.2303,50.2097],[3.2278,50.2067],[3.208,50.2072],[3.2032,50.2097],[3.1986,50.225],[3.2004,50.2268],[3.2169,50.2276]]]}},{"type":"Feature","properties":{"code":"59279","nom":"Halluin","app":13.16,"app_bas":10.94,"app_haut":15.82,"app_ech":"commune","app_obs":997,"mai":10.08,"mai_bas":7.61,"mai_haut":13.35,"mai_ech":"commune","mai_obs":385,"a12":14.97,"a3":11.34},"geometry":{"type":"Polygon","coordinates":[[[3.1001,50.7617],[3.0902,50.7744],[3.1068,50.7839],[3.1075,50.7892],[3.1148,50.7942],[3.125,50.7864],[3.1508,50.7901],[3.152,50.7823],[3.1616,50.7723],[3.1546,50.764],[3.1409,50.758],[3.1201,50.767],[3.1076,50.7583],[3.1001,50.7617]]]}},{"type":"Feature","properties":{"code":"59312","nom":"Honnecourt-sur-Escaut","app":9.77,"app_bas":8.19,"app_haut":11.66,"app_ech":"maille","app_obs":2,"mai":7.3,"mai_bas":5.91,"mai_haut":9.02,"mai_ech":"maille","mai_obs":24,"a12":12.05,"a3":7.59},"geometry":{"type":"Polygon","coordinates":[[[3.1783,50.0506],[3.1949,50.0494],[3.2024,50.0575],[3.2124,50.0542],[3.2348,50.0402],[3.2449,50.0401],[3.2446,50.0305],[3.2305,50.0313],[3.2175,50.0232],[3.2051,50.0183],[3.1822,50.0123],[3.1727,50.012],[3.167,50.021],[3.1756,50.0268],[3.1783,50.0506]]]}},{"type":"Feature","properties":{"code":"59457","nom":"Pérenchies","app":13.95,"app_bas":11.6,"app_haut":16.77,"app_ech":"commune","app_obs":645,"mai":11.78,"mai_bas":8.92,"mai_haut":15.54,"mai_ech":"commune","mai_obs":186,"a12":17.68,"a3":12.28},"geometry":{"type":"Polygon","coordinates":[[[2.9599,50.6803],[2.9694,50.6815],[2.9793,50.671],[2.9837,50.6612],[2.9707,50.6581],[2.963,50.6665],[2.9523,50.6742],[2.9599,50.6803]]]}},{"type":"Feature","properties":{"code":"59498","nom":"Reumont","app":9.08,"app_bas":7.44,"app_haut":11.09,"app_ech":"maille","app_obs":1,"mai":7.26,"mai_bas":6.09,"mai_haut":8.64,"mai_ech":"maille","mai_obs":15,"a12":11.46,"a3":7.95},"geometry":{"type":"Polygon","coordinates":[[[3.4595,50.0804],[3.4606,50.087],[3.4913,50.0947],[3.4926,50.081],[3.4768,50.0765],[3.4656,50.0825],[3.4595,50.0804]]]}},{"type":"Feature","properties":{"code":"59343","nom":"Lesquin","app":14.31,"app_bas":12,"app_haut":17.07,"app_ech":"commune","app_obs":881,"mai":12.1,"mai_bas":9.32,"mai_haut":15.7,"mai_ech":"commune","mai_obs":225,"a12":16.52,"a3":11.91},"geometry":{"type":"Polygon","coordinates":[[[3.1149,50.6096],[3.1308,50.6004],[3.1379,50.6012],[3.14,50.5998],[3.1331,50.5859],[3.1201,50.579],[3.0951,50.571],[3.0893,50.5797],[3.0867,50.5886],[3.1041,50.5972],[3.1149,50.6096]]]}},{"type":"Feature","properties":{"code":"59151","nom":"Colleret","app":11.54,"app_bas":9,"app_haut":14.8,"app_ech":"maille","app_obs":43,"mai":7.42,"mai_bas":6.14,"mai_haut":8.97,"mai_ech":"maille","mai_obs":59,"a12":13.6,"a3":7.54},"geometry":{"type":"Polygon","coordinates":[[[4.0765,50.2478],[4.0518,50.2393],[4.04,50.2507],[4.0358,50.2644],[4.061,50.2709],[4.0757,50.2714],[4.0885,50.2745],[4.0935,50.2791],[4.1041,50.2767],[4.1104,50.2696],[4.1185,50.267],[4.124,50.2728],[4.1367,50.2743],[4.135,50.2591],[4.1265,50.2557],[4.1217,50.2475],[4.1067,50.248],[4.0842,50.2516],[4.0765,50.2478]]]}},{"type":"Feature","properties":{"code":"59183","nom":"Dunkerque","app":13.5,"app_bas":10.46,"app_haut":17.41,"app_ech":"commune","app_obs":8310,"mai":11.13,"mai_bas":8.55,"mai_haut":14.5,"mai_ech":"commune","mai_obs":869,"a12":15.59,"a3":12.03},"geometry":{"type":"MultiPolygon","coordinates":[[[[2.3508,51.0007],[2.3205,50.9997],[2.3172,50.9973],[2.3137,51.0025],[2.3216,51.0048],[2.3231,51.014],[2.3173,51.0224],[2.2974,51.0268],[2.2952,51.0348],[2.3061,51.0401],[2.3024,51.051],[2.3319,51.0561],[2.3478,51.0598],[2.3666,51.0519],[2.3783,51.0496],[2.3996,51.051],[2.4323,51.0575],[2.4463,51.0455],[2.3896,51.0309],[2.3861,51.0273],[2.3704,51.0217],[2.3682,51.0113],[2.3508,51.0007]]],[[[2.2642,51.0444],[2.263,51.0211],[2.2746,51.007],[2.2665,51.0052],[2.2881,50.9802],[2.284,50.9758],[2.2783,50.9794],[2.2515,51.0101],[2.2431,51.0174],[2.2401,51.0253],[2.2402,51.0386],[2.2642,51.0444]]]]}},{"type":"Feature","properties":{"code":"59218","nom":"Étrœungt","app":9.66,"app_bas":7.79,"app_haut":11.98,"app_ech":"maille","app_obs":33,"mai":6.51,"mai_bas":5.41,"mai_haut":7.84,"mai_ech":"commune","mai_obs":147,"a12":10.74,"a3":7},"geometry":{"type":"Polygon","coordinates":[[[3.9823,50.0444],[3.9721,50.0369],[3.959,50.0327],[3.9498,50.0269],[3.9483,50.0295],[3.9581,50.037],[3.9391,50.0453],[3.9279,50.0478],[3.9051,50.0501],[3.8977,50.0545],[3.9013,50.0739],[3.9154,50.0737],[3.912,50.0879],[3.9252,50.0867],[3.9302,50.0892],[3.9463,50.0873],[3.9555,50.0839],[3.9775,50.0726],[3.9804,50.0612],[3.9876,50.0566],[3.9823,50.0444]]]}},{"type":"Feature","properties":{"code":"59456","nom":"Pecquencourt","app":11.68,"app_bas":9.62,"app_haut":14.17,"app_ech":"commune","app_obs":132,"mai":9.5,"mai_bas":7.59,"mai_haut":11.88,"mai_ech":"commune","mai_obs":120,"a12":13.74,"a3":9.03},"geometry":{"type":"Polygon","coordinates":[[[3.1929,50.3819],[3.2002,50.3878],[3.2181,50.3908],[3.2494,50.3861],[3.2368,50.3761],[3.24,50.3684],[3.2403,50.3598],[3.2285,50.3648],[3.2219,50.3615],[3.1876,50.3716],[3.1929,50.3819]]]}},{"type":"Feature","properties":{"code":"59344","nom":"Leval","app":9.56,"app_bas":7.83,"app_haut":11.67,"app_ech":"maille","app_obs":43,"mai":7.38,"mai_bas":6.1,"mai_haut":8.94,"mai_ech":"commune","mai_obs":102,"a12":12.34,"a3":8.48},"geometry":{"type":"Polygon","coordinates":[[[3.8104,50.172],[3.8191,50.1804],[3.8136,50.1869],[3.8431,50.1957],[3.8547,50.1925],[3.843,50.1713],[3.836,50.1651],[3.8104,50.172]]]}},{"type":"Feature","properties":{"code":"59416","nom":"Morbecque","app":10.7,"app_bas":8.87,"app_haut":12.9,"app_ech":"maille","app_obs":25,"mai":8.89,"mai_bas":7.29,"mai_haut":10.84,"mai_ech":"maille","mai_obs":93,"a12":13.8,"a3":9.41},"geometry":{"type":"Polygon","coordinates":[[[2.4635,50.697],[2.4682,50.721],[2.4836,50.7098],[2.494,50.715],[2.5099,50.7107],[2.5345,50.7069],[2.5461,50.7026],[2.5619,50.692],[2.582,50.6953],[2.5951,50.6731],[2.5975,50.6629],[2.6031,50.6568],[2.5944,50.6478],[2.585,50.6432],[2.5644,50.6436],[2.5542,50.6528],[2.534,50.655],[2.531,50.6487],[2.5186,50.646],[2.5012,50.6399],[2.4854,50.6468],[2.484,50.6558],[2.5277,50.6713],[2.5221,50.6777],[2.5022,50.6871],[2.4898,50.6879],[2.4823,50.6957],[2.4635,50.697]]]}},{"type":"Feature","properties":{"code":"59653","nom":"Wavrin","app":12.7,"app_bas":10.61,"app_haut":15.19,"app_ech":"commune","app_obs":236,"mai":13.14,"mai_bas":9.86,"mai_haut":17.52,"mai_ech":"commune","mai_obs":249,"a12":14.67,"a3":11.73},"geometry":{"type":"Polygon","coordinates":[[[2.9504,50.5578],[2.9296,50.5504],[2.9169,50.5506],[2.9047,50.5794],[2.9074,50.5842],[2.9207,50.5895],[2.9314,50.5963],[2.9397,50.5921],[2.9676,50.5702],[2.9504,50.5578]]]}},{"type":"Feature","properties":{"code":"59033","nom":"Aulnoye-Aymeries","app":9.94,"app_bas":8.14,"app_haut":12.14,"app_ech":"commune","app_obs":371,"mai":7.59,"mai_bas":6.26,"mai_haut":9.2,"mai_ech":"commune","mai_obs":317,"a12":12.69,"a3":8.45},"geometry":{"type":"Polygon","coordinates":[[[3.8111,50.2239],[3.848,50.2175],[3.846,50.2161],[3.8577,50.1934],[3.8547,50.1925],[3.8431,50.1957],[3.8162,50.1875],[3.8135,50.196],[3.8219,50.2054],[3.8201,50.212],[3.8071,50.2188],[3.8111,50.2239]]]}},{"type":"Feature","properties":{"code":"59331","nom":"Landrecies","app":8.83,"app_bas":7.22,"app_haut":10.79,"app_ech":"commune","app_obs":398,"mai":7.22,"mai_bas":5.92,"mai_haut":8.79,"mai_ech":"commune","mai_obs":205,"a12":11.44,"a3":7.17},"geometry":{"type":"Polygon","coordinates":[[[3.6963,50.0895],[3.6816,50.0997],[3.6751,50.1012],[3.6656,50.1108],[3.6436,50.1193],[3.6418,50.1246],[3.6677,50.1351],[3.6668,50.1433],[3.6963,50.142],[3.7232,50.1355],[3.7258,50.1315],[3.7238,50.1211],[3.7133,50.115],[3.7055,50.0875],[3.6963,50.0895]]]}},{"type":"Feature","properties":{"code":"59463","nom":"Pitgam","app":12.44,"app_bas":9.64,"app_haut":16.04,"app_ech":"maille","app_obs":0,"mai":8.92,"mai_bas":7.18,"mai_haut":11.08,"mai_ech":"maille","mai_obs":17,"a12":16.53,"a3":9.84},"geometry":{"type":"Polygon","coordinates":[[[2.3878,50.9092],[2.3651,50.9069],[2.3555,50.9039],[2.3458,50.8971],[2.337,50.9091],[2.3258,50.919],[2.3109,50.9199],[2.2919,50.9302],[2.3039,50.9387],[2.3189,50.9548],[2.3385,50.9635],[2.3514,50.9505],[2.3612,50.9433],[2.3878,50.9092]]]}},{"type":"Feature","properties":{"code":"59493","nom":"Ramousies","app":9.46,"app_bas":7.32,"app_haut":12.21,"app_ech":"maille","app_obs":0,"mai":6.88,"mai_bas":5.44,"mai_haut":8.71,"mai_ech":"maille","mai_obs":8,"a12":10.74,"a3":7.96},"geometry":{"type":"Polygon","coordinates":[[[4.0062,50.1059],[4.0134,50.1173],[4.0165,50.1296],[4.0419,50.1316],[4.0587,50.1278],[4.0555,50.1174],[4.0603,50.1059],[4.0551,50.1026],[4.0509,50.1073],[4.0389,50.1052],[4.0293,50.1064],[4.0145,50.0984],[4.0062,50.1059]]]}},{"type":"Feature","properties":{"code":"59656","nom":"Wervicq-Sud","app":13.55,"app_bas":11.65,"app_haut":15.76,"app_ech":"commune","app_obs":337,"mai":11.29,"mai_bas":8.37,"mai_haut":15.24,"mai_ech":"maille","mai_obs":81,"a12":15.62,"a3":11.88},"geometry":{"type":"Polygon","coordinates":[[[3.0634,50.7484],[3.0563,50.7407],[3.0477,50.7396],[3.0446,50.7543],[3.0353,50.7701],[3.0409,50.7757],[3.0587,50.7807],[3.0596,50.7693],[3.0567,50.7553],[3.0634,50.7484]]]}},{"type":"Feature","properties":{"code":"59034","nom":"Avelin","app":14.07,"app_bas":11.76,"app_haut":16.83,"app_ech":"commune","app_obs":111,"mai":12.87,"mai_bas":9.68,"mai_haut":17.09,"mai_ech":"maille","mai_obs":97,"a12":15.66,"a3":11.4},"geometry":{"type":"Polygon","coordinates":[[[3.0689,50.5564],[3.0767,50.5642],[3.096,50.5698],[3.107,50.5528],[3.1017,50.5521],[3.0998,50.5383],[3.1078,50.5289],[3.1011,50.523],[3.105,50.5158],[3.0902,50.5095],[3.0818,50.5145],[3.0797,50.5196],[3.0658,50.525],[3.0631,50.531],[3.0626,50.536],[3.0716,50.551],[3.0689,50.5564]]]}},{"type":"Feature","properties":{"code":"59141","nom":"Cauroir","app":9.45,"app_bas":7.78,"app_haut":11.48,"app_ech":"maille","app_obs":1,"mai":8.22,"mai_bas":6.71,"mai_haut":10.08,"mai_ech":"maille","mai_obs":12,"a12":12.33,"a3":8.65},"geometry":{"type":"Polygon","coordinates":[[[3.3053,50.1585],[3.2972,50.1644],[3.2756,50.1653],[3.2809,50.181],[3.2947,50.1839],[3.3097,50.1825],[3.3171,50.1711],[3.3219,50.17],[3.3224,50.1625],[3.3053,50.1585]]]}},{"type":"Feature","properties":{"code":"59442","nom":"Obrechies","app":10.5,"app_bas":8.52,"app_haut":12.93,"app_ech":"maille","app_obs":1,"mai":7.71,"mai_bas":6.48,"mai_haut":9.17,"mai_ech":"maille","mai_obs":2,"a12":13.44,"a3":7.54},"geometry":{"type":"Polygon","coordinates":[[[4.0507,50.2341],[4.0587,50.2267],[4.0599,50.2202],[4.061,50.2189],[4.0488,50.2191],[4.0351,50.2143],[4.031,50.2051],[4.0283,50.2036],[4.0189,50.2195],[4.0189,50.2302],[4.0507,50.2341]]]}},{"type":"Feature","properties":{"code":"59455","nom":"Paillencourt","app":11.36,"app_bas":9.32,"app_haut":13.84,"app_ech":"maille","app_obs":0,"mai":8.49,"mai_bas":6.86,"mai_haut":10.51,"mai_ech":"maille","mai_obs":30,"a12":12.21,"a3":8.58},"geometry":{"type":"Polygon","coordinates":[[[3.2448,50.2612],[3.2625,50.2631],[3.2707,50.2592],[3.2778,50.2516],[3.2826,50.252],[3.2891,50.2503],[3.2762,50.2346],[3.2543,50.2349],[3.2493,50.2432],[3.2503,50.2453],[3.2402,50.258],[3.2448,50.2612]]]}},{"type":"Feature","properties":{"code":"59045","nom":"Baives","app":9.46,"app_bas":7.32,"app_haut":12.21,"app_ech":"maille","app_obs":0,"mai":7.12,"mai_bas":5.84,"mai_haut":8.69,"mai_ech":"maille","mai_obs":0,"a12":10.74,"a3":7.96},"geometry":{"type":"Polygon","coordinates":[[[4.1926,50.0807],[4.2011,50.082],[4.2103,50.0791],[4.2275,50.0797],[4.2311,50.0713],[4.228,50.0664],[4.2074,50.0577],[4.1911,50.0495],[4.1774,50.046],[4.1711,50.047],[4.1809,50.0536],[4.1944,50.0765],[4.1926,50.0807]]]}},{"type":"Feature","properties":{"code":"59025","nom":"Aubers","app":12.42,"app_bas":10.38,"app_haut":14.87,"app_ech":"maille","app_obs":34,"mai":10.72,"mai_bas":8.81,"mai_haut":13.06,"mai_ech":"maille","mai_obs":51,"a12":15.42,"a3":9.66},"geometry":{"type":"Polygon","coordinates":[[[2.7891,50.5831],[2.8052,50.6033],[2.8314,50.62],[2.8344,50.6105],[2.8445,50.5951],[2.8481,50.5929],[2.8399,50.5868],[2.8082,50.5789],[2.7891,50.5831]]]}},{"type":"Feature","properties":{"code":"59255","nom":"Fressies","app":10.34,"app_bas":8.66,"app_haut":12.34,"app_ech":"maille","app_obs":0,"mai":8.32,"mai_bas":6.8,"mai_haut":10.17,"mai_ech":"maille","mai_obs":18,"a12":12.33,"a3":9.48},"geometry":{"type":"Polygon","coordinates":[[[3.1747,50.2414],[3.172,50.2514],[3.1827,50.2589],[3.195,50.2605],[3.2104,50.2589],[3.2037,50.2466],[3.1906,50.2428],[3.1869,50.2349],[3.1791,50.2351],[3.1747,50.2414]]]}},{"type":"Feature","properties":{"code":"59520","nom":"Rumilly-en-Cambrésis","app":9.77,"app_bas":8.19,"app_haut":11.66,"app_ech":"maille","app_obs":8,"mai":7.92,"mai_bas":6.34,"mai_haut":9.88,"mai_ech":"maille","mai_obs":49,"a12":12.33,"a3":8.58},"geometry":{"type":"Polygon","coordinates":[[[3.2131,50.1246],[3.2116,50.143],[3.2141,50.1453],[3.2212,50.1416],[3.2425,50.1492],[3.2402,50.1422],[3.2447,50.1344],[3.2415,50.1288],[3.2431,50.1198],[3.2346,50.112],[3.2179,50.1182],[3.2131,50.1246]]]}},{"type":"Feature","properties":{"code":"59523","nom":"Sainghin-en-Mélantois","app":14.18,"app_bas":11.88,"app_haut":16.92,"app_ech":"commune","app_obs":139,"mai":14.03,"mai_bas":10.92,"mai_haut":18.04,"mai_ech":"commune","mai_obs":100,"a12":16.26,"a3":12},"geometry":{"type":"Polygon","coordinates":[[[3.1379,50.6012],[3.173,50.602],[3.1825,50.601],[3.193,50.5923],[3.1808,50.5825],[3.1848,50.5733],[3.1803,50.567],[3.1637,50.5712],[3.1509,50.5799],[3.1338,50.5822],[3.1331,50.5859],[3.14,50.5998],[3.1379,50.6012]]]}},{"type":"Feature","properties":{"code":"59543","nom":"Saint-Remy-du-Nord","app":10.32,"app_bas":8.2,"app_haut":12.99,"app_ech":"maille","app_obs":26,"mai":7.32,"mai_bas":6.04,"mai_haut":8.87,"mai_ech":"maille","mai_obs":49,"a12":12.29,"a3":8.48},"geometry":{"type":"Polygon","coordinates":[[[3.902,50.215],[3.8973,50.2142],[3.8802,50.2235],[3.8901,50.2326],[3.8844,50.2389],[3.9,50.2391],[3.9273,50.2338],[3.9112,50.2178],[3.902,50.215]]]}},{"type":"Feature","properties":{"code":"59559","nom":"Sebourg","app":12.8,"app_bas":10.5,"app_haut":15.59,"app_ech":"maille","app_obs":3,"mai":9.05,"mai_bas":7.21,"mai_haut":11.36,"mai_ech":"maille","mai_obs":92,"a12":13.61,"a3":9.29},"geometry":{"type":"Polygon","coordinates":[[[3.6423,50.3208],[3.63,50.3264],[3.6185,50.334],[3.6147,50.3393],[3.6206,50.3573],[3.6366,50.3577],[3.6468,50.3625],[3.6572,50.3708],[3.6673,50.3603],[3.6674,50.3506],[3.6738,50.3427],[3.6737,50.3349],[3.6571,50.331],[3.6516,50.3232],[3.6423,50.3208]]]}},{"type":"Feature","properties":{"code":"59588","nom":"Téteghem-Coudekerque-Village","app":14.4,"app_bas":11.49,"app_haut":18.04,"app_ech":"maille","app_obs":72,"mai":12.22,"mai_bas":9.71,"mai_haut":15.39,"mai_ech":"commune","mai_obs":128,"a12":16.53,"a3":11.4},"geometry":{"type":"Polygon","coordinates":[[[2.4234,50.9746],[2.411,50.9818],[2.3913,50.998],[2.3841,51.002],[2.3857,51.004],[2.408,51.0083],[2.4158,51.0147],[2.4309,51.0141],[2.4061,51.0355],[2.4463,51.0455],[2.449,51.0261],[2.4692,51.0327],[2.4797,51.0208],[2.4965,51.0065],[2.5059,51.0039],[2.4829,51.0007],[2.4667,50.9936],[2.4625,50.9881],[2.4494,50.9863],[2.4357,50.9736],[2.4234,50.9746]]]}},{"type":"Feature","properties":{"code":"59046","nom":"Bambecque","app":11.23,"app_bas":9.63,"app_haut":13.08,"app_ech":"maille","app_obs":6,"mai":9.29,"mai_bas":7.53,"mai_haut":11.46,"mai_ech":"maille","mai_obs":27,"a12":14.04,"a3":11.23},"geometry":{"type":"Polygon","coordinates":[[[2.5321,50.9183],[2.554,50.9189],[2.5626,50.9169],[2.5764,50.92],[2.59,50.9191],[2.5941,50.9144],[2.6075,50.9124],[2.6047,50.9064],[2.5704,50.8976],[2.5461,50.8977],[2.5213,50.9044],[2.5145,50.9082],[2.5156,50.9127],[2.5321,50.9183]]]}},{"type":"Feature","properties":{"code":"59015","nom":"Arleux","app":11.46,"app_bas":8.73,"app_haut":15.04,"app_ech":"maille","app_obs":41,"mai":9.47,"mai_bas":7.67,"mai_haut":11.68,"mai_ech":"commune","mai_obs":106,"a12":12.21,"a3":9.35},"geometry":{"type":"Polygon","coordinates":[[[3.1328,50.2662],[3.1076,50.2686],[3.0805,50.2735],[3.0618,50.2721],[3.0856,50.278],[3.0876,50.288],[3.0948,50.2914],[3.132,50.2997],[3.1338,50.2916],[3.1454,50.2831],[3.1294,50.2688],[3.1328,50.2662]]]}},{"type":"Feature","properties":{"code":"59169","nom":"Damousies","app":10.5,"app_bas":8.52,"app_haut":12.93,"app_ech":"maille","app_obs":1,"mai":7.71,"mai_bas":6.48,"mai_haut":9.17,"mai_ech":"maille","mai_obs":9,"a12":12.34,"a3":8.62},"geometry":{"type":"Polygon","coordinates":[[[3.9938,50.2169],[3.9874,50.2233],[3.9964,50.2304],[4.0094,50.2336],[4.0189,50.2302],[4.0189,50.2195],[4.0283,50.2036],[4.0265,50.2031],[4.0123,50.207],[3.9938,50.2169]]]}},{"type":"Feature","properties":{"code":"59177","nom":"Dompierre-sur-Helpe","app":9.66,"app_bas":7.79,"app_haut":11.98,"app_ech":"maille","app_obs":39,"mai":7.32,"mai_bas":6.07,"mai_haut":8.82,"mai_ech":"maille","mai_obs":99,"a12":12.29,"a3":7.54},"geometry":{"type":"Polygon","coordinates":[[[3.8369,50.1477],[3.8388,50.1521],[3.8311,50.1595],[3.8223,50.1634],[3.8209,50.1695],[3.836,50.1651],[3.8439,50.1591],[3.857,50.1569],[3.8744,50.1604],[3.877,50.1513],[3.8821,50.1452],[3.8854,50.1346],[3.8781,50.1307],[3.8861,50.1202],[3.8787,50.1158],[3.8541,50.1212],[3.8596,50.1275],[3.8489,50.1368],[3.8381,50.1337],[3.8341,50.1415],[3.8369,50.1477]]]}},{"type":"Feature","properties":{"code":"59443","nom":"Ochtezeele","app":11.28,"app_bas":9.27,"app_haut":13.72,"app_ech":"maille","app_obs":0,"mai":9.43,"mai_bas":7.51,"mai_haut":11.85,"mai_ech":"maille","mai_obs":33,"a12":16.53,"a3":9.29},"geometry":{"type":"Polygon","coordinates":[[[2.4152,50.8089],[2.371,50.8138],[2.379,50.8221],[2.3968,50.8343],[2.419,50.8201],[2.4249,50.8187],[2.4217,50.8086],[2.4152,50.8089]]]}},{"type":"Feature","properties":{"code":"59353","nom":"Locquignol","app":9.56,"app_bas":7.83,"app_haut":11.67,"app_ech":"maille","app_obs":0,"mai":7.78,"mai_bas":6.35,"mai_haut":9.53,"mai_ech":"maille","mai_obs":3,"a12":12.34,"a3":7.74},"geometry":{"type":"Polygon","coordinates":[[[3.6648,50.1443],[3.6689,50.1643],[3.6614,50.1775],[3.6548,50.1848],[3.6575,50.1916],[3.6549,50.2004],[3.7529,50.2696],[3.778,50.2547],[3.796,50.2584],[3.8183,50.2613],[3.8218,50.2661],[3.825,50.2681],[3.8298,50.2653],[3.8283,50.2533],[3.8322,50.2458],[3.8266,50.244],[3.8123,50.2322],[3.8101,50.2262],[3.8034,50.2272],[3.787,50.222],[3.7645,50.2169],[3.7615,50.2134],[3.7687,50.2018],[3.7764,50.1956],[3.776,50.1883],[3.7826,50.1854],[3.7862,50.18],[3.7832,50.1749],[3.7702,50.1673],[3.7759,50.1621],[3.7724,50.1602],[3.7574,50.1557],[3.7326,50.1514],[3.7244,50.1423],[3.7232,50.1355],[3.6963,50.142],[3.6668,50.1433],[3.6648,50.1443]]]}},{"type":"Feature","properties":{"code":"59386","nom":"Marquette-lez-Lille","app":14,"app_bas":12.56,"app_haut":15.6,"app_ech":"commune","app_obs":2020,"mai":13.18,"mai_bas":9.87,"mai_haut":17.61,"mai_ech":"commune","mai_obs":215,"a12":15.78,"a3":12.79},"geometry":{"type":"Polygon","coordinates":[[[3.0844,50.6824],[3.0791,50.6744],[3.069,50.6665],[3.0617,50.664],[3.0528,50.6694],[3.044,50.664],[3.0234,50.6716],[3.0409,50.6722],[3.0585,50.6792],[3.0739,50.6874],[3.0844,50.6824]]]}},{"type":"Feature","properties":{"code":"59660","nom":"Willems","app":13.35,"app_bas":11.04,"app_haut":16.15,"app_ech":"commune","app_obs":129,"mai":12.3,"mai_bas":9.59,"mai_haut":15.79,"mai_ech":"maille","mai_obs":70,"a12":15.96,"a3":12.37},"geometry":{"type":"Polygon","coordinates":[[[3.2073,50.6344],[3.2221,50.6364],[3.2329,50.6416],[3.2507,50.6361],[3.2587,50.6282],[3.2267,50.6209],[3.2038,50.623],[3.2073,50.6344]]]}},{"type":"Feature","properties":{"code":"59014","nom":"Anzin","app":11.04,"app_bas":8.95,"app_haut":13.63,"app_ech":"commune","app_obs":1411,"mai":8.53,"mai_bas":6.97,"mai_haut":10.45,"mai_ech":"commune","mai_obs":464,"a12":13.07,"a3":9.53},"geometry":{"type":"Polygon","coordinates":[[[3.4955,50.3739],[3.4984,50.3815],[3.5114,50.3761],[3.5183,50.3886],[3.5324,50.3836],[3.5256,50.3758],[3.5074,50.3644],[3.5006,50.3635],[3.4902,50.369],[3.4955,50.3739]]]}},{"type":"Feature","properties":{"code":"59265","nom":"Gommegnies","app":11.37,"app_bas":9.17,"app_haut":14.09,"app_ech":"maille","app_obs":26,"mai":7.78,"mai_bas":6.35,"mai_haut":9.53,"mai_ech":"maille","mai_obs":85,"a12":14.98,"a3":8.97},"geometry":{"type":"Polygon","coordinates":[[[3.6664,50.2605],[3.6897,50.2681],[3.6745,50.2798],[3.7058,50.2846],[3.7241,50.282],[3.7289,50.2765],[3.7508,50.2683],[3.7135,50.2419],[3.6994,50.2489],[3.6886,50.2501],[3.6664,50.2605]]]}},{"type":"Feature","properties":{"code":"59480","nom":"Quérénaing","app":11.48,"app_bas":9.55,"app_haut":13.8,"app_ech":"maille","app_obs":21,"mai":7.95,"mai_bas":6.29,"mai_haut":10.06,"mai_ech":"maille","mai_obs":56,"a12":13.38,"a3":9.18},"geometry":{"type":"Polygon","coordinates":[[[3.5121,50.2772],[3.4974,50.2795],[3.4901,50.2771],[3.4804,50.2837],[3.4941,50.2853],[3.4959,50.2935],[3.509,50.2908],[3.5141,50.2972],[3.532,50.2815],[3.5254,50.2785],[3.5121,50.2772]]]}},{"type":"Feature","properties":{"code":"59090","nom":"Bondues","app":14.94,"app_bas":12.23,"app_haut":18.25,"app_ech":"commune","app_obs":271,"mai":14.39,"mai_bas":10.37,"mai_haut":19.97,"mai_ech":"commune","mai_obs":285,"a12":18.33,"a3":13.83},"geometry":{"type":"Polygon","coordinates":[[[3.0844,50.6824],[3.0739,50.6874],[3.0755,50.6964],[3.0658,50.7194],[3.0748,50.7204],[3.0858,50.7293],[3.0924,50.7295],[3.1019,50.7236],[3.1102,50.7211],[3.1194,50.7264],[3.1293,50.7236],[3.1334,50.7155],[3.1206,50.7084],[3.1135,50.7097],[3.1082,50.7046],[3.1064,50.6959],[3.1008,50.692],[3.0915,50.6913],[3.0844,50.6824]]]}},{"type":"Feature","properties":{"code":"59104","nom":"Boussois","app":11.54,"app_bas":9,"app_haut":14.8,"app_ech":"maille","app_obs":21,"mai":7.42,"mai_bas":6.14,"mai_haut":8.97,"mai_ech":"maille","mai_obs":78,"a12":13.6,"a3":8.48},"geometry":{"type":"Polygon","coordinates":[[[4.0249,50.2963],[4.0279,50.3011],[4.0607,50.3077],[4.069,50.2911],[4.0673,50.2868],[4.0541,50.2842],[4.0423,50.285],[4.0316,50.2808],[4.0278,50.285],[4.0249,50.2963]]]}},{"type":"Feature","properties":{"code":"59120","nom":"Caëstre","app":11.16,"app_bas":9.28,"app_haut":13.41,"app_ech":"maille","app_obs":57,"mai":9.21,"mai_bas":7.56,"mai_haut":11.23,"mai_ech":"maille","mai_obs":68,"a12":14.04,"a3":9.41},"geometry":{"type":"Polygon","coordinates":[[[2.5836,50.7471],[2.5737,50.7596],[2.5629,50.7647],[2.5752,50.7693],[2.5973,50.7617],[2.6225,50.7704],[2.6292,50.7695],[2.642,50.7585],[2.6402,50.7525],[2.6249,50.7504],[2.6294,50.743],[2.6204,50.7406],[2.6115,50.7445],[2.5963,50.7453],[2.5836,50.7471]]]}},{"type":"Feature","properties":{"code":"59128","nom":"Capinghem","app":14.36,"app_bas":12.18,"app_haut":16.93,"app_ech":"commune","app_obs":676,"mai":12.5,"mai_bas":8.77,"mai_haut":17.82,"mai_ech":"maille","mai_obs":41,"a12":16.5,"a3":12.75},"geometry":{"type":"Polygon","coordinates":[[[2.9704,50.6395],[2.9588,50.6405],[2.9526,50.6482],[2.9693,50.6574],[2.9747,50.6465],[2.9704,50.6395]]]}},{"type":"Feature","properties":{"code":"59136","nom":"Cateau-Cambrésis","app":9.4,"app_bas":7.7,"app_haut":11.48,"app_ech":"commune","app_obs":765,"mai":6.93,"mai_bas":5.67,"mai_haut":8.48,"mai_ech":"commune","mai_obs":684,"a12":11.48,"a3":7.64},"geometry":{"type":"Polygon","coordinates":[[[3.5424,50.0697],[3.5532,50.0744],[3.5486,50.0851],[3.5273,50.0858],[3.5199,50.0776],[3.508,50.0728],[3.501,50.0735],[3.4926,50.081],[3.4913,50.0947],[3.5018,50.11],[3.4983,50.1134],[3.5052,50.1202],[3.5184,50.1105],[3.5385,50.1143],[3.5482,50.1146],[3.5544,50.1211],[3.5609,50.1211],[3.5742,50.1141],[3.5794,50.1023],[3.5737,50.0962],[3.5727,50.0766],[3.5761,50.0734],[3.5702,50.064],[3.5678,50.053],[3.5564,50.0539],[3.5431,50.0606],[3.5424,50.0697]]]}},{"type":"Feature","properties":{"code":"59488","nom":"Raillencourt-Sainte-Olle","app":11.36,"app_bas":9.32,"app_haut":13.84,"app_ech":"maille","app_obs":50,"mai":8.32,"mai_bas":6.8,"mai_haut":10.17,"mai_ech":"maille","mai_obs":80,"a12":12.21,"a3":8.58},"geometry":{"type":"Polygon","coordinates":[[[3.207,50.1938],[3.2051,50.1827],[3.2096,50.1794],[3.2016,50.1755],[3.1882,50.1802],[3.1765,50.182],[3.1564,50.1816],[3.1439,50.1896],[3.1429,50.1965],[3.1607,50.2019],[3.1723,50.1934],[3.1734,50.1889],[3.1828,50.1872],[3.1966,50.1985],[3.1981,50.1986],[3.207,50.1938]]]}},{"type":"Feature","properties":{"code":"59529","nom":"Saint-Aubin","app":9.47,"app_bas":7.78,"app_haut":11.53,"app_ech":"maille","app_obs":3,"mai":7.12,"mai_bas":5.82,"mai_haut":8.71,"mai_ech":"maille","mai_obs":14,"a12":12.29,"a3":7.54},"geometry":{"type":"Polygon","coordinates":[[[3.8962,50.1808],[3.9111,50.1877],[3.9136,50.1936],[3.913,50.1961],[3.9323,50.1929],[3.9331,50.1898],[3.922,50.183],[3.9311,50.1663],[3.9316,50.1541],[3.9243,50.1512],[3.9144,50.1538],[3.9019,50.153],[3.8905,50.1581],[3.8888,50.1688],[3.8962,50.1808]]]}},{"type":"Feature","properties":{"code":"59396","nom":"Mecquignies","app":11.37,"app_bas":9.17,"app_haut":14.09,"app_ech":"maille","app_obs":3,"mai":7.78,"mai_bas":6.35,"mai_haut":9.53,"mai_ech":"maille","mai_obs":18,"a12":14.98,"a3":8.97},"geometry":{"type":"Polygon","coordinates":[[[3.7871,50.2842],[3.7962,50.2841],[3.8062,50.2777],[3.8142,50.2773],[3.8218,50.2661],[3.8183,50.2613],[3.796,50.2584],[3.7858,50.2798],[3.7871,50.2842]]]}},{"type":"Feature","properties":{"code":"59428","nom":"Neuville-Saint-Rémy","app":9.82,"app_bas":8.22,"app_haut":11.74,"app_ech":"commune","app_obs":150,"mai":8.55,"mai_bas":6.98,"mai_haut":10.47,"mai_ech":"commune","mai_obs":150,"a12":12.21,"a3":8.58},"geometry":{"type":"Polygon","coordinates":[[[3.2096,50.1794],[3.2051,50.1827],[3.207,50.1938],[3.2244,50.1921],[3.2294,50.194],[3.2358,50.189],[3.227,50.1862],[3.2191,50.1792],[3.2096,50.1794]]]}},{"type":"Feature","properties":{"code":"59584","nom":"Taisnières-sur-Hon","app":10.71,"app_bas":9.07,"app_haut":12.64,"app_ech":"maille","app_obs":9,"mai":8.11,"mai_bas":6.58,"mai_haut":10,"mai_ech":"maille","mai_obs":28,"a12":13.44,"a3":8.97},"geometry":{"type":"Polygon","coordinates":[[[3.8576,50.3479],[3.8595,50.3429],[3.8723,50.3379],[3.8884,50.3382],[3.8898,50.33],[3.8861,50.3271],[3.8748,50.3229],[3.8702,50.3178],[3.8689,50.3032],[3.8612,50.3006],[3.8419,50.2997],[3.8405,50.3055],[3.8186,50.3047],[3.8084,50.3075],[3.8062,50.3096],[3.8576,50.3479]]]}},{"type":"Feature","properties":{"code":"59598","nom":"Toufflers","app":13.63,"app_bas":10.96,"app_haut":16.94,"app_ech":"maille","app_obs":34,"mai":11.07,"mai_bas":8.78,"mai_haut":13.94,"mai_ech":"maille","mai_obs":91,"a12":16.12,"a3":12.18},"geometry":{"type":"Polygon","coordinates":[[[3.2209,50.6551],[3.2185,50.6613],[3.2352,50.6709],[3.2421,50.6667],[3.2411,50.6578],[3.2451,50.6514],[3.2209,50.6551]]]}},{"type":"Feature","properties":{"code":"59055","nom":"Bazuel","app":9.08,"app_bas":7.44,"app_haut":11.09,"app_ech":"maille","app_obs":9,"mai":6.76,"mai_bas":5.52,"mai_haut":8.27,"mai_ech":"maille","mai_obs":38,"a12":11.73,"a3":7.32},"geometry":{"type":"Polygon","coordinates":[[[3.5794,50.1023],[3.5882,50.1043],[3.6018,50.1021],[3.6095,50.0873],[3.6241,50.0809],[3.6177,50.0692],[3.6095,50.0591],[3.5971,50.0606],[3.5761,50.0734],[3.5727,50.0766],[3.5737,50.0962],[3.5794,50.1023]]]}},{"type":"Feature","properties":{"code":"59111","nom":"Broxeele","app":10.43,"app_bas":8.51,"app_haut":12.79,"app_ech":"maille","app_obs":8,"mai":8.92,"mai_bas":7.18,"mai_haut":11.08,"mai_ech":"maille","mai_obs":34,"a12":11.56,"a3":8.7},"geometry":{"type":"Polygon","coordinates":[[[2.3317,50.8395],[2.3333,50.8323],[2.3283,50.8169],[2.3104,50.8183],[2.3044,50.8322],[2.3093,50.8354],[2.3317,50.8395]]]}},{"type":"Feature","properties":{"code":"59023","nom":"Aubencheul-au-Bac","app":10.34,"app_bas":8.66,"app_haut":12.34,"app_ech":"maille","app_obs":71,"mai":8.32,"mai_bas":6.8,"mai_haut":10.17,"mai_ech":"maille","mai_obs":36,"a12":12.33,"a3":9.48},"geometry":{"type":"Polygon","coordinates":[[[3.1491,50.2625],[3.1596,50.2583],[3.1827,50.2589],[3.172,50.2514],[3.1747,50.2414],[3.1472,50.2462],[3.1505,50.2498],[3.1491,50.2625]]]}},{"type":"Feature","properties":{"code":"59179","nom":"Douchy-les-Mines","app":10.57,"app_bas":8.65,"app_haut":12.91,"app_ech":"maille","app_obs":90,"mai":9.13,"mai_bas":7.35,"mai_haut":11.33,"mai_ech":"commune","mai_obs":282,"a12":13.74,"a3":8.44},"geometry":{"type":"Polygon","coordinates":[[[3.3965,50.2839],[3.3922,50.2905],[3.3803,50.2896],[3.3745,50.2925],[3.367,50.285],[3.3609,50.2938],[3.3673,50.3046],[3.3725,50.3109],[3.3834,50.3153],[3.3953,50.3142],[3.4113,50.3047],[3.4129,50.297],[3.418,50.2884],[3.3965,50.2839]]]}},{"type":"Feature","properties":{"code":"59204","nom":"Escarmain","app":11.48,"app_bas":9.55,"app_haut":13.8,"app_ech":"maille","app_obs":0,"mai":7.95,"mai_bas":6.29,"mai_haut":10.06,"mai_ech":"maille","mai_obs":5,"a12":13.38,"a3":9.18},"geometry":{"type":"Polygon","coordinates":[[[3.5509,50.2108],[3.5361,50.218],[3.5278,50.2261],[3.5301,50.2343],[3.5356,50.2402],[3.5588,50.2287],[3.5698,50.2255],[3.5684,50.2161],[3.557,50.2068],[3.5509,50.2108]]]}},{"type":"Feature","properties":{"code":"59286","nom":"Haubourdin","app":13.67,"app_bas":11.6,"app_haut":16.1,"app_ech":"commune","app_obs":1596,"mai":10.97,"mai_bas":8.52,"mai_haut":14.12,"mai_ech":"commune","mai_obs":288,"a12":15.98,"a3":12.22},"geometry":{"type":"Polygon","coordinates":[[[2.9741,50.6154],[2.9964,50.6181],[3.003,50.6086],[3.0111,50.6019],[3.0032,50.6015],[2.9875,50.5964],[2.9894,50.582],[2.9782,50.5838],[2.9792,50.5963],[2.9705,50.605],[2.9684,50.6098],[2.9741,50.6154]]]}},{"type":"Feature","properties":{"code":"59348","nom":"Lieu-Saint-Amand","app":11.36,"app_bas":9.32,"app_haut":13.84,"app_ech":"maille","app_obs":6,"mai":8.54,"mai_bas":6.87,"mai_haut":10.63,"mai_ech":"maille","mai_obs":30,"a12":13.61,"a3":8.44},"geometry":{"type":"Polygon","coordinates":[[[3.3542,50.2621],[3.3311,50.2676],[3.3245,50.2743],[3.3319,50.2782],[3.3516,50.2808],[3.3596,50.2783],[3.3648,50.2828],[3.3697,50.2799],[3.3708,50.2671],[3.3542,50.2621]]]}},{"type":"Feature","properties":{"code":"59664","nom":"Wulverdinghe","app":11.28,"app_bas":9.27,"app_haut":13.72,"app_ech":"maille","app_obs":0,"mai":8.92,"mai_bas":7.18,"mai_haut":11.08,"mai_ech":"maille","mai_obs":11,"a12":13.63,"a3":8.7},"geometry":{"type":"Polygon","coordinates":[[[2.2633,50.8192],[2.2325,50.824],[2.2557,50.8398],[2.2673,50.8317],[2.2633,50.8256],[2.268,50.8226],[2.2633,50.8192]]]}},{"type":"Feature","properties":{"code":"59042","nom":"Bachy","app":14.99,"app_bas":11.95,"app_haut":18.81,"app_ech":"maille","app_obs":44,"mai":12.3,"mai_bas":9.59,"mai_haut":15.79,"mai_ech":"maille","mai_obs":61,"a12":16.8,"a3":11.75},"geometry":{"type":"Polygon","coordinates":[[[3.2604,50.5287],[3.2535,50.542],[3.2555,50.5592],[3.263,50.5603],[3.276,50.5585],[3.2802,50.5514],[3.2802,50.5416],[3.2865,50.5276],[3.2604,50.5287]]]}},{"type":"Feature","properties":{"code":"59067","nom":"Bergues","app":13.66,"app_bas":10.9,"app_haut":17.11,"app_ech":"commune","app_obs":585,"mai":9.49,"mai_bas":7.69,"mai_haut":11.71,"mai_ech":"commune","mai_obs":177,"a12":17.34,"a3":10.45},"geometry":{"type":"Polygon","coordinates":[[[2.4234,50.9746],[2.4357,50.9736],[2.4455,50.9692],[2.4337,50.9639],[2.4308,50.9636],[2.4234,50.9746]]]}},{"type":"Feature","properties":{"code":"59117","nom":"Bugnicourt","app":11.46,"app_bas":8.73,"app_haut":15.04,"app_ech":"maille","app_obs":17,"mai":9.45,"mai_bas":7.67,"mai_haut":11.64,"mai_ech":"maille","mai_obs":85,"a12":12.21,"a3":9.48},"geometry":{"type":"Polygon","coordinates":[[[3.1542,50.3035],[3.1574,50.3052],[3.1775,50.2888],[3.1658,50.2757],[3.1589,50.2753],[3.1565,50.2814],[3.1454,50.2831],[3.1338,50.2916],[3.132,50.2997],[3.1413,50.3034],[3.1542,50.3035]]]}},{"type":"Feature","properties":{"code":"59008","nom":"Aniche","app":11,"app_bas":9.02,"app_haut":13.41,"app_ech":"commune","app_obs":627,"mai":8.32,"mai_bas":6.73,"mai_haut":10.3,"mai_ech":"commune","mai_obs":472,"a12":13.31,"a3":8.91},"geometry":{"type":"Polygon","coordinates":[[[3.2425,50.3172],[3.2366,50.3361],[3.2439,50.341],[3.2569,50.345],[3.2665,50.3421],[3.2809,50.334],[3.2726,50.3325],[3.2741,50.3258],[3.2689,50.3257],[3.261,50.3173],[3.2425,50.3172]]]}},{"type":"Feature","properties":{"code":"59158","nom":"Coutiches","app":13.92,"app_bas":11.25,"app_haut":17.22,"app_ech":"maille","app_obs":79,"mai":10.33,"mai_bas":8.23,"mai_haut":12.96,"mai_ech":"commune","mai_obs":151,"a12":15.61,"a3":11.53},"geometry":{"type":"Polygon","coordinates":[[[3.1751,50.4711],[3.1911,50.469],[3.2102,50.4722],[3.2125,50.4619],[3.2274,50.4523],[3.2231,50.4441],[3.225,50.433],[3.2144,50.4261],[3.2045,50.4276],[3.199,50.4345],[3.1775,50.4414],[3.1537,50.4359],[3.1545,50.447],[3.167,50.4594],[3.1729,50.4638],[3.1751,50.4711]]]}},{"type":"Feature","properties":{"code":"59512","nom":"Roubaix","app":13.28,"app_bas":10.62,"app_haut":16.59,"app_ech":"commune","app_obs":9323,"mai":9.48,"mai_bas":7.25,"mai_haut":12.41,"mai_ech":"commune","mai_obs":1804,"a12":15.67,"a3":11.8},"geometry":{"type":"Polygon","coordinates":[[[3.1994,50.6711],[3.1953,50.6688],[3.1771,50.6724],[3.1733,50.6705],[3.1633,50.6762],[3.1644,50.6811],[3.155,50.6872],[3.1541,50.6934],[3.1583,50.7009],[3.1685,50.7086],[3.19,50.7058],[3.2014,50.6939],[3.2156,50.6894],[3.2143,50.6857],[3.1994,50.6711]]]}},{"type":"Feature","properties":{"code":"59406","nom":"Monceau-Saint-Waast","app":9.47,"app_bas":7.78,"app_haut":11.53,"app_ech":"maille","app_obs":5,"mai":7.32,"mai_bas":6.04,"mai_haut":8.87,"mai_ech":"maille","mai_obs":17,"a12":12.34,"a3":7.54},"geometry":{"type":"Polygon","coordinates":[[[3.8577,50.1934],[3.8744,50.1604],[3.857,50.1569],[3.8439,50.1591],[3.836,50.1651],[3.843,50.1713],[3.8547,50.1925],[3.8577,50.1934]]]}},{"type":"Feature","properties":{"code":"59407","nom":"Monchaux-sur-Écaillon","app":11.4,"app_bas":9.47,"app_haut":13.73,"app_ech":"maille","app_obs":5,"mai":9.54,"mai_bas":7.64,"mai_haut":11.9,"mai_ech":"maille","mai_obs":18,"a12":13.38,"a3":9.18},"geometry":{"type":"Polygon","coordinates":[[[3.4613,50.2948],[3.4824,50.2846],[3.4804,50.2837],[3.474,50.2755],[3.4575,50.2781],[3.4462,50.2752],[3.4353,50.2782],[3.4503,50.2925],[3.4613,50.2948]]]}},{"type":"Feature","properties":{"code":"59418","nom":"Mortagne-du-Nord","app":11.44,"app_bas":9.63,"app_haut":13.58,"app_ech":"commune","app_obs":100,"mai":8.74,"mai_bas":7.05,"mai_haut":10.83,"mai_ech":"maille","mai_obs":58,"a12":13.38,"a3":9.59},"geometry":{"type":"Polygon","coordinates":[[[3.4394,50.5072],[3.4501,50.5072],[3.4615,50.5057],[3.4674,50.4983],[3.4526,50.4912],[3.4432,50.4959],[3.4394,50.5072]]]}},{"type":"Feature","properties":{"code":"59437","nom":"Noyelles-lès-Seclin","app":13.33,"app_bas":11.32,"app_haut":15.7,"app_ech":"maille","app_obs":7,"mai":11.49,"mai_bas":9.35,"mai_haut":14.12,"mai_ech":"maille","mai_obs":20,"a12":15.16,"a3":12.57},"geometry":{"type":"Polygon","coordinates":[[[3.0214,50.5672],[3.0117,50.5714],[3.0042,50.5786],[2.9894,50.582],[3.0099,50.5781],[3.0124,50.5815],[3.0244,50.5794],[3.0399,50.5729],[3.0308,50.5664],[3.0214,50.5672]]]}},{"type":"Feature","properties":{"code":"59590","nom":"Thiennes","app":10.62,"app_bas":8.75,"app_haut":12.89,"app_ech":"maille","app_obs":43,"mai":7.94,"mai_bas":6.5,"mai_haut":9.71,"mai_ech":"maille","mai_obs":36,"a12":14.04,"a3":8.52},"geometry":{"type":"Polygon","coordinates":[[[2.4576,50.6676],[2.4696,50.6696],[2.4935,50.6595],[2.484,50.6558],[2.4854,50.6468],[2.5012,50.6399],[2.5065,50.6343],[2.4888,50.632],[2.4732,50.6386],[2.4678,50.6437],[2.4508,50.6534],[2.4576,50.6676]]]}},{"type":"Feature","properties":{"code":"59670","nom":"Don","app":12.41,"app_bas":10.28,"app_haut":14.97,"app_ech":"maille","app_obs":92,"mai":10.13,"mai_bas":8.17,"mai_haut":12.56,"mai_ech":"maille","mai_obs":38,"a12":14.67,"a3":10.97},"geometry":{"type":"Polygon","coordinates":[[[2.9169,50.5506],[2.9296,50.5504],[2.9305,50.5474],[2.9123,50.5369],[2.9004,50.5353],[2.9012,50.5412],[2.9092,50.5484],[2.9169,50.5506]]]}},{"type":"Feature","properties":{"code":"59135","nom":"Cassel","app":11.04,"app_bas":9.46,"app_haut":12.88,"app_ech":"commune","app_obs":157,"mai":9.12,"mai_bas":7.27,"mai_haut":11.43,"mai_ech":"commune","mai_obs":115,"a12":12.92,"a3":9.33},"geometry":{"type":"Polygon","coordinates":[[[2.4553,50.8017],[2.457,50.8064],[2.4637,50.8101],[2.4716,50.804],[2.481,50.8058],[2.5096,50.8206],[2.5168,50.8224],[2.5227,50.8175],[2.5192,50.8134],[2.5368,50.8064],[2.514,50.8031],[2.5182,50.7967],[2.505,50.7925],[2.4981,50.7842],[2.495,50.7729],[2.4983,50.7666],[2.4755,50.7587],[2.4814,50.7894],[2.4671,50.7997],[2.4553,50.8017]]]}},{"type":"Feature","properties":{"code":"59178","nom":"Douai","app":11.53,"app_bas":9.17,"app_haut":14.49,"app_ech":"commune","app_obs":7833,"mai":9.17,"mai_bas":7.27,"mai_haut":11.57,"mai_ech":"commune","mai_obs":1114,"a12":13.59,"a3":10.11},"geometry":{"type":"Polygon","coordinates":[[[3.142,50.4102],[3.1479,50.4085],[3.1494,50.4],[3.1438,50.3951],[3.1261,50.3887],[3.1288,50.3975],[3.1157,50.3988],[3.1015,50.3884],[3.0945,50.381],[3.1001,50.3788],[3.0991,50.3691],[3.093,50.3563],[3.0953,50.3499],[3.0833,50.3515],[3.0644,50.3618],[3.0551,50.3688],[3.0599,50.3855],[3.0551,50.391],[3.0577,50.3933],[3.0697,50.3959],[3.1039,50.3983],[3.1146,50.3999],[3.1303,50.4102],[3.142,50.4102]]]}},{"type":"Feature","properties":{"code":"59246","nom":"Forest-en-Cambrésis","app":9.56,"app_bas":7.83,"app_haut":11.67,"app_ech":"maille","app_obs":0,"mai":7.27,"mai_bas":5.97,"mai_haut":8.86,"mai_ech":"maille","mai_obs":15,"a12":11.46,"a3":7.74},"geometry":{"type":"Polygon","coordinates":[[[3.546,50.1415],[3.5603,50.1435],[3.5497,50.1525],[3.5608,50.1596],[3.564,50.1667],[3.5777,50.1601],[3.5702,50.1537],[3.57,50.1485],[3.5798,50.1414],[3.5939,50.1389],[3.612,50.1307],[3.6067,50.1285],[3.6006,50.1317],[3.5741,50.1271],[3.5609,50.1211],[3.5544,50.1211],[3.5506,50.1244],[3.5541,50.1307],[3.5479,50.1367],[3.546,50.1415]]]}},{"type":"Feature","properties":{"code":"59499","nom":"Rexpoëde","app":12.46,"app_bas":9.72,"app_haut":15.99,"app_ech":"maille","app_obs":81,"mai":9.29,"mai_bas":7.53,"mai_haut":11.46,"mai_ech":"maille","mai_obs":57,"a12":16.53,"a3":11.23},"geometry":{"type":"Polygon","coordinates":[[[2.5321,50.9183],[2.5215,50.9311],[2.5188,50.9417],[2.5138,50.9496],[2.5261,50.9567],[2.5314,50.9576],[2.5574,50.9469],[2.5734,50.9375],[2.5764,50.92],[2.5626,50.9169],[2.554,50.9189],[2.5321,50.9183]]]}},{"type":"Feature","properties":{"code":"59514","nom":"Rousies","app":11.1,"app_bas":9.02,"app_haut":13.67,"app_ech":"commune","app_obs":234,"mai":7.78,"mai_bas":6.54,"mai_haut":9.26,"mai_ech":"commune","mai_obs":151,"a12":13.6,"a3":9.45},"geometry":{"type":"Polygon","coordinates":[[[4.0106,50.2639],[3.9983,50.2636],[3.9721,50.2583],[3.9738,50.2668],[3.9794,50.2719],[4.0099,50.2848],[4.0234,50.2806],[4.0256,50.2711],[4.0133,50.2713],[4.0106,50.2639]]]}},{"type":"Feature","properties":{"code":"59350","nom":"Lille","app":15.76,"app_bas":12.22,"app_haut":20.33,"app_ech":"commune","app_obs":77376,"mai":12.74,"mai_bas":8.96,"mai_haut":18.12,"mai_ech":"commune","mai_obs":3579,"a12":18.09,"a3":14.61},"geometry":{"type":"Polygon","coordinates":[[[2.9704,50.6395],[2.9747,50.6465],[2.9693,50.6574],[2.9837,50.6612],[3.0027,50.6524],[3.0215,50.6389],[3.029,50.6352],[3.0389,50.6447],[3.0458,50.6481],[3.0596,50.651],[3.067,50.6494],[3.0756,50.6431],[3.0835,50.6516],[3.1032,50.6523],[3.0932,50.6422],[3.0963,50.6369],[3.1081,50.6347],[3.1168,50.6365],[3.1216,50.6292],[3.1205,50.6185],[3.0969,50.6171],[3.0863,50.6179],[3.0715,50.6066],[3.0622,50.6122],[3.0546,50.6008],[3.0491,50.6008],[3.0442,50.606],[3.0331,50.6068],[3.0254,50.6111],[3.0195,50.6251],[3.0131,50.6256],[2.9885,50.6313],[2.9809,50.6346],[2.97,50.6337],[2.9704,50.6395]]]}},{"type":"Feature","properties":{"code":"59024","nom":"Auberchicourt","app":11.21,"app_bas":9.25,"app_haut":13.57,"app_ech":"maille","app_obs":54,"mai":8.62,"mai_bas":6.91,"mai_haut":10.77,"mai_ech":"commune","mai_obs":134,"a12":12.21,"a3":9.03},"geometry":{"type":"Polygon","coordinates":[[[3.2425,50.3172],[3.2339,50.3128],[3.2222,50.3126],[3.2124,50.3176],[3.2086,50.3236],[3.2132,50.3295],[3.2174,50.3421],[3.2331,50.3491],[3.2441,50.3483],[3.2439,50.341],[3.2366,50.3361],[3.2425,50.3172]]]}},{"type":"Feature","properties":{"code":"59130","nom":"Cappelle-Brouck","app":10.43,"app_bas":8.51,"app_haut":12.79,"app_ech":"maille","app_obs":28,"mai":8.92,"mai_bas":7.18,"mai_haut":11.08,"mai_ech":"maille","mai_obs":44,"a12":13.63,"a3":8.9},"geometry":{"type":"Polygon","coordinates":[[[2.2015,50.8729],[2.2076,50.8792],[2.2069,50.8951],[2.1974,50.9126],[2.1981,50.9206],[2.2061,50.9242],[2.2161,50.9239],[2.2416,50.9154],[2.2443,50.9039],[2.2512,50.8947],[2.2417,50.8809],[2.2277,50.8671],[2.2203,50.8553],[2.2108,50.8602],[2.2015,50.8729]]]}},{"type":"Feature","properties":{"code":"59458","nom":"Péronne-en-Mélantois","app":13.92,"app_bas":11.67,"app_haut":16.61,"app_ech":"maille","app_obs":15,"mai":12.65,"mai_bas":10.07,"mai_haut":15.9,"mai_ech":"maille","mai_obs":11,"a12":16.26,"a3":11.4},"geometry":{"type":"Polygon","coordinates":[[[3.1664,50.5593],[3.1637,50.5712],[3.1803,50.567],[3.175,50.5576],[3.1664,50.5593]]]}},{"type":"Feature","properties":{"code":"59370","nom":"Mairieux","app":11.54,"app_bas":9,"app_haut":14.8,"app_ech":"maille","app_obs":17,"mai":8.12,"mai_bas":6.56,"mai_haut":10.06,"mai_ech":"maille","mai_obs":20,"a12":13.6,"a3":8.62},"geometry":{"type":"Polygon","coordinates":[[[3.9756,50.3276],[3.9883,50.3254],[3.9975,50.3121],[3.9881,50.3007],[3.9738,50.3082],[3.961,50.3075],[3.9448,50.3],[3.9525,50.3174],[3.9472,50.3229],[3.963,50.3184],[3.9756,50.3276]]]}},{"type":"Feature","properties":{"code":"59612","nom":"Vertain","app":11.48,"app_bas":9.55,"app_haut":13.8,"app_ech":"maille","app_obs":1,"mai":8.54,"mai_bas":6.98,"mai_haut":10.45,"mai_ech":"maille","mai_obs":11,"a12":14.98,"a3":9.18},"geometry":{"type":"Polygon","coordinates":[[[3.5179,50.1979],[3.5008,50.2052],[3.5087,50.2185],[3.5158,50.2262],[3.5278,50.2261],[3.5361,50.218],[3.5509,50.2108],[3.5254,50.2051],[3.5179,50.1979]]]}},{"type":"Feature","properties":{"code":"59058","nom":"Beaufort","app":9.47,"app_bas":7.78,"app_haut":11.53,"app_ech":"maille","app_obs":7,"mai":7.71,"mai_bas":6.48,"mai_haut":9.17,"mai_ech":"maille","mai_obs":35,"a12":12.34,"a3":7.54},"geometry":{"type":"Polygon","coordinates":[[[3.9393,50.2145],[3.9378,50.218],[3.9476,50.2327],[3.955,50.2383],[3.9566,50.2442],[3.9609,50.2453],[3.973,50.2385],[3.98,50.2266],[3.9874,50.2233],[3.9938,50.2169],[3.983,50.2032],[3.9839,50.1929],[3.9762,50.1988],[3.9612,50.1991],[3.9486,50.2032],[3.9393,50.2145]]]}},{"type":"Feature","properties":{"code":"59121","nom":"Cagnoncles","app":10.34,"app_bas":8.66,"app_haut":12.34,"app_ech":"maille","app_obs":6,"mai":8.22,"mai_bas":6.71,"mai_haut":10.08,"mai_ech":"maille","mai_obs":35,"a12":12.33,"a3":8.58},"geometry":{"type":"Polygon","coordinates":[[[3.3379,50.1919],[3.3433,50.1856],[3.3337,50.1804],[3.3268,50.1701],[3.3171,50.1711],[3.3097,50.1825],[3.2947,50.1839],[3.2964,50.1952],[3.3096,50.1968],[3.3198,50.1933],[3.3379,50.1919]]]}},{"type":"Feature","properties":{"code":"59187","nom":"Éclaibes","app":10.5,"app_bas":8.52,"app_haut":12.93,"app_ech":"maille","app_obs":1,"mai":7.12,"mai_bas":5.82,"mai_haut":8.71,"mai_ech":"maille","mai_obs":9,"a12":13.44,"a3":7.54},"geometry":{"type":"Polygon","coordinates":[[[3.913,50.1961],[3.9393,50.2145],[3.9486,50.2032],[3.9612,50.1991],[3.9513,50.1922],[3.9331,50.1898],[3.9323,50.1929],[3.913,50.1961]]]}},{"type":"Feature","properties":{"code":"59283","nom":"Hargnies","app":10.71,"app_bas":9.07,"app_haut":12.64,"app_ech":"maille","app_obs":0,"mai":8.11,"mai_bas":6.58,"mai_haut":10,"mai_ech":"maille","mai_obs":8,"a12":13.44,"a3":7.74},"geometry":{"type":"Polygon","coordinates":[[[3.8298,50.2653],[3.8413,50.2703],[3.8612,50.2688],[3.8441,50.2429],[3.8322,50.2458],[3.8283,50.2533],[3.8298,50.2653]]]}},{"type":"Feature","properties":{"code":"59309","nom":"Hondschoote","app":12.46,"app_bas":9.72,"app_haut":15.99,"app_ech":"maille","app_obs":91,"mai":9.94,"mai_bas":7.64,"mai_haut":12.94,"mai_ech":"commune","mai_obs":119,"a12":14.04,"a3":11.23},"geometry":{"type":"Polygon","coordinates":[[[2.609,50.931],[2.6043,50.9363],[2.5929,50.9381],[2.5941,50.9477],[2.5888,50.9568],[2.5652,50.9677],[2.5476,50.9812],[2.5405,50.9898],[2.5411,50.9973],[2.5542,50.9969],[2.5726,51.0033],[2.5725,51.0131],[2.574,51.0035],[2.5828,50.9971],[2.6013,50.9913],[2.6079,50.9837],[2.6106,50.9762],[2.6202,50.9648],[2.6327,50.946],[2.6183,50.9388],[2.609,50.931]]]}},{"type":"Feature","properties":{"code":"59570","nom":"Socx","app":14.4,"app_bas":11.49,"app_haut":18.04,"app_ech":"maille","app_obs":32,"mai":11.59,"mai_bas":9.24,"mai_haut":14.55,"mai_ech":"maille","mai_obs":22,"a12":14.04,"a3":9.29},"geometry":{"type":"Polygon","coordinates":[[[2.4308,50.9636],[2.4324,50.9638],[2.4311,50.9518],[2.4357,50.9273],[2.4423,50.9114],[2.4201,50.9143],[2.4205,50.919],[2.4009,50.946],[2.4308,50.9636]]]}},{"type":"Feature","properties":{"code":"59143","nom":"Chapelle-d'Armentières","app":13.5,"app_bas":11.24,"app_haut":16.23,"app_ech":"commune","app_obs":304,"mai":10.37,"mai_bas":8.18,"mai_haut":13.15,"mai_ech":"commune","mai_obs":208,"a12":15.76,"a3":11.53},"geometry":{"type":"Polygon","coordinates":[[[2.8973,50.6806],[2.9177,50.6728],[2.9182,50.6675],[2.9257,50.6634],[2.9292,50.6589],[2.9111,50.6481],[2.8959,50.6499],[2.8931,50.658],[2.8662,50.6612],[2.8613,50.6722],[2.8714,50.6814],[2.893,50.6785],[2.8973,50.6806]]]}},{"type":"Feature","properties":{"code":"59470","nom":"Prémesques","app":13.58,"app_bas":11.51,"app_haut":16.02,"app_ech":"maille","app_obs":34,"mai":12.25,"mai_bas":9.3,"mai_haut":16.14,"mai_ech":"maille","mai_obs":60,"a12":17.89,"a3":11.8},"geometry":{"type":"Polygon","coordinates":[[[2.9292,50.6589],[2.9257,50.6634],[2.9523,50.6742],[2.963,50.6665],[2.9707,50.6581],[2.9526,50.6482],[2.9345,50.6552],[2.9292,50.6589]]]}},{"type":"Feature","properties":{"code":"59522","nom":"Sailly-lez-Lannoy","app":13.85,"app_bas":11.46,"app_haut":16.75,"app_ech":"maille","app_obs":17,"mai":12.3,"mai_bas":9.59,"mai_haut":15.79,"mai_ech":"maille","mai_obs":33,"a12":15.96,"a3":12.62},"geometry":{"type":"Polygon","coordinates":[[[3.2209,50.6551],[3.2451,50.6514],[3.2507,50.6361],[3.2329,50.6416],[3.2221,50.6364],[3.2062,50.6346],[3.2091,50.6458],[3.2209,50.6551]]]}},{"type":"Feature","properties":{"code":"59596","nom":"Tilloy-lez-Marchiennes","app":11.06,"app_bas":8.9,"app_haut":13.74,"app_ech":"maille","app_obs":1,"mai":10.77,"mai_bas":8.44,"mai_haut":13.74,"mai_ech":"maille","mai_obs":6,"a12":13.07,"a3":11.53},"geometry":{"type":"Polygon","coordinates":[[[3.3522,50.4165],[3.3441,50.4147],[3.3149,50.4164],[3.3084,50.4147],[3.3043,50.4205],[3.3067,50.4345],[3.311,50.4429],[3.3202,50.4447],[3.324,50.4269],[3.3344,50.4234],[3.3407,50.4254],[3.351,50.4206],[3.3522,50.4165]]]}},{"type":"Feature","properties":{"code":"59103","nom":"Boussières-sur-Sambre","app":10.71,"app_bas":9.07,"app_haut":12.64,"app_ech":"maille","app_obs":19,"mai":7.32,"mai_bas":6.04,"mai_haut":8.87,"mai_ech":"maille","mai_obs":16,"a12":12.34,"a3":8.62},"geometry":{"type":"Polygon","coordinates":[[[3.8703,50.2469],[3.8853,50.2561],[3.882,50.2504],[3.8911,50.2454],[3.8844,50.2389],[3.8901,50.2326],[3.8866,50.2292],[3.8605,50.2383],[3.8703,50.2469]]]}},{"type":"Feature","properties":{"code":"59224","nom":"Féchain","app":11.36,"app_bas":9.32,"app_haut":13.84,"app_ech":"maille","app_obs":36,"mai":8.49,"mai_bas":6.86,"mai_haut":10.51,"mai_ech":"maille","mai_obs":80,"a12":12.21,"a3":9.35},"geometry":{"type":"Polygon","coordinates":[[[3.2134,50.2793],[3.2302,50.2765],[3.2354,50.2653],[3.2104,50.2589],[3.195,50.2605],[3.193,50.2715],[3.2134,50.2793]]]}},{"type":"Feature","properties":{"code":"59229","nom":"Féron","app":9.46,"app_bas":7.32,"app_haut":12.21,"app_ech":"maille","app_obs":1,"mai":7.5,"mai_bas":6.13,"mai_haut":9.19,"mai_ech":"maille","mai_obs":3,"a12":12.29,"a3":7.96},"geometry":{"type":"Polygon","coordinates":[[[3.9876,50.0566],[3.9905,50.0586],[4.0242,50.066],[4.0392,50.0655],[4.0458,50.0576],[4.0448,50.0367],[4.0513,50.0316],[4.0268,50.029],[4.0096,50.0347],[3.9962,50.042],[3.9896,50.0413],[3.9823,50.0444],[3.9876,50.0566]]]}},{"type":"Feature","properties":{"code":"59057","nom":"Beaudignies","app":11.48,"app_bas":9.55,"app_haut":13.8,"app_ech":"maille","app_obs":0,"mai":8.55,"mai_bas":6.76,"mai_haut":10.8,"mai_ech":"maille","mai_obs":25,"a12":14.98,"a3":8.97},"geometry":{"type":"Polygon","coordinates":[[[3.557,50.2068],[3.5684,50.2161],[3.5698,50.2255],[3.5731,50.2376],[3.5722,50.2467],[3.5779,50.2484],[3.5863,50.2489],[3.5886,50.2446],[3.6078,50.2388],[3.619,50.2379],[3.6002,50.2305],[3.603,50.2192],[3.5743,50.2113],[3.5598,50.2059],[3.557,50.2068]]]}},{"type":"Feature","properties":{"code":"59071","nom":"Bersée","app":12.17,"app_bas":10.1,"app_haut":14.66,"app_ech":"commune","app_obs":104,"mai":10.43,"mai_bas":8.16,"mai_haut":13.32,"mai_ech":"maille","mai_obs":78,"a12":15.16,"a3":10.94},"geometry":{"type":"Polygon","coordinates":[[[3.1326,50.4984],[3.1421,50.5031],[3.1636,50.4954],[3.174,50.4858],[3.1683,50.4796],[3.1751,50.4711],[3.1729,50.4638],[3.167,50.4594],[3.1465,50.4653],[3.1326,50.4668],[3.1278,50.4795],[3.1335,50.4898],[3.1326,50.4984]]]}},{"type":"Feature","properties":{"code":"59116","nom":"Bry","app":12.8,"app_bas":10.5,"app_haut":15.59,"app_ech":"maille","app_obs":0,"mai":9.05,"mai_bas":7.21,"mai_haut":11.36,"mai_ech":"maille","mai_obs":11,"a12":13.61,"a3":9.29},"geometry":{"type":"Polygon","coordinates":[[[3.6849,50.3276],[3.6936,50.3222],[3.6944,50.3158],[3.7081,50.3049],[3.6998,50.3094],[3.6901,50.3093],[3.6724,50.3121],[3.6667,50.3171],[3.6849,50.3276]]]}},{"type":"Feature","properties":{"code":"59127","nom":"Capelle","app":11.48,"app_bas":9.55,"app_haut":13.8,"app_ech":"maille","app_obs":1,"mai":7.95,"mai_bas":6.29,"mai_haut":10.06,"mai_ech":"maille","mai_obs":4,"a12":14.98,"a3":8.97},"geometry":{"type":"Polygon","coordinates":[[[3.5698,50.2255],[3.5588,50.2287],[3.5356,50.2402],[3.5401,50.2446],[3.5507,50.247],[3.5609,50.2523],[3.5779,50.2484],[3.5722,50.2467],[3.5731,50.2376],[3.5698,50.2255]]]}},{"type":"Feature","properties":{"code":"59175","nom":"Dimont","app":9.47,"app_bas":7.78,"app_haut":11.53,"app_ech":"maille","app_obs":4,"mai":7.71,"mai_bas":6.48,"mai_haut":9.17,"mai_ech":"maille","mai_obs":17,"a12":13.44,"a3":7.54},"geometry":{"type":"Polygon","coordinates":[[[4.0153,50.1698],[4.0009,50.1733],[3.9976,50.1814],[3.99,50.1907],[3.9961,50.188],[4.0071,50.1892],[4.0233,50.1946],[4.0273,50.2028],[4.0322,50.2021],[4.0297,50.1902],[4.035,50.1875],[4.0472,50.188],[4.054,50.1852],[4.0438,50.1735],[4.0306,50.1788],[4.0202,50.1755],[4.0153,50.1698]]]}},{"type":"Feature","properties":{"code":"59489","nom":"Raimbeaucourt","app":13.92,"app_bas":11.25,"app_haut":17.22,"app_ech":"maille","app_obs":31,"mai":9.18,"mai_bas":7.27,"mai_haut":11.57,"mai_ech":"commune","mai_obs":126,"a12":15.61,"a3":9.26},"geometry":{"type":"Polygon","coordinates":[[[3.0818,50.4437],[3.0932,50.451],[3.105,50.4523],[3.1182,50.4502],[3.12,50.4433],[3.1297,50.4432],[3.1356,50.4299],[3.1284,50.425],[3.099,50.4266],[3.0922,50.4224],[3.0685,50.4256],[3.0764,50.4406],[3.0818,50.4437]]]}},{"type":"Feature","properties":{"code":"59365","nom":"Louvroil","app":10.42,"app_bas":8.3,"app_haut":13.1,"app_ech":"commune","app_obs":298,"mai":8.05,"mai_bas":6.5,"mai_haut":9.97,"mai_ech":"commune","mai_obs":256,"a12":12.63,"a3":8.83},"geometry":{"type":"Polygon","coordinates":[[[3.9279,50.2642],[3.9424,50.2621],[3.9439,50.2661],[3.9628,50.275],[3.9666,50.2699],[3.9635,50.2651],[3.9721,50.2583],[3.9759,50.259],[3.975,50.2527],[3.9609,50.2453],[3.9566,50.2442],[3.9447,50.249],[3.9251,50.2619],[3.9279,50.2642]]]}},{"type":"Feature","properties":{"code":"59368","nom":"Madeleine","app":15.42,"app_bas":12.42,"app_haut":19.14,"app_ech":"commune","app_obs":5551,"mai":13.56,"mai_bas":10.15,"mai_haut":18.12,"mai_ech":"commune","mai_obs":322,"a12":17.95,"a3":14.06},"geometry":{"type":"Polygon","coordinates":[[[3.0596,50.651],[3.0562,50.6546],[3.0617,50.664],[3.069,50.6665],[3.0835,50.6516],[3.0756,50.6431],[3.067,50.6494],[3.0596,50.651]]]}},{"type":"Feature","properties":{"code":"59398","nom":"Mérignies","app":13.67,"app_bas":11.27,"app_haut":16.58,"app_ech":"commune","app_obs":194,"mai":12.87,"mai_bas":9.68,"mai_haut":17.09,"mai_ech":"maille","mai_obs":98,"a12":15.66,"a3":11.65},"geometry":{"type":"Polygon","coordinates":[[[3.1326,50.4984],[3.1098,50.4935],[3.0988,50.4971],[3.0902,50.5095],[3.105,50.5158],[3.1323,50.5184],[3.1558,50.5154],[3.1567,50.509],[3.1326,50.4984]]]}},{"type":"Feature","properties":{"code":"59421","nom":"Mouvaux","app":15.5,"app_bas":12.19,"app_haut":19.7,"app_ech":"commune","app_obs":1049,"mai":13.03,"mai_bas":9.83,"mai_haut":17.29,"mai_ech":"commune","mai_obs":615,"a12":18.47,"a3":14.43},"geometry":{"type":"Polygon","coordinates":[[[3.1206,50.7084],[3.1334,50.7155],[3.1413,50.7173],[3.1501,50.7099],[3.1532,50.7028],[3.1429,50.6934],[3.1316,50.6919],[3.1206,50.7084]]]}},{"type":"Feature","properties":{"code":"59659","nom":"Wignehies","app":8.13,"app_bas":6.52,"app_haut":10.13,"app_ech":"maille","app_obs":72,"mai":7.19,"mai_bas":5.88,"mai_haut":8.8,"mai_ech":"commune","mai_obs":150,"a12":10.74,"a3":7},"geometry":{"type":"Polygon","coordinates":[[[4.0216,49.9861],[4.013,49.9857],[4.0054,49.9961],[3.9808,49.9936],[3.9827,50.0078],[3.9947,50.0255],[3.9896,50.0413],[3.9962,50.042],[4.0096,50.0347],[4.0268,50.029],[4.0285,50.0047],[4.0216,49.9861]]]}},{"type":"Feature","properties":{"code":"59197","nom":"Ennevelin","app":13.41,"app_bas":11.08,"app_haut":16.23,"app_ech":"maille","app_obs":40,"mai":12.87,"mai_bas":9.68,"mai_haut":17.09,"mai_ech":"maille","mai_obs":80,"a12":15.85,"a3":11.4},"geometry":{"type":"Polygon","coordinates":[[[3.1323,50.5184],[3.1244,50.5251],[3.1078,50.5289],[3.0998,50.5383],[3.1017,50.5521],[3.107,50.5528],[3.1216,50.5511],[3.1446,50.5514],[3.1554,50.5551],[3.1585,50.5371],[3.1403,50.5376],[3.1418,50.5306],[3.1368,50.5178],[3.1323,50.5184]]]}},{"type":"Feature","properties":{"code":"59213","nom":"Estourmel","app":9.8,"app_bas":7.98,"app_haut":12.02,"app_ech":"maille","app_obs":0,"mai":8.08,"mai_bas":6.65,"mai_haut":9.82,"mai_ech":"maille","mai_obs":14,"a12":13.38,"a3":8.58},"geometry":{"type":"Polygon","coordinates":[[[3.3224,50.1625],[3.3326,50.161],[3.3412,50.1518],[3.3418,50.1475],[3.336,50.1436],[3.3188,50.139],[3.305,50.1429],[3.3071,50.1515],[3.3053,50.1585],[3.3224,50.1625]]]}},{"type":"Feature","properties":{"code":"59296","nom":"Hecq","app":9.56,"app_bas":7.83,"app_haut":11.67,"app_ech":"maille","app_obs":0,"mai":7.78,"mai_bas":6.35,"mai_haut":9.53,"mai_ech":"maille","mai_obs":18,"a12":12.34,"a3":7.74},"geometry":{"type":"Polygon","coordinates":[[[3.6548,50.1848],[3.6614,50.1775],[3.6458,50.1724],[3.6421,50.1809],[3.646,50.1854],[3.6548,50.1848]]]}},{"type":"Feature","properties":{"code":"59321","nom":"Inchy","app":9.08,"app_bas":7.53,"app_haut":10.96,"app_ech":"maille","app_obs":14,"mai":8.54,"mai_bas":6.98,"mai_haut":10.45,"mai_ech":"maille","mai_obs":53,"a12":11.73,"a3":7.95},"geometry":{"type":"Polygon","coordinates":[[[3.4812,50.1333],[3.4875,50.1165],[3.4633,50.1108],[3.4578,50.1114],[3.4555,50.1175],[3.4649,50.1311],[3.4812,50.1333]]]}},{"type":"Feature","properties":{"code":"59384","nom":"Maroilles","app":9.66,"app_bas":7.79,"app_haut":11.98,"app_ech":"maille","app_obs":51,"mai":7.32,"mai_bas":6.07,"mai_haut":8.82,"mai_ech":"maille","mai_obs":71,"a12":12.34,"a3":7.74},"geometry":{"type":"Polygon","coordinates":[[[3.7514,50.1001],[3.739,50.1115],[3.7238,50.1211],[3.7258,50.1315],[3.7232,50.1355],[3.7244,50.1423],[3.7326,50.1514],[3.7574,50.1557],[3.7724,50.1602],[3.7773,50.1591],[3.7834,50.1444],[3.7888,50.1359],[3.811,50.128],[3.8054,50.1214],[3.7924,50.1251],[3.7771,50.1229],[3.7661,50.1077],[3.7514,50.1001]]]}},{"type":"Feature","properties":{"code":"59427","nom":"Neuville","app":12.49,"app_bas":10.24,"app_haut":15.24,"app_ech":"maille","app_obs":18,"mai":11.49,"mai_bas":9.35,"mai_haut":14.12,"mai_ech":"maille","mai_obs":23,"a12":15.16,"a3":10.94},"geometry":{"type":"Polygon","coordinates":[[[3.0376,50.4965],[3.0448,50.5106],[3.0534,50.5087],[3.0706,50.4969],[3.0708,50.4883],[3.0456,50.4866],[3.0376,50.4965]]]}},{"type":"Feature","properties":{"code":"59667","nom":"Zermezeele","app":11.23,"app_bas":9.63,"app_haut":13.08,"app_ech":"maille","app_obs":0,"mai":9.3,"mai_bas":7.44,"mai_haut":11.63,"mai_ech":"maille","mai_obs":18,"a12":14.04,"a3":11.23},"geometry":{"type":"Polygon","coordinates":[[[2.4505,50.8486],[2.4534,50.8526],[2.4756,50.8325],[2.4675,50.8201],[2.456,50.8145],[2.4462,50.8292],[2.4444,50.8349],[2.454,50.8465],[2.4505,50.8486]]]}},{"type":"Feature","properties":{"code":"59155","nom":"Coudekerque-Branche","app":12.49,"app_bas":10.13,"app_haut":15.39,"app_ech":"commune","app_obs":724,"mai":11.41,"mai_bas":9.09,"mai_haut":14.31,"mai_ech":"commune","mai_obs":229,"a12":16.54,"a3":10.35},"geometry":{"type":"Polygon","coordinates":[[[2.3682,51.0113],[2.3704,51.0217],[2.3861,51.0273],[2.3896,51.0309],[2.4061,51.0355],[2.4309,51.0141],[2.4158,51.0147],[2.408,51.0083],[2.3857,51.004],[2.3841,51.002],[2.3682,51.0113]]]}},{"type":"Feature","properties":{"code":"59211","nom":"Esquerchin","app":14.16,"app_bas":11.57,"app_haut":17.34,"app_ech":"maille","app_obs":15,"mai":8.72,"mai_bas":7.21,"mai_haut":10.56,"mai_ech":"maille","mai_obs":61,"a12":14.97,"a3":9.56},"geometry":{"type":"Polygon","coordinates":[[[3.0028,50.3709],[2.9939,50.3818],[2.9949,50.3877],[2.9795,50.4038],[2.9917,50.4017],[3.0026,50.398],[3.0088,50.3895],[3.0226,50.391],[3.0318,50.3842],[3.0242,50.377],[3.0028,50.3709]]]}},{"type":"Feature","properties":{"code":"59274","nom":"Groise","app":9.08,"app_bas":7.44,"app_haut":11.09,"app_ech":"maille","app_obs":1,"mai":7.27,"mai_bas":5.97,"mai_haut":8.86,"mai_ech":"maille","mai_obs":46,"a12":11.46,"a3":7.74},"geometry":{"type":"Polygon","coordinates":[[[3.6697,50.0991],[3.6751,50.1012],[3.6816,50.0997],[3.6963,50.0895],[3.6893,50.0815],[3.6947,50.0797],[3.7104,50.0665],[3.6735,50.0561],[3.6535,50.0764],[3.6658,50.0759],[3.6638,50.0834],[3.6735,50.0885],[3.6697,50.0991]]]}},{"type":"Feature","properties":{"code":"59433","nom":"Nieurlet","app":10.43,"app_bas":8.51,"app_haut":12.79,"app_ech":"maille","app_obs":3,"mai":8.86,"mai_bas":7.34,"mai_haut":10.7,"mai_ech":"maille","mai_obs":26,"a12":11.56,"a3":8.7},"geometry":{"type":"Polygon","coordinates":[[[2.317,50.8],[2.3171,50.7927],[2.3126,50.7872],[2.2886,50.777],[2.2879,50.787],[2.2685,50.7837],[2.2548,50.788],[2.2457,50.7976],[2.26,50.8121],[2.2725,50.8095],[2.278,50.8121],[2.2838,50.7996],[2.317,50.8]]]}},{"type":"Feature","properties":{"code":"59548","nom":"Saint-Waast","app":11.37,"app_bas":9.17,"app_haut":14.09,"app_ech":"maille","app_obs":0,"mai":8.55,"mai_bas":6.76,"mai_haut":10.8,"mai_ech":"maille","mai_obs":20,"a12":14.98,"a3":8.97},"geometry":{"type":"Polygon","coordinates":[[[3.7147,50.2988],[3.7305,50.3018],[3.7373,50.3099],[3.7512,50.3159],[3.7638,50.3051],[3.7797,50.3017],[3.7696,50.2937],[3.7421,50.296],[3.725,50.2901],[3.7147,50.2988]]]}},{"type":"Feature","properties":{"code":"59609","nom":"Vendeville","app":13.69,"app_bas":11.44,"app_haut":16.38,"app_ech":"maille","app_obs":72,"mai":12.87,"mai_bas":9.68,"mai_haut":17.09,"mai_ech":"maille","mai_obs":62,"a12":15.85,"a3":11.4},"geometry":{"type":"Polygon","coordinates":[[[3.0893,50.5797],[3.096,50.5698],[3.0767,50.5642],[3.0686,50.5702],[3.0716,50.5811],[3.0893,50.5797]]]}},{"type":"Feature","properties":{"code":"59048","nom":"Bantigny","app":10.34,"app_bas":8.66,"app_haut":12.34,"app_ech":"maille","app_obs":28,"mai":8.24,"mai_bas":6.87,"mai_haut":9.87,"mai_ech":"maille","mai_obs":15,"a12":12.21,"a3":9.48},"geometry":{"type":"Polygon","coordinates":[[[3.2169,50.2276],[3.2329,50.2414],[3.2493,50.2432],[3.2543,50.2349],[3.2505,50.2325],[3.2328,50.2258],[3.2204,50.2229],[3.2169,50.2276]]]}},{"type":"Feature","properties":{"code":"59060","nom":"Beaurain","app":9.56,"app_bas":7.83,"app_haut":11.67,"app_ech":"maille","app_obs":0,"mai":7.27,"mai_bas":5.97,"mai_haut":8.86,"mai_ech":"maille","mai_obs":4,"a12":11.46,"a3":7.95},"geometry":{"type":"Polygon","coordinates":[[[3.5529,50.1839],[3.5606,50.1734],[3.5586,50.1712],[3.5433,50.1751],[3.5441,50.1826],[3.5529,50.1839]]]}},{"type":"Feature","properties":{"code":"59091","nom":"Borre","app":11.16,"app_bas":9.28,"app_haut":13.41,"app_ech":"maille","app_obs":2,"mai":9.21,"mai_bas":7.56,"mai_haut":11.23,"mai_ech":"maille","mai_obs":8,"a12":13.8,"a3":9.41},"geometry":{"type":"Polygon","coordinates":[[[2.5836,50.7471],[2.5963,50.7453],[2.5934,50.7392],[2.5963,50.7258],[2.594,50.7194],[2.5747,50.7157],[2.5632,50.7292],[2.5661,50.7371],[2.5836,50.7471]]]}},{"type":"Feature","properties":{"code":"59160","nom":"Crespin","app":11.3,"app_bas":9.55,"app_haut":13.36,"app_ech":"commune","app_obs":164,"mai":8.28,"mai_bas":6.6,"mai_haut":10.38,"mai_ech":"commune","mai_obs":126,"a12":13.04,"a3":9.46},"geometry":{"type":"Polygon","coordinates":[[[3.6494,50.4019],[3.6406,50.4116],[3.6294,50.419],[3.6311,50.4373],[3.642,50.4408],[3.6688,50.4365],[3.6704,50.4196],[3.6734,50.4096],[3.6681,50.4032],[3.6494,50.4019]]]}},{"type":"Feature","properties":{"code":"59242","nom":"Fontaine-au-Bois","app":9.08,"app_bas":7.44,"app_haut":11.09,"app_ech":"maille","app_obs":30,"mai":7.78,"mai_bas":6.35,"mai_haut":9.53,"mai_ech":"maille","mai_obs":23,"a12":12.34,"a3":7.74},"geometry":{"type":"Polygon","coordinates":[[[3.6648,50.1443],[3.6668,50.1433],[3.6677,50.1351],[3.6418,50.1246],[3.6436,50.1193],[3.6269,50.1272],[3.612,50.1307],[3.6392,50.153],[3.6648,50.1443]]]}},{"type":"Feature","properties":{"code":"59250","nom":"Fournes-en-Weppes","app":12.75,"app_bas":10.62,"app_haut":15.3,"app_ech":"commune","app_obs":140,"mai":13.09,"mai_bas":9.82,"mai_haut":17.45,"mai_ech":"commune","mai_obs":125,"a12":15.42,"a3":12.65},"geometry":{"type":"Polygon","coordinates":[[[2.8929,50.6107],[2.8993,50.6036],[2.909,50.6018],[2.9207,50.5895],[2.9074,50.5842],[2.9047,50.5794],[2.8845,50.5758],[2.8746,50.5795],[2.871,50.5863],[2.8731,50.5948],[2.8715,50.5984],[2.8929,50.6107]]]}},{"type":"Feature","properties":{"code":"59287","nom":"Haucourt-en-Cambrésis","app":9.77,"app_bas":8.19,"app_haut":11.66,"app_ech":"maille","app_obs":0,"mai":7.38,"mai_bas":6.01,"mai_haut":9.07,"mai_ech":"maille","mai_obs":6,"a12":11.46,"a3":8.06},"geometry":{"type":"Polygon","coordinates":[[[3.3405,50.1173],[3.3557,50.1145],[3.352,50.1064],[3.359,50.0974],[3.3435,50.0962],[3.3307,50.0874],[3.3381,50.0947],[3.334,50.1086],[3.3285,50.1175],[3.334,50.1193],[3.3405,50.1173]]]}},{"type":"Feature","properties":{"code":"59339","nom":"Leers","app":13.35,"app_bas":10.75,"app_haut":16.57,"app_ech":"commune","app_obs":231,"mai":11.93,"mai_bas":9.47,"mai_haut":15.04,"mai_ech":"commune","mai_obs":114,"a12":16.41,"a3":12.08},"geometry":{"type":"Polygon","coordinates":[[[3.2156,50.6894],[3.222,50.6888],[3.2537,50.6911],[3.2624,50.6785],[3.2421,50.6667],[3.2352,50.6709],[3.2309,50.6758],[3.2216,50.6778],[3.2143,50.6857],[3.2156,50.6894]]]}},{"type":"Feature","properties":{"code":"59538","nom":"Saint-Momelin","app":10.43,"app_bas":8.51,"app_haut":12.79,"app_ech":"maille","app_obs":13,"mai":8.9,"mai_bas":7.02,"mai_haut":11.28,"mai_ech":"maille","mai_obs":26,"a12":11.56,"a3":8.7},"geometry":{"type":"Polygon","coordinates":[[[2.2633,50.8192],[2.26,50.8121],[2.2457,50.7976],[2.2548,50.788],[2.2267,50.8078],[2.2181,50.8221],[2.2325,50.824],[2.2633,50.8192]]]}},{"type":"Feature","properties":{"code":"59616","nom":"Vieux-Condé","app":10.54,"app_bas":8.91,"app_haut":12.47,"app_ech":"commune","app_obs":201,"mai":8.35,"mai_bas":6.74,"mai_haut":10.34,"mai_ech":"commune","mai_obs":298,"a12":13.38,"a3":8.77},"geometry":{"type":"Polygon","coordinates":[[[3.5828,50.4454],[3.5629,50.4543],[3.5555,50.4533],[3.5398,50.4578],[3.5384,50.4605],[3.5483,50.4632],[3.5524,50.4687],[3.5487,50.4806],[3.5583,50.4841],[3.551,50.4936],[3.5586,50.4984],[3.5678,50.5006],[3.5853,50.4905],[3.5827,50.4884],[3.5796,50.4734],[3.5826,50.4647],[3.581,50.453],[3.5828,50.4454]]]}},{"type":"Feature","properties":{"code":"59070","nom":"Bermeries","app":null,"app_bas":null,"app_haut":null,"app_ech":null,"app_obs":0,"mai":null,"mai_bas":null,"mai_haut":null,"mai_ech":null,"mai_obs":0,"a12":null,"a3":null},"geometry":{"type":"Polygon","coordinates":[[[3.7263,50.288],[3.725,50.2901],[3.7421,50.296],[3.7696,50.2937],[3.7646,50.2818],[3.7674,50.28],[3.7525,50.2694],[3.7298,50.2875],[3.7263,50.288]]]}},{"type":"Feature","properties":{"code":"59280","nom":"Hamel","app":11.16,"app_bas":9.22,"app_haut":13.51,"app_ech":"maille","app_obs":0,"mai":9.45,"mai_bas":7.67,"mai_haut":11.64,"mai_ech":"maille","mai_obs":17,"a12":13.12,"a3":9.35},"geometry":{"type":"Polygon","coordinates":[[[3.0876,50.288],[3.0856,50.278],[3.0618,50.2721],[3.0546,50.2753],[3.0552,50.2898],[3.059,50.2935],[3.0693,50.2878],[3.0876,50.288]]]}},{"type":"Feature","properties":{"code":"59518","nom":"Ruesnes","app":11.48,"app_bas":9.55,"app_haut":13.8,"app_ech":"maille","app_obs":2,"mai":7.95,"mai_bas":6.29,"mai_haut":10.06,"mai_ech":"maille","mai_obs":17,"a12":14.98,"a3":8.97},"geometry":{"type":"Polygon","coordinates":[[[3.5609,50.2523],[3.557,50.2582],[3.5594,50.265],[3.5755,50.2709],[3.5852,50.2794],[3.5899,50.279],[3.6083,50.2679],[3.5954,50.2637],[3.5863,50.2489],[3.5779,50.2484],[3.5609,50.2523]]]}},{"type":"Feature","properties":{"code":"59530","nom":"Saint-Aybert","app":10.59,"app_bas":8.95,"app_haut":12.53,"app_ech":"maille","app_obs":6,"mai":8.59,"mai_bas":7.03,"mai_haut":10.48,"mai_ech":"maille","mai_obs":7,"a12":13.38,"a3":9.29},"geometry":{"type":"Polygon","coordinates":[[[3.6282,50.4563],[3.6436,50.4632],[3.656,50.4612],[3.6642,50.4532],[3.6601,50.4444],[3.6688,50.4365],[3.642,50.4408],[3.6478,50.4479],[3.6282,50.4563]]]}},{"type":"Feature","properties":{"code":"59587","nom":"Terdeghem","app":10.85,"app_bas":8.66,"app_haut":13.58,"app_ech":"maille","app_obs":2,"mai":9.21,"mai_bas":7.56,"mai_haut":11.23,"mai_ech":"maille","mai_obs":7,"a12":12.92,"a3":9.29},"geometry":{"type":"Polygon","coordinates":[[[2.5327,50.7891],[2.5182,50.7967],[2.514,50.8031],[2.5368,50.8064],[2.5734,50.8081],[2.5844,50.804],[2.5892,50.7915],[2.5784,50.7884],[2.5703,50.7809],[2.5646,50.785],[2.5648,50.7908],[2.5562,50.7931],[2.5327,50.7891]]]}},{"type":"Feature","properties":{"code":"59278","nom":"Hallennes-lez-Haubourdin","app":14,"app_bas":11.55,"app_haut":16.97,"app_ech":"commune","app_obs":183,"mai":11.53,"mai_bas":8.99,"mai_haut":14.78,"mai_ech":"commune","mai_obs":112,"a12":16.23,"a3":13.26},"geometry":{"type":"Polygon","coordinates":[[[2.9631,50.6202],[2.9741,50.6154],[2.9684,50.6098],[2.9705,50.605],[2.9621,50.6023],[2.9364,50.5999],[2.9384,50.6036],[2.9455,50.609],[2.9386,50.6155],[2.9448,50.6208],[2.9413,50.6254],[2.9447,50.6263],[2.9631,50.6202]]]}},{"type":"Feature","properties":{"code":"59304","nom":"Herrin","app":13.44,"app_bas":11.58,"app_haut":15.59,"app_ech":"maille","app_obs":0,"mai":11.38,"mai_bas":9.11,"mai_haut":14.22,"mai_ech":"maille","mai_obs":11,"a12":15.56,"a3":10.97},"geometry":{"type":"Polygon","coordinates":[[[2.9553,50.5614],[2.9693,50.5525],[2.9739,50.5435],[2.9648,50.5375],[2.9504,50.5578],[2.9553,50.5614]]]}},{"type":"Feature","properties":{"code":"59337","nom":"Lederzeele","app":11.28,"app_bas":9.27,"app_haut":13.72,"app_ech":"maille","app_obs":7,"mai":8.9,"mai_bas":7.02,"mai_haut":11.28,"mai_ech":"maille","mai_obs":60,"a12":13.63,"a3":8.9},"geometry":{"type":"Polygon","coordinates":[[[2.2633,50.8192],[2.268,50.8226],[2.2764,50.8198],[2.3044,50.8322],[2.3104,50.8183],[2.3161,50.8179],[2.3195,50.8012],[2.317,50.8],[2.2838,50.7996],[2.278,50.8121],[2.2725,50.8095],[2.26,50.8121],[2.2633,50.8192]]]}},{"type":"Feature","properties":{"code":"59507","nom":"Ronchin","app":14.22,"app_bas":11.84,"app_haut":17.06,"app_ech":"commune","app_obs":1963,"mai":11.93,"mai_bas":9.21,"mai_haut":15.46,"mai_ech":"commune","mai_obs":271,"a12":16.99,"a3":12.64},"geometry":{"type":"Polygon","coordinates":[[[3.0715,50.6066],[3.0863,50.6179],[3.0969,50.6171],[3.1042,50.611],[3.1149,50.6096],[3.1041,50.5972],[3.0867,50.5886],[3.0803,50.6002],[3.0715,50.6066]]]}},{"type":"Feature","properties":{"code":"59378","nom":"Marcq-en-Barœul","app":15.53,"app_bas":12.71,"app_haut":18.97,"app_ech":"commune","app_obs":4997,"mai":14.63,"mai_bas":10.54,"mai_haut":20.29,"mai_ech":"commune","mai_obs":1018,"a12":18.21,"a3":14.22},"geometry":{"type":"Polygon","coordinates":[[[3.0844,50.6824],[3.0915,50.6913],[3.1008,50.692],[3.1064,50.6959],[3.1082,50.7046],[3.1135,50.7097],[3.1206,50.7084],[3.1316,50.6919],[3.1141,50.6883],[3.1133,50.6814],[3.1197,50.6785],[3.1117,50.669],[3.1187,50.6537],[3.1193,50.6485],[3.1032,50.6523],[3.0835,50.6516],[3.069,50.6665],[3.0791,50.6744],[3.0844,50.6824]]]}},{"type":"Feature","properties":{"code":"59413","nom":"Montigny-en-Cambrésis","app":9.77,"app_bas":8.19,"app_haut":11.66,"app_ech":"maille","app_obs":0,"mai":7.26,"mai_bas":6.09,"mai_haut":8.64,"mai_ech":"maille","mai_obs":16,"a12":11.46,"a3":7.95},"geometry":{"type":"Polygon","coordinates":[[[3.3927,50.0869],[3.4033,50.1007],[3.4105,50.1007],[3.4165,50.107],[3.4281,50.1047],[3.43,50.0996],[3.4264,50.0919],[3.429,50.084],[3.423,50.0707],[3.414,50.0796],[3.3927,50.0869]]]}},{"type":"Feature","properties":{"code":"59432","nom":"Niergnies","app":9.8,"app_bas":7.98,"app_haut":12.02,"app_ech":"maille","app_obs":22,"mai":8.08,"mai_bas":6.65,"mai_haut":9.82,"mai_ech":"maille","mai_obs":19,"a12":13.38,"a3":8.58},"geometry":{"type":"Polygon","coordinates":[[[3.2447,50.1344],[3.2402,50.1422],[3.2425,50.1492],[3.2644,50.152],[3.2735,50.1472],[3.2725,50.1432],[3.2678,50.1402],[3.2655,50.1313],[3.2501,50.1306],[3.2447,50.1344]]]}},{"type":"Feature","properties":{"code":"59440","nom":"Noyelles-sur-Selle","app":10.4,"app_bas":8.66,"app_haut":12.51,"app_ech":"maille","app_obs":12,"mai":8.54,"mai_bas":6.87,"mai_haut":10.63,"mai_ech":"maille","mai_obs":33,"a12":13.61,"a3":8.44},"geometry":{"type":"Polygon","coordinates":[[[3.3708,50.2671],[3.3697,50.2799],[3.3648,50.2828],[3.3745,50.2925],[3.3803,50.2896],[3.3922,50.2905],[3.4006,50.2759],[3.3896,50.2708],[3.3876,50.266],[3.3708,50.2671]]]}},{"type":"Feature","properties":{"code":"59624","nom":"Villers-Outréaux","app":9.77,"app_bas":8.19,"app_haut":11.66,"app_ech":"maille","app_obs":40,"mai":6.9,"mai_bas":5.6,"mai_haut":8.5,"mai_ech":"commune","mai_obs":109,"a12":11.73,"a3":7.77},"geometry":{"type":"Polygon","coordinates":[[[3.2707,50.0295],[3.2777,50.0359],[3.2824,50.0447],[3.2917,50.047],[3.3002,50.0453],[3.3108,50.0322],[3.3093,50.0194],[3.2871,50.0142],[3.2735,50.0203],[3.2707,50.0295]]]}},{"type":"Feature","properties":{"code":"59642","nom":"Warlaing","app":11.06,"app_bas":8.9,"app_haut":13.74,"app_ech":"maille","app_obs":1,"mai":9.87,"mai_bas":7.93,"mai_haut":12.29,"mai_ech":"maille","mai_obs":2,"a12":13.07,"a3":11.53},"geometry":{"type":"Polygon","coordinates":[[[3.3084,50.4147],[3.3149,50.4164],[3.3441,50.4147],[3.3516,50.4089],[3.3475,50.4059],[3.3319,50.4077],[3.3239,50.4061],[3.3177,50.401],[3.2995,50.4021],[3.3017,50.4095],[3.3084,50.4147]]]}},{"type":"Feature","properties":{"code":"59028","nom":"Auby","app":11.2,"app_bas":9.28,"app_haut":13.52,"app_ech":"maille","app_obs":65,"mai":8.8,"mai_bas":7.09,"mai_haut":10.92,"mai_ech":"maille","mai_obs":96,"a12":13.32,"a3":9.56},"geometry":{"type":"Polygon","coordinates":[[[3.0917,50.4038],[3.0807,50.4029],[3.0654,50.4076],[3.0439,50.4071],[3.0295,50.4115],[3.039,50.4232],[3.0517,50.4258],[3.0735,50.4252],[3.0708,50.4203],[3.0852,50.4178],[3.0917,50.4038]]]}},{"type":"Feature","properties":{"code":"59006","nom":"Amfroipret","app":11.37,"app_bas":9.17,"app_haut":14.09,"app_ech":"maille","app_obs":1,"mai":8.55,"mai_bas":6.76,"mai_haut":10.8,"mai_ech":"maille","mai_obs":10,"a12":14.98,"a3":8.97},"geometry":{"type":"Polygon","coordinates":[[[3.7263,50.288],[3.7298,50.2875],[3.7525,50.2694],[3.7508,50.2683],[3.7289,50.2765],[3.7241,50.282],[3.7263,50.288]]]}},{"type":"Feature","properties":{"code":"59320","nom":"Illies","app":12.41,"app_bas":10.28,"app_haut":14.97,"app_ech":"maille","app_obs":22,"mai":10.13,"mai_bas":8.17,"mai_haut":12.56,"mai_ech":"maille","mai_obs":57,"a12":14.69,"a3":9.48},"geometry":{"type":"Polygon","coordinates":[[[2.855,50.5588],[2.842,50.5506],[2.8216,50.544],[2.8132,50.5493],[2.8157,50.566],[2.8082,50.5789],[2.8259,50.5831],[2.8364,50.5712],[2.849,50.5649],[2.855,50.5588]]]}},{"type":"Feature","properties":{"code":"59632","nom":"Wallers","app":10.71,"app_bas":8.77,"app_haut":13.08,"app_ech":"commune","app_obs":130,"mai":8.78,"mai_bas":7.03,"mai_haut":10.95,"mai_ech":"commune","mai_obs":248,"a12":13.61,"a3":8.53},"geometry":{"type":"Polygon","coordinates":[[[3.4297,50.3776],[3.409,50.3688],[3.4008,50.3617],[3.3813,50.3534],[3.3822,50.3469],[3.3696,50.3405],[3.3683,50.3442],[3.372,50.3457],[3.3731,50.3561],[3.3618,50.3742],[3.362,50.3814],[3.3683,50.3898],[3.3592,50.3942],[3.3617,50.3982],[3.3798,50.3995],[3.3939,50.4082],[3.4014,50.4082],[3.4192,50.4],[3.4225,50.405],[3.4307,50.3883],[3.4326,50.379],[3.4297,50.3776]]]}},{"type":"Feature","properties":{"code":"59113","nom":"Bruille-lez-Marchiennes","app":10.4,"app_bas":8.66,"app_haut":12.51,"app_ech":"maille","app_obs":8,"mai":9.58,"mai_bas":7.85,"mai_haut":11.7,"mai_ech":"maille","mai_obs":41,"a12":13.74,"a3":9.06},"geometry":{"type":"Polygon","coordinates":[[[3.2219,50.3615],[3.2285,50.3648],[3.2403,50.3598],[3.24,50.3684],[3.2469,50.3682],[3.2569,50.3613],[3.2569,50.345],[3.2439,50.341],[3.2441,50.3483],[3.2331,50.3491],[3.2219,50.3615]]]}},{"type":"Feature","properties":{"code":"59125","nom":"Cantaing-sur-Escaut","app":9.8,"app_bas":7.98,"app_haut":12.02,"app_ech":"maille","app_obs":0,"mai":8.08,"mai_bas":6.65,"mai_haut":9.82,"mai_ech":"maille","mai_obs":5,"a12":12.33,"a3":8.58},"geometry":{"type":"Polygon","coordinates":[[[3.1416,50.1514],[3.1551,50.1559],[3.188,50.1584],[3.1854,50.1506],[3.1683,50.1436],[3.1461,50.1291],[3.1357,50.1271],[3.1355,50.1442],[3.1416,50.1514]]]}},{"type":"Feature","properties":{"code":"59295","nom":"Hazebrouck","app":11.72,"app_bas":9.36,"app_haut":14.67,"app_ech":"commune","app_obs":2491,"mai":9.17,"mai_bas":7.52,"mai_haut":11.17,"mai_ech":"commune","mai_obs":1014,"a12":14.05,"a3":9.87},"geometry":{"type":"Polygon","coordinates":[[[2.494,50.715],[2.4936,50.7302],[2.4884,50.7455],[2.5296,50.7439],[2.5423,50.7455],[2.5485,50.7512],[2.5737,50.7596],[2.5836,50.7471],[2.5661,50.7371],[2.5632,50.7292],[2.5747,50.7157],[2.5694,50.7103],[2.582,50.6953],[2.5619,50.692],[2.5461,50.7026],[2.5345,50.7069],[2.5099,50.7107],[2.494,50.715]]]}},{"type":"Feature","properties":{"code":"59308","nom":"Hondeghem","app":10.85,"app_bas":8.66,"app_haut":13.58,"app_ech":"maille","app_obs":9,"mai":9.21,"mai_bas":7.56,"mai_haut":11.23,"mai_ech":"maille","mai_obs":45,"a12":12.92,"a3":9.41},"geometry":{"type":"Polygon","coordinates":[[[2.4717,50.7387],[2.4755,50.7587],[2.4983,50.7666],[2.5249,50.768],[2.5408,50.7612],[2.5551,50.7609],[2.5629,50.7647],[2.5737,50.7596],[2.5485,50.7512],[2.5423,50.7455],[2.5296,50.7439],[2.4884,50.7455],[2.4717,50.7387]]]}},{"type":"Feature","properties":{"code":"59525","nom":"Sains-du-Nord","app":9.44,"app_bas":7.32,"app_haut":12.17,"app_ech":"commune","app_obs":135,"mai":6.92,"mai_bas":5.43,"mai_haut":8.81,"mai_ech":"commune","mai_obs":221,"a12":10.74,"a3":7.96},"geometry":{"type":"Polygon","coordinates":[[[3.992,50.0838],[3.9983,50.0968],[4.0062,50.1059],[4.0145,50.0984],[4.0293,50.1064],[4.0389,50.1052],[4.0509,50.1073],[4.0551,50.1026],[4.0491,50.0959],[4.0498,50.0829],[4.0797,50.0812],[4.0674,50.0718],[4.0392,50.0655],[4.0242,50.066],[4.0172,50.0768],[3.992,50.0838]]]}},{"type":"Feature","properties":{"code":"59593","nom":"Thun-l'Évêque","app":10.34,"app_bas":8.66,"app_haut":12.34,"app_ech":"maille","app_obs":6,"mai":8.24,"mai_bas":6.87,"mai_haut":9.87,"mai_ech":"maille","mai_obs":18,"a12":12.21,"a3":8.58},"geometry":{"type":"Polygon","coordinates":[[[3.2567,50.2274],[3.2505,50.2325],[3.2543,50.2349],[3.2762,50.2346],[3.28,50.2384],[3.2921,50.2352],[3.3053,50.2417],[3.3095,50.2369],[3.2947,50.2268],[3.2842,50.2126],[3.2819,50.2037],[3.2709,50.2033],[3.2783,50.2163],[3.2751,50.2234],[3.2684,50.2279],[3.2567,50.2274]]]}},{"type":"Feature","properties":{"code":"59221","nom":"Famars","app":11.65,"app_bas":9.67,"app_haut":14.04,"app_ech":"commune","app_obs":509,"mai":9.54,"mai_bas":7.64,"mai_haut":11.9,"mai_ech":"maille","mai_obs":90,"a12":13.57,"a3":9.18},"geometry":{"type":"Polygon","coordinates":[[[3.5153,50.3264],[3.5311,50.3225],[3.539,50.3153],[3.5494,50.3108],[3.5324,50.3117],[3.523,50.305],[3.5252,50.2992],[3.5218,50.291],[3.5141,50.2972],[3.5157,50.3031],[3.5058,50.3154],[3.5153,50.3264]]]}},{"type":"Feature","properties":{"code":"59260","nom":"Ghyvelde","app":12.46,"app_bas":9.72,"app_haut":15.99,"app_ech":"maille","app_obs":51,"mai":10.75,"mai_bas":8.26,"mai_haut":14,"mai_ech":"maille","mai_obs":70,"a12":14.04,"a3":11.23},"geometry":{"type":"Polygon","coordinates":[[[2.5725,51.0131],[2.5726,51.0033],[2.5542,50.9969],[2.5411,50.9973],[2.5315,51.0018],[2.5217,51.0098],[2.516,51.0198],[2.4983,51.0316],[2.4801,51.0364],[2.4711,51.0542],[2.4669,51.0665],[2.4733,51.0677],[2.4805,51.0538],[2.4951,51.0593],[2.5424,51.0653],[2.5592,51.0701],[2.5745,51.0208],[2.5725,51.0131]]]}},{"type":"Feature","properties":{"code":"59479","nom":"Quarouble","app":10.89,"app_bas":9.04,"app_haut":13.12,"app_ech":"maille","app_obs":58,"mai":8.89,"mai_bas":7.13,"mai_haut":11.1,"mai_ech":"commune","mai_obs":121,"a12":13.04,"a3":9.05},"geometry":{"type":"Polygon","coordinates":[[[3.6039,50.4256],[3.6089,50.4351],[3.6151,50.4366],[3.6311,50.4373],[3.6294,50.419],[3.6406,50.4116],[3.6494,50.4019],[3.6466,50.3969],[3.6452,50.3793],[3.6297,50.3733],[3.6173,50.3815],[3.6117,50.3941],[3.6045,50.3979],[3.6086,50.4046],[3.6222,50.4043],[3.6172,50.4181],[3.6195,50.4218],[3.6124,50.427],[3.6039,50.4256]]]}},{"type":"Feature","properties":{"code":"59351","nom":"Limont-Fontaine","app":9.47,"app_bas":7.78,"app_haut":11.53,"app_ech":"maille","app_obs":1,"mai":7.32,"mai_bas":6.04,"mai_haut":8.87,"mai_ech":"maille","mai_obs":35,"a12":12.29,"a3":8.48},"geometry":{"type":"Polygon","coordinates":[[[3.9026,50.1978],[3.9048,50.2025],[3.902,50.215],[3.9112,50.2178],[3.9273,50.2338],[3.9277,50.2313],[3.9476,50.2327],[3.9378,50.218],[3.9393,50.2145],[3.913,50.1961],[3.9136,50.1936],[3.9026,50.1978]]]}},{"type":"Feature","properties":{"code":"59424","nom":"Neuf-Mesnil","app":10.32,"app_bas":8.2,"app_haut":12.99,"app_ech":"maille","app_obs":42,"mai":7.32,"mai_bas":6.04,"mai_haut":8.87,"mai_ech":"maille","mai_obs":53,"a12":13.44,"a3":8.62},"geometry":{"type":"Polygon","coordinates":[[[3.9127,50.269],[3.9279,50.2642],[3.9251,50.2619],[3.8941,50.2644],[3.9015,50.2699],[3.9127,50.269]]]}},{"type":"Feature","properties":{"code":"59549","nom":"Salesches","app":9.56,"app_bas":7.83,"app_haut":11.67,"app_ech":"maille","app_obs":0,"mai":8.54,"mai_bas":6.98,"mai_haut":10.45,"mai_ech":"maille","mai_obs":25,"a12":11.46,"a3":7.74},"geometry":{"type":"Polygon","coordinates":[[[3.5994,50.1952],[3.586,50.201],[3.5743,50.2113],[3.603,50.2192],[3.6104,50.2147],[3.6179,50.2068],[3.5994,50.1952]]]}},{"type":"Feature","properties":{"code":"59604","nom":"Troisvilles","app":9.08,"app_bas":7.53,"app_haut":10.96,"app_ech":"maille","app_obs":0,"mai":7.26,"mai_bas":6.09,"mai_haut":8.64,"mai_ech":"maille","mai_obs":22,"a12":11.46,"a3":7.95},"geometry":{"type":"Polygon","coordinates":[[[3.4578,50.1114],[3.4633,50.1108],[3.4875,50.1165],[3.4983,50.1134],[3.5018,50.11],[3.4913,50.0947],[3.4606,50.087],[3.4486,50.0968],[3.4461,50.1033],[3.4506,50.1084],[3.4578,50.1114]]]}},{"type":"Feature","properties":{"code":"59041","nom":"Bachant","app":10.32,"app_bas":8.2,"app_haut":12.99,"app_ech":"maille","app_obs":12,"mai":7.32,"mai_bas":6.04,"mai_haut":8.87,"mai_ech":"maille","mai_obs":51,"a12":12.34,"a3":8.48},"geometry":{"type":"Polygon","coordinates":[[[3.902,50.215],[3.9048,50.2025],[3.9026,50.1978],[3.8915,50.2028],[3.882,50.1944],[3.8728,50.1901],[3.8568,50.1953],[3.846,50.2161],[3.848,50.2175],[3.8539,50.2127],[3.8638,50.2232],[3.8802,50.2235],[3.8973,50.2142],[3.902,50.215]]]}},{"type":"Feature","properties":{"code":"59167","nom":"Cuvillers","app":9.8,"app_bas":7.98,"app_haut":12.02,"app_ech":"maille","app_obs":0,"mai":8.24,"mai_bas":6.87,"mai_haut":9.87,"mai_ech":"maille","mai_obs":8,"a12":12.33,"a3":8.58},"geometry":{"type":"Polygon","coordinates":[[[3.2505,50.2325],[3.2567,50.2274],[3.2494,50.2203],[3.2303,50.2097],[3.2204,50.2229],[3.2328,50.2258],[3.2505,50.2325]]]}},{"type":"Feature","properties":{"code":"59269","nom":"Gouzeaucourt","app":9.74,"app_bas":8.03,"app_haut":11.8,"app_ech":"maille","app_obs":15,"mai":7.3,"mai_bas":5.91,"mai_haut":9.02,"mai_ech":"maille","mai_obs":80,"a12":12.31,"a3":7.59},"geometry":{"type":"Polygon","coordinates":[[[3.0903,50.0537],[3.0838,50.0578],[3.0882,50.0676],[3.0947,50.071],[3.1222,50.0703],[3.1377,50.0671],[3.1463,50.0709],[3.154,50.0695],[3.151,50.0641],[3.1408,50.0607],[3.1366,50.0496],[3.1284,50.036],[3.1151,50.0322],[3.1143,50.0387],[3.0944,50.0464],[3.0903,50.0537]]]}},{"type":"Feature","properties":{"code":"59288","nom":"Haulchin","app":11.4,"app_bas":9.47,"app_haut":13.73,"app_ech":"maille","app_obs":16,"mai":8.54,"mai_bas":6.87,"mai_haut":10.63,"mai_ech":"maille","mai_obs":72,"a12":13.61,"a3":7.95},"geometry":{"type":"Polygon","coordinates":[[[3.3953,50.3142],[3.4111,50.3183],[3.4196,50.3232],[3.4225,50.3234],[3.4382,50.3229],[3.4482,50.3142],[3.4268,50.3068],[3.4129,50.297],[3.4113,50.3047],[3.3953,50.3142]]]}},{"type":"Feature","properties":{"code":"59326","nom":"Killem","app":12.46,"app_bas":9.72,"app_haut":15.99,"app_ech":"maille","app_obs":13,"mai":10.75,"mai_bas":8.26,"mai_haut":14,"mai_ech":"maille","mai_obs":22,"a12":16.53,"a3":11.23},"geometry":{"type":"Polygon","coordinates":[[[2.5261,50.9567],[2.526,50.9659],[2.5339,50.9759],[2.5476,50.9812],[2.5652,50.9677],[2.5888,50.9568],[2.5941,50.9477],[2.5929,50.9381],[2.5734,50.9375],[2.5574,50.9469],[2.5314,50.9576],[2.5261,50.9567]]]}},{"type":"Feature","properties":{"code":"59330","nom":"Landas","app":12.64,"app_bas":10.2,"app_haut":15.67,"app_ech":"maille","app_obs":66,"mai":10.76,"mai_bas":8.44,"mai_haut":13.72,"mai_ech":"commune","mai_obs":120,"a12":13.07,"a3":11.75},"geometry":{"type":"Polygon","coordinates":[[[3.3318,50.4542],[3.3253,50.4531],[3.3104,50.4564],[3.2876,50.4681],[3.2698,50.4643],[3.2593,50.474],[3.2563,50.4835],[3.2753,50.4899],[3.2812,50.4876],[3.3007,50.4873],[3.3174,50.4742],[3.3326,50.4652],[3.3287,50.4607],[3.3331,50.456],[3.3318,50.4542]]]}},{"type":"Feature","properties":{"code":"59494","nom":"Raucourt-au-Bois","app":11.37,"app_bas":9.17,"app_haut":14.09,"app_ech":"maille","app_obs":0,"mai":7.78,"mai_bas":6.35,"mai_haut":9.53,"mai_ech":"maille","mai_obs":12,"a12":14.98,"a3":8.97},"geometry":{"type":"Polygon","coordinates":[[[3.6671,50.2092],[3.6549,50.2004],[3.6468,50.2065],[3.6527,50.212],[3.6671,50.2092]]]}},{"type":"Feature","properties":{"code":"59528","nom":"Saint-Aubert","app":9.45,"app_bas":7.78,"app_haut":11.48,"app_ech":"maille","app_obs":70,"mai":8.31,"mai_bas":6.98,"mai_haut":9.88,"mai_ech":"maille","mai_obs":97,"a12":11.46,"a3":8.44},"geometry":{"type":"Polygon","coordinates":[[[3.4446,50.213],[3.4523,50.2037],[3.4451,50.2005],[3.4361,50.2013],[3.4089,50.195],[3.3995,50.1908],[3.3913,50.2105],[3.396,50.2143],[3.4202,50.2197],[3.4212,50.2223],[3.43,50.2225],[3.4318,50.2133],[3.4446,50.213]]]}},{"type":"Feature","properties":{"code":"59342","nom":"Lez-Fontaine","app":9.47,"app_bas":7.78,"app_haut":11.53,"app_ech":"maille","app_obs":0,"mai":7.71,"mai_bas":6.48,"mai_haut":9.17,"mai_ech":"maille","mai_obs":12,"a12":13.44,"a3":7.54},"geometry":{"type":"Polygon","coordinates":[[[4.054,50.1852],[4.066,50.1875],[4.0756,50.1875],[4.0729,50.1581],[4.0609,50.161],[4.0438,50.1735],[4.054,50.1852]]]}},{"type":"Feature","properties":{"code":"59354","nom":"Loffre","app":11.21,"app_bas":9.25,"app_haut":13.57,"app_ech":"maille","app_obs":7,"mai":8.75,"mai_bas":7.15,"mai_haut":10.72,"mai_ech":"maille","mai_obs":9,"a12":12.21,"a3":9.03},"geometry":{"type":"Polygon","coordinates":[[[3.1583,50.3618],[3.1737,50.3625],[3.1838,50.3604],[3.185,50.3552],[3.1848,50.3472],[3.1599,50.3456],[3.1621,50.3516],[3.1583,50.3618]]]}},{"type":"Feature","properties":{"code":"59555","nom":"Sars-Poteries","app":9.46,"app_bas":7.32,"app_haut":12.21,"app_ech":"maille","app_obs":23,"mai":7.12,"mai_bas":5.84,"mai_haut":8.69,"mai_ech":"maille","mai_obs":97,"a12":13.44,"a3":7.96},"geometry":{"type":"Polygon","coordinates":[[[4.0153,50.1698],[4.0202,50.1755],[4.0306,50.1788],[4.0438,50.1735],[4.0609,50.161],[4.0729,50.1581],[4.0796,50.1555],[4.0814,50.1484],[4.0654,50.1484],[4.0465,50.1548],[4.0275,50.1526],[4.0173,50.1559],[4.0248,50.1626],[4.0153,50.1698]]]}},{"type":"Feature","properties":{"code":"59606","nom":"Valenciennes","app":12.11,"app_bas":9.72,"app_haut":15.08,"app_ech":"commune","app_obs":14463,"mai":9.64,"mai_bas":7.5,"mai_haut":12.4,"mai_ech":"commune","mai_obs":1985,"a12":14.15,"a3":10.42},"geometry":{"type":"Polygon","coordinates":[[[3.5174,50.3387],[3.5007,50.3369],[3.4893,50.3416],[3.4956,50.3461],[3.4778,50.3568],[3.4771,50.3622],[3.4902,50.369],[3.5006,50.3635],[3.5074,50.3644],[3.5256,50.3758],[3.5324,50.3836],[3.5415,50.3872],[3.545,50.3805],[3.5495,50.3769],[3.5307,50.3428],[3.5193,50.3432],[3.5174,50.3387]]]}},{"type":"Feature","properties":{"code":"59617","nom":"Vieux-Mesnil","app":10.71,"app_bas":9.07,"app_haut":12.64,"app_ech":"maille","app_obs":0,"mai":7.32,"mai_bas":6.04,"mai_haut":8.87,"mai_ech":"maille","mai_obs":8,"a12":12.34,"a3":8.48},"geometry":{"type":"Polygon","coordinates":[[[3.8703,50.2469],[3.8488,50.249],[3.8612,50.2688],[3.8689,50.2732],[3.8827,50.2719],[3.8941,50.2644],[3.8853,50.2561],[3.8703,50.2469]]]}},{"type":"Feature","properties":{"code":"59082","nom":"Bierne","app":14.4,"app_bas":11.49,"app_haut":18.04,"app_ech":"maille","app_obs":12,"mai":11.59,"mai_bas":9.24,"mai_haut":14.55,"mai_ech":"maille","mai_obs":36,"a12":16.53,"a3":9.84},"geometry":{"type":"Polygon","coordinates":[[[2.3913,50.998],[2.411,50.9818],[2.4234,50.9746],[2.4308,50.9636],[2.4009,50.946],[2.3953,50.9491],[2.384,50.9701],[2.3758,50.9815],[2.3913,50.998]]]}},{"type":"Feature","properties":{"code":"59200","nom":"Eringhem","app":10.43,"app_bas":8.51,"app_haut":12.79,"app_ech":"maille","app_obs":2,"mai":8.92,"mai_bas":7.18,"mai_haut":11.08,"mai_ech":"maille","mai_obs":6,"a12":13.63,"a3":8.7},"geometry":{"type":"Polygon","coordinates":[[[2.2974,50.8796],[2.2945,50.8763],[2.2797,50.8771],[2.2622,50.8731],[2.2602,50.8808],[2.2751,50.881],[2.2742,50.8894],[2.2923,50.8927],[2.3137,50.9026],[2.3265,50.9012],[2.337,50.9091],[2.3458,50.8971],[2.3587,50.8862],[2.3545,50.8841],[2.339,50.881],[2.3167,50.8834],[2.2974,50.8796]]]}},{"type":"Feature","properties":{"code":"59465","nom":"Pommereuil","app":9.08,"app_bas":7.44,"app_haut":11.09,"app_ech":"maille","app_obs":0,"mai":7.27,"mai_bas":5.97,"mai_haut":8.86,"mai_ech":"maille","mai_obs":17,"a12":11.46,"a3":7.74},"geometry":{"type":"Polygon","coordinates":[[[3.5794,50.1023],[3.5742,50.1141],[3.5609,50.1211],[3.5741,50.1271],[3.6006,50.1317],[3.6067,50.1285],[3.594,50.1225],[3.6062,50.1186],[3.6007,50.1115],[3.6018,50.1021],[3.5882,50.1043],[3.5794,50.1023]]]}},{"type":"Feature","properties":{"code":"59491","nom":"Raismes","app":11.38,"app_bas":9.6,"app_haut":13.49,"app_ech":"commune","app_obs":667,"mai":8.48,"mai_bas":6.85,"mai_haut":10.5,"mai_ech":"commune","mai_obs":296,"a12":13.49,"a3":9.06},"geometry":{"type":"Polygon","coordinates":[[[3.4338,50.3788],[3.4326,50.379],[3.4307,50.3883],[3.4225,50.405],[3.4294,50.4118],[3.4338,50.4128],[3.4626,50.4115],[3.4698,50.4148],[3.4963,50.4413],[3.5085,50.4498],[3.5544,50.4167],[3.5426,50.4089],[3.515,50.4],[3.5115,50.395],[3.4954,50.3962],[3.49,50.392],[3.4984,50.3815],[3.4955,50.3739],[3.4735,50.3898],[3.4611,50.3813],[3.4491,50.3846],[3.4498,50.3934],[3.4351,50.3857],[3.4338,50.3788]]]}},{"type":"Feature","properties":{"code":"59516","nom":"Rubrouck","app":10.43,"app_bas":8.51,"app_haut":12.79,"app_ech":"maille","app_obs":9,"mai":8.9,"mai_bas":7.02,"mai_haut":11.28,"mai_ech":"maille","mai_obs":46,"a12":11.56,"a3":8.7},"geometry":{"type":"Polygon","coordinates":[[[2.3838,50.8519],[2.3968,50.8343],[2.379,50.8221],[2.371,50.8138],[2.3283,50.8169],[2.3333,50.8323],[2.3317,50.8395],[2.3692,50.8554],[2.3838,50.8519]]]}},{"type":"Feature","properties":{"code":"59029","nom":"Auchy-lez-Orchies","app":12.88,"app_bas":10.65,"app_haut":15.57,"app_ech":"maille","app_obs":88,"mai":10.15,"mai_bas":8.09,"mai_haut":12.73,"mai_ech":"maille","mai_obs":80,"a12":15.61,"a3":11.53},"geometry":{"type":"Polygon","coordinates":[[[3.1751,50.4711],[3.1683,50.4796],[3.174,50.4858],[3.1915,50.4963],[3.201,50.4874],[3.2137,50.4881],[3.2316,50.4853],[3.2102,50.4722],[3.1911,50.469],[3.1751,50.4711]]]}},{"type":"Feature","properties":{"code":"59149","nom":"Clary","app":9.77,"app_bas":8.19,"app_haut":11.66,"app_ech":"maille","app_obs":4,"mai":7.26,"mai_bas":6.09,"mai_haut":8.64,"mai_ech":"maille","mai_obs":28,"a12":11.46,"a3":7.95},"geometry":{"type":"Polygon","coordinates":[[[3.3869,50.0858],[3.3927,50.0869],[3.414,50.0796],[3.423,50.0707],[3.4226,50.0656],[3.411,50.0574],[3.3946,50.0503],[3.376,50.0563],[3.3691,50.064],[3.3697,50.0708],[3.3774,50.0737],[3.3869,50.0858]]]}},{"type":"Feature","properties":{"code":"59446","nom":"Oisy","app":11.4,"app_bas":9.47,"app_haut":13.73,"app_ech":"maille","app_obs":2,"mai":9.01,"mai_bas":7.22,"mai_haut":11.24,"mai_ech":"maille","mai_obs":24,"a12":13.21,"a3":8.53},"geometry":{"type":"Polygon","coordinates":[[[3.4427,50.3627],[3.4447,50.3539],[3.4318,50.3415],[3.4203,50.3428],[3.4228,50.3471],[3.4219,50.354],[3.4427,50.3627]]]}},{"type":"Feature","properties":{"code":"59478","nom":"Quaëdypre","app":12.46,"app_bas":9.72,"app_haut":15.99,"app_ech":"maille","app_obs":33,"mai":9.3,"mai_bas":7.44,"mai_haut":11.63,"mai_ech":"maille","mai_obs":34,"a12":16.53,"a3":11.4},"geometry":{"type":"Polygon","coordinates":[[[2.4772,50.9138],[2.4538,50.9164],[2.4423,50.9114],[2.4357,50.9273],[2.4311,50.9518],[2.4324,50.9638],[2.4439,50.9616],[2.475,50.9621],[2.492,50.9347],[2.494,50.9211],[2.4778,50.9197],[2.4772,50.9138]]]}},{"type":"Feature","properties":{"code":"59356","nom":"Lompret","app":15.25,"app_bas":12.29,"app_haut":18.92,"app_ech":"maille","app_obs":34,"mai":12.25,"mai_bas":9.3,"mai_haut":16.14,"mai_ech":"maille","mai_obs":66,"a12":17.35,"a3":14.04},"geometry":{"type":"Polygon","coordinates":[[[3.0027,50.6524],[2.9837,50.6612],[2.9793,50.671],[2.9902,50.6743],[3.0025,50.6699],[3.0107,50.6595],[3.0027,50.6524]]]}},{"type":"Feature","properties":{"code":"59375","nom":"Marchiennes","app":11.58,"app_bas":9.57,"app_haut":14.01,"app_ech":"commune","app_obs":257,"mai":9.36,"mai_bas":7.5,"mai_haut":11.68,"mai_ech":"commune","mai_obs":171,"a12":13.81,"a3":9.49},"geometry":{"type":"Polygon","coordinates":[[[3.2115,50.3903],[3.2002,50.3878],[3.1892,50.3899],[3.1995,50.3946],[3.2131,50.4111],[3.2203,50.4143],[3.2342,50.4151],[3.2543,50.4209],[3.259,50.4257],[3.2499,50.4326],[3.2571,50.4375],[3.2633,50.4378],[3.3067,50.4345],[3.3043,50.4205],[3.3084,50.4147],[3.3017,50.4095],[3.2995,50.4021],[3.2929,50.3971],[3.2827,50.3967],[3.2744,50.4041],[3.2563,50.3977],[3.2525,50.3944],[3.2311,50.4021],[3.209,50.3967],[3.2115,50.3903]]]}},{"type":"Feature","properties":{"code":"59547","nom":"Saint-Vaast-en-Cambrésis","app":9.45,"app_bas":7.78,"app_haut":11.48,"app_ech":"maille","app_obs":7,"mai":8.31,"mai_bas":6.98,"mai_haut":9.88,"mai_ech":"maille","mai_obs":34,"a12":11.46,"a3":7.95},"geometry":{"type":"Polygon","coordinates":[[[3.4497,50.1853],[3.444,50.1887],[3.4294,50.1883],[3.3995,50.1908],[3.4089,50.195],[3.4361,50.2013],[3.4451,50.2005],[3.4523,50.2037],[3.4559,50.2024],[3.4565,50.1941],[3.4528,50.1852],[3.4497,50.1853]]]}},{"type":"Feature","properties":{"code":"59164","nom":"Croix-Caluyau","app":9.56,"app_bas":7.83,"app_haut":11.67,"app_ech":"maille","app_obs":0,"mai":8.54,"mai_bas":6.98,"mai_haut":10.45,"mai_ech":"maille","mai_obs":22,"a12":14.98,"a3":7.74},"geometry":{"type":"Polygon","coordinates":[[[3.5939,50.1389],[3.5798,50.1414],[3.57,50.1485],[3.5702,50.1537],[3.5777,50.1601],[3.5897,50.1637],[3.6018,50.1629],[3.5919,50.1551],[3.5972,50.1458],[3.5939,50.1389]]]}},{"type":"Feature","properties":{"code":"59239","nom":"Flines-lez-Raches","app":14.66,"app_bas":11.97,"app_haut":17.96,"app_ech":"commune","app_obs":131,"mai":9.49,"mai_bas":7.43,"mai_haut":12.13,"mai_ech":"commune","mai_obs":224,"a12":14.6,"a3":9.26},"geometry":{"type":"Polygon","coordinates":[[[3.1537,50.4359],[3.1775,50.4414],[3.199,50.4345],[3.2045,50.4276],[3.2144,50.4261],[3.2203,50.4143],[3.2131,50.4111],[3.1995,50.3946],[3.1892,50.3899],[3.1652,50.395],[3.1644,50.4019],[3.1577,50.4112],[3.1505,50.4131],[3.1523,50.4239],[3.1466,50.4367],[3.1537,50.4359]]]}},{"type":"Feature","properties":{"code":"59469","nom":"Pradelles","app":11.16,"app_bas":9.28,"app_haut":13.41,"app_ech":"maille","app_obs":5,"mai":9.21,"mai_bas":7.56,"mai_haut":11.23,"mai_ech":"maille","mai_obs":0,"a12":13.8,"a3":9.41},"geometry":{"type":"Polygon","coordinates":[[[2.604,50.7179],[2.594,50.7194],[2.5963,50.7258],[2.5934,50.7392],[2.5963,50.7453],[2.6115,50.7445],[2.6204,50.7406],[2.6221,50.7386],[2.6096,50.7371],[2.604,50.7179]]]}},{"type":"Feature","properties":{"code":"59475","nom":"Prouvy","app":11.4,"app_bas":9.14,"app_haut":14.21,"app_ech":"maille","app_obs":24,"mai":9.33,"mai_bas":7.26,"mai_haut":11.99,"mai_ech":"maille","mai_obs":85,"a12":13.61,"a3":7.95},"geometry":{"type":"Polygon","coordinates":[[[3.4382,50.3229],[3.4425,50.3237],[3.4569,50.3364],[3.4534,50.3456],[3.4567,50.3451],[3.4639,50.3377],[3.4642,50.3238],[3.4721,50.3212],[3.4727,50.3144],[3.4642,50.3094],[3.4482,50.3142],[3.4382,50.3229]]]}},{"type":"Feature","properties":{"code":"59345","nom":"Lewarde","app":11.46,"app_bas":8.73,"app_haut":15.04,"app_ech":"maille","app_obs":64,"mai":8.93,"mai_bas":7.16,"mai_haut":11.15,"mai_ech":"maille","mai_obs":52,"a12":12.21,"a3":9.03},"geometry":{"type":"Polygon","coordinates":[[[3.1848,50.3472],[3.1762,50.337],[3.1833,50.3261],[3.168,50.3275],[3.1623,50.3249],[3.1595,50.332],[3.1492,50.3367],[3.1599,50.3456],[3.1848,50.3472]]]}},{"type":"Feature","properties":{"code":"59371","nom":"Maisnil","app":13.64,"app_bas":11.29,"app_haut":16.48,"app_ech":"maille","app_obs":3,"mai":11.78,"mai_bas":9.3,"mai_haut":14.94,"mai_ech":"maille","mai_obs":16,"a12":17.89,"a3":11.8},"geometry":{"type":"Polygon","coordinates":[[[2.8753,50.6335],[2.8814,50.6227],[2.8913,50.6157],[2.8929,50.6107],[2.8797,50.6031],[2.8665,50.6183],[2.862,50.6275],[2.8753,50.6335]]]}},{"type":"Feature","properties":{"code":"59607","nom":"Vendegies-au-Bois","app":9.56,"app_bas":7.83,"app_haut":11.67,"app_ech":"maille","app_obs":0,"mai":8.54,"mai_bas":6.98,"mai_haut":10.45,"mai_ech":"maille","mai_obs":6,"a12":14.98,"a3":7.74},"geometry":{"type":"Polygon","coordinates":[[[3.5529,50.1839],[3.5559,50.1916],[3.565,50.1993],[3.5915,50.1877],[3.6021,50.174],[3.6107,50.1691],[3.6018,50.1629],[3.5897,50.1637],[3.5777,50.1601],[3.564,50.1667],[3.5586,50.1712],[3.5606,50.1734],[3.5529,50.1839]]]}},{"type":"Feature","properties":{"code":"59610","nom":"Verchain-Maugré","app":11.48,"app_bas":9.55,"app_haut":13.8,"app_ech":"maille","app_obs":1,"mai":7.95,"mai_bas":6.29,"mai_haut":10.06,"mai_ech":"maille","mai_obs":52,"a12":13.38,"a3":9.18},"geometry":{"type":"Polygon","coordinates":[[[3.476,50.2457],[3.4725,50.2507],[3.4568,50.2563],[3.4361,50.2588],[3.4302,50.2703],[3.4372,50.2771],[3.4462,50.2752],[3.4575,50.2781],[3.474,50.2755],[3.4804,50.2837],[3.4901,50.2771],[3.4791,50.2466],[3.476,50.2457]]]}},{"type":"Feature","properties":{"code":"59634","nom":"Wallon-Cappel","app":10.85,"app_bas":8.66,"app_haut":13.58,"app_ech":"maille","app_obs":12,"mai":9.21,"mai_bas":7.56,"mai_haut":11.23,"mai_ech":"maille","mai_obs":44,"a12":13.8,"a3":8.68},"geometry":{"type":"Polygon","coordinates":[[[2.4717,50.7387],[2.4884,50.7455],[2.4936,50.7302],[2.494,50.715],[2.4836,50.7098],[2.4682,50.721],[2.4717,50.7387]]]}},{"type":"Feature","properties":{"code":"59648","nom":"Wattignies","app":13.91,"app_bas":11.55,"app_haut":16.76,"app_ech":"commune","app_obs":1595,"mai":11.72,"mai_bas":9.1,"mai_haut":15.08,"mai_ech":"commune","mai_obs":232,"a12":15.78,"a3":12.52},"geometry":{"type":"Polygon","coordinates":[[[3.028,50.5922],[3.0359,50.5914],[3.0491,50.6008],[3.0546,50.6008],[3.0621,50.5967],[3.0655,50.5852],[3.0602,50.5847],[3.0426,50.5721],[3.0244,50.5794],[3.0124,50.5815],[3.0169,50.5875],[3.028,50.5922]]]}},{"type":"Feature","properties":{"code":"59043","nom":"Bailleul","app":12.5,"app_bas":10.4,"app_haut":15.03,"app_ech":"commune","app_obs":1602,"mai":9.67,"mai_bas":7.95,"mai_haut":11.76,"mai_ech":"commune","mai_obs":539,"a12":14.81,"a3":10.31},"geometry":{"type":"Polygon","coordinates":[[[2.6781,50.6947],[2.6768,50.6988],[2.6716,50.7063],[2.6771,50.7145],[2.6962,50.7197],[2.699,50.7272],[2.7076,50.7359],[2.7037,50.7475],[2.707,50.751],[2.7364,50.7603],[2.7435,50.7661],[2.7438,50.7711],[2.7543,50.7746],[2.7622,50.7708],[2.7584,50.7629],[2.766,50.7545],[2.7819,50.7511],[2.7818,50.7433],[2.7867,50.7338],[2.7957,50.7246],[2.8133,50.7169],[2.7955,50.7117],[2.7739,50.7136],[2.7606,50.7107],[2.7499,50.7051],[2.7331,50.7019],[2.7196,50.6961],[2.7216,50.69],[2.6965,50.6915],[2.6781,50.6947]]]}},{"type":"Feature","properties":{"code":"59173","nom":"Deûlémont","app":14,"app_bas":12.03,"app_haut":16.29,"app_ech":"maille","app_obs":7,"mai":11.29,"mai_bas":8.37,"mai_haut":15.24,"mai_ech":"maille","mai_obs":23,"a12":16.44,"a3":12.26},"geometry":{"type":"Polygon","coordinates":[[[2.9917,50.7374],[3.0077,50.7292],[2.9864,50.7146],[2.9675,50.7208],[2.9635,50.7157],[2.9668,50.7102],[2.954,50.7138],[2.9473,50.7242],[2.9372,50.7301],[2.9408,50.7332],[2.9401,50.7454],[2.9529,50.7384],[2.9618,50.74],[2.9741,50.7358],[2.9917,50.7374]]]}},{"type":"Feature","properties":{"code":"59238","nom":"Flines-lès-Mortagne","app":11.92,"app_bas":10.05,"app_haut":14.13,"app_ech":"maille","app_obs":7,"mai":8.74,"mai_bas":7.05,"mai_haut":10.83,"mai_ech":"maille","mai_obs":22,"a12":13.38,"a3":9.59},"geometry":{"type":"Polygon","coordinates":[[[3.4674,50.4983],[3.4615,50.5057],[3.4501,50.5072],[3.4537,50.5192],[3.474,50.5336],[3.488,50.5295],[3.5038,50.5296],[3.5194,50.5229],[3.5151,50.5119],[3.4963,50.4987],[3.5008,50.4873],[3.5074,50.4893],[3.498,50.4845],[3.4929,50.486],[3.4839,50.4946],[3.4674,50.4983]]]}},{"type":"Feature","properties":{"code":"59464","nom":"Poix-du-Nord","app":9.56,"app_bas":7.83,"app_haut":11.67,"app_ech":"maille","app_obs":14,"mai":7.63,"mai_bas":6.24,"mai_haut":9.35,"mai_ech":"commune","mai_obs":155,"a12":11.46,"a3":7.74},"geometry":{"type":"Polygon","coordinates":[[[3.6458,50.1724],[3.6343,50.1704],[3.627,50.1664],[3.6231,50.1727],[3.6107,50.1691],[3.6021,50.174],[3.5915,50.1877],[3.5994,50.1952],[3.6179,50.2068],[3.6248,50.2059],[3.6232,50.2031],[3.6282,50.1905],[3.6292,50.1821],[3.6421,50.1809],[3.6458,50.1724]]]}},{"type":"Feature","properties":{"code":"59485","nom":"Quiévy","app":9.45,"app_bas":7.78,"app_haut":11.48,"app_ech":"maille","app_obs":28,"mai":8.3,"mai_bas":6.78,"mai_haut":10.15,"mai_ech":"commune","mai_obs":100,"a12":11.46,"a3":7.95},"geometry":{"type":"Polygon","coordinates":[[[3.4433,50.1745],[3.4449,50.1699],[3.4334,50.1529],[3.409,50.1487],[3.4042,50.1512],[3.4007,50.1679],[3.4153,50.17],[3.4259,50.1775],[3.4433,50.1745]]]}},{"type":"Feature","properties":{"code":"59519","nom":"Rumegies","app":11.06,"app_bas":8.9,"app_haut":13.74,"app_ech":"maille","app_obs":17,"mai":10.77,"mai_bas":8.44,"mai_haut":13.74,"mai_ech":"maille","mai_obs":65,"a12":13.38,"a3":9.59},"geometry":{"type":"Polygon","coordinates":[[[3.3307,50.4993],[3.3347,50.5079],[3.3627,50.5031],[3.3773,50.491],[3.3653,50.48],[3.3551,50.4771],[3.3518,50.475],[3.3356,50.4868],[3.3307,50.4993]]]}},{"type":"Feature","properties":{"code":"59614","nom":"Viesly","app":9.45,"app_bas":7.78,"app_haut":11.48,"app_ech":"maille","app_obs":79,"mai":8.54,"mai_bas":6.98,"mai_haut":10.45,"mai_ech":"maille","mai_obs":95,"a12":11.46,"a3":7.95},"geometry":{"type":"Polygon","coordinates":[[[3.4428,50.1437],[3.4334,50.1529],[3.4449,50.1699],[3.4433,50.1745],[3.4497,50.1853],[3.4528,50.1852],[3.4647,50.1754],[3.4697,50.1684],[3.4671,50.1601],[3.4769,50.1577],[3.4716,50.1483],[3.4778,50.1414],[3.4731,50.1328],[3.4649,50.1311],[3.4542,50.1401],[3.4428,50.1437]]]}},{"type":"Feature","properties":{"code":"59665","nom":"Wylder","app":12.46,"app_bas":9.72,"app_haut":15.99,"app_ech":"maille","app_obs":35,"mai":9.29,"mai_bas":7.53,"mai_haut":11.46,"mai_ech":"maille","mai_obs":4,"a12":14.04,"a3":11.23},"geometry":{"type":"Polygon","coordinates":[[[2.494,50.9211],[2.4956,50.9058],[2.494,50.8987],[2.4835,50.9019],[2.4772,50.9138],[2.4778,50.9197],[2.494,50.9211]]]}},{"type":"Feature","properties":{"code":"59044","nom":"Baisieux","app":13.5,"app_bas":11.16,"app_haut":16.33,"app_ech":"commune","app_obs":300,"mai":12.16,"mai_bas":9.47,"mai_haut":15.63,"mai_ech":"commune","mai_obs":214,"a12":15.81,"a3":12.32},"geometry":{"type":"Polygon","coordinates":[[[3.2587,50.6282],[3.2613,50.6188],[3.2703,50.6108],[3.271,50.6055],[3.2545,50.6041],[3.2344,50.5951],[3.2217,50.5976],[3.2254,50.6089],[3.2149,50.6211],[3.2038,50.623],[3.2267,50.6209],[3.2587,50.6282]]]}},{"type":"Feature","properties":{"code":"59202","nom":"Erquinghem-Lys","app":13.19,"app_bas":10.95,"app_haut":15.89,"app_ech":"commune","app_obs":244,"mai":10.38,"mai_bas":8.4,"mai_haut":12.84,"mai_ech":"commune","mai_obs":140,"a12":15.86,"a3":11.65},"geometry":{"type":"Polygon","coordinates":[[[2.8098,50.6708],[2.8098,50.6752],[2.8174,50.6829],[2.835,50.6771],[2.8562,50.686],[2.8714,50.6814],[2.8613,50.6722],[2.8662,50.6612],[2.8597,50.6601],[2.8455,50.6523],[2.831,50.6607],[2.8213,50.6613],[2.8092,50.6694],[2.8098,50.6708]]]}},{"type":"Feature","properties":{"code":"59206","nom":"Escaudœuvres","app":10.34,"app_bas":8.66,"app_haut":12.34,"app_ech":"maille","app_obs":47,"mai":8.39,"mai_bas":6.85,"mai_haut":10.28,"mai_ech":"commune","mai_obs":144,"a12":12.21,"a3":8.58},"geometry":{"type":"Polygon","coordinates":[[[3.2709,50.2033],[3.2819,50.2037],[3.2899,50.2054],[3.2945,50.2003],[3.2964,50.1952],[3.2947,50.1839],[3.2809,50.181],[3.2525,50.184],[3.2492,50.1926],[3.2669,50.2031],[3.2709,50.2033]]]}},{"type":"Feature","properties":{"code":"59273","nom":"Gravelines","app":12.07,"app_bas":9.28,"app_haut":15.7,"app_ech":"commune","app_obs":634,"mai":10.2,"mai_bas":8.21,"mai_haut":12.67,"mai_ech":"commune","mai_obs":347,"a12":13.98,"a3":10.01},"geometry":{"type":"Polygon","coordinates":[[[2.1205,50.9919],[2.1097,51.0038],[2.1235,51.0142],[2.1415,51.0221],[2.1565,51.0196],[2.1673,51.0207],[2.1709,51.0133],[2.1608,51.0022],[2.1736,50.9992],[2.1803,50.9911],[2.1775,50.9846],[2.1647,50.9795],[2.1407,50.973],[2.1251,50.9701],[2.1213,50.9796],[2.1093,50.9842],[2.1101,50.9877],[2.1205,50.9919]]]}},{"type":"Feature","properties":{"code":"59322","nom":"Iwuy","app":9.86,"app_bas":8.27,"app_haut":11.75,"app_ech":"commune","app_obs":129,"mai":7.93,"mai_bas":6.6,"mai_haut":9.53,"mai_ech":"commune","mai_obs":217,"a12":13.38,"a3":8.58},"geometry":{"type":"Polygon","coordinates":[[[3.3095,50.2369],[3.3053,50.2417],[3.3047,50.2499],[3.3072,50.2476],[3.3243,50.2503],[3.3315,50.2561],[3.347,50.2498],[3.3469,50.2444],[3.3694,50.2247],[3.3625,50.2176],[3.3577,50.2188],[3.3447,50.2138],[3.3266,50.2154],[3.3232,50.2194],[3.3168,50.2321],[3.3095,50.2369]]]}},{"type":"Feature","properties":{"code":"59448","nom":"Oost-Cappel","app":12.46,"app_bas":9.72,"app_haut":15.99,"app_ech":"maille","app_obs":1,"mai":10.75,"mai_bas":8.26,"mai_haut":14,"mai_ech":"maille","mai_obs":12,"a12":14.04,"a3":11.23},"geometry":{"type":"Polygon","coordinates":[[[2.609,50.931],[2.59,50.9191],[2.5764,50.92],[2.5734,50.9375],[2.5929,50.9381],[2.6043,50.9363],[2.609,50.931]]]}},{"type":"Feature","properties":{"code":"59349","nom":"Ligny-en-Cambrésis","app":9.77,"app_bas":8.19,"app_haut":11.66,"app_ech":"maille","app_obs":60,"mai":7.48,"mai_bas":6.08,"mai_haut":9.2,"mai_ech":"commune","mai_obs":119,"a12":11.46,"a3":7.95},"geometry":{"type":"Polygon","coordinates":[[[3.3637,50.0925],[3.352,50.1064],[3.3557,50.1145],[3.3617,50.1164],[3.3838,50.1162],[3.3927,50.1133],[3.4033,50.1007],[3.3927,50.0869],[3.3869,50.0858],[3.3832,50.0883],[3.3637,50.0925]]]}},{"type":"Feature","properties":{"code":"59552","nom":"Sancourt","app":11.36,"app_bas":9.32,"app_haut":13.84,"app_ech":"maille","app_obs":0,"mai":8.32,"mai_bas":6.8,"mai_haut":10.17,"mai_ech":"maille","mai_obs":2,"a12":12.33,"a3":9.35},"geometry":{"type":"Polygon","coordinates":[[[3.1841,50.2262],[3.2004,50.2268],[3.1986,50.225],[3.2032,50.2097],[3.1981,50.1986],[3.1966,50.1985],[3.1814,50.2097],[3.1789,50.2191],[3.1841,50.2262]]]}},{"type":"Feature","properties":{"code":"59574","nom":"Somain","app":10.89,"app_bas":9.06,"app_haut":13.08,"app_ech":"commune","app_obs":978,"mai":9.15,"mai_bas":7.5,"mai_haut":11.17,"mai_ech":"commune","mai_obs":476,"a12":13.66,"a3":9.34},"geometry":{"type":"Polygon","coordinates":[[[3.2809,50.334],[3.2665,50.3421],[3.2569,50.345],[3.2569,50.3613],[3.2469,50.3682],[3.2504,50.3744],[3.2611,50.3738],[3.2685,50.3849],[3.2865,50.3808],[3.2944,50.3777],[3.292,50.3634],[3.2963,50.3519],[3.2952,50.3409],[3.2809,50.334]]]}},{"type":"Feature","properties":{"code":"59647","nom":"Watten","app":10.13,"app_bas":8.23,"app_haut":12.46,"app_ech":"commune","app_obs":149,"mai":8.52,"mai_bas":6.82,"mai_haut":10.64,"mai_ech":"commune","mai_obs":142,"a12":13.63,"a3":8.7},"geometry":{"type":"Polygon","coordinates":[[[2.2267,50.8078],[2.2134,50.8105],[2.2081,50.8381],[2.2203,50.8553],[2.2314,50.8511],[2.2466,50.8408],[2.2557,50.8398],[2.2325,50.824],[2.2181,50.8221],[2.2267,50.8078]]]}},{"type":"Feature","properties":{"code":"59059","nom":"Beaumont-en-Cambrésis","app":9.45,"app_bas":7.78,"app_haut":11.48,"app_ech":"maille","app_obs":0,"mai":7.26,"mai_bas":6.09,"mai_haut":8.64,"mai_ech":"maille","mai_obs":18,"a12":11.73,"a3":7.95},"geometry":{"type":"Polygon","coordinates":[[[3.4578,50.1114],[3.4506,50.1084],[3.4489,50.1159],[3.4405,50.1224],[3.444,50.1316],[3.4428,50.1437],[3.4542,50.1401],[3.4649,50.1311],[3.4555,50.1175],[3.4578,50.1114]]]}},{"type":"Feature","properties":{"code":"59073","nom":"Berthen","app":11.23,"app_bas":9.63,"app_haut":13.08,"app_ech":"maille","app_obs":13,"mai":9.21,"mai_bas":7.56,"mai_haut":11.23,"mai_ech":"maille","mai_obs":21,"a12":13.8,"a3":9.29},"geometry":{"type":"Polygon","coordinates":[[[2.6974,50.7657],[2.686,50.761],[2.678,50.7803],[2.6643,50.782],[2.6723,50.7894],[2.6901,50.7874],[2.7059,50.7796],[2.7068,50.7703],[2.6974,50.7657]]]}},{"type":"Feature","properties":{"code":"59101","nom":"Bousignies-sur-Roc","app":9.46,"app_bas":7.32,"app_haut":12.21,"app_ech":"maille","app_obs":2,"mai":7.42,"mai_bas":6.14,"mai_haut":8.97,"mai_ech":"maille","mai_obs":12,"a12":12.29,"a3":7.96},"geometry":{"type":"Polygon","coordinates":[[[4.1637,50.2573],[4.1685,50.2661],[4.1632,50.2719],[4.1503,50.2741],[4.1512,50.2781],[4.161,50.2847],[4.1627,50.2889],[4.1767,50.2844],[4.1754,50.2791],[4.1813,50.2745],[4.2032,50.2745],[4.2125,50.2681],[4.2219,50.257],[4.2207,50.2522],[4.2043,50.24],[4.1991,50.2405],[4.1973,50.2479],[4.1637,50.2573]]]}},{"type":"Feature","properties":{"code":"59191","nom":"Élincourt","app":9.08,"app_bas":7.53,"app_haut":10.96,"app_ech":"maille","app_obs":3,"mai":7.26,"mai_bas":6.09,"mai_haut":8.64,"mai_ech":"maille","mai_obs":11,"a12":11.73,"a3":7.32},"geometry":{"type":"Polygon","coordinates":[[[3.3946,50.0503],[3.3923,50.0398],[3.3984,50.0345],[3.3926,50.031],[3.3749,50.0364],[3.353,50.0359],[3.3502,50.0329],[3.3453,50.0382],[3.3483,50.0404],[3.356,50.058],[3.3495,50.0602],[3.3593,50.058],[3.3691,50.064],[3.376,50.0563],[3.3946,50.0503]]]}},{"type":"Feature","properties":{"code":"59270","nom":"Grand-Fayt","app":9.56,"app_bas":7.83,"app_haut":11.67,"app_ech":"maille","app_obs":0,"mai":6.86,"mai_bas":5.56,"mai_haut":8.45,"mai_ech":"maille","mai_obs":47,"a12":12.34,"a3":8.48},"geometry":{"type":"Polygon","coordinates":[[[3.7661,50.1077],[3.7771,50.1229],[3.7924,50.1251],[3.8054,50.1214],[3.811,50.128],[3.8139,50.1277],[3.826,50.1215],[3.8054,50.1009],[3.7933,50.0949],[3.7661,50.1077]]]}},{"type":"Feature","properties":{"code":"59524","nom":"Sainghin-en-Weppes","app":13,"app_bas":10.76,"app_haut":15.7,"app_ech":"commune","app_obs":290,"mai":10.25,"mai_bas":8.42,"mai_haut":12.49,"mai_ech":"commune","mai_obs":217,"a12":15.73,"a3":10.63},"geometry":{"type":"Polygon","coordinates":[[[2.887,50.5377],[2.8955,50.5444],[2.891,50.5518],[2.8774,50.5561],[2.8815,50.5631],[2.8845,50.5758],[2.9047,50.5794],[2.9169,50.5506],[2.9092,50.5484],[2.9012,50.5412],[2.9004,50.5353],[2.8979,50.5334],[2.887,50.533],[2.887,50.5377]]]}},{"type":"Feature","properties":{"code":"59377","nom":"Marcoing","app":10.44,"app_bas":8.63,"app_haut":12.64,"app_ech":"commune","app_obs":109,"mai":8.16,"mai_bas":6.47,"mai_haut":10.31,"mai_ech":"commune","mai_obs":103,"a12":12.05,"a3":8.65},"geometry":{"type":"Polygon","coordinates":[[[3.145,50.0896],[3.1435,50.0971],[3.1564,50.1072],[3.1487,50.1201],[3.1359,50.1205],[3.1467,50.1284],[3.1488,50.126],[3.1695,50.1314],[3.184,50.1288],[3.2043,50.1422],[3.2116,50.143],[3.2131,50.1246],[3.2003,50.1218],[3.1803,50.1111],[3.1787,50.098],[3.168,50.0868],[3.1607,50.0817],[3.1476,50.0841],[3.145,50.0896]]]}},{"type":"Feature","properties":{"code":"59557","nom":"Saultain","app":12.28,"app_bas":10.03,"app_haut":15.04,"app_ech":"commune","app_obs":197,"mai":11.76,"mai_bas":8.64,"mai_haut":16.01,"mai_ech":"commune","mai_obs":158,"a12":13.9,"a3":9.18},"geometry":{"type":"Polygon","coordinates":[[[3.566,50.3203],[3.5587,50.3306],[3.5669,50.3435],[3.5776,50.3518],[3.599,50.3422],[3.6093,50.34],[3.5941,50.3362],[3.5865,50.3216],[3.566,50.3203]]]}},{"type":"Feature","properties":{"code":"59582","nom":"Strazeele","app":11.16,"app_bas":9.28,"app_haut":13.41,"app_ech":"maille","app_obs":10,"mai":9.21,"mai_bas":7.56,"mai_haut":11.23,"mai_ech":"maille","mai_obs":56,"a12":13.8,"a3":9.41},"geometry":{"type":"Polygon","coordinates":[[[2.604,50.7179],[2.6096,50.7371],[2.6221,50.7386],[2.6326,50.7272],[2.6331,50.7079],[2.604,50.7179]]]}},{"type":"Feature","properties":{"code":"59061","nom":"Beaurepaire-sur-Sambre","app":9.66,"app_bas":7.79,"app_haut":11.98,"app_ech":"maille","app_obs":7,"mai":7.32,"mai_bas":6.07,"mai_haut":8.82,"mai_ech":"maille","mai_obs":3,"a12":10.74,"a3":7},"geometry":{"type":"Polygon","coordinates":[[[3.7752,50.0491],[3.7799,50.0529],[3.7829,50.062],[3.7773,50.0711],[3.7834,50.078],[3.8017,50.0832],[3.8088,50.0754],[3.7983,50.0599],[3.8023,50.0569],[3.8144,50.0559],[3.8219,50.0522],[3.8158,50.039],[3.7975,50.0484],[3.7779,50.046],[3.7752,50.0491]]]}},{"type":"Feature","properties":{"code":"59501","nom":"Rieulay","app":10.4,"app_bas":8.66,"app_haut":12.51,"app_ech":"maille","app_obs":2,"mai":9.58,"mai_bas":7.85,"mai_haut":11.7,"mai_ech":"maille","mai_obs":29,"a12":13.61,"a3":9.06},"geometry":{"type":"Polygon","coordinates":[[[3.24,50.3684],[3.2368,50.3761],[3.2494,50.3861],[3.2525,50.3944],[3.2563,50.3977],[3.2744,50.4041],[3.2827,50.3967],[3.2929,50.3971],[3.2965,50.3902],[3.2854,50.3895],[3.2865,50.3808],[3.2685,50.3849],[3.2611,50.3738],[3.2504,50.3744],[3.2469,50.3682],[3.24,50.3684]]]}},{"type":"Feature","properties":{"code":"59513","nom":"Roucourt","app":11.46,"app_bas":8.73,"app_haut":15.04,"app_ech":"maille","app_obs":27,"mai":9.45,"mai_bas":7.67,"mai_haut":11.64,"mai_ech":"maille","mai_obs":19,"a12":13.27,"a3":9.48},"geometry":{"type":"Polygon","coordinates":[[[3.1293,50.3256],[3.1358,50.3361],[3.1492,50.3367],[3.1595,50.332],[3.1623,50.3249],[3.1576,50.3175],[3.1568,50.3209],[3.1412,50.3196],[3.1293,50.3256]]]}},{"type":"Feature","properties":{"code":"59352","nom":"Linselles","app":14,"app_bas":12.04,"app_haut":16.28,"app_ech":"commune","app_obs":445,"mai":11.19,"mai_bas":8.47,"mai_haut":14.79,"mai_ech":"commune","mai_obs":292,"a12":15.37,"a3":12.45},"geometry":{"type":"Polygon","coordinates":[[[3.0634,50.7484],[3.0869,50.7551],[3.1046,50.7409],[3.1093,50.7312],[3.1019,50.7236],[3.0924,50.7295],[3.0858,50.7293],[3.0748,50.7204],[3.0658,50.7194],[3.0485,50.7232],[3.035,50.7318],[3.0399,50.7382],[3.0563,50.7407],[3.0634,50.7484]]]}},{"type":"Feature","properties":{"code":"59550","nom":"Salomé","app":11.84,"app_bas":9.82,"app_haut":14.28,"app_ech":"maille","app_obs":74,"mai":10.13,"mai_bas":8.17,"mai_haut":12.56,"mai_ech":"maille","mai_obs":96,"a12":14.67,"a3":9.48},"geometry":{"type":"Polygon","coordinates":[[[2.8522,50.5286],[2.826,50.5254],[2.8123,50.529],[2.8258,50.5368],[2.8216,50.544],[2.842,50.5506],[2.8621,50.5298],[2.8522,50.5286]]]}},{"type":"Feature","properties":{"code":"59581","nom":"Steenwerck","app":11.36,"app_bas":9.45,"app_haut":13.66,"app_ech":"commune","app_obs":128,"mai":9.68,"mai_bas":7.68,"mai_haut":12.21,"mai_ech":"commune","mai_obs":103,"a12":12.8,"a3":10.37},"geometry":{"type":"Polygon","coordinates":[[[2.7216,50.69],[2.7196,50.6961],[2.7331,50.7019],[2.7499,50.7051],[2.7606,50.7107],[2.7739,50.7136],[2.7955,50.7117],[2.8073,50.7052],[2.8107,50.699],[2.8089,50.6889],[2.8008,50.6831],[2.8,50.6772],[2.8098,50.6708],[2.8092,50.6694],[2.7944,50.6623],[2.7843,50.6653],[2.769,50.6637],[2.7595,50.6514],[2.7568,50.6518],[2.7444,50.6698],[2.7216,50.69]]]}},{"type":"Feature","properties":{"code":"59662","nom":"Winnezeele","app":11.23,"app_bas":9.63,"app_haut":13.08,"app_ech":"maille","app_obs":1,"mai":9.29,"mai_bas":7.53,"mai_haut":11.46,"mai_ech":"maille","mai_obs":48,"a12":14.04,"a3":11.23},"geometry":{"type":"Polygon","coordinates":[[[2.531,50.8481],[2.5395,50.8548],[2.5431,50.8667],[2.5502,50.8719],[2.5585,50.8615],[2.5665,50.8596],[2.5832,50.8666],[2.6073,50.8726],[2.6103,50.8621],[2.5992,50.8533],[2.5921,50.8533],[2.5724,50.8467],[2.5768,50.837],[2.5599,50.8283],[2.5443,50.8271],[2.5325,50.8323],[2.5285,50.8445],[2.531,50.8481]]]}},{"type":"Feature","properties":{"code":"59119","nom":"Buysscheure","app":11.28,"app_bas":9.27,"app_haut":13.72,"app_ech":"maille","app_obs":4,"mai":8.9,"mai_bas":7.02,"mai_haut":11.28,"mai_ech":"maille","mai_obs":25,"a12":13.63,"a3":8.7},"geometry":{"type":"Polygon","coordinates":[[[2.317,50.8],[2.3195,50.8012],[2.3161,50.8179],[2.3576,50.8148],[2.3598,50.8038],[2.3501,50.798],[2.3312,50.797],[2.3171,50.7927],[2.317,50.8]]]}},{"type":"Feature","properties":{"code":"59146","nom":"Chéreng","app":14.63,"app_bas":12.03,"app_haut":17.79,"app_ech":"maille","app_obs":39,"mai":12.91,"mai_bas":10.08,"mai_haut":16.53,"mai_ech":"maille","mai_obs":67,"a12":16.26,"a3":12},"geometry":{"type":"Polygon","coordinates":[[[3.1956,50.6114],[3.1968,50.6221],[3.2039,50.624],[3.2038,50.623],[3.2149,50.6211],[3.2254,50.6089],[3.2217,50.5976],[3.2025,50.6018],[3.1956,50.6114]]]}},{"type":"Feature","properties":{"code":"59185","nom":"Écaillon","app":11.21,"app_bas":9.25,"app_haut":13.57,"app_ech":"maille","app_obs":14,"mai":8.93,"mai_bas":7.16,"mai_haut":11.15,"mai_ech":"maille","mai_obs":42,"a12":13.74,"a3":9.03},"geometry":{"type":"Polygon","coordinates":[[[3.2142,50.3644],[3.2219,50.3615],[3.2331,50.3491],[3.2174,50.3421],[3.2132,50.3295],[3.2081,50.3299],[3.2045,50.3427],[3.2063,50.3569],[3.2142,50.3644]]]}},{"type":"Feature","properties":{"code":"59451","nom":"Orsinval","app":11.16,"app_bas":9.12,"app_haut":13.67,"app_ech":"maille","app_obs":4,"mai":11.23,"mai_bas":8.24,"mai_haut":15.29,"mai_ech":"maille","mai_obs":25,"a12":13.61,"a3":9.71},"geometry":{"type":"Polygon","coordinates":[[[3.6482,50.2769],[3.6511,50.2676],[3.6219,50.2646],[3.6101,50.2669],[3.6237,50.2767],[3.6364,50.2818],[3.6482,50.2769]]]}},{"type":"Feature","properties":{"code":"59358","nom":"Looberghe","app":10.43,"app_bas":8.51,"app_haut":12.79,"app_ech":"maille","app_obs":16,"mai":8.92,"mai_bas":7.18,"mai_haut":11.08,"mai_ech":"maille","mai_obs":31,"a12":13.63,"a3":8.7},"geometry":{"type":"Polygon","coordinates":[[[2.3137,50.9026],[2.2923,50.8927],[2.2742,50.8894],[2.2581,50.8949],[2.2512,50.8947],[2.2443,50.9039],[2.2416,50.9154],[2.2571,50.9339],[2.258,50.9383],[2.2946,50.9323],[2.2919,50.9302],[2.3109,50.9199],[2.3028,50.9097],[2.3137,50.9026]]]}},{"type":"Feature","properties":{"code":"59597","nom":"Tilloy-lez-Cambrai","app":10.34,"app_bas":8.66,"app_haut":12.34,"app_ech":"maille","app_obs":0,"mai":8.32,"mai_bas":6.8,"mai_haut":10.17,"mai_ech":"maille","mai_obs":26,"a12":12.33,"a3":8.58},"geometry":{"type":"Polygon","coordinates":[[[3.2294,50.194],[3.2244,50.1921],[3.207,50.1938],[3.1981,50.1986],[3.2032,50.2097],[3.208,50.2072],[3.2278,50.2067],[3.2294,50.194]]]}},{"type":"Feature","properties":{"code":"59089","nom":"Bollezeele","app":10.43,"app_bas":8.51,"app_haut":12.79,"app_ech":"maille","app_obs":69,"mai":8.92,"mai_bas":7.18,"mai_haut":11.08,"mai_ech":"maille","mai_obs":70,"a12":11.56,"a3":8.7},"geometry":{"type":"Polygon","coordinates":[[[2.2974,50.8796],[2.3167,50.8834],[2.339,50.881],[2.3545,50.8841],[2.3609,50.8753],[2.3801,50.8673],[2.3924,50.8558],[2.3838,50.8519],[2.3692,50.8554],[2.3317,50.8395],[2.3268,50.855],[2.3112,50.8573],[2.2974,50.8796]]]}},{"type":"Feature","properties":{"code":"59305","nom":"Herzeele","app":11.23,"app_bas":9.63,"app_haut":13.08,"app_ech":"maille","app_obs":18,"mai":9.58,"mai_bas":7.77,"mai_haut":11.8,"mai_ech":"commune","mai_obs":115,"a12":12.92,"a3":11.23},"geometry":{"type":"Polygon","coordinates":[[[2.5196,50.8637],[2.495,50.8735],[2.4947,50.8814],[2.5062,50.8891],[2.5068,50.8968],[2.5213,50.9044],[2.5461,50.8977],[2.5704,50.8976],[2.5502,50.8719],[2.5431,50.8667],[2.5395,50.8548],[2.531,50.8481],[2.5196,50.8637]]]}},{"type":"Feature","properties":{"code":"59459","nom":"Petite-Forêt","app":11.19,"app_bas":9.07,"app_haut":13.8,"app_ech":"commune","app_obs":146,"mai":9.48,"mai_bas":7.38,"mai_haut":12.18,"mai_ech":"commune","mai_obs":141,"a12":13.04,"a3":8.53},"geometry":{"type":"Polygon","coordinates":[[[3.4711,50.3625],[3.4609,50.3734],[3.4611,50.3813],[3.4735,50.3898],[3.4955,50.3739],[3.4902,50.369],[3.4771,50.3622],[3.4711,50.3625]]]}},{"type":"Feature","properties":{"code":"59434","nom":"Nivelle","app":11.06,"app_bas":8.9,"app_haut":13.74,"app_ech":"maille","app_obs":5,"mai":9.38,"mai_bas":7.41,"mai_haut":11.88,"mai_ech":"maille","mai_obs":61,"a12":14.6,"a3":9.59},"geometry":{"type":"Polygon","coordinates":[[[3.4643,50.4775],[3.4784,50.472],[3.4959,50.4591],[3.4807,50.458],[3.459,50.4631],[3.4357,50.4622],[3.4353,50.4783],[3.4643,50.4775]]]}},{"type":"Feature","properties":{"code":"59439","nom":"Noyelles-sur-Sambre","app":9.56,"app_bas":7.83,"app_haut":11.67,"app_ech":"maille","app_obs":0,"mai":7.32,"mai_bas":6.07,"mai_haut":8.82,"mai_ech":"maille","mai_obs":6,"a12":12.29,"a3":8.48},"geometry":{"type":"Polygon","coordinates":[[[3.8104,50.172],[3.8209,50.1695],[3.8223,50.1634],[3.8186,50.163],[3.7987,50.1509],[3.7834,50.1444],[3.7773,50.1591],[3.7724,50.1602],[3.7759,50.1621],[3.779,50.1698],[3.7913,50.1727],[3.8104,50.172]]]}},{"type":"Feature","properties":{"code":"59541","nom":"Saint-Python","app":9.45,"app_bas":7.78,"app_haut":11.48,"app_ech":"maille","app_obs":2,"mai":8.54,"mai_bas":6.98,"mai_haut":10.45,"mai_ech":"maille","mai_obs":65,"a12":11.46,"a3":7.95},"geometry":{"type":"Polygon","coordinates":[[[3.4528,50.1852],[3.4565,50.1941],[3.4559,50.2024],[3.4701,50.2051],[3.5008,50.2052],[3.4981,50.1961],[3.487,50.1866],[3.4647,50.1754],[3.4528,50.1852]]]}},{"type":"Feature","properties":{"code":"59578","nom":"Steenbecque","app":10.7,"app_bas":8.87,"app_haut":12.9,"app_ech":"maille","app_obs":51,"mai":7.91,"mai_bas":6.56,"mai_haut":9.53,"mai_ech":"maille","mai_obs":40,"a12":14.04,"a3":8.52},"geometry":{"type":"Polygon","coordinates":[[[2.4576,50.6676],[2.4635,50.697],[2.4823,50.6957],[2.4898,50.6879],[2.5022,50.6871],[2.5221,50.6777],[2.5277,50.6713],[2.4935,50.6595],[2.4696,50.6696],[2.4576,50.6676]]]}},{"type":"Feature","properties":{"code":"59658","nom":"Wicres","app":12.42,"app_bas":10.38,"app_haut":14.87,"app_ech":"maille","app_obs":0,"mai":10.72,"mai_bas":8.81,"mai_haut":13.06,"mai_ech":"maille","mai_obs":41,"a12":14.69,"a3":9.66},"geometry":{"type":"Polygon","coordinates":[[[2.849,50.5649],[2.8746,50.5795],[2.8845,50.5758],[2.8815,50.5631],[2.8612,50.5657],[2.855,50.5588],[2.849,50.5649]]]}},{"type":"Feature","properties":{"code":"59100","nom":"Bousignies","app":12.64,"app_bas":10.2,"app_haut":15.67,"app_ech":"maille","app_obs":1,"mai":10.77,"mai_bas":8.44,"mai_haut":13.74,"mai_ech":"maille","mai_obs":11,"a12":13.07,"a3":11.75},"geometry":{"type":"Polygon","coordinates":[[[3.351,50.4206],[3.3407,50.4254],[3.3421,50.435],[3.3559,50.4402],[3.3628,50.4365],[3.3723,50.4335],[3.3736,50.4292],[3.3631,50.423],[3.351,50.4206]]]}},{"type":"Feature","properties":{"code":"59118","nom":"Busigny","app":8.9,"app_bas":7.37,"app_haut":10.74,"app_ech":"commune","app_obs":100,"mai":6.91,"mai_bas":5.64,"mai_haut":8.45,"mai_ech":"commune","mai_obs":102,"a12":11.73,"a3":8.06},"geometry":{"type":"Polygon","coordinates":[[[3.5065,50.034],[3.5016,50.0276],[3.4901,50.019],[3.4471,50.0224],[3.4282,50.0221],[3.4285,50.0248],[3.4376,50.0316],[3.4394,50.0493],[3.4496,50.0539],[3.444,50.0609],[3.4498,50.0643],[3.4555,50.0601],[3.4742,50.0555],[3.4828,50.0564],[3.4867,50.052],[3.4862,50.0438],[3.4939,50.0372],[3.5071,50.0358],[3.5065,50.034]]]}},{"type":"Feature","properties":{"code":"59212","nom":"Estaires","app":11.25,"app_bas":9.33,"app_haut":13.55,"app_ech":"commune","app_obs":405,"mai":8.67,"mai_bas":7.13,"mai_haut":10.54,"mai_ech":"commune","mai_obs":257,"a12":13.09,"a3":9.8},"geometry":{"type":"Polygon","coordinates":[[[2.6912,50.64],[2.6875,50.6654],[2.7143,50.6654],[2.732,50.6706],[2.7379,50.6764],[2.7444,50.6698],[2.7568,50.6518],[2.7595,50.6514],[2.7508,50.6429],[2.7257,50.6427],[2.7172,50.6405],[2.6912,50.64]]]}},{"type":"Feature","properties":{"code":"59258","nom":"Genech","app":15.02,"app_bas":12.1,"app_haut":18.65,"app_ech":"commune","app_obs":355,"mai":12.28,"mai_bas":9.78,"mai_haut":15.43,"mai_ech":"commune","mai_obs":162,"a12":17.28,"a3":11.84},"geometry":{"type":"Polygon","coordinates":[[[3.2522,50.5243],[3.2389,50.5206],[3.2064,50.5165],[3.1988,50.5326],[3.2014,50.5406],[3.2132,50.5396],[3.2198,50.5442],[3.2342,50.5366],[3.2528,50.5292],[3.2522,50.5243]]]}},{"type":"Feature","properties":{"code":"59361","nom":"Lourches","app":10.2,"app_bas":8.35,"app_haut":12.45,"app_ech":"commune","app_obs":131,"mai":8.4,"mai_bas":6.75,"mai_haut":10.46,"mai_ech":"commune","mai_obs":208,"a12":13.74,"a3":8.58},"geometry":{"type":"Polygon","coordinates":[[[3.35,50.3017],[3.3467,50.3069],[3.3433,50.3152],[3.3595,50.3195],[3.3652,50.318],[3.3725,50.3109],[3.3673,50.3046],[3.3642,50.3063],[3.35,50.3017]]]}},{"type":"Feature","properties":{"code":"59415","nom":"Montrécourt","app":11.48,"app_bas":9.55,"app_haut":13.8,"app_ech":"maille","app_obs":0,"mai":7.95,"mai_bas":6.29,"mai_haut":10.06,"mai_ech":"maille","mai_obs":9,"a12":13.38,"a3":8.44},"geometry":{"type":"Polygon","coordinates":[[[3.4446,50.213],[3.4318,50.2133],[3.43,50.2225],[3.4495,50.2361],[3.4647,50.2426],[3.4687,50.237],[3.4455,50.2214],[3.4446,50.213]]]}},{"type":"Feature","properties":{"code":"59430","nom":"Neuvilly","app":9.08,"app_bas":7.44,"app_haut":11.09,"app_ech":"maille","app_obs":9,"mai":7.5,"mai_bas":6.16,"mai_haut":9.14,"mai_ech":"commune","mai_obs":115,"a12":11.73,"a3":7.95},"geometry":{"type":"Polygon","coordinates":[[[3.5135,50.1537],[3.546,50.1415],[3.5479,50.1367],[3.5279,50.1267],[3.5096,50.1233],[3.4983,50.1134],[3.4875,50.1165],[3.4812,50.1333],[3.4868,50.1443],[3.5015,50.1481],[3.5135,50.1537]]]}},{"type":"Feature","properties":{"code":"59620","nom":"Villers-au-Tertre","app":11.46,"app_bas":8.73,"app_haut":15.04,"app_ech":"maille","app_obs":1,"mai":9.45,"mai_bas":7.67,"mai_haut":11.64,"mai_ech":"maille","mai_obs":27,"a12":13.12,"a3":9.48},"geometry":{"type":"Polygon","coordinates":[[[3.1887,50.3097],[3.1929,50.3095],[3.1948,50.2976],[3.1879,50.2918],[3.1775,50.2888],[3.1574,50.3052],[3.1542,50.3035],[3.1538,50.3086],[3.1633,50.3112],[3.1887,50.3097]]]}},{"type":"Feature","properties":{"code":"59186","nom":"Eccles","app":9.47,"app_bas":7.78,"app_haut":11.53,"app_ech":"maille","app_obs":1,"mai":7.12,"mai_bas":5.84,"mai_haut":8.69,"mai_ech":"maille","mai_obs":14,"a12":12.29,"a3":7.54},"geometry":{"type":"Polygon","coordinates":[[[4.0914,50.207],[4.102,50.2105],[4.1165,50.2059],[4.1165,50.2008],[4.1107,50.1992],[4.1025,50.1904],[4.0857,50.1876],[4.0785,50.1887],[4.0877,50.1971],[4.0914,50.207]]]}},{"type":"Feature","properties":{"code":"59193","nom":"Emmerin","app":13.6,"app_bas":11.55,"app_haut":16.02,"app_ech":"commune","app_obs":120,"mai":11.46,"mai_bas":8.9,"mai_haut":14.75,"mai_ech":"maille","mai_obs":52,"a12":16.12,"a3":12.57},"geometry":{"type":"Polygon","coordinates":[[[3.0111,50.6019],[3.026,50.5957],[3.028,50.5922],[3.0169,50.5875],[3.0099,50.5781],[2.9894,50.582],[2.9875,50.5964],[3.0032,50.6015],[3.0111,50.6019]]]}},{"type":"Feature","properties":{"code":"59196","nom":"Ennetières-en-Weppes","app":13.58,"app_bas":11.51,"app_haut":16.02,"app_ech":"maille","app_obs":43,"mai":11.78,"mai_bas":9.3,"mai_haut":14.94,"mai_ech":"maille","mai_obs":24,"a12":17.89,"a3":12.65},"geometry":{"type":"Polygon","coordinates":[[[2.9292,50.6589],[2.9345,50.6552],[2.9526,50.6482],[2.9588,50.6405],[2.9704,50.6395],[2.97,50.6337],[2.9413,50.6269],[2.9226,50.6255],[2.9084,50.637],[2.8919,50.6439],[2.8959,50.6499],[2.9111,50.6481],[2.9292,50.6589]]]}},{"type":"Feature","properties":{"code":"59198","nom":"Eppe-Sauvage","app":9.46,"app_bas":7.32,"app_haut":12.21,"app_ech":"maille","app_obs":3,"mai":7.12,"mai_bas":5.84,"mai_haut":8.69,"mai_ech":"maille","mai_obs":2,"a12":12.29,"a3":7.96},"geometry":{"type":"Polygon","coordinates":[[[4.1269,50.1349],[4.1437,50.129],[4.1524,50.1289],[4.1575,50.1355],[4.1798,50.1336],[4.1917,50.1346],[4.1999,50.1311],[4.2032,50.1149],[4.1977,50.1094],[4.1892,50.1058],[4.1716,50.0939],[4.1556,50.104],[4.1591,50.1091],[4.1467,50.1134],[4.1333,50.1129],[4.1167,50.1239],[4.1215,50.13],[4.1269,50.1349]]]}},{"type":"Feature","properties":{"code":"59208","nom":"Escobecques","app":14.56,"app_bas":11.16,"app_haut":19,"app_ech":"maille","app_obs":0,"mai":11.78,"mai_bas":9.3,"mai_haut":14.94,"mai_ech":"maille","mai_obs":6,"a12":17.89,"a3":12.87},"geometry":{"type":"Polygon","coordinates":[[[2.9386,50.6155],[2.9202,50.6174],[2.9226,50.6255],[2.9413,50.6269],[2.9413,50.6254],[2.9448,50.6208],[2.9386,50.6155]]]}},{"type":"Feature","properties":{"code":"59223","nom":"Favril","app":9.08,"app_bas":7.44,"app_haut":11.09,"app_ech":"maille","app_obs":5,"mai":6.86,"mai_bas":5.56,"mai_haut":8.45,"mai_ech":"maille","mai_obs":40,"a12":11.46,"a3":7.74},"geometry":{"type":"Polygon","coordinates":[[[3.6963,50.0895],[3.7055,50.0875],[3.7133,50.115],[3.7238,50.1211],[3.739,50.1115],[3.7514,50.1001],[3.7375,50.0941],[3.7301,50.0842],[3.7213,50.0778],[3.7152,50.0693],[3.7104,50.0665],[3.6947,50.0797],[3.6893,50.0815],[3.6963,50.0895]]]}},{"type":"Feature","properties":{"code":"59241","nom":"Floyon","app":9.66,"app_bas":7.79,"app_haut":11.98,"app_ech":"maille","app_obs":1,"mai":6.86,"mai_bas":5.56,"mai_haut":8.45,"mai_ech":"maille","mai_obs":44,"a12":12.29,"a3":7.96},"geometry":{"type":"Polygon","coordinates":[[[3.9229,50.0263],[3.9034,50.018],[3.8925,50.0096],[3.8873,50.0097],[3.8869,50.0238],[3.8783,50.0279],[3.8842,50.032],[3.875,50.0366],[3.8472,50.0408],[3.8371,50.0478],[3.8578,50.0596],[3.8744,50.0662],[3.9051,50.0501],[3.9179,50.038],[3.9229,50.0263]]]}},{"type":"Feature","properties":{"code":"59381","nom":"Maresches","app":10.53,"app_bas":8.35,"app_haut":13.28,"app_ech":"maille","app_obs":35,"mai":11.23,"mai_bas":8.24,"mai_haut":15.29,"mai_ech":"maille","mai_obs":26,"a12":14.98,"a3":9.18},"geometry":{"type":"Polygon","coordinates":[[[3.5889,50.3036],[3.5965,50.2981],[3.5872,50.2815],[3.5685,50.2884],[3.5552,50.2895],[3.5562,50.2994],[3.5706,50.3022],[3.5847,50.3014],[3.5889,50.3036]]]}},{"type":"Feature","properties":{"code":"59622","nom":"Villers-en-Cauchies","app":9.45,"app_bas":7.78,"app_haut":11.48,"app_ech":"maille","app_obs":12,"mai":8.54,"mai_bas":6.87,"mai_haut":10.63,"mai_ech":"maille","mai_obs":82,"a12":13.38,"a3":8.44},"geometry":{"type":"Polygon","coordinates":[[[3.3625,50.2176],[3.3694,50.2247],[3.3952,50.2432],[3.4086,50.2413],[3.4143,50.2385],[3.4199,50.23],[3.4212,50.2223],[3.4202,50.2197],[3.396,50.2143],[3.3913,50.2105],[3.3805,50.2136],[3.3769,50.2182],[3.3625,50.2176]]]}},{"type":"Feature","properties":{"code":"59629","nom":"Vred","app":11.21,"app_bas":9.25,"app_haut":13.57,"app_ech":"maille","app_obs":3,"mai":9.87,"mai_bas":7.93,"mai_haut":12.29,"mai_ech":"maille","mai_obs":20,"a12":14.6,"a3":9.06},"geometry":{"type":"Polygon","coordinates":[[[3.2115,50.3903],[3.209,50.3967],[3.2311,50.4021],[3.2525,50.3944],[3.2494,50.3861],[3.2181,50.3908],[3.2115,50.3903]]]}},{"type":"Feature","properties":{"code":"59027","nom":"Aubry-du-Hainaut","app":10.81,"app_bas":8.77,"app_haut":13.32,"app_ech":"maille","app_obs":1,"mai":8.81,"mai_bas":7.15,"mai_haut":10.86,"mai_ech":"maille","mai_obs":47,"a12":13.21,"a3":8.53},"geometry":{"type":"Polygon","coordinates":[[[3.4338,50.3788],[3.4351,50.3857],[3.4498,50.3934],[3.4491,50.3846],[3.4611,50.3813],[3.4609,50.3734],[3.4711,50.3625],[3.4682,50.3579],[3.4573,50.3617],[3.4449,50.3729],[3.4338,50.3788]]]}},{"type":"Feature","properties":{"code":"59086","nom":"Boeschepe","app":11.23,"app_bas":9.63,"app_haut":13.08,"app_ech":"maille","app_obs":23,"mai":9.43,"mai_bas":7.51,"mai_haut":11.85,"mai_ech":"maille","mai_obs":36,"a12":14.04,"a3":9.29},"geometry":{"type":"Polygon","coordinates":[[[2.7059,50.7796],[2.6901,50.7874],[2.6723,50.7894],[2.6676,50.7993],[2.6682,50.8137],[2.6623,50.8163],[2.669,50.8225],[2.6862,50.8134],[2.7175,50.8136],[2.7256,50.8086],[2.7219,50.8016],[2.7267,50.7924],[2.7386,50.7806],[2.7223,50.7827],[2.7059,50.7796]]]}},{"type":"Feature","properties":{"code":"59131","nom":"Cappelle-la-Grande","app":11.57,"app_bas":9.38,"app_haut":14.27,"app_ech":"maille","app_obs":32,"mai":11.59,"mai_bas":9.24,"mai_haut":14.55,"mai_ech":"maille","mai_obs":63,"a12":13.63,"a3":9.84},"geometry":{"type":"Polygon","coordinates":[[[2.3508,51.0007],[2.3682,51.0113],[2.3913,50.998],[2.3758,50.9815],[2.3551,50.9902],[2.3508,51.0007]]]}},{"type":"Feature","properties":{"code":"59189","nom":"Eecke","app":11.23,"app_bas":9.63,"app_haut":13.08,"app_ech":"maille","app_obs":25,"mai":9.21,"mai_bas":7.56,"mai_haut":11.23,"mai_ech":"maille","mai_obs":28,"a12":14.04,"a3":9.41},"geometry":{"type":"Polygon","coordinates":[[[2.5892,50.7915],[2.5965,50.7931],[2.6098,50.8025],[2.6171,50.7953],[2.6157,50.7836],[2.6244,50.7776],[2.6225,50.7704],[2.5973,50.7617],[2.5752,50.7693],[2.5703,50.7809],[2.5784,50.7884],[2.5892,50.7915]]]}},{"type":"Feature","properties":{"code":"59225","nom":"Feignies","app":10.53,"app_bas":8.38,"app_haut":13.24,"app_ech":"commune","app_obs":155,"mai":7.79,"mai_bas":6.32,"mai_haut":9.61,"mai_ech":"commune","mai_obs":175,"a12":13.44,"a3":8.48},"geometry":{"type":"Polygon","coordinates":[[[3.9188,50.3166],[3.9376,50.307],[3.9437,50.299],[3.9421,50.2928],[3.9323,50.2869],[3.9331,50.2771],[3.9133,50.2744],[3.9127,50.269],[3.9015,50.2699],[3.8941,50.2644],[3.8827,50.2719],[3.8865,50.2749],[3.8918,50.2899],[3.8817,50.2988],[3.8757,50.3141],[3.8783,50.3162],[3.9105,50.3173],[3.9188,50.3166]]]}},{"type":"Feature","properties":{"code":"59251","nom":"Frasnoy","app":11.16,"app_bas":9.12,"app_haut":13.67,"app_ech":"maille","app_obs":2,"mai":8.55,"mai_bas":6.76,"mai_haut":10.8,"mai_ech":"maille","mai_obs":1,"a12":13.61,"a3":9.71},"geometry":{"type":"Polygon","coordinates":[[[3.6664,50.2605],[3.6528,50.2661],[3.6511,50.2676],[3.6482,50.2769],[3.652,50.2863],[3.6704,50.2901],[3.6745,50.2798],[3.6897,50.2681],[3.6664,50.2605]]]}},{"type":"Feature","properties":{"code":"59306","nom":"Hestrud","app":9.46,"app_bas":7.32,"app_haut":12.21,"app_ech":"maille","app_obs":5,"mai":7.42,"mai_bas":6.14,"mai_haut":8.97,"mai_ech":"maille","mai_obs":4,"a12":12.29,"a3":7.96},"geometry":{"type":"Polygon","coordinates":[[[4.1227,50.1949],[4.1199,50.2073],[4.127,50.2134],[4.1467,50.2181],[4.1509,50.2134],[4.1528,50.207],[4.1601,50.2025],[4.1562,50.1928],[4.1539,50.1949],[4.1318,50.1895],[4.1227,50.1949]]]}},{"type":"Feature","properties":{"code":"59447","nom":"Onnaing","app":11.13,"app_bas":9.25,"app_haut":13.41,"app_ech":"commune","app_obs":254,"mai":8.42,"mai_bas":6.76,"mai_haut":10.49,"mai_ech":"commune","mai_obs":370,"a12":12.82,"a3":9.45},"geometry":{"type":"Polygon","coordinates":[[[3.5804,50.4106],[3.5887,50.4099],[3.5998,50.4052],[3.6086,50.4046],[3.6045,50.3979],[3.6117,50.3941],[3.6173,50.3815],[3.6297,50.3733],[3.6157,50.3621],[3.605,50.3621],[3.5966,50.3655],[3.5768,50.3851],[3.5646,50.4048],[3.5804,50.4106]]]}},{"type":"Feature","properties":{"code":"59369","nom":"Maing","app":11.58,"app_bas":9.56,"app_haut":14.04,"app_ech":"commune","app_obs":228,"mai":9.4,"mai_bas":7.54,"mai_haut":11.7,"mai_ech":"commune","mai_obs":169,"a12":13.63,"a3":9.18},"geometry":{"type":"Polygon","coordinates":[[[3.4613,50.2948],[3.4668,50.3078],[3.4642,50.3094],[3.4727,50.3144],[3.4974,50.3249],[3.5104,50.3212],[3.5058,50.3154],[3.5157,50.3031],[3.5141,50.2972],[3.509,50.2908],[3.4959,50.2935],[3.4941,50.2853],[3.4824,50.2846],[3.4613,50.2948]]]}},{"type":"Feature","properties":{"code":"59403","nom":"Millonfosse","app":11.06,"app_bas":8.9,"app_haut":13.74,"app_ech":"maille","app_obs":2,"mai":9.87,"mai_bas":7.93,"mai_haut":12.29,"mai_ech":"maille","mai_obs":9,"a12":14.6,"a3":9.59},"geometry":{"type":"Polygon","coordinates":[[[3.3522,50.4165],[3.351,50.4206],[3.3631,50.423],[3.3736,50.4292],[3.3723,50.4335],[3.3628,50.4365],[3.386,50.44],[3.4054,50.4283],[3.3967,50.4285],[3.3754,50.4254],[3.3604,50.4165],[3.3522,50.4165]]]}},{"type":"Feature","properties":{"code":"59420","nom":"Moustier-en-Fagne","app":9.46,"app_bas":7.32,"app_haut":12.21,"app_ech":"maille","app_obs":0,"mai":7.12,"mai_bas":5.84,"mai_haut":8.69,"mai_ech":"maille","mai_obs":0,"a12":12.29,"a3":7.96},"geometry":{"type":"Polygon","coordinates":[[[4.1926,50.0807],[4.1808,50.0789],[4.1716,50.0939],[4.1892,50.1058],[4.1977,50.1094],[4.2014,50.1015],[4.2164,50.0911],[4.2275,50.0797],[4.2103,50.0791],[4.2011,50.082],[4.1926,50.0807]]]}},{"type":"Feature","properties":{"code":"59556","nom":"Sassegnies","app":9.56,"app_bas":7.83,"app_haut":11.67,"app_ech":"maille","app_obs":3,"mai":7.32,"mai_bas":6.07,"mai_haut":8.82,"mai_ech":"maille","mai_obs":5,"a12":12.34,"a3":7.74},"geometry":{"type":"Polygon","coordinates":[[[3.7759,50.1621],[3.7702,50.1673],[3.7832,50.1749],[3.7862,50.18],[3.7826,50.1854],[3.7865,50.1891],[3.7989,50.1868],[3.8136,50.1869],[3.8191,50.1804],[3.8104,50.172],[3.7913,50.1727],[3.779,50.1698],[3.7759,50.1621]]]}},{"type":"Feature","properties":{"code":"59108","nom":"Briastre","app":9.08,"app_bas":7.53,"app_haut":10.96,"app_ech":"maille","app_obs":10,"mai":8.54,"mai_bas":6.98,"mai_haut":10.45,"mai_ech":"maille","mai_obs":35,"a12":11.46,"a3":7.95},"geometry":{"type":"Polygon","coordinates":[[[3.4697,50.1684],[3.4882,50.1693],[3.5027,50.164],[3.5135,50.1537],[3.5015,50.1481],[3.4868,50.1443],[3.4812,50.1333],[3.4731,50.1328],[3.4778,50.1414],[3.4716,50.1483],[3.4769,50.1577],[3.4671,50.1601],[3.4697,50.1684]]]}},{"type":"Feature","properties":{"code":"59110","nom":"Brouckerque","app":12.44,"app_bas":9.64,"app_haut":16.04,"app_ech":"maille","app_obs":20,"mai":8.92,"mai_bas":7.18,"mai_haut":11.08,"mai_ech":"maille","mai_obs":43,"a12":13.63,"a3":11.4},"geometry":{"type":"Polygon","coordinates":[[[2.2646,50.9553],[2.2696,50.9592],[2.284,50.9758],[2.3189,50.9548],[2.3039,50.9387],[2.2946,50.9323],[2.258,50.9383],[2.2566,50.9406],[2.2646,50.9553]]]}},{"type":"Feature","properties":{"code":"59022","nom":"Attiches","app":12.49,"app_bas":10.24,"app_haut":15.24,"app_ech":"maille","app_obs":10,"mai":10.29,"mai_bas":8.08,"mai_haut":13.11,"mai_ech":"maille","mai_obs":56,"a12":15.16,"a3":10.94},"geometry":{"type":"Polygon","coordinates":[[[3.0393,50.5182],[3.0475,50.5274],[3.0631,50.531],[3.0658,50.525],[3.0797,50.5196],[3.0818,50.5145],[3.0765,50.5095],[3.0778,50.4957],[3.0708,50.4883],[3.0706,50.4969],[3.0534,50.5087],[3.0448,50.5106],[3.0393,50.5182]]]}},{"type":"Feature","properties":{"code":"59335","nom":"Lecelles","app":11.06,"app_bas":8.9,"app_haut":13.74,"app_ech":"maille","app_obs":58,"mai":10.77,"mai_bas":8.44,"mai_haut":13.74,"mai_ech":"maille","mai_obs":78,"a12":13.38,"a3":9.59},"geometry":{"type":"Polygon","coordinates":[[[3.4357,50.4622],[3.424,50.4557],[3.4134,50.4587],[3.3899,50.4582],[3.3807,50.4544],[3.3778,50.4607],[3.3674,50.4728],[3.3593,50.4722],[3.3551,50.4771],[3.3653,50.48],[3.3773,50.491],[3.3893,50.4965],[3.4056,50.4988],[3.4107,50.4913],[3.4027,50.4867],[3.4206,50.4827],[3.4323,50.4852],[3.4353,50.4783],[3.4357,50.4622]]]}},{"type":"Feature","properties":{"code":"59366","nom":"Lynde","app":10.85,"app_bas":8.66,"app_haut":13.58,"app_ech":"maille","app_obs":1,"mai":8.89,"mai_bas":7.29,"mai_haut":10.84,"mai_ech":"maille","mai_obs":15,"a12":14.04,"a3":9.41},"geometry":{"type":"Polygon","coordinates":[[[2.4492,50.7377],[2.4647,50.7351],[2.4716,50.7382],[2.4683,50.7216],[2.4546,50.7213],[2.447,50.7168],[2.428,50.7013],[2.4182,50.7021],[2.3977,50.7077],[2.4047,50.7176],[2.4414,50.7287],[2.4492,50.7377]]]}},{"type":"Feature","properties":{"code":"59626","nom":"Villers-Pol","app":11.16,"app_bas":9.12,"app_haut":13.67,"app_ech":"maille","app_obs":29,"mai":11.23,"mai_bas":8.24,"mai_haut":15.29,"mai_ech":"maille","mai_obs":50,"a12":14.98,"a3":9.71},"geometry":{"type":"Polygon","coordinates":[[[3.5889,50.3036],[3.5903,50.3071],[3.6016,50.3123],[3.6069,50.3105],[3.6174,50.3031],[3.6366,50.298],[3.652,50.2863],[3.6482,50.2769],[3.6364,50.2818],[3.6237,50.2767],[3.6101,50.2669],[3.5899,50.279],[3.5852,50.2794],[3.5872,50.2815],[3.5965,50.2981],[3.5889,50.3036]]]}},{"type":"Feature","properties":{"code":"59652","nom":"Wavrechain-sous-Faulx","app":11.36,"app_bas":9.32,"app_haut":13.84,"app_ech":"maille","app_obs":0,"mai":8.49,"mai_bas":6.86,"mai_haut":10.51,"mai_ech":"maille","mai_obs":10,"a12":12.21,"a3":9.48},"geometry":{"type":"Polygon","coordinates":[[[3.2946,50.2803],[3.2941,50.2748],[3.2861,50.2637],[3.2826,50.252],[3.2778,50.2516],[3.2707,50.2592],[3.278,50.2638],[3.2769,50.2707],[3.2682,50.2781],[3.2801,50.2854],[3.2867,50.2853],[3.2946,50.2803]]]}},{"type":"Feature","properties":{"code":"59184","nom":"Ebblinghem","app":10.85,"app_bas":8.66,"app_haut":13.58,"app_ech":"maille","app_obs":6,"mai":8.89,"mai_bas":7.29,"mai_haut":10.84,"mai_ech":"maille","mai_obs":43,"a12":14.04,"a3":9.41},"geometry":{"type":"Polygon","coordinates":[[[2.417,50.7554],[2.4279,50.7475],[2.4492,50.7377],[2.4414,50.7287],[2.4047,50.7176],[2.3885,50.725],[2.3957,50.7308],[2.417,50.7554]]]}},{"type":"Feature","properties":{"code":"59338","nom":"Ledringhem","app":11.28,"app_bas":9.27,"app_haut":13.72,"app_ech":"maille","app_obs":8,"mai":9.3,"mai_bas":7.44,"mai_haut":11.63,"mai_ech":"maille","mai_obs":15,"a12":16.53,"a3":9.29},"geometry":{"type":"Polygon","coordinates":[[[2.4505,50.8486],[2.4371,50.843],[2.4224,50.8654],[2.4554,50.8789],[2.4679,50.8663],[2.4534,50.8526],[2.4505,50.8486]]]}},{"type":"Feature","properties":{"code":"59471","nom":"Préseau","app":10.53,"app_bas":8.35,"app_haut":13.28,"app_ech":"maille","app_obs":23,"mai":11.94,"mai_bas":8.78,"mai_haut":16.22,"mai_ech":"commune","mai_obs":108,"a12":14.98,"a3":9.18},"geometry":{"type":"Polygon","coordinates":[[[3.5889,50.3036],[3.5847,50.3014],[3.5706,50.3022],[3.5562,50.2994],[3.5501,50.3033],[3.5504,50.3106],[3.5563,50.318],[3.566,50.3203],[3.5865,50.3216],[3.5854,50.3187],[3.6016,50.3123],[3.5903,50.3071],[3.5889,50.3036]]]}},{"type":"Feature","properties":{"code":"59484","nom":"Quiévrechain","app":11.09,"app_bas":9.36,"app_haut":13.13,"app_ech":"commune","app_obs":211,"mai":8.64,"mai_bas":6.88,"mai_haut":10.85,"mai_ech":"commune","mai_obs":175,"a12":13.04,"a3":9.22},"geometry":{"type":"Polygon","coordinates":[[[3.6734,50.4096],[3.6724,50.3877],[3.6653,50.3799],[3.6452,50.3793],[3.6466,50.3969],[3.6494,50.4019],[3.6681,50.4032],[3.6734,50.4096]]]}},{"type":"Feature","properties":{"code":"59340","nom":"Leffrinckoucke","app":12.44,"app_bas":9.64,"app_haut":16.04,"app_ech":"maille","app_obs":98,"mai":10.75,"mai_bas":8.26,"mai_haut":14,"mai_ech":"maille","mai_obs":37,"a12":13.63,"a3":11.23},"geometry":{"type":"Polygon","coordinates":[[[2.4323,51.0575],[2.4669,51.0665],[2.4711,51.0542],[2.4666,51.0513],[2.4658,51.0361],[2.4692,51.0327],[2.449,51.0261],[2.4463,51.0455],[2.4323,51.0575]]]}},{"type":"Feature","properties":{"code":"59402","nom":"Millam","app":11.28,"app_bas":9.27,"app_haut":13.72,"app_ech":"maille","app_obs":3,"mai":8.92,"mai_bas":7.18,"mai_haut":11.08,"mai_ech":"maille","mai_obs":35,"a12":13.63,"a3":8.9},"geometry":{"type":"Polygon","coordinates":[[[2.2417,50.8809],[2.2499,50.8792],[2.2673,50.8618],[2.2782,50.8473],[2.2809,50.8345],[2.2673,50.8317],[2.2557,50.8398],[2.2466,50.8408],[2.2314,50.8511],[2.2203,50.8553],[2.2277,50.8671],[2.2417,50.8809]]]}},{"type":"Feature","properties":{"code":"59422","nom":"Naves","app":10.34,"app_bas":8.66,"app_haut":12.34,"app_ech":"maille","app_obs":20,"mai":8.24,"mai_bas":6.87,"mai_haut":9.87,"mai_ech":"maille","mai_obs":31,"a12":13.38,"a3":8.44},"geometry":{"type":"Polygon","coordinates":[[[3.3379,50.1919],[3.3198,50.1933],[3.3096,50.1968],[3.2964,50.1952],[3.2945,50.2003],[3.3232,50.2194],[3.3266,50.2154],[3.3379,50.1919]]]}},{"type":"Feature","properties":{"code":"59558","nom":"Saulzoir","app":11.48,"app_bas":9.55,"app_haut":13.8,"app_ech":"maille","app_obs":36,"mai":8.54,"mai_bas":6.87,"mai_haut":10.63,"mai_ech":"maille","mai_obs":74,"a12":13.38,"a3":7.95},"geometry":{"type":"Polygon","coordinates":[[[3.4361,50.2588],[3.4568,50.2563],[3.4725,50.2507],[3.476,50.2457],[3.4647,50.2426],[3.4495,50.2361],[3.43,50.2225],[3.4212,50.2223],[3.4199,50.23],[3.4143,50.2385],[3.4086,50.2413],[3.4188,50.2461],[3.4311,50.2574],[3.4361,50.2588]]]}},{"type":"Feature","properties":{"code":"59657","nom":"West-Cappel","app":11.23,"app_bas":9.63,"app_haut":13.08,"app_ech":"maille","app_obs":5,"mai":9.29,"mai_bas":7.53,"mai_haut":11.46,"mai_ech":"maille","mai_obs":7,"a12":16.53,"a3":11.23},"geometry":{"type":"Polygon","coordinates":[[[2.4956,50.9058],[2.492,50.9347],[2.5047,50.942],[2.5138,50.9496],[2.5188,50.9417],[2.5215,50.9311],[2.5321,50.9183],[2.5156,50.9127],[2.5145,50.9082],[2.4956,50.9058]]]}},{"type":"Feature","properties":{"code":"59666","nom":"Zegerscappel","app":12.44,"app_bas":9.64,"app_haut":16.04,"app_ech":"maille","app_obs":15,"mai":9.3,"mai_bas":7.44,"mai_haut":11.63,"mai_ech":"maille","mai_obs":60,"a12":16.53,"a3":9.84},"geometry":{"type":"Polygon","coordinates":[[[2.3878,50.9092],[2.4236,50.8634],[2.3924,50.8558],[2.3801,50.8673],[2.3609,50.8753],[2.3545,50.8841],[2.3587,50.8862],[2.3458,50.8971],[2.3555,50.9039],[2.3651,50.9069],[2.3878,50.9092]]]}},{"type":"Feature","properties":{"code":"59199","nom":"Erchin","app":11.46,"app_bas":8.73,"app_haut":15.04,"app_ech":"maille","app_obs":1,"mai":9.45,"mai_bas":7.67,"mai_haut":11.64,"mai_ech":"maille","mai_obs":18,"a12":13.12,"a3":9.48},"geometry":{"type":"Polygon","coordinates":[[[3.1542,50.3035],[3.1413,50.3034],[3.1427,50.3074],[3.1533,50.3104],[3.1623,50.3249],[3.168,50.3275],[3.1833,50.3261],[3.2012,50.3214],[3.1887,50.3097],[3.1633,50.3112],[3.1538,50.3086],[3.1542,50.3035]]]}},{"type":"Feature","properties":{"code":"59216","nom":"Eswars","app":9.8,"app_bas":7.98,"app_haut":12.02,"app_ech":"maille","app_obs":0,"mai":8.22,"mai_bas":6.71,"mai_haut":10.08,"mai_ech":"maille","mai_obs":16,"a12":12.33,"a3":8.58},"geometry":{"type":"Polygon","coordinates":[[[3.2567,50.2274],[3.2684,50.2279],[3.2751,50.2234],[3.2783,50.2163],[3.2709,50.2033],[3.2669,50.2031],[3.2669,50.2123],[3.2494,50.2203],[3.2567,50.2274]]]}},{"type":"Feature","properties":{"code":"59539","nom":"Saint-Pierre-Brouck","app":10.91,"app_bas":8.39,"app_haut":14.21,"app_ech":"maille","app_obs":2,"mai":9.06,"mai_bas":7.36,"mai_haut":11.15,"mai_ech":"maille","mai_obs":42,"a12":13.63,"a3":8.9},"geometry":{"type":"Polygon","coordinates":[[[2.1888,50.8746],[2.1839,50.8835],[2.1706,50.9011],[2.1656,50.9116],[2.1882,50.9146],[2.1974,50.9126],[2.2069,50.8951],[2.2076,50.8792],[2.2015,50.8729],[2.1903,50.8714],[2.1888,50.8746]]]}},{"type":"Feature","properties":{"code":"59426","nom":"Neuville-en-Ferrain","app":13.49,"app_bas":11.36,"app_haut":16.02,"app_ech":"commune","app_obs":235,"mai":10.9,"mai_bas":8.23,"mai_haut":14.44,"mai_ech":"commune","mai_obs":159,"a12":15.37,"a3":12.43},"geometry":{"type":"Polygon","coordinates":[[[3.1388,50.7408],[3.1424,50.7495],[3.1409,50.758],[3.1546,50.764],[3.1616,50.7723],[3.1716,50.7607],[3.1843,50.749],[3.1613,50.7413],[3.1388,50.7408]]]}},{"type":"Feature","properties":{"code":"59651","nom":"Wavrechain-sous-Denain","app":10.57,"app_bas":8.65,"app_haut":12.91,"app_ech":"maille","app_obs":11,"mai":8.33,"mai_bas":6.66,"mai_haut":10.42,"mai_ech":"commune","mai_obs":104,"a12":13.21,"a3":8.53},"geometry":{"type":"Polygon","coordinates":[[[3.4318,50.3415],[3.436,50.3385],[3.4225,50.3234],[3.4196,50.3232],[3.4088,50.3322],[3.4203,50.3428],[3.4318,50.3415]]]}},{"type":"Feature","properties":{"code":"59087","nom":"Boëseghem","app":10.62,"app_bas":8.75,"app_haut":12.89,"app_ech":"maille","app_obs":9,"mai":7.94,"mai_bas":6.5,"mai_haut":9.71,"mai_ech":"maille","mai_obs":22,"a12":14.04,"a3":8.52},"geometry":{"type":"Polygon","coordinates":[[[2.4615,50.688],[2.4576,50.6676],[2.4508,50.6534],[2.429,50.657],[2.4216,50.6656],[2.4161,50.6658],[2.4145,50.6694],[2.4462,50.6829],[2.452,50.6871],[2.4615,50.688]]]}},{"type":"Feature","properties":{"code":"59124","nom":"Camphin-en-Pévèle","app":13.85,"app_bas":11.46,"app_haut":16.75,"app_ech":"maille","app_obs":68,"mai":12.3,"mai_bas":9.59,"mai_haut":15.79,"mai_ech":"maille","mai_obs":87,"a12":16.26,"a3":12},"geometry":{"type":"Polygon","coordinates":[[[3.271,50.6055],[3.2775,50.593],[3.2762,50.5817],[3.2642,50.5831],[3.257,50.5803],[3.232,50.586],[3.2344,50.5951],[3.2545,50.6041],[3.271,50.6055]]]}},{"type":"Feature","properties":{"code":"59220","nom":"Faches-Thumesnil","app":13.57,"app_bas":11.35,"app_haut":16.23,"app_ech":"commune","app_obs":1536,"mai":11.86,"mai_bas":9.14,"mai_haut":15.38,"mai_ech":"commune","mai_obs":355,"a12":16,"a3":11.69},"geometry":{"type":"Polygon","coordinates":[[[3.0893,50.5797],[3.0716,50.5811],[3.0655,50.5852],[3.0621,50.5967],[3.0546,50.6008],[3.0622,50.6122],[3.0803,50.6002],[3.0867,50.5886],[3.0893,50.5797]]]}},{"type":"Feature","properties":{"code":"59231","nom":"Ferrière-la-Petite","app":11.54,"app_bas":9,"app_haut":14.8,"app_ech":"maille","app_obs":4,"mai":7.71,"mai_bas":6.48,"mai_haut":9.17,"mai_ech":"maille","mai_obs":43,"a12":13.44,"a3":8.62},"geometry":{"type":"Polygon","coordinates":[[[4.0507,50.2341],[4.0189,50.2302],[4.0094,50.2336],[4.0074,50.2424],[4.0118,50.2506],[4.0171,50.2533],[4.0284,50.2471],[4.04,50.2507],[4.0518,50.2393],[4.0507,50.2341]]]}},{"type":"Feature","properties":{"code":"59236","nom":"Flesquières","app":9.74,"app_bas":8.03,"app_haut":11.8,"app_ech":"maille","app_obs":2,"mai":7.91,"mai_bas":6.3,"mai_haut":9.94,"mai_ech":"maille","mai_obs":7,"a12":12.33,"a3":8.65},"geometry":{"type":"Polygon","coordinates":[[[3.0964,50.1243],[3.1248,50.1371],[3.1353,50.1407],[3.1357,50.1271],[3.1461,50.1291],[3.1467,50.1284],[3.1263,50.1128],[3.1043,50.1114],[3.1049,50.1153],[3.0919,50.1206],[3.0964,50.1243]]]}},{"type":"Feature","properties":{"code":"59290","nom":"Haut-Lieu","app":9.47,"app_bas":7.78,"app_haut":11.53,"app_ech":"maille","app_obs":2,"mai":7.12,"mai_bas":5.82,"mai_haut":8.71,"mai_ech":"maille","mai_obs":11,"a12":12.29,"a3":7.96},"geometry":{"type":"Polygon","coordinates":[[[3.8749,50.1023],[3.8963,50.1152],[3.9159,50.1237],[3.9155,50.1205],[3.9248,50.113],[3.9305,50.0939],[3.9302,50.0892],[3.9252,50.0867],[3.912,50.0879],[3.9065,50.093],[3.8798,50.0975],[3.8749,50.1023]]]}},{"type":"Feature","properties":{"code":"59035","nom":"Avesnelles","app":10.18,"app_bas":8.21,"app_haut":12.61,"app_ech":"commune","app_obs":191,"mai":7.36,"mai_bas":6.12,"mai_haut":8.86,"mai_ech":"commune","mai_obs":157,"a12":10.74,"a3":8.58},"geometry":{"type":"Polygon","coordinates":[[[3.9248,50.113],[3.9308,50.119],[3.9387,50.1214],[3.9425,50.128],[3.9456,50.1271],[3.9513,50.1207],[3.9691,50.1171],[3.9754,50.1195],[3.9838,50.1184],[3.9837,50.1107],[3.9719,50.0994],[3.9633,50.0959],[3.963,50.0876],[3.9555,50.0839],[3.9463,50.0873],[3.9302,50.0892],[3.9305,50.0939],[3.9248,50.113]]]}},{"type":"Feature","properties":{"code":"59105","nom":"Bouvignies","app":12.64,"app_bas":10.2,"app_haut":15.67,"app_ech":"maille","app_obs":27,"mai":10.15,"mai_bas":8.09,"mai_haut":12.73,"mai_ech":"maille","mai_obs":39,"a12":15.61,"a3":11.53},"geometry":{"type":"Polygon","coordinates":[[[3.2203,50.4143],[3.2144,50.4261],[3.225,50.433],[3.2231,50.4441],[3.2274,50.4523],[3.2448,50.4505],[3.2547,50.4429],[3.2571,50.4375],[3.2499,50.4326],[3.259,50.4257],[3.2543,50.4209],[3.2342,50.4151],[3.2203,50.4143]]]}},{"type":"Feature","properties":{"code":"59005","nom":"Allennes-les-Marais","app":12.41,"app_bas":10.28,"app_haut":14.97,"app_ech":"maille","app_obs":75,"mai":11.38,"mai_bas":9.11,"mai_haut":14.22,"mai_ech":"maille","mai_obs":92,"a12":15.56,"a3":10.97},"geometry":{"type":"Polygon","coordinates":[[[2.9462,50.5295],[2.9361,50.5376],[2.9296,50.5504],[2.9504,50.5578],[2.9648,50.5375],[2.9632,50.5279],[2.9526,50.525],[2.9462,50.5295]]]}},{"type":"Feature","properties":{"code":"59201","nom":"Erquinghem-le-Sec","app":13.64,"app_bas":11.29,"app_haut":16.48,"app_ech":"maille","app_obs":20,"mai":11.78,"mai_bas":9.3,"mai_haut":14.94,"mai_ech":"maille","mai_obs":28,"a12":16.23,"a3":12.87},"geometry":{"type":"Polygon","coordinates":[[[2.923,50.6175],[2.9386,50.6155],[2.9455,50.609],[2.9384,50.6036],[2.933,50.6027],[2.9222,50.6127],[2.923,50.6175]]]}},{"type":"Feature","properties":{"code":"59254","nom":"Fressain","app":11.46,"app_bas":8.73,"app_haut":15.04,"app_ech":"maille","app_obs":10,"mai":9.45,"mai_bas":7.67,"mai_haut":11.64,"mai_ech":"maille","mai_obs":54,"a12":12.21,"a3":9.48},"geometry":{"type":"Polygon","coordinates":[[[3.193,50.2715],[3.1814,50.2693],[3.1658,50.2757],[3.1775,50.2888],[3.1879,50.2918],[3.1948,50.2976],[3.2153,50.2897],[3.2134,50.2793],[3.193,50.2715]]]}},{"type":"Feature","properties":{"code":"59291","nom":"Hautmont","app":10.27,"app_bas":8.17,"app_haut":12.91,"app_ech":"commune","app_obs":360,"mai":7.73,"mai_bas":6.24,"mai_haut":9.57,"mai_ech":"commune","mai_obs":549,"a12":12.86,"a3":8.53},"geometry":{"type":"Polygon","coordinates":[[[3.9476,50.2327],[3.9277,50.2313],[3.9273,50.2338],[3.9,50.2391],[3.8844,50.2389],[3.8911,50.2454],[3.882,50.2504],[3.8853,50.2561],[3.8941,50.2644],[3.9251,50.2619],[3.9447,50.249],[3.9566,50.2442],[3.955,50.2383],[3.9476,50.2327]]]}},{"type":"Feature","properties":{"code":"59400","nom":"Merville","app":10.55,"app_bas":8.71,"app_haut":12.78,"app_ech":"commune","app_obs":701,"mai":8.64,"mai_bas":6.89,"mai_haut":10.82,"mai_ech":"commune","mai_obs":291,"a12":13.84,"a3":8.86},"geometry":{"type":"Polygon","coordinates":[[[2.682,50.6363],[2.6713,50.6249],[2.6433,50.6225],[2.6305,50.618],[2.6187,50.6254],[2.6146,50.6348],[2.6015,50.631],[2.5926,50.6319],[2.585,50.6369],[2.585,50.6432],[2.5944,50.6478],[2.6031,50.6568],[2.5975,50.6629],[2.5951,50.6731],[2.6167,50.6732],[2.6396,50.6672],[2.6544,50.6541],[2.6634,50.6528],[2.6756,50.6593],[2.6892,50.655],[2.6912,50.64],[2.682,50.6363]]]}},{"type":"Feature","properties":{"code":"59410","nom":"Mons-en-Barœul","app":14.44,"app_bas":11.84,"app_haut":17.61,"app_ech":"commune","app_obs":1700,"mai":12.29,"mai_bas":8.6,"mai_haut":17.58,"mai_ech":"commune","mai_obs":261,"a12":16.57,"a3":13.17},"geometry":{"type":"Polygon","coordinates":[[[3.1032,50.6523],[3.1193,50.6485],[3.1168,50.6365],[3.1081,50.6347],[3.0963,50.6369],[3.0932,50.6422],[3.1032,50.6523]]]}},{"type":"Feature","properties":{"code":"59572","nom":"Solre-le-Château","app":10.36,"app_bas":8.02,"app_haut":13.38,"app_ech":"commune","app_obs":131,"mai":7.13,"mai_bas":5.85,"mai_haut":8.69,"mai_ech":"commune","mai_obs":176,"a12":13.44,"a3":7.96},"geometry":{"type":"Polygon","coordinates":[[[4.1095,50.1757],[4.1016,50.1728],[4.112,50.1645],[4.1145,50.1588],[4.1044,50.1564],[4.1057,50.1494],[4.0919,50.1404],[4.0814,50.1484],[4.0796,50.1555],[4.0729,50.1581],[4.0756,50.1875],[4.0785,50.1887],[4.0857,50.1876],[4.1025,50.1904],[4.1107,50.1992],[4.1165,50.2008],[4.1227,50.1949],[4.1318,50.1895],[4.1095,50.1757]]]}},{"type":"Feature","properties":{"code":"59592","nom":"Thumeries","app":11.59,"app_bas":9.63,"app_haut":13.95,"app_ech":"maille","app_obs":50,"mai":10.29,"mai_bas":8.08,"mai_haut":13.11,"mai_ech":"maille","mai_obs":97,"a12":14.61,"a3":11.35},"geometry":{"type":"Polygon","coordinates":[[[3.0588,50.4562],[3.0576,50.461],[3.0446,50.4728],[3.0456,50.4866],[3.0712,50.4883],[3.0798,50.4788],[3.0733,50.4739],[3.0794,50.4676],[3.0899,50.4684],[3.0816,50.46],[3.0665,50.4585],[3.0588,50.4562]]]}},{"type":"Feature","properties":{"code":"59012","nom":"Anor","app":8.13,"app_bas":6.52,"app_haut":10.13,"app_ech":"maille","app_obs":54,"mai":6.75,"mai_bas":5.54,"mai_haut":8.24,"mai_ech":"commune","mai_obs":145,"a12":10.74,"a3":7.96},"geometry":{"type":"Polygon","coordinates":[[[4.1054,49.9709],[4.0989,49.9722],[4.0871,49.9692],[4.0819,49.9714],[4.0799,49.9799],[4.0849,49.9882],[4.0877,49.9988],[4.0981,50.0195],[4.1032,50.0162],[4.1148,50.0226],[4.131,50.0214],[4.1354,50.0152],[4.1457,50.0039],[4.1617,50.0009],[4.1631,49.9948],[4.1577,49.9882],[4.1409,49.9788],[4.1179,49.9749],[4.1054,49.9709]]]}},{"type":"Feature","properties":{"code":"59016","nom":"Armbouts-Cappel","app":11.57,"app_bas":9.38,"app_haut":14.27,"app_ech":"maille","app_obs":1,"mai":10.75,"mai_bas":8.26,"mai_haut":14,"mai_ech":"maille","mai_obs":20,"a12":16.53,"a3":9.84},"geometry":{"type":"Polygon","coordinates":[[[2.3508,51.0007],[2.3551,50.9902],[2.3758,50.9815],[2.384,50.9701],[2.3742,50.9699],[2.3385,50.9635],[2.3324,50.9758],[2.3304,50.9866],[2.3215,50.9911],[2.3172,50.9973],[2.3205,50.9997],[2.3508,51.0007]]]}},{"type":"Feature","properties":{"code":"59166","nom":"Curgies","app":11.16,"app_bas":9.12,"app_haut":13.67,"app_ech":"maille","app_obs":9,"mai":11.23,"mai_bas":8.24,"mai_haut":15.29,"mai_ech":"maille","mai_obs":57,"a12":13.61,"a3":9.71},"geometry":{"type":"Polygon","coordinates":[[[3.6016,50.3123],[3.5854,50.3187],[3.5941,50.3362],[3.6093,50.34],[3.6147,50.3393],[3.6185,50.334],[3.63,50.3264],[3.624,50.3249],[3.6165,50.3159],[3.6069,50.3105],[3.6016,50.3123]]]}},{"type":"Feature","properties":{"code":"59268","nom":"Gorgue","app":11.46,"app_bas":9.23,"app_haut":14.24,"app_ech":"commune","app_obs":358,"mai":9.28,"mai_bas":7.36,"mai_haut":11.7,"mai_ech":"commune","mai_obs":212,"a12":13.51,"a3":10.05},"geometry":{"type":"Polygon","coordinates":[[[2.6912,50.64],[2.7172,50.6405],[2.7257,50.6427],[2.7508,50.6429],[2.7592,50.6507],[2.766,50.6491],[2.7925,50.6337],[2.7836,50.629],[2.7662,50.634],[2.7525,50.6279],[2.7574,50.6182],[2.7483,50.6131],[2.7515,50.6069],[2.7261,50.6138],[2.7203,50.623],[2.7222,50.6276],[2.7138,50.6313],[2.6952,50.6288],[2.682,50.6363],[2.6912,50.64]]]}},{"type":"Feature","properties":{"code":"59299","nom":"Hem","app":14,"app_bas":11.27,"app_haut":17.39,"app_ech":"commune","app_obs":431,"mai":12.63,"mai_bas":9.62,"mai_haut":16.58,"mai_ech":"commune","mai_obs":268,"a12":16.33,"a3":12.72},"geometry":{"type":"Polygon","coordinates":[[[3.2093,50.6636],[3.2185,50.6613],[3.2209,50.6551],[3.2091,50.6458],[3.2062,50.6346],[3.1969,50.6347],[3.1858,50.6381],[3.181,50.6495],[3.162,50.6568],[3.1733,50.6705],[3.1771,50.6724],[3.1953,50.6688],[3.1994,50.6711],[3.2093,50.6636]]]}},{"type":"Feature","properties":{"code":"59078","nom":"Beugnies","app":9.47,"app_bas":7.78,"app_haut":11.53,"app_ech":"maille","app_obs":17,"mai":6.88,"mai_bas":5.44,"mai_haut":8.71,"mai_ech":"maille","mai_obs":22,"a12":12.29,"a3":7.54},"geometry":{"type":"Polygon","coordinates":[[[3.99,50.1907],[3.9976,50.1814],[4.0009,50.1733],[4.0153,50.1698],[4.0248,50.1626],[4.0173,50.1559],[3.9979,50.1505],[3.9907,50.1436],[3.9771,50.1438],[3.9732,50.1572],[3.9802,50.1599],[3.9857,50.1713],[3.9867,50.1805],[3.9816,50.1839],[3.9873,50.1913],[3.99,50.1907]]]}},{"type":"Feature","properties":{"code":"59237","nom":"Flêtre","app":11.16,"app_bas":9.28,"app_haut":13.41,"app_ech":"maille","app_obs":14,"mai":9.21,"mai_bas":7.56,"mai_haut":11.23,"mai_ech":"maille","mai_obs":43,"a12":14.04,"a3":9.41},"geometry":{"type":"Polygon","coordinates":[[[2.6244,50.7776],[2.656,50.7799],[2.6591,50.7571],[2.6526,50.745],[2.6424,50.7407],[2.6308,50.7296],[2.6204,50.7406],[2.6294,50.743],[2.6249,50.7504],[2.6402,50.7525],[2.642,50.7585],[2.6292,50.7695],[2.6225,50.7704],[2.6244,50.7776]]]}},{"type":"Feature","properties":{"code":"59639","nom":"Wargnies-le-Grand","app":11.16,"app_bas":9.12,"app_haut":13.67,"app_ech":"maille","app_obs":23,"mai":9.05,"mai_bas":7.21,"mai_haut":11.36,"mai_ech":"maille","mai_obs":48,"a12":13.61,"a3":9.71},"geometry":{"type":"Polygon","coordinates":[[[3.6423,50.3208],[3.6516,50.3232],[3.6574,50.3138],[3.6667,50.3171],[3.6724,50.3121],[3.6901,50.3093],[3.6857,50.3042],[3.6689,50.3],[3.6515,50.2917],[3.6414,50.3052],[3.6423,50.3208]]]}},{"type":"Feature","properties":{"code":"59643","nom":"Warneton","app":12.16,"app_bas":10.1,"app_haut":14.63,"app_ech":"maille","app_obs":20,"mai":11.29,"mai_bas":8.37,"mai_haut":15.24,"mai_ech":"maille","mai_obs":27,"a12":14.61,"a3":11.08},"geometry":{"type":"Polygon","coordinates":[[[2.9833,50.7572],[2.9851,50.7427],[2.9917,50.7374],[2.9741,50.7358],[2.9618,50.74],[2.9529,50.7384],[2.9401,50.7454],[2.9582,50.7534],[2.9697,50.7496],[2.9833,50.7572]]]}},{"type":"Feature","properties":{"code":"59097","nom":"Boursies","app":9.65,"app_bas":8.03,"app_haut":11.6,"app_ech":"maille","app_obs":0,"mai":7.91,"mai_bas":6.3,"mai_haut":9.94,"mai_ech":"maille","mai_obs":26,"a12":12.33,"a3":9.35},"geometry":{"type":"Polygon","coordinates":[[[3.0678,50.1475],[3.0721,50.1388],[3.0724,50.1308],[3.0673,50.1287],[3.0576,50.1322],[3.037,50.1306],[3.0191,50.135],[3.0174,50.1421],[3.0263,50.151],[3.0403,50.1533],[3.0404,50.1597],[3.049,50.1537],[3.0504,50.1438],[3.0678,50.1475]]]}},{"type":"Feature","properties":{"code":"59445","nom":"Ohain","app":9.46,"app_bas":7.32,"app_haut":12.21,"app_ech":"maille","app_obs":17,"mai":7.12,"mai_bas":5.84,"mai_haut":8.69,"mai_ech":"maille","mai_obs":26,"a12":10.74,"a3":7.96},"geometry":{"type":"Polygon","coordinates":[[[4.1409,50.0565],[4.1468,50.0489],[4.1608,50.0475],[4.1364,50.0205],[4.1354,50.0152],[4.131,50.0214],[4.1148,50.0226],[4.1032,50.0162],[4.1,50.0189],[4.0984,50.0364],[4.1001,50.0399],[4.1148,50.0501],[4.1341,50.0565],[4.1409,50.0565]]]}},{"type":"Feature","properties":{"code":"59449","nom":"Orchies","app":13.89,"app_bas":11.21,"app_haut":17.22,"app_ech":"commune","app_obs":1329,"mai":10.17,"mai_bas":8.1,"mai_haut":12.76,"mai_ech":"commune","mai_obs":517,"a12":14.74,"a3":11.53},"geometry":{"type":"Polygon","coordinates":[[[3.2102,50.4722],[3.2316,50.4853],[3.2458,50.4857],[3.2563,50.4835],[3.2593,50.474],[3.2698,50.4643],[3.2648,50.4593],[3.2457,50.4547],[3.2448,50.4505],[3.2274,50.4523],[3.2125,50.4619],[3.2102,50.4722]]]}},{"type":"Feature","properties":{"code":"59591","nom":"Thivencelle","app":10.59,"app_bas":8.95,"app_haut":12.53,"app_ech":"maille","app_obs":6,"mai":8.39,"mai_bas":6.73,"mai_haut":10.45,"mai_ech":"maille","mai_obs":11,"a12":13.04,"a3":9.05},"geometry":{"type":"Polygon","coordinates":[[[3.6151,50.4366],[3.6208,50.4395],[3.6046,50.447],[3.6282,50.4563],[3.6478,50.4479],[3.642,50.4408],[3.6311,50.4373],[3.6151,50.4366]]]}},{"type":"Feature","properties":{"code":"59019","nom":"Artres","app":10.53,"app_bas":8.35,"app_haut":13.28,"app_ech":"maille","app_obs":17,"mai":7.95,"mai_bas":6.29,"mai_haut":10.06,"mai_ech":"maille","mai_obs":19,"a12":13.38,"a3":9.18},"geometry":{"type":"Polygon","coordinates":[[[3.5333,50.278],[3.5254,50.2785],[3.532,50.2815],[3.5218,50.291],[3.5252,50.2992],[3.523,50.305],[3.5324,50.3117],[3.5504,50.3106],[3.5501,50.3033],[3.5562,50.2994],[3.5552,50.2895],[3.5476,50.2814],[3.5333,50.278]]]}},{"type":"Feature","properties":{"code":"59026","nom":"Aubigny-au-Bac","app":11.36,"app_bas":9.32,"app_haut":13.84,"app_ech":"maille","app_obs":55,"mai":8.49,"mai_bas":6.86,"mai_haut":10.51,"mai_ech":"maille","mai_obs":60,"a12":12.33,"a3":9.35},"geometry":{"type":"Polygon","coordinates":[[[3.195,50.2605],[3.1827,50.2589],[3.1596,50.2583],[3.1491,50.2625],[3.1382,50.2653],[3.1418,50.2707],[3.1589,50.2753],[3.1658,50.2757],[3.1814,50.2693],[3.193,50.2715],[3.195,50.2605]]]}},{"type":"Feature","properties":{"code":"59436","nom":"Noordpeene","app":11.28,"app_bas":9.27,"app_haut":13.72,"app_ech":"maille","app_obs":1,"mai":8.9,"mai_bas":7.02,"mai_haut":11.28,"mai_ech":"maille","mai_obs":26,"a12":11.56,"a3":9.29},"geometry":{"type":"Polygon","coordinates":[[[2.3865,50.7775],[2.376,50.784],[2.3641,50.78],[2.3653,50.775],[2.336,50.7814],[2.3143,50.7827],[2.3126,50.7872],[2.3171,50.7927],[2.3312,50.797],[2.3501,50.798],[2.3598,50.8038],[2.3576,50.8148],[2.4152,50.8089],[2.3865,50.7775]]]}},{"type":"Feature","properties":{"code":"59627","nom":"Villers-Sire-Nicole","app":11.54,"app_bas":9,"app_haut":14.8,"app_ech":"maille","app_obs":38,"mai":7.42,"mai_bas":6.14,"mai_haut":8.97,"mai_ech":"maille","mai_obs":20,"a12":13.6,"a3":8.48},"geometry":{"type":"Polygon","coordinates":[[[3.9892,50.3345],[3.9869,50.3425],[3.9939,50.3486],[4.0152,50.3518],[4.0179,50.357],[4.0274,50.3575],[4.0332,50.3522],[4.0376,50.3429],[4.0243,50.3256],[4.0091,50.3246],[3.9892,50.3345]]]}},{"type":"Feature","properties":{"code":"59655","nom":"Wemaers-Cappel","app":11.28,"app_bas":9.27,"app_haut":13.72,"app_ech":"maille","app_obs":0,"mai":9.43,"mai_bas":7.51,"mai_haut":11.85,"mai_ech":"maille","mai_obs":14,"a12":14.04,"a3":9.29},"geometry":{"type":"Polygon","coordinates":[[[2.4249,50.8187],[2.4341,50.8206],[2.4462,50.8292],[2.456,50.8145],[2.4637,50.8101],[2.457,50.8064],[2.4487,50.8057],[2.4217,50.8086],[2.4249,50.8187]]]}},{"type":"Feature","properties":{"code":"59037","nom":"Avesnes-les-Aubert","app":9.45,"app_bas":7.78,"app_haut":11.48,"app_ech":"maille","app_obs":74,"mai":8.52,"mai_bas":7.16,"mai_haut":10.14,"mai_ech":"commune","mai_obs":241,"a12":13.38,"a3":8.44},"geometry":{"type":"Polygon","coordinates":[[[3.3615,50.1727],[3.354,50.1826],[3.3464,50.186],[3.3614,50.1949],[3.372,50.2032],[3.3805,50.2136],[3.3913,50.2105],[3.3988,50.191],[3.3958,50.1826],[3.3902,50.1788],[3.3801,50.1782],[3.3615,50.1727]]]}},{"type":"Feature","properties":{"code":"59114","nom":"Bruille-Saint-Amand","app":11.92,"app_bas":10.05,"app_haut":14.13,"app_ech":"maille","app_obs":25,"mai":9.38,"mai_bas":7.41,"mai_haut":11.88,"mai_ech":"maille","mai_obs":36,"a12":14.6,"a3":9.59},"geometry":{"type":"Polygon","coordinates":[[[3.5233,50.4422],[3.5211,50.4409],[3.4784,50.472],[3.4929,50.486],[3.498,50.4845],[3.4972,50.4815],[3.508,50.4743],[3.5289,50.4668],[3.5355,50.4622],[3.5155,50.4461],[3.5233,50.4422]]]}},{"type":"Feature","properties":{"code":"59002","nom":"Abscon","app":10.67,"app_bas":8.88,"app_haut":12.83,"app_ech":"commune","app_obs":209,"mai":8.37,"mai_bas":6.89,"mai_haut":10.17,"mai_ech":"commune","mai_obs":150,"a12":13.74,"a3":9.03},"geometry":{"type":"Polygon","coordinates":[[[3.309,50.316],[3.3,50.3187],[3.2881,50.3138],[3.2808,50.3146],[3.2807,50.3221],[3.2741,50.3258],[3.2726,50.3325],[3.2809,50.334],[3.2952,50.3409],[3.2992,50.3446],[3.3111,50.3443],[3.3061,50.3385],[3.3164,50.3292],[3.3252,50.3254],[3.3143,50.317],[3.309,50.316]]]}},{"type":"Feature","properties":{"code":"59192","nom":"Émerchicourt","app":11.36,"app_bas":9.32,"app_haut":13.84,"app_ech":"maille","app_obs":1,"mai":8.49,"mai_bas":6.86,"mai_haut":10.51,"mai_ech":"maille","mai_obs":13,"a12":12.21,"a3":9.03},"geometry":{"type":"Polygon","coordinates":[[[3.2425,50.3172],[3.261,50.3173],[3.2689,50.3257],[3.2741,50.3258],[3.2807,50.3221],[3.2808,50.3146],[3.2723,50.3146],[3.2683,50.3077],[3.2472,50.2987],[3.2301,50.3026],[3.229,50.3094],[3.2425,50.3172]]]}},{"type":"Feature","properties":{"code":"59219","nom":"Estrun","app":11.36,"app_bas":9.32,"app_haut":13.84,"app_ech":"maille","app_obs":0,"mai":8.24,"mai_bas":6.87,"mai_haut":9.87,"mai_ech":"maille","mai_obs":23,"a12":13.38,"a3":8.44},"geometry":{"type":"Polygon","coordinates":[[[3.3047,50.2499],[3.3053,50.2417],[3.2921,50.2352],[3.28,50.2384],[3.2891,50.2503],[3.3048,50.2536],[3.3047,50.2499]]]}},{"type":"Feature","properties":{"code":"59292","nom":"Haveluy","app":10.57,"app_bas":8.65,"app_haut":12.91,"app_ech":"maille","app_obs":10,"mai":8.79,"mai_bas":7.28,"mai_haut":10.61,"mai_ech":"maille","mai_obs":70,"a12":13.21,"a3":8.53},"geometry":{"type":"Polygon","coordinates":[[[3.409,50.3688],[3.4219,50.354],[3.4228,50.3471],[3.4032,50.3439],[3.3822,50.3469],[3.3813,50.3534],[3.4008,50.3617],[3.409,50.3688]]]}},{"type":"Feature","properties":{"code":"59466","nom":"Pont-à-Marcq","app":14.06,"app_bas":11.64,"app_haut":17,"app_ech":"commune","app_obs":246,"mai":12.61,"mai_bas":9.49,"mai_haut":16.76,"mai_ech":"commune","mai_obs":109,"a12":16.68,"a3":11.83},"geometry":{"type":"Polygon","coordinates":[[[3.1078,50.5289],[3.1244,50.5251],[3.1323,50.5184],[3.105,50.5158],[3.1011,50.523],[3.1078,50.5289]]]}},{"type":"Feature","properties":{"code":"59474","nom":"Prisches","app":9.66,"app_bas":7.79,"app_haut":11.98,"app_ech":"maille","app_obs":12,"mai":6.86,"mai_bas":5.56,"mai_haut":8.45,"mai_ech":"maille","mai_obs":30,"a12":11.46,"a3":8.48},"geometry":{"type":"Polygon","coordinates":[[[3.7661,50.1077],[3.7933,50.0949],[3.8022,50.089],[3.8017,50.0832],[3.7834,50.078],[3.7773,50.0711],[3.7829,50.062],[3.7799,50.0529],[3.7752,50.0491],[3.762,50.0525],[3.7457,50.0536],[3.7363,50.0596],[3.7152,50.0693],[3.7213,50.0778],[3.7301,50.0842],[3.7375,50.0941],[3.7661,50.1077]]]}},{"type":"Feature","properties":{"code":"59495","nom":"Recquignies","app":11.54,"app_bas":9,"app_haut":14.8,"app_ech":"maille","app_obs":14,"mai":7.42,"mai_bas":6.14,"mai_haut":8.97,"mai_ech":"maille","mai_obs":67,"a12":13.6,"a3":8.62},"geometry":{"type":"Polygon","coordinates":[[[4.0316,50.2808],[4.0423,50.285],[4.0541,50.2842],[4.0673,50.2868],[4.0757,50.2714],[4.061,50.2709],[4.0358,50.2644],[4.0256,50.2711],[4.0234,50.2806],[4.0316,50.2808]]]}},{"type":"Feature","properties":{"code":"59577","nom":"Staple","app":10.85,"app_bas":8.66,"app_haut":13.58,"app_ech":"maille","app_obs":29,"mai":8.9,"mai_bas":7.02,"mai_haut":11.28,"mai_ech":"maille","mai_obs":23,"a12":14.04,"a3":8.68},"geometry":{"type":"Polygon","coordinates":[[[2.4717,50.7387],[2.4647,50.7351],[2.4492,50.7377],[2.4279,50.7475],[2.417,50.7554],[2.426,50.7654],[2.4336,50.7702],[2.4501,50.7683],[2.4652,50.7581],[2.4747,50.7558],[2.4717,50.7387]]]}},{"type":"Feature","properties":{"code":"59038","nom":"Avesnes-le-Sec","app":11.36,"app_bas":9.32,"app_haut":13.84,"app_ech":"maille","app_obs":29,"mai":8.54,"mai_bas":6.87,"mai_haut":10.63,"mai_ech":"maille","mai_obs":72,"a12":13.61,"a3":8.44},"geometry":{"type":"Polygon","coordinates":[[[3.3708,50.2671],[3.3876,50.266],[3.3952,50.2432],[3.3694,50.2247],[3.3469,50.2444],[3.347,50.2498],[3.3542,50.2621],[3.3708,50.2671]]]}},{"type":"Feature","properties":{"code":"59009","nom":"Villeneuve-d'Ascq","app":14.33,"app_bas":11.43,"app_haut":17.97,"app_ech":"commune","app_obs":4118,"mai":13.52,"mai_bas":10.21,"mai_haut":17.91,"mai_ech":"commune","mai_obs":895,"a12":17.66,"a3":13.23},"geometry":{"type":"Polygon","coordinates":[[[3.1858,50.6381],[3.1781,50.6335],[3.1864,50.6296],[3.1969,50.6303],[3.1969,50.6347],[3.2073,50.6344],[3.2039,50.624],[3.1996,50.6279],[3.1761,50.6156],[3.1802,50.6093],[3.173,50.602],[3.1379,50.6012],[3.1205,50.6185],[3.1216,50.6292],[3.1168,50.6365],[3.1193,50.6485],[3.1187,50.6537],[3.1284,50.654],[3.1338,50.661],[3.1379,50.6731],[3.162,50.6568],[3.181,50.6495],[3.1858,50.6381]]]}},{"type":"Feature","properties":{"code":"59228","nom":"Férin","app":11.16,"app_bas":9.22,"app_haut":13.51,"app_ech":"maille","app_obs":29,"mai":10.32,"mai_bas":8.24,"mai_haut":12.92,"mai_ech":"maille","mai_obs":45,"a12":13.12,"a3":9.35},"geometry":{"type":"Polygon","coordinates":[[[3.0785,50.3161],[3.0604,50.3289],[3.0611,50.3328],[3.0653,50.3394],[3.0719,50.3407],[3.0845,50.3401],[3.0942,50.3427],[3.1055,50.331],[3.0891,50.3255],[3.0785,50.3161]]]}},{"type":"Feature","properties":{"code":"59262","nom":"Godewaersvelde","app":11.23,"app_bas":9.63,"app_haut":13.08,"app_ech":"maille","app_obs":6,"mai":9.43,"mai_bas":7.51,"mai_haut":11.85,"mai_ech":"maille","mai_obs":49,"a12":14.04,"a3":9.29},"geometry":{"type":"Polygon","coordinates":[[[2.656,50.7799],[2.6244,50.7776],[2.6157,50.7836],[2.6171,50.7953],[2.6271,50.7944],[2.6302,50.8063],[2.635,50.8128],[2.6623,50.8163],[2.6682,50.8137],[2.6676,50.7993],[2.6723,50.7894],[2.6643,50.782],[2.656,50.7799]]]}},{"type":"Feature","properties":{"code":"59281","nom":"Hantay","app":12.41,"app_bas":10.28,"app_haut":14.97,"app_ech":"maille","app_obs":1,"mai":10.13,"mai_bas":8.17,"mai_haut":12.56,"mai_ech":"maille","mai_obs":32,"a12":14.67,"a3":9.66},"geometry":{"type":"Polygon","coordinates":[[[2.8536,50.5391],[2.8723,50.5462],[2.8765,50.5455],[2.8825,50.536],[2.8621,50.5298],[2.8536,50.5391]]]}},{"type":"Feature","properties":{"code":"59476","nom":"Proville","app":9.74,"app_bas":8.03,"app_haut":11.8,"app_ech":"maille","app_obs":57,"mai":9.18,"mai_bas":7.35,"mai_haut":11.46,"mai_ech":"commune","mai_obs":167,"a12":12.33,"a3":8.58},"geometry":{"type":"Polygon","coordinates":[[[3.2046,50.1697],[3.2159,50.1673],[3.2239,50.1581],[3.2116,50.143],[3.2043,50.1422],[3.1854,50.1506],[3.188,50.1584],[3.1964,50.1686],[3.2046,50.1697]]]}},{"type":"Feature","properties":{"code":"59532","nom":"Saint-Georges-sur-l'Aa","app":10.43,"app_bas":8.51,"app_haut":12.79,"app_ech":"maille","app_obs":9,"mai":10.13,"mai_bas":8.15,"mai_haut":12.59,"mai_ech":"maille","mai_obs":6,"a12":13.63,"a3":8.7},"geometry":{"type":"Polygon","coordinates":[[[2.1418,50.9475],[2.1378,50.9514],[2.1353,50.9643],[2.1251,50.9701],[2.1407,50.973],[2.1647,50.9795],[2.1775,50.9846],[2.1837,50.9726],[2.1782,50.9655],[2.1627,50.9568],[2.1418,50.9475]]]}},{"type":"Feature","properties":{"code":"59571","nom":"Solesmes","app":9.29,"app_bas":7.69,"app_haut":11.23,"app_ech":"commune","app_obs":237,"mai":7.39,"mai_bas":6.06,"mai_haut":9.01,"mai_ech":"commune","mai_obs":336,"a12":11.46,"a3":7.62},"geometry":{"type":"Polygon","coordinates":[[[3.4697,50.1684],[3.4647,50.1754],[3.487,50.1866],[3.4981,50.1961],[3.5008,50.2052],[3.5318,50.1909],[3.5441,50.1826],[3.5433,50.1751],[3.5586,50.1712],[3.564,50.1667],[3.5608,50.1596],[3.5497,50.1525],[3.5603,50.1435],[3.546,50.1415],[3.5135,50.1537],[3.5027,50.164],[3.4882,50.1693],[3.4697,50.1684]]]}},{"type":"Feature","properties":{"code":"59661","nom":"Willies","app":9.46,"app_bas":7.32,"app_haut":12.21,"app_ech":"maille","app_obs":0,"mai":6.88,"mai_bas":5.44,"mai_haut":8.71,"mai_ech":"maille","mai_obs":7,"a12":10.74,"a3":7.96},"geometry":{"type":"Polygon","coordinates":[[[4.1026,50.1115],[4.0894,50.1102],[4.0894,50.1216],[4.0938,50.1316],[4.1215,50.13],[4.1167,50.1239],[4.1248,50.1187],[4.1026,50.1115]]]}}]}