{"type":"FeatureCollection","features":[{"type":"Feature","properties":{"code":"60538","nom":"Ricquebourg","app":11.23,"app_bas":9.43,"app_haut":13.38,"app_ech":"maille","app_obs":0,"mai":10.16,"mai_bas":8.26,"mai_haut":12.5,"mai_ech":"maille","mai_obs":17},"geometry":{"type":"Polygon","coordinates":[[[2.7539,49.5681],[2.7554,49.5647],[2.7833,49.568],[2.7842,49.564],[2.7673,49.5489],[2.7533,49.5555],[2.7293,49.5595],[2.734,49.5667],[2.7424,49.5688],[2.7539,49.5681]]]}},{"type":"Feature","properties":{"code":"60036","nom":"Avrigny","app":13.11,"app_bas":11,"app_haut":15.62,"app_ech":"maille","app_obs":1,"mai":11.07,"mai_bas":9.11,"mai_haut":13.47,"mai_ech":"maille","mai_obs":25},"geometry":{"type":"Polygon","coordinates":[[[2.5931,49.3999],[2.5897,49.3881],[2.5767,49.3677],[2.5668,49.3805],[2.5586,49.3845],[2.5713,49.4051],[2.5931,49.3999]]]}},{"type":"Feature","properties":{"code":"60271","nom":"Gerberoy","app":9.54,"app_bas":7.81,"app_haut":11.67,"app_ech":"maille","app_obs":3,"mai":9.04,"mai_bas":7.33,"mai_haut":11.16,"mai_ech":"maille","mai_obs":2},"geometry":{"type":"Polygon","coordinates":[[[1.8199,49.5437],[1.8314,49.5487],[1.8485,49.5468],[1.8653,49.5364],[1.8607,49.5306],[1.8563,49.5316],[1.8345,49.5285],[1.83,49.5293],[1.8301,49.5356],[1.8199,49.5437]]]}},{"type":"Feature","properties":{"code":"60334","nom":"Lachapelle-Saint-Pierre","app":14.08,"app_bas":12.12,"app_haut":16.35,"app_ech":"maille","app_obs":3,"mai":12.62,"mai_bas":10.13,"mai_haut":15.73,"mai_ech":"maille","mai_obs":10},"geometry":{"type":"Polygon","coordinates":[[[2.2366,49.2824],[2.2574,49.2724],[2.2517,49.2679],[2.2365,49.2655],[2.2363,49.2546],[2.2299,49.2514],[2.2206,49.2553],[2.2245,49.2627],[2.2225,49.2694],[2.2289,49.2796],[2.2366,49.2824]]]}},{"type":"Feature","properties":{"code":"60455","nom":"Neuville-Garnier","app":null,"app_bas":null,"app_haut":null,"app_ech":null,"app_obs":0,"mai":null,"mai_bas":null,"mai_haut":null,"mai_ech":null,"mai_obs":0},"geometry":{"type":"Polygon","coordinates":[[[2.0226,49.3346],[2.0221,49.346],[2.0297,49.3482],[2.0408,49.3447],[2.0541,49.3431],[2.0594,49.3341],[2.08,49.3329],[2.0547,49.3174],[2.0471,49.3171],[2.0346,49.322],[2.0232,49.3277],[2.0226,49.3346]]]}},{"type":"Feature","properties":{"code":"60666","nom":"Ver-sur-Launette","app":15.82,"app_bas":13.45,"app_haut":18.61,"app_ech":"commune","app_obs":117,"mai":13.93,"mai_bas":11.14,"mai_haut":17.42,"mai_ech":"maille","mai_obs":42},"geometry":{"type":"Polygon","coordinates":[[[2.6333,49.1084],[2.6374,49.1166],[2.6427,49.1189],[2.6601,49.1179],[2.6644,49.1215],[2.6871,49.1188],[2.6922,49.115],[2.711,49.1094],[2.7037,49.096],[2.6878,49.0914],[2.6781,49.086],[2.6582,49.0975],[2.646,49.1002],[2.6333,49.1084]]]}},{"type":"Feature","properties":{"code":"60669","nom":"Verderonne","app":13.28,"app_bas":11.2,"app_haut":15.76,"app_ech":"maille","app_obs":14,"mai":14.92,"mai_bas":11.73,"mai_haut":18.99,"mai_ech":"maille","mai_obs":14},"geometry":{"type":"Polygon","coordinates":[[[2.4765,49.323],[2.4849,49.3398],[2.5053,49.3345],[2.5139,49.3293],[2.483,49.3185],[2.4765,49.323]]]}},{"type":"Feature","properties":{"code":"60017","nom":"Ansauvillers","app":10.43,"app_bas":8.8,"app_haut":12.35,"app_ech":"maille","app_obs":24,"mai":7.93,"mai_bas":6.47,"mai_haut":9.72,"mai_ech":"maille","mai_obs":46},"geometry":{"type":"Polygon","coordinates":[[[2.3979,49.5483],[2.382,49.5551],[2.3755,49.5626],[2.3623,49.5679],[2.3679,49.5743],[2.3669,49.5849],[2.3742,49.5854],[2.3854,49.577],[2.3925,49.5789],[2.3923,49.5755],[2.4056,49.5703],[2.4098,49.559],[2.3979,49.5483]]]}},{"type":"Feature","properties":{"code":"60127","nom":"Canny-sur-Matz","app":11.23,"app_bas":9.43,"app_haut":13.38,"app_ech":"maille","app_obs":7,"mai":10.16,"mai_bas":8.26,"mai_haut":12.5,"mai_ech":"maille","mai_obs":8},"geometry":{"type":"Polygon","coordinates":[[[2.795,49.6168],[2.8104,49.6126],[2.8185,49.6146],[2.8259,49.6099],[2.8232,49.6023],[2.8086,49.6031],[2.807,49.5957],[2.8119,49.5897],[2.804,49.583],[2.7964,49.5856],[2.776,49.6149],[2.795,49.6168]]]}},{"type":"Feature","properties":{"code":"60277","nom":"Goincourt","app":12.26,"app_bas":10.12,"app_haut":14.85,"app_ech":"maille","app_obs":36,"mai":11.52,"mai_bas":9.53,"mai_haut":13.93,"mai_ech":"maille","mai_obs":83},"geometry":{"type":"Polygon","coordinates":[[[2.0369,49.4419],[2.0554,49.4287],[2.0567,49.4214],[2.0416,49.4186],[2.0215,49.4087],[2.0135,49.4189],[2.0143,49.4252],[2.0217,49.4339],[2.0369,49.4419]]]}},{"type":"Feature","properties":{"code":"60301","nom":"Haucourt","app":9.54,"app_bas":7.81,"app_haut":11.67,"app_ech":"maille","app_obs":0,"mai":9.04,"mai_bas":7.33,"mai_haut":11.16,"mai_ech":"maille","mai_obs":2},"geometry":{"type":"Polygon","coordinates":[[[1.9099,49.5027],[1.9281,49.5155],[1.9436,49.5149],[1.9522,49.5121],[1.9473,49.5052],[1.9403,49.5039],[1.9222,49.4935],[1.9099,49.5027]]]}},{"type":"Feature","properties":{"code":"60391","nom":"Maysel","app":13.3,"app_bas":10.94,"app_haut":16.18,"app_ech":"maille","app_obs":2,"mai":11.24,"mai_bas":8.89,"mai_haut":14.22,"mai_ech":"maille","mai_obs":1},"geometry":{"type":"Polygon","coordinates":[[[2.3724,49.2406],[2.359,49.2398],[2.3526,49.2411],[2.3563,49.254],[2.3692,49.2662],[2.3819,49.2603],[2.3812,49.2557],[2.3724,49.2406]]]}},{"type":"Feature","properties":{"code":"60423","nom":"Montmacq","app":11.23,"app_bas":9.43,"app_haut":13.38,"app_ech":"maille","app_obs":13,"mai":10.76,"mai_bas":8.66,"mai_haut":13.38,"mai_ech":"maille","mai_obs":51},"geometry":{"type":"Polygon","coordinates":[[[2.9254,49.4947],[2.933,49.4935],[2.9328,49.4772],[2.9361,49.47],[2.9195,49.471],[2.9088,49.4674],[2.8904,49.4711],[2.9037,49.489],[2.9034,49.4964],[2.9092,49.4991],[2.9254,49.4947]]]}},{"type":"Feature","properties":{"code":"60474","nom":"Ognolles","app":10.12,"app_bas":8.18,"app_haut":12.52,"app_ech":"maille","app_obs":0,"mai":7.63,"mai_bas":6.2,"mai_haut":9.4,"mai_ech":"maille","mai_obs":3},"geometry":{"type":"Polygon","coordinates":[[[2.8984,49.6862],[2.8923,49.6987],[2.9033,49.6995],[2.9106,49.7036],[2.9134,49.7095],[2.9157,49.7027],[2.9299,49.6885],[2.9273,49.6816],[2.9348,49.6766],[2.9367,49.674],[2.9175,49.6701],[2.9154,49.6743],[2.8984,49.6862]]]}},{"type":"Feature","properties":{"code":"60513","nom":"Précy-sur-Oise","app":14.54,"app_bas":12.01,"app_haut":17.61,"app_ech":"commune","app_obs":237,"mai":11.24,"mai_bas":8.89,"mai_haut":14.22,"mai_ech":"maille","mai_obs":81},"geometry":{"type":"Polygon","coordinates":[[[2.3708,49.1854],[2.3621,49.1923],[2.3358,49.1967],[2.3319,49.2001],[2.3341,49.2109],[2.3463,49.2151],[2.3746,49.2188],[2.3866,49.2036],[2.3916,49.2042],[2.3862,49.1961],[2.3761,49.187],[2.3708,49.1854]]]}},{"type":"Feature","properties":{"code":"60692","nom":"Villers-Vicomte","app":10.53,"app_bas":8.71,"app_haut":12.73,"app_ech":"maille","app_obs":0,"mai":10.06,"mai_bas":8.06,"mai_haut":12.55,"mai_ech":"maille","mai_obs":7},"geometry":{"type":"Polygon","coordinates":[[[2.2075,49.6342],[2.2089,49.6427],[2.22,49.6499],[2.2349,49.6536],[2.2474,49.6496],[2.2539,49.6432],[2.2415,49.6364],[2.2134,49.6321],[2.2075,49.6342]]]}},{"type":"Feature","properties":{"code":"60006","nom":"Ageux","app":13.28,"app_bas":11.06,"app_haut":15.96,"app_ech":"maille","app_obs":58,"mai":11.07,"mai_bas":9.11,"mai_haut":13.47,"mai_ech":"maille","mai_obs":36},"geometry":{"type":"Polygon","coordinates":[[[2.6031,49.3316],[2.604,49.3105],[2.5778,49.3067],[2.57,49.3129],[2.5731,49.3238],[2.5841,49.3286],[2.6031,49.3316]]]}},{"type":"Feature","properties":{"code":"60020","nom":"Antilly","app":14.18,"app_bas":12.11,"app_haut":16.6,"app_ech":"maille","app_obs":2,"mai":11.7,"mai_bas":9.34,"mai_haut":14.64,"mai_ech":"maille","mai_obs":5},"geometry":{"type":"Polygon","coordinates":[[[2.9774,49.1494],[2.9694,49.1604],[2.9803,49.1684],[2.9882,49.1588],[3.0082,49.1594],[2.9971,49.1425],[2.9948,49.1428],[2.9809,49.1506],[2.9774,49.1494]]]}},{"type":"Feature","properties":{"code":"60221","nom":"Esquennoy","app":13.44,"app_bas":11.11,"app_haut":16.26,"app_ech":"maille","app_obs":7,"mai":8.88,"mai_bas":7.58,"mai_haut":10.4,"mai_ech":"maille","mai_obs":40},"geometry":{"type":"Polygon","coordinates":[[[2.2436,49.6325],[2.2415,49.6364],[2.2539,49.6432],[2.2474,49.6496],[2.2538,49.656],[2.2499,49.6645],[2.253,49.6674],[2.2672,49.668],[2.2761,49.6752],[2.2931,49.67],[2.291,49.6635],[2.2968,49.6575],[2.2949,49.6532],[2.2738,49.6467],[2.2694,49.6372],[2.2436,49.6325]]]}},{"type":"Feature","properties":{"code":"60235","nom":"Flavacourt","app":12.26,"app_bas":10.12,"app_haut":14.85,"app_ech":"maille","app_obs":2,"mai":10.03,"mai_bas":8.09,"mai_haut":12.44,"mai_ech":"maille","mai_obs":11},"geometry":{"type":"Polygon","coordinates":[[[1.8351,49.3766],[1.8377,49.379],[1.859,49.37],[1.8638,49.3661],[1.8545,49.3625],[1.845,49.3433],[1.8513,49.3341],[1.847,49.3305],[1.8399,49.3164],[1.8342,49.319],[1.833,49.3205],[1.8082,49.3237],[1.798,49.3304],[1.7958,49.3406],[1.8134,49.3565],[1.8244,49.3689],[1.8351,49.3766]]]}},{"type":"Feature","properties":{"code":"60070","nom":"Bienville","app":11.77,"app_bas":10,"app_haut":13.84,"app_ech":"maille","app_obs":8,"mai":10.16,"mai_bas":8.3,"mai_haut":12.45,"mai_ech":"maille","mai_obs":14},"geometry":{"type":"Polygon","coordinates":[[[2.805,49.4425],[2.8214,49.4516],[2.8266,49.4584],[2.8364,49.4579],[2.8457,49.4518],[2.8162,49.4356],[2.805,49.4425]]]}},{"type":"Feature","properties":{"code":"60129","nom":"Carlepont","app":11.56,"app_bas":9.32,"app_haut":14.34,"app_ech":"maille","app_obs":64,"mai":9.35,"mai_bas":7.65,"mai_haut":11.43,"mai_ech":"maille","mai_obs":67},"geometry":{"type":"Polygon","coordinates":[[[3.0039,49.5004],[2.9977,49.5067],[2.9913,49.518],[2.9942,49.5255],[2.9918,49.5492],[2.9996,49.5408],[3.0052,49.546],[3.0171,49.5432],[3.027,49.5382],[3.0403,49.5363],[3.0501,49.5306],[3.0518,49.5158],[3.0589,49.5006],[3.0564,49.4977],[3.0352,49.4959],[3.0039,49.5004]]]}},{"type":"Feature","properties":{"code":"60272","nom":"Gilocourt","app":13.05,"app_bas":11.05,"app_haut":15.41,"app_ech":"maille","app_obs":14,"mai":11.54,"mai_bas":9.17,"mai_haut":14.53,"mai_ech":"maille","mai_obs":12},"geometry":{"type":"Polygon","coordinates":[[[2.8915,49.2854],[2.8789,49.2861],[2.8691,49.2894],[2.8696,49.2935],[2.8822,49.3016],[2.8729,49.3037],[2.8742,49.3095],[2.8812,49.3113],[2.8808,49.3173],[2.8874,49.3195],[2.8941,49.3138],[2.9002,49.3147],[2.9069,49.3073],[2.9057,49.295],[2.8968,49.286],[2.8915,49.2854]]]}},{"type":"Feature","properties":{"code":"60358","nom":"Lévignen","app":11.86,"app_bas":9.79,"app_haut":14.38,"app_ech":"maille","app_obs":32,"mai":11.7,"mai_bas":9.34,"mai_haut":14.64,"mai_ech":"maille","mai_obs":15},"geometry":{"type":"Polygon","coordinates":[[[2.8797,49.1899],[2.8739,49.1965],[2.8831,49.1959],[2.8963,49.1988],[2.902,49.2133],[2.9073,49.2135],[2.9243,49.2199],[2.9346,49.2151],[2.9386,49.2103],[2.9529,49.2033],[2.941,49.1995],[2.941,49.1897],[2.9085,49.1751],[2.8999,49.181],[2.8797,49.1899]]]}},{"type":"Feature","properties":{"code":"60445","nom":"Nampcel","app":12.28,"app_bas":9.86,"app_haut":15.29,"app_ech":"maille","app_obs":0,"mai":8.63,"mai_bas":7.22,"mai_haut":10.31,"mai_ech":"maille","mai_obs":7},"geometry":{"type":"Polygon","coordinates":[[[3.0564,49.4977],[3.0589,49.5006],[3.0731,49.5083],[3.0746,49.5142],[3.0898,49.5216],[3.0963,49.5179],[3.0958,49.5134],[3.1157,49.4955],[3.1213,49.4937],[3.1224,49.4797],[3.1115,49.4781],[3.1043,49.4731],[3.1071,49.4682],[3.0934,49.4685],[3.0789,49.4726],[3.0666,49.4894],[3.0564,49.4977]]]}},{"type":"Feature","properties":{"code":"60522","nom":"Quinquempoix","app":10.84,"app_bas":8.91,"app_haut":13.17,"app_ech":"maille","app_obs":0,"mai":8.4,"mai_bas":6.97,"mai_haut":10.13,"mai_ech":"maille","mai_obs":6},"geometry":{"type":"Polygon","coordinates":[[[2.4365,49.5565],[2.4361,49.5439],[2.4329,49.5361],[2.4086,49.5361],[2.3979,49.5483],[2.4098,49.559],[2.4365,49.5565]]]}},{"type":"Feature","properties":{"code":"60583","nom":"Saint-Léger-en-Bray","app":12.26,"app_bas":10.12,"app_haut":14.85,"app_ech":"maille","app_obs":0,"mai":11.81,"mai_bas":8.99,"mai_haut":15.52,"mai_ech":"maille","mai_obs":7},"geometry":{"type":"Polygon","coordinates":[[[2.0361,49.392],[2.0484,49.3853],[2.0319,49.3741],[2.0063,49.3895],[2.0066,49.3936],[2.0162,49.4009],[2.0251,49.399],[2.0361,49.392]]]}},{"type":"Feature","properties":{"code":"60671","nom":"Versigny","app":14.77,"app_bas":12.29,"app_haut":17.76,"app_ech":"maille","app_obs":11,"mai":11.16,"mai_bas":8.61,"mai_haut":14.46,"mai_ech":"maille","mai_obs":20},"geometry":{"type":"Polygon","coordinates":[[[2.8088,49.1876],[2.8187,49.1848],[2.8216,49.1648],[2.815,49.1573],[2.7844,49.154],[2.7638,49.1345],[2.765,49.1336],[2.7465,49.145],[2.7522,49.1622],[2.7562,49.1676],[2.7904,49.1733],[2.8072,49.1796],[2.8088,49.1876]]]}},{"type":"Feature","properties":{"code":"60676","nom":"Ville","app":9.42,"app_bas":7.7,"app_haut":11.53,"app_ech":"maille","app_obs":12,"mai":9.35,"mai_bas":7.65,"mai_haut":11.43,"mai_ech":"maille","mai_obs":16},"geometry":{"type":"Polygon","coordinates":[[[2.9237,49.5625],[2.9304,49.573],[2.9469,49.5708],[2.9529,49.5628],[2.953,49.5565],[2.9475,49.5495],[2.9231,49.5419],[2.915,49.5418],[2.9148,49.5472],[2.9237,49.5625]]]}},{"type":"Feature","properties":{"code":"60187","nom":"Cuigy-en-Bray","app":9.19,"app_bas":7.36,"app_haut":11.47,"app_ech":"maille","app_obs":0,"mai":8.54,"mai_bas":6.98,"mai_haut":10.44,"mai_ech":"maille","mai_obs":22},"geometry":{"type":"Polygon","coordinates":[[[1.8218,49.4491],[1.8271,49.4503],[1.8566,49.4408],[1.8632,49.441],[1.8568,49.4283],[1.8486,49.4241],[1.8462,49.4129],[1.8115,49.4214],[1.8109,49.4292],[1.8218,49.4491]]]}},{"type":"Feature","properties":{"code":"60201","nom":"Dompierre","app":10.84,"app_bas":8.91,"app_haut":13.17,"app_ech":"maille","app_obs":1,"mai":7.93,"mai_bas":6.47,"mai_haut":9.72,"mai_ech":"maille","mai_obs":10},"geometry":{"type":"Polygon","coordinates":[[[2.5256,49.6],[2.54,49.6038],[2.5466,49.5949],[2.5369,49.5856],[2.522,49.5789],[2.5221,49.5868],[2.5289,49.5931],[2.5256,49.6]]]}},{"type":"Feature","properties":{"code":"60264","nom":"Frocourt","app":11.49,"app_bas":9.26,"app_haut":14.26,"app_ech":"maille","app_obs":3,"mai":11.81,"mai_bas":8.99,"mai_haut":15.52,"mai_ech":"maille","mai_obs":34},"geometry":{"type":"Polygon","coordinates":[[[2.0791,49.3989],[2.0858,49.3922],[2.1037,49.3843],[2.1058,49.3774],[2.0908,49.3692],[2.0862,49.3605],[2.0842,49.368],[2.0711,49.3762],[2.0597,49.3793],[2.0586,49.3828],[2.0706,49.3901],[2.0791,49.3989]]]}},{"type":"Feature","properties":{"code":"60078","nom":"Blincourt","app":12.83,"app_bas":10.88,"app_haut":15.13,"app_ech":"maille","app_obs":17,"mai":10.1,"mai_bas":8.27,"mai_haut":12.34,"mai_ech":"maille","mai_obs":12},"geometry":{"type":"Polygon","coordinates":[[[2.61,49.3739],[2.6088,49.386],[2.6111,49.394],[2.6208,49.3972],[2.6328,49.3849],[2.6245,49.3753],[2.61,49.3739]]]}},{"type":"Feature","properties":{"code":"60117","nom":"Bussy","app":9.42,"app_bas":7.7,"app_haut":11.53,"app_ech":"maille","app_obs":0,"mai":8.63,"mai_bas":7.22,"mai_haut":10.31,"mai_ech":"maille","mai_obs":5},"geometry":{"type":"Polygon","coordinates":[[[2.9784,49.6442],[2.9819,49.6441],[2.995,49.6338],[2.998,49.6346],[2.9953,49.6299],[2.9839,49.6203],[2.9666,49.6219],[2.9648,49.625],[2.9698,49.6364],[2.9784,49.6442]]]}},{"type":"Feature","properties":{"code":"60446","nom":"Nanteuil-le-Haudouin","app":15.42,"app_bas":12.72,"app_haut":18.69,"app_ech":"commune","app_obs":513,"mai":12.22,"mai_bas":9.76,"mai_haut":15.29,"mai_ech":"commune","mai_obs":106},"geometry":{"type":"Polygon","coordinates":[[[2.8305,49.1172],[2.8136,49.1136],[2.8016,49.1225],[2.789,49.1247],[2.7671,49.1247],[2.765,49.1336],[2.7638,49.1345],[2.7844,49.154],[2.815,49.1573],[2.8216,49.1648],[2.8225,49.1547],[2.8585,49.1399],[2.8608,49.1355],[2.845,49.1288],[2.8305,49.1172]]]}},{"type":"Feature","properties":{"code":"60496","nom":"Plainville","app":13.44,"app_bas":11.11,"app_haut":16.26,"app_ech":"maille","app_obs":0,"mai":9.29,"mai_bas":7.67,"mai_haut":11.25,"mai_ech":"maille","mai_obs":0},"geometry":{"type":"Polygon","coordinates":[[[2.4719,49.6184],[2.4574,49.6036],[2.4374,49.6024],[2.4323,49.6063],[2.4292,49.6171],[2.4621,49.6226],[2.4719,49.6184]]]}},{"type":"Feature","properties":{"code":"60591","nom":"Saint-Paul","app":11.73,"app_bas":9.67,"app_haut":14.22,"app_ech":"maille","app_obs":53,"mai":11.52,"mai_bas":9.53,"mai_haut":13.93,"mai_ech":"maille","mai_obs":44},"geometry":{"type":"Polygon","coordinates":[[[1.9497,49.4338],[1.9545,49.4269],[1.962,49.4268],[1.9741,49.4369],[1.9814,49.4367],[2,49.4417],[2.0217,49.4339],[2.0143,49.4252],[2.0135,49.4189],[2.0056,49.4172],[1.9879,49.419],[1.98,49.4153],[1.9665,49.4202],[1.9627,49.4151],[1.9513,49.4188],[1.9489,49.432],[1.9497,49.4338]]]}},{"type":"Feature","properties":{"code":"60034","nom":"Avrechy","app":13.24,"app_bas":11.01,"app_haut":15.94,"app_ech":"maille","app_obs":27,"mai":9.64,"mai_bas":7.78,"mai_haut":11.94,"mai_ech":"maille","mai_obs":28},"geometry":{"type":"Polygon","coordinates":[[[2.38,49.4446],[2.3939,49.4467],[2.3999,49.458],[2.4058,49.4558],[2.4236,49.46],[2.4295,49.457],[2.4474,49.4564],[2.4547,49.4595],[2.457,49.4578],[2.4526,49.4407],[2.4579,49.4373],[2.4525,49.4308],[2.4458,49.431],[2.4243,49.4346],[2.3995,49.4312],[2.3926,49.438],[2.3822,49.4392],[2.38,49.4446]]]}},{"type":"Feature","properties":{"code":"60045","nom":"Barbery","app":13.52,"app_bas":11.51,"app_haut":15.9,"app_ech":"maille","app_obs":16,"mai":12.66,"mai_bas":10.08,"mai_haut":15.89,"mai_ech":"maille","mai_obs":29},"geometry":{"type":"Polygon","coordinates":[[[2.6495,49.2137],[2.6582,49.2266],[2.6478,49.2304],[2.6601,49.2329],[2.668,49.2323],[2.6759,49.2328],[2.6838,49.2374],[2.7031,49.2284],[2.6915,49.2203],[2.6868,49.2138],[2.6805,49.2154],[2.6659,49.2042],[2.6495,49.2137]]]}},{"type":"Feature","properties":{"code":"60179","nom":"Crèvecœur-le-Petit","app":10.84,"app_bas":8.91,"app_haut":13.17,"app_ech":"maille","app_obs":1,"mai":7.93,"mai_bas":6.47,"mai_haut":9.72,"mai_ech":"maille","mai_obs":4},"geometry":{"type":"Polygon","coordinates":[[[2.497,49.5875],[2.5036,49.58],[2.5161,49.5742],[2.509,49.5676],[2.4871,49.5612],[2.4928,49.575],[2.4894,49.588],[2.497,49.5875]]]}},{"type":"Feature","properties":{"code":"60223","nom":"Estrées-Saint-Denis","app":12.18,"app_bas":10.32,"app_haut":14.36,"app_ech":"commune","app_obs":239,"mai":11.01,"mai_bas":8.88,"mai_haut":13.64,"mai_ech":"commune","mai_obs":186},"geometry":{"type":"Polygon","coordinates":[[[2.6128,49.41],[2.6107,49.4208],[2.5991,49.4274],[2.6033,49.4368],[2.6237,49.4334],[2.6387,49.4422],[2.6489,49.4312],[2.6594,49.4337],[2.662,49.4239],[2.6493,49.4224],[2.6432,49.4182],[2.6295,49.4149],[2.6186,49.4093],[2.6128,49.41]]]}},{"type":"Feature","properties":{"code":"60072","nom":"Bitry","app":11.56,"app_bas":9.32,"app_haut":14.34,"app_ech":"maille","app_obs":0,"mai":9.35,"mai_bas":7.65,"mai_haut":11.43,"mai_ech":"maille","mai_obs":18},"geometry":{"type":"Polygon","coordinates":[[[3.0825,49.3978],[3.0656,49.3989],[3.0705,49.404],[3.0695,49.411],[3.0612,49.4159],[3.0652,49.424],[3.0668,49.4346],[3.0643,49.4382],[3.0709,49.4389],[3.0706,49.4351],[3.0788,49.4296],[3.071,49.4236],[3.0735,49.4203],[3.0953,49.4212],[3.0975,49.4094],[3.0956,49.398],[3.0825,49.3978]]]}},{"type":"Feature","properties":{"code":"60097","nom":"Boutencourt","app":11.44,"app_bas":9.09,"app_haut":14.4,"app_ech":"maille","app_obs":0,"mai":10.03,"mai_bas":8.09,"mai_haut":12.44,"mai_ech":"maille","mai_obs":3},"geometry":{"type":"Polygon","coordinates":[[[1.8619,49.3039],[1.858,49.31],[1.8399,49.3164],[1.847,49.3305],[1.8513,49.3341],[1.8593,49.3307],[1.8629,49.3236],[1.8767,49.3317],[1.8894,49.3279],[1.8925,49.3261],[1.9093,49.3327],[1.9105,49.3313],[1.8907,49.3195],[1.8898,49.3105],[1.8762,49.3144],[1.8619,49.3039]]]}},{"type":"Feature","properties":{"code":"60118","nom":"Caisnes","app":12.28,"app_bas":9.86,"app_haut":15.29,"app_ech":"maille","app_obs":14,"mai":8.63,"mai_bas":7.22,"mai_haut":10.31,"mai_ech":"maille","mai_obs":7},"geometry":{"type":"Polygon","coordinates":[[[3.0589,49.5006],[3.0518,49.5158],[3.0501,49.5306],[3.0599,49.5299],[3.0636,49.5358],[3.0743,49.5361],[3.0745,49.5268],[3.0898,49.5216],[3.0746,49.5142],[3.0731,49.5083],[3.0589,49.5006]]]}},{"type":"Feature","properties":{"code":"60396","nom":"Méry-la-Bataille","app":10.94,"app_bas":9.43,"app_haut":12.7,"app_ech":"maille","app_obs":6,"mai":8.4,"mai_bas":6.97,"mai_haut":10.13,"mai_ech":"maille","mai_obs":6},"geometry":{"type":"Polygon","coordinates":[[[2.6393,49.5231],[2.6393,49.5199],[2.624,49.5247],[2.6056,49.5371],[2.6034,49.5431],[2.6077,49.5457],[2.6114,49.5574],[2.6195,49.5559],[2.6415,49.5601],[2.6453,49.5633],[2.6551,49.5615],[2.6565,49.5574],[2.6565,49.5458],[2.6471,49.5425],[2.6391,49.5294],[2.6393,49.5231]]]}},{"type":"Feature","properties":{"code":"60458","nom":"Neuville-sur-Oudeuil","app":11.73,"app_bas":9.67,"app_haut":14.22,"app_ech":"maille","app_obs":0,"mai":9.04,"mai_bas":7.33,"mai_haut":11.16,"mai_ech":"maille","mai_obs":13},"geometry":{"type":"Polygon","coordinates":[[[2.011,49.5573],[2.0085,49.5578],[2.007,49.567],[1.9877,49.5654],[2.0021,49.5737],[2.0304,49.5795],[2.0339,49.5779],[2.0281,49.5641],[2.011,49.5573]]]}},{"type":"Feature","properties":{"code":"60067","nom":"Béthisy-Saint-Martin","app":12.1,"app_bas":10.3,"app_haut":14.21,"app_ech":"commune","app_obs":103,"mai":11.54,"mai_bas":9.17,"mai_haut":14.53,"mai_ech":"maille","mai_obs":53},"geometry":{"type":"Polygon","coordinates":[[[2.8234,49.3078],[2.8342,49.3051],[2.8382,49.2925],[2.8353,49.2876],[2.8259,49.2806],[2.8225,49.2737],[2.8069,49.2767],[2.8023,49.2704],[2.7808,49.2746],[2.7871,49.2894],[2.8146,49.2993],[2.8234,49.3078]]]}},{"type":"Feature","properties":{"code":"60227","nom":"Évricourt","app":9.42,"app_bas":7.7,"app_haut":11.53,"app_ech":"maille","app_obs":2,"mai":9.35,"mai_bas":7.65,"mai_haut":11.43,"mai_ech":"maille","mai_obs":10},"geometry":{"type":"Polygon","coordinates":[[[2.8988,49.5738],[2.9113,49.5785],[2.9229,49.5785],[2.9304,49.573],[2.9237,49.5625],[2.9046,49.5655],[2.8988,49.5738]]]}},{"type":"Feature","properties":{"code":"60084","nom":"Bonnières","app":11.73,"app_bas":9.67,"app_haut":14.22,"app_ech":"maille","app_obs":2,"mai":11.52,"mai_bas":9.53,"mai_haut":13.93,"mai_ech":"maille","mai_obs":4},"geometry":{"type":"Polygon","coordinates":[[[1.9468,49.4892],[1.9302,49.4942],[1.929,49.4972],[1.9403,49.5039],[1.9473,49.5052],[1.9522,49.5121],[1.9436,49.5149],[1.946,49.5309],[1.9673,49.5237],[1.9792,49.4998],[1.957,49.4945],[1.9468,49.4892]]]}},{"type":"Feature","properties":{"code":"60128","nom":"Canny-sur-Thérain","app":8.9,"app_bas":7.16,"app_haut":11.07,"app_ech":"maille","app_obs":0,"mai":7.81,"mai_bas":6.43,"mai_haut":9.48,"mai_ech":"maille","mai_obs":3},"geometry":{"type":"Polygon","coordinates":[[[1.6937,49.6011],[1.7046,49.6054],[1.7216,49.622],[1.7173,49.633],[1.7286,49.6293],[1.7335,49.6262],[1.7338,49.6142],[1.7236,49.6013],[1.7201,49.5897],[1.7094,49.5867],[1.7079,49.5951],[1.6937,49.6011]]]}},{"type":"Feature","properties":{"code":"60298","nom":"Hanvoile","app":9.54,"app_bas":7.81,"app_haut":11.67,"app_ech":"maille","app_obs":4,"mai":9.04,"mai_bas":7.33,"mai_haut":11.16,"mai_ech":"maille","mai_obs":41},"geometry":{"type":"Polygon","coordinates":[[[1.9001,49.5135],[1.9085,49.5033],[1.9034,49.5002],[1.8942,49.5044],[1.8862,49.5025],[1.8803,49.4936],[1.8656,49.4993],[1.866,49.5109],[1.8538,49.5125],[1.8559,49.5175],[1.8722,49.5227],[1.8954,49.5133],[1.9001,49.5135]]]}},{"type":"Feature","properties":{"code":"60469","nom":"Novillers","app":15.46,"app_bas":12.96,"app_haut":18.43,"app_ech":"maille","app_obs":10,"mai":12.62,"mai_bas":10.13,"mai_haut":15.73,"mai_ech":"maille","mai_obs":5},"geometry":{"type":"Polygon","coordinates":[[[2.2041,49.2697],[2.2046,49.2772],[2.2232,49.2831],[2.2301,49.2869],[2.2366,49.2824],[2.2289,49.2796],[2.2225,49.2694],[2.2245,49.2627],[2.2206,49.2553],[2.2067,49.2537],[2.2041,49.2697]]]}},{"type":"Feature","properties":{"code":"60524","nom":"Rantigny","app":13.24,"app_bas":11.25,"app_haut":15.59,"app_ech":"commune","app_obs":475,"mai":12.46,"mai_bas":9.98,"mai_haut":15.55,"mai_ech":"maille","mai_obs":82},"geometry":{"type":"Polygon","coordinates":[[[2.4234,49.3361],[2.4223,49.3413],[2.4311,49.3459],[2.4407,49.3476],[2.4498,49.3355],[2.4463,49.3284],[2.4488,49.3241],[2.4325,49.3209],[2.4222,49.3267],[2.4234,49.3361]]]}},{"type":"Feature","properties":{"code":"60581","nom":"Saint-Just-en-Chaussée","app":11.6,"app_bas":9.8,"app_haut":13.73,"app_ech":"commune","app_obs":743,"mai":8.57,"mai_bas":7,"mai_haut":10.5,"mai_ech":"commune","mai_obs":230},"geometry":{"type":"Polygon","coordinates":[[[2.4435,49.4946],[2.4267,49.4943],[2.416,49.4897],[2.3923,49.4895],[2.3912,49.4976],[2.3935,49.5072],[2.4025,49.514],[2.4074,49.5215],[2.3968,49.5273],[2.3988,49.5345],[2.4086,49.5361],[2.4329,49.5361],[2.4324,49.5242],[2.4447,49.5105],[2.4413,49.504],[2.4435,49.4946]]]}},{"type":"Feature","properties":{"code":"60601","nom":"Saint-Vaast-lès-Mello","app":13.11,"app_bas":11.04,"app_haut":15.56,"app_ech":"maille","app_obs":61,"mai":12.05,"mai_bas":9.56,"mai_haut":15.2,"mai_ech":"maille","mai_obs":39},"geometry":{"type":"Polygon","coordinates":[[[2.4081,49.2592],[2.3819,49.2603],[2.3781,49.2619],[2.3774,49.2679],[2.3923,49.2901],[2.4086,49.2961],[2.4109,49.2916],[2.4232,49.2854],[2.4328,49.2839],[2.4354,49.2812],[2.4044,49.2754],[2.401,49.2704],[2.4081,49.2592]]]}},{"type":"Feature","properties":{"code":"60611","nom":"Senantes","app":11.44,"app_bas":9.09,"app_haut":14.4,"app_ech":"maille","app_obs":0,"mai":9,"mai_bas":7.22,"mai_haut":11.22,"mai_ech":"maille","mai_obs":14},"geometry":{"type":"Polygon","coordinates":[[[1.8218,49.4491],[1.8012,49.4534],[1.7997,49.4561],[1.8082,49.4706],[1.817,49.4959],[1.8322,49.5077],[1.8356,49.5144],[1.866,49.5109],[1.8656,49.4993],[1.8564,49.4883],[1.8559,49.4761],[1.8392,49.4639],[1.8271,49.4503],[1.8218,49.4491]]]}},{"type":"Feature","properties":{"code":"60629","nom":"Thérines","app":8.9,"app_bas":7.16,"app_haut":11.07,"app_ech":"maille","app_obs":0,"mai":7.76,"mai_bas":6.27,"mai_haut":9.59,"mai_ech":"maille","mai_obs":2},"geometry":{"type":"Polygon","coordinates":[[[1.8689,49.5945],[1.871,49.6006],[1.8799,49.6118],[1.8807,49.6224],[1.8927,49.6261],[1.9038,49.6224],[1.9005,49.6119],[1.9231,49.598],[1.9134,49.5963],[1.9068,49.5904],[1.9062,49.5851],[1.8915,49.5803],[1.8883,49.5899],[1.884,49.5928],[1.8689,49.5945]]]}},{"type":"Feature","properties":{"code":"60693","nom":"Villeselve","app":10.02,"app_bas":8.16,"app_haut":12.31,"app_ech":"maille","app_obs":0,"mai":8.63,"mai_bas":7.22,"mai_haut":10.31,"mai_ech":"maille","mai_obs":18},"geometry":{"type":"Polygon","coordinates":[[[3.1184,49.706],[3.1255,49.6961],[3.1188,49.6795],[3.1274,49.6696],[3.1277,49.6619],[3.1083,49.6647],[3.099,49.684],[3.1065,49.6886],[3.0992,49.6987],[3.0926,49.6996],[3.0995,49.7064],[3.1184,49.706]]]}},{"type":"Feature","properties":{"code":"60250","nom":"Fouquenies","app":11.73,"app_bas":9.67,"app_haut":14.22,"app_ech":"maille","app_obs":8,"mai":11.52,"mai_bas":9.53,"mai_haut":13.93,"mai_ech":"maille","mai_obs":16},"geometry":{"type":"Polygon","coordinates":[[[2.0601,49.4628],[2.0603,49.4594],[2.0382,49.4525],[2.0164,49.4617],[2.006,49.4638],[2.0061,49.4736],[2.0235,49.4783],[2.0401,49.4712],[2.0499,49.4635],[2.0601,49.4628]]]}},{"type":"Feature","properties":{"code":"60356","nom":"Lavilletertre","app":15.01,"app_bas":12.42,"app_haut":18.13,"app_ech":"maille","app_obs":16,"mai":12.81,"mai_bas":9.93,"mai_haut":16.52,"mai_ech":"maille","mai_obs":11},"geometry":{"type":"Polygon","coordinates":[[[1.9168,49.2107],[1.9292,49.2134],[1.9446,49.2081],[1.9488,49.209],[1.9661,49.1931],[1.9643,49.1867],[1.9734,49.1839],[1.9627,49.1746],[1.953,49.1715],[1.9343,49.1736],[1.9061,49.1801],[1.895,49.1842],[1.8907,49.1874],[1.9005,49.1953],[1.9079,49.1938],[1.9168,49.2107]]]}},{"type":"Feature","properties":{"code":"60388","nom":"Martincourt","app":9.54,"app_bas":7.81,"app_haut":11.67,"app_ech":"maille","app_obs":0,"mai":9.04,"mai_bas":7.33,"mai_haut":11.16,"mai_ech":"maille","mai_obs":1},"geometry":{"type":"Polygon","coordinates":[[[1.9001,49.5135],[1.8954,49.5133],[1.8748,49.522],[1.8878,49.5224],[1.9038,49.5415],[1.9103,49.5446],[1.9302,49.5514],[1.9327,49.5477],[1.9239,49.5409],[1.9133,49.538],[1.9107,49.5211],[1.9001,49.5135]]]}},{"type":"Feature","properties":{"code":"60577","nom":"Saint-Germer-de-Fly","app":9.19,"app_bas":7.36,"app_haut":11.47,"app_ech":"maille","app_obs":28,"mai":8.54,"mai_bas":6.98,"mai_haut":10.44,"mai_ech":"maille","mai_obs":65},"geometry":{"type":"Polygon","coordinates":[[[1.8115,49.4214],[1.8116,49.415],[1.8018,49.4105],[1.7899,49.4156],[1.7981,49.4243],[1.7897,49.4276],[1.7803,49.4269],[1.7604,49.4289],[1.7498,49.4314],[1.7399,49.4493],[1.7513,49.4523],[1.7474,49.4594],[1.766,49.466],[1.7772,49.4639],[1.7997,49.4561],[1.8012,49.4534],[1.8218,49.4491],[1.8109,49.4292],[1.8115,49.4214]]]}},{"type":"Feature","properties":{"code":"60585","nom":"Saint-Martin-aux-Bois","app":13.24,"app_bas":11.01,"app_haut":15.94,"app_ech":"maille","app_obs":1,"mai":7.93,"mai_bas":6.47,"mai_haut":9.72,"mai_ech":"maille","mai_obs":9},"geometry":{"type":"Polygon","coordinates":[[[2.535,49.5242],[2.5432,49.5407],[2.541,49.5452],[2.5523,49.5417],[2.559,49.5355],[2.5704,49.5347],[2.5773,49.5302],[2.5878,49.5286],[2.5822,49.5101],[2.5662,49.5115],[2.5661,49.5185],[2.5586,49.5185],[2.5451,49.5141],[2.5306,49.5141],[2.535,49.5242]]]}},{"type":"Feature","properties":{"code":"60605","nom":"Sarnois","app":11.44,"app_bas":9.34,"app_haut":14,"app_ech":"maille","app_obs":4,"mai":7.76,"mai_bas":6.27,"mai_haut":9.59,"mai_ech":"maille","mai_obs":26},"geometry":{"type":"Polygon","coordinates":[[[1.9094,49.6703],[1.8998,49.6799],[1.9038,49.6846],[1.9073,49.6868],[1.9207,49.6861],[1.9377,49.691],[1.9531,49.6823],[1.9356,49.6738],[1.9209,49.6695],[1.9094,49.6703]]]}},{"type":"Feature","properties":{"code":"60620","nom":"Silly-Tillard","app":13.68,"app_bas":11.02,"app_haut":17,"app_ech":"maille","app_obs":2,"mai":12.62,"mai_bas":10.13,"mai_haut":15.73,"mai_ech":"maille","mai_obs":1},"geometry":{"type":"Polygon","coordinates":[[[2.1829,49.3256],[2.1674,49.3153],[2.163,49.3101],[2.1688,49.3041],[2.1613,49.2965],[2.1531,49.2946],[2.1378,49.2997],[2.1393,49.3131],[2.1228,49.3216],[2.1387,49.3308],[2.1738,49.3357],[2.1829,49.3256]]]}},{"type":"Feature","properties":{"code":"60644","nom":"Trie-Château","app":13.72,"app_bas":10.91,"app_haut":17.24,"app_ech":"commune","app_obs":114,"mai":10.03,"mai_bas":8.09,"mai_haut":12.44,"mai_ech":"maille","mai_obs":19},"geometry":{"type":"Polygon","coordinates":[[[1.7844,49.2932],[1.7998,49.2987],[1.8048,49.3047],[1.81,49.3027],[1.8288,49.3047],[1.8288,49.2992],[1.8268,49.2913],[1.8283,49.2793],[1.8426,49.2734],[1.837,49.2654],[1.8232,49.2714],[1.7932,49.2743],[1.7965,49.2841],[1.7844,49.2932]]]}},{"type":"Feature","properties":{"code":"60209","nom":"Énencourt-le-Sec","app":12.26,"app_bas":10.12,"app_haut":14.85,"app_ech":"maille","app_obs":1,"mai":10.03,"mai_bas":8.09,"mai_haut":12.44,"mai_ech":"maille","mai_obs":13},"geometry":{"type":"Polygon","coordinates":[[[1.9255,49.2842],[1.9146,49.2894],[1.9062,49.2872],[1.8991,49.2805],[1.8875,49.2838],[1.8922,49.2902],[1.9128,49.3001],[1.9169,49.3111],[1.9265,49.3114],[1.9343,49.3019],[1.9425,49.2959],[1.9255,49.2842]]]}},{"type":"Feature","properties":{"code":"60071","nom":"Biermont","app":11.23,"app_bas":9.43,"app_haut":13.38,"app_ech":"maille","app_obs":0,"mai":10.16,"mai_bas":8.26,"mai_haut":12.5,"mai_ech":"maille","mai_obs":2},"geometry":{"type":"Polygon","coordinates":[[[2.7539,49.5681],[2.7424,49.5688],[2.734,49.5667],[2.7251,49.5807],[2.7268,49.5881],[2.7394,49.5876],[2.7488,49.5846],[2.7561,49.5748],[2.7539,49.5681]]]}},{"type":"Feature","properties":{"code":"60086","nom":"Boran-sur-Oise","app":16.18,"app_bas":13.92,"app_haut":18.81,"app_ech":"commune","app_obs":104,"mai":14.01,"mai_bas":10.74,"mai_haut":18.26,"mai_ech":"maille","mai_obs":79},"geometry":{"type":"Polygon","coordinates":[[[2.3218,49.1844],[2.3293,49.1921],[2.3358,49.1967],[2.3621,49.1923],[2.3708,49.1854],[2.3741,49.1731],[2.3701,49.1666],[2.3732,49.1593],[2.3593,49.1473],[2.3463,49.1618],[2.3223,49.1809],[2.3218,49.1844]]]}},{"type":"Feature","properties":{"code":"60565","nom":"Saint-André-Farivillers","app":11.18,"app_bas":9.47,"app_haut":13.21,"app_ech":"maille","app_obs":0,"mai":8.88,"mai_bas":7.58,"mai_haut":10.4,"mai_ech":"maille","mai_obs":22},"geometry":{"type":"Polygon","coordinates":[[[2.3034,49.5988],[2.3073,49.5914],[2.3206,49.5867],[2.3364,49.5887],[2.3419,49.5694],[2.3305,49.571],[2.3197,49.5809],[2.313,49.5824],[2.3068,49.5713],[2.2938,49.5663],[2.287,49.5648],[2.2749,49.569],[2.2734,49.5752],[2.2744,49.5784],[2.2674,49.5879],[2.2906,49.5998],[2.3034,49.5988]]]}},{"type":"Feature","properties":{"code":"60664","nom":"Vendeuil-Caply","app":13.44,"app_bas":11.11,"app_haut":16.26,"app_ech":"maille","app_obs":3,"mai":9.29,"mai_bas":7.67,"mai_haut":11.25,"mai_ech":"maille","mai_obs":27},"geometry":{"type":"Polygon","coordinates":[[[2.2568,49.5954],[2.2715,49.6067],[2.2692,49.6127],[2.2978,49.6255],[2.3099,49.6283],[2.3307,49.6259],[2.3342,49.6222],[2.3171,49.614],[2.3051,49.6032],[2.3034,49.5988],[2.2906,49.5998],[2.2674,49.5879],[2.2568,49.5954]]]}},{"type":"Feature","properties":{"code":"60503","nom":"Ployron","app":10.43,"app_bas":8.8,"app_haut":12.35,"app_ech":"maille","app_obs":0,"mai":7.93,"mai_bas":6.47,"mai_haut":9.72,"mai_ech":"maille","mai_obs":8},"geometry":{"type":"Polygon","coordinates":[[[2.5816,49.5993],[2.5903,49.5934],[2.6001,49.5819],[2.5954,49.5744],[2.5889,49.5723],[2.5838,49.5787],[2.5707,49.5813],[2.5625,49.5885],[2.5709,49.5925],[2.5716,49.5971],[2.5816,49.5993]]]}},{"type":"Feature","properties":{"code":"60014","nom":"Angivillers","app":13.24,"app_bas":11.01,"app_haut":15.94,"app_ech":"maille","app_obs":5,"mai":7.93,"mai_bas":6.47,"mai_haut":9.72,"mai_ech":"maille","mai_obs":9},"geometry":{"type":"Polygon","coordinates":[[[2.5265,49.4796],[2.5014,49.4821],[2.4943,49.4773],[2.4842,49.4791],[2.4731,49.4956],[2.4726,49.4984],[2.4811,49.4968],[2.5093,49.5001],[2.5266,49.481],[2.5265,49.4796]]]}},{"type":"Feature","properties":{"code":"60145","nom":"Chelles","app":12.36,"app_bas":10.07,"app_haut":15.17,"app_ech":"maille","app_obs":5,"mai":10.68,"mai_bas":7.87,"mai_haut":14.51,"mai_ech":"maille","mai_obs":2},"geometry":{"type":"Polygon","coordinates":[[[3.0127,49.3372],[3.0209,49.3464],[3.0286,49.3653],[3.0373,49.3634],[3.0545,49.3571],[3.0686,49.3473],[3.0574,49.3398],[3.0429,49.3336],[3.0363,49.3257],[3.0291,49.3326],[3.0127,49.3372]]]}},{"type":"Feature","properties":{"code":"60289","nom":"Grez","app":11.44,"app_bas":9.34,"app_haut":14,"app_ech":"maille","app_obs":1,"mai":10.06,"mai_bas":8.06,"mai_haut":12.55,"mai_ech":"maille","mai_obs":13},"geometry":{"type":"Polygon","coordinates":[[[1.9752,49.6457],[1.9941,49.6424],[1.9976,49.6257],[1.9782,49.6193],[1.9696,49.6227],[1.9617,49.6352],[1.9592,49.6422],[1.9634,49.6459],[1.9752,49.6457]]]}},{"type":"Feature","properties":{"code":"60299","nom":"Hardivillers","app":13.44,"app_bas":11.11,"app_haut":16.26,"app_ech":"maille","app_obs":1,"mai":10.06,"mai_bas":8.06,"mai_haut":12.55,"mai_ech":"maille","mai_obs":44},"geometry":{"type":"Polygon","coordinates":[[[2.2436,49.6325],[2.254,49.6156],[2.2445,49.6105],[2.2381,49.6111],[2.2279,49.6027],[2.2001,49.6036],[2.2027,49.6137],[2.2031,49.6267],[2.2075,49.6342],[2.2134,49.6321],[2.2415,49.6364],[2.2436,49.6325]]]}},{"type":"Feature","properties":{"code":"60368","nom":"Longueil-Annel","app":11.23,"app_bas":9.43,"app_haut":13.38,"app_ech":"maille","app_obs":96,"mai":10.88,"mai_bas":8.76,"mai_haut":13.52,"mai_ech":"commune","mai_obs":155},"geometry":{"type":"Polygon","coordinates":[[[2.8744,49.4613],[2.8654,49.4552],[2.8565,49.4576],[2.8509,49.4536],[2.8472,49.4529],[2.8316,49.4631],[2.8307,49.4657],[2.8387,49.4716],[2.8442,49.4794],[2.8614,49.4793],[2.8747,49.468],[2.8744,49.4613]]]}},{"type":"Feature","properties":{"code":"60376","nom":"Maisoncelle-Saint-Pierre","app":11.18,"app_bas":9.47,"app_haut":13.21,"app_ech":"maille","app_obs":0,"mai":9.95,"mai_bas":8.14,"mai_haut":12.16,"mai_ech":"maille","mai_obs":12},"geometry":{"type":"Polygon","coordinates":[[[2.1131,49.5307],[2.1326,49.5238],[2.1289,49.5175],[2.1317,49.5087],[2.13,49.5012],[2.1175,49.4986],[2.1191,49.5093],[2.1138,49.5108],[2.1082,49.5228],[2.1131,49.5307]]]}},{"type":"Feature","properties":{"code":"60402","nom":"Meux","app":12.91,"app_bas":10.79,"app_haut":15.43,"app_ech":"commune","app_obs":113,"mai":11.09,"mai_bas":9.05,"mai_haut":13.58,"mai_ech":"commune","mai_obs":134},"geometry":{"type":"Polygon","coordinates":[[[2.7581,49.3442],[2.747,49.3555],[2.7309,49.3571],[2.7235,49.3796],[2.7341,49.3802],[2.7504,49.3874],[2.7571,49.379],[2.7554,49.363],[2.7642,49.361],[2.767,49.3547],[2.7645,49.3483],[2.7581,49.3442]]]}},{"type":"Feature","properties":{"code":"60466","nom":"Noroy","app":11.87,"app_bas":9.57,"app_haut":14.73,"app_ech":"maille","app_obs":0,"mai":11.23,"mai_bas":9.14,"mai_haut":13.8,"mai_ech":"maille","mai_obs":6},"geometry":{"type":"Polygon","coordinates":[[[2.4926,49.4407],[2.497,49.4541],[2.509,49.4569],[2.5224,49.4497],[2.5285,49.4401],[2.5275,49.4354],[2.5221,49.4322],[2.5065,49.4282],[2.5021,49.4356],[2.4926,49.4407]]]}},{"type":"Feature","properties":{"code":"60494","nom":"Plailly","app":16.27,"app_bas":13.7,"app_haut":19.32,"app_ech":"commune","app_obs":176,"mai":12.85,"mai_bas":9.77,"mai_haut":16.9,"mai_ech":"maille","mai_obs":53},"geometry":{"type":"Polygon","coordinates":[[[2.5799,49.0897],[2.5882,49.093],[2.5795,49.0976],[2.5732,49.0942],[2.5595,49.0976],[2.552,49.1139],[2.5562,49.1186],[2.5526,49.1241],[2.5427,49.1221],[2.5524,49.126],[2.5628,49.14],[2.5788,49.1413],[2.5858,49.1399],[2.5923,49.1343],[2.5844,49.121],[2.5955,49.1122],[2.6001,49.1014],[2.6103,49.0949],[2.6072,49.0891],[2.5905,49.0797],[2.583,49.0807],[2.5799,49.0897]]]}},{"type":"Feature","properties":{"code":"60553","nom":"Rouvillers","app":12.83,"app_bas":10.88,"app_haut":15.13,"app_ech":"maille","app_obs":0,"mai":9.64,"mai_bas":7.78,"mai_haut":11.94,"mai_ech":"maille","mai_obs":1},"geometry":{"type":"Polygon","coordinates":[[[2.6297,49.4752],[2.6425,49.4765],[2.652,49.4741],[2.6573,49.4793],[2.6617,49.4691],[2.6542,49.4557],[2.6483,49.4573],[2.6387,49.4422],[2.6237,49.4334],[2.6033,49.4368],[2.5968,49.4403],[2.5987,49.4477],[2.6174,49.4647],[2.6295,49.4678],[2.6297,49.4752]]]}},{"type":"Feature","properties":{"code":"60557","nom":"Roy-Boissy","app":9.54,"app_bas":7.81,"app_haut":11.67,"app_ech":"maille","app_obs":1,"mai":9.04,"mai_bas":7.33,"mai_haut":11.16,"mai_ech":"maille","mai_obs":6},"geometry":{"type":"Polygon","coordinates":[[[1.8915,49.5803],[1.9062,49.5851],[1.9068,49.5904],[1.9134,49.5963],[1.9231,49.598],[1.9275,49.5998],[1.9449,49.5863],[1.9476,49.572],[1.943,49.5691],[1.9214,49.5634],[1.9033,49.5678],[1.8978,49.5713],[1.8836,49.5746],[1.8915,49.5803]]]}},{"type":"Feature","properties":{"code":"60622","nom":"Sommereux","app":10.53,"app_bas":8.71,"app_haut":12.73,"app_ech":"maille","app_obs":22,"mai":7.76,"mai_bas":6.27,"mai_haut":9.59,"mai_ech":"maille","mai_obs":12},"geometry":{"type":"Polygon","coordinates":[[[2.0487,49.688],[2.0509,49.6864],[2.0473,49.6793],[2.0349,49.6737],[2.0442,49.6588],[2.0303,49.6587],[2.0112,49.6653],[1.9775,49.6675],[1.9591,49.6663],[1.9544,49.6812],[1.9667,49.683],[1.9886,49.6888],[2.0039,49.6784],[2.0112,49.6772],[2.0266,49.6804],[2.0301,49.6882],[2.0487,49.688]]]}},{"type":"Feature","properties":{"code":"60083","nom":"Bonneuil-en-Valois","app":12.36,"app_bas":10.07,"app_haut":15.17,"app_ech":"maille","app_obs":20,"mai":9.75,"mai_bas":7.89,"mai_haut":12.06,"mai_ech":"maille","mai_obs":8},"geometry":{"type":"Polygon","coordinates":[[[2.9522,49.2806],[2.9632,49.2883],[2.9701,49.3026],[2.9945,49.2951],[2.987,49.291],[2.9946,49.2866],[3.0056,49.2928],[3.0146,49.2889],[3.0142,49.2818],[3.0105,49.2762],[3.0004,49.2748],[2.9869,49.2603],[2.98,49.2561],[2.9615,49.2705],[2.9533,49.269],[2.9522,49.2806]]]}},{"type":"Feature","properties":{"code":"60092","nom":"Boullarre","app":11.86,"app_bas":9.79,"app_haut":14.38,"app_ech":"maille","app_obs":1,"mai":11.7,"mai_bas":9.34,"mai_haut":14.64,"mai_ech":"maille","mai_obs":11},"geometry":{"type":"Polygon","coordinates":[[[3.0063,49.116],[2.995,49.1172],[2.9879,49.1237],[2.9865,49.1311],[2.9948,49.1428],[3.0277,49.1395],[3.0418,49.1333],[3.0063,49.116]]]}},{"type":"Feature","properties":{"code":"60342","nom":"Laigneville","app":13.63,"app_bas":11.48,"app_haut":16.17,"app_ech":"commune","app_obs":380,"mai":11.94,"mai_bas":9.37,"mai_haut":15.2,"mai_ech":"commune","mai_obs":108},"geometry":{"type":"Polygon","coordinates":[[[2.4564,49.2895],[2.4435,49.2809],[2.4328,49.2839],[2.4232,49.2854],[2.4109,49.2916],[2.4086,49.2961],[2.4072,49.3032],[2.4239,49.3079],[2.4428,49.3107],[2.4565,49.3101],[2.4583,49.3004],[2.4496,49.2943],[2.4564,49.2895]]]}},{"type":"Feature","properties":{"code":"60357","nom":"Léglantiers","app":13.24,"app_bas":11.01,"app_haut":15.94,"app_ech":"maille","app_obs":8,"mai":7.93,"mai_bas":6.47,"mai_haut":9.72,"mai_ech":"maille","mai_obs":15},"geometry":{"type":"Polygon","coordinates":[[[2.5451,49.5141],[2.5504,49.4999],[2.5485,49.4871],[2.5266,49.481],[2.5093,49.5001],[2.5194,49.5097],[2.5306,49.5141],[2.5451,49.5141]]]}},{"type":"Feature","properties":{"code":"60373","nom":"Machemont","app":11.23,"app_bas":9.43,"app_haut":13.38,"app_ech":"maille","app_obs":13,"mai":10.16,"mai_bas":8.3,"mai_haut":12.45,"mai_ech":"maille","mai_obs":24},"geometry":{"type":"Polygon","coordinates":[[[2.8841,49.4881],[2.863,49.4996],[2.8629,49.5174],[2.8688,49.5227],[2.8709,49.5309],[2.8814,49.5324],[2.8809,49.5257],[2.8879,49.5217],[2.8875,49.5159],[2.8815,49.5102],[2.8904,49.4998],[2.8841,49.4881]]]}},{"type":"Feature","properties":{"code":"60394","nom":"Ménévillers","app":13.24,"app_bas":11.01,"app_haut":15.94,"app_ech":"maille","app_obs":0,"mai":9.64,"mai_bas":7.78,"mai_haut":11.94,"mai_ech":"maille","mai_obs":1},"geometry":{"type":"Polygon","coordinates":[[[2.5958,49.5076],[2.5843,49.5164],[2.5878,49.5286],[2.6005,49.5292],[2.6056,49.5371],[2.624,49.5247],[2.6098,49.5095],[2.5958,49.5076]]]}},{"type":"Feature","properties":{"code":"60406","nom":"Monceaux","app":13.11,"app_bas":11,"app_haut":15.62,"app_ech":"maille","app_obs":27,"mai":11.07,"mai_bas":9.11,"mai_haut":13.47,"mai_ech":"maille","mai_obs":51},"geometry":{"type":"Polygon","coordinates":[[[2.6031,49.3316],[2.5841,49.3286],[2.5731,49.3238],[2.57,49.3129],[2.5455,49.3149],[2.5448,49.3239],[2.5538,49.3395],[2.6036,49.3331],[2.6031,49.3316]]]}},{"type":"Feature","properties":{"code":"60473","nom":"Ognes","app":14.18,"app_bas":12.11,"app_haut":16.6,"app_ech":"maille","app_obs":1,"mai":14.01,"mai_bas":10.4,"mai_haut":18.86,"mai_ech":"maille","mai_obs":1},"geometry":{"type":"Polygon","coordinates":[[[2.8305,49.1172],[2.8365,49.1074],[2.8482,49.0965],[2.8449,49.0849],[2.8361,49.083],[2.8199,49.0874],[2.8093,49.0975],[2.8154,49.1062],[2.8136,49.1136],[2.8305,49.1172]]]}},{"type":"Feature","properties":{"code":"60514","nom":"Prévillers","app":11.44,"app_bas":9.34,"app_haut":14,"app_ech":"maille","app_obs":13,"mai":7.76,"mai_bas":6.27,"mai_haut":9.59,"mai_ech":"maille","mai_obs":4},"geometry":{"type":"Polygon","coordinates":[[[1.9976,49.6257],[2.013,49.634],[2.0218,49.6204],[2.0063,49.6142],[2.0046,49.6022],[2.0027,49.6002],[1.9858,49.6107],[1.9809,49.612],[1.9782,49.6193],[1.9976,49.6257]]]}},{"type":"Feature","properties":{"code":"60566","nom":"Saint-Arnoult","app":9.86,"app_bas":8.17,"app_haut":11.92,"app_ech":"maille","app_obs":0,"mai":8.54,"mai_bas":6.98,"mai_haut":10.44,"mai_ech":"maille","mai_obs":6},"geometry":{"type":"Polygon","coordinates":[[[1.7757,49.6402],[1.7894,49.6393],[1.7996,49.6484],[1.8145,49.651],[1.8181,49.6431],[1.8267,49.6434],[1.8324,49.6341],[1.8224,49.6257],[1.8072,49.6263],[1.7901,49.6243],[1.7858,49.6259],[1.7757,49.6402]]]}},{"type":"Feature","properties":{"code":"60645","nom":"Trie-la-Ville","app":15.01,"app_bas":12.42,"app_haut":18.13,"app_ech":"maille","app_obs":3,"mai":10.03,"mai_bas":8.09,"mai_haut":12.44,"mai_ech":"maille","mai_obs":8},"geometry":{"type":"Polygon","coordinates":[[[1.8621,49.2895],[1.8426,49.2734],[1.8283,49.2793],[1.8268,49.2913],[1.8288,49.2992],[1.8482,49.2928],[1.8561,49.292],[1.8621,49.2895]]]}},{"type":"Feature","properties":{"code":"60040","nom":"Bailleul-le-Soc","app":13.24,"app_bas":11.01,"app_haut":15.94,"app_ech":"maille","app_obs":11,"mai":10.1,"mai_bas":8.27,"mai_haut":12.34,"mai_ech":"maille","mai_obs":11},"geometry":{"type":"Polygon","coordinates":[[[2.5931,49.3999],[2.5713,49.4051],[2.552,49.4176],[2.5508,49.4207],[2.5618,49.4265],[2.5512,49.43],[2.5625,49.433],[2.5692,49.4399],[2.5814,49.4438],[2.5968,49.4403],[2.6033,49.4368],[2.5991,49.4274],[2.6107,49.4208],[2.6128,49.41],[2.6064,49.4039],[2.5931,49.3999]]]}},{"type":"Feature","properties":{"code":"60216","nom":"Erquinvillers","app":11.87,"app_bas":9.57,"app_haut":14.73,"app_ech":"maille","app_obs":0,"mai":9.64,"mai_bas":7.78,"mai_haut":11.94,"mai_ech":"maille","mai_obs":3},"geometry":{"type":"Polygon","coordinates":[[[2.509,49.4569],[2.4824,49.4498],[2.466,49.4636],[2.4887,49.4674],[2.5141,49.4614],[2.509,49.4569]]]}},{"type":"Feature","properties":{"code":"60134","nom":"Cauffry","app":12.95,"app_bas":10.91,"app_haut":15.36,"app_ech":"commune","app_obs":125,"mai":12.46,"mai_bas":9.98,"mai_haut":15.55,"mai_ech":"maille","mai_obs":50},"geometry":{"type":"Polygon","coordinates":[[[2.4577,49.3162],[2.458,49.3108],[2.4565,49.3101],[2.4428,49.3107],[2.4239,49.3079],[2.4072,49.3032],[2.3968,49.309],[2.4325,49.3209],[2.4488,49.3241],[2.4577,49.3162]]]}},{"type":"Feature","properties":{"code":"60141","nom":"Chantilly","app":19.8,"app_bas":15.54,"app_haut":25.22,"app_ech":"commune","app_obs":3261,"mai":17.69,"mai_bas":13.88,"mai_haut":22.55,"mai_ech":"commune","mai_obs":145},"geometry":{"type":"Polygon","coordinates":[[[2.461,49.2027],[2.4693,49.2032],[2.4667,49.1979],[2.4816,49.1985],[2.501,49.1945],[2.4972,49.1842],[2.4917,49.183],[2.5088,49.1666],[2.526,49.1724],[2.5245,49.1605],[2.4813,49.1575],[2.4637,49.1628],[2.4539,49.1604],[2.4479,49.1662],[2.4566,49.1796],[2.4589,49.1885],[2.4567,49.2021],[2.461,49.2027]]]}},{"type":"Feature","properties":{"code":"60318","nom":"Houdancourt","app":13.11,"app_bas":11,"app_haut":15.62,"app_ech":"maille","app_obs":22,"mai":11.07,"mai_bas":9.11,"mai_haut":13.47,"mai_ech":"maille","mai_obs":27},"geometry":{"type":"Polygon","coordinates":[[[2.6248,49.332],[2.6332,49.3349],[2.6329,49.3474],[2.647,49.3564],[2.6549,49.3569],[2.6599,49.3284],[2.6755,49.3251],[2.6723,49.32],[2.6539,49.3232],[2.6379,49.3277],[2.6296,49.3257],[2.6248,49.332]]]}},{"type":"Feature","properties":{"code":"60339","nom":"Lafraye","app":13.68,"app_bas":11.02,"app_haut":17,"app_ech":"maille","app_obs":46,"mai":9.95,"mai_bas":8.14,"mai_haut":12.16,"mai_ech":"maille","mai_obs":24},"geometry":{"type":"Polygon","coordinates":[[[2.2036,49.5095],[2.2203,49.5083],[2.2299,49.5003],[2.2215,49.4875],[2.213,49.4777],[2.1966,49.4835],[2.1934,49.4866],[2.1988,49.494],[2.2036,49.5095]]]}},{"type":"Feature","properties":{"code":"60366","nom":"Litz","app":11.87,"app_bas":9.57,"app_haut":14.73,"app_ech":"maille","app_obs":0,"mai":11.23,"mai_bas":9.14,"mai_haut":13.8,"mai_ech":"maille","mai_obs":8},"geometry":{"type":"Polygon","coordinates":[[[2.2996,49.4302],[2.3082,49.4434],[2.3325,49.4482],[2.3387,49.4443],[2.3339,49.439],[2.3353,49.4319],[2.3409,49.4262],[2.3397,49.4212],[2.3567,49.4151],[2.338,49.4083],[2.3256,49.4082],[2.3175,49.411],[2.3167,49.4139],[2.3036,49.4175],[2.2996,49.4302]]]}},{"type":"Feature","properties":{"code":"60412","nom":"Montagny-en-Vexin","app":13.99,"app_bas":11.83,"app_haut":16.54,"app_ech":"maille","app_obs":4,"mai":12.81,"mai_bas":9.93,"mai_haut":16.52,"mai_ech":"maille","mai_obs":2},"geometry":{"type":"Polygon","coordinates":[[[1.7936,49.1803],[1.7769,49.1852],[1.7833,49.1871],[1.7864,49.199],[1.7947,49.205],[1.8033,49.2069],[1.8146,49.1994],[1.797,49.1852],[1.7936,49.1803]]]}},{"type":"Feature","properties":{"code":"60211","nom":"Éragny-sur-Epte","app":11.44,"app_bas":9.09,"app_haut":14.4,"app_ech":"maille","app_obs":4,"mai":9,"mai_bas":7.22,"mai_haut":11.22,"mai_ech":"maille","mai_obs":12},"geometry":{"type":"Polygon","coordinates":[[[1.7844,49.2932],[1.7724,49.2937],[1.7756,49.2997],[1.7722,49.3117],[1.7676,49.3159],[1.7707,49.3256],[1.798,49.3304],[1.8082,49.3237],[1.8027,49.3142],[1.8048,49.3047],[1.7998,49.2987],[1.7844,49.2932]]]}},{"type":"Feature","properties":{"code":"60215","nom":"Erquery","app":11.87,"app_bas":9.57,"app_haut":14.73,"app_ech":"maille","app_obs":3,"mai":12.46,"mai_bas":9.98,"mai_haut":15.55,"mai_ech":"maille","mai_obs":9},"geometry":{"type":"Polygon","coordinates":[[[2.4423,49.4256],[2.4603,49.425],[2.4735,49.4222],[2.4736,49.4048],[2.4598,49.3965],[2.4469,49.4077],[2.4453,49.4131],[2.4379,49.4159],[2.4275,49.4148],[2.4423,49.4256]]]}},{"type":"Feature","properties":{"code":"60090","nom":"Bouconvillers","app":14.46,"app_bas":12.02,"app_haut":17.38,"app_ech":"maille","app_obs":7,"mai":12.81,"mai_bas":9.93,"mai_haut":16.52,"mai_ech":"maille","mai_obs":5},"geometry":{"type":"Polygon","coordinates":[[[1.895,49.1842],[1.9061,49.1801],[1.9343,49.1736],[1.9174,49.1716],[1.8826,49.1625],[1.8768,49.1753],[1.895,49.1842]]]}},{"type":"Feature","properties":{"code":"60119","nom":"Cambronne-lès-Ribécourt","app":9.42,"app_bas":7.7,"app_haut":11.53,"app_ech":"maille","app_obs":57,"mai":9.35,"mai_bas":7.65,"mai_haut":11.43,"mai_ech":"maille","mai_obs":41},"geometry":{"type":"Polygon","coordinates":[[[2.8841,49.4881],[2.8904,49.4998],[2.8815,49.5102],[2.8875,49.5159],[2.8879,49.5217],[2.8809,49.5257],[2.8859,49.5288],[2.8979,49.5249],[2.9105,49.5078],[2.9259,49.4987],[2.9254,49.4947],[2.9092,49.4991],[2.9034,49.4964],[2.9037,49.489],[2.8997,49.4842],[2.8938,49.4887],[2.8841,49.4881]]]}},{"type":"Feature","properties":{"code":"60340","nom":"Lagny","app":9.42,"app_bas":7.7,"app_haut":11.53,"app_ech":"maille","app_obs":7,"mai":9.07,"mai_bas":7.49,"mai_haut":10.99,"mai_ech":"maille","mai_obs":16},"geometry":{"type":"Polygon","coordinates":[[[2.9044,49.5971],[2.8876,49.6038],[2.8827,49.6134],[2.885,49.6188],[2.8977,49.6171],[2.9201,49.6289],[2.9476,49.6128],[2.9399,49.6052],[2.9293,49.5983],[2.9101,49.5929],[2.9044,49.5971]]]}},{"type":"Feature","properties":{"code":"60346","nom":"Lamorlaye","app":17.66,"app_bas":14.66,"app_haut":21.29,"app_ech":"commune","app_obs":906,"mai":15.53,"mai_bas":11.9,"mai_haut":20.25,"mai_ech":"commune","mai_obs":173},"geometry":{"type":"Polygon","coordinates":[[[2.4479,49.1662],[2.4539,49.1604],[2.4637,49.1628],[2.4813,49.1575],[2.4722,49.1553],[2.4475,49.1445],[2.4154,49.1518],[2.3913,49.1494],[2.383,49.1559],[2.3732,49.1593],[2.3701,49.1666],[2.3741,49.1731],[2.4361,49.1707],[2.4479,49.1662]]]}},{"type":"Feature","properties":{"code":"60588","nom":"Saint-Maur","app":8.9,"app_bas":7.16,"app_haut":11.07,"app_ech":"maille","app_obs":7,"mai":7.76,"mai_bas":6.27,"mai_haut":9.59,"mai_ech":"maille","mai_obs":26},"geometry":{"type":"Polygon","coordinates":[[[1.8907,49.6298],[1.9041,49.6312],[1.9143,49.622],[1.9333,49.6294],[1.9461,49.6208],[1.947,49.6098],[1.9249,49.6051],[1.9275,49.5998],[1.9231,49.598],[1.9005,49.6119],[1.9038,49.6224],[1.8927,49.6261],[1.8907,49.6298]]]}},{"type":"Feature","properties":{"code":"60678","nom":"Villeneuve-les-Sablons","app":15.46,"app_bas":12.96,"app_haut":18.43,"app_ech":"maille","app_obs":18,"mai":12.62,"mai_bas":10.13,"mai_haut":15.73,"mai_ech":"maille","mai_obs":9},"geometry":{"type":"Polygon","coordinates":[[[2.063,49.244],[2.0764,49.2481],[2.0859,49.2453],[2.0925,49.2395],[2.0877,49.2337],[2.0773,49.2317],[2.0801,49.2215],[2.0719,49.2185],[2.0563,49.2209],[2.0561,49.2245],[2.0637,49.2256],[2.0685,49.2308],[2.063,49.244]]]}},{"type":"Feature","properties":{"code":"60679","nom":"Villeneuve-sous-Thury","app":11.86,"app_bas":9.79,"app_haut":14.38,"app_ech":"maille","app_obs":1,"mai":9.75,"mai_bas":7.89,"mai_haut":12.06,"mai_ech":"maille","mai_obs":14},"geometry":{"type":"Polygon","coordinates":[[[3.0483,49.1516],[3.0479,49.1628],[3.039,49.1687],[3.0528,49.1701],[3.0738,49.1621],[3.0846,49.1594],[3.089,49.1561],[3.0716,49.1529],[3.0483,49.1516]]]}},{"type":"Feature","properties":{"code":"60226","nom":"Ève","app":16.09,"app_bas":13.69,"app_haut":18.92,"app_ech":"maille","app_obs":20,"mai":13.93,"mai_bas":11.14,"mai_haut":17.42,"mai_ech":"maille","mai_obs":10},"geometry":{"type":"Polygon","coordinates":[[[2.7031,49.0647],[2.6912,49.0706],[2.6848,49.0811],[2.6781,49.086],[2.6878,49.0914],[2.7037,49.096],[2.711,49.1094],[2.7264,49.1066],[2.7378,49.1009],[2.728,49.0938],[2.7244,49.0805],[2.7205,49.0749],[2.7031,49.0647]]]}},{"type":"Feature","properties":{"code":"60082","nom":"Bonneuil-les-Eaux","app":13.44,"app_bas":11.11,"app_haut":16.26,"app_ech":"maille","app_obs":1,"mai":10.06,"mai_bas":8.06,"mai_haut":12.55,"mai_ech":"maille","mai_obs":50},"geometry":{"type":"Polygon","coordinates":[[[2.2472,49.7016],[2.2499,49.6971],[2.2769,49.6915],[2.2906,49.6843],[2.2947,49.6737],[2.2931,49.67],[2.2761,49.6752],[2.2672,49.668],[2.253,49.6674],[2.2499,49.6645],[2.2418,49.6615],[2.2308,49.6684],[2.2073,49.6664],[2.2025,49.6721],[2.183,49.6752],[2.1997,49.6841],[2.2301,49.6896],[2.2325,49.7021],[2.2472,49.7016]]]}},{"type":"Feature","properties":{"code":"60094","nom":"Boursonne","app":11.86,"app_bas":9.79,"app_haut":14.38,"app_ech":"maille","app_obs":3,"mai":11.54,"mai_bas":9.17,"mai_haut":14.53,"mai_ech":"maille","mai_obs":6},"geometry":{"type":"Polygon","coordinates":[[[3.0426,49.1846],[3.0315,49.202],[3.0348,49.2058],[3.0521,49.2066],[3.0638,49.193],[3.0541,49.1933],[3.0426,49.1846]]]}},{"type":"Feature","properties":{"code":"60276","nom":"Godenvillers","app":10.43,"app_bas":8.8,"app_haut":12.35,"app_ech":"maille","app_obs":5,"mai":8.4,"mai_bas":6.97,"mai_haut":10.13,"mai_ech":"maille","mai_obs":9},"geometry":{"type":"Polygon","coordinates":[[[2.5351,49.5728],[2.5231,49.5764],[2.522,49.5789],[2.5369,49.5856],[2.5466,49.5949],[2.5568,49.5953],[2.5625,49.5885],[2.5707,49.5813],[2.5612,49.5776],[2.5527,49.571],[2.5351,49.5728]]]}},{"type":"Feature","properties":{"code":"60294","nom":"Hainvillers","app":10.84,"app_bas":8.91,"app_haut":13.17,"app_ech":"maille","app_obs":0,"mai":9.64,"mai_bas":7.78,"mai_haut":11.94,"mai_ech":"maille","mai_obs":1},"geometry":{"type":"Polygon","coordinates":[[[2.6741,49.6],[2.6954,49.5948],[2.7014,49.5892],[2.6797,49.5822],[2.6707,49.5814],[2.6712,49.5986],[2.6741,49.6]]]}},{"type":"Feature","properties":{"code":"60383","nom":"Margny-sur-Matz","app":10.94,"app_bas":9.43,"app_haut":12.7,"app_ech":"maille","app_obs":14,"mai":10.16,"mai_bas":8.26,"mai_haut":12.5,"mai_ech":"maille","mai_obs":18},"geometry":{"type":"Polygon","coordinates":[[[2.7563,49.5277],[2.7613,49.5429],[2.7673,49.5489],[2.7813,49.538],[2.7989,49.5351],[2.8049,49.5367],[2.7985,49.5176],[2.7879,49.5174],[2.7766,49.5142],[2.7563,49.5277]]]}},{"type":"Feature","properties":{"code":"60403","nom":"Milly-sur-Thérain","app":11.73,"app_bas":9.67,"app_haut":14.22,"app_ech":"maille","app_obs":64,"mai":9.04,"mai_bas":7.33,"mai_haut":11.16,"mai_ech":"maille","mai_obs":61},"geometry":{"type":"Polygon","coordinates":[[[2.0325,49.535],[2.0412,49.5349],[2.0561,49.5279],[2.0511,49.5235],[2.0421,49.5089],[2.0414,49.4961],[2.0278,49.4848],[2.0249,49.478],[2.0235,49.4783],[2.0175,49.4896],[2.0029,49.49],[1.9903,49.4943],[1.9792,49.4998],[1.9673,49.5237],[1.9788,49.5299],[1.9883,49.525],[1.9922,49.5195],[2.0075,49.5148],[2.022,49.52],[2.0325,49.535]]]}},{"type":"Feature","properties":{"code":"60582","nom":"Saint-Léger-aux-Bois","app":11.56,"app_bas":9.32,"app_haut":14.34,"app_ech":"maille","app_obs":10,"mai":10.76,"mai_bas":8.66,"mai_haut":13.38,"mai_ech":"maille","mai_obs":40},"geometry":{"type":"Polygon","coordinates":[[[2.9761,49.4892],[2.9701,49.47],[2.9416,49.4588],[2.9328,49.4772],[2.933,49.4935],[2.9468,49.4894],[2.9638,49.4928],[2.9761,49.4892]]]}},{"type":"Feature","properties":{"code":"60608","nom":"Saulchoy","app":10.53,"app_bas":8.71,"app_haut":12.73,"app_ech":"maille","app_obs":4,"mai":10.06,"mai_bas":8.06,"mai_haut":12.55,"mai_ech":"maille","mai_obs":5},"geometry":{"type":"Polygon","coordinates":[[[2.1218,49.6338],[2.1259,49.635],[2.1285,49.6443],[2.1337,49.6457],[2.1517,49.6349],[2.1472,49.6216],[2.1429,49.6163],[2.1288,49.6211],[2.1195,49.6293],[2.1218,49.6338]]]}},{"type":"Feature","properties":{"code":"60701","nom":"Wavignies","app":10.43,"app_bas":8.8,"app_haut":12.35,"app_ech":"maille","app_obs":85,"mai":9.29,"mai_bas":7.67,"mai_haut":11.25,"mai_ech":"maille","mai_obs":34},"geometry":{"type":"Polygon","coordinates":[[[2.3432,49.5502],[2.355,49.5572],[2.357,49.5666],[2.3623,49.5679],[2.3755,49.5626],[2.3859,49.5503],[2.3838,49.5392],[2.3559,49.5335],[2.3465,49.5287],[2.327,49.5345],[2.3432,49.5502]]]}},{"type":"Feature","properties":{"code":"60195","nom":"Delincourt","app":14.3,"app_bas":12.06,"app_haut":16.95,"app_ech":"maille","app_obs":6,"mai":10.03,"mai_bas":8.09,"mai_haut":12.44,"mai_ech":"maille","mai_obs":2},"geometry":{"type":"Polygon","coordinates":[[[1.837,49.2654],[1.8539,49.2573],[1.8359,49.2449],[1.8402,49.2275],[1.8473,49.2223],[1.8449,49.2169],[1.8317,49.2168],[1.812,49.2294],[1.8219,49.2404],[1.8252,49.2486],[1.8149,49.2513],[1.8226,49.2539],[1.837,49.2654]]]}},{"type":"Feature","properties":{"code":"60331","nom":"Labosse","app":12.26,"app_bas":10.12,"app_haut":14.85,"app_ech":"maille","app_obs":0,"mai":11.81,"mai_bas":8.99,"mai_haut":15.52,"mai_ech":"maille","mai_obs":4},"geometry":{"type":"Polygon","coordinates":[[[1.8854,49.3699],[1.8962,49.3697],[1.9087,49.3742],[1.9219,49.3679],[1.9333,49.3515],[1.9186,49.3472],[1.906,49.3395],[1.9093,49.3327],[1.8925,49.3261],[1.8894,49.3279],[1.884,49.3451],[1.8759,49.3506],[1.8633,49.3546],[1.8638,49.3661],[1.8854,49.3699]]]}},{"type":"Feature","properties":{"code":"60612","nom":"Senlis","app":16.61,"app_bas":13.4,"app_haut":20.6,"app_ech":"commune","app_obs":2526,"mai":15.14,"mai_bas":11.46,"mai_haut":20,"mai_ech":"commune","mai_obs":460},"geometry":{"type":"Polygon","coordinates":[[[2.5602,49.1883],[2.5614,49.193],[2.5559,49.1987],[2.5634,49.2049],[2.5594,49.2129],[2.5745,49.2256],[2.5673,49.2339],[2.5669,49.2423],[2.5542,49.2443],[2.5487,49.2506],[2.5654,49.2582],[2.5825,49.246],[2.6119,49.2459],[2.5951,49.2384],[2.5872,49.231],[2.5962,49.2158],[2.6131,49.2097],[2.6339,49.2119],[2.6152,49.1996],[2.6178,49.1891],[2.6059,49.1813],[2.6024,49.1763],[2.5846,49.1732],[2.5799,49.1795],[2.5821,49.1843],[2.5602,49.1883]]]}},{"type":"Feature","properties":{"code":"60631","nom":"Thiers-sur-Thève","app":15.88,"app_bas":13.43,"app_haut":18.78,"app_ech":"maille","app_obs":65,"mai":12.66,"mai_bas":10.08,"mai_haut":15.89,"mai_ech":"maille","mai_obs":38},"geometry":{"type":"Polygon","coordinates":[[[2.5858,49.1399],[2.5788,49.1413],[2.5628,49.14],[2.5605,49.1492],[2.5709,49.1677],[2.5993,49.1661],[2.6004,49.1643],[2.5921,49.1604],[2.5971,49.1524],[2.5882,49.1499],[2.5858,49.1399]]]}},{"type":"Feature","properties":{"code":"60685","nom":"Villers-Saint-Sépulcre","app":12.33,"app_bas":10.38,"app_haut":14.65,"app_ech":"maille","app_obs":5,"mai":11.23,"mai_bas":9.14,"mai_haut":13.8,"mai_ech":"maille","mai_obs":12},"geometry":{"type":"Polygon","coordinates":[[[2.2168,49.358],[2.2049,49.3562],[2.1955,49.3579],[2.1817,49.3708],[2.189,49.3748],[2.1947,49.3748],[2.2072,49.3837],[2.2139,49.3819],[2.2368,49.3691],[2.2344,49.3625],[2.2247,49.362],[2.2168,49.358]]]}},{"type":"Feature","properties":{"code":"60168","nom":"Courcelles-Epayelles","app":10.94,"app_bas":9.43,"app_haut":12.7,"app_ech":"maille","app_obs":7,"mai":8.4,"mai_bas":6.97,"mai_haut":10.13,"mai_ech":"maille","mai_obs":27},"geometry":{"type":"Polygon","coordinates":[[[2.6107,49.5779],[2.6278,49.5853],[2.6378,49.5773],[2.6496,49.5718],[2.6453,49.5633],[2.6415,49.5601],[2.6195,49.5559],[2.6114,49.5574],[2.6097,49.5673],[2.6046,49.5733],[2.6107,49.5779]]]}},{"type":"Feature","properties":{"code":"60175","nom":"Creil","app":14.69,"app_bas":12.09,"app_haut":17.85,"app_ech":"commune","app_obs":2985,"mai":11.97,"mai_bas":9.49,"mai_haut":15.09,"mai_ech":"commune","mai_obs":156},"geometry":{"type":"Polygon","coordinates":[[[2.4956,49.2746],[2.4993,49.2629],[2.5123,49.2558],[2.5129,49.2424],[2.4871,49.2369],[2.4761,49.2408],[2.4591,49.2419],[2.4556,49.25],[2.4604,49.2641],[2.4846,49.2687],[2.4956,49.2746]]]}},{"type":"Feature","properties":{"code":"60242","nom":"Fontaine-Lavaganne","app":9.54,"app_bas":7.81,"app_haut":11.67,"app_ech":"maille","app_obs":2,"mai":9.04,"mai_bas":7.33,"mai_haut":11.16,"mai_ech":"maille","mai_obs":4},"geometry":{"type":"Polygon","coordinates":[[[1.947,49.6098],[1.9687,49.6022],[1.9771,49.6102],[1.9846,49.6038],[1.9807,49.5976],[1.9592,49.5877],[1.9544,49.584],[1.9449,49.5863],[1.9275,49.5998],[1.9249,49.6051],[1.947,49.6098]]]}},{"type":"Feature","properties":{"code":"60253","nom":"Francastel","app":13.44,"app_bas":11.11,"app_haut":16.26,"app_ech":"maille","app_obs":9,"mai":10.06,"mai_bas":8.06,"mai_haut":12.55,"mai_ech":"maille","mai_obs":26},"geometry":{"type":"Polygon","coordinates":[[[2.145,49.5638],[2.1451,49.573],[2.1318,49.5846],[2.1207,49.5886],[2.1127,49.5885],[2.1179,49.5982],[2.1365,49.6012],[2.1447,49.6089],[2.1429,49.6163],[2.1472,49.6216],[2.1637,49.6124],[2.1531,49.5956],[2.1551,49.5897],[2.1763,49.591],[2.1771,49.5754],[2.1651,49.5733],[2.1511,49.5601],[2.145,49.5638]]]}},{"type":"Feature","properties":{"code":"60285","nom":"Grandvillers-aux-Bois","app":13.24,"app_bas":11.01,"app_haut":15.94,"app_ech":"maille","app_obs":6,"mai":12.46,"mai_bas":9.98,"mai_haut":15.55,"mai_ech":"maille","mai_obs":4},"geometry":{"type":"Polygon","coordinates":[[[2.6114,49.4806],[2.6199,49.4797],[2.6297,49.4752],[2.6295,49.4678],[2.6174,49.4647],[2.5987,49.4477],[2.583,49.4493],[2.5834,49.4572],[2.5897,49.4582],[2.596,49.4715],[2.6114,49.4806]]]}},{"type":"Feature","properties":{"code":"60533","nom":"Ressons-sur-Matz","app":12.24,"app_bas":10.54,"app_haut":14.21,"app_ech":"commune","app_obs":115,"mai":9.73,"mai_bas":7.84,"mai_haut":12.06,"mai_ech":"commune","mai_obs":168},"geometry":{"type":"Polygon","coordinates":[[[2.7563,49.5277],[2.7477,49.5234],[2.7271,49.5246],[2.7204,49.5171],[2.7085,49.519],[2.7037,49.5286],[2.7134,49.5409],[2.7229,49.5419],[2.7288,49.5499],[2.7476,49.5475],[2.7613,49.5429],[2.7563,49.5277]]]}},{"type":"Feature","properties":{"code":"60544","nom":"Rocquencourt","app":10.43,"app_bas":8.8,"app_haut":12.35,"app_ech":"maille","app_obs":0,"mai":8.88,"mai_bas":7.58,"mai_haut":10.4,"mai_ech":"maille","mai_obs":5},"geometry":{"type":"Polygon","coordinates":[[[2.3739,49.656],[2.3883,49.6558],[2.4022,49.6605],[2.4097,49.661],[2.4216,49.657],[2.4456,49.653],[2.4492,49.6471],[2.4282,49.6446],[2.4194,49.6321],[2.3964,49.6369],[2.3872,49.6445],[2.3771,49.6478],[2.3739,49.656]]]}},{"type":"Feature","properties":{"code":"60551","nom":"Rousseloy","app":13.68,"app_bas":11.62,"app_haut":16.09,"app_ech":"maille","app_obs":0,"mai":12.46,"mai_bas":9.98,"mai_haut":15.55,"mai_ech":"maille","mai_obs":5},"geometry":{"type":"Polygon","coordinates":[[[2.3795,49.2896],[2.3796,49.3051],[2.3964,49.3094],[2.4072,49.3032],[2.4086,49.2961],[2.3923,49.2901],[2.3795,49.2896]]]}},{"type":"Feature","properties":{"code":"60621","nom":"Solente","app":10.12,"app_bas":8.18,"app_haut":12.52,"app_ech":"maille","app_obs":0,"mai":7.63,"mai_bas":6.2,"mai_haut":9.4,"mai_ech":"maille","mai_obs":16},"geometry":{"type":"Polygon","coordinates":[[[2.8838,49.7138],[2.8984,49.6862],[2.8884,49.682],[2.8662,49.7025],[2.8842,49.7106],[2.8817,49.7137],[2.8838,49.7138]]]}},{"type":"Feature","properties":{"code":"60210","nom":"Épineuse","app":13.24,"app_bas":11.01,"app_haut":15.94,"app_ech":"maille","app_obs":8,"mai":10.1,"mai_bas":8.27,"mai_haut":12.34,"mai_ech":"maille","mai_obs":14},"geometry":{"type":"Polygon","coordinates":[[[2.5457,49.382],[2.536,49.3892],[2.5332,49.3956],[2.5411,49.4166],[2.5508,49.4207],[2.552,49.4176],[2.5713,49.4051],[2.5586,49.3845],[2.5457,49.382]]]}},{"type":"Feature","properties":{"code":"60109","nom":"Brombos","app":11.44,"app_bas":9.34,"app_haut":14,"app_ech":"maille","app_obs":0,"mai":8.54,"mai_bas":6.98,"mai_haut":10.44,"mai_ech":"maille","mai_obs":2},"geometry":{"type":"Polygon","coordinates":[[[1.8907,49.6298],[1.8816,49.6347],[1.8664,49.6379],[1.8693,49.639],[1.8777,49.6603],[1.8932,49.6613],[1.9085,49.6535],[1.903,49.6447],[1.9041,49.6312],[1.8907,49.6298]]]}},{"type":"Feature","properties":{"code":"60333","nom":"Lachapelle-aux-Pots","app":10.64,"app_bas":8.45,"app_haut":13.4,"app_ech":"commune","app_obs":143,"mai":9.04,"mai_bas":7.33,"mai_haut":11.16,"mai_ech":"maille","mai_obs":52},"geometry":{"type":"Polygon","coordinates":[[[1.9497,49.4338],[1.9489,49.432],[1.9258,49.4348],[1.913,49.4411],[1.8948,49.4414],[1.8895,49.4445],[1.8922,49.451],[1.8879,49.4575],[1.8924,49.4624],[1.9,49.4559],[1.9216,49.4636],[1.928,49.4607],[1.9271,49.4528],[1.9341,49.453],[1.9552,49.4476],[1.9497,49.4338]]]}},{"type":"Feature","properties":{"code":"60408","nom":"Monchy-Humières","app":10.94,"app_bas":9.43,"app_haut":12.7,"app_ech":"maille","app_obs":65,"mai":10.1,"mai_bas":8.27,"mai_haut":12.34,"mai_ech":"maille","mai_obs":55},"geometry":{"type":"Polygon","coordinates":[[[2.7174,49.4708],[2.7055,49.4748],[2.7148,49.483],[2.7259,49.4883],[2.7393,49.491],[2.7504,49.4838],[2.7622,49.4828],[2.7623,49.4742],[2.7661,49.4677],[2.7587,49.4658],[2.7251,49.4658],[2.7174,49.4708]]]}},{"type":"Feature","properties":{"code":"60480","nom":"Oroër","app":13.68,"app_bas":11.02,"app_haut":17,"app_ech":"maille","app_obs":5,"mai":9.95,"mai_bas":8.14,"mai_haut":12.16,"mai_ech":"maille","mai_obs":21},"geometry":{"type":"Polygon","coordinates":[[[2.1934,49.4866],[2.1652,49.4779],[2.1562,49.4793],[2.1564,49.4856],[2.1624,49.4999],[2.1703,49.5066],[2.186,49.5177],[2.2036,49.5095],[2.1988,49.494],[2.1934,49.4866]]]}},{"type":"Feature","properties":{"code":"60703","nom":"Marais","app":12.26,"app_bas":10.12,"app_haut":14.85,"app_ech":"maille","app_obs":9,"mai":11.81,"mai_bas":8.99,"mai_haut":15.52,"mai_ech":"maille","mai_obs":17},"geometry":{"type":"Polygon","coordinates":[[[2.0567,49.4214],[2.0661,49.418],[2.064,49.411],[2.0455,49.3999],[2.0361,49.392],[2.0251,49.399],[2.0162,49.4009],[2.0215,49.4087],[2.0416,49.4186],[2.0567,49.4214]]]}},{"type":"Feature","properties":{"code":"60021","nom":"Appilly","app":10.51,"app_bas":8.5,"app_haut":12.98,"app_ech":"maille","app_obs":2,"mai":8.19,"mai_bas":6.47,"mai_haut":10.36,"mai_ech":"maille","mai_obs":20},"geometry":{"type":"Polygon","coordinates":[[[3.1242,49.5963],[3.1381,49.5786],[3.127,49.5729],[3.1138,49.5703],[3.1044,49.5878],[3.1242,49.5963]]]}},{"type":"Feature","properties":{"code":"60170","nom":"Courteuil","app":18.26,"app_bas":14.52,"app_haut":22.96,"app_ech":"maille","app_obs":27,"mai":14.92,"mai_bas":11.73,"mai_haut":18.99,"mai_ech":"maille","mai_obs":42},"geometry":{"type":"Polygon","coordinates":[[[2.5594,49.2129],[2.5634,49.2049],[2.5559,49.1987],[2.5285,49.1942],[2.5244,49.1964],[2.5281,49.2107],[2.5422,49.2153],[2.548,49.2227],[2.5594,49.2129]]]}},{"type":"Feature","properties":{"code":"60244","nom":"Fontenay-Torcy","app":9.19,"app_bas":7.36,"app_haut":11.47,"app_ech":"maille","app_obs":0,"mai":9,"mai_bas":7.22,"mai_haut":11.22,"mai_ech":"maille","mai_obs":6},"geometry":{"type":"Polygon","coordinates":[[[1.743,49.561],[1.7505,49.5672],[1.7524,49.5735],[1.7727,49.5797],[1.7756,49.5824],[1.786,49.5831],[1.7896,49.5746],[1.784,49.5678],[1.7546,49.5515],[1.743,49.561]]]}},{"type":"Feature","properties":{"code":"60135","nom":"Cauvigny","app":14.08,"app_bas":12.12,"app_haut":16.35,"app_ech":"maille","app_obs":55,"mai":12.62,"mai_bas":10.13,"mai_haut":15.73,"mai_ech":"maille","mai_obs":34},"geometry":{"type":"Polygon","coordinates":[[[2.2301,49.2869],[2.2122,49.2944],[2.1976,49.304],[2.2057,49.3116],[2.2245,49.3243],[2.2487,49.3192],[2.2673,49.3135],[2.2814,49.3057],[2.2625,49.2881],[2.246,49.2784],[2.2366,49.2824],[2.2301,49.2869]]]}},{"type":"Feature","properties":{"code":"60506","nom":"Pont-l'Évêque","app":10.51,"app_bas":8.5,"app_haut":12.98,"app_ech":"maille","app_obs":12,"mai":9.07,"mai_bas":7.49,"mai_haut":10.99,"mai_ech":"maille","mai_obs":24},"geometry":{"type":"Polygon","coordinates":[[[2.9803,49.5636],[2.9914,49.5662],[3,49.5632],[2.9925,49.5637],[2.977,49.5528],[2.9757,49.5585],[2.9803,49.5636]]]}},{"type":"Feature","properties":{"code":"60699","nom":"Wambez","app":11.44,"app_bas":9.09,"app_haut":14.4,"app_ech":"maille","app_obs":0,"mai":9,"mai_bas":7.22,"mai_haut":11.22,"mai_ech":"maille","mai_obs":2},"geometry":{"type":"Polygon","coordinates":[[[1.8607,49.5306],[1.8662,49.5207],[1.8559,49.5175],[1.8538,49.5125],[1.8356,49.5144],[1.8261,49.5189],[1.8205,49.5266],[1.83,49.5293],[1.8345,49.5285],[1.8563,49.5316],[1.8607,49.5306]]]}},{"type":"Feature","properties":{"code":"60013","nom":"Angicourt","app":13.28,"app_bas":11.2,"app_haut":15.76,"app_ech":"maille","app_obs":6,"mai":14.92,"mai_bas":11.73,"mai_haut":18.99,"mai_ech":"maille","mai_obs":35},"geometry":{"type":"Polygon","coordinates":[[[2.4956,49.3027],[2.4854,49.2997],[2.488,49.3069],[2.4922,49.3095],[2.483,49.3185],[2.5139,49.3293],[2.5196,49.3282],[2.5146,49.3087],[2.504,49.3034],[2.4956,49.3027]]]}},{"type":"Feature","properties":{"code":"60035","nom":"Avricourt","app":10.12,"app_bas":8.18,"app_haut":12.52,"app_ech":"maille","app_obs":9,"mai":7.63,"mai_bas":6.2,"mai_haut":9.4,"mai_ech":"maille","mai_obs":4},"geometry":{"type":"Polygon","coordinates":[[[2.8474,49.6721],[2.8836,49.6505],[2.8814,49.6358],[2.8658,49.6282],[2.86,49.642],[2.8473,49.6478],[2.8433,49.6585],[2.8501,49.6617],[2.8456,49.6707],[2.8474,49.6721]]]}},{"type":"Feature","properties":{"code":"60224","nom":"Étavigny","app":12.69,"app_bas":10.47,"app_haut":15.39,"app_ech":"maille","app_obs":1,"mai":11.49,"mai_bas":9.3,"mai_haut":14.19,"mai_ech":"maille","mai_obs":0},"geometry":{"type":"Polygon","coordinates":[[[2.9774,49.1494],[2.9809,49.1506],[2.9948,49.1428],[2.9865,49.1311],[2.9879,49.1237],[2.995,49.1172],[2.9867,49.1068],[2.9733,49.1093],[2.966,49.1224],[2.967,49.1335],[2.9774,49.1494]]]}},{"type":"Feature","properties":{"code":"60228","nom":"Fay-les-Étangs","app":15.01,"app_bas":12.42,"app_haut":18.13,"app_ech":"maille","app_obs":2,"mai":12.81,"mai_bas":9.93,"mai_haut":16.52,"mai_ech":"maille","mai_obs":2},"geometry":{"type":"Polygon","coordinates":[[[1.9361,49.2327],[1.9186,49.2436],[1.9228,49.2483],[1.9365,49.2564],[1.9426,49.2665],[1.9583,49.2741],[1.9625,49.262],[1.9542,49.2449],[1.9588,49.2419],[1.9545,49.2279],[1.9361,49.2327]]]}},{"type":"Feature","properties":{"code":"60237","nom":"Fléchy","app":10.53,"app_bas":8.71,"app_haut":12.73,"app_ech":"maille","app_obs":0,"mai":8.88,"mai_bas":7.58,"mai_haut":10.4,"mai_ech":"maille","mai_obs":0},"geometry":{"type":"Polygon","coordinates":[[[2.2091,49.6616],[2.2073,49.6664],[2.2308,49.6684],[2.2418,49.6615],[2.2499,49.6645],[2.2538,49.656],[2.2474,49.6496],[2.2349,49.6536],[2.22,49.6499],[2.2091,49.6616]]]}},{"type":"Feature","properties":{"code":"60122","nom":"Campeaux","app":8.9,"app_bas":7.16,"app_haut":11.07,"app_ech":"maille","app_obs":0,"mai":7.81,"mai_bas":6.43,"mai_haut":9.48,"mai_ech":"maille","mai_obs":13},"geometry":{"type":"Polygon","coordinates":[[[1.7335,49.6262],[1.7369,49.6297],[1.7514,49.6325],[1.7588,49.631],[1.7737,49.6234],[1.7873,49.6103],[1.7738,49.6044],[1.7628,49.5961],[1.7393,49.6035],[1.7236,49.6013],[1.7338,49.6142],[1.7335,49.6262]]]}},{"type":"Feature","properties":{"code":"60136","nom":"Cempuis","app":11.44,"app_bas":9.34,"app_haut":14,"app_ech":"maille","app_obs":5,"mai":10.06,"mai_bas":8.06,"mai_haut":12.55,"mai_ech":"maille","mai_obs":3},"geometry":{"type":"Polygon","coordinates":[[[1.9591,49.6663],[1.9775,49.6675],[2.0112,49.6653],[2.0303,49.6587],[2.016,49.654],[1.9794,49.6498],[1.9752,49.6457],[1.9634,49.6459],[1.9592,49.6422],[1.9486,49.6527],[1.9566,49.6574],[1.9591,49.6663]]]}},{"type":"Feature","properties":{"code":"60144","nom":"Chavençon","app":15.01,"app_bas":12.42,"app_haut":18.13,"app_ech":"maille","app_obs":1,"mai":13.71,"mai_bas":10.98,"mai_haut":17.12,"mai_ech":"maille","mai_obs":12},"geometry":{"type":"Polygon","coordinates":[[[1.9842,49.1959],[2.0026,49.1944],[2.0218,49.1887],[1.9991,49.1754],[1.9643,49.1867],[1.9661,49.1931],[1.9842,49.1959]]]}},{"type":"Feature","properties":{"code":"60378","nom":"Marest-sur-Matz","app":11.77,"app_bas":10,"app_haut":13.84,"app_ech":"maille","app_obs":0,"mai":10.16,"mai_bas":8.3,"mai_haut":12.45,"mai_ech":"maille","mai_obs":13},"geometry":{"type":"Polygon","coordinates":[[[2.8261,49.4913],[2.8201,49.4922],[2.8095,49.5019],[2.8165,49.5122],[2.8298,49.5147],[2.8303,49.5093],[2.8407,49.5017],[2.8327,49.499],[2.8261,49.4913]]]}},{"type":"Feature","properties":{"code":"60487","nom":"Parnes","app":14.3,"app_bas":12.06,"app_haut":16.95,"app_ech":"maille","app_obs":0,"mai":10.18,"mai_bas":8.26,"mai_haut":12.56,"mai_ech":"maille","mai_obs":2},"geometry":{"type":"Polygon","coordinates":[[[1.7404,49.2234],[1.7405,49.2228],[1.7657,49.2166],[1.7725,49.2067],[1.7668,49.1946],[1.7691,49.1872],[1.7764,49.1851],[1.7552,49.1745],[1.7427,49.1798],[1.7374,49.1946],[1.7259,49.1943],[1.7243,49.2007],[1.7155,49.2027],[1.723,49.2097],[1.7337,49.211],[1.7341,49.2213],[1.7404,49.2234]]]}},{"type":"Feature","properties":{"code":"60659","nom":"Vaudancourt","app":14.3,"app_bas":12.06,"app_haut":16.95,"app_ech":"maille","app_obs":0,"mai":10.18,"mai_bas":8.26,"mai_haut":12.56,"mai_ech":"maille","mai_obs":5},"geometry":{"type":"Polygon","coordinates":[[[1.7702,49.2425],[1.7698,49.2356],[1.7776,49.2302],[1.7778,49.2253],[1.7664,49.2215],[1.7657,49.2166],[1.7405,49.2228],[1.7479,49.2282],[1.7514,49.2402],[1.7702,49.2425]]]}},{"type":"Feature","properties":{"code":"60686","nom":"Villers-sous-Saint-Leu","app":15,"app_bas":12.38,"app_haut":18.17,"app_ech":"maille","app_obs":41,"mai":14.01,"mai_bas":10.74,"mai_haut":18.26,"mai_ech":"maille","mai_obs":25},"geometry":{"type":"Polygon","coordinates":[[[2.3916,49.2042],[2.3866,49.2036],[2.3746,49.2188],[2.3599,49.2305],[2.3645,49.2334],[2.3907,49.2243],[2.402,49.2146],[2.4036,49.2087],[2.3979,49.2044],[2.3916,49.2042]]]}},{"type":"Feature","properties":{"code":"60004","nom":"Achy","app":9.54,"app_bas":7.81,"app_haut":11.67,"app_ech":"maille","app_obs":0,"mai":9.04,"mai_bas":7.33,"mai_haut":11.16,"mai_ech":"maille","mai_obs":15},"geometry":{"type":"Polygon","coordinates":[[[1.9344,49.5592],[1.9556,49.5596],[1.9626,49.5627],[1.9666,49.5702],[1.978,49.5811],[1.9839,49.5838],[1.9877,49.5654],[2.007,49.567],[2.0085,49.5578],[1.9957,49.548],[1.9712,49.5407],[1.9609,49.5432],[1.9432,49.5431],[1.9327,49.5477],[1.9302,49.5514],[1.9344,49.5592]]]}},{"type":"Feature","properties":{"code":"60052","nom":"Beaugies-sous-Bois","app":9.59,"app_bas":7.78,"app_haut":11.83,"app_ech":"maille","app_obs":3,"mai":7.84,"mai_bas":6.56,"mai_haut":9.37,"mai_ech":"maille","mai_obs":1},"geometry":{"type":"Polygon","coordinates":[[[3.0884,49.6398],[3.0964,49.6506],[3.1054,49.6503],[3.1091,49.6446],[3.1128,49.6313],[3.0966,49.6235],[3.0884,49.6398]]]}},{"type":"Feature","properties":{"code":"60598","nom":"Saint-Sulpice","app":11.49,"app_bas":9.26,"app_haut":14.26,"app_ech":"maille","app_obs":1,"mai":11.81,"mai_bas":8.99,"mai_haut":15.52,"mai_ech":"maille","mai_obs":12},"geometry":{"type":"Polygon","coordinates":[[[2.106,49.3769],[2.1193,49.3675],[2.1265,49.3698],[2.1369,49.3705],[2.1301,49.3605],[2.1449,49.3508],[2.1425,49.3443],[2.1294,49.3338],[2.1177,49.3267],[2.1078,49.3294],[2.1064,49.3412],[2.1093,49.3442],[2.1094,49.3576],[2.1168,49.3656],[2.1055,49.373],[2.106,49.3769]]]}},{"type":"Feature","properties":{"code":"60623","nom":"Songeons","app":9.54,"app_bas":7.81,"app_haut":11.67,"app_ech":"maille","app_obs":84,"mai":7.93,"mai_bas":6.44,"mai_haut":9.78,"mai_ech":"commune","mai_obs":125},"geometry":{"type":"Polygon","coordinates":[[[1.8828,49.5601],[1.8724,49.5484],[1.8583,49.5413],[1.8485,49.5468],[1.8314,49.5487],[1.8293,49.5562],[1.8176,49.5655],[1.8286,49.5757],[1.8369,49.5759],[1.8458,49.5827],[1.8635,49.5796],[1.868,49.5728],[1.8801,49.574],[1.8828,49.5601]]]}},{"type":"Feature","properties":{"code":"60663","nom":"Velennes","app":13.68,"app_bas":11.02,"app_haut":17,"app_ech":"maille","app_obs":1,"mai":9.95,"mai_bas":8.14,"mai_haut":12.16,"mai_ech":"maille","mai_obs":6},"geometry":{"type":"Polygon","coordinates":[[[2.1934,49.4866],[2.1966,49.4835],[2.213,49.4777],[2.2123,49.4751],[2.2014,49.4731],[2.2047,49.4619],[2.187,49.4578],[2.1887,49.4649],[2.1664,49.4686],[2.1652,49.4779],[2.1934,49.4866]]]}},{"type":"Feature","properties":{"code":"60232","nom":"Ferrières","app":10.43,"app_bas":8.8,"app_haut":12.35,"app_ech":"maille","app_obs":19,"mai":8.4,"mai_bas":6.97,"mai_haut":10.13,"mai_ech":"maille","mai_obs":11},"geometry":{"type":"Polygon","coordinates":[[[2.5256,49.6],[2.5289,49.5931],[2.5221,49.5868],[2.522,49.5789],[2.5231,49.5764],[2.5161,49.5742],[2.5036,49.58],[2.497,49.5875],[2.5039,49.6011],[2.5256,49.6]]]}},{"type":"Feature","properties":{"code":"60312","nom":"Héricourt-sur-Thérain","app":9.19,"app_bas":7.36,"app_haut":11.47,"app_ech":"maille","app_obs":0,"mai":8.54,"mai_bas":6.98,"mai_haut":10.44,"mai_ech":"maille","mai_obs":0},"geometry":{"type":"Polygon","coordinates":[[[1.7628,49.5961],[1.7738,49.6044],[1.7707,49.601],[1.7841,49.5886],[1.7727,49.5797],[1.7524,49.5735],[1.7439,49.5824],[1.7628,49.5961]]]}},{"type":"Feature","properties":{"code":"60483","nom":"Orvillers-Sorel","app":10.94,"app_bas":9.43,"app_haut":12.7,"app_ech":"maille","app_obs":13,"mai":10.16,"mai_bas":8.26,"mai_haut":12.5,"mai_ech":"maille","mai_obs":26},"geometry":{"type":"Polygon","coordinates":[[[2.6983,49.5629],[2.6948,49.5747],[2.6844,49.5772],[2.6797,49.5822],[2.7014,49.5892],[2.7163,49.5897],[2.7268,49.5881],[2.7251,49.5807],[2.734,49.5667],[2.7293,49.5595],[2.7241,49.5584],[2.698,49.5604],[2.6983,49.5629]]]}},{"type":"Feature","properties":{"code":"60571","nom":"Saint-Deniscourt","app":9.54,"app_bas":7.81,"app_haut":11.67,"app_ech":"maille","app_obs":1,"mai":8.54,"mai_bas":6.98,"mai_haut":10.44,"mai_ech":"maille","mai_obs":6},"geometry":{"type":"Polygon","coordinates":[[[1.8656,49.6245],[1.88,49.6175],[1.8799,49.6118],[1.871,49.6006],[1.8689,49.5945],[1.8538,49.5899],[1.8453,49.5985],[1.853,49.6027],[1.8593,49.6209],[1.8656,49.6245]]]}},{"type":"Feature","properties":{"code":"60587","nom":"Saint-Martin-Longueau","app":12.83,"app_bas":10.88,"app_haut":15.13,"app_ech":"maille","app_obs":94,"mai":10.1,"mai_bas":8.27,"mai_haut":12.34,"mai_ech":"maille","mai_obs":39},"geometry":{"type":"Polygon","coordinates":[[[2.6052,49.3549],[2.6148,49.354],[2.6077,49.3392],[2.6036,49.3331],[2.601,49.3335],[2.5918,49.345],[2.5857,49.3458],[2.5884,49.3578],[2.6016,49.3588],[2.6052,49.3549]]]}},{"type":"Feature","properties":{"code":"60041","nom":"Bailleul-sur-Thérain","app":12.33,"app_bas":10.38,"app_haut":14.65,"app_ech":"maille","app_obs":65,"mai":11.23,"mai_bas":9.14,"mai_haut":13.8,"mai_ech":"maille","mai_obs":54},"geometry":{"type":"Polygon","coordinates":[[[2.2131,49.3973],[2.2232,49.3978],[2.2532,49.3907],[2.2657,49.384],[2.2663,49.3824],[2.2435,49.3689],[2.2368,49.3691],[2.2139,49.3819],[2.1965,49.3875],[2.1925,49.393],[2.1974,49.3923],[2.2085,49.3998],[2.2131,49.3973]]]}},{"type":"Feature","properties":{"code":"60044","nom":"Balagny-sur-Thérain","app":13.11,"app_bas":11.04,"app_haut":15.56,"app_ech":"maille","app_obs":58,"mai":11.24,"mai_bas":8.89,"mai_haut":14.22,"mai_ech":"maille","mai_obs":33},"geometry":{"type":"Polygon","coordinates":[[[2.3317,49.3094],[2.344,49.3005],[2.3498,49.2921],[2.3425,49.2863],[2.3301,49.2826],[2.3269,49.2872],[2.315,49.2921],[2.3087,49.2905],[2.2845,49.3034],[2.2948,49.3063],[2.3081,49.3028],[2.3317,49.3094]]]}},{"type":"Feature","properties":{"code":"60248","nom":"Fouilloy","app":8.9,"app_bas":7.16,"app_haut":11.07,"app_ech":"maille","app_obs":1,"mai":7.34,"mai_bas":6.15,"mai_haut":8.77,"mai_ech":"maille","mai_obs":13},"geometry":{"type":"Polygon","coordinates":[[[1.7984,49.728],[1.7961,49.7363],[1.8365,49.7403],[1.8395,49.7309],[1.8206,49.7226],[1.8123,49.7227],[1.7984,49.728]]]}},{"type":"Feature","properties":{"code":"60087","nom":"Borest","app":16.52,"app_bas":14.14,"app_haut":19.31,"app_ech":"maille","app_obs":4,"mai":12.66,"mai_bas":10.08,"mai_haut":15.89,"mai_ech":"maille","mai_obs":40},"geometry":{"type":"Polygon","coordinates":[[[2.6659,49.2042],[2.6805,49.2154],[2.6868,49.2138],[2.6934,49.2065],[2.7095,49.2065],[2.7159,49.2009],[2.7096,49.1964],[2.6907,49.1936],[2.6757,49.1795],[2.6727,49.17],[2.6561,49.1623],[2.632,49.1708],[2.6442,49.1767],[2.6656,49.1992],[2.6659,49.2042]]]}},{"type":"Feature","properties":{"code":"60148","nom":"Chèvreville","app":14.18,"app_bas":12.11,"app_haut":16.6,"app_ech":"maille","app_obs":8,"mai":11.7,"mai_bas":9.34,"mai_haut":14.64,"mai_ech":"maille","mai_obs":2},"geometry":{"type":"Polygon","coordinates":[[[2.8923,49.1288],[2.8814,49.1243],[2.8702,49.1077],[2.8549,49.1017],[2.8482,49.0965],[2.8365,49.1074],[2.8305,49.1172],[2.845,49.1288],[2.8608,49.1355],[2.8747,49.1358],[2.8923,49.1288]]]}},{"type":"Feature","properties":{"code":"60507","nom":"Pontoise-lès-Noyon","app":12.28,"app_bas":9.86,"app_haut":15.29,"app_ech":"maille","app_obs":0,"mai":8.63,"mai_bas":7.22,"mai_haut":10.31,"mai_ech":"maille","mai_obs":5},"geometry":{"type":"Polygon","coordinates":[[[3.0271,49.5496],[3.038,49.5499],[3.0489,49.5586],[3.0598,49.554],[3.0743,49.5361],[3.0636,49.5358],[3.0599,49.5299],[3.0501,49.5306],[3.0403,49.5363],[3.027,49.5382],[3.0171,49.5432],[3.0271,49.5496]]]}},{"type":"Feature","properties":{"code":"60602","nom":"Saint-Valery","app":9.86,"app_bas":8.17,"app_haut":11.92,"app_ech":"maille","app_obs":0,"mai":7.81,"mai_bas":6.43,"mai_haut":9.48,"mai_ech":"maille","mai_obs":0},"geometry":{"type":"Polygon","coordinates":[[[1.7151,49.7135],[1.7122,49.732],[1.7232,49.7301],[1.7429,49.7386],[1.7474,49.7259],[1.7349,49.7156],[1.7272,49.7128],[1.7151,49.7135]]]}},{"type":"Feature","properties":{"code":"60024","nom":"Arsy","app":12.83,"app_bas":10.88,"app_haut":15.13,"app_ech":"maille","app_obs":44,"mai":10.1,"mai_bas":8.27,"mai_haut":12.34,"mai_ech":"maille","mai_obs":31},"geometry":{"type":"Polygon","coordinates":[[[2.6629,49.4059],[2.6649,49.4106],[2.6734,49.415],[2.68,49.4138],[2.7277,49.4135],[2.7162,49.4052],[2.7043,49.4038],[2.6966,49.398],[2.6827,49.3972],[2.6723,49.3918],[2.6646,49.3961],[2.6629,49.4059]]]}},{"type":"Feature","properties":{"code":"60047","nom":"Baron","app":15.21,"app_bas":13.38,"app_haut":17.3,"app_ech":"maille","app_obs":30,"mai":11.16,"mai_bas":8.61,"mai_haut":14.46,"mai_ech":"maille","mai_obs":13},"geometry":{"type":"Polygon","coordinates":[[[2.7143,49.2003],[2.7318,49.2072],[2.7458,49.2051],[2.7561,49.1971],[2.7523,49.1902],[2.7696,49.1825],[2.7652,49.1769],[2.7649,49.1688],[2.7562,49.1676],[2.7522,49.1622],[2.7465,49.145],[2.7426,49.1413],[2.7278,49.1399],[2.718,49.1492],[2.7168,49.1616],[2.7128,49.1671],[2.7021,49.1671],[2.7016,49.1769],[2.7185,49.189],[2.7143,49.2003]]]}},{"type":"Feature","properties":{"code":"60061","nom":"Belloy","app":10.94,"app_bas":9.43,"app_haut":12.7,"app_ech":"maille","app_obs":0,"mai":9.64,"mai_bas":7.78,"mai_haut":11.94,"mai_ech":"maille","mai_obs":0},"geometry":{"type":"Polygon","coordinates":[[[2.6393,49.5231],[2.6391,49.5294],[2.6471,49.5425],[2.6565,49.5458],[2.6636,49.5455],[2.6676,49.5342],[2.6573,49.5321],[2.6393,49.5231]]]}},{"type":"Feature","properties":{"code":"60212","nom":"Ercuis","app":13.3,"app_bas":10.94,"app_haut":16.18,"app_ech":"maille","app_obs":49,"mai":11.24,"mai_bas":8.89,"mai_haut":14.22,"mai_ech":"maille","mai_obs":18},"geometry":{"type":"Polygon","coordinates":[[[2.3015,49.2216],[2.297,49.2266],[2.2951,49.237],[2.2993,49.2405],[2.3049,49.2537],[2.3111,49.2485],[2.3115,49.2406],[2.3165,49.2367],[2.3281,49.2236],[2.3015,49.2216]]]}},{"type":"Feature","properties":{"code":"60163","nom":"Cormeilles","app":13.44,"app_bas":11.11,"app_haut":16.26,"app_ech":"maille","app_obs":6,"mai":10.06,"mai_bas":8.06,"mai_haut":12.55,"mai_ech":"maille","mai_obs":12},"geometry":{"type":"Polygon","coordinates":[[[2.1759,49.645],[2.1786,49.6494],[2.1935,49.6515],[2.2091,49.6616],[2.22,49.6499],[2.2089,49.6427],[2.2075,49.6342],[2.2031,49.6267],[2.1919,49.6249],[2.1823,49.6284],[2.1775,49.6346],[2.1759,49.645]]]}},{"type":"Feature","properties":{"code":"60321","nom":"Ivry-le-Temple","app":15.01,"app_bas":12.42,"app_haut":18.13,"app_ech":"maille","app_obs":18,"mai":12.04,"mai_bas":9.57,"mai_haut":15.14,"mai_ech":"maille","mai_obs":18},"geometry":{"type":"Polygon","coordinates":[[[2.0242,49.2476],[2.0259,49.2437],[2.0471,49.2404],[2.063,49.244],[2.0685,49.2308],[2.0637,49.2256],[2.0446,49.2216],[2.0352,49.2135],[2.0226,49.2185],[2.0155,49.2255],[1.99,49.2238],[1.9924,49.2278],[1.993,49.2357],[1.9994,49.2376],[2.0108,49.248],[2.0242,49.2476]]]}},{"type":"Feature","properties":{"code":"60398","nom":"Mesnil-en-Thelle","app":15.17,"app_bas":13.03,"app_haut":17.66,"app_ech":"commune","app_obs":127,"mai":12.62,"mai_bas":10.13,"mai_haut":15.73,"mai_ech":"maille","mai_obs":26},"geometry":{"type":"Polygon","coordinates":[[[2.2864,49.1599],[2.2695,49.1563],[2.2622,49.1583],[2.2734,49.1663],[2.2756,49.1724],[2.2645,49.1849],[2.2738,49.189],[2.2928,49.1905],[2.3012,49.1839],[2.2994,49.1758],[2.2888,49.1707],[2.2864,49.1599]]]}},{"type":"Feature","properties":{"code":"60472","nom":"Offoy","app":11.44,"app_bas":9.34,"app_haut":14,"app_ech":"maille","app_obs":0,"mai":8.12,"mai_bas":6.62,"mai_haut":9.97,"mai_ech":"maille","mai_obs":1},"geometry":{"type":"Polygon","coordinates":[[[2.0241,49.6935],[2.0284,49.7108],[2.0498,49.6977],[2.0594,49.6976],[2.0592,49.6885],[2.0301,49.6882],[2.0241,49.6935]]]}},{"type":"Feature","properties":{"code":"60516","nom":"Puiseux-en-Bray","app":9.19,"app_bas":7.36,"app_haut":11.47,"app_ech":"maille","app_obs":8,"mai":8.54,"mai_bas":6.98,"mai_haut":10.44,"mai_ech":"maille","mai_obs":8},"geometry":{"type":"Polygon","coordinates":[[[1.7456,49.409],[1.7591,49.4117],[1.7669,49.4222],[1.7803,49.4269],[1.7897,49.4276],[1.7981,49.4243],[1.7899,49.4156],[1.8018,49.4105],[1.8055,49.4021],[1.7704,49.3971],[1.7584,49.4044],[1.7456,49.409]]]}},{"type":"Feature","properties":{"code":"60561","nom":"Russy-Bémont","app":12.36,"app_bas":10.07,"app_haut":15.17,"app_ech":"maille","app_obs":4,"mai":9.75,"mai_bas":7.89,"mai_haut":12.06,"mai_ech":"maille","mai_obs":7},"geometry":{"type":"Polygon","coordinates":[[[2.9356,49.2331],[2.9256,49.2374],[2.9376,49.2474],[2.9452,49.2566],[2.9431,49.2626],[2.9533,49.269],[2.9615,49.2705],[2.9844,49.2533],[2.9606,49.2317],[2.9507,49.2372],[2.9356,49.2331]]]}},{"type":"Feature","properties":{"code":"60638","nom":"Thury-sous-Clermont","app":13.68,"app_bas":11.62,"app_haut":16.09,"app_ech":"maille","app_obs":4,"mai":11.23,"mai_bas":9.14,"mai_haut":13.8,"mai_ech":"maille","mai_obs":3},"geometry":{"type":"Polygon","coordinates":[[[2.3439,49.3462],[2.3295,49.3462],[2.3228,49.3519],[2.3054,49.3607],[2.3086,49.3667],[2.3252,49.37],[2.3431,49.365],[2.3483,49.3592],[2.3439,49.3462]]]}},{"type":"Feature","properties":{"code":"60681","nom":"Villers-Saint-Barthélemy","app":12.26,"app_bas":10.12,"app_haut":14.85,"app_ech":"maille","app_obs":16,"mai":11.81,"mai_bas":8.99,"mai_haut":15.52,"mai_ech":"maille","mai_obs":4},"geometry":{"type":"Polygon","coordinates":[[[1.9513,49.4188],[1.9627,49.4151],[1.9665,49.4202],[1.98,49.4153],[1.9787,49.4037],[1.9755,49.3995],[1.9686,49.3971],[1.968,49.3891],[1.9583,49.3873],[1.9466,49.3927],[1.9416,49.3871],[1.9332,49.3921],[1.9211,49.3952],[1.9298,49.4045],[1.9513,49.4188]]]}},{"type":"Feature","properties":{"code":"60206","nom":"Élincourt-Sainte-Marguerite","app":10.94,"app_bas":9.43,"app_haut":12.7,"app_ech":"maille","app_obs":35,"mai":10.16,"mai_bas":8.26,"mai_haut":12.5,"mai_ech":"maille","mai_obs":25},"geometry":{"type":"Polygon","coordinates":[[[2.8773,49.5457],[2.8801,49.5392],[2.8503,49.5349],[2.8405,49.5271],[2.8349,49.5168],[2.8298,49.5147],[2.8165,49.5122],[2.7985,49.5176],[2.8065,49.5414],[2.8151,49.5454],[2.8337,49.545],[2.8399,49.5465],[2.8522,49.5465],[2.8596,49.538],[2.8773,49.5457]]]}},{"type":"Feature","properties":{"code":"60142","nom":"Chapelle-en-Serval","app":17.18,"app_bas":14.86,"app_haut":19.85,"app_ech":"commune","app_obs":431,"mai":12.85,"mai_bas":9.77,"mai_haut":16.9,"mai_ech":"maille","mai_obs":32},"geometry":{"type":"Polygon","coordinates":[[[2.5628,49.14],[2.5524,49.126],[2.533,49.1192],[2.5311,49.0996],[2.4899,49.1064],[2.4916,49.1113],[2.5021,49.1189],[2.4992,49.1223],[2.5031,49.1247],[2.5238,49.123],[2.5228,49.1314],[2.5283,49.1386],[2.5381,49.1395],[2.5421,49.1454],[2.5534,49.1402],[2.5628,49.14]]]}},{"type":"Feature","properties":{"code":"60375","nom":"Maimbeville","app":13.24,"app_bas":11.01,"app_haut":15.94,"app_ech":"maille","app_obs":21,"mai":12.46,"mai_bas":9.98,"mai_haut":15.55,"mai_ech":"maille","mai_obs":15},"geometry":{"type":"Polygon","coordinates":[[[2.511,49.429],[2.5221,49.4322],[2.5228,49.4291],[2.5411,49.4166],[2.536,49.4038],[2.5269,49.4046],[2.5136,49.4011],[2.5011,49.4042],[2.5016,49.4078],[2.5141,49.423],[2.511,49.429]]]}},{"type":"Feature","properties":{"code":"60385","nom":"Marolles","app":11.53,"app_bas":9.53,"app_haut":13.96,"app_ech":"maille","app_obs":10,"mai":8.64,"mai_bas":7.04,"mai_haut":10.6,"mai_ech":"maille","mai_obs":22},"geometry":{"type":"MultiPolygon","coordinates":[[[[3.089,49.1561],[3.0846,49.1594],[3.0837,49.1628],[3.0851,49.1717],[3.0934,49.1888],[3.1024,49.1973],[3.1169,49.1893],[3.1139,49.1751],[3.1214,49.1616],[3.1444,49.162],[3.1397,49.1526],[3.1311,49.1511],[3.1271,49.1451],[3.111,49.1458],[3.089,49.1561]]],[[[3.1051,49.148],[3.1169,49.1387],[3.106,49.1351],[3.0939,49.1421],[3.1051,49.148]]]]}},{"type":"Feature","properties":{"code":"60550","nom":"Rothois","app":11.44,"app_bas":9.34,"app_haut":14,"app_ech":"maille","app_obs":6,"mai":7.76,"mai_bas":6.27,"mai_haut":9.59,"mai_ech":"maille","mai_obs":1},"geometry":{"type":"Polygon","coordinates":[[[1.9809,49.612],[1.9858,49.6107],[2.0027,49.6002],[2.0035,49.5937],[1.983,49.5851],[1.9807,49.5976],[1.9846,49.6038],[1.9771,49.6102],[1.9809,49.612]]]}},{"type":"Feature","properties":{"code":"60568","nom":"Saint-Aubin-sous-Erquery","app":11.87,"app_bas":9.57,"app_haut":14.73,"app_ech":"maille","app_obs":0,"mai":12.46,"mai_bas":9.98,"mai_haut":15.55,"mai_ech":"maille","mai_obs":4},"geometry":{"type":"Polygon","coordinates":[[[2.511,49.429],[2.5141,49.423],[2.5016,49.4078],[2.5011,49.4042],[2.4932,49.4009],[2.4769,49.4002],[2.4756,49.3954],[2.4664,49.4001],[2.4736,49.4048],[2.4735,49.4222],[2.4792,49.4231],[2.4948,49.4196],[2.5065,49.4282],[2.511,49.429]]]}},{"type":"Feature","properties":{"code":"60042","nom":"Bailleval","app":13.24,"app_bas":11.01,"app_haut":15.94,"app_ech":"maille","app_obs":44,"mai":11.07,"mai_bas":9.11,"mai_haut":13.47,"mai_ech":"maille","mai_obs":48},"geometry":{"type":"Polygon","coordinates":[[[2.4692,49.3622],[2.4761,49.3591],[2.4984,49.3598],[2.4903,49.3471],[2.4837,49.3437],[2.4671,49.3381],[2.4498,49.3355],[2.4407,49.3476],[2.4437,49.3579],[2.4632,49.358],[2.4692,49.3622]]]}},{"type":"Feature","properties":{"code":"60196","nom":"Déluge","app":11.49,"app_bas":9.26,"app_haut":14.26,"app_ech":"maille","app_obs":8,"mai":12.04,"mai_bas":9.57,"mai_haut":15.14,"mai_ech":"maille","mai_obs":9},"geometry":{"type":"Polygon","coordinates":[[[2.1089,49.3041],[2.1269,49.2992],[2.1225,49.2851],[2.0969,49.2863],[2.0963,49.2934],[2.0996,49.3039],[2.1089,49.3041]]]}},{"type":"Feature","properties":{"code":"60162","nom":"Corbeil-Cerf","app":11.49,"app_bas":9.26,"app_haut":14.26,"app_ech":"maille","app_obs":5,"mai":12.62,"mai_bas":10.13,"mai_haut":15.73,"mai_ech":"maille","mai_obs":14},"geometry":{"type":"Polygon","coordinates":[[[2.0972,49.2767],[2.0969,49.2863],[2.1225,49.2851],[2.1267,49.2784],[2.1158,49.2668],[2.1122,49.2698],[2.0939,49.2688],[2.0972,49.2767]]]}},{"type":"Feature","properties":{"code":"60293","nom":"Hadancourt-le-Haut-Clocher","app":15.01,"app_bas":12.42,"app_haut":18.13,"app_ech":"maille","app_obs":1,"mai":12.81,"mai_bas":9.93,"mai_haut":16.52,"mai_ech":"maille","mai_obs":0},"geometry":{"type":"Polygon","coordinates":[[[1.8491,49.1705],[1.843,49.1792],[1.8392,49.1897],[1.8245,49.198],[1.8343,49.2006],[1.8449,49.2085],[1.8716,49.1943],[1.8735,49.1741],[1.8582,49.1699],[1.8491,49.1705]]]}},{"type":"Feature","properties":{"code":"60436","nom":"Mory-Montcrux","app":10.43,"app_bas":8.8,"app_haut":12.35,"app_ech":"maille","app_obs":0,"mai":7.93,"mai_bas":6.47,"mai_haut":9.72,"mai_ech":"maille","mai_obs":3},"geometry":{"type":"Polygon","coordinates":[[[2.3925,49.5789],[2.3854,49.577],[2.3742,49.5854],[2.4072,49.6096],[2.4184,49.6115],[2.42,49.6053],[2.3973,49.5897],[2.4028,49.586],[2.3925,49.5789]]]}},{"type":"Feature","properties":{"code":"60499","nom":"Plessis-de-Roye","app":11.23,"app_bas":9.43,"app_haut":13.38,"app_ech":"maille","app_obs":0,"mai":9.07,"mai_bas":7.49,"mai_haut":10.99,"mai_ech":"maille","mai_obs":0},"geometry":{"type":"Polygon","coordinates":[[[2.8519,49.5743],[2.8584,49.5707],[2.8256,49.5566],[2.8221,49.5537],[2.8166,49.5587],[2.8155,49.5782],[2.804,49.583],[2.8119,49.5897],[2.8519,49.5743]]]}},{"type":"Feature","properties":{"code":"60505","nom":"Pontarmé","app":15.88,"app_bas":13.43,"app_haut":18.78,"app_ech":"maille","app_obs":90,"mai":12.85,"mai_bas":9.77,"mai_haut":16.9,"mai_ech":"maille","mai_obs":29},"geometry":{"type":"Polygon","coordinates":[[[2.5628,49.14],[2.5534,49.1402],[2.5331,49.1495],[2.5245,49.1605],[2.526,49.1724],[2.5398,49.1692],[2.5531,49.1745],[2.5602,49.1883],[2.5821,49.1843],[2.5799,49.1795],[2.5846,49.1732],[2.6024,49.1763],[2.5993,49.1661],[2.5709,49.1677],[2.5605,49.1492],[2.5628,49.14]]]}},{"type":"Feature","properties":{"code":"60541","nom":"Roberval","app":13.11,"app_bas":11,"app_haut":15.62,"app_ech":"maille","app_obs":2,"mai":11.07,"mai_bas":9.11,"mai_haut":13.47,"mai_ech":"maille","mai_obs":15},"geometry":{"type":"Polygon","coordinates":[[[2.6684,49.2826],[2.6671,49.2853],[2.6773,49.3015],[2.6857,49.3065],[2.7002,49.2922],[2.6984,49.2789],[2.6811,49.2823],[2.6684,49.2826]]]}},{"type":"Feature","properties":{"code":"60610","nom":"Sempigny","app":12.28,"app_bas":9.86,"app_haut":15.29,"app_ech":"maille","app_obs":1,"mai":9.35,"mai_bas":7.65,"mai_haut":11.43,"mai_ech":"maille","mai_obs":25},"geometry":{"type":"Polygon","coordinates":[[[2.9819,49.5482],[2.977,49.5528],[2.9925,49.5637],[3,49.5632],[3.0183,49.5514],[3.0271,49.5496],[3.0171,49.5432],[3.0052,49.546],[2.9996,49.5408],[2.9918,49.5492],[2.9819,49.5482]]]}},{"type":"Feature","properties":{"code":"60010","nom":"Amblainville","app":15.46,"app_bas":12.96,"app_haut":18.43,"app_ech":"maille","app_obs":73,"mai":12.62,"mai_bas":10.13,"mai_haut":15.73,"mai_ech":"maille","mai_obs":19},"geometry":{"type":"Polygon","coordinates":[[[2.1716,49.2122],[2.173,49.2016],[2.1547,49.1956],[2.1565,49.1897],[2.1524,49.1838],[2.1407,49.1853],[2.1327,49.1914],[2.1133,49.1865],[2.0959,49.1901],[2.0915,49.2044],[2.0809,49.2104],[2.0801,49.2215],[2.0773,49.2317],[2.0877,49.2337],[2.1054,49.2308],[2.1139,49.2316],[2.1205,49.2186],[2.1264,49.2145],[2.1483,49.2125],[2.1716,49.2122]]]}},{"type":"Feature","properties":{"code":"60259","nom":"Fresnoy-en-Thelle","app":15.46,"app_bas":12.96,"app_haut":18.43,"app_ech":"maille","app_obs":8,"mai":12.62,"mai_bas":10.13,"mai_haut":15.73,"mai_ech":"maille","mai_obs":8},"geometry":{"type":"Polygon","coordinates":[[[2.2645,49.1849],[2.2548,49.186],[2.251,49.1967],[2.2378,49.203],[2.2305,49.2033],[2.2306,49.2052],[2.242,49.2071],[2.2491,49.2143],[2.2572,49.2085],[2.2705,49.2091],[2.2791,49.2024],[2.286,49.2026],[2.284,49.1898],[2.2738,49.189],[2.2645,49.1849]]]}},{"type":"Feature","properties":{"code":"60075","nom":"Blancfossé","app":10.53,"app_bas":8.71,"app_haut":12.73,"app_ech":"maille","app_obs":0,"mai":10.06,"mai_bas":8.06,"mai_haut":12.55,"mai_ech":"maille","mai_obs":3},"geometry":{"type":"Polygon","coordinates":[[[2.2091,49.6616],[2.1935,49.6515],[2.1786,49.6494],[2.1753,49.6573],[2.1763,49.6683],[2.183,49.6752],[2.2025,49.6721],[2.2073,49.6664],[2.2091,49.6616]]]}},{"type":"Feature","properties":{"code":"60096","nom":"Boutavent","app":null,"app_bas":null,"app_haut":null,"app_ech":null,"app_obs":0,"mai":null,"mai_bas":null,"mai_haut":null,"mai_ech":null,"mai_obs":0},"geometry":{"type":"Polygon","coordinates":[[[1.7335,49.6262],[1.7286,49.6293],[1.7315,49.6355],[1.7416,49.6454],[1.7523,49.645],[1.7757,49.6477],[1.7757,49.6402],[1.7588,49.631],[1.7514,49.6325],[1.7369,49.6297],[1.7335,49.6262]]]}},{"type":"Feature","properties":{"code":"60278","nom":"Golancourt","app":10.02,"app_bas":8.16,"app_haut":12.31,"app_ech":"maille","app_obs":0,"mai":8.63,"mai_bas":7.22,"mai_haut":10.31,"mai_ech":"maille","mai_obs":11},"geometry":{"type":"Polygon","coordinates":[[[3.0553,49.694],[3.0571,49.7079],[3.0524,49.7138],[3.0833,49.7125],[3.0847,49.7064],[3.0781,49.6897],[3.0644,49.6954],[3.0599,49.6916],[3.0553,49.694]]]}},{"type":"Feature","properties":{"code":"60354","nom":"Laverrière","app":10.53,"app_bas":8.71,"app_haut":12.73,"app_ech":"maille","app_obs":0,"mai":8.12,"mai_bas":6.62,"mai_haut":9.97,"mai_ech":"maille","mai_obs":0},"geometry":{"type":"Polygon","coordinates":[[[2.0241,49.6935],[2.0301,49.6882],[2.0266,49.6804],[2.0112,49.6772],[2.0039,49.6784],[1.9886,49.6888],[2.0031,49.6934],[2.0241,49.6935]]]}},{"type":"Feature","properties":{"code":"60386","nom":"Marquéglise","app":10.94,"app_bas":9.43,"app_haut":12.7,"app_ech":"maille","app_obs":14,"mai":10.1,"mai_bas":8.27,"mai_haut":12.34,"mai_ech":"maille","mai_obs":22},"geometry":{"type":"Polygon","coordinates":[[[2.7563,49.5277],[2.7766,49.5142],[2.7761,49.5099],[2.7636,49.5084],[2.7596,49.5049],[2.7316,49.5059],[2.7204,49.5171],[2.7271,49.5246],[2.7477,49.5234],[2.7563,49.5277]]]}},{"type":"Feature","properties":{"code":"60482","nom":"Orry-la-Ville","app":17.36,"app_bas":14.4,"app_haut":20.93,"app_ech":"commune","app_obs":260,"mai":17.08,"mai_bas":13.32,"mai_haut":21.91,"mai_ech":"maille","mai_obs":47},"geometry":{"type":"Polygon","coordinates":[[[2.4992,49.1223],[2.4817,49.1269],[2.4776,49.1311],[2.5001,49.1567],[2.4958,49.1585],[2.5245,49.1605],[2.5331,49.1495],[2.5421,49.1454],[2.5381,49.1395],[2.5283,49.1386],[2.5228,49.1314],[2.5238,49.123],[2.5031,49.1247],[2.4992,49.1223]]]}},{"type":"Feature","properties":{"code":"60511","nom":"Porquéricourt","app":9.42,"app_bas":7.7,"app_haut":11.53,"app_ech":"maille","app_obs":0,"mai":9.07,"mai_bas":7.49,"mai_haut":10.99,"mai_ech":"maille","mai_obs":15},"geometry":{"type":"Polygon","coordinates":[[[2.95,49.5888],[2.9293,49.5983],[2.9399,49.6052],[2.9496,49.5987],[2.9582,49.6066],[2.9816,49.5926],[2.95,49.5888]]]}},{"type":"Feature","properties":{"code":"60030","nom":"Auteuil","app":11.49,"app_bas":9.26,"app_haut":14.26,"app_ech":"maille","app_obs":41,"mai":11.81,"mai_bas":8.99,"mai_haut":15.52,"mai_ech":"maille","mai_obs":19},"geometry":{"type":"Polygon","coordinates":[[[2.0776,49.3148],[2.0613,49.3175],[2.063,49.3231],[2.08,49.3329],[2.0809,49.3499],[2.0908,49.3692],[2.1058,49.3774],[2.1055,49.373],[2.1168,49.3656],[2.1094,49.3576],[2.1093,49.3442],[2.1064,49.3412],[2.1078,49.3294],[2.0865,49.3234],[2.0846,49.3178],[2.0776,49.3148]]]}},{"type":"Feature","properties":{"code":"60247","nom":"Fouilleuse","app":11.87,"app_bas":9.57,"app_haut":14.73,"app_ech":"maille","app_obs":0,"mai":12.46,"mai_bas":9.98,"mai_haut":15.55,"mai_ech":"maille","mai_obs":0},"geometry":{"type":"Polygon","coordinates":[[[2.5275,49.4354],[2.548,49.4338],[2.5512,49.43],[2.5618,49.4265],[2.5411,49.4166],[2.5228,49.4291],[2.5221,49.4322],[2.5275,49.4354]]]}},{"type":"Feature","properties":{"code":"60326","nom":"Jonquières","app":13.32,"app_bas":11.18,"app_haut":15.88,"app_ech":"maille","app_obs":3,"mai":11.24,"mai_bas":9.17,"mai_haut":13.78,"mai_ech":"maille","mai_obs":30},"geometry":{"type":"Polygon","coordinates":[[[2.7277,49.4135],[2.7379,49.4203],[2.7481,49.4167],[2.7511,49.4107],[2.7455,49.4047],[2.7504,49.3874],[2.7341,49.3802],[2.7229,49.3796],[2.7217,49.3963],[2.7162,49.4052],[2.7277,49.4135]]]}},{"type":"Feature","properties":{"code":"60363","nom":"Lierville","app":14.46,"app_bas":12.02,"app_haut":17.38,"app_ech":"maille","app_obs":1,"mai":12.81,"mai_bas":9.93,"mai_haut":16.52,"mai_ech":"maille","mai_obs":4},"geometry":{"type":"Polygon","coordinates":[[[1.8735,49.1741],[1.8716,49.1943],[1.8777,49.1961],[1.8931,49.2163],[1.9168,49.2107],[1.9079,49.1938],[1.9005,49.1953],[1.8907,49.1874],[1.895,49.1842],[1.8735,49.1741]]]}},{"type":"Feature","properties":{"code":"60426","nom":"Montreuil-sur-Thérain","app":12.33,"app_bas":10.38,"app_haut":14.65,"app_ech":"maille","app_obs":0,"mai":12.04,"mai_bas":9.57,"mai_haut":15.14,"mai_ech":"maille","mai_obs":3},"geometry":{"type":"Polygon","coordinates":[[[2.1965,49.3875],[2.2072,49.3837],[2.1947,49.3748],[2.189,49.3748],[2.1812,49.3774],[2.187,49.3844],[2.1965,49.3875]]]}},{"type":"Feature","properties":{"code":"60519","nom":"Quesmy","app":10.02,"app_bas":8.16,"app_haut":12.31,"app_ech":"maille","app_obs":2,"mai":8.63,"mai_bas":7.22,"mai_haut":10.31,"mai_ech":"maille","mai_obs":6},"geometry":{"type":"Polygon","coordinates":[[[3.055,49.6209],[3.047,49.6215],[3.0372,49.6316],[3.0426,49.6391],[3.0662,49.6439],[3.0689,49.6215],[3.055,49.6209]]]}},{"type":"Feature","properties":{"code":"60029","nom":"Auneuil","app":12.26,"app_bas":10.12,"app_haut":14.85,"app_ech":"maille","app_obs":84,"mai":11.81,"mai_bas":8.99,"mai_haut":15.52,"mai_ech":"maille","mai_obs":91},"geometry":{"type":"Polygon","coordinates":[[[2.0484,49.3853],[2.05,49.3842],[2.043,49.3726],[2.0322,49.3632],[2.0253,49.3526],[2.0164,49.3573],[1.9999,49.3604],[1.9982,49.3515],[2.0042,49.3467],[1.9966,49.3415],[1.9707,49.3476],[1.9658,49.3561],[1.9465,49.3691],[1.9693,49.3798],[1.9771,49.3863],[1.9817,49.3945],[1.9884,49.3966],[2.0066,49.3936],[2.0063,49.3895],[2.0319,49.3741],[2.0484,49.3853]]]}},{"type":"Feature","properties":{"code":"60192","nom":"Cuy","app":9.42,"app_bas":7.7,"app_haut":11.53,"app_ech":"maille","app_obs":0,"mai":9.35,"mai_bas":7.65,"mai_haut":11.43,"mai_ech":"maille","mai_obs":3},"geometry":{"type":"Polygon","coordinates":[[[2.9044,49.5971],[2.9101,49.5929],[2.9232,49.5968],[2.9229,49.5785],[2.9113,49.5785],[2.8988,49.5738],[2.8951,49.5772],[2.8917,49.5835],[2.8942,49.5896],[2.9032,49.592],[2.9044,49.5971]]]}},{"type":"Feature","properties":{"code":"60255","nom":"Fréniches","app":10.02,"app_bas":8.16,"app_haut":12.31,"app_ech":"maille","app_obs":0,"mai":8.63,"mai_bas":7.22,"mai_haut":10.31,"mai_ech":"maille","mai_obs":10},"geometry":{"type":"Polygon","coordinates":[[[3.0083,49.6927],[3.0178,49.6906],[3.0185,49.6844],[3.0283,49.6801],[3.0193,49.6767],[3.0155,49.6653],[3.0092,49.6604],[2.989,49.6627],[2.9841,49.6733],[2.9881,49.6832],[3.0022,49.6785],[3.0091,49.6871],[3.0083,49.6927]]]}},{"type":"Feature","properties":{"code":"60108","nom":"Briot","app":11.44,"app_bas":9.34,"app_haut":14,"app_ech":"maille","app_obs":2,"mai":8.54,"mai_bas":6.98,"mai_haut":10.44,"mai_ech":"maille","mai_obs":18},"geometry":{"type":"Polygon","coordinates":[[[1.9333,49.6294],[1.9143,49.622],[1.9041,49.6312],[1.903,49.6447],[1.9085,49.6535],[1.8981,49.6586],[1.9137,49.6594],[1.9269,49.653],[1.9269,49.6425],[1.939,49.6384],[1.9333,49.6294]]]}},{"type":"Feature","properties":{"code":"60158","nom":"Coivrel","app":10.84,"app_bas":8.91,"app_haut":13.17,"app_ech":"maille","app_obs":6,"mai":7.93,"mai_bas":6.47,"mai_haut":9.72,"mai_ech":"maille","mai_obs":14},"geometry":{"type":"Polygon","coordinates":[[[2.5351,49.5728],[2.5527,49.571],[2.568,49.5564],[2.5708,49.5486],[2.559,49.5355],[2.5523,49.5417],[2.541,49.5452],[2.5369,49.5565],[2.5417,49.5616],[2.5314,49.5671],[2.5351,49.5728]]]}},{"type":"Feature","properties":{"code":"60275","nom":"Glatigny","app":9.54,"app_bas":7.81,"app_haut":11.67,"app_ech":"maille","app_obs":1,"mai":9.04,"mai_bas":7.33,"mai_haut":11.16,"mai_ech":"maille","mai_obs":9},"geometry":{"type":"Polygon","coordinates":[[[1.8902,49.4859],[1.8803,49.4936],[1.8862,49.5025],[1.8942,49.5044],[1.9034,49.5002],[1.9085,49.5033],[1.9222,49.4935],[1.9091,49.4896],[1.8902,49.4859]]]}},{"type":"Feature","properties":{"code":"60360","nom":"Liancourt","app":13.14,"app_bas":11.09,"app_haut":15.58,"app_ech":"commune","app_obs":1038,"mai":12.33,"mai_bas":9.85,"mai_haut":15.44,"mai_ech":"commune","mai_obs":116},"geometry":{"type":"Polygon","coordinates":[[[2.4765,49.323],[2.4705,49.3239],[2.4577,49.3162],[2.4488,49.3241],[2.4463,49.3284],[2.4498,49.3355],[2.4671,49.3381],[2.4837,49.3437],[2.4849,49.3398],[2.4765,49.323]]]}},{"type":"Feature","properties":{"code":"60404","nom":"Mogneville","app":13.11,"app_bas":11.04,"app_haut":15.56,"app_ech":"maille","app_obs":36,"mai":12.46,"mai_bas":9.98,"mai_haut":15.55,"mai_ech":"maille","mai_obs":31},"geometry":{"type":"Polygon","coordinates":[[[2.4765,49.323],[2.483,49.3185],[2.4922,49.3095],[2.488,49.3069],[2.472,49.3015],[2.4602,49.3069],[2.458,49.3108],[2.4577,49.3162],[2.4705,49.3239],[2.4765,49.323]]]}},{"type":"Feature","properties":{"code":"60409","nom":"Monchy-Saint-Éloi","app":12.89,"app_bas":10.52,"app_haut":15.79,"app_ech":"commune","app_obs":110,"mai":12.46,"mai_bas":9.98,"mai_haut":15.55,"mai_ech":"maille","mai_obs":22},"geometry":{"type":"Polygon","coordinates":[[[2.4729,49.2852],[2.4564,49.2895],[2.4496,49.2943],[2.4583,49.3004],[2.4565,49.3101],[2.458,49.3108],[2.4602,49.3069],[2.472,49.3015],[2.488,49.3069],[2.4854,49.2997],[2.4729,49.2852]]]}},{"type":"Feature","properties":{"code":"60430","nom":"Morienval","app":13.05,"app_bas":11.05,"app_haut":15.41,"app_ech":"maille","app_obs":16,"mai":9.75,"mai_bas":7.89,"mai_haut":12.06,"mai_ech":"maille","mai_obs":13},"geometry":{"type":"Polygon","coordinates":[[[2.9002,49.3147],[2.8798,49.3314],[2.8887,49.3378],[2.8936,49.3351],[2.9064,49.3417],[2.9558,49.3211],[2.9643,49.3214],[2.9775,49.3121],[2.9735,49.3046],[2.9701,49.3026],[2.9632,49.2883],[2.9522,49.2806],[2.9406,49.2823],[2.9239,49.29],[2.9144,49.2855],[2.8971,49.2853],[2.8968,49.286],[2.9057,49.295],[2.9069,49.3073],[2.9002,49.3147]]]}},{"type":"Feature","properties":{"code":"60548","nom":"Rosoy-en-Multien","app":11.86,"app_bas":9.79,"app_haut":14.38,"app_ech":"maille","app_obs":9,"mai":11.49,"mai_bas":9.3,"mai_haut":14.19,"mai_ech":"maille","mai_obs":13},"geometry":{"type":"Polygon","coordinates":[[[2.9733,49.1093],[2.9867,49.1068],[2.995,49.1172],[3.0063,49.116],[3.006,49.1117],[3.0116,49.0955],[3.004,49.0887],[2.9912,49.084],[2.9881,49.0724],[2.9746,49.0748],[2.9714,49.089],[2.9748,49.1007],[2.9733,49.1093]]]}},{"type":"Feature","properties":{"code":"60648","nom":"Troussencourt","app":13.44,"app_bas":11.11,"app_haut":16.26,"app_ech":"maille","app_obs":0,"mai":9.29,"mai_bas":7.67,"mai_haut":11.25,"mai_ech":"maille","mai_obs":3},"geometry":{"type":"Polygon","coordinates":[[[2.2692,49.6127],[2.2715,49.6067],[2.2568,49.5954],[2.2498,49.5955],[2.2434,49.5908],[2.2348,49.5926],[2.2279,49.6027],[2.2381,49.6111],[2.2445,49.6105],[2.254,49.6156],[2.2692,49.6127]]]}},{"type":"Feature","properties":{"code":"60207","nom":"Éméville","app":12.36,"app_bas":10.07,"app_haut":15.17,"app_ech":"maille","app_obs":3,"mai":9.75,"mai_bas":7.89,"mai_haut":12.06,"mai_ech":"maille","mai_obs":1},"geometry":{"type":"Polygon","coordinates":[[[3.0105,49.2762],[3.0142,49.2818],[3.0295,49.2872],[3.0376,49.2864],[3.0361,49.2788],[3.0269,49.2755],[3.0276,49.2715],[3.0105,49.2762]]]}},{"type":"Feature","properties":{"code":"60080","nom":"Boissy-le-Bois","app":null,"app_bas":null,"app_haut":null,"app_ech":null,"app_obs":0,"mai":null,"mai_bas":null,"mai_haut":null,"mai_ech":null,"mai_obs":0},"geometry":{"type":"Polygon","coordinates":[[[1.9425,49.2959],[1.9508,49.2928],[1.9482,49.2879],[1.9527,49.2835],[1.9695,49.2747],[1.9583,49.2741],[1.9426,49.2665],[1.9234,49.2704],[1.9194,49.2761],[1.9255,49.2842],[1.9425,49.2959]]]}},{"type":"Feature","properties":{"code":"60095","nom":"Boury-en-Vexin","app":14.3,"app_bas":12.06,"app_haut":16.95,"app_ech":"maille","app_obs":2,"mai":10.18,"mai_bas":8.26,"mai_haut":12.56,"mai_ech":"maille","mai_obs":13},"geometry":{"type":"Polygon","coordinates":[[[1.7702,49.2425],[1.7514,49.2402],[1.7479,49.2282],[1.7405,49.2228],[1.7297,49.2292],[1.7135,49.2327],[1.7044,49.2322],[1.699,49.2349],[1.7016,49.2423],[1.7014,49.2518],[1.7139,49.2493],[1.7248,49.2547],[1.7447,49.2524],[1.7669,49.252],[1.7906,49.2466],[1.7909,49.2438],[1.7859,49.2452],[1.7702,49.2425]]]}},{"type":"Feature","properties":{"code":"60410","nom":"Mondescourt","app":10.51,"app_bas":8.5,"app_haut":12.98,"app_ech":"maille","app_obs":0,"mai":7.84,"mai_bas":6.56,"mai_haut":9.37,"mai_ech":"maille","mai_obs":1},"geometry":{"type":"Polygon","coordinates":[[[3.1242,49.5963],[3.1044,49.5878],[3.1026,49.5993],[3.0971,49.6022],[3.1031,49.61],[3.102,49.6158],[3.1088,49.6155],[3.1114,49.6095],[3.1225,49.602],[3.1242,49.5963]]]}},{"type":"Feature","properties":{"code":"60415","nom":"Montépilloy","app":16.52,"app_bas":14.14,"app_haut":19.31,"app_ech":"maille","app_obs":0,"mai":12.66,"mai_bas":10.08,"mai_haut":15.89,"mai_ech":"maille","mai_obs":6},"geometry":{"type":"Polygon","coordinates":[[[2.7159,49.2009],[2.7095,49.2065],[2.6934,49.2065],[2.6868,49.2138],[2.6915,49.2203],[2.7031,49.2284],[2.7235,49.2207],[2.7222,49.2149],[2.7318,49.2072],[2.7159,49.2009]]]}},{"type":"Feature","properties":{"code":"60416","nom":"Montgérain","app":10.84,"app_bas":8.91,"app_haut":13.17,"app_ech":"maille","app_obs":2,"mai":7.93,"mai_bas":6.47,"mai_haut":9.72,"mai_ech":"maille","mai_obs":3},"geometry":{"type":"Polygon","coordinates":[[[2.559,49.5355],[2.5708,49.5486],[2.6029,49.5448],[2.6056,49.5371],[2.6005,49.5292],[2.5878,49.5286],[2.5773,49.5302],[2.5704,49.5347],[2.559,49.5355]]]}},{"type":"Feature","properties":{"code":"60626","nom":"Talmontiers","app":11.32,"app_bas":9.22,"app_haut":13.9,"app_ech":"maille","app_obs":7,"mai":9,"mai_bas":7.22,"mai_haut":11.22,"mai_ech":"maille","mai_obs":12},"geometry":{"type":"Polygon","coordinates":[[[1.72,49.3953],[1.7456,49.409],[1.7584,49.4044],[1.7704,49.3971],[1.7651,49.3848],[1.78,49.3767],[1.7593,49.3682],[1.7476,49.3731],[1.7412,49.3817],[1.72,49.3953]]]}},{"type":"Feature","properties":{"code":"60655","nom":"Varesnes","app":12.28,"app_bas":9.86,"app_haut":15.29,"app_ech":"maille","app_obs":2,"mai":8.63,"mai_bas":7.22,"mai_haut":10.31,"mai_ech":"maille","mai_obs":19},"geometry":{"type":"Polygon","coordinates":[[[3.0909,49.5683],[3.0984,49.5592],[3.1097,49.5525],[3.0734,49.5381],[3.0598,49.554],[3.0489,49.5586],[3.0525,49.5673],[3.0625,49.5675],[3.0708,49.5721],[3.0909,49.5683]]]}},{"type":"Feature","properties":{"code":"60016","nom":"Ansacq","app":13.68,"app_bas":11.62,"app_haut":16.09,"app_ech":"maille","app_obs":0,"mai":11.24,"mai_bas":8.89,"mai_haut":14.22,"mai_ech":"maille","mai_obs":3},"geometry":{"type":"Polygon","coordinates":[[[2.3795,49.3663],[2.3839,49.353],[2.3814,49.3404],[2.3722,49.3342],[2.3632,49.3367],[2.3552,49.3336],[2.3413,49.3418],[2.3439,49.3462],[2.3483,49.3592],[2.3616,49.3665],[2.3739,49.3673],[2.3795,49.3663]]]}},{"type":"Feature","properties":{"code":"60043","nom":"Bailly","app":11.56,"app_bas":9.32,"app_haut":14.34,"app_ech":"maille","app_obs":1,"mai":10.76,"mai_bas":8.66,"mai_haut":13.38,"mai_ech":"maille","mai_obs":9},"geometry":{"type":"Polygon","coordinates":[[[2.9761,49.4892],[2.9638,49.4928],[2.9694,49.4974],[2.9654,49.5028],[2.9673,49.5074],[2.9785,49.5096],[2.9977,49.5067],[3.0039,49.5004],[2.9912,49.4928],[2.9761,49.4892]]]}},{"type":"Feature","properties":{"code":"60190","nom":"Cuvergnon","app":11.86,"app_bas":9.79,"app_haut":14.38,"app_ech":"maille","app_obs":0,"mai":9.75,"mai_bas":7.89,"mai_haut":12.06,"mai_ech":"maille","mai_obs":18},"geometry":{"type":"Polygon","coordinates":[[[2.9803,49.1684],[2.9814,49.1845],[2.9893,49.1885],[2.9964,49.1869],[3.017,49.1784],[3.0227,49.1708],[3.0136,49.1697],[3.0082,49.1594],[2.9882,49.1588],[2.9803,49.1684]]]}},{"type":"Feature","properties":{"code":"60268","nom":"Gannes","app":10.43,"app_bas":8.8,"app_haut":12.35,"app_ech":"maille","app_obs":0,"mai":7.93,"mai_bas":6.47,"mai_haut":9.72,"mai_ech":"maille","mai_obs":11},"geometry":{"type":"Polygon","coordinates":[[[2.4365,49.5565],[2.4098,49.559],[2.4056,49.5703],[2.3923,49.5755],[2.3925,49.5789],[2.4028,49.586],[2.4203,49.5846],[2.4325,49.5924],[2.4366,49.5871],[2.4351,49.5783],[2.4402,49.5726],[2.4365,49.5565]]]}},{"type":"Feature","properties":{"code":"60471","nom":"Noyon","app":12.34,"app_bas":10,"app_haut":15.23,"app_ech":"commune","app_obs":2178,"mai":9.18,"mai_bas":7.58,"mai_haut":11.11,"mai_ech":"commune","mai_obs":396},"geometry":{"type":"Polygon","coordinates":[[[2.9816,49.5926],[2.9803,49.5935],[3.0059,49.5984],[3.0087,49.608],[3.0286,49.6053],[3.0306,49.6023],[3.0249,49.588],[3.033,49.579],[3.0335,49.5714],[3.0265,49.5658],[3.0442,49.5553],[3.038,49.5499],[3.0271,49.5496],[3.0183,49.5514],[3,49.5632],[2.9914,49.5662],[2.9803,49.5636],[2.9705,49.5691],[2.9713,49.5781],[2.9808,49.5882],[2.9816,49.5926]]]}},{"type":"Feature","properties":{"code":"60552","nom":"Rouville","app":12.36,"app_bas":10.07,"app_haut":15.17,"app_ech":"maille","app_obs":0,"mai":11.16,"mai_bas":8.61,"mai_haut":14.46,"mai_ech":"maille","mai_obs":3},"geometry":{"type":"Polygon","coordinates":[[[2.8739,49.1965],[2.8648,49.2013],[2.8647,49.2132],[2.8599,49.2206],[2.8696,49.2253],[2.8856,49.2186],[2.8982,49.22],[2.902,49.2133],[2.8963,49.1988],[2.8831,49.1959],[2.8739,49.1965]]]}},{"type":"Feature","properties":{"code":"60590","nom":"Saint-Omer-en-Chaussée","app":9.54,"app_bas":7.81,"app_haut":11.67,"app_ech":"maille","app_obs":79,"mai":9.04,"mai_bas":7.33,"mai_haut":11.16,"mai_ech":"maille","mai_obs":28},"geometry":{"type":"Polygon","coordinates":[[[2.011,49.5573],[2.008,49.5523],[2.0106,49.5444],[2.0172,49.5396],[2.0325,49.535],[2.022,49.52],[2.0075,49.5148],[1.9922,49.5195],[1.9883,49.525],[1.9788,49.5299],[1.9795,49.5342],[1.9712,49.5407],[1.9957,49.548],[2.0085,49.5578],[2.011,49.5573]]]}},{"type":"Feature","properties":{"code":"60646","nom":"Troissereux","app":9.54,"app_bas":7.81,"app_haut":11.67,"app_ech":"maille","app_obs":39,"mai":11.52,"mai_bas":9.53,"mai_haut":13.93,"mai_ech":"maille","mai_obs":37},"geometry":{"type":"Polygon","coordinates":[[[2.0601,49.4628],[2.0499,49.4635],[2.0401,49.4712],[2.0249,49.478],[2.0278,49.4848],[2.0414,49.4961],[2.0421,49.5089],[2.056,49.5082],[2.0625,49.5],[2.0729,49.5022],[2.0815,49.4977],[2.0801,49.4864],[2.0861,49.4855],[2.0779,49.4693],[2.0664,49.462],[2.0601,49.4628]]]}},{"type":"Feature","properties":{"code":"60068","nom":"Béthisy-Saint-Pierre","app":12.39,"app_bas":10.54,"app_haut":14.56,"app_ech":"commune","app_obs":187,"mai":11.16,"mai_bas":8.61,"mai_haut":14.46,"mai_ech":"maille","mai_obs":76},"geometry":{"type":"Polygon","coordinates":[[[2.8215,49.3085],[2.8234,49.3078],[2.8146,49.2993],[2.7871,49.2894],[2.7916,49.2988],[2.7884,49.3025],[2.7739,49.3081],[2.7885,49.3119],[2.8077,49.3205],[2.8241,49.3197],[2.8215,49.3085]]]}},{"type":"Feature","properties":{"code":"60149","nom":"Chevrières","app":12.83,"app_bas":10.88,"app_haut":15.13,"app_ech":"maille","app_obs":44,"mai":10.44,"mai_bas":8.52,"mai_haut":12.78,"mai_ech":"commune","mai_obs":148},"geometry":{"type":"Polygon","coordinates":[[[2.686,49.3723],[2.699,49.3602],[2.6991,49.3434],[2.7018,49.3367],[2.6965,49.3296],[2.6755,49.3251],[2.6599,49.3284],[2.6549,49.3569],[2.6771,49.3664],[2.686,49.3723]]]}},{"type":"Feature","properties":{"code":"60281","nom":"Gournay-sur-Aronde","app":10.94,"app_bas":9.43,"app_haut":12.7,"app_ech":"maille","app_obs":42,"mai":9.64,"mai_bas":7.78,"mai_haut":11.94,"mai_ech":"maille","mai_obs":28},"geometry":{"type":"Polygon","coordinates":[[[2.6603,49.4869],[2.667,49.4943],[2.6623,49.5054],[2.6634,49.5106],[2.6715,49.514],[2.6813,49.5154],[2.6795,49.5268],[2.6867,49.5297],[2.7037,49.5286],[2.7085,49.519],[2.6974,49.5135],[2.7038,49.5106],[2.6983,49.5033],[2.7045,49.4956],[2.7147,49.4979],[2.7259,49.4883],[2.7148,49.483],[2.7055,49.4748],[2.6954,49.4765],[2.6918,49.4816],[2.6681,49.4886],[2.6613,49.4864],[2.6603,49.4869]]]}},{"type":"Feature","properties":{"code":"60307","nom":"Heilles","app":12.33,"app_bas":10.38,"app_haut":14.65,"app_ech":"maille","app_obs":2,"mai":11.24,"mai_bas":8.89,"mai_haut":14.22,"mai_ech":"maille","mai_obs":5},"geometry":{"type":"Polygon","coordinates":[[[2.2697,49.3451],[2.2863,49.3407],[2.2903,49.3359],[2.2868,49.3305],[2.2712,49.316],[2.2507,49.3311],[2.2537,49.3404],[2.2603,49.3464],[2.2697,49.3451]]]}},{"type":"Feature","properties":{"code":"60428","nom":"Mont-Saint-Adrien","app":11.73,"app_bas":9.67,"app_haut":14.22,"app_ech":"maille","app_obs":5,"mai":11.52,"mai_bas":9.53,"mai_haut":13.93,"mai_ech":"maille","mai_obs":5},"geometry":{"type":"Polygon","coordinates":[[[2.0217,49.4339],[2,49.4417],[1.998,49.4467],[1.9839,49.4539],[1.9921,49.4586],[2.006,49.4638],[2.0164,49.4617],[2.0382,49.4525],[2.0436,49.4484],[2.0369,49.4419],[2.0217,49.4339]]]}},{"type":"Feature","properties":{"code":"60599","nom":"Saint-Thibault","app":9.86,"app_bas":8.17,"app_haut":11.92,"app_ech":"maille","app_obs":2,"mai":7.76,"mai_bas":6.27,"mai_haut":9.59,"mai_ech":"maille","mai_obs":12},"geometry":{"type":"Polygon","coordinates":[[[1.787,49.6961],[1.8108,49.7044],[1.838,49.7088],[1.849,49.7016],[1.8628,49.6851],[1.8557,49.6823],[1.8172,49.6838],[1.8094,49.6912],[1.8023,49.6894],[1.8048,49.6831],[1.7933,49.6812],[1.787,49.6961]]]}},{"type":"Feature","properties":{"code":"60026","nom":"Auchy-la-Montagne","app":13.44,"app_bas":11.11,"app_haut":16.26,"app_ech":"maille","app_obs":10,"mai":9.95,"mai_bas":8.14,"mai_haut":12.16,"mai_ech":"maille","mai_obs":21},"geometry":{"type":"Polygon","coordinates":[[[2.0969,49.5691],[2.0995,49.5817],[2.1127,49.5885],[2.1207,49.5886],[2.1318,49.5846],[2.1451,49.573],[2.145,49.5638],[2.1355,49.568],[2.1273,49.5639],[2.1037,49.5582],[2.0964,49.5621],[2.0969,49.5691]]]}},{"type":"Feature","properties":{"code":"60058","nom":"Beauvoir","app":11.18,"app_bas":9.47,"app_haut":13.21,"app_ech":"maille","app_obs":0,"mai":8.88,"mai_bas":7.58,"mai_haut":10.4,"mai_ech":"maille","mai_obs":8},"geometry":{"type":"Polygon","coordinates":[[[2.3034,49.5988],[2.3051,49.6032],[2.3171,49.614],[2.3342,49.6222],[2.3307,49.6259],[2.34,49.6287],[2.3548,49.6192],[2.3503,49.6046],[2.3381,49.5948],[2.3364,49.5887],[2.3206,49.5867],[2.3073,49.5914],[2.3034,49.5988]]]}},{"type":"Feature","properties":{"code":"60218","nom":"Esches","app":15.46,"app_bas":12.96,"app_haut":18.43,"app_ech":"maille","app_obs":10,"mai":12.62,"mai_bas":10.13,"mai_haut":15.73,"mai_ech":"maille","mai_obs":18},"geometry":{"type":"Polygon","coordinates":[[[2.1716,49.2122],[2.1483,49.2125],[2.1565,49.2272],[2.1699,49.244],[2.1783,49.2445],[2.1823,49.2489],[2.1999,49.2522],[2.1946,49.2384],[2.1753,49.2212],[2.1716,49.2122]]]}},{"type":"Feature","properties":{"code":"60390","nom":"Maulers","app":11.18,"app_bas":9.47,"app_haut":13.21,"app_ech":"maille","app_obs":12,"mai":9.95,"mai_bas":8.14,"mai_haut":12.16,"mai_ech":"maille","mai_obs":6},"geometry":{"type":"Polygon","coordinates":[[[2.1566,49.5333],[2.143,49.5451],[2.1413,49.5559],[2.1514,49.5596],[2.192,49.547],[2.1829,49.5385],[2.1825,49.5265],[2.1566,49.5333]]]}},{"type":"Feature","properties":{"code":"60573","nom":"Sainte-Eusoye","app":11.18,"app_bas":9.47,"app_haut":13.21,"app_ech":"maille","app_obs":1,"mai":9.29,"mai_bas":7.67,"mai_haut":11.25,"mai_ech":"maille","mai_obs":20},"geometry":{"type":"Polygon","coordinates":[[[2.2568,49.5954],[2.2674,49.5879],[2.2744,49.5784],[2.2734,49.5752],[2.2654,49.5711],[2.2553,49.5594],[2.2459,49.5538],[2.2331,49.5576],[2.2348,49.5615],[2.2338,49.5777],[2.2318,49.5818],[2.2475,49.587],[2.2434,49.5908],[2.2498,49.5955],[2.2568,49.5954]]]}},{"type":"Feature","properties":{"code":"60578","nom":"Saintines","app":13.52,"app_bas":11.51,"app_haut":15.9,"app_ech":"maille","app_obs":69,"mai":11.54,"mai_bas":9.17,"mai_haut":14.53,"mai_ech":"maille","mai_obs":38},"geometry":{"type":"Polygon","coordinates":[[[2.7654,49.3114],[2.7884,49.3025],[2.7833,49.2972],[2.7634,49.296],[2.7532,49.2888],[2.758,49.3066],[2.7568,49.3113],[2.7654,49.3114]]]}},{"type":"Feature","properties":{"code":"60625","nom":"Suzoy","app":11.56,"app_bas":9.32,"app_haut":14.34,"app_ech":"maille","app_obs":16,"mai":9.07,"mai_bas":7.49,"mai_haut":10.99,"mai_ech":"maille","mai_obs":11},"geometry":{"type":"Polygon","coordinates":[[[2.9293,49.5983],[2.95,49.5888],[2.9591,49.5796],[2.953,49.5714],[2.9469,49.5708],[2.9304,49.573],[2.9229,49.5785],[2.9232,49.5968],[2.9293,49.5983]]]}},{"type":"Feature","properties":{"code":"60064","nom":"Berneuil-sur-Aisne","app":11.56,"app_bas":9.32,"app_haut":14.34,"app_ech":"maille","app_obs":15,"mai":10.68,"mai_bas":7.87,"mai_haut":14.51,"mai_ech":"maille","mai_obs":19},"geometry":{"type":"Polygon","coordinates":[[[3.0123,49.4071],[2.9997,49.4076],[2.9853,49.4111],[2.9647,49.4092],[2.9584,49.4104],[2.9615,49.4196],[2.9745,49.421],[2.9822,49.42],[2.9969,49.4285],[3.0066,49.4431],[3.0231,49.445],[3.0168,49.435],[3.0249,49.4258],[3.0219,49.4085],[3.0123,49.4071]]]}},{"type":"Feature","properties":{"code":"60115","nom":"Bulles","app":11.87,"app_bas":9.57,"app_haut":14.73,"app_ech":"maille","app_obs":13,"mai":11.23,"mai_bas":9.14,"mai_haut":13.8,"mai_ech":"maille","mai_obs":27},"geometry":{"type":"Polygon","coordinates":[[[2.3206,49.4815],[2.3364,49.4738],[2.3567,49.4716],[2.353,49.4618],[2.3762,49.4436],[2.3554,49.4385],[2.3409,49.4262],[2.3353,49.4319],[2.3339,49.439],[2.3387,49.4443],[2.3325,49.4482],[2.321,49.4465],[2.3121,49.4538],[2.2948,49.4634],[2.3018,49.4689],[2.3033,49.4781],[2.3206,49.4815]]]}},{"type":"Feature","properties":{"code":"60311","nom":"Hérelle","app":13.44,"app_bas":11.11,"app_haut":16.26,"app_ech":"maille","app_obs":0,"mai":9.29,"mai_bas":7.67,"mai_haut":11.25,"mai_ech":"maille","mai_obs":12},"geometry":{"type":"Polygon","coordinates":[[[2.4184,49.6115],[2.4294,49.6158],[2.4323,49.6063],[2.4419,49.5993],[2.4203,49.5846],[2.4028,49.586],[2.3973,49.5897],[2.42,49.6053],[2.4184,49.6115]]]}},{"type":"Feature","properties":{"code":"60348","nom":"Larbroye","app":11.56,"app_bas":9.32,"app_haut":14.34,"app_ech":"maille","app_obs":0,"mai":9.35,"mai_bas":7.65,"mai_haut":11.43,"mai_ech":"maille","mai_obs":24},"geometry":{"type":"Polygon","coordinates":[[[2.9469,49.5708],[2.953,49.5714],[2.9591,49.5796],[2.9713,49.5781],[2.9694,49.5658],[2.9529,49.5628],[2.9469,49.5708]]]}},{"type":"Feature","properties":{"code":"60380","nom":"Mareuil-sur-Ourcq","app":13.05,"app_bas":10.52,"app_haut":16.19,"app_ech":"maille","app_obs":43,"mai":8.64,"mai_bas":7.04,"mai_haut":10.6,"mai_ech":"maille","mai_obs":52},"geometry":{"type":"Polygon","coordinates":[[[3.1051,49.148],[3.0939,49.1421],[3.0949,49.1332],[3.0886,49.1248],[3.077,49.1221],[3.0657,49.129],[3.0421,49.1261],[3.0372,49.1281],[3.0387,49.1316],[3.0418,49.1333],[3.0483,49.1312],[3.0557,49.1355],[3.056,49.1427],[3.0483,49.1516],[3.0716,49.1529],[3.089,49.1561],[3.1051,49.148]]]}},{"type":"Feature","properties":{"code":"60526","nom":"Ravenel","app":13.24,"app_bas":11.01,"app_haut":15.94,"app_ech":"maille","app_obs":44,"mai":7.93,"mai_bas":6.47,"mai_haut":9.72,"mai_ech":"maille","mai_obs":38},"geometry":{"type":"Polygon","coordinates":[[[2.535,49.5242],[2.5306,49.5141],[2.5194,49.5097],[2.5093,49.5001],[2.4811,49.4968],[2.4726,49.4984],[2.4702,49.5032],[2.4752,49.5109],[2.4742,49.5239],[2.4859,49.5293],[2.496,49.5314],[2.5256,49.524],[2.535,49.5242]]]}},{"type":"Feature","properties":{"code":"60600","nom":"Saint-Vaast-de-Longmont","app":13.52,"app_bas":11.51,"app_haut":15.9,"app_ech":"maille","app_obs":1,"mai":11.16,"mai_bas":8.61,"mai_haut":14.46,"mai_ech":"maille","mai_obs":13},"geometry":{"type":"Polygon","coordinates":[[[2.7387,49.2761],[2.7432,49.2849],[2.7283,49.2998],[2.7302,49.304],[2.7413,49.3117],[2.7568,49.3113],[2.758,49.3066],[2.7532,49.2888],[2.7478,49.2754],[2.7387,49.2761]]]}},{"type":"Feature","properties":{"code":"60609","nom":"Savignies","app":9.54,"app_bas":7.81,"app_haut":11.67,"app_ech":"maille","app_obs":24,"mai":9.04,"mai_bas":7.33,"mai_haut":11.16,"mai_ech":"maille","mai_obs":26},"geometry":{"type":"Polygon","coordinates":[[[1.9552,49.4476],[1.9341,49.453],[1.9364,49.4616],[1.9283,49.4707],[1.9369,49.4776],[1.9444,49.4727],[1.9629,49.4781],[1.9881,49.4637],[1.9921,49.4586],[1.9839,49.4539],[1.9552,49.4476]]]}},{"type":"Feature","properties":{"code":"60616","nom":"Sérifontaine","app":11.44,"app_bas":9.09,"app_haut":14.4,"app_ech":"maille","app_obs":52,"mai":9,"mai_bas":7.22,"mai_haut":11.22,"mai_ech":"maille","mai_obs":35},"geometry":{"type":"Polygon","coordinates":[[[1.7576,49.357],[1.7618,49.3607],[1.7593,49.3682],[1.78,49.3767],[1.7965,49.3812],[1.8011,49.3864],[1.8148,49.3916],[1.8332,49.3875],[1.8351,49.3766],[1.8244,49.3689],[1.8134,49.3565],[1.7958,49.3406],[1.798,49.3304],[1.7707,49.3256],[1.7728,49.3331],[1.7576,49.357]]]}},{"type":"Feature","properties":{"code":"60053","nom":"Beaulieu-les-Fontaines","app":9.42,"app_bas":7.7,"app_haut":11.53,"app_ech":"maille","app_obs":11,"mai":7.63,"mai_bas":6.2,"mai_haut":9.4,"mai_ech":"maille","mai_obs":34},"geometry":{"type":"Polygon","coordinates":[[[2.8888,49.6707],[2.8884,49.682],[2.8984,49.6862],[2.9154,49.6743],[2.9175,49.6701],[2.9367,49.674],[2.9348,49.6766],[2.9428,49.6747],[2.9533,49.6665],[2.9557,49.6609],[2.9431,49.6597],[2.9153,49.6519],[2.8968,49.6535],[2.8862,49.6492],[2.8702,49.6587],[2.874,49.6654],[2.8851,49.6658],[2.8888,49.6707]]]}},{"type":"Feature","properties":{"code":"60174","nom":"Crapeaumesnil","app":9.42,"app_bas":7.7,"app_haut":11.53,"app_ech":"maille","app_obs":0,"mai":8.06,"mai_bas":6.38,"mai_haut":10.18,"mai_ech":"maille","mai_obs":1},"geometry":{"type":"Polygon","coordinates":[[[2.7963,49.6296],[2.7898,49.6381],[2.7936,49.656],[2.8023,49.6587],[2.805,49.6477],[2.8131,49.6406],[2.8318,49.6334],[2.8269,49.6259],[2.8171,49.6323],[2.8073,49.6355],[2.8055,49.6283],[2.7963,49.6296]]]}},{"type":"Feature","properties":{"code":"60176","nom":"Crépy-en-Valois","app":15.16,"app_bas":12.36,"app_haut":18.6,"app_ech":"commune","app_obs":1713,"mai":12.74,"mai_bas":10.14,"mai_haut":16.03,"mai_ech":"commune","mai_obs":304},"geometry":{"type":"Polygon","coordinates":[[[2.9256,49.2374],[2.9356,49.2331],[2.929,49.2287],[2.9243,49.2199],[2.9073,49.2135],[2.902,49.2133],[2.8982,49.22],[2.8856,49.2186],[2.8696,49.2253],[2.8715,49.2335],[2.865,49.2484],[2.8657,49.2554],[2.8766,49.254],[2.8795,49.2598],[2.9076,49.2546],[2.9076,49.251],[2.9256,49.2374]]]}},{"type":"Feature","properties":{"code":"60069","nom":"Betz","app":14.18,"app_bas":12.11,"app_haut":16.6,"app_ech":"maille","app_obs":75,"mai":11.7,"mai_bas":9.34,"mai_haut":14.64,"mai_ech":"maille","mai_obs":24},"geometry":{"type":"Polygon","coordinates":[[[2.9774,49.1494],[2.967,49.1335],[2.9473,49.1335],[2.9166,49.1522],[2.9085,49.1751],[2.9208,49.1801],[2.9327,49.1768],[2.9569,49.167],[2.9694,49.1604],[2.9774,49.1494]]]}},{"type":"Feature","properties":{"code":"60286","nom":"Grandvilliers","app":10.95,"app_bas":8.94,"app_haut":13.42,"app_ech":"commune","app_obs":321,"mai":7.82,"mai_bas":6.33,"mai_haut":9.66,"mai_ech":"commune","mai_obs":256},"geometry":{"type":"Polygon","coordinates":[[[1.8981,49.6586],[1.8932,49.6613],[1.911,49.6676],[1.9094,49.6703],[1.9209,49.6695],[1.9356,49.6738],[1.9531,49.6823],[1.9544,49.6812],[1.9591,49.6663],[1.9566,49.6574],[1.9486,49.6527],[1.9378,49.6591],[1.9205,49.661],[1.9137,49.6594],[1.8981,49.6586]]]}},{"type":"Feature","properties":{"code":"60310","nom":"Herchies","app":11.73,"app_bas":9.67,"app_haut":14.22,"app_ech":"maille","app_obs":27,"mai":9.04,"mai_bas":7.33,"mai_haut":11.16,"mai_ech":"maille","mai_obs":6},"geometry":{"type":"Polygon","coordinates":[[[1.9903,49.4943],[2.0029,49.49],[2.0175,49.4896],[2.0235,49.4783],[2.0061,49.4736],[1.9894,49.4766],[1.984,49.4842],[1.9903,49.4943]]]}},{"type":"Feature","properties":{"code":"60437","nom":"Mouchy-le-Châtel","app":14.08,"app_bas":12.12,"app_haut":16.35,"app_ech":"maille","app_obs":33,"mai":11.23,"mai_bas":9.14,"mai_haut":13.8,"mai_ech":"maille","mai_obs":12},"geometry":{"type":"Polygon","coordinates":[[[2.2245,49.3243],[2.2339,49.3384],[2.2446,49.3304],[2.2507,49.3311],[2.2712,49.316],[2.2673,49.3135],[2.2487,49.3192],[2.2245,49.3243]]]}},{"type":"Feature","properties":{"code":"60468","nom":"Nourard-le-Franc","app":10.43,"app_bas":8.8,"app_haut":12.35,"app_ech":"maille","app_obs":1,"mai":7.93,"mai_bas":6.47,"mai_haut":9.72,"mai_ech":"maille","mai_obs":14},"geometry":{"type":"Polygon","coordinates":[[[2.3407,49.5197],[2.3491,49.5149],[2.3665,49.5144],[2.3813,49.5117],[2.3935,49.5072],[2.3912,49.4976],[2.3923,49.4895],[2.3813,49.4865],[2.3621,49.4849],[2.3358,49.4944],[2.3368,49.5029],[2.3348,49.5108],[2.3407,49.5197]]]}},{"type":"Feature","properties":{"code":"60478","nom":"Ormoy-le-Davien","app":11.86,"app_bas":9.79,"app_haut":14.38,"app_ech":"maille","app_obs":9,"mai":9.75,"mai_bas":7.89,"mai_haut":12.06,"mai_ech":"maille","mai_obs":34},"geometry":{"type":"Polygon","coordinates":[[[2.941,49.1897],[2.941,49.1995],[2.9695,49.2099],[2.9677,49.1916],[2.9718,49.1875],[2.9682,49.1859],[2.9501,49.1872],[2.941,49.1897]]]}},{"type":"Feature","properties":{"code":"60489","nom":"Péroy-les-Gombries","app":14.18,"app_bas":12.11,"app_haut":16.6,"app_ech":"maille","app_obs":35,"mai":11.16,"mai_bas":8.61,"mai_haut":14.46,"mai_ech":"maille","mai_obs":15},"geometry":{"type":"Polygon","coordinates":[[[2.8192,49.1782],[2.8228,49.1807],[2.835,49.1775],[2.8516,49.1876],[2.8619,49.187],[2.8574,49.1637],[2.8607,49.1419],[2.8585,49.1399],[2.8225,49.1547],[2.8192,49.1782]]]}},{"type":"Feature","properties":{"code":"60592","nom":"Saint-Pierre-es-Champs","app":9.19,"app_bas":7.36,"app_haut":11.47,"app_ech":"maille","app_obs":1,"mai":8.54,"mai_bas":6.98,"mai_haut":10.44,"mai_ech":"maille","mai_obs":8},"geometry":{"type":"Polygon","coordinates":[[[1.7399,49.4493],[1.7498,49.4314],[1.7604,49.4289],[1.7803,49.4269],[1.7669,49.4222],[1.7591,49.4117],[1.7456,49.409],[1.7404,49.4057],[1.7209,49.4071],[1.7139,49.4092],[1.7208,49.4218],[1.7228,49.4331],[1.7334,49.4412],[1.7399,49.4493]]]}},{"type":"Feature","properties":{"code":"60617","nom":"Sermaize","app":9.42,"app_bas":7.7,"app_haut":11.53,"app_ech":"maille","app_obs":0,"mai":9.07,"mai_bas":7.49,"mai_haut":10.99,"mai_ech":"maille","mai_obs":4},"geometry":{"type":"Polygon","coordinates":[[[2.9399,49.6052],[2.9476,49.6128],[2.9306,49.6223],[2.9479,49.6292],[2.9648,49.625],[2.9666,49.6219],[2.9839,49.6203],[2.9631,49.6134],[2.9582,49.6066],[2.9496,49.5987],[2.9399,49.6052]]]}},{"type":"Feature","properties":{"code":"60688","nom":"Villers-sur-Bonnières","app":11.73,"app_bas":9.67,"app_haut":14.22,"app_ech":"maille","app_obs":0,"mai":11.52,"mai_bas":9.53,"mai_haut":13.93,"mai_ech":"maille","mai_obs":1},"geometry":{"type":"Polygon","coordinates":[[[1.9673,49.5237],[1.946,49.5309],[1.9432,49.5431],[1.9609,49.5432],[1.9712,49.5407],[1.9795,49.5342],[1.9788,49.5299],[1.9673,49.5237]]]}},{"type":"Feature","properties":{"code":"60038","nom":"Bachivillers","app":null,"app_bas":null,"app_haut":null,"app_ech":null,"app_obs":0,"mai":null,"mai_bas":null,"mai_haut":null,"mai_ech":null,"mai_obs":0},"geometry":{"type":"Polygon","coordinates":[[[1.9516,49.2991],[1.9665,49.3049],[1.9709,49.3023],[1.9799,49.2859],[1.9863,49.2855],[1.9865,49.2776],[1.9821,49.2744],[1.9814,49.2682],[1.9707,49.2684],[1.9695,49.2747],[1.9527,49.2835],[1.9482,49.2879],[1.9508,49.2928],[1.9516,49.2991]]]}},{"type":"Feature","properties":{"code":"60181","nom":"Crisolles","app":9.42,"app_bas":7.7,"app_haut":11.53,"app_ech":"maille","app_obs":39,"mai":8.63,"mai_bas":7.22,"mai_haut":10.31,"mai_ech":"maille","mai_obs":48},"geometry":{"type":"Polygon","coordinates":[[[2.998,49.6346],[3.0109,49.6405],[3.0426,49.6391],[3.0372,49.6316],[3.047,49.6215],[3.055,49.6209],[3.0388,49.614],[3.0439,49.6062],[3.0286,49.6053],[3.0087,49.608],[3.005,49.6214],[2.9953,49.6299],[2.998,49.6346]]]}},{"type":"Feature","properties":{"code":"60189","nom":"Cuts","app":12.28,"app_bas":9.86,"app_haut":15.29,"app_ech":"maille","app_obs":13,"mai":8.63,"mai_bas":7.22,"mai_haut":10.31,"mai_ech":"maille","mai_obs":47},"geometry":{"type":"Polygon","coordinates":[[[3.1097,49.5525],[3.1225,49.5477],[3.1259,49.5418],[3.1281,49.5354],[3.1266,49.5258],[3.1212,49.521],[3.0963,49.5179],[3.0898,49.5216],[3.0745,49.5268],[3.0743,49.5361],[3.0734,49.5381],[3.1097,49.5525]]]}},{"type":"Feature","properties":{"code":"60245","nom":"Formerie","app":9.97,"app_bas":8.25,"app_haut":12.04,"app_ech":"commune","app_obs":124,"mai":8.06,"mai_bas":6.64,"mai_haut":9.79,"mai_ech":"commune","mai_obs":120},"geometry":{"type":"Polygon","coordinates":[[[1.7173,49.633],[1.7044,49.6397],[1.6987,49.6443],[1.7113,49.65],[1.7228,49.6617],[1.733,49.667],[1.7435,49.6694],[1.753,49.6654],[1.7518,49.6594],[1.7415,49.6526],[1.7416,49.6454],[1.7315,49.6355],[1.7286,49.6293],[1.7173,49.633]]]}},{"type":"Feature","properties":{"code":"60133","nom":"Catillon-Fumechon","app":10.43,"app_bas":8.8,"app_haut":12.35,"app_ech":"maille","app_obs":2,"mai":7.93,"mai_bas":6.47,"mai_haut":9.72,"mai_ech":"maille","mai_obs":9},"geometry":{"type":"Polygon","coordinates":[[[2.3979,49.5483],[2.4086,49.5361],[2.3988,49.5345],[2.3968,49.5273],[2.4074,49.5215],[2.4025,49.514],[2.3935,49.5072],[2.3813,49.5117],[2.3665,49.5144],[2.3491,49.5149],[2.3407,49.5197],[2.3465,49.5287],[2.3559,49.5335],[2.3838,49.5392],[2.3859,49.5503],[2.382,49.5551],[2.3979,49.5483]]]}},{"type":"Feature","properties":{"code":"60283","nom":"Gouy-les-Groseillers","app":13.44,"app_bas":11.11,"app_haut":16.26,"app_ech":"maille","app_obs":0,"mai":8.88,"mai_bas":7.58,"mai_haut":10.4,"mai_ech":"maille","mai_obs":0},"geometry":{"type":"Polygon","coordinates":[[[2.2296,49.7022],[2.2325,49.7021],[2.2301,49.6896],[2.2158,49.6867],[2.1996,49.6955],[2.192,49.7029],[2.2088,49.6998],[2.2176,49.7025],[2.2296,49.7022]]]}},{"type":"Feature","properties":{"code":"60443","nom":"Muirancourt","app":10.02,"app_bas":8.16,"app_haut":12.31,"app_ech":"maille","app_obs":12,"mai":8.63,"mai_bas":7.22,"mai_haut":10.31,"mai_ech":"maille","mai_obs":12},"geometry":{"type":"Polygon","coordinates":[[[2.998,49.6346],[2.995,49.6338],[2.9819,49.6441],[2.9867,49.653],[2.9957,49.6619],[3.0092,49.6604],[3.0267,49.6491],[2.998,49.6346]]]}},{"type":"Feature","properties":{"code":"60452","nom":"Neuville-Bosc","app":15.01,"app_bas":12.42,"app_haut":18.13,"app_ech":"maille","app_obs":6,"mai":13.71,"mai_bas":10.98,"mai_haut":17.12,"mai_ech":"maille","mai_obs":0},"geometry":{"type":"Polygon","coordinates":[[[2.0352,49.2135],[2.0382,49.1921],[2.0218,49.1887],[2.0026,49.1944],[1.9842,49.1959],[1.9831,49.1983],[1.9936,49.2122],[2.0172,49.214],[2.0226,49.2185],[2.0352,49.2135]]]}},{"type":"Feature","properties":{"code":"60574","nom":"Saint-Félix","app":12.33,"app_bas":10.38,"app_haut":14.65,"app_ech":"maille","app_obs":5,"mai":11.23,"mai_bas":9.14,"mai_haut":13.8,"mai_ech":"maille","mai_obs":0},"geometry":{"type":"Polygon","coordinates":[[[2.2697,49.3451],[2.2722,49.3567],[2.2786,49.3689],[2.2883,49.3654],[2.2947,49.3705],[2.2982,49.3599],[2.2993,49.3489],[2.2863,49.3407],[2.2697,49.3451]]]}},{"type":"Feature","properties":{"code":"60005","nom":"Acy-en-Multien","app":12.69,"app_bas":10.47,"app_haut":15.39,"app_ech":"maille","app_obs":29,"mai":11.7,"mai_bas":9.34,"mai_haut":14.64,"mai_ech":"maille","mai_obs":19},"geometry":{"type":"Polygon","coordinates":[[[2.9458,49.0881],[2.9305,49.0951],[2.9381,49.0979],[2.9383,49.1048],[2.9363,49.1124],[2.9401,49.1297],[2.9473,49.1335],[2.967,49.1335],[2.966,49.1224],[2.9733,49.1093],[2.9748,49.1007],[2.9714,49.089],[2.9565,49.0854],[2.9458,49.0881]]]}},{"type":"Feature","properties":{"code":"60037","nom":"Babœuf","app":10.51,"app_bas":8.5,"app_haut":12.98,"app_ech":"maille","app_obs":0,"mai":7.84,"mai_bas":6.56,"mai_haut":9.37,"mai_ech":"maille","mai_obs":11},"geometry":{"type":"Polygon","coordinates":[[[3.0712,49.5753],[3.0701,49.5819],[3.0776,49.5918],[3.0971,49.6022],[3.1026,49.5993],[3.1044,49.5878],[3.1138,49.5703],[3.0948,49.5702],[3.0909,49.5683],[3.0708,49.5721],[3.0712,49.5753]]]}},{"type":"Feature","properties":{"code":"60177","nom":"Cressonsacq","app":13.24,"app_bas":11.01,"app_haut":15.94,"app_ech":"maille","app_obs":4,"mai":12.46,"mai_bas":9.98,"mai_haut":15.55,"mai_ech":"maille","mai_obs":15},"geometry":{"type":"Polygon","coordinates":[[[2.5414,49.4528],[2.551,49.4554],[2.5608,49.4619],[2.5823,49.46],[2.5834,49.4572],[2.583,49.4493],[2.5987,49.4477],[2.5968,49.4403],[2.5814,49.4438],[2.5692,49.4399],[2.5625,49.433],[2.5542,49.4442],[2.5414,49.4528]]]}},{"type":"Feature","properties":{"code":"60528","nom":"Reilly","app":15.01,"app_bas":12.42,"app_haut":18.13,"app_ech":"maille","app_obs":3,"mai":10.03,"mai_bas":8.09,"mai_haut":12.44,"mai_ech":"maille","mai_obs":3},"geometry":{"type":"Polygon","coordinates":[[[1.8473,49.2223],[1.8402,49.2275],[1.8359,49.2449],[1.8539,49.2573],[1.8766,49.2535],[1.8746,49.245],[1.8861,49.2375],[1.8748,49.237],[1.8665,49.2331],[1.8663,49.2287],[1.8473,49.2223]]]}},{"type":"Feature","properties":{"code":"60647","nom":"Trosly-Breuil","app":12.28,"app_bas":9.86,"app_haut":15.29,"app_ech":"maille","app_obs":56,"mai":10.68,"mai_bas":7.87,"mai_haut":14.51,"mai_ech":"maille","mai_obs":63},"geometry":{"type":"Polygon","coordinates":[[[2.929,49.4124],[2.9305,49.4147],[2.9647,49.4092],[2.9853,49.4111],[2.9997,49.4076],[2.9977,49.4011],[2.9905,49.394],[2.9694,49.3811],[2.9459,49.389],[2.935,49.3984],[2.9412,49.4076],[2.929,49.4124]]]}},{"type":"Feature","properties":{"code":"60046","nom":"Bargny","app":11.86,"app_bas":9.79,"app_haut":14.38,"app_ech":"maille","app_obs":0,"mai":9.75,"mai_bas":7.89,"mai_haut":12.06,"mai_ech":"maille","mai_obs":3},"geometry":{"type":"Polygon","coordinates":[[[2.941,49.1897],[2.9501,49.1872],[2.9682,49.1859],[2.9718,49.1875],[2.9814,49.1845],[2.9803,49.1684],[2.9694,49.1604],[2.9569,49.167],[2.9327,49.1768],[2.9208,49.1801],[2.941,49.1897]]]}},{"type":"Feature","properties":{"code":"60462","nom":"Noailles","app":14.85,"app_bas":11.86,"app_haut":18.58,"app_ech":"commune","app_obs":258,"mai":12.62,"mai_bas":10.13,"mai_haut":15.73,"mai_ech":"maille","mai_obs":88},"geometry":{"type":"Polygon","coordinates":[[[2.1829,49.3256],[2.1945,49.3357],[2.2075,49.342],[2.2074,49.3364],[2.2221,49.3224],[2.2057,49.3116],[2.1976,49.304],[2.1931,49.3012],[2.1751,49.3023],[2.1688,49.3041],[2.163,49.3101],[2.1674,49.3153],[2.1829,49.3256]]]}},{"type":"Feature","properties":{"code":"60700","nom":"Warluis","app":13.68,"app_bas":11.02,"app_haut":17,"app_ech":"maille","app_obs":71,"mai":12.04,"mai_bas":9.57,"mai_haut":15.14,"mai_ech":"maille","mai_obs":39},"geometry":{"type":"Polygon","coordinates":[[[2.1817,49.3708],[2.1701,49.3789],[2.1618,49.3684],[2.1427,49.3747],[2.1369,49.3705],[2.1265,49.3698],[2.1359,49.3771],[2.1357,49.3872],[2.1238,49.3923],[2.1593,49.4022],[2.1698,49.4065],[2.167,49.4004],[2.1715,49.3949],[2.1925,49.393],[2.1965,49.3875],[2.187,49.3844],[2.1812,49.3774],[2.189,49.3748],[2.1817,49.3708]]]}},{"type":"Feature","properties":{"code":"60054","nom":"Beaumont-les-Nonains","app":12.26,"app_bas":10.12,"app_haut":14.85,"app_ech":"maille","app_obs":0,"mai":11.81,"mai_bas":8.99,"mai_haut":15.52,"mai_ech":"maille","mai_obs":0},"geometry":{"type":"Polygon","coordinates":[[[1.9707,49.3476],[1.9966,49.3415],[1.9939,49.3364],[2.0011,49.3319],[2.0226,49.3346],[2.0232,49.3277],[2.0346,49.322],[2.0282,49.3157],[2.0347,49.3093],[2.0405,49.2942],[2.0357,49.2952],[2.0294,49.3002],[2.0199,49.3017],[2.0169,49.313],[2.0118,49.3152],[1.9988,49.326],[1.9821,49.3306],[1.9647,49.3313],[1.9617,49.3365],[1.9707,49.3476]]]}},{"type":"Feature","properties":{"code":"60106","nom":"Breuil-le-Sec","app":13.24,"app_bas":11.01,"app_haut":15.94,"app_ech":"maille","app_obs":27,"mai":12.46,"mai_bas":9.98,"mai_haut":15.55,"mai_ech":"maille","mai_obs":36},"geometry":{"type":"Polygon","coordinates":[[[2.4326,49.3823],[2.4664,49.4001],[2.4802,49.3926],[2.4687,49.3803],[2.4717,49.3678],[2.4692,49.3622],[2.4632,49.358],[2.4437,49.3579],[2.4427,49.3705],[2.4326,49.3823]]]}},{"type":"Feature","properties":{"code":"60290","nom":"Guignecourt","app":11.18,"app_bas":9.47,"app_haut":13.21,"app_ech":"maille","app_obs":12,"mai":11.52,"mai_bas":9.53,"mai_haut":13.93,"mai_ech":"maille","mai_obs":5},"geometry":{"type":"Polygon","coordinates":[[[2.1312,49.4738],[2.1203,49.4766],[2.1125,49.4903],[2.1175,49.4986],[2.13,49.5012],[2.139,49.4916],[2.1496,49.4867],[2.1312,49.4738]]]}},{"type":"Feature","properties":{"code":"60313","nom":"Hermes","app":12.53,"app_bas":10.54,"app_haut":14.88,"app_ech":"commune","app_obs":108,"mai":11.23,"mai_bas":9.14,"mai_haut":13.8,"mai_ech":"maille","mai_obs":70},"geometry":{"type":"Polygon","coordinates":[[[2.2657,49.384],[2.2769,49.388],[2.2786,49.3689],[2.2722,49.3567],[2.2697,49.3451],[2.2603,49.3464],[2.2537,49.3404],[2.2507,49.3311],[2.2446,49.3304],[2.2339,49.3384],[2.235,49.3481],[2.2406,49.3572],[2.2344,49.3625],[2.2368,49.3691],[2.2435,49.3689],[2.2663,49.3824],[2.2657,49.384]]]}},{"type":"Feature","properties":{"code":"60320","nom":"Ivors","app":11.86,"app_bas":9.79,"app_haut":14.38,"app_ech":"maille","app_obs":29,"mai":11.54,"mai_bas":9.17,"mai_haut":14.53,"mai_ech":"maille","mai_obs":2},"geometry":{"type":"Polygon","coordinates":[[[3.0351,49.1836],[3.0168,49.1897],[3.01,49.1844],[3.0021,49.1879],[3.0004,49.1944],[3.0025,49.2062],[3.0005,49.2136],[3.0188,49.2166],[3.0295,49.2134],[3.0348,49.2058],[3.0315,49.202],[3.0426,49.1846],[3.0351,49.1836]]]}},{"type":"Feature","properties":{"code":"60369","nom":"Longueil-Sainte-Marie","app":13.32,"app_bas":11.18,"app_haut":15.88,"app_ech":"maille","app_obs":50,"mai":11.07,"mai_bas":9.11,"mai_haut":13.47,"mai_ech":"maille","mai_obs":82},"geometry":{"type":"Polygon","coordinates":[[[2.7235,49.3796],[2.7309,49.3571],[2.7224,49.3465],[2.7267,49.3393],[2.7363,49.3309],[2.7241,49.3117],[2.7181,49.3109],[2.7043,49.3144],[2.6884,49.314],[2.6723,49.32],[2.6755,49.3251],[2.6965,49.3296],[2.7018,49.3367],[2.6991,49.3434],[2.699,49.3602],[2.6956,49.3631],[2.7048,49.3647],[2.7078,49.3766],[2.7235,49.3796]]]}},{"type":"Feature","properties":{"code":"60451","nom":"Neuilly-sous-Clermont","app":13.68,"app_bas":11.62,"app_haut":16.09,"app_ech":"maille","app_obs":30,"mai":12.46,"mai_bas":9.98,"mai_haut":15.55,"mai_ech":"maille","mai_obs":31},"geometry":{"type":"Polygon","coordinates":[[[2.4234,49.3361],[2.4051,49.3382],[2.3903,49.3368],[2.3814,49.3404],[2.3839,49.353],[2.3795,49.3663],[2.3885,49.3697],[2.3948,49.3669],[2.4113,49.3519],[2.4242,49.3544],[2.4311,49.3459],[2.4223,49.3413],[2.4234,49.3361]]]}},{"type":"Feature","properties":{"code":"60534","nom":"Rethondes","app":12.28,"app_bas":9.86,"app_haut":15.29,"app_ech":"maille","app_obs":5,"mai":10.16,"mai_bas":8.3,"mai_haut":12.45,"mai_ech":"maille","mai_obs":26},"geometry":{"type":"Polygon","coordinates":[[[2.9184,49.4247],[2.931,49.433],[2.9354,49.4393],[2.9335,49.4473],[2.9416,49.4588],[2.9542,49.4343],[2.9676,49.4299],[2.9745,49.421],[2.9615,49.4196],[2.9584,49.4104],[2.9305,49.4147],[2.9184,49.4247]]]}},{"type":"Feature","properties":{"code":"60594","nom":"Saint-Quentin-des-Prés","app":11.44,"app_bas":9.09,"app_haut":14.4,"app_ech":"maille","app_obs":0,"mai":9,"mai_bas":7.22,"mai_haut":11.22,"mai_ech":"maille","mai_obs":7},"geometry":{"type":"Polygon","coordinates":[[[1.7536,49.5494],[1.7737,49.5453],[1.7757,49.5378],[1.7621,49.5293],[1.7545,49.5195],[1.7592,49.5145],[1.7681,49.512],[1.758,49.509],[1.7437,49.4953],[1.7387,49.4996],[1.7255,49.4998],[1.7192,49.5029],[1.7199,49.5089],[1.7309,49.5161],[1.7451,49.5317],[1.7455,49.5392],[1.7449,49.5395],[1.7536,49.5494]]]}},{"type":"Feature","properties":{"code":"60186","nom":"Cuignières","app":11.87,"app_bas":9.57,"app_haut":14.73,"app_ech":"maille","app_obs":0,"mai":9.64,"mai_bas":7.78,"mai_haut":11.94,"mai_ech":"maille","mai_obs":14},"geometry":{"type":"Polygon","coordinates":[[[2.4926,49.4407],[2.4825,49.4346],[2.4644,49.4394],[2.4579,49.4373],[2.4526,49.4407],[2.457,49.4578],[2.4547,49.4595],[2.4564,49.4656],[2.466,49.4636],[2.4824,49.4498],[2.497,49.4541],[2.4926,49.4407]]]}},{"type":"Feature","properties":{"code":"60204","nom":"Écuvilly","app":9.42,"app_bas":7.7,"app_haut":11.53,"app_ech":"maille","app_obs":1,"mai":8.63,"mai_bas":7.22,"mai_haut":10.31,"mai_ech":"maille","mai_obs":31},"geometry":{"type":"Polygon","coordinates":[[[2.9534,49.6606],[2.9482,49.6565],[2.9384,49.6557],[2.9443,49.6472],[2.931,49.647],[2.9136,49.633],[2.8862,49.6492],[2.8968,49.6535],[2.9153,49.6519],[2.9431,49.6597],[2.9534,49.6606]]]}},{"type":"Feature","properties":{"code":"60110","nom":"Broquiers","app":9.86,"app_bas":8.17,"app_haut":11.92,"app_ech":"maille","app_obs":7,"mai":8.54,"mai_bas":6.98,"mai_haut":10.44,"mai_ech":"maille","mai_obs":11},"geometry":{"type":"Polygon","coordinates":[[[1.8428,49.6686],[1.8495,49.6757],[1.8612,49.6737],[1.8585,49.6689],[1.8394,49.6634],[1.8351,49.6565],[1.8268,49.652],[1.8144,49.6501],[1.8209,49.6635],[1.8339,49.665],[1.8428,49.6686]]]}},{"type":"Feature","properties":{"code":"60111","nom":"Broyes","app":10.43,"app_bas":8.8,"app_haut":12.35,"app_ech":"maille","app_obs":0,"mai":9.29,"mai_bas":7.67,"mai_haut":11.25,"mai_ech":"maille","mai_obs":4},"geometry":{"type":"Polygon","coordinates":[[[2.4719,49.6184],[2.4621,49.6226],[2.4366,49.6184],[2.4325,49.6285],[2.4529,49.6411],[2.4585,49.6342],[2.4656,49.638],[2.4734,49.6353],[2.4694,49.6291],[2.4781,49.6208],[2.4719,49.6184]]]}},{"type":"Feature","properties":{"code":"60152","nom":"Choisy-la-Victoire","app":12.83,"app_bas":10.88,"app_haut":15.13,"app_ech":"maille","app_obs":37,"mai":10.1,"mai_bas":8.27,"mai_haut":12.34,"mai_ech":"maille","mai_obs":6},"geometry":{"type":"Polygon","coordinates":[[[2.5931,49.3999],[2.6064,49.4039],[2.6128,49.41],[2.6186,49.4093],[2.6152,49.4029],[2.6208,49.3972],[2.6111,49.394],[2.6088,49.386],[2.61,49.3739],[2.6058,49.3643],[2.6052,49.3549],[2.6016,49.3588],[2.5884,49.3578],[2.5857,49.3458],[2.5777,49.3453],[2.5816,49.3556],[2.5767,49.3677],[2.5897,49.3881],[2.5931,49.3999]]]}},{"type":"Feature","properties":{"code":"60284","nom":"Grandfresnoy","app":12.83,"app_bas":10.88,"app_haut":15.13,"app_ech":"maille","app_obs":50,"mai":10.1,"mai_bas":8.27,"mai_haut":12.34,"mai_ech":"maille","mai_obs":62},"geometry":{"type":"Polygon","coordinates":[[[2.6359,49.3544],[2.6362,49.3596],[2.6487,49.3953],[2.6629,49.4059],[2.6646,49.3961],[2.6723,49.3918],[2.6677,49.3863],[2.6737,49.3792],[2.6824,49.3811],[2.686,49.3723],[2.6771,49.3664],[2.6549,49.3569],[2.6359,49.3544]]]}},{"type":"Feature","properties":{"code":"60314","nom":"Hétomesnil","app":11.44,"app_bas":9.34,"app_haut":14,"app_ech":"maille","app_obs":6,"mai":7.76,"mai_bas":6.27,"mai_haut":9.59,"mai_ech":"maille","mai_obs":7},"geometry":{"type":"Polygon","coordinates":[[[2.0513,49.6435],[2.0595,49.6369],[2.0662,49.6381],[2.0764,49.6341],[2.0675,49.6291],[2.0336,49.6186],[2.0218,49.6204],[2.013,49.634],[2.0153,49.6367],[2.036,49.6444],[2.0513,49.6435]]]}},{"type":"Feature","properties":{"code":"60433","nom":"Mortefontaine-en-Thelle","app":15.46,"app_bas":12.96,"app_haut":18.43,"app_ech":"maille","app_obs":5,"mai":12.62,"mai_bas":10.13,"mai_haut":15.73,"mai_ech":"maille","mai_obs":11},"geometry":{"type":"Polygon","coordinates":[[[2.1741,49.2702],[2.179,49.287],[2.1859,49.2845],[2.1957,49.2749],[2.2041,49.2697],[2.2067,49.2537],[2.1823,49.2489],[2.1756,49.2618],[2.1741,49.2702]]]}},{"type":"Feature","properties":{"code":"60586","nom":"Saint-Martin-le-Nœud","app":11.49,"app_bas":9.26,"app_haut":14.26,"app_ech":"maille","app_obs":4,"mai":12.04,"mai_bas":9.57,"mai_haut":15.14,"mai_ech":"maille","mai_obs":21},"geometry":{"type":"Polygon","coordinates":[[[2.0484,49.3853],[2.0361,49.392],[2.0455,49.3999],[2.064,49.411],[2.0723,49.4067],[2.0791,49.3989],[2.0706,49.3901],[2.0586,49.3828],[2.05,49.3842],[2.0484,49.3853]]]}},{"type":"Feature","properties":{"code":"60007","nom":"Agnetz","app":11.87,"app_bas":9.57,"app_haut":14.73,"app_ech":"maille","app_obs":67,"mai":11.24,"mai_bas":8.89,"mai_haut":14.22,"mai_ech":"maille","mai_obs":47},"geometry":{"type":"Polygon","coordinates":[[[2.3795,49.3663],[2.3739,49.3673],[2.3743,49.3761],[2.3677,49.3805],[2.3592,49.3802],[2.3493,49.3859],[2.3515,49.3901],[2.3632,49.3913],[2.3728,49.411],[2.3836,49.4233],[2.3997,49.4243],[2.4052,49.4166],[2.4018,49.4013],[2.4044,49.3901],[2.3933,49.3818],[2.3885,49.3697],[2.3795,49.3663]]]}},{"type":"Feature","properties":{"code":"60062","nom":"Berlancourt","app":10.12,"app_bas":8.18,"app_haut":12.52,"app_ech":"maille","app_obs":0,"mai":8.63,"mai_bas":7.22,"mai_haut":10.31,"mai_ech":"maille","mai_obs":8},"geometry":{"type":"Polygon","coordinates":[[[3.0593,49.6707],[3.0733,49.6797],[3.0792,49.6917],[3.0926,49.6996],[3.0992,49.6987],[3.1065,49.6886],[3.099,49.684],[3.088,49.6644],[3.0815,49.6608],[3.0679,49.6601],[3.0593,49.6707]]]}},{"type":"Feature","properties":{"code":"60065","nom":"Berthecourt","app":12.33,"app_bas":10.38,"app_haut":14.65,"app_ech":"maille","app_obs":29,"mai":11.23,"mai_bas":9.14,"mai_haut":13.8,"mai_ech":"maille","mai_obs":36},"geometry":{"type":"Polygon","coordinates":[[[2.2168,49.358],[2.2247,49.362],[2.2344,49.3625],[2.2406,49.3572],[2.235,49.3481],[2.2339,49.3384],[2.2245,49.3243],[2.2221,49.3224],[2.2074,49.3364],[2.2085,49.3529],[2.2168,49.358]]]}},{"type":"Feature","properties":{"code":"60198","nom":"Dives","app":11.23,"app_bas":9.43,"app_haut":13.38,"app_ech":"maille","app_obs":18,"mai":9.07,"mai_bas":7.49,"mai_haut":10.99,"mai_ech":"maille","mai_obs":7},"geometry":{"type":"Polygon","coordinates":[[[2.8519,49.5743],[2.8671,49.5878],[2.8675,49.6057],[2.8766,49.6134],[2.8827,49.6134],[2.8876,49.6038],[2.9044,49.5971],[2.9032,49.592],[2.8942,49.5896],[2.8917,49.5835],[2.8951,49.5772],[2.8822,49.5781],[2.8584,49.5707],[2.8519,49.5743]]]}},{"type":"Feature","properties":{"code":"60220","nom":"Espaubourg","app":11.44,"app_bas":9.09,"app_haut":14.4,"app_ech":"maille","app_obs":2,"mai":9,"mai_bas":7.22,"mai_haut":11.22,"mai_ech":"maille","mai_obs":16},"geometry":{"type":"Polygon","coordinates":[[[1.8671,49.4087],[1.8462,49.4129],[1.8486,49.4241],[1.8568,49.4283],[1.8632,49.441],[1.8807,49.4395],[1.8834,49.4366],[1.8758,49.4221],[1.8728,49.409],[1.8671,49.4087]]]}},{"type":"Feature","properties":{"code":"60231","nom":"Feigneux","app":13.05,"app_bas":11.05,"app_haut":15.41,"app_ech":"maille","app_obs":9,"mai":11.54,"mai_bas":9.17,"mai_haut":14.53,"mai_ech":"maille","mai_obs":11},"geometry":{"type":"Polygon","coordinates":[[[2.8915,49.2854],[2.8968,49.286],[2.9043,49.2795],[2.9095,49.2709],[2.9146,49.2683],[2.9419,49.2695],[2.9481,49.2664],[2.9431,49.2626],[2.9452,49.2566],[2.9376,49.2474],[2.9256,49.2374],[2.9076,49.251],[2.9076,49.2546],[2.8795,49.2598],[2.8822,49.2691],[2.8899,49.2766],[2.8915,49.2854]]]}},{"type":"Feature","properties":{"code":"60337","nom":"Lachelle","app":13.32,"app_bas":11.18,"app_haut":15.88,"app_ech":"maille","app_obs":29,"mai":11.24,"mai_bas":9.17,"mai_haut":13.78,"mai_ech":"maille","mai_obs":44},"geometry":{"type":"Polygon","coordinates":[[[2.7312,49.454],[2.7369,49.456],[2.76,49.4417],[2.7743,49.4395],[2.7634,49.4222],[2.7543,49.4109],[2.7511,49.4107],[2.7481,49.4167],[2.7379,49.4203],[2.7399,49.4242],[2.7284,49.4314],[2.7229,49.4471],[2.7312,49.454]]]}},{"type":"Feature","properties":{"code":"60457","nom":"Neuville-Saint-Pierre","app":11.18,"app_bas":9.47,"app_haut":13.21,"app_ech":"maille","app_obs":1,"mai":9.95,"mai_bas":8.14,"mai_haut":12.16,"mai_ech":"maille","mai_obs":4},"geometry":{"type":"Polygon","coordinates":[[[2.1896,49.5199],[2.1825,49.5265],[2.1829,49.5385],[2.192,49.547],[2.1983,49.5445],[2.2011,49.5346],[2.2147,49.5355],[2.2101,49.5256],[2.1995,49.5212],[2.1896,49.5199]]]}},{"type":"Feature","properties":{"code":"60497","nom":"Plessier-sur-Bulles","app":11.18,"app_bas":9.47,"app_haut":13.21,"app_ech":"maille","app_obs":1,"mai":9.95,"mai_bas":8.14,"mai_haut":12.16,"mai_ech":"maille","mai_obs":15},"geometry":{"type":"Polygon","coordinates":[[[2.3368,49.5029],[2.3358,49.4944],[2.3204,49.4858],[2.3206,49.4815],[2.3033,49.4781],[2.3017,49.4821],[2.3086,49.4926],[2.3063,49.4991],[2.3176,49.5025],[2.3368,49.5029]]]}},{"type":"Feature","properties":{"code":"60156","nom":"Clairoix","app":12.19,"app_bas":10.24,"app_haut":14.51,"app_ech":"commune","app_obs":162,"mai":10.76,"mai_bas":8.66,"mai_haut":13.38,"mai_ech":"maille","mai_obs":76},"geometry":{"type":"Polygon","coordinates":[[[2.8472,49.4529],[2.8509,49.4536],[2.8662,49.4483],[2.8646,49.4418],[2.8508,49.4343],[2.8359,49.428],[2.8226,49.4386],[2.8472,49.4529]]]}},{"type":"Feature","properties":{"code":"60407","nom":"Monceaux-l'Abbaye","app":8.9,"app_bas":7.16,"app_haut":11.07,"app_ech":"maille","app_obs":0,"mai":7.81,"mai_bas":6.43,"mai_haut":9.48,"mai_ech":"maille","mai_obs":3},"geometry":{"type":"Polygon","coordinates":[[[1.7757,49.6402],[1.7757,49.6477],[1.7744,49.6561],[1.7755,49.6616],[1.795,49.6671],[1.7909,49.6637],[1.812,49.6505],[1.7996,49.6484],[1.7894,49.6393],[1.7757,49.6402]]]}},{"type":"Feature","properties":{"code":"60453","nom":"Neuville-d'Aumont","app":null,"app_bas":null,"app_haut":null,"app_ech":null,"app_obs":0,"mai":null,"mai_bas":null,"mai_haut":null,"mai_ech":null,"mai_obs":0},"geometry":{"type":"Polygon","coordinates":[[[2.1089,49.3041],[2.0996,49.3039],[2.0823,49.3136],[2.0776,49.3148],[2.0846,49.3178],[2.0865,49.3234],[2.1078,49.3294],[2.1177,49.3267],[2.1225,49.3216],[2.1125,49.316],[2.1089,49.3041]]]}},{"type":"Feature","properties":{"code":"60475","nom":"Ognon","app":null,"app_bas":null,"app_haut":null,"app_ech":null,"app_obs":0,"mai":null,"mai_bas":null,"mai_haut":null,"mai_ech":null,"mai_obs":0},"geometry":{"type":"Polygon","coordinates":[[[2.6233,49.2428],[2.6344,49.243],[2.6484,49.252],[2.6581,49.2539],[2.6605,49.2445],[2.6601,49.2329],[2.6478,49.2304],[2.6369,49.2267],[2.6286,49.232],[2.6233,49.2428]]]}},{"type":"Feature","properties":{"code":"60559","nom":"Rue-Saint-Pierre","app":11.87,"app_bas":9.57,"app_haut":14.73,"app_ech":"maille","app_obs":17,"mai":11.23,"mai_bas":9.14,"mai_haut":13.8,"mai_ech":"maille","mai_obs":37},"geometry":{"type":"Polygon","coordinates":[[[2.2796,49.3887],[2.274,49.3981],[2.2759,49.4113],[2.2803,49.4243],[2.2794,49.4302],[2.292,49.4379],[2.2996,49.4302],[2.3036,49.4175],[2.3167,49.4139],[2.3175,49.411],[2.2909,49.3986],[2.2823,49.396],[2.2796,49.3887]]]}},{"type":"Feature","properties":{"code":"60193","nom":"Daméraucourt","app":11.44,"app_bas":9.34,"app_haut":14,"app_ech":"maille","app_obs":0,"mai":8.12,"mai_bas":6.62,"mai_haut":9.97,"mai_ech":"maille","mai_obs":1},"geometry":{"type":"Polygon","coordinates":[[[1.9331,49.7199],[1.9491,49.7008],[1.9377,49.691],[1.9207,49.6861],[1.9073,49.6868],[1.8948,49.6998],[1.9105,49.7097],[1.9331,49.7199]]]}},{"type":"Feature","properties":{"code":"60073","nom":"Blacourt","app":11.44,"app_bas":9.09,"app_haut":14.4,"app_ech":"maille","app_obs":0,"mai":9,"mai_bas":7.22,"mai_haut":11.22,"mai_ech":"maille","mai_obs":10},"geometry":{"type":"Polygon","coordinates":[[[1.8559,49.4761],[1.8633,49.4715],[1.8857,49.4674],[1.8879,49.4575],[1.8922,49.451],[1.8895,49.4445],[1.8807,49.4395],[1.8632,49.441],[1.8566,49.4408],[1.8271,49.4503],[1.8392,49.4639],[1.8559,49.4761]]]}},{"type":"Feature","properties":{"code":"60300","nom":"Hardivillers-en-Vexin","app":null,"app_bas":null,"app_haut":null,"app_ech":null,"app_obs":0,"mai":null,"mai_bas":null,"mai_haut":null,"mai_ech":null,"mai_obs":0},"geometry":{"type":"Polygon","coordinates":[[[1.9278,49.326],[1.9386,49.3199],[1.9557,49.3064],[1.9516,49.2991],[1.9508,49.2928],[1.9425,49.2959],[1.9343,49.3019],[1.9265,49.3114],[1.9169,49.3111],[1.9159,49.3211],[1.9278,49.326]]]}},{"type":"Feature","properties":{"code":"60317","nom":"Hondainville","app":13.68,"app_bas":11.62,"app_haut":16.09,"app_ech":"maille","app_obs":0,"mai":11.24,"mai_bas":8.89,"mai_haut":14.22,"mai_ech":"maille","mai_obs":7},"geometry":{"type":"Polygon","coordinates":[[[2.2903,49.3359],[2.2863,49.3407],[2.2993,49.3489],[2.2982,49.3599],[2.3086,49.3667],[2.3054,49.3607],[2.3228,49.3519],[2.3295,49.3462],[2.3191,49.3406],[2.3159,49.3255],[2.3061,49.3309],[2.2903,49.3359]]]}},{"type":"Feature","properties":{"code":"60351","nom":"Lataule","app":10.94,"app_bas":9.43,"app_haut":12.7,"app_ech":"maille","app_obs":1,"mai":9.64,"mai_bas":7.78,"mai_haut":11.94,"mai_ech":"maille","mai_obs":7},"geometry":{"type":"Polygon","coordinates":[[[2.6676,49.5573],[2.6766,49.5507],[2.6964,49.5435],[2.6905,49.5383],[2.697,49.5295],[2.6867,49.5297],[2.6795,49.5268],[2.6813,49.5154],[2.6715,49.514],[2.662,49.5183],[2.6709,49.5316],[2.6676,49.5342],[2.6636,49.5455],[2.6565,49.5458],[2.6565,49.5574],[2.6676,49.5573]]]}},{"type":"Feature","properties":{"code":"60490","nom":"Pierrefitte-en-Beauvaisis","app":11.73,"app_bas":9.67,"app_haut":14.22,"app_ech":"maille","app_obs":1,"mai":11.52,"mai_bas":9.53,"mai_haut":13.93,"mai_ech":"maille","mai_obs":4},"geometry":{"type":"Polygon","coordinates":[[[1.9921,49.4586],[1.9881,49.4637],[1.9629,49.4781],[1.9444,49.4727],[1.9369,49.4776],[1.9454,49.4818],[1.96,49.4799],[1.9654,49.484],[1.984,49.4842],[1.9894,49.4766],[2.0061,49.4736],[2.006,49.4638],[1.9921,49.4586]]]}},{"type":"Feature","properties":{"code":"60596","nom":"Saint-Samson-la-Poterie","app":9.19,"app_bas":7.36,"app_haut":11.47,"app_ech":"maille","app_obs":0,"mai":8.54,"mai_bas":6.98,"mai_haut":10.44,"mai_ech":"maille","mai_obs":12},"geometry":{"type":"Polygon","coordinates":[[[1.7236,49.6013],[1.7393,49.6035],[1.7628,49.5961],[1.7439,49.5824],[1.7294,49.5884],[1.7216,49.5888],[1.7201,49.5897],[1.7236,49.6013]]]}},{"type":"Feature","properties":{"code":"60684","nom":"Villers-Saint-Paul","app":13.67,"app_bas":11.33,"app_haut":16.49,"app_ech":"commune","app_obs":331,"mai":14.92,"mai_bas":11.73,"mai_haut":18.99,"mai_ech":"maille","mai_obs":92},"geometry":{"type":"Polygon","coordinates":[[[2.4956,49.3027],[2.5108,49.2887],[2.4959,49.2748],[2.4729,49.2852],[2.4854,49.2997],[2.4956,49.3027]]]}},{"type":"Feature","properties":{"code":"60338","nom":"Lacroix-Saint-Ouen","app":13.79,"app_bas":11.39,"app_haut":16.7,"app_ech":"commune","app_obs":335,"mai":11.37,"mai_bas":9.27,"mai_haut":13.95,"mai_ech":"commune","mai_obs":277},"geometry":{"type":"Polygon","coordinates":[[[2.7547,49.3288],[2.7486,49.3359],[2.7564,49.3436],[2.7645,49.3483],[2.767,49.3547],[2.7642,49.361],[2.777,49.3764],[2.7792,49.3861],[2.7935,49.382],[2.8065,49.3667],[2.8414,49.3672],[2.8439,49.349],[2.7729,49.3343],[2.7547,49.3288]]]}},{"type":"Feature","properties":{"code":"60399","nom":"Mesnil-Saint-Firmin","app":13.44,"app_bas":11.11,"app_haut":16.26,"app_ech":"maille","app_obs":0,"mai":9.29,"mai_bas":7.67,"mai_haut":11.25,"mai_ech":"maille","mai_obs":3},"geometry":{"type":"Polygon","coordinates":[[[2.4043,49.6138],[2.4009,49.6232],[2.3904,49.6361],[2.3964,49.6369],[2.4194,49.6321],[2.4291,49.6203],[2.4173,49.6178],[2.4097,49.6124],[2.4043,49.6138]]]}},{"type":"Feature","properties":{"code":"60570","nom":"Saint-Crépin-Ibouvillers","app":12.26,"app_bas":10.12,"app_haut":14.85,"app_ech":"maille","app_obs":31,"mai":12.62,"mai_bas":10.13,"mai_haut":15.73,"mai_ech":"maille","mai_obs":31},"geometry":{"type":"Polygon","coordinates":[[[2.0242,49.2476],[2.044,49.2567],[2.0455,49.2646],[2.0368,49.2648],[2.0403,49.2735],[2.0465,49.2773],[2.0456,49.2868],[2.0616,49.2943],[2.072,49.2963],[2.0715,49.2895],[2.0765,49.2834],[2.0972,49.2767],[2.0939,49.2688],[2.0925,49.2395],[2.0859,49.2453],[2.0764,49.2481],[2.0471,49.2404],[2.0259,49.2437],[2.0242,49.2476]]]}},{"type":"Feature","properties":{"code":"60088","nom":"Bornel","app":15.18,"app_bas":12.6,"app_haut":18.28,"app_ech":"commune","app_obs":245,"mai":15.13,"mai_bas":11.52,"mai_haut":19.87,"mai_ech":"maille","mai_obs":47},"geometry":{"type":"Polygon","coordinates":[[[2.1761,49.176],[2.1759,49.1696],[2.1639,49.1661],[2.1577,49.1725],[2.1646,49.1797],[2.1524,49.1838],[2.1565,49.1897],[2.1547,49.1956],[2.173,49.2016],[2.1716,49.2122],[2.1753,49.2212],[2.1946,49.2384],[2.1999,49.2522],[2.2067,49.2537],[2.215,49.2397],[2.2214,49.2332],[2.2197,49.225],[2.2142,49.2203],[2.2146,49.2139],[2.2306,49.2052],[2.2305,49.2033],[2.2252,49.2031],[2.2098,49.1923],[2.1884,49.1848],[2.1761,49.176]]]}},{"type":"Feature","properties":{"code":"60099","nom":"Braisnes-sur-Aronde","app":11.77,"app_bas":10,"app_haut":13.84,"app_ech":"maille","app_obs":6,"mai":10.16,"mai_bas":8.3,"mai_haut":12.45,"mai_ech":"maille","mai_obs":11},"geometry":{"type":"Polygon","coordinates":[[[2.7835,49.4791],[2.7924,49.4742],[2.7732,49.4677],[2.7661,49.4677],[2.7623,49.4742],[2.7622,49.4828],[2.7679,49.4854],[2.7835,49.4791]]]}},{"type":"Feature","properties":{"code":"60150","nom":"Chiry-Ourscamp","app":11.56,"app_bas":9.32,"app_haut":14.34,"app_ech":"maille","app_obs":74,"mai":9.35,"mai_bas":7.65,"mai_haut":11.43,"mai_ech":"maille","mai_obs":60},"geometry":{"type":"Polygon","coordinates":[[[2.9819,49.5482],[2.9918,49.5492],[2.9942,49.5255],[2.9913,49.518],[2.9977,49.5067],[2.9785,49.5096],[2.9673,49.5074],[2.9654,49.5028],[2.9533,49.5075],[2.9557,49.5145],[2.968,49.5149],[2.9709,49.5248],[2.9663,49.5277],[2.97,49.5348],[2.9463,49.5343],[2.9257,49.5391],[2.9231,49.5419],[2.9475,49.5495],[2.9596,49.5496],[2.9706,49.547],[2.9819,49.5482]]]}},{"type":"Feature","properties":{"code":"60381","nom":"Margny-aux-Cerises","app":9.42,"app_bas":7.7,"app_haut":11.53,"app_ech":"maille","app_obs":0,"mai":8.06,"mai_bas":6.38,"mai_haut":10.18,"mai_ech":"maille","mai_obs":6},"geometry":{"type":"Polygon","coordinates":[[[2.8888,49.6707],[2.8851,49.6658],[2.874,49.6654],[2.8702,49.6587],[2.8474,49.6721],[2.854,49.6761],[2.8568,49.6827],[2.8612,49.6852],[2.8754,49.6842],[2.8802,49.6752],[2.8888,49.6707]]]}},{"type":"Feature","properties":{"code":"60400","nom":"Mesnil-sur-Bulles","app":11.18,"app_bas":9.47,"app_haut":13.21,"app_ech":"maille","app_obs":0,"mai":11.23,"mai_bas":9.14,"mai_haut":13.8,"mai_ech":"maille","mai_obs":10},"geometry":{"type":"Polygon","coordinates":[[[2.3206,49.4815],[2.3204,49.4858],[2.3358,49.4944],[2.3621,49.4849],[2.3813,49.4865],[2.3911,49.4827],[2.3681,49.4782],[2.3567,49.4716],[2.3364,49.4738],[2.3206,49.4815]]]}},{"type":"Feature","properties":{"code":"60510","nom":"Porcheux","app":11.44,"app_bas":9.09,"app_haut":14.4,"app_ech":"maille","app_obs":4,"mai":10.03,"mai_bas":8.09,"mai_haut":12.44,"mai_ech":"maille","mai_obs":4},"geometry":{"type":"Polygon","coordinates":[[[1.9278,49.326],[1.9159,49.3211],[1.906,49.3395],[1.9186,49.3472],[1.9333,49.3515],[1.9396,49.3408],[1.9459,49.3393],[1.9307,49.3298],[1.9278,49.326]]]}},{"type":"Feature","properties":{"code":"60593","nom":"Saint-Pierre-lès-Bitry","app":12.28,"app_bas":9.86,"app_haut":15.29,"app_ech":"maille","app_obs":0,"mai":9.35,"mai_bas":7.65,"mai_haut":11.43,"mai_ech":"maille","mai_obs":8},"geometry":{"type":"Polygon","coordinates":[[[3.0709,49.4389],[3.0882,49.4404],[3.1003,49.4393],[3.0938,49.4337],[3.0953,49.4212],[3.0735,49.4203],[3.071,49.4236],[3.0788,49.4296],[3.0706,49.4351],[3.0709,49.4389]]]}},{"type":"Feature","properties":{"code":"60665","nom":"Venette","app":13.4,"app_bas":10.76,"app_haut":16.68,"app_ech":"commune","app_obs":206,"mai":11.62,"mai_bas":9.35,"mai_haut":14.45,"mai_ech":"commune","mai_obs":125},"geometry":{"type":"Polygon","coordinates":[[[2.795,49.4032],[2.7687,49.4105],[2.7543,49.4109],[2.7634,49.4222],[2.7734,49.4378],[2.794,49.43],[2.8063,49.4236],[2.8144,49.4155],[2.8079,49.4131],[2.795,49.4032]]]}},{"type":"Feature","properties":{"code":"60694","nom":"Villotran","app":11.49,"app_bas":9.26,"app_haut":14.26,"app_ech":"maille","app_obs":3,"mai":11.81,"mai_bas":8.99,"mai_haut":15.52,"mai_ech":"maille","mai_obs":1},"geometry":{"type":"Polygon","coordinates":[[[1.9966,49.3415],[2.0042,49.3467],[1.9982,49.3515],[1.9999,49.3604],[2.0164,49.3573],[2.0253,49.3526],[2.0297,49.3482],[2.0221,49.346],[2.0226,49.3346],[2.0011,49.3319],[1.9939,49.3364],[1.9966,49.3415]]]}},{"type":"Feature","properties":{"code":"60012","nom":"Andeville","app":11.49,"app_bas":9.26,"app_haut":14.26,"app_ech":"maille","app_obs":89,"mai":12.62,"mai_bas":10.13,"mai_haut":15.73,"mai_ech":"maille","mai_obs":59},"geometry":{"type":"Polygon","coordinates":[[[2.1741,49.2702],[2.1756,49.2618],[2.1823,49.2489],[2.1783,49.2445],[2.1699,49.244],[2.1629,49.2499],[2.153,49.2526],[2.151,49.2591],[2.1589,49.2599],[2.1613,49.2678],[2.1589,49.2734],[2.1741,49.2702]]]}},{"type":"Feature","properties":{"code":"60019","nom":"Antheuil-Portes","app":11.77,"app_bas":10,"app_haut":13.84,"app_ech":"maille","app_obs":1,"mai":10.1,"mai_bas":8.27,"mai_haut":12.34,"mai_ech":"maille","mai_obs":20},"geometry":{"type":"Polygon","coordinates":[[[2.7085,49.519],[2.7204,49.5171],[2.7316,49.5059],[2.7596,49.5049],[2.7696,49.4911],[2.7679,49.4854],[2.7622,49.4828],[2.7504,49.4838],[2.7393,49.491],[2.7259,49.4883],[2.7147,49.4979],[2.7045,49.4956],[2.6983,49.5033],[2.7038,49.5106],[2.6974,49.5135],[2.7085,49.519]]]}},{"type":"Feature","properties":{"code":"60033","nom":"Avilly-Saint-Léonard","app":18.26,"app_bas":14.52,"app_haut":22.96,"app_ech":"maille","app_obs":17,"mai":14.92,"mai_bas":11.73,"mai_haut":18.99,"mai_ech":"maille","mai_obs":25},"geometry":{"type":"Polygon","coordinates":[[[2.5244,49.1964],[2.5285,49.1942],[2.5559,49.1987],[2.5614,49.193],[2.5602,49.1883],[2.5531,49.1745],[2.5398,49.1692],[2.526,49.1724],[2.5088,49.1666],[2.4917,49.183],[2.4972,49.1842],[2.501,49.1945],[2.5244,49.1964]]]}},{"type":"Feature","properties":{"code":"60238","nom":"Fleurines","app":15.29,"app_bas":12.32,"app_haut":18.99,"app_ech":"maille","app_obs":85,"mai":12.66,"mai_bas":10.08,"mai_haut":15.89,"mai_ech":"maille","mai_obs":61},"geometry":{"type":"Polygon","coordinates":[[[2.5853,49.2788],[2.607,49.2776],[2.6168,49.2704],[2.6198,49.2573],[2.6119,49.2459],[2.5825,49.246],[2.561,49.2615],[2.5737,49.2772],[2.5853,49.2788]]]}},{"type":"Feature","properties":{"code":"60126","nom":"Cannectancourt","app":11.23,"app_bas":9.43,"app_haut":13.38,"app_ech":"maille","app_obs":1,"mai":10.16,"mai_bas":8.26,"mai_haut":12.5,"mai_ech":"maille","mai_obs":26},"geometry":{"type":"Polygon","coordinates":[[[2.8773,49.5457],[2.885,49.5557],[2.9046,49.5655],[2.9237,49.5625],[2.9148,49.5472],[2.915,49.5418],[2.8912,49.5398],[2.8903,49.5331],[2.8709,49.5309],[2.8624,49.5367],[2.8801,49.5392],[2.8773,49.5457]]]}},{"type":"Feature","properties":{"code":"60324","nom":"Jaulzy","app":12.28,"app_bas":9.86,"app_haut":15.29,"app_ech":"maille","app_obs":2,"mai":9.35,"mai_bas":7.65,"mai_haut":11.43,"mai_ech":"maille","mai_obs":13},"geometry":{"type":"Polygon","coordinates":[[[3.0825,49.3978],[3.0811,49.3914],[3.0718,49.3758],[3.0565,49.3725],[3.0453,49.3724],[3.0423,49.3821],[3.0441,49.3888],[3.0352,49.3931],[3.0447,49.3994],[3.0452,49.404],[3.0656,49.3989],[3.0825,49.3978]]]}},{"type":"Feature","properties":{"code":"60335","nom":"Lachapelle-sous-Gerberoy","app":11.44,"app_bas":9.09,"app_haut":14.4,"app_ech":"maille","app_obs":0,"mai":9.04,"mai_bas":7.33,"mai_haut":11.16,"mai_ech":"maille","mai_obs":0},"geometry":{"type":"Polygon","coordinates":[[[1.8607,49.5306],[1.8653,49.5364],[1.8583,49.5413],[1.8724,49.5484],[1.8828,49.5601],[1.8949,49.5544],[1.8951,49.5489],[1.8803,49.5403],[1.8746,49.5318],[1.8722,49.5227],[1.8662,49.5207],[1.8607,49.5306]]]}},{"type":"Feature","properties":{"code":"60361","nom":"Liancourt-Saint-Pierre","app":15.01,"app_bas":12.42,"app_haut":18.13,"app_ech":"maille","app_obs":4,"mai":10.03,"mai_bas":8.09,"mai_haut":12.44,"mai_ech":"maille","mai_obs":3},"geometry":{"type":"Polygon","coordinates":[[[1.8861,49.2375],[1.8746,49.245],[1.8754,49.2486],[1.8899,49.2575],[1.9018,49.2494],[1.9186,49.2436],[1.9361,49.2327],[1.9292,49.2134],[1.9168,49.2107],[1.8931,49.2163],[1.8924,49.2252],[1.8861,49.2375]]]}},{"type":"Feature","properties":{"code":"60372","nom":"Luchy","app":9.54,"app_bas":7.81,"app_haut":11.67,"app_ech":"maille","app_obs":11,"mai":9.95,"mai_bas":8.14,"mai_haut":12.16,"mai_ech":"maille","mai_obs":12},"geometry":{"type":"Polygon","coordinates":[[[2.0937,49.5401],[2.0856,49.5544],[2.0922,49.5661],[2.0969,49.5691],[2.0964,49.5621],[2.1037,49.5582],[2.1273,49.5639],[2.1355,49.568],[2.145,49.5638],[2.1514,49.5596],[2.1413,49.5559],[2.143,49.5451],[2.137,49.5413],[2.121,49.5422],[2.1123,49.5386],[2.1098,49.5331],[2.0937,49.5401]]]}},{"type":"Feature","properties":{"code":"60702","nom":"Welles-Pérennes","app":10.43,"app_bas":8.8,"app_haut":12.35,"app_ech":"maille","app_obs":0,"mai":7.93,"mai_bas":6.47,"mai_haut":9.72,"mai_ech":"maille","mai_obs":4},"geometry":{"type":"Polygon","coordinates":[[[2.4894,49.588],[2.4807,49.5918],[2.4669,49.5944],[2.4598,49.5899],[2.4496,49.6006],[2.4419,49.5993],[2.4374,49.6024],[2.4574,49.6036],[2.4719,49.6184],[2.4781,49.6208],[2.4892,49.6316],[2.5055,49.6397],[2.5114,49.6325],[2.5213,49.627],[2.4975,49.6152],[2.4929,49.6078],[2.5039,49.6011],[2.497,49.5875],[2.4894,49.588]]]}},{"type":"Feature","properties":{"code":"60252","nom":"Fournival","app":11.87,"app_bas":9.57,"app_haut":14.73,"app_ech":"maille","app_obs":0,"mai":11.23,"mai_bas":9.14,"mai_haut":13.8,"mai_ech":"maille","mai_obs":14},"geometry":{"type":"Polygon","coordinates":[[[2.38,49.4446],[2.3762,49.4436],[2.353,49.4618],[2.3567,49.4716],[2.3681,49.4782],[2.3917,49.4828],[2.4016,49.475],[2.4067,49.4617],[2.4058,49.4558],[2.3999,49.458],[2.3939,49.4467],[2.38,49.4446]]]}},{"type":"Feature","properties":{"code":"60254","nom":"Francières","app":13.32,"app_bas":11.18,"app_haut":15.88,"app_ech":"maille","app_obs":6,"mai":10.1,"mai_bas":8.27,"mai_haut":12.34,"mai_ech":"maille","mai_obs":33},"geometry":{"type":"Polygon","coordinates":[[[2.7018,49.4562],[2.6934,49.4449],[2.6735,49.4396],[2.6594,49.4337],[2.6489,49.4312],[2.6387,49.4422],[2.6483,49.4573],[2.6623,49.4533],[2.6793,49.4592],[2.684,49.4574],[2.6966,49.4612],[2.7018,49.4562]]]}},{"type":"Feature","properties":{"code":"60257","nom":"Fresne-Léguillon","app":15.01,"app_bas":12.42,"app_haut":18.13,"app_ech":"maille","app_obs":18,"mai":12.04,"mai_bas":9.57,"mai_haut":15.14,"mai_ech":"maille","mai_obs":12},"geometry":{"type":"Polygon","coordinates":[[[1.9814,49.2682],[1.989,49.2631],[1.9975,49.263],[2.0045,49.2573],[2.0039,49.2512],[2.0108,49.248],[1.9994,49.2376],[1.993,49.2357],[1.9924,49.2278],[1.984,49.2275],[1.9836,49.2372],[1.9843,49.2438],[1.9734,49.249],[1.9704,49.2598],[1.9707,49.2684],[1.9814,49.2682]]]}},{"type":"Feature","properties":{"code":"60288","nom":"Grémévillers","app":9.54,"app_bas":7.81,"app_haut":11.67,"app_ech":"maille","app_obs":1,"mai":9.04,"mai_bas":7.33,"mai_haut":11.16,"mai_ech":"maille","mai_obs":28},"geometry":{"type":"Polygon","coordinates":[[[1.8828,49.5601],[1.8801,49.574],[1.8836,49.5746],[1.8978,49.5713],[1.9033,49.5678],[1.9344,49.5592],[1.9302,49.5514],[1.9103,49.5446],[1.9069,49.5478],[1.8951,49.5489],[1.8949,49.5544],[1.8828,49.5601]]]}},{"type":"Feature","properties":{"code":"60343","nom":"Lalande-en-Son","app":11.32,"app_bas":9.22,"app_haut":13.9,"app_ech":"maille","app_obs":2,"mai":8.54,"mai_bas":6.98,"mai_haut":10.44,"mai_ech":"maille","mai_obs":14},"geometry":{"type":"Polygon","coordinates":[[[1.8055,49.4021],[1.8073,49.3958],[1.7965,49.3812],[1.78,49.3767],[1.7651,49.3848],[1.7704,49.3971],[1.8055,49.4021]]]}},{"type":"Feature","properties":{"code":"60418","nom":"Montiers","app":13.24,"app_bas":11.01,"app_haut":15.94,"app_ech":"maille","app_obs":5,"mai":9.64,"mai_bas":7.78,"mai_haut":11.94,"mai_ech":"maille","mai_obs":4},"geometry":{"type":"Polygon","coordinates":[[[2.5485,49.4871],[2.5504,49.4999],[2.5451,49.5141],[2.5586,49.5185],[2.5661,49.5185],[2.5662,49.5115],[2.5822,49.5101],[2.5843,49.5164],[2.6022,49.5023],[2.6014,49.4971],[2.584,49.4994],[2.5767,49.4941],[2.5553,49.4899],[2.5517,49.4857],[2.5485,49.4871]]]}},{"type":"Feature","properties":{"code":"60456","nom":"Neuville-Roy","app":13.24,"app_bas":11.01,"app_haut":15.94,"app_ech":"maille","app_obs":39,"mai":9.64,"mai_bas":7.78,"mai_haut":11.94,"mai_ech":"maille","mai_obs":36},"geometry":{"type":"Polygon","coordinates":[[[2.5608,49.4619],[2.5625,49.4735],[2.5517,49.4857],[2.5553,49.4899],[2.5767,49.4941],[2.584,49.4994],[2.6014,49.4971],[2.6086,49.4912],[2.6114,49.4806],[2.596,49.4715],[2.5897,49.4582],[2.5834,49.4572],[2.5823,49.46],[2.5608,49.4619]]]}},{"type":"Feature","properties":{"code":"60508","nom":"Pontpoint","app":13.91,"app_bas":11.67,"app_haut":16.57,"app_ech":"commune","app_obs":211,"mai":11.07,"mai_bas":9.11,"mai_haut":13.47,"mai_ech":"maille","mai_obs":72},"geometry":{"type":"Polygon","coordinates":[[[2.6355,49.2783],[2.6221,49.2778],[2.6234,49.2857],[2.6123,49.2951],[2.6113,49.3031],[2.6299,49.3174],[2.6539,49.3232],[2.6723,49.32],[2.6884,49.314],[2.6857,49.3065],[2.6773,49.3015],[2.6671,49.2853],[2.6684,49.2826],[2.6667,49.2783],[2.6355,49.2783]]]}},{"type":"Feature","properties":{"code":"60670","nom":"Verneuil-en-Halatte","app":14.37,"app_bas":11.91,"app_haut":17.34,"app_ech":"commune","app_obs":160,"mai":13.47,"mai_bas":10.5,"mai_haut":17.29,"mai_ech":"commune","mai_obs":141},"geometry":{"type":"Polygon","coordinates":[[[2.5261,49.2992],[2.5415,49.3021],[2.5482,49.3007],[2.5508,49.2931],[2.5737,49.2772],[2.561,49.2615],[2.5654,49.2582],[2.5305,49.2426],[2.531,49.2474],[2.5123,49.2558],[2.4993,49.2629],[2.4956,49.2746],[2.5108,49.2887],[2.5169,49.2958],[2.5261,49.2992]]]}},{"type":"Feature","properties":{"code":"60698","nom":"Wacquemoulin","app":10.94,"app_bas":9.43,"app_haut":12.7,"app_ech":"maille","app_obs":1,"mai":8.4,"mai_bas":6.97,"mai_haut":10.13,"mai_ech":"maille","mai_obs":7},"geometry":{"type":"Polygon","coordinates":[[[2.624,49.5247],[2.6393,49.5199],[2.6451,49.5156],[2.6367,49.5045],[2.6086,49.4912],[2.6014,49.4971],[2.6022,49.5023],[2.5958,49.5076],[2.6098,49.5095],[2.624,49.5247]]]}},{"type":"Feature","properties":{"code":"60063","nom":"Berneuil-en-Bray","app":11.49,"app_bas":9.26,"app_haut":14.26,"app_ech":"maille","app_obs":9,"mai":12.04,"mai_bas":9.57,"mai_haut":15.14,"mai_ech":"maille","mai_obs":23},"geometry":{"type":"Polygon","coordinates":[[[2.0253,49.3526],[2.0322,49.3632],[2.043,49.3726],[2.05,49.3842],[2.0586,49.3828],[2.0597,49.3793],[2.0711,49.3762],[2.0842,49.368],[2.0862,49.3605],[2.0809,49.3499],[2.08,49.3329],[2.0594,49.3341],[2.0541,49.3431],[2.0408,49.3447],[2.0297,49.3482],[2.0253,49.3526]]]}},{"type":"Feature","properties":{"code":"60205","nom":"Élencourt","app":11.44,"app_bas":9.34,"app_haut":14,"app_ech":"maille","app_obs":0,"mai":7.76,"mai_bas":6.27,"mai_haut":9.59,"mai_ech":"maille","mai_obs":0},"geometry":{"type":"Polygon","coordinates":[[[1.8948,49.6998],[1.9073,49.6868],[1.9038,49.6846],[1.8876,49.6924],[1.881,49.6979],[1.8948,49.6998]]]}},{"type":"Feature","properties":{"code":"60279","nom":"Gondreville","app":11.86,"app_bas":9.79,"app_haut":14.38,"app_ech":"maille","app_obs":1,"mai":11.54,"mai_bas":9.17,"mai_haut":14.53,"mai_ech":"maille","mai_obs":10},"geometry":{"type":"Polygon","coordinates":[[[2.9643,49.2319],[2.9625,49.22],[2.9706,49.2143],[2.9695,49.2099],[2.9529,49.2033],[2.9386,49.2103],[2.9346,49.2151],[2.9243,49.2199],[2.929,49.2287],[2.9356,49.2331],[2.9507,49.2372],[2.9606,49.2317],[2.9643,49.2319]]]}},{"type":"Feature","properties":{"code":"60308","nom":"Hémévillers","app":10.94,"app_bas":9.43,"app_haut":12.7,"app_ech":"maille","app_obs":8,"mai":10.1,"mai_bas":8.27,"mai_haut":12.34,"mai_ech":"maille","mai_obs":23},"geometry":{"type":"Polygon","coordinates":[[[2.6573,49.4793],[2.6613,49.4864],[2.6681,49.4886],[2.6918,49.4816],[2.6954,49.4765],[2.6793,49.4592],[2.6623,49.4533],[2.6542,49.4557],[2.6617,49.4691],[2.6573,49.4793]]]}},{"type":"Feature","properties":{"code":"60484","nom":"Oudeuil","app":11.73,"app_bas":9.67,"app_haut":14.22,"app_ech":"maille","app_obs":1,"mai":9.04,"mai_bas":7.33,"mai_haut":11.16,"mai_ech":"maille","mai_obs":2},"geometry":{"type":"Polygon","coordinates":[[[2.011,49.5573],[2.0281,49.5641],[2.0351,49.5606],[2.0459,49.5452],[2.0412,49.5349],[2.0325,49.535],[2.0172,49.5396],[2.0106,49.5444],[2.008,49.5523],[2.011,49.5573]]]}},{"type":"Feature","properties":{"code":"60492","nom":"Pimprez","app":11.23,"app_bas":9.43,"app_haut":13.38,"app_ech":"maille","app_obs":6,"mai":10.76,"mai_bas":8.66,"mai_haut":13.38,"mai_ech":"maille","mai_obs":24},"geometry":{"type":"Polygon","coordinates":[[[2.9463,49.5343],[2.97,49.5348],[2.9663,49.5277],[2.9709,49.5248],[2.968,49.5149],[2.9557,49.5145],[2.9533,49.5075],[2.9654,49.5028],[2.9694,49.4974],[2.9638,49.4928],[2.9468,49.4894],[2.933,49.4935],[2.9432,49.497],[2.9399,49.5141],[2.9311,49.5184],[2.9463,49.5343]]]}},{"type":"Feature","properties":{"code":"60502","nom":"Plessis-Patte-d'Oie","app":10.12,"app_bas":8.18,"app_haut":12.52,"app_ech":"maille","app_obs":0,"mai":8.63,"mai_bas":7.22,"mai_haut":10.31,"mai_ech":"maille","mai_obs":5},"geometry":{"type":"Polygon","coordinates":[[[3.0593,49.6707],[3.0566,49.6755],[3.0599,49.6916],[3.0644,49.6954],[3.0781,49.6897],[3.0733,49.6797],[3.0593,49.6707]]]}},{"type":"Feature","properties":{"code":"60687","nom":"Villers-sur-Auchy","app":11.44,"app_bas":9.09,"app_haut":14.4,"app_ech":"maille","app_obs":1,"mai":9,"mai_bas":7.22,"mai_haut":11.22,"mai_ech":"maille","mai_obs":12},"geometry":{"type":"Polygon","coordinates":[[[1.7886,49.4901],[1.8059,49.4929],[1.8145,49.4903],[1.8082,49.4706],[1.7997,49.4561],[1.7772,49.4639],[1.766,49.466],[1.7758,49.4757],[1.7741,49.4841],[1.779,49.4904],[1.7886,49.4901]]]}},{"type":"Feature","properties":{"code":"60008","nom":"Airion","app":13.24,"app_bas":11.01,"app_haut":15.94,"app_ech":"maille","app_obs":9,"mai":11.23,"mai_bas":9.14,"mai_haut":13.8,"mai_ech":"maille","mai_obs":11},"geometry":{"type":"Polygon","coordinates":[[[2.3997,49.4243],[2.3995,49.4312],[2.4243,49.4346],[2.4458,49.431],[2.4423,49.4256],[2.4275,49.4148],[2.4109,49.4084],[2.4018,49.4013],[2.4052,49.4166],[2.3997,49.4243]]]}},{"type":"Feature","properties":{"code":"60200","nom":"Domfront","app":10.84,"app_bas":8.91,"app_haut":13.17,"app_ech":"maille","app_obs":1,"mai":8.4,"mai_bas":6.97,"mai_haut":10.13,"mai_ech":"maille","mai_obs":6},"geometry":{"type":"Polygon","coordinates":[[[2.54,49.6038],[2.5592,49.6082],[2.5716,49.5971],[2.5709,49.5925],[2.5625,49.5885],[2.5568,49.5953],[2.5466,49.5949],[2.54,49.6038]]]}},{"type":"Feature","properties":{"code":"60229","nom":"Fayel","app":13.32,"app_bas":11.18,"app_haut":15.88,"app_ech":"maille","app_obs":0,"mai":11.07,"mai_bas":9.11,"mai_haut":13.47,"mai_ech":"maille","mai_obs":4},"geometry":{"type":"Polygon","coordinates":[[[2.686,49.3723],[2.6824,49.3811],[2.7078,49.3766],[2.7048,49.3647],[2.6956,49.3631],[2.686,49.3723]]]}},{"type":"Feature","properties":{"code":"60121","nom":"Campagne","app":9.42,"app_bas":7.7,"app_haut":11.53,"app_ech":"maille","app_obs":0,"mai":8.63,"mai_bas":7.22,"mai_haut":10.31,"mai_ech":"maille","mai_obs":10},"geometry":{"type":"Polygon","coordinates":[[[2.9534,49.6606],[2.9676,49.6596],[2.9784,49.6442],[2.9698,49.6364],[2.9541,49.641],[2.9443,49.6472],[2.9384,49.6557],[2.9482,49.6565],[2.9534,49.6606]]]}},{"type":"Feature","properties":{"code":"60393","nom":"Mello","app":13.11,"app_bas":11.04,"app_haut":15.56,"app_ech":"maille","app_obs":42,"mai":12.05,"mai_bas":9.56,"mai_haut":15.2,"mai_ech":"maille","mai_obs":23},"geometry":{"type":"Polygon","coordinates":[[[2.3648,49.2838],[2.3795,49.2896],[2.3923,49.2901],[2.3774,49.2679],[2.3781,49.2619],[2.3692,49.2662],[2.3629,49.2712],[2.3648,49.2838]]]}},{"type":"Feature","properties":{"code":"60435","nom":"Morvillers","app":8.9,"app_bas":7.16,"app_haut":11.07,"app_ech":"maille","app_obs":4,"mai":8.54,"mai_bas":6.98,"mai_haut":10.44,"mai_ech":"maille","mai_obs":10},"geometry":{"type":"Polygon","coordinates":[[[1.8538,49.5899],[1.8689,49.5945],[1.884,49.5928],[1.8883,49.5899],[1.8915,49.5803],[1.8836,49.5746],[1.868,49.5728],[1.8635,49.5796],[1.8458,49.5827],[1.8538,49.5899]]]}},{"type":"Feature","properties":{"code":"60479","nom":"Ormoy-Villers","app":12.36,"app_bas":10.07,"app_haut":15.17,"app_ech":"maille","app_obs":7,"mai":11.16,"mai_bas":8.61,"mai_haut":14.46,"mai_ech":"maille","mai_obs":5},"geometry":{"type":"Polygon","coordinates":[[[2.8797,49.1899],[2.8619,49.187],[2.8516,49.1876],[2.835,49.1775],[2.8228,49.1807],[2.8192,49.1782],[2.8187,49.1848],[2.8291,49.2033],[2.8405,49.2113],[2.8599,49.2206],[2.8647,49.2132],[2.8648,49.2013],[2.8739,49.1965],[2.8797,49.1899]]]}},{"type":"Feature","properties":{"code":"60488","nom":"Passel","app":11.56,"app_bas":9.32,"app_haut":14.34,"app_ech":"maille","app_obs":11,"mai":9.07,"mai_bas":7.49,"mai_haut":10.99,"mai_ech":"maille","mai_obs":14},"geometry":{"type":"Polygon","coordinates":[[[2.9803,49.5636],[2.9757,49.5585],[2.977,49.5528],[2.9819,49.5482],[2.9706,49.547],[2.9596,49.5496],[2.9475,49.5495],[2.953,49.5565],[2.9529,49.5628],[2.9694,49.5658],[2.9705,49.5691],[2.9803,49.5636]]]}},{"type":"Feature","properties":{"code":"60572","nom":"Saint-Étienne-Roilaye","app":13.01,"app_bas":10.75,"app_haut":15.74,"app_ech":"maille","app_obs":4,"mai":10.68,"mai_bas":7.87,"mai_haut":14.51,"mai_ech":"maille","mai_obs":12},"geometry":{"type":"Polygon","coordinates":[[[3.0127,49.3372],[3.0018,49.3401],[3.0003,49.3496],[3.0087,49.3554],[2.9923,49.3604],[2.987,49.3707],[2.9993,49.3725],[3.0159,49.3793],[3.0234,49.3782],[3.0285,49.373],[3.0286,49.3653],[3.0209,49.3464],[3.0127,49.3372]]]}},{"type":"Feature","properties":{"code":"60651","nom":"Ully-Saint-Georges","app":14.08,"app_bas":12.12,"app_haut":16.35,"app_ech":"maille","app_obs":72,"mai":12.62,"mai_bas":10.13,"mai_haut":15.73,"mai_ech":"maille","mai_obs":30},"geometry":{"type":"Polygon","coordinates":[[[2.2653,49.2507],[2.2499,49.254],[2.2363,49.2546],[2.2365,49.2655],[2.2517,49.2679],[2.2574,49.2724],[2.246,49.2784],[2.2625,49.2881],[2.2814,49.3057],[2.3087,49.2905],[2.3021,49.2796],[2.3001,49.2699],[2.3044,49.2616],[2.3009,49.2569],[2.286,49.2544],[2.2735,49.2561],[2.2653,49.2507]]]}},{"type":"Feature","properties":{"code":"60656","nom":"Varinfroy","app":12.69,"app_bas":10.47,"app_haut":15.39,"app_ech":"maille","app_obs":3,"mai":11.49,"mai_bas":9.3,"mai_haut":14.19,"mai_ech":"maille","mai_obs":5},"geometry":{"type":"Polygon","coordinates":[[[3.0372,49.103],[3.0462,49.1043],[3.0563,49.1019],[3.0574,49.094],[3.0661,49.0852],[3.0557,49.088],[3.0484,49.0863],[3.0344,49.0886],[3.0372,49.103]]]}},{"type":"Feature","properties":{"code":"60199","nom":"Doméliers","app":10.53,"app_bas":8.71,"app_haut":12.73,"app_ech":"maille","app_obs":0,"mai":10.06,"mai_bas":8.06,"mai_haut":12.55,"mai_ech":"maille","mai_obs":9},"geometry":{"type":"Polygon","coordinates":[[[2.1759,49.645],[2.1775,49.6346],[2.1763,49.6129],[2.1637,49.6124],[2.1472,49.6216],[2.1517,49.6349],[2.1622,49.644],[2.1759,49.645]]]}},{"type":"Feature","properties":{"code":"60114","nom":"Buicourt","app":9.54,"app_bas":7.81,"app_haut":11.67,"app_ech":"maille","app_obs":0,"mai":9.04,"mai_bas":7.33,"mai_haut":11.16,"mai_ech":"maille","mai_obs":1},"geometry":{"type":"Polygon","coordinates":[[[1.8199,49.5437],[1.8301,49.5356],[1.83,49.5293],[1.8205,49.5266],[1.8039,49.5253],[1.8037,49.5353],[1.8085,49.5418],[1.8199,49.5437]]]}},{"type":"Feature","properties":{"code":"60130","nom":"Catenoy","app":13.24,"app_bas":11.01,"app_haut":15.94,"app_ech":"maille","app_obs":30,"mai":11.07,"mai_bas":9.11,"mai_haut":13.47,"mai_ech":"maille","mai_obs":14},"geometry":{"type":"Polygon","coordinates":[[[2.4984,49.3598],[2.4854,49.3594],[2.4973,49.3752],[2.5059,49.3912],[2.5136,49.4011],[2.5269,49.4046],[2.536,49.4038],[2.5332,49.3956],[2.536,49.3892],[2.5457,49.382],[2.5385,49.3722],[2.5271,49.3613],[2.4984,49.3598]]]}},{"type":"Feature","properties":{"code":"60371","nom":"Loueuse","app":9.54,"app_bas":7.81,"app_haut":11.67,"app_ech":"maille","app_obs":0,"mai":8.54,"mai_bas":6.98,"mai_haut":10.44,"mai_ech":"maille","mai_obs":3},"geometry":{"type":"Polygon","coordinates":[[[1.8099,49.6079],[1.8275,49.6102],[1.8381,49.6049],[1.8538,49.5899],[1.8369,49.5759],[1.8286,49.5757],[1.8269,49.5794],[1.8137,49.5863],[1.815,49.6001],[1.8087,49.6069],[1.8099,49.6079]]]}},{"type":"Feature","properties":{"code":"60427","nom":"Monts","app":15.01,"app_bas":12.42,"app_haut":18.13,"app_ech":"maille","app_obs":2,"mai":12.04,"mai_bas":9.57,"mai_haut":15.14,"mai_ech":"maille","mai_obs":0},"geometry":{"type":"Polygon","coordinates":[[[1.99,49.2238],[2.0155,49.2255],[2.0226,49.2185],[2.0172,49.214],[1.9936,49.2122],[1.9788,49.2157],[1.9819,49.2228],[1.99,49.2238]]]}},{"type":"Feature","properties":{"code":"60491","nom":"Pierrefonds","app":13.24,"app_bas":10.87,"app_haut":16.12,"app_ech":"commune","app_obs":161,"mai":11.24,"mai_bas":9.17,"mai_haut":13.78,"mai_ech":"maille","mai_obs":48},"geometry":{"type":"Polygon","coordinates":[[[2.9703,49.3701],[2.987,49.3707],[2.9923,49.3604],[3.0087,49.3554],[3.0003,49.3496],[3.0018,49.3401],[2.9931,49.3329],[2.9643,49.3214],[2.9558,49.3211],[2.936,49.3289],[2.9397,49.3419],[2.9324,49.3538],[2.9262,49.3687],[2.9703,49.3701]]]}},{"type":"Feature","properties":{"code":"60640","nom":"Tourly","app":15.01,"app_bas":12.42,"app_haut":18.13,"app_ech":"maille","app_obs":0,"mai":12.81,"mai_bas":9.93,"mai_haut":16.52,"mai_ech":"maille","mai_obs":0},"geometry":{"type":"Polygon","coordinates":[[[1.9545,49.2279],[1.9488,49.209],[1.9446,49.2081],[1.9292,49.2134],[1.9361,49.2327],[1.9545,49.2279]]]}},{"type":"Feature","properties":{"code":"60642","nom":"Tracy-le-Val","app":11.56,"app_bas":9.32,"app_haut":14.34,"app_ech":"maille","app_obs":1,"mai":10.76,"mai_bas":8.66,"mai_haut":13.38,"mai_ech":"maille","mai_obs":19},"geometry":{"type":"Polygon","coordinates":[[[3.0353,49.4829],[3.027,49.4847],[3.0045,49.4819],[2.9912,49.4928],[3.0039,49.5004],[3.0352,49.4959],[3.0353,49.4829]]]}},{"type":"Feature","properties":{"code":"60155","nom":"Cires-lès-Mello","app":13.28,"app_bas":10.91,"app_haut":16.16,"app_ech":"commune","app_obs":251,"mai":11.24,"mai_bas":8.89,"mai_haut":14.22,"mai_ech":"maille","mai_obs":81},"geometry":{"type":"Polygon","coordinates":[[[2.3009,49.2569],[2.3044,49.2616],[2.3122,49.2626],[2.3234,49.2701],[2.3301,49.2826],[2.3425,49.2863],[2.3498,49.2921],[2.3648,49.2838],[2.3629,49.2712],[2.3692,49.2662],[2.3563,49.254],[2.3526,49.2411],[2.3357,49.2414],[2.3165,49.2367],[2.3115,49.2406],[2.3111,49.2485],[2.3009,49.2569]]]}},{"type":"Feature","properties":{"code":"60270","nom":"Genvry","app":9.42,"app_bas":7.7,"app_haut":11.53,"app_ech":"maille","app_obs":0,"mai":8.63,"mai_bas":7.22,"mai_haut":10.31,"mai_ech":"maille","mai_obs":9},"geometry":{"type":"Polygon","coordinates":[[[2.9953,49.6299],[3.005,49.6214],[3.0087,49.608],[3.0059,49.5984],[2.9895,49.595],[2.9835,49.6042],[2.9871,49.6142],[2.9839,49.6203],[2.9953,49.6299]]]}},{"type":"Feature","properties":{"code":"60273","nom":"Giraumont","app":11.77,"app_bas":10,"app_haut":13.84,"app_ech":"maille","app_obs":4,"mai":10.16,"mai_bas":8.3,"mai_haut":12.45,"mai_ech":"maille","mai_obs":28},"geometry":{"type":"Polygon","coordinates":[[[2.8065,49.4725],[2.8154,49.4789],[2.8275,49.4811],[2.8442,49.4794],[2.8387,49.4716],[2.8307,49.4657],[2.8091,49.4668],[2.8065,49.4725]]]}},{"type":"Feature","properties":{"code":"60296","nom":"Hannaches","app":11.44,"app_bas":9.09,"app_haut":14.4,"app_ech":"maille","app_obs":5,"mai":9,"mai_bas":7.22,"mai_haut":11.22,"mai_ech":"maille","mai_obs":6},"geometry":{"type":"Polygon","coordinates":[[[1.7886,49.4901],[1.7902,49.5035],[1.7875,49.5062],[1.7887,49.5169],[1.8039,49.5253],[1.8205,49.5266],[1.8261,49.5189],[1.8356,49.5144],[1.8322,49.5077],[1.817,49.4959],[1.8145,49.4903],[1.8059,49.4929],[1.7886,49.4901]]]}},{"type":"Feature","properties":{"code":"60432","nom":"Mortefontaine","app":16.31,"app_bas":13.81,"app_haut":19.26,"app_ech":"commune","app_obs":172,"mai":14,"mai_bas":11.18,"mai_haut":17.54,"mai_ech":"commune","mai_obs":123},"geometry":{"type":"MultiPolygon","coordinates":[[[[2.5971,49.1524],[2.6151,49.1464],[2.6141,49.1397],[2.6233,49.1333],[2.6272,49.1228],[2.6374,49.1166],[2.6333,49.1084],[2.6194,49.0945],[2.6103,49.0949],[2.6001,49.1014],[2.5955,49.1122],[2.5844,49.121],[2.5923,49.1343],[2.5858,49.1399],[2.5882,49.1499],[2.5971,49.1524]]],[[[2.5732,49.0942],[2.5795,49.0976],[2.5882,49.093],[2.5799,49.0897],[2.5732,49.0942]]]]}},{"type":"Feature","properties":{"code":"60439","nom":"Mouy","app":12.66,"app_bas":10.66,"app_haut":15.04,"app_ech":"commune","app_obs":588,"mai":10.68,"mai_bas":8.46,"mai_haut":13.48,"mai_ech":"commune","mai_obs":118},"geometry":{"type":"Polygon","coordinates":[[[2.2903,49.3359],[2.3061,49.3309],[2.3264,49.3207],[2.3317,49.3094],[2.3081,49.3028],[2.2948,49.3063],[2.2845,49.3034],[2.2673,49.3135],[2.2712,49.316],[2.2868,49.3305],[2.2903,49.3359]]]}},{"type":"Feature","properties":{"code":"60509","nom":"Pont-Sainte-Maxence","app":13.79,"app_bas":11.57,"app_haut":16.44,"app_ech":"commune","app_obs":1816,"mai":11.14,"mai_bas":9.17,"mai_haut":13.53,"mai_ech":"commune","mai_obs":282},"geometry":{"type":"Polygon","coordinates":[[[2.6031,49.3316],[2.6077,49.3392],[2.6145,49.3333],[2.6248,49.332],[2.6296,49.3257],[2.6379,49.3277],[2.6539,49.3232],[2.6299,49.3174],[2.6113,49.3031],[2.6123,49.2951],[2.6234,49.2857],[2.6221,49.2778],[2.607,49.2776],[2.5853,49.2788],[2.5848,49.2886],[2.5803,49.3035],[2.5768,49.3036],[2.5778,49.3067],[2.604,49.3105],[2.6031,49.3316]]]}},{"type":"Feature","properties":{"code":"60525","nom":"Raray","app":13.52,"app_bas":11.51,"app_haut":15.9,"app_ech":"maille","app_obs":3,"mai":11.16,"mai_bas":8.61,"mai_haut":14.46,"mai_ech":"maille","mai_obs":19},"geometry":{"type":"Polygon","coordinates":[[[2.7018,49.2674],[2.7091,49.273],[2.7387,49.2761],[2.7383,49.2622],[2.7196,49.2503],[2.7037,49.2502],[2.6998,49.2617],[2.7018,49.2674]]]}},{"type":"Feature","properties":{"code":"60632","nom":"Thiescourt","app":11.23,"app_bas":9.43,"app_haut":13.38,"app_ech":"maille","app_obs":4,"mai":10.16,"mai_bas":8.26,"mai_haut":12.5,"mai_ech":"maille","mai_obs":25},"geometry":{"type":"Polygon","coordinates":[[[2.8988,49.5738],[2.9046,49.5655],[2.885,49.5557],[2.8773,49.5457],[2.8596,49.538],[2.8522,49.5465],[2.8399,49.5465],[2.8289,49.5531],[2.8221,49.5537],[2.8256,49.5566],[2.8584,49.5707],[2.8822,49.5781],[2.8951,49.5772],[2.8988,49.5738]]]}},{"type":"Feature","properties":{"code":"60682","nom":"Villers-Saint-Frambourg","app":13.52,"app_bas":11.51,"app_haut":15.9,"app_ech":"maille","app_obs":29,"mai":12.85,"mai_bas":9.77,"mai_haut":16.9,"mai_ech":"maille","mai_obs":36},"geometry":{"type":"Polygon","coordinates":[[[2.6355,49.2783],[2.6393,49.2738],[2.6502,49.2697],[2.6659,49.2601],[2.6581,49.2539],[2.6484,49.252],[2.6344,49.243],[2.6233,49.2428],[2.6119,49.2459],[2.6198,49.2573],[2.6168,49.2704],[2.607,49.2776],[2.6355,49.2783]]]}},{"type":"Feature","properties":{"code":"60066","nom":"Béthancourt-en-Valois","app":13.05,"app_bas":11.05,"app_haut":15.41,"app_ech":"maille","app_obs":2,"mai":11.54,"mai_bas":9.17,"mai_haut":14.53,"mai_ech":"maille","mai_obs":6},"geometry":{"type":"Polygon","coordinates":[[[2.8822,49.2691],[2.8631,49.2718],[2.86,49.2803],[2.8635,49.2889],[2.8691,49.2894],[2.8789,49.2861],[2.8915,49.2854],[2.8899,49.2766],[2.8822,49.2691]]]}},{"type":"Feature","properties":{"code":"60241","nom":"Fontaine-Chaalis","app":16.52,"app_bas":14.14,"app_haut":19.31,"app_ech":"maille","app_obs":7,"mai":12.66,"mai_bas":10.08,"mai_haut":15.89,"mai_ech":"maille","mai_obs":21},"geometry":{"type":"Polygon","coordinates":[[[2.7277,49.1368],[2.7261,49.1344],[2.726,49.1278],[2.7054,49.1294],[2.6942,49.1407],[2.6828,49.1421],[2.6772,49.1478],[2.6631,49.1454],[2.6522,49.1399],[2.6501,49.1304],[2.6557,49.1276],[2.6601,49.1179],[2.6427,49.1189],[2.6374,49.1166],[2.6272,49.1228],[2.6233,49.1333],[2.6141,49.1397],[2.6151,49.1464],[2.5971,49.1524],[2.5921,49.1604],[2.6004,49.1643],[2.6145,49.1666],[2.6193,49.1713],[2.632,49.1708],[2.6561,49.1623],[2.6727,49.17],[2.6757,49.1795],[2.6907,49.1936],[2.7096,49.1964],[2.7143,49.2003],[2.7185,49.189],[2.7016,49.1769],[2.7021,49.1671],[2.6892,49.1668],[2.6863,49.1577],[2.6961,49.1507],[2.711,49.143],[2.7277,49.1368]]]}},{"type":"Feature","properties":{"code":"60081","nom":"Bonlier","app":13.68,"app_bas":11.02,"app_haut":17,"app_ech":"maille","app_obs":33,"mai":9.95,"mai_bas":8.14,"mai_haut":12.16,"mai_ech":"maille","mai_obs":23},"geometry":{"type":"Polygon","coordinates":[[[2.1563,49.4598],[2.147,49.4636],[2.1356,49.464],[2.1312,49.4738],[2.1496,49.4867],[2.1564,49.4856],[2.1562,49.4793],[2.1652,49.4779],[2.1664,49.4686],[2.1563,49.4598]]]}},{"type":"Feature","properties":{"code":"60347","nom":"Lannoy-Cuillère","app":9.86,"app_bas":8.17,"app_haut":11.92,"app_ech":"maille","app_obs":7,"mai":7.81,"mai_bas":6.43,"mai_haut":9.48,"mai_ech":"maille","mai_obs":0},"geometry":{"type":"Polygon","coordinates":[[[1.7151,49.7135],[1.7272,49.7128],[1.7349,49.7156],[1.7474,49.7259],[1.7429,49.7386],[1.7455,49.7386],[1.7644,49.7363],[1.7686,49.7314],[1.7717,49.7099],[1.7465,49.6976],[1.7375,49.7004],[1.7214,49.6915],[1.7177,49.6844],[1.7045,49.6809],[1.6969,49.6891],[1.6886,49.6937],[1.712,49.7077],[1.7151,49.7135]]]}},{"type":"Feature","properties":{"code":"60374","nom":"Maignelay-Montigny","app":11.78,"app_bas":9.69,"app_haut":14.32,"app_ech":"commune","app_obs":129,"mai":8.4,"mai_bas":6.97,"mai_haut":10.13,"mai_ech":"maille","mai_obs":79},"geometry":{"type":"Polygon","coordinates":[[[2.535,49.5242],[2.5256,49.524],[2.496,49.5314],[2.4859,49.5293],[2.4789,49.5383],[2.4815,49.5477],[2.4763,49.5534],[2.4871,49.5612],[2.509,49.5676],[2.5161,49.5742],[2.5231,49.5764],[2.5351,49.5728],[2.5314,49.5671],[2.5417,49.5616],[2.5369,49.5565],[2.5432,49.5407],[2.535,49.5242]]]}},{"type":"Feature","properties":{"code":"60440","nom":"Moyenneville","app":10.94,"app_bas":9.43,"app_haut":12.7,"app_ech":"maille","app_obs":6,"mai":9.64,"mai_bas":7.78,"mai_haut":11.94,"mai_ech":"maille","mai_obs":13},"geometry":{"type":"Polygon","coordinates":[[[2.6603,49.4869],[2.6613,49.4864],[2.6573,49.4793],[2.652,49.4741],[2.6425,49.4765],[2.6297,49.4752],[2.6199,49.4797],[2.6114,49.4806],[2.6086,49.4912],[2.6367,49.5045],[2.6391,49.4933],[2.6535,49.4909],[2.6603,49.4869]]]}},{"type":"Feature","properties":{"code":"60658","nom":"Vauciennes","app":11.53,"app_bas":9.53,"app_haut":13.96,"app_ech":"maille","app_obs":1,"mai":9.75,"mai_bas":7.89,"mai_haut":12.06,"mai_ech":"maille","mai_obs":13},"geometry":{"type":"MultiPolygon","coordinates":[[[[3.0333,49.2438],[3.0326,49.239],[3.04,49.232],[3.0399,49.2262],[3.0297,49.2253],[3.0217,49.2162],[3.0132,49.2229],[3.0155,49.2295],[3.0016,49.2357],[3.0019,49.2385],[3.0333,49.2438]]],[[[2.9902,49.2107],[2.9867,49.2187],[2.9977,49.2236],[3.0028,49.2188],[2.9902,49.2107]]]]}},{"type":"Feature","properties":{"code":"60105","nom":"Brétigny","app":12.28,"app_bas":9.86,"app_haut":15.29,"app_ech":"maille","app_obs":0,"mai":7.84,"mai_bas":6.56,"mai_haut":9.37,"mai_ech":"maille","mai_obs":4},"geometry":{"type":"Polygon","coordinates":[[[3.0909,49.5683],[3.0948,49.5702],[3.1138,49.5703],[3.127,49.5729],[3.1309,49.561],[3.1315,49.5434],[3.1259,49.5418],[3.1225,49.5477],[3.1097,49.5525],[3.0984,49.5592],[3.0909,49.5683]]]}},{"type":"Feature","properties":{"code":"60336","nom":"Lachaussée-du-Bois-d'Écu","app":9.54,"app_bas":7.81,"app_haut":11.67,"app_ech":"maille","app_obs":0,"mai":9.95,"mai_bas":8.14,"mai_haut":12.16,"mai_ech":"maille","mai_obs":2},"geometry":{"type":"Polygon","coordinates":[[[2.1771,49.5754],[2.1881,49.5709],[2.1991,49.5614],[2.1939,49.5606],[2.1905,49.5476],[2.1511,49.5601],[2.1651,49.5733],[2.1771,49.5754]]]}},{"type":"Feature","properties":{"code":"60562","nom":"Sacy-le-Grand","app":13.11,"app_bas":11,"app_haut":15.62,"app_ech":"maille","app_obs":78,"mai":11.07,"mai_bas":9.11,"mai_haut":13.47,"mai_ech":"maille","mai_obs":57},"geometry":{"type":"Polygon","coordinates":[[[2.5457,49.382],[2.5586,49.3845],[2.5668,49.3805],[2.5767,49.3677],[2.5816,49.3556],[2.5777,49.3453],[2.5857,49.3458],[2.5918,49.345],[2.601,49.3335],[2.5242,49.3435],[2.523,49.3488],[2.5139,49.3561],[2.5142,49.3604],[2.5271,49.3613],[2.5385,49.3722],[2.5457,49.382]]]}},{"type":"Feature","properties":{"code":"60563","nom":"Sacy-le-Petit","app":12.83,"app_bas":10.88,"app_haut":15.13,"app_ech":"maille","app_obs":7,"mai":10.1,"mai_bas":8.27,"mai_haut":12.34,"mai_ech":"maille","mai_obs":25},"geometry":{"type":"Polygon","coordinates":[[[2.6328,49.3849],[2.6374,49.3931],[2.6487,49.3953],[2.6362,49.3596],[2.6359,49.3544],[2.625,49.3514],[2.6148,49.354],[2.6052,49.3549],[2.6058,49.3643],[2.61,49.3739],[2.6245,49.3753],[2.6328,49.3849]]]}},{"type":"Feature","properties":{"code":"60173","nom":"Cramoisy","app":13.4,"app_bas":10.99,"app_haut":16.33,"app_ech":"commune","app_obs":125,"mai":11.24,"mai_bas":8.89,"mai_haut":14.22,"mai_ech":"maille","mai_obs":18},"geometry":{"type":"Polygon","coordinates":[[[2.4081,49.2592],[2.4165,49.2525],[2.4168,49.2423],[2.4021,49.239],[2.3791,49.2378],[2.3724,49.2406],[2.3812,49.2557],[2.3819,49.2603],[2.4081,49.2592]]]}},{"type":"Feature","properties":{"code":"60184","nom":"Croutoy","app":13.01,"app_bas":10.75,"app_haut":15.74,"app_ech":"maille","app_obs":1,"mai":10.68,"mai_bas":7.87,"mai_haut":14.51,"mai_ech":"maille","mai_obs":15},"geometry":{"type":"Polygon","coordinates":[[[3.0352,49.3931],[3.0441,49.3888],[3.0423,49.3821],[3.0453,49.3724],[3.0373,49.3634],[3.0286,49.3653],[3.0285,49.373],[3.0234,49.3782],[3.0295,49.3796],[3.0295,49.3886],[3.0352,49.3931]]]}},{"type":"Feature","properties":{"code":"60305","nom":"Hautefontaine","app":13.01,"app_bas":10.75,"app_haut":15.74,"app_ech":"maille","app_obs":15,"mai":9.35,"mai_bas":7.65,"mai_haut":11.43,"mai_ech":"maille","mai_obs":18},"geometry":{"type":"Polygon","coordinates":[[[3.0373,49.3634],[3.0453,49.3724],[3.0565,49.3725],[3.0718,49.3758],[3.0811,49.3743],[3.0768,49.3713],[3.0769,49.3555],[3.0747,49.349],[3.0686,49.3473],[3.0545,49.3571],[3.0373,49.3634]]]}},{"type":"Feature","properties":{"code":"60531","nom":"Remy","app":13.3,"app_bas":11.14,"app_haut":15.87,"app_ech":"commune","app_obs":110,"mai":10.1,"mai_bas":8.27,"mai_haut":12.34,"mai_ech":"maille","mai_obs":91},"geometry":{"type":"Polygon","coordinates":[[[2.7174,49.4708],[2.7251,49.4658],[2.7312,49.454],[2.7229,49.4471],[2.7284,49.4314],[2.7399,49.4242],[2.7379,49.4203],[2.7277,49.4135],[2.68,49.4138],[2.6734,49.415],[2.662,49.4239],[2.6594,49.4337],[2.6735,49.4396],[2.6934,49.4449],[2.7018,49.4562],[2.7103,49.4578],[2.7071,49.4655],[2.7174,49.4708]]]}},{"type":"Feature","properties":{"code":"60654","nom":"Vandélicourt","app":11.77,"app_bas":10,"app_haut":13.84,"app_ech":"maille","app_obs":2,"mai":10.16,"mai_bas":8.26,"mai_haut":12.5,"mai_ech":"maille","mai_obs":4},"geometry":{"type":"Polygon","coordinates":[[[2.7944,49.4953],[2.7761,49.5099],[2.7766,49.5142],[2.7879,49.5174],[2.7985,49.5176],[2.8165,49.5122],[2.8095,49.5019],[2.7944,49.4953]]]}},{"type":"Feature","properties":{"code":"60031","nom":"Autheuil-en-Valois","app":11.53,"app_bas":9.53,"app_haut":13.96,"app_ech":"maille","app_obs":1,"mai":9.75,"mai_bas":7.89,"mai_haut":12.06,"mai_ech":"maille","mai_obs":8},"geometry":{"type":"Polygon","coordinates":[[[3.0426,49.1846],[3.0541,49.1933],[3.0812,49.1937],[3.0869,49.1845],[3.081,49.1728],[3.0846,49.1594],[3.0738,49.1621],[3.0528,49.1701],[3.0379,49.1692],[3.0351,49.1836],[3.0426,49.1846]]]}},{"type":"Feature","properties":{"code":"60214","nom":"Ernemont-Boutavent","app":9.19,"app_bas":7.36,"app_haut":11.47,"app_ech":"maille","app_obs":5,"mai":8.54,"mai_bas":6.98,"mai_haut":10.44,"mai_ech":"maille","mai_obs":3},"geometry":{"type":"Polygon","coordinates":[[[1.8137,49.5863],[1.7994,49.5696],[1.7896,49.5746],[1.786,49.5831],[1.7756,49.5824],[1.7841,49.5886],[1.7707,49.601],[1.7738,49.6044],[1.7873,49.6103],[1.8087,49.6069],[1.815,49.6001],[1.8137,49.5863]]]}},{"type":"Feature","properties":{"code":"60165","nom":"Coudray-sur-Thelle","app":11.49,"app_bas":9.26,"app_haut":14.26,"app_ech":"maille","app_obs":0,"mai":12.04,"mai_bas":9.57,"mai_haut":15.14,"mai_ech":"maille","mai_obs":8},"geometry":{"type":"Polygon","coordinates":[[[2.1089,49.3041],[2.1125,49.316],[2.1225,49.3216],[2.1393,49.3131],[2.1378,49.2997],[2.1269,49.2992],[2.1089,49.3041]]]}},{"type":"Feature","properties":{"code":"60330","nom":"Laboissière-en-Thelle","app":11.49,"app_bas":9.26,"app_haut":14.26,"app_ech":"maille","app_obs":4,"mai":12.04,"mai_bas":9.57,"mai_haut":15.14,"mai_ech":"maille","mai_obs":9},"geometry":{"type":"Polygon","coordinates":[[[2.1741,49.2702],[2.1589,49.2734],[2.1523,49.28],[2.1397,49.2761],[2.1267,49.2784],[2.1225,49.2851],[2.1269,49.2992],[2.1378,49.2997],[2.1531,49.2946],[2.1613,49.2965],[2.1688,49.3041],[2.1751,49.3023],[2.1718,49.2925],[2.179,49.287],[2.1741,49.2702]]]}},{"type":"Feature","properties":{"code":"60444","nom":"Mureaumont","app":8.9,"app_bas":7.16,"app_haut":11.07,"app_ech":"maille","app_obs":0,"mai":7.81,"mai_bas":6.43,"mai_haut":9.48,"mai_ech":"maille","mai_obs":1},"geometry":{"type":"Polygon","coordinates":[[[1.7757,49.6402],[1.7858,49.6259],[1.7901,49.6243],[1.8072,49.6263],[1.8065,49.6113],[1.8099,49.6079],[1.8087,49.6069],[1.7873,49.6103],[1.7737,49.6234],[1.7588,49.631],[1.7757,49.6402]]]}},{"type":"Feature","properties":{"code":"60463","nom":"Nogent-sur-Oise","app":14.31,"app_bas":11.68,"app_haut":17.53,"app_ech":"commune","app_obs":1175,"mai":11.47,"mai_bas":9.1,"mai_haut":14.47,"mai_ech":"commune","mai_obs":189},"geometry":{"type":"Polygon","coordinates":[[[2.4959,49.2748],[2.4846,49.2687],[2.4604,49.2641],[2.4459,49.2699],[2.4375,49.276],[2.4354,49.2812],[2.4328,49.2839],[2.4435,49.2809],[2.4564,49.2895],[2.4729,49.2852],[2.4959,49.2748]]]}},{"type":"Feature","properties":{"code":"60537","nom":"Ribécourt-Dreslincourt","app":11.08,"app_bas":9,"app_haut":13.65,"app_ech":"commune","app_obs":237,"mai":10.14,"mai_bas":8.28,"mai_haut":12.41,"mai_ech":"commune","mai_obs":130},"geometry":{"type":"Polygon","coordinates":[[[2.9254,49.4947],[2.9259,49.4987],[2.9105,49.5078],[2.8979,49.5249],[2.8859,49.5288],[2.8809,49.5257],[2.8814,49.5324],[2.8903,49.5331],[2.8912,49.5398],[2.915,49.5418],[2.9231,49.5419],[2.9257,49.5391],[2.9463,49.5343],[2.9311,49.5184],[2.9399,49.5141],[2.9432,49.497],[2.933,49.4935],[2.9254,49.4947]]]}},{"type":"Feature","properties":{"code":"60615","nom":"Sérévillers","app":10.43,"app_bas":8.8,"app_haut":12.35,"app_ech":"maille","app_obs":0,"mai":9.29,"mai_bas":7.67,"mai_haut":11.25,"mai_ech":"maille","mai_obs":1},"geometry":{"type":"Polygon","coordinates":[[[2.4492,49.6471],[2.4529,49.6411],[2.4325,49.6285],[2.4366,49.6184],[2.4292,49.6171],[2.4291,49.6203],[2.4194,49.6321],[2.4282,49.6446],[2.4492,49.6471]]]}},{"type":"Feature","properties":{"code":"60628","nom":"Therdonne","app":11.49,"app_bas":9.26,"app_haut":14.26,"app_ech":"maille","app_obs":58,"mai":11.52,"mai_bas":9.53,"mai_haut":13.93,"mai_ech":"maille","mai_obs":51},"geometry":{"type":"Polygon","coordinates":[[[2.1416,49.4448],[2.1443,49.4454],[2.1476,49.4376],[2.179,49.424],[2.1821,49.4207],[2.1698,49.4065],[2.1593,49.4022],[2.1508,49.4097],[2.1417,49.4213],[2.1356,49.4227],[2.1253,49.4197],[2.1284,49.437],[2.1362,49.4383],[2.1416,49.4448]]]}},{"type":"Feature","properties":{"code":"60182","nom":"Crocq","app":13.44,"app_bas":11.11,"app_haut":16.26,"app_ech":"maille","app_obs":0,"mai":10.06,"mai_bas":8.06,"mai_haut":12.55,"mai_ech":"maille","mai_obs":3},"geometry":{"type":"Polygon","coordinates":[[[2.1763,49.6129],[2.1775,49.6346],[2.1823,49.6284],[2.1919,49.6249],[2.2031,49.6267],[2.2027,49.6137],[2.1763,49.6129]]]}},{"type":"Feature","properties":{"code":"60140","nom":"Chambors","app":14.3,"app_bas":12.06,"app_haut":16.95,"app_ech":"maille","app_obs":2,"mai":10.03,"mai_bas":8.09,"mai_haut":12.44,"mai_ech":"maille","mai_obs":9},"geometry":{"type":"Polygon","coordinates":[[[1.7906,49.2466],[1.7918,49.2564],[1.8027,49.2734],[1.8232,49.2714],[1.837,49.2654],[1.8226,49.2539],[1.8149,49.2513],[1.8025,49.2453],[1.7906,49.2466]]]}},{"type":"Feature","properties":{"code":"60304","nom":"Haute-Épine","app":9.54,"app_bas":7.81,"app_haut":11.67,"app_ech":"maille","app_obs":26,"mai":9.04,"mai_bas":7.33,"mai_haut":11.16,"mai_ech":"maille","mai_obs":5},"geometry":{"type":"Polygon","coordinates":[[[2.0339,49.5779],[2.0304,49.5795],[2.0021,49.5737],[1.9877,49.5654],[1.983,49.5851],[2.0035,49.5937],[2.0027,49.6002],[2.0046,49.6022],[2.0117,49.5989],[2.0179,49.5912],[2.041,49.5804],[2.0339,49.5779]]]}},{"type":"Feature","properties":{"code":"60441","nom":"Moyvillers","app":13.32,"app_bas":11.18,"app_haut":15.88,"app_ech":"maille","app_obs":19,"mai":10.1,"mai_bas":8.27,"mai_haut":12.34,"mai_ech":"maille","mai_obs":6},"geometry":{"type":"Polygon","coordinates":[[[2.6328,49.3849],[2.6152,49.4029],[2.6186,49.4093],[2.6295,49.4149],[2.6432,49.4182],[2.6493,49.4224],[2.662,49.4239],[2.6734,49.415],[2.6649,49.4106],[2.6629,49.4059],[2.6487,49.3953],[2.6374,49.3931],[2.6328,49.3849]]]}},{"type":"Feature","properties":{"code":"60003","nom":"Abbeville-Saint-Lucien","app":13.68,"app_bas":11.02,"app_haut":17,"app_ech":"maille","app_obs":1,"mai":9.95,"mai_bas":8.14,"mai_haut":12.16,"mai_ech":"maille","mai_obs":20},"geometry":{"type":"Polygon","coordinates":[[[2.1467,49.521],[2.1566,49.5333],[2.1825,49.5265],[2.1896,49.5199],[2.1703,49.5066],[2.1511,49.5135],[2.1467,49.521]]]}},{"type":"Feature","properties":{"code":"60060","nom":"Belle-Église","app":15.46,"app_bas":12.96,"app_haut":18.43,"app_ech":"maille","app_obs":34,"mai":15.13,"mai_bas":11.52,"mai_haut":19.87,"mai_ech":"maille","mai_obs":7},"geometry":{"type":"Polygon","coordinates":[[[2.1761,49.176],[2.1884,49.1848],[2.2098,49.1923],[2.2252,49.2031],[2.2378,49.203],[2.251,49.1967],[2.2268,49.1863],[2.2203,49.1792],[2.205,49.1743],[2.1874,49.1732],[2.1761,49.176]]]}},{"type":"Feature","properties":{"code":"60079","nom":"Boissy-Fresnoy","app":14.18,"app_bas":12.11,"app_haut":16.6,"app_ech":"maille","app_obs":26,"mai":11.7,"mai_bas":9.34,"mai_haut":14.64,"mai_ech":"maille","mai_obs":16},"geometry":{"type":"Polygon","coordinates":[[[2.8607,49.1419],[2.8574,49.1637],[2.8619,49.187],[2.8797,49.1899],[2.8999,49.181],[2.9085,49.1751],[2.9166,49.1522],[2.9042,49.1547],[2.8894,49.1528],[2.8819,49.1442],[2.8607,49.1419]]]}},{"type":"Feature","properties":{"code":"60449","nom":"Neufvy-sur-Aronde","app":10.94,"app_bas":9.43,"app_haut":12.7,"app_ech":"maille","app_obs":0,"mai":9.64,"mai_bas":7.78,"mai_haut":11.94,"mai_ech":"maille","mai_obs":1},"geometry":{"type":"Polygon","coordinates":[[[2.6393,49.5231],[2.6573,49.5321],[2.6676,49.5342],[2.6709,49.5316],[2.662,49.5183],[2.6715,49.514],[2.6634,49.5106],[2.6623,49.5054],[2.667,49.4943],[2.6603,49.4869],[2.6535,49.4909],[2.6391,49.4933],[2.6367,49.5045],[2.6451,49.5156],[2.6393,49.5199],[2.6393,49.5231]]]}},{"type":"Feature","properties":{"code":"60627","nom":"Tartigny","app":13.44,"app_bas":11.11,"app_haut":16.26,"app_ech":"maille","app_obs":0,"mai":8.88,"mai_bas":7.58,"mai_haut":10.4,"mai_ech":"maille","mai_obs":5},"geometry":{"type":"Polygon","coordinates":[[[2.3567,49.6186],[2.34,49.6287],[2.3366,49.6378],[2.3528,49.6447],[2.3625,49.646],[2.3698,49.6423],[2.3771,49.6478],[2.3872,49.6445],[2.3964,49.6369],[2.3904,49.6361],[2.3565,49.6211],[2.3567,49.6186]]]}},{"type":"Feature","properties":{"code":"60634","nom":"Thieux","app":10.43,"app_bas":8.8,"app_haut":12.35,"app_ech":"maille","app_obs":2,"mai":9.29,"mai_bas":7.67,"mai_haut":11.25,"mai_ech":"maille","mai_obs":19},"geometry":{"type":"Polygon","coordinates":[[[2.2884,49.5363],[2.2822,49.5455],[2.2901,49.5583],[2.3024,49.5533],[2.3173,49.5562],[2.3288,49.552],[2.3432,49.5502],[2.327,49.5345],[2.3183,49.5297],[2.3027,49.5297],[2.2884,49.5363]]]}},{"type":"Feature","properties":{"code":"60660","nom":"Vaumain","app":12.26,"app_bas":10.12,"app_haut":14.85,"app_ech":"maille","app_obs":0,"mai":10.03,"mai_bas":8.09,"mai_haut":12.44,"mai_ech":"maille","mai_obs":3},"geometry":{"type":"Polygon","coordinates":[[[1.8513,49.3341],[1.845,49.3433],[1.8545,49.3625],[1.8638,49.3661],[1.8633,49.3546],[1.8759,49.3506],[1.884,49.3451],[1.8894,49.3279],[1.8767,49.3317],[1.8629,49.3236],[1.8593,49.3307],[1.8513,49.3341]]]}},{"type":"Feature","properties":{"code":"60015","nom":"Angy","app":13.11,"app_bas":11.04,"app_haut":15.56,"app_ech":"maille","app_obs":34,"mai":11.23,"mai_bas":9.14,"mai_haut":13.8,"mai_ech":"maille","mai_obs":23},"geometry":{"type":"Polygon","coordinates":[[[2.3439,49.3462],[2.3413,49.3418],[2.3364,49.3267],[2.3264,49.3207],[2.3159,49.3255],[2.3191,49.3406],[2.3295,49.3462],[2.3439,49.3462]]]}},{"type":"Feature","properties":{"code":"60180","nom":"Crillon","app":9.54,"app_bas":7.81,"app_haut":11.67,"app_ech":"maille","app_obs":26,"mai":9.04,"mai_bas":7.33,"mai_haut":11.16,"mai_ech":"maille","mai_obs":13},"geometry":{"type":"Polygon","coordinates":[[[1.9099,49.5027],[1.9001,49.5135],[1.9107,49.5211],[1.9133,49.538],[1.9239,49.5409],[1.9327,49.5477],[1.9432,49.5431],[1.946,49.5309],[1.9436,49.5149],[1.9281,49.5155],[1.9099,49.5027]]]}},{"type":"Feature","properties":{"code":"60191","nom":"Cuvilly","app":10.84,"app_bas":8.91,"app_haut":13.17,"app_ech":"maille","app_obs":3,"mai":10.16,"mai_bas":8.26,"mai_haut":12.5,"mai_ech":"maille","mai_obs":20},"geometry":{"type":"Polygon","coordinates":[[[2.6983,49.5629],[2.698,49.5604],[2.7241,49.5584],[2.7288,49.5499],[2.7229,49.5419],[2.7134,49.5409],[2.7037,49.5286],[2.697,49.5295],[2.6905,49.5383],[2.6964,49.5435],[2.6766,49.5507],[2.6676,49.5573],[2.6749,49.562],[2.688,49.5608],[2.6983,49.5629]]]}},{"type":"Feature","properties":{"code":"60101","nom":"Brégy","app":15.1,"app_bas":12.7,"app_haut":17.96,"app_ech":"maille","app_obs":26,"mai":11.7,"mai_bas":9.34,"mai_haut":14.64,"mai_ech":"maille","mai_obs":32},"geometry":{"type":"Polygon","coordinates":[[[2.8561,49.07],[2.8449,49.0849],[2.8482,49.0965],[2.8549,49.1017],[2.8702,49.1077],[2.8907,49.107],[2.9021,49.1012],[2.9061,49.0982],[2.8963,49.088],[2.9015,49.0854],[2.8949,49.0771],[2.8831,49.0761],[2.8663,49.0707],[2.8561,49.07]]]}},{"type":"Feature","properties":{"code":"60113","nom":"Bucamps","app":11.18,"app_bas":9.47,"app_haut":13.21,"app_ech":"maille","app_obs":0,"mai":9.95,"mai_bas":8.14,"mai_haut":12.16,"mai_ech":"maille","mai_obs":7},"geometry":{"type":"Polygon","coordinates":[[[2.327,49.5345],[2.3465,49.5287],[2.3348,49.5108],[2.3188,49.5158],[2.3052,49.5261],[2.2956,49.518],[2.2856,49.5189],[2.2929,49.5265],[2.2797,49.5303],[2.2884,49.5363],[2.3027,49.5297],[2.3183,49.5297],[2.327,49.5345]]]}},{"type":"Feature","properties":{"code":"60123","nom":"Campremy","app":10.43,"app_bas":8.8,"app_haut":12.35,"app_ech":"maille","app_obs":10,"mai":9.29,"mai_bas":7.67,"mai_haut":11.25,"mai_ech":"maille","mai_obs":11},"geometry":{"type":"Polygon","coordinates":[[[2.3679,49.5743],[2.3623,49.5679],[2.357,49.5666],[2.355,49.5572],[2.3432,49.5502],[2.3288,49.552],[2.3173,49.5562],[2.3024,49.5533],[2.2901,49.5583],[2.2938,49.5663],[2.3068,49.5713],[2.313,49.5824],[2.3197,49.5809],[2.3305,49.571],[2.3419,49.5694],[2.3544,49.5731],[2.3679,49.5743]]]}},{"type":"Feature","properties":{"code":"60147","nom":"Chevincourt","app":11.77,"app_bas":10,"app_haut":13.84,"app_ech":"maille","app_obs":37,"mai":10.16,"mai_bas":8.26,"mai_haut":12.5,"mai_ech":"maille","mai_obs":45},"geometry":{"type":"Polygon","coordinates":[[[2.8624,49.5367],[2.8709,49.5309],[2.8688,49.5227],[2.8629,49.5174],[2.863,49.4996],[2.8549,49.4971],[2.8407,49.5017],[2.8303,49.5093],[2.8298,49.5147],[2.8349,49.5168],[2.8405,49.5271],[2.8503,49.5349],[2.8624,49.5367]]]}},{"type":"Feature","properties":{"code":"60302","nom":"Haudivillers","app":13.68,"app_bas":11.02,"app_haut":17,"app_ech":"maille","app_obs":13,"mai":9.95,"mai_bas":8.14,"mai_haut":12.16,"mai_ech":"maille","mai_obs":13},"geometry":{"type":"Polygon","coordinates":[[[2.2437,49.5084],[2.2495,49.5062],[2.2495,49.4991],[2.2662,49.4961],[2.2582,49.4726],[2.2408,49.4669],[2.2361,49.4737],[2.2123,49.4751],[2.213,49.4777],[2.2215,49.4875],[2.2299,49.5003],[2.2376,49.5025],[2.2437,49.5084]]]}},{"type":"Feature","properties":{"code":"60341","nom":"Lagny-le-Sec","app":15.21,"app_bas":13.38,"app_haut":17.3,"app_ech":"maille","app_obs":55,"mai":13.93,"mai_bas":11.14,"mai_haut":17.42,"mai_ech":"maille","mai_obs":38},"geometry":{"type":"Polygon","coordinates":[[[2.7608,49.063],[2.735,49.0605],[2.7324,49.0699],[2.7244,49.0805],[2.728,49.0938],[2.7368,49.1002],[2.7415,49.0966],[2.7683,49.0833],[2.7871,49.0753],[2.7608,49.063]]]}},{"type":"Feature","properties":{"code":"60401","nom":"Mesnil-Théribus","app":12.26,"app_bas":10.12,"app_haut":14.85,"app_ech":"maille","app_obs":4,"mai":11.81,"mai_bas":8.99,"mai_haut":15.52,"mai_ech":"maille","mai_obs":3},"geometry":{"type":"Polygon","coordinates":[[[1.9863,49.2855],[1.9799,49.2859],[1.9709,49.3023],[1.9793,49.3067],[1.9896,49.3192],[1.9988,49.326],[2.0118,49.3152],[2.0066,49.3101],[1.9982,49.2964],[1.9873,49.2942],[1.9863,49.2855]]]}},{"type":"Feature","properties":{"code":"60547","nom":"Rosoy","app":13.28,"app_bas":11.2,"app_haut":15.76,"app_ech":"maille","app_obs":5,"mai":11.07,"mai_bas":9.11,"mai_haut":13.47,"mai_ech":"maille","mai_obs":9},"geometry":{"type":"Polygon","coordinates":[[[2.5196,49.3282],[2.5139,49.3293],[2.5053,49.3345],[2.4849,49.3398],[2.4837,49.3437],[2.4903,49.3471],[2.5064,49.3479],[2.5242,49.3435],[2.5335,49.3423],[2.5196,49.3282]]]}},{"type":"Feature","properties":{"code":"60442","nom":"Muidorge","app":11.18,"app_bas":9.47,"app_haut":13.21,"app_ech":"maille","app_obs":0,"mai":10.06,"mai_bas":8.06,"mai_haut":12.55,"mai_ech":"maille","mai_obs":0},"geometry":{"type":"Polygon","coordinates":[[[2.1467,49.521],[2.1326,49.5238],[2.1131,49.5307],[2.1098,49.5331],[2.1123,49.5386],[2.121,49.5422],[2.137,49.5413],[2.143,49.5451],[2.1566,49.5333],[2.1467,49.521]]]}},{"type":"Feature","properties":{"code":"60461","nom":"Nivillers","app":13.68,"app_bas":11.02,"app_haut":17,"app_ech":"maille","app_obs":2,"mai":11.52,"mai_bas":9.53,"mai_haut":13.93,"mai_ech":"maille","mai_obs":25},"geometry":{"type":"Polygon","coordinates":[[[2.1535,49.435],[2.1476,49.4376],[2.1443,49.4454],[2.1556,49.4493],[2.1563,49.4598],[2.1664,49.4686],[2.1887,49.4649],[2.187,49.4578],[2.1874,49.4542],[2.178,49.4415],[2.1768,49.4387],[2.1535,49.435]]]}},{"type":"Feature","properties":{"code":"60535","nom":"Reuil-sur-Brêche","app":11.18,"app_bas":9.47,"app_haut":13.21,"app_ech":"maille","app_obs":3,"mai":9.95,"mai_bas":8.14,"mai_haut":12.16,"mai_ech":"maille","mai_obs":5},"geometry":{"type":"Polygon","coordinates":[[[2.186,49.5177],[2.1896,49.5199],[2.1995,49.5212],[2.2101,49.5256],[2.2147,49.5355],[2.2289,49.545],[2.2384,49.5425],[2.2497,49.5371],[2.2399,49.5274],[2.259,49.5232],[2.2517,49.5187],[2.2437,49.5084],[2.2376,49.5025],[2.2299,49.5003],[2.2203,49.5083],[2.2036,49.5095],[2.186,49.5177]]]}},{"type":"Feature","properties":{"code":"60222","nom":"Essuiles","app":11.18,"app_bas":9.47,"app_haut":13.21,"app_ech":"maille","app_obs":18,"mai":9.95,"mai_bas":8.14,"mai_haut":12.16,"mai_ech":"maille","mai_obs":11},"geometry":{"type":"Polygon","coordinates":[[[2.2948,49.5074],[2.3063,49.4991],[2.3086,49.4926],[2.3017,49.4821],[2.3033,49.4781],[2.3018,49.4689],[2.2948,49.4634],[2.2613,49.4586],[2.2589,49.4657],[2.2415,49.4648],[2.2408,49.4669],[2.2582,49.4726],[2.2662,49.4961],[2.2853,49.4996],[2.2948,49.5074]]]}},{"type":"Feature","properties":{"code":"60151","nom":"Choisy-au-Bac","app":14.3,"app_bas":11.55,"app_haut":17.71,"app_ech":"commune","app_obs":166,"mai":11.28,"mai_bas":9.08,"mai_haut":14.01,"mai_ech":"commune","mai_obs":153},"geometry":{"type":"Polygon","coordinates":[[[2.8744,49.4613],[2.8839,49.4575],[2.9023,49.4564],[2.909,49.4497],[2.9416,49.4588],[2.9335,49.4473],[2.9354,49.4393],[2.931,49.433],[2.9184,49.4247],[2.9099,49.4336],[2.8982,49.4279],[2.8785,49.4296],[2.862,49.427],[2.8508,49.4343],[2.8646,49.4418],[2.8662,49.4483],[2.8654,49.4552],[2.8744,49.4613]]]}},{"type":"Feature","properties":{"code":"60291","nom":"Guiscard","app":10.02,"app_bas":8.16,"app_haut":12.31,"app_ech":"maille","app_obs":54,"mai":8.63,"mai_bas":7.22,"mai_haut":10.31,"mai_ech":"maille","mai_obs":69},"geometry":{"type":"Polygon","coordinates":[[[3.0092,49.6604],[3.0155,49.6653],[3.0193,49.6767],[3.0283,49.6801],[3.0335,49.6831],[3.0406,49.6789],[3.0566,49.6755],[3.0593,49.6707],[3.0679,49.6601],[3.0815,49.6608],[3.088,49.6644],[3.099,49.684],[3.1083,49.6647],[3.1076,49.6595],[3.0978,49.6567],[3.0964,49.6506],[3.0884,49.6398],[3.0799,49.6428],[3.0662,49.6439],[3.0426,49.6391],[3.0109,49.6405],[3.0267,49.6491],[3.0092,49.6604]]]}},{"type":"Feature","properties":{"code":"60613","nom":"Senots","app":15.01,"app_bas":12.42,"app_haut":18.13,"app_ech":"maille","app_obs":6,"mai":12.04,"mai_bas":9.57,"mai_haut":15.14,"mai_ech":"maille","mai_obs":13},"geometry":{"type":"Polygon","coordinates":[[[1.9814,49.2682],[1.9821,49.2744],[1.9903,49.2773],[2.0035,49.2739],[1.9984,49.2691],[2.0206,49.2634],[2.0368,49.2648],[2.0455,49.2646],[2.044,49.2567],[2.0242,49.2476],[2.0108,49.248],[2.0039,49.2512],[2.0045,49.2573],[1.9975,49.263],[1.989,49.2631],[1.9814,49.2682]]]}},{"type":"Feature","properties":{"code":"60633","nom":"Thieuloy-Saint-Antoine","app":8.9,"app_bas":7.16,"app_haut":11.07,"app_ech":"maille","app_obs":9,"mai":7.76,"mai_bas":6.27,"mai_haut":9.59,"mai_ech":"maille","mai_obs":13},"geometry":{"type":"Polygon","coordinates":[[[1.9405,49.625],[1.9333,49.6294],[1.939,49.6384],[1.9592,49.6422],[1.9617,49.6352],[1.9505,49.6282],[1.9405,49.625]]]}},{"type":"Feature","properties":{"code":"60022","nom":"Apremont","app":18.26,"app_bas":14.52,"app_haut":22.96,"app_ech":"maille","app_obs":7,"mai":14.92,"mai_bas":11.73,"mai_haut":18.99,"mai_ech":"maille","mai_obs":16},"geometry":{"type":"Polygon","coordinates":[[[2.4847,49.2158],[2.4825,49.2257],[2.4871,49.2369],[2.5129,49.2424],[2.5123,49.2558],[2.531,49.2474],[2.5305,49.2426],[2.5313,49.2384],[2.548,49.2227],[2.5422,49.2153],[2.5281,49.2107],[2.5262,49.2131],[2.4847,49.2158]]]}},{"type":"Feature","properties":{"code":"60055","nom":"Beaurains-lès-Noyon","app":9.42,"app_bas":7.7,"app_haut":11.53,"app_ech":"maille","app_obs":4,"mai":8.63,"mai_bas":7.22,"mai_haut":10.31,"mai_ech":"maille","mai_obs":21},"geometry":{"type":"Polygon","coordinates":[[[2.9803,49.5935],[2.9582,49.6066],[2.9631,49.6134],[2.9839,49.6203],[2.9871,49.6142],[2.9835,49.6042],[2.9895,49.595],[2.9803,49.5935]]]}},{"type":"Feature","properties":{"code":"60208","nom":"Énencourt-Léage","app":11.44,"app_bas":9.09,"app_haut":14.4,"app_ech":"maille","app_obs":0,"mai":10.03,"mai_bas":8.09,"mai_haut":12.44,"mai_ech":"maille","mai_obs":2},"geometry":{"type":"Polygon","coordinates":[[[1.8342,49.319],[1.858,49.31],[1.8619,49.3039],[1.8561,49.292],[1.8482,49.2928],[1.8288,49.2992],[1.8288,49.3047],[1.8342,49.319]]]}},{"type":"Feature","properties":{"code":"60233","nom":"Feuquières","app":8.47,"app_bas":6.79,"app_haut":10.55,"app_ech":"commune","app_obs":111,"mai":7.81,"mai_bas":6.43,"mai_haut":9.48,"mai_ech":"maille","mai_obs":52},"geometry":{"type":"Polygon","coordinates":[[[1.8324,49.6341],[1.8267,49.6434],[1.8181,49.6431],[1.8144,49.6501],[1.8268,49.652],[1.8351,49.6565],[1.8394,49.6634],[1.8585,49.6689],[1.8612,49.6737],[1.873,49.6669],[1.8777,49.6603],[1.8693,49.639],[1.8601,49.6372],[1.855,49.6311],[1.8453,49.6277],[1.8324,49.6341]]]}},{"type":"Feature","properties":{"code":"60157","nom":"Clermont","app":12.57,"app_bas":10.14,"app_haut":15.59,"app_ech":"commune","app_obs":2409,"mai":11.75,"mai_bas":9.56,"mai_haut":14.43,"mai_ech":"commune","mai_obs":310},"geometry":{"type":"Polygon","coordinates":[[[2.4326,49.3823],[2.4338,49.3801],[2.4138,49.3684],[2.3948,49.3669],[2.3885,49.3697],[2.3933,49.3818],[2.4044,49.3901],[2.4145,49.3898],[2.4326,49.3823]]]}},{"type":"Feature","properties":{"code":"60530","nom":"Rémérangles","app":11.18,"app_bas":9.47,"app_haut":13.21,"app_ech":"maille","app_obs":1,"mai":9.95,"mai_bas":8.14,"mai_haut":12.16,"mai_ech":"maille","mai_obs":10},"geometry":{"type":"Polygon","coordinates":[[[2.2794,49.4302],[2.2776,49.4381],[2.2706,49.4506],[2.2613,49.4586],[2.2948,49.4634],[2.3121,49.4538],[2.321,49.4465],[2.3082,49.4434],[2.2996,49.4302],[2.292,49.4379],[2.2794,49.4302]]]}},{"type":"Feature","properties":{"code":"60027","nom":"Auger-Saint-Vincent","app":13.05,"app_bas":11.05,"app_haut":15.41,"app_ech":"maille","app_obs":2,"mai":11.54,"mai_bas":9.17,"mai_haut":14.53,"mai_ech":"maille","mai_obs":9},"geometry":{"type":"Polygon","coordinates":[[[2.7907,49.2268],[2.8037,49.2302],[2.8088,49.2348],[2.8232,49.2355],[2.8315,49.231],[2.8405,49.2113],[2.8291,49.2033],[2.8187,49.1848],[2.8088,49.1876],[2.8023,49.1941],[2.7908,49.1994],[2.7925,49.2061],[2.788,49.2162],[2.7907,49.2268]]]}},{"type":"Feature","properties":{"code":"60225","nom":"Étouy","app":13.24,"app_bas":11.01,"app_haut":15.94,"app_ech":"maille","app_obs":19,"mai":11.23,"mai_bas":9.14,"mai_haut":13.8,"mai_ech":"maille","mai_obs":25},"geometry":{"type":"Polygon","coordinates":[[[2.38,49.4446],[2.3822,49.4392],[2.3926,49.438],[2.3995,49.4312],[2.3997,49.4243],[2.3836,49.4233],[2.3728,49.411],[2.3567,49.4151],[2.3397,49.4212],[2.3409,49.4262],[2.3554,49.4385],[2.38,49.4446]]]}},{"type":"Feature","properties":{"code":"60256","nom":"Fresneaux-Montchevreuil","app":12.26,"app_bas":10.12,"app_haut":14.85,"app_ech":"maille","app_obs":3,"mai":10.03,"mai_bas":8.09,"mai_haut":12.44,"mai_ech":"maille","mai_obs":11},"geometry":{"type":"Polygon","coordinates":[[[1.9821,49.2744],[1.9865,49.2776],[1.9863,49.2855],[1.9873,49.2942],[1.9982,49.2964],[2.0066,49.3101],[2.0118,49.3152],[2.0169,49.313],[2.0199,49.3017],[2.0294,49.3002],[2.0357,49.2952],[2.0371,49.2926],[2.0269,49.2731],[2.0121,49.2725],[2.0084,49.2664],[1.9984,49.2691],[2.0035,49.2739],[1.9903,49.2773],[1.9821,49.2744]]]}},{"type":"Feature","properties":{"code":"60146","nom":"Chepoix","app":13.44,"app_bas":11.11,"app_haut":16.26,"app_ech":"maille","app_obs":19,"mai":9.29,"mai_bas":7.67,"mai_haut":11.25,"mai_ech":"maille","mai_obs":9},"geometry":{"type":"Polygon","coordinates":[[[2.4043,49.6138],[2.4097,49.6124],[2.4173,49.6178],[2.4291,49.6203],[2.4294,49.6158],[2.4184,49.6115],[2.4072,49.6096],[2.3742,49.5854],[2.3669,49.5849],[2.3503,49.6046],[2.3548,49.6192],[2.3714,49.6105],[2.4043,49.6138]]]}},{"type":"Feature","properties":{"code":"60448","nom":"Neufchelles","app":12.69,"app_bas":10.47,"app_haut":15.39,"app_ech":"maille","app_obs":1,"mai":11.49,"mai_bas":9.3,"mai_haut":14.19,"mai_ech":"maille","mai_obs":3},"geometry":{"type":"Polygon","coordinates":[[[3.0563,49.1019],[3.0462,49.1043],[3.0372,49.103],[3.0309,49.113],[3.0372,49.1281],[3.0421,49.1261],[3.0657,49.129],[3.077,49.1221],[3.0563,49.1019]]]}},{"type":"Feature","properties":{"code":"60460","nom":"Neuville-Vault","app":11.73,"app_bas":9.67,"app_haut":14.22,"app_ech":"maille","app_obs":5,"mai":11.52,"mai_bas":9.53,"mai_haut":13.93,"mai_ech":"maille","mai_obs":2},"geometry":{"type":"Polygon","coordinates":[[[1.9468,49.4892],[1.957,49.4945],[1.9792,49.4998],[1.9903,49.4943],[1.984,49.4842],[1.9654,49.484],[1.96,49.4799],[1.9454,49.4818],[1.9468,49.4892]]]}},{"type":"Feature","properties":{"code":"60575","nom":"Sainte-Geneviève","app":12.32,"app_bas":9.9,"app_haut":15.34,"app_ech":"commune","app_obs":157,"mai":12.04,"mai_bas":9.57,"mai_haut":15.14,"mai_ech":"maille","mai_obs":53},"geometry":{"type":"Polygon","coordinates":[[[2.2041,49.2697],[2.1957,49.2749],[2.1859,49.2845],[2.179,49.287],[2.1718,49.2925],[2.1751,49.3023],[2.1931,49.3012],[2.1976,49.304],[2.2122,49.2944],[2.2301,49.2869],[2.2232,49.2831],[2.2046,49.2772],[2.2041,49.2697]]]}},{"type":"Feature","properties":{"code":"60672","nom":"Vez","app":11.53,"app_bas":9.53,"app_haut":13.96,"app_ech":"maille","app_obs":1,"mai":9.75,"mai_bas":7.89,"mai_haut":12.06,"mai_ech":"maille","mai_obs":17},"geometry":{"type":"Polygon","coordinates":[[[2.9844,49.2533],[2.98,49.2561],[2.9869,49.2603],[3.0004,49.2748],[3.0105,49.2762],[3.0276,49.2715],[3.0308,49.2668],[3.0299,49.2571],[3.0333,49.2438],[3.0019,49.2385],[2.9885,49.2482],[2.9844,49.2533]]]}},{"type":"Feature","properties":{"code":"60185","nom":"Crouy-en-Thelle","app":14.08,"app_bas":12.12,"app_haut":16.35,"app_ech":"maille","app_obs":68,"mai":14.01,"mai_bas":10.74,"mai_haut":18.26,"mai_ech":"maille","mai_obs":20},"geometry":{"type":"Polygon","coordinates":[[[2.3293,49.1921],[2.3052,49.2077],[2.3022,49.2076],[2.3015,49.2216],[2.3281,49.2236],[2.3332,49.2183],[2.3341,49.2109],[2.3319,49.2001],[2.3358,49.1967],[2.3293,49.1921]]]}},{"type":"Feature","properties":{"code":"60154","nom":"Cinqueux","app":13.1,"app_bas":11.06,"app_haut":15.52,"app_ech":"commune","app_obs":135,"mai":12.66,"mai_bas":10.08,"mai_haut":15.89,"mai_ech":"maille","mai_obs":47},"geometry":{"type":"Polygon","coordinates":[[[2.5146,49.3087],[2.5196,49.3282],[2.5335,49.3423],[2.5538,49.3395],[2.5448,49.3239],[2.5455,49.3149],[2.5428,49.3123],[2.5237,49.3069],[2.5146,49.3087]]]}},{"type":"Feature","properties":{"code":"60309","nom":"Hénonville","app":15.01,"app_bas":12.42,"app_haut":18.13,"app_ech":"maille","app_obs":53,"mai":12.62,"mai_bas":10.13,"mai_haut":15.73,"mai_ech":"maille","mai_obs":40},"geometry":{"type":"Polygon","coordinates":[[[2.0352,49.2135],[2.0446,49.2216],[2.0561,49.2245],[2.0563,49.2209],[2.0719,49.2185],[2.0801,49.2215],[2.0809,49.2104],[2.0668,49.2029],[2.0384,49.1924],[2.0352,49.2135]]]}},{"type":"Feature","properties":{"code":"60332","nom":"Labruyère","app":13.11,"app_bas":11,"app_haut":15.62,"app_ech":"maille","app_obs":0,"mai":11.07,"mai_bas":9.11,"mai_haut":13.47,"mai_ech":"maille","mai_obs":27},"geometry":{"type":"Polygon","coordinates":[[[2.5242,49.3435],[2.5064,49.3479],[2.4903,49.3471],[2.4984,49.3598],[2.5142,49.3604],[2.5139,49.3561],[2.523,49.3488],[2.5242,49.3435]]]}},{"type":"Feature","properties":{"code":"60470","nom":"Noyers-Saint-Martin","app":10.43,"app_bas":8.8,"app_haut":12.35,"app_ech":"maille","app_obs":2,"mai":9.29,"mai_bas":7.67,"mai_haut":11.25,"mai_ech":"maille","mai_obs":25},"geometry":{"type":"Polygon","coordinates":[[[2.259,49.5232],[2.2399,49.5274],[2.2497,49.5371],[2.2384,49.5425],[2.2459,49.5538],[2.2553,49.5594],[2.2654,49.5711],[2.2734,49.5752],[2.2749,49.569],[2.287,49.5648],[2.2938,49.5663],[2.2901,49.5583],[2.2822,49.5455],[2.2884,49.5363],[2.2797,49.5303],[2.259,49.5232]]]}},{"type":"Feature","properties":{"code":"60546","nom":"Rosières","app":14.77,"app_bas":12.29,"app_haut":17.76,"app_ech":"maille","app_obs":0,"mai":11.16,"mai_bas":8.61,"mai_haut":14.46,"mai_ech":"maille","mai_obs":2},"geometry":{"type":"Polygon","coordinates":[[[2.7649,49.1688],[2.7652,49.1769],[2.7696,49.1825],[2.7523,49.1902],[2.7561,49.1971],[2.7708,49.1994],[2.7908,49.1994],[2.8023,49.1941],[2.8088,49.1876],[2.8072,49.1796],[2.7904,49.1733],[2.7649,49.1688]]]}},{"type":"Feature","properties":{"code":"60564","nom":"Sains-Morainvillers","app":10.43,"app_bas":8.8,"app_haut":12.35,"app_ech":"maille","app_obs":21,"mai":7.93,"mai_bas":6.47,"mai_haut":9.72,"mai_ech":"maille","mai_obs":11},"geometry":{"type":"Polygon","coordinates":[[[2.4419,49.5993],[2.4496,49.6006],[2.4598,49.5899],[2.4669,49.5944],[2.4807,49.5918],[2.4894,49.588],[2.4928,49.575],[2.4871,49.5612],[2.4832,49.5586],[2.4732,49.5624],[2.4627,49.5626],[2.4519,49.5688],[2.4402,49.5726],[2.4351,49.5783],[2.4366,49.5871],[2.4325,49.5924],[2.4419,49.5993]]]}},{"type":"Feature","properties":{"code":"60641","nom":"Tracy-le-Mont","app":12.28,"app_bas":9.86,"app_haut":15.29,"app_ech":"maille","app_obs":49,"mai":10.16,"mai_bas":8.3,"mai_haut":12.45,"mai_ech":"maille","mai_obs":82},"geometry":{"type":"Polygon","coordinates":[[[3.0308,49.4479],[3.0263,49.4573],[3.0166,49.4545],[3.0071,49.4662],[2.9974,49.4675],[2.9769,49.4574],[2.9875,49.4488],[2.9416,49.4588],[2.9701,49.47],[2.9761,49.4892],[2.9912,49.4928],[3.0045,49.4819],[3.027,49.4847],[3.0353,49.4829],[3.0398,49.473],[3.0522,49.4639],[3.0488,49.4512],[3.0308,49.4479]]]}},{"type":"Feature","properties":{"code":"60203","nom":"Duvy","app":13.05,"app_bas":11.05,"app_haut":15.41,"app_ech":"maille","app_obs":15,"mai":11.54,"mai_bas":9.17,"mai_haut":14.53,"mai_ech":"maille","mai_obs":42},"geometry":{"type":"Polygon","coordinates":[[[2.8599,49.2206],[2.8405,49.2113],[2.8315,49.231],[2.8232,49.2355],[2.8296,49.2436],[2.839,49.2473],[2.8511,49.2456],[2.865,49.2484],[2.8715,49.2335],[2.8696,49.2253],[2.8599,49.2206]]]}},{"type":"Feature","properties":{"code":"60251","nom":"Fouquerolles","app":13.68,"app_bas":11.02,"app_haut":17,"app_ech":"maille","app_obs":17,"mai":9.95,"mai_bas":8.14,"mai_haut":12.16,"mai_ech":"maille","mai_obs":10},"geometry":{"type":"Polygon","coordinates":[[[2.2257,49.4475],[2.1985,49.4464],[2.178,49.4415],[2.1874,49.4542],[2.187,49.4578],[2.2047,49.4619],[2.2014,49.4731],[2.2123,49.4751],[2.2361,49.4737],[2.2408,49.4669],[2.2415,49.4648],[2.2379,49.4505],[2.2257,49.4475]]]}},{"type":"Feature","properties":{"code":"60089","nom":"Boubiers","app":15.01,"app_bas":12.42,"app_haut":18.13,"app_ech":"maille","app_obs":0,"mai":10.03,"mai_bas":8.09,"mai_haut":12.44,"mai_ech":"maille","mai_obs":21},"geometry":{"type":"Polygon","coordinates":[[[1.8861,49.2375],[1.8924,49.2252],[1.8931,49.2163],[1.8777,49.1961],[1.8716,49.1943],[1.8449,49.2085],[1.8505,49.2135],[1.8449,49.2169],[1.8473,49.2223],[1.8663,49.2287],[1.8665,49.2331],[1.8748,49.237],[1.8861,49.2375]]]}},{"type":"Feature","properties":{"code":"60138","nom":"Chamant","app":13.52,"app_bas":11.51,"app_haut":15.9,"app_ech":"maille","app_obs":49,"mai":12.66,"mai_bas":10.08,"mai_haut":15.89,"mai_ech":"maille","mai_obs":19},"geometry":{"type":"Polygon","coordinates":[[[2.6119,49.2459],[2.6233,49.2428],[2.6286,49.232],[2.6369,49.2267],[2.6478,49.2304],[2.6582,49.2266],[2.6495,49.2137],[2.6131,49.2097],[2.5962,49.2158],[2.5872,49.231],[2.5951,49.2384],[2.6119,49.2459]]]}},{"type":"Feature","properties":{"code":"60287","nom":"Grandrû","app":9.59,"app_bas":7.78,"app_haut":11.83,"app_ech":"maille","app_obs":0,"mai":7.84,"mai_bas":6.56,"mai_haut":9.37,"mai_ech":"maille","mai_obs":5},"geometry":{"type":"Polygon","coordinates":[[[3.0834,49.5948],[3.0703,49.6076],[3.0388,49.614],[3.055,49.6209],[3.0689,49.6215],[3.076,49.6248],[3.0936,49.6225],[3.102,49.6158],[3.1031,49.61],[3.0971,49.6022],[3.0834,49.5948]]]}},{"type":"Feature","properties":{"code":"60325","nom":"Jaux","app":13.13,"app_bas":10.99,"app_haut":15.69,"app_ech":"commune","app_obs":157,"mai":11.09,"mai_bas":9.03,"mai_haut":13.61,"mai_ech":"commune","mai_obs":114},"geometry":{"type":"Polygon","coordinates":[[[2.7504,49.3874],[2.7455,49.4047],[2.7511,49.4107],[2.7687,49.4105],[2.795,49.4032],[2.7884,49.3987],[2.7792,49.3861],[2.777,49.3764],[2.7571,49.379],[2.7504,49.3874]]]}},{"type":"Feature","properties":{"code":"60405","nom":"Moliens","app":8.9,"app_bas":7.16,"app_haut":11.07,"app_ech":"maille","app_obs":3,"mai":7.81,"mai_bas":6.43,"mai_haut":9.48,"mai_ech":"maille","mai_obs":56},"geometry":{"type":"Polygon","coordinates":[[[1.8255,49.6832],[1.8267,49.6804],[1.8473,49.6802],[1.842,49.6753],[1.8428,49.6686],[1.8339,49.665],[1.8209,49.6635],[1.8145,49.651],[1.812,49.6505],[1.7909,49.6637],[1.795,49.6671],[1.7933,49.6812],[1.8048,49.6831],[1.8023,49.6894],[1.8094,49.6912],[1.8172,49.6838],[1.8255,49.6832]]]}},{"type":"Feature","properties":{"code":"60411","nom":"Monneville","app":15.01,"app_bas":12.42,"app_haut":18.13,"app_ech":"maille","app_obs":12,"mai":12.04,"mai_bas":9.57,"mai_haut":15.14,"mai_ech":"maille","mai_obs":10},"geometry":{"type":"Polygon","coordinates":[[[1.9488,49.209],[1.9542,49.2256],[1.9724,49.2269],[1.9743,49.2357],[1.9836,49.2372],[1.984,49.2275],[1.9924,49.2278],[1.99,49.2238],[1.9819,49.2228],[1.9788,49.2157],[1.9936,49.2122],[1.9831,49.1983],[1.9842,49.1959],[1.9661,49.1931],[1.9488,49.209]]]}},{"type":"Feature","properties":{"code":"60542","nom":"Rochy-Condé","app":13.68,"app_bas":11.02,"app_haut":17,"app_ech":"maille","app_obs":50,"mai":11.52,"mai_bas":9.53,"mai_haut":13.93,"mai_ech":"maille","mai_obs":60},"geometry":{"type":"Polygon","coordinates":[[[2.1821,49.4207],[2.1909,49.4181],[2.2002,49.4094],[2.2153,49.4031],[2.2131,49.3973],[2.2085,49.3998],[2.1974,49.3923],[2.1715,49.3949],[2.167,49.4004],[2.1698,49.4065],[2.1821,49.4207]]]}},{"type":"Feature","properties":{"code":"60619","nom":"Silly-le-Long","app":15.21,"app_bas":13.38,"app_haut":17.3,"app_ech":"maille","app_obs":81,"mai":14.01,"mai_bas":10.4,"mai_haut":18.86,"mai_ech":"maille","mai_obs":32},"geometry":{"type":"Polygon","coordinates":[[[2.784,49.0886],[2.7666,49.1006],[2.7646,49.1081],[2.7591,49.1142],[2.7671,49.1247],[2.789,49.1247],[2.8016,49.1225],[2.8136,49.1136],[2.8154,49.1062],[2.8093,49.0975],[2.7917,49.0901],[2.784,49.0886]]]}},{"type":"Feature","properties":{"code":"60624","nom":"Sully","app":9.19,"app_bas":7.36,"app_haut":11.47,"app_ech":"maille","app_obs":19,"mai":8.54,"mai_bas":6.98,"mai_haut":10.44,"mai_ech":"maille","mai_obs":6},"geometry":{"type":"Polygon","coordinates":[[[1.7536,49.5494],[1.7546,49.5515],[1.784,49.5678],[1.7896,49.5746],[1.7994,49.5696],[1.7985,49.561],[1.7737,49.5453],[1.7536,49.5494]]]}},{"type":"Feature","properties":{"code":"60653","nom":"Valescourt","app":10.43,"app_bas":8.8,"app_haut":12.35,"app_ech":"maille","app_obs":0,"mai":7.93,"mai_bas":6.47,"mai_haut":9.72,"mai_ech":"maille","mai_obs":3},"geometry":{"type":"Polygon","coordinates":[[[2.4435,49.4946],[2.4643,49.4913],[2.4682,49.4882],[2.4639,49.4777],[2.4571,49.4716],[2.439,49.4789],[2.4067,49.4862],[2.3935,49.4868],[2.3911,49.4827],[2.3813,49.4865],[2.3923,49.4895],[2.416,49.4897],[2.4267,49.4943],[2.4435,49.4946]]]}},{"type":"Feature","properties":{"code":"60049","nom":"Bazancourt","app":9.19,"app_bas":7.36,"app_haut":11.47,"app_ech":"maille","app_obs":0,"mai":8.54,"mai_bas":6.98,"mai_haut":10.44,"mai_ech":"maille","mai_obs":4},"geometry":{"type":"Polygon","coordinates":[[[1.7298,49.5613],[1.743,49.561],[1.7546,49.5515],[1.7449,49.5395],[1.7272,49.5416],[1.7276,49.5585],[1.7298,49.5613]]]}},{"type":"Feature","properties":{"code":"60153","nom":"Choqueuse-les-Bénards","app":10.53,"app_bas":8.71,"app_haut":12.73,"app_ech":"maille","app_obs":0,"mai":10.06,"mai_bas":8.06,"mai_haut":12.55,"mai_ech":"maille","mai_obs":0},"geometry":{"type":"Polygon","coordinates":[[[2.0513,49.6435],[2.0632,49.6447],[2.0657,49.6517],[2.0735,49.6602],[2.0783,49.6613],[2.0886,49.6607],[2.0963,49.6564],[2.0877,49.6515],[2.0848,49.6452],[2.0662,49.6381],[2.0595,49.6369],[2.0513,49.6435]]]}},{"type":"Feature","properties":{"code":"60345","nom":"Lamécourt","app":11.87,"app_bas":9.57,"app_haut":14.73,"app_ech":"maille","app_obs":0,"mai":11.23,"mai_bas":9.14,"mai_haut":13.8,"mai_ech":"maille","mai_obs":0},"geometry":{"type":"Polygon","coordinates":[[[2.4423,49.4256],[2.4458,49.431],[2.4525,49.4308],[2.4579,49.4373],[2.4644,49.4394],[2.4825,49.4346],[2.4792,49.4231],[2.4735,49.4222],[2.4603,49.425],[2.4423,49.4256]]]}},{"type":"Feature","properties":{"code":"60355","nom":"Laversines","app":13.68,"app_bas":11.02,"app_haut":17,"app_ech":"maille","app_obs":50,"mai":9.95,"mai_bas":8.14,"mai_haut":12.16,"mai_ech":"maille","mai_obs":19},"geometry":{"type":"Polygon","coordinates":[[[2.1535,49.435],[2.1768,49.4387],[2.178,49.4415],[2.1985,49.4464],[2.2257,49.4475],[2.2319,49.4371],[2.22,49.4196],[2.2153,49.4031],[2.2002,49.4094],[2.1909,49.4181],[2.1821,49.4207],[2.179,49.424],[2.1535,49.435]]]}},{"type":"Feature","properties":{"code":"60540","nom":"Rivecourt","app":13.05,"app_bas":11.05,"app_haut":15.41,"app_ech":"maille","app_obs":10,"mai":11.07,"mai_bas":9.11,"mai_haut":13.47,"mai_ech":"maille","mai_obs":37},"geometry":{"type":"Polygon","coordinates":[[[2.7363,49.3309],[2.7267,49.3393],[2.7224,49.3465],[2.7309,49.3571],[2.747,49.3555],[2.7581,49.3442],[2.7463,49.3431],[2.7363,49.3309]]]}},{"type":"Feature","properties":{"code":"60639","nom":"Tillé","app":11.81,"app_bas":9.94,"app_haut":14.04,"app_ech":"commune","app_obs":118,"mai":11.52,"mai_bas":9.53,"mai_haut":13.93,"mai_ech":"maille","mai_obs":47},"geometry":{"type":"Polygon","coordinates":[[[2.1563,49.4598],[2.1556,49.4493],[2.1416,49.4448],[2.1253,49.4497],[2.1112,49.4438],[2.0971,49.4526],[2.0961,49.4609],[2.0912,49.469],[2.089,49.4831],[2.0856,49.4842],[2.0909,49.4912],[2.1027,49.4857],[2.1125,49.4903],[2.1203,49.4766],[2.1312,49.4738],[2.1356,49.464],[2.147,49.4636],[2.1563,49.4598]]]}},{"type":"Feature","properties":{"code":"60239","nom":"Fleury","app":15.01,"app_bas":12.42,"app_haut":18.13,"app_ech":"maille","app_obs":3,"mai":10.03,"mai_bas":8.09,"mai_haut":12.44,"mai_ech":"maille","mai_obs":8},"geometry":{"type":"Polygon","coordinates":[[[1.9545,49.2279],[1.9588,49.2419],[1.9542,49.2449],[1.9625,49.262],[1.9583,49.2741],[1.9695,49.2747],[1.9707,49.2684],[1.9704,49.2598],[1.9734,49.249],[1.9843,49.2438],[1.9836,49.2372],[1.9743,49.2357],[1.9724,49.2269],[1.9542,49.2256],[1.9545,49.2279]]]}},{"type":"Feature","properties":{"code":"60107","nom":"Breuil-le-Vert","app":13.64,"app_bas":11.54,"app_haut":16.11,"app_ech":"commune","app_obs":178,"mai":12.92,"mai_bas":10.32,"mai_haut":16.17,"mai_ech":"commune","mai_obs":106},"geometry":{"type":"Polygon","coordinates":[[[2.4311,49.3459],[2.4242,49.3544],[2.4113,49.3519],[2.3948,49.3669],[2.4138,49.3684],[2.4338,49.3801],[2.4427,49.3705],[2.4437,49.3579],[2.4407,49.3476],[2.4311,49.3459]]]}},{"type":"Feature","properties":{"code":"60166","nom":"Coudun","app":11.77,"app_bas":10,"app_haut":13.84,"app_ech":"maille","app_obs":70,"mai":10.16,"mai_bas":8.3,"mai_haut":12.45,"mai_ech":"maille","mai_obs":79},"geometry":{"type":"Polygon","coordinates":[[[2.779,49.4434],[2.7703,49.4489],[2.7746,49.4596],[2.7732,49.4677],[2.7924,49.4742],[2.8065,49.4725],[2.8091,49.4668],[2.8307,49.4657],[2.8316,49.4631],[2.8472,49.4529],[2.8457,49.4518],[2.8364,49.4579],[2.8266,49.4584],[2.8214,49.4516],[2.805,49.4425],[2.779,49.4434]]]}},{"type":"Feature","properties":{"code":"60350","nom":"Lassigny","app":10.39,"app_bas":8.5,"app_haut":12.69,"app_ech":"commune","app_obs":165,"mai":10.16,"mai_bas":8.26,"mai_haut":12.5,"mai_ech":"maille","mai_obs":78},"geometry":{"type":"Polygon","coordinates":[[[2.8519,49.5743],[2.8119,49.5897],[2.807,49.5957],[2.8086,49.6031],[2.8232,49.6023],[2.8259,49.6099],[2.8185,49.6146],[2.8199,49.6183],[2.8402,49.6187],[2.853,49.6243],[2.8644,49.6169],[2.8766,49.6134],[2.8675,49.6057],[2.8671,49.5878],[2.8519,49.5743]]]}},{"type":"Feature","properties":{"code":"60597","nom":"Saint-Sauveur","app":13.05,"app_bas":11.05,"app_haut":15.41,"app_ech":"maille","app_obs":31,"mai":11.54,"mai_bas":9.17,"mai_haut":14.53,"mai_ech":"maille","mai_obs":96},"geometry":{"type":"Polygon","coordinates":[[[2.7547,49.3288],[2.7729,49.3343],[2.8439,49.349],[2.8478,49.3254],[2.8398,49.3245],[2.8215,49.3085],[2.8241,49.3197],[2.8077,49.3205],[2.7885,49.3119],[2.7739,49.3081],[2.7654,49.3114],[2.7728,49.3171],[2.7646,49.3224],[2.7546,49.3226],[2.7547,49.3288]]]}},{"type":"Feature","properties":{"code":"60230","nom":"Fay-Saint-Quentin","app":13.68,"app_bas":11.02,"app_haut":17,"app_ech":"maille","app_obs":6,"mai":9.95,"mai_bas":8.14,"mai_haut":12.16,"mai_ech":"maille","mai_obs":7},"geometry":{"type":"Polygon","coordinates":[[[2.2415,49.4648],[2.2589,49.4657],[2.2613,49.4586],[2.2706,49.4506],[2.2776,49.4381],[2.2481,49.437],[2.2362,49.4408],[2.2319,49.4371],[2.2257,49.4475],[2.2379,49.4505],[2.2415,49.4648]]]}},{"type":"Feature","properties":{"code":"60139","nom":"Chambly","app":16.74,"app_bas":13.99,"app_haut":20.03,"app_ech":"commune","app_obs":929,"mai":15.1,"mai_bas":11.43,"mai_haut":19.94,"mai_ech":"commune","mai_obs":138},"geometry":{"type":"Polygon","coordinates":[[[2.2416,49.1516],[2.223,49.1519],[2.2164,49.1544],[2.2354,49.167],[2.2239,49.1739],[2.2203,49.1792],[2.2268,49.1863],[2.251,49.1967],[2.2548,49.186],[2.2645,49.1849],[2.2756,49.1724],[2.2734,49.1663],[2.2622,49.1583],[2.2525,49.1529],[2.2416,49.1516]]]}},{"type":"Feature","properties":{"code":"60429","nom":"Morangles","app":15.14,"app_bas":13.03,"app_haut":17.59,"app_ech":"maille","app_obs":13,"mai":12.62,"mai_bas":10.13,"mai_haut":15.73,"mai_ech":"maille","mai_obs":6},"geometry":{"type":"Polygon","coordinates":[[[2.3022,49.2076],[2.3052,49.2077],[2.3293,49.1921],[2.3218,49.1844],[2.3106,49.1849],[2.3012,49.1839],[2.2928,49.1905],[2.284,49.1898],[2.286,49.2026],[2.3022,49.2076]]]}},{"type":"Feature","properties":{"code":"60520","nom":"Quesnel-Aubry","app":11.18,"app_bas":9.47,"app_haut":13.21,"app_ech":"maille","app_obs":0,"mai":9.95,"mai_bas":8.14,"mai_haut":12.16,"mai_ech":"maille","mai_obs":4},"geometry":{"type":"Polygon","coordinates":[[[2.2948,49.5074],[2.3008,49.5139],[2.3052,49.5261],[2.3188,49.5158],[2.3348,49.5108],[2.3368,49.5029],[2.3176,49.5025],[2.3063,49.4991],[2.2948,49.5074]]]}},{"type":"Feature","properties":{"code":"60630","nom":"Thibivillers","app":12.26,"app_bas":10.12,"app_haut":14.85,"app_ech":"maille","app_obs":1,"mai":10.03,"mai_bas":8.09,"mai_haut":12.44,"mai_ech":"maille","mai_obs":2},"geometry":{"type":"Polygon","coordinates":[[[1.9105,49.3313],[1.9159,49.3211],[1.9169,49.3111],[1.9128,49.3001],[1.8922,49.2902],[1.8829,49.2978],[1.8894,49.3031],[1.8907,49.3195],[1.9105,49.3313]]]}},{"type":"Feature","properties":{"code":"60673","nom":"Viefvillers","app":10.53,"app_bas":8.71,"app_haut":12.73,"app_ech":"maille","app_obs":6,"mai":10.06,"mai_bas":8.06,"mai_haut":12.55,"mai_ech":"maille","mai_obs":6},"geometry":{"type":"Polygon","coordinates":[[[2.112,49.5996],[2.1164,49.6041],[2.1139,49.6112],[2.1288,49.6211],[2.1429,49.6163],[2.1447,49.6089],[2.1365,49.6012],[2.1179,49.5982],[2.112,49.5996]]]}},{"type":"Feature","properties":{"code":"60691","nom":"Villers-Vermont","app":9.19,"app_bas":7.36,"app_haut":11.47,"app_ech":"maille","app_obs":0,"mai":9,"mai_bas":7.22,"mai_haut":11.22,"mai_ech":"maille","mai_obs":0},"geometry":{"type":"Polygon","coordinates":[[[1.7298,49.5613],[1.7204,49.5696],[1.7148,49.5764],[1.703,49.5777],[1.6977,49.5722],[1.6912,49.5792],[1.6973,49.5824],[1.7099,49.5796],[1.7173,49.5821],[1.7216,49.5888],[1.7294,49.5884],[1.7439,49.5824],[1.7524,49.5735],[1.7505,49.5672],[1.743,49.561],[1.7298,49.5613]]]}},{"type":"Feature","properties":{"code":"60240","nom":"Fontaine-Bonneleau","app":13.44,"app_bas":11.11,"app_haut":16.26,"app_ech":"maille","app_obs":2,"mai":10.06,"mai_bas":8.06,"mai_haut":12.55,"mai_ech":"maille","mai_obs":9},"geometry":{"type":"Polygon","coordinates":[[[2.1759,49.645],[2.1622,49.644],[2.1517,49.6349],[2.1337,49.6457],[2.1376,49.6538],[2.1295,49.6615],[2.111,49.6655],[2.1083,49.6684],[2.1245,49.6768],[2.1256,49.6836],[2.1595,49.6849],[2.1684,49.684],[2.175,49.6799],[2.1705,49.6691],[2.1763,49.6683],[2.1753,49.6573],[2.1786,49.6494],[2.1759,49.645]]]}},{"type":"Feature","properties":{"code":"60263","nom":"Frétoy-le-Château","app":10.02,"app_bas":8.16,"app_haut":12.31,"app_ech":"maille","app_obs":0,"mai":8.63,"mai_bas":7.22,"mai_haut":10.31,"mai_ech":"maille","mai_obs":4},"geometry":{"type":"Polygon","coordinates":[[[2.9784,49.6442],[2.9676,49.6596],[2.9557,49.6609],[2.9533,49.6665],[2.9561,49.6783],[2.9668,49.6738],[2.973,49.6658],[2.9856,49.6695],[2.989,49.6627],[2.9957,49.6619],[2.9867,49.653],[2.9819,49.6441],[2.9784,49.6442]]]}},{"type":"Feature","properties":{"code":"60359","nom":"Lhéraule","app":11.73,"app_bas":9.67,"app_haut":14.22,"app_ech":"maille","app_obs":11,"mai":9.04,"mai_bas":7.33,"mai_haut":11.16,"mai_ech":"maille","mai_obs":17},"geometry":{"type":"Polygon","coordinates":[[[1.9468,49.4892],[1.9454,49.4818],[1.9386,49.4789],[1.9098,49.4878],[1.9091,49.4896],[1.9222,49.4935],[1.929,49.4972],[1.9302,49.4942],[1.9468,49.4892]]]}},{"type":"Feature","properties":{"code":"60459","nom":"Neuville-sur-Ressons","app":10.94,"app_bas":9.43,"app_haut":12.7,"app_ech":"maille","app_obs":33,"mai":9.64,"mai_bas":7.78,"mai_haut":11.94,"mai_ech":"maille","mai_obs":6},"geometry":{"type":"Polygon","coordinates":[[[2.7288,49.5499],[2.7241,49.5584],[2.7293,49.5595],[2.7533,49.5555],[2.7673,49.5489],[2.7613,49.5429],[2.7476,49.5475],[2.7288,49.5499]]]}},{"type":"Feature","properties":{"code":"60495","nom":"Plainval","app":13.24,"app_bas":11.01,"app_haut":15.94,"app_ech":"maille","app_obs":2,"mai":7.93,"mai_bas":6.47,"mai_haut":9.72,"mai_ech":"maille","mai_obs":6},"geometry":{"type":"Polygon","coordinates":[[[2.4361,49.5439],[2.4463,49.5418],[2.4574,49.5489],[2.4701,49.5458],[2.4763,49.5534],[2.4815,49.5477],[2.4789,49.5383],[2.4859,49.5293],[2.4742,49.5239],[2.4703,49.526],[2.4522,49.5224],[2.4402,49.5163],[2.4324,49.5242],[2.4329,49.5361],[2.4361,49.5439]]]}},{"type":"Feature","properties":{"code":"60589","nom":"Saint-Maximin","app":15.35,"app_bas":12.31,"app_haut":19.15,"app_ech":"commune","app_obs":197,"mai":12.05,"mai_bas":9.56,"mai_haut":15.2,"mai_ech":"maille","mai_obs":56},"geometry":{"type":"Polygon","coordinates":[[[2.461,49.2027],[2.4631,49.2086],[2.4231,49.2134],[2.445,49.2342],[2.4534,49.2451],[2.4556,49.25],[2.4591,49.2419],[2.4761,49.2408],[2.4871,49.2369],[2.4825,49.2257],[2.4847,49.2158],[2.4693,49.2032],[2.461,49.2027]]]}},{"type":"Feature","properties":{"code":"60618","nom":"Séry-Magneval","app":13.05,"app_bas":11.05,"app_haut":15.41,"app_ech":"maille","app_obs":0,"mai":11.54,"mai_bas":9.17,"mai_haut":14.53,"mai_ech":"maille","mai_obs":1},"geometry":{"type":"Polygon","coordinates":[[[2.8822,49.2691],[2.8795,49.2598],[2.8766,49.254],[2.8657,49.2554],[2.865,49.2484],[2.8511,49.2456],[2.839,49.2473],[2.8391,49.2577],[2.8505,49.2617],[2.8584,49.2718],[2.8822,49.2691]]]}},{"type":"Feature","properties":{"code":"60690","nom":"Villers-sur-Trie","app":null,"app_bas":null,"app_haut":null,"app_ech":null,"app_obs":0,"mai":null,"mai_bas":null,"mai_haut":null,"mai_ech":null,"mai_obs":0},"geometry":{"type":"Polygon","coordinates":[[[1.8048,49.3047],[1.8027,49.3142],[1.8082,49.3237],[1.833,49.3205],[1.8342,49.319],[1.8288,49.3047],[1.81,49.3027],[1.8048,49.3047]]]}},{"type":"Feature","properties":{"code":"60188","nom":"Cuise-la-Motte","app":11.11,"app_bas":8.94,"app_haut":13.81,"app_ech":"commune","app_obs":101,"mai":10.68,"mai_bas":7.87,"mai_haut":14.51,"mai_ech":"maille","mai_obs":71},"geometry":{"type":"Polygon","coordinates":[[[3.0123,49.4071],[3.0128,49.3981],[3.0295,49.3886],[3.0295,49.3796],[3.0234,49.3782],[3.0159,49.3793],[2.9993,49.3725],[2.987,49.3707],[2.9703,49.3701],[2.9694,49.3811],[2.9905,49.394],[2.9977,49.4011],[2.9997,49.4076],[3.0123,49.4071]]]}},{"type":"Feature","properties":{"code":"60217","nom":"Escames","app":11.44,"app_bas":9.09,"app_haut":14.4,"app_ech":"maille","app_obs":12,"mai":8.54,"mai_bas":6.98,"mai_haut":10.44,"mai_ech":"maille","mai_obs":18},"geometry":{"type":"Polygon","coordinates":[[[1.8199,49.5437],[1.8085,49.5418],[1.8037,49.5353],[1.7956,49.5371],[1.7757,49.5378],[1.7737,49.5453],[1.7985,49.561],[1.7994,49.5696],[1.8137,49.5863],[1.8269,49.5794],[1.8286,49.5757],[1.8176,49.5655],[1.8293,49.5562],[1.8314,49.5487],[1.8199,49.5437]]]}},{"type":"Feature","properties":{"code":"60098","nom":"Bouvresse","app":9.86,"app_bas":8.17,"app_haut":11.92,"app_ech":"maille","app_obs":0,"mai":7.81,"mai_bas":6.43,"mai_haut":9.48,"mai_ech":"maille","mai_obs":8},"geometry":{"type":"Polygon","coordinates":[[[1.7744,49.6561],[1.7757,49.6477],[1.7523,49.645],[1.7416,49.6454],[1.7415,49.6526],[1.7518,49.6594],[1.7598,49.6569],[1.7744,49.6561]]]}},{"type":"Feature","properties":{"code":"60103","nom":"Bresles","app":11.78,"app_bas":9.96,"app_haut":13.94,"app_ech":"commune","app_obs":295,"mai":10.59,"mai_bas":8.65,"mai_haut":12.95,"mai_ech":"commune","mai_obs":115},"geometry":{"type":"Polygon","coordinates":[[[2.2131,49.3973],[2.22,49.4196],[2.2319,49.4371],[2.2362,49.4408],[2.2481,49.437],[2.2776,49.4381],[2.2803,49.4243],[2.2759,49.4113],[2.274,49.3981],[2.2796,49.3887],[2.2657,49.384],[2.2532,49.3907],[2.2232,49.3978],[2.2131,49.3973]]]}},{"type":"Feature","properties":{"code":"60112","nom":"Brunvillers-la-Motte","app":10.84,"app_bas":8.91,"app_haut":13.17,"app_ech":"maille","app_obs":0,"mai":8.4,"mai_bas":6.97,"mai_haut":10.13,"mai_ech":"maille","mai_obs":6},"geometry":{"type":"Polygon","coordinates":[[[2.4365,49.5565],[2.4402,49.5726],[2.4519,49.5688],[2.4627,49.5626],[2.4732,49.5624],[2.4832,49.5586],[2.4763,49.5534],[2.4701,49.5458],[2.4574,49.5489],[2.4463,49.5418],[2.4361,49.5439],[2.4365,49.5565]]]}},{"type":"Feature","properties":{"code":"60116","nom":"Bury","app":13.11,"app_bas":11.04,"app_haut":15.56,"app_ech":"maille","app_obs":76,"mai":11.24,"mai_bas":8.89,"mai_haut":14.22,"mai_ech":"maille","mai_obs":58},"geometry":{"type":"Polygon","coordinates":[[[2.3317,49.3094],[2.3264,49.3207],[2.3364,49.3267],[2.3413,49.3418],[2.3552,49.3336],[2.3632,49.3367],[2.3722,49.3342],[2.3718,49.3293],[2.3804,49.3233],[2.3859,49.3125],[2.3964,49.3094],[2.3796,49.3051],[2.3795,49.2896],[2.3648,49.2838],[2.3498,49.2921],[2.344,49.3005],[2.3317,49.3094]]]}},{"type":"Feature","properties":{"code":"60161","nom":"Conteville","app":10.53,"app_bas":8.71,"app_haut":12.73,"app_ech":"maille","app_obs":0,"mai":10.06,"mai_bas":8.06,"mai_haut":12.55,"mai_ech":"maille","mai_obs":2},"geometry":{"type":"Polygon","coordinates":[[[2.0513,49.6435],[2.036,49.6444],[2.0443,49.6583],[2.0609,49.6648],[2.0735,49.6602],[2.0657,49.6517],[2.0632,49.6447],[2.0513,49.6435]]]}},{"type":"Feature","properties":{"code":"60303","nom":"Hautbos","app":8.9,"app_bas":7.16,"app_haut":11.07,"app_ech":"maille","app_obs":0,"mai":8.54,"mai_bas":6.98,"mai_haut":10.44,"mai_ech":"maille","mai_obs":2},"geometry":{"type":"Polygon","coordinates":[[[1.8664,49.6379],[1.8816,49.6347],[1.8907,49.6298],[1.8927,49.6261],[1.8807,49.6224],[1.88,49.6175],[1.8656,49.6245],[1.8548,49.6206],[1.8453,49.6277],[1.855,49.6311],[1.8601,49.6372],[1.8664,49.6379]]]}},{"type":"Feature","properties":{"code":"60529","nom":"Rémécourt","app":11.87,"app_bas":9.57,"app_haut":14.73,"app_ech":"maille","app_obs":0,"mai":11.23,"mai_bas":9.14,"mai_haut":13.8,"mai_ech":"maille","mai_obs":1},"geometry":{"type":"Polygon","coordinates":[[[2.4926,49.4407],[2.5021,49.4356],[2.5065,49.4282],[2.4948,49.4196],[2.4792,49.4231],[2.4825,49.4346],[2.4926,49.4407]]]}},{"type":"Feature","properties":{"code":"60614","nom":"Serans","app":14.3,"app_bas":12.06,"app_haut":16.95,"app_ech":"maille","app_obs":2,"mai":10.03,"mai_bas":8.09,"mai_haut":12.44,"mai_ech":"maille","mai_obs":13},"geometry":{"type":"Polygon","coordinates":[[[1.8491,49.1705],[1.8341,49.1651],[1.8371,49.1717],[1.8266,49.1795],[1.8144,49.1762],[1.797,49.1852],[1.8146,49.1994],[1.8243,49.202],[1.8242,49.2076],[1.8317,49.2168],[1.8449,49.2169],[1.8505,49.2135],[1.8343,49.2006],[1.8245,49.198],[1.8392,49.1897],[1.843,49.1792],[1.8491,49.1705]]]}},{"type":"Feature","properties":{"code":"60039","nom":"Bacouël","app":13.44,"app_bas":11.11,"app_haut":16.26,"app_ech":"maille","app_obs":1,"mai":9.29,"mai_bas":7.67,"mai_haut":11.25,"mai_ech":"maille","mai_obs":5},"geometry":{"type":"Polygon","coordinates":[[[2.3567,49.6186],[2.3565,49.6211],[2.3904,49.6361],[2.4009,49.6232],[2.4043,49.6138],[2.3714,49.6105],[2.3567,49.6186]]]}},{"type":"Feature","properties":{"code":"60236","nom":"Flavy-le-Meldeux","app":10.12,"app_bas":8.18,"app_haut":12.52,"app_ech":"maille","app_obs":0,"mai":8.63,"mai_bas":7.22,"mai_haut":10.31,"mai_ech":"maille","mai_obs":4},"geometry":{"type":"Polygon","coordinates":[[[3.0335,49.6831],[3.0403,49.6923],[3.0553,49.694],[3.0599,49.6916],[3.0566,49.6755],[3.0406,49.6789],[3.0335,49.6831]]]}},{"type":"Feature","properties":{"code":"60258","nom":"Fresnières","app":11.23,"app_bas":9.43,"app_haut":13.38,"app_ech":"maille","app_obs":0,"mai":10.16,"mai_bas":8.26,"mai_haut":12.5,"mai_ech":"maille","mai_obs":7},"geometry":{"type":"Polygon","coordinates":[[[2.795,49.6168],[2.7995,49.6206],[2.7963,49.6296],[2.8055,49.6283],[2.8073,49.6355],[2.8171,49.6323],[2.8199,49.6183],[2.8185,49.6146],[2.8104,49.6126],[2.795,49.6168]]]}},{"type":"Feature","properties":{"code":"60085","nom":"Bonvillers","app":11.18,"app_bas":9.47,"app_haut":13.21,"app_ech":"maille","app_obs":0,"mai":9.29,"mai_bas":7.67,"mai_haut":11.25,"mai_ech":"maille","mai_obs":7},"geometry":{"type":"Polygon","coordinates":[[[2.3679,49.5743],[2.3544,49.5731],[2.3419,49.5694],[2.3364,49.5887],[2.3381,49.5948],[2.3503,49.6046],[2.3669,49.5849],[2.3679,49.5743]]]}},{"type":"Feature","properties":{"code":"60159","nom":"Compiègne","app":14.72,"app_bas":11.83,"app_haut":18.32,"app_ech":"commune","app_obs":10001,"mai":13.44,"mai_bas":9.89,"mai_haut":18.26,"mai_ech":"commune","mai_obs":917},"geometry":{"type":"Polygon","coordinates":[[[2.8144,49.4155],[2.8204,49.4234],[2.8298,49.4233],[2.8359,49.428],[2.8508,49.4343],[2.862,49.427],[2.8785,49.4296],[2.8982,49.4279],[2.9099,49.4336],[2.9184,49.4247],[2.9305,49.4147],[2.929,49.4124],[2.9181,49.4038],[2.9006,49.3937],[2.8854,49.3895],[2.8922,49.3681],[2.8065,49.3667],[2.7935,49.382],[2.7792,49.3861],[2.7884,49.3987],[2.8079,49.4131],[2.8144,49.4155]]]}},{"type":"Feature","properties":{"code":"60328","nom":"Juvignies","app":11.18,"app_bas":9.47,"app_haut":13.21,"app_ech":"maille","app_obs":15,"mai":10.06,"mai_bas":8.06,"mai_haut":12.55,"mai_ech":"maille","mai_obs":8},"geometry":{"type":"Polygon","coordinates":[[[2.0937,49.5401],[2.1098,49.5331],[2.1131,49.5307],[2.1082,49.5228],[2.1138,49.5108],[2.1003,49.5125],[2.0862,49.5076],[2.0734,49.5182],[2.075,49.5271],[2.0671,49.5323],[2.0709,49.5366],[2.0748,49.5377],[2.0839,49.5353],[2.0937,49.5401]]]}},{"type":"Feature","properties":{"code":"60367","nom":"Loconville","app":12.26,"app_bas":10.12,"app_haut":14.85,"app_ech":"maille","app_obs":0,"mai":10.03,"mai_bas":8.09,"mai_haut":12.44,"mai_ech":"maille","mai_obs":1},"geometry":{"type":"Polygon","coordinates":[[[1.9426,49.2665],[1.9365,49.2564],[1.9228,49.2483],[1.9186,49.2436],[1.9018,49.2494],[1.895,49.2547],[1.9053,49.2628],[1.9234,49.2704],[1.9426,49.2665]]]}},{"type":"Feature","properties":{"code":"60389","nom":"Maucourt","app":10.02,"app_bas":8.16,"app_haut":12.31,"app_ech":"maille","app_obs":0,"mai":8.63,"mai_bas":7.22,"mai_haut":10.31,"mai_ech":"maille","mai_obs":7},"geometry":{"type":"Polygon","coordinates":[[[3.0689,49.6215],[3.0662,49.6439],[3.0799,49.6428],[3.0884,49.6398],[3.0966,49.6235],[3.0936,49.6225],[3.076,49.6248],[3.0689,49.6215]]]}},{"type":"Feature","properties":{"code":"60424","nom":"Montmartin","app":13.32,"app_bas":11.18,"app_haut":15.88,"app_ech":"maille","app_obs":0,"mai":10.1,"mai_bas":8.27,"mai_haut":12.34,"mai_ech":"maille","mai_obs":7},"geometry":{"type":"Polygon","coordinates":[[[2.7018,49.4562],[2.6966,49.4612],[2.684,49.4574],[2.6793,49.4592],[2.6954,49.4765],[2.7055,49.4748],[2.7174,49.4708],[2.7071,49.4655],[2.7103,49.4578],[2.7018,49.4562]]]}},{"type":"Feature","properties":{"code":"60504","nom":"Ponchon","app":12.33,"app_bas":10.38,"app_haut":14.65,"app_ech":"maille","app_obs":17,"mai":11.23,"mai_bas":9.14,"mai_haut":13.8,"mai_ech":"maille","mai_obs":15},"geometry":{"type":"Polygon","coordinates":[[[2.1829,49.3256],[2.1738,49.3357],[2.1611,49.3341],[2.1602,49.3466],[2.1717,49.3502],[2.1675,49.3663],[2.1815,49.3712],[2.1955,49.3579],[2.2049,49.3562],[2.2168,49.358],[2.2085,49.3529],[2.2075,49.342],[2.1945,49.3357],[2.1829,49.3256]]]}},{"type":"Feature","properties":{"code":"60650","nom":"Trumilly","app":14.77,"app_bas":12.29,"app_haut":17.76,"app_ech":"maille","app_obs":0,"mai":11.16,"mai_bas":8.61,"mai_haut":14.46,"mai_ech":"maille","mai_obs":7},"geometry":{"type":"Polygon","coordinates":[[[2.7598,49.2513],[2.7817,49.2492],[2.7917,49.2558],[2.8003,49.2564],[2.8233,49.2475],[2.8296,49.2436],[2.8232,49.2355],[2.8088,49.2348],[2.8037,49.2302],[2.7907,49.2268],[2.7585,49.2252],[2.7495,49.2338],[2.7519,49.2452],[2.7598,49.2513]]]}},{"type":"Feature","properties":{"code":"60674","nom":"Vieux-Moulin","app":13.01,"app_bas":10.75,"app_haut":15.74,"app_ech":"maille","app_obs":1,"mai":11.24,"mai_bas":9.17,"mai_haut":13.78,"mai_ech":"maille","mai_obs":19},"geometry":{"type":"Polygon","coordinates":[[[2.9703,49.3701],[2.8922,49.3681],[2.8854,49.3895],[2.9006,49.3937],[2.9181,49.4038],[2.929,49.4124],[2.9412,49.4076],[2.935,49.3984],[2.9459,49.389],[2.9694,49.3811],[2.9703,49.3701]]]}},{"type":"Feature","properties":{"code":"60002","nom":"Abbecourt","app":13.68,"app_bas":11.02,"app_haut":17,"app_ech":"maille","app_obs":14,"mai":12.04,"mai_bas":9.57,"mai_haut":15.14,"mai_ech":"maille","mai_obs":31},"geometry":{"type":"Polygon","coordinates":[[[2.1449,49.3508],[2.1301,49.3605],[2.1369,49.3705],[2.1427,49.3747],[2.1618,49.3684],[2.1701,49.3789],[2.1815,49.3712],[2.1675,49.3663],[2.1717,49.3502],[2.1602,49.3466],[2.1606,49.3406],[2.1449,49.3508]]]}},{"type":"Feature","properties":{"code":"60048","nom":"Baugy","app":11.77,"app_bas":10,"app_haut":13.84,"app_ech":"maille","app_obs":3,"mai":10.76,"mai_bas":8.66,"mai_haut":13.38,"mai_ech":"maille","mai_obs":17},"geometry":{"type":"Polygon","coordinates":[[[2.7732,49.4677],[2.7746,49.4596],[2.7703,49.4489],[2.779,49.4434],[2.7743,49.4395],[2.76,49.4417],[2.7369,49.456],[2.7312,49.454],[2.7251,49.4658],[2.7587,49.4658],[2.7661,49.4677],[2.7732,49.4677]]]}},{"type":"Feature","properties":{"code":"60091","nom":"Bouillancy","app":14.18,"app_bas":12.11,"app_haut":16.6,"app_ech":"maille","app_obs":6,"mai":11.16,"mai_bas":8.61,"mai_haut":14.46,"mai_ech":"maille","mai_obs":20},"geometry":{"type":"Polygon","coordinates":[[[2.8923,49.1288],[2.9114,49.1269],[2.922,49.1343],[2.9356,49.14],[2.9473,49.1335],[2.9401,49.1297],[2.9363,49.1124],[2.9383,49.1048],[2.9338,49.1105],[2.9183,49.099],[2.9021,49.1012],[2.8907,49.107],[2.8702,49.1077],[2.8814,49.1243],[2.8923,49.1288]]]}},{"type":"Feature","properties":{"code":"60124","nom":"Candor","app":9.42,"app_bas":7.7,"app_haut":11.53,"app_ech":"maille","app_obs":2,"mai":8.63,"mai_bas":7.22,"mai_haut":10.31,"mai_ech":"maille","mai_obs":11},"geometry":{"type":"Polygon","coordinates":[[[2.8658,49.6282],[2.8814,49.6358],[2.8836,49.6505],[2.9201,49.6289],[2.8977,49.6171],[2.885,49.6188],[2.8827,49.6134],[2.8766,49.6134],[2.8644,49.6169],[2.853,49.6243],[2.8658,49.6282]]]}},{"type":"Feature","properties":{"code":"60292","nom":"Gury","app":11.23,"app_bas":9.43,"app_haut":13.38,"app_ech":"maille","app_obs":0,"mai":10.16,"mai_bas":8.26,"mai_haut":12.5,"mai_ech":"maille","mai_obs":8},"geometry":{"type":"Polygon","coordinates":[[[2.7964,49.5856],[2.8155,49.5782],[2.8166,49.5587],[2.8028,49.5583],[2.7842,49.564],[2.7833,49.568],[2.7933,49.5839],[2.7964,49.5856]]]}},{"type":"Feature","properties":{"code":"60297","nom":"Hamel","app":10.53,"app_bas":8.71,"app_haut":12.73,"app_ech":"maille","app_obs":1,"mai":10.06,"mai_bas":8.06,"mai_haut":12.55,"mai_ech":"maille","mai_obs":6},"geometry":{"type":"Polygon","coordinates":[[[1.9976,49.6257],[1.9941,49.6424],[1.9752,49.6457],[1.9794,49.6498],[2.016,49.654],[2.0303,49.6587],[2.0442,49.6588],[2.036,49.6444],[2.0153,49.6367],[2.013,49.634],[1.9976,49.6257]]]}},{"type":"Feature","properties":{"code":"60306","nom":"Hécourt","app":11.44,"app_bas":9.09,"app_haut":14.4,"app_ech":"maille","app_obs":0,"mai":8.54,"mai_bas":6.98,"mai_haut":10.44,"mai_ech":"maille","mai_obs":2},"geometry":{"type":"Polygon","coordinates":[[[1.8037,49.5353],[1.8039,49.5253],[1.7887,49.5169],[1.7875,49.5062],[1.7719,49.5128],[1.7681,49.512],[1.7592,49.5145],[1.7545,49.5195],[1.7621,49.5293],[1.7757,49.5378],[1.7956,49.5371],[1.8037,49.5353]]]}},{"type":"Feature","properties":{"code":"60521","nom":"Quincampoix-Fleuzy","app":9.86,"app_bas":8.17,"app_haut":11.92,"app_ech":"maille","app_obs":3,"mai":7.34,"mai_bas":6.15,"mai_haut":8.77,"mai_ech":"maille","mai_obs":17},"geometry":{"type":"Polygon","coordinates":[[[1.7984,49.728],[1.7961,49.7268],[1.7806,49.7341],[1.7686,49.7314],[1.7644,49.7363],[1.7455,49.7386],[1.7416,49.7475],[1.7427,49.7528],[1.7471,49.7571],[1.7663,49.7566],[1.7838,49.7583],[1.7905,49.7534],[1.7852,49.751],[1.7878,49.7446],[1.7961,49.7363],[1.7984,49.728]]]}},{"type":"Feature","properties":{"code":"60579","nom":"Saint-Jean-aux-Bois","app":13.01,"app_bas":10.75,"app_haut":15.74,"app_ech":"maille","app_obs":0,"mai":11.24,"mai_bas":9.17,"mai_haut":13.78,"mai_ech":"maille","mai_obs":47},"geometry":{"type":"Polygon","coordinates":[[[2.9262,49.3687],[2.9324,49.3538],[2.9397,49.3419],[2.936,49.3289],[2.9064,49.3417],[2.8936,49.3351],[2.8887,49.3378],[2.8798,49.3314],[2.8478,49.3254],[2.8414,49.3672],[2.9262,49.3687]]]}},{"type":"Feature","properties":{"code":"60636","nom":"Thourotte","app":12.49,"app_bas":10.5,"app_haut":14.87,"app_ech":"commune","app_obs":176,"mai":10.41,"mai_bas":8.5,"mai_haut":12.75,"mai_ech":"commune","mai_obs":137},"geometry":{"type":"Polygon","coordinates":[[[2.8841,49.4881],[2.8938,49.4887],[2.8997,49.4842],[2.8904,49.4711],[2.8834,49.4736],[2.8747,49.468],[2.8614,49.4793],[2.8796,49.4902],[2.8841,49.4881]]]}},{"type":"Feature","properties":{"code":"60652","nom":"Valdampierre","app":11.49,"app_bas":9.26,"app_haut":14.26,"app_ech":"maille","app_obs":23,"mai":12.04,"mai_bas":9.57,"mai_haut":15.14,"mai_ech":"maille","mai_obs":17},"geometry":{"type":"Polygon","coordinates":[[[2.0823,49.3136],[2.072,49.2963],[2.0616,49.2943],[2.0456,49.2868],[2.0405,49.2942],[2.0347,49.3093],[2.0282,49.3157],[2.0346,49.322],[2.0471,49.3171],[2.0547,49.3174],[2.063,49.3231],[2.0613,49.3175],[2.0823,49.3136]]]}},{"type":"Feature","properties":{"code":"60668","nom":"Verderel-lès-Sauqueuse","app":9.54,"app_bas":7.81,"app_haut":11.67,"app_ech":"maille","app_obs":0,"mai":11.52,"mai_bas":9.53,"mai_haut":13.93,"mai_ech":"maille","mai_obs":18},"geometry":{"type":"Polygon","coordinates":[[[2.0561,49.5279],[2.0709,49.5366],[2.0671,49.5323],[2.075,49.5271],[2.0734,49.5182],[2.0862,49.5076],[2.1003,49.5125],[2.1191,49.5093],[2.1175,49.4986],[2.1125,49.4903],[2.1027,49.4857],[2.0909,49.4912],[2.0861,49.4855],[2.0801,49.4864],[2.0815,49.4977],[2.0729,49.5022],[2.0625,49.5],[2.056,49.5082],[2.0421,49.5089],[2.0511,49.5235],[2.0561,49.5279]]]}},{"type":"Feature","properties":{"code":"60675","nom":"Vignemont","app":11.77,"app_bas":10,"app_haut":13.84,"app_ech":"maille","app_obs":0,"mai":10.16,"mai_bas":8.26,"mai_haut":12.5,"mai_ech":"maille","mai_obs":6},"geometry":{"type":"Polygon","coordinates":[[[2.7944,49.4953],[2.7832,49.4871],[2.7835,49.4791],[2.7679,49.4854],[2.7696,49.4911],[2.7596,49.5049],[2.7636,49.5084],[2.7761,49.5099],[2.7944,49.4953]]]}},{"type":"Feature","properties":{"code":"60025","nom":"Attichy","app":11.56,"app_bas":9.32,"app_haut":14.34,"app_ech":"maille","app_obs":82,"mai":9.35,"mai_bas":7.65,"mai_haut":11.43,"mai_ech":"maille","mai_obs":65},"geometry":{"type":"Polygon","coordinates":[[[3.0219,49.4085],[3.0249,49.4258],[3.0168,49.435],[3.0231,49.445],[3.0308,49.4479],[3.0488,49.4512],[3.0581,49.4461],[3.0668,49.4346],[3.0652,49.424],[3.0612,49.4159],[3.0695,49.411],[3.0705,49.404],[3.0656,49.3989],[3.0452,49.404],[3.0343,49.4089],[3.0219,49.4085]]]}},{"type":"Feature","properties":{"code":"60261","nom":"Fresnoy-le-Luat","app":14.77,"app_bas":12.29,"app_haut":17.76,"app_ech":"maille","app_obs":8,"mai":11.16,"mai_bas":8.61,"mai_haut":14.46,"mai_ech":"maille","mai_obs":51},"geometry":{"type":"Polygon","coordinates":[[[2.7907,49.2268],[2.788,49.2162],[2.7925,49.2061],[2.7908,49.1994],[2.7708,49.1994],[2.7561,49.1971],[2.7458,49.2051],[2.7318,49.2072],[2.7222,49.2149],[2.7235,49.2207],[2.7366,49.2222],[2.7588,49.2224],[2.7585,49.2252],[2.7907,49.2268]]]}},{"type":"Feature","properties":{"code":"60100","nom":"Brasseuse","app":14.77,"app_bas":12.29,"app_haut":17.76,"app_ech":"maille","app_obs":0,"mai":12.85,"mai_bas":9.77,"mai_haut":16.9,"mai_ech":"maille","mai_obs":7},"geometry":{"type":"Polygon","coordinates":[[[2.7018,49.2674],[2.6998,49.2617],[2.7037,49.2502],[2.672,49.2375],[2.668,49.2323],[2.6601,49.2329],[2.6605,49.2445],[2.6581,49.2539],[2.6659,49.2601],[2.6782,49.2669],[2.6934,49.2691],[2.7018,49.2674]]]}},{"type":"Feature","properties":{"code":"60143","nom":"Chaumont-en-Vexin","app":15.01,"app_bas":12.4,"app_haut":18.17,"app_ech":"commune","app_obs":285,"mai":10.04,"mai_bas":8,"mai_haut":12.61,"mai_ech":"commune","mai_obs":108},"geometry":{"type":"Polygon","coordinates":[[[1.8376,49.2657],[1.8426,49.2734],[1.8621,49.2895],[1.8829,49.2978],[1.8922,49.2902],[1.8875,49.2838],[1.8991,49.2805],[1.9062,49.2872],[1.9146,49.2894],[1.9255,49.2842],[1.9194,49.2761],[1.9234,49.2704],[1.9053,49.2628],[1.895,49.2547],[1.8899,49.2575],[1.8754,49.2486],[1.8766,49.2535],[1.8539,49.2573],[1.8376,49.2657]]]}},{"type":"Feature","properties":{"code":"60316","nom":"Hodenc-l'Évêque","app":13.68,"app_bas":11.02,"app_haut":17,"app_ech":"maille","app_obs":0,"mai":12.04,"mai_bas":9.57,"mai_haut":15.14,"mai_ech":"maille","mai_obs":1},"geometry":{"type":"Polygon","coordinates":[[[2.1228,49.3216],[2.1177,49.3267],[2.1294,49.3338],[2.1425,49.3443],[2.1449,49.3508],[2.1606,49.3406],[2.1611,49.3341],[2.1387,49.3308],[2.1228,49.3216]]]}},{"type":"Feature","properties":{"code":"60352","nom":"Lattainville","app":14.3,"app_bas":12.06,"app_haut":16.95,"app_ech":"maille","app_obs":0,"mai":10.03,"mai_bas":8.09,"mai_haut":12.44,"mai_ech":"maille","mai_obs":0},"geometry":{"type":"Polygon","coordinates":[[[1.7909,49.2438],[1.7906,49.2466],[1.8025,49.2453],[1.8149,49.2513],[1.8252,49.2486],[1.8219,49.2404],[1.812,49.2294],[1.7952,49.2363],[1.7909,49.2438]]]}},{"type":"Feature","properties":{"code":"60465","nom":"Noirémont","app":11.18,"app_bas":9.47,"app_haut":13.21,"app_ech":"maille","app_obs":0,"mai":9.95,"mai_bas":8.14,"mai_haut":12.16,"mai_ech":"maille","mai_obs":14},"geometry":{"type":"Polygon","coordinates":[[[2.1991,49.5614],[2.2196,49.5505],[2.2323,49.5541],[2.2331,49.5576],[2.2459,49.5538],[2.2384,49.5425],[2.2289,49.545],[2.2147,49.5355],[2.2011,49.5346],[2.1983,49.5445],[2.1905,49.5476],[2.1939,49.5606],[2.1991,49.5614]]]}},{"type":"Feature","properties":{"code":"60556","nom":"Royaucourt","app":10.43,"app_bas":8.8,"app_haut":12.35,"app_ech":"maille","app_obs":0,"mai":7.93,"mai_bas":6.47,"mai_haut":9.72,"mai_ech":"maille","mai_obs":1},"geometry":{"type":"Polygon","coordinates":[[[2.5266,49.6294],[2.5471,49.6159],[2.5665,49.619],[2.5592,49.6082],[2.5256,49.6],[2.5039,49.6011],[2.4929,49.6078],[2.4975,49.6152],[2.5266,49.6294]]]}},{"type":"Feature","properties":{"code":"60595","nom":"Saint-Remy-en-l'Eau","app":11.87,"app_bas":9.57,"app_haut":14.73,"app_ech":"maille","app_obs":0,"mai":9.64,"mai_bas":7.78,"mai_haut":11.94,"mai_ech":"maille","mai_obs":3},"geometry":{"type":"Polygon","coordinates":[[[2.3917,49.4828],[2.3935,49.4868],[2.4067,49.4862],[2.439,49.4789],[2.4571,49.4716],[2.4547,49.4595],[2.4474,49.4564],[2.4295,49.457],[2.4236,49.46],[2.4058,49.4558],[2.4067,49.4617],[2.4016,49.475],[2.3917,49.4828]]]}},{"type":"Feature","properties":{"code":"60677","nom":"Villembray","app":9.54,"app_bas":7.81,"app_haut":11.67,"app_ech":"maille","app_obs":0,"mai":9.04,"mai_bas":7.33,"mai_haut":11.16,"mai_ech":"maille","mai_obs":1},"geometry":{"type":"Polygon","coordinates":[[[1.8559,49.4761],[1.8564,49.4883],[1.8656,49.4993],[1.8803,49.4936],[1.8902,49.4859],[1.8912,49.4826],[1.8857,49.4674],[1.8633,49.4715],[1.8559,49.4761]]]}},{"type":"Feature","properties":{"code":"60169","nom":"Courcelles-lès-Gisors","app":14.3,"app_bas":12.06,"app_haut":16.95,"app_ech":"maille","app_obs":18,"mai":10.18,"mai_bas":8.26,"mai_haut":12.56,"mai_ech":"maille","mai_obs":11},"geometry":{"type":"Polygon","coordinates":[[[1.7116,49.2645],[1.7547,49.27],[1.7644,49.2631],[1.769,49.2561],[1.7669,49.252],[1.7447,49.2524],[1.7248,49.2547],[1.7139,49.2493],[1.7014,49.2518],[1.7116,49.2645]]]}},{"type":"Feature","properties":{"code":"60172","nom":"Coye-la-Forêt","app":17.67,"app_bas":14.66,"app_haut":21.3,"app_ech":"commune","app_obs":440,"mai":14.01,"mai_bas":10.74,"mai_haut":18.26,"mai_ech":"maille","mai_obs":72},"geometry":{"type":"Polygon","coordinates":[[[2.4813,49.1575],[2.4958,49.1585],[2.5001,49.1567],[2.4776,49.1311],[2.4613,49.1366],[2.4582,49.1411],[2.4471,49.1356],[2.4354,49.1339],[2.4409,49.1458],[2.4475,49.1445],[2.4722,49.1553],[2.4813,49.1575]]]}},{"type":"Feature","properties":{"code":"60234","nom":"Fitz-James","app":14.98,"app_bas":12.43,"app_haut":18.04,"app_ech":"commune","app_obs":112,"mai":11.23,"mai_bas":9.14,"mai_haut":13.8,"mai_ech":"maille","mai_obs":37},"geometry":{"type":"Polygon","coordinates":[[[2.4326,49.3823],[2.4145,49.3898],[2.4044,49.3901],[2.4018,49.4013],[2.4109,49.4084],[2.4275,49.4148],[2.4379,49.4159],[2.4453,49.4131],[2.4469,49.4077],[2.4598,49.3965],[2.4326,49.3823]]]}},{"type":"Feature","properties":{"code":"60249","nom":"Foulangues","app":13.3,"app_bas":10.94,"app_haut":16.18,"app_ech":"maille","app_obs":0,"mai":11.24,"mai_bas":8.89,"mai_haut":14.22,"mai_ech":"maille","mai_obs":0},"geometry":{"type":"Polygon","coordinates":[[[2.3087,49.2905],[2.315,49.2921],[2.3269,49.2872],[2.3301,49.2826],[2.3234,49.2701],[2.3122,49.2626],[2.3044,49.2616],[2.3001,49.2699],[2.3021,49.2796],[2.3087,49.2905]]]}},{"type":"Feature","properties":{"code":"60001","nom":"Abancourt","app":9.86,"app_bas":8.17,"app_haut":11.92,"app_ech":"maille","app_obs":11,"mai":7.81,"mai_bas":6.43,"mai_haut":9.48,"mai_ech":"maille","mai_obs":41},"geometry":{"type":"Polygon","coordinates":[[[1.7465,49.6976],[1.7717,49.7099],[1.7727,49.7021],[1.7774,49.6979],[1.787,49.6961],[1.7932,49.6803],[1.7691,49.684],[1.7522,49.681],[1.7506,49.6938],[1.7465,49.6976]]]}},{"type":"Feature","properties":{"code":"60077","nom":"Blicourt","app":9.54,"app_bas":7.81,"app_haut":11.67,"app_ech":"maille","app_obs":2,"mai":10.06,"mai_bas":8.06,"mai_haut":12.55,"mai_ech":"maille","mai_obs":14},"geometry":{"type":"Polygon","coordinates":[[[2.0281,49.5641],[2.0339,49.5779],[2.041,49.5804],[2.062,49.5835],[2.0759,49.5751],[2.0699,49.569],[2.0885,49.5645],[2.0922,49.5661],[2.0856,49.5544],[2.0937,49.5401],[2.0839,49.5353],[2.0748,49.5377],[2.0677,49.5437],[2.0459,49.5452],[2.0351,49.5606],[2.0281,49.5641]]]}},{"type":"Feature","properties":{"code":"60560","nom":"Rully","app":14.77,"app_bas":12.29,"app_haut":17.76,"app_ech":"maille","app_obs":20,"mai":11.16,"mai_bas":8.61,"mai_haut":14.46,"mai_ech":"maille","mai_obs":17},"geometry":{"type":"Polygon","coordinates":[[[2.7235,49.2207],[2.7031,49.2284],[2.6838,49.2374],[2.6759,49.2328],[2.668,49.2323],[2.672,49.2375],[2.7037,49.2502],[2.7196,49.2503],[2.7383,49.2622],[2.7473,49.2592],[2.7598,49.2513],[2.7519,49.2452],[2.7495,49.2338],[2.7585,49.2252],[2.7588,49.2224],[2.7366,49.2222],[2.7235,49.2207]]]}},{"type":"Feature","properties":{"code":"60667","nom":"Verberie","app":13.81,"app_bas":11.68,"app_haut":16.33,"app_ech":"commune","app_obs":483,"mai":10.29,"mai_bas":7.91,"mai_haut":13.38,"mai_ech":"commune","mai_obs":169},"geometry":{"type":"Polygon","coordinates":[[[2.7547,49.3288],[2.7546,49.3226],[2.7646,49.3224],[2.7728,49.3171],[2.7654,49.3114],[2.7413,49.3117],[2.7302,49.304],[2.7283,49.2998],[2.7432,49.2849],[2.7387,49.2761],[2.7091,49.273],[2.7057,49.279],[2.7171,49.2905],[2.7077,49.2921],[2.7043,49.3144],[2.7181,49.3109],[2.7241,49.3117],[2.7363,49.3309],[2.7463,49.3431],[2.7564,49.3436],[2.7486,49.3359],[2.7547,49.3288]]]}},{"type":"Feature","properties":{"code":"60683","nom":"Villers-Saint-Genest","app":14.18,"app_bas":12.11,"app_haut":16.6,"app_ech":"maille","app_obs":0,"mai":11.16,"mai_bas":8.61,"mai_haut":14.46,"mai_ech":"maille","mai_obs":10},"geometry":{"type":"Polygon","coordinates":[[[2.8607,49.1419],[2.8819,49.1442],[2.8894,49.1528],[2.9042,49.1547],[2.9166,49.1522],[2.9356,49.14],[2.922,49.1343],[2.9114,49.1269],[2.8923,49.1288],[2.8747,49.1358],[2.8608,49.1355],[2.8585,49.1399],[2.8607,49.1419]]]}},{"type":"Feature","properties":{"code":"60695","nom":"Vineuil-Saint-Firmin","app":19.05,"app_bas":14.95,"app_haut":24.28,"app_ech":"commune","app_obs":128,"mai":14.92,"mai_bas":11.73,"mai_haut":18.99,"mai_ech":"maille","mai_obs":16},"geometry":{"type":"Polygon","coordinates":[[[2.4847,49.2158],[2.5262,49.2131],[2.5281,49.2107],[2.5244,49.1964],[2.501,49.1945],[2.4816,49.1985],[2.4667,49.1979],[2.4693,49.2032],[2.4847,49.2158]]]}},{"type":"Feature","properties":{"code":"60697","nom":"Vrocourt","app":11.44,"app_bas":9.09,"app_haut":14.4,"app_ech":"maille","app_obs":0,"mai":9.04,"mai_bas":7.33,"mai_haut":11.16,"mai_ech":"maille","mai_obs":0},"geometry":{"type":"Polygon","coordinates":[[[1.9103,49.5446],[1.9038,49.5415],[1.8878,49.5224],[1.8748,49.522],[1.8722,49.5227],[1.8746,49.5318],[1.8803,49.5403],[1.8951,49.5489],[1.9069,49.5478],[1.9103,49.5446]]]}},{"type":"Feature","properties":{"code":"60183","nom":"Croissy-sur-Celle","app":10.53,"app_bas":8.71,"app_haut":12.73,"app_ech":"maille","app_obs":3,"mai":8.88,"mai_bas":7.58,"mai_haut":10.4,"mai_ech":"maille","mai_obs":4},"geometry":{"type":"Polygon","coordinates":[[[2.1902,49.7039],[2.1996,49.6955],[2.2158,49.6867],[2.1997,49.6841],[2.183,49.6752],[2.1763,49.6683],[2.1705,49.6691],[2.175,49.6799],[2.1684,49.684],[2.1595,49.6849],[2.1256,49.6836],[2.124,49.688],[2.1437,49.6944],[2.1472,49.6987],[2.1565,49.7021],[2.1871,49.7024],[2.1902,49.7039]]]}},{"type":"Feature","properties":{"code":"60194","nom":"Dargies","app":10.53,"app_bas":8.71,"app_haut":12.73,"app_ech":"maille","app_obs":6,"mai":8.12,"mai_bas":6.62,"mai_haut":9.97,"mai_ech":"maille","mai_obs":8},"geometry":{"type":"Polygon","coordinates":[[[1.9491,49.7008],[1.96,49.7077],[1.9642,49.7162],[1.9715,49.7199],[1.9767,49.7114],[1.9889,49.7094],[2.0018,49.7134],[2.0078,49.7083],[2.0284,49.7108],[2.0241,49.6935],[2.0031,49.6934],[1.9667,49.683],[1.9544,49.6812],[1.9377,49.691],[1.9491,49.7008]]]}},{"type":"Feature","properties":{"code":"60262","nom":"Frestoy-Vaux","app":10.84,"app_bas":8.91,"app_haut":13.17,"app_ech":"maille","app_obs":0,"mai":7.93,"mai_bas":6.47,"mai_haut":9.72,"mai_ech":"maille","mai_obs":18},"geometry":{"type":"Polygon","coordinates":[[[2.6272,49.6099],[2.6246,49.6044],[2.6316,49.5996],[2.6264,49.5909],[2.6278,49.5853],[2.6107,49.5779],[2.6001,49.5819],[2.5903,49.5934],[2.5816,49.5993],[2.5927,49.6123],[2.6097,49.6088],[2.6259,49.6109],[2.6272,49.6099]]]}},{"type":"Feature","properties":{"code":"60274","nom":"Glaignes","app":14.77,"app_bas":12.29,"app_haut":17.76,"app_ech":"maille","app_obs":0,"mai":11.54,"mai_bas":9.17,"mai_haut":14.53,"mai_ech":"maille","mai_obs":4},"geometry":{"type":"Polygon","coordinates":[[[2.8391,49.2577],[2.8225,49.2737],[2.8259,49.2806],[2.8353,49.2876],[2.842,49.2862],[2.8463,49.2805],[2.8538,49.2807],[2.8584,49.2718],[2.8505,49.2617],[2.8391,49.2577]]]}},{"type":"Feature","properties":{"code":"60282","nom":"Gouvieux","app":17.03,"app_bas":14.06,"app_haut":20.61,"app_ech":"commune","app_obs":626,"mai":15.2,"mai_bas":11.65,"mai_haut":19.82,"mai_ech":"commune","mai_obs":171},"geometry":{"type":"Polygon","coordinates":[[[2.3708,49.1854],[2.3761,49.187],[2.3862,49.1961],[2.3916,49.2042],[2.4137,49.2047],[2.4231,49.2134],[2.4631,49.2086],[2.461,49.2027],[2.4567,49.2021],[2.4589,49.1885],[2.4566,49.1796],[2.4479,49.1662],[2.4361,49.1707],[2.3741,49.1731],[2.3708,49.1854]]]}},{"type":"Feature","properties":{"code":"60543","nom":"Rocquemont","app":14.77,"app_bas":12.29,"app_haut":17.76,"app_ech":"maille","app_obs":0,"mai":11.16,"mai_bas":8.61,"mai_haut":14.46,"mai_ech":"maille","mai_obs":5},"geometry":{"type":"Polygon","coordinates":[[[2.8003,49.2564],[2.8023,49.2704],[2.8069,49.2767],[2.8225,49.2737],[2.8391,49.2577],[2.839,49.2473],[2.8296,49.2436],[2.8233,49.2475],[2.8003,49.2564]]]}},{"type":"Feature","properties":{"code":"60604","nom":"Sarcus","app":8.9,"app_bas":7.16,"app_haut":11.07,"app_ech":"maille","app_obs":1,"mai":7.81,"mai_bas":6.43,"mai_haut":9.48,"mai_ech":"maille","mai_obs":8},"geometry":{"type":"Polygon","coordinates":[[[1.8428,49.6686],[1.842,49.6753],[1.8473,49.6802],[1.8267,49.6804],[1.8255,49.6832],[1.8557,49.6823],[1.8628,49.6851],[1.849,49.7016],[1.8655,49.704],[1.881,49.6979],[1.8876,49.6924],[1.9038,49.6846],[1.8998,49.6799],[1.911,49.6676],[1.8932,49.6613],[1.8777,49.6603],[1.873,49.6669],[1.8612,49.6737],[1.8495,49.6757],[1.8428,49.6686]]]}},{"type":"Feature","properties":{"code":"60662","nom":"Vauroux","app":11.44,"app_bas":9.09,"app_haut":14.4,"app_ech":"maille","app_obs":5,"mai":9,"mai_bas":7.22,"mai_haut":11.22,"mai_ech":"maille","mai_obs":2},"geometry":{"type":"Polygon","coordinates":[[[1.9,49.3979],[1.9187,49.3926],[1.9211,49.3952],[1.9332,49.3921],[1.9416,49.3871],[1.9439,49.3835],[1.9361,49.3739],[1.9358,49.3674],[1.9258,49.362],[1.9219,49.3679],[1.9087,49.3742],[1.8962,49.3697],[1.8854,49.3699],[1.8859,49.3822],[1.9,49.3979]]]}},{"type":"Feature","properties":{"code":"60023","nom":"Armancourt","app":13.32,"app_bas":11.18,"app_haut":15.88,"app_ech":"maille","app_obs":6,"mai":11.24,"mai_bas":9.17,"mai_haut":13.78,"mai_ech":"maille","mai_obs":21},"geometry":{"type":"Polygon","coordinates":[[[2.777,49.3764],[2.7642,49.361],[2.7554,49.363],[2.7571,49.379],[2.777,49.3764]]]}},{"type":"Feature","properties":{"code":"60327","nom":"Jouy-sous-Thelle","app":11.44,"app_bas":9.09,"app_haut":14.4,"app_ech":"maille","app_obs":58,"mai":10.03,"mai_bas":8.09,"mai_haut":12.44,"mai_ech":"maille","mai_obs":19},"geometry":{"type":"Polygon","coordinates":[[[1.9278,49.326],[1.9307,49.3298],[1.9459,49.3393],[1.9552,49.3472],[1.9673,49.3442],[1.9617,49.3365],[1.9647,49.3313],[1.9821,49.3306],[1.9988,49.326],[1.9896,49.3192],[1.9793,49.3067],[1.9709,49.3023],[1.9665,49.3049],[1.9516,49.2991],[1.9557,49.3064],[1.9386,49.3199],[1.9278,49.326]]]}},{"type":"Feature","properties":{"code":"60413","nom":"Montagny-Sainte-Félicité","app":15.21,"app_bas":13.38,"app_haut":17.3,"app_ech":"maille","app_obs":7,"mai":11.7,"mai_bas":9.34,"mai_haut":14.64,"mai_ech":"maille","mai_obs":21},"geometry":{"type":"Polygon","coordinates":[[[2.7501,49.1165],[2.7413,49.1218],[2.7261,49.1344],[2.7277,49.1368],[2.7278,49.1399],[2.7426,49.1413],[2.7465,49.145],[2.765,49.1336],[2.7671,49.1247],[2.7591,49.1142],[2.7501,49.1165]]]}},{"type":"Feature","properties":{"code":"60486","nom":"Paillart","app":13.44,"app_bas":11.11,"app_haut":16.26,"app_ech":"maille","app_obs":11,"mai":8.88,"mai_bas":7.58,"mai_haut":10.4,"mai_ech":"maille","mai_obs":22},"geometry":{"type":"Polygon","coordinates":[[[2.3155,49.6898],[2.3323,49.681],[2.3357,49.6702],[2.3513,49.6634],[2.355,49.6641],[2.3595,49.658],[2.3458,49.6505],[2.3436,49.6461],[2.334,49.6438],[2.3276,49.6475],[2.3177,49.6461],[2.3072,49.6493],[2.3039,49.6561],[2.2968,49.6575],[2.291,49.6635],[2.2947,49.6737],[2.2906,49.6843],[2.3018,49.6811],[2.3155,49.6898]]]}},{"type":"Feature","properties":{"code":"60515","nom":"Pronleroy","app":13.24,"app_bas":11.01,"app_haut":15.94,"app_ech":"maille","app_obs":14,"mai":9.64,"mai_bas":7.78,"mai_haut":11.94,"mai_ech":"maille","mai_obs":5},"geometry":{"type":"Polygon","coordinates":[[[2.5265,49.4796],[2.5266,49.481],[2.5485,49.4871],[2.5517,49.4857],[2.5625,49.4735],[2.5608,49.4619],[2.551,49.4554],[2.5414,49.4528],[2.5332,49.4584],[2.5224,49.4497],[2.509,49.4569],[2.5141,49.4614],[2.5268,49.4664],[2.5293,49.4774],[2.5265,49.4796]]]}},{"type":"Feature","properties":{"code":"60523","nom":"Rainvillers","app":11.73,"app_bas":9.67,"app_haut":14.22,"app_ech":"maille","app_obs":20,"mai":11.81,"mai_bas":8.99,"mai_haut":15.52,"mai_ech":"maille","mai_obs":39},"geometry":{"type":"Polygon","coordinates":[[[2.0135,49.4189],[2.0215,49.4087],[2.0162,49.4009],[2.0066,49.3936],[1.9884,49.3966],[1.9817,49.3945],[1.9755,49.3995],[1.9787,49.4037],[1.98,49.4153],[1.9879,49.419],[2.0056,49.4172],[2.0135,49.4189]]]}},{"type":"Feature","properties":{"code":"60447","nom":"Néry","app":13.52,"app_bas":11.51,"app_haut":15.9,"app_ech":"maille","app_obs":15,"mai":11.16,"mai_bas":8.61,"mai_haut":14.46,"mai_ech":"maille","mai_obs":22},"geometry":{"type":"Polygon","coordinates":[[[2.7598,49.2513],[2.7473,49.2592],[2.7383,49.2622],[2.7387,49.2761],[2.7478,49.2754],[2.7532,49.2888],[2.7634,49.296],[2.7833,49.2972],[2.7884,49.3025],[2.7916,49.2988],[2.7808,49.2746],[2.8023,49.2704],[2.8003,49.2564],[2.7917,49.2558],[2.7817,49.2492],[2.7598,49.2513]]]}},{"type":"Feature","properties":{"code":"60498","nom":"Plessier-sur-Saint-Just","app":13.24,"app_bas":11.01,"app_haut":15.94,"app_ech":"maille","app_obs":3,"mai":7.93,"mai_bas":6.47,"mai_haut":9.72,"mai_ech":"maille","mai_obs":21},"geometry":{"type":"Polygon","coordinates":[[[2.4435,49.4946],[2.4413,49.504],[2.4447,49.5105],[2.4402,49.5163],[2.4522,49.5224],[2.4703,49.526],[2.4742,49.5239],[2.4752,49.5109],[2.4702,49.5032],[2.4731,49.4956],[2.4643,49.4913],[2.4435,49.4946]]]}},{"type":"Feature","properties":{"code":"60512","nom":"Pouilly","app":12.26,"app_bas":10.12,"app_haut":14.85,"app_ech":"maille","app_obs":0,"mai":12.04,"mai_bas":9.57,"mai_haut":15.14,"mai_ech":"maille","mai_obs":0},"geometry":{"type":"Polygon","coordinates":[[[2.0405,49.2942],[2.0456,49.2868],[2.0465,49.2773],[2.0403,49.2735],[2.0368,49.2648],[2.0206,49.2634],[2.0084,49.2664],[2.0121,49.2725],[2.0269,49.2731],[2.0371,49.2926],[2.0357,49.2952],[2.0405,49.2942]]]}},{"type":"Feature","properties":{"code":"60527","nom":"Réez-Fosse-Martin","app":15.1,"app_bas":12.7,"app_haut":17.96,"app_ech":"maille","app_obs":0,"mai":11.7,"mai_bas":9.34,"mai_haut":14.64,"mai_ech":"maille","mai_obs":7},"geometry":{"type":"Polygon","coordinates":[[[2.9015,49.0854],[2.8963,49.088],[2.9061,49.0982],[2.9021,49.1012],[2.9183,49.099],[2.9338,49.1105],[2.9383,49.1048],[2.9381,49.0979],[2.9305,49.0951],[2.9458,49.0881],[2.9424,49.0783],[2.9379,49.078],[2.9348,49.0803],[2.9175,49.0798],[2.9015,49.0854]]]}},{"type":"Feature","properties":{"code":"60554","nom":"Rouvres-en-Multien","app":12.69,"app_bas":10.47,"app_haut":15.39,"app_ech":"maille","app_obs":0,"mai":11.49,"mai_bas":9.3,"mai_haut":14.19,"mai_ech":"maille","mai_obs":14},"geometry":{"type":"Polygon","coordinates":[[[3.0063,49.116],[3.0387,49.1316],[3.0309,49.113],[3.0372,49.103],[3.0344,49.0886],[3.0295,49.0859],[3.0156,49.0912],[3.004,49.0887],[3.0116,49.0955],[3.006,49.1117],[3.0063,49.116]]]}},{"type":"Feature","properties":{"code":"60032","nom":"Autrêches","app":11.44,"app_bas":9.44,"app_haut":13.86,"app_ech":"maille","app_obs":4,"mai":8.63,"mai_bas":7.22,"mai_haut":10.31,"mai_ech":"maille","mai_obs":32},"geometry":{"type":"Polygon","coordinates":[[[3.1297,49.4621],[3.1552,49.4542],[3.1662,49.4469],[3.1651,49.4408],[3.1319,49.4318],[3.1243,49.4315],[3.1106,49.4385],[3.1003,49.4393],[3.1008,49.4597],[3.0934,49.4685],[3.1071,49.4682],[3.1297,49.4621]]]}},{"type":"Feature","properties":{"code":"60362","nom":"Libermont","app":10.12,"app_bas":8.18,"app_haut":12.52,"app_ech":"maille","app_obs":0,"mai":7.63,"mai_bas":6.2,"mai_haut":9.4,"mai_ech":"maille","mai_obs":4},"geometry":{"type":"Polygon","coordinates":[[[2.9856,49.6695],[2.973,49.6658],[2.9668,49.6738],[2.9561,49.6783],[2.9498,49.6844],[2.9488,49.6923],[2.9709,49.6969],[2.9824,49.7039],[2.9924,49.7076],[3.0044,49.7027],[3.0083,49.6927],[3.0091,49.6871],[3.0022,49.6785],[2.9881,49.6832],[2.9841,49.6733],[2.9856,49.6695]]]}},{"type":"Feature","properties":{"code":"60397","nom":"Mesnil-Conteville","app":10.53,"app_bas":8.71,"app_haut":12.73,"app_ech":"maille","app_obs":0,"mai":10.06,"mai_bas":8.06,"mai_haut":12.55,"mai_ech":"maille","mai_obs":1},"geometry":{"type":"Polygon","coordinates":[[[2.0442,49.6588],[2.0405,49.6657],[2.0754,49.6783],[2.0823,49.6711],[2.0783,49.6613],[2.0735,49.6602],[2.0609,49.6648],[2.0442,49.6588]]]}},{"type":"Feature","properties":{"code":"60485","nom":"Oursel-Maison","app":13.44,"app_bas":11.11,"app_haut":16.26,"app_ech":"maille","app_obs":0,"mai":10.06,"mai_bas":8.06,"mai_haut":12.55,"mai_ech":"maille","mai_obs":6},"geometry":{"type":"Polygon","coordinates":[[[2.1763,49.6129],[2.2027,49.6137],[2.2001,49.6036],[2.1977,49.5993],[2.1763,49.591],[2.1551,49.5897],[2.1531,49.5956],[2.1637,49.6124],[2.1763,49.6129]]]}},{"type":"Feature","properties":{"code":"60545","nom":"Romescamps","app":8.9,"app_bas":7.16,"app_haut":11.07,"app_ech":"maille","app_obs":23,"mai":7.34,"mai_bas":6.15,"mai_haut":8.77,"mai_ech":"maille","mai_obs":19},"geometry":{"type":"Polygon","coordinates":[[[1.7961,49.7268],[1.7984,49.728],[1.8123,49.7227],[1.8206,49.7226],[1.8372,49.7183],[1.8415,49.7127],[1.838,49.7088],[1.8108,49.7044],[1.787,49.6961],[1.7774,49.6979],[1.7727,49.7021],[1.7709,49.7142],[1.7802,49.7206],[1.7961,49.7268]]]}},{"type":"Feature","properties":{"code":"60555","nom":"Rouvroy-les-Merles","app":10.43,"app_bas":8.8,"app_haut":12.35,"app_ech":"maille","app_obs":0,"mai":8.88,"mai_bas":7.58,"mai_haut":10.4,"mai_ech":"maille","mai_obs":1},"geometry":{"type":"Polygon","coordinates":[[[2.355,49.6641],[2.3621,49.6667],[2.3739,49.656],[2.3771,49.6478],[2.3698,49.6423],[2.3625,49.646],[2.3528,49.6447],[2.3366,49.6378],[2.334,49.6438],[2.3436,49.6461],[2.3458,49.6505],[2.3595,49.658],[2.355,49.6641]]]}},{"type":"Feature","properties":{"code":"60569","nom":"Saint-Crépin-aux-Bois","app":11.56,"app_bas":9.32,"app_haut":14.34,"app_ech":"maille","app_obs":2,"mai":10.16,"mai_bas":8.3,"mai_haut":12.45,"mai_ech":"maille","mai_obs":0},"geometry":{"type":"Polygon","coordinates":[[[2.9745,49.421],[2.9676,49.4299],[2.9542,49.4343],[2.9416,49.4588],[2.9875,49.4488],[2.9769,49.4574],[2.9974,49.4675],[3.0071,49.4662],[3.0166,49.4545],[3.0263,49.4573],[3.0308,49.4479],[3.0231,49.445],[3.0066,49.4431],[2.9969,49.4285],[2.9822,49.42],[2.9745,49.421]]]}},{"type":"Feature","properties":{"code":"60050","nom":"Bazicourt","app":13.11,"app_bas":11,"app_haut":15.62,"app_ech":"maille","app_obs":0,"mai":11.07,"mai_bas":9.11,"mai_haut":13.47,"mai_ech":"maille","mai_obs":24},"geometry":{"type":"Polygon","coordinates":[[[2.647,49.3564],[2.6329,49.3474],[2.6332,49.3349],[2.6248,49.332],[2.6145,49.3333],[2.6077,49.3392],[2.6148,49.354],[2.625,49.3514],[2.647,49.3564]]]}},{"type":"Feature","properties":{"code":"60051","nom":"Beaudéduit","app":13.44,"app_bas":11.11,"app_haut":16.26,"app_ech":"maille","app_obs":0,"mai":7.76,"mai_bas":6.27,"mai_haut":9.59,"mai_ech":"maille","mai_obs":1},"geometry":{"type":"Polygon","coordinates":[[[2.0405,49.6657],[2.0349,49.6737],[2.0473,49.6793],[2.0509,49.6864],[2.0653,49.6831],[2.071,49.6848],[2.0813,49.6935],[2.0877,49.6901],[2.0734,49.6818],[2.0754,49.6783],[2.0405,49.6657]]]}},{"type":"Feature","properties":{"code":"60295","nom":"Halloy","app":11.44,"app_bas":9.34,"app_haut":14,"app_ech":"maille","app_obs":18,"mai":7.76,"mai_bas":6.27,"mai_haut":9.59,"mai_ech":"maille","mai_obs":9},"geometry":{"type":"Polygon","coordinates":[[[1.939,49.6384],[1.9269,49.6425],[1.9269,49.653],[1.9137,49.6594],[1.9205,49.661],[1.9378,49.6591],[1.9486,49.6527],[1.9583,49.6424],[1.939,49.6384]]]}},{"type":"Feature","properties":{"code":"60635","nom":"Thiverny","app":14.28,"app_bas":11.38,"app_haut":17.93,"app_ech":"maille","app_obs":8,"mai":12.05,"mai_bas":9.56,"mai_haut":15.2,"mai_ech":"maille","mai_obs":18},"geometry":{"type":"Polygon","coordinates":[[[2.4168,49.2423],[2.4165,49.2525],[2.4334,49.2513],[2.4418,49.245],[2.4358,49.2382],[2.4168,49.2423]]]}},{"type":"Feature","properties":{"code":"60011","nom":"Amy","app":9.42,"app_bas":7.7,"app_haut":11.53,"app_ech":"maille","app_obs":8,"mai":8.06,"mai_bas":6.38,"mai_haut":10.18,"mai_ech":"maille","mai_obs":11},"geometry":{"type":"Polygon","coordinates":[[[2.8433,49.6585],[2.8473,49.6478],[2.86,49.642],[2.8658,49.6282],[2.853,49.6243],[2.8402,49.6187],[2.8199,49.6183],[2.8171,49.6323],[2.8269,49.6259],[2.8318,49.6334],[2.8131,49.6406],[2.805,49.6477],[2.8023,49.6587],[2.8004,49.6614],[2.8433,49.6585]]]}},{"type":"Feature","properties":{"code":"60178","nom":"Crèvecœur-le-Grand","app":11.4,"app_bas":9.44,"app_haut":13.76,"app_ech":"commune","app_obs":227,"mai":10.41,"mai_bas":8.35,"mai_haut":12.99,"mai_ech":"commune","mai_obs":105},"geometry":{"type":"Polygon","coordinates":[[[2.112,49.5996],[2.0973,49.6027],[2.0812,49.5945],[2.0679,49.5973],[2.0639,49.5936],[2.062,49.5835],[2.0558,49.5831],[2.0555,49.5891],[2.0636,49.5988],[2.0618,49.6106],[2.0718,49.6195],[2.0675,49.6291],[2.0764,49.6341],[2.0935,49.6386],[2.0979,49.6297],[2.0955,49.6232],[2.1069,49.622],[2.1139,49.6112],[2.1164,49.6041],[2.112,49.5996]]]}},{"type":"Feature","properties":{"code":"60093","nom":"Boulogne-la-Grasse","app":10.84,"app_bas":8.91,"app_haut":13.17,"app_ech":"maille","app_obs":1,"mai":8.4,"mai_bas":6.97,"mai_haut":10.13,"mai_ech":"maille","mai_obs":10},"geometry":{"type":"Polygon","coordinates":[[[2.7014,49.5892],[2.6954,49.5948],[2.6741,49.6],[2.6739,49.6024],[2.6836,49.6102],[2.6876,49.6178],[2.6889,49.6256],[2.7091,49.6258],[2.7204,49.6211],[2.7208,49.6101],[2.7187,49.5939],[2.7163,49.5897],[2.7014,49.5892]]]}},{"type":"Feature","properties":{"code":"60315","nom":"Hodenc-en-Bray","app":9.54,"app_bas":7.81,"app_haut":11.67,"app_ech":"maille","app_obs":1,"mai":9.04,"mai_bas":7.33,"mai_haut":11.16,"mai_ech":"maille","mai_obs":7},"geometry":{"type":"Polygon","coordinates":[[[1.8902,49.4859],[1.9091,49.4896],[1.9098,49.4878],[1.9386,49.4789],[1.9283,49.4707],[1.9364,49.4616],[1.9341,49.453],[1.9271,49.4528],[1.928,49.4607],[1.9216,49.4636],[1.9,49.4559],[1.8924,49.4624],[1.8879,49.4575],[1.8857,49.4674],[1.8912,49.4826],[1.8902,49.4859]]]}},{"type":"Feature","properties":{"code":"60422","nom":"Montlognon","app":15.21,"app_bas":13.38,"app_haut":17.3,"app_ech":"maille","app_obs":0,"mai":11.16,"mai_bas":8.61,"mai_haut":14.46,"mai_ech":"maille","mai_obs":10},"geometry":{"type":"Polygon","coordinates":[[[2.7278,49.1399],[2.7277,49.1368],[2.711,49.143],[2.6961,49.1507],[2.6863,49.1577],[2.6892,49.1668],[2.7128,49.1671],[2.7168,49.1616],[2.718,49.1492],[2.7278,49.1399]]]}},{"type":"Feature","properties":{"code":"60477","nom":"Ons-en-Bray","app":12.26,"app_bas":10.12,"app_haut":14.85,"app_ech":"maille","app_obs":40,"mai":11.52,"mai_bas":9.53,"mai_haut":13.93,"mai_ech":"maille","mai_obs":57},"geometry":{"type":"Polygon","coordinates":[[[1.8896,49.4049],[1.9006,49.4187],[1.9035,49.4332],[1.913,49.4411],[1.9258,49.4348],[1.9489,49.432],[1.9513,49.4188],[1.9298,49.4045],[1.9187,49.3926],[1.9,49.3979],[1.8896,49.4049]]]}},{"type":"Feature","properties":{"code":"60481","nom":"Orrouy","app":13.05,"app_bas":11.05,"app_haut":15.41,"app_ech":"maille","app_obs":3,"mai":11.54,"mai_bas":9.17,"mai_haut":14.53,"mai_ech":"maille","mai_obs":2},"geometry":{"type":"Polygon","coordinates":[[[2.8478,49.3254],[2.8798,49.3314],[2.9002,49.3147],[2.8941,49.3138],[2.8874,49.3195],[2.8808,49.3173],[2.8812,49.3113],[2.8742,49.3095],[2.8729,49.3037],[2.8822,49.3016],[2.8696,49.2935],[2.8691,49.2894],[2.8635,49.2889],[2.86,49.2803],[2.8631,49.2718],[2.8584,49.2718],[2.8538,49.2807],[2.8463,49.2805],[2.842,49.2862],[2.8353,49.2876],[2.8382,49.2925],[2.8342,49.3051],[2.8215,49.3085],[2.8398,49.3245],[2.8478,49.3254]]]}},{"type":"Feature","properties":{"code":"60657","nom":"Vauchelles","app":10.51,"app_bas":8.5,"app_haut":12.98,"app_ech":"maille","app_obs":5,"mai":9.35,"mai_bas":7.65,"mai_haut":11.43,"mai_ech":"maille","mai_obs":2},"geometry":{"type":"Polygon","coordinates":[[[2.95,49.5888],[2.9816,49.5926],[2.9808,49.5882],[2.9713,49.5781],[2.9591,49.5796],[2.95,49.5888]]]}},{"type":"Feature","properties":{"code":"60171","nom":"Courtieux","app":13.01,"app_bas":10.75,"app_haut":15.74,"app_ech":"maille","app_obs":0,"mai":10.68,"mai_bas":7.87,"mai_haut":14.51,"mai_ech":"maille","mai_obs":0},"geometry":{"type":"Polygon","coordinates":[[[3.0825,49.3978],[3.0908,49.3982],[3.0909,49.3903],[3.0954,49.3771],[3.0811,49.3743],[3.0718,49.3758],[3.0811,49.3914],[3.0825,49.3978]]]}},{"type":"Feature","properties":{"code":"60364","nom":"Lieuvillers","app":13.24,"app_bas":11.01,"app_haut":15.94,"app_ech":"maille","app_obs":13,"mai":9.64,"mai_bas":7.78,"mai_haut":11.94,"mai_ech":"maille","mai_obs":8},"geometry":{"type":"Polygon","coordinates":[[[2.4571,49.4716],[2.4639,49.4777],[2.4682,49.4882],[2.4643,49.4913],[2.4731,49.4956],[2.4842,49.4791],[2.4943,49.4773],[2.5014,49.4821],[2.5265,49.4796],[2.5293,49.4774],[2.5268,49.4664],[2.5141,49.4614],[2.4887,49.4674],[2.466,49.4636],[2.4564,49.4656],[2.4571,49.4716]]]}},{"type":"Feature","properties":{"code":"60365","nom":"Lihus","app":9.54,"app_bas":7.81,"app_haut":11.67,"app_ech":"maille","app_obs":0,"mai":9.04,"mai_bas":7.33,"mai_haut":11.16,"mai_ech":"maille","mai_obs":6},"geometry":{"type":"Polygon","coordinates":[[[2.0675,49.6291],[2.0718,49.6195],[2.0618,49.6106],[2.0636,49.5988],[2.0555,49.5891],[2.0558,49.5831],[2.041,49.5804],[2.0179,49.5912],[2.0117,49.5989],[2.0046,49.6022],[2.0063,49.6142],[2.0218,49.6204],[2.0336,49.6186],[2.0675,49.6291]]]}},{"type":"Feature","properties":{"code":"60434","nom":"Mortemer","app":10.84,"app_bas":8.91,"app_haut":13.17,"app_ech":"maille","app_obs":0,"mai":9.64,"mai_bas":7.78,"mai_haut":11.94,"mai_ech":"maille","mai_obs":0},"geometry":{"type":"Polygon","coordinates":[[[2.6453,49.5633],[2.6496,49.5718],[2.6707,49.5814],[2.6797,49.5822],[2.6844,49.5772],[2.6948,49.5747],[2.6983,49.5629],[2.688,49.5608],[2.6749,49.562],[2.6676,49.5573],[2.6565,49.5574],[2.6551,49.5615],[2.6453,49.5633]]]}},{"type":"Feature","properties":{"code":"60454","nom":"Neuville-en-Hez","app":11.87,"app_bas":9.57,"app_haut":14.73,"app_ech":"maille","app_obs":22,"mai":11.23,"mai_bas":9.14,"mai_haut":13.8,"mai_ech":"maille","mai_obs":24},"geometry":{"type":"Polygon","coordinates":[[[2.2786,49.3689],[2.2769,49.388],[2.2796,49.3887],[2.2823,49.396],[2.2909,49.3986],[2.3175,49.411],[2.3256,49.4082],[2.338,49.4083],[2.3567,49.4151],[2.3728,49.411],[2.3632,49.3913],[2.3515,49.3901],[2.3493,49.3859],[2.3592,49.3802],[2.3677,49.3805],[2.3743,49.3761],[2.3739,49.3673],[2.3616,49.3665],[2.3483,49.3592],[2.3431,49.365],[2.3252,49.37],[2.3086,49.3667],[2.2982,49.3599],[2.2947,49.3705],[2.2883,49.3654],[2.2786,49.3689]]]}},{"type":"Feature","properties":{"code":"60028","nom":"Aumont-en-Halatte","app":15.29,"app_bas":12.32,"app_haut":18.99,"app_ech":"maille","app_obs":0,"mai":14.92,"mai_bas":11.73,"mai_haut":18.99,"mai_ech":"maille","mai_obs":22},"geometry":{"type":"Polygon","coordinates":[[[2.548,49.2227],[2.5313,49.2384],[2.5305,49.2426],[2.5487,49.2506],[2.5542,49.2443],[2.5669,49.2423],[2.5673,49.2339],[2.5745,49.2256],[2.5594,49.2129],[2.548,49.2227]]]}},{"type":"Feature","properties":{"code":"60219","nom":"Escles-Saint-Pierre","app":8.9,"app_bas":7.16,"app_haut":11.07,"app_ech":"maille","app_obs":1,"mai":7.34,"mai_bas":6.15,"mai_haut":8.77,"mai_ech":"maille","mai_obs":3},"geometry":{"type":"Polygon","coordinates":[[[1.7905,49.7534],[1.7999,49.7506],[1.8096,49.7538],[1.8205,49.7391],[1.7961,49.7363],[1.7878,49.7446],[1.7852,49.751],[1.7905,49.7534]]]}},{"type":"Feature","properties":{"code":"60120","nom":"Cambronne-lès-Clermont","app":13.68,"app_bas":11.62,"app_haut":16.09,"app_ech":"maille","app_obs":23,"mai":11.24,"mai_bas":8.89,"mai_haut":14.22,"mai_ech":"maille","mai_obs":26},"geometry":{"type":"Polygon","coordinates":[[[2.4234,49.3361],[2.4222,49.3267],[2.4325,49.3209],[2.3968,49.309],[2.3859,49.3125],[2.3804,49.3233],[2.3718,49.3293],[2.3722,49.3342],[2.3814,49.3404],[2.3903,49.3368],[2.4051,49.3382],[2.4234,49.3361]]]}},{"type":"Feature","properties":{"code":"60132","nom":"Catigny","app":9.42,"app_bas":7.7,"app_haut":11.53,"app_ech":"maille","app_obs":0,"mai":8.63,"mai_bas":7.22,"mai_haut":10.31,"mai_ech":"maille","mai_obs":8},"geometry":{"type":"Polygon","coordinates":[[[2.9136,49.633],[2.931,49.647],[2.9443,49.6472],[2.9541,49.641],[2.9698,49.6364],[2.9648,49.625],[2.9479,49.6292],[2.9306,49.6223],[2.9136,49.633]]]}},{"type":"Feature","properties":{"code":"60167","nom":"Couloisy","app":12.28,"app_bas":9.86,"app_haut":15.29,"app_ech":"maille","app_obs":1,"mai":9.35,"mai_bas":7.65,"mai_haut":11.43,"mai_ech":"maille","mai_obs":20},"geometry":{"type":"Polygon","coordinates":[[[3.0352,49.3931],[3.0295,49.3886],[3.0128,49.3981],[3.0123,49.4071],[3.0219,49.4085],[3.0343,49.4089],[3.0452,49.404],[3.0447,49.3994],[3.0352,49.3931]]]}},{"type":"Feature","properties":{"code":"60421","nom":"Mont-l'Évêque","app":15.88,"app_bas":13.43,"app_haut":18.78,"app_ech":"maille","app_obs":38,"mai":12.85,"mai_bas":9.77,"mai_haut":16.9,"mai_ech":"maille","mai_obs":26},"geometry":{"type":"Polygon","coordinates":[[[2.6659,49.2042],[2.6656,49.1992],[2.6442,49.1767],[2.632,49.1708],[2.6193,49.1713],[2.6145,49.1666],[2.6004,49.1643],[2.5993,49.1661],[2.6024,49.1763],[2.6059,49.1813],[2.6178,49.1891],[2.6152,49.1996],[2.6339,49.2119],[2.6495,49.2137],[2.6659,49.2042]]]}},{"type":"Feature","properties":{"code":"60438","nom":"Moulin-sous-Touvent","app":12.28,"app_bas":9.86,"app_haut":15.29,"app_ech":"maille","app_obs":0,"mai":9.35,"mai_bas":7.65,"mai_haut":11.43,"mai_ech":"maille","mai_obs":13},"geometry":{"type":"Polygon","coordinates":[[[3.0709,49.4389],[3.0643,49.4382],[3.0581,49.4461],[3.0488,49.4512],[3.0522,49.4639],[3.0398,49.473],[3.0353,49.4829],[3.0352,49.4959],[3.0564,49.4977],[3.0666,49.4894],[3.0789,49.4726],[3.0934,49.4685],[3.1008,49.4597],[3.1003,49.4393],[3.0882,49.4404],[3.0709,49.4389]]]}},{"type":"Feature","properties":{"code":"60532","nom":"Ressons-l'Abbaye","app":null,"app_bas":null,"app_haut":null,"app_ech":null,"app_obs":0,"mai":null,"mai_bas":null,"mai_haut":null,"mai_ech":null,"mai_obs":0},"geometry":{"type":"Polygon","coordinates":[[[2.0823,49.3136],[2.0996,49.3039],[2.0963,49.2934],[2.0972,49.2767],[2.0765,49.2834],[2.0715,49.2895],[2.072,49.2963],[2.0823,49.3136]]]}},{"type":"Feature","properties":{"code":"60649","nom":"Troussures","app":null,"app_bas":null,"app_haut":null,"app_ech":null,"app_obs":0,"mai":null,"mai_bas":null,"mai_haut":null,"mai_ech":null,"mai_obs":0},"geometry":{"type":"Polygon","coordinates":[[[1.9358,49.3674],[1.9361,49.3739],[1.9439,49.3835],[1.9416,49.3871],[1.9466,49.3927],[1.9583,49.3873],[1.968,49.3891],[1.9686,49.3971],[1.9755,49.3995],[1.9817,49.3945],[1.9771,49.3863],[1.9693,49.3798],[1.9465,49.3691],[1.9358,49.3674]]]}},{"type":"Feature","properties":{"code":"60056","nom":"Beaurepaire","app":13.28,"app_bas":11.06,"app_haut":15.96,"app_ech":"maille","app_obs":1,"mai":12.66,"mai_bas":10.08,"mai_haut":15.89,"mai_ech":"maille","mai_obs":5},"geometry":{"type":"Polygon","coordinates":[[[2.5737,49.2772],[2.5508,49.2931],[2.5482,49.3007],[2.5676,49.3038],[2.5803,49.3035],[2.5848,49.2886],[2.5853,49.2788],[2.5737,49.2772]]]}},{"type":"Feature","properties":{"code":"60076","nom":"Blargies","app":9.86,"app_bas":8.17,"app_haut":11.92,"app_ech":"maille","app_obs":1,"mai":7.81,"mai_bas":6.43,"mai_haut":9.48,"mai_ech":"maille","mai_obs":27},"geometry":{"type":"Polygon","coordinates":[[[1.795,49.6671],[1.7755,49.6616],[1.7744,49.6561],[1.7598,49.6569],[1.7518,49.6594],[1.753,49.6654],[1.7435,49.6694],[1.733,49.667],[1.7228,49.6617],[1.7252,49.6726],[1.7522,49.681],[1.7691,49.684],[1.7932,49.6803],[1.795,49.6671]]]}},{"type":"Feature","properties":{"code":"60102","nom":"Brenouille","app":13.28,"app_bas":11.06,"app_haut":15.96,"app_ech":"maille","app_obs":13,"mai":12.66,"mai_bas":10.08,"mai_haut":15.89,"mai_ech":"maille","mai_obs":26},"geometry":{"type":"Polygon","coordinates":[[[2.5261,49.2992],[2.5237,49.3069],[2.5428,49.3123],[2.5455,49.3149],[2.57,49.3129],[2.5778,49.3067],[2.5768,49.3036],[2.5676,49.3038],[2.5482,49.3007],[2.5415,49.3021],[2.5261,49.2992]]]}},{"type":"Feature","properties":{"code":"60125","nom":"Canly","app":12.83,"app_bas":10.88,"app_haut":15.13,"app_ech":"maille","app_obs":44,"mai":11.07,"mai_bas":9.11,"mai_haut":13.47,"mai_ech":"maille","mai_obs":27},"geometry":{"type":"Polygon","coordinates":[[[2.6723,49.3918],[2.6827,49.3972],[2.6966,49.398],[2.7043,49.4038],[2.7162,49.4052],[2.7217,49.3963],[2.7229,49.3796],[2.7078,49.3766],[2.6824,49.3811],[2.6737,49.3792],[2.6677,49.3863],[2.6723,49.3918]]]}},{"type":"Feature","properties":{"code":"60322","nom":"Jaméricourt","app":12.26,"app_bas":10.12,"app_haut":14.85,"app_ech":"maille","app_obs":0,"mai":10.03,"mai_bas":8.09,"mai_haut":12.44,"mai_ech":"maille","mai_obs":8},"geometry":{"type":"Polygon","coordinates":[[[1.8619,49.3039],[1.8762,49.3144],[1.8898,49.3105],[1.8894,49.3031],[1.8829,49.2978],[1.8621,49.2895],[1.8561,49.292],[1.8619,49.3039]]]}},{"type":"Feature","properties":{"code":"60379","nom":"Mareuil-la-Motte","app":11.23,"app_bas":9.43,"app_haut":13.38,"app_ech":"maille","app_obs":0,"mai":10.16,"mai_bas":8.26,"mai_haut":12.5,"mai_ech":"maille","mai_obs":27},"geometry":{"type":"Polygon","coordinates":[[[2.8221,49.5537],[2.8289,49.5531],[2.8399,49.5465],[2.8337,49.545],[2.8151,49.5454],[2.8065,49.5414],[2.8049,49.5367],[2.7989,49.5351],[2.7813,49.538],[2.7673,49.5489],[2.7842,49.564],[2.8028,49.5583],[2.8166,49.5587],[2.8221,49.5537]]]}},{"type":"Feature","properties":{"code":"60420","nom":"Montjavoult","app":14.3,"app_bas":12.06,"app_haut":16.95,"app_ech":"maille","app_obs":9,"mai":10.03,"mai_bas":8.09,"mai_haut":12.44,"mai_ech":"maille","mai_obs":6},"geometry":{"type":"Polygon","coordinates":[[[1.7702,49.2425],[1.7859,49.2452],[1.7909,49.2438],[1.7952,49.2363],[1.812,49.2294],[1.8317,49.2168],[1.8242,49.2076],[1.8243,49.202],[1.8146,49.1994],[1.8033,49.2069],[1.7947,49.205],[1.7864,49.199],[1.7833,49.1871],[1.7764,49.1851],[1.7691,49.1872],[1.7668,49.1946],[1.7725,49.2067],[1.7657,49.2166],[1.7664,49.2215],[1.7778,49.2253],[1.7776,49.2302],[1.7698,49.2356],[1.7702,49.2425]]]}},{"type":"Feature","properties":{"code":"60464","nom":"Nointel","app":13.24,"app_bas":11.01,"app_haut":15.94,"app_ech":"maille","app_obs":21,"mai":11.07,"mai_bas":9.11,"mai_haut":13.47,"mai_ech":"maille","mai_obs":14},"geometry":{"type":"Polygon","coordinates":[[[2.4692,49.3622],[2.4717,49.3678],[2.4687,49.3803],[2.4802,49.3926],[2.4756,49.3954],[2.4769,49.4002],[2.4932,49.4009],[2.5011,49.4042],[2.5136,49.4011],[2.5059,49.3912],[2.4973,49.3752],[2.4854,49.3594],[2.4761,49.3591],[2.4692,49.3622]]]}},{"type":"Feature","properties":{"code":"60643","nom":"Tricot","app":10.84,"app_bas":8.91,"app_haut":13.17,"app_ech":"maille","app_obs":54,"mai":8.31,"mai_bas":6.88,"mai_haut":10.03,"mai_ech":"commune","mai_obs":114},"geometry":{"type":"Polygon","coordinates":[[[2.6107,49.5779],[2.6046,49.5733],[2.6097,49.5673],[2.6114,49.5574],[2.6077,49.5457],[2.6034,49.5431],[2.6029,49.5448],[2.5708,49.5486],[2.568,49.5564],[2.5527,49.571],[2.5612,49.5776],[2.5707,49.5813],[2.5838,49.5787],[2.5889,49.5723],[2.5954,49.5744],[2.6001,49.5819],[2.6107,49.5779]]]}},{"type":"Feature","properties":{"code":"60074","nom":"Blaincourt-lès-Précy","app":15,"app_bas":12.38,"app_haut":18.17,"app_ech":"maille","app_obs":17,"mai":11.24,"mai_bas":8.89,"mai_haut":14.22,"mai_ech":"maille","mai_obs":19},"geometry":{"type":"Polygon","coordinates":[[[2.3165,49.2367],[2.3357,49.2414],[2.3526,49.2411],[2.359,49.2398],[2.3645,49.2334],[2.3599,49.2305],[2.3746,49.2188],[2.3463,49.2151],[2.3341,49.2109],[2.3332,49.2183],[2.3165,49.2367]]]}},{"type":"Feature","properties":{"code":"60265","nom":"Froissy","app":9.54,"app_bas":7.81,"app_haut":11.67,"app_ech":"maille","app_obs":38,"mai":9.95,"mai_bas":8.14,"mai_haut":12.16,"mai_ech":"maille","mai_obs":48},"geometry":{"type":"Polygon","coordinates":[[[2.1991,49.5614],[2.1881,49.5709],[2.1995,49.5736],[2.2071,49.579],[2.2196,49.5745],[2.2338,49.5777],[2.2348,49.5615],[2.2323,49.5541],[2.2196,49.5505],[2.1991,49.5614]]]}},{"type":"Feature","properties":{"code":"60319","nom":"Houssoye","app":11.44,"app_bas":9.09,"app_haut":14.4,"app_ech":"maille","app_obs":1,"mai":11.81,"mai_bas":8.99,"mai_haut":15.52,"mai_ech":"maille","mai_obs":9},"geometry":{"type":"Polygon","coordinates":[[[1.9258,49.362],[1.9358,49.3674],[1.9465,49.3691],[1.9658,49.3561],[1.9707,49.3476],[1.9673,49.3442],[1.9552,49.3472],[1.9459,49.3393],[1.9396,49.3408],[1.9258,49.362]]]}},{"type":"Feature","properties":{"code":"60382","nom":"Margny-lès-Compiègne","app":13.88,"app_bas":11.8,"app_haut":16.33,"app_ech":"commune","app_obs":1539,"mai":12.07,"mai_bas":9.7,"mai_haut":15,"mai_ech":"commune","mai_obs":268},"geometry":{"type":"Polygon","coordinates":[[[2.779,49.4434],[2.805,49.4425],[2.8162,49.4356],[2.8226,49.4386],[2.8359,49.428],[2.8298,49.4233],[2.8204,49.4234],[2.8144,49.4155],[2.8063,49.4236],[2.794,49.43],[2.7734,49.4378],[2.7743,49.4395],[2.779,49.4434]]]}},{"type":"Feature","properties":{"code":"60493","nom":"Pisseleu","app":9.54,"app_bas":7.81,"app_haut":11.67,"app_ech":"maille","app_obs":1,"mai":9.04,"mai_bas":7.33,"mai_haut":11.16,"mai_ech":"maille","mai_obs":14},"geometry":{"type":"Polygon","coordinates":[[[2.0561,49.5279],[2.0412,49.5349],[2.0459,49.5452],[2.0677,49.5437],[2.0748,49.5377],[2.0709,49.5366],[2.0561,49.5279]]]}},{"type":"Feature","properties":{"code":"60517","nom":"Puiseux-le-Hauberger","app":15.46,"app_bas":12.96,"app_haut":18.43,"app_ech":"maille","app_obs":36,"mai":12.62,"mai_bas":10.13,"mai_haut":15.73,"mai_ech":"maille","mai_obs":32},"geometry":{"type":"Polygon","coordinates":[[[2.2497,49.2213],[2.2491,49.2143],[2.242,49.2071],[2.2306,49.2052],[2.2146,49.2139],[2.2142,49.2203],[2.2197,49.225],[2.2214,49.2332],[2.2341,49.2346],[2.2361,49.2285],[2.2497,49.2213]]]}},{"type":"Feature","properties":{"code":"60518","nom":"Puits-la-Vallée","app":9.54,"app_bas":7.81,"app_haut":11.67,"app_ech":"maille","app_obs":0,"mai":9.95,"mai_bas":8.14,"mai_haut":12.16,"mai_ech":"maille","mai_obs":11},"geometry":{"type":"Polygon","coordinates":[[[2.1771,49.5754],[2.1763,49.591],[2.1977,49.5993],[2.1985,49.5888],[2.2071,49.579],[2.1995,49.5736],[2.1881,49.5709],[2.1771,49.5754]]]}},{"type":"Feature","properties":{"code":"60567","nom":"Saint-Aubin-en-Bray","app":11.44,"app_bas":9.09,"app_haut":14.4,"app_ech":"maille","app_obs":16,"mai":11.52,"mai_bas":9.53,"mai_haut":13.93,"mai_ech":"maille","mai_obs":40},"geometry":{"type":"Polygon","coordinates":[[[1.8896,49.4049],[1.8728,49.409],[1.8758,49.4221],[1.8834,49.4366],[1.8807,49.4395],[1.8895,49.4445],[1.8948,49.4414],[1.913,49.4411],[1.9035,49.4332],[1.9006,49.4187],[1.8896,49.4049]]]}},{"type":"Feature","properties":{"code":"60661","nom":"Vaumoise","app":11.53,"app_bas":9.53,"app_haut":13.96,"app_ech":"maille","app_obs":93,"mai":9.75,"mai_bas":7.89,"mai_haut":12.06,"mai_ech":"maille","mai_obs":42},"geometry":{"type":"Polygon","coordinates":[[[2.9643,49.2319],[2.9606,49.2317],[2.9844,49.2533],[2.9885,49.2482],[3.0019,49.2385],[3.0016,49.2357],[2.9643,49.2319]]]}},{"type":"Feature","properties":{"code":"60689","nom":"Villers-sur-Coudun","app":11.77,"app_bas":10,"app_haut":13.84,"app_ech":"maille","app_obs":28,"mai":10.16,"mai_bas":8.26,"mai_haut":12.5,"mai_ech":"maille","mai_obs":35},"geometry":{"type":"Polygon","coordinates":[[[2.8065,49.4725],[2.7924,49.4742],[2.7835,49.4791],[2.7832,49.4871],[2.7944,49.4953],[2.8095,49.5019],[2.8201,49.4922],[2.8261,49.4913],[2.8275,49.4811],[2.8154,49.4789],[2.8065,49.4725]]]}},{"type":"Feature","properties":{"code":"60057","nom":"Beauvais","app":12.85,"app_bas":10.6,"app_haut":15.58,"app_ech":"commune","app_obs":8290,"mai":12.17,"mai_bas":9.25,"mai_haut":16,"mai_ech":"commune","mai_obs":1298},"geometry":{"type":"Polygon","coordinates":[[[2.064,49.411],[2.0661,49.418],[2.0567,49.4214],[2.0554,49.4287],[2.0369,49.4419],[2.0436,49.4484],[2.0382,49.4525],[2.0603,49.4594],[2.0601,49.4628],[2.0664,49.462],[2.0779,49.4693],[2.0856,49.4842],[2.089,49.4831],[2.0912,49.469],[2.0961,49.4609],[2.0971,49.4526],[2.1112,49.4438],[2.1253,49.4497],[2.1416,49.4448],[2.1362,49.4383],[2.1284,49.437],[2.1232,49.4124],[2.1157,49.407],[2.1029,49.4038],[2.0876,49.4048],[2.079,49.4086],[2.0723,49.4067],[2.064,49.411]]]}},{"type":"Feature","properties":{"code":"60329","nom":"Laberlière","app":10.94,"app_bas":9.43,"app_haut":12.7,"app_ech":"maille","app_obs":5,"mai":10.16,"mai_bas":8.26,"mai_haut":12.5,"mai_ech":"maille","mai_obs":12},"geometry":{"type":"Polygon","coordinates":[[[2.7488,49.5846],[2.7554,49.5849],[2.7758,49.5809],[2.7759,49.5672],[2.7554,49.5647],[2.7539,49.5681],[2.7561,49.5748],[2.7488,49.5846]]]}},{"type":"Feature","properties":{"code":"60344","nom":"Lalandelle","app":12.26,"app_bas":10.12,"app_haut":14.85,"app_ech":"maille","app_obs":3,"mai":9,"mai_bas":7.22,"mai_haut":11.22,"mai_ech":"maille","mai_obs":22},"geometry":{"type":"Polygon","coordinates":[[[1.8896,49.4049],[1.9,49.3979],[1.8859,49.3822],[1.8854,49.3699],[1.8638,49.3661],[1.859,49.37],[1.8377,49.379],[1.8549,49.3843],[1.8634,49.3915],[1.8577,49.399],[1.8671,49.4087],[1.8728,49.409],[1.8896,49.4049]]]}},{"type":"Feature","properties":{"code":"60392","nom":"Mélicocq","app":11.23,"app_bas":9.43,"app_haut":13.38,"app_ech":"maille","app_obs":15,"mai":10.16,"mai_bas":8.3,"mai_haut":12.45,"mai_ech":"maille","mai_obs":49},"geometry":{"type":"Polygon","coordinates":[[[2.8261,49.4913],[2.8327,49.499],[2.8407,49.5017],[2.8549,49.4971],[2.863,49.4996],[2.8796,49.4902],[2.8614,49.4793],[2.8442,49.4794],[2.8275,49.4811],[2.8261,49.4913]]]}},{"type":"Feature","properties":{"code":"60395","nom":"Méru","app":14.47,"app_bas":11.97,"app_haut":17.49,"app_ech":"commune","app_obs":1231,"mai":12.71,"mai_bas":10.1,"mai_haut":16,"mai_ech":"commune","mai_obs":217},"geometry":{"type":"Polygon","coordinates":[[[2.1267,49.2784],[2.1397,49.2761],[2.1523,49.28],[2.1589,49.2734],[2.1613,49.2678],[2.1589,49.2599],[2.151,49.2591],[2.153,49.2526],[2.1629,49.2499],[2.1699,49.244],[2.1565,49.2272],[2.1483,49.2125],[2.1264,49.2145],[2.1205,49.2186],[2.1139,49.2316],[2.1054,49.2308],[2.0877,49.2337],[2.0925,49.2395],[2.0927,49.2416],[2.1119,49.24],[2.1172,49.2567],[2.1158,49.2668],[2.1267,49.2784]]]}},{"type":"Feature","properties":{"code":"60431","nom":"Morlincourt","app":12.28,"app_bas":9.86,"app_haut":15.29,"app_ech":"maille","app_obs":10,"mai":9.07,"mai_bas":7.49,"mai_haut":10.99,"mai_ech":"maille","mai_obs":8},"geometry":{"type":"Polygon","coordinates":[[[3.033,49.579],[3.0487,49.5787],[3.0506,49.5728],[3.0625,49.5675],[3.0525,49.5673],[3.0489,49.5586],[3.0442,49.5553],[3.0265,49.5658],[3.0335,49.5714],[3.033,49.579]]]}},{"type":"Feature","properties":{"code":"60450","nom":"Neuilly-en-Thelle","app":15.06,"app_bas":12.96,"app_haut":17.5,"app_ech":"commune","app_obs":334,"mai":12.62,"mai_bas":10.13,"mai_haut":15.73,"mai_ech":"maille","mai_obs":73},"geometry":{"type":"Polygon","coordinates":[[[2.2497,49.2213],[2.2546,49.2223],[2.2662,49.2348],[2.2653,49.2507],[2.2735,49.2561],[2.286,49.2544],[2.3009,49.2569],[2.3049,49.2537],[2.2993,49.2405],[2.2951,49.237],[2.297,49.2266],[2.3015,49.2216],[2.3022,49.2076],[2.286,49.2026],[2.2791,49.2024],[2.2705,49.2091],[2.2572,49.2085],[2.2491,49.2143],[2.2497,49.2213]]]}},{"type":"Feature","properties":{"code":"60197","nom":"Dieudonné","app":15.46,"app_bas":12.96,"app_haut":18.43,"app_ech":"maille","app_obs":5,"mai":12.62,"mai_bas":10.13,"mai_haut":15.73,"mai_ech":"maille","mai_obs":14},"geometry":{"type":"Polygon","coordinates":[[[2.2653,49.2507],[2.2662,49.2348],[2.2546,49.2223],[2.2497,49.2213],[2.2361,49.2285],[2.2341,49.2346],[2.2214,49.2332],[2.215,49.2397],[2.2067,49.2537],[2.2206,49.2553],[2.2299,49.2514],[2.2363,49.2546],[2.2499,49.254],[2.2653,49.2507]]]}},{"type":"Feature","properties":{"code":"60213","nom":"Ermenonville","app":16.04,"app_bas":13.76,"app_haut":18.69,"app_ech":"commune","app_obs":113,"mai":13.93,"mai_bas":11.14,"mai_haut":17.42,"mai_ech":"maille","mai_obs":50},"geometry":{"type":"Polygon","coordinates":[[[2.7378,49.1009],[2.7264,49.1066],[2.711,49.1094],[2.6922,49.115],[2.6871,49.1188],[2.6644,49.1215],[2.6601,49.1179],[2.6557,49.1276],[2.6501,49.1304],[2.6522,49.1399],[2.6631,49.1454],[2.6772,49.1478],[2.6828,49.1421],[2.6942,49.1407],[2.7054,49.1294],[2.726,49.1278],[2.7261,49.1344],[2.7413,49.1218],[2.7501,49.1165],[2.7395,49.1109],[2.7378,49.1009]]]}},{"type":"Feature","properties":{"code":"60164","nom":"Coudray-Saint-Germer","app":11.44,"app_bas":9.09,"app_haut":14.4,"app_ech":"maille","app_obs":15,"mai":9,"mai_bas":7.22,"mai_haut":11.22,"mai_ech":"maille","mai_obs":22},"geometry":{"type":"Polygon","coordinates":[[[1.8115,49.4214],[1.8671,49.4087],[1.8577,49.399],[1.8634,49.3915],[1.8549,49.3843],[1.8377,49.379],[1.8351,49.3766],[1.8332,49.3875],[1.8148,49.3916],[1.8011,49.3864],[1.8073,49.3958],[1.8018,49.4105],[1.8116,49.415],[1.8115,49.4214]]]}},{"type":"Feature","properties":{"code":"60323","nom":"Janville","app":11.23,"app_bas":9.43,"app_haut":13.38,"app_ech":"maille","app_obs":85,"mai":10.76,"mai_bas":8.66,"mai_haut":13.38,"mai_ech":"maille","mai_obs":34},"geometry":{"type":"Polygon","coordinates":[[[2.8509,49.4536],[2.8565,49.4576],[2.8654,49.4552],[2.8662,49.4483],[2.8509,49.4536]]]}},{"type":"Feature","properties":{"code":"60501","nom":"Plessis-Brion","app":11.23,"app_bas":9.43,"app_haut":13.38,"app_ech":"maille","app_obs":34,"mai":10.16,"mai_bas":8.3,"mai_haut":12.45,"mai_ech":"maille","mai_obs":45},"geometry":{"type":"Polygon","coordinates":[[[2.8744,49.4613],[2.8747,49.468],[2.8834,49.4736],[2.8904,49.4711],[2.9088,49.4674],[2.9195,49.471],[2.9361,49.47],[2.9416,49.4588],[2.909,49.4497],[2.9023,49.4564],[2.8839,49.4575],[2.8744,49.4613]]]}},{"type":"Feature","properties":{"code":"60576","nom":"Saint-Germain-la-Poterie","app":11.73,"app_bas":9.67,"app_haut":14.22,"app_ech":"maille","app_obs":1,"mai":11.52,"mai_bas":9.53,"mai_haut":13.93,"mai_ech":"maille","mai_obs":6},"geometry":{"type":"Polygon","coordinates":[[[1.9497,49.4338],[1.9552,49.4476],[1.9839,49.4539],[1.998,49.4467],[2,49.4417],[1.9814,49.4367],[1.9741,49.4369],[1.962,49.4268],[1.9545,49.4269],[1.9497,49.4338]]]}},{"type":"Feature","properties":{"code":"60243","nom":"Fontaine-Saint-Lucien","app":13.68,"app_bas":11.02,"app_haut":17,"app_ech":"maille","app_obs":1,"mai":9.95,"mai_bas":8.14,"mai_haut":12.16,"mai_ech":"maille","mai_obs":3},"geometry":{"type":"Polygon","coordinates":[[[2.1467,49.521],[2.1511,49.5135],[2.1703,49.5066],[2.1624,49.4999],[2.1564,49.4856],[2.1496,49.4867],[2.139,49.4916],[2.13,49.5012],[2.1317,49.5087],[2.1289,49.5175],[2.1326,49.5238],[2.1467,49.521]]]}},{"type":"Feature","properties":{"code":"60104","nom":"Breteuil","app":13.51,"app_bas":11.16,"app_haut":16.35,"app_ech":"commune","app_obs":401,"mai":9.16,"mai_bas":7.56,"mai_haut":11.1,"mai_ech":"commune","mai_obs":303},"geometry":{"type":"Polygon","coordinates":[[[2.334,49.6438],[2.34,49.6287],[2.3307,49.6259],[2.3099,49.6283],[2.2978,49.6255],[2.2692,49.6127],[2.254,49.6156],[2.2436,49.6325],[2.2694,49.6372],[2.2738,49.6467],[2.2949,49.6532],[2.2968,49.6575],[2.3039,49.6561],[2.3072,49.6493],[2.3177,49.6461],[2.3276,49.6475],[2.334,49.6438]]]}},{"type":"Feature","properties":{"code":"60131","nom":"Catheux","app":10.53,"app_bas":8.71,"app_haut":12.73,"app_ech":"maille","app_obs":0,"mai":10.06,"mai_bas":8.06,"mai_haut":12.55,"mai_ech":"maille","mai_obs":0},"geometry":{"type":"Polygon","coordinates":[[[2.1218,49.6338],[2.1173,49.6385],[2.0979,49.6297],[2.0935,49.6386],[2.0764,49.6341],[2.0662,49.6381],[2.0848,49.6452],[2.0877,49.6515],[2.0963,49.6564],[2.0886,49.6607],[2.0783,49.6613],[2.0823,49.6711],[2.0895,49.6715],[2.0939,49.6649],[2.111,49.6655],[2.1295,49.6615],[2.1376,49.6538],[2.1337,49.6457],[2.1285,49.6443],[2.1259,49.635],[2.1218,49.6338]]]}},{"type":"Feature","properties":{"code":"60137","nom":"Cernoy","app":11.87,"app_bas":9.57,"app_haut":14.73,"app_ech":"maille","app_obs":1,"mai":12.46,"mai_bas":9.98,"mai_haut":15.55,"mai_ech":"maille","mai_obs":7},"geometry":{"type":"Polygon","coordinates":[[[2.5414,49.4528],[2.5542,49.4442],[2.5625,49.433],[2.5512,49.43],[2.548,49.4338],[2.5275,49.4354],[2.5285,49.4401],[2.5224,49.4497],[2.5332,49.4584],[2.5414,49.4528]]]}},{"type":"Feature","properties":{"code":"60160","nom":"Conchy-les-Pots","app":10.94,"app_bas":9.43,"app_haut":12.7,"app_ech":"maille","app_obs":11,"mai":10.16,"mai_bas":8.26,"mai_haut":12.5,"mai_ech":"maille","mai_obs":24},"geometry":{"type":"Polygon","coordinates":[[[2.7268,49.5881],[2.7163,49.5897],[2.7187,49.5939],[2.7208,49.6101],[2.7204,49.6211],[2.7252,49.6247],[2.7357,49.6257],[2.7576,49.621],[2.7597,49.6177],[2.7494,49.5968],[2.7394,49.5876],[2.7268,49.5881]]]}},{"type":"Feature","properties":{"code":"60269","nom":"Gaudechart","app":11.44,"app_bas":9.34,"app_haut":14,"app_ech":"maille","app_obs":12,"mai":7.76,"mai_bas":6.27,"mai_haut":9.59,"mai_ech":"maille","mai_obs":11},"geometry":{"type":"Polygon","coordinates":[[[1.9405,49.625],[1.9505,49.6282],[1.9617,49.6352],[1.9696,49.6227],[1.9782,49.6193],[1.9809,49.612],[1.9771,49.6102],[1.9687,49.6022],[1.947,49.6098],[1.9461,49.6208],[1.9405,49.625]]]}},{"type":"Feature","properties":{"code":"60280","nom":"Gourchelles","app":8.9,"app_bas":7.16,"app_haut":11.07,"app_ech":"maille","app_obs":0,"mai":7.81,"mai_bas":6.43,"mai_haut":9.48,"mai_ech":"maille","mai_obs":0},"geometry":{"type":"Polygon","coordinates":[[[1.7686,49.7314],[1.7806,49.7341],[1.7961,49.7268],[1.7802,49.7206],[1.7709,49.7142],[1.7686,49.7314]]]}},{"type":"Feature","properties":{"code":"60353","nom":"Lavacquerie","app":13.44,"app_bas":11.11,"app_haut":16.26,"app_ech":"maille","app_obs":0,"mai":10.06,"mai_bas":8.06,"mai_haut":12.55,"mai_ech":"maille","mai_obs":6},"geometry":{"type":"Polygon","coordinates":[[[2.111,49.6655],[2.0939,49.6649],[2.0895,49.6715],[2.0823,49.6711],[2.0754,49.6783],[2.0734,49.6818],[2.0877,49.6901],[2.0951,49.6929],[2.1138,49.6936],[2.124,49.688],[2.1256,49.6836],[2.1245,49.6768],[2.1083,49.6684],[2.111,49.6655]]]}},{"type":"Feature","properties":{"code":"60414","nom":"Montataire","app":13.79,"app_bas":11.09,"app_haut":17.14,"app_ech":"commune","app_obs":783,"mai":11.59,"mai_bas":9.18,"mai_haut":14.62,"mai_ech":"commune","mai_obs":135},"geometry":{"type":"Polygon","coordinates":[[[2.4534,49.2451],[2.4418,49.245],[2.4334,49.2513],[2.4165,49.2525],[2.4081,49.2592],[2.401,49.2704],[2.4044,49.2754],[2.4354,49.2812],[2.4375,49.276],[2.4459,49.2699],[2.4604,49.2641],[2.4534,49.2451]]]}},{"type":"Feature","properties":{"code":"60425","nom":"Montreuil-sur-Brêche","app":11.18,"app_bas":9.47,"app_haut":13.21,"app_ech":"maille","app_obs":11,"mai":9.95,"mai_bas":8.14,"mai_haut":12.16,"mai_ech":"maille","mai_obs":14},"geometry":{"type":"Polygon","coordinates":[[[2.2948,49.5074],[2.2853,49.4996],[2.2662,49.4961],[2.2495,49.4991],[2.2495,49.5062],[2.2437,49.5084],[2.2517,49.5187],[2.259,49.5232],[2.2797,49.5303],[2.2929,49.5265],[2.2856,49.5189],[2.2956,49.518],[2.3052,49.5261],[2.3008,49.5139],[2.2948,49.5074]]]}},{"type":"Feature","properties":{"code":"60476","nom":"Omécourt","app":9.54,"app_bas":7.81,"app_haut":11.67,"app_ech":"maille","app_obs":20,"mai":8.54,"mai_bas":6.98,"mai_haut":10.44,"mai_ech":"maille","mai_obs":5},"geometry":{"type":"Polygon","coordinates":[[[1.8099,49.6079],[1.8065,49.6113],[1.8072,49.6263],[1.8224,49.6257],[1.8324,49.6341],[1.8453,49.6277],[1.8548,49.6206],[1.8656,49.6245],[1.8593,49.6209],[1.853,49.6027],[1.8453,49.5985],[1.8381,49.6049],[1.8275,49.6102],[1.8099,49.6079]]]}},{"type":"Feature","properties":{"code":"60500","nom":"Plessis-Belleville","app":16.36,"app_bas":14.04,"app_haut":19.08,"app_ech":"commune","app_obs":640,"mai":11.7,"mai_bas":9.34,"mai_haut":14.64,"mai_ech":"maille","mai_obs":99},"geometry":{"type":"Polygon","coordinates":[[[2.7501,49.1165],[2.7591,49.1142],[2.7646,49.1081],[2.7666,49.1006],[2.784,49.0886],[2.7889,49.0829],[2.7683,49.0833],[2.7415,49.0966],[2.7368,49.1002],[2.7378,49.1009],[2.7395,49.1109],[2.7501,49.1165]]]}},{"type":"Feature","properties":{"code":"60536","nom":"Rhuis","app":13.32,"app_bas":11.18,"app_haut":15.88,"app_ech":"maille","app_obs":1,"mai":12.85,"mai_bas":9.77,"mai_haut":16.9,"mai_ech":"maille","mai_obs":8},"geometry":{"type":"Polygon","coordinates":[[[2.7002,49.2922],[2.6857,49.3065],[2.6884,49.314],[2.7043,49.3144],[2.7077,49.2921],[2.7002,49.2922]]]}},{"type":"Feature","properties":{"code":"60558","nom":"Roye-sur-Matz","app":10.94,"app_bas":9.43,"app_haut":12.7,"app_ech":"maille","app_obs":8,"mai":10.16,"mai_bas":8.26,"mai_haut":12.5,"mai_ech":"maille","mai_obs":12},"geometry":{"type":"Polygon","coordinates":[[[2.7964,49.5856],[2.7933,49.5839],[2.7833,49.568],[2.7759,49.5672],[2.7758,49.5809],[2.7554,49.5849],[2.7488,49.5846],[2.7394,49.5876],[2.7494,49.5968],[2.7597,49.6177],[2.776,49.6149],[2.7964,49.5856]]]}},{"type":"Feature","properties":{"code":"60603","nom":"Salency","app":10.51,"app_bas":8.5,"app_haut":12.98,"app_ech":"maille","app_obs":4,"mai":8.63,"mai_bas":7.22,"mai_haut":10.31,"mai_ech":"maille","mai_obs":38},"geometry":{"type":"Polygon","coordinates":[[[3.033,49.579],[3.0249,49.588],[3.0306,49.6023],[3.0286,49.6053],[3.0439,49.6062],[3.0499,49.6052],[3.0629,49.5842],[3.0712,49.5753],[3.0708,49.5721],[3.0625,49.5675],[3.0506,49.5728],[3.0487,49.5787],[3.033,49.579]]]}},{"type":"Feature","properties":{"code":"60637","nom":"Thury-en-Valois","app":11.86,"app_bas":9.79,"app_haut":14.38,"app_ech":"maille","app_obs":6,"mai":9.75,"mai_bas":7.89,"mai_haut":12.06,"mai_ech":"maille","mai_obs":10},"geometry":{"type":"Polygon","coordinates":[[[3.0082,49.1594],[3.0136,49.1697],[3.0227,49.1708],[3.039,49.1687],[3.0479,49.1628],[3.0483,49.1516],[3.056,49.1427],[3.0557,49.1355],[3.0483,49.1312],[3.0277,49.1395],[2.9971,49.1425],[3.0082,49.1594]]]}},{"type":"Feature","properties":{"code":"60680","nom":"Villeneuve-sur-Verberie","app":13.52,"app_bas":11.51,"app_haut":15.9,"app_ech":"maille","app_obs":10,"mai":12.85,"mai_bas":9.77,"mai_haut":16.9,"mai_ech":"maille","mai_obs":21},"geometry":{"type":"Polygon","coordinates":[[[2.7002,49.2922],[2.7077,49.2921],[2.7171,49.2905],[2.7057,49.279],[2.7091,49.273],[2.7018,49.2674],[2.6934,49.2691],[2.6782,49.2669],[2.6659,49.2601],[2.6502,49.2697],[2.6393,49.2738],[2.6355,49.2783],[2.6667,49.2783],[2.6684,49.2826],[2.6811,49.2823],[2.6984,49.2789],[2.7002,49.2922]]]}},{"type":"Feature","properties":{"code":"60267","nom":"Gallet","app":10.53,"app_bas":8.71,"app_haut":12.73,"app_ech":"maille","app_obs":0,"mai":10.06,"mai_bas":8.06,"mai_haut":12.55,"mai_ech":"maille","mai_obs":2},"geometry":{"type":"Polygon","coordinates":[[[2.1218,49.6338],[2.1195,49.6293],[2.1288,49.6211],[2.1139,49.6112],[2.1069,49.622],[2.0955,49.6232],[2.0979,49.6297],[2.1173,49.6385],[2.1218,49.6338]]]}},{"type":"Feature","properties":{"code":"60377","nom":"Maisoncelle-Tuilerie","app":13.44,"app_bas":11.11,"app_haut":16.26,"app_ech":"maille","app_obs":0,"mai":9.95,"mai_bas":8.14,"mai_haut":12.16,"mai_ech":"maille","mai_obs":13},"geometry":{"type":"Polygon","coordinates":[[[2.2071,49.579],[2.1985,49.5888],[2.1977,49.5993],[2.2001,49.6036],[2.2279,49.6027],[2.2348,49.5926],[2.2434,49.5908],[2.2475,49.587],[2.2318,49.5818],[2.2338,49.5777],[2.2196,49.5745],[2.2071,49.579]]]}},{"type":"Feature","properties":{"code":"60387","nom":"Marseille-en-Beauvaisis","app":8.93,"app_bas":7.27,"app_haut":10.97,"app_ech":"commune","app_obs":114,"mai":7.76,"mai_bas":6.27,"mai_haut":9.59,"mai_ech":"maille","mai_obs":46},"geometry":{"type":"Polygon","coordinates":[[[1.9344,49.5592],[1.9214,49.5634],[1.943,49.5691],[1.9476,49.572],[1.9449,49.5863],[1.9544,49.584],[1.9592,49.5877],[1.9807,49.5976],[1.9839,49.5838],[1.978,49.5811],[1.9666,49.5702],[1.9626,49.5627],[1.9556,49.5596],[1.9344,49.5592]]]}},{"type":"Feature","properties":{"code":"60539","nom":"Rieux","app":13.28,"app_bas":11.06,"app_haut":15.96,"app_ech":"maille","app_obs":33,"mai":12.66,"mai_bas":10.08,"mai_haut":15.89,"mai_ech":"maille","mai_obs":50},"geometry":{"type":"Polygon","coordinates":[[[2.5146,49.3087],[2.5237,49.3069],[2.5261,49.2992],[2.5169,49.2958],[2.5108,49.2887],[2.4956,49.3027],[2.504,49.3034],[2.5146,49.3087]]]}},{"type":"Feature","properties":{"code":"60584","nom":"Saint-Leu-d'Esserent","app":14,"app_bas":11.51,"app_haut":17.03,"app_ech":"commune","app_obs":289,"mai":12.05,"mai_bas":9.56,"mai_haut":15.2,"mai_ech":"maille","mai_obs":68},"geometry":{"type":"Polygon","coordinates":[[[2.3645,49.2334],[2.359,49.2398],[2.3724,49.2406],[2.3791,49.2378],[2.4021,49.239],[2.4168,49.2423],[2.4358,49.2382],[2.4418,49.245],[2.4534,49.2451],[2.445,49.2342],[2.4137,49.2047],[2.3979,49.2044],[2.4036,49.2087],[2.402,49.2146],[2.3907,49.2243],[2.3645,49.2334]]]}},{"type":"Feature","properties":{"code":"60260","nom":"Fresnoy-la-Rivière","app":13.05,"app_bas":11.05,"app_haut":15.41,"app_ech":"maille","app_obs":7,"mai":11.54,"mai_bas":9.17,"mai_haut":14.53,"mai_ech":"maille","mai_obs":5},"geometry":{"type":"Polygon","coordinates":[[[2.8971,49.2853],[2.9144,49.2855],[2.9239,49.29],[2.9406,49.2823],[2.9522,49.2806],[2.9533,49.269],[2.9481,49.2664],[2.9419,49.2695],[2.9146,49.2683],[2.9095,49.2709],[2.9043,49.2795],[2.8971,49.2853]]]}},{"type":"Feature","properties":{"code":"60370","nom":"Lormaison","app":11.49,"app_bas":9.26,"app_haut":14.26,"app_ech":"maille","app_obs":6,"mai":12.04,"mai_bas":9.57,"mai_haut":15.14,"mai_ech":"maille","mai_obs":13},"geometry":{"type":"Polygon","coordinates":[[[2.0927,49.2416],[2.0939,49.2688],[2.1122,49.2698],[2.1158,49.2668],[2.1172,49.2567],[2.1119,49.24],[2.0927,49.2416]]]}},{"type":"Feature","properties":{"code":"60549","nom":"Rotangy","app":9.54,"app_bas":7.81,"app_haut":11.67,"app_ech":"maille","app_obs":8,"mai":10.06,"mai_bas":8.06,"mai_haut":12.55,"mai_ech":"maille","mai_obs":5},"geometry":{"type":"Polygon","coordinates":[[[2.1179,49.5982],[2.1127,49.5885],[2.0995,49.5817],[2.0969,49.5691],[2.0885,49.5645],[2.0699,49.569],[2.0759,49.5751],[2.062,49.5835],[2.0639,49.5936],[2.0679,49.5973],[2.0812,49.5945],[2.0973,49.6027],[2.1179,49.5982]]]}},{"type":"Feature","properties":{"code":"60009","nom":"Allonne","app":11.49,"app_bas":9.26,"app_haut":14.26,"app_ech":"maille","app_obs":99,"mai":12.04,"mai_bas":9.57,"mai_haut":15.14,"mai_ech":"maille","mai_obs":64},"geometry":{"type":"Polygon","coordinates":[[[2.106,49.3769],[2.1037,49.3843],[2.0858,49.3922],[2.0723,49.4067],[2.079,49.4086],[2.0876,49.4048],[2.1029,49.4038],[2.1157,49.407],[2.1232,49.4124],[2.1253,49.4197],[2.1356,49.4227],[2.1417,49.4213],[2.1508,49.4097],[2.1593,49.4022],[2.1238,49.3923],[2.1357,49.3872],[2.1359,49.3771],[2.1265,49.3698],[2.1193,49.3675],[2.106,49.3769]]]}},{"type":"Feature","properties":{"code":"60059","nom":"Béhéricourt","app":9.59,"app_bas":7.78,"app_haut":11.83,"app_ech":"maille","app_obs":3,"mai":8.63,"mai_bas":7.22,"mai_haut":10.31,"mai_ech":"maille","mai_obs":5},"geometry":{"type":"Polygon","coordinates":[[[3.0712,49.5753],[3.0629,49.5842],[3.0499,49.6052],[3.0439,49.6062],[3.0388,49.614],[3.0703,49.6076],[3.0834,49.5948],[3.0776,49.5918],[3.0701,49.5819],[3.0712,49.5753]]]}}]}