{"type":"FeatureCollection","features":[{"type":"Feature","properties":{"code":"62840","nom":"Vélu","app":9.74,"app_bas":8.03,"app_haut":11.8,"app_ech":"maille","app_obs":0,"mai":7.91,"mai_bas":6.3,"mai_haut":9.94,"mai_ech":"maille","mai_obs":0},"geometry":{"type":"Polygon","coordinates":[[[2.9596,50.0928],[2.9569,50.0953],[2.9759,50.1123],[2.9902,50.1036],[2.9845,50.0945],[2.9773,50.0928],[2.9596,50.0928]]]}},{"type":"Feature","properties":{"code":"62890","nom":"Willeman","app":12.28,"app_bas":9.94,"app_haut":15.19,"app_ech":"maille","app_obs":0,"mai":6.55,"mai_bas":5.3,"mai_haut":8.1,"mai_ech":"maille","mai_obs":0},"geometry":{"type":"Polygon","coordinates":[[[2.1514,50.3427],[2.1446,50.3528],[2.1398,50.3544],[2.1363,50.3621],[2.1523,50.3783],[2.156,50.3813],[2.1671,50.3754],[2.1707,50.369],[2.1851,50.371],[2.1856,50.3702],[2.1814,50.3665],[2.1884,50.3531],[2.1847,50.3434],[2.1669,50.345],[2.1514,50.3427]]]}},{"type":"Feature","properties":{"code":"62274","nom":"Dourges","app":11.24,"app_bas":9.31,"app_haut":13.57,"app_ech":"commune","app_obs":182,"mai":9.44,"mai_bas":7.72,"mai_haut":11.55,"mai_ech":"commune","mai_obs":149},"geometry":{"type":"Polygon","coordinates":[[[2.9827,50.459],[2.9971,50.4519],[3.0083,50.4559],[3.0173,50.4503],[3.0163,50.4421],[3.0111,50.4335],[2.999,50.4297],[2.9806,50.4202],[2.9772,50.4162],[2.9758,50.4225],[2.9649,50.4277],[2.9506,50.4305],[2.9661,50.4406],[2.98,50.4462],[2.9757,50.4559],[2.9827,50.459]]]}},{"type":"Feature","properties":{"code":"62396","nom":"Guinecourt","app":9.67,"app_bas":7.93,"app_haut":11.79,"app_ech":"maille","app_obs":0,"mai":6.55,"mai_bas":5.3,"mai_haut":8.1,"mai_ech":"maille","mai_obs":0},"geometry":{"type":"Polygon","coordinates":[[[2.2253,50.3376],[2.2141,50.3455],[2.2357,50.3579],[2.2382,50.3576],[2.2405,50.3469],[2.2253,50.3376]]]}},{"type":"Feature","properties":{"code":"62564","nom":"Mazinghem","app":10.62,"app_bas":8.75,"app_haut":12.89,"app_ech":"maille","app_obs":0,"mai":8.23,"mai_bas":6.65,"mai_haut":10.18,"mai_ech":"maille","mai_obs":2},"geometry":{"type":"Polygon","coordinates":[[[2.4234,50.6159],[2.4321,50.6088],[2.4382,50.5975],[2.4337,50.6039],[2.426,50.5966],[2.4,50.5959],[2.3875,50.6017],[2.3897,50.6058],[2.4066,50.6124],[2.4234,50.6159]]]}},{"type":"Feature","properties":{"code":"62602","nom":"Nempont-Saint-Firmin","app":11.63,"app_bas":9.33,"app_haut":14.51,"app_ech":"maille","app_obs":15,"mai":8.82,"mai_bas":6.89,"mai_haut":11.29,"mai_ech":"maille","mai_obs":4},"geometry":{"type":"Polygon","coordinates":[[[1.722,50.3713],[1.7356,50.3751],[1.7419,50.3656],[1.7519,50.3676],[1.7718,50.3672],[1.7619,50.3616],[1.7593,50.358],[1.7394,50.3546],[1.73,50.3478],[1.727,50.3485],[1.722,50.3713]]]}},{"type":"Feature","properties":{"code":"62689","nom":"Ransart","app":10.46,"app_bas":8.58,"app_haut":12.75,"app_ech":"maille","app_obs":0,"mai":9.5,"mai_bas":7.68,"mai_haut":11.75,"mai_ech":"maille","mai_obs":9},"geometry":{"type":"Polygon","coordinates":[[[2.6517,50.1953],[2.6474,50.1992],[2.6587,50.211],[2.6672,50.2168],[2.6886,50.221],[2.6958,50.2153],[2.6992,50.2072],[2.6932,50.2029],[2.6863,50.1891],[2.6653,50.1971],[2.6517,50.1953]]]}},{"type":"Feature","properties":{"code":"62758","nom":"Saint-Martin-Boulogne","app":12.05,"app_bas":9.68,"app_haut":14.99,"app_ech":"commune","app_obs":782,"mai":10.11,"mai_bas":8.4,"mai_haut":12.17,"mai_ech":"commune","mai_obs":204},"geometry":{"type":"Polygon","coordinates":[[[1.6856,50.7345],[1.6851,50.7281],[1.6765,50.7186],[1.6657,50.7132],[1.6385,50.7098],[1.631,50.7059],[1.6116,50.7046],[1.608,50.71],[1.619,50.7117],[1.6263,50.7239],[1.6202,50.7348],[1.6221,50.7379],[1.6394,50.7405],[1.6492,50.7363],[1.6624,50.7353],[1.6791,50.7388],[1.6856,50.7345]]]}},{"type":"Feature","properties":{"code":"62829","nom":"Transloy","app":11.77,"app_bas":9.53,"app_haut":14.53,"app_ech":"maille","app_obs":0,"mai":7.64,"mai_bas":6.13,"mai_haut":9.51,"mai_ech":"maille","mai_obs":10},"geometry":{"type":"Polygon","coordinates":[[[2.9202,50.0486],[2.9172,50.0357],[2.8963,50.037],[2.8827,50.0312],[2.87,50.0349],[2.8765,50.0422],[2.8647,50.0599],[2.879,50.0655],[2.8892,50.0715],[2.9082,50.0628],[2.9087,50.0562],[2.9202,50.0486]]]}},{"type":"Feature","properties":{"code":"62888","nom":"Wierre-au-Bois","app":11.61,"app_bas":9.49,"app_haut":14.19,"app_ech":"maille","app_obs":0,"mai":9.4,"mai_bas":7.05,"mai_haut":12.54,"mai_ech":"maille","mai_obs":2},"geometry":{"type":"Polygon","coordinates":[[[1.772,50.6641],[1.7777,50.6579],[1.7838,50.6469],[1.7743,50.6412],[1.7628,50.6416],[1.752,50.6503],[1.7521,50.655],[1.7692,50.66],[1.772,50.6641]]]}},{"type":"Feature","properties":{"code":"62003","nom":"Acheville","app":11.99,"app_bas":10.17,"app_haut":14.13,"app_ech":"maille","app_obs":36,"mai":9.94,"mai_bas":8.06,"mai_haut":12.25,"mai_ech":"maille","mai_obs":10},"geometry":{"type":"Polygon","coordinates":[[[2.8946,50.3788],[2.8807,50.3761],[2.864,50.3807],[2.87,50.3882],[2.8859,50.3933],[2.898,50.3856],[2.8946,50.3788]]]}},{"type":"Feature","properties":{"code":"62123","nom":"Beussent","app":12.71,"app_bas":10.32,"app_haut":15.65,"app_ech":"maille","app_obs":0,"mai":9.14,"mai_bas":7.53,"mai_haut":11.09,"mai_ech":"maille","mai_obs":13},"geometry":{"type":"Polygon","coordinates":[[[1.8292,50.5751],[1.8427,50.5571],[1.8532,50.5548],[1.8544,50.5499],[1.8506,50.5453],[1.8357,50.5401],[1.8205,50.5382],[1.8073,50.5398],[1.789,50.5467],[1.7822,50.5474],[1.7896,50.5579],[1.7767,50.5744],[1.7796,50.577],[1.7849,50.5785],[1.8151,50.5755],[1.8278,50.5765],[1.8292,50.5751]]]}},{"type":"Feature","properties":{"code":"62229","nom":"Cléty","app":10.7,"app_bas":8.87,"app_haut":12.9,"app_ech":"maille","app_obs":3,"mai":7.91,"mai_bas":6.56,"mai_haut":9.53,"mai_ech":"maille","mai_obs":46},"geometry":{"type":"Polygon","coordinates":[[[2.202,50.6475],[2.1795,50.6471],[2.1656,50.6379],[2.1519,50.6441],[2.1636,50.6513],[2.1764,50.6624],[2.1889,50.6649],[2.1923,50.6692],[2.1998,50.6666],[2.2064,50.6578],[2.202,50.6475]]]}},{"type":"Feature","properties":{"code":"62335","nom":"Fillièvres","app":10.34,"app_bas":8.62,"app_haut":12.4,"app_ech":"maille","app_obs":1,"mai":7.49,"mai_bas":5.85,"mai_haut":9.6,"mai_ech":"maille","mai_obs":28},"geometry":{"type":"Polygon","coordinates":[[[2.1905,50.3169],[2.176,50.3108],[2.1614,50.2984],[2.1655,50.2905],[2.1526,50.285],[2.1393,50.2836],[2.1274,50.2949],[2.1368,50.3055],[2.1299,50.3075],[2.122,50.3148],[2.1522,50.3275],[2.1457,50.3362],[2.1514,50.3427],[2.1669,50.345],[2.1847,50.3434],[2.1973,50.3327],[2.206,50.3288],[2.2009,50.3199],[2.1905,50.3169]]]}},{"type":"Feature","properties":{"code":"62404","nom":"Halloy","app":10.46,"app_bas":8.54,"app_haut":12.81,"app_ech":"maille","app_obs":0,"mai":8.53,"mai_bas":7.17,"mai_haut":10.15,"mai_ech":"maille","mai_obs":3},"geometry":{"type":"Polygon","coordinates":[[[2.4157,50.1467],[2.4148,50.1731],[2.4209,50.1746],[2.4301,50.1708],[2.4377,50.155],[2.4269,50.1482],[2.4157,50.1467]]]}},{"type":"Feature","properties":{"code":"62429","nom":"Henneveux","app":11.61,"app_bas":9.49,"app_haut":14.19,"app_ech":"maille","app_obs":0,"mai":8.99,"mai_bas":7.35,"mai_haut":10.99,"mai_ech":"maille","mai_obs":11},"geometry":{"type":"Polygon","coordinates":[[[1.8459,50.7155],[1.8245,50.7257],[1.8158,50.7346],[1.8286,50.7333],[1.8365,50.7379],[1.8439,50.7372],[1.8518,50.7325],[1.8601,50.7341],[1.8673,50.7313],[1.8655,50.7258],[1.8692,50.7189],[1.864,50.7131],[1.8493,50.7171],[1.8459,50.7155]]]}},{"type":"Feature","properties":{"code":"62468","nom":"Humières","app":9.67,"app_bas":7.93,"app_haut":11.79,"app_ech":"maille","app_obs":0,"mai":7.02,"mai_bas":5.61,"mai_haut":8.77,"mai_ech":"maille","mai_obs":9},"geometry":{"type":"Polygon","coordinates":[[[2.1851,50.371],[2.1829,50.3841],[2.1924,50.3929],[2.2102,50.3969],[2.2165,50.397],[2.2194,50.3944],[2.2341,50.3932],[2.2367,50.3828],[2.2209,50.3764],[2.1989,50.3744],[2.1856,50.3702],[2.1851,50.371]]]}},{"type":"Feature","properties":{"code":"62553","nom":"Marest","app":11.09,"app_bas":9.15,"app_haut":13.43,"app_ech":"maille","app_obs":1,"mai":7.89,"mai_bas":6.31,"mai_haut":9.86,"mai_ech":"maille","mai_obs":6},"geometry":{"type":"Polygon","coordinates":[[[2.4243,50.4807],[2.4308,50.4674],[2.4383,50.4603],[2.4331,50.4619],[2.4218,50.4556],[2.4007,50.4709],[2.4081,50.4696],[2.4243,50.4807]]]}},{"type":"Feature","properties":{"code":"62626","nom":"Noyelles-lès-Vermelles","app":10.52,"app_bas":8.71,"app_haut":12.69,"app_ech":"maille","app_obs":20,"mai":8.97,"mai_bas":7.22,"mai_haut":11.16,"mai_ech":"maille","mai_obs":41},"geometry":{"type":"Polygon","coordinates":[[[2.7305,50.5042],[2.7366,50.5006],[2.7391,50.495],[2.737,50.4877],[2.7299,50.4806],[2.722,50.4803],[2.7148,50.4853],[2.7261,50.4954],[2.7305,50.5042]]]}},{"type":"Feature","properties":{"code":"62743","nom":"Sainte-Austreberthe","app":null,"app_bas":null,"app_haut":null,"app_ech":null,"app_obs":0,"mai":null,"mai_bas":null,"mai_haut":null,"mai_ech":null,"mai_obs":0},"geometry":{"type":"Polygon","coordinates":[[[2.0368,50.3461],[2.029,50.358],[2.0416,50.3687],[2.0611,50.3652],[2.0594,50.3603],[2.0435,50.3468],[2.0368,50.3461]]]}},{"type":"Feature","properties":{"code":"62809","nom":"Ternas","app":9.45,"app_bas":7.87,"app_haut":11.35,"app_ech":"maille","app_obs":2,"mai":7.61,"mai_bas":6.28,"mai_haut":9.23,"mai_ech":"maille","mai_obs":4},"geometry":{"type":"Polygon","coordinates":[[[2.386,50.3389],[2.3994,50.3488],[2.4092,50.3477],[2.4118,50.3388],[2.4021,50.336],[2.397,50.3281],[2.3876,50.3314],[2.3852,50.3367],[2.386,50.3389]]]}},{"type":"Feature","properties":{"code":"62034","nom":"Annequin","app":11.02,"app_bas":9.28,"app_haut":13.09,"app_ech":"maille","app_obs":70,"mai":8.97,"mai_bas":7.22,"mai_haut":11.16,"mai_ech":"maille","mai_obs":45},"geometry":{"type":"Polygon","coordinates":[[[2.7087,50.4828],[2.7042,50.4849],[2.7204,50.5112],[2.7134,50.5187],[2.7267,50.5227],[2.7285,50.5191],[2.7305,50.5042],[2.7261,50.4954],[2.7148,50.4853],[2.7087,50.4828]]]}},{"type":"Feature","properties":{"code":"62465","nom":"Humbercamps","app":9.5,"app_bas":7.94,"app_haut":11.37,"app_ech":"maille","app_obs":0,"mai":9.1,"mai_bas":7.44,"mai_haut":11.15,"mai_ech":"maille","mai_obs":2},"geometry":{"type":"Polygon","coordinates":[[[2.5891,50.1985],[2.5911,50.1953],[2.5917,50.19],[2.5778,50.1848],[2.5747,50.1758],[2.5616,50.1795],[2.5539,50.185],[2.5778,50.1979],[2.5891,50.1985]]]}},{"type":"Feature","properties":{"code":"62520","nom":"Locon","app":10.93,"app_bas":8.8,"app_haut":13.58,"app_ech":"maille","app_obs":46,"mai":9.68,"mai_bas":7.69,"mai_haut":12.19,"mai_ech":"maille","mai_obs":99},"geometry":{"type":"Polygon","coordinates":[[[2.6476,50.5639],[2.6475,50.5735],[2.6443,50.5854],[2.655,50.5897],[2.6781,50.5812],[2.6851,50.5769],[2.6971,50.5634],[2.6858,50.559],[2.6763,50.5524],[2.6696,50.5575],[2.6555,50.5565],[2.6482,50.5584],[2.6476,50.5639]]]}},{"type":"Feature","properties":{"code":"62585","nom":"Montcavrel","app":12.71,"app_bas":10.32,"app_haut":15.65,"app_ech":"maille","app_obs":22,"mai":9.14,"mai_bas":7.53,"mai_haut":11.09,"mai_ech":"maille","mai_obs":18},"geometry":{"type":"Polygon","coordinates":[[[1.8341,50.4994],[1.827,50.4972],[1.815,50.4988],[1.8032,50.5042],[1.7906,50.5056],[1.7907,50.5114],[1.7952,50.5126],[1.799,50.5232],[1.797,50.5275],[1.8041,50.5309],[1.8073,50.5398],[1.8205,50.5382],[1.8357,50.5401],[1.8506,50.5453],[1.8443,50.5384],[1.8311,50.531],[1.8179,50.5184],[1.8184,50.5151],[1.8352,50.5041],[1.8378,50.5003],[1.8341,50.4994]]]}},{"type":"Feature","properties":{"code":"62780","nom":"Sauchy-Cauchy","app":11.36,"app_bas":9.32,"app_haut":13.84,"app_ech":"maille","app_obs":10,"mai":8.32,"mai_bas":6.8,"mai_haut":10.17,"mai_ech":"maille","mai_obs":15},"geometry":{"type":"Polygon","coordinates":[[[3.0847,50.2216],[3.0726,50.2263],[3.0815,50.2366],[3.0872,50.25],[3.1109,50.2376],[3.1145,50.2344],[3.0972,50.2319],[3.0847,50.2216]]]}},{"type":"Feature","properties":{"code":"62835","nom":"Valhuon","app":9.67,"app_bas":7.93,"app_haut":11.79,"app_ech":"maille","app_obs":11,"mai":7.61,"mai_bas":6.28,"mai_haut":9.23,"mai_ech":"maille","mai_obs":38},"geometry":{"type":"Polygon","coordinates":[[[2.3635,50.4209],[2.3574,50.4282],[2.3683,50.4344],[2.3613,50.4484],[2.3756,50.4522],[2.3806,50.4483],[2.3982,50.4439],[2.4106,50.4352],[2.4089,50.4206],[2.3945,50.4218],[2.391,50.4255],[2.3686,50.4183],[2.3635,50.4209]]]}},{"type":"Feature","properties":{"code":"62891","nom":"Willencourt","app":12.28,"app_bas":9.94,"app_haut":15.19,"app_ech":"maille","app_obs":0,"mai":7.49,"mai_bas":5.85,"mai_haut":9.6,"mai_ech":"maille","mai_obs":11},"geometry":{"type":"Polygon","coordinates":[[[2.0638,50.2344],[2.0687,50.2421],[2.0778,50.2487],[2.0848,50.2447],[2.0952,50.2416],[2.1003,50.2372],[2.068,50.233],[2.0638,50.2344]]]}},{"type":"Feature","properties":{"code":"62024","nom":"Alquines","app":10.55,"app_bas":8.28,"app_haut":13.43,"app_ech":"maille","app_obs":2,"mai":8.78,"mai_bas":7.29,"mai_haut":10.58,"mai_ech":"maille","mai_obs":66},"geometry":{"type":"Polygon","coordinates":[[[2.012,50.7272],[1.9863,50.7172],[1.968,50.715],[1.9665,50.7193],[1.9601,50.7212],[1.9737,50.7348],[1.985,50.7498],[1.997,50.7491],[2.0102,50.7452],[2.0271,50.7532],[2.0324,50.751],[2.0214,50.7447],[2.012,50.7272]]]}},{"type":"Feature","properties":{"code":"62072","nom":"Bailleulmont","app":9.5,"app_bas":7.94,"app_haut":11.37,"app_ech":"maille","app_obs":0,"mai":7.61,"mai_bas":6.14,"mai_haut":9.44,"mai_ech":"maille","mai_obs":8},"geometry":{"type":"Polygon","coordinates":[[[2.5911,50.1953],[2.5891,50.1985],[2.5976,50.2085],[2.5922,50.2129],[2.5818,50.2122],[2.5804,50.2152],[2.5961,50.2215],[2.6213,50.2212],[2.6288,50.2134],[2.6145,50.2076],[2.6011,50.196],[2.5911,50.1953]]]}},{"type":"Feature","properties":{"code":"62078","nom":"Balinghem","app":10.11,"app_bas":8.34,"app_haut":12.27,"app_ech":"maille","app_obs":5,"mai":9.06,"mai_bas":7.36,"mai_haut":11.15,"mai_ech":"maille","mai_obs":43},"geometry":{"type":"Polygon","coordinates":[[[1.9404,50.8428],[1.9188,50.8461],[1.9152,50.848],[1.931,50.8632],[1.9428,50.8696],[1.9405,50.8797],[1.9487,50.8829],[1.9628,50.8741],[1.9563,50.8721],[1.9404,50.8428]]]}},{"type":"Feature","properties":{"code":"62200","nom":"Cambrin","app":11.02,"app_bas":9.28,"app_haut":13.09,"app_ech":"maille","app_obs":95,"mai":8.97,"mai_bas":7.22,"mai_haut":11.16,"mai_ech":"maille","mai_obs":62},"geometry":{"type":"Polygon","coordinates":[[[2.7285,50.5191],[2.7414,50.5204],[2.7471,50.5147],[2.7409,50.5029],[2.7366,50.5006],[2.7305,50.5042],[2.7285,50.5191]]]}},{"type":"Feature","properties":{"code":"62271","nom":"Dohem","app":10.7,"app_bas":8.87,"app_haut":12.9,"app_ech":"maille","app_obs":0,"mai":7.91,"mai_bas":6.56,"mai_haut":9.53,"mai_ech":"maille","mai_obs":34},"geometry":{"type":"Polygon","coordinates":[[[2.202,50.6475],[2.1949,50.6365],[2.1919,50.6236],[2.1788,50.6211],[2.1473,50.6078],[2.1339,50.6118],[2.135,50.62],[2.1634,50.6297],[2.1656,50.6379],[2.1795,50.6471],[2.202,50.6475]]]}},{"type":"Feature","properties":{"code":"62411","nom":"Haravesnes","app":12.28,"app_bas":9.94,"app_haut":15.19,"app_ech":"maille","app_obs":0,"mai":7.49,"mai_bas":5.85,"mai_haut":9.6,"mai_ech":"maille","mai_obs":1},"geometry":{"type":"Polygon","coordinates":[[[2.1236,50.2739],[2.1129,50.2822],[2.1183,50.2881],[2.1153,50.2929],[2.1274,50.2949],[2.1393,50.2836],[2.1332,50.2778],[2.1236,50.2739]]]}},{"type":"Feature","properties":{"code":"62447","nom":"Hesdin","app":9.88,"app_bas":8.24,"app_haut":11.84,"app_ech":"commune","app_obs":422,"mai":7.48,"mai_bas":5.85,"mai_haut":9.57,"mai_ech":"commune","mai_obs":356},"geometry":{"type":"Polygon","coordinates":[[[2.0304,50.3744],[2.0357,50.3789],[2.0454,50.3738],[2.0341,50.3691],[2.0304,50.3744]]]}},{"type":"Feature","properties":{"code":"62471","nom":"Inghem","app":10.7,"app_bas":8.53,"app_haut":13.42,"app_ech":"maille","app_obs":4,"mai":7.91,"mai_bas":6.56,"mai_haut":9.53,"mai_ech":"maille","mai_obs":20},"geometry":{"type":"Polygon","coordinates":[[[2.2494,50.6783],[2.257,50.6636],[2.2405,50.6571],[2.2291,50.6687],[2.2346,50.6779],[2.2494,50.6783]]]}},{"type":"Feature","properties":{"code":"62526","nom":"Longueville","app":10.91,"app_bas":8.91,"app_haut":13.35,"app_ech":"maille","app_obs":0,"mai":9.06,"mai_bas":7.45,"mai_haut":11.02,"mai_ech":"maille","mai_obs":1},"geometry":{"type":"Polygon","coordinates":[[[1.8673,50.7313],[1.8787,50.7382],[1.8947,50.737],[1.8995,50.7309],[1.8795,50.7196],[1.8692,50.7189],[1.8655,50.7258],[1.8673,50.7313]]]}},{"type":"Feature","properties":{"code":"62557","nom":"Marœuil","app":11.29,"app_bas":9.24,"app_haut":13.8,"app_ech":"commune","app_obs":173,"mai":10.1,"mai_bas":7.79,"mai_haut":13.09,"mai_ech":"commune","mai_obs":132},"geometry":{"type":"Polygon","coordinates":[[[2.6633,50.3263],[2.6719,50.3269],[2.6933,50.3362],[2.7109,50.3413],[2.7153,50.3462],[2.7295,50.3489],[2.7396,50.3485],[2.7433,50.3394],[2.738,50.3283],[2.7187,50.3154],[2.7113,50.3136],[2.7037,50.3168],[2.6873,50.317],[2.6633,50.3263]]]}},{"type":"Feature","properties":{"code":"62606","nom":"Neuve-Chapelle","app":12.42,"app_bas":10.38,"app_haut":14.87,"app_ech":"maille","app_obs":4,"mai":10.72,"mai_bas":8.81,"mai_haut":13.06,"mai_ech":"maille","mai_obs":43},"geometry":{"type":"Polygon","coordinates":[[[2.7921,50.5863],[2.7891,50.5831],[2.7755,50.5757],[2.7693,50.5832],[2.777,50.5949],[2.7921,50.5863]]]}},{"type":"Feature","properties":{"code":"62655","nom":"Pierremont","app":9.67,"app_bas":7.93,"app_haut":11.79,"app_ech":"maille","app_obs":1,"mai":8.64,"mai_bas":6.92,"mai_haut":10.79,"mai_ech":"maille","mai_obs":6},"geometry":{"type":"Polygon","coordinates":[[[2.2375,50.3816],[2.2341,50.3932],[2.2475,50.3986],[2.2432,50.405],[2.2503,50.414],[2.2657,50.4155],[2.2677,50.4052],[2.2818,50.3969],[2.2815,50.3954],[2.2713,50.3915],[2.2508,50.3874],[2.2375,50.3816]]]}},{"type":"Feature","properties":{"code":"62754","nom":"Saint-Léger","app":10.5,"app_bas":8.4,"app_haut":13.13,"app_ech":"maille","app_obs":16,"mai":7.64,"mai_bas":6.13,"mai_haut":9.51,"mai_ech":"maille","mai_obs":30},"geometry":{"type":"Polygon","coordinates":[[[2.8717,50.1684],[2.8682,50.172],[2.8539,50.1722],[2.841,50.1748],[2.8248,50.1812],[2.8267,50.1864],[2.8399,50.1956],[2.845,50.1983],[2.8537,50.2005],[2.8725,50.1834],[2.8748,50.1726],[2.8717,50.1684]]]}},{"type":"Feature","properties":{"code":"62789","nom":"Senlecques","app":10.91,"app_bas":8.91,"app_haut":13.35,"app_ech":"maille","app_obs":0,"mai":9.14,"mai_bas":7.53,"mai_haut":11.09,"mai_ech":"maille","mai_obs":10},"geometry":{"type":"Polygon","coordinates":[[[1.9421,50.6558],[1.9506,50.6511],[1.9452,50.644],[1.9397,50.6438],[1.9211,50.6475],[1.9282,50.6556],[1.9421,50.6558]]]}},{"type":"Feature","properties":{"code":"62031","nom":"Andres","app":10.11,"app_bas":8.34,"app_haut":12.27,"app_ech":"maille","app_obs":7,"mai":8.69,"mai_bas":7.13,"mai_haut":10.58,"mai_ech":"maille","mai_obs":44},"geometry":{"type":"Polygon","coordinates":[[[1.8928,50.8564],[1.9047,50.8724],[1.9188,50.8808],[1.9405,50.8797],[1.9428,50.8696],[1.931,50.8632],[1.9152,50.848],[1.8928,50.8564]]]}},{"type":"Feature","properties":{"code":"62206","nom":"Campigneulles-les-Grandes","app":12.26,"app_bas":9.75,"app_haut":15.41,"app_ech":"maille","app_obs":1,"mai":10.61,"mai_bas":8.06,"mai_haut":13.97,"mai_ech":"maille","mai_obs":3},"geometry":{"type":"Polygon","coordinates":[[[1.7149,50.4452],[1.7261,50.4276],[1.7052,50.4187],[1.6926,50.4198],[1.69,50.425],[1.6943,50.4342],[1.6925,50.4385],[1.7033,50.4446],[1.7149,50.4452]]]}},{"type":"Feature","properties":{"code":"62391","nom":"Guarbecque","app":10.62,"app_bas":8.75,"app_haut":12.89,"app_ech":"maille","app_obs":23,"mai":8.59,"mai_bas":6.85,"mai_haut":10.79,"mai_ech":"maille","mai_obs":27},"geometry":{"type":"Polygon","coordinates":[[[2.4649,50.596],[2.4766,50.6032],[2.4886,50.6179],[2.4912,50.6243],[2.5015,50.6231],[2.5067,50.6194],[2.5081,50.6116],[2.4913,50.596],[2.4799,50.5923],[2.4656,50.5921],[2.4649,50.596]]]}},{"type":"Feature","properties":{"code":"62513","nom":"Ligny-sur-Canche","app":9.45,"app_bas":7.87,"app_haut":11.35,"app_ech":"maille","app_obs":0,"mai":6.94,"mai_bas":5.65,"mai_haut":8.51,"mai_ech":"maille","mai_obs":1},"geometry":{"type":"Polygon","coordinates":[[[2.2575,50.266],[2.2524,50.2639],[2.2359,50.2738],[2.2453,50.2787],[2.2514,50.288],[2.248,50.2947],[2.2656,50.302],[2.2811,50.2949],[2.2786,50.2856],[2.2645,50.269],[2.2575,50.266]]]}},{"type":"Feature","properties":{"code":"62573","nom":"Meurchin","app":11.84,"app_bas":9.82,"app_haut":14.28,"app_ech":"maille","app_obs":98,"mai":9.28,"mai_bas":7.46,"mai_haut":11.55,"mai_ech":"maille","mai_obs":95},"geometry":{"type":"Polygon","coordinates":[[[2.88,50.4963],[2.8821,50.5077],[2.8894,50.5079],[2.899,50.5016],[2.9048,50.5035],[2.9101,50.4998],[2.9112,50.4894],[2.8973,50.4824],[2.8811,50.4838],[2.88,50.4963]]]}},{"type":"Feature","properties":{"code":"62604","nom":"Neufchâtel-Hardelot","app":13,"app_bas":10.63,"app_haut":15.9,"app_ech":"commune","app_obs":145,"mai":10.61,"mai_bas":7.95,"mai_haut":14.16,"mai_ech":"commune","mai_obs":106},"geometry":{"type":"Polygon","coordinates":[[[1.6411,50.5939],[1.639,50.5985],[1.6299,50.6023],[1.6156,50.6013],[1.5952,50.6068],[1.5783,50.6066],[1.5766,50.6315],[1.5786,50.6392],[1.6046,50.6431],[1.6093,50.6361],[1.6187,50.6337],[1.6239,50.6263],[1.6398,50.6321],[1.6403,50.6256],[1.655,50.6166],[1.6655,50.6044],[1.6602,50.6026],[1.6652,50.5925],[1.6541,50.5899],[1.6411,50.5939]]]}},{"type":"Feature","properties":{"code":"62800","nom":"Souastre","app":11.7,"app_bas":9.51,"app_haut":14.4,"app_ech":"maille","app_obs":0,"mai":9.1,"mai_bas":7.44,"mai_haut":11.15,"mai_ech":"maille","mai_obs":23},"geometry":{"type":"Polygon","coordinates":[[[2.5812,50.1642],[2.5829,50.16],[2.5963,50.1487],[2.592,50.1417],[2.5806,50.1378],[2.5684,50.136],[2.5571,50.142],[2.5513,50.1417],[2.5388,50.148],[2.5545,50.1592],[2.5661,50.1589],[2.5812,50.1642]]]}},{"type":"Feature","properties":{"code":"62877","nom":"Warlincourt-lès-Pas","app":10.46,"app_bas":8.54,"app_haut":12.81,"app_ech":"maille","app_obs":1,"mai":7.61,"mai_bas":6.14,"mai_haut":9.44,"mai_ech":"maille","mai_obs":0},"geometry":{"type":"Polygon","coordinates":[[[2.5273,50.1926],[2.5241,50.1834],[2.5015,50.1667],[2.4936,50.1668],[2.5008,50.1726],[2.4854,50.1913],[2.4957,50.1946],[2.5273,50.1926]]]}},{"type":"Feature","properties":{"code":"62879","nom":"Warluzel","app":10.46,"app_bas":8.54,"app_haut":12.81,"app_ech":"maille","app_obs":3,"mai":7.71,"mai_bas":6.24,"mai_haut":9.53,"mai_ech":"maille","mai_obs":6},"geometry":{"type":"Polygon","coordinates":[[[2.4521,50.2302],[2.4623,50.2404],[2.4799,50.2412],[2.4861,50.2333],[2.4708,50.2203],[2.4596,50.2196],[2.4521,50.2302]]]}},{"type":"Feature","properties":{"code":"62092","nom":"Beaufort-Blavincourt","app":9.5,"app_bas":7.94,"app_haut":11.37,"app_ech":"maille","app_obs":2,"mai":7.61,"mai_bas":6.28,"mai_haut":9.23,"mai_ech":"maille","mai_obs":3},"geometry":{"type":"Polygon","coordinates":[[[2.4876,50.2883],[2.4982,50.2855],[2.5184,50.2869],[2.5195,50.285],[2.5079,50.2776],[2.5037,50.2642],[2.4965,50.2621],[2.4595,50.2671],[2.4642,50.2795],[2.4521,50.2807],[2.457,50.2843],[2.4822,50.2851],[2.4876,50.2883]]]}},{"type":"Feature","properties":{"code":"62094","nom":"Beaumerie-Saint-Martin","app":11.63,"app_bas":9.33,"app_haut":14.51,"app_ech":"maille","app_obs":1,"mai":8.82,"mai_bas":6.89,"mai_haut":11.29,"mai_ech":"maille","mai_obs":5},"geometry":{"type":"Polygon","coordinates":[[[1.812,50.4267],[1.8042,50.4222],[1.7944,50.4278],[1.7877,50.4343],[1.7842,50.4461],[1.7753,50.4507],[1.7662,50.4598],[1.7773,50.4643],[1.7979,50.4604],[1.8207,50.4531],[1.8135,50.4388],[1.812,50.4267]]]}},{"type":"Feature","properties":{"code":"62224","nom":"Chocques","app":10.42,"app_bas":8.65,"app_haut":12.56,"app_ech":"maille","app_obs":21,"mai":8.52,"mai_bas":6.98,"mai_haut":10.39,"mai_ech":"commune","mai_obs":222},"geometry":{"type":"Polygon","coordinates":[[[2.532,50.5417],[2.5361,50.546],[2.5665,50.5534],[2.5856,50.5501],[2.5891,50.5436],[2.5896,50.5389],[2.5882,50.5325],[2.5682,50.5336],[2.559,50.5258],[2.5502,50.5287],[2.532,50.5417]]]}},{"type":"Feature","properties":{"code":"62281","nom":"Echinghen","app":10.84,"app_bas":8.68,"app_haut":13.52,"app_ech":"maille","app_obs":1,"mai":9.9,"mai_bas":8.22,"mai_haut":11.92,"mai_ech":"maille","mai_obs":9},"geometry":{"type":"Polygon","coordinates":[[[1.631,50.7059],[1.6385,50.7098],[1.6657,50.7132],[1.6717,50.7035],[1.6763,50.7012],[1.6799,50.6899],[1.6689,50.6896],[1.6496,50.6935],[1.6384,50.6924],[1.631,50.7059]]]}},{"type":"Feature","properties":{"code":"62294","nom":"Enguinegatte","app":null,"app_bas":null,"app_haut":null,"app_ech":null,"app_obs":0,"mai":null,"mai_bas":null,"mai_haut":null,"mai_ech":null,"mai_obs":0},"geometry":{"type":"Polygon","coordinates":[[[2.2359,50.5948],[2.2427,50.6105],[2.2751,50.625],[2.2903,50.6227],[2.2981,50.6094],[2.2838,50.6019],[2.2681,50.5982],[2.2621,50.5918],[2.2468,50.5954],[2.2359,50.5948]]]}},{"type":"Feature","properties":{"code":"62299","nom":"Eps","app":10.62,"app_bas":8.75,"app_haut":12.89,"app_ech":"maille","app_obs":0,"mai":7.02,"mai_bas":5.61,"mai_haut":8.77,"mai_ech":"maille","mai_obs":12},"geometry":{"type":"Polygon","coordinates":[[[2.2908,50.4723],[2.297,50.4693],[2.3075,50.4591],[2.3161,50.4599],[2.3218,50.4532],[2.3173,50.4461],[2.3038,50.4421],[2.2881,50.446],[2.2737,50.4449],[2.2753,50.4582],[2.2873,50.467],[2.2855,50.4691],[2.2908,50.4723]]]}},{"type":"Feature","properties":{"code":"62321","nom":"Évin-Malmaison","app":11.59,"app_bas":9.63,"app_haut":13.95,"app_ech":"maille","app_obs":89,"mai":9.18,"mai_bas":7.5,"mai_haut":11.24,"mai_ech":"commune","mai_obs":125},"geometry":{"type":"Polygon","coordinates":[[[3.0416,50.4445],[3.0472,50.4347],[3.0362,50.4237],[3.0111,50.4335],[3.0163,50.4421],[3.0416,50.4445]]]}},{"type":"Feature","properties":{"code":"62322","nom":"Famechon","app":11.7,"app_bas":9.51,"app_haut":14.4,"app_ech":"maille","app_obs":0,"mai":9.1,"mai_bas":7.44,"mai_haut":11.15,"mai_ech":"maille","mai_obs":4},"geometry":{"type":"Polygon","coordinates":[[[2.4694,50.1336],[2.455,50.1312],[2.4453,50.1422],[2.4389,50.1529],[2.4546,50.1579],[2.4592,50.1524],[2.4711,50.1484],[2.476,50.1369],[2.4694,50.1336]]]}},{"type":"Feature","properties":{"code":"62593","nom":"Morval","app":11.17,"app_bas":9.24,"app_haut":13.51,"app_ech":"maille","app_obs":1,"mai":7.64,"mai_bas":6.13,"mai_haut":9.51,"mai_ech":"maille","mai_obs":0},"geometry":{"type":"Polygon","coordinates":[[[2.8786,50.0245],[2.8725,50.021],[2.8564,50.0236],[2.8522,50.0314],[2.8579,50.0345],[2.87,50.0349],[2.8827,50.0312],[2.8786,50.0245]]]}},{"type":"Feature","properties":{"code":"62672","nom":"Puisieux","app":10.46,"app_bas":8.58,"app_haut":12.75,"app_ech":"maille","app_obs":5,"mai":7.89,"mai_bas":6.63,"mai_haut":9.39,"mai_ech":"maille","mai_obs":15},"geometry":{"type":"Polygon","coordinates":[[[2.6773,50.1249],[2.6821,50.1229],[2.6957,50.1265],[2.7071,50.1264],[2.7102,50.1202],[2.7068,50.1087],[2.6972,50.1037],[2.7031,50.0957],[2.719,50.0876],[2.7039,50.081],[2.6918,50.0917],[2.6798,50.0947],[2.6721,50.0936],[2.6565,50.1003],[2.6594,50.1106],[2.6754,50.1201],[2.6773,50.1249]]]}},{"type":"Feature","properties":{"code":"62681","nom":"Quiestède","app":10.7,"app_bas":8.87,"app_haut":12.9,"app_ech":"maille","app_obs":1,"mai":8.53,"mai_bas":7.08,"mai_haut":10.28,"mai_ech":"maille","mai_obs":16},"geometry":{"type":"Polygon","coordinates":[[[2.3321,50.687],[2.349,50.6848],[2.348,50.6787],[2.3216,50.6757],[2.3108,50.6695],[2.3149,50.6804],[2.327,50.6876],[2.3321,50.687]]]}},{"type":"Feature","properties":{"code":"62785","nom":"Savy-Berlette","app":9.67,"app_bas":7.93,"app_haut":11.79,"app_ech":"maille","app_obs":32,"mai":7.61,"mai_bas":6.28,"mai_haut":9.23,"mai_ech":"maille","mai_obs":31},"geometry":{"type":"Polygon","coordinates":[[[2.5494,50.368],[2.5611,50.3707],[2.5815,50.3604],[2.5795,50.3548],[2.5654,50.342],[2.5645,50.3351],[2.5558,50.3344],[2.5509,50.338],[2.5483,50.3456],[2.534,50.3619],[2.5494,50.368]]]}},{"type":"Feature","properties":{"code":"62360","nom":"Fréthun","app":11.4,"app_bas":9.12,"app_haut":14.26,"app_ech":"maille","app_obs":2,"mai":9.4,"mai_bas":7.61,"mai_haut":11.62,"mai_ech":"maille","mai_obs":24},"geometry":{"type":"Polygon","coordinates":[[[1.858,50.9153],[1.8472,50.9121],[1.8368,50.9158],[1.8303,50.9135],[1.8106,50.8967],[1.8002,50.8909],[1.7846,50.9103],[1.7962,50.9175],[1.8197,50.923],[1.831,50.9274],[1.8411,50.9182],[1.8529,50.922],[1.858,50.9153]]]}},{"type":"Feature","properties":{"code":"62422","nom":"Hébuterne","app":10.46,"app_bas":8.58,"app_haut":12.75,"app_ech":"maille","app_obs":1,"mai":7.89,"mai_bas":6.63,"mai_haut":9.39,"mai_ech":"maille","mai_obs":7},"geometry":{"type":"Polygon","coordinates":[[[2.6181,50.1296],[2.633,50.1364],[2.6475,50.1294],[2.6671,50.1312],[2.6773,50.1249],[2.6754,50.1201],[2.6594,50.1106],[2.6565,50.1003],[2.6475,50.0944],[2.6358,50.1],[2.6306,50.1051],[2.63,50.1132],[2.6193,50.1203],[2.6181,50.1296]]]}},{"type":"Feature","properties":{"code":"62470","nom":"Incourt","app":12.28,"app_bas":9.94,"app_haut":15.19,"app_ech":"maille","app_obs":0,"mai":6.55,"mai_bas":5.3,"mai_haut":8.1,"mai_ech":"maille","mai_obs":6},"geometry":{"type":"Polygon","coordinates":[[[2.1619,50.3877],[2.1523,50.3783],[2.1393,50.384],[2.1442,50.3948],[2.155,50.3949],[2.1619,50.3877]]]}},{"type":"Feature","properties":{"code":"62481","nom":"Labroye","app":10.34,"app_bas":8.62,"app_haut":12.4,"app_ech":"maille","app_obs":0,"mai":7.95,"mai_bas":6.22,"mai_haut":10.15,"mai_ech":"maille","mai_obs":2},"geometry":{"type":"Polygon","coordinates":[[[2.0021,50.2941],[2.0031,50.2843],[1.9941,50.2757],[1.9714,50.2822],[1.9599,50.2905],[1.9753,50.3054],[1.9801,50.3127],[2.0021,50.3074],[2.0021,50.2941]]]}},{"type":"Feature","properties":{"code":"62635","nom":"Offin","app":10.55,"app_bas":8.28,"app_haut":13.43,"app_ech":"maille","app_obs":0,"mai":6.55,"mai_bas":5.3,"mai_haut":8.1,"mai_ech":"maille","mai_obs":2},"geometry":{"type":"Polygon","coordinates":[[[1.9516,50.4316],[1.9366,50.4396],[1.9261,50.457],[1.9312,50.4577],[1.949,50.4462],[1.9583,50.4436],[1.9715,50.4455],[1.9818,50.4395],[1.9748,50.4324],[1.9609,50.4294],[1.9516,50.4316]]]}},{"type":"Feature","properties":{"code":"62654","nom":"Peuplingues","app":11.87,"app_bas":9.33,"app_haut":15.11,"app_ech":"maille","app_obs":28,"mai":9.58,"mai_bas":7.94,"mai_haut":11.55,"mai_ech":"maille","mai_obs":60},"geometry":{"type":"Polygon","coordinates":[[[1.7841,50.9105],[1.7809,50.908],[1.743,50.8943],[1.7394,50.8942],[1.7372,50.904],[1.7358,50.9265],[1.7756,50.9292],[1.7822,50.9279],[1.7884,50.9198],[1.7841,50.9105]]]}},{"type":"Feature","properties":{"code":"62750","nom":"Saint-Hilaire-Cottes","app":10.62,"app_bas":8.75,"app_haut":12.89,"app_ech":"maille","app_obs":1,"mai":7.72,"mai_bas":6.27,"mai_haut":9.51,"mai_ech":"maille","mai_obs":26},"geometry":{"type":"Polygon","coordinates":[[[2.368,50.5614],[2.3776,50.5654],[2.382,50.5772],[2.3959,50.579],[2.4213,50.5782],[2.4282,50.5724],[2.4241,50.5694],[2.4052,50.5612],[2.406,50.5587],[2.3924,50.5532],[2.3908,50.5572],[2.3761,50.5569],[2.368,50.5614]]]}},{"type":"Feature","properties":{"code":"62798","nom":"Sombrin","app":9.5,"app_bas":7.94,"app_haut":11.37,"app_ech":"maille","app_obs":0,"mai":7.71,"mai_bas":6.24,"mai_haut":9.53,"mai_ech":"maille","mai_obs":0},"geometry":{"type":"Polygon","coordinates":[[[2.5175,50.2512],[2.5281,50.235],[2.51,50.2258],[2.4978,50.2229],[2.4861,50.2333],[2.4799,50.2412],[2.4895,50.2432],[2.5076,50.2511],[2.5175,50.2512]]]}},{"type":"Feature","properties":{"code":"62830","nom":"Trescault","app":9.65,"app_bas":8.03,"app_haut":11.6,"app_ech":"maille","app_obs":1,"mai":8.08,"mai_bas":6.65,"mai_haut":9.82,"mai_ech":"maille","mai_obs":1},"geometry":{"type":"Polygon","coordinates":[[[3.0877,50.0756],[3.0783,50.0829],[3.0799,50.0906],[3.0899,50.0941],[3.1046,50.1046],[3.1123,50.1036],[3.1141,50.0924],[3.1034,50.0785],[3.0883,50.0831],[3.0877,50.0756]]]}},{"type":"Feature","properties":{"code":"62084","nom":"Barly","app":11.7,"app_bas":9.51,"app_haut":14.4,"app_ech":"maille","app_obs":2,"mai":7.71,"mai_bas":6.24,"mai_haut":9.53,"mai_ech":"maille","mai_obs":8},"geometry":{"type":"Polygon","coordinates":[[[2.5419,50.2624],[2.5552,50.2648],[2.5552,50.2473],[2.5454,50.2375],[2.5481,50.2352],[2.5433,50.2318],[2.5281,50.235],[2.5185,50.2496],[2.5327,50.2603],[2.5419,50.2624]]]}},{"type":"Feature","properties":{"code":"62166","nom":"Bours","app":9.67,"app_bas":7.93,"app_haut":11.79,"app_ech":"maille","app_obs":1,"mai":8.64,"mai_bas":6.92,"mai_haut":10.79,"mai_ech":"maille","mai_obs":23},"geometry":{"type":"Polygon","coordinates":[[[2.3756,50.4522],[2.3728,50.4616],[2.3776,50.4658],[2.4007,50.4709],[2.4218,50.4556],[2.4331,50.4619],[2.4394,50.4593],[2.4318,50.4436],[2.4227,50.4318],[2.4201,50.4198],[2.4138,50.4184],[2.4089,50.4206],[2.4106,50.4352],[2.3982,50.4439],[2.3806,50.4483],[2.3756,50.4522]]]}},{"type":"Feature","properties":{"code":"62228","nom":"Clerques","app":10.11,"app_bas":8.34,"app_haut":12.27,"app_ech":"maille","app_obs":0,"mai":8.78,"mai_bas":7.29,"mai_haut":10.58,"mai_ech":"maille","mai_obs":1},"geometry":{"type":"Polygon","coordinates":[[[1.9989,50.7887],[1.9882,50.7912],[1.9786,50.7887],[1.9756,50.7795],[1.9563,50.7719],[1.9628,50.7837],[1.9661,50.7984],[1.9745,50.797],[1.9758,50.8061],[2.0024,50.8091],[2.0065,50.8011],[2.016,50.7991],[1.9989,50.7887]]]}},{"type":"Feature","properties":{"code":"62283","nom":"Écoivres","app":12.28,"app_bas":9.94,"app_haut":15.19,"app_ech":"maille","app_obs":1,"mai":6.94,"mai_bas":5.65,"mai_haut":8.51,"mai_ech":"maille","mai_obs":0},"geometry":{"type":"Polygon","coordinates":[[[2.2775,50.3321],[2.2841,50.3283],[2.2955,50.3288],[2.2933,50.3165],[2.2835,50.3168],[2.2756,50.3208],[2.2719,50.33],[2.2775,50.3321]]]}},{"type":"Feature","properties":{"code":"62290","nom":"Écurie","app":11.99,"app_bas":10.17,"app_haut":14.13,"app_ech":"maille","app_obs":32,"mai":9.73,"mai_bas":7.52,"mai_haut":12.6,"mai_ech":"maille","mai_obs":6},"geometry":{"type":"Polygon","coordinates":[[[2.7542,50.3354],[2.7592,50.3396],[2.7753,50.3443],[2.7814,50.3395],[2.772,50.3209],[2.758,50.3237],[2.7542,50.3354]]]}},{"type":"Feature","properties":{"code":"62328","nom":"Ferfay","app":10.42,"app_bas":8.65,"app_haut":12.56,"app_ech":"maille","app_obs":1,"mai":7.89,"mai_bas":6.31,"mai_haut":9.86,"mai_ech":"maille","mai_obs":61},"geometry":{"type":"Polygon","coordinates":[[[2.4286,50.5099],[2.4198,50.5103],[2.4132,50.5185],[2.4381,50.5357],[2.4415,50.5339],[2.4471,50.5256],[2.4444,50.5174],[2.4286,50.5099]]]}},{"type":"Feature","properties":{"code":"62491","nom":"Laventie","app":11.77,"app_bas":9.73,"app_haut":14.25,"app_ech":"commune","app_obs":251,"mai":9.88,"mai_bas":7.84,"mai_haut":12.45,"mai_ech":"commune","mai_obs":159},"geometry":{"type":"Polygon","coordinates":[[[2.7921,50.5863],[2.777,50.5949],[2.7693,50.5832],[2.7515,50.6069],[2.7483,50.6131],[2.7574,50.6182],[2.7525,50.6279],[2.7662,50.634],[2.7836,50.629],[2.7946,50.635],[2.8286,50.6188],[2.8052,50.6033],[2.7921,50.5863]]]}},{"type":"Feature","properties":{"code":"62536","nom":"Magnicourt-en-Comte","app":9.67,"app_bas":7.93,"app_haut":11.79,"app_ech":"maille","app_obs":9,"mai":8.07,"mai_bas":6.73,"mai_haut":9.66,"mai_ech":"maille","mai_obs":15},"geometry":{"type":"Polygon","coordinates":[[[2.4866,50.4187],[2.5031,50.4145],[2.5088,50.4109],[2.5139,50.4007],[2.5054,50.3938],[2.4781,50.3924],[2.4624,50.3853],[2.4591,50.3878],[2.4639,50.391],[2.4512,50.4072],[2.4511,50.4118],[2.4585,50.4156],[2.4717,50.4116],[2.4866,50.4187]]]}},{"type":"Feature","properties":{"code":"62570","nom":"Méricourt","app":11.38,"app_bas":9.5,"app_haut":13.64,"app_ech":"commune","app_obs":175,"mai":9.43,"mai_bas":7.64,"mai_haut":11.63,"mai_ech":"commune","mai_obs":168},"geometry":{"type":"Polygon","coordinates":[[[2.8512,50.3805],[2.8444,50.3842],[2.85,50.3926],[2.8502,50.4062],[2.8591,50.4107],[2.8687,50.4096],[2.8873,50.4187],[2.8905,50.4179],[2.8909,50.4107],[2.8859,50.3933],[2.87,50.3882],[2.864,50.3807],[2.8512,50.3805]]]}},{"type":"Feature","properties":{"code":"62631","nom":"Nuncq-Hautecôte","app":12.28,"app_bas":9.94,"app_haut":15.19,"app_ech":"maille","app_obs":1,"mai":6.94,"mai_bas":5.65,"mai_haut":8.51,"mai_ech":"maille","mai_obs":21},"geometry":{"type":"Polygon","coordinates":[[[2.2605,50.3126],[2.2756,50.3208],[2.2835,50.3168],[2.3108,50.3147],[2.3116,50.3097],[2.2996,50.294],[2.2811,50.2949],[2.2656,50.302],[2.2605,50.3126]]]}},{"type":"Feature","properties":{"code":"62752","nom":"Saint-Josse","app":12.48,"app_bas":9.26,"app_haut":16.82,"app_ech":"maille","app_obs":9,"mai":10.61,"mai_bas":8.06,"mai_haut":13.97,"mai_ech":"maille","mai_obs":11},"geometry":{"type":"Polygon","coordinates":[[[1.6303,50.4696],[1.6334,50.4837],[1.6443,50.5009],[1.6406,50.5088],[1.6628,50.5065],[1.6738,50.5028],[1.6873,50.5017],[1.6895,50.5009],[1.6951,50.4919],[1.6934,50.4837],[1.6984,50.4721],[1.6978,50.4671],[1.6943,50.4571],[1.6783,50.4604],[1.6672,50.4648],[1.657,50.4595],[1.6502,50.4608],[1.6343,50.4609],[1.6288,50.4633],[1.6303,50.4696]]]}},{"type":"Feature","properties":{"code":"62087","nom":"Bayenghem-lès-Éperlecques","app":10.91,"app_bas":8.39,"app_haut":14.21,"app_ech":"maille","app_obs":3,"mai":8.55,"mai_bas":7.19,"mai_haut":10.18,"mai_ech":"maille","mai_obs":22},"geometry":{"type":"Polygon","coordinates":[[[2.1008,50.7918],[2.1077,50.8034],[2.101,50.8055],[2.1058,50.8095],[2.1048,50.8162],[2.129,50.8178],[2.1337,50.8055],[2.1117,50.7944],[2.1083,50.79],[2.1008,50.7918]]]}},{"type":"Feature","properties":{"code":"62162","nom":"Bourecq","app":10.08,"app_bas":8.32,"app_haut":12.21,"app_ech":"maille","app_obs":2,"mai":7.94,"mai_bas":6.5,"mai_haut":9.71,"mai_ech":"maille","mai_obs":30},"geometry":{"type":"Polygon","coordinates":[[[2.451,50.5692],[2.4327,50.5645],[2.4241,50.5694],[2.4282,50.5724],[2.4213,50.5782],[2.4233,50.5865],[2.4317,50.5905],[2.4456,50.5846],[2.4426,50.5824],[2.451,50.5692]]]}},{"type":"Feature","properties":{"code":"62313","nom":"Estrée-Blanche","app":9.54,"app_bas":7.94,"app_haut":11.47,"app_ech":"maille","app_obs":1,"mai":7.12,"mai_bas":5.9,"mai_haut":8.6,"mai_ech":"maille","mai_obs":84},"geometry":{"type":"Polygon","coordinates":[[[2.3244,50.5799],[2.315,50.5879],[2.305,50.5906],[2.3061,50.5972],[2.3015,50.6071],[2.3174,50.6082],[2.3233,50.6048],[2.3255,50.5982],[2.34,50.5902],[2.3441,50.5846],[2.3404,50.58],[2.3244,50.5799]]]}},{"type":"Feature","properties":{"code":"62437","nom":"Herly","app":10.34,"app_bas":8.62,"app_haut":12.4,"app_ech":"maille","app_obs":1,"mai":7.86,"mai_bas":6.43,"mai_haut":9.62,"mai_ech":"maille","mai_obs":22},"geometry":{"type":"Polygon","coordinates":[[[1.963,50.5207],[1.9651,50.5248],[1.9518,50.5289],[1.9517,50.5362],[1.9537,50.5401],[1.9753,50.546],[1.9754,50.5529],[1.9677,50.5614],[1.9794,50.5671],[2.0046,50.5624],[2.0017,50.5565],[2.0151,50.5486],[2.0224,50.542],[2.0316,50.543],[2.0331,50.5342],[2.0242,50.5286],[2.0129,50.526],[1.9982,50.5314],[1.9831,50.5217],[1.963,50.5207]]]}},{"type":"Feature","properties":{"code":"62453","nom":"Hézecques","app":9.54,"app_bas":7.94,"app_haut":11.47,"app_ech":"maille","app_obs":0,"mai":7.86,"mai_bas":6.43,"mai_haut":9.62,"mai_ech":"maille","mai_obs":8},"geometry":{"type":"Polygon","coordinates":[[[2.1643,50.531],[2.1675,50.5367],[2.1998,50.5434],[2.2105,50.5473],[2.214,50.5439],[2.2139,50.5338],[2.2015,50.5296],[2.1934,50.5224],[2.1702,50.5278],[2.1643,50.531]]]}},{"type":"Feature","properties":{"code":"62899","nom":"Wissant","app":11.87,"app_bas":9.33,"app_haut":15.11,"app_ech":"maille","app_obs":19,"mai":9.58,"mai_bas":7.94,"mai_haut":11.55,"mai_ech":"maille","mai_obs":34},"geometry":{"type":"Polygon","coordinates":[[[1.6362,50.877],[1.6641,50.8901],[1.6752,50.8988],[1.6927,50.9154],[1.7123,50.9031],[1.715,50.8986],[1.7034,50.8875],[1.7011,50.8759],[1.6776,50.8699],[1.6732,50.862],[1.6668,50.8596],[1.6645,50.8679],[1.6674,50.8764],[1.6362,50.877]]]}},{"type":"Feature","properties":{"code":"62088","nom":"Bayenghem-lès-Seninghem","app":10.91,"app_bas":8.91,"app_haut":13.35,"app_ech":"maille","app_obs":2,"mai":8.25,"mai_bas":6.85,"mai_haut":9.93,"mai_ech":"maille","mai_obs":11},"geometry":{"type":"Polygon","coordinates":[[[2.0893,50.7096],[2.0912,50.6996],[2.0642,50.695],[2.0656,50.705],[2.0623,50.7156],[2.0806,50.7129],[2.0893,50.7096]]]}},{"type":"Feature","properties":{"code":"62150","nom":"Boisjean","app":12.26,"app_bas":9.75,"app_haut":15.41,"app_ech":"maille","app_obs":0,"mai":8.82,"mai_bas":6.89,"mai_haut":11.29,"mai_ech":"maille","mai_obs":9},"geometry":{"type":"Polygon","coordinates":[[[1.7573,50.4166],[1.7583,50.4229],[1.7725,50.4253],[1.7854,50.4244],[1.7944,50.4278],[1.8042,50.4222],[1.812,50.4267],[1.8179,50.4217],[1.8112,50.4162],[1.816,50.4121],[1.8121,50.4091],[1.7968,50.4075],[1.7905,50.3964],[1.782,50.3855],[1.7688,50.3832],[1.765,50.3885],[1.7537,50.3909],[1.7612,50.3964],[1.7538,50.4028],[1.7573,50.4166]]]}},{"type":"Feature","properties":{"code":"62357","nom":"Fresnoy","app":12.28,"app_bas":9.94,"app_haut":15.19,"app_ech":"maille","app_obs":0,"mai":6.55,"mai_bas":5.3,"mai_haut":8.1,"mai_ech":"maille","mai_obs":2},"geometry":{"type":"Polygon","coordinates":[[[2.1393,50.384],[2.1523,50.3783],[2.1363,50.3621],[2.1276,50.3666],[2.1301,50.3802],[2.1393,50.384]]]}},{"type":"Feature","properties":{"code":"62441","nom":"Hermin","app":11.6,"app_bas":9.64,"app_haut":13.95,"app_ech":"maille","app_obs":3,"mai":8.07,"mai_bas":6.73,"mai_haut":9.66,"mai_ech":"maille","mai_obs":7},"geometry":{"type":"Polygon","coordinates":[[[2.5433,50.4001],[2.5326,50.4122],[2.5535,50.4243],[2.5612,50.4263],[2.5721,50.4206],[2.5718,50.4156],[2.5433,50.4001]]]}},{"type":"Feature","properties":{"code":"62443","nom":"Hersin-Coupigny","app":10.44,"app_bas":8.53,"app_haut":12.77,"app_ech":"commune","app_obs":125,"mai":8.23,"mai_bas":6.66,"mai_haut":10.16,"mai_ech":"commune","mai_obs":157},"geometry":{"type":"Polygon","coordinates":[[[2.6102,50.4384],[2.6312,50.4558],[2.6389,50.4663],[2.653,50.4634],[2.666,50.4634],[2.6745,50.4611],[2.6618,50.4381],[2.6489,50.4302],[2.6464,50.4234],[2.6305,50.4261],[2.6107,50.433],[2.6102,50.4384]]]}},{"type":"Feature","properties":{"code":"62566","nom":"Menneville","app":10.91,"app_bas":8.91,"app_haut":13.35,"app_ech":"maille","app_obs":1,"mai":9.06,"mai_bas":7.45,"mai_haut":11.02,"mai_ech":"maille","mai_obs":20},"geometry":{"type":"Polygon","coordinates":[[[1.8665,50.6875],[1.8783,50.6867],[1.8736,50.6739],[1.8738,50.6571],[1.8701,50.6563],[1.8505,50.6678],[1.8391,50.6778],[1.8524,50.6836],[1.8665,50.6875]]]}},{"type":"Feature","properties":{"code":"62581","nom":"Monchy-Cayeux","app":9.54,"app_bas":7.94,"app_haut":11.47,"app_ech":"maille","app_obs":0,"mai":7.02,"mai_bas":5.61,"mai_haut":8.77,"mai_ech":"maille","mai_obs":10},"geometry":{"type":"Polygon","coordinates":[[[2.3038,50.4421],[2.3019,50.432],[2.298,50.428],[2.2686,50.4212],[2.2557,50.432],[2.2737,50.4449],[2.2881,50.446],[2.3038,50.4421]]]}},{"type":"Feature","properties":{"code":"62853","nom":"Vieil-Moutier","app":10.91,"app_bas":8.91,"app_haut":13.35,"app_ech":"maille","app_obs":12,"mai":9.06,"mai_bas":7.45,"mai_haut":11.02,"mai_ech":"maille","mai_obs":16},"geometry":{"type":"Polygon","coordinates":[[[1.8995,50.6799],[1.9124,50.6809],[1.9216,50.6711],[1.9282,50.6556],[1.9211,50.6475],[1.9024,50.6495],[1.9004,50.6566],[1.8939,50.6627],[1.8935,50.6691],[1.9052,50.6706],[1.8995,50.6799]]]}},{"type":"Feature","properties":{"code":"62859","nom":"Villers-l'Hôpital","app":9.45,"app_bas":7.87,"app_haut":11.35,"app_ech":"maille","app_obs":1,"mai":6.94,"mai_bas":5.65,"mai_haut":8.51,"mai_ech":"maille","mai_obs":6},"geometry":{"type":"Polygon","coordinates":[[[2.2078,50.2445],[2.2289,50.2429],[2.2338,50.2271],[2.2244,50.2174],[2.1999,50.2152],[2.1899,50.2166],[2.1842,50.2206],[2.1845,50.2302],[2.1961,50.2357],[2.2035,50.2444],[2.2078,50.2445]]]}},{"type":"Feature","properties":{"code":"62040","nom":"Arques","app":11.45,"app_bas":9.45,"app_haut":13.87,"app_ech":"commune","app_obs":393,"mai":8.57,"mai_bas":7.1,"mai_haut":10.34,"mai_ech":"commune","mai_obs":385},"geometry":{"type":"Polygon","coordinates":[[[2.2712,50.7331],[2.2856,50.7434],[2.2786,50.7464],[2.2862,50.7458],[2.2973,50.7559],[2.3029,50.7514],[2.3279,50.7577],[2.323,50.7628],[2.3316,50.7669],[2.3561,50.7718],[2.3573,50.7638],[2.3644,50.759],[2.3636,50.7516],[2.3472,50.7421],[2.3409,50.7409],[2.3397,50.7307],[2.3293,50.725],[2.3274,50.7176],[2.3173,50.7063],[2.3048,50.7105],[2.305,50.7137],[2.2921,50.724],[2.2771,50.7278],[2.2712,50.7331]]]}},{"type":"Feature","properties":{"code":"62284","nom":"Écourt-Saint-Quentin","app":11.46,"app_bas":8.73,"app_haut":15.04,"app_ech":"maille","app_obs":31,"mai":9.45,"mai_bas":7.67,"mai_haut":11.64,"mai_ech":"maille","mai_obs":86},"geometry":{"type":"Polygon","coordinates":[[[3.0423,50.2509],[3.0402,50.2628],[3.0364,50.2694],[3.045,50.2751],[3.0546,50.2753],[3.0622,50.2718],[3.0833,50.2701],[3.0929,50.2632],[3.0922,50.2562],[3.0645,50.247],[3.046,50.2436],[3.0423,50.2509]]]}},{"type":"Feature","properties":{"code":"62311","nom":"Estevelles","app":11.84,"app_bas":9.82,"app_haut":14.28,"app_ech":"maille","app_obs":5,"mai":9.28,"mai_bas":7.46,"mai_haut":11.55,"mai_ech":"maille","mai_obs":26},"geometry":{"type":"Polygon","coordinates":[[[2.8973,50.4824],[2.9112,50.4894],[2.9244,50.4828],[2.9136,50.4785],[2.9101,50.4688],[2.8998,50.4697],[2.8926,50.4753],[2.8973,50.4824]]]}},{"type":"Feature","properties":{"code":"62388","nom":"Grigny","app":10.34,"app_bas":8.62,"app_haut":12.4,"app_ech":"maille","app_obs":0,"mai":7.95,"mai_bas":6.22,"mai_haut":10.15,"mai_ech":"maille","mai_obs":6},"geometry":{"type":"Polygon","coordinates":[[[2.0615,50.3946],[2.0727,50.3821],[2.0739,50.3752],[2.0637,50.3738],[2.0513,50.3798],[2.0584,50.3843],[2.0615,50.3946]]]}},{"type":"Feature","properties":{"code":"62424","nom":"Hendecourt-lès-Cagnicourt","app":9.74,"app_bas":8.03,"app_haut":11.8,"app_ech":"maille","app_obs":1,"mai":8.61,"mai_bas":7,"mai_haut":10.59,"mai_ech":"maille","mai_obs":16},"geometry":{"type":"Polygon","coordinates":[[[2.9495,50.1967],[2.9251,50.2067],[2.9233,50.2133],[2.9287,50.222],[2.9387,50.2273],[2.95,50.2275],[2.9538,50.2315],[2.9712,50.2221],[2.9774,50.2141],[2.9719,50.2096],[2.961,50.2076],[2.9536,50.2035],[2.9495,50.1967]]]}},{"type":"Feature","properties":{"code":"62431","nom":"Herbelles","app":null,"app_bas":null,"app_haut":null,"app_ech":null,"app_obs":0,"mai":null,"mai_bas":null,"mai_haut":null,"mai_ech":null,"mai_obs":0},"geometry":{"type":"Polygon","coordinates":[[[2.2411,50.6463],[2.2267,50.6444],[2.2254,50.6479],[2.2023,50.6475],[2.2064,50.6578],[2.2193,50.6613],[2.2186,50.6672],[2.2291,50.6687],[2.2405,50.6571],[2.2411,50.6463]]]}},{"type":"Feature","properties":{"code":"62554","nom":"Maresville","app":12.71,"app_bas":10.32,"app_haut":15.65,"app_ech":"maille","app_obs":0,"mai":10.37,"mai_bas":8.54,"mai_haut":12.59,"mai_ech":"maille","mai_obs":0},"geometry":{"type":"Polygon","coordinates":[[[1.7179,50.5215],[1.7199,50.5258],[1.7144,50.5339],[1.7253,50.5295],[1.7441,50.5283],[1.7486,50.5234],[1.7422,50.5164],[1.7321,50.5152],[1.7179,50.5215]]]}},{"type":"Feature","properties":{"code":"62627","nom":"Noyelles-sous-Bellonne","app":11.46,"app_bas":8.73,"app_haut":15.04,"app_ech":"maille","app_obs":15,"mai":10.32,"mai_bas":8.24,"mai_haut":12.92,"mai_ech":"maille","mai_obs":27},"geometry":{"type":"Polygon","coordinates":[[[3.0147,50.3189],[3.0213,50.321],[3.0303,50.318],[3.0431,50.3196],[3.0351,50.3141],[3.0369,50.3079],[3.0287,50.3029],[3.0153,50.2982],[3.0015,50.3038],[3.0147,50.3189]]]}},{"type":"Feature","properties":{"code":"62836","nom":"Vaudricourt","app":10.8,"app_bas":8.83,"app_haut":13.21,"app_ech":"maille","app_obs":10,"mai":9.07,"mai_bas":7.43,"mai_haut":11.07,"mai_ech":"maille","mai_obs":25},"geometry":{"type":"Polygon","coordinates":[[[2.6057,50.4909],[2.6048,50.4957],[2.61,50.5038],[2.6277,50.5115],[2.6317,50.5075],[2.631,50.4969],[2.6163,50.4884],[2.6057,50.4909]]]}},{"type":"Feature","properties":{"code":"62852","nom":"Vieille-Église","app":11.4,"app_bas":9.12,"app_haut":14.26,"app_ech":"maille","app_obs":24,"mai":8.91,"mai_bas":7.47,"mai_haut":10.63,"mai_ech":"maille","mai_obs":65},"geometry":{"type":"Polygon","coordinates":[[[2.0922,50.9733],[2.081,50.9542],[2.0853,50.9412],[2.1037,50.9236],[2.11,50.9079],[2.1021,50.8975],[2.0828,50.9028],[2.0677,50.9034],[2.0621,50.911],[2.0521,50.9303],[2.0528,50.9488],[2.0455,50.964],[2.0922,50.9733]]]}},{"type":"Feature","properties":{"code":"62016","nom":"Airon-Saint-Vaast","app":12.26,"app_bas":9.75,"app_haut":15.41,"app_ech":"maille","app_obs":1,"mai":10.61,"mai_bas":8.06,"mai_haut":13.97,"mai_ech":"maille","mai_obs":2},"geometry":{"type":"Polygon","coordinates":[[[1.6454,50.4342],[1.6632,50.4348],[1.6925,50.4385],[1.6943,50.4342],[1.69,50.425],[1.6926,50.4198],[1.6877,50.4137],[1.6692,50.4223],[1.6464,50.4224],[1.6454,50.4342]]]}},{"type":"Feature","properties":{"code":"62111","nom":"Berlencourt-le-Cauroy","app":9.5,"app_bas":7.94,"app_haut":11.37,"app_ech":"maille","app_obs":2,"mai":7.71,"mai_bas":6.24,"mai_haut":9.53,"mai_ech":"maille","mai_obs":6},"geometry":{"type":"Polygon","coordinates":[[[2.4343,50.289],[2.4366,50.2819],[2.429,50.2736],[2.4456,50.2651],[2.4408,50.2556],[2.4288,50.2553],[2.4143,50.2592],[2.4084,50.2757],[2.4037,50.281],[2.4039,50.2846],[2.4141,50.2938],[2.4236,50.2889],[2.4343,50.289]]]}},{"type":"Feature","properties":{"code":"62127","nom":"Bezinghem","app":12.71,"app_bas":10.32,"app_haut":15.65,"app_ech":"maille","app_obs":5,"mai":9.14,"mai_bas":7.53,"mai_haut":11.09,"mai_ech":"maille","mai_obs":8},"geometry":{"type":"Polygon","coordinates":[[[1.8292,50.5751],[1.8161,50.5901],[1.8191,50.5952],[1.8389,50.608],[1.843,50.6149],[1.8646,50.6221],[1.874,50.6175],[1.8621,50.6086],[1.8674,50.6032],[1.8911,50.6031],[1.9018,50.5997],[1.902,50.5983],[1.8715,50.5918],[1.8601,50.586],[1.8444,50.5832],[1.8292,50.5751]]]}},{"type":"Feature","properties":{"code":"62161","nom":"Bouquehault","app":10.11,"app_bas":8.34,"app_haut":12.27,"app_ech":"maille","app_obs":0,"mai":8.78,"mai_bas":7.29,"mai_haut":10.58,"mai_ech":"maille","mai_obs":14},"geometry":{"type":"Polygon","coordinates":[[[1.9145,50.8337],[1.9265,50.8227],[1.9162,50.8115],[1.8997,50.8049],[1.896,50.7951],[1.8802,50.8014],[1.8783,50.8162],[1.8911,50.8287],[1.9145,50.8337]]]}},{"type":"Feature","properties":{"code":"62222","nom":"Chériennes","app":12.28,"app_bas":9.94,"app_haut":15.19,"app_ech":"maille","app_obs":0,"mai":7.49,"mai_bas":5.85,"mai_haut":9.6,"mai_ech":"maille","mai_obs":12},"geometry":{"type":"Polygon","coordinates":[[[2.0531,50.3077],[2.0442,50.3024],[2.0173,50.301],[2.0153,50.3104],[2.023,50.3202],[2.0439,50.3204],[2.0549,50.3223],[2.0505,50.3134],[2.0531,50.3077]]]}},{"type":"Feature","properties":{"code":"62327","nom":"Febvin-Palfart","app":10.62,"app_bas":8.75,"app_haut":12.89,"app_ech":"maille","app_obs":10,"mai":7.12,"mai_bas":5.9,"mai_haut":8.6,"mai_ech":"maille","mai_obs":15},"geometry":{"type":"Polygon","coordinates":[[[2.2673,50.5206],[2.2718,50.5265],[2.2849,50.5332],[2.2849,50.5377],[2.2909,50.5455],[2.3115,50.5656],[2.3191,50.5645],[2.3163,50.5503],[2.3264,50.5459],[2.3345,50.5361],[2.3256,50.5285],[2.3225,50.5199],[2.3135,50.5187],[2.2932,50.5084],[2.2787,50.5139],[2.2673,50.5206]]]}},{"type":"Feature","properties":{"code":"62333","nom":"Fiefs","app":9.54,"app_bas":7.94,"app_haut":11.47,"app_ech":"maille","app_obs":0,"mai":7.12,"mai_bas":5.9,"mai_haut":8.6,"mai_ech":"maille","mai_obs":12},"geometry":{"type":"Polygon","coordinates":[[[2.3032,50.4908],[2.2967,50.5056],[2.2932,50.5084],[2.3135,50.5187],[2.3225,50.5199],[2.3306,50.5163],[2.3451,50.5127],[2.3381,50.5085],[2.3433,50.5007],[2.345,50.4883],[2.3343,50.4825],[2.3321,50.4782],[2.329,50.4772],[2.3087,50.4858],[2.3027,50.4831],[2.3032,50.4908]]]}},{"type":"Feature","properties":{"code":"62340","nom":"Floringhem","app":11.09,"app_bas":9.15,"app_haut":13.43,"app_ech":"maille","app_obs":3,"mai":7.89,"mai_bas":6.31,"mai_haut":9.86,"mai_ech":"maille","mai_obs":47},"geometry":{"type":"Polygon","coordinates":[[[2.4286,50.5099],[2.4339,50.5122],[2.4394,50.5017],[2.4489,50.4942],[2.4422,50.492],[2.4279,50.4827],[2.4103,50.4964],[2.4187,50.5047],[2.4286,50.5099]]]}},{"type":"Feature","properties":{"code":"62548","nom":"Marck","app":11.74,"app_bas":9.39,"app_haut":14.67,"app_ech":"commune","app_obs":110,"mai":9.97,"mai_bas":8.11,"mai_haut":12.26,"mai_ech":"commune","mai_obs":205},"geometry":{"type":"Polygon","coordinates":[[[1.9782,50.9185],[1.9608,50.9136],[1.9494,50.9204],[1.9264,50.9184],[1.9219,50.9145],[1.9088,50.9221],[1.9317,50.9301],[1.923,50.9436],[1.9178,50.97],[1.9124,50.9826],[1.9392,50.9879],[1.9598,50.9872],[1.9729,50.9896],[1.9804,50.9795],[1.9803,50.9693],[1.9949,50.9536],[1.9916,50.9484],[1.9807,50.95],[1.9676,50.9483],[1.962,50.9452],[1.9782,50.9185]]]}},{"type":"Feature","properties":{"code":"62607","nom":"Neuville-au-Cornet","app":9.45,"app_bas":7.87,"app_haut":11.35,"app_ech":"maille","app_obs":0,"mai":7.61,"mai_bas":6.28,"mai_haut":9.23,"mai_ech":"maille","mai_obs":0},"geometry":{"type":"Polygon","coordinates":[[[2.3721,50.3272],[2.3503,50.3344],[2.3602,50.3414],[2.3852,50.3367],[2.3876,50.3314],[2.3721,50.3272]]]}},{"type":"Feature","properties":{"code":"62702","nom":"Remilly-Wirquin","app":10.7,"app_bas":8.87,"app_haut":12.9,"app_ech":"maille","app_obs":1,"mai":7.86,"mai_bas":6.43,"mai_haut":9.62,"mai_ech":"maille","mai_obs":26},"geometry":{"type":"Polygon","coordinates":[[[2.1526,50.6655],[2.1711,50.6786],[2.1732,50.6838],[2.182,50.6818],[2.1894,50.686],[2.1901,50.6813],[2.1952,50.6757],[2.1923,50.6692],[2.1889,50.6649],[2.1764,50.6624],[2.1636,50.6513],[2.1619,50.661],[2.1526,50.6655]]]}},{"type":"Feature","properties":{"code":"62705","nom":"Rety","app":12.1,"app_bas":9.69,"app_haut":15.11,"app_ech":"maille","app_obs":15,"mai":8.78,"mai_bas":7.29,"mai_haut":10.58,"mai_ech":"maille","mai_obs":61},"geometry":{"type":"Polygon","coordinates":[[[1.7775,50.7666],[1.7774,50.7729],[1.7663,50.782],[1.7635,50.7882],[1.7416,50.7939],[1.7664,50.8129],[1.765,50.816],[1.7953,50.82],[1.8066,50.8113],[1.804,50.7971],[1.8197,50.7858],[1.8208,50.7831],[1.8175,50.7776],[1.7893,50.766],[1.7775,50.7666]]]}},{"type":"Feature","properties":{"code":"62776","nom":"Sapignies","app":10.5,"app_bas":8.4,"app_haut":13.13,"app_ech":"maille","app_obs":2,"mai":7.64,"mai_bas":6.13,"mai_haut":9.51,"mai_ech":"maille","mai_obs":10},"geometry":{"type":"Polygon","coordinates":[[[2.8169,50.1313],[2.8425,50.1412],[2.8449,50.145],[2.8505,50.1398],[2.8517,50.1369],[2.8444,50.1266],[2.8446,50.1218],[2.8232,50.125],[2.8169,50.1313]]]}},{"type":"Feature","properties":{"code":"62882","nom":"Wavrans-sur-l'Aa","app":11.09,"app_bas":9.14,"app_haut":13.46,"app_ech":"maille","app_obs":1,"mai":8.25,"mai_bas":6.85,"mai_haut":9.93,"mai_ech":"maille","mai_obs":54},"geometry":{"type":"Polygon","coordinates":[[[2.1732,50.6838],[2.1711,50.6786],[2.1526,50.6655],[2.1373,50.6627],[2.1241,50.6532],[2.1123,50.659],[2.1013,50.67],[2.1241,50.6811],[2.1447,50.6937],[2.1524,50.6945],[2.1658,50.6892],[2.1732,50.6838]]]}},{"type":"Feature","properties":{"code":"62028","nom":"Ames","app":9.54,"app_bas":7.94,"app_haut":11.47,"app_ech":"maille","app_obs":2,"mai":7.72,"mai_bas":6.27,"mai_haut":9.51,"mai_ech":"maille","mai_obs":36},"geometry":{"type":"Polygon","coordinates":[[[2.4189,50.5228],[2.3922,50.5422],[2.3946,50.5436],[2.4014,50.5419],[2.4118,50.5456],[2.4257,50.5384],[2.4357,50.5373],[2.4381,50.5357],[2.4189,50.5228]]]}},{"type":"Feature","properties":{"code":"62319","nom":"Éterpigny","app":11.46,"app_bas":8.73,"app_haut":15.04,"app_ech":"maille","app_obs":1,"mai":8.61,"mai_bas":7,"mai_haut":10.59,"mai_ech":"maille","mai_obs":5},"geometry":{"type":"Polygon","coordinates":[[[2.9788,50.2712],[2.9809,50.2649],[2.9945,50.2556],[2.986,50.2421],[2.9706,50.2475],[2.9676,50.2538],[2.9727,50.2615],[2.9692,50.2675],[2.9788,50.2712]]]}},{"type":"Feature","properties":{"code":"62379","nom":"Gouy-en-Artois","app":11.7,"app_bas":9.51,"app_haut":14.4,"app_ech":"maille","app_obs":0,"mai":7.61,"mai_bas":6.14,"mai_haut":9.44,"mai_ech":"maille","mai_obs":9},"geometry":{"type":"Polygon","coordinates":[[[2.5961,50.2215],[2.5897,50.2186],[2.5828,50.232],[2.5662,50.2371],[2.5528,50.2365],[2.5793,50.25],[2.5845,50.2608],[2.5919,50.2649],[2.6122,50.2515],[2.6092,50.2422],[2.6109,50.2299],[2.5961,50.2215]]]}},{"type":"Feature","properties":{"code":"62430","nom":"Hénu","app":9.5,"app_bas":7.94,"app_haut":11.37,"app_ech":"maille","app_obs":0,"mai":7.61,"mai_bas":6.14,"mai_haut":9.44,"mai_ech":"maille","mai_obs":0},"geometry":{"type":"Polygon","coordinates":[[[2.5118,50.1637],[2.5301,50.1679],[2.5322,50.1647],[2.5465,50.1627],[2.5545,50.1592],[2.5388,50.148],[2.5255,50.1453],[2.5118,50.1637]]]}},{"type":"Feature","properties":{"code":"62467","nom":"Humerœuille","app":9.67,"app_bas":7.93,"app_haut":11.79,"app_ech":"maille","app_obs":0,"mai":7.02,"mai_bas":5.61,"mai_haut":8.77,"mai_ech":"maille","mai_obs":8},"geometry":{"type":"Polygon","coordinates":[[[2.2102,50.3969],[2.1999,50.4058],[2.2039,50.4098],[2.1986,50.4188],[2.2056,50.4227],[2.2134,50.4149],[2.225,50.4061],[2.226,50.4021],[2.2165,50.397],[2.2102,50.3969]]]}},{"type":"Feature","properties":{"code":"62565","nom":"Mencas","app":10.7,"app_bas":8.53,"app_haut":13.42,"app_ech":"maille","app_obs":0,"mai":7.86,"mai_bas":6.43,"mai_haut":9.62,"mai_ech":"maille","mai_obs":0},"geometry":{"type":"Polygon","coordinates":[[[2.1506,50.5657],[2.1516,50.566],[2.1584,50.5616],[2.1563,50.5533],[2.1379,50.5478],[2.1313,50.5568],[2.1506,50.5657]]]}},{"type":"Feature","properties":{"code":"62690","nom":"Raye-sur-Authie","app":10.34,"app_bas":8.62,"app_haut":12.4,"app_ech":"maille","app_obs":0,"mai":7.95,"mai_bas":6.22,"mai_haut":10.15,"mai_ech":"maille","mai_obs":9},"geometry":{"type":"Polygon","coordinates":[[[1.9456,50.2877],[1.9364,50.3015],[1.9588,50.3123],[1.9639,50.3181],[1.9706,50.3204],[1.9776,50.3138],[1.9801,50.3127],[1.9753,50.3054],[1.9599,50.2905],[1.9518,50.2854],[1.9456,50.2877]]]}},{"type":"Feature","properties":{"code":"62765","nom":"Saint-Omer","app":10.84,"app_bas":8.76,"app_haut":13.42,"app_ech":"commune","app_obs":4411,"mai":8.45,"mai_bas":6.67,"mai_haut":10.7,"mai_ech":"commune","mai_obs":815},"geometry":{"type":"Polygon","coordinates":[[[2.2428,50.7965],[2.2548,50.788],[2.2685,50.7837],[2.2879,50.787],[2.2886,50.777],[2.2849,50.7676],[2.3008,50.7653],[2.2973,50.7559],[2.2862,50.7458],[2.2658,50.7475],[2.2577,50.7397],[2.2445,50.747],[2.2457,50.76],[2.2367,50.7689],[2.2442,50.7706],[2.2412,50.7792],[2.2318,50.7851],[2.2287,50.7916],[2.2428,50.7965]]]}},{"type":"Feature","properties":{"code":"62806","nom":"Tardinghen","app":12.1,"app_bas":9.69,"app_haut":15.11,"app_ech":"maille","app_obs":0,"mai":10.46,"mai_bas":8.29,"mai_haut":13.18,"mai_ech":"maille","mai_obs":10},"geometry":{"type":"Polygon","coordinates":[[[1.6503,50.8507],[1.6372,50.8529],[1.612,50.8622],[1.6129,50.8727],[1.6362,50.877],[1.6674,50.8764],[1.6645,50.8679],[1.6668,50.8596],[1.6699,50.8556],[1.6503,50.8507]]]}},{"type":"Feature","properties":{"code":"62868","nom":"Wail","app":12.28,"app_bas":9.94,"app_haut":15.19,"app_ech":"maille","app_obs":0,"mai":6.55,"mai_bas":5.3,"mai_haut":8.1,"mai_ech":"maille","mai_obs":14},"geometry":{"type":"Polygon","coordinates":[[[2.0922,50.3348],[2.1114,50.3483],[2.1234,50.3537],[2.1398,50.3544],[2.1446,50.3528],[2.1514,50.3427],[2.1457,50.3362],[2.1309,50.3345],[2.113,50.329],[2.1086,50.3204],[2.0883,50.3163],[2.0842,50.322],[2.099,50.3304],[2.0922,50.3348]]]}},{"type":"Feature","properties":{"code":"62103","nom":"Béhagnies","app":10.5,"app_bas":8.4,"app_haut":13.13,"app_ech":"maille","app_obs":4,"mai":7.64,"mai_bas":6.13,"mai_haut":9.51,"mai_ech":"maille","mai_obs":2},"geometry":{"type":"Polygon","coordinates":[[[2.8196,50.1472],[2.8344,50.1527],[2.8449,50.145],[2.8425,50.1412],[2.8135,50.1299],[2.8143,50.1418],[2.8196,50.1472]]]}},{"type":"Feature","properties":{"code":"62147","nom":"Boiry-Sainte-Rictrude","app":10.46,"app_bas":8.58,"app_haut":12.75,"app_ech":"maille","app_obs":0,"mai":9.5,"mai_bas":7.68,"mai_haut":11.75,"mai_ech":"maille","mai_obs":7},"geometry":{"type":"Polygon","coordinates":[[[2.7326,50.2006],[2.7446,50.2062],[2.7456,50.2141],[2.7593,50.2175],[2.7657,50.2151],[2.7719,50.2078],[2.7459,50.1936],[2.7491,50.1915],[2.7392,50.1833],[2.7343,50.1819],[2.7236,50.1885],[2.7326,50.2006]]]}},{"type":"Feature","properties":{"code":"62215","nom":"Carvin","app":11.67,"app_bas":9.89,"app_haut":13.79,"app_ech":"commune","app_obs":799,"mai":9.28,"mai_bas":7.46,"mai_haut":11.55,"mai_ech":"commune","mai_obs":592},"geometry":{"type":"Polygon","coordinates":[[[2.912,50.4686],[2.9101,50.4688],[2.9136,50.4785],[2.9244,50.4828],[2.9112,50.4894],[2.9101,50.4998],[2.9269,50.5078],[2.9507,50.5119],[2.9584,50.5096],[2.9647,50.5128],[2.9942,50.4967],[2.9788,50.4844],[2.9757,50.48],[2.9787,50.4734],[2.9657,50.4693],[2.912,50.4686]]]}},{"type":"Feature","properties":{"code":"62252","nom":"Couture","app":10.93,"app_bas":8.8,"app_haut":13.58,"app_ech":"maille","app_obs":74,"mai":9.66,"mai_bas":7.64,"mai_haut":12.22,"mai_ech":"commune","mai_obs":103},"geometry":{"type":"Polygon","coordinates":[[[2.655,50.5897],[2.6603,50.5937],[2.6779,50.5998],[2.6941,50.6024],[2.6986,50.5982],[2.6961,50.5966],[2.7087,50.5845],[2.7173,50.5825],[2.7384,50.5736],[2.7367,50.5677],[2.7234,50.5617],[2.7174,50.5534],[2.7105,50.5522],[2.6971,50.5634],[2.6851,50.5769],[2.6781,50.5812],[2.655,50.5897]]]}},{"type":"Feature","properties":{"code":"62262","nom":"Cuinchy","app":11.38,"app_bas":9.35,"app_haut":13.86,"app_ech":"maille","app_obs":44,"mai":8.97,"mai_bas":7.22,"mai_haut":11.16,"mai_ech":"maille","mai_obs":54},"geometry":{"type":"Polygon","coordinates":[[[2.7285,50.5191],[2.7267,50.5227],[2.7354,50.5301],[2.7494,50.5369],[2.7501,50.5224],[2.7646,50.5218],[2.7555,50.5038],[2.7409,50.5029],[2.7471,50.5147],[2.7414,50.5204],[2.7285,50.5191]]]}},{"type":"Feature","properties":{"code":"62264","nom":"Dannes","app":12.71,"app_bas":10.32,"app_haut":15.65,"app_ech":"maille","app_obs":16,"mai":10.37,"mai_bas":8.54,"mai_haut":12.59,"mai_ech":"maille","mai_obs":16},"geometry":{"type":"Polygon","coordinates":[[[1.6303,50.5819],[1.5788,50.5806],[1.5783,50.6066],[1.5952,50.6068],[1.6156,50.6013],[1.6299,50.6023],[1.639,50.5985],[1.6425,50.5919],[1.6303,50.5819]]]}},{"type":"Feature","properties":{"code":"62295","nom":"Enquin-les-Mines","app":9.54,"app_bas":7.94,"app_haut":11.47,"app_ech":"maille","app_obs":0,"mai":7.12,"mai_bas":5.9,"mai_haut":8.6,"mai_ech":"maille","mai_obs":52},"geometry":{"type":"Polygon","coordinates":[[[2.3244,50.5799],[2.3191,50.5645],[2.3115,50.5656],[2.2859,50.5778],[2.2709,50.5757],[2.2665,50.5878],[2.2621,50.5918],[2.2681,50.5982],[2.2838,50.6019],[2.2981,50.6094],[2.3015,50.6071],[2.3061,50.5972],[2.305,50.5906],[2.315,50.5879],[2.3244,50.5799]]]}},{"type":"Feature","properties":{"code":"62350","nom":"Fouquières-lès-Béthune","app":10.8,"app_bas":8.83,"app_haut":13.21,"app_ech":"maille","app_obs":34,"mai":9.07,"mai_bas":7.43,"mai_haut":11.07,"mai_ech":"maille","mai_obs":90},"geometry":{"type":"Polygon","coordinates":[[[2.6277,50.5129],[2.6277,50.5115],[2.61,50.5038],[2.6012,50.5066],[2.5985,50.5136],[2.6172,50.522],[2.6277,50.5129]]]}},{"type":"Feature","properties":{"code":"62408","nom":"Hames-Boucres","app":11.87,"app_bas":9.33,"app_haut":15.11,"app_ech":"maille","app_obs":4,"mai":9.4,"mai_bas":7.61,"mai_haut":11.62,"mai_ech":"maille","mai_obs":29},"geometry":{"type":"Polygon","coordinates":[[[1.858,50.9153],[1.8529,50.922],[1.8599,50.9177],[1.8741,50.9127],[1.8813,50.9061],[1.8819,50.8941],[1.8761,50.8833],[1.866,50.8875],[1.8542,50.8806],[1.8336,50.8585],[1.8262,50.8489],[1.811,50.8564],[1.8195,50.866],[1.8156,50.873],[1.8312,50.8826],[1.8587,50.9069],[1.8641,50.9138],[1.858,50.9153]]]}},{"type":"Feature","properties":{"code":"62508","nom":"Lières","app":10.08,"app_bas":8.32,"app_haut":12.21,"app_ech":"maille","app_obs":1,"mai":7.72,"mai_bas":6.27,"mai_haut":9.51,"mai_ech":"maille","mai_obs":7},"geometry":{"type":"Polygon","coordinates":[[[2.4357,50.5373],[2.4257,50.5384],[2.4118,50.5456],[2.4014,50.5419],[2.3946,50.5436],[2.3924,50.5532],[2.406,50.5587],[2.4151,50.5604],[2.4209,50.5569],[2.4214,50.5455],[2.4357,50.5384],[2.4357,50.5373]]]}},{"type":"Feature","properties":{"code":"62619","nom":"Noreuil","app":10.5,"app_bas":8.4,"app_haut":13.13,"app_ech":"maille","app_obs":0,"mai":7.91,"mai_bas":6.3,"mai_haut":9.94,"mai_ech":"maille","mai_obs":3},"geometry":{"type":"Polygon","coordinates":[[[2.9286,50.157],[2.9143,50.1615],[2.9128,50.1649],[2.9322,50.1788],[2.9575,50.1797],[2.9658,50.172],[2.9482,50.1657],[2.9281,50.1605],[2.9286,50.157]]]}},{"type":"Feature","properties":{"code":"62677","nom":"Quesnoy-en-Artois","app":10.34,"app_bas":8.62,"app_haut":12.4,"app_ech":"maille","app_obs":0,"mai":7.95,"mai_bas":6.22,"mai_haut":10.15,"mai_ech":"maille","mai_obs":7},"geometry":{"type":"Polygon","coordinates":[[[2.0368,50.3461],[2.0435,50.3468],[2.0609,50.3362],[2.0669,50.3299],[2.0661,50.3246],[2.0439,50.3204],[2.023,50.3202],[2.0064,50.3262],[2.0368,50.3461]]]}},{"type":"Feature","properties":{"code":"62716","nom":"Rodelinghem","app":10.11,"app_bas":8.34,"app_haut":12.27,"app_ech":"maille","app_obs":0,"mai":8.69,"mai_bas":7.13,"mai_haut":10.58,"mai_ech":"maille","mai_obs":35},"geometry":{"type":"Polygon","coordinates":[[[1.9404,50.8428],[1.9457,50.8305],[1.9402,50.8267],[1.9405,50.821],[1.9416,50.8191],[1.9265,50.8227],[1.9145,50.8337],[1.9221,50.8445],[1.9188,50.8461],[1.9404,50.8428]]]}},{"type":"Feature","properties":{"code":"62846","nom":"Vermelles","app":10.93,"app_bas":9.21,"app_haut":12.96,"app_ech":"commune","app_obs":170,"mai":9.6,"mai_bas":7.74,"mai_haut":11.91,"mai_ech":"maille","mai_obs":89},"geometry":{"type":"Polygon","coordinates":[[[2.7847,50.4857],[2.7799,50.4792],[2.7663,50.4664],[2.7405,50.4747],[2.7299,50.4806],[2.737,50.4877],[2.7391,50.495],[2.7366,50.5006],[2.7409,50.5029],[2.7555,50.5038],[2.763,50.5088],[2.7686,50.5],[2.7816,50.4855],[2.7847,50.4857]]]}},{"type":"Feature","properties":{"code":"62883","nom":"Wavrans-sur-Ternoise","app":9.67,"app_bas":7.93,"app_haut":11.79,"app_ech":"maille","app_obs":10,"mai":8.64,"mai_bas":6.92,"mai_haut":10.79,"mai_ech":"maille","mai_obs":11},"geometry":{"type":"Polygon","coordinates":[[[2.2818,50.3969],[2.2677,50.4052],[2.2657,50.4155],[2.2682,50.4166],[2.2818,50.416],[2.294,50.4201],[2.3046,50.4188],[2.2998,50.4067],[2.2818,50.3969]]]}},{"type":"Feature","properties":{"code":"62063","nom":"Avesnes-le-Comte","app":9.67,"app_bas":7.91,"app_haut":11.82,"app_ech":"commune","app_obs":185,"mai":7.49,"mai_bas":6.06,"mai_haut":9.25,"mai_ech":"commune","mai_obs":203},"geometry":{"type":"Polygon","coordinates":[[[2.5419,50.2624],[2.5327,50.2603],[2.5185,50.2496],[2.5175,50.2512],[2.5179,50.2533],[2.5037,50.2642],[2.5079,50.2776],[2.5195,50.285],[2.5324,50.2881],[2.5493,50.2856],[2.5621,50.2778],[2.5442,50.2687],[2.5419,50.2624]]]}},{"type":"Feature","properties":{"code":"62346","nom":"Fortel-en-Artois","app":12.28,"app_bas":9.94,"app_haut":15.19,"app_ech":"maille","app_obs":0,"mai":6.94,"mai_bas":5.65,"mai_haut":8.51,"mai_ech":"maille","mai_obs":9},"geometry":{"type":"Polygon","coordinates":[[[2.2149,50.2611],[2.2359,50.2738],[2.2524,50.2639],[2.2494,50.258],[2.2337,50.2502],[2.2289,50.2429],[2.2078,50.2445],[2.2072,50.2489],[2.2152,50.2562],[2.2149,50.2611]]]}},{"type":"Feature","properties":{"code":"62372","nom":"Givenchy-le-Noble","app":9.67,"app_bas":7.93,"app_haut":11.79,"app_ech":"maille","app_obs":0,"mai":7.71,"mai_bas":6.24,"mai_haut":9.53,"mai_ech":"maille","mai_obs":4},"geometry":{"type":"Polygon","coordinates":[[[2.5014,50.3094],[2.5024,50.2979],[2.4991,50.2935],[2.4886,50.2907],[2.4743,50.2998],[2.4895,50.3063],[2.5014,50.3094]]]}},{"type":"Feature","properties":{"code":"62475","nom":"Ivergny","app":10.46,"app_bas":8.54,"app_haut":12.81,"app_ech":"maille","app_obs":0,"mai":7.71,"mai_bas":6.24,"mai_haut":9.53,"mai_ech":"maille","mai_obs":6},"geometry":{"type":"Polygon","coordinates":[[[2.3823,50.2261],[2.3709,50.2312],[2.3453,50.2316],[2.3423,50.2395],[2.3674,50.2435],[2.3828,50.249],[2.3821,50.2531],[2.3885,50.2546],[2.3905,50.2457],[2.406,50.2444],[2.407,50.2343],[2.3921,50.2261],[2.3849,50.2254],[2.3823,50.2261]]]}},{"type":"Feature","properties":{"code":"62486","nom":"Lambres","app":10.62,"app_bas":8.75,"app_haut":12.89,"app_ech":"maille","app_obs":21,"mai":7.94,"mai_bas":6.5,"mai_haut":9.71,"mai_ech":"maille","mai_obs":52},"geometry":{"type":"Polygon","coordinates":[[[2.3901,50.6228],[2.4215,50.6279],[2.4234,50.6159],[2.4066,50.6124],[2.3897,50.6058],[2.3849,50.6088],[2.386,50.6179],[2.3901,50.6228]]]}},{"type":"Feature","properties":{"code":"62653","nom":"Pernes-lès-Boulogne","app":10.84,"app_bas":8.68,"app_haut":13.52,"app_ech":"maille","app_obs":0,"mai":9.9,"mai_bas":8.22,"mai_haut":11.92,"mai_ech":"maille","mai_obs":12},"geometry":{"type":"Polygon","coordinates":[[[1.6856,50.7345],[1.6791,50.7388],[1.6802,50.742],[1.6709,50.7477],[1.6738,50.7568],[1.6878,50.7554],[1.7047,50.7654],[1.724,50.7517],[1.7238,50.7479],[1.7116,50.741],[1.691,50.7337],[1.6856,50.7345]]]}},{"type":"Feature","properties":{"code":"62666","nom":"Pont-à-Vendin","app":10.91,"app_bas":9.07,"app_haut":13.11,"app_ech":"commune","app_obs":161,"mai":9.16,"mai_bas":7.58,"mai_haut":11.08,"mai_ech":"maille","mai_obs":74},"geometry":{"type":"Polygon","coordinates":[[[2.8998,50.4697],[2.8774,50.4691],[2.8717,50.4652],[2.8799,50.4748],[2.8811,50.4838],[2.8973,50.4824],[2.8926,50.4753],[2.8998,50.4697]]]}},{"type":"Feature","properties":{"code":"62022","nom":"Alincthun","app":10.91,"app_bas":8.91,"app_haut":13.35,"app_ech":"maille","app_obs":0,"mai":9.06,"mai_bas":7.45,"mai_haut":11.02,"mai_ech":"maille","mai_obs":10},"geometry":{"type":"Polygon","coordinates":[[[1.8015,50.7452],[1.8031,50.7448],[1.8067,50.7389],[1.8158,50.7346],[1.8245,50.7257],[1.8459,50.7155],[1.8321,50.7065],[1.8096,50.7079],[1.7902,50.715],[1.783,50.7141],[1.7778,50.7225],[1.7928,50.7293],[1.8015,50.7452]]]}},{"type":"Feature","properties":{"code":"62044","nom":"Attin","app":12.48,"app_bas":9.26,"app_haut":16.82,"app_ech":"maille","app_obs":12,"mai":10.37,"mai_bas":8.54,"mai_haut":12.59,"mai_ech":"maille","mai_obs":22},"geometry":{"type":"Polygon","coordinates":[[[1.7465,50.4778],[1.7446,50.4765],[1.7389,50.4869],[1.7336,50.4895],[1.7458,50.5027],[1.7542,50.509],[1.7612,50.5044],[1.7684,50.5072],[1.7735,50.4875],[1.7686,50.4824],[1.7542,50.4757],[1.749,50.4783],[1.7465,50.4778]]]}},{"type":"Feature","properties":{"code":"62100","nom":"Beaurainville","app":10.55,"app_bas":8.28,"app_haut":13.43,"app_ech":"maille","app_obs":30,"mai":8.41,"mai_bas":6.58,"mai_haut":10.75,"mai_ech":"commune","mai_obs":122},"geometry":{"type":"Polygon","coordinates":[[[1.9019,50.4392],[1.912,50.4294],[1.952,50.4277],[1.9403,50.4198],[1.9384,50.4154],[1.9276,50.4172],[1.9247,50.413],[1.9152,50.4122],[1.9136,50.4037],[1.908,50.3969],[1.8865,50.4147],[1.8775,50.4146],[1.8656,50.4105],[1.8531,50.4157],[1.8802,50.4242],[1.8787,50.4388],[1.8916,50.4363],[1.9019,50.4392]]]}},{"type":"Feature","properties":{"code":"62205","nom":"Campagne-lès-Wardrecques","app":10.7,"app_bas":8.87,"app_haut":12.9,"app_ech":"maille","app_obs":4,"mai":8.53,"mai_bas":7.08,"mai_haut":10.28,"mai_ech":"maille","mai_obs":47},"geometry":{"type":"Polygon","coordinates":[[[2.3126,50.7017],[2.3274,50.7176],[2.3293,50.725],[2.3397,50.7307],[2.351,50.7249],[2.3556,50.7161],[2.3463,50.7152],[2.3298,50.71],[2.3358,50.7039],[2.3299,50.6945],[2.3126,50.7017]]]}},{"type":"Feature","properties":{"code":"62207","nom":"Campigneulles-les-Petites","app":12.26,"app_bas":9.75,"app_haut":15.41,"app_ech":"maille","app_obs":0,"mai":10.61,"mai_bas":8.06,"mai_haut":13.97,"mai_ech":"maille","mai_obs":14},"geometry":{"type":"Polygon","coordinates":[[[1.7149,50.4452],[1.7243,50.4507],[1.756,50.4561],[1.7538,50.4527],[1.7471,50.4276],[1.7397,50.4242],[1.7277,50.4237],[1.7149,50.4452]]]}},{"type":"Feature","properties":{"code":"62444","nom":"Hervelinghen","app":11.87,"app_bas":9.33,"app_haut":15.11,"app_ech":"maille","app_obs":1,"mai":9.58,"mai_bas":7.94,"mai_haut":11.55,"mai_ech":"maille","mai_obs":21},"geometry":{"type":"Polygon","coordinates":[[[1.7065,50.8717],[1.7011,50.8759],[1.7034,50.8875],[1.715,50.8986],[1.7236,50.8981],[1.7357,50.891],[1.7391,50.8874],[1.7308,50.8731],[1.7065,50.8717]]]}},{"type":"Feature","properties":{"code":"62650","nom":"Pelves","app":10.95,"app_bas":9.06,"app_haut":13.24,"app_ech":"maille","app_obs":0,"mai":8.96,"mai_bas":7.24,"mai_haut":11.08,"mai_ech":"maille","mai_obs":15},"geometry":{"type":"Polygon","coordinates":[[[2.9358,50.3026],[2.9453,50.3014],[2.938,50.2879],[2.9176,50.2743],[2.9067,50.2729],[2.8899,50.2819],[2.9056,50.2948],[2.9124,50.2952],[2.9203,50.2942],[2.9358,50.3026]]]}},{"type":"Feature","properties":{"code":"62686","nom":"Ramecourt","app":12.28,"app_bas":9.94,"app_haut":15.19,"app_ech":"maille","app_obs":9,"mai":7.61,"mai_bas":6.28,"mai_haut":9.23,"mai_ech":"maille","mai_obs":5},"geometry":{"type":"Polygon","coordinates":[[[2.288,50.3738],[2.2995,50.378],[2.3214,50.3771],[2.3305,50.3652],[2.3196,50.3562],[2.3192,50.3459],[2.3094,50.3455],[2.3062,50.3494],[2.289,50.3543],[2.2826,50.3638],[2.288,50.3738]]]}},{"type":"Feature","properties":{"code":"62692","nom":"Rebergues","app":10.91,"app_bas":8.91,"app_haut":13.35,"app_ech":"maille","app_obs":0,"mai":8.78,"mai_bas":7.29,"mai_haut":10.58,"mai_ech":"maille","mai_obs":9},"geometry":{"type":"Polygon","coordinates":[[[1.9332,50.7394],[1.9486,50.7522],[1.946,50.7584],[1.9483,50.7653],[1.9442,50.77],[1.9563,50.7719],[1.9671,50.7622],[1.9719,50.7542],[1.9509,50.7414],[1.9476,50.7335],[1.9332,50.7394]]]}},{"type":"Feature","properties":{"code":"62738","nom":"Sains-lès-Fressin","app":10.7,"app_bas":8.53,"app_haut":13.42,"app_ech":"maille","app_obs":0,"mai":7.77,"mai_bas":6.25,"mai_haut":9.66,"mai_ech":"maille","mai_obs":27},"geometry":{"type":"Polygon","coordinates":[[[2.0404,50.4782],[2.0629,50.4881],[2.0731,50.4883],[2.0818,50.4851],[2.0748,50.4746],[2.0657,50.479],[2.0626,50.4729],[2.0461,50.4587],[2.0369,50.4566],[2.02,50.4608],[2.0247,50.4677],[2.0404,50.4782]]]}},{"type":"Feature","properties":{"code":"62777","nom":"Sars","app":11.17,"app_bas":9.24,"app_haut":13.51,"app_ech":"maille","app_obs":0,"mai":7.64,"mai_bas":6.13,"mai_haut":9.51,"mai_ech":"maille","mai_obs":7},"geometry":{"type":"Polygon","coordinates":[[[2.7637,50.0606],[2.7604,50.0696],[2.7745,50.0792],[2.7889,50.0752],[2.7995,50.0665],[2.8072,50.0625],[2.7957,50.0513],[2.7706,50.0645],[2.7637,50.0606]]]}},{"type":"Feature","properties":{"code":"62008","nom":"Acquin-Westbécourt","app":10.91,"app_bas":8.91,"app_haut":13.35,"app_ech":"maille","app_obs":2,"mai":8.55,"mai_bas":7.19,"mai_haut":10.18,"mai_ech":"maille","mai_obs":55},"geometry":{"type":"Polygon","coordinates":[[[2.0591,50.757],[2.0737,50.7509],[2.0782,50.7437],[2.0879,50.7405],[2.0901,50.7358],[2.102,50.7363],[2.1177,50.7203],[2.1149,50.7175],[2.0893,50.7096],[2.0806,50.7129],[2.0623,50.7156],[2.0459,50.7248],[2.0356,50.7237],[2.0381,50.7309],[2.0552,50.7386],[2.0551,50.7442],[2.0591,50.757]]]}},{"type":"Feature","properties":{"code":"62079","nom":"Bancourt","app":10.5,"app_bas":8.4,"app_haut":13.13,"app_ech":"maille","app_obs":2,"mai":7.91,"mai_bas":6.3,"mai_haut":9.94,"mai_ech":"maille","mai_obs":2},"geometry":{"type":"Polygon","coordinates":[[[2.8735,50.1111],[2.8773,50.1147],[2.8802,50.116],[2.8862,50.1089],[2.9195,50.099],[2.8987,50.091],[2.8943,50.0908],[2.8677,50.0991],[2.8735,50.1111]]]}},{"type":"Feature","properties":{"code":"62425","nom":"Hendecourt-lès-Ransart","app":10.46,"app_bas":8.58,"app_haut":12.75,"app_ech":"maille","app_obs":10,"mai":9.5,"mai_bas":7.68,"mai_haut":11.75,"mai_ech":"maille","mai_obs":1},"geometry":{"type":"Polygon","coordinates":[[[2.7325,50.2129],[2.7456,50.2141],[2.7446,50.2062],[2.7326,50.2006],[2.7215,50.2046],[2.7067,50.2068],[2.7325,50.2129]]]}},{"type":"Feature","properties":{"code":"62483","nom":"Lacres","app":11.61,"app_bas":9.49,"app_haut":14.19,"app_ech":"maille","app_obs":0,"mai":9.4,"mai_bas":7.05,"mai_haut":12.54,"mai_ech":"maille","mai_obs":6},"geometry":{"type":"Polygon","coordinates":[[[1.7682,50.5916],[1.7429,50.589],[1.7301,50.5951],[1.7374,50.6049],[1.7548,50.6088],[1.7704,50.6216],[1.7894,50.6156],[1.7903,50.6139],[1.7822,50.5994],[1.7682,50.5916]]]}},{"type":"Feature","properties":{"code":"62497","nom":"Leforest","app":11.59,"app_bas":9.63,"app_haut":13.95,"app_ech":"maille","app_obs":71,"mai":9.31,"mai_bas":7.5,"mai_haut":11.57,"mai_ech":"commune","mai_obs":146},"geometry":{"type":"Polygon","coordinates":[[[3.0685,50.4256],[3.0517,50.4258],[3.039,50.4232],[3.0362,50.4237],[3.0472,50.4347],[3.0416,50.4445],[3.0439,50.449],[3.0588,50.4562],[3.0665,50.4585],[3.0676,50.4464],[3.0818,50.4437],[3.0764,50.4406],[3.0685,50.4256]]]}},{"type":"Feature","properties":{"code":"62649","nom":"Pas-en-Artois","app":9.5,"app_bas":7.94,"app_haut":11.37,"app_ech":"maille","app_obs":1,"mai":7.61,"mai_bas":6.14,"mai_haut":9.44,"mai_ech":"maille","mai_obs":27},"geometry":{"type":"Polygon","coordinates":[[[2.476,50.1369],[2.4711,50.1484],[2.4592,50.1524],[2.4546,50.1579],[2.48,50.1678],[2.4848,50.1665],[2.5015,50.1667],[2.5118,50.1637],[2.5255,50.1453],[2.5149,50.1408],[2.4911,50.1377],[2.476,50.1369]]]}},{"type":"Feature","properties":{"code":"62735","nom":"Sailly-Labourse","app":11.02,"app_bas":9.28,"app_haut":13.09,"app_ech":"maille","app_obs":21,"mai":8.97,"mai_bas":7.22,"mai_haut":11.16,"mai_ech":"maille","mai_obs":61},"geometry":{"type":"Polygon","coordinates":[[[2.7134,50.5187],[2.7204,50.5112],[2.7042,50.4849],[2.7087,50.4828],[2.7036,50.4794],[2.6964,50.4861],[2.6875,50.4997],[2.6878,50.5059],[2.6947,50.5143],[2.7134,50.5187]]]}},{"type":"Feature","properties":{"code":"62740","nom":"Sains-lès-Pernes","app":10.42,"app_bas":8.65,"app_haut":12.56,"app_ech":"maille","app_obs":1,"mai":7.89,"mai_bas":6.31,"mai_haut":9.86,"mai_ech":"maille","mai_obs":9},"geometry":{"type":"Polygon","coordinates":[[[2.3321,50.4782],[2.3343,50.4825],[2.345,50.4883],[2.3652,50.4859],[2.3669,50.4772],[2.3613,50.4751],[2.3559,50.4718],[2.3376,50.4679],[2.3342,50.4717],[2.3321,50.4782]]]}},{"type":"Feature","properties":{"code":"62871","nom":"Wambercourt","app":10.55,"app_bas":8.28,"app_haut":13.43,"app_ech":"maille","app_obs":0,"mai":6.55,"mai_bas":5.3,"mai_haut":8.1,"mai_ech":"maille","mai_obs":11},"geometry":{"type":"Polygon","coordinates":[[[1.9958,50.4417],[2.0004,50.4454],[2.0105,50.4472],[2.0252,50.4432],[2.0346,50.4322],[2.0415,50.4284],[2.0696,50.4274],[2.0551,50.4229],[2.0345,50.4256],[2.0096,50.4266],[1.9958,50.4417]]]}},{"type":"Feature","properties":{"code":"62124","nom":"Beutin","app":12.26,"app_bas":9.75,"app_haut":15.41,"app_ech":"maille","app_obs":3,"mai":10.37,"mai_bas":8.54,"mai_haut":12.59,"mai_ech":"maille","mai_obs":7},"geometry":{"type":"Polygon","coordinates":[[[1.7096,50.4965],[1.7193,50.5032],[1.7458,50.5027],[1.7336,50.4895],[1.7214,50.4906],[1.7096,50.4965]]]}},{"type":"Feature","properties":{"code":"62125","nom":"Beuvrequen","app":10.84,"app_bas":8.68,"app_haut":13.52,"app_ech":"maille","app_obs":0,"mai":8.99,"mai_bas":7.35,"mai_haut":10.99,"mai_ech":"maille","mai_obs":3},"geometry":{"type":"Polygon","coordinates":[[[1.6537,50.8057],[1.6652,50.8102],[1.6796,50.8095],[1.6971,50.7924],[1.6837,50.7894],[1.6802,50.7854],[1.6672,50.7887],[1.6591,50.7944],[1.6537,50.8057]]]}},{"type":"Feature","properties":{"code":"62192","nom":"Cagnicourt","app":9.74,"app_bas":8.03,"app_haut":11.8,"app_ech":"maille","app_obs":4,"mai":8.61,"mai_bas":7,"mai_haut":10.59,"mai_ech":"maille","mai_obs":25},"geometry":{"type":"Polygon","coordinates":[[[2.9712,50.2221],[2.9854,50.2271],[2.9998,50.2199],[3.024,50.2142],[3.0068,50.1943],[2.9934,50.1903],[2.979,50.1899],[2.9762,50.1923],[2.976,50.2048],[2.9719,50.2096],[2.9774,50.2141],[2.9712,50.2221]]]}},{"type":"Feature","properties":{"code":"62399","nom":"Habarcq","app":10.46,"app_bas":8.54,"app_haut":12.81,"app_ech":"maille","app_obs":3,"mai":9.73,"mai_bas":7.52,"mai_haut":12.6,"mai_ech":"maille","mai_obs":32},"geometry":{"type":"Polygon","coordinates":[[[2.6158,50.3309],[2.6269,50.3128],[2.6216,50.3035],[2.609,50.2969],[2.6067,50.2888],[2.6007,50.2881],[2.6026,50.2932],[2.5982,50.3033],[2.5891,50.3077],[2.5819,50.3061],[2.5798,50.3104],[2.6006,50.3181],[2.6024,50.3297],[2.6158,50.3309]]]}},{"type":"Feature","properties":{"code":"62563","nom":"Mazingarbe","app":10.85,"app_bas":9.01,"app_haut":13.05,"app_ech":"commune","app_obs":268,"mai":8.71,"mai_bas":6.94,"mai_haut":10.93,"mai_ech":"commune","mai_obs":113},"geometry":{"type":"Polygon","coordinates":[[[2.686,50.4673],[2.6949,50.4761],[2.7036,50.4794],[2.7087,50.4828],[2.7148,50.4853],[2.722,50.4803],[2.7299,50.4806],[2.7405,50.4747],[2.7663,50.4664],[2.7561,50.4538],[2.7508,50.4587],[2.7392,50.4605],[2.7274,50.4558],[2.7153,50.4616],[2.6993,50.4592],[2.686,50.4673]]]}},{"type":"Feature","properties":{"code":"62601","nom":"Nédonchel","app":10.62,"app_bas":8.75,"app_haut":12.89,"app_ech":"maille","app_obs":0,"mai":7.72,"mai_bas":6.27,"mai_haut":9.51,"mai_ech":"maille","mai_obs":6},"geometry":{"type":"Polygon","coordinates":[[[2.3381,50.5085],[2.3451,50.5127],[2.3306,50.5163],[2.3507,50.5241],[2.3543,50.5294],[2.3525,50.539],[2.3583,50.5433],[2.357,50.5488],[2.3709,50.5408],[2.3613,50.53],[2.3653,50.5205],[2.3591,50.515],[2.3381,50.5085]]]}},{"type":"Feature","properties":{"code":"62679","nom":"Questrecques","app":11.61,"app_bas":9.49,"app_haut":14.19,"app_ech":"maille","app_obs":0,"mai":9.4,"mai_bas":7.05,"mai_haut":12.54,"mai_ech":"maille","mai_obs":6},"geometry":{"type":"Polygon","coordinates":[[[1.7271,50.6662],[1.7294,50.6723],[1.7379,50.6781],[1.7497,50.6773],[1.7602,50.6745],[1.7571,50.6658],[1.772,50.6641],[1.7692,50.66],[1.7521,50.655],[1.752,50.6503],[1.7371,50.6558],[1.7315,50.6509],[1.7271,50.6662]]]}},{"type":"Feature","properties":{"code":"62717","nom":"Roëllecourt","app":9.45,"app_bas":7.87,"app_haut":11.35,"app_ech":"maille","app_obs":4,"mai":8.07,"mai_bas":6.73,"mai_haut":9.66,"mai_ech":"maille","mai_obs":9},"geometry":{"type":"Polygon","coordinates":[[[2.3577,50.3632],[2.3611,50.3669],[2.3809,50.3768],[2.3884,50.3841],[2.4057,50.3888],[2.4096,50.3869],[2.408,50.3724],[2.4118,50.3662],[2.4065,50.3535],[2.3811,50.3587],[2.3705,50.3527],[2.3577,50.3632]]]}},{"type":"Feature","properties":{"code":"62769","nom":"Saint-Tricat","app":11.4,"app_bas":9.12,"app_haut":14.26,"app_ech":"maille","app_obs":1,"mai":9.4,"mai_bas":7.61,"mai_haut":11.62,"mai_ech":"maille","mai_obs":13},"geometry":{"type":"Polygon","coordinates":[[[1.8641,50.9138],[1.8587,50.9069],[1.8312,50.8826],[1.8156,50.873],[1.7964,50.8891],[1.8111,50.8944],[1.8284,50.9033],[1.8422,50.9079],[1.8547,50.9089],[1.8641,50.9138]]]}},{"type":"Feature","properties":{"code":"62909","nom":"Ytres","app":9.74,"app_bas":8.03,"app_haut":11.8,"app_ech":"maille","app_obs":4,"mai":7.92,"mai_bas":6.34,"mai_haut":9.88,"mai_ech":"maille","mai_obs":22},"geometry":{"type":"Polygon","coordinates":[[[2.978,50.0742],[2.995,50.0772],[3.0135,50.0663],[3.012,50.058],[3.0068,50.0546],[2.9939,50.0504],[2.978,50.0742]]]}},{"type":"Feature","properties":{"code":"62057","nom":"Audruicq","app":10.36,"app_bas":8.54,"app_haut":12.56,"app_ech":"commune","app_obs":220,"mai":8.9,"mai_bas":7.46,"mai_haut":10.62,"mai_ech":"commune","mai_obs":289},"geometry":{"type":"Polygon","coordinates":[[[2.1184,50.8851],[2.1052,50.876],[2.0745,50.862],[2.0626,50.8597],[2.0597,50.8661],[2.0622,50.8767],[2.0563,50.892],[2.0514,50.8997],[2.0677,50.9034],[2.0828,50.9028],[2.1021,50.8975],[2.1205,50.8894],[2.1184,50.8867],[2.1184,50.8851]]]}},{"type":"Feature","properties":{"code":"62198","nom":"Cambligneul","app":10.38,"app_bas":8.51,"app_haut":12.66,"app_ech":"maille","app_obs":3,"mai":7.61,"mai_bas":6.28,"mai_haut":9.23,"mai_ech":"maille","mai_obs":11},"geometry":{"type":"Polygon","coordinates":[[[2.597,50.3914],[2.6018,50.3894],[2.6174,50.3924],[2.6278,50.3857],[2.6164,50.3663],[2.6061,50.3668],[2.5985,50.3741],[2.5988,50.385],[2.595,50.3879],[2.597,50.3914]]]}},{"type":"Feature","properties":{"code":"62213","nom":"Carency","app":10.99,"app_bas":9.3,"app_haut":12.97,"app_ech":"maille","app_obs":12,"mai":9.73,"mai_bas":7.52,"mai_haut":12.6,"mai_ech":"maille","mai_obs":10},"geometry":{"type":"Polygon","coordinates":[[[2.6665,50.3943],[2.6761,50.3889],[2.7022,50.3847],[2.7154,50.3838],[2.7295,50.3873],[2.7273,50.3825],[2.7392,50.3722],[2.724,50.3665],[2.7123,50.3672],[2.7039,50.365],[2.6887,50.3674],[2.6842,50.3708],[2.6852,50.3781],[2.6698,50.3864],[2.6554,50.3876],[2.6518,50.3909],[2.6558,50.3967],[2.6665,50.3943]]]}},{"type":"Feature","properties":{"code":"62231","nom":"Colline-Beaumont","app":12.26,"app_bas":9.75,"app_haut":15.41,"app_ech":"maille","app_obs":0,"mai":9.72,"mai_bas":7.78,"mai_haut":12.14,"mai_ech":"maille","mai_obs":0},"geometry":{"type":"Polygon","coordinates":[[[1.6516,50.3398],[1.656,50.3465],[1.6733,50.3481],[1.6696,50.353],[1.6881,50.3541],[1.6925,50.3429],[1.6707,50.331],[1.6623,50.3315],[1.6625,50.338],[1.6516,50.3398]]]}},{"type":"Feature","properties":{"code":"62418","nom":"Hauteville","app":11.7,"app_bas":9.51,"app_haut":14.4,"app_ech":"maille","app_obs":0,"mai":7.71,"mai_bas":6.24,"mai_haut":9.53,"mai_ech":"maille","mai_obs":1},"geometry":{"type":"Polygon","coordinates":[[[2.5663,50.2812],[2.5758,50.2807],[2.5894,50.2758],[2.5865,50.2665],[2.5705,50.264],[2.5662,50.267],[2.5504,50.2663],[2.5416,50.263],[2.5442,50.2687],[2.5621,50.2778],[2.5594,50.2796],[2.5663,50.2812]]]}},{"type":"Feature","properties":{"code":"62423","nom":"Helfaut","app":10.7,"app_bas":8.87,"app_haut":12.9,"app_ech":"maille","app_obs":22,"mai":8.22,"mai_bas":6.82,"mai_haut":9.91,"mai_ech":"commune","mai_obs":106},"geometry":{"type":"Polygon","coordinates":[[[2.2303,50.7007],[2.2424,50.7064],[2.2527,50.7084],[2.2468,50.7013],[2.2692,50.7044],[2.2754,50.6969],[2.2745,50.6858],[2.2637,50.6806],[2.2494,50.6783],[2.2346,50.6779],[2.2224,50.6937],[2.2303,50.7007]]]}},{"type":"Feature","properties":{"code":"62427","nom":"Hénin-Beaumont","app":11.53,"app_bas":9.55,"app_haut":13.92,"app_ech":"commune","app_obs":2054,"mai":8.5,"mai_bas":7.02,"mai_haut":10.29,"mai_ech":"commune","mai_obs":981},"geometry":{"type":"Polygon","coordinates":[[[2.9241,50.4102],[2.9373,50.4229],[2.943,50.4397],[2.9535,50.4374],[2.9634,50.443],[2.9639,50.455],[2.9725,50.4613],[2.9827,50.459],[2.9757,50.4559],[2.98,50.4462],[2.9661,50.4406],[2.9506,50.4305],[2.9649,50.4277],[2.9758,50.4225],[2.9772,50.4162],[2.9725,50.412],[2.9949,50.3877],[2.9939,50.3818],[2.9772,50.3796],[2.9726,50.3817],[2.9577,50.3765],[2.9537,50.3818],[2.9456,50.3814],[2.94,50.3895],[2.9461,50.3951],[2.9398,50.3994],[2.9268,50.4013],[2.9216,50.406],[2.9241,50.4102]]]}},{"type":"Feature","properties":{"code":"62502","nom":"Lestrem","app":11.08,"app_bas":8.92,"app_haut":13.77,"app_ech":"commune","app_obs":181,"mai":9.42,"mai_bas":7.49,"mai_haut":11.86,"mai_ech":"commune","mai_obs":119},"geometry":{"type":"Polygon","coordinates":[[[2.637,50.5976],[2.6356,50.6105],[2.6305,50.618],[2.6433,50.6225],[2.6713,50.6249],[2.682,50.6363],[2.6952,50.6288],[2.7138,50.6313],[2.7222,50.6276],[2.7203,50.623],[2.7261,50.6138],[2.7195,50.6098],[2.7247,50.6015],[2.7182,50.5974],[2.6986,50.5982],[2.6941,50.6024],[2.6779,50.5998],[2.6603,50.5937],[2.655,50.5897],[2.6443,50.5854],[2.637,50.5976]]]}},{"type":"Feature","properties":{"code":"62646","nom":"Palluel","app":11.46,"app_bas":8.73,"app_haut":15.04,"app_ech":"maille","app_obs":5,"mai":8.49,"mai_bas":6.86,"mai_haut":10.51,"mai_ech":"maille","mai_obs":8},"geometry":{"type":"Polygon","coordinates":[[[3.0622,50.2718],[3.0805,50.2735],[3.1076,50.2686],[3.1138,50.2635],[3.1033,50.2614],[3.1025,50.2563],[3.0922,50.2562],[3.0929,50.2632],[3.0833,50.2701],[3.0622,50.2718]]]}},{"type":"Feature","properties":{"code":"62656","nom":"Pihem","app":10.7,"app_bas":8.87,"app_haut":12.9,"app_ech":"maille","app_obs":2,"mai":7.91,"mai_bas":6.56,"mai_haut":9.53,"mai_ech":"maille","mai_obs":50},"geometry":{"type":"Polygon","coordinates":[[[2.2064,50.6578],[2.1998,50.6666],[2.1923,50.6692],[2.1952,50.6757],[2.1901,50.6813],[2.2046,50.6881],[2.2224,50.6937],[2.2346,50.6779],[2.2291,50.6687],[2.2186,50.6672],[2.2193,50.6613],[2.2064,50.6578]]]}},{"type":"Feature","properties":{"code":"62818","nom":"Tilly-Capelle","app":10.7,"app_bas":8.53,"app_haut":13.42,"app_ech":"maille","app_obs":0,"mai":7.02,"mai_bas":5.61,"mai_haut":8.77,"mai_ech":"maille","mai_obs":2},"geometry":{"type":"Polygon","coordinates":[[[2.1986,50.4188],[2.1894,50.4339],[2.1833,50.4398],[2.167,50.4465],[2.1595,50.4552],[2.1697,50.4589],[2.186,50.4584],[2.1973,50.45],[2.2132,50.4462],[2.2,50.4422],[2.2056,50.4227],[2.1986,50.4188]]]}},{"type":"Feature","properties":{"code":"62035","nom":"Annezin","app":10.89,"app_bas":9.03,"app_haut":13.14,"app_ech":"commune","app_obs":186,"mai":8.84,"mai_bas":7.25,"mai_haut":10.78,"mai_ech":"commune","mai_obs":318},"geometry":{"type":"Polygon","coordinates":[[[2.6476,50.5639],[2.6482,50.5584],[2.6451,50.5505],[2.633,50.5438],[2.6261,50.5369],[2.6229,50.5264],[2.6159,50.522],[2.6104,50.5254],[2.5941,50.5285],[2.5882,50.5325],[2.5896,50.5389],[2.6022,50.5349],[2.6079,50.536],[2.6211,50.5443],[2.6249,50.5516],[2.6476,50.5639]]]}},{"type":"Feature","properties":{"code":"62250","nom":"Courrières","app":11.25,"app_bas":9.54,"app_haut":13.26,"app_ech":"commune","app_obs":287,"mai":9.71,"mai_bas":7.94,"mai_haut":11.87,"mai_ech":"commune","mai_obs":243},"geometry":{"type":"Polygon","coordinates":[[[2.9366,50.4686],[2.9657,50.4693],[2.9725,50.4613],[2.9639,50.455],[2.9634,50.443],[2.9535,50.4374],[2.9292,50.4427],[2.926,50.4381],[2.9216,50.4391],[2.9163,50.4462],[2.9254,50.4539],[2.9398,50.4602],[2.9366,50.4686]]]}},{"type":"Feature","properties":{"code":"62291","nom":"Éleu-dit-Leauwette","app":11.31,"app_bas":9.15,"app_haut":13.99,"app_ech":"commune","app_obs":127,"mai":9.15,"mai_bas":7.36,"mai_haut":11.37,"mai_ech":"maille","mai_obs":49},"geometry":{"type":"Polygon","coordinates":[[[2.8226,50.4199],[2.8198,50.4164],[2.8045,50.4141],[2.804,50.4225],[2.8172,50.4238],[2.8226,50.4199]]]}},{"type":"Feature","properties":{"code":"62415","nom":"Haute-Avesnes","app":10.46,"app_bas":8.54,"app_haut":12.81,"app_ech":"maille","app_obs":2,"mai":9.73,"mai_bas":7.52,"mai_haut":12.6,"mai_ech":"maille","mai_obs":17},"geometry":{"type":"Polygon","coordinates":[[[2.6158,50.3309],[2.6167,50.3374],[2.6257,50.3392],[2.6397,50.3384],[2.6554,50.3272],[2.6633,50.3263],[2.6604,50.3209],[2.6464,50.3239],[2.6204,50.3223],[2.6158,50.3309]]]}},{"type":"Feature","properties":{"code":"62519","nom":"Lisbourg","app":9.54,"app_bas":7.94,"app_haut":11.47,"app_ech":"maille","app_obs":19,"mai":7.12,"mai_bas":5.9,"mai_haut":8.6,"mai_ech":"maille","mai_obs":18},"geometry":{"type":"Polygon","coordinates":[[[2.1942,50.5233],[2.2015,50.5296],[2.2139,50.5338],[2.227,50.5309],[2.2356,50.5339],[2.2477,50.5269],[2.2544,50.5185],[2.2619,50.5193],[2.2611,50.5121],[2.2421,50.5038],[2.2436,50.4933],[2.2368,50.492],[2.2214,50.4844],[2.1949,50.4972],[2.1929,50.5065],[2.1955,50.515],[2.1942,50.5233]]]}},{"type":"Feature","properties":{"code":"62522","nom":"Loison-sur-Créquoise","app":10.55,"app_bas":8.28,"app_haut":13.43,"app_ech":"maille","app_obs":0,"mai":8.82,"mai_bas":6.89,"mai_haut":11.29,"mai_ech":"maille","mai_obs":7},"geometry":{"type":"Polygon","coordinates":[[[1.9516,50.4316],[1.952,50.4277],[1.912,50.4294],[1.9019,50.4392],[1.9005,50.4536],[1.9027,50.4644],[1.9167,50.4686],[1.9261,50.457],[1.9366,50.4396],[1.9516,50.4316]]]}},{"type":"Feature","properties":{"code":"62542","nom":"Maizières","app":9.67,"app_bas":7.93,"app_haut":11.79,"app_ech":"maille","app_obs":0,"mai":7.61,"mai_bas":6.28,"mai_haut":9.23,"mai_ech":"maille","mai_obs":10},"geometry":{"type":"Polygon","coordinates":[[[2.4244,50.3129],[2.4307,50.3187],[2.4187,50.333],[2.4209,50.336],[2.4371,50.3332],[2.4591,50.3333],[2.4613,50.3193],[2.4516,50.3075],[2.4281,50.3065],[2.4244,50.3129]]]}},{"type":"Feature","properties":{"code":"62847","nom":"Verquigneul","app":10.52,"app_bas":8.71,"app_haut":12.69,"app_ech":"maille","app_obs":15,"mai":8.85,"mai_bas":7.1,"mai_haut":11.04,"mai_ech":"maille","mai_obs":67},"geometry":{"type":"Polygon","coordinates":[[[2.6498,50.5099],[2.6589,50.5174],[2.6739,50.5104],[2.6737,50.4995],[2.667,50.49],[2.6564,50.4887],[2.6545,50.5004],[2.6498,50.5099]]]}},{"type":"Feature","properties":{"code":"62013","nom":"Agny","app":10.5,"app_bas":8.4,"app_haut":13.13,"app_ech":"maille","app_obs":20,"mai":9.95,"mai_bas":7.76,"mai_haut":12.75,"mai_ech":"maille","mai_obs":88},"geometry":{"type":"Polygon","coordinates":[[[2.7436,50.26],[2.7528,50.2656],[2.7644,50.2666],[2.7737,50.2643],[2.7771,50.2548],[2.7733,50.2463],[2.7749,50.2408],[2.7645,50.2374],[2.7552,50.2385],[2.7424,50.2543],[2.7436,50.26]]]}},{"type":"Feature","properties":{"code":"62047","nom":"Aubrometz","app":12.28,"app_bas":9.94,"app_haut":15.19,"app_ech":"maille","app_obs":0,"mai":7.49,"mai_bas":5.85,"mai_haut":9.6,"mai_ech":"maille","mai_obs":7},"geometry":{"type":"Polygon","coordinates":[[[2.1905,50.3169],[2.1861,50.312],[2.1863,50.3007],[2.1687,50.2903],[2.1655,50.2905],[2.1614,50.2984],[2.176,50.3108],[2.1905,50.3169]]]}},{"type":"Feature","properties":{"code":"62082","nom":"Barastre","app":11.77,"app_bas":9.53,"app_haut":14.53,"app_ech":"maille","app_obs":0,"mai":7.91,"mai_bas":6.3,"mai_haut":9.94,"mai_ech":"maille","mai_obs":12},"geometry":{"type":"Polygon","coordinates":[[[2.9193,50.0846],[2.9342,50.0819],[2.9437,50.0862],[2.9512,50.0849],[2.9645,50.0735],[2.955,50.0683],[2.9489,50.0533],[2.94,50.0505],[2.9369,50.0607],[2.9187,50.0681],[2.9163,50.0729],[2.9193,50.0846]]]}},{"type":"Feature","properties":{"code":"62142","nom":"Blingel","app":10.34,"app_bas":8.62,"app_haut":12.4,"app_ech":"maille","app_obs":0,"mai":6.55,"mai_bas":5.3,"mai_haut":8.1,"mai_ech":"maille","mai_obs":4},"geometry":{"type":"Polygon","coordinates":[[[2.155,50.3949],[2.1442,50.3948],[2.1378,50.4074],[2.1471,50.4181],[2.1534,50.4157],[2.1643,50.4037],[2.155,50.3949]]]}},{"type":"Feature","properties":{"code":"62221","nom":"Chelers","app":11.01,"app_bas":8.89,"app_haut":13.62,"app_ech":"maille","app_obs":0,"mai":8.07,"mai_bas":6.73,"mai_haut":9.66,"mai_ech":"maille","mai_obs":10},"geometry":{"type":"Polygon","coordinates":[[[2.4724,50.3668],[2.4594,50.3706],[2.466,50.3788],[2.4624,50.3853],[2.4781,50.3924],[2.5107,50.3934],[2.5244,50.3862],[2.5124,50.3797],[2.5035,50.378],[2.4724,50.3668]]]}},{"type":"Feature","properties":{"code":"62268","nom":"Desvres","app":9.63,"app_bas":7.52,"app_haut":12.34,"app_ech":"commune","app_obs":319,"mai":8.59,"mai_bas":7.07,"mai_haut":10.43,"mai_ech":"commune","mai_obs":406},"geometry":{"type":"Polygon","coordinates":[[[1.8224,50.6989],[1.831,50.6949],[1.8391,50.6778],[1.8505,50.6678],[1.8701,50.6563],[1.8522,50.6559],[1.8446,50.6575],[1.8144,50.6727],[1.8068,50.6653],[1.7951,50.6704],[1.8044,50.6773],[1.8091,50.6798],[1.8072,50.6896],[1.8224,50.6989]]]}},{"type":"Feature","properties":{"code":"62433","nom":"Héricourt","app":9.67,"app_bas":7.93,"app_haut":11.79,"app_ech":"maille","app_obs":0,"mai":6.55,"mai_bas":5.3,"mai_haut":8.1,"mai_ech":"maille","mai_obs":0},"geometry":{"type":"Polygon","coordinates":[[[2.2253,50.3376],[2.2405,50.3469],[2.2618,50.3465],[2.274,50.3349],[2.2379,50.3271],[2.2253,50.3376]]]}},{"type":"Feature","properties":{"code":"62484","nom":"Lagnicourt-Marcel","app":10.5,"app_bas":8.4,"app_haut":13.13,"app_ech":"maille","app_obs":0,"mai":7.91,"mai_bas":6.3,"mai_haut":9.94,"mai_ech":"maille","mai_obs":8},"geometry":{"type":"Polygon","coordinates":[[[2.9658,50.172],[2.9696,50.1697],[2.99,50.1495],[2.985,50.1461],[2.9662,50.1502],[2.9429,50.1429],[2.9336,50.1446],[2.9286,50.157],[2.9281,50.1605],[2.9482,50.1657],[2.9658,50.172]]]}},{"type":"Feature","properties":{"code":"62560","nom":"Marquise","app":12,"app_bas":9.65,"app_haut":14.92,"app_ech":"commune","app_obs":299,"mai":9.43,"mai_bas":7.72,"mai_haut":11.53,"mai_ech":"commune","mai_obs":268},"geometry":{"type":"Polygon","coordinates":[[[1.7319,50.8293],[1.7338,50.8243],[1.7298,50.8155],[1.7307,50.807],[1.7159,50.8007],[1.719,50.79],[1.6971,50.7924],[1.6796,50.8095],[1.6652,50.8102],[1.6537,50.8057],[1.6444,50.805],[1.6649,50.8137],[1.6858,50.8304],[1.6983,50.8328],[1.7197,50.8237],[1.7319,50.8293]]]}},{"type":"Feature","properties":{"code":"62751","nom":"Saint-Inglevert","app":11.87,"app_bas":9.33,"app_haut":15.11,"app_ech":"maille","app_obs":2,"mai":9.58,"mai_bas":7.94,"mai_haut":11.55,"mai_ech":"maille","mai_obs":56},"geometry":{"type":"Polygon","coordinates":[[[1.7065,50.8717],[1.7308,50.8731],[1.7391,50.8874],[1.7634,50.8787],[1.7618,50.8692],[1.7696,50.8627],[1.7601,50.8587],[1.7528,50.8581],[1.7392,50.8637],[1.7228,50.8672],[1.7176,50.8659],[1.7065,50.8717]]]}},{"type":"Feature","properties":{"code":"62817","nom":"Tilloy-lès-Mofflaines","app":11.47,"app_bas":9.59,"app_haut":13.71,"app_ech":"maille","app_obs":61,"mai":8.61,"mai_bas":7,"mai_haut":10.59,"mai_ech":"maille","mai_obs":63},"geometry":{"type":"Polygon","coordinates":[[[2.8008,50.2771],[2.8083,50.2816],[2.8076,50.2898],[2.8112,50.2928],[2.8343,50.2936],[2.8372,50.2821],[2.83,50.2761],[2.8514,50.2706],[2.8268,50.2618],[2.8061,50.2652],[2.7991,50.2731],[2.8008,50.2771]]]}},{"type":"Feature","properties":{"code":"62844","nom":"Verchocq","app":10.7,"app_bas":8.53,"app_haut":13.42,"app_ech":"maille","app_obs":2,"mai":7.86,"mai_bas":6.43,"mai_haut":9.62,"mai_ech":"maille","mai_obs":52},"geometry":{"type":"Polygon","coordinates":[[[2.0242,50.5286],[2.0331,50.5342],[2.0316,50.543],[2.0224,50.542],[2.0151,50.5486],[2.0017,50.5565],[2.0046,50.5624],[2.0279,50.5737],[2.0422,50.577],[2.051,50.5745],[2.0652,50.5651],[2.0775,50.5514],[2.0638,50.5419],[2.0546,50.5445],[2.046,50.5397],[2.0407,50.5268],[2.0242,50.5286]]]}},{"type":"Feature","properties":{"code":"62850","nom":"Vieil-Hesdin","app":12.28,"app_bas":9.94,"app_haut":15.19,"app_ech":"maille","app_obs":2,"mai":6.55,"mai_bas":5.3,"mai_haut":8.1,"mai_ech":"maille","mai_obs":15},"geometry":{"type":"Polygon","coordinates":[[[2.1052,50.3811],[2.1245,50.3931],[2.1301,50.3802],[2.1276,50.3666],[2.1363,50.3621],[2.1398,50.3544],[2.1234,50.3537],[2.1114,50.3483],[2.0922,50.3348],[2.0863,50.3371],[2.0978,50.35],[2.0931,50.3536],[2.089,50.3665],[2.0968,50.3639],[2.1075,50.37],[2.1052,50.3811]]]}},{"type":"Feature","properties":{"code":"62050","nom":"Auchy-lès-Hesdin","app":12.28,"app_bas":9.94,"app_haut":15.19,"app_ech":"maille","app_obs":2,"mai":6.55,"mai_bas":5.3,"mai_haut":8.1,"mai_ech":"maille","mai_obs":74},"geometry":{"type":"Polygon","coordinates":[[[2.1052,50.3811],[2.1032,50.3889],[2.0918,50.3992],[2.0762,50.3992],[2.0729,50.4195],[2.0828,50.4218],[2.0902,50.4264],[2.0818,50.4337],[2.0826,50.4374],[2.085,50.4387],[2.0968,50.433],[2.1085,50.4134],[2.1054,50.4076],[2.1245,50.3931],[2.1052,50.3811]]]}},{"type":"Feature","properties":{"code":"62302","nom":"Ergny","app":10.7,"app_bas":8.53,"app_haut":13.42,"app_ech":"maille","app_obs":0,"mai":7.77,"mai_bas":6.25,"mai_haut":9.66,"mai_ech":"maille","mai_obs":5},"geometry":{"type":"Polygon","coordinates":[[[1.9548,50.5901],[1.9555,50.6018],[1.9656,50.6079],[1.9762,50.6075],[1.9942,50.6018],[1.9896,50.591],[1.9918,50.5854],[1.9855,50.5663],[1.9794,50.5671],[1.9677,50.5614],[1.9608,50.562],[1.9708,50.5724],[1.9633,50.5859],[1.9548,50.5901]]]}},{"type":"Feature","properties":{"code":"62378","nom":"Gouves","app":10.99,"app_bas":9.3,"app_haut":12.97,"app_ech":"maille","app_obs":16,"mai":9.73,"mai_bas":7.52,"mai_haut":12.6,"mai_ech":"maille","mai_obs":4},"geometry":{"type":"Polygon","coordinates":[[[2.6523,50.2849],[2.6422,50.2931],[2.6344,50.2944],[2.6271,50.306],[2.6395,50.3082],[2.6623,50.2882],[2.6523,50.2849]]]}},{"type":"Feature","properties":{"code":"62466","nom":"Humbert","app":10.55,"app_bas":8.28,"app_haut":13.43,"app_ech":"maille","app_obs":0,"mai":7.77,"mai_bas":6.25,"mai_haut":9.66,"mai_ech":"maille","mai_obs":12},"geometry":{"type":"Polygon","coordinates":[[[1.9005,50.4848],[1.8918,50.4967],[1.8916,50.5133],[1.9014,50.5187],[1.9297,50.5057],[1.9312,50.4922],[1.9282,50.4863],[1.9178,50.4875],[1.9005,50.4848]]]}},{"type":"Feature","properties":{"code":"62682","nom":"Quilen","app":10.55,"app_bas":8.28,"app_haut":13.43,"app_ech":"maille","app_obs":0,"mai":7.86,"mai_bas":6.43,"mai_haut":9.62,"mai_ech":"maille","mai_obs":5},"geometry":{"type":"Polygon","coordinates":[[[1.9517,50.5362],[1.9518,50.5289],[1.9356,50.5205],[1.9247,50.5189],[1.9136,50.526],[1.9182,50.5337],[1.9331,50.5371],[1.9517,50.5362]]]}},{"type":"Feature","properties":{"code":"62719","nom":"Rollancourt","app":10.34,"app_bas":8.62,"app_haut":12.4,"app_ech":"maille","app_obs":1,"mai":7.02,"mai_bas":5.61,"mai_haut":8.77,"mai_ech":"maille","mai_obs":9},"geometry":{"type":"Polygon","coordinates":[[[2.0968,50.433],[2.1024,50.4357],[2.1193,50.4304],[2.1247,50.4221],[2.1386,50.4227],[2.1514,50.4318],[2.158,50.418],[2.1534,50.4157],[2.1471,50.4181],[2.1378,50.4074],[2.1442,50.3948],[2.1393,50.384],[2.1301,50.3802],[2.1245,50.3931],[2.1054,50.4076],[2.1085,50.4134],[2.0968,50.433]]]}},{"type":"Feature","properties":{"code":"62722","nom":"Rougefay","app":12.28,"app_bas":9.94,"app_haut":15.19,"app_ech":"maille","app_obs":0,"mai":7.49,"mai_bas":5.85,"mai_haut":9.6,"mai_ech":"maille","mai_obs":0},"geometry":{"type":"Polygon","coordinates":[[[2.1852,50.2623],[2.1777,50.2668],[2.1688,50.2665],[2.157,50.2709],[2.1526,50.285],[2.1655,50.2905],[2.1653,50.2889],[2.1838,50.2701],[2.1866,50.2699],[2.1904,50.266],[2.1852,50.2623]]]}},{"type":"Feature","properties":{"code":"62009","nom":"Adinfer","app":11.7,"app_bas":9.51,"app_haut":14.4,"app_ech":"maille","app_obs":0,"mai":9.5,"mai_bas":7.68,"mai_haut":11.75,"mai_ech":"maille","mai_obs":1},"geometry":{"type":"Polygon","coordinates":[[[2.7326,50.2006],[2.7236,50.1885],[2.711,50.1878],[2.6883,50.1759],[2.6829,50.1782],[2.6863,50.1891],[2.6932,50.2029],[2.6992,50.2072],[2.7215,50.2046],[2.7326,50.2006]]]}},{"type":"Feature","properties":{"code":"62263","nom":"Dainville","app":13.08,"app_bas":10.62,"app_haut":16.11,"app_ech":"commune","app_obs":160,"mai":10.12,"mai_bas":7.89,"mai_haut":12.99,"mai_ech":"commune","mai_obs":247},"geometry":{"type":"Polygon","coordinates":[[[2.686,50.2739],[2.685,50.2803],[2.6988,50.2898],[2.7264,50.2938],[2.7393,50.2922],[2.7441,50.2866],[2.7401,50.2814],[2.7312,50.2651],[2.7164,50.2606],[2.6936,50.2596],[2.6945,50.2684],[2.686,50.2739]]]}},{"type":"Feature","properties":{"code":"62303","nom":"Érin","app":10.7,"app_bas":8.53,"app_haut":13.42,"app_ech":"maille","app_obs":0,"mai":7.12,"mai_bas":5.9,"mai_haut":8.6,"mai_ech":"maille","mai_obs":0},"geometry":{"type":"Polygon","coordinates":[[[2.2132,50.4462],[2.2388,50.433],[2.2403,50.4229],[2.2304,50.421],[2.2134,50.4149],[2.2056,50.4227],[2.2,50.4422],[2.2132,50.4462]]]}},{"type":"Feature","properties":{"code":"62325","nom":"Fauquembergues","app":11.09,"app_bas":9.14,"app_haut":13.46,"app_ech":"maille","app_obs":66,"mai":7.52,"mai_bas":6.14,"mai_haut":9.2,"mai_ech":"commune","mai_obs":125},"geometry":{"type":"Polygon","coordinates":[[[2.1045,50.5761],[2.0866,50.5872],[2.0852,50.592],[2.0603,50.6028],[2.0685,50.6024],[2.0735,50.6007],[2.1046,50.6046],[2.1236,50.6024],[2.1221,50.59],[2.1045,50.5761]]]}},{"type":"Feature","properties":{"code":"62377","nom":"Gosnay","app":10.64,"app_bas":8.56,"app_haut":13.24,"app_ech":"maille","app_obs":12,"mai":9.07,"mai_bas":7.43,"mai_haut":11.07,"mai_ech":"maille","mai_obs":25},"geometry":{"type":"Polygon","coordinates":[[[2.5871,50.5153],[2.5985,50.5136],[2.6012,50.5066],[2.5843,50.5015],[2.5769,50.5017],[2.575,50.5103],[2.5871,50.5153]]]}},{"type":"Feature","properties":{"code":"62407","nom":"Ham-en-Artois","app":10.08,"app_bas":8.32,"app_haut":12.21,"app_ech":"maille","app_obs":1,"mai":8.23,"mai_bas":6.65,"mai_haut":10.18,"mai_ech":"maille","mai_obs":17},"geometry":{"type":"Polygon","coordinates":[[[2.4398,50.5973],[2.4581,50.5982],[2.4649,50.596],[2.4656,50.5921],[2.4799,50.5923],[2.4813,50.5902],[2.4735,50.5871],[2.4456,50.5846],[2.4317,50.5905],[2.4398,50.5973]]]}},{"type":"Feature","properties":{"code":"62511","nom":"Lignereuil","app":9.67,"app_bas":7.93,"app_haut":11.79,"app_ech":"maille","app_obs":0,"mai":7.71,"mai_bas":6.24,"mai_haut":9.53,"mai_ech":"maille","mai_obs":4},"geometry":{"type":"Polygon","coordinates":[[[2.4886,50.2907],[2.4876,50.2883],[2.4822,50.2851],[2.457,50.2843],[2.4574,50.2968],[2.4743,50.2998],[2.4886,50.2907]]]}},{"type":"Feature","properties":{"code":"62544","nom":"Manin","app":9.5,"app_bas":7.94,"app_haut":11.37,"app_ech":"maille","app_obs":0,"mai":7.71,"mai_bas":6.24,"mai_haut":9.53,"mai_ech":"maille","mai_obs":1},"geometry":{"type":"Polygon","coordinates":[[[2.4876,50.2883],[2.4886,50.2907],[2.4991,50.2935],[2.5024,50.2979],[2.5014,50.3094],[2.5041,50.3121],[2.5178,50.3103],[2.5134,50.3026],[2.5226,50.2971],[2.5184,50.2869],[2.4982,50.2855],[2.4876,50.2883]]]}},{"type":"Feature","properties":{"code":"62591","nom":"Morchies","app":9.74,"app_bas":8.03,"app_haut":11.8,"app_ech":"maille","app_obs":0,"mai":7.91,"mai_bas":6.3,"mai_haut":9.94,"mai_ech":"maille","mai_obs":20},"geometry":{"type":"Polygon","coordinates":[[[2.985,50.1461],[2.9618,50.1255],[2.9544,50.1239],[2.9402,50.1301],[2.9293,50.1321],[2.9262,50.1372],[2.9336,50.1446],[2.9429,50.1429],[2.9662,50.1502],[2.985,50.1461]]]}},{"type":"Feature","properties":{"code":"62742","nom":"Saint-Aubin","app":12.48,"app_bas":9.26,"app_haut":16.82,"app_ech":"maille","app_obs":1,"mai":10.61,"mai_bas":8.06,"mai_haut":13.97,"mai_ech":"maille","mai_obs":18},"geometry":{"type":"Polygon","coordinates":[[[1.6502,50.4608],[1.657,50.4595],[1.6672,50.4648],[1.6783,50.4604],[1.6943,50.4571],[1.6836,50.4454],[1.6606,50.4466],[1.6473,50.4489],[1.6446,50.4559],[1.6502,50.4608]]]}},{"type":"Feature","properties":{"code":"62822","nom":"Tollent","app":12.28,"app_bas":9.94,"app_haut":15.19,"app_ech":"maille","app_obs":0,"mai":7.49,"mai_bas":5.85,"mai_haut":9.6,"mai_ech":"maille","mai_obs":4},"geometry":{"type":"Polygon","coordinates":[[[2.0021,50.2941],[2.0199,50.2808],[2.0398,50.2771],[2.0262,50.2695],[2.0147,50.2675],[2.0032,50.2704],[1.9941,50.2757],[2.0031,50.2843],[2.0021,50.2941]]]}},{"type":"Feature","properties":{"code":"62095","nom":"Beaumetz-lès-Aire","app":9.54,"app_bas":7.94,"app_haut":11.47,"app_ech":"maille","app_obs":5,"mai":7.12,"mai_bas":5.9,"mai_haut":8.6,"mai_ech":"maille","mai_obs":15},"geometry":{"type":"Polygon","coordinates":[[[2.2139,50.5338],[2.214,50.5439],[2.2105,50.5473],[2.1998,50.5434],[2.1924,50.5488],[2.2015,50.5502],[2.2058,50.5548],[2.2132,50.5552],[2.2296,50.5484],[2.2376,50.55],[2.2324,50.5362],[2.2356,50.5339],[2.227,50.5309],[2.2139,50.5338]]]}},{"type":"Feature","properties":{"code":"62164","nom":"Bourlon","app":9.74,"app_bas":8.03,"app_haut":11.8,"app_ech":"maille","app_obs":54,"mai":7.91,"mai_bas":6.3,"mai_haut":9.94,"mai_ech":"maille","mai_obs":62},"geometry":{"type":"Polygon","coordinates":[[[3.101,50.162],[3.0959,50.1631],[3.0901,50.1718],[3.0997,50.186],[3.0992,50.1902],[3.116,50.1973],[3.1312,50.1995],[3.1429,50.1965],[3.1439,50.1896],[3.1564,50.1816],[3.1459,50.1786],[3.1375,50.1669],[3.129,50.1656],[3.116,50.1678],[3.101,50.162]]]}},{"type":"Feature","properties":{"code":"62255","nom":"Crémarest","app":11.61,"app_bas":9.49,"app_haut":14.19,"app_ech":"maille","app_obs":7,"mai":8.99,"mai_bas":7.35,"mai_haut":10.99,"mai_ech":"maille","mai_obs":44},"geometry":{"type":"Polygon","coordinates":[[[1.8096,50.7079],[1.8224,50.6989],[1.8072,50.6896],[1.8091,50.6798],[1.8044,50.6773],[1.7969,50.6799],[1.7768,50.6818],[1.7714,50.6851],[1.7827,50.6964],[1.7771,50.7039],[1.7663,50.7102],[1.7516,50.7114],[1.7508,50.7217],[1.7626,50.7208],[1.7778,50.7225],[1.783,50.7141],[1.7902,50.715],[1.8096,50.7079]]]}},{"type":"Feature","properties":{"code":"62389","nom":"Grincourt-lès-Pas","app":9.5,"app_bas":7.94,"app_haut":11.37,"app_ech":"maille","app_obs":0,"mai":7.71,"mai_bas":6.24,"mai_haut":9.53,"mai_ech":"maille","mai_obs":0},"geometry":{"type":"Polygon","coordinates":[[[2.4848,50.1665],[2.4813,50.1758],[2.4812,50.1852],[2.4739,50.1887],[2.4854,50.1913],[2.5008,50.1726],[2.4936,50.1668],[2.4848,50.1665]]]}},{"type":"Feature","properties":{"code":"62402","nom":"Halinghen","app":12.71,"app_bas":10.32,"app_haut":15.65,"app_ech":"maille","app_obs":1,"mai":10.37,"mai_bas":8.54,"mai_haut":12.59,"mai_ech":"maille","mai_obs":3},"geometry":{"type":"Polygon","coordinates":[[[1.6928,50.591],[1.6851,50.5942],[1.6652,50.5925],[1.6602,50.6026],[1.6744,50.6069],[1.6794,50.6194],[1.675,50.6225],[1.6918,50.6157],[1.7004,50.6162],[1.6983,50.5987],[1.701,50.5956],[1.6928,50.591]]]}},{"type":"Feature","properties":{"code":"62485","nom":"Laires","app":9.54,"app_bas":7.94,"app_haut":11.47,"app_ech":"maille","app_obs":0,"mai":7.12,"mai_bas":5.9,"mai_haut":8.6,"mai_ech":"maille","mai_obs":10},"geometry":{"type":"Polygon","coordinates":[[[2.2849,50.5377],[2.2849,50.5332],[2.2718,50.5265],[2.2673,50.5206],[2.2544,50.5185],[2.2477,50.5269],[2.2324,50.5362],[2.2376,50.55],[2.2566,50.563],[2.2577,50.5569],[2.2645,50.5495],[2.2679,50.5404],[2.2764,50.5371],[2.2849,50.5377]]]}},{"type":"Feature","properties":{"code":"62492","nom":"Lebiez","app":10.34,"app_bas":8.62,"app_haut":12.4,"app_ech":"maille","app_obs":0,"mai":7.77,"mai_bas":6.25,"mai_haut":9.66,"mai_ech":"maille","mai_obs":8},"geometry":{"type":"Polygon","coordinates":[[[1.9818,50.4395],[1.9715,50.4455],[1.9531,50.4611],[1.9568,50.4688],[1.9683,50.4792],[1.976,50.4844],[1.9814,50.4793],[1.992,50.4622],[2.0062,50.4533],[2.0004,50.4454],[1.9958,50.4417],[1.9818,50.4395]]]}},{"type":"Feature","properties":{"code":"62760","nom":"Saint-Martin-d'Hardinghem","app":10.7,"app_bas":8.87,"app_haut":12.9,"app_ech":"maille","app_obs":1,"mai":7.86,"mai_bas":6.43,"mai_haut":9.62,"mai_ech":"maille","mai_obs":9},"geometry":{"type":"Polygon","coordinates":[[[2.1236,50.6024],[2.1046,50.6046],[2.0735,50.6007],[2.0685,50.6024],[2.0803,50.6051],[2.0875,50.6147],[2.0825,50.6172],[2.0839,50.6247],[2.1076,50.6189],[2.1253,50.6174],[2.135,50.62],[2.1339,50.6118],[2.1236,50.6024]]]}},{"type":"Feature","properties":{"code":"62795","nom":"Sibiville","app":9.45,"app_bas":7.87,"app_haut":11.35,"app_ech":"maille","app_obs":0,"mai":6.94,"mai_bas":5.65,"mai_haut":8.51,"mai_ech":"maille","mai_obs":0},"geometry":{"type":"Polygon","coordinates":[[[2.3267,50.2861],[2.3172,50.2977],[2.3158,50.307],[2.3116,50.3097],[2.3108,50.3147],[2.3154,50.322],[2.3195,50.3186],[2.3301,50.3211],[2.3341,50.3152],[2.3455,50.3142],[2.3462,50.3084],[2.3571,50.3035],[2.3478,50.2952],[2.3267,50.2861]]]}},{"type":"Feature","properties":{"code":"62866","nom":"Waben","app":11.63,"app_bas":9.33,"app_haut":14.51,"app_ech":"maille","app_obs":13,"mai":8.82,"mai_bas":6.89,"mai_haut":11.29,"mai_ech":"maille","mai_obs":4},"geometry":{"type":"Polygon","coordinates":[[[1.6334,50.3642],[1.6252,50.3718],[1.6178,50.3722],[1.6318,50.3836],[1.6252,50.392],[1.6469,50.3916],[1.6601,50.3947],[1.6815,50.393],[1.6893,50.3952],[1.6779,50.383],[1.6456,50.3675],[1.6334,50.3642]]]}},{"type":"Feature","properties":{"code":"62085","nom":"Basseux","app":11.7,"app_bas":9.51,"app_haut":14.4,"app_ech":"maille","app_obs":0,"mai":9.5,"mai_bas":7.68,"mai_haut":11.75,"mai_ech":"maille","mai_obs":1},"geometry":{"type":"Polygon","coordinates":[[[2.6514,50.2159],[2.6491,50.2212],[2.6322,50.2272],[2.6264,50.2321],[2.6393,50.2362],[2.646,50.2373],[2.6615,50.2348],[2.6635,50.2299],[2.6514,50.2159]]]}},{"type":"Feature","properties":{"code":"62151","nom":"Boisleux-au-Mont","app":11.7,"app_bas":9.51,"app_haut":14.4,"app_ech":"maille","app_obs":0,"mai":9.5,"mai_bas":7.68,"mai_haut":11.75,"mai_ech":"maille","mai_obs":4},"geometry":{"type":"Polygon","coordinates":[[[2.7899,50.2012],[2.785,50.1979],[2.7772,50.1956],[2.7666,50.2043],[2.7719,50.2078],[2.7657,50.2151],[2.7593,50.2175],[2.7672,50.2259],[2.7842,50.2261],[2.7831,50.2194],[2.7906,50.2118],[2.7899,50.2012]]]}},{"type":"Feature","properties":{"code":"62171","nom":"Boyaval","app":9.54,"app_bas":7.94,"app_haut":11.47,"app_ech":"maille","app_obs":0,"mai":8.64,"mai_bas":6.92,"mai_haut":10.79,"mai_ech":"maille","mai_obs":2},"geometry":{"type":"Polygon","coordinates":[[[2.3027,50.4831],[2.3087,50.4858],[2.329,50.4772],[2.3321,50.4782],[2.3342,50.4717],[2.3161,50.4599],[2.3075,50.4591],[2.297,50.4693],[2.2908,50.4723],[2.2884,50.4745],[2.3027,50.4831]]]}},{"type":"Feature","properties":{"code":"62182","nom":"Buire-au-Bois","app":12.28,"app_bas":9.94,"app_haut":15.19,"app_ech":"maille","app_obs":0,"mai":7.49,"mai_bas":5.85,"mai_haut":9.6,"mai_ech":"maille","mai_obs":1},"geometry":{"type":"Polygon","coordinates":[[[2.1814,50.2554],[2.1674,50.2449],[2.1595,50.2447],[2.1271,50.2543],[2.1311,50.2616],[2.1236,50.2727],[2.1236,50.2739],[2.1332,50.2778],[2.1393,50.2836],[2.1526,50.285],[2.157,50.2709],[2.1688,50.2665],[2.1777,50.2668],[2.1852,50.2623],[2.1814,50.2554]]]}},{"type":"Feature","properties":{"code":"62210","nom":"Canteleux","app":null,"app_bas":null,"app_haut":null,"app_ech":null,"app_obs":0,"mai":null,"mai_bas":null,"mai_haut":null,"mai_ech":null,"mai_obs":0},"geometry":{"type":"Polygon","coordinates":[[[2.2907,50.2186],[2.32,50.2326],[2.3312,50.2226],[2.332,50.2161],[2.3271,50.2131],[2.3204,50.2202],[2.3017,50.213],[2.2907,50.2186]]]}},{"type":"Feature","properties":{"code":"62390","nom":"Groffliers","app":12.26,"app_bas":9.75,"app_haut":15.41,"app_ech":"maille","app_obs":9,"mai":8.82,"mai_bas":6.89,"mai_haut":11.29,"mai_ech":"maille","mai_obs":12},"geometry":{"type":"Polygon","coordinates":[[[1.5715,50.3904],[1.5823,50.3912],[1.6059,50.3991],[1.6185,50.3963],[1.6252,50.392],[1.6318,50.3836],[1.6178,50.3722],[1.6093,50.3707],[1.6001,50.3777],[1.5847,50.3764],[1.5795,50.3792],[1.5715,50.3904]]]}},{"type":"Feature","properties":{"code":"62450","nom":"Hestrus","app":9.54,"app_bas":7.94,"app_haut":11.47,"app_ech":"maille","app_obs":0,"mai":8.64,"mai_bas":6.92,"mai_haut":10.79,"mai_ech":"maille","mai_obs":4},"geometry":{"type":"Polygon","coordinates":[[[2.3038,50.4421],[2.3173,50.4461],[2.3218,50.4532],[2.3161,50.4599],[2.3342,50.4717],[2.3443,50.4599],[2.3572,50.4499],[2.3484,50.4396],[2.3438,50.4385],[2.3332,50.4399],[2.3202,50.4368],[2.3113,50.4298],[2.3019,50.432],[2.3038,50.4421]]]}},{"type":"Feature","properties":{"code":"62647","nom":"Parcq","app":10.34,"app_bas":8.62,"app_haut":12.4,"app_ech":"maille","app_obs":2,"mai":7.95,"mai_bas":6.22,"mai_haut":10.15,"mai_ech":"maille","mai_obs":20},"geometry":{"type":"Polygon","coordinates":[[[2.0621,50.3664],[2.0637,50.3738],[2.0739,50.3752],[2.0727,50.3821],[2.0603,50.397],[2.0762,50.3992],[2.0918,50.3992],[2.1032,50.3889],[2.1075,50.37],[2.0968,50.3639],[2.089,50.3665],[2.0844,50.3696],[2.0664,50.3693],[2.0621,50.3664]]]}},{"type":"Feature","properties":{"code":"62700","nom":"Regnauville","app":10.34,"app_bas":8.62,"app_haut":12.4,"app_ech":"maille","app_obs":0,"mai":7.95,"mai_bas":6.22,"mai_haut":10.15,"mai_ech":"maille","mai_obs":6},"geometry":{"type":"Polygon","coordinates":[[[1.9776,50.3138],[1.9811,50.3182],[2.0064,50.3262],[2.023,50.3202],[2.0153,50.3104],[2.0021,50.3074],[1.9776,50.3138]]]}},{"type":"Feature","properties":{"code":"62727","nom":"Ruitz","app":11.6,"app_bas":9.64,"app_haut":13.95,"app_ech":"maille","app_obs":58,"mai":9.07,"mai_bas":7.43,"mai_haut":11.07,"mai_ech":"maille","mai_obs":73},"geometry":{"type":"Polygon","coordinates":[[[2.6052,50.4808],[2.6111,50.4664],[2.5962,50.4555],[2.5907,50.4535],[2.5853,50.4578],[2.5608,50.46],[2.5618,50.461],[2.5736,50.4649],[2.5981,50.4792],[2.6052,50.4808]]]}},{"type":"Feature","properties":{"code":"62741","nom":"Saint-Amand","app":9.5,"app_bas":7.94,"app_haut":11.37,"app_ech":"maille","app_obs":0,"mai":9.1,"mai_bas":7.44,"mai_haut":11.15,"mai_ech":"maille","mai_obs":5},"geometry":{"type":"Polygon","coordinates":[[[2.583,50.1682],[2.5812,50.1642],[2.5661,50.1589],[2.5545,50.1592],[2.5465,50.1627],[2.5417,50.1712],[2.5502,50.1831],[2.5539,50.185],[2.5616,50.1795],[2.5747,50.1758],[2.583,50.1682]]]}},{"type":"Feature","properties":{"code":"62746","nom":"Saint-Étienne-au-Mont","app":11.61,"app_bas":9.49,"app_haut":14.19,"app_ech":"maille","app_obs":11,"mai":9.4,"mai_bas":7.05,"mai_haut":12.54,"mai_ech":"maille","mai_obs":8},"geometry":{"type":"Polygon","coordinates":[[[1.5722,50.6641],[1.5876,50.6706],[1.5952,50.6812],[1.6048,50.6864],[1.6075,50.6923],[1.628,50.6848],[1.6389,50.6774],[1.641,50.6726],[1.6336,50.6673],[1.6114,50.6652],[1.6056,50.6626],[1.611,50.649],[1.6046,50.6431],[1.5786,50.6392],[1.5738,50.6525],[1.5722,50.6641]]]}},{"type":"Feature","properties":{"code":"62860","nom":"Villers-Sir-Simon","app":9.5,"app_bas":7.94,"app_haut":11.37,"app_ech":"maille","app_obs":0,"mai":7.71,"mai_bas":6.24,"mai_haut":9.53,"mai_ech":"maille","mai_obs":12},"geometry":{"type":"Polygon","coordinates":[[[2.5014,50.3094],[2.4895,50.3063],[2.4768,50.3185],[2.487,50.3232],[2.4951,50.3234],[2.5044,50.3168],[2.5041,50.3121],[2.5014,50.3094]]]}},{"type":"Feature","properties":{"code":"62027","nom":"Ambrines","app":9.5,"app_bas":7.94,"app_haut":11.37,"app_ech":"maille","app_obs":0,"mai":7.71,"mai_bas":6.24,"mai_haut":9.53,"mai_ech":"maille","mai_obs":20},"geometry":{"type":"Polygon","coordinates":[[[2.4768,50.3185],[2.4895,50.3063],[2.4743,50.2998],[2.4574,50.2968],[2.4463,50.3019],[2.4445,50.307],[2.4516,50.3075],[2.4613,50.3193],[2.4768,50.3185]]]}},{"type":"Feature","properties":{"code":"62065","nom":"Avion","app":11.59,"app_bas":9.81,"app_haut":13.68,"app_ech":"commune","app_obs":485,"mai":9.21,"mai_bas":7.41,"mai_haut":11.44,"mai_ech":"commune","mai_obs":245},"geometry":{"type":"Polygon","coordinates":[[[2.8226,50.4199],[2.8388,50.4216],[2.8418,50.4243],[2.8498,50.4219],[2.8591,50.4107],[2.8502,50.4062],[2.85,50.3926],[2.8444,50.3842],[2.8154,50.3908],[2.8002,50.3928],[2.7895,50.4061],[2.8045,50.4141],[2.8198,50.4164],[2.8226,50.4199]]]}},{"type":"Feature","properties":{"code":"62093","nom":"Beaulencourt","app":11.77,"app_bas":9.53,"app_haut":14.53,"app_ech":"maille","app_obs":1,"mai":7.64,"mai_bas":6.13,"mai_haut":9.51,"mai_ech":"maille","mai_obs":5},"geometry":{"type":"Polygon","coordinates":[[[2.8861,50.078],[2.8892,50.0715],[2.879,50.0655],[2.8647,50.0599],[2.8567,50.061],[2.8554,50.078],[2.8569,50.0847],[2.8628,50.0861],[2.8813,50.0813],[2.8861,50.078]]]}},{"type":"Feature","properties":{"code":"62261","nom":"Cucq","app":13.98,"app_bas":10.37,"app_haut":18.85,"app_ech":"commune","app_obs":430,"mai":11.81,"mai_bas":8.98,"mai_haut":15.54,"mai_ech":"commune","mai_obs":238},"geometry":{"type":"Polygon","coordinates":[[[1.6303,50.4696],[1.6221,50.4737],[1.5742,50.4712],[1.5763,50.4875],[1.6069,50.4837],[1.6107,50.4903],[1.6232,50.4993],[1.6263,50.5091],[1.6349,50.5113],[1.6406,50.5088],[1.6443,50.5009],[1.6334,50.4837],[1.6303,50.4696]]]}},{"type":"Feature","properties":{"code":"62480","nom":"Labourse","app":10.52,"app_bas":8.71,"app_haut":12.69,"app_ech":"maille","app_obs":0,"mai":8.85,"mai_bas":7.1,"mai_haut":11.04,"mai_ech":"maille","mai_obs":67},"geometry":{"type":"Polygon","coordinates":[[[2.667,50.49],[2.6737,50.4995],[2.6739,50.5104],[2.681,50.5108],[2.6878,50.5059],[2.6875,50.4997],[2.6964,50.4861],[2.7036,50.4794],[2.6949,50.4761],[2.6808,50.481],[2.667,50.49]]]}},{"type":"Feature","properties":{"code":"62505","nom":"Leulinghen-Bernes","app":11.54,"app_bas":9.28,"app_haut":14.34,"app_ech":"maille","app_obs":3,"mai":9.58,"mai_bas":7.94,"mai_haut":11.55,"mai_ech":"maille","mai_obs":28},"geometry":{"type":"Polygon","coordinates":[[[1.7319,50.8293],[1.7197,50.8237],[1.6983,50.8328],[1.6858,50.8304],[1.6823,50.8403],[1.7052,50.8475],[1.7238,50.8471],[1.7446,50.8417],[1.7319,50.8293]]]}},{"type":"Feature","properties":{"code":"62657","nom":"Pihen-lès-Guînes","app":11.4,"app_bas":9.12,"app_haut":14.26,"app_ech":"maille","app_obs":0,"mai":9.58,"mai_bas":7.94,"mai_haut":11.55,"mai_ech":"maille","mai_obs":39},"geometry":{"type":"Polygon","coordinates":[[[1.7696,50.8627],[1.7618,50.8692],[1.7634,50.8787],[1.7867,50.8843],[1.7964,50.8891],[1.8156,50.873],[1.8195,50.866],[1.811,50.8564],[1.8,50.8569],[1.7901,50.8641],[1.7782,50.8603],[1.7696,50.8627]]]}},{"type":"Feature","properties":{"code":"62680","nom":"Quiéry-la-Motte","app":14.16,"app_bas":11.57,"app_haut":17.34,"app_ech":"maille","app_obs":9,"mai":10.32,"mai_bas":8.24,"mai_haut":12.92,"mai_ech":"maille","mai_obs":24},"geometry":{"type":"Polygon","coordinates":[[[3.0028,50.3709],[3.0089,50.3659],[3.0065,50.3612],[2.9945,50.352],[2.9685,50.3485],[2.9655,50.3544],[2.9689,50.3623],[2.9577,50.3765],[2.9726,50.3817],[2.9772,50.3796],[2.9939,50.3818],[3.0028,50.3709]]]}},{"type":"Feature","properties":{"code":"62696","nom":"Reclinghem","app":10.7,"app_bas":8.53,"app_haut":13.42,"app_ech":"maille","app_obs":1,"mai":7.86,"mai_bas":6.43,"mai_haut":9.62,"mai_ech":"maille","mai_obs":6},"geometry":{"type":"Polygon","coordinates":[[[2.1689,50.5887],[2.1742,50.5831],[2.1892,50.5819],[2.1964,50.5783],[2.1957,50.5633],[2.1916,50.5628],[2.1665,50.564],[2.1584,50.5616],[2.1516,50.566],[2.1689,50.5887]]]}},{"type":"Feature","properties":{"code":"62759","nom":"Saint-Martin-Choquel","app":10.91,"app_bas":8.91,"app_haut":13.35,"app_ech":"maille","app_obs":1,"mai":9.06,"mai_bas":7.45,"mai_haut":11.02,"mai_ech":"maille","mai_obs":8},"geometry":{"type":"Polygon","coordinates":[[[1.8846,50.6522],[1.8738,50.6571],[1.8736,50.6739],[1.8783,50.6867],[1.8957,50.6841],[1.8995,50.6799],[1.9052,50.6706],[1.8935,50.6691],[1.8939,50.6627],[1.9004,50.6566],[1.9024,50.6495],[1.8846,50.6522]]]}},{"type":"Feature","properties":{"code":"62896","nom":"Wirwignes","app":11.61,"app_bas":9.49,"app_haut":14.19,"app_ech":"maille","app_obs":16,"mai":9.06,"mai_bas":7.45,"mai_haut":11.02,"mai_ech":"maille","mai_obs":29},"geometry":{"type":"Polygon","coordinates":[[[1.7777,50.6579],[1.772,50.6641],[1.7571,50.6658],[1.7602,50.6745],[1.7497,50.6773],[1.7407,50.6839],[1.7515,50.6931],[1.7468,50.6975],[1.7516,50.7114],[1.7663,50.7102],[1.7771,50.7039],[1.7827,50.6964],[1.7714,50.6851],[1.7768,50.6818],[1.7969,50.6799],[1.8044,50.6773],[1.7777,50.6579]]]}},{"type":"Feature","properties":{"code":"62023","nom":"Allouagne","app":10.42,"app_bas":8.65,"app_haut":12.56,"app_ech":"maille","app_obs":35,"mai":8.28,"mai_bas":6.77,"mai_haut":10.11,"mai_ech":"commune","mai_obs":100},"geometry":{"type":"Polygon","coordinates":[[[2.473,50.5191],[2.4771,50.5319],[2.4841,50.5366],[2.5022,50.5394],[2.5218,50.5469],[2.5289,50.5524],[2.5361,50.546],[2.5256,50.5365],[2.5204,50.523],[2.5087,50.5182],[2.4988,50.524],[2.4813,50.5187],[2.473,50.5191]]]}},{"type":"Feature","properties":{"code":"62042","nom":"Athies","app":11.99,"app_bas":10.17,"app_haut":14.13,"app_ech":"maille","app_obs":18,"mai":10.32,"mai_bas":8.24,"mai_haut":12.92,"mai_ech":"maille","mai_obs":23},"geometry":{"type":"Polygon","coordinates":[[[2.8262,50.298],[2.8276,50.3114],[2.835,50.3201],[2.8489,50.32],[2.8565,50.3061],[2.8585,50.2967],[2.8262,50.298]]]}},{"type":"Feature","properties":{"code":"62131","nom":"Bihucourt","app":10.46,"app_bas":8.58,"app_haut":12.75,"app_ech":"maille","app_obs":10,"mai":7.64,"mai_bas":6.13,"mai_haut":9.51,"mai_ech":"maille","mai_obs":15},"geometry":{"type":"Polygon","coordinates":[[[2.8033,50.1133],[2.7828,50.1154],[2.7935,50.1282],[2.7971,50.1382],[2.7938,50.141],[2.805,50.1432],[2.8143,50.1418],[2.8135,50.1299],[2.8086,50.125],[2.8101,50.1189],[2.8033,50.1133]]]}},{"type":"Feature","properties":{"code":"62193","nom":"Calais","app":11.57,"app_bas":9.25,"app_haut":14.47,"app_ech":"commune","app_obs":7991,"mai":8.81,"mai_bas":7.14,"mai_haut":10.86,"mai_ech":"commune","mai_obs":1713},"geometry":{"type":"Polygon","coordinates":[[[1.8583,50.9302],[1.856,50.9324],[1.839,50.9312],[1.8188,50.9356],[1.8057,50.9454],[1.826,50.9541],[1.8284,50.9624],[1.8412,50.9656],[1.8512,50.9657],[1.8527,50.971],[1.8712,50.9749],[1.8897,50.9723],[1.9124,50.9826],[1.9178,50.97],[1.923,50.9436],[1.9317,50.9301],[1.9088,50.9221],[1.8975,50.9294],[1.8758,50.9339],[1.8694,50.9282],[1.8583,50.9302]]]}},{"type":"Feature","properties":{"code":"62218","nom":"Caucourt","app":10.38,"app_bas":8.51,"app_haut":12.66,"app_ech":"maille","app_obs":1,"mai":8.46,"mai_bas":6.88,"mai_haut":10.41,"mai_ech":"maille","mai_obs":10},"geometry":{"type":"Polygon","coordinates":[[[2.5779,50.3832],[2.5696,50.3894],[2.5552,50.3869],[2.5442,50.3958],[2.5562,50.3989],[2.5725,50.4069],[2.5786,50.4074],[2.597,50.3914],[2.595,50.3879],[2.5779,50.3832]]]}},{"type":"Feature","properties":{"code":"62223","nom":"Chérisy","app":10.5,"app_bas":8.4,"app_haut":13.13,"app_ech":"maille","app_obs":2,"mai":8.61,"mai_bas":7,"mai_haut":10.59,"mai_ech":"maille","mai_obs":16},"geometry":{"type":"Polygon","coordinates":[[[2.891,50.2293],[2.8888,50.2382],[2.9098,50.2438],[2.9141,50.2475],[2.9193,50.2472],[2.9387,50.2273],[2.9287,50.222],[2.8942,50.2276],[2.891,50.2293]]]}},{"type":"Feature","properties":{"code":"62289","nom":"Écuires","app":12.26,"app_bas":9.75,"app_haut":15.41,"app_ech":"maille","app_obs":7,"mai":10.61,"mai_bas":8.06,"mai_haut":13.97,"mai_ech":"maille","mai_obs":12},"geometry":{"type":"Polygon","coordinates":[[[1.7573,50.4166],[1.7471,50.4276],[1.7538,50.4527],[1.7576,50.4576],[1.7662,50.4598],[1.7753,50.4507],[1.7842,50.4461],[1.7877,50.4343],[1.7944,50.4278],[1.7854,50.4244],[1.7725,50.4253],[1.7583,50.4229],[1.7573,50.4166]]]}},{"type":"Feature","properties":{"code":"62339","nom":"Fleury","app":9.54,"app_bas":7.94,"app_haut":11.47,"app_ech":"maille","app_obs":0,"mai":7.02,"mai_bas":5.61,"mai_haut":8.77,"mai_ech":"maille","mai_obs":4},"geometry":{"type":"Polygon","coordinates":[[[2.2388,50.433],[2.2459,50.4334],[2.2557,50.432],[2.2686,50.4212],[2.2682,50.4166],[2.2657,50.4155],[2.2503,50.414],[2.2403,50.4229],[2.2388,50.433]]]}},{"type":"Feature","properties":{"code":"62342","nom":"Fontaine-lès-Boulans","app":10.62,"app_bas":8.75,"app_haut":12.89,"app_ech":"maille","app_obs":0,"mai":7.02,"mai_bas":5.61,"mai_haut":8.77,"mai_ech":"maille","mai_obs":3},"geometry":{"type":"Polygon","coordinates":[[[2.2787,50.5139],[2.2932,50.5084],[2.2967,50.5056],[2.3032,50.4908],[2.2949,50.4845],[2.2706,50.493],[2.264,50.5018],[2.2787,50.5139]]]}},{"type":"Feature","properties":{"code":"62381","nom":"Gouy-en-Ternois","app":9.45,"app_bas":7.87,"app_haut":11.35,"app_ech":"maille","app_obs":2,"mai":7.71,"mai_bas":6.24,"mai_haut":9.53,"mai_ech":"maille","mai_obs":1},"geometry":{"type":"Polygon","coordinates":[[[2.3999,50.3086],[2.3955,50.316],[2.4001,50.325],[2.397,50.3281],[2.4021,50.336],[2.4118,50.3388],[2.4209,50.336],[2.4187,50.333],[2.4307,50.3187],[2.4244,50.3129],[2.41,50.3122],[2.3999,50.3086]]]}},{"type":"Feature","properties":{"code":"62461","nom":"Huby-Saint-Leu","app":null,"app_bas":null,"app_haut":null,"app_ech":null,"app_obs":0,"mai":null,"mai_bas":null,"mai_haut":null,"mai_ech":null,"mai_obs":0},"geometry":{"type":"Polygon","coordinates":[[[2.0286,50.4049],[2.0411,50.4071],[2.0521,50.4051],[2.0603,50.397],[2.0615,50.3946],[2.0584,50.3843],[2.0513,50.3798],[2.0301,50.3797],[2.0256,50.3782],[2.0107,50.3816],[2.0123,50.3849],[1.9981,50.3951],[1.9937,50.3925],[1.9777,50.4018],[1.9846,50.4086],[1.9953,50.4061],[2.0269,50.4061],[2.0286,50.4049]]]}},{"type":"Feature","properties":{"code":"62500","nom":"Lespesses","app":10.08,"app_bas":8.32,"app_haut":12.21,"app_ech":"maille","app_obs":0,"mai":7.72,"mai_bas":6.27,"mai_haut":9.51,"mai_ech":"maille","mai_obs":4},"geometry":{"type":"Polygon","coordinates":[[[2.406,50.5587],[2.4052,50.5612],[2.4241,50.5694],[2.4327,50.5645],[2.4251,50.5555],[2.4368,50.5496],[2.4357,50.5384],[2.4214,50.5455],[2.4209,50.5569],[2.4151,50.5604],[2.406,50.5587]]]}},{"type":"Feature","properties":{"code":"62804","nom":"Sus-Saint-Léger","app":9.5,"app_bas":7.94,"app_haut":11.37,"app_ech":"maille","app_obs":2,"mai":7.71,"mai_bas":6.24,"mai_haut":9.53,"mai_ech":"maille","mai_obs":9},"geometry":{"type":"Polygon","coordinates":[[[2.4521,50.2302],[2.4368,50.2273],[2.4194,50.2281],[2.407,50.2343],[2.4068,50.2377],[2.4096,50.2414],[2.4232,50.2423],[2.4288,50.2553],[2.4408,50.2556],[2.4439,50.2504],[2.4623,50.2404],[2.4521,50.2302]]]}},{"type":"Feature","properties":{"code":"62878","nom":"Warlus","app":10.99,"app_bas":9.3,"app_haut":12.97,"app_ech":"maille","app_obs":0,"mai":9.73,"mai_bas":7.52,"mai_haut":12.6,"mai_ech":"maille","mai_obs":7},"geometry":{"type":"Polygon","coordinates":[[[2.6436,50.2766],[2.6523,50.2849],[2.6666,50.2902],[2.6943,50.2869],[2.685,50.2803],[2.686,50.2739],[2.6718,50.2715],[2.6511,50.2719],[2.648,50.2665],[2.6381,50.2664],[2.6436,50.2766]]]}},{"type":"Feature","properties":{"code":"62033","nom":"Annay","app":11.44,"app_bas":9.58,"app_haut":13.65,"app_ech":"commune","app_obs":129,"mai":9.16,"mai_bas":7.58,"mai_haut":11.08,"mai_ech":"maille","mai_obs":83},"geometry":{"type":"Polygon","coordinates":[[[2.8998,50.4697],[2.912,50.4686],[2.8999,50.4641],[2.892,50.4565],[2.8649,50.4499],[2.8618,50.4572],[2.8774,50.4691],[2.8998,50.4697]]]}},{"type":"Feature","properties":{"code":"62143","nom":"Boffles","app":12.28,"app_bas":9.94,"app_haut":15.19,"app_ech":"maille","app_obs":0,"mai":7.49,"mai_bas":5.85,"mai_haut":9.6,"mai_ech":"maille","mai_obs":0},"geometry":{"type":"Polygon","coordinates":[[[2.2149,50.2611],[2.2152,50.2562],[2.2072,50.2489],[2.1927,50.2476],[2.1814,50.2554],[2.1852,50.2623],[2.1904,50.266],[2.198,50.2631],[2.2149,50.2611]]]}},{"type":"Feature","properties":{"code":"62343","nom":"Fontaine-lès-Croisilles","app":10.5,"app_bas":8.4,"app_haut":13.13,"app_ech":"maille","app_obs":0,"mai":8.61,"mai_bas":7,"mai_haut":10.59,"mai_ech":"maille","mai_obs":5},"geometry":{"type":"Polygon","coordinates":[[[2.891,50.2293],[2.8942,50.2276],[2.9287,50.222],[2.9233,50.2133],[2.9251,50.2067],[2.9089,50.202],[2.9058,50.2051],[2.8767,50.2178],[2.891,50.2293]]]}},{"type":"Feature","properties":{"code":"62469","nom":"Inchy-en-Artois","app":9.74,"app_bas":8.03,"app_haut":11.8,"app_ech":"maille","app_obs":33,"mai":7.91,"mai_bas":6.3,"mai_haut":9.94,"mai_ech":"maille","mai_obs":71},"geometry":{"type":"Polygon","coordinates":[[[3.0404,50.1597],[3.0403,50.1533],[3.0263,50.151],[3.0192,50.1537],[3.0225,50.1624],[3.0167,50.1658],[3.0231,50.1735],[3.0145,50.1842],[3.0258,50.1895],[3.0416,50.1936],[3.061,50.191],[3.0645,50.1888],[3.0627,50.1738],[3.0602,50.1674],[3.0497,50.166],[3.0404,50.1597]]]}},{"type":"Feature","properties":{"code":"62736","nom":"Sailly-sur-la-Lys","app":10.48,"app_bas":8.71,"app_haut":12.61,"app_ech":"commune","app_obs":118,"mai":9.76,"mai_bas":7.74,"mai_haut":12.31,"mai_ech":"maille","mai_obs":89},"geometry":{"type":"Polygon","coordinates":[[[2.7592,50.6507],[2.769,50.6637],[2.7843,50.6653],[2.7944,50.6623],[2.8092,50.6694],[2.8213,50.6613],[2.8257,50.6545],[2.8066,50.6446],[2.7967,50.6458],[2.7914,50.6428],[2.7946,50.635],[2.7925,50.6337],[2.766,50.6491],[2.7592,50.6507]]]}},{"type":"Feature","properties":{"code":"62796","nom":"Simencourt","app":10.99,"app_bas":9.3,"app_haut":12.97,"app_ech":"maille","app_obs":0,"mai":7.61,"mai_bas":6.14,"mai_haut":9.44,"mai_ech":"maille","mai_obs":15},"geometry":{"type":"Polygon","coordinates":[[[2.6354,50.2443],[2.6298,50.2476],[2.6092,50.2422],[2.6122,50.2515],[2.6231,50.2559],[2.6317,50.2642],[2.6381,50.2664],[2.648,50.2665],[2.6595,50.2578],[2.6354,50.2443]]]}},{"type":"Feature","properties":{"code":"62012","nom":"Agnières","app":10.38,"app_bas":8.51,"app_haut":12.66,"app_ech":"maille","app_obs":0,"mai":9.25,"mai_bas":7.29,"mai_haut":11.74,"mai_ech":"maille","mai_obs":11},"geometry":{"type":"Polygon","coordinates":[[[2.6016,50.3644],[2.6061,50.3668],[2.6164,50.3663],[2.6233,50.3614],[2.6138,50.356],[2.6083,50.3348],[2.5983,50.335],[2.6019,50.344],[2.6016,50.3644]]]}},{"type":"Feature","properties":{"code":"62043","nom":"Attaques","app":10.11,"app_bas":8.34,"app_haut":12.27,"app_ech":"maille","app_obs":20,"mai":9.06,"mai_bas":7.36,"mai_haut":11.15,"mai_ech":"maille","mai_obs":51},"geometry":{"type":"Polygon","coordinates":[[[1.9782,50.9185],[1.9841,50.9077],[1.9569,50.8784],[1.9487,50.8829],[1.9405,50.8797],[1.9188,50.8808],[1.8817,50.8938],[1.8957,50.8909],[1.8915,50.9095],[1.9005,50.9077],[1.9023,50.9158],[1.9219,50.9145],[1.9264,50.9184],[1.9494,50.9204],[1.9608,50.9136],[1.9782,50.9185]]]}},{"type":"Feature","properties":{"code":"62118","nom":"Béthonsart","app":11.6,"app_bas":9.64,"app_haut":13.95,"app_ech":"maille","app_obs":0,"mai":8.46,"mai_bas":6.88,"mai_haut":10.41,"mai_ech":"maille","mai_obs":9},"geometry":{"type":"Polygon","coordinates":[[[2.5494,50.368],[2.541,50.3729],[2.5244,50.3862],[2.5287,50.392],[2.5442,50.3958],[2.5552,50.3869],[2.5516,50.381],[2.5611,50.3707],[2.5494,50.368]]]}},{"type":"Feature","properties":{"code":"62214","nom":"Carly","app":11.61,"app_bas":9.49,"app_haut":14.19,"app_ech":"maille","app_obs":2,"mai":9.4,"mai_bas":7.05,"mai_haut":12.54,"mai_ech":"maille","mai_obs":16},"geometry":{"type":"Polygon","coordinates":[[[1.6891,50.6394],[1.694,50.6456],[1.6924,50.6539],[1.7117,50.6664],[1.7108,50.6706],[1.7171,50.6732],[1.7271,50.6662],[1.7315,50.6509],[1.7154,50.6486],[1.7112,50.6398],[1.6891,50.6394]]]}},{"type":"Feature","properties":{"code":"62366","nom":"Gauchin-Légal","app":11.6,"app_bas":9.64,"app_haut":13.95,"app_ech":"maille","app_obs":4,"mai":8.07,"mai_bas":6.73,"mai_haut":9.66,"mai_ech":"maille","mai_obs":16},"geometry":{"type":"Polygon","coordinates":[[[2.5721,50.4206],[2.5769,50.4239],[2.5854,50.422],[2.6031,50.4072],[2.5922,50.3959],[2.5786,50.4074],[2.5725,50.4069],[2.5562,50.3989],[2.543,50.3957],[2.5433,50.4001],[2.5718,50.4156],[2.5721,50.4206]]]}},{"type":"Feature","properties":{"code":"62490","nom":"Lattre-Saint-Quentin","app":10.46,"app_bas":8.54,"app_haut":12.81,"app_ech":"maille","app_obs":4,"mai":7.71,"mai_bas":6.24,"mai_haut":9.53,"mai_ech":"maille","mai_obs":19},"geometry":{"type":"Polygon","coordinates":[[[2.5798,50.3104],[2.5819,50.3061],[2.5835,50.2966],[2.5979,50.2871],[2.5894,50.2758],[2.5758,50.2807],[2.5663,50.2812],[2.563,50.2848],[2.5713,50.2903],[2.5678,50.296],[2.5456,50.3032],[2.558,50.3169],[2.5728,50.3168],[2.5798,50.3104]]]}},{"type":"Feature","properties":{"code":"62588","nom":"Montreuil","app":12.48,"app_bas":9.26,"app_haut":16.82,"app_ech":"maille","app_obs":86,"mai":7.77,"mai_bas":6.25,"mai_haut":9.66,"mai_ech":"maille","mai_obs":38},"geometry":{"type":"Polygon","coordinates":[[[1.7992,50.4621],[1.7979,50.4604],[1.7773,50.4643],[1.7662,50.4598],[1.7576,50.4576],[1.7577,50.4744],[1.7936,50.4656],[1.7992,50.4621]]]}},{"type":"Feature","properties":{"code":"62621","nom":"Nortkerque","app":10.11,"app_bas":8.34,"app_haut":12.27,"app_ech":"maille","app_obs":0,"mai":8.91,"mai_bas":7.47,"mai_haut":10.63,"mai_ech":"maille","mai_obs":40},"geometry":{"type":"Polygon","coordinates":[[[2.0357,50.8957],[2.0514,50.8997],[2.0563,50.892],[2.0622,50.8767],[2.0597,50.8661],[2.0626,50.8597],[2.0515,50.8686],[2.0287,50.8561],[2.014,50.8667],[2.0091,50.8673],[2.0008,50.8868],[2.0357,50.8957]]]}},{"type":"Feature","properties":{"code":"62704","nom":"Renty","app":11.09,"app_bas":9.14,"app_haut":13.46,"app_ech":"maille","app_obs":0,"mai":7.77,"mai_bas":6.25,"mai_haut":9.66,"mai_ech":"maille","mai_obs":42},"geometry":{"type":"Polygon","coordinates":[[[2.1045,50.5761],[2.0921,50.5624],[2.0954,50.5549],[2.0775,50.5514],[2.0652,50.5651],[2.051,50.5745],[2.0422,50.577],[2.0389,50.5879],[2.0308,50.5933],[2.0348,50.5994],[2.0603,50.6028],[2.0852,50.592],[2.0866,50.5872],[2.1045,50.5761]]]}},{"type":"Feature","properties":{"code":"62872","nom":"Wamin","app":10.34,"app_bas":8.62,"app_haut":12.4,"app_ech":"maille","app_obs":0,"mai":7.95,"mai_bas":6.22,"mai_haut":10.15,"mai_ech":"maille","mai_obs":7},"geometry":{"type":"Polygon","coordinates":[[[2.0412,50.4126],[2.0321,50.4159],[2.0322,50.4218],[2.0526,50.4181],[2.0551,50.4229],[2.0696,50.4274],[2.0826,50.4374],[2.0818,50.4337],[2.0902,50.4264],[2.0828,50.4218],[2.0729,50.4195],[2.0762,50.3992],[2.0603,50.397],[2.0521,50.4051],[2.0411,50.4071],[2.0412,50.4126]]]}},{"type":"Feature","properties":{"code":"62099","nom":"Beaurains","app":11.9,"app_bas":9.52,"app_haut":14.88,"app_ech":"commune","app_obs":196,"mai":10.19,"mai_bas":7.96,"mai_haut":13.06,"mai_ech":"commune","mai_obs":226},"geometry":{"type":"Polygon","coordinates":[[[2.8008,50.2771],[2.7991,50.2731],[2.8061,50.2652],[2.8098,50.255],[2.7985,50.2478],[2.7871,50.246],[2.7749,50.2408],[2.7733,50.2463],[2.7771,50.2548],[2.7737,50.2643],[2.7843,50.2716],[2.7896,50.2684],[2.8008,50.2771]]]}},{"type":"Feature","properties":{"code":"62153","nom":"Bomy","app":9.54,"app_bas":7.94,"app_haut":11.47,"app_ech":"maille","app_obs":11,"mai":7.12,"mai_bas":5.9,"mai_haut":8.6,"mai_ech":"maille","mai_obs":51},"geometry":{"type":"Polygon","coordinates":[[[2.1964,50.5783],[2.2188,50.5913],[2.2275,50.5942],[2.2346,50.5841],[2.2562,50.5738],[2.2566,50.563],[2.2376,50.55],[2.2296,50.5484],[2.2132,50.5552],[2.2058,50.5548],[2.1916,50.5628],[2.1957,50.5633],[2.1964,50.5783]]]}},{"type":"Feature","properties":{"code":"62208","nom":"Canettemont","app":9.5,"app_bas":7.94,"app_haut":11.37,"app_ech":"maille","app_obs":0,"mai":7.71,"mai_bas":6.24,"mai_haut":9.53,"mai_ech":"maille","mai_obs":4},"geometry":{"type":"Polygon","coordinates":[[[2.3593,50.2728],[2.3565,50.2811],[2.3603,50.2869],[2.376,50.2807],[2.3739,50.2768],[2.3593,50.2728]]]}},{"type":"Feature","properties":{"code":"62220","nom":"Cavron-Saint-Martin","app":10.55,"app_bas":8.28,"app_haut":13.43,"app_ech":"maille","app_obs":2,"mai":6.55,"mai_bas":5.3,"mai_haut":8.1,"mai_ech":"maille","mai_obs":10},"geometry":{"type":"Polygon","coordinates":[[[1.9818,50.4395],[1.9958,50.4417],[2.0096,50.4266],[2.0345,50.4256],[2.0551,50.4229],[2.0526,50.4181],[2.0322,50.4218],[2.0321,50.4159],[2.0412,50.4126],[2.0286,50.4111],[2.0286,50.4049],[2.0269,50.4061],[1.9953,50.4061],[1.9846,50.4086],[1.9803,50.408],[1.9752,50.4188],[1.9783,50.4275],[1.9748,50.4324],[1.9818,50.4395]]]}},{"type":"Feature","properties":{"code":"62314","nom":"Estrée-Cauchy","app":10.38,"app_bas":8.51,"app_haut":12.66,"app_ech":"maille","app_obs":0,"mai":8.46,"mai_bas":6.88,"mai_haut":10.41,"mai_ech":"maille","mai_obs":12},"geometry":{"type":"Polygon","coordinates":[[[2.597,50.3914],[2.5922,50.3959],[2.6031,50.4072],[2.6205,50.4124],[2.6268,50.3983],[2.6226,50.3891],[2.6174,50.3924],[2.6018,50.3894],[2.597,50.3914]]]}},{"type":"Feature","properties":{"code":"62356","nom":"Fresnicourt-le-Dolmen","app":11.6,"app_bas":9.64,"app_haut":13.95,"app_ech":"maille","app_obs":2,"mai":8.46,"mai_bas":6.88,"mai_haut":10.41,"mai_ech":"maille","mai_obs":10},"geometry":{"type":"Polygon","coordinates":[[[2.6102,50.4384],[2.6107,50.433],[2.6305,50.4261],[2.6205,50.4124],[2.6031,50.4072],[2.5854,50.422],[2.5769,50.4239],[2.5849,50.4335],[2.5928,50.4355],[2.6005,50.4438],[2.6102,50.4384]]]}},{"type":"Feature","properties":{"code":"62383","nom":"Gouy-sous-Bellonne","app":11.16,"app_bas":9.22,"app_haut":13.51,"app_ech":"maille","app_obs":1,"mai":10.32,"mai_bas":8.24,"mai_haut":12.92,"mai_ech":"maille","mai_obs":23},"geometry":{"type":"Polygon","coordinates":[[[3.0584,50.3023],[3.0369,50.3079],[3.0351,50.3141],[3.0522,50.3256],[3.0604,50.3289],[3.0843,50.3112],[3.0784,50.3076],[3.0584,50.3023]]]}},{"type":"Feature","properties":{"code":"62547","nom":"Marant","app":12.48,"app_bas":9.26,"app_haut":16.82,"app_ech":"maille","app_obs":0,"mai":8.82,"mai_bas":6.89,"mai_haut":11.29,"mai_ech":"maille","mai_obs":0},"geometry":{"type":"Polygon","coordinates":[[[1.829,50.4874],[1.8406,50.4779],[1.8517,50.4724],[1.861,50.4641],[1.8453,50.4576],[1.8377,50.4584],[1.8369,50.4677],[1.8223,50.4762],[1.829,50.4874]]]}},{"type":"Feature","properties":{"code":"62576","nom":"Moncheaux-lès-Frévent","app":9.45,"app_bas":7.87,"app_haut":11.35,"app_ech":"maille","app_obs":0,"mai":6.94,"mai_bas":5.65,"mai_haut":8.51,"mai_ech":"maille","mai_obs":11},"geometry":{"type":"Polygon","coordinates":[[[2.3455,50.3142],[2.3484,50.317],[2.3711,50.3277],[2.3842,50.3162],[2.3806,50.3115],[2.3571,50.3035],[2.3462,50.3084],[2.3455,50.3142]]]}},{"type":"Feature","properties":{"code":"62595","nom":"Moulle","app":10.91,"app_bas":8.91,"app_haut":13.35,"app_ech":"maille","app_obs":17,"mai":8.55,"mai_bas":7.19,"mai_haut":10.18,"mai_ech":"maille","mai_obs":60},"geometry":{"type":"Polygon","coordinates":[[[2.1408,50.7814],[2.1731,50.795],[2.1927,50.8058],[2.2032,50.8091],[2.1942,50.7964],[2.1745,50.7806],[2.1555,50.7739],[2.1468,50.7759],[2.1408,50.7814]]]}},{"type":"Feature","properties":{"code":"62603","nom":"Nesles","app":12.71,"app_bas":10.32,"app_haut":15.65,"app_ech":"maille","app_obs":4,"mai":10.37,"mai_bas":8.54,"mai_haut":12.59,"mai_ech":"maille","mai_obs":33},"geometry":{"type":"Polygon","coordinates":[[[1.6651,50.6345],[1.6685,50.6246],[1.675,50.6225],[1.6794,50.6194],[1.6744,50.6069],[1.6655,50.6044],[1.655,50.6166],[1.6403,50.6256],[1.6398,50.6321],[1.6564,50.6359],[1.6651,50.6345]]]}},{"type":"Feature","properties":{"code":"62675","nom":"Quercamps","app":10.55,"app_bas":8.28,"app_haut":13.43,"app_ech":"maille","app_obs":0,"mai":8.78,"mai_bas":7.29,"mai_haut":10.58,"mai_ech":"maille","mai_obs":9},"geometry":{"type":"Polygon","coordinates":[[[2.0324,50.751],[2.0271,50.7532],[2.0261,50.7546],[2.0523,50.7589],[2.0582,50.7529],[2.0551,50.7442],[2.0324,50.751]]]}},{"type":"Feature","properties":{"code":"62684","nom":"Racquinghem","app":11.09,"app_bas":9.14,"app_haut":13.46,"app_ech":"maille","app_obs":17,"mai":7.89,"mai_bas":6.55,"mai_haut":9.51,"mai_ech":"commune","mai_obs":111},"geometry":{"type":"Polygon","coordinates":[[[2.3321,50.687],[2.334,50.6895],[2.3498,50.7006],[2.366,50.7091],[2.3836,50.7006],[2.3779,50.6942],[2.3635,50.6846],[2.349,50.6848],[2.3321,50.687]]]}},{"type":"Feature","properties":{"code":"62756","nom":"Sainte-Marie-Kerque","app":10.91,"app_bas":8.39,"app_haut":14.21,"app_ech":"maille","app_obs":13,"mai":8.91,"mai_bas":7.47,"mai_haut":10.63,"mai_ech":"maille","mai_obs":83},"geometry":{"type":"Polygon","coordinates":[[[2.1291,50.8704],[2.1184,50.8867],[2.1275,50.8983],[2.1297,50.9111],[2.1489,50.9172],[2.1506,50.9205],[2.1467,50.9313],[2.1513,50.9326],[2.1541,50.926],[2.1656,50.9116],[2.1706,50.9011],[2.1839,50.8835],[2.1888,50.8746],[2.1632,50.8699],[2.1291,50.8704]]]}},{"type":"Feature","properties":{"code":"62064","nom":"Avesnes-lès-Bapaume","app":10.46,"app_bas":8.58,"app_haut":12.75,"app_ech":"maille","app_obs":1,"mai":7.91,"mai_bas":6.3,"mai_haut":9.94,"mai_ech":"maille","mai_obs":7},"geometry":{"type":"Polygon","coordinates":[[[2.8459,50.1158],[2.8453,50.111],[2.8374,50.0952],[2.8305,50.0923],[2.8223,50.0982],[2.822,50.1084],[2.8298,50.1092],[2.8348,50.1143],[2.8459,50.1158]]]}},{"type":"Feature","properties":{"code":"62097","nom":"Beaumetz-lès-Loges","app":11.7,"app_bas":9.51,"app_haut":14.4,"app_ech":"maille","app_obs":20,"mai":9.5,"mai_bas":7.68,"mai_haut":11.75,"mai_ech":"maille","mai_obs":41},"geometry":{"type":"Polygon","coordinates":[[[2.6354,50.2443],[2.6595,50.2578],[2.6701,50.2512],[2.6846,50.2547],[2.6875,50.253],[2.6745,50.244],[2.6713,50.2388],[2.6615,50.2348],[2.646,50.2373],[2.6393,50.2362],[2.6354,50.2443]]]}},{"type":"Feature","properties":{"code":"62178","nom":"Bruay-la-Buissière","app":10.57,"app_bas":8.55,"app_haut":13.07,"app_ech":"commune","app_obs":1225,"mai":8.45,"mai_bas":6.91,"mai_haut":10.33,"mai_ech":"commune","mai_obs":744},"geometry":{"type":"Polygon","coordinates":[[[2.5108,50.4883],[2.5292,50.4987],[2.541,50.503],[2.5446,50.5134],[2.5545,50.511],[2.575,50.5103],[2.5769,50.5017],[2.5843,50.5015],[2.5882,50.4884],[2.5648,50.4774],[2.5557,50.4671],[2.542,50.4668],[2.5108,50.4883]]]}},{"type":"Feature","properties":{"code":"62227","nom":"Clenleu","app":10.55,"app_bas":8.28,"app_haut":13.43,"app_ech":"maille","app_obs":0,"mai":7.86,"mai_bas":6.43,"mai_haut":9.62,"mai_ech":"maille","mai_obs":6},"geometry":{"type":"Polygon","coordinates":[[[1.8809,50.551],[1.8849,50.5508],[1.8946,50.538],[1.9042,50.5207],[1.8916,50.5133],[1.8734,50.5132],[1.8653,50.5202],[1.8646,50.5291],[1.881,50.5459],[1.8809,50.551]]]}},{"type":"Feature","properties":{"code":"62243","nom":"Coullemont","app":9.5,"app_bas":7.94,"app_haut":11.37,"app_ech":"maille","app_obs":0,"mai":7.71,"mai_bas":6.24,"mai_haut":9.53,"mai_ech":"maille","mai_obs":0},"geometry":{"type":"Polygon","coordinates":[[[2.4852,50.2078],[2.4733,50.2093],[2.4596,50.2196],[2.4708,50.2203],[2.4861,50.2333],[2.4978,50.2229],[2.497,50.2153],[2.4852,50.2078]]]}},{"type":"Feature","properties":{"code":"62276","nom":"Douvrin","app":11.78,"app_bas":9.68,"app_haut":14.35,"app_ech":"commune","app_obs":184,"mai":9.73,"mai_bas":7.88,"mai_haut":12.02,"mai_ech":"commune","mai_obs":213},"geometry":{"type":"Polygon","coordinates":[[[2.8452,50.5006],[2.8408,50.5034],[2.8284,50.4944],[2.8095,50.4959],[2.8098,50.4997],[2.8038,50.5269],[2.8123,50.529],[2.826,50.5254],[2.8522,50.5286],[2.8463,50.5227],[2.8422,50.5077],[2.8467,50.5057],[2.8607,50.5069],[2.8452,50.5006]]]}},{"type":"Feature","properties":{"code":"62440","nom":"Hermies","app":9.74,"app_bas":8.03,"app_haut":11.8,"app_ech":"maille","app_obs":6,"mai":7.92,"mai_bas":6.34,"mai_haut":9.88,"mai_ech":"maille","mai_obs":48},"geometry":{"type":"Polygon","coordinates":[[[3.0106,50.1128],[3.0273,50.1185],[3.037,50.1306],[3.0576,50.1322],[3.0673,50.1287],[3.063,50.1178],[3.0557,50.11],[3.0474,50.0948],[3.0439,50.0846],[3.0362,50.0858],[3.0313,50.093],[3.0199,50.098],[3.0072,50.0949],[3.0028,50.1044],[3.0106,50.1128]]]}},{"type":"Feature","properties":{"code":"62472","nom":"Inxent","app":12.48,"app_bas":9.26,"app_haut":16.82,"app_ech":"maille","app_obs":1,"mai":9.4,"mai_bas":7.05,"mai_haut":12.54,"mai_ech":"maille","mai_obs":1},"geometry":{"type":"Polygon","coordinates":[[[1.7717,50.5284],[1.7703,50.5367],[1.7822,50.5474],[1.789,50.5467],[1.8073,50.5398],[1.8041,50.5309],[1.797,50.5275],[1.7918,50.5324],[1.783,50.5275],[1.7717,50.5284]]]}},{"type":"Feature","properties":{"code":"62510","nom":"Liévin","app":11.26,"app_bas":9.23,"app_haut":13.72,"app_ech":"commune","app_obs":1108,"mai":9.29,"mai_bas":7.33,"mai_haut":11.77,"mai_ech":"commune","mai_obs":389},"geometry":{"type":"Polygon","coordinates":[[[2.7556,50.4414],[2.7669,50.438],[2.787,50.4411],[2.7937,50.4317],[2.804,50.4225],[2.8045,50.4141],[2.7895,50.4061],[2.7744,50.4046],[2.7552,50.4185],[2.7376,50.427],[2.7367,50.4316],[2.7451,50.4382],[2.7556,50.4414]]]}},{"type":"Feature","properties":{"code":"62537","nom":"Magnicourt-sur-Canche","app":9.67,"app_bas":7.93,"app_haut":11.79,"app_ech":"maille","app_obs":0,"mai":7.71,"mai_bas":6.24,"mai_haut":9.53,"mai_ech":"maille","mai_obs":1},"geometry":{"type":"Polygon","coordinates":[[[2.4244,50.3129],[2.4281,50.3065],[2.4346,50.3067],[2.4252,50.2992],[2.4141,50.2938],[2.4039,50.2846],[2.4037,50.281],[2.3944,50.2847],[2.3964,50.2929],[2.4033,50.2972],[2.3993,50.308],[2.3999,50.3086],[2.41,50.3122],[2.4244,50.3129]]]}},{"type":"Feature","properties":{"code":"62572","nom":"Metz-en-Couture","app":9.74,"app_bas":8.03,"app_haut":11.8,"app_ech":"maille","app_obs":4,"mai":7.92,"mai_bas":6.34,"mai_haut":9.88,"mai_ech":"maille","mai_obs":18},"geometry":{"type":"Polygon","coordinates":[[[3.0745,50.0453],[3.0304,50.0575],[3.0275,50.0643],[3.0382,50.0729],[3.0452,50.0719],[3.0654,50.076],[3.0836,50.0719],[3.0877,50.0756],[3.0947,50.071],[3.0882,50.0676],[3.0838,50.0578],[3.0903,50.0537],[3.0745,50.0453]]]}},{"type":"Feature","properties":{"code":"62662","nom":"Polincove","app":10.91,"app_bas":8.39,"app_haut":14.21,"app_ech":"maille","app_obs":1,"mai":8.55,"mai_bas":7.19,"mai_haut":10.18,"mai_ech":"maille","mai_obs":22},"geometry":{"type":"Polygon","coordinates":[[[2.1184,50.8851],[2.1184,50.8867],[2.1291,50.8704],[2.1133,50.8561],[2.1092,50.8496],[2.0844,50.8436],[2.0773,50.8459],[2.096,50.8585],[2.1072,50.8624],[2.1184,50.8851]]]}},{"type":"Feature","properties":{"code":"62673","nom":"Quéant","app":9.74,"app_bas":8.03,"app_haut":11.8,"app_ech":"maille","app_obs":7,"mai":7.91,"mai_bas":6.3,"mai_haut":9.94,"mai_ech":"maille","mai_obs":15},"geometry":{"type":"Polygon","coordinates":[[[2.9658,50.172],[2.9575,50.1797],[2.9697,50.1895],[2.9762,50.1923],[2.979,50.1899],[2.9934,50.1903],[3.0068,50.1943],[3.0134,50.1859],[3.0044,50.1832],[2.9935,50.1752],[2.9957,50.1602],[2.9948,50.1532],[2.99,50.1495],[2.9696,50.1697],[2.9658,50.172]]]}},{"type":"Feature","properties":{"code":"62697","nom":"Récourt","app":11.46,"app_bas":8.73,"app_haut":15.04,"app_ech":"maille","app_obs":0,"mai":9.45,"mai_bas":7.67,"mai_haut":11.64,"mai_ech":"maille","mai_obs":12},"geometry":{"type":"Polygon","coordinates":[[[3.0364,50.2694],[3.0402,50.2628],[3.0423,50.2509],[3.0185,50.2481],[3.0137,50.2597],[3.0186,50.2644],[3.0364,50.2694]]]}},{"type":"Feature","properties":{"code":"62775","nom":"Sanghen","app":10.91,"app_bas":8.91,"app_haut":13.35,"app_ech":"maille","app_obs":0,"mai":9.06,"mai_bas":7.45,"mai_haut":11.02,"mai_ech":"maille","mai_obs":9},"geometry":{"type":"Polygon","coordinates":[[[1.8668,50.7511],[1.8611,50.7547],[1.8575,50.7592],[1.8717,50.7693],[1.8963,50.7779],[1.8957,50.7923],[1.914,50.7877],[1.9259,50.7775],[1.9114,50.7746],[1.8822,50.7626],[1.8668,50.7511]]]}},{"type":"Feature","properties":{"code":"62080","nom":"Bapaume","app":11.13,"app_bas":9.03,"app_haut":13.72,"app_ech":"commune","app_obs":572,"mai":7.88,"mai_bas":6.35,"mai_haut":9.78,"mai_ech":"commune","mai_obs":264},"geometry":{"type":"Polygon","coordinates":[[[2.8454,50.1194],[2.8535,50.1117],[2.8667,50.1136],[2.8735,50.1111],[2.8677,50.0991],[2.8675,50.0905],[2.8628,50.0861],[2.8569,50.0847],[2.8374,50.0952],[2.8453,50.111],[2.8454,50.1194]]]}},{"type":"Feature","properties":{"code":"62090","nom":"Béalencourt","app":12.28,"app_bas":9.94,"app_haut":15.19,"app_ech":"maille","app_obs":0,"mai":6.55,"mai_bas":5.3,"mai_haut":8.1,"mai_ech":"maille","mai_obs":4},"geometry":{"type":"Polygon","coordinates":[[[2.1314,50.4521],[2.1377,50.4402],[2.1495,50.4416],[2.1514,50.4318],[2.1386,50.4227],[2.1247,50.4221],[2.1193,50.4304],[2.1024,50.4357],[2.0968,50.433],[2.0884,50.4365],[2.1065,50.4437],[2.1162,50.4501],[2.1314,50.4521]]]}},{"type":"Feature","properties":{"code":"62158","nom":"Boubers-sur-Canche","app":9.45,"app_bas":7.87,"app_haut":11.35,"app_ech":"maille","app_obs":2,"mai":6.94,"mai_bas":5.65,"mai_haut":8.51,"mai_ech":"maille","mai_obs":53},"geometry":{"type":"Polygon","coordinates":[[[2.2605,50.3126],[2.2656,50.302],[2.248,50.2947],[2.2514,50.288],[2.2453,50.2787],[2.2292,50.2702],[2.2166,50.2768],[2.1999,50.2784],[2.214,50.2844],[2.2237,50.2954],[2.2426,50.3081],[2.2605,50.3126]]]}},{"type":"Feature","properties":{"code":"62285","nom":"Écoust-Saint-Mein","app":11.47,"app_bas":9.59,"app_haut":13.71,"app_ech":"maille","app_obs":0,"mai":8.61,"mai_bas":7,"mai_haut":10.59,"mai_ech":"maille","mai_obs":8},"geometry":{"type":"Polygon","coordinates":[[[2.8717,50.1684],[2.8748,50.1726],[2.8987,50.1837],[2.9057,50.1921],[2.9322,50.1788],[2.9128,50.1649],[2.9143,50.1615],[2.8812,50.1613],[2.8717,50.1684]]]}},{"type":"Feature","properties":{"code":"62323","nom":"Fampoux","app":11.99,"app_bas":10.17,"app_haut":14.13,"app_ech":"maille","app_obs":7,"mai":8.61,"mai_bas":7,"mai_haut":10.59,"mai_ech":"maille","mai_obs":19},"geometry":{"type":"Polygon","coordinates":[[[2.8908,50.3136],[2.8844,50.3004],[2.8916,50.2908],[2.8982,50.2883],[2.8899,50.2819],[2.8694,50.2798],[2.8611,50.2912],[2.8446,50.2972],[2.8585,50.2967],[2.8565,50.3061],[2.8499,50.3184],[2.8681,50.318],[2.8757,50.3142],[2.8908,50.3136]]]}},{"type":"Feature","properties":{"code":"62384","nom":"Graincourt-lès-Havrincourt","app":9.74,"app_bas":8.03,"app_haut":11.8,"app_ech":"maille","app_obs":1,"mai":7.91,"mai_bas":6.3,"mai_haut":9.94,"mai_ech":"maille","mai_obs":29},"geometry":{"type":"Polygon","coordinates":[[[3.0678,50.1475],[3.0736,50.1487],[3.0959,50.1631],[3.101,50.162],[3.1087,50.1585],[3.1172,50.1468],[3.1355,50.1442],[3.1353,50.1407],[3.1248,50.1371],[3.0964,50.1243],[3.0724,50.1308],[3.0721,50.1388],[3.0678,50.1475]]]}},{"type":"Feature","properties":{"code":"62451","nom":"Heuchin","app":10.62,"app_bas":8.75,"app_haut":12.89,"app_ech":"maille","app_obs":11,"mai":7.02,"mai_bas":5.61,"mai_haut":8.77,"mai_ech":"maille","mai_obs":22},"geometry":{"type":"Polygon","coordinates":[[[2.3032,50.4908],[2.3027,50.4831],[2.2884,50.4745],[2.2908,50.4723],[2.2855,50.4691],[2.2681,50.4662],[2.2509,50.4773],[2.2462,50.4912],[2.2632,50.4958],[2.2949,50.4845],[2.3032,50.4908]]]}},{"type":"Feature","properties":{"code":"62478","nom":"Journy","app":10.55,"app_bas":8.28,"app_haut":13.43,"app_ech":"maille","app_obs":0,"mai":8.78,"mai_bas":7.29,"mai_haut":10.58,"mai_ech":"maille","mai_obs":12},"geometry":{"type":"Polygon","coordinates":[[[2.0025,50.7633],[2.021,50.7544],[2.0261,50.7546],[2.0271,50.7532],[2.0102,50.7452],[1.997,50.7491],[1.985,50.7498],[1.979,50.7516],[1.9874,50.7579],[2.0025,50.7633]]]}},{"type":"Feature","properties":{"code":"62515","nom":"Ligny-Thilloy","app":11.17,"app_bas":9.24,"app_haut":13.51,"app_ech":"maille","app_obs":0,"mai":7.64,"mai_bas":6.13,"mai_haut":9.51,"mai_ech":"maille","mai_obs":8},"geometry":{"type":"Polygon","coordinates":[[[2.7995,50.0665],[2.8033,50.0731],[2.8014,50.0889],[2.8223,50.0982],[2.8305,50.0923],[2.8374,50.0952],[2.8569,50.0847],[2.8554,50.078],[2.8381,50.0718],[2.8312,50.0632],[2.8223,50.0675],[2.8116,50.0581],[2.8072,50.0625],[2.7995,50.0665]]]}},{"type":"Feature","properties":{"code":"62632","nom":"Oblinghem","app":10.42,"app_bas":8.65,"app_haut":12.56,"app_ech":"maille","app_obs":5,"mai":8.5,"mai_bas":6.96,"mai_haut":10.37,"mai_ech":"maille","mai_obs":11},"geometry":{"type":"Polygon","coordinates":[[[2.5856,50.5501],[2.591,50.5579],[2.6014,50.5568],[2.5969,50.5453],[2.5891,50.5436],[2.5856,50.5501]]]}},{"type":"Feature","properties":{"code":"62708","nom":"Riencourt-lès-Bapaume","app":10.5,"app_bas":8.4,"app_haut":13.13,"app_ech":"maille","app_obs":0,"mai":7.91,"mai_bas":6.3,"mai_haut":9.94,"mai_ech":"maille","mai_obs":3},"geometry":{"type":"Polygon","coordinates":[[[2.8628,50.0861],[2.8675,50.0905],[2.8677,50.0991],[2.8943,50.0908],[2.8987,50.091],[2.898,50.0856],[2.8861,50.078],[2.8813,50.0813],[2.8628,50.0861]]]}},{"type":"Feature","properties":{"code":"62812","nom":"Thiembronne","app":11.09,"app_bas":9.14,"app_haut":13.46,"app_ech":"maille","app_obs":2,"mai":9.14,"mai_bas":7.53,"mai_haut":11.09,"mai_ech":"maille","mai_obs":42},"geometry":{"type":"Polygon","coordinates":[[[2.0839,50.6247],[2.0825,50.6172],[2.0875,50.6147],[2.0803,50.6051],[2.0685,50.6024],[2.0603,50.6028],[2.0348,50.5994],[2.0203,50.5949],[2.0069,50.6022],[2.0147,50.6021],[2.0282,50.614],[2.0229,50.6196],[2.0216,50.629],[2.009,50.6304],[2.0031,50.6373],[2.0093,50.6441],[2.0195,50.6445],[2.0359,50.6498],[2.0583,50.645],[2.0752,50.6433],[2.0795,50.6352],[2.0854,50.6322],[2.0839,50.6247]]]}},{"type":"Feature","properties":{"code":"62851","nom":"Vieille-Chapelle","app":10.93,"app_bas":8.8,"app_haut":13.58,"app_ech":"maille","app_obs":44,"mai":9.68,"mai_bas":7.69,"mai_haut":12.19,"mai_ech":"maille","mai_obs":28},"geometry":{"type":"Polygon","coordinates":[[[2.7182,50.5974],[2.7323,50.5981],[2.732,50.5895],[2.7173,50.5825],[2.7087,50.5845],[2.6961,50.5966],[2.6986,50.5982],[2.7182,50.5974]]]}},{"type":"Feature","properties":{"code":"62005","nom":"Achiet-le-Grand","app":10.46,"app_bas":8.58,"app_haut":12.75,"app_ech":"maille","app_obs":25,"mai":7.64,"mai_bas":6.13,"mai_haut":9.51,"mai_ech":"maille","mai_obs":26},"geometry":{"type":"Polygon","coordinates":[[[2.7828,50.1154],[2.771,50.1259],[2.7595,50.1336],[2.7617,50.1407],[2.7832,50.145],[2.7938,50.141],[2.7971,50.1382],[2.7935,50.1282],[2.7828,50.1154]]]}},{"type":"Feature","properties":{"code":"62019","nom":"Aix-Noulette","app":11.6,"app_bas":9.64,"app_haut":13.95,"app_ech":"maille","app_obs":90,"mai":8.46,"mai_bas":6.88,"mai_haut":10.41,"mai_ech":"maille","mai_obs":91},"geometry":{"type":"Polygon","coordinates":[[[2.6865,50.4372],[2.6963,50.4435],[2.7044,50.4354],[2.7292,50.4298],[2.7367,50.4316],[2.7376,50.427],[2.7336,50.4179],[2.738,50.4157],[2.7338,50.4062],[2.726,50.4023],[2.7023,50.4063],[2.6997,50.4139],[2.691,50.4165],[2.6865,50.4372]]]}},{"type":"Feature","properties":{"code":"62132","nom":"Billy-Berclau","app":11.84,"app_bas":9.82,"app_haut":14.28,"app_ech":"maille","app_obs":74,"mai":9.53,"mai_bas":7.68,"mai_haut":11.83,"mai_ech":"commune","mai_obs":186},"geometry":{"type":"Polygon","coordinates":[[[2.887,50.5377],[2.8857,50.5235],[2.8808,50.5148],[2.8821,50.5077],[2.8467,50.5057],[2.8422,50.5077],[2.8463,50.5227],[2.8522,50.5286],[2.8621,50.5298],[2.887,50.5377]]]}},{"type":"Feature","properties":{"code":"62139","nom":"Blendecques","app":11.09,"app_bas":9.14,"app_haut":13.46,"app_ech":"maille","app_obs":80,"mai":8.15,"mai_bas":6.76,"mai_haut":9.83,"mai_ech":"commune","mai_obs":242},"geometry":{"type":"Polygon","coordinates":[[[2.2692,50.7044],[2.2468,50.7013],[2.2527,50.7084],[2.2498,50.7244],[2.2663,50.7359],[2.2712,50.7331],[2.2771,50.7278],[2.2921,50.724],[2.305,50.7137],[2.3048,50.7105],[2.3173,50.7063],[2.3126,50.7017],[2.2943,50.7057],[2.2692,50.7044]]]}},{"type":"Feature","properties":{"code":"62225","nom":"Clairmarais","app":10.85,"app_bas":8.66,"app_haut":13.58,"app_ech":"maille","app_obs":26,"mai":8.86,"mai_bas":7.34,"mai_haut":10.7,"mai_ech":"maille","mai_obs":13},"geometry":{"type":"Polygon","coordinates":[[[2.3865,50.7775],[2.4043,50.7716],[2.4115,50.7667],[2.3757,50.7527],[2.3636,50.7516],[2.3644,50.759],[2.3573,50.7638],[2.3561,50.7718],[2.3316,50.7669],[2.323,50.7628],[2.3279,50.7577],[2.3029,50.7514],[2.2973,50.7559],[2.3008,50.7653],[2.2849,50.7676],[2.2886,50.777],[2.3126,50.7872],[2.3143,50.7827],[2.336,50.7814],[2.3653,50.775],[2.3641,50.78],[2.376,50.784],[2.3865,50.7775]]]}},{"type":"Feature","properties":{"code":"62247","nom":"Coupelle-Vieille","app":10.7,"app_bas":8.53,"app_haut":13.42,"app_ech":"maille","app_obs":0,"mai":7.86,"mai_bas":6.43,"mai_haut":9.62,"mai_ech":"maille","mai_obs":20},"geometry":{"type":"Polygon","coordinates":[[[2.0962,50.5524],[2.101,50.5422],[2.1177,50.5361],[2.1129,50.5276],[2.0891,50.5185],[2.0594,50.515],[2.0456,50.5204],[2.0407,50.5268],[2.046,50.5397],[2.0546,50.5445],[2.0638,50.5419],[2.0775,50.5514],[2.0954,50.5549],[2.0962,50.5524]]]}},{"type":"Feature","properties":{"code":"62324","nom":"Farbus","app":11.99,"app_bas":10.17,"app_haut":14.13,"app_ech":"maille","app_obs":1,"mai":9.94,"mai_bas":8.06,"mai_haut":12.25,"mai_ech":"maille","mai_obs":34},"geometry":{"type":"Polygon","coordinates":[[[2.827,50.3491],[2.811,50.3574],[2.8071,50.3626],[2.8374,50.372],[2.8389,50.3697],[2.8337,50.3599],[2.8371,50.3505],[2.827,50.3491]]]}},{"type":"Feature","properties":{"code":"62329","nom":"Ferques","app":12.1,"app_bas":9.69,"app_haut":15.11,"app_ech":"maille","app_obs":8,"mai":8.78,"mai_bas":7.29,"mai_haut":10.58,"mai_ech":"maille","mai_obs":33},"geometry":{"type":"Polygon","coordinates":[[[1.7319,50.8293],[1.7446,50.8417],[1.7564,50.8403],[1.7722,50.8361],[1.7863,50.8354],[1.7915,50.8363],[1.8054,50.8324],[1.7953,50.82],[1.765,50.816],[1.761,50.8217],[1.7338,50.8243],[1.7319,50.8293]]]}},{"type":"Feature","properties":{"code":"62386","nom":"Grenay","app":10.73,"app_bas":9,"app_haut":12.78,"app_ech":"commune","app_obs":211,"mai":8.71,"mai_bas":6.95,"mai_haut":10.93,"mai_ech":"maille","mai_obs":49},"geometry":{"type":"Polygon","coordinates":[[[2.7274,50.4558],[2.7392,50.4605],[2.7508,50.4587],[2.7561,50.4538],[2.7556,50.4414],[2.7451,50.4382],[2.7417,50.444],[2.7274,50.4558]]]}},{"type":"Feature","properties":{"code":"62503","nom":"Leubringhen","app":12.1,"app_bas":9.69,"app_haut":15.11,"app_ech":"maille","app_obs":0,"mai":9.58,"mai_bas":7.94,"mai_haut":11.55,"mai_ech":"maille","mai_obs":2},"geometry":{"type":"Polygon","coordinates":[[[1.7052,50.8475],[1.7024,50.8507],[1.7074,50.8613],[1.7228,50.8672],[1.7392,50.8637],[1.7528,50.8581],[1.7601,50.8587],[1.7564,50.8403],[1.7446,50.8417],[1.7238,50.8471],[1.7052,50.8475]]]}},{"type":"Feature","properties":{"code":"62538","nom":"Maintenay","app":11.63,"app_bas":9.33,"app_haut":14.51,"app_ech":"maille","app_obs":3,"mai":7.95,"mai_bas":6.22,"mai_haut":10.15,"mai_ech":"maille","mai_obs":14},"geometry":{"type":"Polygon","coordinates":[[[1.855,50.3743],[1.8535,50.3694],[1.8407,50.3639],[1.8454,50.3587],[1.8276,50.3539],[1.8219,50.3503],[1.8047,50.3596],[1.792,50.3595],[1.7935,50.3681],[1.7871,50.3728],[1.7882,50.3832],[1.7817,50.386],[1.7863,50.3907],[1.8004,50.3888],[1.8117,50.3813],[1.837,50.3774],[1.8434,50.3739],[1.855,50.3743]]]}},{"type":"Feature","properties":{"code":"62067","nom":"Avroult","app":11.09,"app_bas":9.14,"app_haut":13.46,"app_ech":"maille","app_obs":0,"mai":7.91,"mai_bas":6.56,"mai_haut":9.53,"mai_ech":"maille","mai_obs":22},"geometry":{"type":"Polygon","coordinates":[[[2.1344,50.6414],[2.1399,50.6395],[2.1519,50.6441],[2.1656,50.6379],[2.1634,50.6297],[2.1253,50.6174],[2.1295,50.6317],[2.1344,50.6414]]]}},{"type":"Feature","properties":{"code":"62148","nom":"Bois-Bernard","app":10.95,"app_bas":9.06,"app_haut":13.24,"app_ech":"maille","app_obs":77,"mai":8.72,"mai_bas":7.21,"mai_haut":10.56,"mai_ech":"maille","mai_obs":11},"geometry":{"type":"Polygon","coordinates":[[[2.917,50.3876],[2.9338,50.3757],[2.912,50.3644],[2.9068,50.3717],[2.8946,50.3788],[2.898,50.3856],[2.917,50.3876]]]}},{"type":"Feature","properties":{"code":"62154","nom":"Bonnières","app":9.45,"app_bas":7.87,"app_haut":11.35,"app_ech":"maille","app_obs":0,"mai":6.94,"mai_bas":5.65,"mai_haut":8.51,"mai_ech":"maille","mai_obs":23},"geometry":{"type":"Polygon","coordinates":[[[2.2907,50.2186],[2.2738,50.2268],[2.2547,50.2172],[2.2534,50.2147],[2.2308,50.2106],[2.2244,50.2174],[2.2338,50.2271],[2.2289,50.2429],[2.2337,50.2502],[2.2494,50.258],[2.2524,50.2639],[2.2575,50.266],[2.2645,50.2566],[2.2721,50.2628],[2.2809,50.2583],[2.2841,50.2452],[2.3152,50.2467],[2.3217,50.2452],[2.3329,50.2391],[2.3176,50.2351],[2.3163,50.2314],[2.2907,50.2186]]]}},{"type":"Feature","properties":{"code":"62245","nom":"Coulomby","app":10.91,"app_bas":8.91,"app_haut":13.35,"app_ech":"maille","app_obs":1,"mai":9.14,"mai_bas":7.53,"mai_haut":11.09,"mai_ech":"maille","mai_obs":46},"geometry":{"type":"Polygon","coordinates":[[[1.9835,50.6946],[1.9814,50.7045],[1.9696,50.7036],[1.9642,50.7091],[1.968,50.715],[1.9863,50.7172],[2.012,50.7272],[2.0248,50.7164],[2.0298,50.7098],[2.0253,50.7018],[2.0084,50.6952],[1.9835,50.6946]]]}},{"type":"Feature","properties":{"code":"62358","nom":"Fresnoy-en-Gohelle","app":11.99,"app_bas":10.17,"app_haut":14.13,"app_ech":"maille","app_obs":0,"mai":10.32,"mai_bas":8.24,"mai_haut":12.92,"mai_ech":"maille","mai_obs":2},"geometry":{"type":"Polygon","coordinates":[[[2.8946,50.3788],[2.9068,50.3717],[2.912,50.3644],[2.8978,50.3588],[2.887,50.3589],[2.8859,50.3692],[2.8807,50.3761],[2.8946,50.3788]]]}},{"type":"Feature","properties":{"code":"62375","nom":"Gommecourt","app":10.46,"app_bas":8.58,"app_haut":12.75,"app_ech":"maille","app_obs":0,"mai":9.1,"mai_bas":7.44,"mai_haut":11.15,"mai_ech":"maille","mai_obs":2},"geometry":{"type":"Polygon","coordinates":[[[2.6612,50.1467],[2.669,50.1386],[2.6671,50.1312],[2.6475,50.1294],[2.633,50.1364],[2.6444,50.1435],[2.6612,50.1467]]]}},{"type":"Feature","properties":{"code":"62410","nom":"Haplincourt","app":9.74,"app_bas":8.03,"app_haut":11.8,"app_ech":"maille","app_obs":8,"mai":7.92,"mai_bas":6.34,"mai_haut":9.88,"mai_ech":"maille","mai_obs":5},"geometry":{"type":"Polygon","coordinates":[[[2.9193,50.0846],[2.918,50.0981],[2.9294,50.103],[2.934,50.1033],[2.9504,50.1008],[2.9596,50.0928],[2.9512,50.0849],[2.9437,50.0862],[2.9342,50.0819],[2.9193,50.0846]]]}},{"type":"Feature","properties":{"code":"62592","nom":"Moringhem","app":10.91,"app_bas":8.91,"app_haut":13.35,"app_ech":"maille","app_obs":0,"mai":8.55,"mai_bas":7.19,"mai_haut":10.18,"mai_ech":"maille","mai_obs":40},"geometry":{"type":"Polygon","coordinates":[[[2.129,50.7495],[2.1145,50.7478],[2.1026,50.7585],[2.0906,50.7565],[2.0789,50.7502],[2.0737,50.7502],[2.0737,50.7509],[2.0944,50.762],[2.11,50.7677],[2.1408,50.7814],[2.1468,50.7759],[2.1555,50.7739],[2.1634,50.7668],[2.1401,50.753],[2.129,50.7495]]]}},{"type":"Feature","properties":{"code":"62725","nom":"Royon","app":10.7,"app_bas":8.53,"app_haut":13.42,"app_ech":"maille","app_obs":2,"mai":6.55,"mai_bas":5.3,"mai_haut":8.1,"mai_ech":"maille","mai_obs":1},"geometry":{"type":"Polygon","coordinates":[[[1.976,50.4844],[1.9859,50.4913],[1.9943,50.4838],[2.0048,50.4849],[2.0078,50.48],[2.0247,50.4677],[2.02,50.4608],[2.0062,50.4533],[1.992,50.4622],[1.9814,50.4793],[1.976,50.4844]]]}},{"type":"Feature","properties":{"code":"62734","nom":"Sailly-en-Ostrevent","app":10.95,"app_bas":9.06,"app_haut":13.24,"app_ech":"maille","app_obs":0,"mai":8.96,"mai_bas":7.24,"mai_haut":11.08,"mai_ech":"maille","mai_obs":28},"geometry":{"type":"Polygon","coordinates":[[[2.9797,50.2991],[2.9961,50.3041],[3.0015,50.3038],[3.0153,50.2982],[3.0244,50.2915],[3.0133,50.2864],[2.9945,50.2828],[2.9788,50.2712],[2.9692,50.2675],[2.9628,50.2671],[2.9645,50.278],[2.9728,50.2835],[2.9781,50.2924],[2.9797,50.2991]]]}},{"type":"Feature","properties":{"code":"62025","nom":"Ambleteuse","app":12.1,"app_bas":9.69,"app_haut":15.11,"app_ech":"maille","app_obs":33,"mai":10.46,"mai_bas":8.29,"mai_haut":13.18,"mai_ech":"maille","mai_obs":28},"geometry":{"type":"Polygon","coordinates":[[[1.6446,50.8056],[1.6272,50.8015],[1.5997,50.8058],[1.594,50.8177],[1.6138,50.8176],[1.6281,50.825],[1.6446,50.8056]]]}},{"type":"Feature","properties":{"code":"62298","nom":"Épinoy","app":11.36,"app_bas":9.32,"app_haut":13.84,"app_ech":"maille","app_obs":0,"mai":8.32,"mai_bas":6.8,"mai_haut":10.17,"mai_ech":"maille","mai_obs":18},"geometry":{"type":"Polygon","coordinates":[[[3.1869,50.2349],[3.1841,50.2262],[3.1789,50.2191],[3.1428,50.2192],[3.1351,50.23],[3.1369,50.2365],[3.1472,50.2462],[3.1747,50.2414],[3.1791,50.2351],[3.1869,50.2349]]]}},{"type":"Feature","properties":{"code":"62439","nom":"Hermelinghen","app":10.11,"app_bas":8.34,"app_haut":12.27,"app_ech":"maille","app_obs":0,"mai":8.78,"mai_bas":7.29,"mai_haut":10.58,"mai_ech":"maille","mai_obs":12},"geometry":{"type":"Polygon","coordinates":[[[1.8433,50.8095],[1.863,50.8195],[1.8783,50.8162],[1.8802,50.8014],[1.8716,50.7932],[1.8565,50.7874],[1.842,50.8039],[1.8433,50.8095]]]}},{"type":"Feature","properties":{"code":"62629","nom":"Noyellette","app":10.99,"app_bas":9.3,"app_haut":12.97,"app_ech":"maille","app_obs":1,"mai":9.73,"mai_bas":7.52,"mai_haut":12.6,"mai_ech":"maille","mai_obs":5},"geometry":{"type":"Polygon","coordinates":[[[2.5979,50.2871],[2.5835,50.2966],[2.5819,50.3061],[2.5891,50.3077],[2.5982,50.3033],[2.6026,50.2932],[2.6007,50.2881],[2.5979,50.2871]]]}},{"type":"Feature","properties":{"code":"62774","nom":"Sangatte","app":12.85,"app_bas":10.05,"app_haut":16.43,"app_ech":"commune","app_obs":145,"mai":9.97,"mai_bas":8.28,"mai_haut":12.02,"mai_ech":"commune","mai_obs":103},"geometry":{"type":"Polygon","coordinates":[[[1.7059,50.9238],[1.7123,50.9294],[1.7289,50.9379],[1.7463,50.9443],[1.7807,50.9549],[1.8284,50.9624],[1.826,50.9541],[1.8057,50.9454],[1.7925,50.9453],[1.7914,50.9356],[1.7822,50.9279],[1.7756,50.9292],[1.7358,50.9265],[1.7172,50.9237],[1.7059,50.9238]]]}},{"type":"Feature","properties":{"code":"62802","nom":"Souich","app":9.5,"app_bas":7.94,"app_haut":11.37,"app_ech":"maille","app_obs":0,"mai":7.71,"mai_bas":6.24,"mai_haut":9.53,"mai_ech":"maille","mai_obs":11},"geometry":{"type":"Polygon","coordinates":[[[2.3433,50.2354],[2.3453,50.2316],[2.3709,50.2312],[2.3823,50.2261],[2.3741,50.2182],[2.3678,50.208],[2.3617,50.2071],[2.3551,50.2167],[2.3366,50.235],[2.3433,50.2354]]]}},{"type":"Feature","properties":{"code":"62038","nom":"Ardres","app":10.16,"app_bas":8.38,"app_haut":12.32,"app_ech":"commune","app_obs":244,"mai":9.08,"mai_bas":7.45,"mai_haut":11.06,"mai_ech":"commune","mai_obs":213},"geometry":{"type":"Polygon","coordinates":[[[1.9833,50.8512],[1.9682,50.8478],[1.9735,50.859],[1.9628,50.8741],[1.9569,50.8784],[1.9841,50.9077],[1.9975,50.8982],[2.0008,50.8868],[2.0091,50.8673],[2.0041,50.8667],[1.9961,50.8574],[1.9833,50.8512]]]}},{"type":"Feature","properties":{"code":"62055","nom":"Audrehem","app":10.91,"app_bas":8.91,"app_haut":13.35,"app_ech":"maille","app_obs":1,"mai":8.69,"mai_bas":7.13,"mai_haut":10.58,"mai_ech":"maille","mai_obs":4},"geometry":{"type":"Polygon","coordinates":[[[1.9719,50.7542],[1.9671,50.7622],[1.9563,50.7719],[1.9756,50.7795],[1.9786,50.7887],[1.9882,50.7912],[1.9989,50.7887],[2.0067,50.7791],[2.0068,50.7697],[2.0025,50.7633],[1.9874,50.7579],[1.979,50.7516],[1.9719,50.7542]]]}},{"type":"Feature","properties":{"code":"62071","nom":"Bailleul-lès-Pernes","app":10.42,"app_bas":8.65,"app_haut":12.56,"app_ech":"maille","app_obs":0,"mai":7.89,"mai_bas":6.31,"mai_haut":9.86,"mai_ech":"maille","mai_obs":10},"geometry":{"type":"Polygon","coordinates":[[[2.3857,50.5006],[2.3732,50.4987],[2.3647,50.5022],[2.3639,50.5089],[2.3819,50.5193],[2.3889,50.5137],[2.3994,50.5104],[2.3857,50.5006]]]}},{"type":"Feature","properties":{"code":"62104","nom":"Bellebrune","app":10.84,"app_bas":8.68,"app_haut":13.52,"app_ech":"maille","app_obs":0,"mai":8.99,"mai_bas":7.35,"mai_haut":10.99,"mai_ech":"maille","mai_obs":5},"geometry":{"type":"Polygon","coordinates":[[[1.7477,50.7233],[1.7475,50.7283],[1.7644,50.7319],[1.7718,50.728],[1.7862,50.7511],[1.7884,50.7493],[1.8015,50.7452],[1.7928,50.7293],[1.7778,50.7225],[1.7626,50.7208],[1.7508,50.7217],[1.7477,50.7233]]]}},{"type":"Feature","properties":{"code":"62253","nom":"Couturelle","app":9.5,"app_bas":7.94,"app_haut":11.37,"app_ech":"maille","app_obs":0,"mai":7.71,"mai_bas":6.24,"mai_haut":9.53,"mai_ech":"maille","mai_obs":0},"geometry":{"type":"Polygon","coordinates":[[[2.4852,50.2078],[2.497,50.2153],[2.5038,50.2133],[2.5141,50.2054],[2.5035,50.2005],[2.4951,50.1996],[2.4852,50.2078]]]}},{"type":"Feature","properties":{"code":"62265","nom":"Delettes","app":10.7,"app_bas":8.53,"app_haut":13.42,"app_ech":"maille","app_obs":14,"mai":7.91,"mai_bas":6.56,"mai_haut":9.53,"mai_ech":"maille","mai_obs":32},"geometry":{"type":"Polygon","coordinates":[[[2.202,50.6475],[2.2254,50.6479],[2.2267,50.6444],[2.2311,50.6393],[2.2438,50.6345],[2.2347,50.6275],[2.2346,50.6087],[2.2404,50.6062],[2.2359,50.5948],[2.2275,50.5942],[2.2188,50.5913],[2.207,50.6043],[2.2016,50.6147],[2.1919,50.6236],[2.1949,50.6365],[2.202,50.6475]]]}},{"type":"Feature","properties":{"code":"62353","nom":"Frémicourt","app":9.74,"app_bas":8.03,"app_haut":11.8,"app_ech":"maille","app_obs":4,"mai":7.92,"mai_bas":6.34,"mai_haut":9.88,"mai_ech":"maille","mai_obs":16},"geometry":{"type":"Polygon","coordinates":[[[2.89,50.1243],[2.9127,50.1225],[2.9193,50.1123],[2.9294,50.103],[2.9195,50.099],[2.8862,50.1089],[2.8802,50.116],[2.89,50.1243]]]}},{"type":"Feature","properties":{"code":"62580","nom":"Monchy-Breton","app":11.01,"app_bas":8.89,"app_haut":13.62,"app_ech":"maille","app_obs":0,"mai":8.07,"mai_bas":6.73,"mai_haut":9.66,"mai_ech":"maille","mai_obs":16},"geometry":{"type":"Polygon","coordinates":[[[2.4512,50.4072],[2.4639,50.391],[2.4591,50.3878],[2.4551,50.3902],[2.4413,50.3887],[2.421,50.3892],[2.406,50.4025],[2.41,50.4096],[2.4205,50.4063],[2.4372,50.4078],[2.4512,50.4072]]]}},{"type":"Feature","properties":{"code":"62620","nom":"Norrent-Fontes","app":10.62,"app_bas":8.75,"app_haut":12.89,"app_ech":"maille","app_obs":8,"mai":7.94,"mai_bas":6.5,"mai_haut":9.71,"mai_ech":"maille","mai_obs":54},"geometry":{"type":"Polygon","coordinates":[[[2.4382,50.5975],[2.4398,50.5973],[2.4317,50.5905],[2.4233,50.5865],[2.4213,50.5782],[2.3959,50.579],[2.382,50.5772],[2.3793,50.5787],[2.4,50.5959],[2.426,50.5966],[2.4337,50.6039],[2.4382,50.5975]]]}},{"type":"Feature","properties":{"code":"62671","nom":"Pronville","app":9.74,"app_bas":8.03,"app_haut":11.8,"app_ech":"maille","app_obs":1,"mai":7.91,"mai_bas":6.3,"mai_haut":9.94,"mai_ech":"maille","mai_obs":22},"geometry":{"type":"Polygon","coordinates":[[[2.9948,50.1532],[2.9957,50.1602],[2.9935,50.1752],[3.0044,50.1832],[3.0134,50.1859],[3.0231,50.1735],[3.0167,50.1658],[3.0225,50.1624],[3.0192,50.1537],[3.0037,50.1502],[2.9948,50.1532]]]}},{"type":"Feature","properties":{"code":"62771","nom":"Sallaumines","app":11.07,"app_bas":9.3,"app_haut":13.16,"app_ech":"commune","app_obs":375,"mai":8.77,"mai_bas":7.21,"mai_haut":10.67,"mai_ech":"commune","mai_obs":172},"geometry":{"type":"Polygon","coordinates":[[[2.8514,50.4339],[2.8673,50.4216],[2.8874,50.4197],[2.8873,50.4187],[2.8687,50.4096],[2.8591,50.4107],[2.8498,50.4219],[2.8418,50.4243],[2.8514,50.4339]]]}},{"type":"Feature","properties":{"code":"62821","nom":"Tingry","app":11.61,"app_bas":9.49,"app_haut":14.19,"app_ech":"maille","app_obs":0,"mai":9.4,"mai_bas":7.05,"mai_haut":12.54,"mai_ech":"maille","mai_obs":3},"geometry":{"type":"Polygon","coordinates":[[[1.7133,50.5913],[1.701,50.5956],[1.6983,50.5987],[1.7004,50.6162],[1.7072,50.6175],[1.7164,50.6296],[1.7361,50.6304],[1.7442,50.6233],[1.7548,50.6088],[1.7374,50.6049],[1.7301,50.5951],[1.7133,50.5913]]]}},{"type":"Feature","properties":{"code":"62858","nom":"Villers-lès-Cagnicourt","app":10.5,"app_bas":8.4,"app_haut":13.13,"app_ech":"maille","app_obs":0,"mai":8.61,"mai_bas":7,"mai_haut":10.59,"mai_ech":"maille","mai_obs":7},"geometry":{"type":"Polygon","coordinates":[[[2.9931,50.2347],[3.0052,50.2316],[3.0153,50.2334],[3.0259,50.2264],[3.0344,50.2242],[3.024,50.2142],[2.9998,50.2199],[2.9854,50.2271],[2.9931,50.2347]]]}},{"type":"Feature","properties":{"code":"62380","nom":"Gouy-Servins","app":10.38,"app_bas":8.51,"app_haut":12.66,"app_ech":"maille","app_obs":0,"mai":9.25,"mai_bas":7.29,"mai_haut":11.74,"mai_ech":"maille","mai_obs":1},"geometry":{"type":"Polygon","coordinates":[[[2.6665,50.3943],[2.6558,50.3967],[2.6518,50.3909],[2.6395,50.3998],[2.6538,50.415],[2.665,50.4118],[2.6624,50.4076],[2.6705,50.3996],[2.6665,50.3943]]]}},{"type":"Feature","properties":{"code":"62543","nom":"Mametz","app":10.62,"app_bas":8.75,"app_haut":12.89,"app_ech":"maille","app_obs":28,"mai":7.94,"mai_bas":6.5,"mai_haut":9.71,"mai_ech":"maille","mai_obs":79},"geometry":{"type":"Polygon","coordinates":[[[2.2981,50.6094],[2.2903,50.6227],[2.2751,50.625],[2.2763,50.6342],[2.2881,50.635],[2.3169,50.6438],[2.3331,50.6443],[2.3392,50.6401],[2.3357,50.6359],[2.3387,50.6281],[2.3211,50.6216],[2.2981,50.6094]]]}},{"type":"Feature","properties":{"code":"62552","nom":"Maresquel-Ecquemicourt","app":11.63,"app_bas":9.33,"app_haut":14.51,"app_ech":"maille","app_obs":16,"mai":7.95,"mai_bas":6.22,"mai_haut":10.15,"mai_ech":"maille","mai_obs":54},"geometry":{"type":"Polygon","coordinates":[[[1.9384,50.4154],[1.9406,50.4094],[1.9497,50.4048],[1.9673,50.4036],[1.9505,50.3894],[1.9368,50.3826],[1.9427,50.3883],[1.9281,50.3934],[1.9141,50.3865],[1.9061,50.3908],[1.908,50.3969],[1.9136,50.4037],[1.9152,50.4122],[1.9247,50.413],[1.9276,50.4172],[1.9384,50.4154]]]}},{"type":"Feature","properties":{"code":"62854","nom":"Villers-au-Bois","app":10.38,"app_bas":8.51,"app_haut":12.66,"app_ech":"maille","app_obs":7,"mai":9.73,"mai_bas":7.52,"mai_haut":12.6,"mai_ech":"maille","mai_obs":19},"geometry":{"type":"Polygon","coordinates":[[[2.657,50.368],[2.6463,50.3746],[2.6438,50.3863],[2.6497,50.392],[2.6554,50.3876],[2.6698,50.3864],[2.6852,50.3781],[2.6842,50.3708],[2.6887,50.3674],[2.6694,50.3716],[2.6673,50.3618],[2.657,50.368]]]}},{"type":"Feature","properties":{"code":"62020","nom":"Alembon","app":10.91,"app_bas":8.91,"app_haut":13.35,"app_ech":"maille","app_obs":2,"mai":9.06,"mai_bas":7.45,"mai_haut":11.02,"mai_ech":"maille","mai_obs":15},"geometry":{"type":"Polygon","coordinates":[[[1.8494,50.7632],[1.8454,50.7755],[1.8565,50.7874],[1.8716,50.7932],[1.8802,50.8014],[1.896,50.7951],[1.8963,50.7779],[1.8717,50.7693],[1.8575,50.7592],[1.8494,50.7632]]]}},{"type":"Feature","properties":{"code":"62316","nom":"Estrée-Wamin","app":9.5,"app_bas":7.94,"app_haut":11.37,"app_ech":"maille","app_obs":0,"mai":7.71,"mai_bas":6.24,"mai_haut":9.53,"mai_ech":"maille","mai_obs":3},"geometry":{"type":"Polygon","coordinates":[[[2.3944,50.2847],[2.4037,50.281],[2.4084,50.2757],[2.4143,50.2592],[2.3967,50.2614],[2.3886,50.26],[2.3885,50.2546],[2.3821,50.2531],[2.3767,50.2635],[2.3855,50.2745],[2.3835,50.2794],[2.3944,50.2847]]]}},{"type":"Feature","properties":{"code":"62341","nom":"Foncquevillers","app":10.46,"app_bas":8.58,"app_haut":12.75,"app_ech":"maille","app_obs":9,"mai":9.1,"mai_bas":7.44,"mai_haut":11.15,"mai_ech":"maille","mai_obs":16},"geometry":{"type":"Polygon","coordinates":[[[2.5806,50.1378],[2.592,50.1417],[2.5963,50.1487],[2.6161,50.1572],[2.6284,50.16],[2.6535,50.1527],[2.6612,50.1467],[2.6444,50.1435],[2.633,50.1364],[2.6181,50.1296],[2.6092,50.1352],[2.5806,50.1378]]]}},{"type":"Feature","properties":{"code":"62489","nom":"Lapugnoy","app":10.64,"app_bas":8.56,"app_haut":13.24,"app_ech":"maille","app_obs":36,"mai":8.57,"mai_bas":7.07,"mai_haut":10.39,"mai_ech":"commune","mai_obs":184},"geometry":{"type":"Polygon","coordinates":[[[2.5446,50.5134],[2.541,50.503],[2.5292,50.4987],[2.5231,50.5007],[2.508,50.5145],[2.5087,50.5182],[2.5204,50.523],[2.5256,50.5365],[2.532,50.5417],[2.5502,50.5287],[2.559,50.5258],[2.5446,50.5134]]]}},{"type":"Feature","properties":{"code":"62614","nom":"Nielles-lès-Ardres","app":10.91,"app_bas":8.39,"app_haut":14.21,"app_ech":"maille","app_obs":0,"mai":8.91,"mai_bas":7.47,"mai_haut":10.63,"mai_ech":"maille","mai_obs":6},"geometry":{"type":"Polygon","coordinates":[[[2.014,50.8667],[2.0093,50.8657],[2.0234,50.8419],[2.0184,50.8363],[2.0027,50.8372],[1.9951,50.835],[1.9961,50.8574],[2.0041,50.8667],[2.0091,50.8673],[2.014,50.8667]]]}},{"type":"Feature","properties":{"code":"62703","nom":"Rémy","app":10.95,"app_bas":9.06,"app_haut":13.24,"app_ech":"maille","app_obs":1,"mai":8.96,"mai_bas":7.24,"mai_haut":11.08,"mai_ech":"maille","mai_obs":1},"geometry":{"type":"Polygon","coordinates":[[[2.9445,50.2612],[2.9628,50.2671],[2.9692,50.2675],[2.9727,50.2615],[2.9676,50.2538],[2.9706,50.2475],[2.9593,50.2515],[2.9458,50.2469],[2.9433,50.2496],[2.9445,50.2612]]]}},{"type":"Feature","properties":{"code":"62711","nom":"Rinxent","app":11.54,"app_bas":9.28,"app_haut":14.34,"app_ech":"maille","app_obs":60,"mai":8.99,"mai_bas":7.35,"mai_haut":10.99,"mai_ech":"maille","mai_obs":88},"geometry":{"type":"Polygon","coordinates":[[[1.719,50.79],[1.7159,50.8007],[1.7307,50.807],[1.7298,50.8155],[1.7338,50.8243],[1.761,50.8217],[1.765,50.816],[1.7664,50.8129],[1.7416,50.7939],[1.7286,50.7875],[1.719,50.79]]]}},{"type":"Feature","properties":{"code":"62820","nom":"Tincques","app":9.67,"app_bas":7.93,"app_haut":11.79,"app_ech":"maille","app_obs":64,"mai":7.49,"mai_bas":6.18,"mai_haut":9.07,"mai_ech":"commune","mai_obs":100},"geometry":{"type":"Polygon","coordinates":[[[2.4724,50.3668],[2.5035,50.378],[2.5124,50.3797],[2.5196,50.3663],[2.5222,50.3571],[2.5163,50.3533],[2.5,50.3477],[2.495,50.3421],[2.4798,50.3448],[2.4726,50.3429],[2.4665,50.35],[2.4648,50.3603],[2.4724,50.3668]]]}},{"type":"Feature","properties":{"code":"62054","nom":"Audinghen","app":12.1,"app_bas":9.69,"app_haut":15.11,"app_ech":"maille","app_obs":2,"mai":10.46,"mai_bas":8.29,"mai_haut":13.18,"mai_ech":"maille","mai_obs":18},"geometry":{"type":"Polygon","coordinates":[[[1.6129,50.8727],[1.612,50.8622],[1.6372,50.8529],[1.6503,50.8507],[1.6495,50.8471],[1.6371,50.8354],[1.6251,50.8318],[1.6228,50.8404],[1.6087,50.842],[1.6004,50.8354],[1.5887,50.8315],[1.5833,50.8457],[1.5779,50.8533],[1.5806,50.8673],[1.5887,50.8717],[1.6129,50.8727]]]}},{"type":"Feature","properties":{"code":"62091","nom":"Beaudricourt","app":10.46,"app_bas":8.54,"app_haut":12.81,"app_ech":"maille","app_obs":0,"mai":7.71,"mai_bas":6.24,"mai_haut":9.53,"mai_ech":"maille","mai_obs":5},"geometry":{"type":"Polygon","coordinates":[[[2.3885,50.2546],[2.3886,50.26],[2.3967,50.2614],[2.4143,50.2592],[2.4288,50.2553],[2.4232,50.2423],[2.4096,50.2414],[2.4068,50.2377],[2.406,50.2444],[2.3905,50.2457],[2.3885,50.2546]]]}},{"type":"Feature","properties":{"code":"62172","nom":"Boyelles","app":10.5,"app_bas":8.4,"app_haut":13.13,"app_ech":"maille","app_obs":3,"mai":9.5,"mai_bas":7.68,"mai_haut":11.75,"mai_ech":"maille","mai_obs":5},"geometry":{"type":"Polygon","coordinates":[[[2.807,50.2074],[2.8146,50.2082],[2.8258,50.2049],[2.8399,50.1956],[2.8267,50.1864],[2.8248,50.1812],[2.8156,50.1869],[2.8125,50.1975],[2.8013,50.1991],[2.807,50.2074]]]}},{"type":"Feature","properties":{"code":"62174","nom":"Brêmes","app":10.11,"app_bas":8.34,"app_haut":12.27,"app_ech":"maille","app_obs":7,"mai":9.06,"mai_bas":7.36,"mai_haut":11.15,"mai_ech":"maille","mai_obs":30},"geometry":{"type":"Polygon","coordinates":[[[1.9405,50.821],[1.9402,50.8267],[1.9457,50.8305],[1.9404,50.8428],[1.9563,50.8721],[1.9628,50.8741],[1.9735,50.859],[1.9682,50.8478],[1.9602,50.8405],[1.9622,50.8292],[1.9505,50.8211],[1.9405,50.821]]]}},{"type":"Feature","properties":{"code":"62230","nom":"Colembert","app":10.91,"app_bas":8.91,"app_haut":13.35,"app_ech":"maille","app_obs":20,"mai":8.99,"mai_bas":7.35,"mai_haut":10.99,"mai_ech":"maille","mai_obs":41},"geometry":{"type":"Polygon","coordinates":[[[1.7884,50.7493],[1.7862,50.7511],[1.7987,50.762],[1.8123,50.759],[1.8414,50.7603],[1.8494,50.7632],[1.8575,50.7592],[1.8611,50.7547],[1.8528,50.7485],[1.8439,50.7372],[1.8365,50.7379],[1.8286,50.7333],[1.8158,50.7346],[1.8067,50.7389],[1.8031,50.7448],[1.8068,50.7488],[1.8043,50.7559],[1.7919,50.7529],[1.7884,50.7493]]]}},{"type":"Feature","properties":{"code":"62331","nom":"Feuchy","app":11.47,"app_bas":9.59,"app_haut":13.71,"app_ech":"maille","app_obs":21,"mai":8.61,"mai_bas":7,"mai_haut":10.59,"mai_ech":"maille","mai_obs":29},"geometry":{"type":"Polygon","coordinates":[[[2.8262,50.298],[2.8446,50.2972],[2.8611,50.2912],[2.8694,50.2798],[2.8538,50.2728],[2.8531,50.2703],[2.83,50.2761],[2.8372,50.2821],[2.8343,50.2936],[2.8262,50.298]]]}},{"type":"Feature","properties":{"code":"62368","nom":"Gaudiempré","app":10.46,"app_bas":8.54,"app_haut":12.81,"app_ech":"maille","app_obs":0,"mai":7.61,"mai_bas":6.14,"mai_haut":9.44,"mai_ech":"maille","mai_obs":26},"geometry":{"type":"Polygon","coordinates":[[[2.5273,50.1926],[2.5379,50.1899],[2.5502,50.1831],[2.5417,50.1712],[2.5465,50.1627],[2.5322,50.1647],[2.5301,50.1679],[2.5118,50.1637],[2.5015,50.1667],[2.5241,50.1834],[2.5273,50.1926]]]}},{"type":"Feature","properties":{"code":"62587","nom":"Montigny-en-Gohelle","app":10.89,"app_bas":9.09,"app_haut":13.04,"app_ech":"commune","app_obs":271,"mai":9.06,"mai_bas":7.22,"mai_haut":11.38,"mai_ech":"commune","mai_obs":194},"geometry":{"type":"Polygon","coordinates":[[[2.9187,50.4229],[2.926,50.4381],[2.9292,50.4427],[2.943,50.4397],[2.9373,50.4229],[2.9241,50.4102],[2.9187,50.4229]]]}},{"type":"Feature","properties":{"code":"62590","nom":"Monts-en-Ternois","app":9.5,"app_bas":7.94,"app_haut":11.37,"app_ech":"maille","app_obs":0,"mai":7.71,"mai_bas":6.24,"mai_haut":9.53,"mai_ech":"maille","mai_obs":3},"geometry":{"type":"Polygon","coordinates":[[[2.397,50.3281],[2.4001,50.325],[2.3955,50.316],[2.3999,50.3086],[2.3957,50.3058],[2.3806,50.3115],[2.3842,50.3162],[2.3721,50.3272],[2.3876,50.3314],[2.397,50.3281]]]}},{"type":"Feature","properties":{"code":"62637","nom":"Oignies","app":11.41,"app_bas":9.49,"app_haut":13.73,"app_ech":"commune","app_obs":239,"mai":9.55,"mai_bas":7.81,"mai_haut":11.69,"mai_ech":"commune","mai_obs":137},"geometry":{"type":"Polygon","coordinates":[[[2.9827,50.459],[2.9725,50.4613],[2.9657,50.4693],[2.9787,50.4734],[3.0061,50.4703],[3.0174,50.4728],[3.0164,50.4683],[3.0083,50.4559],[2.9971,50.4519],[2.9827,50.459]]]}},{"type":"Feature","properties":{"code":"62661","nom":"Bouin-Plumoison","app":11.63,"app_bas":9.33,"app_haut":14.51,"app_ech":"maille","app_obs":8,"mai":7.95,"mai_bas":6.22,"mai_haut":10.15,"mai_ech":"maille","mai_obs":10},"geometry":{"type":"Polygon","coordinates":[[[1.9816,50.3613],[1.9723,50.3629],[1.9588,50.369],[1.9707,50.3844],[1.9911,50.3907],[2.0042,50.3808],[1.9816,50.3613]]]}},{"type":"Feature","properties":{"code":"62721","nom":"Roquetoire","app":10.7,"app_bas":8.87,"app_haut":12.9,"app_ech":"maille","app_obs":5,"mai":7.91,"mai_bas":6.56,"mai_haut":9.53,"mai_ech":"maille","mai_obs":67},"geometry":{"type":"Polygon","coordinates":[[[2.349,50.6848],[2.3635,50.6846],[2.3714,50.6771],[2.3614,50.6789],[2.3556,50.6752],[2.362,50.6575],[2.3572,50.6508],[2.3504,50.6528],[2.3323,50.6507],[2.3035,50.6596],[2.2997,50.6632],[2.3216,50.6757],[2.348,50.6787],[2.349,50.6848]]]}},{"type":"Feature","properties":{"code":"62815","nom":"Tigny-Noyelle","app":12.26,"app_bas":9.75,"app_haut":15.41,"app_ech":"maille","app_obs":0,"mai":8.82,"mai_bas":6.89,"mai_haut":11.29,"mai_ech":"maille","mai_obs":1},"geometry":{"type":"Polygon","coordinates":[[[1.6948,50.3389],[1.6881,50.3541],[1.6891,50.3619],[1.704,50.3649],[1.7141,50.3718],[1.722,50.3713],[1.727,50.3485],[1.73,50.3478],[1.7281,50.3459],[1.7068,50.344],[1.6948,50.3389]]]}},{"type":"Feature","properties":{"code":"62037","nom":"Anzin-Saint-Aubin","app":14.63,"app_bas":12.01,"app_haut":17.83,"app_ech":"commune","app_obs":129,"mai":10.54,"mai_bas":8.23,"mai_haut":13.51,"mai_ech":"commune","mai_obs":135},"geometry":{"type":"Polygon","coordinates":[[[2.7433,50.3394],[2.7462,50.3336],[2.7515,50.3272],[2.753,50.3195],[2.7597,50.3102],[2.7518,50.3015],[2.7426,50.309],[2.7294,50.3105],[2.7208,50.3092],[2.7187,50.3154],[2.738,50.3283],[2.7433,50.3394]]]}},{"type":"Feature","properties":{"code":"62260","nom":"Croix-en-Ternois","app":12.28,"app_bas":9.94,"app_haut":15.19,"app_ech":"maille","app_obs":12,"mai":7.02,"mai_bas":5.61,"mai_haut":8.77,"mai_ech":"maille","mai_obs":18},"geometry":{"type":"Polygon","coordinates":[[[2.288,50.3738],[2.2688,50.3772],[2.2579,50.3742],[2.2432,50.3766],[2.2375,50.3816],[2.2508,50.3874],[2.2713,50.3915],[2.2815,50.3954],[2.2952,50.3901],[2.2995,50.378],[2.288,50.3738]]]}},{"type":"Feature","properties":{"code":"62288","nom":"Ecques","app":10.7,"app_bas":8.87,"app_haut":12.9,"app_ech":"maille","app_obs":15,"mai":8.53,"mai_bas":7.08,"mai_haut":10.28,"mai_ech":"maille","mai_obs":63},"geometry":{"type":"Polygon","coordinates":[[[2.257,50.6636],[2.2494,50.6783],[2.2637,50.6806],[2.267,50.6774],[2.2794,50.6817],[2.283,50.6868],[2.2928,50.6922],[2.3092,50.6977],[2.327,50.6876],[2.3149,50.6804],[2.3108,50.6695],[2.2997,50.6632],[2.3035,50.6596],[2.2743,50.6561],[2.257,50.6636]]]}},{"type":"Feature","properties":{"code":"62336","nom":"Fléchin","app":9.54,"app_bas":7.94,"app_haut":11.47,"app_ech":"maille","app_obs":1,"mai":7.12,"mai_bas":5.9,"mai_haut":8.6,"mai_ech":"maille","mai_obs":23},"geometry":{"type":"Polygon","coordinates":[[[2.257,50.5681],[2.2654,50.5694],[2.2709,50.5757],[2.2859,50.5778],[2.3115,50.5656],[2.2909,50.5455],[2.2849,50.5377],[2.2764,50.5371],[2.2679,50.5404],[2.2645,50.5495],[2.2577,50.5569],[2.2566,50.563],[2.257,50.5681]]]}},{"type":"Feature","properties":{"code":"62349","nom":"Fouquereuil","app":10.64,"app_bas":8.56,"app_haut":13.24,"app_ech":"maille","app_obs":22,"mai":8.85,"mai_bas":7.1,"mai_haut":11.04,"mai_ech":"maille","mai_obs":61},"geometry":{"type":"Polygon","coordinates":[[[2.5871,50.5153],[2.5941,50.5285],[2.6104,50.5254],[2.6172,50.522],[2.5985,50.5136],[2.5871,50.5153]]]}},{"type":"Feature","properties":{"code":"62362","nom":"Frévillers","app":9.67,"app_bas":7.93,"app_haut":11.79,"app_ech":"maille","app_obs":12,"mai":8.46,"mai_bas":6.88,"mai_haut":10.41,"mai_ech":"maille","mai_obs":7},"geometry":{"type":"Polygon","coordinates":[[[2.5088,50.4109],[2.5205,50.4141],[2.5326,50.4122],[2.5433,50.4001],[2.543,50.3957],[2.5287,50.392],[2.5244,50.3862],[2.5107,50.3934],[2.5054,50.3938],[2.5139,50.4007],[2.5088,50.4109]]]}},{"type":"Feature","properties":{"code":"62556","nom":"Marles-sur-Canche","app":12.48,"app_bas":9.26,"app_haut":16.82,"app_ech":"maille","app_obs":1,"mai":8.82,"mai_bas":6.89,"mai_haut":11.29,"mai_ech":"maille","mai_obs":8},"geometry":{"type":"Polygon","coordinates":[[[1.7992,50.4621],[1.8036,50.4702],[1.812,50.476],[1.8223,50.4762],[1.8369,50.4677],[1.8377,50.4584],[1.8453,50.4576],[1.8322,50.4542],[1.8207,50.4531],[1.7979,50.4604],[1.7992,50.4621]]]}},{"type":"Feature","properties":{"code":"62562","nom":"Matringhem","app":9.54,"app_bas":7.94,"app_haut":11.47,"app_ech":"maille","app_obs":14,"mai":7.12,"mai_bas":5.9,"mai_haut":8.6,"mai_ech":"maille","mai_obs":10},"geometry":{"type":"Polygon","coordinates":[[[2.1367,50.5448],[2.1379,50.5478],[2.1563,50.5533],[2.1595,50.5498],[2.1924,50.5488],[2.1998,50.5434],[2.1675,50.5367],[2.1589,50.5438],[2.1407,50.5421],[2.1367,50.5448]]]}},{"type":"Feature","properties":{"code":"62652","nom":"Pernes","app":11.09,"app_bas":9.15,"app_haut":13.43,"app_ech":"maille","app_obs":72,"mai":8.32,"mai_bas":6.65,"mai_haut":10.42,"mai_ech":"commune","mai_obs":111},"geometry":{"type":"Polygon","coordinates":[[[2.4243,50.4807],[2.4182,50.4765],[2.4057,50.481],[2.3915,50.4789],[2.3841,50.48],[2.3853,50.4892],[2.3905,50.4968],[2.4103,50.4964],[2.4279,50.4827],[2.4243,50.4807]]]}},{"type":"Feature","properties":{"code":"62076","nom":"Bainghen","app":11.61,"app_bas":9.49,"app_haut":14.19,"app_ech":"maille","app_obs":0,"mai":9.06,"mai_bas":7.45,"mai_haut":11.02,"mai_ech":"maille","mai_obs":3},"geometry":{"type":"Polygon","coordinates":[[[1.8782,50.7506],[1.894,50.7558],[1.9119,50.7659],[1.9281,50.7616],[1.921,50.7491],[1.8947,50.737],[1.8787,50.7382],[1.8748,50.7447],[1.8782,50.7506]]]}},{"type":"Feature","properties":{"code":"62128","nom":"Biache-Saint-Vaast","app":10.95,"app_bas":9.06,"app_haut":13.24,"app_ech":"maille","app_obs":82,"mai":9.49,"mai_bas":7.66,"mai_haut":11.77,"mai_ech":"commune","mai_obs":100},"geometry":{"type":"Polygon","coordinates":[[[2.9453,50.3014],[2.9358,50.3026],[2.9337,50.3095],[2.9234,50.3084],[2.9033,50.3178],[2.9268,50.3272],[2.9397,50.3305],[2.9626,50.3247],[2.9675,50.3172],[2.9591,50.3114],[2.9688,50.3009],[2.9797,50.2991],[2.9781,50.2924],[2.9601,50.3031],[2.9453,50.3014]]]}},{"type":"Feature","properties":{"code":"62395","nom":"Guigny","app":11.63,"app_bas":9.33,"app_haut":14.51,"app_ech":"maille","app_obs":0,"mai":8.82,"mai_bas":6.89,"mai_haut":11.29,"mai_ech":"maille","mai_obs":5},"geometry":{"type":"Polygon","coordinates":[[[2.022,50.3363],[2.0064,50.3262],[1.9811,50.3182],[1.9776,50.3138],[1.9706,50.3204],[1.979,50.3274],[2.0018,50.3351],[2.0115,50.3396],[2.022,50.3363]]]}},{"type":"Feature","properties":{"code":"62400","nom":"Haillicourt","app":10.64,"app_bas":8.56,"app_haut":13.24,"app_ech":"maille","app_obs":64,"mai":8.4,"mai_bas":6.88,"mai_haut":10.25,"mai_ech":"commune","mai_obs":139},"geometry":{"type":"Polygon","coordinates":[[[2.5618,50.461],[2.5557,50.4671],[2.5648,50.4774],[2.5882,50.4884],[2.6,50.4857],[2.6052,50.4808],[2.5981,50.4792],[2.5736,50.4649],[2.5618,50.461]]]}},{"type":"Feature","properties":{"code":"62406","nom":"Hamelincourt","app":10.5,"app_bas":8.4,"app_haut":13.13,"app_ech":"maille","app_obs":0,"mai":9.5,"mai_bas":7.68,"mai_haut":11.75,"mai_ech":"maille","mai_obs":12},"geometry":{"type":"Polygon","coordinates":[[[2.7899,50.2012],[2.8125,50.1975],[2.8156,50.1869],[2.8225,50.1829],[2.8166,50.1752],[2.8068,50.1677],[2.7971,50.1672],[2.7866,50.1722],[2.7889,50.1737],[2.7894,50.1887],[2.785,50.1979],[2.7899,50.2012]]]}},{"type":"Feature","properties":{"code":"62549","nom":"Marconne","app":null,"app_bas":null,"app_haut":null,"app_ech":null,"app_obs":0,"mai":null,"mai_bas":null,"mai_haut":null,"mai_ech":null,"mai_obs":0},"geometry":{"type":"Polygon","coordinates":[[[2.0304,50.3744],[2.0256,50.3782],[2.0301,50.3797],[2.0513,50.3798],[2.0637,50.3738],[2.0621,50.3664],[2.0611,50.3652],[2.0416,50.3687],[2.029,50.358],[2.0101,50.3524],[1.9966,50.3568],[2.0236,50.3662],[2.0304,50.3744]],[[2.0304,50.3744],[2.0341,50.3691],[2.0454,50.3738],[2.0357,50.3789],[2.0304,50.3744]]]}},{"type":"Feature","properties":{"code":"62638","nom":"Oisy-le-Verger","app":11.36,"app_bas":9.32,"app_haut":13.84,"app_ech":"maille","app_obs":25,"mai":8.49,"mai_bas":6.86,"mai_haut":10.51,"mai_ech":"maille","mai_obs":47},"geometry":{"type":"Polygon","coordinates":[[[3.1145,50.2344],[3.1109,50.2376],[3.0872,50.25],[3.0803,50.2519],[3.0922,50.2562],[3.1025,50.2563],[3.1033,50.2614],[3.1138,50.2635],[3.1076,50.2686],[3.1328,50.2662],[3.1491,50.2625],[3.1505,50.2498],[3.1369,50.2365],[3.1351,50.23],[3.1145,50.2344]]]}},{"type":"Feature","properties":{"code":"62669","nom":"Pressy","app":10.42,"app_bas":8.65,"app_haut":12.56,"app_ech":"maille","app_obs":3,"mai":7.89,"mai_bas":6.31,"mai_haut":9.86,"mai_ech":"maille","mai_obs":17},"geometry":{"type":"Polygon","coordinates":[[[2.3776,50.4658],[2.3678,50.4686],[2.3613,50.4751],[2.3669,50.4772],[2.3841,50.48],[2.3915,50.4789],[2.4057,50.481],[2.4182,50.4765],[2.4081,50.4696],[2.4007,50.4709],[2.3776,50.4658]]]}},{"type":"Feature","properties":{"code":"62714","nom":"Roclincourt","app":11.99,"app_bas":10.17,"app_haut":14.13,"app_ech":"maille","app_obs":26,"mai":9.73,"mai_bas":7.52,"mai_haut":12.6,"mai_ech":"maille","mai_obs":18},"geometry":{"type":"Polygon","coordinates":[[[2.772,50.3209],[2.7814,50.3395],[2.7753,50.3443],[2.7747,50.3496],[2.7804,50.3498],[2.7976,50.3382],[2.8156,50.3302],[2.7982,50.3199],[2.7845,50.3138],[2.7763,50.316],[2.772,50.3209]]]}},{"type":"Feature","properties":{"code":"62793","nom":"Servins","app":11.6,"app_bas":9.64,"app_haut":13.95,"app_ech":"maille","app_obs":17,"mai":9.25,"mai_bas":7.29,"mai_haut":11.74,"mai_ech":"maille","mai_obs":29},"geometry":{"type":"Polygon","coordinates":[[[2.6438,50.3863],[2.624,50.3911],[2.6268,50.3983],[2.6205,50.4124],[2.6305,50.4261],[2.6464,50.4234],[2.6538,50.415],[2.6395,50.3998],[2.6497,50.392],[2.6438,50.3863]]]}},{"type":"Feature","properties":{"code":"62816","nom":"Tilloy-lès-Hermaville","app":10.38,"app_bas":8.51,"app_haut":12.66,"app_ech":"maille","app_obs":2,"mai":9.73,"mai_bas":7.52,"mai_haut":12.6,"mai_ech":"maille","mai_obs":4},"geometry":{"type":"Polygon","coordinates":[[[2.5386,50.3329],[2.5509,50.338],[2.5558,50.3344],[2.5645,50.3351],[2.5671,50.333],[2.5614,50.3173],[2.558,50.3169],[2.5575,50.3202],[2.5443,50.323],[2.5386,50.3329]]]}},{"type":"Feature","properties":{"code":"62855","nom":"Villers-au-Flos","app":11.77,"app_bas":9.53,"app_haut":14.53,"app_ech":"maille","app_obs":0,"mai":7.92,"mai_bas":6.34,"mai_haut":9.88,"mai_ech":"maille","mai_obs":12},"geometry":{"type":"Polygon","coordinates":[[[2.9082,50.0628],[2.8892,50.0715],[2.8861,50.078],[2.898,50.0856],[2.8987,50.091],[2.918,50.0981],[2.9193,50.0846],[2.9163,50.0729],[2.9187,50.0681],[2.9082,50.0628]]]}},{"type":"Feature","properties":{"code":"62015","nom":"Airon-Notre-Dame","app":12.26,"app_bas":9.75,"app_haut":15.41,"app_ech":"maille","app_obs":0,"mai":10.61,"mai_bas":8.06,"mai_haut":13.97,"mai_ech":"maille","mai_obs":18},"geometry":{"type":"Polygon","coordinates":[[[1.6372,50.432],[1.6461,50.4412],[1.6473,50.4489],[1.6606,50.4466],[1.6836,50.4454],[1.6896,50.4513],[1.6931,50.4469],[1.7033,50.4446],[1.6925,50.4385],[1.6632,50.4348],[1.6454,50.4342],[1.6372,50.432]]]}},{"type":"Feature","properties":{"code":"62039","nom":"Arleux-en-Gohelle","app":11.99,"app_bas":10.17,"app_haut":14.13,"app_ech":"maille","app_obs":45,"mai":10.32,"mai_bas":8.24,"mai_haut":12.92,"mai_ech":"maille","mai_obs":11},"geometry":{"type":"Polygon","coordinates":[[[2.8512,50.3805],[2.864,50.3807],[2.8807,50.3761],[2.8859,50.3692],[2.887,50.3589],[2.869,50.3512],[2.8674,50.3485],[2.8614,50.3469],[2.8486,50.349],[2.862,50.3619],[2.8537,50.3781],[2.8512,50.3805]]]}},{"type":"Feature","properties":{"code":"62058","nom":"Aumerval","app":10.42,"app_bas":8.65,"app_haut":12.56,"app_ech":"maille","app_obs":0,"mai":8.64,"mai_bas":6.92,"mai_haut":10.79,"mai_ech":"maille","mai_obs":2},"geometry":{"type":"Polygon","coordinates":[[[2.3857,50.5006],[2.3994,50.5104],[2.4132,50.5185],[2.4198,50.5103],[2.4286,50.5099],[2.4187,50.5047],[2.4103,50.4964],[2.3905,50.4968],[2.3857,50.5006]]]}},{"type":"Feature","properties":{"code":"62266","nom":"Denier","app":9.67,"app_bas":7.93,"app_haut":11.79,"app_ech":"maille","app_obs":0,"mai":7.61,"mai_bas":6.28,"mai_haut":9.23,"mai_ech":"maille","mai_obs":0},"geometry":{"type":"Polygon","coordinates":[[[2.4366,50.2819],[2.4343,50.289],[2.4463,50.3019],[2.4574,50.2968],[2.457,50.2843],[2.4521,50.2807],[2.4366,50.2819]]]}},{"type":"Feature","properties":{"code":"62286","nom":"Ecquedecques","app":10.08,"app_bas":8.32,"app_haut":12.21,"app_ech":"maille","app_obs":6,"mai":7.72,"mai_bas":6.27,"mai_haut":9.51,"mai_ech":"maille","mai_obs":41},"geometry":{"type":"Polygon","coordinates":[[[2.4327,50.5645],[2.451,50.5692],[2.4562,50.5628],[2.4495,50.5568],[2.4391,50.5537],[2.4368,50.5496],[2.4251,50.5555],[2.4327,50.5645]]]}},{"type":"Feature","properties":{"code":"62397","nom":"Guînes","app":11.51,"app_bas":9.04,"app_haut":14.65,"app_ech":"commune","app_obs":138,"mai":9.18,"mai_bas":7.61,"mai_haut":11.07,"mai_ech":"commune","mai_obs":260},"geometry":{"type":"Polygon","coordinates":[[[1.8373,50.8422],[1.8262,50.8489],[1.8336,50.8585],[1.8542,50.8806],[1.866,50.8875],[1.8761,50.8833],[1.8817,50.8938],[1.9188,50.8808],[1.9047,50.8724],[1.8928,50.8564],[1.8863,50.8507],[1.8815,50.8397],[1.889,50.8306],[1.8809,50.818],[1.8783,50.8162],[1.8614,50.8258],[1.8373,50.8422]]]}},{"type":"Feature","properties":{"code":"62561","nom":"Martinpuich","app":11.17,"app_bas":9.24,"app_haut":13.51,"app_ech":"maille","app_obs":0,"mai":7.72,"mai_bas":6.36,"mai_haut":9.37,"mai_ech":"maille","mai_obs":12},"geometry":{"type":"Polygon","coordinates":[[[2.7637,50.0606],[2.7706,50.0645],[2.7957,50.0513],[2.7945,50.0501],[2.7857,50.0512],[2.7767,50.0469],[2.7757,50.0428],[2.7631,50.0386],[2.7522,50.0403],[2.7423,50.048],[2.7637,50.0606]]]}},{"type":"Feature","properties":{"code":"62612","nom":"Neuvireuil","app":11.99,"app_bas":10.17,"app_haut":14.13,"app_ech":"maille","app_obs":6,"mai":10.32,"mai_bas":8.24,"mai_haut":12.92,"mai_ech":"maille","mai_obs":25},"geometry":{"type":"Polygon","coordinates":[[[2.8978,50.3588],[2.9205,50.3683],[2.92,50.3648],[2.9327,50.3495],[2.9131,50.3388],[2.911,50.3435],[2.8993,50.3516],[2.8978,50.3588]]]}},{"type":"Feature","properties":{"code":"62863","nom":"Violaines","app":11.38,"app_bas":9.35,"app_haut":13.86,"app_ech":"maille","app_obs":69,"mai":9.59,"mai_bas":7.76,"mai_haut":11.84,"mai_ech":"commune","mai_obs":152},"geometry":{"type":"Polygon","coordinates":[[[2.7555,50.5038],[2.7646,50.5218],[2.7715,50.5214],[2.7771,50.5303],[2.7682,50.5358],[2.7565,50.5482],[2.784,50.5642],[2.7945,50.5492],[2.8019,50.5348],[2.7994,50.5286],[2.7937,50.5213],[2.7776,50.5184],[2.7555,50.5038]]]}},{"type":"Feature","properties":{"code":"62135","nom":"Blairville","app":11.7,"app_bas":9.51,"app_haut":14.4,"app_ech":"maille","app_obs":1,"mai":9.5,"mai_bas":7.68,"mai_haut":11.75,"mai_ech":"maille","mai_obs":17},"geometry":{"type":"Polygon","coordinates":[[[2.7212,50.2318],[2.726,50.2339],[2.7302,50.2295],[2.7272,50.2199],[2.7325,50.2129],[2.7067,50.2068],[2.6992,50.2072],[2.6958,50.2153],[2.7075,50.226],[2.7212,50.2318]]]}},{"type":"Feature","properties":{"code":"62199","nom":"Camblain-l'Abbé","app":10.38,"app_bas":8.51,"app_haut":12.66,"app_ech":"maille","app_obs":8,"mai":9.25,"mai_bas":7.29,"mai_haut":11.74,"mai_ech":"maille","mai_obs":26},"geometry":{"type":"Polygon","coordinates":[[[2.6438,50.3863],[2.6463,50.3746],[2.657,50.368],[2.656,50.3608],[2.6316,50.363],[2.6283,50.3609],[2.6233,50.3614],[2.6164,50.3663],[2.6278,50.3857],[2.6226,50.3891],[2.624,50.3911],[2.6438,50.3863]]]}},{"type":"Feature","properties":{"code":"62315","nom":"Estréelles","app":12.48,"app_bas":9.26,"app_haut":16.82,"app_ech":"maille","app_obs":0,"mai":9.4,"mai_bas":7.05,"mai_haut":12.54,"mai_ech":"maille","mai_obs":9},"geometry":{"type":"Polygon","coordinates":[[[1.7735,50.4875],[1.7684,50.5072],[1.7749,50.5116],[1.7907,50.5114],[1.7906,50.5056],[1.7812,50.4892],[1.7735,50.4875]]]}},{"type":"Feature","properties":{"code":"62479","nom":"Labeuvrière","app":10.64,"app_bas":8.56,"app_haut":13.24,"app_ech":"maille","app_obs":24,"mai":8.85,"mai_bas":7.1,"mai_haut":11.04,"mai_ech":"maille","mai_obs":70},"geometry":{"type":"Polygon","coordinates":[[[2.5446,50.5134],[2.5682,50.5336],[2.5882,50.5325],[2.5941,50.5285],[2.5871,50.5153],[2.575,50.5103],[2.5545,50.511],[2.5446,50.5134]]]}},{"type":"Feature","properties":{"code":"62688","nom":"Rang-du-Fliers","app":12.26,"app_bas":9.75,"app_haut":15.41,"app_ech":"maille","app_obs":36,"mai":8.82,"mai_bas":6.89,"mai_haut":11.29,"mai_ech":"maille","mai_obs":91},"geometry":{"type":"Polygon","coordinates":[[[1.6031,50.4346],[1.6372,50.432],[1.6454,50.4342],[1.6464,50.4224],[1.6692,50.4223],[1.6877,50.4137],[1.6742,50.4103],[1.6507,50.4121],[1.6323,50.4077],[1.6061,50.409],[1.6031,50.4346]]]}},{"type":"Feature","properties":{"code":"62770","nom":"Saint-Venant","app":10.16,"app_bas":8.37,"app_haut":12.33,"app_ech":"commune","app_obs":188,"mai":8.38,"mai_bas":6.67,"mai_haut":10.54,"mai_ech":"commune","mai_obs":103},"geometry":{"type":"Polygon","coordinates":[[[2.4912,50.6243],[2.4678,50.6339],[2.4732,50.6386],[2.4888,50.632],[2.5065,50.6343],[2.5179,50.6362],[2.5248,50.642],[2.5336,50.6431],[2.537,50.6305],[2.5447,50.6271],[2.5643,50.6244],[2.569,50.6114],[2.5484,50.609],[2.5257,50.6039],[2.5081,50.6116],[2.5067,50.6194],[2.5015,50.6231],[2.4912,50.6243]]]}},{"type":"Feature","properties":{"code":"62773","nom":"Samer","app":10.55,"app_bas":8.28,"app_haut":13.43,"app_ech":"maille","app_obs":65,"mai":10.15,"mai_bas":8.36,"mai_haut":12.33,"mai_ech":"commune","mai_obs":185},"geometry":{"type":"Polygon","coordinates":[[[1.8008,50.6332],[1.7927,50.6293],[1.7894,50.6156],[1.7704,50.6216],[1.7548,50.6088],[1.7442,50.6233],[1.7361,50.6304],[1.7164,50.6296],[1.7112,50.6398],[1.7154,50.6486],[1.7315,50.6509],[1.7371,50.6558],[1.752,50.6503],[1.7628,50.6416],[1.7743,50.6412],[1.7838,50.6469],[1.8,50.6359],[1.8008,50.6332]]]}},{"type":"Feature","properties":{"code":"62904","nom":"Zouafques","app":10.91,"app_bas":8.39,"app_haut":14.21,"app_ech":"maille","app_obs":3,"mai":8.69,"mai_bas":7.13,"mai_haut":10.58,"mai_ech":"maille","mai_obs":26},"geometry":{"type":"Polygon","coordinates":[[[2.0597,50.8118],[2.0472,50.818],[2.0329,50.8214],[2.0422,50.8321],[2.0555,50.8325],[2.0704,50.8215],[2.0742,50.8219],[2.0597,50.8118]]]}},{"type":"Feature","properties":{"code":"62107","nom":"Bénifontaine","app":11.38,"app_bas":9.35,"app_haut":13.86,"app_ech":"maille","app_obs":21,"mai":9.55,"mai_bas":7.74,"mai_haut":11.79,"mai_ech":"maille","mai_obs":6},"geometry":{"type":"Polygon","coordinates":[[[2.8376,50.4942],[2.834,50.4864],[2.8432,50.4813],[2.8353,50.4698],[2.8212,50.462],[2.815,50.461],[2.8119,50.4721],[2.8262,50.4874],[2.8376,50.4942]]]}},{"type":"Feature","properties":{"code":"62180","nom":"Brias","app":9.67,"app_bas":7.93,"app_haut":11.79,"app_ech":"maille","app_obs":1,"mai":7.61,"mai_bas":6.28,"mai_haut":9.23,"mai_ech":"maille","mai_obs":6},"geometry":{"type":"Polygon","coordinates":[[[2.406,50.4025],[2.3852,50.4028],[2.3796,50.3958],[2.3696,50.4039],[2.3561,50.4097],[2.3565,50.4174],[2.3635,50.4209],[2.3686,50.4183],[2.391,50.4255],[2.3945,50.4218],[2.4089,50.4206],[2.4138,50.4184],[2.406,50.4025]]]}},{"type":"Feature","properties":{"code":"62184","nom":"Buissy","app":10.5,"app_bas":8.4,"app_haut":13.13,"app_ech":"maille","app_obs":0,"mai":8.61,"mai_bas":7,"mai_haut":10.59,"mai_ech":"maille","mai_obs":7},"geometry":{"type":"Polygon","coordinates":[[[3.0068,50.1943],[3.0308,50.221],[3.0508,50.2045],[3.0515,50.1928],[3.0416,50.1936],[3.0258,50.1895],[3.0145,50.1842],[3.0068,50.1943]]]}},{"type":"Feature","properties":{"code":"62257","nom":"Créquy","app":10.7,"app_bas":8.53,"app_haut":13.42,"app_ech":"maille","app_obs":0,"mai":7.77,"mai_bas":6.25,"mai_haut":9.66,"mai_ech":"maille","mai_obs":24},"geometry":{"type":"Polygon","coordinates":[[[2.0242,50.5286],[2.0407,50.5268],[2.0456,50.5204],[2.0594,50.515],[2.0597,50.511],[2.0723,50.5069],[2.083,50.4991],[2.0898,50.4923],[2.0853,50.4867],[2.0818,50.4851],[2.0731,50.4883],[2.0629,50.4881],[2.0404,50.4782],[2.0296,50.486],[2.0327,50.489],[2.022,50.5004],[2.0095,50.4992],[2.0092,50.4903],[2.0048,50.4849],[1.9943,50.4838],[1.9859,50.4913],[1.9922,50.4966],[1.9984,50.5002],[2.005,50.5166],[2.0132,50.5221],[2.0129,50.526],[2.0242,50.5286]]]}},{"type":"Feature","properties":{"code":"62269","nom":"Diéval","app":11.01,"app_bas":8.89,"app_haut":13.62,"app_ech":"maille","app_obs":0,"mai":8.07,"mai_bas":6.73,"mai_haut":9.66,"mai_ech":"maille","mai_obs":32},"geometry":{"type":"Polygon","coordinates":[[[2.4489,50.4579],[2.4581,50.4542],[2.47,50.4443],[2.4855,50.4405],[2.4742,50.4321],[2.4648,50.4272],[2.4618,50.4204],[2.4541,50.4197],[2.4201,50.4198],[2.4227,50.4318],[2.4318,50.4436],[2.4394,50.4593],[2.4489,50.4579]]]}},{"type":"Feature","properties":{"code":"62365","nom":"Galametz","app":10.34,"app_bas":8.62,"app_haut":12.4,"app_ech":"maille","app_obs":1,"mai":7.49,"mai_bas":5.85,"mai_haut":9.6,"mai_ech":"maille","mai_obs":11},"geometry":{"type":"Polygon","coordinates":[[[2.1108,50.3236],[2.113,50.329],[2.1309,50.3345],[2.1457,50.3362],[2.1522,50.3275],[2.122,50.3148],[2.1108,50.3236]]]}},{"type":"Feature","properties":{"code":"62458","nom":"Houlle","app":10.43,"app_bas":8.51,"app_haut":12.79,"app_ech":"maille","app_obs":43,"mai":8.55,"mai_bas":7.19,"mai_haut":10.18,"mai_ech":"maille","mai_obs":49},"geometry":{"type":"Polygon","coordinates":[[[2.2032,50.8091],[2.1927,50.8058],[2.1731,50.795],[2.1346,50.7793],[2.1182,50.7812],[2.1326,50.7901],[2.1493,50.7976],[2.1697,50.8028],[2.2114,50.8195],[2.2134,50.8105],[2.2032,50.8091]]]}},{"type":"Feature","properties":{"code":"62529","nom":"Lorgies","app":12.42,"app_bas":10.38,"app_haut":14.87,"app_ech":"maille","app_obs":30,"mai":10.72,"mai_bas":8.81,"mai_haut":13.06,"mai_ech":"maille","mai_obs":56},"geometry":{"type":"Polygon","coordinates":[[[2.7945,50.5492],[2.7755,50.5757],[2.7891,50.5831],[2.8082,50.5789],[2.8157,50.566],[2.8132,50.5493],[2.802,50.5515],[2.7945,50.5492]]]}},{"type":"Feature","properties":{"code":"62894","nom":"Wimille","app":11.54,"app_bas":9.28,"app_haut":14.34,"app_ech":"maille","app_obs":54,"mai":10.46,"mai_bas":8.29,"mai_haut":13.18,"mai_ech":"maille","mai_obs":60},"geometry":{"type":"Polygon","coordinates":[[[1.6537,50.8057],[1.6591,50.7944],[1.6672,50.7887],[1.6571,50.7831],[1.6564,50.7743],[1.6535,50.7624],[1.6644,50.7588],[1.6738,50.7568],[1.6709,50.7477],[1.6802,50.742],[1.6791,50.7388],[1.6624,50.7353],[1.6492,50.7363],[1.6394,50.7405],[1.6221,50.7379],[1.608,50.7464],[1.6122,50.7573],[1.6132,50.7677],[1.624,50.7789],[1.6306,50.7807],[1.6341,50.7899],[1.6272,50.8015],[1.6444,50.805],[1.6537,50.8057]]]}},{"type":"Feature","properties":{"code":"62061","nom":"Averdoingt","app":9.67,"app_bas":7.93,"app_haut":11.79,"app_ech":"maille","app_obs":0,"mai":7.61,"mai_bas":6.28,"mai_haut":9.23,"mai_ech":"maille","mai_obs":9},"geometry":{"type":"Polygon","coordinates":[[[2.4392,50.3558],[2.4648,50.3603],[2.4665,50.35],[2.4726,50.3429],[2.4591,50.3333],[2.4371,50.3332],[2.4209,50.336],[2.4118,50.3388],[2.4092,50.3477],[2.4272,50.3484],[2.4392,50.3558]]]}},{"type":"Feature","properties":{"code":"62138","nom":"Blangy-sur-Ternoise","app":10.34,"app_bas":8.62,"app_haut":12.4,"app_ech":"maille","app_obs":7,"mai":7.02,"mai_bas":5.61,"mai_haut":8.77,"mai_ech":"maille","mai_obs":41},"geometry":{"type":"Polygon","coordinates":[[[2.1986,50.4188],[2.2039,50.4098],[2.1999,50.4058],[2.1975,50.4071],[2.1643,50.4037],[2.1534,50.4157],[2.158,50.418],[2.1514,50.4318],[2.1495,50.4416],[2.167,50.4465],[2.1833,50.4398],[2.1894,50.4339],[2.1986,50.4188]]]}},{"type":"Feature","properties":{"code":"62165","nom":"Bournonville","app":11.61,"app_bas":9.49,"app_haut":14.19,"app_ech":"maille","app_obs":0,"mai":9.06,"mai_bas":7.45,"mai_haut":11.02,"mai_ech":"maille","mai_obs":4},"geometry":{"type":"Polygon","coordinates":[[[1.8096,50.7079],[1.8321,50.7065],[1.8493,50.7171],[1.864,50.7131],[1.8645,50.7025],[1.8674,50.699],[1.8665,50.6875],[1.8524,50.6836],[1.8391,50.6778],[1.831,50.6949],[1.8224,50.6989],[1.8096,50.7079]]]}},{"type":"Feature","properties":{"code":"62202","nom":"Campagne-lès-Boulonnais","app":11.09,"app_bas":9.14,"app_haut":13.46,"app_ech":"maille","app_obs":0,"mai":9.14,"mai_bas":7.53,"mai_haut":11.09,"mai_ech":"maille","mai_obs":9},"geometry":{"type":"Polygon","coordinates":[[[1.9942,50.6018],[1.9762,50.6075],[1.9656,50.6079],[1.9647,50.6222],[1.9683,50.6307],[1.9796,50.6355],[1.9856,50.6346],[1.9958,50.6393],[2.0031,50.6373],[2.009,50.6304],[2.0216,50.629],[2.0229,50.6196],[2.0282,50.614],[2.0147,50.6021],[1.9942,50.6018]]]}},{"type":"Feature","properties":{"code":"62242","nom":"Couin","app":11.7,"app_bas":9.51,"app_haut":14.4,"app_ech":"maille","app_obs":0,"mai":9.1,"mai_bas":7.44,"mai_haut":11.15,"mai_ech":"maille","mai_obs":3},"geometry":{"type":"Polygon","coordinates":[[[2.5481,50.1241],[2.5442,50.1198],[2.5323,50.1151],[2.5162,50.1341],[2.5149,50.1408],[2.5255,50.1453],[2.5388,50.148],[2.5513,50.1417],[2.5458,50.1274],[2.5481,50.1241]]]}},{"type":"Feature","properties":{"code":"62521","nom":"Loge","app":10.55,"app_bas":8.28,"app_haut":13.43,"app_ech":"maille","app_obs":2,"mai":7.95,"mai_bas":6.22,"mai_haut":10.15,"mai_ech":"maille","mai_obs":4},"geometry":{"type":"Polygon","coordinates":[[[2.0286,50.4049],[2.0286,50.4111],[2.0412,50.4126],[2.0411,50.4071],[2.0286,50.4049]]]}},{"type":"Feature","properties":{"code":"62706","nom":"Richebourg","app":10.93,"app_bas":8.8,"app_haut":13.58,"app_ech":"maille","app_obs":30,"mai":9.68,"mai_bas":7.69,"mai_haut":12.19,"mai_ech":"maille","mai_obs":81},"geometry":{"type":"Polygon","coordinates":[[[2.7174,50.5534],[2.7234,50.5617],[2.7367,50.5677],[2.7384,50.5736],[2.7173,50.5825],[2.732,50.5895],[2.7323,50.5981],[2.7182,50.5974],[2.7247,50.6015],[2.7195,50.6098],[2.7261,50.6138],[2.7515,50.6069],[2.784,50.5642],[2.7713,50.5572],[2.7668,50.5592],[2.7443,50.5542],[2.7293,50.5524],[2.7174,50.5534]]]}},{"type":"Feature","properties":{"code":"62772","nom":"Salperwick","app":10.48,"app_bas":8.47,"app_haut":12.98,"app_ech":"maille","app_obs":3,"mai":8.55,"mai_bas":7.19,"mai_haut":10.18,"mai_ech":"maille","mai_obs":18},"geometry":{"type":"Polygon","coordinates":[[[2.1889,50.7505],[2.1863,50.7562],[2.1928,50.7571],[2.2107,50.765],[2.2318,50.7851],[2.2412,50.7792],[2.2442,50.7706],[2.2201,50.7651],[2.1889,50.7505]]]}},{"type":"Feature","properties":{"code":"62839","nom":"Vaulx-Vraucourt","app":10.5,"app_bas":8.4,"app_haut":13.13,"app_ech":"maille","app_obs":29,"mai":7.91,"mai_bas":6.3,"mai_haut":9.94,"mai_ech":"maille","mai_obs":30},"geometry":{"type":"Polygon","coordinates":[[[2.9286,50.157],[2.9336,50.1446],[2.9262,50.1372],[2.9293,50.1321],[2.9127,50.1225],[2.89,50.1243],[2.8833,50.1404],[2.873,50.1482],[2.8733,50.1534],[2.8812,50.1613],[2.9143,50.1615],[2.9286,50.157]]]}},{"type":"Feature","properties":{"code":"62845","nom":"Verlincthun","app":11.61,"app_bas":9.49,"app_haut":14.19,"app_ech":"maille","app_obs":3,"mai":9.4,"mai_bas":7.05,"mai_haut":12.54,"mai_ech":"maille","mai_obs":16},"geometry":{"type":"Polygon","coordinates":[[[1.6891,50.6394],[1.7112,50.6398],[1.7164,50.6296],[1.7072,50.6175],[1.7004,50.6162],[1.6918,50.6157],[1.6685,50.6246],[1.6651,50.6345],[1.6746,50.6383],[1.6891,50.6394]]]}},{"type":"Feature","properties":{"code":"62155","nom":"Bonningues-lès-Ardres","app":10.91,"app_bas":8.91,"app_haut":13.35,"app_ech":"maille","app_obs":0,"mai":8.69,"mai_bas":7.13,"mai_haut":10.58,"mai_ech":"maille","mai_obs":42},"geometry":{"type":"Polygon","coordinates":[[[2.0025,50.7633],[2.0068,50.7697],[2.0067,50.7791],[1.9989,50.7887],[2.016,50.7991],[2.028,50.7969],[2.0345,50.7888],[2.0343,50.7801],[2.0423,50.7688],[2.0419,50.7568],[2.021,50.7544],[2.0025,50.7633]]]}},{"type":"Feature","properties":{"code":"62251","nom":"Courset","app":10.91,"app_bas":8.91,"app_haut":13.35,"app_ech":"maille","app_obs":0,"mai":9.06,"mai_bas":7.45,"mai_haut":11.02,"mai_ech":"maille","mai_obs":17},"geometry":{"type":"Polygon","coordinates":[[[1.8701,50.6563],[1.8738,50.6571],[1.8846,50.6522],[1.8827,50.6349],[1.8618,50.6328],[1.8421,50.6361],[1.815,50.6364],[1.8097,50.6441],[1.828,50.6518],[1.8522,50.6559],[1.8701,50.6563]]]}},{"type":"Feature","properties":{"code":"62277","nom":"Drocourt","app":11.2,"app_bas":9.28,"app_haut":13.52,"app_ech":"maille","app_obs":74,"mai":8.72,"mai_bas":7.21,"mai_haut":10.56,"mai_ech":"maille","mai_obs":57},"geometry":{"type":"Polygon","coordinates":[[[2.9268,50.4013],[2.9398,50.3994],[2.9461,50.3951],[2.94,50.3895],[2.9456,50.3814],[2.9298,50.379],[2.917,50.3876],[2.9268,50.4013]]]}},{"type":"Feature","properties":{"code":"62363","nom":"Frévin-Capelle","app":10.99,"app_bas":9.3,"app_haut":12.97,"app_ech":"maille","app_obs":0,"mai":9.25,"mai_bas":7.29,"mai_haut":11.74,"mai_ech":"maille","mai_obs":3},"geometry":{"type":"Polygon","coordinates":[[[2.6283,50.3609],[2.6316,50.363],[2.6478,50.3617],[2.6465,50.3485],[2.6397,50.3384],[2.6257,50.3392],[2.6283,50.3609]]]}},{"type":"Feature","properties":{"code":"62374","nom":"Gomiécourt","app":10.5,"app_bas":8.4,"app_haut":13.13,"app_ech":"maille","app_obs":0,"mai":7.64,"mai_bas":6.13,"mai_haut":9.51,"mai_ech":"maille","mai_obs":1},"geometry":{"type":"Polygon","coordinates":[[[2.8055,50.1565],[2.8196,50.1472],[2.8143,50.1418],[2.805,50.1432],[2.7938,50.141],[2.7832,50.145],[2.7851,50.154],[2.8009,50.1589],[2.8055,50.1565]]]}},{"type":"Feature","properties":{"code":"62597","nom":"Moyenneville","app":11.7,"app_bas":9.51,"app_haut":14.4,"app_ech":"maille","app_obs":1,"mai":7.64,"mai_bas":6.13,"mai_haut":9.51,"mai_ech":"maille","mai_obs":15},"geometry":{"type":"Polygon","coordinates":[[[2.785,50.1979],[2.7894,50.1887],[2.7889,50.1737],[2.7729,50.1674],[2.7545,50.1655],[2.7494,50.1679],[2.7558,50.1739],[2.7526,50.1814],[2.7772,50.1956],[2.785,50.1979]]]}},{"type":"Feature","properties":{"code":"62609","nom":"Neuville-Saint-Vaast","app":10.99,"app_bas":9.3,"app_haut":12.97,"app_ech":"maille","app_obs":33,"mai":9.73,"mai_bas":7.52,"mai_haut":12.6,"mai_ech":"maille","mai_obs":65},"geometry":{"type":"Polygon","coordinates":[[[2.7433,50.3394],[2.7396,50.3485],[2.7295,50.3489],[2.724,50.3665],[2.7392,50.3722],[2.7643,50.3798],[2.7714,50.377],[2.7873,50.3672],[2.774,50.3611],[2.7753,50.3443],[2.7592,50.3396],[2.7542,50.3354],[2.7462,50.3336],[2.7433,50.3394]]]}},{"type":"Feature","properties":{"code":"62645","nom":"Oye-Plage","app":10.91,"app_bas":8.39,"app_haut":14.21,"app_ech":"maille","app_obs":63,"mai":9.44,"mai_bas":7.66,"mai_haut":11.61,"mai_ech":"commune","mai_obs":223},"geometry":{"type":"Polygon","coordinates":[[[2.1083,50.9842],[2.0922,50.9733],[2.0358,50.9627],[2.0202,50.9572],[1.9949,50.9536],[1.9803,50.9693],[1.9804,50.9795],[1.9729,50.9896],[1.9927,50.9937],[2.0396,50.9973],[2.0477,51.0029],[2.0677,51.0065],[2.0802,51.0062],[2.0976,50.9984],[2.1101,50.9877],[2.1093,50.9842],[2.1083,50.9842]]]}},{"type":"Feature","properties":{"code":"62670","nom":"Preures","app":10.55,"app_bas":8.28,"app_haut":13.43,"app_ech":"maille","app_obs":3,"mai":7.77,"mai_bas":6.25,"mai_haut":9.66,"mai_ech":"maille","mai_obs":60},"geometry":{"type":"Polygon","coordinates":[[[1.8809,50.551],[1.8676,50.5477],[1.8544,50.5499],[1.8532,50.5548],[1.8598,50.5651],[1.8602,50.5744],[1.8568,50.5816],[1.8601,50.586],[1.8715,50.5918],[1.902,50.5983],[1.9185,50.5909],[1.9033,50.5749],[1.8995,50.5681],[1.8969,50.5524],[1.8809,50.551]]]}},{"type":"Feature","properties":{"code":"62799","nom":"Sorrus","app":12.26,"app_bas":9.75,"app_haut":15.41,"app_ech":"maille","app_obs":2,"mai":10.61,"mai_bas":8.06,"mai_haut":13.97,"mai_ech":"maille","mai_obs":22},"geometry":{"type":"Polygon","coordinates":[[[1.6943,50.4571],[1.6978,50.4671],[1.7096,50.4656],[1.7372,50.4651],[1.7432,50.4622],[1.7415,50.4536],[1.7243,50.4507],[1.7149,50.4452],[1.7033,50.4446],[1.6931,50.4469],[1.6896,50.4513],[1.6943,50.4571]]]}},{"type":"Feature","properties":{"code":"62112","nom":"Berles-au-Bois","app":11.7,"app_bas":9.51,"app_haut":14.4,"app_ech":"maille","app_obs":6,"mai":7.61,"mai_bas":6.14,"mai_haut":9.44,"mai_ech":"maille","mai_obs":27},"geometry":{"type":"Polygon","coordinates":[[[2.6587,50.211],[2.6474,50.1992],[2.6517,50.1953],[2.6461,50.1907],[2.6249,50.1836],[2.6175,50.1835],[2.6133,50.1887],[2.6011,50.196],[2.6145,50.2076],[2.6288,50.2134],[2.6493,50.2137],[2.651,50.2161],[2.6587,50.211]]]}},{"type":"Feature","properties":{"code":"62116","nom":"Bernieulles","app":12.48,"app_bas":9.26,"app_haut":16.82,"app_ech":"maille","app_obs":0,"mai":9.4,"mai_bas":7.05,"mai_haut":12.54,"mai_ech":"maille","mai_obs":8},"geometry":{"type":"Polygon","coordinates":[[[1.7562,50.5524],[1.754,50.559],[1.7659,50.5606],[1.7741,50.5731],[1.7767,50.5744],[1.7896,50.5579],[1.7822,50.5474],[1.7703,50.5367],[1.7638,50.5369],[1.7562,50.5524]]]}},{"type":"Feature","properties":{"code":"62309","nom":"Esquerdes","app":11.09,"app_bas":9.14,"app_haut":13.46,"app_ech":"maille","app_obs":5,"mai":8.25,"mai_bas":6.85,"mai_haut":9.93,"mai_ech":"maille","mai_obs":54},"geometry":{"type":"Polygon","coordinates":[[[2.1732,50.6838],[2.1658,50.6892],[2.1524,50.6945],[2.1484,50.6988],[2.1671,50.7105],[2.1755,50.718],[2.1932,50.7193],[2.2012,50.7047],[2.1971,50.6912],[2.182,50.6818],[2.1732,50.6838]]]}},{"type":"Feature","properties":{"code":"62438","nom":"Hermaville","app":10.38,"app_bas":8.51,"app_haut":12.66,"app_ech":"maille","app_obs":7,"mai":9.73,"mai_bas":7.52,"mai_haut":12.6,"mai_ech":"maille","mai_obs":28},"geometry":{"type":"Polygon","coordinates":[[[2.5798,50.3104],[2.5728,50.3168],[2.5614,50.3173],[2.5671,50.333],[2.5817,50.3366],[2.6083,50.3348],[2.6098,50.3306],[2.6024,50.3297],[2.6006,50.3181],[2.5798,50.3104]]]}},{"type":"Feature","properties":{"code":"62568","nom":"Mercatel","app":10.5,"app_bas":8.4,"app_haut":13.13,"app_ech":"maille","app_obs":3,"mai":9.5,"mai_bas":7.68,"mai_haut":11.75,"mai_ech":"maille","mai_obs":59},"geometry":{"type":"Polygon","coordinates":[[[2.7645,50.2374],[2.7871,50.246],[2.7985,50.2478],[2.8131,50.2306],[2.8013,50.2252],[2.7672,50.2259],[2.7645,50.2374]]]}},{"type":"Feature","properties":{"code":"62633","nom":"Œuf-en-Ternois","app":9.67,"app_bas":7.93,"app_haut":11.79,"app_ech":"maille","app_obs":0,"mai":6.55,"mai_bas":5.3,"mai_haut":8.1,"mai_ech":"maille","mai_obs":8},"geometry":{"type":"Polygon","coordinates":[[[2.2455,50.3687],[2.2504,50.3672],[2.2382,50.3576],[2.2357,50.3579],[2.2141,50.3455],[2.209,50.3504],[2.1864,50.3567],[2.1814,50.3665],[2.1856,50.3702],[2.1989,50.3744],[2.2209,50.3764],[2.2201,50.3726],[2.2332,50.3653],[2.2455,50.3687]]]}},{"type":"Feature","properties":{"code":"62096","nom":"Beaumetz-lès-Cambrai","app":9.74,"app_bas":8.03,"app_haut":11.8,"app_ech":"maille","app_obs":2,"mai":7.91,"mai_bas":6.3,"mai_haut":9.94,"mai_ech":"maille","mai_obs":25},"geometry":{"type":"Polygon","coordinates":[[[2.9544,50.1239],[2.9618,50.1255],[2.985,50.1461],[2.9948,50.1532],[3.0037,50.1502],[2.9982,50.1423],[2.9974,50.1328],[3.0012,50.1248],[2.9993,50.1188],[3.0106,50.1128],[3.0028,50.1044],[2.9902,50.1036],[2.9759,50.1123],[2.9675,50.1205],[2.9543,50.1228],[2.9544,50.1239]]]}},{"type":"Feature","properties":{"code":"62137","nom":"Blangerval-Blangermont","app":12.28,"app_bas":9.94,"app_haut":15.19,"app_ech":"maille","app_obs":0,"mai":6.55,"mai_bas":5.3,"mai_haut":8.1,"mai_ech":"maille","mai_obs":0},"geometry":{"type":"Polygon","coordinates":[[[2.2073,50.3154],[2.2009,50.3199],[2.206,50.3288],[2.2253,50.3376],[2.2379,50.3271],[2.2367,50.3164],[2.2267,50.3141],[2.2073,50.3154]]]}},{"type":"Feature","properties":{"code":"62190","nom":"Busnes","app":10.08,"app_bas":8.32,"app_haut":12.21,"app_ech":"maille","app_obs":47,"mai":8.23,"mai_bas":6.65,"mai_haut":10.18,"mai_ech":"maille","mai_obs":66},"geometry":{"type":"Polygon","coordinates":[[[2.5439,50.5717],[2.5307,50.5678],[2.5293,50.5704],[2.5052,50.5736],[2.5007,50.5852],[2.4813,50.5902],[2.4799,50.5923],[2.4913,50.596],[2.5081,50.6116],[2.5257,50.6039],[2.5267,50.5931],[2.5313,50.5833],[2.5439,50.5717]]]}},{"type":"Feature","properties":{"code":"62241","nom":"Cormont","app":12.71,"app_bas":10.32,"app_haut":15.65,"app_ech":"maille","app_obs":1,"mai":10.37,"mai_bas":8.54,"mai_haut":12.59,"mai_ech":"maille","mai_obs":15},"geometry":{"type":"Polygon","coordinates":[[[1.7562,50.5524],[1.7274,50.5476],[1.7121,50.5511],[1.7199,50.5627],[1.7194,50.5683],[1.7343,50.5723],[1.7406,50.5793],[1.7531,50.5815],[1.7689,50.5787],[1.7741,50.5731],[1.7659,50.5606],[1.754,50.559],[1.7562,50.5524]]]}},{"type":"Feature","properties":{"code":"62293","nom":"Embry","app":10.34,"app_bas":8.62,"app_haut":12.4,"app_ech":"maille","app_obs":12,"mai":7.77,"mai_bas":6.25,"mai_haut":9.66,"mai_ech":"maille","mai_obs":17},"geometry":{"type":"Polygon","coordinates":[[[1.9288,50.4841],[1.9282,50.4863],[1.9312,50.4922],[1.9297,50.5057],[1.9402,50.5116],[1.963,50.5111],[1.9778,50.5054],[1.9922,50.4966],[1.9683,50.4792],[1.9619,50.4792],[1.9417,50.4865],[1.9288,50.4841]]]}},{"type":"Feature","properties":{"code":"62344","nom":"Fontaine-lès-Hermans","app":9.54,"app_bas":7.94,"app_haut":11.47,"app_ech":"maille","app_obs":0,"mai":7.12,"mai_bas":5.9,"mai_haut":8.6,"mai_ech":"maille","mai_obs":0},"geometry":{"type":"Polygon","coordinates":[[[2.3345,50.5361],[2.3525,50.539],[2.3543,50.5294],[2.3507,50.5241],[2.3306,50.5163],[2.3225,50.5199],[2.3256,50.5285],[2.3345,50.5361]]]}},{"type":"Feature","properties":{"code":"62419","nom":"Haut-Loquin","app":10.55,"app_bas":8.28,"app_haut":13.43,"app_ech":"maille","app_obs":0,"mai":8.78,"mai_bas":7.29,"mai_haut":10.58,"mai_ech":"maille","mai_obs":11},"geometry":{"type":"Polygon","coordinates":[[[1.9476,50.7335],[1.9509,50.7414],[1.9719,50.7542],[1.985,50.7498],[1.9737,50.7348],[1.9601,50.7212],[1.945,50.7251],[1.9476,50.7335]]]}},{"type":"Feature","properties":{"code":"62487","nom":"Landrethun-le-Nord","app":11.87,"app_bas":9.33,"app_haut":15.11,"app_ech":"maille","app_obs":7,"mai":9.58,"mai_bas":7.94,"mai_haut":11.55,"mai_ech":"maille","mai_obs":48},"geometry":{"type":"Polygon","coordinates":[[[1.7696,50.8627],[1.7782,50.8603],[1.7901,50.8641],[1.8,50.8569],[1.7993,50.8449],[1.7863,50.8354],[1.7722,50.8361],[1.7564,50.8403],[1.7601,50.8587],[1.7696,50.8627]]]}},{"type":"Feature","properties":{"code":"62506","nom":"Licques","app":10.91,"app_bas":8.91,"app_haut":13.35,"app_ech":"maille","app_obs":16,"mai":8.78,"mai_bas":7.29,"mai_haut":10.58,"mai_ech":"maille","mai_obs":82},"geometry":{"type":"Polygon","coordinates":[[[1.9442,50.77],[1.9304,50.7711],[1.9264,50.774],[1.9259,50.7775],[1.914,50.7877],[1.8957,50.7923],[1.896,50.7951],[1.8997,50.8049],[1.9162,50.8115],[1.9265,50.8227],[1.9416,50.8191],[1.9514,50.8113],[1.9689,50.807],[1.9628,50.7837],[1.9563,50.7719],[1.9442,50.77]]]}},{"type":"Feature","properties":{"code":"62693","nom":"Rebreuve-Ranchicourt","app":9.67,"app_bas":7.93,"app_haut":11.79,"app_ech":"maille","app_obs":3,"mai":8.07,"mai_bas":6.73,"mai_haut":9.66,"mai_ech":"maille","mai_obs":27},"geometry":{"type":"Polygon","coordinates":[[[2.5721,50.4206],[2.5612,50.4263],[2.5535,50.4243],[2.5326,50.4122],[2.5205,50.4141],[2.525,50.4201],[2.5204,50.4294],[2.5217,50.4353],[2.5282,50.4408],[2.5382,50.4417],[2.5557,50.4532],[2.5613,50.4453],[2.58,50.4378],[2.5849,50.4335],[2.5769,50.4239],[2.5721,50.4206]]]}},{"type":"Feature","properties":{"code":"62781","nom":"Sauchy-Lestrée","app":11.36,"app_bas":9.32,"app_haut":13.84,"app_ech":"maille","app_obs":3,"mai":8.32,"mai_bas":6.8,"mai_haut":10.17,"mai_ech":"maille","mai_obs":18},"geometry":{"type":"Polygon","coordinates":[[[3.1145,50.2344],[3.1351,50.23],[3.1428,50.2192],[3.1326,50.2026],[3.1062,50.2106],[3.0855,50.2225],[3.0972,50.2319],[3.1145,50.2344]]]}},{"type":"Feature","properties":{"code":"62801","nom":"Souchez","app":10.38,"app_bas":8.51,"app_haut":12.66,"app_ech":"maille","app_obs":98,"mai":9.25,"mai_bas":7.29,"mai_haut":11.74,"mai_ech":"maille","mai_obs":65},"geometry":{"type":"Polygon","coordinates":[[[2.7338,50.4062],[2.7429,50.4056],[2.7612,50.3958],[2.7577,50.3925],[2.7643,50.3798],[2.7392,50.3722],[2.7273,50.3825],[2.7295,50.3873],[2.7342,50.3903],[2.726,50.4023],[2.7338,50.4062]]]}},{"type":"Feature","properties":{"code":"62006","nom":"Achiet-le-Petit","app":10.46,"app_bas":8.58,"app_haut":12.75,"app_ech":"maille","app_obs":2,"mai":7.64,"mai_bas":6.13,"mai_haut":9.51,"mai_ech":"maille","mai_obs":12},"geometry":{"type":"Polygon","coordinates":[[[2.7299,50.1259],[2.7468,50.1387],[2.7538,50.1474],[2.7617,50.1407],[2.7595,50.1336],[2.771,50.1259],[2.7828,50.1154],[2.7809,50.1112],[2.7726,50.1131],[2.7633,50.11],[2.7495,50.1128],[2.7365,50.123],[2.7299,50.1259]]]}},{"type":"Feature","properties":{"code":"62183","nom":"Buire-le-Sec","app":11.63,"app_bas":9.33,"app_haut":14.51,"app_ech":"maille","app_obs":2,"mai":7.95,"mai_bas":6.22,"mai_haut":10.15,"mai_ech":"maille","mai_obs":10},"geometry":{"type":"Polygon","coordinates":[[[1.816,50.4121],[1.8336,50.4091],[1.8429,50.403],[1.8544,50.3877],[1.8617,50.382],[1.855,50.3743],[1.8434,50.3739],[1.837,50.3774],[1.8117,50.3813],[1.8004,50.3888],[1.7863,50.3907],[1.7817,50.386],[1.7905,50.3964],[1.7968,50.4075],[1.8121,50.4091],[1.816,50.4121]]]}},{"type":"Feature","properties":{"code":"62434","nom":"Herlière","app":10.46,"app_bas":8.54,"app_haut":12.81,"app_ech":"maille","app_obs":0,"mai":7.61,"mai_bas":6.14,"mai_haut":9.44,"mai_ech":"maille","mai_obs":5},"geometry":{"type":"Polygon","coordinates":[[[2.5469,50.209],[2.5804,50.2152],[2.5818,50.2122],[2.5699,50.2075],[2.5683,50.2015],[2.5778,50.1979],[2.5502,50.1831],[2.5379,50.1899],[2.5436,50.194],[2.5487,50.2041],[2.5469,50.209]]]}},{"type":"Feature","properties":{"code":"62622","nom":"Nort-Leulinghem","app":10.43,"app_bas":8.51,"app_haut":12.79,"app_ech":"maille","app_obs":5,"mai":8.69,"mai_bas":7.13,"mai_haut":10.58,"mai_ech":"maille","mai_obs":7},"geometry":{"type":"Polygon","coordinates":[[[2.0811,50.8032],[2.101,50.8055],[2.1077,50.8034],[2.1008,50.7918],[2.0772,50.7856],[2.0722,50.7925],[2.0811,50.8032]]]}},{"type":"Feature","properties":{"code":"62658","nom":"Pittefaux","app":10.84,"app_bas":8.68,"app_haut":13.52,"app_ech":"maille","app_obs":0,"mai":9.9,"mai_bas":8.22,"mai_haut":11.92,"mai_ech":"maille","mai_obs":7},"geometry":{"type":"Polygon","coordinates":[[[1.6738,50.7568],[1.6644,50.7588],[1.6917,50.77],[1.7047,50.7654],[1.6878,50.7554],[1.6738,50.7568]]]}},{"type":"Feature","properties":{"code":"62668","nom":"Prédefin","app":9.54,"app_bas":7.94,"app_haut":11.47,"app_ech":"maille","app_obs":1,"mai":7.12,"mai_bas":5.9,"mai_haut":8.6,"mai_ech":"maille","mai_obs":17},"geometry":{"type":"Polygon","coordinates":[[[2.2462,50.4912],[2.2436,50.4933],[2.2421,50.5038],[2.2611,50.5121],[2.2619,50.5193],[2.2673,50.5206],[2.2787,50.5139],[2.264,50.5018],[2.2706,50.493],[2.2632,50.4958],[2.2462,50.4912]]]}},{"type":"Feature","properties":{"code":"62726","nom":"Ruisseauville","app":10.7,"app_bas":8.53,"app_haut":13.42,"app_ech":"maille","app_obs":0,"mai":6.55,"mai_bas":5.3,"mai_haut":8.1,"mai_ech":"maille","mai_obs":17},"geometry":{"type":"Polygon","coordinates":[[[2.0877,50.4849],[2.0853,50.4867],[2.0898,50.4923],[2.1092,50.4885],[2.1275,50.4919],[2.1379,50.4778],[2.1209,50.4728],[2.1138,50.476],[2.1045,50.4866],[2.0877,50.4849]]]}},{"type":"Feature","properties":{"code":"62864","nom":"Vis-en-Artois","app":10.5,"app_bas":8.4,"app_haut":13.13,"app_ech":"maille","app_obs":15,"mai":8.96,"mai_bas":7.24,"mai_haut":11.08,"mai_ech":"maille","mai_obs":39},"geometry":{"type":"Polygon","coordinates":[[[2.9538,50.2315],[2.95,50.2275],[2.9387,50.2273],[2.9193,50.2472],[2.9141,50.2475],[2.9156,50.2529],[2.9317,50.2632],[2.9445,50.2612],[2.9433,50.2496],[2.9458,50.2469],[2.9538,50.2315]]]}},{"type":"Feature","properties":{"code":"62239","nom":"Coquelles","app":11.4,"app_bas":9.12,"app_haut":14.26,"app_ech":"maille","app_obs":84,"mai":9.58,"mai_bas":7.94,"mai_haut":11.55,"mai_ech":"maille","mai_obs":32},"geometry":{"type":"Polygon","coordinates":[[[1.7841,50.9105],[1.7884,50.9198],[1.7822,50.9279],[1.7914,50.9356],[1.7925,50.9453],[1.8057,50.9454],[1.8188,50.9356],[1.839,50.9312],[1.856,50.9324],[1.8583,50.9302],[1.8599,50.9177],[1.8529,50.922],[1.8411,50.9182],[1.831,50.9274],[1.8197,50.923],[1.7962,50.9175],[1.7841,50.9105]]]}},{"type":"Feature","properties":{"code":"62577","nom":"Monchel-sur-Canche","app":12.28,"app_bas":9.94,"app_haut":15.19,"app_ech":"maille","app_obs":0,"mai":7.49,"mai_bas":5.85,"mai_haut":9.6,"mai_ech":"maille","mai_obs":2},"geometry":{"type":"Polygon","coordinates":[[[2.214,50.2844],[2.2029,50.2989],[2.2084,50.3069],[2.2073,50.3154],[2.2267,50.3141],[2.2426,50.3081],[2.2237,50.2954],[2.214,50.2844]]]}},{"type":"Feature","properties":{"code":"62594","nom":"Mory","app":10.5,"app_bas":8.4,"app_haut":13.13,"app_ech":"maille","app_obs":0,"mai":7.64,"mai_bas":6.13,"mai_haut":9.51,"mai_ech":"maille","mai_obs":12},"geometry":{"type":"Polygon","coordinates":[[[2.8505,50.1398],[2.8449,50.145],[2.8344,50.1527],[2.8399,50.1626],[2.8539,50.1722],[2.8682,50.172],[2.8812,50.1613],[2.8733,50.1534],[2.873,50.1482],[2.8609,50.1427],[2.8505,50.1398]]]}},{"type":"Feature","properties":{"code":"62664","nom":"Pommier","app":9.5,"app_bas":7.94,"app_haut":11.37,"app_ech":"maille","app_obs":0,"mai":9.1,"mai_bas":7.44,"mai_haut":11.15,"mai_ech":"maille","mai_obs":7},"geometry":{"type":"Polygon","coordinates":[[[2.583,50.1682],[2.5747,50.1758],[2.5778,50.1848],[2.5917,50.19],[2.5911,50.1953],[2.6011,50.196],[2.6133,50.1887],[2.6175,50.1835],[2.6098,50.1744],[2.583,50.1682]]]}},{"type":"Feature","properties":{"code":"62678","nom":"Quesques","app":10.55,"app_bas":8.28,"app_haut":13.43,"app_ech":"maille","app_obs":0,"mai":8.78,"mai_bas":7.29,"mai_haut":10.58,"mai_ech":"maille","mai_obs":18},"geometry":{"type":"Polygon","coordinates":[[[1.968,50.715],[1.9642,50.7091],[1.9696,50.7036],[1.9814,50.7045],[1.9835,50.6946],[1.9743,50.686],[1.9631,50.6917],[1.9518,50.6872],[1.9339,50.6903],[1.9235,50.6851],[1.91,50.6911],[1.9115,50.693],[1.902,50.7084],[1.9101,50.7165],[1.9148,50.7191],[1.9342,50.7133],[1.9435,50.7128],[1.9665,50.7193],[1.968,50.715]]]}},{"type":"Feature","properties":{"code":"62723","nom":"Roussent","app":12.26,"app_bas":9.75,"app_haut":15.41,"app_ech":"maille","app_obs":0,"mai":7.95,"mai_bas":6.22,"mai_haut":10.15,"mai_ech":"maille","mai_obs":11},"geometry":{"type":"Polygon","coordinates":[[[1.782,50.3855],[1.7882,50.3832],[1.7871,50.3728],[1.7935,50.3681],[1.792,50.3595],[1.7788,50.3619],[1.7619,50.3616],[1.7718,50.3672],[1.7519,50.3676],[1.7579,50.3764],[1.7684,50.3787],[1.765,50.3885],[1.7688,50.3832],[1.782,50.3855]]]}},{"type":"Feature","properties":{"code":"62842","nom":"Vendin-le-Vieil","app":11.16,"app_bas":9.27,"app_haut":13.43,"app_ech":"commune","app_obs":153,"mai":9.83,"mai_bas":7.9,"mai_haut":12.22,"mai_ech":"commune","mai_obs":120},"geometry":{"type":"Polygon","coordinates":[[[2.88,50.4963],[2.8811,50.4838],[2.8799,50.4748],[2.8717,50.4652],[2.8618,50.4572],[2.841,50.4481],[2.8282,50.457],[2.8165,50.4554],[2.815,50.461],[2.8212,50.462],[2.8353,50.4698],[2.8432,50.4813],[2.8587,50.4848],[2.88,50.4963]]]}},{"type":"Feature","properties":{"code":"62905","nom":"Zudausques","app":10.48,"app_bas":8.47,"app_haut":12.98,"app_ech":"maille","app_obs":11,"mai":8.25,"mai_bas":6.85,"mai_haut":9.93,"mai_ech":"maille","mai_obs":70},"geometry":{"type":"Polygon","coordinates":[[[2.129,50.7495],[2.1401,50.753],[2.1634,50.7668],[2.171,50.7669],[2.1863,50.7562],[2.1889,50.7505],[2.1712,50.7447],[2.1528,50.7412],[2.133,50.7434],[2.129,50.7495]]]}},{"type":"Feature","properties":{"code":"62048","nom":"Auchel","app":10.29,"app_bas":8.48,"app_haut":12.48,"app_ech":"commune","app_obs":529,"mai":8.02,"mai_bas":6.43,"mai_haut":10.01,"mai_ech":"commune","mai_obs":522},"geometry":{"type":"Polygon","coordinates":[[[2.4901,50.5101],[2.486,50.4979],[2.4759,50.4944],[2.4675,50.4981],[2.4543,50.5111],[2.4444,50.5174],[2.4471,50.5256],[2.4556,50.5208],[2.4813,50.5187],[2.4901,50.5101]]]}},{"type":"Feature","properties":{"code":"62301","nom":"Équirre","app":10.62,"app_bas":8.75,"app_haut":12.89,"app_ech":"maille","app_obs":0,"mai":7.02,"mai_bas":5.61,"mai_haut":8.77,"mai_ech":"maille","mai_obs":1},"geometry":{"type":"Polygon","coordinates":[[[2.2283,50.4673],[2.2186,50.4771],[2.2214,50.4844],[2.2368,50.492],[2.2436,50.4933],[2.2462,50.4912],[2.2509,50.4773],[2.2422,50.4697],[2.2314,50.4657],[2.2283,50.4673]]]}},{"type":"Feature","properties":{"code":"62457","nom":"Houdain","app":9.94,"app_bas":8.15,"app_haut":12.13,"app_ech":"commune","app_obs":160,"mai":8.61,"mai_bas":7.18,"mai_haut":10.33,"mai_ech":"commune","mai_obs":158},"geometry":{"type":"Polygon","coordinates":[[[2.5089,50.4546],[2.529,50.4644],[2.542,50.4668],[2.5557,50.4671],[2.5618,50.461],[2.5557,50.4532],[2.5382,50.4417],[2.5282,50.4408],[2.5271,50.4458],[2.5089,50.4546]]]}},{"type":"Feature","properties":{"code":"62463","nom":"Hucqueliers","app":10.34,"app_bas":8.62,"app_haut":12.4,"app_ech":"maille","app_obs":28,"mai":7.77,"mai_bas":6.25,"mai_haut":9.66,"mai_ech":"maille","mai_obs":45},"geometry":{"type":"Polygon","coordinates":[[[1.9185,50.5909],[1.9306,50.5773],[1.9354,50.5597],[1.9227,50.5532],[1.8969,50.5524],[1.8995,50.5681],[1.9033,50.5749],[1.9185,50.5909]]]}},{"type":"Feature","properties":{"code":"62608","nom":"Neuville-Bourjonval","app":9.74,"app_bas":8.03,"app_haut":11.8,"app_ech":"maille","app_obs":0,"mai":7.92,"mai_bas":6.34,"mai_haut":9.88,"mai_ech":"maille","mai_obs":6},"geometry":{"type":"Polygon","coordinates":[[[3.0304,50.0575],[3.0249,50.0541],[3.012,50.058],[3.0135,50.0663],[3.0233,50.0786],[3.0332,50.0748],[3.0418,50.0801],[3.0382,50.0729],[3.0275,50.0643],[3.0304,50.0575]]]}},{"type":"Feature","properties":{"code":"62683","nom":"Quœux-Haut-Maînil","app":10.34,"app_bas":8.62,"app_haut":12.4,"app_ech":"maille","app_obs":0,"mai":7.49,"mai_bas":5.85,"mai_haut":9.6,"mai_ech":"maille","mai_obs":7},"geometry":{"type":"Polygon","coordinates":[[[2.0744,50.292],[2.0845,50.3062],[2.0821,50.309],[2.0883,50.3163],[2.1086,50.3204],[2.1108,50.3236],[2.1299,50.3075],[2.1368,50.3055],[2.1274,50.2949],[2.1153,50.2929],[2.1183,50.2881],[2.1129,50.2822],[2.097,50.279],[2.0882,50.289],[2.0744,50.292]]]}},{"type":"Feature","properties":{"code":"62701","nom":"Rely","app":10.62,"app_bas":8.75,"app_haut":12.89,"app_ech":"maille","app_obs":1,"mai":7.72,"mai_bas":6.27,"mai_haut":9.51,"mai_ech":"maille","mai_obs":7},"geometry":{"type":"Polygon","coordinates":[[[2.3441,50.5846],[2.3554,50.5908],[2.3627,50.582],[2.3793,50.5787],[2.382,50.5772],[2.3776,50.5654],[2.3663,50.5608],[2.3404,50.58],[2.3441,50.5846]]]}},{"type":"Feature","properties":{"code":"62834","nom":"Vacqueriette-Erquières","app":10.34,"app_bas":8.62,"app_haut":12.4,"app_ech":"maille","app_obs":0,"mai":7.95,"mai_bas":6.22,"mai_haut":10.15,"mai_ech":"maille","mai_obs":9},"geometry":{"type":"Polygon","coordinates":[[[2.0922,50.3348],[2.099,50.3304],[2.0842,50.322],[2.0883,50.3163],[2.0821,50.309],[2.0553,50.3142],[2.0505,50.3134],[2.0549,50.3223],[2.0661,50.3246],[2.0669,50.3299],[2.0609,50.3362],[2.0697,50.335],[2.0863,50.3371],[2.0922,50.3348]]]}},{"type":"Feature","properties":{"code":"62857","nom":"Villers-Châtel","app":10.38,"app_bas":8.51,"app_haut":12.66,"app_ech":"maille","app_obs":7,"mai":7.61,"mai_bas":6.28,"mai_haut":9.23,"mai_ech":"maille","mai_obs":0},"geometry":{"type":"Polygon","coordinates":[[[2.5779,50.3832],[2.595,50.3879],[2.5988,50.385],[2.5985,50.3741],[2.6061,50.3668],[2.6016,50.3644],[2.5847,50.3663],[2.577,50.3759],[2.5779,50.3832]]]}},{"type":"Feature","properties":{"code":"62121","nom":"Beugnâtre","app":10.5,"app_bas":8.4,"app_haut":13.13,"app_ech":"maille","app_obs":0,"mai":7.91,"mai_bas":6.3,"mai_haut":9.94,"mai_ech":"maille","mai_obs":5},"geometry":{"type":"Polygon","coordinates":[[[2.8609,50.1427],[2.873,50.1482],[2.8833,50.1404],[2.89,50.1243],[2.8802,50.116],[2.8773,50.1147],[2.8687,50.1235],[2.865,50.1398],[2.8609,50.1427]]]}},{"type":"Feature","properties":{"code":"62145","nom":"Boiry-Notre-Dame","app":10.95,"app_bas":9.06,"app_haut":13.24,"app_ech":"maille","app_obs":0,"mai":8.96,"mai_bas":7.24,"mai_haut":11.08,"mai_ech":"maille","mai_obs":16},"geometry":{"type":"Polygon","coordinates":[[[2.9645,50.278],[2.9628,50.2671],[2.9445,50.2612],[2.9317,50.2632],[2.9176,50.2743],[2.938,50.2879],[2.9531,50.2839],[2.9645,50.278]]]}},{"type":"Feature","properties":{"code":"62168","nom":"Bourthes","app":10.55,"app_bas":8.28,"app_haut":13.43,"app_ech":"maille","app_obs":0,"mai":7.77,"mai_bas":6.25,"mai_haut":9.66,"mai_ech":"maille","mai_obs":25},"geometry":{"type":"Polygon","coordinates":[[[1.902,50.5983],[1.9018,50.5997],[1.9062,50.6112],[1.9037,50.6246],[1.9136,50.63],[1.93,50.6452],[1.9397,50.6438],[1.9403,50.6382],[1.9479,50.6344],[1.9613,50.635],[1.9683,50.6307],[1.9647,50.6222],[1.9656,50.6079],[1.9555,50.6018],[1.9548,50.5901],[1.9306,50.5773],[1.9185,50.5909],[1.902,50.5983]]]}},{"type":"Feature","properties":{"code":"62186","nom":"Bully-les-Mines","app":10.72,"app_bas":9,"app_haut":12.77,"app_ech":"commune","app_obs":445,"mai":8.89,"mai_bas":7.08,"mai_haut":11.15,"mai_ech":"commune","mai_obs":166},"geometry":{"type":"Polygon","coordinates":[[[2.6993,50.4592],[2.7153,50.4616],[2.7274,50.4558],[2.7417,50.444],[2.7451,50.4382],[2.7367,50.4316],[2.7292,50.4298],[2.7044,50.4354],[2.6963,50.4435],[2.7019,50.4493],[2.6993,50.4592]]]}},{"type":"Feature","properties":{"code":"62233","nom":"Conchil-le-Temple","app":11.63,"app_bas":9.33,"app_haut":14.51,"app_ech":"maille","app_obs":0,"mai":8.82,"mai_bas":6.89,"mai_haut":11.29,"mai_ech":"maille","mai_obs":13},"geometry":{"type":"Polygon","coordinates":[[[1.6893,50.3952],[1.6944,50.398],[1.6959,50.3904],[1.7114,50.3861],[1.7153,50.3801],[1.7141,50.3718],[1.704,50.3649],[1.6891,50.3619],[1.6881,50.3541],[1.6696,50.353],[1.6733,50.3481],[1.656,50.3465],[1.6516,50.3398],[1.6452,50.3392],[1.6447,50.3504],[1.6314,50.3601],[1.6334,50.3642],[1.6456,50.3675],[1.6779,50.383],[1.6893,50.3952]]]}},{"type":"Feature","properties":{"code":"62599","nom":"Nabringhen","app":11.61,"app_bas":9.49,"app_haut":14.19,"app_ech":"maille","app_obs":0,"mai":8.99,"mai_bas":7.35,"mai_haut":10.99,"mai_ech":"maille","mai_obs":5},"geometry":{"type":"Polygon","coordinates":[[[1.8668,50.7511],[1.8782,50.7506],[1.8748,50.7447],[1.8787,50.7382],[1.8673,50.7313],[1.8601,50.7341],[1.8518,50.7325],[1.8439,50.7372],[1.8528,50.7485],[1.8611,50.7547],[1.8668,50.7511]]]}},{"type":"Feature","properties":{"code":"62069","nom":"Azincourt","app":10.34,"app_bas":8.62,"app_haut":12.4,"app_ech":"maille","app_obs":0,"mai":6.55,"mai_bas":5.3,"mai_haut":8.1,"mai_ech":"maille","mai_obs":9},"geometry":{"type":"Polygon","coordinates":[[[2.1138,50.476],[2.1209,50.4728],[2.1379,50.4778],[2.1458,50.4773],[2.1421,50.4663],[2.1462,50.4626],[2.1338,50.4572],[2.1314,50.4521],[2.1162,50.4501],[2.1065,50.4437],[2.0884,50.4365],[2.085,50.4387],[2.0883,50.4481],[2.1019,50.4542],[2.1069,50.4627],[2.1082,50.4727],[2.1138,50.476]]]}},{"type":"Feature","properties":{"code":"62081","nom":"Baralle","app":11.46,"app_bas":8.73,"app_haut":15.04,"app_ech":"maille","app_obs":1,"mai":8.32,"mai_bas":6.8,"mai_haut":10.17,"mai_ech":"maille","mai_obs":17},"geometry":{"type":"Polygon","coordinates":[[[3.0442,50.2318],[3.0467,50.2293],[3.0726,50.2263],[3.0847,50.2216],[3.0674,50.2115],[3.0699,50.2015],[3.061,50.191],[3.0515,50.1928],[3.0508,50.2045],[3.0308,50.221],[3.0442,50.2318]]]}},{"type":"Feature","properties":{"code":"62089","nom":"Bazinghen","app":12.1,"app_bas":9.69,"app_haut":15.11,"app_ech":"maille","app_obs":0,"mai":9.58,"mai_bas":7.94,"mai_haut":11.55,"mai_ech":"maille","mai_obs":9},"geometry":{"type":"Polygon","coordinates":[[[1.6446,50.8056],[1.6281,50.825],[1.6371,50.8354],[1.6495,50.8471],[1.6503,50.8507],[1.6699,50.8556],[1.6823,50.8403],[1.6858,50.8304],[1.6649,50.8137],[1.6446,50.8056]]]}},{"type":"Feature","properties":{"code":"62235","nom":"Condette","app":11.61,"app_bas":9.49,"app_haut":14.19,"app_ech":"maille","app_obs":37,"mai":9.4,"mai_bas":7.05,"mai_haut":12.54,"mai_ech":"maille","mai_obs":69},"geometry":{"type":"Polygon","coordinates":[[[1.6046,50.6431],[1.611,50.649],[1.6056,50.6626],[1.6114,50.6652],[1.6336,50.6673],[1.641,50.6726],[1.6389,50.6774],[1.6588,50.6668],[1.6557,50.6603],[1.6872,50.6394],[1.6746,50.6383],[1.6651,50.6345],[1.6564,50.6359],[1.6398,50.6321],[1.6239,50.6263],[1.6187,50.6337],[1.6093,50.6361],[1.6046,50.6431]]]}},{"type":"Feature","properties":{"code":"62539","nom":"Maisnil","app":12.28,"app_bas":9.94,"app_haut":15.19,"app_ech":"maille","app_obs":2,"mai":8.07,"mai_bas":6.73,"mai_haut":9.66,"mai_ech":"maille","mai_obs":10},"geometry":{"type":"Polygon","coordinates":[[[2.386,50.3389],[2.3852,50.3367],[2.3602,50.3414],[2.3503,50.3344],[2.3428,50.3341],[2.3376,50.3418],[2.3458,50.3463],[2.3445,50.3595],[2.3577,50.3632],[2.3705,50.3527],[2.3688,50.35],[2.3833,50.3428],[2.386,50.3389]]]}},{"type":"Feature","properties":{"code":"62732","nom":"Sachin","app":10.42,"app_bas":8.65,"app_haut":12.56,"app_ech":"maille","app_obs":0,"mai":7.89,"mai_bas":6.31,"mai_haut":9.86,"mai_ech":"maille","mai_obs":4},"geometry":{"type":"Polygon","coordinates":[[[2.3857,50.5006],[2.3905,50.4968],[2.3853,50.4892],[2.3841,50.48],[2.3669,50.4772],[2.3652,50.4859],[2.345,50.4883],[2.3433,50.5007],[2.3639,50.5089],[2.3647,50.5022],[2.3732,50.4987],[2.3857,50.5006]]]}},{"type":"Feature","properties":{"code":"62767","nom":"Saint-Pol-sur-Ternoise","app":10.19,"app_bas":8.24,"app_haut":12.59,"app_ech":"commune","app_obs":802,"mai":7.02,"mai_bas":5.62,"mai_haut":8.77,"mai_ech":"commune","mai_obs":505},"geometry":{"type":"Polygon","coordinates":[[[2.3796,50.3958],[2.3818,50.391],[2.3722,50.39],[2.3697,50.3845],[2.3563,50.3787],[2.3446,50.3806],[2.3339,50.3668],[2.3305,50.3652],[2.3214,50.3771],[2.3297,50.382],[2.3325,50.3968],[2.3365,50.3948],[2.3573,50.3968],[2.3612,50.4018],[2.3463,50.405],[2.3561,50.4097],[2.3696,50.4039],[2.3796,50.3958]]]}},{"type":"Feature","properties":{"code":"62436","nom":"Herlin-le-Sec","app":9.45,"app_bas":7.87,"app_haut":11.35,"app_ech":"maille","app_obs":2,"mai":7.61,"mai_bas":6.28,"mai_haut":9.23,"mai_ech":"maille","mai_obs":5},"geometry":{"type":"Polygon","coordinates":[[[2.3192,50.3459],[2.3196,50.3562],[2.3305,50.3652],[2.3339,50.3668],[2.3445,50.3595],[2.3458,50.3463],[2.3376,50.3418],[2.3192,50.3459]]]}},{"type":"Feature","properties":{"code":"62516","nom":"Lillers","app":10.21,"app_bas":8.49,"app_haut":12.27,"app_ech":"commune","app_obs":593,"mai":7.82,"mai_bas":6.35,"mai_haut":9.63,"mai_ech":"commune","mai_obs":1015},"geometry":{"type":"Polygon","coordinates":[[[2.4841,50.5366],[2.4627,50.5472],[2.4415,50.5339],[2.4357,50.5373],[2.4368,50.5496],[2.4391,50.5537],[2.4495,50.5568],[2.4562,50.5628],[2.451,50.5692],[2.4426,50.5824],[2.4456,50.5846],[2.4735,50.5871],[2.4813,50.5902],[2.5007,50.5852],[2.5052,50.5736],[2.5293,50.5704],[2.5307,50.5678],[2.5289,50.5524],[2.5218,50.5469],[2.5022,50.5394],[2.4841,50.5366]]]}},{"type":"Feature","properties":{"code":"62518","nom":"Linzeux","app":12.28,"app_bas":9.94,"app_haut":15.19,"app_ech":"maille","app_obs":0,"mai":7.49,"mai_bas":5.85,"mai_haut":9.6,"mai_ech":"maille","mai_obs":3},"geometry":{"type":"Polygon","coordinates":[[[2.1847,50.3434],[2.1884,50.3531],[2.1864,50.3567],[2.209,50.3504],[2.2249,50.3373],[2.206,50.3288],[2.1973,50.3327],[2.1847,50.3434]]]}},{"type":"Feature","properties":{"code":"62699","nom":"Recques-sur-Hem","app":10.91,"app_bas":8.39,"app_haut":14.21,"app_ech":"maille","app_obs":6,"mai":8.55,"mai_bas":7.19,"mai_haut":10.18,"mai_ech":"maille","mai_obs":14},"geometry":{"type":"Polygon","coordinates":[[[2.0555,50.8325],[2.0633,50.8396],[2.0773,50.8459],[2.0844,50.8436],[2.1092,50.8496],[2.0975,50.8402],[2.0916,50.8269],[2.0883,50.8283],[2.0742,50.8219],[2.0704,50.8215],[2.0555,50.8325]]]}},{"type":"Feature","properties":{"code":"62810","nom":"Thélus","app":11.99,"app_bas":10.17,"app_haut":14.13,"app_ech":"maille","app_obs":73,"mai":9.73,"mai_bas":7.52,"mai_haut":12.6,"mai_ech":"maille","mai_obs":51},"geometry":{"type":"Polygon","coordinates":[[[2.7873,50.3672],[2.8071,50.3626],[2.811,50.3574],[2.827,50.3491],[2.8209,50.3379],[2.8142,50.3308],[2.7976,50.3382],[2.7804,50.3498],[2.7747,50.3496],[2.774,50.3611],[2.7873,50.3672]]]}},{"type":"Feature","properties":{"code":"62907","nom":"Libercourt","app":11.29,"app_bas":9.56,"app_haut":13.32,"app_ech":"maille","app_obs":73,"mai":10.29,"mai_bas":8.08,"mai_haut":13.11,"mai_ech":"maille","mai_obs":92},"geometry":{"type":"Polygon","coordinates":[[[3.0083,50.4928],[3.0208,50.4818],[3.0174,50.4728],[3.0061,50.4703],[2.9787,50.4734],[2.9757,50.48],[2.9788,50.4844],[2.9942,50.4967],[3.0083,50.4928]]]}},{"type":"Feature","properties":{"code":"62041","nom":"Arras","app":12.66,"app_bas":10.13,"app_haut":15.83,"app_ech":"commune","app_obs":10171,"mai":10.29,"mai_bas":8.03,"mai_haut":13.18,"mai_ech":"commune","mai_obs":1287},"geometry":{"type":"Polygon","coordinates":[[[2.7709,50.3004],[2.7794,50.2984],[2.789,50.2916],[2.8076,50.2898],[2.8083,50.2816],[2.7896,50.2684],[2.7843,50.2716],[2.7821,50.2778],[2.769,50.2821],[2.7561,50.2789],[2.7547,50.2839],[2.7401,50.2814],[2.7441,50.2866],[2.7393,50.2922],[2.7264,50.2938],[2.7294,50.3105],[2.7426,50.309],[2.7518,50.3015],[2.7618,50.2975],[2.7709,50.3004]]]}},{"type":"Feature","properties":{"code":"62204","nom":"Campagne-lès-Hesdin","app":11.63,"app_bas":9.33,"app_haut":14.51,"app_ech":"maille","app_obs":10,"mai":8.82,"mai_bas":6.89,"mai_haut":11.29,"mai_ech":"maille","mai_obs":45},"geometry":{"type":"Polygon","coordinates":[[[1.816,50.4121],[1.8112,50.4162],[1.8218,50.4152],[1.8319,50.4236],[1.8421,50.4204],[1.8464,50.4128],[1.8531,50.4157],[1.8656,50.4105],[1.8775,50.4146],[1.8865,50.4147],[1.908,50.3969],[1.9061,50.3908],[1.8899,50.3858],[1.8798,50.3779],[1.8629,50.3795],[1.8617,50.382],[1.8544,50.3877],[1.8429,50.403],[1.8336,50.4091],[1.816,50.4121]]]}},{"type":"Feature","properties":{"code":"62369","nom":"Gavrelle","app":10.95,"app_bas":9.06,"app_haut":13.24,"app_ech":"maille","app_obs":27,"mai":10.32,"mai_bas":8.24,"mai_haut":12.92,"mai_ech":"maille","mai_obs":43},"geometry":{"type":"Polygon","coordinates":[[[2.8723,50.3384],[2.8801,50.34],[2.9079,50.3372],[2.9151,50.3248],[2.9129,50.3211],[2.8961,50.3163],[2.8908,50.3136],[2.8757,50.3142],[2.8681,50.318],[2.8499,50.3184],[2.8489,50.32],[2.8564,50.3228],[2.8723,50.3384]]]}},{"type":"Feature","properties":{"code":"62761","nom":"Saint-Martin-sur-Cojeul","app":11.99,"app_bas":10.17,"app_haut":14.13,"app_ech":"maille","app_obs":0,"mai":9.95,"mai_bas":7.76,"mai_haut":12.75,"mai_ech":"maille","mai_obs":5},"geometry":{"type":"Polygon","coordinates":[[[2.8623,50.2132],[2.8422,50.2285],[2.8338,50.2365],[2.8419,50.2446],[2.8475,50.2405],[2.86,50.2287],[2.8601,50.2237],[2.8731,50.2197],[2.8623,50.2132]]]}},{"type":"Feature","properties":{"code":"62843","nom":"Verchin","app":10.7,"app_bas":8.53,"app_haut":13.42,"app_ech":"maille","app_obs":1,"mai":7.86,"mai_bas":6.43,"mai_haut":9.62,"mai_ech":"maille","mai_obs":13},"geometry":{"type":"Polygon","coordinates":[[[2.1503,50.4947],[2.1531,50.4985],[2.1774,50.5082],[2.1791,50.511],[2.1942,50.5233],[2.1955,50.515],[2.1929,50.5065],[2.1949,50.4972],[2.2103,50.4891],[2.2008,50.4832],[2.187,50.4779],[2.182,50.4783],[2.1637,50.4747],[2.1559,50.4783],[2.1648,50.4876],[2.1503,50.4947]]]}},{"type":"Feature","properties":{"code":"62122","nom":"Beugny","app":10.5,"app_bas":8.4,"app_haut":13.13,"app_ech":"maille","app_obs":2,"mai":7.91,"mai_bas":6.3,"mai_haut":9.94,"mai_ech":"maille","mai_obs":19},"geometry":{"type":"Polygon","coordinates":[[[2.9293,50.1321],[2.9402,50.1301],[2.9544,50.1239],[2.9542,50.1211],[2.934,50.1033],[2.9294,50.103],[2.9193,50.1123],[2.9127,50.1225],[2.9293,50.1321]]]}},{"type":"Feature","properties":{"code":"62146","nom":"Boiry-Saint-Martin","app":10.46,"app_bas":8.58,"app_haut":12.75,"app_ech":"maille","app_obs":5,"mai":9.5,"mai_bas":7.68,"mai_haut":11.75,"mai_ech":"maille","mai_obs":7},"geometry":{"type":"Polygon","coordinates":[[[2.7392,50.1833],[2.7491,50.1915],[2.7459,50.1936],[2.7666,50.2043],[2.7772,50.1956],[2.7526,50.1814],[2.7392,50.1833]]]}},{"type":"Feature","properties":{"code":"62308","nom":"Escœuilles","app":10.55,"app_bas":8.28,"app_haut":13.43,"app_ech":"maille","app_obs":2,"mai":8.78,"mai_bas":7.29,"mai_haut":10.58,"mai_ech":"maille","mai_obs":14},"geometry":{"type":"Polygon","coordinates":[[[1.9332,50.7394],[1.9476,50.7335],[1.945,50.7251],[1.9665,50.7193],[1.9435,50.7128],[1.9342,50.7133],[1.9148,50.7191],[1.9101,50.7165],[1.9107,50.7236],[1.9332,50.7394]]]}},{"type":"Feature","properties":{"code":"62598","nom":"Muncq-Nieurlet","app":10.91,"app_bas":8.39,"app_haut":14.21,"app_ech":"maille","app_obs":11,"mai":8.55,"mai_bas":7.19,"mai_haut":10.18,"mai_ech":"maille","mai_obs":24},"geometry":{"type":"Polygon","coordinates":[[[2.1092,50.8496],[2.1133,50.8561],[2.1291,50.8704],[2.1412,50.8497],[2.1404,50.8437],[2.1371,50.8383],[2.1279,50.8387],[2.126,50.8312],[2.1307,50.8275],[2.129,50.8178],[2.1048,50.8162],[2.0916,50.8269],[2.0975,50.8402],[2.1092,50.8496]]]}},{"type":"Feature","properties":{"code":"62052","nom":"Audembert","app":12.1,"app_bas":9.69,"app_haut":15.11,"app_ech":"maille","app_obs":0,"mai":9.58,"mai_bas":7.94,"mai_haut":11.55,"mai_ech":"maille","mai_obs":14},"geometry":{"type":"Polygon","coordinates":[[[1.7065,50.8717],[1.7176,50.8659],[1.7074,50.8613],[1.7024,50.8507],[1.7052,50.8475],[1.6823,50.8403],[1.6668,50.8596],[1.6732,50.862],[1.6776,50.8699],[1.7011,50.8759],[1.7065,50.8717]]]}},{"type":"Feature","properties":{"code":"62105","nom":"Belle-et-Houllefort","app":10.84,"app_bas":8.68,"app_haut":13.52,"app_ech":"maille","app_obs":5,"mai":8.99,"mai_bas":7.35,"mai_haut":10.99,"mai_ech":"maille","mai_obs":10},"geometry":{"type":"Polygon","coordinates":[[[1.7352,50.7514],[1.7607,50.7551],[1.772,50.7608],[1.7775,50.7666],[1.7893,50.766],[1.7987,50.762],[1.7862,50.7511],[1.7718,50.728],[1.7644,50.7319],[1.7475,50.7283],[1.7506,50.7347],[1.7436,50.7385],[1.7352,50.7514]]]}},{"type":"Feature","properties":{"code":"62189","nom":"Bus","app":11.77,"app_bas":9.53,"app_haut":14.53,"app_ech":"maille","app_obs":0,"mai":7.92,"mai_bas":6.34,"mai_haut":9.88,"mai_ech":"maille","mai_obs":0},"geometry":{"type":"Polygon","coordinates":[[[2.978,50.0742],[2.9824,50.067],[2.9683,50.0648],[2.9618,50.0501],[2.9489,50.0533],[2.955,50.0683],[2.9645,50.0735],[2.978,50.0742]]]}},{"type":"Feature","properties":{"code":"62234","nom":"Conchy-sur-Canche","app":12.28,"app_bas":9.94,"app_haut":15.19,"app_ech":"maille","app_obs":0,"mai":7.49,"mai_bas":5.85,"mai_haut":9.6,"mai_ech":"maille","mai_obs":6},"geometry":{"type":"Polygon","coordinates":[[[2.1655,50.2905],[2.1687,50.2903],[2.1863,50.3007],[2.1861,50.312],[2.1905,50.3169],[2.2009,50.3199],[2.2073,50.3154],[2.2084,50.3069],[2.2029,50.2989],[2.214,50.2844],[2.1999,50.2784],[2.1866,50.2699],[2.1838,50.2701],[2.1653,50.2889],[2.1655,50.2905]]]}},{"type":"Feature","properties":{"code":"62617","nom":"Nœux-les-Mines","app":11.1,"app_bas":9.07,"app_haut":13.58,"app_ech":"commune","app_obs":717,"mai":8.53,"mai_bas":6.8,"mai_haut":10.7,"mai_ech":"commune","mai_obs":339},"geometry":{"type":"Polygon","coordinates":[[[2.686,50.4673],[2.6745,50.4611],[2.666,50.4634],[2.653,50.4634],[2.6389,50.4663],[2.6339,50.4702],[2.6376,50.4822],[2.6564,50.4887],[2.667,50.49],[2.6808,50.481],[2.6949,50.4761],[2.686,50.4673]]]}},{"type":"Feature","properties":{"code":"62663","nom":"Pommera","app":9.5,"app_bas":7.94,"app_haut":11.37,"app_ech":"maille","app_obs":0,"mai":7.61,"mai_bas":6.14,"mai_haut":9.44,"mai_ech":"maille","mai_obs":11},"geometry":{"type":"Polygon","coordinates":[[[2.4377,50.155],[2.4301,50.1708],[2.4209,50.1746],[2.4389,50.1811],[2.4508,50.1785],[2.4487,50.1748],[2.4588,50.1596],[2.4389,50.1529],[2.4377,50.155]]]}},{"type":"Feature","properties":{"code":"62745","nom":"Saint-Denœux","app":10.55,"app_bas":8.28,"app_haut":13.43,"app_ech":"maille","app_obs":0,"mai":7.77,"mai_bas":6.25,"mai_haut":9.66,"mai_ech":"maille","mai_obs":2},"geometry":{"type":"Polygon","coordinates":[[[1.8919,50.4803],[1.9005,50.4848],[1.9178,50.4875],[1.9282,50.4863],[1.9288,50.4841],[1.9192,50.4765],[1.9167,50.4686],[1.9027,50.4644],[1.898,50.467],[1.8919,50.4803]]]}},{"type":"Feature","properties":{"code":"62778","nom":"Sars-le-Bois","app":9.67,"app_bas":7.93,"app_haut":11.79,"app_ech":"maille","app_obs":0,"mai":7.61,"mai_bas":6.28,"mai_haut":9.23,"mai_ech":"maille","mai_obs":6},"geometry":{"type":"Polygon","coordinates":[[[2.4343,50.289],[2.4236,50.2889],[2.4141,50.2938],[2.4252,50.2992],[2.4346,50.3067],[2.4445,50.307],[2.4463,50.3019],[2.4343,50.289]]]}},{"type":"Feature","properties":{"code":"62782","nom":"Saudemont","app":11.46,"app_bas":8.73,"app_haut":15.04,"app_ech":"maille","app_obs":0,"mai":8.32,"mai_bas":6.8,"mai_haut":10.17,"mai_ech":"maille","mai_obs":6},"geometry":{"type":"Polygon","coordinates":[[[3.0185,50.2481],[3.0423,50.2509],[3.046,50.2436],[3.0442,50.2318],[3.0344,50.2242],[3.0259,50.2264],[3.0153,50.2334],[3.0127,50.2425],[3.0185,50.2481]]]}},{"type":"Feature","properties":{"code":"62790","nom":"Senlis","app":10.7,"app_bas":8.53,"app_haut":13.42,"app_ech":"maille","app_obs":2,"mai":7.86,"mai_bas":6.43,"mai_haut":9.62,"mai_ech":"maille","mai_obs":9},"geometry":{"type":"Polygon","coordinates":[[[2.127,50.5376],[2.1367,50.5448],[2.1407,50.5421],[2.1589,50.5438],[2.1675,50.5367],[2.1643,50.531],[2.1545,50.5249],[2.1444,50.5227],[2.1335,50.5281],[2.127,50.5376]]]}},{"type":"Feature","properties":{"code":"62805","nom":"Tangry","app":10.42,"app_bas":8.65,"app_haut":12.56,"app_ech":"maille","app_obs":0,"mai":8.64,"mai_bas":6.92,"mai_haut":10.79,"mai_ech":"maille","mai_obs":18},"geometry":{"type":"Polygon","coordinates":[[[2.3756,50.4522],[2.3613,50.4484],[2.3572,50.4499],[2.3443,50.4599],[2.3376,50.4679],[2.3559,50.4718],[2.3613,50.4751],[2.3678,50.4686],[2.3776,50.4658],[2.3728,50.4616],[2.3756,50.4522]]]}},{"type":"Feature","properties":{"code":"62140","nom":"Bléquin","app":10.55,"app_bas":8.28,"app_haut":13.43,"app_ech":"maille","app_obs":1,"mai":8.78,"mai_bas":7.29,"mai_haut":10.58,"mai_ech":"maille","mai_obs":7},"geometry":{"type":"Polygon","coordinates":[[[1.9421,50.6558],[1.945,50.6659],[1.9642,50.6786],[1.974,50.6784],[1.9873,50.6739],[1.9892,50.6708],[2.0036,50.6684],[2.0071,50.6609],[1.9896,50.6569],[1.9735,50.6554],[1.9506,50.6511],[1.9421,50.6558]]]}},{"type":"Feature","properties":{"code":"62157","nom":"Boubers-lès-Hesmond","app":10.34,"app_bas":8.62,"app_haut":12.4,"app_ech":"maille","app_obs":0,"mai":7.77,"mai_bas":6.25,"mai_haut":9.66,"mai_ech":"maille","mai_obs":4},"geometry":{"type":"Polygon","coordinates":[[[1.939,50.4857],[1.9417,50.4865],[1.9619,50.4792],[1.9512,50.473],[1.934,50.4768],[1.939,50.4857]]]}},{"type":"Feature","properties":{"code":"62240","nom":"Corbehem","app":11.26,"app_bas":8.95,"app_haut":14.18,"app_ech":"maille","app_obs":49,"mai":8.72,"mai_bas":7.21,"mai_haut":10.56,"mai_ech":"maille","mai_obs":83},"geometry":{"type":"Polygon","coordinates":[[[3.0467,50.3458],[3.0611,50.3328],[3.0604,50.3289],[3.0522,50.3256],[3.0386,50.328],[3.0351,50.3311],[3.0388,50.344],[3.0467,50.3458]]]}},{"type":"Feature","properties":{"code":"62292","nom":"Elnes","app":11.09,"app_bas":9.14,"app_haut":13.46,"app_ech":"maille","app_obs":1,"mai":8.25,"mai_bas":6.85,"mai_haut":9.93,"mai_ech":"maille","mai_obs":25},"geometry":{"type":"Polygon","coordinates":[[[2.0884,50.6869],[2.0935,50.6898],[2.1153,50.6906],[2.1354,50.6961],[2.1458,50.7041],[2.1484,50.6988],[2.1524,50.6945],[2.1447,50.6937],[2.1241,50.6811],[2.1013,50.67],[2.0881,50.6782],[2.0884,50.6869]]]}},{"type":"Feature","properties":{"code":"62348","nom":"Foufflin-Ricametz","app":9.45,"app_bas":7.87,"app_haut":11.35,"app_ech":"maille","app_obs":1,"mai":8.07,"mai_bas":6.73,"mai_haut":9.66,"mai_ech":"maille","mai_obs":6},"geometry":{"type":"Polygon","coordinates":[[[2.386,50.3389],[2.3833,50.3428],[2.3688,50.35],[2.3705,50.3527],[2.3811,50.3587],[2.4065,50.3535],[2.4052,50.3484],[2.3994,50.3488],[2.386,50.3389]]]}},{"type":"Feature","properties":{"code":"62351","nom":"Fouquières-lès-Lens","app":11.04,"app_bas":9.21,"app_haut":13.23,"app_ech":"maille","app_obs":31,"mai":8.77,"mai_bas":6.99,"mai_haut":11.01,"mai_ech":"commune","mai_obs":127},"geometry":{"type":"Polygon","coordinates":[[[2.8873,50.4187],[2.8874,50.4197],[2.8913,50.4211],[2.8873,50.4313],[2.9003,50.4371],[2.9216,50.4391],[2.926,50.4381],[2.9187,50.4229],[2.8905,50.4179],[2.8873,50.4187]]]}},{"type":"Feature","properties":{"code":"62398","nom":"Guisy","app":11.63,"app_bas":9.33,"app_haut":14.51,"app_ech":"maille","app_obs":3,"mai":7.95,"mai_bas":6.22,"mai_haut":10.15,"mai_ech":"maille","mai_obs":9},"geometry":{"type":"Polygon","coordinates":[[[1.9937,50.3925],[1.9981,50.3951],[2.0123,50.3849],[2.0107,50.3816],[2.0042,50.3808],[1.9944,50.3888],[1.9937,50.3925]]]}},{"type":"Feature","properties":{"code":"62403","nom":"Hallines","app":11.09,"app_bas":9.14,"app_haut":13.46,"app_ech":"maille","app_obs":1,"mai":7.86,"mai_bas":6.43,"mai_haut":9.62,"mai_ech":"maille","mai_obs":49},"geometry":{"type":"Polygon","coordinates":[[[2.1894,50.686],[2.1971,50.6912],[2.2012,50.7047],[2.1932,50.7193],[2.199,50.721],[2.2147,50.7118],[2.2303,50.7007],[2.2224,50.6937],[2.2046,50.6881],[2.1901,50.6813],[2.1894,50.686]]]}},{"type":"Feature","properties":{"code":"62474","nom":"Isques","app":11.54,"app_bas":9.28,"app_haut":14.34,"app_ech":"maille","app_obs":11,"mai":9.06,"mai_bas":7.45,"mai_haut":11.02,"mai_ech":"maille","mai_obs":27},"geometry":{"type":"Polygon","coordinates":[[[1.628,50.6848],[1.6384,50.6924],[1.6496,50.6935],[1.6689,50.6896],[1.6799,50.6899],[1.6822,50.6804],[1.6588,50.6668],[1.6389,50.6774],[1.628,50.6848]]]}},{"type":"Feature","properties":{"code":"62488","nom":"Landrethun-lès-Ardres","app":10.11,"app_bas":8.34,"app_haut":12.27,"app_ech":"maille","app_obs":0,"mai":8.69,"mai_bas":7.13,"mai_haut":10.58,"mai_ech":"maille","mai_obs":17},"geometry":{"type":"Polygon","coordinates":[[[1.9405,50.821],[1.9505,50.8211],[1.9622,50.8292],[1.9717,50.8296],[1.9767,50.8217],[1.9855,50.815],[1.9832,50.8066],[1.9758,50.8061],[1.9745,50.797],[1.9661,50.7984],[1.9689,50.807],[1.9514,50.8113],[1.9416,50.8191],[1.9405,50.821]]]}},{"type":"Feature","properties":{"code":"62530","nom":"Lottinghen","app":10.55,"app_bas":8.28,"app_haut":13.43,"app_ech":"maille","app_obs":0,"mai":8.78,"mai_bas":7.29,"mai_haut":10.58,"mai_ech":"maille","mai_obs":18},"geometry":{"type":"Polygon","coordinates":[[[1.9743,50.686],[1.945,50.6659],[1.9421,50.6558],[1.9282,50.6556],[1.9216,50.6711],[1.9124,50.6809],[1.8995,50.6799],[1.8957,50.6841],[1.91,50.6911],[1.9235,50.6851],[1.9339,50.6903],[1.9518,50.6872],[1.9631,50.6917],[1.9743,50.686]]]}},{"type":"Feature","properties":{"code":"62730","nom":"Ruminghem","app":10.43,"app_bas":8.51,"app_haut":12.79,"app_ech":"maille","app_obs":1,"mai":9.06,"mai_bas":7.36,"mai_haut":11.15,"mai_ech":"maille","mai_obs":41},"geometry":{"type":"Polygon","coordinates":[[[2.1888,50.8746],[2.1968,50.8572],[2.2019,50.8508],[2.2026,50.8429],[2.1889,50.8439],[2.1737,50.8376],[2.1404,50.8437],[2.1412,50.8497],[2.1291,50.8704],[2.1632,50.8699],[2.1888,50.8746]]]}},{"type":"Feature","properties":{"code":"62865","nom":"Vitry-en-Artois","app":11.41,"app_bas":9.44,"app_haut":13.79,"app_ech":"commune","app_obs":205,"mai":9.28,"mai_bas":7.51,"mai_haut":11.47,"mai_ech":"commune","mai_obs":234},"geometry":{"type":"Polygon","coordinates":[[[2.9797,50.2991],[2.9688,50.3009],[2.9591,50.3114],[2.9675,50.3172],[2.9626,50.3247],[2.9448,50.3292],[2.9471,50.3437],[2.9685,50.3485],[2.9945,50.352],[3.0094,50.3237],[3.0147,50.3189],[3.0015,50.3038],[2.9961,50.3041],[2.9797,50.2991]]]}},{"type":"Feature","properties":{"code":"62880","nom":"Wast","app":10.84,"app_bas":8.68,"app_haut":13.52,"app_ech":"maille","app_obs":0,"mai":8.99,"mai_bas":7.35,"mai_haut":10.99,"mai_ech":"maille","mai_obs":9},"geometry":{"type":"Polygon","coordinates":[[[1.8015,50.7452],[1.7884,50.7493],[1.7919,50.7529],[1.8043,50.7559],[1.8068,50.7488],[1.8031,50.7448],[1.8015,50.7452]]]}},{"type":"Feature","properties":{"code":"62126","nom":"Beuvry","app":10.91,"app_bas":9.06,"app_haut":13.13,"app_ech":"commune","app_obs":564,"mai":8.64,"mai_bas":6.95,"mai_haut":10.73,"mai_ech":"commune","mai_obs":362},"geometry":{"type":"Polygon","coordinates":[[[2.6971,50.5634],[2.7105,50.5522],[2.7064,50.5486],[2.7092,50.5408],[2.7218,50.542],[2.7217,50.5312],[2.7254,50.5227],[2.7134,50.5187],[2.6947,50.5143],[2.6878,50.5059],[2.681,50.5108],[2.6739,50.5104],[2.6589,50.5174],[2.6598,50.5286],[2.6785,50.5437],[2.6763,50.5524],[2.6858,50.559],[2.6971,50.5634]]]}},{"type":"Feature","properties":{"code":"62163","nom":"Bouret-sur-Canche","app":9.5,"app_bas":7.94,"app_haut":11.37,"app_ech":"maille","app_obs":0,"mai":6.94,"mai_bas":5.65,"mai_haut":8.51,"mai_ech":"maille","mai_obs":1},"geometry":{"type":"Polygon","coordinates":[[[2.3215,50.2849],[2.3301,50.287],[2.3365,50.2831],[2.3302,50.2647],[2.3296,50.2556],[2.3217,50.2452],[2.3152,50.2467],[2.3175,50.253],[2.3161,50.2636],[2.3113,50.2759],[2.3215,50.2849]]]}},{"type":"Feature","properties":{"code":"62259","nom":"Croisilles","app":11.47,"app_bas":9.59,"app_haut":13.71,"app_ech":"maille","app_obs":60,"mai":8.61,"mai_bas":7,"mai_haut":10.59,"mai_ech":"maille","mai_obs":50},"geometry":{"type":"Polygon","coordinates":[[[2.8623,50.2132],[2.8731,50.2197],[2.9058,50.2051],[2.9089,50.202],[2.9057,50.1921],[2.8987,50.1837],[2.8748,50.1726],[2.8725,50.1834],[2.8537,50.2005],[2.8623,50.2132]]]}},{"type":"Feature","properties":{"code":"62456","nom":"Houchin","app":10.8,"app_bas":8.83,"app_haut":13.21,"app_ech":"maille","app_obs":1,"mai":9.07,"mai_bas":7.43,"mai_haut":11.07,"mai_ech":"maille","mai_obs":28},"geometry":{"type":"Polygon","coordinates":[[[2.6052,50.4808],[2.6,50.4857],[2.6057,50.4909],[2.6376,50.4822],[2.6339,50.4702],[2.6107,50.4687],[2.6052,50.4808]]]}},{"type":"Feature","properties":{"code":"62525","nom":"Longuenesse","app":12.53,"app_bas":10.29,"app_haut":15.25,"app_ech":"commune","app_obs":220,"mai":8.89,"mai_bas":7.38,"mai_haut":10.72,"mai_ech":"commune","mai_obs":298},"geometry":{"type":"Polygon","coordinates":[[[2.21,50.7313],[2.2191,50.7358],[2.2257,50.7442],[2.2445,50.747],[2.2577,50.7397],[2.2658,50.7475],[2.2786,50.7464],[2.2856,50.7434],[2.2712,50.7331],[2.2663,50.7359],[2.2498,50.7244],[2.2343,50.7245],[2.214,50.7267],[2.21,50.7313]]]}},{"type":"Feature","properties":{"code":"62636","nom":"Offrethun","app":10.84,"app_bas":8.68,"app_haut":13.52,"app_ech":"maille","app_obs":0,"mai":9.9,"mai_bas":8.22,"mai_haut":11.92,"mai_ech":"maille","mai_obs":11},"geometry":{"type":"Polygon","coordinates":[[[1.7188,50.7901],[1.714,50.7834],[1.7056,50.7806],[1.6944,50.781],[1.6829,50.7788],[1.6802,50.7854],[1.6837,50.7894],[1.6971,50.7924],[1.7188,50.7901]]]}},{"type":"Feature","properties":{"code":"62694","nom":"Rebreuve-sur-Canche","app":9.5,"app_bas":7.94,"app_haut":11.37,"app_ech":"maille","app_obs":0,"mai":6.94,"mai_bas":5.65,"mai_haut":8.51,"mai_ech":"maille","mai_obs":5},"geometry":{"type":"Polygon","coordinates":[[[2.3423,50.2395],[2.3433,50.2354],[2.3366,50.235],[2.3329,50.2391],[2.3217,50.2452],[2.3296,50.2556],[2.3302,50.2647],[2.3365,50.2831],[2.3301,50.287],[2.3478,50.2952],[2.3484,50.2913],[2.3603,50.2869],[2.3565,50.2811],[2.3593,50.2728],[2.3492,50.2616],[2.3394,50.2478],[2.3423,50.2395]]]}},{"type":"Feature","properties":{"code":"62715","nom":"Rocquigny","app":11.77,"app_bas":9.53,"app_haut":14.53,"app_ech":"maille","app_obs":0,"mai":7.92,"mai_bas":6.34,"mai_haut":9.88,"mai_ech":"maille","mai_obs":5},"geometry":{"type":"Polygon","coordinates":[[[2.9082,50.0628],[2.9187,50.0681],[2.9369,50.0607],[2.94,50.0505],[2.9349,50.0452],[2.9272,50.0444],[2.9087,50.0562],[2.9082,50.0628]]]}},{"type":"Feature","properties":{"code":"62729","nom":"Rumilly","app":10.7,"app_bas":8.53,"app_haut":13.42,"app_ech":"maille","app_obs":0,"mai":7.77,"mai_bas":6.25,"mai_haut":9.66,"mai_ech":"maille","mai_obs":15},"geometry":{"type":"Polygon","coordinates":[[[1.9905,50.5646],[1.9975,50.57],[2.0044,50.5821],[2.0141,50.5922],[2.0348,50.5994],[2.0308,50.5933],[2.0389,50.5879],[2.0422,50.577],[2.0279,50.5737],[2.0046,50.5624],[1.9905,50.5646]]]}},{"type":"Feature","properties":{"code":"62764","nom":"Saint-Nicolas","app":12.42,"app_bas":10.38,"app_haut":14.85,"app_ech":"commune","app_obs":209,"mai":9.94,"mai_bas":8.06,"mai_haut":12.25,"mai_ech":"maille","mai_obs":98},"geometry":{"type":"Polygon","coordinates":[[[2.7709,50.3004],[2.7685,50.3018],[2.7763,50.316],[2.7845,50.3138],[2.7982,50.3199],[2.7989,50.3146],[2.7889,50.2986],[2.7794,50.2984],[2.7709,50.3004]]]}},{"type":"Feature","properties":{"code":"62029","nom":"Amettes","app":9.54,"app_bas":7.94,"app_haut":11.47,"app_ech":"maille","app_obs":0,"mai":7.89,"mai_bas":6.31,"mai_haut":9.86,"mai_ech":"maille","mai_obs":12},"geometry":{"type":"Polygon","coordinates":[[[2.373,50.539],[2.3865,50.5454],[2.4189,50.5228],[2.3994,50.5104],[2.3889,50.5137],[2.3819,50.5193],[2.3777,50.5321],[2.373,50.539]]]}},{"type":"Feature","properties":{"code":"62074","nom":"Bailleulval","app":11.7,"app_bas":9.51,"app_haut":14.4,"app_ech":"maille","app_obs":0,"mai":9.5,"mai_bas":7.68,"mai_haut":11.75,"mai_ech":"maille","mai_obs":1},"geometry":{"type":"Polygon","coordinates":[[[2.6109,50.2299],[2.6264,50.2321],[2.6322,50.2272],[2.6491,50.2212],[2.651,50.2161],[2.6493,50.2137],[2.6288,50.2134],[2.6213,50.2212],[2.5961,50.2215],[2.6109,50.2299]]]}},{"type":"Feature","properties":{"code":"62109","nom":"Bergueneuse","app":9.54,"app_bas":7.94,"app_haut":11.47,"app_ech":"maille","app_obs":0,"mai":7.12,"mai_bas":5.9,"mai_haut":8.6,"mai_ech":"maille","mai_obs":11},"geometry":{"type":"Polygon","coordinates":[[[2.2314,50.4657],[2.2422,50.4697],[2.2509,50.4773],[2.2681,50.4662],[2.258,50.4601],[2.2474,50.4589],[2.2365,50.461],[2.2314,50.4657]]]}},{"type":"Feature","properties":{"code":"62156","nom":"Bonningues-lès-Calais","app":11.4,"app_bas":9.12,"app_haut":14.26,"app_ech":"maille","app_obs":1,"mai":9.58,"mai_bas":7.94,"mai_haut":11.55,"mai_ech":"maille","mai_obs":10},"geometry":{"type":"Polygon","coordinates":[[[1.7841,50.9105],[1.8002,50.8909],[1.7867,50.8843],[1.7634,50.8787],[1.7391,50.8874],[1.7357,50.891],[1.7394,50.8942],[1.743,50.8943],[1.7809,50.908],[1.7841,50.9105]]]}},{"type":"Feature","properties":{"code":"62177","nom":"Brimeux","app":11.63,"app_bas":9.33,"app_haut":14.51,"app_ech":"maille","app_obs":3,"mai":8.82,"mai_bas":6.89,"mai_haut":11.29,"mai_ech":"maille","mai_obs":49},"geometry":{"type":"Polygon","coordinates":[[[1.8421,50.4204],[1.8319,50.4236],[1.8218,50.4152],[1.8112,50.4162],[1.8179,50.4217],[1.812,50.4267],[1.8135,50.4388],[1.8207,50.4531],[1.8322,50.4542],[1.8594,50.4454],[1.8639,50.4415],[1.8619,50.4287],[1.8421,50.4204]]]}},{"type":"Feature","properties":{"code":"62296","nom":"Enquin-sur-Baillons","app":12.71,"app_bas":10.32,"app_haut":15.65,"app_ech":"maille","app_obs":1,"mai":9.14,"mai_bas":7.53,"mai_haut":11.09,"mai_ech":"maille","mai_obs":10},"geometry":{"type":"Polygon","coordinates":[[[1.8292,50.5751],[1.8444,50.5832],[1.8601,50.586],[1.8568,50.5816],[1.8602,50.5744],[1.8598,50.5651],[1.8532,50.5548],[1.8427,50.5571],[1.8292,50.5751]]]}},{"type":"Feature","properties":{"code":"62338","nom":"Fleurbaix","app":13.32,"app_bas":11,"app_haut":16.13,"app_ech":"commune","app_obs":146,"mai":12.37,"mai_bas":9.28,"mai_haut":16.49,"mai_ech":"commune","mai_obs":123},"geometry":{"type":"Polygon","coordinates":[[[2.7946,50.635],[2.7914,50.6428],[2.7967,50.6458],[2.8066,50.6446],[2.8257,50.6545],[2.8213,50.6613],[2.831,50.6607],[2.8455,50.6523],[2.8697,50.6311],[2.862,50.6275],[2.8554,50.6263],[2.8424,50.6291],[2.8314,50.62],[2.8286,50.6188],[2.7946,50.635]]]}},{"type":"Feature","properties":{"code":"62476","nom":"Izel-lès-Équerchin","app":10.95,"app_bas":9.06,"app_haut":13.24,"app_ech":"maille","app_obs":14,"mai":10.32,"mai_bas":8.24,"mai_haut":12.92,"mai_ech":"maille","mai_obs":36},"geometry":{"type":"Polygon","coordinates":[[[2.9327,50.3495],[2.92,50.3648],[2.9205,50.3683],[2.9338,50.3757],[2.9298,50.379],[2.9537,50.3818],[2.9689,50.3623],[2.9655,50.3544],[2.9685,50.3485],[2.9471,50.3437],[2.9371,50.3452],[2.9327,50.3495]]]}},{"type":"Feature","properties":{"code":"62512","nom":"Ligny-lès-Aire","app":10.62,"app_bas":8.75,"app_haut":12.89,"app_ech":"maille","app_obs":0,"mai":7.72,"mai_bas":6.27,"mai_haut":9.51,"mai_ech":"maille","mai_obs":9},"geometry":{"type":"Polygon","coordinates":[[[2.3244,50.5799],[2.3404,50.58],[2.3663,50.5608],[2.3504,50.5546],[2.3338,50.5503],[2.3264,50.5459],[2.3163,50.5503],[2.3191,50.5645],[2.3244,50.5799]]]}},{"type":"Feature","properties":{"code":"62574","nom":"Mingoval","app":11.6,"app_bas":9.64,"app_haut":13.95,"app_ech":"maille","app_obs":1,"mai":8.46,"mai_bas":6.88,"mai_haut":10.41,"mai_ech":"maille","mai_obs":10},"geometry":{"type":"Polygon","coordinates":[[[2.5611,50.3707],[2.5516,50.381],[2.5552,50.3869],[2.5696,50.3894],[2.5779,50.3832],[2.577,50.3759],[2.5847,50.3663],[2.5815,50.3604],[2.5611,50.3707]]]}},{"type":"Feature","properties":{"code":"62733","nom":"Sailly-au-Bois","app":11.7,"app_bas":9.51,"app_haut":14.4,"app_ech":"maille","app_obs":0,"mai":7.89,"mai_bas":6.63,"mai_haut":9.39,"mai_ech":"maille","mai_obs":2},"geometry":{"type":"Polygon","coordinates":[[[2.6307,50.1073],[2.6201,50.1111],[2.5981,50.1086],[2.5929,50.1066],[2.5897,50.1106],[2.5757,50.1133],[2.5693,50.1204],[2.5696,50.1226],[2.5792,50.1286],[2.5866,50.1374],[2.6092,50.1352],[2.6181,50.1296],[2.6193,50.1203],[2.63,50.1132],[2.6307,50.1073]]]}},{"type":"Feature","properties":{"code":"62832","nom":"Tubersent","app":12.71,"app_bas":10.32,"app_haut":15.65,"app_ech":"maille","app_obs":4,"mai":10.37,"mai_bas":8.54,"mai_haut":12.59,"mai_ech":"maille","mai_obs":4},"geometry":{"type":"Polygon","coordinates":[[[1.711,50.5417],[1.7144,50.5339],[1.7199,50.5258],[1.7179,50.5215],[1.7113,50.5127],[1.6961,50.5092],[1.6895,50.5009],[1.6873,50.5017],[1.6794,50.5128],[1.6872,50.5236],[1.6835,50.5288],[1.6982,50.5341],[1.711,50.5417]]]}},{"type":"Feature","properties":{"code":"62856","nom":"Villers-Brûlin","app":9.67,"app_bas":7.93,"app_haut":11.79,"app_ech":"maille","app_obs":0,"mai":8.46,"mai_bas":6.88,"mai_haut":10.41,"mai_ech":"maille","mai_obs":7},"geometry":{"type":"Polygon","coordinates":[[[2.5196,50.3663],[2.5124,50.3797],[2.5244,50.3862],[2.541,50.3729],[2.5494,50.368],[2.534,50.3619],[2.5196,50.3663]]]}},{"type":"Feature","properties":{"code":"62060","nom":"Auxi-le-Château","app":9.45,"app_bas":7.87,"app_haut":11.35,"app_ech":"maille","app_obs":42,"mai":7.22,"mai_bas":5.62,"mai_haut":9.26,"mai_ech":"commune","mai_obs":280},"geometry":{"type":"Polygon","coordinates":[[[2.0836,50.217],[2.0685,50.2271],[2.068,50.233],[2.1003,50.2372],[2.0952,50.2416],[2.0848,50.2447],[2.11,50.2569],[2.1112,50.2611],[2.1236,50.2727],[2.1311,50.2616],[2.1271,50.2543],[2.1595,50.2447],[2.1674,50.2449],[2.1482,50.2347],[2.1447,50.2209],[2.1542,50.2145],[2.1579,50.2086],[2.1417,50.2025],[2.1348,50.2077],[2.1226,50.2107],[2.1146,50.2029],[2.0957,50.2055],[2.0857,50.201],[2.0836,50.217]]]}},{"type":"Feature","properties":{"code":"62203","nom":"Campagne-lès-Guines","app":11.87,"app_bas":9.33,"app_haut":15.11,"app_ech":"maille","app_obs":1,"mai":8.69,"mai_bas":7.13,"mai_haut":10.58,"mai_ech":"maille","mai_obs":2},"geometry":{"type":"Polygon","coordinates":[[[1.9145,50.8337],[1.8911,50.8287],[1.8809,50.818],[1.889,50.8306],[1.8815,50.8397],[1.8863,50.8507],[1.8928,50.8564],[1.9152,50.848],[1.9221,50.8445],[1.9145,50.8337]]]}},{"type":"Feature","properties":{"code":"62246","nom":"Coupelle-Neuve","app":9.54,"app_bas":7.94,"app_haut":11.47,"app_ech":"maille","app_obs":0,"mai":7.77,"mai_bas":6.25,"mai_haut":9.66,"mai_ech":"maille","mai_obs":5},"geometry":{"type":"Polygon","coordinates":[[[2.0898,50.4923],[2.083,50.4991],[2.1045,50.5042],[2.1274,50.512],[2.1227,50.4909],[2.1092,50.4885],[2.0898,50.4923]]]}},{"type":"Feature","properties":{"code":"62278","nom":"Drouvin-le-Marais","app":10.8,"app_bas":8.83,"app_haut":13.21,"app_ech":"maille","app_obs":0,"mai":9.07,"mai_bas":7.43,"mai_haut":11.07,"mai_ech":"maille","mai_obs":39},"geometry":{"type":"Polygon","coordinates":[[[2.631,50.4969],[2.6508,50.4868],[2.6376,50.4822],[2.6163,50.4884],[2.631,50.4969]]]}},{"type":"Feature","properties":{"code":"62307","nom":"Escalles","app":11.87,"app_bas":9.33,"app_haut":15.11,"app_ech":"maille","app_obs":5,"mai":9.58,"mai_bas":7.94,"mai_haut":11.55,"mai_ech":"maille","mai_obs":20},"geometry":{"type":"Polygon","coordinates":[[[1.7059,50.9238],[1.7172,50.9237],[1.7358,50.9265],[1.7372,50.904],[1.7394,50.8942],[1.7357,50.891],[1.7236,50.8981],[1.715,50.8986],[1.7123,50.9031],[1.6927,50.9154],[1.7059,50.9238]]]}},{"type":"Feature","properties":{"code":"62551","nom":"Marenla","app":12.48,"app_bas":9.26,"app_haut":16.82,"app_ech":"maille","app_obs":0,"mai":8.82,"mai_bas":6.89,"mai_haut":11.29,"mai_ech":"maille","mai_obs":2},"geometry":{"type":"Polygon","coordinates":[[[1.8639,50.4415],[1.8594,50.4454],[1.8322,50.4542],[1.8453,50.4576],[1.861,50.4641],[1.8696,50.462],[1.898,50.467],[1.9027,50.4644],[1.9005,50.4536],[1.9019,50.4392],[1.8916,50.4363],[1.8639,50.4415]]]}},{"type":"Feature","properties":{"code":"62628","nom":"Noyelles-sous-Lens","app":10.79,"app_bas":9.07,"app_haut":12.83,"app_ech":"commune","app_obs":156,"mai":9.16,"mai_bas":7.58,"mai_haut":11.08,"mai_ech":"maille","mai_obs":98},"geometry":{"type":"Polygon","coordinates":[[[2.8874,50.4197],[2.8673,50.4216],[2.8514,50.4339],[2.8567,50.4351],[2.9003,50.4371],[2.8873,50.4313],[2.8913,50.4211],[2.8874,50.4197]]]}},{"type":"Feature","properties":{"code":"62731","nom":"Ruyaulcourt","app":9.74,"app_bas":8.03,"app_haut":11.8,"app_ech":"maille","app_obs":2,"mai":7.92,"mai_bas":6.34,"mai_haut":9.88,"mai_ech":"maille","mai_obs":27},"geometry":{"type":"Polygon","coordinates":[[[3.0135,50.0663],[2.995,50.0772],[2.9958,50.0827],[3.0072,50.0949],[3.0199,50.098],[3.0313,50.093],[3.0362,50.0858],[3.0439,50.0846],[3.0418,50.0801],[3.0332,50.0748],[3.0233,50.0786],[3.0135,50.0663]]]}},{"type":"Feature","properties":{"code":"62744","nom":"Sainte-Catherine","app":13.46,"app_bas":11.41,"app_haut":15.87,"app_ech":"commune","app_obs":159,"mai":11.33,"mai_bas":8.74,"mai_haut":14.69,"mai_ech":"commune","mai_obs":118},"geometry":{"type":"Polygon","coordinates":[[[2.7709,50.3004],[2.7618,50.2975],[2.7518,50.3015],[2.7597,50.3102],[2.753,50.3195],[2.7515,50.3272],[2.7462,50.3336],[2.7542,50.3354],[2.758,50.3237],[2.772,50.3209],[2.7763,50.316],[2.7685,50.3018],[2.7709,50.3004]]]}},{"type":"Feature","properties":{"code":"62893","nom":"Wimereux","app":13.58,"app_bas":10.91,"app_haut":16.9,"app_ech":"commune","app_obs":477,"mai":11.57,"mai_bas":9.12,"mai_haut":14.67,"mai_ech":"commune","mai_obs":101},"geometry":{"type":"Polygon","coordinates":[[[1.5947,50.7499],[1.6044,50.7628],[1.6056,50.7739],[1.6042,50.7919],[1.6092,50.8043],[1.6272,50.8015],[1.6341,50.7899],[1.6306,50.7807],[1.624,50.7789],[1.6132,50.7677],[1.6122,50.7573],[1.608,50.7464],[1.6011,50.7415],[1.5947,50.7499]]]}},{"type":"Feature","properties":{"code":"62897","nom":"Wismes","app":11.09,"app_bas":9.14,"app_haut":13.46,"app_ech":"maille","app_obs":2,"mai":7.86,"mai_bas":6.43,"mai_haut":9.62,"mai_ech":"maille","mai_obs":27},"geometry":{"type":"Polygon","coordinates":[[[2.0884,50.6869],[2.0881,50.6782],[2.1013,50.67],[2.1123,50.659],[2.0938,50.6498],[2.0936,50.6458],[2.0752,50.6433],[2.0583,50.645],[2.0492,50.652],[2.053,50.6609],[2.0678,50.6704],[2.0693,50.6803],[2.0834,50.6877],[2.0884,50.6869]]]}},{"type":"Feature","properties":{"code":"62032","nom":"Angres","app":11.6,"app_bas":9.64,"app_haut":13.95,"app_ech":"maille","app_obs":29,"mai":8.46,"mai_bas":6.88,"mai_haut":10.41,"mai_ech":"maille","mai_obs":75},"geometry":{"type":"Polygon","coordinates":[[[2.7612,50.3958],[2.7429,50.4056],[2.7338,50.4062],[2.738,50.4157],[2.7336,50.4179],[2.7376,50.427],[2.7552,50.4185],[2.7744,50.4046],[2.7612,50.3958]]]}},{"type":"Feature","properties":{"code":"62036","nom":"Anvin","app":9.54,"app_bas":7.94,"app_haut":11.47,"app_ech":"maille","app_obs":38,"mai":7.12,"mai_bas":5.9,"mai_haut":8.6,"mai_ech":"maille","mai_obs":52},"geometry":{"type":"Polygon","coordinates":[[[2.2459,50.4334],[2.2396,50.4395],[2.2358,50.4481],[2.2386,50.4553],[2.2365,50.461],[2.2474,50.4589],[2.258,50.4601],[2.2681,50.4662],[2.2855,50.4691],[2.2873,50.467],[2.2753,50.4582],[2.2737,50.4449],[2.2557,50.432],[2.2459,50.4334]]]}},{"type":"Feature","properties":{"code":"62062","nom":"Avesnes","app":10.7,"app_bas":8.53,"app_haut":13.42,"app_ech":"maille","app_obs":0,"mai":7.86,"mai_bas":6.43,"mai_haut":9.62,"mai_ech":"maille","mai_obs":0},"geometry":{"type":"Polygon","coordinates":[[[1.9507,50.5582],[1.9608,50.562],[1.9677,50.5614],[1.9754,50.5529],[1.9753,50.546],[1.9537,50.5401],[1.9545,50.5467],[1.9507,50.5582]]]}},{"type":"Feature","properties":{"code":"62115","nom":"Berneville","app":10.99,"app_bas":9.3,"app_haut":12.97,"app_ech":"maille","app_obs":1,"mai":9.73,"mai_bas":7.52,"mai_haut":12.6,"mai_ech":"maille","mai_obs":13},"geometry":{"type":"Polygon","coordinates":[[[2.686,50.2739],[2.6945,50.2684],[2.6936,50.2596],[2.6846,50.2547],[2.6701,50.2512],[2.648,50.2665],[2.6511,50.2719],[2.6718,50.2715],[2.686,50.2739]]]}},{"type":"Feature","properties":{"code":"62133","nom":"Billy-Montigny","app":11.15,"app_bas":9.3,"app_haut":13.37,"app_ech":"commune","app_obs":398,"mai":8.79,"mai_bas":7.02,"mai_haut":11,"mai_ech":"commune","mai_obs":195},"geometry":{"type":"Polygon","coordinates":[[[2.9241,50.4102],[2.9216,50.406],[2.9096,50.4112],[2.8909,50.4107],[2.8905,50.4179],[2.9187,50.4229],[2.9241,50.4102]]]}},{"type":"Feature","properties":{"code":"62179","nom":"Brunembert","app":10.91,"app_bas":8.91,"app_haut":13.35,"app_ech":"maille","app_obs":0,"mai":9.06,"mai_bas":7.45,"mai_haut":11.02,"mai_ech":"maille","mai_obs":2},"geometry":{"type":"Polygon","coordinates":[[[1.902,50.7084],[1.8876,50.7045],[1.8645,50.7025],[1.864,50.7131],[1.8692,50.7189],[1.8795,50.7196],[1.8995,50.7309],[1.9107,50.7236],[1.9101,50.7165],[1.902,50.7084]]]}},{"type":"Feature","properties":{"code":"62361","nom":"Frévent","app":9.17,"app_bas":7.63,"app_haut":11.02,"app_ech":"commune","app_obs":128,"mai":6.74,"mai_bas":5.51,"mai_haut":8.25,"mai_ech":"commune","mai_obs":255},"geometry":{"type":"Polygon","coordinates":[[[2.3152,50.2467],[2.2841,50.2452],[2.2809,50.2583],[2.2721,50.2628],[2.2645,50.2566],[2.2575,50.266],[2.2645,50.269],[2.2786,50.2856],[2.2811,50.2949],[2.2996,50.294],[2.3188,50.2844],[2.3215,50.2849],[2.3113,50.2759],[2.3161,50.2636],[2.3175,50.253],[2.3152,50.2467]]]}},{"type":"Feature","properties":{"code":"62623","nom":"Nouvelle-Église","app":11.4,"app_bas":9.12,"app_haut":14.26,"app_ech":"maille","app_obs":33,"mai":8.91,"mai_bas":7.47,"mai_haut":10.63,"mai_ech":"maille","mai_obs":31},"geometry":{"type":"Polygon","coordinates":[[[2.0486,50.899],[2.0397,50.9138],[2.0396,50.9262],[2.0363,50.9348],[2.0371,50.9433],[2.0202,50.9572],[2.0358,50.9627],[2.0455,50.964],[2.0528,50.9488],[2.0521,50.9303],[2.0621,50.911],[2.0677,50.9034],[2.0486,50.899]]]}},{"type":"Feature","properties":{"code":"62748","nom":"Saint-Folquin","app":10.91,"app_bas":8.39,"app_haut":14.21,"app_ech":"maille","app_obs":8,"mai":9.06,"mai_bas":7.36,"mai_haut":11.15,"mai_ech":"maille","mai_obs":91},"geometry":{"type":"Polygon","coordinates":[[[2.1083,50.9842],[2.1213,50.9796],[2.1251,50.9701],[2.1353,50.9643],[2.1378,50.9514],[2.1497,50.9406],[2.1513,50.9326],[2.1467,50.9313],[2.1506,50.9205],[2.1489,50.9172],[2.1297,50.9111],[2.1275,50.8983],[2.1205,50.8894],[2.108,50.895],[2.1152,50.9086],[2.1157,50.9199],[2.1054,50.9658],[2.1105,50.9735],[2.1083,50.9842]]]}},{"type":"Feature","properties":{"code":"62861","nom":"Vimy","app":11.82,"app_bas":10,"app_haut":13.96,"app_ech":"commune","app_obs":139,"mai":10.07,"mai_bas":8.16,"mai_haut":12.43,"mai_ech":"commune","mai_obs":115},"geometry":{"type":"Polygon","coordinates":[[[2.8389,50.3697],[2.8374,50.372],[2.8071,50.3626],[2.7873,50.3672],[2.7714,50.377],[2.8002,50.3928],[2.8154,50.3908],[2.8444,50.3842],[2.8512,50.3805],[2.8537,50.3781],[2.8389,50.3697]]]}},{"type":"Feature","properties":{"code":"62875","nom":"Wardrecques","app":10.7,"app_bas":8.87,"app_haut":12.9,"app_ech":"maille","app_obs":5,"mai":7.91,"mai_bas":6.56,"mai_haut":9.53,"mai_ech":"maille","mai_obs":55},"geometry":{"type":"Polygon","coordinates":[[[2.334,50.6895],[2.3299,50.6945],[2.3358,50.7039],[2.3298,50.71],[2.3463,50.7152],[2.3556,50.7161],[2.366,50.7091],[2.3498,50.7006],[2.334,50.6895]]]}},{"type":"Feature","properties":{"code":"62129","nom":"Biefvillers-lès-Bapaume","app":10.5,"app_bas":8.4,"app_haut":13.13,"app_ech":"maille","app_obs":0,"mai":7.91,"mai_bas":6.3,"mai_haut":9.94,"mai_ech":"maille","mai_obs":1},"geometry":{"type":"Polygon","coordinates":[[[2.8169,50.1313],[2.8232,50.125],[2.8446,50.1218],[2.8459,50.1158],[2.8348,50.1143],[2.8298,50.1092],[2.822,50.1084],[2.8076,50.1088],[2.8033,50.1133],[2.8101,50.1189],[2.8086,50.125],[2.8135,50.1299],[2.8169,50.1313]]]}},{"type":"Feature","properties":{"code":"62272","nom":"Douchy-lès-Ayette","app":11.7,"app_bas":9.51,"app_haut":14.4,"app_ech":"maille","app_obs":0,"mai":9.1,"mai_bas":7.44,"mai_haut":11.15,"mai_ech":"maille","mai_obs":0},"geometry":{"type":"Polygon","coordinates":[[[2.7236,50.1885],[2.7343,50.1819],[2.7215,50.1677],[2.6968,50.1607],[2.6934,50.1665],[2.7034,50.1717],[2.6925,50.1757],[2.6802,50.1722],[2.6829,50.1782],[2.6883,50.1759],[2.711,50.1878],[2.7236,50.1885]]]}},{"type":"Feature","properties":{"code":"62317","nom":"Étaing","app":11.46,"app_bas":8.73,"app_haut":15.04,"app_ech":"maille","app_obs":18,"mai":8.96,"mai_bas":7.24,"mai_haut":11.08,"mai_ech":"maille","mai_obs":24},"geometry":{"type":"Polygon","coordinates":[[[2.9788,50.2712],[2.9945,50.2828],[3.0002,50.2841],[3.0153,50.2838],[3.0161,50.2747],[3.0122,50.268],[2.9945,50.2556],[2.9809,50.2649],[2.9788,50.2712]]]}},{"type":"Feature","properties":{"code":"62330","nom":"Festubert","app":10.93,"app_bas":8.8,"app_haut":13.58,"app_ech":"maille","app_obs":6,"mai":9.68,"mai_bas":7.69,"mai_haut":12.19,"mai_ech":"maille","mai_obs":40},"geometry":{"type":"Polygon","coordinates":[[[2.7494,50.5369],[2.7354,50.5301],[2.7267,50.5227],[2.7254,50.5227],[2.7217,50.5312],[2.7218,50.542],[2.7092,50.5408],[2.7064,50.5486],[2.7105,50.5522],[2.7174,50.5534],[2.7293,50.5524],[2.7443,50.5542],[2.7668,50.5592],[2.7713,50.5572],[2.7565,50.5482],[2.7494,50.5369]]]}},{"type":"Feature","properties":{"code":"62345","nom":"Fontaine-l'Étalon","app":12.28,"app_bas":9.94,"app_haut":15.19,"app_ech":"maille","app_obs":0,"mai":7.49,"mai_bas":5.85,"mai_haut":9.6,"mai_ech":"maille","mai_obs":0},"geometry":{"type":"Polygon","coordinates":[[[2.0821,50.309],[2.0845,50.3062],[2.0744,50.292],[2.0619,50.2887],[2.0556,50.306],[2.0531,50.3077],[2.0505,50.3134],[2.0553,50.3142],[2.0821,50.309]]]}},{"type":"Feature","properties":{"code":"62371","nom":"Givenchy-en-Gohelle","app":10.38,"app_bas":8.51,"app_haut":12.66,"app_ech":"maille","app_obs":8,"mai":9.25,"mai_bas":7.29,"mai_haut":11.74,"mai_ech":"maille","mai_obs":62},"geometry":{"type":"Polygon","coordinates":[[[2.7612,50.3958],[2.7744,50.4046],[2.7895,50.4061],[2.8002,50.3928],[2.7714,50.377],[2.7643,50.3798],[2.7577,50.3925],[2.7612,50.3958]]]}},{"type":"Feature","properties":{"code":"62393","nom":"Guemps","app":10.11,"app_bas":8.34,"app_haut":12.27,"app_ech":"maille","app_obs":4,"mai":8.69,"mai_bas":7.13,"mai_haut":10.58,"mai_ech":"maille","mai_obs":26},"geometry":{"type":"Polygon","coordinates":[[[1.9782,50.9185],[1.962,50.9452],[1.9676,50.9483],[1.9807,50.95],[1.9916,50.9484],[1.9959,50.9352],[2.0098,50.9248],[2.032,50.9029],[2.0357,50.8957],[2.0008,50.8868],[1.9975,50.8982],[1.9841,50.9077],[1.9782,50.9185]]]}},{"type":"Feature","properties":{"code":"62413","nom":"Harnes","app":11.15,"app_bas":9.3,"app_haut":13.38,"app_ech":"commune","app_obs":388,"mai":9,"mai_bas":7.19,"mai_haut":11.28,"mai_ech":"commune","mai_obs":338},"geometry":{"type":"Polygon","coordinates":[[[2.8649,50.4499],[2.892,50.4565],[2.8999,50.4641],[2.912,50.4686],[2.9366,50.4686],[2.9398,50.4602],[2.9254,50.4539],[2.9163,50.4462],[2.9216,50.4391],[2.8841,50.4359],[2.867,50.4441],[2.8649,50.4499]]]}},{"type":"Feature","properties":{"code":"62459","nom":"Houvin-Houvigneul","app":9.5,"app_bas":7.94,"app_haut":11.37,"app_ech":"maille","app_obs":0,"mai":7.71,"mai_bas":6.24,"mai_haut":9.53,"mai_ech":"maille","mai_obs":8},"geometry":{"type":"Polygon","coordinates":[[[2.3944,50.2847],[2.3835,50.2794],[2.376,50.2807],[2.3484,50.2913],[2.3478,50.2952],[2.3571,50.3035],[2.3806,50.3115],[2.3957,50.3058],[2.3993,50.308],[2.4033,50.2972],[2.3964,50.2929],[2.3944,50.2847]]]}},{"type":"Feature","properties":{"code":"62567","nom":"Mentque-Nortbécourt","app":10.43,"app_bas":8.51,"app_haut":12.79,"app_ech":"maille","app_obs":0,"mai":8.69,"mai_bas":7.13,"mai_haut":10.58,"mai_ech":"maille","mai_obs":32},"geometry":{"type":"Polygon","coordinates":[[[2.1008,50.7918],[2.1083,50.79],[2.1151,50.7853],[2.1038,50.7812],[2.1118,50.7766],[2.1182,50.7812],[2.1346,50.7793],[2.11,50.7677],[2.0944,50.762],[2.0737,50.7509],[2.0591,50.757],[2.0715,50.7612],[2.0636,50.7655],[2.0694,50.7782],[2.0772,50.7856],[2.1008,50.7918]]]}},{"type":"Feature","properties":{"code":"62641","nom":"Ostreville","app":9.67,"app_bas":7.93,"app_haut":11.79,"app_ech":"maille","app_obs":1,"mai":7.61,"mai_bas":6.28,"mai_haut":9.23,"mai_ech":"maille","mai_obs":10},"geometry":{"type":"Polygon","coordinates":[[[2.3818,50.391],[2.3796,50.3958],[2.3852,50.4028],[2.406,50.4025],[2.4176,50.3918],[2.4096,50.3869],[2.4057,50.3888],[2.3884,50.3841],[2.3818,50.391]]]}},{"type":"Feature","properties":{"code":"62695","nom":"Rebreuviette","app":10.46,"app_bas":8.54,"app_haut":12.81,"app_ech":"maille","app_obs":0,"mai":7.71,"mai_bas":6.24,"mai_haut":9.53,"mai_ech":"maille","mai_obs":15},"geometry":{"type":"Polygon","coordinates":[[[2.3423,50.2395],[2.3394,50.2478],[2.3492,50.2616],[2.3593,50.2728],[2.3739,50.2768],[2.376,50.2807],[2.3835,50.2794],[2.3855,50.2745],[2.3767,50.2635],[2.3821,50.2531],[2.3828,50.249],[2.3674,50.2435],[2.3423,50.2395]]]}},{"type":"Feature","properties":{"code":"62824","nom":"Tortefontaine","app":10.34,"app_bas":8.62,"app_haut":12.4,"app_ech":"maille","app_obs":0,"mai":8.82,"mai_bas":6.89,"mai_haut":11.29,"mai_ech":"maille","mai_obs":2},"geometry":{"type":"Polygon","coordinates":[[[1.8989,50.3133],[1.8868,50.3233],[1.9063,50.3328],[1.9069,50.3422],[1.8937,50.3455],[1.8957,50.3536],[1.9116,50.3589],[1.9228,50.3591],[1.93,50.3505],[1.9337,50.3351],[1.9462,50.3315],[1.9381,50.3301],[1.9262,50.3212],[1.918,50.3118],[1.8989,50.3133]]]}},{"type":"Feature","properties":{"code":"62007","nom":"Acq","app":10.99,"app_bas":9.3,"app_haut":12.97,"app_ech":"maille","app_obs":6,"mai":9.73,"mai_bas":7.52,"mai_haut":12.6,"mai_ech":"maille","mai_obs":14},"geometry":{"type":"Polygon","coordinates":[[[2.657,50.368],[2.6673,50.3618],[2.6607,50.3361],[2.6485,50.3328],[2.6397,50.3384],[2.6465,50.3485],[2.6478,50.3617],[2.656,50.3608],[2.657,50.368]]]}},{"type":"Feature","properties":{"code":"62045","nom":"Aubigny-en-Artois","app":10.15,"app_bas":8.31,"app_haut":12.41,"app_ech":"commune","app_obs":144,"mai":7.61,"mai_bas":6.28,"mai_haut":9.23,"mai_ech":"maille","mai_obs":70},"geometry":{"type":"Polygon","coordinates":[[[2.5645,50.3351],[2.5654,50.342],[2.5795,50.3548],[2.5847,50.3663],[2.6016,50.3644],[2.6019,50.344],[2.5983,50.335],[2.5817,50.3366],[2.5671,50.333],[2.5645,50.3351]]]}},{"type":"Feature","properties":{"code":"62051","nom":"Auchy-les-Mines","app":11.02,"app_bas":9.28,"app_haut":13.09,"app_ech":"maille","app_obs":92,"mai":9.73,"mai_bas":7.85,"mai_haut":12.07,"mai_ech":"commune","mai_obs":146},"geometry":{"type":"Polygon","coordinates":[[[2.7937,50.5213],[2.7972,50.517],[2.7847,50.4899],[2.7847,50.4857],[2.7816,50.4855],[2.7686,50.5],[2.763,50.5088],[2.7776,50.5184],[2.7937,50.5213]]]}},{"type":"Feature","properties":{"code":"62073","nom":"Bailleul-Sir-Berthoult","app":11.99,"app_bas":10.17,"app_haut":14.13,"app_ech":"maille","app_obs":23,"mai":9.94,"mai_bas":8.06,"mai_haut":12.25,"mai_ech":"maille","mai_obs":61},"geometry":{"type":"Polygon","coordinates":[[[2.827,50.3491],[2.8371,50.3505],[2.8614,50.3469],[2.8674,50.3485],[2.8723,50.3384],[2.8564,50.3228],[2.8489,50.32],[2.835,50.3201],[2.8257,50.3268],[2.8142,50.3308],[2.8209,50.3379],[2.827,50.3491]]]}},{"type":"Feature","properties":{"code":"62075","nom":"Baincthun","app":10.84,"app_bas":8.68,"app_haut":13.52,"app_ech":"maille","app_obs":14,"mai":9.06,"mai_bas":7.45,"mai_haut":11.02,"mai_ech":"maille","mai_obs":23},"geometry":{"type":"Polygon","coordinates":[[[1.7477,50.7233],[1.7508,50.7217],[1.7516,50.7114],[1.7468,50.6975],[1.7515,50.6931],[1.7407,50.6839],[1.7497,50.6773],[1.7379,50.6781],[1.7294,50.6723],[1.7271,50.6662],[1.7171,50.6732],[1.7108,50.6706],[1.7093,50.678],[1.7043,50.6822],[1.6892,50.6827],[1.6822,50.6804],[1.6763,50.7012],[1.6717,50.7035],[1.6657,50.7132],[1.6765,50.7186],[1.6851,50.7281],[1.6891,50.7225],[1.7031,50.719],[1.7206,50.727],[1.7322,50.7293],[1.7477,50.7233]]]}},{"type":"Feature","properties":{"code":"62212","nom":"Capelle-lès-Hesdin","app":10.34,"app_bas":8.62,"app_haut":12.4,"app_ech":"maille","app_obs":0,"mai":8.82,"mai_bas":6.89,"mai_haut":11.29,"mai_ech":"maille","mai_obs":8},"geometry":{"type":"Polygon","coordinates":[[[1.9816,50.3613],[2.0101,50.3524],[2.0066,50.3466],[2.0115,50.3396],[2.0018,50.3351],[1.979,50.3274],[1.9857,50.3399],[1.9827,50.3481],[1.9716,50.3515],[1.9677,50.3561],[1.9723,50.3629],[1.9816,50.3613]]]}},{"type":"Feature","properties":{"code":"62359","nom":"Fressin","app":10.34,"app_bas":8.62,"app_haut":12.4,"app_ech":"maille","app_obs":0,"mai":6.55,"mai_bas":5.3,"mai_haut":8.1,"mai_ech":"maille","mai_obs":31},"geometry":{"type":"Polygon","coordinates":[[[2.0748,50.4746],[2.0734,50.4618],[2.0883,50.4481],[2.085,50.4387],[2.0696,50.4274],[2.0415,50.4284],[2.0346,50.4322],[2.0252,50.4432],[2.0105,50.4472],[2.0004,50.4454],[2.0062,50.4533],[2.02,50.4608],[2.0369,50.4566],[2.0461,50.4587],[2.0626,50.4729],[2.0657,50.479],[2.0748,50.4746]]]}},{"type":"Feature","properties":{"code":"62495","nom":"Ledinghem","app":10.55,"app_bas":8.28,"app_haut":13.43,"app_ech":"maille","app_obs":0,"mai":9.14,"mai_bas":7.53,"mai_haut":11.09,"mai_ech":"maille","mai_obs":16},"geometry":{"type":"Polygon","coordinates":[[[1.9683,50.6307],[1.9613,50.635],[1.9479,50.6344],[1.9403,50.6382],[1.9397,50.6438],[1.9452,50.644],[1.9506,50.6511],[1.9735,50.6554],[1.9896,50.6569],[2.0071,50.6609],[1.9958,50.6476],[1.9958,50.6393],[1.9856,50.6346],[1.9796,50.6355],[1.9683,50.6307]]]}},{"type":"Feature","properties":{"code":"62630","nom":"Noyelle-Vion","app":10.46,"app_bas":8.54,"app_haut":12.81,"app_ech":"maille","app_obs":0,"mai":7.71,"mai_bas":6.24,"mai_haut":9.53,"mai_ech":"maille","mai_obs":6},"geometry":{"type":"Polygon","coordinates":[[[2.5456,50.3032],[2.5678,50.296],[2.5713,50.2903],[2.563,50.2848],[2.5663,50.2812],[2.5594,50.2796],[2.5493,50.2856],[2.5324,50.2881],[2.5195,50.285],[2.5184,50.2869],[2.5226,50.2971],[2.5456,50.3032]]]}},{"type":"Feature","properties":{"code":"62665","nom":"Ponchel","app":12.28,"app_bas":9.94,"app_haut":15.19,"app_ech":"maille","app_obs":0,"mai":7.49,"mai_bas":5.85,"mai_haut":9.6,"mai_ech":"maille","mai_obs":3},"geometry":{"type":"Polygon","coordinates":[[[2.0778,50.2487],[2.0644,50.2556],[2.0713,50.2656],[2.0818,50.2682],[2.0978,50.2596],[2.1112,50.2611],[2.11,50.2569],[2.0848,50.2447],[2.0778,50.2487]]]}},{"type":"Feature","properties":{"code":"62766","nom":"Saint-Omer-Capelle","app":10.91,"app_bas":8.39,"app_haut":14.21,"app_ech":"maille","app_obs":3,"mai":8.91,"mai_bas":7.47,"mai_haut":10.63,"mai_ech":"maille","mai_obs":24},"geometry":{"type":"Polygon","coordinates":[[[2.0922,50.9733],[2.1083,50.9842],[2.1105,50.9735],[2.1054,50.9658],[2.1157,50.9199],[2.1152,50.9086],[2.108,50.895],[2.1021,50.8975],[2.11,50.9079],[2.1037,50.9236],[2.0853,50.9412],[2.081,50.9542],[2.0922,50.9733]]]}},{"type":"Feature","properties":{"code":"62797","nom":"Siracourt","app":9.67,"app_bas":7.93,"app_haut":11.79,"app_ech":"maille","app_obs":0,"mai":7.02,"mai_bas":5.61,"mai_haut":8.77,"mai_ech":"maille","mai_obs":1},"geometry":{"type":"Polygon","coordinates":[[[2.288,50.3738],[2.2826,50.3638],[2.2798,50.3628],[2.2591,50.3672],[2.2504,50.3672],[2.2455,50.3687],[2.2513,50.3754],[2.2579,50.3742],[2.2688,50.3772],[2.288,50.3738]]]}},{"type":"Feature","properties":{"code":"62004","nom":"Achicourt","app":12.38,"app_bas":10.06,"app_haut":15.25,"app_ech":"commune","app_obs":348,"mai":10.82,"mai_bas":8.75,"mai_haut":13.38,"mai_ech":"commune","mai_obs":228},"geometry":{"type":"Polygon","coordinates":[[[2.7436,50.26],[2.7312,50.2651],[2.7401,50.2814],[2.7547,50.2839],[2.7561,50.2789],[2.769,50.2821],[2.7821,50.2778],[2.7843,50.2716],[2.7737,50.2643],[2.7644,50.2666],[2.7528,50.2656],[2.7436,50.26]]]}},{"type":"Feature","properties":{"code":"62068","nom":"Ayette","app":10.46,"app_bas":8.58,"app_haut":12.75,"app_ech":"maille","app_obs":1,"mai":9.5,"mai_bas":7.68,"mai_haut":11.75,"mai_ech":"maille","mai_obs":27},"geometry":{"type":"Polygon","coordinates":[[[2.7283,50.159],[2.7183,50.1618],[2.708,50.1569],[2.6968,50.1607],[2.7215,50.1677],[2.7343,50.1819],[2.7392,50.1833],[2.7526,50.1814],[2.7558,50.1739],[2.7494,50.1679],[2.7283,50.159]]]}},{"type":"Feature","properties":{"code":"62070","nom":"Bailleul-aux-Cornailles","app":11.01,"app_bas":8.89,"app_haut":13.62,"app_ech":"maille","app_obs":0,"mai":8.07,"mai_bas":6.73,"mai_haut":9.66,"mai_ech":"maille","mai_obs":3},"geometry":{"type":"Polygon","coordinates":[[[2.4392,50.3558],[2.441,50.3648],[2.4248,50.3731],[2.4379,50.3831],[2.4413,50.3887],[2.4551,50.3902],[2.4624,50.3853],[2.466,50.3788],[2.4594,50.3706],[2.4724,50.3668],[2.4648,50.3603],[2.4392,50.3558]]]}},{"type":"Feature","properties":{"code":"62211","nom":"Capelle-Fermont","app":10.99,"app_bas":9.3,"app_haut":12.97,"app_ech":"maille","app_obs":1,"mai":9.73,"mai_bas":7.52,"mai_haut":12.6,"mai_ech":"maille","mai_obs":6},"geometry":{"type":"Polygon","coordinates":[[[2.6158,50.3309],[2.6098,50.3306],[2.6083,50.3348],[2.6138,50.356],[2.6233,50.3614],[2.6283,50.3609],[2.6257,50.3392],[2.6167,50.3374],[2.6158,50.3309]]]}},{"type":"Feature","properties":{"code":"62279","nom":"Duisans","app":10.99,"app_bas":9.3,"app_haut":12.97,"app_ech":"maille","app_obs":70,"mai":9.95,"mai_bas":7.76,"mai_haut":12.75,"mai_ech":"maille","mai_obs":67},"geometry":{"type":"Polygon","coordinates":[[[2.7187,50.3154],[2.7208,50.3092],[2.7294,50.3105],[2.7264,50.2938],[2.6988,50.2898],[2.6943,50.2869],[2.6666,50.2902],[2.6691,50.3021],[2.6655,50.3111],[2.6683,50.3153],[2.6782,50.3156],[2.6913,50.3102],[2.6984,50.3097],[2.7187,50.3154]]]}},{"type":"Feature","properties":{"code":"62639","nom":"Oppy","app":11.99,"app_bas":10.17,"app_haut":14.13,"app_ech":"maille","app_obs":4,"mai":9.94,"mai_bas":8.06,"mai_haut":12.25,"mai_ech":"maille","mai_obs":21},"geometry":{"type":"Polygon","coordinates":[[[2.8723,50.3384],[2.8674,50.3485],[2.869,50.3512],[2.887,50.3589],[2.8978,50.3588],[2.8993,50.3516],[2.911,50.3435],[2.9131,50.3388],[2.9079,50.3372],[2.8801,50.34],[2.8723,50.3384]]]}},{"type":"Feature","properties":{"code":"62691","nom":"Saint-Augustin","app":10.7,"app_bas":8.53,"app_haut":13.42,"app_ech":"maille","app_obs":0,"mai":7.91,"mai_bas":6.56,"mai_haut":9.53,"mai_ech":"maille","mai_obs":38},"geometry":{"type":"Polygon","coordinates":[[[2.2763,50.6342],[2.2661,50.6358],[2.2587,50.6422],[2.2411,50.6463],[2.2405,50.6571],[2.257,50.6636],[2.2743,50.6561],[2.3035,50.6596],[2.3196,50.6551],[2.3248,50.6435],[2.3169,50.6438],[2.2881,50.635],[2.2763,50.6342]]]}},{"type":"Feature","properties":{"code":"62833","nom":"Vacquerie-le-Boucq","app":12.28,"app_bas":9.94,"app_haut":15.19,"app_ech":"maille","app_obs":0,"mai":7.49,"mai_bas":5.85,"mai_haut":9.6,"mai_ech":"maille","mai_obs":4},"geometry":{"type":"Polygon","coordinates":[[[2.2149,50.2611],[2.198,50.2631],[2.1904,50.266],[2.1866,50.2699],[2.1999,50.2784],[2.2166,50.2768],[2.2292,50.2702],[2.2149,50.2611]]]}},{"type":"Feature","properties":{"code":"62906","nom":"Zutkerque","app":10.91,"app_bas":8.39,"app_haut":14.21,"app_ech":"maille","app_obs":8,"mai":8.69,"mai_bas":7.13,"mai_haut":10.58,"mai_ech":"maille","mai_obs":73},"geometry":{"type":"Polygon","coordinates":[[[2.014,50.8667],[2.0287,50.8561],[2.0515,50.8686],[2.0626,50.8597],[2.0745,50.862],[2.1052,50.876],[2.1184,50.8851],[2.1072,50.8624],[2.096,50.8585],[2.0773,50.8459],[2.0633,50.8396],[2.0555,50.8325],[2.0422,50.8321],[2.0329,50.8214],[2.0301,50.8216],[2.0279,50.8241],[2.0341,50.8349],[2.0315,50.8401],[2.0234,50.8419],[2.0093,50.8657],[2.014,50.8667]]]}},{"type":"Feature","properties":{"code":"62908","nom":"Capelle-lès-Boulogne","app":10.84,"app_bas":8.68,"app_haut":13.52,"app_ech":"maille","app_obs":54,"mai":9.9,"mai_bas":8.22,"mai_haut":11.92,"mai_ech":"maille","mai_obs":46},"geometry":{"type":"Polygon","coordinates":[[[1.7436,50.7385],[1.7506,50.7347],[1.7475,50.7283],[1.7477,50.7233],[1.7322,50.7293],[1.7206,50.727],[1.7031,50.719],[1.6891,50.7225],[1.6851,50.7281],[1.6856,50.7345],[1.691,50.7337],[1.7116,50.741],[1.7436,50.7385]]]}},{"type":"Feature","properties":{"code":"62306","nom":"Ervillers","app":10.46,"app_bas":8.58,"app_haut":12.75,"app_ech":"maille","app_obs":11,"mai":7.64,"mai_bas":6.13,"mai_haut":9.51,"mai_ech":"maille","mai_obs":9},"geometry":{"type":"Polygon","coordinates":[[[2.8055,50.1565],[2.8068,50.1677],[2.8166,50.1752],[2.8225,50.1829],[2.8248,50.1812],[2.841,50.1748],[2.8539,50.1722],[2.8399,50.1626],[2.8344,50.1527],[2.8196,50.1472],[2.8055,50.1565]]]}},{"type":"Feature","properties":{"code":"62310","nom":"Essars","app":10.42,"app_bas":8.65,"app_haut":12.56,"app_ech":"maille","app_obs":60,"mai":8.85,"mai_bas":7.1,"mai_haut":11.04,"mai_ech":"maille","mai_obs":85},"geometry":{"type":"Polygon","coordinates":[[[2.6451,50.5505],[2.6482,50.5584],[2.6555,50.5565],[2.6696,50.5575],[2.6763,50.5524],[2.6785,50.5437],[2.6717,50.5381],[2.6535,50.5422],[2.6451,50.5505]]]}},{"type":"Feature","properties":{"code":"62320","nom":"Étrun","app":10.99,"app_bas":9.3,"app_haut":12.97,"app_ech":"maille","app_obs":2,"mai":9.95,"mai_bas":7.76,"mai_haut":12.75,"mai_ech":"maille","mai_obs":18},"geometry":{"type":"Polygon","coordinates":[[[2.6633,50.3263],[2.6873,50.317],[2.7037,50.3168],[2.7113,50.3136],[2.6984,50.3097],[2.6913,50.3102],[2.6782,50.3156],[2.6683,50.3153],[2.6604,50.3209],[2.6633,50.3263]]]}},{"type":"Feature","properties":{"code":"62332","nom":"Ficheux","app":11.7,"app_bas":9.51,"app_haut":14.4,"app_ech":"maille","app_obs":0,"mai":9.95,"mai_bas":7.76,"mai_haut":12.75,"mai_ech":"maille","mai_obs":27},"geometry":{"type":"Polygon","coordinates":[[[2.7325,50.2129],[2.7272,50.2199],[2.7302,50.2295],[2.726,50.2339],[2.7381,50.2329],[2.7552,50.2385],[2.7645,50.2374],[2.7672,50.2259],[2.7593,50.2175],[2.7456,50.2141],[2.7325,50.2129]]]}},{"type":"Feature","properties":{"code":"62355","nom":"Fresnes-lès-Montauban","app":11.99,"app_bas":10.17,"app_haut":14.13,"app_ech":"maille","app_obs":19,"mai":10.32,"mai_bas":8.24,"mai_haut":12.92,"mai_ech":"maille","mai_obs":40},"geometry":{"type":"Polygon","coordinates":[[[2.9327,50.3495],[2.9371,50.3452],[2.9471,50.3437],[2.9448,50.3292],[2.9397,50.3305],[2.9268,50.3272],[2.9129,50.3211],[2.9151,50.3248],[2.9079,50.3372],[2.9131,50.3388],[2.9327,50.3495]]]}},{"type":"Feature","properties":{"code":"62496","nom":"Lefaux","app":12.71,"app_bas":10.32,"app_haut":15.65,"app_ech":"maille","app_obs":3,"mai":10.37,"mai_bas":8.54,"mai_haut":12.59,"mai_ech":"maille","mai_obs":36},"geometry":{"type":"Polygon","coordinates":[[[1.6252,50.5483],[1.6365,50.5437],[1.6416,50.5524],[1.641,50.559],[1.6477,50.5726],[1.662,50.5632],[1.6576,50.5569],[1.6777,50.535],[1.6666,50.5263],[1.6432,50.5328],[1.6252,50.5483]]]}},{"type":"Feature","properties":{"code":"62555","nom":"Marles-les-Mines","app":10.95,"app_bas":8.92,"app_haut":13.45,"app_ech":"commune","app_obs":119,"mai":8.1,"mai_bas":6.68,"mai_haut":9.83,"mai_ech":"commune","mai_obs":149},"geometry":{"type":"Polygon","coordinates":[[[2.486,50.4979],[2.4901,50.5101],[2.508,50.5145],[2.5231,50.5007],[2.5292,50.4987],[2.5134,50.4901],[2.5018,50.4958],[2.486,50.4979]]]}},{"type":"Feature","properties":{"code":"62644","nom":"Ouve-Wirquin","app":11.09,"app_bas":9.14,"app_haut":13.46,"app_ech":"maille","app_obs":0,"mai":7.86,"mai_bas":6.43,"mai_haut":9.62,"mai_ech":"maille","mai_obs":15},"geometry":{"type":"Polygon","coordinates":[[[2.1344,50.6414],[2.1319,50.6453],[2.1219,50.647],[2.1241,50.6532],[2.1373,50.6627],[2.1526,50.6655],[2.1619,50.661],[2.1636,50.6513],[2.1519,50.6441],[2.1399,50.6395],[2.1344,50.6414]]]}},{"type":"Feature","properties":{"code":"62737","nom":"Sains-en-Gohelle","app":11.43,"app_bas":9.48,"app_haut":13.78,"app_ech":"commune","app_obs":142,"mai":8.97,"mai_bas":7.27,"mai_haut":11.07,"mai_ech":"commune","mai_obs":152},"geometry":{"type":"Polygon","coordinates":[[[2.686,50.4673],[2.6993,50.4592],[2.7019,50.4493],[2.6963,50.4435],[2.6865,50.4372],[2.6802,50.4393],[2.6618,50.4381],[2.6745,50.4611],[2.686,50.4673]]]}},{"type":"Feature","properties":{"code":"62881","nom":"Beauvoir-Wavans","app":9.45,"app_bas":7.87,"app_haut":11.35,"app_ech":"maille","app_obs":24,"mai":7.49,"mai_bas":5.85,"mai_haut":9.6,"mai_ech":"maille","mai_obs":8},"geometry":{"type":"Polygon","coordinates":[[[2.1498,50.1904],[2.1417,50.2025],[2.1579,50.2086],[2.1542,50.2145],[2.1447,50.2209],[2.1482,50.2347],[2.1568,50.2392],[2.1624,50.2309],[2.1782,50.2271],[2.1845,50.2302],[2.1842,50.2206],[2.1899,50.2166],[2.1999,50.2152],[2.1877,50.2097],[2.1785,50.2073],[2.1741,50.2089],[2.1602,50.1951],[2.1498,50.1904]]]}},{"type":"Feature","properties":{"code":"62886","nom":"Wicquinghem","app":10.55,"app_bas":8.28,"app_haut":13.43,"app_ech":"maille","app_obs":0,"mai":7.77,"mai_bas":6.25,"mai_haut":9.66,"mai_ech":"maille","mai_obs":14},"geometry":{"type":"Polygon","coordinates":[[[1.9548,50.5901],[1.9633,50.5859],[1.9708,50.5724],[1.9608,50.562],[1.9507,50.5582],[1.9354,50.5597],[1.9306,50.5773],[1.9548,50.5901]]]}},{"type":"Feature","properties":{"code":"62889","nom":"Wierre-Effroy","app":10.84,"app_bas":8.68,"app_haut":13.52,"app_ech":"maille","app_obs":5,"mai":8.99,"mai_bas":7.35,"mai_haut":10.99,"mai_ech":"maille","mai_obs":11},"geometry":{"type":"Polygon","coordinates":[[[1.7352,50.7514],[1.724,50.7517],[1.7047,50.7654],[1.6917,50.77],[1.6944,50.781],[1.7056,50.7806],[1.714,50.7834],[1.7188,50.7901],[1.7286,50.7875],[1.7416,50.7939],[1.7635,50.7882],[1.7663,50.782],[1.7774,50.7729],[1.7775,50.7666],[1.772,50.7608],[1.7607,50.7551],[1.7352,50.7514]]]}},{"type":"Feature","properties":{"code":"62900","nom":"Witternesse","app":10.62,"app_bas":8.75,"app_haut":12.89,"app_ech":"maille","app_obs":0,"mai":7.94,"mai_bas":6.5,"mai_haut":9.71,"mai_ech":"maille","mai_obs":47},"geometry":{"type":"Polygon","coordinates":[[[2.3316,50.6077],[2.345,50.6137],[2.3541,50.6207],[2.3665,50.6259],[2.3766,50.623],[2.3901,50.6228],[2.386,50.6179],[2.3849,50.6088],[2.3711,50.6072],[2.3576,50.608],[2.3464,50.6008],[2.3316,50.6077]]]}},{"type":"Feature","properties":{"code":"62053","nom":"Audincthun","app":11.09,"app_bas":9.14,"app_haut":13.46,"app_ech":"maille","app_obs":0,"mai":7.86,"mai_bas":6.43,"mai_haut":9.62,"mai_ech":"maille","mai_obs":15},"geometry":{"type":"Polygon","coordinates":[[[2.1506,50.5657],[2.1313,50.5568],[2.0962,50.5524],[2.0921,50.5624],[2.1045,50.5761],[2.1221,50.59],[2.1236,50.6024],[2.1339,50.6118],[2.1473,50.6078],[2.1524,50.5997],[2.1501,50.5905],[2.1526,50.5808],[2.1447,50.5771],[2.1426,50.5686],[2.1506,50.5657]]]}},{"type":"Feature","properties":{"code":"62326","nom":"Favreuil","app":10.5,"app_bas":8.4,"app_haut":13.13,"app_ech":"maille","app_obs":0,"mai":7.91,"mai_bas":6.3,"mai_haut":9.94,"mai_ech":"maille","mai_obs":2},"geometry":{"type":"Polygon","coordinates":[[[2.8505,50.1398],[2.8609,50.1427],[2.865,50.1398],[2.8687,50.1235],[2.8773,50.1147],[2.8735,50.1111],[2.8667,50.1136],[2.8535,50.1117],[2.8454,50.1194],[2.8444,50.1266],[2.8517,50.1369],[2.8505,50.1398]]]}},{"type":"Feature","properties":{"code":"62446","nom":"Hesdigneul-lès-Boulogne","app":11.54,"app_bas":9.28,"app_haut":14.34,"app_ech":"maille","app_obs":7,"mai":9.4,"mai_bas":7.05,"mai_haut":12.54,"mai_ech":"maille","mai_obs":45},"geometry":{"type":"Polygon","coordinates":[[[1.6924,50.6539],[1.694,50.6456],[1.6891,50.6394],[1.6872,50.6394],[1.6557,50.6603],[1.6588,50.6668],[1.6634,50.6622],[1.6806,50.6587],[1.6924,50.6539]]]}},{"type":"Feature","properties":{"code":"62448","nom":"Hesdin-l'Abbé","app":11.54,"app_bas":9.28,"app_haut":14.34,"app_ech":"maille","app_obs":30,"mai":9.4,"mai_bas":7.05,"mai_haut":12.54,"mai_ech":"maille","mai_obs":44},"geometry":{"type":"Polygon","coordinates":[[[1.6924,50.6539],[1.6806,50.6587],[1.6634,50.6622],[1.6588,50.6668],[1.6822,50.6804],[1.6892,50.6827],[1.7043,50.6822],[1.7093,50.678],[1.7117,50.6664],[1.6924,50.6539]]]}},{"type":"Feature","properties":{"code":"62455","nom":"Hocquinghen","app":10.91,"app_bas":8.91,"app_haut":13.35,"app_ech":"maille","app_obs":0,"mai":8.78,"mai_bas":7.29,"mai_haut":10.58,"mai_ech":"maille","mai_obs":5},"geometry":{"type":"Polygon","coordinates":[[[1.946,50.7584],[1.942,50.7624],[1.9281,50.7616],[1.9168,50.765],[1.9264,50.774],[1.9304,50.7711],[1.9442,50.77],[1.9483,50.7653],[1.946,50.7584]]]}},{"type":"Feature","properties":{"code":"62501","nom":"Lespinoy","app":10.55,"app_bas":8.28,"app_haut":13.43,"app_ech":"maille","app_obs":0,"mai":7.95,"mai_bas":6.22,"mai_haut":10.15,"mai_ech":"maille","mai_obs":5},"geometry":{"type":"Polygon","coordinates":[[[1.8421,50.4204],[1.8619,50.4287],[1.8639,50.4415],[1.8787,50.4388],[1.8802,50.4242],[1.8531,50.4157],[1.8464,50.4128],[1.8421,50.4204]]]}},{"type":"Feature","properties":{"code":"62674","nom":"Quelmes","app":10.48,"app_bas":8.47,"app_haut":12.98,"app_ech":"maille","app_obs":1,"mai":8.55,"mai_bas":7.19,"mai_haut":10.18,"mai_ech":"maille","mai_obs":39},"geometry":{"type":"Polygon","coordinates":[[[2.1556,50.7224],[2.1443,50.7219],[2.1356,50.7185],[2.1177,50.7203],[2.102,50.7363],[2.0901,50.7358],[2.0879,50.7405],[2.1145,50.7478],[2.129,50.7495],[2.133,50.7434],[2.1528,50.7412],[2.1556,50.7224]]]}},{"type":"Feature","properties":{"code":"62676","nom":"Quernes","app":10.62,"app_bas":8.75,"app_haut":12.89,"app_ech":"maille","app_obs":0,"mai":7.94,"mai_bas":6.5,"mai_haut":9.71,"mai_ech":"maille","mai_obs":15},"geometry":{"type":"Polygon","coordinates":[[[2.3464,50.6008],[2.3576,50.608],[2.3711,50.6072],[2.3849,50.6088],[2.3897,50.6058],[2.3875,50.6017],[2.3808,50.5972],[2.3753,50.6003],[2.3559,50.5937],[2.3464,50.6008]]]}},{"type":"Feature","properties":{"code":"62720","nom":"Rombly","app":10.62,"app_bas":8.75,"app_haut":12.89,"app_ech":"maille","app_obs":0,"mai":7.94,"mai_bas":6.5,"mai_haut":9.71,"mai_ech":"maille","mai_obs":1},"geometry":{"type":"Polygon","coordinates":[[[2.4,50.5959],[2.3894,50.5875],[2.3808,50.5972],[2.3875,50.6017],[2.4,50.5959]]]}},{"type":"Feature","properties":{"code":"62747","nom":"Saint-Floris","app":10.08,"app_bas":8.32,"app_haut":12.21,"app_ech":"maille","app_obs":1,"mai":8.59,"mai_bas":6.85,"mai_haut":10.79,"mai_ech":"maille","mai_obs":6},"geometry":{"type":"Polygon","coordinates":[[[2.5748,50.6117],[2.569,50.6114],[2.5643,50.6244],[2.5676,50.6335],[2.5771,50.6305],[2.585,50.6369],[2.5926,50.6319],[2.5949,50.6222],[2.5748,50.6117]]]}},{"type":"Feature","properties":{"code":"62849","nom":"Verton","app":12.26,"app_bas":9.75,"app_haut":15.41,"app_ech":"maille","app_obs":13,"mai":10.61,"mai_bas":8.06,"mai_haut":13.97,"mai_ech":"maille","mai_obs":51},"geometry":{"type":"Polygon","coordinates":[[[1.6893,50.3952],[1.6815,50.393],[1.6601,50.3947],[1.6469,50.3916],[1.6252,50.392],[1.6185,50.3963],[1.6059,50.3991],[1.6061,50.409],[1.6323,50.4077],[1.6507,50.4121],[1.6742,50.4103],[1.6872,50.4134],[1.6935,50.4064],[1.6944,50.398],[1.6893,50.3952]]]}},{"type":"Feature","properties":{"code":"62862","nom":"Vincly","app":9.54,"app_bas":7.94,"app_haut":11.47,"app_ech":"maille","app_obs":0,"mai":7.12,"mai_bas":5.9,"mai_haut":8.6,"mai_ech":"maille","mai_obs":12},"geometry":{"type":"Polygon","coordinates":[[[2.1563,50.5533],[2.1584,50.5616],[2.1665,50.564],[2.1916,50.5628],[2.2058,50.5548],[2.2015,50.5502],[2.1924,50.5488],[2.1595,50.5498],[2.1563,50.5533]]]}},{"type":"Feature","properties":{"code":"62869","nom":"Wailly","app":11.7,"app_bas":9.51,"app_haut":14.4,"app_ech":"maille","app_obs":37,"mai":9.5,"mai_bas":7.68,"mai_haut":11.75,"mai_ech":"maille","mai_obs":45},"geometry":{"type":"Polygon","coordinates":[[[2.6875,50.253],[2.6846,50.2547],[2.6936,50.2596],[2.7164,50.2606],[2.7312,50.2651],[2.7436,50.26],[2.7424,50.2543],[2.7552,50.2385],[2.7381,50.2329],[2.726,50.2339],[2.7212,50.2318],[2.7143,50.2433],[2.6875,50.253]]]}},{"type":"Feature","properties":{"code":"62219","nom":"Caumont","app":12.28,"app_bas":9.94,"app_haut":15.19,"app_ech":"maille","app_obs":0,"mai":7.49,"mai_bas":5.85,"mai_haut":9.6,"mai_ech":"maille","mai_obs":2},"geometry":{"type":"Polygon","coordinates":[[[2.0021,50.2941],[2.0021,50.3074],[2.0153,50.3104],[2.0173,50.301],[2.0442,50.3024],[2.0531,50.3077],[2.0556,50.306],[2.0619,50.2887],[2.0398,50.2771],[2.0199,50.2808],[2.0021,50.2941]]]}},{"type":"Feature","properties":{"code":"62385","nom":"Grand-Rullecourt","app":10.46,"app_bas":8.54,"app_haut":12.81,"app_ech":"maille","app_obs":0,"mai":7.71,"mai_bas":6.24,"mai_haut":9.53,"mai_ech":"maille","mai_obs":11},"geometry":{"type":"Polygon","coordinates":[[[2.4408,50.2556],[2.4456,50.2651],[2.4595,50.2671],[2.4965,50.2621],[2.5037,50.2642],[2.5179,50.2533],[2.5175,50.2512],[2.5076,50.2511],[2.4895,50.2432],[2.4799,50.2412],[2.4623,50.2404],[2.4439,50.2504],[2.4408,50.2556]]]}},{"type":"Feature","properties":{"code":"62579","nom":"Monchy-au-Bois","app":10.46,"app_bas":8.58,"app_haut":12.75,"app_ech":"maille","app_obs":8,"mai":7.61,"mai_bas":6.14,"mai_haut":9.44,"mai_ech":"maille","mai_obs":12},"geometry":{"type":"Polygon","coordinates":[[[2.6634,50.16],[2.6445,50.1696],[2.6357,50.1712],[2.6249,50.1836],[2.6461,50.1907],[2.6517,50.1953],[2.6653,50.1971],[2.6863,50.1891],[2.6829,50.1782],[2.6761,50.1647],[2.6634,50.16]]]}},{"type":"Feature","properties":{"code":"62895","nom":"Wingles","app":11.77,"app_bas":9.8,"app_haut":14.13,"app_ech":"commune","app_obs":426,"mai":9.58,"mai_bas":7.71,"mai_haut":11.9,"mai_ech":"commune","mai_obs":130},"geometry":{"type":"Polygon","coordinates":[[[2.8452,50.5006],[2.8607,50.5069],[2.8821,50.5077],[2.88,50.4963],[2.8587,50.4848],[2.8432,50.4813],[2.834,50.4864],[2.8376,50.4942],[2.8452,50.5006]]]}},{"type":"Feature","properties":{"code":"62010","nom":"Affringues","app":10.91,"app_bas":8.91,"app_haut":13.35,"app_ech":"maille","app_obs":1,"mai":8.25,"mai_bas":6.85,"mai_haut":9.93,"mai_ech":"maille","mai_obs":4},"geometry":{"type":"Polygon","coordinates":[[[2.0935,50.6898],[2.0884,50.6869],[2.0834,50.6877],[2.0693,50.6803],[2.0629,50.6857],[2.0539,50.6899],[2.0448,50.6886],[2.0497,50.691],[2.0559,50.69],[2.0642,50.695],[2.0912,50.6996],[2.0935,50.6898]]]}},{"type":"Feature","properties":{"code":"62017","nom":"Aix-en-Ergny","app":10.7,"app_bas":8.53,"app_haut":13.42,"app_ech":"maille","app_obs":0,"mai":7.77,"mai_bas":6.25,"mai_haut":9.66,"mai_ech":"maille","mai_obs":2},"geometry":{"type":"Polygon","coordinates":[[[1.9942,50.6018],[2.0069,50.6022],[2.0203,50.5949],[2.0141,50.5922],[2.0044,50.5821],[1.9975,50.57],[1.9905,50.5646],[1.9855,50.5663],[1.9918,50.5854],[1.9896,50.591],[1.9942,50.6018]]]}},{"type":"Feature","properties":{"code":"62191","nom":"Caffiers","app":11.87,"app_bas":9.33,"app_haut":15.11,"app_ech":"maille","app_obs":69,"mai":8.78,"mai_bas":7.29,"mai_haut":10.58,"mai_ech":"maille","mai_obs":23},"geometry":{"type":"Polygon","coordinates":[[[1.7863,50.8354],[1.7993,50.8449],[1.8,50.8569],[1.811,50.8564],[1.8262,50.8489],[1.8373,50.8422],[1.8185,50.8375],[1.8054,50.8324],[1.7915,50.8363],[1.7863,50.8354]]]}},{"type":"Feature","properties":{"code":"62217","nom":"Cauchy-à-la-Tour","app":11.09,"app_bas":9.15,"app_haut":13.43,"app_ech":"maille","app_obs":3,"mai":8.04,"mai_bas":6.63,"mai_haut":9.74,"mai_ech":"maille","mai_obs":73},"geometry":{"type":"Polygon","coordinates":[[[2.4489,50.4942],[2.4394,50.5017],[2.4339,50.5122],[2.4444,50.5174],[2.4543,50.5111],[2.4675,50.4981],[2.4589,50.4943],[2.4489,50.4942]]]}},{"type":"Feature","properties":{"code":"62387","nom":"Grévillers","app":10.46,"app_bas":8.58,"app_haut":12.75,"app_ech":"maille","app_obs":2,"mai":7.64,"mai_bas":6.13,"mai_haut":9.51,"mai_ech":"maille","mai_obs":8},"geometry":{"type":"Polygon","coordinates":[[[2.7809,50.1112],[2.7828,50.1154],[2.8033,50.1133],[2.8076,50.1088],[2.822,50.1084],[2.8223,50.0982],[2.8014,50.0889],[2.793,50.0919],[2.7818,50.0911],[2.7781,50.0994],[2.7809,50.1112]]]}},{"type":"Feature","properties":{"code":"62509","nom":"Liettres","app":10.62,"app_bas":8.75,"app_haut":12.89,"app_ech":"maille","app_obs":0,"mai":7.94,"mai_bas":6.5,"mai_haut":9.71,"mai_ech":"maille","mai_obs":10},"geometry":{"type":"Polygon","coordinates":[[[2.3316,50.6077],[2.3464,50.6008],[2.3559,50.5937],[2.3554,50.5908],[2.3441,50.5846],[2.34,50.5902],[2.3255,50.5982],[2.3233,50.6048],[2.3316,50.6077]]]}},{"type":"Feature","properties":{"code":"62826","nom":"Touquet-Paris-Plage","app":16.39,"app_bas":12.14,"app_haut":22.13,"app_ech":"commune","app_obs":457,"mai":10.61,"mai_bas":8.06,"mai_haut":13.97,"mai_ech":"maille","mai_obs":56},"geometry":{"type":"Polygon","coordinates":[[[1.5763,50.4875],[1.5774,50.5165],[1.5813,50.5312],[1.5854,50.5374],[1.6115,50.5256],[1.6349,50.5113],[1.6263,50.5091],[1.6232,50.4993],[1.6107,50.4903],[1.6069,50.4837],[1.5763,50.4875]]]}},{"type":"Feature","properties":{"code":"62827","nom":"Tournehem-sur-la-Hem","app":10.91,"app_bas":8.91,"app_haut":13.35,"app_ech":"maille","app_obs":67,"mai":8.69,"mai_bas":7.13,"mai_haut":10.58,"mai_ech":"maille","mai_obs":84},"geometry":{"type":"Polygon","coordinates":[[[2.0301,50.8216],[2.0472,50.818],[2.0597,50.8118],[2.071,50.8037],[2.0811,50.8032],[2.0722,50.7925],[2.0772,50.7856],[2.0694,50.7782],[2.0636,50.7655],[2.0715,50.7612],[2.0591,50.757],[2.0582,50.7529],[2.0523,50.7589],[2.0419,50.7568],[2.0423,50.7688],[2.0343,50.7801],[2.0345,50.7888],[2.028,50.7969],[2.0065,50.8011],[2.0024,50.8091],[2.0167,50.8095],[2.0286,50.8139],[2.0301,50.8216]]]}},{"type":"Feature","properties":{"code":"62049","nom":"Auchy-au-Bois","app":10.08,"app_bas":8.32,"app_haut":12.21,"app_ech":"maille","app_obs":1,"mai":7.89,"mai_bas":6.31,"mai_haut":9.86,"mai_ech":"maille","mai_obs":25},"geometry":{"type":"Polygon","coordinates":[[[2.368,50.5614],[2.3761,50.5569],[2.3908,50.5572],[2.3946,50.5436],[2.3922,50.5422],[2.3865,50.5454],[2.373,50.539],[2.357,50.5488],[2.3504,50.5546],[2.368,50.5614]]]}},{"type":"Feature","properties":{"code":"62117","nom":"Bertincourt","app":9.74,"app_bas":8.03,"app_haut":11.8,"app_ech":"maille","app_obs":14,"mai":7.91,"mai_bas":6.3,"mai_haut":9.94,"mai_ech":"maille","mai_obs":47},"geometry":{"type":"Polygon","coordinates":[[[2.978,50.0742],[2.9645,50.0735],[2.9512,50.0849],[2.9596,50.0928],[2.9773,50.0928],[2.9845,50.0945],[2.9902,50.1036],[3.0028,50.1044],[3.0072,50.0949],[2.9958,50.0827],[2.995,50.0772],[2.978,50.0742]]]}},{"type":"Feature","properties":{"code":"62304","nom":"Erny-Saint-Julien","app":9.54,"app_bas":7.94,"app_haut":11.47,"app_ech":"maille","app_obs":0,"mai":7.12,"mai_bas":5.9,"mai_haut":8.6,"mai_ech":"maille","mai_obs":9},"geometry":{"type":"Polygon","coordinates":[[[2.257,50.5681],[2.2562,50.5738],[2.2346,50.5841],[2.2275,50.5942],[2.2468,50.5954],[2.2621,50.5918],[2.2665,50.5878],[2.2709,50.5757],[2.2654,50.5694],[2.257,50.5681]]]}},{"type":"Feature","properties":{"code":"62354","nom":"Frencq","app":12.71,"app_bas":10.32,"app_haut":15.65,"app_ech":"maille","app_obs":13,"mai":10.37,"mai_bas":8.54,"mai_haut":12.59,"mai_ech":"maille","mai_obs":10},"geometry":{"type":"Polygon","coordinates":[[[1.701,50.5956],[1.7133,50.5913],[1.7084,50.5893],[1.709,50.575],[1.7194,50.5683],[1.7199,50.5627],[1.7121,50.5511],[1.7074,50.5485],[1.711,50.5417],[1.6982,50.5341],[1.6835,50.5288],[1.6576,50.5569],[1.662,50.5632],[1.6516,50.5706],[1.6663,50.5772],[1.6765,50.5781],[1.6921,50.5884],[1.6928,50.591],[1.701,50.5956]]]}},{"type":"Feature","properties":{"code":"62432","nom":"Herbinghen","app":10.91,"app_bas":8.91,"app_haut":13.35,"app_ech":"maille","app_obs":1,"mai":9.06,"mai_bas":7.45,"mai_haut":11.02,"mai_ech":"maille","mai_obs":5},"geometry":{"type":"Polygon","coordinates":[[[1.8668,50.7511],[1.8822,50.7626],[1.9114,50.7746],[1.9259,50.7775],[1.9264,50.774],[1.9168,50.765],[1.9119,50.7659],[1.894,50.7558],[1.8782,50.7506],[1.8668,50.7511]]]}},{"type":"Feature","properties":{"code":"62435","nom":"Herlincourt","app":9.67,"app_bas":7.93,"app_haut":11.79,"app_ech":"maille","app_obs":0,"mai":7.61,"mai_bas":6.28,"mai_haut":9.23,"mai_ech":"maille","mai_obs":0},"geometry":{"type":"Polygon","coordinates":[[[2.289,50.3543],[2.3062,50.3494],[2.3094,50.3455],[2.2999,50.34],[2.2824,50.3345],[2.2769,50.339],[2.2818,50.3478],[2.289,50.3543]]]}},{"type":"Feature","properties":{"code":"62445","nom":"Hesdigneul-lès-Béthune","app":10.64,"app_bas":8.56,"app_haut":13.24,"app_ech":"maille","app_obs":41,"mai":8.8,"mai_bas":7.2,"mai_haut":10.74,"mai_ech":"maille","mai_obs":27},"geometry":{"type":"Polygon","coordinates":[[[2.6012,50.5066],[2.61,50.5038],[2.6048,50.4957],[2.6057,50.4909],[2.6,50.4857],[2.5882,50.4884],[2.5843,50.5015],[2.6012,50.5066]]]}},{"type":"Feature","properties":{"code":"62462","nom":"Huclier","app":10.42,"app_bas":8.65,"app_haut":12.56,"app_ech":"maille","app_obs":1,"mai":7.61,"mai_bas":6.28,"mai_haut":9.23,"mai_ech":"maille","mai_obs":12},"geometry":{"type":"Polygon","coordinates":[[[2.3438,50.4313],[2.3438,50.4385],[2.3484,50.4396],[2.3572,50.4499],[2.3613,50.4484],[2.3683,50.4344],[2.3574,50.4282],[2.3601,50.4248],[2.3541,50.4214],[2.3438,50.4313]]]}},{"type":"Feature","properties":{"code":"62532","nom":"Lozinghem","app":10.64,"app_bas":8.56,"app_haut":13.24,"app_ech":"maille","app_obs":10,"mai":8.5,"mai_bas":6.96,"mai_haut":10.37,"mai_ech":"maille","mai_obs":45},"geometry":{"type":"Polygon","coordinates":[[[2.4901,50.5101],[2.4813,50.5187],[2.4988,50.524],[2.5087,50.5182],[2.508,50.5145],[2.4901,50.5101]]]}},{"type":"Feature","properties":{"code":"62698","nom":"Recques-sur-Course","app":12.48,"app_bas":9.26,"app_haut":16.82,"app_ech":"maille","app_obs":1,"mai":9.4,"mai_bas":7.05,"mai_haut":12.54,"mai_ech":"maille","mai_obs":6},"geometry":{"type":"Polygon","coordinates":[[[1.7717,50.5284],[1.783,50.5275],[1.7918,50.5324],[1.797,50.5275],[1.799,50.5232],[1.7952,50.5126],[1.7907,50.5114],[1.7749,50.5116],[1.7684,50.5072],[1.7612,50.5044],[1.7542,50.509],[1.7601,50.5154],[1.7738,50.5221],[1.7717,50.5284]]]}},{"type":"Feature","properties":{"code":"62270","nom":"Divion","app":10.63,"app_bas":8.57,"app_haut":13.19,"app_ech":"commune","app_obs":145,"mai":9.11,"mai_bas":7.3,"mai_haut":11.38,"mai_ech":"commune","mai_obs":169},"geometry":{"type":"Polygon","coordinates":[[[2.4748,50.4712],[2.4796,50.4793],[2.4974,50.4826],[2.5108,50.4883],[2.542,50.4668],[2.529,50.4644],[2.501,50.4507],[2.4902,50.4534],[2.4748,50.4712]]]}},{"type":"Feature","properties":{"code":"62337","nom":"Flers","app":12.28,"app_bas":9.94,"app_haut":15.19,"app_ech":"maille","app_obs":0,"mai":6.94,"mai_bas":5.65,"mai_haut":8.51,"mai_ech":"maille","mai_obs":8},"geometry":{"type":"Polygon","coordinates":[[[2.2605,50.3126],[2.2426,50.3081],[2.2267,50.3141],[2.2367,50.3164],[2.2379,50.3271],[2.274,50.3349],[2.2775,50.3321],[2.2719,50.33],[2.2756,50.3208],[2.2605,50.3126]]]}},{"type":"Feature","properties":{"code":"62616","nom":"Nœux-lès-Auxi","app":12.28,"app_bas":9.94,"app_haut":15.19,"app_ech":"maille","app_obs":0,"mai":6.94,"mai_bas":5.65,"mai_haut":8.51,"mai_ech":"maille","mai_obs":2},"geometry":{"type":"Polygon","coordinates":[[[2.1568,50.2392],[2.1674,50.2449],[2.1814,50.2554],[2.1927,50.2476],[2.2072,50.2489],[2.2078,50.2445],[2.2035,50.2444],[2.1961,50.2357],[2.1782,50.2271],[2.1624,50.2309],[2.1568,50.2392]]]}},{"type":"Feature","properties":{"code":"62651","nom":"Penin","app":9.67,"app_bas":7.93,"app_haut":11.79,"app_ech":"maille","app_obs":14,"mai":7.61,"mai_bas":6.28,"mai_haut":9.23,"mai_ech":"maille","mai_obs":52},"geometry":{"type":"Polygon","coordinates":[[[2.4768,50.3185],[2.4613,50.3193],[2.4591,50.3333],[2.4726,50.3429],[2.4798,50.3448],[2.495,50.3421],[2.499,50.3389],[2.5131,50.3398],[2.518,50.3275],[2.5148,50.3214],[2.5044,50.3168],[2.4951,50.3234],[2.487,50.3232],[2.4768,50.3185]]]}},{"type":"Feature","properties":{"code":"62709","nom":"Riencourt-lès-Cagnicourt","app":10.5,"app_bas":8.4,"app_haut":13.13,"app_ech":"maille","app_obs":2,"mai":8.61,"mai_bas":7,"mai_haut":10.59,"mai_ech":"maille","mai_obs":6},"geometry":{"type":"Polygon","coordinates":[[[2.9495,50.1967],[2.9536,50.2035],[2.961,50.2076],[2.9719,50.2096],[2.976,50.2048],[2.9762,50.1923],[2.9697,50.1895],[2.9575,50.1797],[2.9453,50.1792],[2.9495,50.1967]]]}},{"type":"Feature","properties":{"code":"62803","nom":"Surques","app":10.91,"app_bas":8.91,"app_haut":13.35,"app_ech":"maille","app_obs":0,"mai":9.06,"mai_bas":7.45,"mai_haut":11.02,"mai_ech":"maille","mai_obs":28},"geometry":{"type":"Polygon","coordinates":[[[1.9281,50.7616],[1.942,50.7624],[1.946,50.7584],[1.9486,50.7522],[1.9332,50.7394],[1.9107,50.7236],[1.8995,50.7309],[1.8947,50.737],[1.921,50.7491],[1.9281,50.7616]]]}},{"type":"Feature","properties":{"code":"62819","nom":"Tilques","app":10.48,"app_bas":8.47,"app_haut":12.98,"app_ech":"maille","app_obs":12,"mai":8.55,"mai_bas":7.19,"mai_haut":10.18,"mai_ech":"maille","mai_obs":64},"geometry":{"type":"Polygon","coordinates":[[[2.1863,50.7562],[2.171,50.7669],[2.19,50.7781],[2.2129,50.7842],[2.2287,50.7916],[2.2318,50.7851],[2.2107,50.765],[2.1928,50.7571],[2.1863,50.7562]]]}},{"type":"Feature","properties":{"code":"62873","nom":"Wancourt","app":11.47,"app_bas":9.59,"app_haut":13.71,"app_ech":"maille","app_obs":1,"mai":8.61,"mai_bas":7,"mai_haut":10.59,"mai_ech":"maille","mai_obs":21},"geometry":{"type":"Polygon","coordinates":[[[2.8268,50.2618],[2.8514,50.2706],[2.8748,50.2647],[2.8831,50.2514],[2.8791,50.245],[2.8706,50.2426],[2.8557,50.2455],[2.8475,50.2405],[2.8419,50.2446],[2.8268,50.2618]]]}},{"type":"Feature","properties":{"code":"62885","nom":"Westrehem","app":10.62,"app_bas":8.75,"app_haut":12.89,"app_ech":"maille","app_obs":1,"mai":7.72,"mai_bas":6.27,"mai_haut":9.51,"mai_ech":"maille","mai_obs":8},"geometry":{"type":"Polygon","coordinates":[[[2.3264,50.5459],[2.3338,50.5503],[2.3504,50.5546],[2.357,50.5488],[2.3583,50.5433],[2.3525,50.539],[2.3345,50.5361],[2.3264,50.5459]]]}},{"type":"Feature","properties":{"code":"62903","nom":"Zoteux","app":12.71,"app_bas":10.32,"app_haut":15.65,"app_ech":"maille","app_obs":0,"mai":9.14,"mai_bas":7.53,"mai_haut":11.09,"mai_ech":"maille","mai_obs":20},"geometry":{"type":"Polygon","coordinates":[[[1.9037,50.6246],[1.9062,50.6112],[1.9018,50.5997],[1.8911,50.6031],[1.8674,50.6032],[1.8621,50.6086],[1.874,50.6175],[1.8646,50.6221],[1.8796,50.6269],[1.8876,50.6317],[1.9037,50.6246]]]}},{"type":"Feature","properties":{"code":"62086","nom":"Bavincourt","app":9.5,"app_bas":7.94,"app_haut":11.37,"app_ech":"maille","app_obs":13,"mai":7.71,"mai_bas":6.24,"mai_haut":9.53,"mai_ech":"maille","mai_obs":32},"geometry":{"type":"Polygon","coordinates":[[[2.5897,50.2186],[2.5804,50.2152],[2.5469,50.209],[2.5453,50.2166],[2.5481,50.2222],[2.5433,50.2318],[2.5481,50.2352],[2.5528,50.2365],[2.5662,50.2371],[2.5828,50.232],[2.5897,50.2186]]]}},{"type":"Feature","properties":{"code":"62175","nom":"Brévillers","app":11.63,"app_bas":9.33,"app_haut":14.51,"app_ech":"maille","app_obs":0,"mai":8.82,"mai_bas":6.89,"mai_haut":11.29,"mai_ech":"maille","mai_obs":3},"geometry":{"type":"Polygon","coordinates":[[[2.022,50.3363],[2.0115,50.3396],[2.0066,50.3466],[2.0101,50.3524],[2.029,50.358],[2.0368,50.3461],[2.022,50.3363]]]}},{"type":"Feature","properties":{"code":"62238","nom":"Conteville-en-Ternois","app":10.42,"app_bas":8.65,"app_haut":12.56,"app_ech":"maille","app_obs":2,"mai":8.64,"mai_bas":6.92,"mai_haut":10.79,"mai_ech":"maille","mai_obs":0},"geometry":{"type":"Polygon","coordinates":[[[2.3405,50.4301],[2.3247,50.429],[2.3169,50.4253],[2.3113,50.4298],[2.3202,50.4368],[2.3332,50.4399],[2.3438,50.4385],[2.3438,50.4313],[2.3405,50.4301]]]}},{"type":"Feature","properties":{"code":"62401","nom":"Haisnes","app":11.02,"app_bas":9.28,"app_haut":13.09,"app_ech":"maille","app_obs":63,"mai":9.6,"mai_bas":7.74,"mai_haut":11.91,"mai_ech":"maille","mai_obs":64},"geometry":{"type":"Polygon","coordinates":[[[2.7994,50.5286],[2.8038,50.5269],[2.8098,50.4997],[2.8095,50.4959],[2.7992,50.4891],[2.7922,50.4816],[2.7901,50.4729],[2.7799,50.4792],[2.7847,50.4857],[2.7847,50.4899],[2.7972,50.517],[2.7937,50.5213],[2.7994,50.5286]]]}},{"type":"Feature","properties":{"code":"62421","nom":"Havrincourt","app":9.65,"app_bas":8.03,"app_haut":11.6,"app_ech":"maille","app_obs":0,"mai":7.92,"mai_bas":6.34,"mai_haut":9.88,"mai_ech":"maille","mai_obs":18},"geometry":{"type":"Polygon","coordinates":[[[3.0418,50.0801],[3.0474,50.0948],[3.0557,50.11],[3.063,50.1178],[3.0673,50.1287],[3.0724,50.1308],[3.0964,50.1243],[3.0919,50.1206],[3.1049,50.1153],[3.1046,50.1046],[3.0899,50.0941],[3.0799,50.0906],[3.0783,50.0829],[3.087,50.0755],[3.0836,50.0719],[3.0654,50.076],[3.0452,50.0719],[3.0382,50.0729],[3.0418,50.0801]]]}},{"type":"Feature","properties":{"code":"62442","nom":"Hernicourt","app":9.67,"app_bas":7.93,"app_haut":11.79,"app_ech":"maille","app_obs":0,"mai":8.64,"mai_bas":6.92,"mai_haut":10.79,"mai_ech":"maille","mai_obs":8},"geometry":{"type":"Polygon","coordinates":[[[2.3113,50.4298],[2.3169,50.4253],[2.3247,50.429],[2.3405,50.4301],[2.3347,50.4173],[2.3205,50.4051],[2.2952,50.3901],[2.2815,50.3954],[2.2818,50.3969],[2.2998,50.4067],[2.3046,50.4188],[2.294,50.4201],[2.2818,50.416],[2.2682,50.4166],[2.2686,50.4212],[2.298,50.428],[2.3019,50.432],[2.3113,50.4298]]]}},{"type":"Feature","properties":{"code":"62624","nom":"Noyelles-Godault","app":11.7,"app_bas":9.68,"app_haut":14.13,"app_ech":"commune","app_obs":191,"mai":9.97,"mai_bas":8.12,"mai_haut":12.24,"mai_ech":"commune","mai_obs":141},"geometry":{"type":"Polygon","coordinates":[[[2.9917,50.4017],[2.9795,50.4038],[2.9725,50.412],[2.9806,50.4202],[2.999,50.4297],[3.0111,50.4335],[3.0203,50.4299],[3.0037,50.4192],[2.9998,50.411],[2.9917,50.4017]]]}},{"type":"Feature","properties":{"code":"62648","nom":"Parenty","app":12.71,"app_bas":10.32,"app_haut":15.65,"app_ech":"maille","app_obs":0,"mai":9.14,"mai_bas":7.53,"mai_haut":11.09,"mai_ech":"maille","mai_obs":20},"geometry":{"type":"Polygon","coordinates":[[[1.7682,50.5916],[1.7822,50.5994],[1.7903,50.6139],[1.8034,50.6163],[1.8106,50.6148],[1.8304,50.6026],[1.8191,50.5952],[1.8161,50.5901],[1.8278,50.5765],[1.8151,50.5755],[1.7849,50.5785],[1.7796,50.577],[1.7682,50.5916]]]}},{"type":"Feature","properties":{"code":"62753","nom":"Saint-Laurent-Blangy","app":12.79,"app_bas":10.71,"app_haut":15.27,"app_ech":"commune","app_obs":430,"mai":10.31,"mai_bas":8.36,"mai_haut":12.72,"mai_ech":"commune","mai_obs":106},"geometry":{"type":"Polygon","coordinates":[[[2.8262,50.298],[2.8343,50.2936],[2.8112,50.2928],[2.8076,50.2898],[2.789,50.2916],[2.7794,50.2984],[2.7889,50.2986],[2.7989,50.3146],[2.7982,50.3199],[2.8156,50.3302],[2.8257,50.3268],[2.835,50.3201],[2.8276,50.3114],[2.8262,50.298]]]}},{"type":"Feature","properties":{"code":"62755","nom":"Saint-Léonard","app":11.54,"app_bas":9.28,"app_haut":14.34,"app_ech":"maille","app_obs":27,"mai":9.06,"mai_bas":7.45,"mai_haut":11.02,"mai_ech":"maille","mai_obs":51},"geometry":{"type":"Polygon","coordinates":[[[1.6075,50.6923],[1.6055,50.6969],[1.6116,50.7046],[1.631,50.7059],[1.6384,50.6924],[1.628,50.6848],[1.6075,50.6923]]]}},{"type":"Feature","properties":{"code":"62791","nom":"Séricourt","app":9.45,"app_bas":7.87,"app_haut":11.35,"app_ech":"maille","app_obs":0,"mai":6.94,"mai_bas":5.65,"mai_haut":8.51,"mai_ech":"maille","mai_obs":1},"geometry":{"type":"Polygon","coordinates":[[[2.3215,50.2849],[2.3188,50.2844],[2.2996,50.294],[2.3116,50.3097],[2.3158,50.307],[2.3172,50.2977],[2.3267,50.2861],[2.3215,50.2849]]]}},{"type":"Feature","properties":{"code":"62077","nom":"Bajus","app":11.01,"app_bas":8.89,"app_haut":13.62,"app_ech":"maille","app_obs":0,"mai":8.07,"mai_bas":6.73,"mai_haut":9.66,"mai_ech":"maille","mai_obs":4},"geometry":{"type":"Polygon","coordinates":[[[2.4742,50.4321],[2.4866,50.4187],[2.4717,50.4116],[2.4585,50.4156],[2.4541,50.4197],[2.4618,50.4204],[2.4648,50.4272],[2.4742,50.4321]]]}},{"type":"Feature","properties":{"code":"62546","nom":"Maninghen-Henne","app":10.84,"app_bas":8.68,"app_haut":13.52,"app_ech":"maille","app_obs":0,"mai":9.9,"mai_bas":8.22,"mai_haut":11.92,"mai_ech":"maille","mai_obs":31},"geometry":{"type":"Polygon","coordinates":[[[1.6644,50.7588],[1.6535,50.7624],[1.6564,50.7743],[1.6658,50.7737],[1.6829,50.7788],[1.6944,50.781],[1.6917,50.77],[1.6644,50.7588]]]}},{"type":"Feature","properties":{"code":"62571","nom":"Merlimont","app":13.49,"app_bas":10.74,"app_haut":16.94,"app_ech":"commune","app_obs":154,"mai":11.78,"mai_bas":8.96,"mai_haut":15.49,"mai_ech":"commune","mai_obs":177},"geometry":{"type":"Polygon","coordinates":[[[1.6303,50.4696],[1.6288,50.4633],[1.6343,50.4609],[1.6502,50.4608],[1.6446,50.4559],[1.6473,50.4489],[1.6461,50.4412],[1.6372,50.432],[1.6031,50.4346],[1.5689,50.4399],[1.5742,50.4712],[1.6221,50.4737],[1.6303,50.4696]]]}},{"type":"Feature","properties":{"code":"62901","nom":"Wittes","app":10.7,"app_bas":8.87,"app_haut":12.9,"app_ech":"maille","app_obs":0,"mai":7.91,"mai_bas":6.56,"mai_haut":9.53,"mai_ech":"maille","mai_obs":28},"geometry":{"type":"Polygon","coordinates":[[[2.3714,50.6771],[2.3735,50.6727],[2.3831,50.6718],[2.3966,50.6801],[2.4032,50.6817],[2.4078,50.6728],[2.4145,50.6694],[2.4161,50.6658],[2.4021,50.6651],[2.3728,50.6679],[2.3615,50.6679],[2.3602,50.6627],[2.3556,50.6752],[2.3614,50.6789],[2.3714,50.6771]]]}},{"type":"Feature","properties":{"code":"62001","nom":"Ablain-Saint-Nazaire","app":10.38,"app_bas":8.51,"app_haut":12.66,"app_ech":"maille","app_obs":12,"mai":9.25,"mai_bas":7.29,"mai_haut":11.74,"mai_ech":"maille","mai_obs":53},"geometry":{"type":"Polygon","coordinates":[[[2.6665,50.3943],[2.6705,50.3996],[2.6624,50.4076],[2.665,50.4118],[2.6848,50.4062],[2.7023,50.4063],[2.726,50.4023],[2.7342,50.3903],[2.7295,50.3873],[2.7154,50.3838],[2.7022,50.3847],[2.6761,50.3889],[2.6665,50.3943]]]}},{"type":"Feature","properties":{"code":"62018","nom":"Aix-en-Issart","app":10.55,"app_bas":8.28,"app_haut":13.43,"app_ech":"maille","app_obs":13,"mai":7.77,"mai_bas":6.25,"mai_haut":9.66,"mai_ech":"maille","mai_obs":13},"geometry":{"type":"Polygon","coordinates":[[[1.829,50.4874],[1.8306,50.489],[1.8341,50.4994],[1.8541,50.502],[1.8612,50.4882],[1.8755,50.4812],[1.8919,50.4803],[1.898,50.467],[1.8696,50.462],[1.861,50.4641],[1.8517,50.4724],[1.8406,50.4779],[1.829,50.4874]]]}},{"type":"Feature","properties":{"code":"62030","nom":"Amplier","app":10.46,"app_bas":8.54,"app_haut":12.81,"app_ech":"maille","app_obs":0,"mai":8.53,"mai_bas":7.17,"mai_haut":10.15,"mai_ech":"maille","mai_obs":7},"geometry":{"type":"Polygon","coordinates":[[[2.3949,50.1102],[2.3901,50.106],[2.3755,50.1093],[2.383,50.129],[2.3925,50.1447],[2.3898,50.1555],[2.3994,50.157],[2.4033,50.1648],[2.4145,50.1642],[2.4162,50.1442],[2.4019,50.1335],[2.3968,50.1265],[2.3976,50.1136],[2.3949,50.1102]]]}},{"type":"Feature","properties":{"code":"62170","nom":"Bouvigny-Boyeffles","app":11.6,"app_bas":9.64,"app_haut":13.95,"app_ech":"maille","app_obs":52,"mai":9.25,"mai_bas":7.29,"mai_haut":11.74,"mai_ech":"maille","mai_obs":51},"geometry":{"type":"Polygon","coordinates":[[[2.6865,50.4372],[2.691,50.4165],[2.6997,50.4139],[2.7023,50.4063],[2.6848,50.4062],[2.6538,50.415],[2.6464,50.4234],[2.6489,50.4302],[2.6618,50.4381],[2.6802,50.4393],[2.6865,50.4372]]]}},{"type":"Feature","properties":{"code":"62173","nom":"Brebières","app":11.19,"app_bas":9.24,"app_haut":13.54,"app_ech":"commune","app_obs":123,"mai":10.44,"mai_bas":8.33,"mai_haut":13.07,"mai_ech":"commune","mai_obs":223},"geometry":{"type":"Polygon","coordinates":[[[2.9945,50.352],[3.0065,50.3612],[3.0135,50.3594],[3.0388,50.344],[3.0351,50.3311],[3.0386,50.328],[3.0522,50.3256],[3.0431,50.3196],[3.0303,50.318],[3.0213,50.321],[3.0147,50.3189],[3.0094,50.3237],[2.9945,50.352]]]}},{"type":"Feature","properties":{"code":"62181","nom":"Bucquoy","app":10.46,"app_bas":8.58,"app_haut":12.75,"app_ech":"maille","app_obs":94,"mai":9.1,"mai_bas":7.44,"mai_haut":11.15,"mai_ech":"maille","mai_obs":87},"geometry":{"type":"Polygon","coordinates":[[[2.6634,50.16],[2.6761,50.1647],[2.6802,50.1722],[2.6925,50.1757],[2.7034,50.1717],[2.6934,50.1665],[2.6968,50.1607],[2.708,50.1569],[2.7183,50.1618],[2.7283,50.159],[2.723,50.1542],[2.7381,50.1394],[2.7468,50.1387],[2.7299,50.1259],[2.7088,50.1285],[2.7071,50.1264],[2.6957,50.1265],[2.6821,50.1229],[2.6773,50.1249],[2.6671,50.1312],[2.669,50.1386],[2.6612,50.1467],[2.6535,50.1527],[2.6634,50.16]]]}},{"type":"Feature","properties":{"code":"62185","nom":"Bullecourt","app":10.5,"app_bas":8.4,"app_haut":13.13,"app_ech":"maille","app_obs":0,"mai":8.61,"mai_bas":7,"mai_haut":10.59,"mai_ech":"maille","mai_obs":10},"geometry":{"type":"Polygon","coordinates":[[[2.9495,50.1967],[2.9453,50.1792],[2.9322,50.1788],[2.9057,50.1921],[2.9089,50.202],[2.9251,50.2067],[2.9495,50.1967]]]}},{"type":"Feature","properties":{"code":"62300","nom":"Équihen-Plage","app":11.61,"app_bas":9.49,"app_haut":14.19,"app_ech":"maille","app_obs":80,"mai":9.4,"mai_bas":7.05,"mai_haut":12.54,"mai_ech":"maille","mai_obs":44},"geometry":{"type":"Polygon","coordinates":[[[1.5722,50.6641],[1.5625,50.6875],[1.5626,50.6923],[1.5742,50.6941],[1.5808,50.6858],[1.5952,50.6812],[1.5876,50.6706],[1.5722,50.6641]]]}},{"type":"Feature","properties":{"code":"62452","nom":"Heuringhem","app":10.7,"app_bas":8.87,"app_haut":12.9,"app_ech":"maille","app_obs":2,"mai":8.53,"mai_bas":7.08,"mai_haut":10.28,"mai_ech":"maille","mai_obs":51},"geometry":{"type":"Polygon","coordinates":[[[2.2692,50.7044],[2.2943,50.7057],[2.3126,50.7017],[2.3299,50.6945],[2.334,50.6895],[2.3321,50.687],[2.327,50.6876],[2.3092,50.6977],[2.2928,50.6922],[2.283,50.6868],[2.2794,50.6817],[2.267,50.6774],[2.2637,50.6806],[2.2745,50.6858],[2.2754,50.6969],[2.2692,50.7044]]]}},{"type":"Feature","properties":{"code":"62504","nom":"Leulinghem","app":10.48,"app_bas":8.47,"app_haut":12.98,"app_ech":"maille","app_obs":0,"mai":8.25,"mai_bas":6.85,"mai_haut":9.93,"mai_ech":"maille","mai_obs":27},"geometry":{"type":"Polygon","coordinates":[[[2.1556,50.7224],[2.1528,50.7412],[2.1712,50.7447],[2.1857,50.7494],[2.1897,50.7459],[2.1871,50.7389],[2.179,50.7353],[2.1814,50.7293],[2.1718,50.7225],[2.1556,50.7224]]]}},{"type":"Feature","properties":{"code":"62625","nom":"Noyelles-lès-Humières","app":9.67,"app_bas":7.93,"app_haut":11.79,"app_ech":"maille","app_obs":0,"mai":7.02,"mai_bas":5.61,"mai_haut":8.77,"mai_ech":"maille","mai_obs":1},"geometry":{"type":"Polygon","coordinates":[[[2.1829,50.3841],[2.1851,50.371],[2.1707,50.369],[2.1671,50.3754],[2.1765,50.3821],[2.1829,50.3841]]]}},{"type":"Feature","properties":{"code":"62779","nom":"Sarton","app":10.46,"app_bas":8.58,"app_haut":12.75,"app_ech":"maille","app_obs":4,"mai":9.1,"mai_bas":7.44,"mai_haut":11.15,"mai_ech":"maille","mai_obs":3},"geometry":{"type":"Polygon","coordinates":[[[2.442,50.1281],[2.45,50.1244],[2.4297,50.0882],[2.4209,50.0877],[2.4145,50.1006],[2.4192,50.1155],[2.4251,50.1237],[2.442,50.1281]]]}},{"type":"Feature","properties":{"code":"62831","nom":"Troisvaux","app":9.67,"app_bas":7.93,"app_haut":11.79,"app_ech":"maille","app_obs":0,"mai":8.64,"mai_bas":6.92,"mai_haut":10.79,"mai_ech":"maille","mai_obs":6},"geometry":{"type":"Polygon","coordinates":[[[2.3635,50.4209],[2.3565,50.4174],[2.3561,50.4097],[2.3463,50.405],[2.3612,50.4018],[2.3573,50.3968],[2.3365,50.3948],[2.3325,50.3968],[2.3318,50.4029],[2.3205,50.4051],[2.3347,50.4173],[2.3405,50.4301],[2.3438,50.4313],[2.3541,50.4214],[2.3601,50.4248],[2.3635,50.4209]]]}},{"type":"Feature","properties":{"code":"62101","nom":"Beauvois","app":12.28,"app_bas":9.94,"app_haut":15.19,"app_ech":"maille","app_obs":0,"mai":7.02,"mai_bas":5.61,"mai_haut":8.77,"mai_ech":"maille","mai_obs":3},"geometry":{"type":"Polygon","coordinates":[[[2.2375,50.3816],[2.2432,50.3766],[2.2513,50.3754],[2.2455,50.3687],[2.2332,50.3653],[2.2201,50.3726],[2.2209,50.3764],[2.2367,50.3828],[2.2375,50.3816]]]}},{"type":"Feature","properties":{"code":"62113","nom":"Berles-Monchel","app":9.67,"app_bas":7.93,"app_haut":11.79,"app_ech":"maille","app_obs":7,"mai":7.61,"mai_bas":6.28,"mai_haut":9.23,"mai_ech":"maille","mai_obs":10},"geometry":{"type":"Polygon","coordinates":[[[2.5386,50.3329],[2.518,50.3275],[2.5131,50.3398],[2.499,50.3389],[2.495,50.3421],[2.5,50.3477],[2.5163,50.3533],[2.5222,50.3571],[2.5196,50.3663],[2.534,50.3619],[2.5483,50.3456],[2.5509,50.338],[2.5386,50.3329]]]}},{"type":"Feature","properties":{"code":"62195","nom":"Calonne-sur-la-Lys","app":10.08,"app_bas":8.32,"app_haut":12.21,"app_ech":"maille","app_obs":95,"mai":8.59,"mai_bas":6.85,"mai_haut":10.79,"mai_ech":"maille","mai_obs":49},"geometry":{"type":"Polygon","coordinates":[[[2.5926,50.6319],[2.6015,50.631],[2.6146,50.6348],[2.6187,50.6254],[2.6305,50.618],[2.6356,50.6105],[2.637,50.5976],[2.6333,50.5957],[2.6132,50.5975],[2.5984,50.6064],[2.5837,50.6028],[2.5748,50.6117],[2.5949,50.6222],[2.5926,50.6319]]]}},{"type":"Feature","properties":{"code":"62237","nom":"Conteville-lès-Boulogne","app":10.84,"app_bas":8.68,"app_haut":13.52,"app_ech":"maille","app_obs":1,"mai":8.99,"mai_bas":7.35,"mai_haut":10.99,"mai_ech":"maille","mai_obs":12},"geometry":{"type":"Polygon","coordinates":[[[1.7352,50.7514],[1.7436,50.7385],[1.7116,50.741],[1.7238,50.7479],[1.724,50.7517],[1.7352,50.7514]]]}},{"type":"Feature","properties":{"code":"62334","nom":"Fiennes","app":11.87,"app_bas":9.33,"app_haut":15.11,"app_ech":"maille","app_obs":2,"mai":9.06,"mai_bas":7.45,"mai_haut":11.02,"mai_ech":"maille","mai_obs":32},"geometry":{"type":"Polygon","coordinates":[[[1.8066,50.8113],[1.7953,50.82],[1.8054,50.8324],[1.8185,50.8375],[1.8373,50.8422],[1.8614,50.8258],[1.8783,50.8162],[1.863,50.8195],[1.8433,50.8095],[1.8297,50.809],[1.8066,50.8113]]]}},{"type":"Feature","properties":{"code":"62493","nom":"Lebucquière","app":10.5,"app_bas":8.4,"app_haut":13.13,"app_ech":"maille","app_obs":2,"mai":7.91,"mai_bas":6.3,"mai_haut":9.94,"mai_ech":"maille","mai_obs":4},"geometry":{"type":"Polygon","coordinates":[[[2.9543,50.1228],[2.9675,50.1205],[2.9759,50.1123],[2.9569,50.0953],[2.9504,50.1008],[2.934,50.1033],[2.9542,50.1211],[2.9543,50.1228]]]}},{"type":"Feature","properties":{"code":"62540","nom":"Maisnil-lès-Ruitz","app":11.6,"app_bas":9.64,"app_haut":13.95,"app_ech":"maille","app_obs":25,"mai":8.07,"mai_bas":6.73,"mai_haut":9.66,"mai_ech":"maille","mai_obs":41},"geometry":{"type":"Polygon","coordinates":[[[2.5849,50.4335],[2.58,50.4378],[2.5613,50.4453],[2.5557,50.4532],[2.5608,50.46],[2.5853,50.4578],[2.6005,50.4438],[2.5928,50.4355],[2.5849,50.4335]]]}},{"type":"Feature","properties":{"code":"62582","nom":"Monchy-le-Preux","app":11.99,"app_bas":10.17,"app_haut":14.13,"app_ech":"maille","app_obs":4,"mai":8.61,"mai_bas":7,"mai_haut":10.59,"mai_ech":"maille","mai_obs":14},"geometry":{"type":"Polygon","coordinates":[[[2.8531,50.2703],[2.8538,50.2728],[2.8694,50.2798],[2.8899,50.2819],[2.9067,50.2729],[2.9176,50.2743],[2.9317,50.2632],[2.9156,50.2529],[2.8531,50.2703]]]}},{"type":"Feature","properties":{"code":"62784","nom":"Saulty","app":9.5,"app_bas":7.94,"app_haut":11.37,"app_ech":"maille","app_obs":5,"mai":7.71,"mai_bas":6.24,"mai_haut":9.53,"mai_ech":"maille","mai_obs":44},"geometry":{"type":"Polygon","coordinates":[[[2.5379,50.1899],[2.5273,50.1926],[2.4957,50.1946],[2.4951,50.1996],[2.5035,50.2005],[2.5141,50.2054],[2.5038,50.2133],[2.497,50.2153],[2.4978,50.2229],[2.51,50.2258],[2.5281,50.235],[2.5433,50.2318],[2.5481,50.2222],[2.5453,50.2166],[2.5487,50.2041],[2.5436,50.194],[2.5379,50.1899]]]}},{"type":"Feature","properties":{"code":"62788","nom":"Seninghem","app":10.91,"app_bas":8.91,"app_haut":13.35,"app_ech":"maille","app_obs":3,"mai":9.14,"mai_bas":7.53,"mai_haut":11.09,"mai_ech":"maille","mai_obs":23},"geometry":{"type":"Polygon","coordinates":[[[2.0248,50.7164],[2.0356,50.7237],[2.0459,50.7248],[2.0623,50.7156],[2.0656,50.705],[2.0642,50.695],[2.0559,50.69],[2.0497,50.691],[2.0448,50.6886],[2.0242,50.6825],[1.998,50.6822],[1.9902,50.6845],[1.9793,50.6831],[1.9873,50.6739],[1.974,50.6784],[1.9642,50.6786],[1.9743,50.686],[1.9835,50.6946],[2.0084,50.6952],[2.0253,50.7018],[2.0298,50.7098],[2.0248,50.7164]]]}},{"type":"Feature","properties":{"code":"62876","nom":"Warlencourt-Eaucourt","app":11.17,"app_bas":9.24,"app_haut":13.51,"app_ech":"maille","app_obs":0,"mai":7.89,"mai_bas":6.63,"mai_haut":9.39,"mai_ech":"maille","mai_obs":4},"geometry":{"type":"Polygon","coordinates":[[[2.7818,50.0911],[2.793,50.0919],[2.8014,50.0889],[2.8033,50.0731],[2.7995,50.0665],[2.7889,50.0752],[2.7745,50.0792],[2.7747,50.0853],[2.7818,50.0911]]]}},{"type":"Feature","properties":{"code":"62083","nom":"Barlin","app":11.6,"app_bas":9.64,"app_haut":13.95,"app_ech":"maille","app_obs":97,"mai":8.73,"mai_bas":7.15,"mai_haut":10.66,"mai_ech":"commune","mai_obs":193},"geometry":{"type":"Polygon","coordinates":[[[2.6102,50.4384],[2.6005,50.4438],[2.5907,50.4535],[2.5962,50.4555],[2.6111,50.4664],[2.6107,50.4687],[2.6339,50.4702],[2.6389,50.4663],[2.6312,50.4558],[2.6102,50.4384]]]}},{"type":"Feature","properties":{"code":"62144","nom":"Boiry-Becquerelle","app":11.47,"app_bas":9.59,"app_haut":13.71,"app_ech":"maille","app_obs":6,"mai":8.61,"mai_bas":7,"mai_haut":10.59,"mai_ech":"maille","mai_obs":21},"geometry":{"type":"Polygon","coordinates":[[[2.807,50.2074],[2.8054,50.2182],[2.8013,50.2252],[2.8133,50.231],[2.8245,50.2191],[2.8433,50.205],[2.845,50.1983],[2.8399,50.1956],[2.8258,50.2049],[2.8146,50.2082],[2.807,50.2074]]]}},{"type":"Feature","properties":{"code":"62188","nom":"Burbure","app":10.42,"app_bas":8.65,"app_haut":12.56,"app_ech":"maille","app_obs":14,"mai":7.99,"mai_bas":6.54,"mai_haut":9.76,"mai_ech":"commune","mai_obs":142},"geometry":{"type":"Polygon","coordinates":[[[2.4415,50.5339],[2.4627,50.5472],[2.4841,50.5366],[2.4771,50.5319],[2.473,50.5191],[2.4556,50.5208],[2.4471,50.5256],[2.4415,50.5339]]]}},{"type":"Feature","properties":{"code":"62201","nom":"Camiers","app":12.77,"app_bas":10.33,"app_haut":15.79,"app_ech":"commune","app_obs":125,"mai":11.2,"mai_bas":9.2,"mai_haut":13.62,"mai_ech":"commune","mai_obs":105},"geometry":{"type":"Polygon","coordinates":[[[1.6303,50.5819],[1.6423,50.5709],[1.6477,50.5726],[1.641,50.559],[1.6416,50.5524],[1.6365,50.5437],[1.6252,50.5483],[1.6093,50.5397],[1.6001,50.5495],[1.5813,50.5628],[1.5766,50.5722],[1.5788,50.5806],[1.6303,50.5819]]]}},{"type":"Feature","properties":{"code":"62232","nom":"Comté","app":11.01,"app_bas":8.89,"app_haut":13.62,"app_ech":"maille","app_obs":3,"mai":8.07,"mai_bas":6.73,"mai_haut":9.66,"mai_ech":"maille","mai_obs":31},"geometry":{"type":"Polygon","coordinates":[[[2.5088,50.4109],[2.5031,50.4145],[2.4866,50.4187],[2.4742,50.4321],[2.4855,50.4405],[2.4874,50.4458],[2.499,50.4351],[2.5204,50.4294],[2.525,50.4201],[2.5205,50.4141],[2.5088,50.4109]]]}},{"type":"Feature","properties":{"code":"62297","nom":"Éperlecques","app":10.43,"app_bas":8.51,"app_haut":12.79,"app_ech":"maille","app_obs":33,"mai":9,"mai_bas":7.57,"mai_haut":10.71,"mai_ech":"commune","mai_obs":161},"geometry":{"type":"Polygon","coordinates":[[[2.1083,50.79],[2.1117,50.7944],[2.1337,50.8055],[2.129,50.8178],[2.1307,50.8275],[2.126,50.8312],[2.1279,50.8387],[2.1371,50.8383],[2.1404,50.8437],[2.1737,50.8376],[2.1889,50.8439],[2.2026,50.8429],[2.2081,50.8381],[2.2114,50.8195],[2.1697,50.8028],[2.1493,50.7976],[2.1326,50.7901],[2.1118,50.7766],[2.1038,50.7812],[2.1151,50.7853],[2.1083,50.79]]]}},{"type":"Feature","properties":{"code":"62367","nom":"Gauchin-Verloingt","app":9.67,"app_bas":7.93,"app_haut":11.79,"app_ech":"maille","app_obs":1,"mai":7.02,"mai_bas":5.61,"mai_haut":8.77,"mai_ech":"maille","mai_obs":8},"geometry":{"type":"Polygon","coordinates":[[[2.2952,50.3901],[2.3205,50.4051],[2.3318,50.4029],[2.3325,50.3968],[2.3297,50.382],[2.3214,50.3771],[2.2995,50.378],[2.2952,50.3901]]]}},{"type":"Feature","properties":{"code":"62414","nom":"Haucourt","app":10.5,"app_bas":8.4,"app_haut":13.13,"app_ech":"maille","app_obs":10,"mai":8.61,"mai_bas":7,"mai_haut":10.59,"mai_ech":"maille","mai_obs":7},"geometry":{"type":"Polygon","coordinates":[[[2.9538,50.2315],[2.9458,50.2469],[2.9593,50.2515],[2.986,50.2421],[2.9931,50.2347],[2.9854,50.2271],[2.9712,50.2221],[2.9538,50.2315]]]}},{"type":"Feature","properties":{"code":"62416","nom":"Hautecloque","app":12.28,"app_bas":9.94,"app_haut":15.19,"app_ech":"maille","app_obs":0,"mai":7.61,"mai_bas":6.28,"mai_haut":9.23,"mai_ech":"maille","mai_obs":4},"geometry":{"type":"Polygon","coordinates":[[[2.2824,50.3345],[2.2999,50.34],[2.3094,50.3455],[2.3192,50.3459],[2.3376,50.3418],[2.3428,50.3341],[2.3296,50.3238],[2.3301,50.3211],[2.3195,50.3186],[2.3154,50.322],[2.3171,50.3286],[2.3066,50.3342],[2.2955,50.3288],[2.2841,50.3283],[2.2775,50.3321],[2.2824,50.3345]]]}},{"type":"Feature","properties":{"code":"62428","nom":"Hénin-sur-Cojeul","app":11.47,"app_bas":9.59,"app_haut":13.71,"app_ech":"maille","app_obs":2,"mai":8.61,"mai_bas":7,"mai_haut":10.59,"mai_ech":"maille","mai_obs":8},"geometry":{"type":"Polygon","coordinates":[[[2.8338,50.2365],[2.8422,50.2285],[2.8623,50.2132],[2.8537,50.2005],[2.845,50.1983],[2.8433,50.205],[2.8245,50.2191],[2.8133,50.231],[2.8199,50.2344],[2.8338,50.2365]]]}},{"type":"Feature","properties":{"code":"62514","nom":"Ligny-Saint-Flochel","app":9.67,"app_bas":7.93,"app_haut":11.79,"app_ech":"maille","app_obs":0,"mai":7.61,"mai_bas":6.28,"mai_haut":9.23,"mai_ech":"maille","mai_obs":14},"geometry":{"type":"Polygon","coordinates":[[[2.4092,50.3477],[2.4052,50.3484],[2.4118,50.3662],[2.4248,50.3731],[2.441,50.3648],[2.4392,50.3558],[2.4272,50.3484],[2.4092,50.3477]]]}},{"type":"Feature","properties":{"code":"62527","nom":"Longvilliers","app":12.71,"app_bas":10.32,"app_haut":15.65,"app_ech":"maille","app_obs":0,"mai":10.37,"mai_bas":8.54,"mai_haut":12.59,"mai_ech":"maille","mai_obs":12},"geometry":{"type":"Polygon","coordinates":[[[1.7717,50.5284],[1.7738,50.5221],[1.7601,50.5154],[1.7497,50.5178],[1.7422,50.5164],[1.7486,50.5234],[1.7441,50.5283],[1.7253,50.5295],[1.7144,50.5339],[1.7074,50.5485],[1.7121,50.5511],[1.7274,50.5476],[1.7562,50.5524],[1.7638,50.5369],[1.7703,50.5367],[1.7717,50.5284]]]}},{"type":"Feature","properties":{"code":"62569","nom":"Merck-Saint-Liévin","app":11.09,"app_bas":9.14,"app_haut":13.46,"app_ech":"maille","app_obs":0,"mai":7.86,"mai_bas":6.43,"mai_haut":9.62,"mai_ech":"maille","mai_obs":27},"geometry":{"type":"Polygon","coordinates":[[[2.1253,50.6174],[2.1076,50.6189],[2.0839,50.6247],[2.0854,50.6322],[2.0795,50.6352],[2.0752,50.6433],[2.0936,50.6458],[2.0938,50.6498],[2.1123,50.659],[2.1241,50.6532],[2.1219,50.647],[2.1319,50.6453],[2.1344,50.6414],[2.1295,50.6317],[2.1253,50.6174]]]}},{"type":"Feature","properties":{"code":"62578","nom":"Monchiet","app":10.99,"app_bas":9.3,"app_haut":12.97,"app_ech":"maille","app_obs":0,"mai":9.5,"mai_bas":7.68,"mai_haut":11.75,"mai_ech":"maille","mai_obs":0},"geometry":{"type":"Polygon","coordinates":[[[2.6354,50.2443],[2.6393,50.2362],[2.6264,50.2321],[2.6109,50.2299],[2.6092,50.2422],[2.6298,50.2476],[2.6354,50.2443]]]}},{"type":"Feature","properties":{"code":"62584","nom":"Mont-Bernanchon","app":10.08,"app_bas":8.32,"app_haut":12.21,"app_ech":"maille","app_obs":18,"mai":8.23,"mai_bas":6.65,"mai_haut":10.18,"mai_ech":"maille","mai_obs":31},"geometry":{"type":"Polygon","coordinates":[[[2.5837,50.6028],[2.5984,50.6064],[2.6132,50.5975],[2.6333,50.5957],[2.6269,50.5858],[2.6149,50.5727],[2.6037,50.5718],[2.5929,50.5741],[2.5813,50.5829],[2.5611,50.5837],[2.5646,50.5945],[2.5725,50.5999],[2.5837,50.6028]]]}},{"type":"Feature","properties":{"code":"62685","nom":"Radinghem","app":10.7,"app_bas":8.53,"app_haut":13.42,"app_ech":"maille","app_obs":0,"mai":7.86,"mai_bas":6.43,"mai_haut":9.62,"mai_ech":"maille","mai_obs":10},"geometry":{"type":"Polygon","coordinates":[[[2.1177,50.5361],[2.101,50.5422],[2.0962,50.5524],[2.1313,50.5568],[2.1379,50.5478],[2.1367,50.5448],[2.127,50.5376],[2.1177,50.5361]]]}},{"type":"Feature","properties":{"code":"62718","nom":"Rœux","app":10.95,"app_bas":9.06,"app_haut":13.24,"app_ech":"maille","app_obs":30,"mai":8.96,"mai_bas":7.24,"mai_haut":11.08,"mai_ech":"maille","mai_obs":7},"geometry":{"type":"Polygon","coordinates":[[[2.8961,50.3163],[2.9017,50.3151],[2.9185,50.3028],[2.9124,50.2952],[2.9056,50.2948],[2.8982,50.2883],[2.8916,50.2908],[2.8844,50.3004],[2.8908,50.3136],[2.8961,50.3163]]]}},{"type":"Feature","properties":{"code":"62056","nom":"Audresselles","app":12.1,"app_bas":9.69,"app_haut":15.11,"app_ech":"maille","app_obs":2,"mai":10.46,"mai_bas":8.29,"mai_haut":13.18,"mai_ech":"maille","mai_obs":24},"geometry":{"type":"Polygon","coordinates":[[[1.5887,50.8315],[1.6004,50.8354],[1.6087,50.842],[1.6228,50.8404],[1.6251,50.8318],[1.6371,50.8354],[1.6281,50.825],[1.6138,50.8176],[1.594,50.8177],[1.5887,50.8315]]]}},{"type":"Feature","properties":{"code":"62160","nom":"Boulogne-sur-Mer","app":11.45,"app_bas":9.22,"app_haut":14.23,"app_ech":"commune","app_obs":9555,"mai":9.54,"mai_bas":7.58,"mai_haut":12,"mai_ech":"commune","mai_obs":722},"geometry":{"type":"Polygon","coordinates":[[[1.5947,50.7499],[1.6011,50.7415],[1.608,50.7464],[1.6221,50.7379],[1.6202,50.7348],[1.6263,50.7239],[1.619,50.7117],[1.608,50.71],[1.5916,50.7151],[1.5868,50.7248],[1.5927,50.732],[1.596,50.7462],[1.5947,50.7499]]]}},{"type":"Feature","properties":{"code":"62167","nom":"Boursin","app":12.1,"app_bas":9.69,"app_haut":15.11,"app_ech":"maille","app_obs":0,"mai":8.99,"mai_bas":7.35,"mai_haut":10.99,"mai_ech":"maille","mai_obs":13},"geometry":{"type":"Polygon","coordinates":[[[1.7893,50.766],[1.8175,50.7776],[1.8208,50.7831],[1.8518,50.7831],[1.8454,50.7755],[1.8494,50.7632],[1.8414,50.7603],[1.8123,50.759],[1.7987,50.762],[1.7893,50.766]]]}},{"type":"Feature","properties":{"code":"62194","nom":"Calonne-Ricouart","app":10.31,"app_bas":8.51,"app_haut":12.49,"app_ech":"commune","app_obs":109,"mai":7.96,"mai_bas":6.57,"mai_haut":9.65,"mai_ech":"commune","mai_obs":181},"geometry":{"type":"Polygon","coordinates":[[[2.486,50.4979],[2.5018,50.4958],[2.5134,50.4901],[2.4974,50.4826],[2.4796,50.4793],[2.4589,50.4943],[2.4675,50.4981],[2.4759,50.4944],[2.486,50.4979]]]}},{"type":"Feature","properties":{"code":"62256","nom":"Crépy","app":9.54,"app_bas":7.94,"app_haut":11.47,"app_ech":"maille","app_obs":0,"mai":7.12,"mai_bas":5.9,"mai_haut":8.6,"mai_ech":"maille","mai_obs":7},"geometry":{"type":"Polygon","coordinates":[[[2.182,50.4783],[2.187,50.4779],[2.2008,50.4832],[2.2103,50.4891],[2.2214,50.4844],[2.2186,50.4771],[2.2283,50.4673],[2.2079,50.4603],[2.1955,50.4619],[2.1884,50.4574],[2.186,50.4584],[2.182,50.47],[2.182,50.4783]]]}},{"type":"Feature","properties":{"code":"62634","nom":"Offekerque","app":11.4,"app_bas":9.12,"app_haut":14.26,"app_ech":"maille","app_obs":5,"mai":9.06,"mai_bas":7.36,"mai_haut":11.15,"mai_ech":"maille","mai_obs":50},"geometry":{"type":"Polygon","coordinates":[[[2.0357,50.8957],[2.032,50.9029],[2.0098,50.9248],[1.9959,50.9352],[1.9916,50.9484],[1.9949,50.9536],[2.0202,50.9572],[2.0371,50.9433],[2.0363,50.9348],[2.0396,50.9262],[2.0397,50.9138],[2.0486,50.899],[2.0357,50.8957]]]}},{"type":"Feature","properties":{"code":"62763","nom":"Saint-Michel-sur-Ternoise","app":9.45,"app_bas":7.87,"app_haut":11.35,"app_ech":"maille","app_obs":13,"mai":7.61,"mai_bas":6.28,"mai_haut":9.23,"mai_ech":"maille","mai_obs":52},"geometry":{"type":"Polygon","coordinates":[[[2.3818,50.391],[2.3884,50.3841],[2.3809,50.3768],[2.3611,50.3669],[2.3577,50.3632],[2.3445,50.3595],[2.3339,50.3668],[2.3446,50.3806],[2.3563,50.3787],[2.3697,50.3845],[2.3722,50.39],[2.3818,50.391]]]}},{"type":"Feature","properties":{"code":"62768","nom":"Saint-Rémy-au-Bois","app":10.34,"app_bas":8.62,"app_haut":12.4,"app_ech":"maille","app_obs":0,"mai":7.95,"mai_bas":6.22,"mai_haut":10.15,"mai_ech":"maille","mai_obs":1},"geometry":{"type":"Polygon","coordinates":[[[1.855,50.3743],[1.8617,50.382],[1.8629,50.3795],[1.8798,50.3779],[1.8776,50.3678],[1.8811,50.3593],[1.89,50.3567],[1.8798,50.3552],[1.8757,50.3602],[1.8621,50.359],[1.8535,50.3694],[1.855,50.3743]]]}},{"type":"Feature","properties":{"code":"62787","nom":"Sempy","app":10.55,"app_bas":8.28,"app_haut":13.43,"app_ech":"maille","app_obs":0,"mai":7.77,"mai_bas":6.25,"mai_haut":9.66,"mai_ech":"maille","mai_obs":25},"geometry":{"type":"Polygon","coordinates":[[[1.8919,50.4803],[1.8755,50.4812],[1.8612,50.4882],[1.8541,50.502],[1.874,50.5115],[1.8734,50.5132],[1.8916,50.5133],[1.8918,50.4967],[1.9005,50.4848],[1.8919,50.4803]]]}},{"type":"Feature","properties":{"code":"62814","nom":"Thièvres","app":9.5,"app_bas":7.94,"app_haut":11.37,"app_ech":"maille","app_obs":0,"mai":9.1,"mai_bas":7.44,"mai_haut":11.15,"mai_ech":"maille","mai_obs":1},"geometry":{"type":"Polygon","coordinates":[[[2.4453,50.1422],[2.455,50.1312],[2.45,50.1244],[2.442,50.1281],[2.4414,50.1365],[2.4453,50.1422]]]}},{"type":"Feature","properties":{"code":"62825","nom":"Tortequesne","app":11.46,"app_bas":8.73,"app_haut":15.04,"app_ech":"maille","app_obs":4,"mai":8.96,"mai_bas":7.24,"mai_haut":11.08,"mai_ech":"maille","mai_obs":15},"geometry":{"type":"Polygon","coordinates":[[[3.0287,50.3029],[3.03,50.2967],[3.0476,50.2938],[3.0552,50.2898],[3.0551,50.2823],[3.0405,50.2875],[3.0153,50.2838],[3.0002,50.2841],[3.0133,50.2864],[3.0244,50.2915],[3.0153,50.2982],[3.0287,50.3029]]]}},{"type":"Feature","properties":{"code":"62828","nom":"Tramecourt","app":10.7,"app_bas":8.53,"app_haut":13.42,"app_ech":"maille","app_obs":0,"mai":7.86,"mai_bas":6.43,"mai_haut":9.62,"mai_ech":"maille","mai_obs":3},"geometry":{"type":"Polygon","coordinates":[[[2.1637,50.4747],[2.1556,50.4603],[2.1462,50.4626],[2.1421,50.4663],[2.1458,50.4773],[2.1559,50.4783],[2.1637,50.4747]]]}},{"type":"Feature","properties":{"code":"62841","nom":"Vendin-lès-Béthune","app":10.42,"app_bas":8.65,"app_haut":12.56,"app_ech":"maille","app_obs":49,"mai":8.5,"mai_bas":6.96,"mai_haut":10.37,"mai_ech":"maille","mai_obs":84},"geometry":{"type":"Polygon","coordinates":[[[2.6249,50.5516],[2.6211,50.5443],[2.6079,50.536],[2.6022,50.5349],[2.5896,50.5389],[2.5891,50.5436],[2.5969,50.5453],[2.6014,50.5568],[2.606,50.5597],[2.6249,50.5516]]]}},{"type":"Feature","properties":{"code":"62867","nom":"Wacquinghen","app":10.84,"app_bas":8.68,"app_haut":13.52,"app_ech":"maille","app_obs":0,"mai":9.9,"mai_bas":8.22,"mai_haut":11.92,"mai_ech":"maille","mai_obs":6},"geometry":{"type":"Polygon","coordinates":[[[1.6564,50.7743],[1.6571,50.7831],[1.6672,50.7887],[1.6802,50.7854],[1.6829,50.7788],[1.6658,50.7737],[1.6564,50.7743]]]}},{"type":"Feature","properties":{"code":"62059","nom":"Autingues","app":10.91,"app_bas":8.39,"app_haut":14.21,"app_ech":"maille","app_obs":1,"mai":8.91,"mai_bas":7.47,"mai_haut":10.63,"mai_ech":"maille","mai_obs":6},"geometry":{"type":"Polygon","coordinates":[[[1.9961,50.8574],[1.9951,50.835],[1.9886,50.8296],[1.9716,50.8327],[1.9833,50.8512],[1.9961,50.8574]]]}},{"type":"Feature","properties":{"code":"62108","nom":"Berck","app":12.52,"app_bas":9.97,"app_haut":15.73,"app_ech":"commune","app_obs":2198,"mai":10.3,"mai_bas":8.04,"mai_haut":13.21,"mai_ech":"commune","mai_obs":399},"geometry":{"type":"Polygon","coordinates":[[[1.6059,50.3991],[1.5823,50.3912],[1.5715,50.3904],[1.5633,50.395],[1.5578,50.4047],[1.5634,50.4185],[1.5689,50.4399],[1.6031,50.4346],[1.6061,50.409],[1.6059,50.3991]]]}},{"type":"Feature","properties":{"code":"62216","nom":"Cauchie","app":9.5,"app_bas":7.94,"app_haut":11.37,"app_ech":"maille","app_obs":0,"mai":9.1,"mai_bas":7.44,"mai_haut":11.15,"mai_ech":"maille","mai_obs":5},"geometry":{"type":"Polygon","coordinates":[[[2.5818,50.2122],[2.5922,50.2129],[2.5976,50.2085],[2.5891,50.1985],[2.5778,50.1979],[2.5683,50.2015],[2.5699,50.2075],[2.5818,50.2122]]]}},{"type":"Feature","properties":{"code":"62258","nom":"Croisette","app":9.67,"app_bas":7.93,"app_haut":11.79,"app_ech":"maille","app_obs":0,"mai":6.94,"mai_bas":5.65,"mai_haut":8.51,"mai_ech":"maille","mai_obs":23},"geometry":{"type":"Polygon","coordinates":[[[2.2824,50.3345],[2.2775,50.3321],[2.2618,50.3465],[2.2405,50.3469],[2.2382,50.3576],[2.2504,50.3672],[2.2591,50.3672],[2.2798,50.3628],[2.2826,50.3638],[2.289,50.3543],[2.2818,50.3478],[2.2769,50.339],[2.2824,50.3345]]]}},{"type":"Feature","properties":{"code":"62275","nom":"Douriez","app":11.63,"app_bas":9.33,"app_haut":14.51,"app_ech":"maille","app_obs":1,"mai":8.82,"mai_bas":6.89,"mai_haut":11.29,"mai_ech":"maille","mai_obs":10},"geometry":{"type":"Polygon","coordinates":[[[1.8517,50.3429],[1.8798,50.3552],[1.89,50.3567],[1.8957,50.3536],[1.8937,50.3455],[1.9069,50.3422],[1.9063,50.3328],[1.8868,50.3233],[1.8933,50.3182],[1.8809,50.3182],[1.8754,50.3227],[1.8726,50.3322],[1.8659,50.3366],[1.8521,50.3411],[1.8517,50.3429]]]}},{"type":"Feature","properties":{"code":"62517","nom":"Linghem","app":10.62,"app_bas":8.75,"app_haut":12.89,"app_ech":"maille","app_obs":2,"mai":7.72,"mai_bas":6.27,"mai_haut":9.51,"mai_ech":"maille","mai_obs":2},"geometry":{"type":"Polygon","coordinates":[[[2.3559,50.5937],[2.3753,50.6003],[2.3808,50.5972],[2.3894,50.5875],[2.3793,50.5787],[2.3627,50.582],[2.3554,50.5908],[2.3559,50.5937]]]}},{"type":"Feature","properties":{"code":"62589","nom":"Mont-Saint-Éloi","app":10.99,"app_bas":9.3,"app_haut":12.97,"app_ech":"maille","app_obs":22,"mai":9.73,"mai_bas":7.52,"mai_haut":12.6,"mai_ech":"maille","mai_obs":24},"geometry":{"type":"Polygon","coordinates":[[[2.6633,50.3263],[2.6554,50.3272],[2.6485,50.3328],[2.6607,50.3361],[2.6694,50.3716],[2.7039,50.365],[2.7123,50.3672],[2.724,50.3665],[2.7295,50.3489],[2.7153,50.3462],[2.7109,50.3413],[2.6933,50.3362],[2.6719,50.3269],[2.6633,50.3263]]]}},{"type":"Feature","properties":{"code":"62724","nom":"Rouvroy","app":10.68,"app_bas":8.9,"app_haut":12.8,"app_ech":"commune","app_obs":112,"mai":9.08,"mai_bas":7.24,"mai_haut":11.38,"mai_ech":"commune","mai_obs":129},"geometry":{"type":"Polygon","coordinates":[[[2.917,50.3876],[2.898,50.3856],[2.8859,50.3933],[2.8909,50.4107],[2.9096,50.4112],[2.9216,50.406],[2.9268,50.4013],[2.917,50.3876]]]}},{"type":"Feature","properties":{"code":"62837","nom":"Vaudringhem","app":11.09,"app_bas":9.14,"app_haut":13.46,"app_ech":"maille","app_obs":1,"mai":9.14,"mai_bas":7.53,"mai_haut":11.09,"mai_ech":"maille","mai_obs":15},"geometry":{"type":"Polygon","coordinates":[[[2.0031,50.6373],[1.9958,50.6393],[1.9958,50.6476],[2.0071,50.6609],[2.0279,50.6675],[2.053,50.6609],[2.0492,50.652],[2.0583,50.645],[2.0359,50.6498],[2.0195,50.6445],[2.0093,50.6441],[2.0031,50.6373]]]}},{"type":"Feature","properties":{"code":"62848","nom":"Verquin","app":10.52,"app_bas":8.71,"app_haut":12.69,"app_ech":"maille","app_obs":60,"mai":8.57,"mai_bas":6.87,"mai_haut":10.68,"mai_ech":"commune","mai_obs":166},"geometry":{"type":"Polygon","coordinates":[[[2.6277,50.5129],[2.635,50.5148],[2.6498,50.5099],[2.6545,50.5004],[2.6564,50.4887],[2.6508,50.4868],[2.631,50.4969],[2.6317,50.5075],[2.6277,50.5115],[2.6277,50.5129]]]}},{"type":"Feature","properties":{"code":"62887","nom":"Widehem","app":12.71,"app_bas":10.32,"app_haut":15.65,"app_ech":"maille","app_obs":1,"mai":10.37,"mai_bas":8.54,"mai_haut":12.59,"mai_ech":"maille","mai_obs":1},"geometry":{"type":"Polygon","coordinates":[[[1.6303,50.5819],[1.6425,50.5919],[1.6411,50.5939],[1.6541,50.5899],[1.6652,50.5925],[1.6851,50.5942],[1.6928,50.591],[1.6921,50.5884],[1.6765,50.5781],[1.6663,50.5772],[1.6516,50.5706],[1.6477,50.5726],[1.6423,50.5709],[1.6303,50.5819]]]}},{"type":"Feature","properties":{"code":"62066","nom":"Avondance","app":10.7,"app_bas":8.53,"app_haut":13.42,"app_ech":"maille","app_obs":0,"mai":6.55,"mai_bas":5.3,"mai_haut":8.1,"mai_ech":"maille","mai_obs":0},"geometry":{"type":"Polygon","coordinates":[[[2.1082,50.4727],[2.1014,50.4704],[2.0936,50.4749],[2.0877,50.4849],[2.1045,50.4866],[2.1138,50.476],[2.1082,50.4727]]]}},{"type":"Feature","properties":{"code":"62267","nom":"Dennebrœucq","app":11.09,"app_bas":9.14,"app_haut":13.46,"app_ech":"maille","app_obs":0,"mai":7.86,"mai_bas":6.43,"mai_haut":9.62,"mai_ech":"maille","mai_obs":15},"geometry":{"type":"Polygon","coordinates":[[[2.1506,50.5657],[2.1426,50.5686],[2.1447,50.5771],[2.1526,50.5808],[2.1501,50.5905],[2.1524,50.5997],[2.1607,50.5996],[2.1689,50.5887],[2.1516,50.566],[2.1506,50.5657]]]}},{"type":"Feature","properties":{"code":"62409","nom":"Hannescamps","app":11.7,"app_bas":9.51,"app_haut":14.4,"app_ech":"maille","app_obs":0,"mai":7.61,"mai_bas":6.14,"mai_haut":9.44,"mai_ech":"maille","mai_obs":2},"geometry":{"type":"Polygon","coordinates":[[[2.6634,50.16],[2.6535,50.1527],[2.6284,50.16],[2.6161,50.1572],[2.6298,50.1651],[2.6357,50.1712],[2.6445,50.1696],[2.6634,50.16]]]}},{"type":"Feature","properties":{"code":"62426","nom":"Héninel","app":11.99,"app_bas":10.17,"app_haut":14.13,"app_ech":"maille","app_obs":0,"mai":9.95,"mai_bas":7.76,"mai_haut":12.75,"mai_ech":"maille","mai_obs":8},"geometry":{"type":"Polygon","coordinates":[[[2.8791,50.245],[2.8888,50.2382],[2.891,50.2293],[2.8767,50.2178],[2.8731,50.2197],[2.8601,50.2237],[2.86,50.2287],[2.8475,50.2405],[2.8557,50.2455],[2.8706,50.2426],[2.8791,50.245]]]}},{"type":"Feature","properties":{"code":"62528","nom":"Loos-en-Gohelle","app":11.25,"app_bas":9.35,"app_haut":13.54,"app_ech":"commune","app_obs":240,"mai":9.52,"mai_bas":7.68,"mai_haut":11.81,"mai_ech":"commune","mai_obs":167},"geometry":{"type":"Polygon","coordinates":[[[2.7901,50.4729],[2.8003,50.4694],[2.8119,50.4721],[2.8165,50.4554],[2.8166,50.4506],[2.795,50.4452],[2.787,50.4411],[2.7669,50.438],[2.7556,50.4414],[2.7561,50.4538],[2.7663,50.4664],[2.7799,50.4792],[2.7901,50.4729]]]}},{"type":"Feature","properties":{"code":"62600","nom":"Nédon","app":9.54,"app_bas":7.94,"app_haut":11.47,"app_ech":"maille","app_obs":0,"mai":7.72,"mai_bas":6.27,"mai_haut":9.51,"mai_ech":"maille","mai_obs":1},"geometry":{"type":"Polygon","coordinates":[[[2.3381,50.5085],[2.3591,50.515],[2.3653,50.5205],[2.3613,50.53],[2.3709,50.5408],[2.373,50.539],[2.3777,50.5321],[2.3819,50.5193],[2.3639,50.5089],[2.3433,50.5007],[2.3381,50.5085]]]}},{"type":"Feature","properties":{"code":"62605","nom":"Neulette","app":9.67,"app_bas":7.93,"app_haut":11.79,"app_ech":"maille","app_obs":0,"mai":7.02,"mai_bas":5.61,"mai_haut":8.77,"mai_ech":"maille","mai_obs":0},"geometry":{"type":"Polygon","coordinates":[[[2.156,50.3813],[2.1619,50.3877],[2.1765,50.3821],[2.1671,50.3754],[2.156,50.3813]]]}},{"type":"Feature","properties":{"code":"62615","nom":"Nielles-lès-Calais","app":11.4,"app_bas":9.12,"app_haut":14.26,"app_ech":"maille","app_obs":2,"mai":9.4,"mai_bas":7.61,"mai_haut":11.62,"mai_ech":"maille","mai_obs":3},"geometry":{"type":"Polygon","coordinates":[[[1.858,50.9153],[1.8641,50.9138],[1.8547,50.9089],[1.8422,50.9079],[1.8284,50.9033],[1.8111,50.8944],[1.8002,50.8909],[1.8106,50.8967],[1.8303,50.9135],[1.8368,50.9158],[1.8472,50.9121],[1.858,50.9153]]]}},{"type":"Feature","properties":{"code":"62870","nom":"Wailly-Beaucamp","app":12.26,"app_bas":9.75,"app_haut":15.41,"app_ech":"maille","app_obs":19,"mai":10.61,"mai_bas":8.06,"mai_haut":13.97,"mai_ech":"maille","mai_obs":38},"geometry":{"type":"Polygon","coordinates":[[[1.7537,50.3909],[1.7438,50.3853],[1.7379,50.3899],[1.709,50.3929],[1.7048,50.4109],[1.6942,50.4121],[1.6935,50.4064],[1.6872,50.4134],[1.6926,50.4198],[1.7052,50.4187],[1.7261,50.4276],[1.7277,50.4237],[1.7397,50.4242],[1.7471,50.4276],[1.7573,50.4166],[1.7538,50.4028],[1.7612,50.3964],[1.7537,50.3909]]]}},{"type":"Feature","properties":{"code":"62021","nom":"Alette","app":10.55,"app_bas":8.28,"app_haut":13.43,"app_ech":"maille","app_obs":0,"mai":7.77,"mai_bas":6.25,"mai_haut":9.66,"mai_ech":"maille","mai_obs":11},"geometry":{"type":"Polygon","coordinates":[[[1.8541,50.502],[1.8378,50.5003],[1.8352,50.5041],[1.8184,50.5151],[1.8179,50.5184],[1.8311,50.531],[1.8443,50.5384],[1.8544,50.5499],[1.8676,50.5477],[1.8809,50.551],[1.881,50.5459],[1.8646,50.5291],[1.8653,50.5202],[1.8734,50.5132],[1.874,50.5115],[1.8541,50.502]]]}},{"type":"Feature","properties":{"code":"62370","nom":"Gennes-Ivergny","app":12.28,"app_bas":9.94,"app_haut":15.19,"app_ech":"maille","app_obs":0,"mai":7.49,"mai_bas":5.85,"mai_haut":9.6,"mai_ech":"maille","mai_obs":1},"geometry":{"type":"Polygon","coordinates":[[[2.0744,50.292],[2.0882,50.289],[2.097,50.279],[2.0818,50.2682],[2.0713,50.2656],[2.0644,50.2556],[2.0471,50.258],[2.0378,50.2641],[2.0262,50.2695],[2.0619,50.2887],[2.0744,50.292]]]}},{"type":"Feature","properties":{"code":"62412","nom":"Hardinghen","app":10.91,"app_bas":8.91,"app_haut":13.35,"app_ech":"maille","app_obs":41,"mai":9.06,"mai_bas":7.45,"mai_haut":11.02,"mai_ech":"maille","mai_obs":36},"geometry":{"type":"Polygon","coordinates":[[[1.8066,50.8113],[1.8297,50.809],[1.8433,50.8095],[1.842,50.8039],[1.8565,50.7874],[1.8518,50.7831],[1.8208,50.7831],[1.8197,50.7858],[1.804,50.7971],[1.8066,50.8113]]]}},{"type":"Feature","properties":{"code":"62454","nom":"Hinges","app":10.93,"app_bas":8.8,"app_haut":13.58,"app_ech":"maille","app_obs":20,"mai":9.68,"mai_bas":7.69,"mai_haut":12.19,"mai_ech":"maille","mai_obs":76},"geometry":{"type":"Polygon","coordinates":[[[2.6249,50.5516],[2.606,50.5597],[2.6149,50.5727],[2.6269,50.5858],[2.6333,50.5957],[2.637,50.5976],[2.6443,50.5854],[2.6475,50.5735],[2.6476,50.5639],[2.6249,50.5516]]]}},{"type":"Feature","properties":{"code":"62559","nom":"Marquion","app":11.46,"app_bas":8.73,"app_haut":15.04,"app_ech":"maille","app_obs":65,"mai":8.32,"mai_bas":6.8,"mai_haut":10.17,"mai_ech":"maille","mai_obs":73},"geometry":{"type":"Polygon","coordinates":[[[3.0847,50.2216],[3.0855,50.2225],[3.1062,50.2106],[3.1326,50.2026],[3.1312,50.1995],[3.116,50.1973],[3.0992,50.1902],[3.0914,50.1921],[3.0699,50.2015],[3.0674,50.2115],[3.0847,50.2216]]]}},{"type":"Feature","properties":{"code":"62610","nom":"Neuville-sous-Montreuil","app":10.55,"app_bas":8.28,"app_haut":13.43,"app_ech":"maille","app_obs":52,"mai":7.77,"mai_bas":6.25,"mai_haut":9.66,"mai_ech":"maille","mai_obs":64},"geometry":{"type":"Polygon","coordinates":[[[1.7992,50.4621],[1.7936,50.4656],[1.7542,50.4757],[1.7686,50.4824],[1.7735,50.4875],[1.7812,50.4892],[1.7921,50.4863],[1.8122,50.4921],[1.8217,50.4921],[1.8306,50.489],[1.8223,50.4762],[1.812,50.476],[1.8036,50.4702],[1.7992,50.4621]]]}},{"type":"Feature","properties":{"code":"62613","nom":"Nielles-lès-Bléquin","app":11.09,"app_bas":9.14,"app_haut":13.46,"app_ech":"maille","app_obs":10,"mai":9.14,"mai_bas":7.53,"mai_haut":11.09,"mai_ech":"maille","mai_obs":60},"geometry":{"type":"Polygon","coordinates":[[[2.0448,50.6886],[2.0539,50.6899],[2.0629,50.6857],[2.0693,50.6803],[2.0678,50.6704],[2.053,50.6609],[2.0279,50.6675],[2.0071,50.6609],[2.0036,50.6684],[1.9892,50.6708],[1.9793,50.6831],[1.9902,50.6845],[1.998,50.6822],[2.0242,50.6825],[2.0448,50.6886]]]}},{"type":"Feature","properties":{"code":"62026","nom":"Ambricourt","app":10.7,"app_bas":8.53,"app_haut":13.42,"app_ech":"maille","app_obs":1,"mai":6.55,"mai_bas":5.3,"mai_haut":8.1,"mai_ech":"maille","mai_obs":8},"geometry":{"type":"Polygon","coordinates":[[[2.1637,50.4747],[2.182,50.4783],[2.182,50.47],[2.186,50.4584],[2.1697,50.4589],[2.1595,50.4552],[2.1556,50.4603],[2.1637,50.4747]]]}},{"type":"Feature","properties":{"code":"62120","nom":"Beugin","app":11.01,"app_bas":8.89,"app_haut":13.62,"app_ech":"maille","app_obs":0,"mai":8.07,"mai_bas":6.73,"mai_haut":9.66,"mai_ech":"maille","mai_obs":21},"geometry":{"type":"Polygon","coordinates":[[[2.4902,50.4534],[2.501,50.4507],[2.5089,50.4546],[2.5271,50.4458],[2.5282,50.4408],[2.5217,50.4353],[2.5204,50.4294],[2.499,50.4351],[2.4874,50.4458],[2.4902,50.4534]]]}},{"type":"Feature","properties":{"code":"62134","nom":"Bimont","app":10.55,"app_bas":8.28,"app_haut":13.43,"app_ech":"maille","app_obs":0,"mai":7.77,"mai_bas":6.25,"mai_haut":9.66,"mai_ech":"maille","mai_obs":5},"geometry":{"type":"Polygon","coordinates":[[[1.8849,50.5508],[1.8969,50.5524],[1.9227,50.5532],[1.9331,50.5371],[1.9182,50.5337],[1.9136,50.526],[1.9042,50.5207],[1.8946,50.538],[1.8849,50.5508]]]}},{"type":"Feature","properties":{"code":"62187","nom":"Buneville","app":12.28,"app_bas":9.94,"app_haut":15.19,"app_ech":"maille","app_obs":0,"mai":7.61,"mai_bas":6.28,"mai_haut":9.23,"mai_ech":"maille","mai_obs":3},"geometry":{"type":"Polygon","coordinates":[[[2.3301,50.3211],[2.3296,50.3238],[2.3428,50.3341],[2.3503,50.3344],[2.3711,50.3277],[2.3484,50.317],[2.3455,50.3142],[2.3341,50.3152],[2.3301,50.3211]]]}},{"type":"Feature","properties":{"code":"62236","nom":"Contes","app":10.55,"app_bas":8.28,"app_haut":13.43,"app_ech":"maille","app_obs":8,"mai":6.55,"mai_bas":5.3,"mai_haut":8.1,"mai_ech":"maille","mai_obs":3},"geometry":{"type":"Polygon","coordinates":[[[1.9516,50.4316],[1.9609,50.4294],[1.9748,50.4324],[1.9783,50.4275],[1.9752,50.4188],[1.9803,50.408],[1.9846,50.4086],[1.9777,50.4018],[1.9673,50.4036],[1.9497,50.4048],[1.9406,50.4094],[1.9384,50.4154],[1.9403,50.4198],[1.952,50.4277],[1.9516,50.4316]]]}},{"type":"Feature","properties":{"code":"62249","nom":"Courcelles-lès-Lens","app":11.2,"app_bas":9.28,"app_haut":13.52,"app_ech":"maille","app_obs":60,"mai":9.43,"mai_bas":7.69,"mai_haut":11.56,"mai_ech":"commune","mai_obs":148},"geometry":{"type":"Polygon","coordinates":[[[2.9955,50.3999],[2.9917,50.4017],[2.9998,50.411],[3.0037,50.4192],[3.0203,50.4299],[3.039,50.4232],[3.0295,50.4115],[3.0252,50.4076],[2.9955,50.3999]]]}},{"type":"Feature","properties":{"code":"62364","nom":"Fruges","app":9.75,"app_bas":8.09,"app_haut":11.74,"app_ech":"commune","app_obs":168,"mai":6.47,"mai_bas":5.23,"mai_haut":8.02,"mai_ech":"commune","mai_obs":219},"geometry":{"type":"Polygon","coordinates":[[[2.1177,50.5361],[2.127,50.5376],[2.1335,50.5281],[2.1444,50.5227],[2.1545,50.5249],[2.1653,50.5153],[2.1734,50.5178],[2.1791,50.511],[2.1774,50.5082],[2.1531,50.4985],[2.1503,50.4947],[2.1227,50.4909],[2.1274,50.512],[2.1045,50.5042],[2.083,50.4991],[2.0723,50.5069],[2.0597,50.511],[2.0594,50.515],[2.0891,50.5185],[2.1129,50.5276],[2.1177,50.5361]]]}},{"type":"Feature","properties":{"code":"62534","nom":"Lumbres","app":9.94,"app_bas":8.11,"app_haut":12.17,"app_ech":"commune","app_obs":283,"mai":8.23,"mai_bas":6.83,"mai_haut":9.91,"mai_ech":"commune","mai_obs":273},"geometry":{"type":"Polygon","coordinates":[[[2.0935,50.6898],[2.0893,50.7096],[2.1149,50.7175],[2.1177,50.7203],[2.1356,50.7185],[2.1464,50.7136],[2.1458,50.7041],[2.1354,50.6961],[2.1153,50.6906],[2.0935,50.6898]]]}},{"type":"Feature","properties":{"code":"62618","nom":"Nordausques","app":10.91,"app_bas":8.91,"app_haut":13.35,"app_ech":"maille","app_obs":13,"mai":8.69,"mai_bas":7.13,"mai_haut":10.58,"mai_ech":"maille","mai_obs":44},"geometry":{"type":"Polygon","coordinates":[[[2.0811,50.8032],[2.071,50.8037],[2.0597,50.8118],[2.0742,50.8219],[2.0883,50.8283],[2.0916,50.8269],[2.1048,50.8162],[2.1058,50.8095],[2.101,50.8055],[2.0811,50.8032]]]}},{"type":"Feature","properties":{"code":"62808","nom":"Teneur","app":9.54,"app_bas":7.94,"app_haut":11.47,"app_ech":"maille","app_obs":0,"mai":7.12,"mai_bas":5.9,"mai_haut":8.6,"mai_ech":"maille","mai_obs":7},"geometry":{"type":"Polygon","coordinates":[[[2.2132,50.4462],[2.1973,50.45],[2.1884,50.4574],[2.1955,50.4619],[2.2079,50.4603],[2.2283,50.4673],[2.2365,50.461],[2.2386,50.4553],[2.2358,50.4481],[2.2396,50.4395],[2.2459,50.4334],[2.2388,50.433],[2.2132,50.4462]]]}},{"type":"Feature","properties":{"code":"62102","nom":"Bécourt","app":10.55,"app_bas":8.28,"app_haut":13.43,"app_ech":"maille","app_obs":0,"mai":9.14,"mai_bas":7.53,"mai_haut":11.09,"mai_ech":"maille","mai_obs":9},"geometry":{"type":"Polygon","coordinates":[[[1.8876,50.6317],[1.8827,50.6349],[1.8846,50.6522],[1.9211,50.6475],[1.93,50.6452],[1.9136,50.63],[1.9037,50.6246],[1.8876,50.6317]]]}},{"type":"Feature","properties":{"code":"62106","nom":"Bellonne","app":11.16,"app_bas":9.22,"app_haut":13.51,"app_ech":"maille","app_obs":0,"mai":10.32,"mai_bas":8.24,"mai_haut":12.92,"mai_ech":"maille","mai_obs":1},"geometry":{"type":"Polygon","coordinates":[[[3.0287,50.3029],[3.0369,50.3079],[3.0584,50.3023],[3.0476,50.2938],[3.03,50.2967],[3.0287,50.3029]]]}},{"type":"Feature","properties":{"code":"62114","nom":"Bermicourt","app":9.67,"app_bas":7.93,"app_haut":11.79,"app_ech":"maille","app_obs":0,"mai":7.02,"mai_bas":5.61,"mai_haut":8.77,"mai_ech":"maille","mai_obs":3},"geometry":{"type":"Polygon","coordinates":[[[2.2403,50.4229],[2.2503,50.414],[2.2432,50.405],[2.2475,50.3986],[2.2341,50.3932],[2.2194,50.3944],[2.2165,50.397],[2.226,50.4021],[2.225,50.4061],[2.2134,50.4149],[2.2304,50.421],[2.2403,50.4229]]]}},{"type":"Feature","properties":{"code":"62196","nom":"Calotterie","app":12.26,"app_bas":9.75,"app_haut":15.41,"app_ech":"maille","app_obs":8,"mai":10.37,"mai_bas":8.54,"mai_haut":12.59,"mai_ech":"maille","mai_obs":7},"geometry":{"type":"Polygon","coordinates":[[[1.6978,50.4671],[1.6984,50.4721],[1.6934,50.4837],[1.6951,50.4919],[1.7018,50.4963],[1.7096,50.4965],[1.7214,50.4906],[1.7336,50.4895],[1.7389,50.4869],[1.7446,50.4765],[1.7472,50.4692],[1.7372,50.4651],[1.7096,50.4656],[1.6978,50.4671]]]}},{"type":"Feature","properties":{"code":"62273","nom":"Doudeauville","app":10.55,"app_bas":8.28,"app_haut":13.43,"app_ech":"maille","app_obs":0,"mai":9.14,"mai_bas":7.53,"mai_haut":11.09,"mai_ech":"maille","mai_obs":12},"geometry":{"type":"Polygon","coordinates":[[[1.8008,50.6332],[1.815,50.6364],[1.8421,50.6361],[1.8618,50.6328],[1.8827,50.6349],[1.8876,50.6317],[1.8796,50.6269],[1.843,50.6149],[1.8389,50.608],[1.8304,50.6026],[1.8106,50.6148],[1.8034,50.6163],[1.7903,50.6139],[1.7894,50.6156],[1.7927,50.6293],[1.8008,50.6332]]]}},{"type":"Feature","properties":{"code":"62352","nom":"Framecourt","app":12.28,"app_bas":9.94,"app_haut":15.19,"app_ech":"maille","app_obs":1,"mai":7.61,"mai_bas":6.28,"mai_haut":9.23,"mai_ech":"maille","mai_obs":0},"geometry":{"type":"Polygon","coordinates":[[[2.2955,50.3288],[2.3066,50.3342],[2.3171,50.3286],[2.3154,50.322],[2.3108,50.3147],[2.2933,50.3165],[2.2955,50.3288]]]}},{"type":"Feature","properties":{"code":"62373","nom":"Givenchy-lès-la-Bassée","app":11.38,"app_bas":9.35,"app_haut":13.86,"app_ech":"maille","app_obs":4,"mai":9.55,"mai_bas":7.74,"mai_haut":11.79,"mai_ech":"maille","mai_obs":24},"geometry":{"type":"Polygon","coordinates":[[[2.7565,50.5482],[2.7682,50.5358],[2.7771,50.5303],[2.7715,50.5214],[2.7501,50.5224],[2.7494,50.5369],[2.7565,50.5482]]]}},{"type":"Feature","properties":{"code":"62477","nom":"Izel-lès-Hameau","app":10.38,"app_bas":8.51,"app_haut":12.66,"app_ech":"maille","app_obs":0,"mai":7.61,"mai_bas":6.28,"mai_haut":9.23,"mai_ech":"maille","mai_obs":17},"geometry":{"type":"Polygon","coordinates":[[[2.5386,50.3329],[2.5443,50.323],[2.5575,50.3202],[2.558,50.3169],[2.5456,50.3032],[2.5226,50.2971],[2.5134,50.3026],[2.5178,50.3103],[2.5041,50.3121],[2.5044,50.3168],[2.5148,50.3214],[2.518,50.3275],[2.5386,50.3329]]]}},{"type":"Feature","properties":{"code":"62507","nom":"Liencourt","app":9.5,"app_bas":7.94,"app_haut":11.37,"app_ech":"maille","app_obs":1,"mai":7.61,"mai_bas":6.28,"mai_haut":9.23,"mai_ech":"maille","mai_obs":9},"geometry":{"type":"Polygon","coordinates":[[[2.4456,50.2651],[2.429,50.2736],[2.4366,50.2819],[2.4642,50.2795],[2.4595,50.2671],[2.4456,50.2651]]]}},{"type":"Feature","properties":{"code":"62583","nom":"Mondicourt","app":10.46,"app_bas":8.54,"app_haut":12.81,"app_ech":"maille","app_obs":1,"mai":7.61,"mai_bas":6.14,"mai_haut":9.44,"mai_ech":"maille","mai_obs":42},"geometry":{"type":"Polygon","coordinates":[[[2.4588,50.1596],[2.4487,50.1748],[2.4508,50.1785],[2.4739,50.1887],[2.4812,50.1852],[2.4813,50.1758],[2.4848,50.1665],[2.48,50.1678],[2.4588,50.1596]]]}},{"type":"Feature","properties":{"code":"62596","nom":"Mouriez","app":11.63,"app_bas":9.33,"app_haut":14.51,"app_ech":"maille","app_obs":0,"mai":8.82,"mai_bas":6.89,"mai_haut":11.29,"mai_ech":"maille","mai_obs":3},"geometry":{"type":"Polygon","coordinates":[[[1.945,50.3696],[1.9548,50.3733],[1.9588,50.369],[1.9723,50.3629],[1.9677,50.3561],[1.9716,50.3515],[1.9827,50.3481],[1.9857,50.3399],[1.979,50.3274],[1.9706,50.3204],[1.9639,50.3181],[1.958,50.3261],[1.9462,50.3315],[1.9337,50.3351],[1.93,50.3505],[1.9228,50.3591],[1.9234,50.3662],[1.945,50.3696]]]}},{"type":"Feature","properties":{"code":"62667","nom":"Portel","app":11.48,"app_bas":9.39,"app_haut":14.03,"app_ech":"commune","app_obs":771,"mai":9.4,"mai_bas":7.05,"mai_haut":12.54,"mai_ech":"maille","mai_obs":96},"geometry":{"type":"Polygon","coordinates":[[[1.5742,50.6941],[1.5626,50.6923],[1.5607,50.6997],[1.57,50.709],[1.5736,50.7162],[1.5627,50.725],[1.5782,50.7274],[1.5868,50.7248],[1.5916,50.7151],[1.5709,50.6996],[1.5742,50.6941]]]}},{"type":"Feature","properties":{"code":"62757","nom":"Saint-Martin-lez-Tatinghem","app":11.53,"app_bas":9.3,"app_haut":14.29,"app_ech":"commune","app_obs":167,"mai":9.09,"mai_bas":7.54,"mai_haut":10.96,"mai_ech":"commune","mai_obs":275},"geometry":{"type":"Polygon","coordinates":[[[2.21,50.7313],[2.1928,50.7325],[2.1871,50.7389],[2.1897,50.7459],[2.1857,50.7494],[2.2201,50.7651],[2.2367,50.7689],[2.2457,50.76],[2.2445,50.747],[2.2257,50.7442],[2.2191,50.7358],[2.21,50.7313]]]}},{"type":"Feature","properties":{"code":"62813","nom":"Thieuloye","app":11.01,"app_bas":8.89,"app_haut":13.62,"app_ech":"maille","app_obs":0,"mai":8.07,"mai_bas":6.73,"mai_haut":9.66,"mai_ech":"maille","mai_obs":17},"geometry":{"type":"Polygon","coordinates":[[[2.4138,50.4184],[2.4201,50.4198],[2.4541,50.4197],[2.4585,50.4156],[2.4511,50.4118],[2.4512,50.4072],[2.4372,50.4078],[2.4205,50.4063],[2.41,50.4096],[2.4138,50.4184]]]}},{"type":"Feature","properties":{"code":"62011","nom":"Agnez-lès-Duisans","app":10.99,"app_bas":9.3,"app_haut":12.97,"app_ech":"maille","app_obs":9,"mai":9.73,"mai_bas":7.52,"mai_haut":12.6,"mai_ech":"maille","mai_obs":21},"geometry":{"type":"Polygon","coordinates":[[[2.6623,50.2882],[2.6395,50.3082],[2.6269,50.3128],[2.6204,50.3223],[2.6464,50.3239],[2.6604,50.3209],[2.6683,50.3153],[2.6655,50.3111],[2.6691,50.3021],[2.6666,50.2902],[2.6623,50.2882]]]}},{"type":"Feature","properties":{"code":"62130","nom":"Bienvillers-au-Bois","app":11.7,"app_bas":9.51,"app_haut":14.4,"app_ech":"maille","app_obs":0,"mai":9.1,"mai_bas":7.44,"mai_haut":11.15,"mai_ech":"maille","mai_obs":23},"geometry":{"type":"Polygon","coordinates":[[[2.5812,50.1642],[2.583,50.1682],[2.6098,50.1744],[2.6175,50.1835],[2.6249,50.1836],[2.6357,50.1712],[2.6298,50.1651],[2.6161,50.1572],[2.5963,50.1487],[2.5829,50.16],[2.5812,50.1642]]]}},{"type":"Feature","properties":{"code":"62152","nom":"Boisleux-Saint-Marc","app":10.5,"app_bas":8.4,"app_haut":13.13,"app_ech":"maille","app_obs":0,"mai":9.5,"mai_bas":7.68,"mai_haut":11.75,"mai_ech":"maille","mai_obs":17},"geometry":{"type":"Polygon","coordinates":[[[2.7899,50.2012],[2.7906,50.2118],[2.7831,50.2194],[2.7842,50.2261],[2.8013,50.2252],[2.8054,50.2182],[2.807,50.2074],[2.8013,50.1991],[2.7899,50.2012]]]}},{"type":"Feature","properties":{"code":"62169","nom":"Bouvelinghem","app":10.55,"app_bas":8.28,"app_haut":13.43,"app_ech":"maille","app_obs":0,"mai":8.78,"mai_bas":7.29,"mai_haut":10.58,"mai_ech":"maille","mai_obs":9},"geometry":{"type":"Polygon","coordinates":[[[2.012,50.7272],[2.0214,50.7447],[2.0324,50.751],[2.0551,50.7442],[2.0552,50.7386],[2.0381,50.7309],[2.0356,50.7237],[2.0248,50.7164],[2.012,50.7272]]]}},{"type":"Feature","properties":{"code":"62312","nom":"Estrée","app":12.71,"app_bas":10.32,"app_haut":15.65,"app_ech":"maille","app_obs":2,"mai":7.77,"mai_bas":6.25,"mai_haut":9.66,"mai_ech":"maille","mai_obs":6},"geometry":{"type":"Polygon","coordinates":[[[1.7906,50.5056],[1.8032,50.5042],[1.815,50.4988],[1.827,50.4972],[1.8341,50.4994],[1.8306,50.489],[1.8217,50.4921],[1.8122,50.4921],[1.7921,50.4863],[1.7812,50.4892],[1.7906,50.5056]]]}},{"type":"Feature","properties":{"code":"62382","nom":"Gouy-Saint-André","app":10.34,"app_bas":8.62,"app_haut":12.4,"app_ech":"maille","app_obs":0,"mai":7.95,"mai_bas":6.22,"mai_haut":10.15,"mai_ech":"maille","mai_obs":8},"geometry":{"type":"Polygon","coordinates":[[[1.8798,50.3779],[1.8899,50.3858],[1.9061,50.3908],[1.9141,50.3865],[1.9281,50.3934],[1.9427,50.3883],[1.9368,50.3826],[1.945,50.3696],[1.9234,50.3662],[1.9228,50.3591],[1.9116,50.3589],[1.8957,50.3536],[1.89,50.3567],[1.8811,50.3593],[1.8776,50.3678],[1.8798,50.3779]]]}},{"type":"Feature","properties":{"code":"62392","nom":"Guémappe","app":11.99,"app_bas":10.17,"app_haut":14.13,"app_ech":"maille","app_obs":11,"mai":8.61,"mai_bas":7,"mai_haut":10.59,"mai_ech":"maille","mai_obs":10},"geometry":{"type":"Polygon","coordinates":[[[2.8791,50.245],[2.8831,50.2514],[2.8748,50.2647],[2.9156,50.2529],[2.9141,50.2475],[2.9098,50.2438],[2.8888,50.2382],[2.8791,50.245]]]}},{"type":"Feature","properties":{"code":"62499","nom":"Lépine","app":12.26,"app_bas":9.75,"app_haut":15.41,"app_ech":"maille","app_obs":0,"mai":8.82,"mai_bas":6.89,"mai_haut":11.29,"mai_ech":"maille","mai_obs":2},"geometry":{"type":"Polygon","coordinates":[[[1.6944,50.398],[1.6935,50.4064],[1.6942,50.4121],[1.7048,50.4109],[1.709,50.3929],[1.7379,50.3899],[1.7438,50.3853],[1.7537,50.3909],[1.765,50.3885],[1.7684,50.3787],[1.7579,50.3764],[1.7519,50.3676],[1.7419,50.3656],[1.7356,50.3751],[1.722,50.3713],[1.7141,50.3718],[1.7153,50.3801],[1.7114,50.3861],[1.6959,50.3904],[1.6944,50.398]]]}},{"type":"Feature","properties":{"code":"62642","nom":"Ourton","app":11.01,"app_bas":8.89,"app_haut":13.62,"app_ech":"maille","app_obs":1,"mai":8.07,"mai_bas":6.73,"mai_haut":9.66,"mai_ech":"maille","mai_obs":47},"geometry":{"type":"Polygon","coordinates":[[[2.4748,50.4712],[2.4902,50.4534],[2.4855,50.4405],[2.47,50.4443],[2.4581,50.4542],[2.4489,50.4579],[2.4538,50.4623],[2.4748,50.4712]]]}},{"type":"Feature","properties":{"code":"62762","nom":"Saint-Michel-sous-Bois","app":10.34,"app_bas":8.62,"app_haut":12.4,"app_ech":"maille","app_obs":0,"mai":7.86,"mai_bas":6.43,"mai_haut":9.62,"mai_ech":"maille","mai_obs":6},"geometry":{"type":"Polygon","coordinates":[[[1.9297,50.5057],[1.9014,50.5187],[1.9136,50.526],[1.9247,50.5189],[1.9356,50.5205],[1.9518,50.5289],[1.9651,50.5248],[1.963,50.5207],[1.963,50.5111],[1.9402,50.5116],[1.9297,50.5057]]]}},{"type":"Feature","properties":{"code":"62786","nom":"Selles","app":10.91,"app_bas":8.91,"app_haut":13.35,"app_ech":"maille","app_obs":0,"mai":9.06,"mai_bas":7.45,"mai_haut":11.02,"mai_ech":"maille","mai_obs":10},"geometry":{"type":"Polygon","coordinates":[[[1.902,50.7084],[1.9115,50.693],[1.91,50.6911],[1.8957,50.6841],[1.8665,50.6875],[1.8674,50.699],[1.8645,50.7025],[1.8876,50.7045],[1.902,50.7084]]]}},{"type":"Feature","properties":{"code":"62811","nom":"Thérouanne","app":10.62,"app_bas":8.75,"app_haut":12.89,"app_ech":"maille","app_obs":81,"mai":7.12,"mai_bas":5.9,"mai_haut":8.6,"mai_ech":"maille","mai_obs":86},"geometry":{"type":"Polygon","coordinates":[[[2.2404,50.6062],[2.2346,50.6087],[2.2347,50.6275],[2.2438,50.6345],[2.2311,50.6393],[2.2267,50.6444],[2.2411,50.6463],[2.2587,50.6422],[2.2661,50.6358],[2.2763,50.6342],[2.2751,50.625],[2.2427,50.6105],[2.2404,50.6062]]]}},{"type":"Feature","properties":{"code":"62119","nom":"Béthune","app":11.52,"app_bas":9.26,"app_haut":14.32,"app_ech":"commune","app_obs":5308,"mai":8.8,"mai_bas":7.06,"mai_haut":10.97,"mai_ech":"commune","mai_obs":1508},"geometry":{"type":"Polygon","coordinates":[[[2.6277,50.5129],[2.6172,50.522],[2.6159,50.522],[2.6229,50.5264],[2.6261,50.5369],[2.633,50.5438],[2.6451,50.5505],[2.6535,50.5422],[2.6717,50.5381],[2.6598,50.5286],[2.6589,50.5174],[2.6498,50.5099],[2.635,50.5148],[2.6277,50.5129]]]}},{"type":"Feature","properties":{"code":"62149","nom":"Boisdinghem","app":10.48,"app_bas":8.47,"app_haut":12.98,"app_ech":"maille","app_obs":1,"mai":8.55,"mai_bas":7.19,"mai_haut":10.18,"mai_ech":"maille","mai_obs":6},"geometry":{"type":"Polygon","coordinates":[[[2.0737,50.7502],[2.0789,50.7502],[2.0906,50.7565],[2.1026,50.7585],[2.1145,50.7478],[2.0879,50.7405],[2.0782,50.7437],[2.0737,50.7502]]]}},{"type":"Feature","properties":{"code":"62254","nom":"Coyecques","app":10.7,"app_bas":8.53,"app_haut":13.42,"app_ech":"maille","app_obs":0,"mai":7.12,"mai_bas":5.9,"mai_haut":8.6,"mai_ech":"maille","mai_obs":25},"geometry":{"type":"Polygon","coordinates":[[[2.1964,50.5783],[2.1892,50.5819],[2.1742,50.5831],[2.1607,50.5996],[2.1524,50.5997],[2.1473,50.6078],[2.1788,50.6211],[2.1919,50.6236],[2.2016,50.6147],[2.207,50.6043],[2.2188,50.5913],[2.1964,50.5783]]]}},{"type":"Feature","properties":{"code":"62524","nom":"Longfossé","app":10.55,"app_bas":8.28,"app_haut":13.43,"app_ech":"maille","app_obs":2,"mai":9.14,"mai_bas":7.53,"mai_haut":11.09,"mai_ech":"maille","mai_obs":30},"geometry":{"type":"Polygon","coordinates":[[[1.7777,50.6579],[1.7951,50.6704],[1.8068,50.6653],[1.8144,50.6727],[1.8446,50.6575],[1.8522,50.6559],[1.828,50.6518],[1.8097,50.6441],[1.815,50.6364],[1.8008,50.6332],[1.8,50.6359],[1.7838,50.6469],[1.7777,50.6579]]]}},{"type":"Feature","properties":{"code":"62535","nom":"Madelaine-sous-Montreuil","app":12.48,"app_bas":9.26,"app_haut":16.82,"app_ech":"maille","app_obs":3,"mai":10.61,"mai_bas":8.06,"mai_haut":13.97,"mai_ech":"maille","mai_obs":1},"geometry":{"type":"Polygon","coordinates":[[[1.7372,50.4651],[1.7472,50.4692],[1.7446,50.4765],[1.7465,50.4778],[1.749,50.4783],[1.7577,50.4744],[1.7576,50.4576],[1.756,50.4561],[1.7415,50.4536],[1.7432,50.4622],[1.7372,50.4651]]]}},{"type":"Feature","properties":{"code":"62659","nom":"Planques","app":10.7,"app_bas":8.53,"app_haut":13.42,"app_ech":"maille","app_obs":0,"mai":6.55,"mai_bas":5.3,"mai_haut":8.1,"mai_ech":"maille","mai_obs":5},"geometry":{"type":"Polygon","coordinates":[[[2.0748,50.4746],[2.0818,50.4851],[2.0853,50.4867],[2.0877,50.4849],[2.0936,50.4749],[2.1014,50.4704],[2.1082,50.4727],[2.1069,50.4627],[2.1019,50.4542],[2.0883,50.4481],[2.0734,50.4618],[2.0748,50.4746]]]}},{"type":"Feature","properties":{"code":"62739","nom":"Sains-lès-Marquion","app":9.74,"app_bas":8.03,"app_haut":11.8,"app_ech":"maille","app_obs":14,"mai":7.91,"mai_bas":6.3,"mai_haut":9.94,"mai_ech":"maille","mai_obs":4},"geometry":{"type":"Polygon","coordinates":[[[3.061,50.191],[3.0699,50.2015],[3.0914,50.1921],[3.0992,50.1902],[3.0997,50.186],[3.0901,50.1718],[3.0767,50.1714],[3.0627,50.1738],[3.0645,50.1888],[3.061,50.191]]]}},{"type":"Feature","properties":{"code":"62282","nom":"Éclimeux","app":10.34,"app_bas":8.62,"app_haut":12.4,"app_ech":"maille","app_obs":0,"mai":6.55,"mai_bas":5.3,"mai_haut":8.1,"mai_ech":"maille","mai_obs":7},"geometry":{"type":"Polygon","coordinates":[[[2.1829,50.3841],[2.1765,50.3821],[2.1619,50.3877],[2.155,50.3949],[2.1643,50.4037],[2.1975,50.4071],[2.2102,50.3969],[2.1924,50.3929],[2.1829,50.3841]]]}},{"type":"Feature","properties":{"code":"62531","nom":"Louches","app":10.11,"app_bas":8.34,"app_haut":12.27,"app_ech":"maille","app_obs":0,"mai":8.69,"mai_bas":7.13,"mai_haut":10.58,"mai_ech":"maille","mai_obs":36},"geometry":{"type":"Polygon","coordinates":[[[1.9833,50.8512],[1.9716,50.8327],[1.9886,50.8296],[1.9951,50.835],[2.0027,50.8372],[2.0184,50.8363],[2.0234,50.8419],[2.0315,50.8401],[2.0341,50.8349],[2.0279,50.8241],[2.0301,50.8216],[2.0286,50.8139],[2.0167,50.8095],[2.0024,50.8091],[1.9832,50.8066],[1.9855,50.815],[1.9767,50.8217],[1.9717,50.8296],[1.9622,50.8292],[1.9602,50.8405],[1.9682,50.8478],[1.9833,50.8512]]]}},{"type":"Feature","properties":{"code":"62728","nom":"Rumaucourt","app":11.46,"app_bas":8.73,"app_haut":15.04,"app_ech":"maille","app_obs":1,"mai":9.45,"mai_bas":7.67,"mai_haut":11.64,"mai_ech":"maille","mai_obs":30},"geometry":{"type":"Polygon","coordinates":[[[3.0442,50.2318],[3.046,50.2436],[3.0645,50.247],[3.0803,50.2519],[3.0872,50.25],[3.0815,50.2366],[3.0726,50.2263],[3.0467,50.2293],[3.0442,50.2318]]]}},{"type":"Feature","properties":{"code":"62749","nom":"Saint-Georges","app":12.28,"app_bas":9.94,"app_haut":15.19,"app_ech":"maille","app_obs":1,"mai":6.55,"mai_bas":5.3,"mai_haut":8.1,"mai_ech":"maille","mai_obs":17},"geometry":{"type":"Polygon","coordinates":[[[2.0435,50.3468],[2.0594,50.3603],[2.0611,50.3652],[2.0664,50.3693],[2.0844,50.3696],[2.089,50.3665],[2.0931,50.3536],[2.0978,50.35],[2.0863,50.3371],[2.0697,50.335],[2.0609,50.3362],[2.0435,50.3468]]]}},{"type":"Feature","properties":{"code":"62823","nom":"Torcy","app":10.7,"app_bas":8.53,"app_haut":13.42,"app_ech":"maille","app_obs":0,"mai":6.55,"mai_bas":5.3,"mai_haut":8.1,"mai_ech":"maille","mai_obs":7},"geometry":{"type":"Polygon","coordinates":[[[2.0247,50.4677],[2.0078,50.48],[2.0048,50.4849],[2.0092,50.4903],[2.0095,50.4992],[2.022,50.5004],[2.0327,50.489],[2.0296,50.486],[2.0404,50.4782],[2.0247,50.4677]]]}},{"type":"Feature","properties":{"code":"62838","nom":"Vaulx","app":12.28,"app_bas":9.94,"app_haut":15.19,"app_ech":"maille","app_obs":0,"mai":7.49,"mai_bas":5.85,"mai_haut":9.6,"mai_ech":"maille","mai_obs":1},"geometry":{"type":"Polygon","coordinates":[[[2.097,50.279],[2.1129,50.2822],[2.1236,50.2739],[2.1236,50.2727],[2.1112,50.2611],[2.0978,50.2596],[2.0818,50.2682],[2.097,50.279]]]}},{"type":"Feature","properties":{"code":"62002","nom":"Ablainzevelle","app":10.46,"app_bas":8.58,"app_haut":12.75,"app_ech":"maille","app_obs":2,"mai":7.64,"mai_bas":6.13,"mai_haut":9.51,"mai_ech":"maille","mai_obs":1},"geometry":{"type":"Polygon","coordinates":[[[2.7494,50.1679],[2.7545,50.1655],[2.7517,50.1575],[2.7538,50.1474],[2.7468,50.1387],[2.7381,50.1394],[2.723,50.1542],[2.7283,50.159],[2.7494,50.1679]]]}},{"type":"Feature","properties":{"code":"62046","nom":"Aubin-Saint-Vaast","app":11.63,"app_bas":9.33,"app_haut":14.51,"app_ech":"maille","app_obs":3,"mai":7.95,"mai_bas":6.22,"mai_haut":10.15,"mai_ech":"maille","mai_obs":24},"geometry":{"type":"Polygon","coordinates":[[[1.945,50.3696],[1.9368,50.3826],[1.9505,50.3894],[1.9673,50.4036],[1.9777,50.4018],[1.9937,50.3925],[1.9944,50.3888],[1.9911,50.3907],[1.9707,50.3844],[1.9588,50.369],[1.9548,50.3733],[1.945,50.3696]]]}},{"type":"Feature","properties":{"code":"62176","nom":"Bréxent-Énocq","app":12.48,"app_bas":9.26,"app_haut":16.82,"app_ech":"maille","app_obs":2,"mai":10.37,"mai_bas":8.54,"mai_haut":12.59,"mai_ech":"maille","mai_obs":19},"geometry":{"type":"Polygon","coordinates":[[[1.7601,50.5154],[1.7542,50.509],[1.7458,50.5027],[1.7193,50.5032],[1.7096,50.4965],[1.7018,50.4963],[1.6951,50.4919],[1.6895,50.5009],[1.6961,50.5092],[1.7113,50.5127],[1.7179,50.5215],[1.7321,50.5152],[1.7497,50.5178],[1.7601,50.5154]]]}},{"type":"Feature","properties":{"code":"62347","nom":"Fosseux","app":11.7,"app_bas":9.51,"app_haut":14.4,"app_ech":"maille","app_obs":0,"mai":7.71,"mai_bas":6.24,"mai_haut":9.53,"mai_ech":"maille","mai_obs":3},"geometry":{"type":"Polygon","coordinates":[[[2.5419,50.2624],[2.5416,50.263],[2.5504,50.2663],[2.5662,50.267],[2.5705,50.264],[2.5865,50.2665],[2.5919,50.2649],[2.5845,50.2608],[2.5793,50.25],[2.5528,50.2365],[2.5481,50.2352],[2.5454,50.2375],[2.5552,50.2473],[2.5552,50.2648],[2.5419,50.2624]]]}},{"type":"Feature","properties":{"code":"62405","nom":"Hamblain-les-Prés","app":10.95,"app_bas":9.06,"app_haut":13.24,"app_ech":"maille","app_obs":7,"mai":8.96,"mai_bas":7.24,"mai_haut":11.08,"mai_ech":"maille","mai_obs":8},"geometry":{"type":"Polygon","coordinates":[[[2.9453,50.3014],[2.9601,50.3031],[2.9781,50.2924],[2.9728,50.2835],[2.9645,50.278],[2.9531,50.2839],[2.938,50.2879],[2.9453,50.3014]]]}},{"type":"Feature","properties":{"code":"62464","nom":"Hulluch","app":11.34,"app_bas":9.31,"app_haut":13.8,"app_ech":"commune","app_obs":122,"mai":9.55,"mai_bas":7.74,"mai_haut":11.79,"mai_ech":"maille","mai_obs":49},"geometry":{"type":"Polygon","coordinates":[[[2.8095,50.4959],[2.8284,50.4944],[2.8408,50.5034],[2.8452,50.5006],[2.8376,50.4942],[2.8262,50.4874],[2.8119,50.4721],[2.8003,50.4694],[2.7901,50.4729],[2.7922,50.4816],[2.7992,50.4891],[2.8095,50.4959]]]}},{"type":"Feature","properties":{"code":"62494","nom":"Léchelle","app":11.77,"app_bas":9.53,"app_haut":14.53,"app_ech":"maille","app_obs":0,"mai":7.92,"mai_bas":6.34,"mai_haut":9.88,"mai_ech":"maille","mai_obs":0},"geometry":{"type":"Polygon","coordinates":[[[2.9715,50.0414],[2.9618,50.0501],[2.9683,50.0648],[2.9824,50.067],[2.9939,50.0504],[2.9824,50.0472],[2.9715,50.0414]]]}},{"type":"Feature","properties":{"code":"62545","nom":"Maninghem","app":10.34,"app_bas":8.62,"app_haut":12.4,"app_ech":"maille","app_obs":0,"mai":7.77,"mai_bas":6.25,"mai_haut":9.66,"mai_ech":"maille","mai_obs":3},"geometry":{"type":"Polygon","coordinates":[[[1.9507,50.5582],[1.9545,50.5467],[1.9537,50.5401],[1.9517,50.5362],[1.9331,50.5371],[1.9227,50.5532],[1.9354,50.5597],[1.9507,50.5582]]]}},{"type":"Feature","properties":{"code":"62643","nom":"Outreau","app":11.25,"app_bas":9.05,"app_haut":13.98,"app_ech":"commune","app_obs":282,"mai":9.63,"mai_bas":8,"mai_haut":11.59,"mai_ech":"commune","mai_obs":166},"geometry":{"type":"Polygon","coordinates":[[[1.6075,50.6923],[1.6048,50.6864],[1.5952,50.6812],[1.5808,50.6858],[1.5709,50.6996],[1.5916,50.7151],[1.608,50.71],[1.6116,50.7046],[1.6055,50.6969],[1.6075,50.6923]]]}},{"type":"Feature","properties":{"code":"62783","nom":"Saulchoy","app":10.34,"app_bas":8.62,"app_haut":12.4,"app_ech":"maille","app_obs":0,"mai":7.95,"mai_bas":6.22,"mai_haut":10.15,"mai_ech":"maille","mai_obs":16},"geometry":{"type":"Polygon","coordinates":[[[1.8219,50.3503],[1.8276,50.3539],[1.8454,50.3587],[1.8407,50.3639],[1.8535,50.3694],[1.8621,50.359],[1.8757,50.3602],[1.8798,50.3552],[1.8517,50.3429],[1.8313,50.3455],[1.8219,50.3503]]]}},{"type":"Feature","properties":{"code":"62898","nom":"Wisques","app":10.48,"app_bas":8.47,"app_haut":12.98,"app_ech":"maille","app_obs":0,"mai":8.53,"mai_bas":7.08,"mai_haut":10.28,"mai_ech":"maille","mai_obs":8},"geometry":{"type":"Polygon","coordinates":[[[2.1718,50.7225],[2.1814,50.7293],[2.179,50.7353],[2.1871,50.7389],[2.1928,50.7325],[2.21,50.7313],[2.214,50.7267],[2.1932,50.7193],[2.1755,50.718],[2.1718,50.7225]]]}},{"type":"Feature","properties":{"code":"62318","nom":"Étaples","app":13.16,"app_bas":10.69,"app_haut":16.19,"app_ech":"commune","app_obs":518,"mai":11.18,"mai_bas":9.19,"mai_haut":13.6,"mai_ech":"commune","mai_obs":314},"geometry":{"type":"Polygon","coordinates":[[[1.6252,50.5483],[1.6432,50.5328],[1.6666,50.5263],[1.6777,50.535],[1.6872,50.5236],[1.6794,50.5128],[1.6873,50.5017],[1.6738,50.5028],[1.6485,50.5112],[1.6358,50.5131],[1.6268,50.5214],[1.6193,50.5353],[1.6093,50.5397],[1.6252,50.5483]]]}},{"type":"Feature","properties":{"code":"62449","nom":"Hesmond","app":10.34,"app_bas":8.62,"app_haut":12.4,"app_ech":"maille","app_obs":3,"mai":7.77,"mai_bas":6.25,"mai_haut":9.66,"mai_ech":"maille","mai_obs":5},"geometry":{"type":"Polygon","coordinates":[[[1.9288,50.4841],[1.939,50.4857],[1.934,50.4768],[1.9512,50.473],[1.9619,50.4792],[1.9683,50.4792],[1.9568,50.4688],[1.9531,50.4611],[1.9715,50.4455],[1.9583,50.4436],[1.949,50.4462],[1.9312,50.4577],[1.9261,50.457],[1.9167,50.4686],[1.9192,50.4765],[1.9288,50.4841]]]}},{"type":"Feature","properties":{"code":"62460","nom":"Hubersent","app":12.71,"app_bas":10.32,"app_haut":15.65,"app_ech":"maille","app_obs":0,"mai":9.4,"mai_bas":7.05,"mai_haut":12.54,"mai_ech":"maille","mai_obs":9},"geometry":{"type":"Polygon","coordinates":[[[1.7133,50.5913],[1.7301,50.5951],[1.7429,50.589],[1.7682,50.5916],[1.7796,50.577],[1.7741,50.5731],[1.7689,50.5787],[1.7531,50.5815],[1.7406,50.5793],[1.7343,50.5723],[1.7194,50.5683],[1.709,50.575],[1.7084,50.5893],[1.7133,50.5913]]]}},{"type":"Feature","properties":{"code":"62523","nom":"Loison-sous-Lens","app":11.29,"app_bas":9.4,"app_haut":13.56,"app_ech":"maille","app_obs":88,"mai":9.57,"mai_bas":7.92,"mai_haut":11.56,"mai_ech":"commune","mai_obs":113},"geometry":{"type":"Polygon","coordinates":[[[2.8514,50.4339],[2.841,50.4481],[2.8618,50.4572],[2.867,50.4441],[2.8841,50.4359],[2.8567,50.4351],[2.8514,50.4339]]]}},{"type":"Feature","properties":{"code":"62550","nom":"Marconnelle","app":10.34,"app_bas":8.62,"app_haut":12.4,"app_ech":"maille","app_obs":1,"mai":7.95,"mai_bas":6.22,"mai_haut":10.15,"mai_ech":"maille","mai_obs":30},"geometry":{"type":"Polygon","coordinates":[[[1.9816,50.3613],[2.0042,50.3808],[2.0107,50.3816],[2.0256,50.3782],[2.0304,50.3744],[2.0236,50.3662],[1.9966,50.3568],[1.9816,50.3613]]]}},{"type":"Feature","properties":{"code":"62586","nom":"Montenescourt","app":10.99,"app_bas":9.3,"app_haut":12.97,"app_ech":"maille","app_obs":22,"mai":9.73,"mai_bas":7.52,"mai_haut":12.6,"mai_ech":"maille","mai_obs":10},"geometry":{"type":"Polygon","coordinates":[[[2.6436,50.2766],[2.6301,50.2841],[2.6067,50.2888],[2.609,50.2969],[2.6216,50.3035],[2.6269,50.3128],[2.6395,50.3082],[2.6271,50.306],[2.6344,50.2944],[2.6422,50.2931],[2.6523,50.2849],[2.6436,50.2766]]]}},{"type":"Feature","properties":{"code":"62611","nom":"Neuville-Vitasse","app":11.47,"app_bas":9.59,"app_haut":13.71,"app_ech":"maille","app_obs":7,"mai":9.95,"mai_bas":7.76,"mai_haut":12.75,"mai_ech":"maille","mai_obs":14},"geometry":{"type":"Polygon","coordinates":[[[2.8268,50.2618],[2.8419,50.2446],[2.8338,50.2365],[2.8199,50.2344],[2.8131,50.2306],[2.7985,50.2478],[2.8098,50.255],[2.8061,50.2652],[2.8268,50.2618]]]}},{"type":"Feature","properties":{"code":"62710","nom":"Rimboval","app":10.7,"app_bas":8.53,"app_haut":13.42,"app_ech":"maille","app_obs":0,"mai":7.86,"mai_bas":6.43,"mai_haut":9.62,"mai_ech":"maille","mai_obs":10},"geometry":{"type":"Polygon","coordinates":[[[1.9922,50.4966],[1.9778,50.5054],[1.963,50.5111],[1.963,50.5207],[1.9831,50.5217],[1.9982,50.5314],[2.0129,50.526],[2.0132,50.5221],[2.005,50.5166],[1.9984,50.5002],[1.9922,50.4966]]]}},{"type":"Feature","properties":{"code":"62713","nom":"Robecq","app":10.08,"app_bas":8.32,"app_haut":12.21,"app_ech":"maille","app_obs":42,"mai":8.59,"mai_bas":6.85,"mai_haut":10.79,"mai_ech":"maille","mai_obs":38},"geometry":{"type":"Polygon","coordinates":[[[2.5439,50.5717],[2.5313,50.5833],[2.5267,50.5931],[2.5257,50.6039],[2.5484,50.609],[2.5748,50.6117],[2.5837,50.6028],[2.5725,50.5999],[2.5646,50.5945],[2.5611,50.5837],[2.5602,50.5771],[2.5439,50.5717]]]}},{"type":"Feature","properties":{"code":"62014","nom":"Aire-sur-la-Lys","app":10.05,"app_bas":8.01,"app_haut":12.61,"app_ech":"commune","app_obs":898,"mai":7.93,"mai_bas":6.49,"mai_haut":9.69,"mai_ech":"commune","mai_obs":510},"geometry":{"type":"Polygon","coordinates":[[[2.3196,50.6551],[2.3323,50.6507],[2.3504,50.6528],[2.3572,50.6508],[2.362,50.6575],[2.3602,50.6627],[2.3615,50.6679],[2.3728,50.6679],[2.4021,50.6651],[2.4216,50.6656],[2.429,50.657],[2.4508,50.6534],[2.4678,50.6437],[2.4732,50.6386],[2.4678,50.6339],[2.4537,50.635],[2.4316,50.6313],[2.4215,50.6279],[2.3901,50.6228],[2.3766,50.623],[2.3665,50.6259],[2.3443,50.6255],[2.3387,50.6281],[2.3357,50.6359],[2.3392,50.6401],[2.3331,50.6443],[2.3248,50.6435],[2.3196,50.6551]]]}},{"type":"Feature","properties":{"code":"62376","nom":"Gonnehem","app":10.93,"app_bas":8.8,"app_haut":13.58,"app_ech":"maille","app_obs":10,"mai":8.23,"mai_bas":6.65,"mai_haut":10.18,"mai_ech":"maille","mai_obs":96},"geometry":{"type":"Polygon","coordinates":[[[2.5289,50.5524],[2.5307,50.5678],[2.5602,50.5771],[2.5611,50.5837],[2.5813,50.5829],[2.5929,50.5741],[2.6037,50.5718],[2.6149,50.5727],[2.606,50.5597],[2.6014,50.5568],[2.591,50.5579],[2.5856,50.5501],[2.5665,50.5534],[2.5361,50.546],[2.5289,50.5524]]]}},{"type":"Feature","properties":{"code":"62541","nom":"Maisoncelle","app":10.34,"app_bas":8.62,"app_haut":12.4,"app_ech":"maille","app_obs":0,"mai":6.55,"mai_bas":5.3,"mai_haut":8.1,"mai_ech":"maille","mai_obs":2},"geometry":{"type":"Polygon","coordinates":[[[2.167,50.4465],[2.1495,50.4416],[2.1377,50.4402],[2.1314,50.4521],[2.1338,50.4572],[2.1462,50.4626],[2.1556,50.4603],[2.167,50.4465]]]}},{"type":"Feature","properties":{"code":"62660","nom":"Plouvain","app":10.95,"app_bas":9.06,"app_haut":13.24,"app_ech":"maille","app_obs":5,"mai":10.32,"mai_bas":8.24,"mai_haut":12.92,"mai_ech":"maille","mai_obs":13},"geometry":{"type":"Polygon","coordinates":[[[2.9124,50.2952],[2.9185,50.3028],[2.9017,50.3151],[2.8961,50.3163],[2.9033,50.3178],[2.9234,50.3084],[2.9337,50.3095],[2.9358,50.3026],[2.9203,50.2942],[2.9124,50.2952]]]}},{"type":"Feature","properties":{"code":"62792","nom":"Serques","app":10.48,"app_bas":8.47,"app_haut":12.98,"app_ech":"maille","app_obs":3,"mai":8.55,"mai_bas":7.19,"mai_haut":10.18,"mai_ech":"maille","mai_obs":52},"geometry":{"type":"Polygon","coordinates":[[[2.1634,50.7668],[2.1555,50.7739],[2.1745,50.7806],[2.1942,50.7964],[2.2032,50.8091],[2.2134,50.8105],[2.2267,50.8078],[2.2428,50.7965],[2.2287,50.7916],[2.2129,50.7842],[2.19,50.7781],[2.171,50.7669],[2.1634,50.7668]]]}},{"type":"Feature","properties":{"code":"62248","nom":"Courcelles-le-Comte","app":10.46,"app_bas":8.58,"app_haut":12.75,"app_ech":"maille","app_obs":2,"mai":9.5,"mai_bas":7.68,"mai_haut":11.75,"mai_ech":"maille","mai_obs":6},"geometry":{"type":"Polygon","coordinates":[[[2.7866,50.1722],[2.7971,50.1672],[2.8068,50.1677],[2.8055,50.1565],[2.8009,50.1589],[2.7851,50.154],[2.7832,50.145],[2.7617,50.1407],[2.7538,50.1474],[2.7517,50.1575],[2.7545,50.1655],[2.7729,50.1674],[2.7866,50.1722]]]}},{"type":"Feature","properties":{"code":"62280","nom":"Dury","app":11.46,"app_bas":8.73,"app_haut":15.04,"app_ech":"maille","app_obs":0,"mai":8.61,"mai_bas":7,"mai_haut":10.59,"mai_ech":"maille","mai_obs":8},"geometry":{"type":"Polygon","coordinates":[[[2.9931,50.2347],[2.986,50.2421],[2.9945,50.2556],[3.0122,50.268],[3.0186,50.2644],[3.0137,50.2597],[3.0185,50.2481],[3.0127,50.2425],[3.0153,50.2334],[3.0052,50.2316],[2.9931,50.2347]]]}},{"type":"Feature","properties":{"code":"62473","nom":"Isbergues","app":10.08,"app_bas":8.31,"app_haut":12.23,"app_ech":"commune","app_obs":280,"mai":8.25,"mai_bas":6.7,"mai_haut":10.17,"mai_ech":"commune","mai_obs":330},"geometry":{"type":"Polygon","coordinates":[[[2.4398,50.5973],[2.4382,50.5975],[2.4321,50.6088],[2.4234,50.6159],[2.4215,50.6279],[2.4316,50.6313],[2.4537,50.635],[2.4678,50.6339],[2.4912,50.6243],[2.4886,50.6179],[2.4766,50.6032],[2.4649,50.596],[2.4581,50.5982],[2.4398,50.5973]]]}},{"type":"Feature","properties":{"code":"62498","nom":"Lens","app":11.93,"app_bas":9.67,"app_haut":14.73,"app_ech":"commune","app_obs":5317,"mai":9.2,"mai_bas":7.4,"mai_haut":11.44,"mai_ech":"commune","mai_obs":704},"geometry":{"type":"Polygon","coordinates":[[[2.8226,50.4199],[2.8172,50.4238],[2.804,50.4225],[2.7937,50.4317],[2.787,50.4411],[2.795,50.4452],[2.8166,50.4506],[2.8165,50.4554],[2.8282,50.457],[2.841,50.4481],[2.8514,50.4339],[2.8388,50.4216],[2.8226,50.4199]]]}},{"type":"Feature","properties":{"code":"62533","nom":"Lugy","app":9.54,"app_bas":7.94,"app_haut":11.47,"app_ech":"maille","app_obs":1,"mai":7.86,"mai_bas":6.43,"mai_haut":9.62,"mai_ech":"maille","mai_obs":7},"geometry":{"type":"Polygon","coordinates":[[[2.1643,50.531],[2.1702,50.5278],[2.1934,50.5224],[2.1791,50.511],[2.1734,50.5178],[2.1653,50.5153],[2.1545,50.5249],[2.1643,50.531]]]}},{"type":"Feature","properties":{"code":"62712","nom":"Rivière","app":10.46,"app_bas":8.58,"app_haut":12.75,"app_ech":"maille","app_obs":12,"mai":7.61,"mai_bas":6.14,"mai_haut":9.44,"mai_ech":"maille","mai_obs":39},"geometry":{"type":"Polygon","coordinates":[[[2.6875,50.253],[2.7143,50.2433],[2.7212,50.2318],[2.7075,50.226],[2.6958,50.2153],[2.6886,50.221],[2.6672,50.2168],[2.6587,50.211],[2.6514,50.2159],[2.6635,50.2299],[2.6615,50.2348],[2.6713,50.2388],[2.6745,50.244],[2.6875,50.253]]]}},{"type":"Feature","properties":{"code":"62141","nom":"Blessy","app":10.62,"app_bas":8.75,"app_haut":12.89,"app_ech":"maille","app_obs":2,"mai":7.94,"mai_bas":6.5,"mai_haut":9.71,"mai_ech":"maille","mai_obs":31},"geometry":{"type":"Polygon","coordinates":[[[2.3316,50.6077],[2.3233,50.6048],[2.3174,50.6082],[2.3015,50.6071],[2.2981,50.6094],[2.3211,50.6216],[2.3387,50.6281],[2.3443,50.6255],[2.3665,50.6259],[2.3541,50.6207],[2.345,50.6137],[2.3316,50.6077]]]}},{"type":"Feature","properties":{"code":"62209","nom":"Canlers","app":10.7,"app_bas":8.53,"app_haut":13.42,"app_ech":"maille","app_obs":0,"mai":6.55,"mai_bas":5.3,"mai_haut":8.1,"mai_ech":"maille","mai_obs":4},"geometry":{"type":"Polygon","coordinates":[[[2.1503,50.4947],[2.1648,50.4876],[2.1559,50.4783],[2.1458,50.4773],[2.1379,50.4778],[2.1275,50.4919],[2.1503,50.4947]]]}},{"type":"Feature","properties":{"code":"62558","nom":"Marquay","app":9.67,"app_bas":7.93,"app_haut":11.79,"app_ech":"maille","app_obs":0,"mai":8.07,"mai_bas":6.73,"mai_haut":9.66,"mai_ech":"maille","mai_obs":4},"geometry":{"type":"Polygon","coordinates":[[[2.4118,50.3662],[2.408,50.3724],[2.4096,50.3869],[2.4176,50.3918],[2.421,50.3892],[2.4413,50.3887],[2.4379,50.3831],[2.4248,50.3731],[2.4118,50.3662]]]}},{"type":"Feature","properties":{"code":"62640","nom":"Orville","app":9.5,"app_bas":7.94,"app_haut":11.37,"app_ech":"maille","app_obs":3,"mai":7.61,"mai_bas":6.14,"mai_haut":9.44,"mai_ech":"maille","mai_obs":11},"geometry":{"type":"Polygon","coordinates":[[[2.3949,50.1102],[2.3976,50.1136],[2.3968,50.1265],[2.4019,50.1335],[2.4162,50.1442],[2.4157,50.1467],[2.4269,50.1482],[2.4377,50.155],[2.4453,50.1422],[2.4414,50.1365],[2.442,50.1281],[2.4251,50.1237],[2.4192,50.1155],[2.4145,50.1006],[2.3974,50.1065],[2.3949,50.1102]]]}},{"type":"Feature","properties":{"code":"62794","nom":"Setques","app":10.48,"app_bas":8.47,"app_haut":12.98,"app_ech":"maille","app_obs":0,"mai":8.25,"mai_bas":6.85,"mai_haut":9.93,"mai_ech":"maille","mai_obs":18},"geometry":{"type":"Polygon","coordinates":[[[2.1718,50.7225],[2.1755,50.718],[2.1671,50.7105],[2.1484,50.6988],[2.1458,50.7041],[2.1464,50.7136],[2.1356,50.7185],[2.1443,50.7219],[2.1718,50.7225]]]}},{"type":"Feature","properties":{"code":"62874","nom":"Wanquetin","app":10.99,"app_bas":9.3,"app_haut":12.97,"app_ech":"maille","app_obs":3,"mai":9.73,"mai_bas":7.52,"mai_haut":12.6,"mai_ech":"maille","mai_obs":18},"geometry":{"type":"Polygon","coordinates":[[[2.5979,50.2871],[2.6067,50.2888],[2.6301,50.2841],[2.6436,50.2766],[2.6381,50.2664],[2.6317,50.2642],[2.6231,50.2559],[2.6122,50.2515],[2.5919,50.2649],[2.5865,50.2665],[2.5894,50.2758],[2.5979,50.2871]]]}},{"type":"Feature","properties":{"code":"62892","nom":"Willerval","app":11.99,"app_bas":10.17,"app_haut":14.13,"app_ech":"maille","app_obs":30,"mai":10.32,"mai_bas":8.24,"mai_haut":12.92,"mai_ech":"maille","mai_obs":14},"geometry":{"type":"Polygon","coordinates":[[[2.8537,50.3781],[2.862,50.3619],[2.8486,50.349],[2.8371,50.3505],[2.8337,50.3599],[2.8389,50.3697],[2.8537,50.3781]]]}},{"type":"Feature","properties":{"code":"62902","nom":"Wizernes","app":11.09,"app_bas":9.14,"app_haut":13.46,"app_ech":"maille","app_obs":71,"mai":8.19,"mai_bas":6.79,"mai_haut":9.87,"mai_ech":"commune","mai_obs":159},"geometry":{"type":"Polygon","coordinates":[[[2.199,50.721],[2.214,50.7267],[2.2343,50.7245],[2.2498,50.7244],[2.2527,50.7084],[2.2424,50.7064],[2.2303,50.7007],[2.2147,50.7118],[2.199,50.721]]]}},{"type":"Feature","properties":{"code":"62197","nom":"Camblain-Châtelain","app":9.67,"app_bas":7.93,"app_haut":11.79,"app_ech":"maille","app_obs":9,"mai":8.85,"mai_bas":7.08,"mai_haut":11.06,"mai_ech":"commune","mai_obs":128},"geometry":{"type":"Polygon","coordinates":[[[2.4279,50.4827],[2.4422,50.492],[2.4489,50.4942],[2.4589,50.4943],[2.4796,50.4793],[2.4748,50.4712],[2.4538,50.4623],[2.4489,50.4579],[2.4394,50.4593],[2.4308,50.4674],[2.4243,50.4807],[2.4279,50.4827]]]}},{"type":"Feature","properties":{"code":"62244","nom":"Coulogne","app":11.87,"app_bas":9.33,"app_haut":15.11,"app_ech":"maille","app_obs":67,"mai":9.57,"mai_bas":7.76,"mai_haut":11.8,"mai_ech":"commune","mai_obs":122},"geometry":{"type":"Polygon","coordinates":[[[1.9088,50.9221],[1.9219,50.9145],[1.9023,50.9158],[1.9005,50.9077],[1.8915,50.9095],[1.8957,50.8909],[1.8819,50.8941],[1.8813,50.9061],[1.8741,50.9127],[1.8599,50.9177],[1.8583,50.9302],[1.8694,50.9282],[1.8758,50.9339],[1.8975,50.9294],[1.9088,50.9221]]]}}]}