{"type":"FeatureCollection","features":[{"type":"Feature","properties":{"code":"71505","nom":"Savianges","app":9.32,"app_bas":7.69,"app_haut":11.28,"app_ech":"maille","app_obs":1,"mai":7.86,"mai_bas":6.15,"mai_haut":10.04,"mai_ech":"maille","mai_obs":3},"geometry":{"type":"Polygon","coordinates":[[[4.6162,46.6992],[4.6285,46.6945],[4.6158,46.6854],[4.6148,46.6798],[4.6017,46.6781],[4.5859,46.6818],[4.5787,46.6853],[4.5805,46.6971],[4.5947,46.7009],[4.6069,46.6974],[4.6162,46.6992]]]}},{"type":"Feature","properties":{"code":"71524","nom":"Sivignon","app":7.47,"app_bas":5.93,"app_haut":9.41,"app_ech":"maille","app_obs":5,"mai":9.79,"mai_bas":7.33,"mai_haut":13.08,"mai_ech":"maille","mai_obs":4},"geometry":{"type":"Polygon","coordinates":[[[4.5066,46.4039],[4.4878,46.4086],[4.4774,46.4156],[4.4757,46.4203],[4.487,46.444],[4.4974,46.4533],[4.5151,46.4471],[4.5146,46.4347],[4.5193,46.4217],[4.5178,46.4111],[4.5066,46.4039]]]}},{"type":"Feature","properties":{"code":"71207","nom":"Fretterans","app":9.12,"app_bas":7.19,"app_haut":11.57,"app_ech":"maille","app_obs":0,"mai":8.92,"mai_bas":6.98,"mai_haut":11.39,"mai_ech":"maille","mai_obs":5},"geometry":{"type":"Polygon","coordinates":[[[5.2623,46.9126],[5.262,46.9274],[5.2697,46.9278],[5.2748,46.9348],[5.2851,46.9403],[5.2923,46.9407],[5.3085,46.9374],[5.307,46.9236],[5.31,46.9212],[5.3121,46.9117],[5.2955,46.9083],[5.2786,46.9082],[5.2752,46.9122],[5.2623,46.9126]]]}},{"type":"Feature","properties":{"code":"71220","nom":"Gilly-sur-Loire","app":8.65,"app_bas":6.9,"app_haut":10.85,"app_ech":"maille","app_obs":0,"mai":6.91,"mai_bas":5.42,"mai_haut":8.83,"mai_ech":"maille","mai_obs":14},"geometry":{"type":"Polygon","coordinates":[[[3.8364,46.5577],[3.8367,46.5536],[3.8291,46.5466],[3.8179,46.5414],[3.8098,46.529],[3.8117,46.5206],[3.8051,46.5193],[3.7879,46.528],[3.7807,46.5284],[3.7656,46.5379],[3.7547,46.536],[3.7418,46.5395],[3.7315,46.5496],[3.7343,46.5544],[3.7579,46.5517],[3.7649,46.5527],[3.7923,46.5637],[3.7947,46.5693],[3.8278,46.5727],[3.8336,46.5715],[3.8294,46.5635],[3.8364,46.5577]]]}},{"type":"Feature","properties":{"code":"71268","nom":"Lugny-lès-Charolles","app":8.42,"app_bas":6.17,"app_haut":11.49,"app_ech":"maille","app_obs":0,"mai":8.19,"mai_bas":6.44,"mai_haut":10.43,"mai_ech":"maille","mai_obs":4},"geometry":{"type":"Polygon","coordinates":[[[4.2342,46.4406],[4.2305,46.4311],[4.2212,46.4272],[4.219,46.4211],[4.221,46.4139],[4.2348,46.3968],[4.2328,46.3945],[4.2085,46.3895],[4.2007,46.3848],[4.1936,46.3841],[4.1916,46.39],[4.179,46.4015],[4.173,46.4219],[4.184,46.4272],[4.1921,46.426],[4.1971,46.4208],[4.2055,46.4282],[4.211,46.4366],[4.2257,46.4416],[4.2342,46.4406]]]}},{"type":"Feature","properties":{"code":"71528","nom":"Sornay","app":8.63,"app_bas":6.85,"app_haut":10.88,"app_ech":"maille","app_obs":21,"mai":8.14,"mai_bas":6.47,"mai_haut":10.25,"mai_ech":"maille","mai_obs":59},"geometry":{"type":"Polygon","coordinates":[[[5.2055,46.6316],[5.2103,46.626],[5.2036,46.6122],[5.1851,46.6012],[5.163,46.6071],[5.1435,46.6088],[5.1367,46.6114],[5.1319,46.6192],[5.1247,46.6225],[5.1304,46.631],[5.1483,46.6356],[5.1858,46.6379],[5.1935,46.6359],[5.1954,46.6298],[5.2055,46.6316]]]}},{"type":"Feature","properties":{"code":"71046","nom":"Boulaye","app":8.14,"app_bas":6.46,"app_haut":10.25,"app_ech":"maille","app_obs":0,"mai":6.7,"mai_bas":5.16,"mai_haut":8.69,"mai_ech":"maille","mai_obs":0},"geometry":{"type":"Polygon","coordinates":[[[4.1713,46.7395],[4.1778,46.7277],[4.1747,46.7185],[4.1776,46.7089],[4.1644,46.7118],[4.1591,46.7248],[4.1529,46.7304],[4.1394,46.7295],[4.1391,46.7224],[4.1348,46.7162],[4.1246,46.7343],[4.1258,46.7519],[4.1279,46.7562],[4.1477,46.7579],[4.1534,46.7618],[4.1576,46.7617],[4.163,46.7494],[4.1713,46.7395]]]}},{"type":"Feature","properties":{"code":"71051","nom":"Bouzeron","app":11.15,"app_bas":8.7,"app_haut":14.28,"app_ech":"maille","app_obs":8,"mai":8.65,"mai_bas":6.54,"mai_haut":11.45,"mai_ech":"maille","mai_obs":6},"geometry":{"type":"Polygon","coordinates":[[[4.7185,46.8764],[4.7133,46.8875],[4.7206,46.8973],[4.7339,46.905],[4.7424,46.901],[4.7388,46.8902],[4.7361,46.8866],[4.7185,46.8764]]]}},{"type":"Feature","properties":{"code":"71063","nom":"Broye","app":8.27,"app_bas":6.53,"app_haut":10.48,"app_ech":"maille","app_obs":19,"mai":7.23,"mai_bas":5.63,"mai_haut":9.28,"mai_ech":"maille","mai_obs":12},"geometry":{"type":"Polygon","coordinates":[[[4.3477,46.8644],[4.3152,46.8594],[4.3057,46.8626],[4.2885,46.8638],[4.2843,46.8731],[4.2779,46.8805],[4.2706,46.8968],[4.2733,46.9063],[4.284,46.921],[4.3132,46.9166],[4.3208,46.91],[4.3382,46.9037],[4.3388,46.8916],[4.3435,46.8913],[4.3517,46.8825],[4.3417,46.8693],[4.3477,46.8644]]]}},{"type":"Feature","properties":{"code":"71183","nom":"Dracy-lès-Couches","app":8.07,"app_bas":6.31,"app_haut":10.3,"app_ech":"maille","app_obs":7,"mai":8.51,"mai_bas":6.82,"mai_haut":10.63,"mai_ech":"maille","mai_obs":2},"geometry":{"type":"Polygon","coordinates":[[[4.5802,46.8781],[4.5521,46.8837],[4.5462,46.8928],[4.5331,46.8983],[4.5347,46.9059],[4.5425,46.9059],[4.5557,46.9007],[4.5872,46.9035],[4.5931,46.9023],[4.5911,46.8911],[4.5802,46.8781]]]}},{"type":"Feature","properties":{"code":"71342","nom":"Paray-le-Monial","app":9.36,"app_bas":6.87,"app_haut":12.76,"app_ech":"commune","app_obs":1544,"mai":8.72,"mai_bas":6.7,"mai_haut":11.34,"mai_ech":"commune","mai_obs":238},"geometry":{"type":"Polygon","coordinates":[[[4.1358,46.4238],[4.1374,46.4218],[4.1074,46.408],[4.0928,46.4102],[4.0783,46.4438],[4.0885,46.4457],[4.0909,46.4502],[4.0992,46.4533],[4.1022,46.4608],[4.0865,46.4692],[4.1144,46.4766],[4.1274,46.4714],[4.1435,46.4717],[4.1361,46.4569],[4.1406,46.4429],[4.1332,46.4302],[4.1358,46.4238]]]}},{"type":"Feature","properties":{"code":"71361","nom":"Prizy","app":8.42,"app_bas":6.17,"app_haut":11.49,"app_ech":"maille","app_obs":0,"mai":8.19,"mai_bas":6.44,"mai_haut":10.43,"mai_ech":"maille","mai_obs":1},"geometry":{"type":"Polygon","coordinates":[[[4.1984,46.3481],[4.2051,46.3563],[4.223,46.3623],[4.2344,46.3555],[4.2272,46.3417],[4.2129,46.3441],[4.1984,46.3481]]]}},{"type":"Feature","properties":{"code":"71370","nom":"Rigny-sur-Arroux","app":7.78,"app_bas":6.02,"app_haut":10.06,"app_ech":"maille","app_obs":2,"mai":7.32,"mai_bas":5.59,"mai_haut":9.58,"mai_ech":"maille","mai_obs":6},"geometry":{"type":"Polygon","coordinates":[[[4.0656,46.516],[4.0579,46.5111],[4.0397,46.5071],[4.0265,46.5065],[4.0077,46.509],[3.99,46.5148],[3.9796,46.5202],[3.9787,46.5365],[3.9692,46.5489],[3.9611,46.5549],[3.9657,46.5624],[3.9688,46.575],[3.986,46.5812],[3.9923,46.5748],[4.0298,46.5723],[4.0457,46.5653],[4.0565,46.5645],[4.0681,46.5485],[4.0709,46.5274],[4.0656,46.516]]]}},{"type":"Feature","properties":{"code":"71006","nom":"Amanzé","app":7.38,"app_bas":5.66,"app_haut":9.63,"app_ech":"maille","app_obs":2,"mai":7.38,"mai_bas":5.67,"mai_haut":9.6,"mai_ech":"maille","mai_obs":8},"geometry":{"type":"Polygon","coordinates":[[[4.2282,46.3067],[4.2218,46.3137],[4.2095,46.3407],[4.2129,46.3441],[4.2417,46.3389],[4.2644,46.3316],[4.2641,46.3176],[4.2282,46.3067]]]}},{"type":"Feature","properties":{"code":"71171","nom":"Dennevy","app":9.93,"app_bas":7.87,"app_haut":12.55,"app_ech":"maille","app_obs":26,"mai":8.51,"mai_bas":6.82,"mai_haut":10.63,"mai_ech":"maille","mai_obs":11},"geometry":{"type":"Polygon","coordinates":[[[4.64,46.8809],[4.6464,46.8809],[4.6617,46.8671],[4.6643,46.8669],[4.6657,46.8573],[4.6605,46.8566],[4.6466,46.8616],[4.6303,46.8558],[4.6194,46.8496],[4.6158,46.8553],[4.635,46.8657],[4.6363,46.8769],[4.64,46.8809]]]}},{"type":"Feature","properties":{"code":"71214","nom":"Genouilly","app":9.1,"app_bas":6.94,"app_haut":11.93,"app_ech":"maille","app_obs":6,"mai":7.24,"mai_bas":5.86,"mai_haut":8.95,"mai_ech":"maille","mai_obs":16},"geometry":{"type":"Polygon","coordinates":[[[4.5419,46.6677],[4.5601,46.668],[4.5794,46.6666],[4.5883,46.6611],[4.5899,46.6489],[4.5972,46.6392],[4.5851,46.6314],[4.5783,46.6368],[4.5582,46.6395],[4.5573,46.6509],[4.5432,46.6537],[4.5347,46.6588],[4.5379,46.6668],[4.5419,46.6677]]]}},{"type":"Feature","properties":{"code":"71242","nom":"Joncy","app":9.1,"app_bas":6.94,"app_haut":11.93,"app_ech":"maille","app_obs":30,"mai":7.24,"mai_bas":5.86,"mai_haut":8.95,"mai_ech":"maille","mai_obs":20},"geometry":{"type":"Polygon","coordinates":[[[4.5224,46.6255],[4.5302,46.6286],[4.557,46.6324],[4.5582,46.6395],[4.5783,46.6368],[4.5752,46.6197],[4.562,46.6169],[4.5634,46.6106],[4.5702,46.6055],[4.5645,46.5934],[4.5655,46.5887],[4.5523,46.591],[4.5427,46.5971],[4.5256,46.5991],[4.52,46.6038],[4.527,46.6115],[4.5224,46.6255]]]}},{"type":"Feature","properties":{"code":"71256","nom":"Lessard-en-Bresse","app":10.06,"app_bas":8.18,"app_haut":12.37,"app_ech":"maille","app_obs":13,"mai":9.12,"mai_bas":7.45,"mai_haut":11.15,"mai_ech":"maille","mai_obs":19},"geometry":{"type":"Polygon","coordinates":[[[5.0819,46.7557],[5.1079,46.7487],[5.11,46.7441],[5.1048,46.7337],[5.1104,46.7225],[5.1084,46.7224],[5.0999,46.7278],[5.0872,46.7292],[5.08,46.7389],[5.0582,46.7398],[5.0383,46.7373],[5.0416,46.7434],[5.0556,46.7402],[5.0645,46.7487],[5.0772,46.7475],[5.0819,46.7557]]]}},{"type":"Feature","properties":{"code":"71395","nom":"Saint-Bonnet-de-Vieille-Vigne","app":7.47,"app_bas":5.93,"app_haut":9.41,"app_ech":"maille","app_obs":1,"mai":7.32,"mai_bas":5.59,"mai_haut":9.58,"mai_ech":"maille","mai_obs":2},"geometry":{"type":"Polygon","coordinates":[[[4.2774,46.5566],[4.2872,46.5509],[4.3043,46.5507],[4.3027,46.5434],[4.3022,46.5202],[4.2987,46.5138],[4.2893,46.5134],[4.2724,46.5194],[4.2534,46.514],[4.252,46.5088],[4.2426,46.5046],[4.2335,46.5074],[4.2331,46.5167],[4.2498,46.5322],[4.2479,46.5405],[4.2774,46.5566]]]}},{"type":"Feature","properties":{"code":"71430","nom":"Saint-Jean-de-Vaux","app":9.06,"app_bas":6.95,"app_haut":11.79,"app_ech":"maille","app_obs":12,"mai":8.51,"mai_bas":6.82,"mai_haut":10.63,"mai_ech":"maille","mai_obs":10},"geometry":{"type":"Polygon","coordinates":[[[4.6904,46.8165],[4.7006,46.8131],[4.7094,46.8059],[4.6929,46.7977],[4.6833,46.8026],[4.6904,46.8165]]]}},{"type":"Feature","properties":{"code":"71458","nom":"Saint-Martin-la-Patrouille","app":10,"app_bas":8.12,"app_haut":12.31,"app_ech":"maille","app_obs":0,"mai":9.79,"mai_bas":7.33,"mai_haut":13.08,"mai_ech":"maille","mai_obs":0},"geometry":{"type":"Polygon","coordinates":[[[4.522,46.5906],[4.5256,46.5991],[4.5427,46.5971],[4.5523,46.591],[4.5655,46.5887],[4.5607,46.567],[4.5539,46.5648],[4.5407,46.5716],[4.522,46.5906]]]}},{"type":"Feature","properties":{"code":"71572","nom":"Vers","app":11.77,"app_bas":9.36,"app_haut":14.8,"app_ech":"maille","app_obs":1,"mai":8.54,"mai_bas":6.52,"mai_haut":11.2,"mai_ech":"maille","mai_obs":15},"geometry":{"type":"Polygon","coordinates":[[[4.8617,46.59],[4.8659,46.5821],[4.8798,46.5732],[4.8748,46.5702],[4.8632,46.5742],[4.8506,46.5761],[4.8388,46.5883],[4.8306,46.5902],[4.836,46.5948],[4.8617,46.59]]]}},{"type":"Feature","properties":{"code":"71004","nom":"Allériot","app":10.38,"app_bas":8.25,"app_haut":13.06,"app_ech":"maille","app_obs":4,"mai":10.06,"mai_bas":7.66,"mai_haut":13.21,"mai_ech":"maille","mai_obs":40},"geometry":{"type":"Polygon","coordinates":[[[4.9806,46.7995],[4.9855,46.7792],[4.9669,46.7776],[4.9552,46.7797],[4.9482,46.7857],[4.9497,46.7887],[4.9321,46.7968],[4.9215,46.8073],[4.9282,46.8113],[4.9474,46.8283],[4.9522,46.8259],[4.9583,46.8144],[4.9521,46.8104],[4.9579,46.8053],[4.9693,46.8064],[4.9806,46.7995]]]}},{"type":"Feature","properties":{"code":"71145","nom":"Cormatin","app":9.91,"app_bas":7.46,"app_haut":13.16,"app_ech":"maille","app_obs":45,"mai":9.79,"mai_bas":7.33,"mai_haut":13.08,"mai_ech":"maille","mai_obs":30},"geometry":{"type":"Polygon","coordinates":[[[4.713,46.5208],[4.7053,46.5166],[4.6969,46.5172],[4.6891,46.5213],[4.6841,46.5356],[4.6711,46.5377],[4.6681,46.5474],[4.697,46.5533],[4.6974,46.5459],[4.7179,46.5403],[4.7168,46.5228],[4.713,46.5208]]]}},{"type":"Feature","properties":{"code":"71150","nom":"Crêches-sur-Saône","app":10.54,"app_bas":8.41,"app_haut":13.21,"app_ech":"commune","app_obs":175,"mai":9.21,"mai_bas":7.19,"mai_haut":11.8,"mai_ech":"maille","mai_obs":55},"geometry":{"type":"Polygon","coordinates":[[[4.7643,46.2274],[4.7665,46.2519],[4.7978,46.2551],[4.8108,46.2545],[4.8108,46.2458],[4.8078,46.237],[4.8007,46.2297],[4.7979,46.2245],[4.7839,46.228],[4.7643,46.2274]]]}},{"type":"Feature","properties":{"code":"71253","nom":"Lans","app":10.38,"app_bas":8.25,"app_haut":13.06,"app_ech":"maille","app_obs":5,"mai":10.06,"mai_bas":7.66,"mai_haut":13.21,"mai_ech":"maille","mai_obs":29},"geometry":{"type":"Polygon","coordinates":[[[4.9148,46.777],[4.9344,46.7761],[4.9444,46.7703],[4.9649,46.7649],[4.9558,46.7559],[4.9495,46.7527],[4.9408,46.7565],[4.9248,46.7492],[4.9194,46.7517],[4.9146,46.7624],[4.9045,46.7669],[4.9148,46.777]]]}},{"type":"Feature","properties":{"code":"71258","nom":"Leynes","app":11.05,"app_bas":8.8,"app_haut":13.87,"app_ech":"maille","app_obs":14,"mai":9.04,"mai_bas":6.81,"mai_haut":11.99,"mai_ech":"maille","mai_obs":9},"geometry":{"type":"Polygon","coordinates":[[[4.7503,46.2583],[4.7426,46.2546],[4.7294,46.2583],[4.7155,46.2584],[4.7131,46.2627],[4.7007,46.2675],[4.7077,46.2696],[4.7322,46.2737],[4.7441,46.2657],[4.7517,46.2639],[4.7503,46.2583]]]}},{"type":"Feature","properties":{"code":"71400","nom":"Saint-Clément-sur-Guye","app":10,"app_bas":8.12,"app_haut":12.31,"app_ech":"maille","app_obs":0,"mai":7.24,"mai_bas":5.86,"mai_haut":8.95,"mai_ech":"maille","mai_obs":0},"geometry":{"type":"Polygon","coordinates":[[[4.5851,46.6314],[4.593,46.6181],[4.6006,46.6146],[4.6067,46.6073],[4.6133,46.6041],[4.6111,46.599],[4.5821,46.6014],[4.5702,46.6055],[4.5634,46.6106],[4.562,46.6169],[4.5752,46.6197],[4.5783,46.6368],[4.5851,46.6314]]]}},{"type":"Feature","properties":{"code":"71466","nom":"Saint-Nizier-sur-Arroux","app":8.27,"app_bas":6.53,"app_haut":10.48,"app_ech":"maille","app_obs":0,"mai":6.7,"mai_bas":5.16,"mai_haut":8.69,"mai_ech":"maille","mai_obs":4},"geometry":{"type":"Polygon","coordinates":[[[4.1586,46.8283],[4.1769,46.8374],[4.1911,46.8391],[4.1838,46.8316],[4.1847,46.8214],[4.1656,46.8063],[4.1659,46.7992],[4.1602,46.8026],[4.1488,46.792],[4.1301,46.8015],[4.122,46.8129],[4.1283,46.8153],[4.1455,46.8116],[4.1577,46.8215],[4.1586,46.8283]]]}},{"type":"Feature","properties":{"code":"71477","nom":"Saint-Romain-sous-Gourdon","app":8.14,"app_bas":6.46,"app_haut":10.25,"app_ech":"maille","app_obs":1,"mai":7.24,"mai_bas":5.86,"mai_haut":8.95,"mai_ech":"maille","mai_obs":8},"geometry":{"type":"Polygon","coordinates":[[[4.3889,46.5987],[4.3858,46.6141],[4.3777,46.6217],[4.3943,46.6366],[4.4,46.6447],[4.4126,46.653],[4.418,46.6478],[4.4209,46.6365],[4.4202,46.6257],[4.4398,46.6133],[4.4496,46.6049],[4.4546,46.605],[4.4442,46.5924],[4.4328,46.5981],[4.4147,46.6],[4.4064,46.5922],[4.4004,46.5921],[4.3889,46.5987]]]}},{"type":"Feature","properties":{"code":"71582","nom":"Vineuse","app":9.1,"app_bas":6.94,"app_haut":11.93,"app_ech":"maille","app_obs":3,"mai":9.79,"mai_bas":7.33,"mai_haut":13.08,"mai_ech":"maille","mai_obs":13},"geometry":{"type":"Polygon","coordinates":[[[4.6254,46.4686],[4.6279,46.4574],[4.6228,46.4475],[4.6134,46.4405],[4.6085,46.4347],[4.5913,46.4372],[4.5854,46.4422],[4.576,46.467],[4.5772,46.4724],[4.572,46.4829],[4.5788,46.4827],[4.5902,46.4777],[4.5944,46.4813],[4.6104,46.4789],[4.6218,46.4818],[4.6254,46.4686]]]}},{"type":"Feature","properties":{"code":"71012","nom":"Artaix","app":7.82,"app_bas":6.16,"app_haut":9.92,"app_ech":"maille","app_obs":0,"mai":7.5,"mai_bas":5.92,"mai_haut":9.51,"mai_ech":"maille","mai_obs":5},"geometry":{"type":"Polygon","coordinates":[[[4.0206,46.2675],[4.022,46.2583],[4.0313,46.2557],[4.0389,46.2474],[4.0257,46.2419],[4.0243,46.2381],[4.0355,46.2281],[4.0238,46.2267],[4.0049,46.2291],[3.9922,46.2286],[3.9796,46.2432],[3.9559,46.2458],[3.9482,46.2508],[3.9341,46.2547],[3.9538,46.2648],[3.9737,46.2709],[3.9891,46.2628],[4.005,46.264],[4.0206,46.2675]]]}},{"type":"Feature","properties":{"code":"71099","nom":"Charbonnières","app":9.68,"app_bas":7.5,"app_haut":12.49,"app_ech":"maille","app_obs":0,"mai":9.94,"mai_bas":7.93,"mai_haut":12.47,"mai_ech":"maille","mai_obs":6},"geometry":{"type":"Polygon","coordinates":[[[4.8403,46.3981],[4.8467,46.3931],[4.8395,46.3782],[4.8216,46.3762],[4.8189,46.3817],[4.8224,46.3991],[4.8301,46.4021],[4.8403,46.3981]]]}},{"type":"Feature","properties":{"code":"71319","nom":"Montret","app":8.64,"app_bas":6.98,"app_haut":10.7,"app_ech":"maille","app_obs":8,"mai":8.14,"mai_bas":6.47,"mai_haut":10.25,"mai_ech":"maille","mai_obs":32},"geometry":{"type":"Polygon","coordinates":[[[5.0942,46.6624],[5.0992,46.6743],[5.0871,46.683],[5.0853,46.6867],[5.0903,46.6898],[5.1067,46.7055],[5.1083,46.7092],[5.148,46.6924],[5.1421,46.6875],[5.1319,46.6846],[5.1287,46.6748],[5.1157,46.6652],[5.1249,46.6599],[5.1228,46.6557],[5.1086,46.6574],[5.0995,46.6548],[5.0942,46.6624]]]}},{"type":"Feature","properties":{"code":"71468","nom":"Saint-Pierre-de-Varennes","app":8.07,"app_bas":6.31,"app_haut":10.3,"app_ech":"maille","app_obs":4,"mai":8.51,"mai_bas":6.82,"mai_haut":10.63,"mai_ech":"maille","mai_obs":13},"geometry":{"type":"Polygon","coordinates":[[[4.52,46.8669],[4.5386,46.8641],[4.538,46.8591],[4.5539,46.8514],[4.5455,46.8378],[4.5211,46.8277],[4.504,46.8129],[4.4915,46.8145],[4.5011,46.8213],[4.5001,46.8338],[4.4903,46.8298],[4.4819,46.8306],[4.4716,46.84],[4.4774,46.8509],[4.4787,46.8598],[4.4705,46.8694],[4.4884,46.8707],[4.5096,46.866],[4.52,46.8669]]]}},{"type":"Feature","properties":{"code":"71041","nom":"Bois-Sainte-Marie","app":7.47,"app_bas":5.93,"app_haut":9.41,"app_ech":"maille","app_obs":3,"mai":7.38,"mai_bas":5.67,"mai_haut":9.6,"mai_ech":"maille","mai_obs":7},"geometry":{"type":"Polygon","coordinates":[[[4.357,46.3462],[4.3606,46.3433],[4.363,46.3279],[4.356,46.3226],[4.3397,46.3252],[4.357,46.3462]]]}},{"type":"Feature","properties":{"code":"71085","nom":"Change","app":9.93,"app_bas":7.87,"app_haut":12.55,"app_ech":"maille","app_obs":4,"mai":8.51,"mai_bas":6.82,"mai_haut":10.63,"mai_ech":"maille","mai_obs":4},"geometry":{"type":"Polygon","coordinates":[[[4.6499,46.9414],[4.6523,46.9388],[4.6431,46.9242],[4.6303,46.9168],[4.6087,46.924],[4.6071,46.9355],[4.6143,46.9417],[4.6411,46.9401],[4.6499,46.9414]]]}},{"type":"Feature","properties":{"code":"71102","nom":"Charmée","app":9.32,"app_bas":7.69,"app_haut":11.28,"app_ech":"maille","app_obs":1,"mai":7.86,"mai_bas":6.15,"mai_haut":10.04,"mai_ech":"maille","mai_obs":9},"geometry":{"type":"Polygon","coordinates":[[[4.7783,46.7425],[4.7938,46.7467],[4.8014,46.7419],[4.8132,46.7403],[4.8029,46.7281],[4.8076,46.7207],[4.8185,46.7244],[4.8273,46.7208],[4.8205,46.708],[4.8139,46.6982],[4.8013,46.704],[4.7881,46.6995],[4.7735,46.714],[4.7625,46.7225],[4.7717,46.726],[4.7806,46.7353],[4.7783,46.7425]]]}},{"type":"Feature","properties":{"code":"71202","nom":"Fontaines","app":11.46,"app_bas":9.22,"app_haut":14.24,"app_ech":"commune","app_obs":142,"mai":8.65,"mai_bas":6.54,"mai_haut":11.45,"mai_ech":"maille","mai_obs":49},"geometry":{"type":"Polygon","coordinates":[[[4.7963,46.8236],[4.7597,46.8301],[4.7469,46.8372],[4.7389,46.8456],[4.7402,46.8594],[4.7554,46.8681],[4.7734,46.8739],[4.7936,46.8682],[4.8084,46.8767],[4.8146,46.8769],[4.82,46.8746],[4.8251,46.8647],[4.8263,46.8535],[4.811,46.8509],[4.8109,46.8462],[4.7958,46.8451],[4.7944,46.8379],[4.7991,46.8347],[4.7963,46.8236]]]}},{"type":"Feature","properties":{"code":"71221","nom":"Givry","app":10.37,"app_bas":7.96,"app_haut":13.51,"app_ech":"commune","app_obs":364,"mai":9.35,"mai_bas":7.32,"mai_haut":11.94,"mai_ech":"commune","mai_obs":170},"geometry":{"type":"Polygon","coordinates":[[[4.7374,46.7601],[4.7163,46.7672],[4.7162,46.7744],[4.6923,46.7829],[4.6937,46.7861],[4.7169,46.7882],[4.7459,46.7952],[4.7557,46.7899],[4.7806,46.7882],[4.7848,46.7852],[4.7884,46.7802],[4.7816,46.7702],[4.7858,46.7611],[4.7926,46.7638],[4.8092,46.7574],[4.8052,46.7523],[4.7938,46.7467],[4.7783,46.7425],[4.7591,46.7469],[4.7417,46.753],[4.7374,46.7601]]]}},{"type":"Feature","properties":{"code":"71382","nom":"Saint-Agnan","app":6.86,"app_bas":5.25,"app_haut":8.96,"app_ech":"maille","app_obs":4,"mai":6.91,"mai_bas":5.42,"mai_haut":8.83,"mai_ech":"maille","mai_obs":16},"geometry":{"type":"Polygon","coordinates":[[[3.9358,46.5121],[3.9182,46.5005],[3.9165,46.4961],[3.9077,46.4945],[3.8988,46.4854],[3.8905,46.4812],[3.8782,46.4867],[3.8649,46.4897],[3.8604,46.4956],[3.8646,46.5097],[3.86,46.5152],[3.8458,46.5129],[3.8609,46.5266],[3.8589,46.5293],[3.8628,46.5471],[3.8728,46.5486],[3.8797,46.5422],[3.8873,46.5431],[3.8891,46.5504],[3.8957,46.544],[3.8988,46.5322],[3.8984,46.524],[3.9169,46.5225],[3.9236,46.5149],[3.9358,46.5121]]]}},{"type":"Feature","properties":{"code":"71406","nom":"Saint-Didier-en-Brionnais","app":8.42,"app_bas":6.17,"app_haut":11.49,"app_ech":"maille","app_obs":0,"mai":7.32,"mai_bas":5.59,"mai_haut":9.58,"mai_ech":"maille","mai_obs":2},"geometry":{"type":"Polygon","coordinates":[[[4.1081,46.3297],[4.1055,46.3376],[4.0963,46.352],[4.0964,46.3544],[4.1012,46.3627],[4.1085,46.3613],[4.139,46.3502],[4.1363,46.3408],[4.1387,46.3359],[4.1537,46.3232],[4.1537,46.3171],[4.134,46.317],[4.1228,46.3254],[4.1081,46.3297]]]}},{"type":"Feature","properties":{"code":"71305","nom":"Montbellet","app":11.38,"app_bas":8.7,"app_haut":14.9,"app_ech":"maille","app_obs":23,"mai":9.7,"mai_bas":7.39,"mai_haut":12.73,"mai_ech":"maille","mai_obs":30},"geometry":{"type":"Polygon","coordinates":[[[4.8435,46.4752],[4.847,46.4762],[4.8467,46.4931],[4.8582,46.494],[4.8796,46.486],[4.8938,46.4852],[4.9145,46.4801],[4.9161,46.4716],[4.9145,46.4622],[4.9111,46.4577],[4.8944,46.4454],[4.8856,46.4549],[4.8746,46.4542],[4.865,46.459],[4.8395,46.4617],[4.8435,46.4752]]]}},{"type":"Feature","properties":{"code":"71316","nom":"Montmelard","app":7.47,"app_bas":5.93,"app_haut":9.41,"app_ech":"maille","app_obs":2,"mai":7.38,"mai_bas":5.67,"mai_haut":9.6,"mai_ech":"maille","mai_obs":3},"geometry":{"type":"Polygon","coordinates":[[[4.3775,46.3501],[4.3979,46.3604],[4.4108,46.3749],[4.4186,46.3735],[4.4332,46.3617],[4.4413,46.3597],[4.4453,46.3558],[4.4444,46.3465],[4.4346,46.3353],[4.4326,46.3232],[4.4342,46.3138],[4.4239,46.3107],[4.4016,46.3127],[4.395,46.321],[4.3955,46.3315],[4.3775,46.3501]]]}},{"type":"Feature","properties":{"code":"71359","nom":"Préty","app":10.51,"app_bas":8,"app_haut":13.81,"app_ech":"maille","app_obs":0,"mai":8.54,"mai_bas":6.52,"mai_haut":11.2,"mai_ech":"maille","mai_obs":12},"geometry":{"type":"Polygon","coordinates":[[[4.9632,46.5575],[4.9711,46.554],[4.9787,46.5484],[4.9781,46.5422],[4.9849,46.5348],[4.9776,46.524],[4.966,46.5254],[4.9388,46.523],[4.9229,46.5491],[4.9482,46.5522],[4.9557,46.5574],[4.9632,46.5575]]]}},{"type":"Feature","properties":{"code":"71529","nom":"Suin","app":9.1,"app_bas":6.94,"app_haut":11.93,"app_ech":"maille","app_obs":0,"mai":7.38,"mai_bas":5.67,"mai_haut":9.6,"mai_ech":"maille","mai_obs":8},"geometry":{"type":"Polygon","coordinates":[[[4.4288,46.4285],[4.4059,46.4459],[4.4151,46.451],[4.4236,46.446],[4.4351,46.4461],[4.4479,46.4511],[4.4468,46.4593],[4.4525,46.4667],[4.47,46.4685],[4.4756,46.4649],[4.4767,46.4625],[4.4974,46.4533],[4.487,46.444],[4.4757,46.4203],[4.4774,46.4156],[4.4591,46.417],[4.4499,46.4102],[4.4446,46.4233],[4.4288,46.4285]]]}},{"type":"Feature","properties":{"code":"71574","nom":"Verzé","app":9.82,"app_bas":7.96,"app_haut":12.12,"app_ech":"maille","app_obs":24,"mai":9.79,"mai_bas":7.33,"mai_haut":13.08,"mai_ech":"maille","mai_obs":32},"geometry":{"type":"Polygon","coordinates":[[[4.6954,46.403],[4.6975,46.4108],[4.7148,46.4022],[4.7205,46.3933],[4.7365,46.3871],[4.7679,46.3859],[4.7829,46.3823],[4.7838,46.3682],[4.7718,46.3663],[4.7539,46.3589],[4.7371,46.3571],[4.7166,46.3601],[4.7165,46.3686],[4.7091,46.3744],[4.701,46.3875],[4.6957,46.3882],[4.6974,46.3989],[4.6954,46.403]]]}},{"type":"Feature","properties":{"code":"71128","nom":"Chiddes","app":9.1,"app_bas":6.94,"app_haut":11.93,"app_ech":"maille","app_obs":0,"mai":9.79,"mai_bas":7.33,"mai_haut":13.08,"mai_ech":"maille","mai_obs":0},"geometry":{"type":"Polygon","coordinates":[[[4.4756,46.4649],[4.5004,46.467],[4.5086,46.4644],[4.5355,46.4642],[4.5447,46.4615],[4.5376,46.4493],[4.524,46.4429],[4.4767,46.4625],[4.4756,46.4649]]]}},{"type":"Feature","properties":{"code":"71206","nom":"Frette","app":10.06,"app_bas":8.18,"app_haut":12.37,"app_ech":"maille","app_obs":5,"mai":9.12,"mai_bas":7.45,"mai_haut":11.15,"mai_ech":"maille","mai_obs":2},"geometry":{"type":"Polygon","coordinates":[[[5.0425,46.6261],[5.0226,46.6357],[5.018,46.6353],[5.0297,46.6449],[5.0209,46.6504],[5.0194,46.6553],[5.0317,46.6573],[5.0489,46.6513],[5.0673,46.6538],[5.0799,46.6446],[5.0815,46.6358],[5.0656,46.633],[5.0645,46.6257],[5.057,46.624],[5.0425,46.6261]]]}},{"type":"Feature","properties":{"code":"71250","nom":"Laizé","app":9.68,"app_bas":7.5,"app_haut":12.49,"app_ech":"maille","app_obs":3,"mai":9.94,"mai_bas":7.93,"mai_haut":12.47,"mai_ech":"maille","mai_obs":30},"geometry":{"type":"Polygon","coordinates":[[[4.8118,46.3606],[4.7899,46.3674],[4.7838,46.3682],[4.7829,46.3823],[4.7922,46.3872],[4.7982,46.4037],[4.8224,46.3991],[4.8189,46.3817],[4.8216,46.3762],[4.8177,46.3645],[4.8118,46.3606]]]}},{"type":"Feature","properties":{"code":"71288","nom":"Massy","app":null,"app_bas":null,"app_haut":null,"app_ech":null,"app_obs":0,"mai":null,"mai_bas":null,"mai_haut":null,"mai_ech":null,"mai_obs":0},"geometry":{"type":"Polygon","coordinates":[[[4.6234,46.4964],[4.6259,46.4897],[4.6218,46.4818],[4.6104,46.4789],[4.5944,46.4813],[4.5949,46.4887],[4.6002,46.4969],[4.6009,46.5042],[4.6234,46.4964]]]}},{"type":"Feature","properties":{"code":"71314","nom":"Montjay","app":7.94,"app_bas":6.06,"app_haut":10.4,"app_ech":"maille","app_obs":0,"mai":8.94,"mai_bas":7.2,"mai_haut":11.08,"mai_ech":"maille","mai_obs":16},"geometry":{"type":"Polygon","coordinates":[[[5.2805,46.7874],[5.2639,46.7902],[5.2731,46.8071],[5.2791,46.8065],[5.3145,46.8228],[5.3295,46.8255],[5.3358,46.8207],[5.321,46.8062],[5.3208,46.7984],[5.2973,46.7968],[5.2933,46.7896],[5.2805,46.7874]]]}},{"type":"Feature","properties":{"code":"71334","nom":"Oudry","app":7.47,"app_bas":5.93,"app_haut":9.41,"app_ech":"maille","app_obs":1,"mai":7.32,"mai_bas":5.59,"mai_haut":9.58,"mai_ech":"maille","mai_obs":6},"geometry":{"type":"Polygon","coordinates":[[[4.2055,46.5856],[4.2035,46.5767],[4.1818,46.5635],[4.1599,46.5649],[4.1506,46.5612],[4.1498,46.5563],[4.1337,46.5613],[4.1449,46.567],[4.135,46.5793],[4.1303,46.5986],[4.1569,46.6013],[4.1698,46.6039],[4.1763,46.6076],[4.1877,46.5992],[4.2014,46.5969],[4.1989,46.5892],[4.2055,46.5856]]]}},{"type":"Feature","properties":{"code":"71499","nom":"Sanvignes-les-Mines","app":8.27,"app_bas":6.53,"app_haut":10.48,"app_ech":"maille","app_obs":75,"mai":8.46,"mai_bas":6.53,"mai_haut":10.97,"mai_ech":"commune","mai_obs":152},"geometry":{"type":"Polygon","coordinates":[[[4.2284,46.6995],[4.248,46.6939],[4.2864,46.6883],[4.3017,46.6876],[4.3202,46.6811],[4.3332,46.6704],[4.3248,46.6662],[4.3308,46.6619],[4.3272,46.6578],[4.3242,46.6524],[4.3161,46.6475],[4.3038,46.6324],[4.2925,46.6314],[4.2671,46.6483],[4.2474,46.6488],[4.2463,46.654],[4.2523,46.6664],[4.252,46.6723],[4.2466,46.6758],[4.2337,46.6739],[4.2312,46.6801],[4.2225,46.6863],[4.2128,46.6875],[4.2215,46.6995],[4.2284,46.6995]]]}},{"type":"Feature","properties":{"code":"71552","nom":"Uxeau","app":6.99,"app_bas":5.4,"app_haut":9.04,"app_ech":"maille","app_obs":0,"mai":6.7,"mai_bas":5.16,"mai_haut":8.69,"mai_ech":"maille","mai_obs":13},"geometry":{"type":"Polygon","coordinates":[[[4.1011,46.6739],[4.1091,46.6685],[4.103,46.6535],[4.0862,46.6442],[4.0533,46.6403],[4.0466,46.6419],[4.0361,46.63],[4.0154,46.6385],[4.0117,46.6325],[3.9993,46.6431],[3.9974,46.6502],[3.9915,46.6536],[3.9779,46.6549],[3.981,46.6623],[3.9987,46.6659],[4.0113,46.6711],[4.0296,46.6742],[4.0409,46.6782],[4.0513,46.6777],[4.0746,46.6734],[4.0818,46.6689],[4.0978,46.6711],[4.1011,46.6739]]]}},{"type":"Feature","properties":{"code":"71031","nom":"Berzé-le-Châtel","app":9.82,"app_bas":7.96,"app_haut":12.12,"app_ech":"maille","app_obs":11,"mai":9.79,"mai_bas":7.33,"mai_haut":13.08,"mai_ech":"maille","mai_obs":5},"geometry":{"type":"Polygon","coordinates":[[[4.6563,46.4017],[4.6814,46.4093],[4.6954,46.403],[4.6974,46.3989],[4.6947,46.3821],[4.6849,46.3777],[4.6806,46.3898],[4.6563,46.4017]]]}},{"type":"Feature","properties":{"code":"71104","nom":"Charnay-lès-Chalon","app":9.31,"app_bas":7.58,"app_haut":11.42,"app_ech":"maille","app_obs":2,"mai":8.92,"mai_bas":6.98,"mai_haut":11.39,"mai_ech":"maille","mai_obs":1},"geometry":{"type":"Polygon","coordinates":[[[5.1032,46.9488],[5.1144,46.9526],[5.115,46.9402],[5.1117,46.9325],[5.094,46.9213],[5.085,46.9248],[5.0701,46.9274],[5.0534,46.9214],[5.0483,46.9268],[5.0479,46.9331],[5.0567,46.9401],[5.0618,46.9414],[5.0735,46.9364],[5.0837,46.9357],[5.1032,46.9488]]]}},{"type":"Feature","properties":{"code":"71212","nom":"Génelard","app":7.76,"app_bas":6.16,"app_haut":9.76,"app_ech":"commune","app_obs":126,"mai":6.7,"mai_bas":5.16,"mai_haut":8.69,"mai_ech":"maille","mai_obs":49},"geometry":{"type":"Polygon","coordinates":[[[4.2055,46.5856],[4.2258,46.6017],[4.2421,46.601],[4.2527,46.6101],[4.2578,46.6022],[4.2721,46.5963],[4.2797,46.5764],[4.2872,46.5675],[4.2843,46.5613],[4.2564,46.5449],[4.2478,46.5543],[4.2526,46.5612],[4.2525,46.5677],[4.2331,46.5741],[4.2226,46.5709],[4.2167,46.5772],[4.2035,46.5767],[4.2055,46.5856]]]}},{"type":"Feature","properties":{"code":"71252","nom":"Lalheue","app":11.77,"app_bas":9.36,"app_haut":14.8,"app_ech":"maille","app_obs":1,"mai":8.17,"mai_bas":6.43,"mai_haut":10.37,"mai_ech":"maille","mai_obs":18},"geometry":{"type":"Polygon","coordinates":[[[4.7961,46.6329],[4.7788,46.6388],[4.7796,46.6459],[4.7834,46.6491],[4.768,46.6687],[4.7744,46.6674],[4.7901,46.6582],[4.802,46.6629],[4.8112,46.6582],[4.8104,46.6468],[4.7961,46.6329]]]}},{"type":"Feature","properties":{"code":"71339","nom":"Ozolles","app":7.47,"app_bas":5.93,"app_haut":9.41,"app_ech":"maille","app_obs":1,"mai":7.38,"mai_bas":5.67,"mai_haut":9.6,"mai_ech":"maille","mai_obs":11},"geometry":{"type":"Polygon","coordinates":[[[4.3678,46.4144],[4.3606,46.4083],[4.3642,46.3945],[4.3724,46.3895],[4.3969,46.381],[4.4108,46.3749],[4.3979,46.3604],[4.3775,46.3501],[4.3606,46.3433],[4.357,46.3462],[4.3531,46.3532],[4.3539,46.3617],[4.3441,46.3684],[4.3441,46.3734],[4.3363,46.3752],[4.3272,46.3733],[4.3231,46.368],[4.3134,46.3742],[4.3203,46.3855],[4.3356,46.3961],[4.3346,46.3991],[4.3444,46.4005],[4.3286,46.4163],[4.3412,46.4193],[4.3539,46.4183],[4.3678,46.4144]]]}},{"type":"Feature","properties":{"code":"71356","nom":"Pouilloux","app":8.14,"app_bas":6.46,"app_haut":10.25,"app_ech":"maille","app_obs":6,"mai":7.32,"mai_bas":5.59,"mai_haut":9.58,"mai_ech":"maille","mai_obs":8},"geometry":{"type":"Polygon","coordinates":[[[4.3777,46.6217],[4.3858,46.6141],[4.3889,46.5987],[4.3795,46.5939],[4.3521,46.586],[4.3397,46.5767],[4.3348,46.5758],[4.3345,46.581],[4.3266,46.5954],[4.3238,46.6147],[4.3259,46.6261],[4.3455,46.6251],[4.3619,46.6212],[4.3777,46.6217]]]}},{"type":"Feature","properties":{"code":"71491","nom":"Saint-Yan","app":7.78,"app_bas":6.02,"app_haut":10.06,"app_ech":"maille","app_obs":37,"mai":7.32,"mai_bas":5.59,"mai_haut":9.58,"mai_ech":"maille","mai_obs":62},"geometry":{"type":"Polygon","coordinates":[[[4.0442,46.3834],[4.0407,46.3842],[4.04,46.3921],[4.0326,46.4029],[4.0231,46.4049],[4.0213,46.4147],[3.9846,46.4165],[3.9866,46.4217],[3.9953,46.4251],[4.0039,46.427],[4.0154,46.4258],[4.0226,46.4166],[4.0364,46.4227],[4.0538,46.4234],[4.0686,46.4312],[4.082,46.4341],[4.0928,46.4102],[4.1074,46.408],[4.0964,46.3926],[4.087,46.3897],[4.0848,46.378],[4.0738,46.3829],[4.0442,46.3834]]]}},{"type":"Feature","properties":{"code":"71525","nom":"Sologny","app":9.82,"app_bas":7.96,"app_haut":12.12,"app_ech":"maille","app_obs":17,"mai":9.94,"mai_bas":7.93,"mai_haut":12.47,"mai_ech":"maille","mai_obs":13},"geometry":{"type":"Polygon","coordinates":[[[4.6563,46.4017],[4.6806,46.3898],[4.6849,46.3777],[4.6945,46.3602],[4.691,46.3593],[4.6832,46.3465],[4.6596,46.3519],[4.6568,46.3579],[4.6619,46.3655],[4.6626,46.3739],[4.6593,46.3783],[4.6579,46.3899],[4.6534,46.3991],[4.6563,46.4017]]]}},{"type":"Feature","properties":{"code":"71561","nom":"Vauban","app":7.38,"app_bas":5.66,"app_haut":9.63,"app_ech":"maille","app_obs":2,"mai":7.86,"mai_bas":6.03,"mai_haut":10.24,"mai_ech":"maille","mai_obs":3},"geometry":{"type":"Polygon","coordinates":[[[4.1808,46.2639],[4.1828,46.2671],[4.1956,46.2699],[4.205,46.2646],[4.2102,46.2688],[4.2086,46.2848],[4.2139,46.2919],[4.2284,46.2918],[4.2282,46.2863],[4.2349,46.2733],[4.2451,46.2629],[4.2503,46.253],[4.2448,46.2439],[4.2096,46.2452],[4.2106,46.2535],[4.2048,46.2598],[4.1902,46.2602],[4.1808,46.2639]]]}},{"type":"Feature","properties":{"code":"71056","nom":"Branges","app":8.63,"app_bas":6.85,"app_haut":10.88,"app_ech":"maille","app_obs":35,"mai":8.14,"mai_bas":6.47,"mai_haut":10.25,"mai_ech":"maille","mai_obs":98},"geometry":{"type":"Polygon","coordinates":[[[5.1228,46.6557],[5.1249,46.6599],[5.1157,46.6652],[5.1287,46.6748],[5.1476,46.6721],[5.1537,46.6658],[5.1935,46.6748],[5.2026,46.6708],[5.2021,46.6581],[5.2055,46.6488],[5.2055,46.6316],[5.1954,46.6298],[5.1935,46.6359],[5.1858,46.6379],[5.1483,46.6356],[5.1304,46.631],[5.1273,46.6461],[5.1228,46.6557]]]}},{"type":"Feature","properties":{"code":"71078","nom":"Chamilly","app":11.15,"app_bas":8.7,"app_haut":14.28,"app_ech":"maille","app_obs":0,"mai":8.65,"mai_bas":6.54,"mai_haut":11.45,"mai_ech":"maille","mai_obs":5},"geometry":{"type":"Polygon","coordinates":[[[4.6657,46.8573],[4.6643,46.8669],[4.6832,46.8802],[4.6928,46.8736],[4.6987,46.8645],[4.691,46.8576],[4.6752,46.8556],[4.6657,46.8573]]]}},{"type":"Feature","properties":{"code":"71105","nom":"Charnay-lès-Mâcon","app":12.38,"app_bas":9.86,"app_haut":15.53,"app_ech":"commune","app_obs":739,"mai":10.96,"mai_bas":8.75,"mai_haut":13.73,"mai_ech":"commune","mai_obs":163},"geometry":{"type":"Polygon","coordinates":[[[4.7604,46.2956],[4.7661,46.3029],[4.7604,46.3132],[4.7802,46.3128],[4.781,46.3237],[4.8015,46.3225],[4.8178,46.3075],[4.8052,46.299],[4.793,46.2886],[4.7816,46.2848],[4.7734,46.2873],[4.7598,46.2876],[4.757,46.2929],[4.7604,46.2956]]]}},{"type":"Feature","properties":{"code":"71129","nom":"Chissey-en-Morvan","app":8.07,"app_bas":6.3,"app_haut":10.33,"app_ech":"maille","app_obs":23,"mai":7.23,"mai_bas":5.63,"mai_haut":9.28,"mai_ech":"maille","mai_obs":17},"geometry":{"type":"Polygon","coordinates":[[[4.2301,47.0893],[4.2186,47.0867],[4.2091,47.0932],[4.2039,47.1013],[4.1851,47.1025],[4.1676,47.1173],[4.17,47.1231],[4.1796,47.1255],[4.1871,47.1336],[4.1906,47.1451],[4.1819,47.1505],[4.1851,47.1526],[4.199,47.1512],[4.2098,47.1554],[4.2168,47.1467],[4.2344,47.1442],[4.2419,47.1482],[4.2412,47.1325],[4.2517,47.1315],[4.2597,47.114],[4.2542,47.1117],[4.2418,47.1001],[4.2294,47.0974],[4.2301,47.0893]]]}},{"type":"Feature","properties":{"code":"71146","nom":"Cortambert","app":10.68,"app_bas":8.23,"app_haut":13.86,"app_ech":"maille","app_obs":1,"mai":9.79,"mai_bas":7.33,"mai_haut":13.08,"mai_ech":"maille","mai_obs":3},"geometry":{"type":"Polygon","coordinates":[[[4.6679,46.4531],[4.6708,46.4571],[4.6739,46.4769],[4.6807,46.4808],[4.6856,46.4917],[4.6951,46.4922],[4.717,46.4901],[4.7258,46.4854],[4.7207,46.4691],[4.7205,46.463],[4.7169,46.4576],[4.7038,46.4488],[4.6934,46.4463],[4.688,46.4481],[4.6868,46.4577],[4.6679,46.4531]]]}},{"type":"Feature","properties":{"code":"71147","nom":"Cortevaix","app":9.1,"app_bas":6.94,"app_haut":11.93,"app_ech":"maille","app_obs":6,"mai":9.79,"mai_bas":7.33,"mai_haut":13.08,"mai_ech":"maille","mai_obs":10},"geometry":{"type":"Polygon","coordinates":[[[4.649,46.507],[4.6206,46.5057],[4.6213,46.5302],[4.6177,46.532],[4.6255,46.5341],[4.6372,46.5436],[4.6566,46.5498],[4.6681,46.5474],[4.6711,46.5377],[4.6616,46.5373],[4.6527,46.5255],[4.6476,46.5265],[4.6457,46.517],[4.649,46.507]]]}},{"type":"Feature","properties":{"code":"71246","nom":"Juif","app":8.63,"app_bas":6.85,"app_haut":10.88,"app_ech":"maille","app_obs":2,"mai":9.12,"mai_bas":7.45,"mai_haut":11.15,"mai_ech":"maille","mai_obs":2},"geometry":{"type":"Polygon","coordinates":[[[5.15,46.7008],[5.158,46.7026],[5.1735,46.6953],[5.1846,46.6941],[5.1886,46.6898],[5.1956,46.6792],[5.1935,46.6748],[5.1537,46.6658],[5.1476,46.6721],[5.1287,46.6748],[5.1319,46.6846],[5.1421,46.6875],[5.148,46.6924],[5.15,46.7008]]]}},{"type":"Feature","properties":{"code":"71380","nom":"Saillenard","app":9.53,"app_bas":7.45,"app_haut":12.2,"app_ech":"maille","app_obs":9,"mai":8.94,"mai_bas":7.2,"mai_haut":11.08,"mai_ech":"maille","mai_obs":38},"geometry":{"type":"Polygon","coordinates":[[[5.332,46.6885],[5.341,46.6936],[5.3538,46.7101],[5.3517,46.7165],[5.3603,46.7192],[5.3819,46.7157],[5.3874,46.7191],[5.3959,46.7156],[5.3968,46.7079],[5.4066,46.7039],[5.4084,46.6984],[5.3954,46.6851],[5.3798,46.6799],[5.3684,46.6737],[5.3568,46.6815],[5.3448,46.6811],[5.332,46.6885]]]}},{"type":"Feature","properties":{"code":"71447","nom":"Saint-Mard-de-Vaux","app":9.77,"app_bas":7.95,"app_haut":12.01,"app_ech":"maille","app_obs":0,"mai":8.65,"mai_bas":6.54,"mai_haut":11.45,"mai_ech":"maille","mai_obs":4},"geometry":{"type":"Polygon","coordinates":[[[4.6525,46.8128],[4.6577,46.8144],[4.6617,46.8221],[4.6813,46.8291],[4.6917,46.8224],[4.6904,46.8165],[4.6833,46.8026],[4.6617,46.802],[4.6558,46.7993],[4.647,46.8052],[4.6525,46.8128]]]}},{"type":"Feature","properties":{"code":"71459","nom":"Saint-Martin-sous-Montaigu","app":9.77,"app_bas":7.95,"app_haut":12.01,"app_ech":"maille","app_obs":4,"mai":8.65,"mai_bas":6.54,"mai_haut":11.45,"mai_ech":"maille","mai_obs":18},"geometry":{"type":"Polygon","coordinates":[[[4.7094,46.8059],[4.7006,46.8131],[4.6904,46.8165],[4.6917,46.8224],[4.7114,46.824],[4.7262,46.8173],[4.7225,46.8157],[4.7155,46.8048],[4.7211,46.7945],[4.7094,46.8059]]]}},{"type":"Feature","properties":{"code":"71014","nom":"Autun","app":9.18,"app_bas":7.3,"app_haut":11.54,"app_ech":"commune","app_obs":2550,"mai":8.58,"mai_bas":6.68,"mai_haut":11.01,"mai_ech":"commune","mai_obs":231},"geometry":{"type":"Polygon","coordinates":[[[4.272,46.9089],[4.2696,46.9122],[4.2715,46.9237],[4.252,46.9401],[4.2569,46.9426],[4.2628,46.9518],[4.2538,46.9591],[4.2551,46.9728],[4.2522,46.9764],[4.2361,46.9768],[4.2444,46.9853],[4.249,46.9825],[4.2799,46.9772],[4.2909,46.9824],[4.3003,46.977],[4.3064,46.9816],[4.3105,46.994],[4.3165,46.9918],[4.3261,46.9945],[4.3359,46.9941],[4.3347,46.9764],[4.3466,46.9688],[4.3522,46.9689],[4.3718,46.9555],[4.3547,46.9497],[4.3525,46.937],[4.362,46.9329],[4.3682,46.9264],[4.3639,46.9237],[4.355,46.9128],[4.3483,46.9004],[4.3626,46.8894],[4.3517,46.8825],[4.3435,46.8913],[4.3388,46.8916],[4.3382,46.9037],[4.3208,46.91],[4.3132,46.9166],[4.284,46.921],[4.2733,46.9063],[4.272,46.9089]]]}},{"type":"Feature","properties":{"code":"71093","nom":"Chapelle-Saint-Sauveur","app":9.12,"app_bas":7.19,"app_haut":11.57,"app_ech":"maille","app_obs":4,"mai":8.94,"mai_bas":7.2,"mai_haut":11.08,"mai_ech":"maille","mai_obs":12},"geometry":{"type":"Polygon","coordinates":[[[5.2133,46.8414],[5.2076,46.8477],[5.2096,46.8545],[5.2196,46.8571],[5.2231,46.8591],[5.2389,46.8592],[5.2484,46.8628],[5.2619,46.8604],[5.2678,46.8655],[5.2796,46.8688],[5.3083,46.8655],[5.3166,46.8582],[5.3172,46.8499],[5.3084,46.845],[5.3042,46.8385],[5.3059,46.8311],[5.3145,46.8228],[5.3016,46.8166],[5.3009,46.8318],[5.2899,46.837],[5.2836,46.8338],[5.2722,46.8333],[5.2649,46.8304],[5.2512,46.8348],[5.2401,46.8309],[5.2396,46.818],[5.2226,46.8273],[5.2197,46.8375],[5.2133,46.8414]]]}},{"type":"Feature","properties":{"code":"71427","nom":"Saint-Huruge","app":10,"app_bas":8.12,"app_haut":12.31,"app_ech":"maille","app_obs":2,"mai":9.79,"mai_bas":7.33,"mai_haut":13.08,"mai_ech":"maille","mai_obs":2},"geometry":{"type":"Polygon","coordinates":[[[4.5607,46.567],[4.5657,46.5883],[4.5745,46.589],[4.5936,46.584],[4.5771,46.5688],[4.5607,46.567]]]}},{"type":"Feature","properties":{"code":"71338","nom":"Ozenay","app":10.51,"app_bas":8,"app_haut":13.81,"app_ech":"maille","app_obs":0,"mai":8.17,"mai_bas":6.43,"mai_haut":10.37,"mai_ech":"maille","mai_obs":0},"geometry":{"type":"Polygon","coordinates":[[[4.8313,46.5167],[4.8264,46.5166],[4.8233,46.5262],[4.8141,46.5328],[4.8122,46.5425],[4.8186,46.5423],[4.8338,46.5529],[4.8442,46.5547],[4.8718,46.5506],[4.8738,46.5487],[4.8611,46.5302],[4.8603,46.5197],[4.8474,46.5146],[4.8313,46.5167]]]}},{"type":"Feature","properties":{"code":"71365","nom":"Rancy","app":8.64,"app_bas":6.98,"app_haut":10.7,"app_ech":"maille","app_obs":1,"mai":8.14,"mai_bas":6.47,"mai_haut":10.25,"mai_ech":"maille","mai_obs":33},"geometry":{"type":"Polygon","coordinates":[[[5.0794,46.6159],[5.0886,46.6161],[5.0906,46.608],[5.0984,46.5958],[5.0984,46.5874],[5.0914,46.5855],[5.0796,46.5875],[5.0677,46.5932],[5.0685,46.6067],[5.0794,46.6159]]]}},{"type":"Feature","properties":{"code":"71001","nom":"Abergement-de-Cuisery","app":10.51,"app_bas":8,"app_haut":13.81,"app_ech":"maille","app_obs":0,"mai":8.54,"mai_bas":6.52,"mai_haut":11.2,"mai_ech":"maille","mai_obs":19},"geometry":{"type":"Polygon","coordinates":[[[4.9711,46.554],[4.9632,46.5575],[4.961,46.5633],[4.946,46.5717],[4.9387,46.596],[4.9602,46.5899],[4.9742,46.5895],[4.9791,46.5759],[4.9728,46.5705],[4.9711,46.554]]]}},{"type":"Feature","properties":{"code":"71082","nom":"Champlecy","app":7.47,"app_bas":5.93,"app_haut":9.41,"app_ech":"maille","app_obs":4,"mai":8.19,"mai_bas":6.44,"mai_haut":10.43,"mai_ech":"maille","mai_obs":4},"geometry":{"type":"Polygon","coordinates":[[[4.2342,46.4406],[4.2257,46.4416],[4.211,46.4366],[4.1998,46.4449],[4.185,46.4493],[4.1959,46.4501],[4.2048,46.4554],[4.2003,46.4642],[4.1873,46.4667],[4.1786,46.4731],[4.1891,46.4763],[4.2113,46.4762],[4.2372,46.4898],[4.2464,46.4852],[4.2606,46.4739],[4.2706,46.4731],[4.2661,46.454],[4.2379,46.446],[4.2342,46.4406]]]}},{"type":"Feature","properties":{"code":"71121","nom":"Chaux","app":9.12,"app_bas":7.19,"app_haut":11.57,"app_ech":"maille","app_obs":2,"mai":8.14,"mai_bas":6.32,"mai_haut":10.49,"mai_ech":"maille","mai_obs":9},"geometry":{"type":"Polygon","coordinates":[[[5.242,46.816],[5.2396,46.818],[5.2401,46.8309],[5.2512,46.8348],[5.2649,46.8304],[5.2722,46.8333],[5.2836,46.8338],[5.2899,46.837],[5.3009,46.8318],[5.3016,46.8166],[5.2791,46.8065],[5.2731,46.8071],[5.2641,46.8121],[5.242,46.816]]]}},{"type":"Feature","properties":{"code":"71254","nom":"Lays-sur-le-Doubs","app":9.31,"app_bas":7.58,"app_haut":11.42,"app_ech":"maille","app_obs":1,"mai":8.92,"mai_bas":6.98,"mai_haut":11.39,"mai_ech":"maille","mai_obs":4},"geometry":{"type":"Polygon","coordinates":[[[5.2623,46.9126],[5.2471,46.9058],[5.2398,46.8972],[5.2303,46.8962],[5.2257,46.8983],[5.2282,46.9125],[5.2167,46.926],[5.2267,46.9272],[5.2334,46.9316],[5.2489,46.937],[5.252,46.9443],[5.2633,46.9359],[5.262,46.9274],[5.2623,46.9126]]]}},{"type":"Feature","properties":{"code":"71309","nom":"Montcenis","app":8.07,"app_bas":6.31,"app_haut":10.3,"app_ech":"maille","app_obs":79,"mai":8.69,"mai_bas":6.39,"mai_haut":11.8,"mai_ech":"maille","mai_obs":61},"geometry":{"type":"Polygon","coordinates":[[[4.3706,46.776],[4.3633,46.793],[4.3579,46.8007],[4.3779,46.8019],[4.391,46.8071],[4.3949,46.7992],[4.4044,46.7927],[4.4234,46.787],[4.4191,46.7804],[4.4215,46.775],[4.4046,46.7669],[4.3972,46.7719],[4.3787,46.7726],[4.3706,46.776]]]}},{"type":"Feature","properties":{"code":"71350","nom":"Pierreclos","app":9.82,"app_bas":7.96,"app_haut":12.12,"app_ech":"maille","app_obs":29,"mai":9.94,"mai_bas":7.93,"mai_haut":12.47,"mai_ech":"maille","mai_obs":26},"geometry":{"type":"Polygon","coordinates":[[[4.6503,46.3464],[4.6596,46.3519],[4.6832,46.3465],[4.6873,46.3407],[4.695,46.3401],[4.6991,46.3272],[4.7048,46.3237],[4.6856,46.3173],[4.6711,46.3178],[4.6546,46.3203],[4.6411,46.3189],[4.6428,46.3288],[4.6503,46.3464]]]}},{"type":"Feature","properties":{"code":"71489","nom":"Saint-Vincent-en-Bresse","app":10.06,"app_bas":8.18,"app_haut":12.37,"app_ech":"maille","app_obs":11,"mai":9.12,"mai_bas":7.45,"mai_haut":11.15,"mai_ech":"maille","mai_obs":10},"geometry":{"type":"Polygon","coordinates":[[[5.0317,46.6573],[5.031,46.6663],[5.0352,46.6784],[5.0365,46.6929],[5.059,46.6856],[5.0732,46.6844],[5.0853,46.6867],[5.0871,46.683],[5.0992,46.6743],[5.0942,46.6624],[5.0826,46.6631],[5.0673,46.6538],[5.0489,46.6513],[5.0317,46.6573]]]}},{"type":"Feature","properties":{"code":"71500","nom":"Sarry","app":7.82,"app_bas":6.16,"app_haut":9.92,"app_ech":"maille","app_obs":0,"mai":8.19,"mai_bas":6.44,"mai_haut":10.43,"mai_ech":"maille","mai_obs":1},"geometry":{"type":"Polygon","coordinates":[[[4.1081,46.3297],[4.1228,46.3254],[4.134,46.317],[4.123,46.3082],[4.1172,46.2945],[4.0817,46.2937],[4.0841,46.3103],[4.1042,46.3192],[4.103,46.328],[4.1081,46.3297]]]}},{"type":"Feature","properties":{"code":"71550","nom":"Uchizy","app":11.38,"app_bas":8.7,"app_haut":14.9,"app_ech":"maille","app_obs":17,"mai":8.54,"mai_bas":6.52,"mai_haut":11.2,"mai_ech":"maille","mai_obs":53},"geometry":{"type":"Polygon","coordinates":[[[4.9145,46.4801],[4.8938,46.4852],[4.8796,46.486],[4.8582,46.494],[4.8467,46.4931],[4.8407,46.4992],[4.857,46.4995],[4.8657,46.5024],[4.8705,46.5074],[4.8718,46.5161],[4.8755,46.5202],[4.8867,46.5193],[4.8936,46.5082],[4.927,46.4993],[4.9182,46.4918],[4.9145,46.4801]]]}},{"type":"Feature","properties":{"code":"71554","nom":"Varenne-l'Arconce","app":8.42,"app_bas":6.17,"app_haut":11.49,"app_ech":"maille","app_obs":0,"mai":7.32,"mai_bas":5.59,"mai_haut":9.58,"mai_ech":"maille","mai_obs":2},"geometry":{"type":"Polygon","coordinates":[[[4.139,46.3502],[4.1476,46.3545],[4.1638,46.3593],[4.1759,46.3519],[4.17,46.3325],[4.1641,46.3236],[4.1537,46.3232],[4.1387,46.3359],[4.1363,46.3408],[4.139,46.3502]]]}},{"type":"Feature","properties":{"code":"71585","nom":"Virey-le-Grand","app":10.38,"app_bas":8.25,"app_haut":13.06,"app_ech":"maille","app_obs":15,"mai":10.06,"mai_bas":7.66,"mai_haut":13.21,"mai_ech":"maille","mai_obs":27},"geometry":{"type":"Polygon","coordinates":[[[4.8642,46.8274],[4.8463,46.8456],[4.845,46.8515],[4.8507,46.8508],[4.8588,46.8636],[4.8581,46.8776],[4.8666,46.8805],[4.8734,46.8778],[4.8889,46.8624],[4.8828,46.8585],[4.8927,46.8391],[4.8889,46.8352],[4.8786,46.834],[4.8642,46.8274]]]}},{"type":"Feature","properties":{"code":"71125","nom":"Chérizet","app":10,"app_bas":8.12,"app_haut":12.31,"app_ech":"maille","app_obs":1,"mai":7.32,"mai_bas":5.59,"mai_haut":9.58,"mai_ech":"maille","mai_obs":0},"geometry":{"type":"Polygon","coordinates":[[[4.5506,46.5173],[4.5528,46.5235],[4.5791,46.5225],[4.5819,46.5211],[4.5757,46.5076],[4.5506,46.5173]]]}},{"type":"Feature","properties":{"code":"71230","nom":"Gueugnon","app":8.59,"app_bas":6.64,"app_haut":11.12,"app_ech":"commune","app_obs":478,"mai":7.1,"mai_bas":5.48,"mai_haut":9.2,"mai_ech":"commune","mai_obs":194},"geometry":{"type":"Polygon","coordinates":[[[4.0892,46.6224],[4.092,46.6169],[4.0892,46.6086],[4.0962,46.6011],[4.0875,46.6022],[4.0826,46.599],[4.0811,46.5833],[4.0698,46.5777],[4.065,46.5656],[4.0565,46.5645],[4.0457,46.5653],[4.0298,46.5723],[4.0021,46.5738],[4.0175,46.5884],[4.0113,46.5994],[4.0099,46.6069],[4.0161,46.6148],[4.0257,46.6057],[4.0317,46.6156],[4.0519,46.6193],[4.0615,46.6149],[4.0727,46.616],[4.0892,46.6224]]]}},{"type":"Feature","properties":{"code":"71231","nom":"Guiche","app":9.1,"app_bas":6.94,"app_haut":11.93,"app_ech":"maille","app_obs":24,"mai":7.38,"mai_bas":5.67,"mai_haut":9.6,"mai_ech":"maille","mai_obs":9},"geometry":{"type":"Polygon","coordinates":[[[4.408,46.5333],[4.4124,46.5365],[4.4107,46.5449],[4.4238,46.5543],[4.4369,46.5595],[4.4517,46.5605],[4.4677,46.5582],[4.4712,46.5412],[4.4676,46.5305],[4.4706,46.5219],[4.4443,46.4883],[4.4299,46.4924],[4.426,46.5035],[4.4042,46.5228],[4.4095,46.525],[4.408,46.5333]]]}},{"type":"Feature","properties":{"code":"71413","nom":"Saint-Firmin","app":8.07,"app_bas":6.31,"app_haut":10.3,"app_ech":"maille","app_obs":11,"mai":8.51,"mai_bas":6.82,"mai_haut":10.63,"mai_ech":"maille","mai_obs":4},"geometry":{"type":"Polygon","coordinates":[[[4.4461,46.8817],[4.4705,46.8694],[4.4787,46.8598],[4.4774,46.8509],[4.4716,46.84],[4.4819,46.8306],[4.4903,46.8298],[4.5001,46.8338],[4.5011,46.8213],[4.4915,46.8145],[4.472,46.8263],[4.46,46.8205],[4.4435,46.8263],[4.4513,46.8267],[4.457,46.846],[4.4534,46.8502],[4.43,46.8609],[4.4349,46.8748],[4.4461,46.8817]]]}},{"type":"Feature","properties":{"code":"71423","nom":"Saint-Gervais-en-Vallière","app":10.38,"app_bas":8.25,"app_haut":13.06,"app_ech":"maille","app_obs":7,"mai":9.14,"mai_bas":7.3,"mai_haut":11.44,"mai_ech":"maille","mai_obs":8},"geometry":{"type":"Polygon","coordinates":[[[4.9777,46.9303],[4.9679,46.9278],[4.9446,46.9255],[4.9312,46.9349],[4.933,46.9568],[4.9545,46.9613],[4.9552,46.9632],[4.9663,46.9646],[4.9838,46.9593],[5.0044,46.9581],[4.9777,46.9303]]]}},{"type":"Feature","properties":{"code":"71457","nom":"Saint-Martin-en-Gâtinois","app":10.38,"app_bas":8.25,"app_haut":13.06,"app_ech":"maille","app_obs":0,"mai":9.14,"mai_bas":7.3,"mai_haut":11.44,"mai_ech":"maille","mai_obs":2},"geometry":{"type":"Polygon","coordinates":[[[4.9777,46.9303],[5.0056,46.9592],[5.0242,46.9561],[5.0287,46.9527],[5.0268,46.9399],[5.0084,46.9284],[4.9899,46.9326],[4.9777,46.9303]]]}},{"type":"Feature","properties":{"code":"71271","nom":"Mailly","app":7.82,"app_bas":6.16,"app_haut":9.92,"app_ech":"maille","app_obs":0,"mai":7.86,"mai_bas":6.03,"mai_haut":10.24,"mai_ech":"maille","mai_obs":7},"geometry":{"type":"Polygon","coordinates":[[[4.1124,46.2137],[4.0952,46.2249],[4.0989,46.2334],[4.0962,46.2484],[4.1088,46.2402],[4.1184,46.2303],[4.1352,46.2253],[4.1271,46.2178],[4.1124,46.2137]]]}},{"type":"Feature","properties":{"code":"71340","nom":"Palinges","app":7.47,"app_bas":5.93,"app_haut":9.41,"app_ech":"maille","app_obs":38,"mai":7.32,"mai_bas":5.59,"mai_haut":9.58,"mai_ech":"maille","mai_obs":33},"geometry":{"type":"Polygon","coordinates":[[[4.1799,46.5269],[4.1618,46.524],[4.1626,46.5294],[4.1713,46.5424],[4.1594,46.5479],[4.1586,46.5533],[4.1498,46.5563],[4.1506,46.5612],[4.1599,46.5649],[4.1818,46.5635],[4.2035,46.5767],[4.2167,46.5772],[4.2226,46.5709],[4.2331,46.5741],[4.2525,46.5677],[4.2526,46.5612],[4.2478,46.5543],[4.2564,46.5449],[4.2479,46.5405],[4.2498,46.5322],[4.2416,46.5254],[4.2334,46.525],[4.2252,46.5182],[4.2153,46.5163],[4.1799,46.5269]]]}},{"type":"Feature","properties":{"code":"71371","nom":"Roche-Vineuse","app":9.82,"app_bas":7.96,"app_haut":12.12,"app_ech":"maille","app_obs":60,"mai":9.94,"mai_bas":7.93,"mai_haut":12.47,"mai_ech":"maille","mai_obs":33},"geometry":{"type":"Polygon","coordinates":[[[4.7078,46.3511],[4.714,46.3514],[4.7166,46.3601],[4.7371,46.3571],[4.7539,46.3589],[4.7718,46.3663],[4.7838,46.3682],[4.7899,46.3674],[4.7824,46.3457],[4.7695,46.35],[4.7625,46.3433],[4.7454,46.3422],[4.7347,46.332],[4.7302,46.3327],[4.7187,46.3377],[4.7097,46.3447],[4.7078,46.3511]]]}},{"type":"Feature","properties":{"code":"71463","nom":"Saint-Maurice-lès-Châteauneuf","app":7.82,"app_bas":6.16,"app_haut":9.92,"app_ech":"maille","app_obs":10,"mai":7.86,"mai_bas":6.03,"mai_haut":10.24,"mai_ech":"maille","mai_obs":16},"geometry":{"type":"Polygon","coordinates":[[[4.2237,46.2195],[4.2321,46.2301],[4.2379,46.2437],[4.2637,46.2441],[4.2753,46.2288],[4.271,46.2156],[4.2502,46.2133],[4.2386,46.2079],[4.2262,46.2139],[4.2237,46.2195]]]}},{"type":"Feature","properties":{"code":"71545","nom":"Tramayes","app":8.69,"app_bas":7.04,"app_haut":10.73,"app_ech":"commune","app_obs":111,"mai":9.04,"mai_bas":6.81,"mai_haut":11.99,"mai_ech":"maille","mai_obs":22},"geometry":{"type":"Polygon","coordinates":[[[4.617,46.2806],[4.5971,46.2845],[4.585,46.2926],[4.5716,46.2905],[4.5698,46.2934],[4.5854,46.3067],[4.5833,46.3133],[4.5727,46.3216],[4.5643,46.3317],[4.5873,46.3302],[4.5927,46.3319],[4.605,46.3279],[4.6174,46.3181],[4.6355,46.3137],[4.6323,46.3045],[4.6387,46.3014],[4.6315,46.289],[4.617,46.2806]]]}},{"type":"Feature","properties":{"code":"71035","nom":"Bissy-la-Mâconnaise","app":10.51,"app_bas":8,"app_haut":13.81,"app_ech":"maille","app_obs":1,"mai":8.17,"mai_bas":6.43,"mai_haut":10.37,"mai_ech":"maille","mai_obs":0},"geometry":{"type":"Polygon","coordinates":[[[4.7589,46.4936],[4.767,46.4963],[4.7775,46.4946],[4.7964,46.4837],[4.7956,46.4741],[4.781,46.4769],[4.7697,46.4827],[4.7579,46.4737],[4.7614,46.4878],[4.7589,46.4936]]]}},{"type":"Feature","properties":{"code":"71052","nom":"Boyer","app":10.51,"app_bas":8,"app_haut":13.81,"app_ech":"maille","app_obs":4,"mai":8.54,"mai_bas":6.52,"mai_haut":11.2,"mai_ech":"maille","mai_obs":29},"geometry":{"type":"Polygon","coordinates":[[[4.943,46.6128],[4.9246,46.592],[4.8984,46.5866],[4.8798,46.5732],[4.8659,46.5821],[4.8617,46.59],[4.8742,46.596],[4.8818,46.6065],[4.8929,46.6136],[4.9036,46.6166],[4.9218,46.6174],[4.9287,46.6237],[4.9461,46.621],[4.943,46.6128]]]}},{"type":"Feature","properties":{"code":"71279","nom":"Rousset-Marizy","app":9.1,"app_bas":6.94,"app_haut":11.93,"app_ech":"maille","app_obs":10,"mai":7.32,"mai_bas":5.59,"mai_haut":9.58,"mai_ech":"maille","mai_obs":12},"geometry":{"type":"Polygon","coordinates":[[[4.408,46.5333],[4.4014,46.5386],[4.3876,46.5406],[4.3819,46.5439],[4.3817,46.5502],[4.3747,46.558],[4.3582,46.5609],[4.3566,46.5691],[4.361,46.5764],[4.3521,46.586],[4.3795,46.5939],[4.3889,46.5987],[4.4004,46.5921],[4.4064,46.5922],[4.4147,46.6],[4.4328,46.5981],[4.4442,46.5924],[4.4546,46.605],[4.4697,46.6037],[4.4909,46.593],[4.5069,46.5887],[4.5134,46.5824],[4.5114,46.5757],[4.5005,46.5639],[4.4966,46.5563],[4.4848,46.5499],[4.4695,46.5485],[4.4677,46.5582],[4.4517,46.5605],[4.4369,46.5595],[4.4238,46.5543],[4.4107,46.5449],[4.4124,46.5365],[4.408,46.5333]]]}},{"type":"Feature","properties":{"code":"71548","nom":"Tronchy","app":10.06,"app_bas":8.18,"app_haut":12.37,"app_ech":"maille","app_obs":0,"mai":9.12,"mai_bas":7.45,"mai_haut":11.15,"mai_ech":"maille","mai_obs":8},"geometry":{"type":"Polygon","coordinates":[[[5.042,46.7272],[5.0359,46.7319],[5.0383,46.7373],[5.0582,46.7398],[5.08,46.7389],[5.0872,46.7292],[5.0999,46.7278],[5.1084,46.7224],[5.0958,46.7137],[5.0836,46.7137],[5.06,46.7295],[5.0494,46.7262],[5.042,46.7272]]]}},{"type":"Feature","properties":{"code":"71583","nom":"Vinzelles","app":11.05,"app_bas":8.8,"app_haut":13.87,"app_ech":"maille","app_obs":11,"mai":9.94,"mai_bas":7.93,"mai_haut":12.47,"mai_ech":"maille","mai_obs":16},"geometry":{"type":"Polygon","coordinates":[[[4.7872,46.2734],[4.7973,46.2724],[4.7944,46.2649],[4.7971,46.257],[4.7568,46.266],[4.7579,46.2765],[4.7872,46.2734]]]}},{"type":"Feature","properties":{"code":"71195","nom":"Farges-lès-Mâcon","app":10.51,"app_bas":8,"app_haut":13.81,"app_ech":"maille","app_obs":0,"mai":8.54,"mai_bas":6.52,"mai_haut":11.2,"mai_ech":"maille","mai_obs":7},"geometry":{"type":"Polygon","coordinates":[[[4.8867,46.5193],[4.9065,46.5264],[4.9028,46.5198],[4.9138,46.5171],[4.9234,46.5204],[4.9332,46.5179],[4.9336,46.5124],[4.927,46.4993],[4.8936,46.5082],[4.8867,46.5193]]]}},{"type":"Feature","properties":{"code":"71200","nom":"Fleury-la-Montagne","app":8.1,"app_bas":6.37,"app_haut":10.3,"app_ech":"maille","app_obs":6,"mai":7.86,"mai_bas":6.03,"mai_haut":10.24,"mai_ech":"maille","mai_obs":7},"geometry":{"type":"Polygon","coordinates":[[[4.1124,46.2137],[4.1271,46.2178],[4.1378,46.2071],[4.1471,46.2015],[4.1449,46.1912],[4.1338,46.1773],[4.1038,46.1984],[4.1073,46.2109],[4.1124,46.2137]]]}},{"type":"Feature","properties":{"code":"71390","nom":"Saint-Berain-sous-Sanvignes","app":9.74,"app_bas":7.52,"app_haut":12.62,"app_ech":"maille","app_obs":20,"mai":7.21,"mai_bas":5.88,"mai_haut":8.85,"mai_ech":"maille","mai_obs":17},"geometry":{"type":"Polygon","coordinates":[[[4.3202,46.6811],[4.3017,46.6876],[4.2864,46.6883],[4.248,46.6939],[4.2284,46.6995],[4.2348,46.7082],[4.2462,46.7146],[4.2599,46.7379],[4.252,46.7471],[4.2524,46.7547],[4.2729,46.765],[4.2757,46.7527],[4.2844,46.7435],[4.3172,46.7365],[4.3435,46.7347],[4.3454,46.7324],[4.3357,46.7233],[4.3315,46.7128],[4.3463,46.7097],[4.35,46.7052],[4.3475,46.6982],[4.3392,46.6903],[4.3259,46.6855],[4.3202,46.6811]]]}},{"type":"Feature","properties":{"code":"71299","nom":"Milly-Lamartine","app":9.82,"app_bas":7.96,"app_haut":12.12,"app_ech":"maille","app_obs":4,"mai":9.94,"mai_bas":7.93,"mai_haut":12.47,"mai_ech":"maille","mai_obs":2},"geometry":{"type":"Polygon","coordinates":[[[4.695,46.3401],[4.6873,46.3407],[4.6832,46.3465],[4.691,46.3593],[4.6945,46.3602],[4.7078,46.3511],[4.7097,46.3447],[4.695,46.3401]]]}},{"type":"Feature","properties":{"code":"71304","nom":"Montagny-sur-Grosne","app":null,"app_bas":null,"app_haut":null,"app_ech":null,"app_obs":0,"mai":null,"mai_bas":null,"mai_haut":null,"mai_ech":null,"mai_obs":0},"geometry":{"type":"Polygon","coordinates":[[[4.5278,46.3497],[4.5174,46.3556],[4.5282,46.363],[4.5472,46.3697],[4.5425,46.3626],[4.5652,46.3559],[4.5667,46.3464],[4.563,46.3385],[4.5278,46.3497]]]}},{"type":"Feature","properties":{"code":"71347","nom":"Perreuil","app":8.07,"app_bas":6.31,"app_haut":10.3,"app_ech":"maille","app_obs":11,"mai":8.51,"mai_bas":6.82,"mai_haut":10.63,"mai_ech":"maille","mai_obs":27},"geometry":{"type":"Polygon","coordinates":[[[4.5493,46.8336],[4.5533,46.8368],[4.5669,46.8366],[4.5884,46.8274],[4.5905,46.8217],[4.5781,46.808],[4.5669,46.8064],[4.5563,46.8115],[4.5493,46.8238],[4.5493,46.8336]]]}},{"type":"Feature","properties":{"code":"71185","nom":"Dyo","app":7.47,"app_bas":5.93,"app_haut":9.41,"app_ech":"maille","app_obs":6,"mai":8.19,"mai_bas":6.44,"mai_haut":10.43,"mai_ech":"maille","mai_obs":6},"geometry":{"type":"Polygon","coordinates":[[[4.2671,46.3387],[4.2654,46.3525],[4.2557,46.3686],[4.261,46.3815],[4.2659,46.3868],[4.2758,46.3896],[4.282,46.3848],[4.2942,46.3831],[4.3066,46.3754],[4.2934,46.3601],[4.3008,46.3529],[4.3118,46.3485],[4.3055,46.3414],[4.29,46.3442],[4.2671,46.3387]]]}},{"type":"Feature","properties":{"code":"71248","nom":"Lacrost","app":10.51,"app_bas":8,"app_haut":13.81,"app_ech":"maille","app_obs":10,"mai":8.54,"mai_bas":6.52,"mai_haut":11.2,"mai_ech":"maille","mai_obs":17},"geometry":{"type":"Polygon","coordinates":[[[4.9229,46.5491],[4.9192,46.5562],[4.9173,46.5742],[4.9235,46.5855],[4.9361,46.5956],[4.9387,46.596],[4.946,46.5717],[4.961,46.5633],[4.9632,46.5575],[4.9557,46.5574],[4.9482,46.5522],[4.9229,46.5491]]]}},{"type":"Feature","properties":{"code":"71474","nom":"Sainte-Radegonde","app":6.99,"app_bas":5.4,"app_haut":9.04,"app_ech":"maille","app_obs":0,"mai":6.7,"mai_bas":5.16,"mai_haut":8.69,"mai_ech":"maille","mai_obs":12},"geometry":{"type":"Polygon","coordinates":[[[4.08,46.7162],[4.0869,46.7168],[4.1034,46.7125],[4.1198,46.7051],[4.1139,46.6962],[4.115,46.6904],[4.1099,46.6813],[4.0978,46.6711],[4.0818,46.6689],[4.0746,46.6734],[4.0513,46.6777],[4.0409,46.6782],[4.0396,46.692],[4.0497,46.7065],[4.065,46.7152],[4.08,46.7162]]]}},{"type":"Feature","properties":{"code":"71537","nom":"Thil-sur-Arroux","app":7.93,"app_bas":6.07,"app_haut":10.36,"app_ech":"maille","app_obs":2,"mai":6.7,"mai_bas":5.16,"mai_haut":8.69,"mai_ech":"maille","mai_obs":2},"geometry":{"type":"Polygon","coordinates":[[[4.122,46.8129],[4.1301,46.8015],[4.1099,46.7975],[4.0985,46.7853],[4.0848,46.7916],[4.0755,46.7929],[4.062,46.7917],[4.0584,46.816],[4.0908,46.8133],[4.0972,46.8149],[4.1044,46.8215],[4.1171,46.8174],[4.122,46.8129]]]}},{"type":"Feature","properties":{"code":"71557","nom":"Varenne-Saint-Germain","app":8.42,"app_bas":6.17,"app_haut":11.49,"app_ech":"maille","app_obs":1,"mai":7.32,"mai_bas":5.59,"mai_haut":9.58,"mai_ech":"maille","mai_obs":21},"geometry":{"type":"Polygon","coordinates":[[[4.0015,46.4588],[4.0138,46.4562],[4.0299,46.4564],[4.0325,46.4498],[4.0433,46.4437],[4.0651,46.4412],[4.0686,46.4312],[4.0538,46.4234],[4.0364,46.4227],[4.0226,46.4166],[4.0154,46.4258],[4.0039,46.427],[3.9953,46.4251],[3.9881,46.4355],[4.0056,46.4435],[3.9974,46.4503],[4.0015,46.4588]]]}},{"type":"Feature","properties":{"code":"71578","nom":"Clux-Villeneuve","app":10.38,"app_bas":8.25,"app_haut":13.06,"app_ech":"maille","app_obs":0,"mai":9.14,"mai_bas":7.3,"mai_haut":11.44,"mai_ech":"maille","mai_obs":2},"geometry":{"type":"Polygon","coordinates":[[[5.2015,46.9832],[5.2122,46.9801],[5.2077,46.9721],[5.2173,46.9605],[5.2166,46.9522],[5.1865,46.9412],[5.1669,46.9431],[5.1562,46.9426],[5.1477,46.9448],[5.1422,46.9523],[5.1551,46.9603],[5.1504,46.9664],[5.1662,46.9639],[5.1775,46.9696],[5.1817,46.9748],[5.1973,46.9753],[5.2015,46.9832]]]}},{"type":"Feature","properties":{"code":"71023","nom":"Baudrières","app":10.06,"app_bas":8.18,"app_haut":12.37,"app_ech":"maille","app_obs":2,"mai":9.12,"mai_bas":7.45,"mai_haut":11.15,"mai_ech":"maille","mai_obs":20},"geometry":{"type":"Polygon","coordinates":[[[4.9909,46.6351],[4.9735,46.6558],[4.9615,46.6542],[4.9645,46.6733],[4.9675,46.6831],[4.9899,46.6845],[5.0048,46.6967],[5.015,46.6895],[5.0298,46.6979],[5.0365,46.6929],[5.0352,46.6784],[5.031,46.6663],[5.0317,46.6573],[5.0194,46.6553],[5.0209,46.6504],[5.0297,46.6449],[5.018,46.6353],[4.9909,46.6351]]]}},{"type":"Feature","properties":{"code":"71026","nom":"Beaumont-sur-Grosne","app":11.77,"app_bas":9.36,"app_haut":14.8,"app_ech":"maille","app_obs":12,"mai":8.17,"mai_bas":6.43,"mai_haut":10.37,"mai_ech":"maille","mai_obs":37},"geometry":{"type":"Polygon","coordinates":[[[4.8625,46.6528],[4.849,46.662],[4.8391,46.6775],[4.859,46.6835],[4.8739,46.6864],[4.8753,46.6724],[4.8799,46.6623],[4.8732,46.6567],[4.8625,46.6528]]]}},{"type":"Feature","properties":{"code":"71111","nom":"Chassy","app":7.47,"app_bas":5.93,"app_haut":9.41,"app_ech":"maille","app_obs":2,"mai":6.7,"mai_bas":5.16,"mai_haut":8.69,"mai_ech":"maille","mai_obs":5},"geometry":{"type":"Polygon","coordinates":[[[4.1135,46.5678],[4.103,46.5737],[4.0925,46.5769],[4.0811,46.5833],[4.0826,46.599],[4.0875,46.6022],[4.1133,46.5972],[4.1303,46.5986],[4.135,46.5793],[4.1449,46.567],[4.1337,46.5613],[4.1135,46.5678]]]}},{"type":"Feature","properties":{"code":"71349","nom":"Petite-Verrière","app":7.65,"app_bas":6.08,"app_haut":9.63,"app_ech":"maille","app_obs":0,"mai":7.21,"mai_bas":5.88,"mai_haut":8.85,"mai_ech":"maille","mai_obs":0},"geometry":{"type":"Polygon","coordinates":[[[4.1896,47.0371],[4.178,47.028],[4.163,47.0251],[4.1501,47.0341],[4.1508,47.0461],[4.1528,47.0484],[4.1502,47.0643],[4.1526,47.0664],[4.1703,47.0672],[4.1779,47.0588],[4.1817,47.0461],[4.1896,47.0371]]]}},{"type":"Feature","properties":{"code":"71229","nom":"Guerreaux","app":6.86,"app_bas":5.25,"app_haut":8.96,"app_ech":"maille","app_obs":6,"mai":6.91,"mai_bas":5.42,"mai_haut":8.83,"mai_ech":"maille","mai_obs":4},"geometry":{"type":"Polygon","coordinates":[[[3.9358,46.5121],[3.9236,46.5149],[3.9169,46.5225],[3.8984,46.524],[3.8988,46.5322],[3.8957,46.544],[3.8809,46.5583],[3.8901,46.5595],[3.9242,46.5607],[3.9357,46.5575],[3.9415,46.5632],[3.9513,46.5576],[3.954,46.547],[3.9532,46.5349],[3.9485,46.5243],[3.9358,46.5121]]]}},{"type":"Feature","properties":{"code":"71377","nom":"Royer","app":11.77,"app_bas":9.36,"app_haut":14.8,"app_ech":"maille","app_obs":0,"mai":8.17,"mai_bas":6.43,"mai_haut":10.37,"mai_ech":"maille","mai_obs":4},"geometry":{"type":"Polygon","coordinates":[[[4.8063,46.552],[4.8153,46.5681],[4.8411,46.5645],[4.846,46.5611],[4.8442,46.5547],[4.8338,46.5529],[4.8186,46.5423],[4.8056,46.5434],[4.8063,46.552]]]}},{"type":"Feature","properties":{"code":"71405","nom":"Saint-Didier-en-Bresse","app":7.94,"app_bas":6.06,"app_haut":10.4,"app_ech":"maille","app_obs":0,"mai":8.92,"mai_bas":6.98,"mai_haut":11.39,"mai_ech":"maille","mai_obs":4},"geometry":{"type":"Polygon","coordinates":[[[5.0743,46.864],[5.0846,46.8609],[5.1067,46.8605],[5.1413,46.8566],[5.1419,46.8507],[5.1495,46.8469],[5.1472,46.8443],[5.1421,46.8462],[5.1288,46.839],[5.1192,46.842],[5.1011,46.8437],[5.0958,46.8412],[5.0807,46.8405],[5.0725,46.8429],[5.0692,46.8521],[5.0743,46.864]]]}},{"type":"Feature","properties":{"code":"71530","nom":"Sully","app":8.07,"app_bas":6.31,"app_haut":10.3,"app_ech":"maille","app_obs":0,"mai":8.69,"mai_bas":6.39,"mai_haut":11.8,"mai_ech":"maille","mai_obs":4},"geometry":{"type":"Polygon","coordinates":[[[4.4716,47.0305],[4.4937,47.0284],[4.4988,47.0256],[4.4986,47.0202],[4.5051,47.0161],[4.4843,47.0032],[4.4876,46.9872],[4.4933,46.9797],[4.4855,46.9704],[4.4869,46.9586],[4.4155,46.9618],[4.3821,46.959],[4.3825,46.9661],[4.3957,46.967],[4.3966,46.9623],[4.4209,46.9794],[4.4247,46.9895],[4.4239,46.9954],[4.4397,46.997],[4.4583,47.0082],[4.4695,47.0204],[4.4716,47.0305]]]}},{"type":"Feature","properties":{"code":"71546","nom":"Trambly","app":7.47,"app_bas":5.93,"app_haut":9.41,"app_ech":"maille","app_obs":19,"mai":9.04,"mai_bas":6.81,"mai_haut":11.99,"mai_ech":"maille","mai_obs":7},"geometry":{"type":"Polygon","coordinates":[[[4.5306,46.3102],[4.5215,46.3147],[4.5039,46.3336],[4.5081,46.3421],[4.5278,46.3497],[4.563,46.3385],[4.5612,46.332],[4.5446,46.3152],[4.5306,46.3102]]]}},{"type":"Feature","properties":{"code":"71058","nom":"Bresse-sur-Grosne","app":11.77,"app_bas":9.36,"app_haut":14.8,"app_ech":"maille","app_obs":2,"mai":8.17,"mai_bas":6.43,"mai_haut":10.37,"mai_ech":"maille","mai_obs":4},"geometry":{"type":"Polygon","coordinates":[[[4.7023,46.5854],[4.7103,46.6067],[4.7332,46.6118],[4.7455,46.6067],[4.7577,46.5947],[4.7614,46.5946],[4.7526,46.5926],[4.7298,46.5822],[4.7278,46.5757],[4.7162,46.5771],[4.7149,46.5805],[4.7023,46.5854]]]}},{"type":"Feature","properties":{"code":"71284","nom":"Martailly-lès-Brancion","app":10.51,"app_bas":8,"app_haut":13.81,"app_ech":"maille","app_obs":0,"mai":9.79,"mai_bas":7.33,"mai_haut":13.08,"mai_ech":"maille","mai_obs":3},"geometry":{"type":"Polygon","coordinates":[[[4.8063,46.552],[4.8056,46.5434],[4.8122,46.5425],[4.8141,46.5328],[4.8233,46.5262],[4.8175,46.5202],[4.8074,46.5168],[4.7805,46.5168],[4.787,46.5321],[4.7793,46.5317],[4.7658,46.5339],[4.7587,46.5417],[4.7638,46.5459],[4.7732,46.5369],[4.7878,46.5342],[4.7965,46.5524],[4.8063,46.552]]]}},{"type":"Feature","properties":{"code":"71352","nom":"Planois","app":7.94,"app_bas":6.06,"app_haut":10.4,"app_ech":"maille","app_obs":0,"mai":8.94,"mai_bas":7.2,"mai_haut":11.08,"mai_ech":"maille","mai_obs":3},"geometry":{"type":"Polygon","coordinates":[[[5.3002,46.7721],[5.3026,46.7764],[5.3172,46.7865],[5.3208,46.7984],[5.321,46.8062],[5.3286,46.8129],[5.3312,46.8105],[5.3329,46.7961],[5.3415,46.7907],[5.3258,46.7831],[5.3164,46.7699],[5.3002,46.7721]]]}},{"type":"Feature","properties":{"code":"71481","nom":"Saint-Symphorien-d'Ancelles","app":10.12,"app_bas":7.9,"app_haut":12.97,"app_ech":"maille","app_obs":97,"mai":11.44,"mai_bas":8.79,"mai_haut":14.9,"mai_ech":"maille","mai_obs":19},"geometry":{"type":"Polygon","coordinates":[[[4.7755,46.1771],[4.7599,46.1873],[4.7494,46.2022],[4.7491,46.2061],[4.7609,46.2041],[4.7744,46.2072],[4.7927,46.2075],[4.7934,46.2047],[4.7802,46.1891],[4.7802,46.1767],[4.7755,46.1771]]]}},{"type":"Feature","properties":{"code":"71571","nom":"Verosvres","app":7.47,"app_bas":5.93,"app_haut":9.41,"app_ech":"maille","app_obs":3,"mai":7.38,"mai_bas":5.67,"mai_haut":9.6,"mai_ech":"maille","mai_obs":9},"geometry":{"type":"Polygon","coordinates":[[[4.4288,46.4285],[4.4446,46.4233],[4.4499,46.4102],[4.4591,46.417],[4.4774,46.4156],[4.4806,46.4133],[4.4787,46.4058],[4.4656,46.3927],[4.4599,46.3834],[4.4468,46.3746],[4.4514,46.3689],[4.4484,46.3614],[4.4413,46.3597],[4.4332,46.3617],[4.4186,46.3735],[4.4103,46.375],[4.4087,46.3868],[4.426,46.3984],[4.4141,46.4056],[4.4195,46.4209],[4.4288,46.4285]]]}},{"type":"Feature","properties":{"code":"71018","nom":"Bantanges","app":8.64,"app_bas":6.98,"app_haut":10.7,"app_ech":"maille","app_obs":6,"mai":8.14,"mai_bas":6.47,"mai_haut":10.25,"mai_ech":"maille","mai_obs":5},"geometry":{"type":"Polygon","coordinates":[[[5.158,46.6013],[5.1479,46.6009],[5.1366,46.5943],[5.127,46.5971],[5.1098,46.5894],[5.0984,46.5874],[5.0984,46.5958],[5.0906,46.608],[5.0886,46.6161],[5.1101,46.6133],[5.1247,46.6225],[5.1319,46.6192],[5.1367,46.6114],[5.1435,46.6088],[5.163,46.6071],[5.158,46.6013]]]}},{"type":"Feature","properties":{"code":"71156","nom":"Cruzille","app":10.68,"app_bas":8.23,"app_haut":13.86,"app_ech":"maille","app_obs":3,"mai":9.79,"mai_bas":7.33,"mai_haut":13.08,"mai_ech":"maille","mai_obs":7},"geometry":{"type":"Polygon","coordinates":[[[4.7631,46.5367],[4.7658,46.5339],[4.7793,46.5317],[4.787,46.5321],[4.7805,46.5168],[4.8074,46.5168],[4.8127,46.5042],[4.8068,46.4997],[4.8037,46.4862],[4.7964,46.4837],[4.7775,46.4946],[4.767,46.4963],[4.7623,46.5084],[4.7634,46.5151],[4.7725,46.5174],[4.7761,46.5245],[4.7722,46.5316],[4.765,46.5337],[4.7631,46.5367]]]}},{"type":"Feature","properties":{"code":"71170","nom":"Demigny","app":10.38,"app_bas":8.25,"app_haut":13.06,"app_ech":"maille","app_obs":65,"mai":11.2,"mai_bas":8.83,"mai_haut":14.21,"mai_ech":"maille","mai_obs":55},"geometry":{"type":"Polygon","coordinates":[[[4.8708,46.8993],[4.8511,46.89],[4.8532,46.8807],[4.8398,46.8828],[4.8218,46.8826],[4.818,46.8887],[4.8212,46.8956],[4.8158,46.907],[4.8209,46.9085],[4.8107,46.9212],[4.8087,46.9306],[4.8166,46.9358],[4.8708,46.9482],[4.868,46.9406],[4.8624,46.9381],[4.8708,46.9298],[4.8821,46.9304],[4.8885,46.9215],[4.8916,46.9107],[4.8881,46.907],[4.8891,46.9035],[4.8708,46.8993]]]}},{"type":"Feature","properties":{"code":"71376","nom":"Roussillon-en-Morvan","app":8.27,"app_bas":6.53,"app_haut":10.48,"app_ech":"maille","app_obs":3,"mai":6.2,"mai_bas":4.72,"mai_haut":8.14,"mai_ech":"maille","mai_obs":0},"geometry":{"type":"Polygon","coordinates":[[[4.0366,47.0021],[4.0479,47.0111],[4.0549,47.0127],[4.0607,47.025],[4.0587,47.0322],[4.0803,47.031],[4.0874,47.0335],[4.1005,47.0444],[4.1221,47.0466],[4.124,47.0431],[4.136,47.0427],[4.1508,47.0461],[4.1501,47.0341],[4.163,47.0251],[4.1523,47.021],[4.145,47.0115],[4.1324,47.0049],[4.1169,47.0079],[4.095,47.0018],[4.0762,46.9923],[4.0613,47.0046],[4.057,47.0055],[4.0366,47.0021]]]}},{"type":"Feature","properties":{"code":"71291","nom":"Melay","app":7.91,"app_bas":6.24,"app_haut":10.04,"app_ech":"maille","app_obs":21,"mai":8.19,"mai_bas":6.44,"mai_haut":10.43,"mai_ech":"maille","mai_obs":12},"geometry":{"type":"Polygon","coordinates":[[[3.9885,46.1699],[3.9818,46.1763],[3.9728,46.1939],[3.9725,46.2027],[3.9652,46.2029],[3.9702,46.2129],[3.9922,46.2286],[4.0049,46.2291],[4.0238,46.2267],[4.0355,46.2281],[4.0375,46.2248],[4.0602,46.2113],[4.0643,46.2065],[4.0563,46.2015],[4.0528,46.1945],[4.06,46.1885],[4.0498,46.1809],[4.0311,46.172],[3.9885,46.1699]]]}},{"type":"Feature","properties":{"code":"71513","nom":"Senozan","app":10.6,"app_bas":8.09,"app_haut":13.88,"app_ech":"maille","app_obs":5,"mai":9.7,"mai_bas":7.39,"mai_haut":12.73,"mai_ech":"maille","mai_obs":17},"geometry":{"type":"Polygon","coordinates":[[[4.8467,46.3931],[4.8403,46.3981],[4.8513,46.4056],[4.8668,46.4035],[4.8882,46.403],[4.8739,46.385],[4.8467,46.3931]]]}},{"type":"Feature","properties":{"code":"71527","nom":"Sommant","app":7.65,"app_bas":6.08,"app_haut":9.63,"app_ech":"maille","app_obs":0,"mai":7.21,"mai_bas":5.88,"mai_haut":8.85,"mai_ech":"maille","mai_obs":5},"geometry":{"type":"Polygon","coordinates":[[[4.2542,47.0523],[4.2577,47.0491],[4.2525,47.0409],[4.2362,47.0349],[4.2233,47.0322],[4.2124,47.0327],[4.1995,47.0303],[4.1896,47.0371],[4.1817,47.0461],[4.1779,47.0588],[4.1703,47.0672],[4.1851,47.0758],[4.2076,47.0769],[4.2096,47.0835],[4.2189,47.0804],[4.2179,47.0658],[4.2275,47.0609],[4.2288,47.0554],[4.2372,47.0519],[4.2542,47.0523]]]}},{"type":"Feature","properties":{"code":"71021","nom":"Baron","app":8.14,"app_bas":6.46,"app_haut":10.25,"app_ech":"maille","app_obs":0,"mai":7.38,"mai_bas":5.67,"mai_haut":9.6,"mai_ech":"maille","mai_obs":20},"geometry":{"type":"Polygon","coordinates":[[[4.2987,46.5138],[4.3022,46.5202],[4.3077,46.5065],[4.3165,46.5041],[4.3158,46.4979],[4.3011,46.4875],[4.2967,46.4806],[4.2845,46.4802],[4.275,46.4786],[4.2706,46.4731],[4.2606,46.4739],[4.2464,46.4852],[4.2559,46.4934],[4.2572,46.5044],[4.2737,46.5016],[4.279,46.5067],[4.2924,46.5068],[4.2987,46.5138]]]}},{"type":"Feature","properties":{"code":"71116","nom":"Châtenay","app":7.38,"app_bas":5.66,"app_haut":9.63,"app_ech":"maille","app_obs":8,"mai":7.86,"mai_bas":6.03,"mai_haut":10.24,"mai_ech":"maille","mai_obs":5},"geometry":{"type":"Polygon","coordinates":[[[4.3964,46.2745],[4.3819,46.2786],[4.3667,46.2803],[4.3635,46.2916],[4.3556,46.3017],[4.37,46.3015],[4.3792,46.3035],[4.393,46.3023],[4.4058,46.2961],[4.3964,46.2745]]]}},{"type":"Feature","properties":{"code":"71124","nom":"Chenôves","app":9.32,"app_bas":7.69,"app_haut":11.28,"app_ech":"maille","app_obs":2,"mai":7.86,"mai_bas":6.15,"mai_haut":10.04,"mai_ech":"maille","mai_obs":8},"geometry":{"type":"Polygon","coordinates":[[[4.6994,46.6576],[4.6631,46.6616],[4.6601,46.6634],[4.6619,46.6737],[4.6564,46.6776],[4.6733,46.6772],[4.6824,46.671],[4.7112,46.6766],[4.7333,46.6719],[4.7403,46.6676],[4.7351,46.6656],[4.7314,46.6578],[4.7226,46.6484],[4.7107,46.6587],[4.6994,46.6576]]]}},{"type":"Feature","properties":{"code":"71444","nom":"Saint-Loup-de-Varennes","app":11.77,"app_bas":9.36,"app_haut":14.8,"app_ech":"maille","app_obs":41,"mai":8.17,"mai_bas":6.43,"mai_haut":10.37,"mai_ech":"maille","mai_obs":39},"geometry":{"type":"Polygon","coordinates":[[[4.8273,46.7208],[4.8298,46.7202],[4.855,46.7374],[4.8829,46.741],[4.8855,46.7317],[4.8473,46.7132],[4.8407,46.7042],[4.8205,46.708],[4.8273,46.7208]]]}},{"type":"Feature","properties":{"code":"71451","nom":"Saint-Martin-de-Lixy","app":7.06,"app_bas":5.38,"app_haut":9.25,"app_ech":"maille","app_obs":0,"mai":7.23,"mai_bas":5.23,"mai_haut":9.99,"mai_ech":"maille","mai_obs":3},"geometry":{"type":"Polygon","coordinates":[[[4.2196,46.1851],[4.2248,46.1897],[4.2386,46.2079],[4.2502,46.2133],[4.2562,46.2045],[4.2536,46.1976],[4.2411,46.1924],[4.225,46.1776],[4.2196,46.1851]]]}},{"type":"Feature","properties":{"code":"71494","nom":"Salle","app":10.6,"app_bas":8.09,"app_haut":13.88,"app_ech":"maille","app_obs":8,"mai":9.7,"mai_bas":7.39,"mai_haut":12.73,"mai_ech":"maille","mai_obs":4},"geometry":{"type":"Polygon","coordinates":[[[4.837,46.4154],[4.8534,46.4118],[4.8717,46.4168],[4.8887,46.4174],[4.8882,46.403],[4.8668,46.4035],[4.8513,46.4056],[4.8403,46.3981],[4.8301,46.4021],[4.837,46.4154]]]}},{"type":"Feature","properties":{"code":"71534","nom":"Tartre","app":7.94,"app_bas":6.06,"app_haut":10.4,"app_ech":"maille","app_obs":0,"mai":8.14,"mai_bas":6.32,"mai_haut":10.49,"mai_ech":"maille","mai_obs":5},"geometry":{"type":"Polygon","coordinates":[[[5.3617,46.7331],[5.3464,46.7334],[5.3385,46.7374],[5.3374,46.7413],[5.345,46.7498],[5.3668,46.7524],[5.3617,46.7331]]]}},{"type":"Feature","properties":{"code":"71054","nom":"Bragny-sur-Saône","app":10.38,"app_bas":8.25,"app_haut":13.06,"app_ech":"maille","app_obs":1,"mai":9.14,"mai_bas":7.3,"mai_haut":11.44,"mai_ech":"maille","mai_obs":8},"geometry":{"type":"Polygon","coordinates":[[[5.0567,46.9401],[5.0479,46.9331],[5.0483,46.9268],[5.0534,46.9214],[5.0546,46.9087],[5.0416,46.8987],[5.0296,46.8984],[5.0132,46.9062],[5.0075,46.9069],[5.0053,46.9159],[5.0084,46.9284],[5.0268,46.9399],[5.0272,46.943],[5.0401,46.9485],[5.0567,46.9401]]]}},{"type":"Feature","properties":{"code":"71064","nom":"Bruailles","app":9.37,"app_bas":7.22,"app_haut":12.16,"app_ech":"maille","app_obs":7,"mai":7.09,"mai_bas":5.42,"mai_haut":9.27,"mai_ech":"maille","mai_obs":38},"geometry":{"type":"Polygon","coordinates":[[[5.2154,46.6106],[5.2223,46.6178],[5.2373,46.6172],[5.2546,46.6142],[5.2737,46.6208],[5.2848,46.6145],[5.2917,46.6071],[5.2922,46.6024],[5.2886,46.5944],[5.2867,46.5793],[5.2889,46.5687],[5.2815,46.5662],[5.268,46.5694],[5.2652,46.5748],[5.2447,46.5829],[5.2395,46.5824],[5.2345,46.5919],[5.2174,46.5973],[5.2128,46.6026],[5.2154,46.6106]]]}},{"type":"Feature","properties":{"code":"71162","nom":"Curgy","app":8.07,"app_bas":6.31,"app_haut":10.3,"app_ech":"maille","app_obs":4,"mai":8.69,"mai_bas":6.39,"mai_haut":11.8,"mai_ech":"maille","mai_obs":26},"geometry":{"type":"Polygon","coordinates":[[[4.4239,46.9954],[4.4247,46.9895],[4.4209,46.9794],[4.3966,46.9623],[4.3957,46.967],[4.3825,46.9661],[4.3821,46.959],[4.3718,46.9555],[4.3522,46.9689],[4.3466,46.9688],[4.3347,46.9764],[4.3348,46.9839],[4.3389,46.985],[4.3538,46.998],[4.3683,47.006],[4.3751,47.0199],[4.388,47.0228],[4.3998,47.0166],[4.4109,47.0183],[4.4187,47.012],[4.4239,46.9954]]]}},{"type":"Feature","properties":{"code":"71243","nom":"Joudes","app":9.37,"app_bas":7.22,"app_haut":12.16,"app_ech":"maille","app_obs":6,"mai":8.14,"mai_bas":6.32,"mai_haut":10.49,"mai_ech":"maille","mai_obs":6},"geometry":{"type":"Polygon","coordinates":[[[5.3738,46.4605],[5.3173,46.463],[5.305,46.4689],[5.3009,46.4766],[5.3101,46.4733],[5.3156,46.4753],[5.3181,46.4852],[5.3321,46.4893],[5.3594,46.4866],[5.3649,46.4806],[5.3631,46.4741],[5.3675,46.4673],[5.3763,46.4631],[5.3738,46.4605]]]}},{"type":"Feature","properties":{"code":"71438","nom":"Saint-Léger-du-Bois","app":7.65,"app_bas":6.08,"app_haut":9.63,"app_ech":"maille","app_obs":3,"mai":7.23,"mai_bas":5.63,"mai_haut":9.28,"mai_ech":"maille","mai_obs":22},"geometry":{"type":"Polygon","coordinates":[[[4.4716,47.0305],[4.4695,47.0204],[4.4583,47.0082],[4.4397,46.997],[4.4239,46.9954],[4.4187,47.012],[4.4109,47.0183],[4.3998,47.0166],[4.388,47.0228],[4.3945,47.0306],[4.4041,47.0386],[4.4063,47.05],[4.4207,47.0466],[4.4283,47.0398],[4.441,47.0396],[4.4538,47.0418],[4.4681,47.0357],[4.4716,47.0305]]]}},{"type":"Feature","properties":{"code":"71343","nom":"Paris-l'Hôpital","app":9.93,"app_bas":7.87,"app_haut":12.55,"app_ech":"maille","app_obs":1,"mai":8.69,"mai_bas":6.39,"mai_haut":11.8,"mai_ech":"maille","mai_obs":0},"geometry":{"type":"Polygon","coordinates":[[[4.6431,46.9242],[4.6505,46.917],[4.6467,46.9073],[4.6368,46.9011],[4.6286,46.9029],[4.631,46.9155],[4.6303,46.9168],[4.6431,46.9242]]]}},{"type":"Feature","properties":{"code":"71345","nom":"Péronne","app":10.68,"app_bas":8.23,"app_haut":13.86,"app_ech":"maille","app_obs":7,"mai":9.79,"mai_bas":7.33,"mai_haut":13.08,"mai_ech":"maille","mai_obs":15},"geometry":{"type":"Polygon","coordinates":[[[4.776,46.4293],[4.7787,46.4432],[4.7929,46.4584],[4.802,46.4561],[4.8174,46.4567],[4.8268,46.453],[4.8238,46.4461],[4.825,46.4367],[4.8015,46.4241],[4.776,46.4293]]]}},{"type":"Feature","properties":{"code":"71502","nom":"Sassenay","app":10.38,"app_bas":8.25,"app_haut":13.06,"app_ech":"maille","app_obs":8,"mai":10.06,"mai_bas":7.66,"mai_haut":13.21,"mai_ech":"maille","mai_obs":38},"geometry":{"type":"Polygon","coordinates":[[[4.8889,46.8624],[4.9025,46.8539],[4.9134,46.8569],[4.9319,46.8538],[4.9429,46.8502],[4.9433,46.8413],[4.9514,46.8314],[4.9282,46.8113],[4.9215,46.8073],[4.915,46.7997],[4.9077,46.7968],[4.9014,46.8062],[4.9007,46.8142],[4.9058,46.8202],[4.902,46.8304],[4.8927,46.8391],[4.8828,46.8585],[4.8889,46.8624]]]}},{"type":"Feature","properties":{"code":"71015","nom":"Auxy","app":8.07,"app_bas":6.31,"app_haut":10.3,"app_ech":"maille","app_obs":8,"mai":8.69,"mai_bas":6.39,"mai_haut":11.8,"mai_ech":"maille","mai_obs":26},"geometry":{"type":"Polygon","coordinates":[[[4.4691,46.9258],[4.4469,46.9189],[4.4274,46.9228],[4.4129,46.9216],[4.403,46.9154],[4.3934,46.9137],[4.3812,46.9232],[4.3639,46.9237],[4.3682,46.9264],[4.362,46.9329],[4.3525,46.937],[4.3547,46.9497],[4.3821,46.959],[4.4155,46.9618],[4.4869,46.9586],[4.4721,46.9444],[4.4685,46.9364],[4.4691,46.9258]]]}},{"type":"Feature","properties":{"code":"71391","nom":"Saint-Bérain-sur-Dheune","app":9.93,"app_bas":7.87,"app_haut":12.55,"app_ech":"maille","app_obs":12,"mai":8.51,"mai_bas":6.82,"mai_haut":10.63,"mai_ech":"maille","mai_obs":6},"geometry":{"type":"Polygon","coordinates":[[[4.5884,46.8274],[4.5969,46.8336],[4.614,46.8336],[4.6145,46.8391],[4.6243,46.835],[4.6266,46.8243],[4.6336,46.8182],[4.6446,46.8135],[4.6525,46.8128],[4.647,46.8052],[4.6225,46.7987],[4.5989,46.8065],[4.5803,46.8095],[4.5905,46.8217],[4.5884,46.8274]]]}},{"type":"Feature","properties":{"code":"71272","nom":"Malay","app":9.91,"app_bas":7.46,"app_haut":13.16,"app_ech":"maille","app_obs":1,"mai":9.79,"mai_bas":7.33,"mai_haut":13.08,"mai_ech":"maille","mai_obs":12},"geometry":{"type":"Polygon","coordinates":[[[4.7023,46.5854],[4.7149,46.5805],[4.7162,46.5771],[4.7118,46.5678],[4.7073,46.5659],[4.7015,46.5542],[4.6681,46.5474],[4.6566,46.5498],[4.6582,46.5624],[4.6785,46.5748],[4.6857,46.5847],[4.6938,46.5887],[4.7023,46.5854]]]}},{"type":"Feature","properties":{"code":"71280","nom":"Marly-sous-Issy","app":6.99,"app_bas":5.4,"app_haut":9.04,"app_ech":"maille","app_obs":3,"mai":7.88,"mai_bas":6.01,"mai_haut":10.34,"mai_ech":"maille","mai_obs":4},"geometry":{"type":"Polygon","coordinates":[[[3.8892,46.7282],[3.8934,46.7326],[3.9234,46.7389],[3.9323,46.7443],[3.9286,46.7499],[3.9429,46.7508],[3.9572,46.7561],[3.9632,46.766],[3.9667,46.7655],[3.9645,46.7623],[3.9726,46.75],[3.9664,46.7429],[3.9748,46.7347],[3.9728,46.7283],[3.9628,46.7272],[3.9518,46.7303],[3.9397,46.7097],[3.9414,46.707],[3.9296,46.6986],[3.9114,46.7016],[3.9,46.7122],[3.897,46.7217],[3.8892,46.7282]]]}},{"type":"Feature","properties":{"code":"71498","nom":"Santilly","app":11.77,"app_bas":9.36,"app_haut":14.8,"app_ech":"maille","app_obs":0,"mai":8.17,"mai_bas":6.43,"mai_haut":10.37,"mai_ech":"maille","mai_obs":6},"geometry":{"type":"Polygon","coordinates":[[[4.6811,46.6263],[4.6993,46.627],[4.7237,46.6327],[4.734,46.6245],[4.7243,46.6159],[4.7093,46.6122],[4.7087,46.6097],[4.6818,46.6108],[4.6767,46.6124],[4.6811,46.6263]]]}},{"type":"Feature","properties":{"code":"71512","nom":"Sennecey-le-Grand","app":11.43,"app_bas":9.09,"app_haut":14.37,"app_ech":"commune","app_obs":371,"mai":8.55,"mai_bas":6.74,"mai_haut":10.86,"mai_ech":"commune","mai_obs":131},"geometry":{"type":"Polygon","coordinates":[[[4.9199,46.662],[4.9263,46.6528],[4.9154,46.65],[4.9312,46.6412],[4.9259,46.6241],[4.9287,46.6237],[4.9218,46.6174],[4.9036,46.6166],[4.8929,46.6136],[4.8785,46.6175],[4.8632,46.6146],[4.8513,46.6164],[4.852,46.6216],[4.8416,46.6298],[4.852,46.6362],[4.8608,46.6474],[4.8625,46.6528],[4.8732,46.6567],[4.8799,46.6623],[4.8994,46.6603],[4.9199,46.662]]]}},{"type":"Feature","properties":{"code":"71517","nom":"Sermesse","app":9.31,"app_bas":7.58,"app_haut":11.42,"app_ech":"maille","app_obs":0,"mai":8.92,"mai_bas":6.98,"mai_haut":11.39,"mai_ech":"maille","mai_obs":0},"geometry":{"type":"Polygon","coordinates":[[[5.0684,46.8927],[5.0848,46.9057],[5.0889,46.9143],[5.1029,46.909],[5.1007,46.9038],[5.1126,46.8967],[5.1143,46.8854],[5.1124,46.8819],[5.0857,46.881],[5.0733,46.8874],[5.0684,46.8927]]]}},{"type":"Feature","properties":{"code":"71009","nom":"Anost","app":8.27,"app_bas":6.53,"app_haut":10.48,"app_ech":"maille","app_obs":11,"mai":6.2,"mai_bas":4.72,"mai_haut":8.14,"mai_ech":"maille","mai_obs":17},"geometry":{"type":"Polygon","coordinates":[[[4.114,47.1191],[4.111,47.1029],[4.1243,47.0887],[4.132,47.0736],[4.1464,47.0678],[4.1502,47.0643],[4.1528,47.0484],[4.1508,47.0461],[4.136,47.0427],[4.124,47.0431],[4.1221,47.0466],[4.1005,47.0444],[4.0874,47.0335],[4.0803,47.031],[4.0587,47.0322],[4.0575,47.0389],[4.072,47.0545],[4.0683,47.0609],[4.0388,47.0797],[4.0397,47.0862],[4.0538,47.095],[4.0482,47.11],[4.0614,47.121],[4.0674,47.1211],[4.0899,47.1162],[4.0927,47.1257],[4.0976,47.1257],[4.114,47.1191]]]}},{"type":"Feature","properties":{"code":"71025","nom":"Beaubery","app":7.47,"app_bas":5.93,"app_haut":9.41,"app_ech":"maille","app_obs":3,"mai":7.38,"mai_bas":5.67,"mai_haut":9.6,"mai_ech":"maille","mai_obs":6},"geometry":{"type":"Polygon","coordinates":[[[4.3678,46.4144],[4.3707,46.4222],[4.38,46.4313],[4.3893,46.4267],[4.3985,46.4323],[4.3967,46.446],[4.4151,46.451],[4.4059,46.4459],[4.4288,46.4285],[4.4195,46.4209],[4.4141,46.4056],[4.426,46.3984],[4.4087,46.3868],[4.4103,46.375],[4.3969,46.381],[4.3724,46.3895],[4.3642,46.3945],[4.3606,46.4083],[4.3678,46.4144]]]}},{"type":"Feature","properties":{"code":"71439","nom":"Saint-Léger-lès-Paray","app":7.47,"app_bas":5.93,"app_haut":9.41,"app_ech":"maille","app_obs":3,"mai":7.32,"mai_bas":5.59,"mai_haut":9.58,"mai_ech":"maille","mai_obs":16},"geometry":{"type":"Polygon","coordinates":[[[4.0891,46.5013],[4.1204,46.4901],[4.1184,46.498],[4.1333,46.4992],[4.1368,46.4956],[4.1568,46.4962],[4.1435,46.4717],[4.1274,46.4714],[4.1144,46.4766],[4.0865,46.4692],[4.0738,46.4742],[4.079,46.4765],[4.0923,46.491],[4.0891,46.5013]]]}},{"type":"Feature","properties":{"code":"71311","nom":"Montcony","app":7.94,"app_bas":6.06,"app_haut":10.4,"app_ech":"maille","app_obs":0,"mai":8.14,"mai_bas":6.47,"mai_haut":10.25,"mai_ech":"maille","mai_obs":10},"geometry":{"type":"Polygon","coordinates":[[[5.2861,46.709],[5.2838,46.7147],[5.3007,46.7104],[5.3137,46.7095],[5.3228,46.6947],[5.3176,46.6875],[5.3072,46.6786],[5.2857,46.6779],[5.2681,46.6848],[5.2829,46.6989],[5.2861,46.709]]]}},{"type":"Feature","properties":{"code":"71318","nom":"Montpont-en-Bresse","app":9.37,"app_bas":7.22,"app_haut":12.16,"app_ech":"maille","app_obs":62,"mai":8.14,"mai_bas":6.47,"mai_haut":10.25,"mai_ech":"maille","mai_obs":28},"geometry":{"type":"Polygon","coordinates":[[[5.2063,46.5606],[5.2121,46.5563],[5.2099,46.5481],[5.2121,46.5374],[5.2236,46.5302],[5.2294,46.5307],[5.2036,46.5048],[5.2011,46.5082],[5.1816,46.5098],[5.1451,46.5279],[5.1268,46.5304],[5.1186,46.5368],[5.131,46.5559],[5.1366,46.558],[5.1378,46.5681],[5.152,46.5703],[5.1596,46.5785],[5.1766,46.5713],[5.1922,46.567],[5.2063,46.5606]]]}},{"type":"Feature","properties":{"code":"71503","nom":"Saules","app":10,"app_bas":8.12,"app_haut":12.31,"app_ech":"maille","app_obs":5,"mai":8.17,"mai_bas":6.43,"mai_haut":10.37,"mai_ech":"maille","mai_obs":2},"geometry":{"type":"Polygon","coordinates":[[[4.6601,46.6634],[4.6631,46.6616],[4.6994,46.6576],[4.6799,46.657],[4.6795,46.6452],[4.6672,46.6499],[4.6601,46.6634]]]}},{"type":"Feature","properties":{"code":"71008","nom":"Anglure-sous-Dun","app":7.34,"app_bas":5.7,"app_haut":9.46,"app_ech":"maille","app_obs":0,"mai":7.86,"mai_bas":6.03,"mai_haut":10.24,"mai_ech":"maille","mai_obs":0},"geometry":{"type":"Polygon","coordinates":[[[4.3474,46.2236],[4.352,46.2399],[4.3571,46.2492],[4.3856,46.2462],[4.3883,46.2338],[4.3862,46.2257],[4.3777,46.2222],[4.364,46.2263],[4.3474,46.2236]]]}},{"type":"Feature","properties":{"code":"71135","nom":"Clessé","app":9.68,"app_bas":7.5,"app_haut":12.49,"app_ech":"maille","app_obs":11,"mai":9.7,"mai_bas":7.39,"mai_haut":12.73,"mai_ech":"maille","mai_obs":30},"geometry":{"type":"Polygon","coordinates":[[[4.85,46.4262],[4.837,46.4154],[4.8301,46.4021],[4.8224,46.3991],[4.7982,46.4037],[4.8015,46.4241],[4.8286,46.4384],[4.8414,46.4339],[4.85,46.4262]]]}},{"type":"Feature","properties":{"code":"71157","nom":"Cuiseaux","app":9.81,"app_bas":7.67,"app_haut":12.56,"app_ech":"commune","app_obs":148,"mai":7.09,"mai_bas":5.42,"mai_haut":9.27,"mai_ech":"maille","mai_obs":56},"geometry":{"type":"Polygon","coordinates":[[[5.4197,46.4813],[5.3998,46.4856],[5.3822,46.4855],[5.373,46.4922],[5.3605,46.4956],[5.3448,46.4966],[5.3218,46.5037],[5.3164,46.5027],[5.3109,46.5054],[5.3034,46.5141],[5.301,46.5217],[5.3153,46.5187],[5.3365,46.5205],[5.3455,46.5245],[5.3595,46.5236],[5.3688,46.5161],[5.3848,46.5156],[5.3928,46.5082],[5.406,46.5015],[5.4195,46.5023],[5.4197,46.4813]]]}},{"type":"Feature","properties":{"code":"71178","nom":"Dompierre-les-Ormes","app":7.47,"app_bas":5.93,"app_haut":9.41,"app_ech":"maille","app_obs":39,"mai":9.04,"mai_bas":6.81,"mai_haut":11.99,"mai_ech":"maille","mai_obs":26},"geometry":{"type":"Polygon","coordinates":[[[4.5039,46.3336],[4.4923,46.3336],[4.4776,46.331],[4.4697,46.334],[4.4326,46.3232],[4.4346,46.3353],[4.4444,46.3465],[4.4453,46.3558],[4.4413,46.3597],[4.4484,46.3614],[4.4514,46.3689],[4.4468,46.3746],[4.4599,46.3834],[4.465,46.377],[4.4908,46.3732],[4.5129,46.3852],[4.5215,46.3789],[4.5282,46.363],[4.5174,46.3556],[4.5278,46.3497],[4.5081,46.3421],[4.5039,46.3336]]]}},{"type":"Feature","properties":{"code":"71203","nom":"Fontenay","app":8.14,"app_bas":6.46,"app_haut":10.25,"app_ech":"maille","app_obs":0,"mai":7.32,"mai_bas":5.59,"mai_haut":9.58,"mai_ech":"maille","mai_obs":1},"geometry":{"type":"Polygon","coordinates":[[[4.3011,46.4875],[4.3046,46.4812],[4.3136,46.4736],[4.3066,46.4692],[4.2892,46.469],[4.2845,46.4802],[4.2967,46.4806],[4.3011,46.4875]]]}},{"type":"Feature","properties":{"code":"71225","nom":"Granges","app":9.32,"app_bas":7.69,"app_haut":11.28,"app_ech":"maille","app_obs":0,"mai":7.86,"mai_bas":6.15,"mai_haut":10.04,"mai_ech":"maille","mai_obs":15},"geometry":{"type":"Polygon","coordinates":[[[4.7418,46.7219],[4.745,46.7302],[4.7436,46.7335],[4.7317,46.7361],[4.7209,46.7467],[4.7374,46.7601],[4.7417,46.753],[4.7591,46.7469],[4.7783,46.7425],[4.7806,46.7353],[4.7717,46.726],[4.7625,46.7225],[4.7735,46.714],[4.7653,46.7144],[4.7418,46.7219]]]}},{"type":"Feature","properties":{"code":"71235","nom":"Hurigny","app":11.05,"app_bas":8.8,"app_haut":13.87,"app_ech":"maille","app_obs":44,"mai":9.94,"mai_bas":7.93,"mai_haut":12.47,"mai_ech":"maille","mai_obs":48},"geometry":{"type":"Polygon","coordinates":[[[4.7824,46.3457],[4.7899,46.3674],[4.8118,46.3606],[4.8044,46.3545],[4.8125,46.3473],[4.8088,46.3322],[4.8015,46.3225],[4.781,46.3237],[4.7824,46.3457]]]}},{"type":"Feature","properties":{"code":"71289","nom":"Matour","app":7.47,"app_bas":5.93,"app_haut":9.41,"app_ech":"maille","app_obs":53,"mai":9.04,"mai_bas":6.81,"mai_haut":11.99,"mai_ech":"maille","mai_obs":33},"geometry":{"type":"Polygon","coordinates":[[[4.5039,46.3336],[4.5215,46.3147],[4.5306,46.3102],[4.5274,46.3046],[4.4885,46.288],[4.4766,46.2842],[4.4692,46.2873],[4.4584,46.297],[4.4395,46.2931],[4.4381,46.2965],[4.427,46.3028],[4.4342,46.3138],[4.4326,46.3232],[4.4697,46.334],[4.4776,46.331],[4.4923,46.3336],[4.5039,46.3336]]]}},{"type":"Feature","properties":{"code":"71362","nom":"Pruzilly","app":11.05,"app_bas":8.8,"app_haut":13.87,"app_ech":"maille","app_obs":13,"mai":11.44,"mai_bas":8.79,"mai_haut":14.9,"mai_ech":"maille","mai_obs":4},"geometry":{"type":"Polygon","coordinates":[[[4.7096,46.249],[4.7089,46.2486],[4.7028,46.2513],[4.6884,46.2501],[4.6796,46.2587],[4.6799,46.2679],[4.6879,46.2653],[4.7007,46.2675],[4.7131,46.2627],[4.7155,46.2584],[4.7096,46.249]]]}},{"type":"Feature","properties":{"code":"71590","nom":"Volesvres","app":7.47,"app_bas":5.93,"app_haut":9.41,"app_ech":"maille","app_obs":4,"mai":7.38,"mai_bas":5.67,"mai_haut":9.6,"mai_ech":"maille","mai_obs":6},"geometry":{"type":"Polygon","coordinates":[[[4.1406,46.4429],[4.1361,46.4569],[4.1435,46.4717],[4.1628,46.5061],[4.1753,46.5133],[4.1874,46.5091],[4.182,46.4973],[4.1876,46.4851],[4.1891,46.4763],[4.1786,46.4731],[4.1873,46.4667],[4.2003,46.4642],[4.2048,46.4554],[4.1959,46.4501],[4.185,46.4493],[4.171,46.4513],[4.1458,46.4428],[4.1406,46.4429]]]}},{"type":"Feature","properties":{"code":"71030","nom":"Bergesserin","app":9.82,"app_bas":7.96,"app_haut":12.12,"app_ech":"maille","app_obs":2,"mai":9.79,"mai_bas":7.33,"mai_haut":13.08,"mai_ech":"maille","mai_obs":6},"geometry":{"type":"Polygon","coordinates":[[[4.5761,46.3819],[4.5728,46.3796],[4.5606,46.3861],[4.5573,46.3904],[4.5405,46.3956],[4.5449,46.4097],[4.5617,46.4148],[4.5817,46.403],[4.578,46.3948],[4.5794,46.3883],[4.5761,46.3819]]]}},{"type":"Feature","properties":{"code":"71142","nom":"Comelle","app":7.93,"app_bas":6.07,"app_haut":10.36,"app_ech":"maille","app_obs":0,"mai":6.93,"mai_bas":5.38,"mai_haut":8.93,"mai_ech":"maille","mai_obs":5},"geometry":{"type":"Polygon","coordinates":[[[4.1009,46.8591],[4.099,46.8671],[4.0938,46.8747],[4.075,46.8919],[4.0892,46.8997],[4.1017,46.9012],[4.1289,46.8994],[4.1416,46.9022],[4.1523,46.902],[4.1568,46.8976],[4.1522,46.8929],[4.1533,46.8815],[4.163,46.8739],[4.1361,46.8663],[4.1313,46.8574],[4.1141,46.8515],[4.1009,46.8591]]]}},{"type":"Feature","properties":{"code":"71158","nom":"Cuisery","app":8.85,"app_bas":7.15,"app_haut":10.97,"app_ech":"commune","app_obs":192,"mai":8.54,"mai_bas":6.52,"mai_haut":11.2,"mai_ech":"maille","mai_obs":61},"geometry":{"type":"Polygon","coordinates":[[[4.9711,46.554],[4.9728,46.5705],[4.9791,46.5759],[5.0012,46.577],[5.0113,46.575],[5.0178,46.5664],[5.0064,46.5633],[5.0103,46.5471],[5.0145,46.5384],[4.9853,46.5375],[4.9849,46.5348],[4.9781,46.5422],[4.9787,46.5484],[4.9711,46.554]]]}},{"type":"Feature","properties":{"code":"71255","nom":"Lesme","app":8.65,"app_bas":6.9,"app_haut":10.85,"app_ech":"maille","app_obs":0,"mai":7.88,"mai_bas":6.01,"mai_haut":10.34,"mai_ech":"maille","mai_obs":1},"geometry":{"type":"Polygon","coordinates":[[[3.7379,46.6587],[3.735,46.6472],[3.7345,46.6334],[3.73,46.6327],[3.7204,46.6393],[3.7046,46.6452],[3.6996,46.6519],[3.6994,46.6549],[3.7246,46.6586],[3.7379,46.6587]]]}},{"type":"Feature","properties":{"code":"71293","nom":"Ménetreuil","app":9.37,"app_bas":7.22,"app_haut":12.16,"app_ech":"maille","app_obs":0,"mai":8.14,"mai_bas":6.47,"mai_haut":10.25,"mai_ech":"maille","mai_obs":2},"geometry":{"type":"Polygon","coordinates":[[[5.158,46.6013],[5.1631,46.5976],[5.1632,46.5902],[5.1561,46.5846],[5.1596,46.5785],[5.152,46.5703],[5.1378,46.5681],[5.1247,46.5735],[5.1104,46.573],[5.1088,46.5681],[5.0941,46.5706],[5.0824,46.578],[5.0724,46.579],[5.0783,46.5813],[5.0796,46.5875],[5.0914,46.5855],[5.1098,46.5894],[5.127,46.5971],[5.1366,46.5943],[5.1479,46.6009],[5.158,46.6013]]]}},{"type":"Feature","properties":{"code":"71328","nom":"Nanton","app":10.51,"app_bas":8,"app_haut":13.81,"app_ech":"maille","app_obs":22,"mai":8.17,"mai_bas":6.43,"mai_haut":10.37,"mai_ech":"maille","mai_obs":34},"geometry":{"type":"Polygon","coordinates":[[[4.8104,46.6468],[4.8174,46.6448],[4.8239,46.6382],[4.8372,46.6311],[4.8317,46.6179],[4.8442,46.6091],[4.8362,46.6002],[4.836,46.5948],[4.8306,46.5902],[4.8217,46.5944],[4.8249,46.6009],[4.8189,46.6048],[4.8074,46.6074],[4.7789,46.6163],[4.7879,46.6212],[4.7961,46.6329],[4.8104,46.6468]]]}},{"type":"Feature","properties":{"code":"71329","nom":"Navilly","app":9.31,"app_bas":7.58,"app_haut":11.42,"app_ech":"maille","app_obs":18,"mai":8.92,"mai_bas":6.98,"mai_haut":11.39,"mai_ech":"maille","mai_obs":5},"geometry":{"type":"Polygon","coordinates":[[[5.1669,46.9431],[5.1653,46.9295],[5.1679,46.9255],[5.1558,46.9226],[5.1485,46.9124],[5.1503,46.9066],[5.1357,46.9068],[5.1287,46.9143],[5.127,46.9234],[5.1292,46.935],[5.1168,46.9397],[5.1276,46.9434],[5.1416,46.942],[5.1477,46.9448],[5.1562,46.9426],[5.1669,46.9431]]]}},{"type":"Feature","properties":{"code":"71410","nom":"Saint-Étienne-en-Bresse","app":10.06,"app_bas":8.18,"app_haut":12.37,"app_ech":"maille","app_obs":22,"mai":9.12,"mai_bas":7.45,"mai_haut":11.15,"mai_ech":"maille","mai_obs":24},"geometry":{"type":"Polygon","coordinates":[[[5.042,46.7272],[5.0494,46.7262],[5.06,46.7295],[5.0836,46.7137],[5.0958,46.7137],[5.1083,46.7092],[5.1067,46.7055],[5.0903,46.6898],[5.0853,46.6867],[5.0732,46.6844],[5.059,46.6856],[5.0365,46.6929],[5.0298,46.6979],[5.0359,46.7052],[5.0318,46.7128],[5.0241,46.7147],[5.0283,46.722],[5.042,46.7272]]]}},{"type":"Feature","properties":{"code":"71290","nom":"Mazille","app":9.82,"app_bas":7.96,"app_haut":12.12,"app_ech":"maille","app_obs":3,"mai":9.04,"mai_bas":6.81,"mai_haut":11.99,"mai_ech":"maille","mai_obs":10},"geometry":{"type":"Polygon","coordinates":[[[4.5817,46.403],[4.6105,46.4079],[4.6306,46.3936],[4.622,46.3917],[4.6113,46.3853],[4.6054,46.3745],[4.5964,46.3736],[4.5761,46.3819],[4.5794,46.3883],[4.578,46.3948],[4.5817,46.403]]]}},{"type":"Feature","properties":{"code":"71363","nom":"Puley","app":10,"app_bas":8.12,"app_haut":12.31,"app_ech":"maille","app_obs":0,"mai":7.86,"mai_bas":6.15,"mai_haut":10.04,"mai_ech":"maille","mai_obs":0},"geometry":{"type":"Polygon","coordinates":[[[4.5419,46.6677],[4.5438,46.6724],[4.5533,46.6806],[4.5619,46.691],[4.5787,46.6853],[4.5859,46.6818],[4.5794,46.6666],[4.5601,46.668],[4.5419,46.6677]]]}},{"type":"Feature","properties":{"code":"71473","nom":"Saint-Racho","app":7.38,"app_bas":5.66,"app_haut":9.63,"app_ech":"maille","app_obs":5,"mai":7.86,"mai_bas":6.03,"mai_haut":10.24,"mai_ech":"maille","mai_obs":1},"geometry":{"type":"Polygon","coordinates":[[[4.3571,46.2492],[4.3477,46.2504],[4.3446,46.2554],[4.3557,46.2624],[4.3575,46.2721],[4.3667,46.2803],[4.3819,46.2786],[4.3964,46.2745],[4.3971,46.2668],[4.392,46.263],[4.3883,46.2479],[4.3856,46.2462],[4.3571,46.2492]]]}},{"type":"Feature","properties":{"code":"71045","nom":"Bouhans","app":9.12,"app_bas":7.19,"app_haut":11.57,"app_ech":"maille","app_obs":0,"mai":8.14,"mai_bas":6.32,"mai_haut":10.49,"mai_ech":"maille","mai_obs":7},"geometry":{"type":"Polygon","coordinates":[[[5.2666,46.7694],[5.2739,46.7751],[5.2698,46.7809],[5.2805,46.7874],[5.2933,46.7896],[5.2973,46.7968],[5.3208,46.7984],[5.3172,46.7865],[5.3026,46.7764],[5.3002,46.7721],[5.2993,46.765],[5.2966,46.7611],[5.283,46.7529],[5.2666,46.7694]]]}},{"type":"Feature","properties":{"code":"71081","nom":"Champforgeuil","app":9.77,"app_bas":7.95,"app_haut":12.01,"app_ech":"maille","app_obs":84,"mai":10.06,"mai_bas":7.66,"mai_haut":13.21,"mai_ech":"maille","mai_obs":54},"geometry":{"type":"Polygon","coordinates":[[[4.8505,46.8188],[4.8314,46.8005],[4.8045,46.8096],[4.7972,46.815],[4.8047,46.8191],[4.812,46.8217],[4.8155,46.8281],[4.8458,46.8251],[4.8505,46.8188]]]}},{"type":"Feature","properties":{"code":"71384","nom":"Saint-Ambreuil","app":11.77,"app_bas":9.36,"app_haut":14.8,"app_ech":"maille","app_obs":30,"mai":8.17,"mai_bas":6.43,"mai_haut":10.37,"mai_ech":"maille","mai_obs":20},"geometry":{"type":"Polygon","coordinates":[[[4.7652,46.6752],[4.7888,46.6799],[4.7925,46.6837],[4.8112,46.6945],[4.8158,46.7008],[4.8425,46.6957],[4.857,46.699],[4.8673,46.6972],[4.8747,46.6869],[4.859,46.6835],[4.8391,46.6775],[4.8342,46.6775],[4.8221,46.6712],[4.8112,46.6582],[4.802,46.6629],[4.7901,46.6582],[4.7744,46.6674],[4.768,46.6687],[4.7652,46.6752]]]}},{"type":"Feature","properties":{"code":"71446","nom":"Saint-Marcelin-de-Cray","app":10,"app_bas":8.12,"app_haut":12.31,"app_ech":"maille","app_obs":2,"mai":7.32,"mai_bas":5.59,"mai_haut":9.58,"mai_ech":"maille","mai_obs":1},"geometry":{"type":"Polygon","coordinates":[[[4.4848,46.5499],[4.4966,46.5563],[4.5005,46.5639],[4.5114,46.5757],[4.5134,46.5824],[4.5069,46.5887],[4.5159,46.593],[4.522,46.5906],[4.5407,46.5716],[4.5539,46.5648],[4.5491,46.5498],[4.5383,46.5516],[4.5018,46.5464],[4.4848,46.5499]]]}},{"type":"Feature","properties":{"code":"71283","nom":"Marnay","app":10.06,"app_bas":8.18,"app_haut":12.37,"app_ech":"maille","app_obs":3,"mai":9.12,"mai_bas":7.45,"mai_haut":11.15,"mai_ech":"maille","mai_obs":19},"geometry":{"type":"Polygon","coordinates":[[[4.9337,46.686],[4.9312,46.6884],[4.9025,46.6975],[4.9133,46.7066],[4.9242,46.7083],[4.9261,46.7139],[4.935,46.7085],[4.9426,46.6944],[4.9438,46.6877],[4.9337,46.686]]]}},{"type":"Feature","properties":{"code":"71148","nom":"Coublanc","app":7.34,"app_bas":5.7,"app_haut":9.46,"app_ech":"maille","app_obs":16,"mai":7.86,"mai_bas":6.03,"mai_haut":10.24,"mai_ech":"maille","mai_obs":19},"geometry":{"type":"Polygon","coordinates":[[[4.2824,46.1568],[4.2756,46.1561],[4.252,46.1579],[4.2487,46.1671],[4.26,46.1733],[4.2581,46.1845],[4.2789,46.1876],[4.3005,46.1781],[4.3029,46.1743],[4.2953,46.1723],[4.2824,46.1568]]]}},{"type":"Feature","properties":{"code":"71236","nom":"Igé","app":9.68,"app_bas":7.5,"app_haut":12.49,"app_ech":"maille","app_obs":25,"mai":9.79,"mai_bas":7.33,"mai_haut":13.08,"mai_ech":"maille","mai_obs":44},"geometry":{"type":"Polygon","coordinates":[[[4.6975,46.4108],[4.7092,46.4255],[4.7156,46.4286],[4.7259,46.4224],[4.7531,46.4127],[4.7674,46.4092],[4.7621,46.3926],[4.7679,46.3859],[4.7365,46.3871],[4.7205,46.3933],[4.7148,46.4022],[4.6975,46.4108]]]}},{"type":"Feature","properties":{"code":"71394","nom":"Saint-Bonnet-de-Joux","app":9.1,"app_bas":6.94,"app_haut":11.93,"app_ech":"maille","app_obs":33,"mai":7.38,"mai_bas":5.67,"mai_haut":9.6,"mai_ech":"maille","mai_obs":27},"geometry":{"type":"Polygon","coordinates":[[[4.4614,46.5099],[4.4667,46.5031],[4.4801,46.4974],[4.4843,46.4933],[4.4778,46.4823],[4.4703,46.474],[4.47,46.4685],[4.4525,46.4667],[4.4468,46.4593],[4.4479,46.4511],[4.4351,46.4461],[4.4236,46.446],[4.4151,46.451],[4.4026,46.455],[4.3977,46.4636],[4.3932,46.4647],[4.3902,46.4801],[4.3964,46.4805],[4.4055,46.4874],[4.4043,46.4996],[4.414,46.5143],[4.426,46.5035],[4.4299,46.4924],[4.4443,46.4883],[4.4614,46.5099]]]}},{"type":"Feature","properties":{"code":"71407","nom":"Saint-Didier-sur-Arroux","app":7.93,"app_bas":6.07,"app_haut":10.36,"app_ech":"maille","app_obs":5,"mai":6.93,"mai_bas":5.38,"mai_haut":8.93,"mai_ech":"maille","mai_obs":3},"geometry":{"type":"Polygon","coordinates":[[[4.1009,46.8591],[4.1141,46.8515],[4.1313,46.8574],[4.1335,46.8504],[4.1228,46.8476],[4.1275,46.836],[4.1405,46.8323],[4.1559,46.8324],[4.1586,46.8283],[4.1577,46.8215],[4.1455,46.8116],[4.1283,46.8153],[4.122,46.8129],[4.1171,46.8174],[4.1044,46.8215],[4.0972,46.8149],[4.0908,46.8133],[4.0584,46.816],[4.0563,46.8223],[4.046,46.8312],[4.0484,46.8379],[4.0562,46.8433],[4.0753,46.8492],[4.0927,46.8581],[4.1009,46.8591]]]}},{"type":"Feature","properties":{"code":"71416","nom":"Saint-Gengoux-de-Scissé","app":10.68,"app_bas":8.23,"app_haut":13.86,"app_ech":"maille","app_obs":26,"mai":9.79,"mai_bas":7.33,"mai_haut":13.08,"mai_ech":"maille","mai_obs":19},"geometry":{"type":"Polygon","coordinates":[[[4.7956,46.4741],[4.7963,46.4626],[4.7787,46.4432],[4.7497,46.4496],[4.7428,46.455],[4.7439,46.4627],[4.7519,46.4654],[4.7579,46.4737],[4.7697,46.4827],[4.781,46.4769],[4.7956,46.4741]]]}},{"type":"Feature","properties":{"code":"71419","nom":"Saint-Germain-du-Bois","app":10.16,"app_bas":8.03,"app_haut":12.87,"app_ech":"commune","app_obs":240,"mai":8.14,"mai_bas":6.47,"mai_haut":10.25,"mai_ech":"maille","mai_obs":97},"geometry":{"type":"Polygon","coordinates":[[[5.2214,46.7654],[5.2337,46.7621],[5.2461,46.7639],[5.2666,46.7694],[5.283,46.7529],[5.2843,46.7446],[5.2755,46.7369],[5.2806,46.7273],[5.2789,46.7201],[5.2838,46.7147],[5.2861,46.709],[5.2753,46.7075],[5.2577,46.7077],[5.2565,46.7196],[5.2434,46.7213],[5.2171,46.7185],[5.2066,46.7326],[5.1955,46.7411],[5.1982,46.7512],[5.2048,46.7535],[5.2214,46.7654]]]}},{"type":"Feature","properties":{"code":"71040","nom":"Blanzy","app":8.93,"app_bas":7.09,"app_haut":11.24,"app_ech":"commune","app_obs":285,"mai":7.73,"mai_bas":6.26,"mai_haut":9.54,"mai_ech":"commune","mai_obs":147},"geometry":{"type":"Polygon","coordinates":[[[4.4163,46.6691],[4.3883,46.6678],[4.3852,46.671],[4.389,46.6816],[4.383,46.6832],[4.3672,46.6985],[4.3531,46.6966],[4.3475,46.6982],[4.35,46.7052],[4.3463,46.7097],[4.3315,46.7128],[4.3357,46.7233],[4.3454,46.7324],[4.3645,46.7359],[4.3858,46.7362],[4.4212,46.7308],[4.4076,46.7126],[4.4245,46.708],[4.4412,46.707],[4.4447,46.7018],[4.4416,46.6941],[4.4497,46.6816],[4.4471,46.6789],[4.4163,46.6691]]]}},{"type":"Feature","properties":{"code":"71065","nom":"Buffières","app":7.47,"app_bas":5.93,"app_haut":9.41,"app_ech":"maille","app_obs":3,"mai":9.04,"mai_bas":6.81,"mai_haut":11.99,"mai_ech":"maille","mai_obs":3},"geometry":{"type":"Polygon","coordinates":[[[4.5178,46.4111],[4.5193,46.4217],[4.5146,46.4347],[4.5151,46.4471],[4.524,46.4429],[4.5376,46.4493],[4.5414,46.4552],[4.5472,46.4527],[4.5445,46.4441],[4.5483,46.438],[4.5659,46.4317],[4.56,46.4272],[4.5654,46.418],[4.5617,46.4148],[4.5449,46.4097],[4.5322,46.4152],[4.5178,46.4111]]]}},{"type":"Feature","properties":{"code":"71100","nom":"Chardonnay","app":10.51,"app_bas":8,"app_haut":13.81,"app_ech":"maille","app_obs":0,"mai":8.17,"mai_bas":6.43,"mai_haut":10.37,"mai_ech":"maille","mai_obs":8},"geometry":{"type":"Polygon","coordinates":[[[4.8313,46.5167],[4.8474,46.5146],[4.8603,46.5197],[4.8718,46.5161],[4.8705,46.5074],[4.8657,46.5024],[4.857,46.4995],[4.8407,46.4992],[4.8238,46.503],[4.8313,46.5167]]]}},{"type":"Feature","properties":{"code":"71189","nom":"Épervans","app":10.06,"app_bas":8.18,"app_haut":12.37,"app_ech":"maille","app_obs":55,"mai":9.12,"mai_bas":7.45,"mai_haut":11.15,"mai_ech":"maille","mai_obs":52},"geometry":{"type":"Polygon","coordinates":[[[4.8829,46.741],[4.8839,46.7465],[4.8786,46.7541],[4.8693,46.756],[4.8771,46.7625],[4.8926,46.762],[4.9045,46.7669],[4.9146,46.7624],[4.9194,46.7517],[4.9248,46.7492],[4.9241,46.7275],[4.9088,46.7226],[4.9008,46.7307],[4.8855,46.7317],[4.8829,46.741]]]}},{"type":"Feature","properties":{"code":"71385","nom":"Saint-Amour-Bellevue","app":11.05,"app_bas":8.8,"app_haut":13.87,"app_ech":"maille","app_obs":12,"mai":11.44,"mai_bas":8.79,"mai_haut":14.9,"mai_ech":"maille","mai_obs":21},"geometry":{"type":"Polygon","coordinates":[[[4.7096,46.249],[4.7449,46.249],[4.7478,46.2513],[4.7584,46.2439],[4.756,46.2321],[4.7446,46.2306],[4.7362,46.2332],[4.72,46.2434],[4.7089,46.2486],[4.7096,46.249]]]}},{"type":"Feature","properties":{"code":"71396","nom":"Saint-Bonnet-en-Bresse","app":9.12,"app_bas":7.19,"app_haut":11.57,"app_ech":"maille","app_obs":8,"mai":8.14,"mai_bas":6.32,"mai_haut":10.49,"mai_ech":"maille","mai_obs":12},"geometry":{"type":"Polygon","coordinates":[[[5.2133,46.8414],[5.1955,46.8433],[5.1787,46.8387],[5.1735,46.8391],[5.1736,46.8408],[5.1509,46.8485],[5.1495,46.8469],[5.1419,46.8507],[5.1413,46.8566],[5.1525,46.8708],[5.1532,46.8777],[5.1966,46.8738],[5.2069,46.8707],[5.2161,46.8636],[5.2196,46.8571],[5.2096,46.8545],[5.2076,46.8477],[5.2133,46.8414]]]}},{"type":"Feature","properties":{"code":"71399","nom":"Saint-Christophe-en-Brionnais","app":7.38,"app_bas":5.66,"app_haut":9.63,"app_ech":"maille","app_obs":23,"mai":7.38,"mai_bas":5.67,"mai_haut":9.6,"mai_ech":"maille","mai_obs":9},"geometry":{"type":"Polygon","coordinates":[[[4.1808,46.2639],[4.1694,46.2664],[4.1652,46.2697],[4.1599,46.2819],[4.1609,46.298],[4.1785,46.2978],[4.1822,46.3009],[4.2231,46.3034],[4.2284,46.2918],[4.2139,46.2919],[4.2086,46.2848],[4.2102,46.2688],[4.205,46.2646],[4.1956,46.2699],[4.1828,46.2671],[4.1808,46.2639]]]}},{"type":"Feature","properties":{"code":"71450","nom":"Saint-Martin-de-Commune","app":9.93,"app_bas":7.87,"app_haut":12.55,"app_ech":"maille","app_obs":0,"mai":8.69,"mai_bas":6.39,"mai_haut":11.8,"mai_ech":"maille","mai_obs":2},"geometry":{"type":"Polygon","coordinates":[[[4.4833,46.9135],[4.4896,46.915],[4.4949,46.9217],[4.5045,46.917],[4.5164,46.9209],[4.5181,46.9243],[4.525,46.921],[4.5419,46.9206],[4.5523,46.915],[4.5465,46.9056],[4.5347,46.9059],[4.5331,46.8983],[4.5208,46.89],[4.534,46.8827],[4.5306,46.8726],[4.5226,46.8719],[4.5175,46.872],[4.5073,46.8781],[4.4973,46.8898],[4.5039,46.8964],[4.4972,46.9064],[4.4833,46.9135]]]}},{"type":"Feature","properties":{"code":"71281","nom":"Marly-sur-Arroux","app":8.27,"app_bas":6.53,"app_haut":10.48,"app_ech":"maille","app_obs":0,"mai":7.32,"mai_bas":5.59,"mai_haut":9.58,"mai_ech":"maille","mai_obs":3},"geometry":{"type":"Polygon","coordinates":[[[4.0892,46.6224],[4.0896,46.6315],[4.0996,46.6326],[4.1124,46.6305],[4.1155,46.6462],[4.1223,46.6437],[4.1384,46.6421],[4.1507,46.6459],[4.1593,46.6379],[4.1618,46.6247],[4.1765,46.618],[4.1763,46.6076],[4.1698,46.6039],[4.1569,46.6013],[4.1133,46.5972],[4.0962,46.6011],[4.0892,46.6086],[4.092,46.6169],[4.0892,46.6224]]]}},{"type":"Feature","properties":{"code":"71294","nom":"Mercurey","app":10.65,"app_bas":8.32,"app_haut":13.64,"app_ech":"commune","app_obs":145,"mai":8.65,"mai_bas":6.54,"mai_haut":11.45,"mai_ech":"maille","mai_obs":61},"geometry":{"type":"Polygon","coordinates":[[[4.6897,46.8359],[4.6971,46.843],[4.7127,46.8527],[4.7224,46.8527],[4.7402,46.8594],[4.7389,46.8456],[4.7469,46.8372],[4.7597,46.8301],[4.775,46.8272],[4.75,46.8197],[4.7262,46.8173],[4.7114,46.824],[4.6917,46.8224],[4.6813,46.8291],[4.6897,46.8359]]]}},{"type":"Feature","properties":{"code":"71029","nom":"Bellevesvre","app":9.31,"app_bas":7.58,"app_haut":11.42,"app_ech":"maille","app_obs":15,"mai":8.92,"mai_bas":6.98,"mai_haut":11.39,"mai_ech":"maille","mai_obs":11},"geometry":{"type":"Polygon","coordinates":[[[5.3753,46.827],[5.3698,46.8326],[5.3617,46.8318],[5.3543,46.8362],[5.354,46.8463],[5.3425,46.8638],[5.3481,46.8693],[5.3591,46.8623],[5.3696,46.8635],[5.3805,46.8502],[5.3724,46.843],[5.377,46.8363],[5.3838,46.8336],[5.3821,46.8278],[5.3753,46.827]]]}},{"type":"Feature","properties":{"code":"71076","nom":"Chalon-sur-Saône","app":11.35,"app_bas":9.02,"app_haut":14.28,"app_ech":"commune","app_obs":11124,"mai":10.14,"mai_bas":7.71,"mai_haut":13.34,"mai_ech":"commune","mai_obs":408},"geometry":{"type":"Polygon","coordinates":[[[4.8812,46.7975],[4.882,46.7918],[4.867,46.7784],[4.8674,46.7739],[4.8587,46.7602],[4.8471,46.7649],[4.845,46.7713],[4.8335,46.7757],[4.8195,46.7778],[4.8267,46.7824],[4.8316,46.7938],[4.8314,46.8005],[4.8505,46.8188],[4.8603,46.8163],[4.8663,46.8054],[4.8812,46.7975]]]}},{"type":"Feature","properties":{"code":"71136","nom":"Clessy","app":7.78,"app_bas":6.02,"app_haut":10.06,"app_ech":"maille","app_obs":2,"mai":6.7,"mai_bas":5.16,"mai_haut":8.69,"mai_ech":"maille","mai_obs":13},"geometry":{"type":"Polygon","coordinates":[[[4.0565,46.5645],[4.065,46.5656],[4.0698,46.5777],[4.0811,46.5833],[4.0925,46.5769],[4.103,46.5737],[4.1135,46.5678],[4.1064,46.5366],[4.0987,46.5342],[4.0882,46.536],[4.0774,46.5246],[4.0709,46.5274],[4.0681,46.5485],[4.0565,46.5645]]]}},{"type":"Feature","properties":{"code":"71240","nom":"Jalogny","app":9.82,"app_bas":7.96,"app_haut":12.12,"app_ech":"maille","app_obs":4,"mai":9.79,"mai_bas":7.33,"mai_haut":13.08,"mai_ech":"maille","mai_obs":6},"geometry":{"type":"Polygon","coordinates":[[[4.6316,46.4348],[4.651,46.4248],[4.6594,46.4133],[4.6505,46.4],[4.6306,46.3936],[4.6105,46.4079],[4.6155,46.4179],[4.6316,46.4348]]]}},{"type":"Feature","properties":{"code":"71408","nom":"Saint-Edmond","app":7.82,"app_bas":6.16,"app_haut":9.92,"app_ech":"maille","app_obs":2,"mai":7.86,"mai_bas":6.03,"mai_haut":10.24,"mai_ech":"maille","mai_obs":7},"geometry":{"type":"Polygon","coordinates":[[[4.2237,46.2195],[4.2262,46.2139],[4.2386,46.2079],[4.2248,46.1897],[4.2196,46.1851],[4.2079,46.1948],[4.1849,46.1901],[4.1845,46.196],[4.1919,46.2131],[4.2,46.2205],[4.2052,46.2162],[4.2237,46.2195]]]}},{"type":"Feature","properties":{"code":"71320","nom":"Mont-Saint-Vincent","app":10,"app_bas":8.12,"app_haut":12.31,"app_ech":"maille","app_obs":12,"mai":7.24,"mai_bas":5.86,"mai_haut":8.95,"mai_ech":"maille","mai_obs":12},"geometry":{"type":"Polygon","coordinates":[[[4.4687,46.6603],[4.4838,46.6632],[4.4904,46.6616],[4.5116,46.6675],[4.5264,46.6644],[4.5239,46.6532],[4.501,46.6409],[4.4919,46.6338],[4.4866,46.6275],[4.4883,46.6219],[4.4712,46.6149],[4.4635,46.6275],[4.466,46.634],[4.4745,46.6404],[4.4751,46.6513],[4.4687,46.6603]]]}},{"type":"Feature","properties":{"code":"71323","nom":"Mornay","app":9.1,"app_bas":6.94,"app_haut":11.93,"app_ech":"maille","app_obs":0,"mai":7.38,"mai_bas":5.67,"mai_haut":9.6,"mai_ech":"maille","mai_obs":4},"geometry":{"type":"Polygon","coordinates":[[[4.3664,46.5157],[4.3886,46.5278],[4.4042,46.5228],[4.414,46.5143],[4.4043,46.4996],[4.4055,46.4874],[4.3964,46.4805],[4.374,46.479],[4.3718,46.4684],[4.3628,46.4677],[4.3494,46.4826],[4.349,46.4883],[4.3525,46.4958],[4.3677,46.5127],[4.3664,46.5157]]]}},{"type":"Feature","properties":{"code":"71493","nom":"Saisy","app":8.07,"app_bas":6.31,"app_haut":10.3,"app_ech":"maille","app_obs":1,"mai":8.69,"mai_bas":6.39,"mai_haut":11.8,"mai_ech":"maille","mai_obs":20},"geometry":{"type":"Polygon","coordinates":[[[4.5186,46.9713],[4.5223,46.9761],[4.5466,46.9754],[4.5677,46.9825],[4.5737,46.9734],[4.5879,46.9688],[4.5958,46.9522],[4.5866,46.9547],[4.5856,46.9435],[4.574,46.9428],[4.5629,46.9446],[4.5472,46.9429],[4.5237,46.9562],[4.5186,46.9713]]]}},{"type":"Feature","properties":{"code":"71055","nom":"Brandon","app":null,"app_bas":null,"app_haut":null,"app_ech":null,"app_obs":0,"mai":null,"mai_bas":null,"mai_haut":null,"mai_ech":null,"mai_obs":0},"geometry":{"type":"Polygon","coordinates":[[[4.5927,46.3319],[4.5873,46.3302],[4.5612,46.332],[4.563,46.3385],[4.5667,46.3464],[4.5652,46.3559],[4.5425,46.3626],[4.5472,46.3697],[4.5637,46.3764],[4.5727,46.3753],[4.5758,46.3666],[4.5725,46.3611],[4.5877,46.3533],[4.5963,46.3512],[4.593,46.3435],[4.5927,46.3319]]]}},{"type":"Feature","properties":{"code":"71120","nom":"Chauffailles","app":7.97,"app_bas":6.19,"app_haut":10.25,"app_ech":"commune","app_obs":555,"mai":7.11,"mai_bas":5.15,"mai_haut":9.82,"mai_ech":"commune","mai_obs":141},"geometry":{"type":"Polygon","coordinates":[[[4.3266,46.1849],[4.3164,46.1907],[4.3136,46.2047],[4.2958,46.2014],[4.2938,46.2175],[4.3148,46.2218],[4.3474,46.2236],[4.364,46.2263],[4.3777,46.2222],[4.3862,46.2257],[4.3894,46.2136],[4.3775,46.2102],[4.3714,46.2042],[4.3632,46.2005],[4.3622,46.1956],[4.3707,46.1916],[4.3708,46.1843],[4.3648,46.1836],[4.3451,46.1874],[4.3357,46.1814],[4.3266,46.1849]]]}},{"type":"Feature","properties":{"code":"71149","nom":"Couches","app":8.07,"app_bas":6.31,"app_haut":10.3,"app_ech":"maille","app_obs":63,"mai":8.69,"mai_bas":6.39,"mai_haut":11.8,"mai_ech":"maille","mai_obs":41},"geometry":{"type":"Polygon","coordinates":[[[4.5331,46.8983],[4.5462,46.8928],[4.5521,46.8837],[4.5802,46.8781],[4.5993,46.8704],[4.6054,46.8658],[4.6141,46.8658],[4.6196,46.8573],[4.6267,46.8606],[4.6158,46.8553],[4.591,46.8556],[4.5717,46.8491],[4.5539,46.8514],[4.538,46.8591],[4.5386,46.8641],[4.52,46.8669],[4.5226,46.8719],[4.5306,46.8726],[4.534,46.8827],[4.5208,46.89],[4.5331,46.8983]]]}},{"type":"Feature","properties":{"code":"71161","nom":"Curdin","app":7.78,"app_bas":6.02,"app_haut":10.06,"app_ech":"maille","app_obs":1,"mai":7.32,"mai_bas":5.59,"mai_haut":9.58,"mai_ech":"maille","mai_obs":5},"geometry":{"type":"Polygon","coordinates":[[[3.9746,46.6043],[3.9846,46.6077],[4.0062,46.6082],[4.0099,46.6069],[4.0113,46.5994],[4.0175,46.5884],[4.0021,46.5738],[3.9923,46.5748],[3.986,46.5812],[3.9886,46.586],[3.9848,46.5921],[3.9734,46.6019],[3.9746,46.6043]]]}},{"type":"Feature","properties":{"code":"71180","nom":"Donzy-le-National","app":null,"app_bas":null,"app_haut":null,"app_ech":null,"app_obs":0,"mai":null,"mai_bas":null,"mai_haut":null,"mai_ech":null,"mai_obs":0},"geometry":{"type":"Polygon","coordinates":[[[4.5447,46.4615],[4.5596,46.4683],[4.576,46.467],[4.5854,46.4422],[4.5913,46.4372],[4.5751,46.4323],[4.5659,46.4317],[4.5483,46.438],[4.5445,46.4441],[4.5472,46.4527],[4.5414,46.4552],[4.5447,46.4615]]]}},{"type":"Feature","properties":{"code":"71187","nom":"Écuisses","app":10,"app_bas":8.12,"app_haut":12.31,"app_ech":"maille","app_obs":76,"mai":7.24,"mai_bas":5.86,"mai_haut":8.95,"mai_ech":"maille","mai_obs":30},"geometry":{"type":"Polygon","coordinates":[[[4.4951,46.7445],[4.4927,46.7565],[4.4959,46.7618],[4.5146,46.7739],[4.5217,46.7753],[4.5286,46.7678],[4.5384,46.7699],[4.5489,46.7678],[4.5548,46.7615],[4.5546,46.7527],[4.5494,46.7422],[4.5426,46.7368],[4.535,46.7358],[4.5251,46.7437],[4.5149,46.7482],[4.5047,46.7439],[4.4951,46.7445]]]}},{"type":"Feature","properties":{"code":"71204","nom":"Fragnes-La Loyère","app":10.38,"app_bas":8.25,"app_haut":13.06,"app_ech":"maille","app_obs":1,"mai":8.65,"mai_bas":6.54,"mai_haut":11.45,"mai_ech":"maille","mai_obs":40},"geometry":{"type":"Polygon","coordinates":[[[4.8155,46.8281],[4.8201,46.8355],[4.8109,46.8462],[4.811,46.8509],[4.8263,46.8535],[4.8251,46.8647],[4.8314,46.8531],[4.845,46.8515],[4.8463,46.8456],[4.8642,46.8274],[4.8603,46.8163],[4.8505,46.8188],[4.8458,46.8251],[4.8155,46.8281]]]}},{"type":"Feature","properties":{"code":"71213","nom":"Genête","app":8.64,"app_bas":6.98,"app_haut":10.7,"app_ech":"maille","app_obs":1,"mai":8.14,"mai_bas":6.47,"mai_haut":10.25,"mai_ech":"maille","mai_obs":29},"geometry":{"type":"Polygon","coordinates":[[[5.0454,46.5639],[5.0659,46.5692],[5.0672,46.5718],[5.0839,46.5564],[5.0739,46.5523],[5.0716,46.5463],[5.0344,46.5287],[5.0215,46.5322],[5.0145,46.5384],[5.0144,46.5397],[5.0222,46.5456],[5.036,46.5503],[5.0433,46.5575],[5.0454,46.5639]]]}},{"type":"Feature","properties":{"code":"71303","nom":"Montagny-près-Louhans","app":8.63,"app_bas":6.85,"app_haut":10.88,"app_ech":"maille","app_obs":10,"mai":8.14,"mai_bas":6.47,"mai_haut":10.25,"mai_ech":"maille","mai_obs":10},"geometry":{"type":"Polygon","coordinates":[[[5.281,46.6358],[5.2757,46.6357],[5.2688,46.6439],[5.2719,46.651],[5.2567,46.6531],[5.2631,46.6641],[5.2722,46.6712],[5.2975,46.6736],[5.3055,46.6685],[5.3099,46.6603],[5.3073,46.6543],[5.299,46.6532],[5.2882,46.647],[5.2804,46.6453],[5.281,46.6358]]]}},{"type":"Feature","properties":{"code":"71492","nom":"Saint-Ythaire","app":null,"app_bas":null,"app_haut":null,"app_ech":null,"app_obs":0,"mai":null,"mai_bas":null,"mai_haut":null,"mai_ech":null,"mai_obs":0},"geometry":{"type":"Polygon","coordinates":[[[4.5771,46.5688],[4.5936,46.584],[4.5999,46.5864],[4.623,46.5706],[4.6359,46.5694],[4.6313,46.5614],[4.6184,46.5617],[4.609,46.5517],[4.594,46.5509],[4.5903,46.5596],[4.5793,46.5619],[4.5771,46.5688]]]}},{"type":"Feature","properties":{"code":"71532","nom":"Taizé","app":9.91,"app_bas":7.46,"app_haut":13.16,"app_ech":"maille","app_obs":0,"mai":9.79,"mai_bas":7.33,"mai_haut":13.08,"mai_ech":"maille","mai_obs":0},"geometry":{"type":"Polygon","coordinates":[[[4.6638,46.5029],[4.6602,46.5116],[4.6634,46.5181],[4.692,46.5159],[4.6839,46.5114],[4.6829,46.503],[4.6638,46.5029]]]}},{"type":"Feature","properties":{"code":"71039","nom":"Blanot","app":10.68,"app_bas":8.23,"app_haut":13.86,"app_ech":"maille","app_obs":0,"mai":9.79,"mai_bas":7.33,"mai_haut":13.08,"mai_ech":"maille","mai_obs":14},"geometry":{"type":"Polygon","coordinates":[[[4.7306,46.5071],[4.748,46.5018],[4.753,46.4948],[4.7589,46.4936],[4.7614,46.4878],[4.7579,46.4737],[4.7519,46.4654],[4.7439,46.4627],[4.7428,46.455],[4.7383,46.4561],[4.7346,46.46],[4.7205,46.463],[4.7207,46.4691],[4.7258,46.4854],[4.7306,46.5071]]]}},{"type":"Feature","properties":{"code":"71087","nom":"Chapaize","app":10.51,"app_bas":8,"app_haut":13.81,"app_ech":"maille","app_obs":0,"mai":8.17,"mai_bas":6.43,"mai_haut":10.37,"mai_ech":"maille","mai_obs":14},"geometry":{"type":"Polygon","coordinates":[[[4.7535,46.5713],[4.7611,46.5652],[4.7668,46.5649],[4.7716,46.5594],[4.7698,46.5519],[4.7495,46.5337],[4.7392,46.5356],[4.7399,46.5401],[4.7328,46.5436],[4.7179,46.5403],[4.6974,46.5459],[4.697,46.5533],[4.7015,46.5542],[4.7073,46.5659],[4.7395,46.5596],[4.7535,46.5713]]]}},{"type":"Feature","properties":{"code":"71115","nom":"Châtel-Moron","app":9.77,"app_bas":7.95,"app_haut":12.01,"app_ech":"maille","app_obs":1,"mai":8.51,"mai_bas":6.82,"mai_haut":10.63,"mai_ech":"maille","mai_obs":1},"geometry":{"type":"Polygon","coordinates":[[[4.6558,46.7993],[4.6594,46.7903],[4.6546,46.7856],[4.6471,46.7826],[4.6301,46.7812],[4.6309,46.7764],[4.6237,46.7744],[4.6137,46.7858],[4.6252,46.7934],[4.6225,46.7987],[4.647,46.8052],[4.6558,46.7993]]]}},{"type":"Feature","properties":{"code":"71411","nom":"Saint-Eugène","app":8.14,"app_bas":6.46,"app_haut":10.25,"app_ech":"maille","app_obs":0,"mai":6.7,"mai_bas":5.16,"mai_haut":8.69,"mai_ech":"maille","mai_obs":2},"geometry":{"type":"Polygon","coordinates":[[[4.2709,46.7829],[4.2729,46.765],[4.2524,46.7547],[4.252,46.7471],[4.2599,46.7379],[4.2462,46.7146],[4.2348,46.7082],[4.2284,46.6995],[4.2215,46.6995],[4.2128,46.6875],[4.2041,46.6873],[4.1974,46.6928],[4.1936,46.6999],[4.1978,46.7058],[4.1888,46.7099],[4.1776,46.7089],[4.1747,46.7185],[4.1778,46.7277],[4.1713,46.7395],[4.1837,46.7468],[4.1948,46.745],[4.2054,46.7502],[4.2344,46.7566],[4.2434,46.7574],[4.2522,46.7679],[4.2593,46.772],[4.2649,46.7816],[4.2709,46.7829]]]}},{"type":"Feature","properties":{"code":"71426","nom":"Sainte-Hélène","app":9.06,"app_bas":6.95,"app_haut":11.79,"app_ech":"maille","app_obs":4,"mai":8.51,"mai_bas":6.82,"mai_haut":10.63,"mai_ech":"maille","mai_obs":11},"geometry":{"type":"Polygon","coordinates":[[[4.6477,46.7421],[4.6262,46.7336],[4.6162,46.7379],[4.6184,46.7425],[4.6022,46.7492],[4.6086,46.7561],[4.6174,46.7712],[4.6237,46.7744],[4.6309,46.7764],[4.6422,46.7762],[4.6501,46.7792],[4.6567,46.7772],[4.6639,46.7683],[4.6477,46.7421]]]}},{"type":"Feature","properties":{"code":"71097","nom":"Chapelle-Thècle","app":9.37,"app_bas":7.22,"app_haut":12.16,"app_ech":"maille","app_obs":5,"mai":8.14,"mai_bas":6.47,"mai_haut":10.25,"mai_ech":"maille","mai_obs":5},"geometry":{"type":"Polygon","coordinates":[[[5.0716,46.5463],[5.0739,46.5523],[5.0839,46.5564],[5.0672,46.5718],[5.0724,46.579],[5.0824,46.578],[5.0941,46.5706],[5.1088,46.5681],[5.1104,46.573],[5.1247,46.5735],[5.1378,46.5681],[5.1366,46.558],[5.131,46.5559],[5.1186,46.5368],[5.098,46.5355],[5.0716,46.5463]]]}},{"type":"Feature","properties":{"code":"71186","nom":"Écuelles","app":9.31,"app_bas":7.58,"app_haut":11.42,"app_ech":"maille","app_obs":5,"mai":9.14,"mai_bas":7.3,"mai_haut":11.44,"mai_ech":"maille","mai_obs":5},"geometry":{"type":"Polygon","coordinates":[[[5.0567,46.9401],[5.0401,46.9485],[5.0498,46.9603],[5.0659,46.967],[5.073,46.9663],[5.0763,46.9594],[5.0913,46.9605],[5.1003,46.956],[5.0975,46.9449],[5.0837,46.9357],[5.0735,46.9364],[5.0618,46.9414],[5.0567,46.9401]]]}},{"type":"Feature","properties":{"code":"71193","nom":"Étrigny","app":10.51,"app_bas":8,"app_haut":13.81,"app_ech":"maille","app_obs":1,"mai":8.54,"mai_bas":6.52,"mai_haut":11.2,"mai_ech":"maille","mai_obs":8},"geometry":{"type":"Polygon","coordinates":[[[4.7535,46.5713],[4.7678,46.578],[4.7617,46.5858],[4.7526,46.5926],[4.7724,46.598],[4.7753,46.6033],[4.7748,46.612],[4.7789,46.6163],[4.8074,46.6074],[4.8189,46.6048],[4.8249,46.6009],[4.8217,46.5944],[4.8306,46.5902],[4.8181,46.5787],[4.8133,46.5694],[4.7988,46.5699],[4.7927,46.5725],[4.7768,46.5712],[4.7668,46.5649],[4.7611,46.5652],[4.7535,46.5713]]]}},{"type":"Feature","properties":{"code":"71486","nom":"Saint-Vallier","app":9.27,"app_bas":7.36,"app_haut":11.67,"app_ech":"commune","app_obs":372,"mai":8.31,"mai_bas":6.35,"mai_haut":10.88,"mai_ech":"commune","mai_obs":321},"geometry":{"type":"Polygon","coordinates":[[[4.3272,46.6578],[4.352,46.6525],[4.3608,46.6537],[4.3644,46.6585],[4.3852,46.671],[4.3985,46.6583],[4.4126,46.653],[4.4,46.6447],[4.3943,46.6366],[4.3777,46.6217],[4.3619,46.6212],[4.3455,46.6251],[4.3259,46.6261],[4.3232,46.6302],[4.3038,46.6324],[4.3161,46.6475],[4.3242,46.6524],[4.3272,46.6578]]]}},{"type":"Feature","properties":{"code":"71514","nom":"Sens-sur-Seille","app":7.94,"app_bas":6.06,"app_haut":10.4,"app_ech":"maille","app_obs":0,"mai":8.14,"mai_bas":6.47,"mai_haut":10.25,"mai_ech":"maille","mai_obs":9},"geometry":{"type":"Polygon","coordinates":[[[5.2993,46.765],[5.3056,46.7646],[5.3132,46.757],[5.3197,46.7551],[5.3315,46.7567],[5.3454,46.7531],[5.345,46.7498],[5.3374,46.7413],[5.3385,46.7374],[5.3169,46.7391],[5.289,46.7314],[5.2806,46.7273],[5.2755,46.7369],[5.2843,46.7446],[5.283,46.7529],[5.2966,46.7611],[5.2993,46.765]]]}},{"type":"Feature","properties":{"code":"71133","nom":"Clayette","app":7.24,"app_bas":5.55,"app_haut":9.43,"app_ech":"commune","app_obs":397,"mai":7.86,"mai_bas":6.03,"mai_haut":10.24,"mai_ech":"maille","mai_obs":34},"geometry":{"type":"Polygon","coordinates":[[[4.323,46.2986],[4.3217,46.2923],[4.3102,46.2802],[4.2989,46.2762],[4.2985,46.2856],[4.3023,46.2958],[4.319,46.3],[4.323,46.2986]]]}},{"type":"Feature","properties":{"code":"71415","nom":"Sainte-Foy","app":7.82,"app_bas":6.16,"app_haut":9.92,"app_ech":"maille","app_obs":0,"mai":7.86,"mai_bas":6.03,"mai_haut":10.24,"mai_ech":"maille","mai_obs":3},"geometry":{"type":"Polygon","coordinates":[[[4.1172,46.2945],[4.1176,46.296],[4.1303,46.2938],[4.1436,46.2865],[4.1491,46.2738],[4.1558,46.2712],[4.1437,46.2615],[4.1332,46.2615],[4.1119,46.2662],[4.1192,46.2888],[4.1172,46.2945]]]}},{"type":"Feature","properties":{"code":"71495","nom":"Salornay-sur-Guye","app":9.1,"app_bas":6.94,"app_haut":11.93,"app_ech":"maille","app_obs":23,"mai":9.79,"mai_bas":7.33,"mai_haut":13.08,"mai_ech":"maille","mai_obs":22},"geometry":{"type":"Polygon","coordinates":[[[4.5884,46.536],[4.6053,46.536],[4.6213,46.5302],[4.6206,46.5057],[4.6234,46.4964],[4.6009,46.5042],[4.5958,46.5052],[4.5842,46.5013],[4.576,46.5027],[4.5757,46.5076],[4.5819,46.5211],[4.5791,46.5225],[4.5884,46.536]]]}},{"type":"Feature","properties":{"code":"71417","nom":"Saint-Gengoux-le-National","app":8.22,"app_bas":6.27,"app_haut":10.77,"app_ech":"commune","app_obs":179,"mai":7.24,"mai_bas":5.86,"mai_haut":8.95,"mai_ech":"maille","mai_obs":56},"geometry":{"type":"Polygon","coordinates":[[[4.6811,46.6263],[4.6767,46.6124],[4.6713,46.6031],[4.6787,46.5947],[4.6938,46.5887],[4.6857,46.5847],[4.6657,46.5976],[4.6518,46.5988],[4.6542,46.6068],[4.6483,46.6119],[4.637,46.6159],[4.6425,46.6229],[4.643,46.6303],[4.6697,46.6331],[4.6729,46.6281],[4.6811,46.6263]]]}},{"type":"Feature","properties":{"code":"71475","nom":"Saint-Rémy","app":11.55,"app_bas":9.55,"app_haut":13.97,"app_ech":"commune","app_obs":225,"mai":10.43,"mai_bas":8.52,"mai_haut":12.76,"mai_ech":"commune","mai_obs":130},"geometry":{"type":"Polygon","coordinates":[[[4.7926,46.7638],[4.7999,46.7689],[4.8083,46.7705],[4.8195,46.7778],[4.8335,46.7757],[4.845,46.7713],[4.8471,46.7649],[4.8554,46.761],[4.8291,46.7529],[4.8277,46.7511],[4.8132,46.7403],[4.8014,46.7419],[4.7938,46.7467],[4.8052,46.7523],[4.8092,46.7574],[4.7926,46.7638]]]}},{"type":"Feature","properties":{"code":"71577","nom":"Villegaudin","app":7.94,"app_bas":6.06,"app_haut":10.4,"app_ech":"maille","app_obs":0,"mai":9.12,"mai_bas":7.45,"mai_haut":11.15,"mai_ech":"maille","mai_obs":2},"geometry":{"type":"Polygon","coordinates":[[[5.1308,46.8013],[5.1382,46.7973],[5.1182,46.7884],[5.0946,46.7855],[5.0815,46.7877],[5.086,46.7932],[5.0802,46.8024],[5.0854,46.8111],[5.1028,46.8201],[5.1031,46.824],[5.109,46.8184],[5.1028,46.8125],[5.1079,46.8053],[5.1225,46.8003],[5.1308,46.8013]]]}},{"type":"Feature","properties":{"code":"71024","nom":"Baugy","app":8.42,"app_bas":6.17,"app_haut":11.49,"app_ech":"maille","app_obs":0,"mai":8.19,"mai_bas":6.44,"mai_haut":10.43,"mai_ech":"maille","mai_obs":8},"geometry":{"type":"Polygon","coordinates":[[[4.0369,46.3313],[4.0401,46.3018],[4.0456,46.3035],[4.0573,46.2997],[4.0675,46.2894],[4.0462,46.2825],[4.0331,46.2851],[4.0279,46.2899],[4.0185,46.3025],[4.0128,46.3173],[4.0046,46.3275],[3.9944,46.3277],[4.0039,46.3332],[4.0369,46.3313]]]}},{"type":"Feature","properties":{"code":"71443","nom":"Saint-Loup-Géanges","app":11.27,"app_bas":9.07,"app_haut":14.01,"app_ech":"maille","app_obs":65,"mai":10.06,"mai_bas":7.66,"mai_haut":13.21,"mai_ech":"maille","mai_obs":44},"geometry":{"type":"Polygon","coordinates":[[[4.9344,46.9105],[4.9296,46.9125],[4.912,46.9131],[4.8881,46.907],[4.8916,46.9107],[4.8885,46.9215],[4.8821,46.9304],[4.8708,46.9298],[4.8624,46.9381],[4.868,46.9406],[4.8708,46.9482],[4.8939,46.9512],[4.891,46.9575],[4.8961,46.9662],[4.9147,46.9678],[4.9491,46.9662],[4.9552,46.9632],[4.9545,46.9613],[4.933,46.9568],[4.9312,46.9349],[4.9446,46.9255],[4.941,46.9159],[4.9344,46.9105]]]}},{"type":"Feature","properties":{"code":"71302","nom":"Montagny-lès-Buxy","app":9.06,"app_bas":6.95,"app_haut":11.79,"app_ech":"maille","app_obs":0,"mai":7.86,"mai_bas":6.15,"mai_haut":10.04,"mai_ech":"maille","mai_obs":21},"geometry":{"type":"Polygon","coordinates":[[[4.685,46.6976],[4.6722,46.6943],[4.6519,46.698],[4.6566,46.7077],[4.6495,46.7093],[4.6641,46.7185],[4.6655,46.7151],[4.6866,46.7079],[4.6907,46.7009],[4.685,46.6976]]]}},{"type":"Feature","properties":{"code":"71353","nom":"Plottes","app":10.51,"app_bas":8,"app_haut":13.81,"app_ech":"maille","app_obs":12,"mai":8.54,"mai_bas":6.52,"mai_haut":11.2,"mai_ech":"maille","mai_obs":13},"geometry":{"type":"Polygon","coordinates":[[[4.8867,46.5193],[4.8755,46.5202],[4.8718,46.5161],[4.8603,46.5197],[4.8611,46.5302],[4.8738,46.5487],[4.8831,46.5491],[4.8931,46.5435],[4.8984,46.5522],[4.9085,46.5484],[4.9124,46.54],[4.9065,46.5264],[4.8867,46.5193]]]}},{"type":"Feature","properties":{"code":"71367","nom":"Ratte","app":9.37,"app_bas":7.22,"app_haut":12.16,"app_ech":"maille","app_obs":1,"mai":8.14,"mai_bas":6.47,"mai_haut":10.25,"mai_ech":"maille","mai_obs":25},"geometry":{"type":"Polygon","coordinates":[[[5.2803,46.6299],[5.281,46.6358],[5.2804,46.6453],[5.2882,46.647],[5.299,46.6532],[5.3073,46.6543],[5.3219,46.6528],[5.3309,46.6462],[5.3323,46.6351],[5.3212,46.6297],[5.2948,46.6261],[5.2892,46.6308],[5.2803,46.6299]]]}},{"type":"Feature","properties":{"code":"71484","nom":"Saint-Usuge","app":7.94,"app_bas":6.06,"app_haut":10.4,"app_ech":"maille","app_obs":21,"mai":8.14,"mai_bas":6.47,"mai_haut":10.25,"mai_ech":"maille","mai_obs":41},"geometry":{"type":"Polygon","coordinates":[[[5.1935,46.6748],[5.1956,46.6792],[5.1886,46.6898],[5.204,46.6927],[5.2103,46.7013],[5.2171,46.7185],[5.2434,46.7213],[5.2565,46.7196],[5.2577,46.7077],[5.2753,46.7075],[5.2861,46.709],[5.2829,46.6989],[5.2681,46.6848],[5.2857,46.6779],[5.2976,46.6779],[5.2975,46.6736],[5.2722,46.6712],[5.2631,46.6641],[5.2567,46.6531],[5.2492,46.6548],[5.2472,46.6627],[5.2315,46.6755],[5.2026,46.6708],[5.1935,46.6748]]]}},{"type":"Feature","properties":{"code":"71523","nom":"Simard","app":7.94,"app_bas":6.06,"app_haut":10.4,"app_ech":"maille","app_obs":43,"mai":8.14,"mai_bas":6.47,"mai_haut":10.25,"mai_ech":"maille","mai_obs":36},"geometry":{"type":"Polygon","coordinates":[[[5.1527,46.7212],[5.1635,46.7247],[5.1681,46.7303],[5.1583,46.7328],[5.1619,46.7405],[5.1668,46.7399],[5.1772,46.7462],[5.1955,46.7411],[5.2066,46.7326],[5.2171,46.7185],[5.2103,46.7013],[5.204,46.6927],[5.1886,46.6898],[5.1846,46.6941],[5.1735,46.6953],[5.158,46.7026],[5.15,46.7008],[5.1465,46.7135],[5.1527,46.7212]]]}},{"type":"Feature","properties":{"code":"71103","nom":"Charmoy","app":8.14,"app_bas":6.46,"app_haut":10.25,"app_ech":"maille","app_obs":0,"mai":7.21,"mai_bas":5.88,"mai_haut":8.85,"mai_ech":"maille","mai_obs":2},"geometry":{"type":"Polygon","coordinates":[[[4.2709,46.7829],[4.2667,46.7884],[4.2923,46.801],[4.3079,46.7996],[4.3148,46.7924],[4.3403,46.7902],[4.3455,46.791],[4.3579,46.8007],[4.3633,46.793],[4.3706,46.776],[4.3591,46.772],[4.3563,46.7615],[4.3472,46.759],[4.3414,46.7493],[4.3494,46.7335],[4.3454,46.7324],[4.3435,46.7347],[4.3172,46.7365],[4.2844,46.7435],[4.2757,46.7527],[4.2729,46.765],[4.2709,46.7829]]]}},{"type":"Feature","properties":{"code":"71237","nom":"Igornay","app":7.65,"app_bas":6.08,"app_haut":9.63,"app_ech":"maille","app_obs":19,"mai":7.23,"mai_bas":5.63,"mai_haut":9.28,"mai_ech":"maille","mai_obs":9},"geometry":{"type":"Polygon","coordinates":[[[4.3605,47.0323],[4.3601,47.0504],[4.3521,47.0505],[4.3346,47.0568],[4.3387,47.0712],[4.3442,47.0724],[4.3534,47.064],[4.3636,47.0664],[4.3715,47.0796],[4.383,47.0831],[4.4055,47.0816],[4.4162,47.0772],[4.4063,47.0706],[4.4063,47.05],[4.4041,47.0386],[4.3945,47.0306],[4.3605,47.0323]]]}},{"type":"Feature","properties":{"code":"71465","nom":"Saint-Micaud","app":10,"app_bas":8.12,"app_haut":12.31,"app_ech":"maille","app_obs":2,"mai":7.24,"mai_bas":5.86,"mai_haut":8.95,"mai_ech":"maille","mai_obs":9},"geometry":{"type":"Polygon","coordinates":[[[4.5419,46.6677],[4.5264,46.6644],[4.5116,46.6675],[4.5074,46.673],[4.5139,46.6815],[4.5097,46.6862],[4.4912,46.6906],[4.4946,46.698],[4.4862,46.7059],[4.5004,46.7084],[4.5044,46.7201],[4.5207,46.7103],[4.5313,46.7117],[4.5383,46.7088],[4.5453,46.7119],[4.56,46.7089],[4.5594,46.699],[4.5619,46.691],[4.5533,46.6806],[4.5438,46.6724],[4.5419,46.6677]]]}},{"type":"Feature","properties":{"code":"71005","nom":"Aluze","app":11.15,"app_bas":8.7,"app_haut":14.28,"app_ech":"maille","app_obs":0,"mai":8.65,"mai_bas":6.54,"mai_haut":11.45,"mai_ech":"maille","mai_obs":14},"geometry":{"type":"Polygon","coordinates":[[[4.6897,46.8359],[4.6642,46.8524],[4.6605,46.8566],[4.6657,46.8573],[4.6752,46.8556],[4.691,46.8576],[4.6987,46.8645],[4.7101,46.8684],[4.7051,46.8599],[4.7127,46.8527],[4.6971,46.843],[4.6897,46.8359]]]}},{"type":"Feature","properties":{"code":"71061","nom":"Brienne","app":9.37,"app_bas":7.22,"app_haut":12.16,"app_ech":"maille","app_obs":0,"mai":9.12,"mai_bas":7.45,"mai_haut":11.15,"mai_ech":"maille","mai_obs":20},"geometry":{"type":"Polygon","coordinates":[[[5.0178,46.5664],[5.0399,46.5661],[5.0454,46.5639],[5.0433,46.5575],[5.036,46.5503],[5.0222,46.5456],[5.0144,46.5397],[5.0103,46.5471],[5.0064,46.5633],[5.0178,46.5664]]]}},{"type":"Feature","properties":{"code":"71108","nom":"Chasselas","app":10.32,"app_bas":8.25,"app_haut":12.91,"app_ech":"maille","app_obs":1,"mai":9.94,"mai_bas":7.93,"mai_haut":12.47,"mai_ech":"maille","mai_obs":3},"geometry":{"type":"Polygon","coordinates":[[[4.7075,46.2847],[4.729,46.2857],[4.7322,46.2737],[4.7077,46.2696],[4.7075,46.2847]]]}},{"type":"Feature","properties":{"code":"71184","nom":"Dracy-Saint-Loup","app":7.65,"app_bas":6.08,"app_haut":9.63,"app_ech":"maille","app_obs":5,"mai":7.23,"mai_bas":5.63,"mai_haut":9.28,"mai_ech":"maille","mai_obs":16},"geometry":{"type":"Polygon","coordinates":[[[4.3038,47.021],[4.2992,47.0308],[4.3091,47.0403],[4.3193,47.0297],[4.3314,47.0245],[4.343,47.0301],[4.3605,47.0323],[4.3945,47.0306],[4.388,47.0228],[4.3751,47.0199],[4.3683,47.006],[4.3538,46.998],[4.3389,46.985],[4.3348,46.9839],[4.3359,46.9941],[4.3261,46.9945],[4.3165,46.9918],[4.3105,46.994],[4.3123,47.0001],[4.3038,47.021]]]}},{"type":"Feature","properties":{"code":"71188","nom":"Épertully","app":8.07,"app_bas":6.31,"app_haut":10.3,"app_ech":"maille","app_obs":0,"mai":8.69,"mai_bas":6.39,"mai_haut":11.8,"mai_ech":"maille","mai_obs":1},"geometry":{"type":"Polygon","coordinates":[[[4.6071,46.9355],[4.5856,46.9435],[4.5866,46.9547],[4.6168,46.9481],[4.6143,46.9417],[4.6071,46.9355]]]}},{"type":"Feature","properties":{"code":"71222","nom":"Gourdon","app":8.14,"app_bas":6.46,"app_haut":10.25,"app_ech":"maille","app_obs":18,"mai":7.24,"mai_bas":5.86,"mai_haut":8.95,"mai_ech":"maille","mai_obs":26},"geometry":{"type":"Polygon","coordinates":[[[4.4697,46.6037],[4.4496,46.6049],[4.4398,46.6133],[4.4202,46.6257],[4.4209,46.6365],[4.418,46.6478],[4.4126,46.653],[4.3985,46.6583],[4.3883,46.6678],[4.4163,46.6691],[4.4167,46.6621],[4.422,46.6601],[4.4368,46.6671],[4.4533,46.6623],[4.4645,46.6628],[4.4687,46.6603],[4.4751,46.6513],[4.4745,46.6404],[4.466,46.634],[4.4635,46.6275],[4.4712,46.6149],[4.4697,46.6037]]]}},{"type":"Feature","properties":{"code":"71424","nom":"Saint-Gervais-sur-Couches","app":9.93,"app_bas":7.87,"app_haut":12.55,"app_ech":"maille","app_obs":2,"mai":8.69,"mai_bas":6.39,"mai_haut":11.8,"mai_ech":"maille","mai_obs":2},"geometry":{"type":"Polygon","coordinates":[[[4.5472,46.9429],[4.5629,46.9446],[4.574,46.9428],[4.5856,46.9435],[4.6071,46.9355],[4.6087,46.924],[4.5969,46.9174],[4.59,46.9165],[4.5872,46.9035],[4.5557,46.9007],[4.5425,46.9059],[4.5465,46.9056],[4.5523,46.915],[4.5419,46.9206],[4.525,46.921],[4.5181,46.9243],[4.5169,46.9274],[4.5368,46.9336],[4.5472,46.9429]]]}},{"type":"Feature","properties":{"code":"71360","nom":"Prissé","app":10.83,"app_bas":8.78,"app_haut":13.36,"app_ech":"commune","app_obs":104,"mai":9.94,"mai_bas":7.93,"mai_haut":12.47,"mai_ech":"maille","mai_obs":72},"geometry":{"type":"Polygon","coordinates":[[[4.7307,46.311],[4.7227,46.3206],[4.716,46.3239],[4.7302,46.3327],[4.7347,46.332],[4.7454,46.3422],[4.7625,46.3433],[4.7611,46.3363],[4.7678,46.322],[4.7809,46.3229],[4.7802,46.3128],[4.7604,46.3132],[4.7579,46.3099],[4.7463,46.3083],[4.7307,46.311]]]}},{"type":"Feature","properties":{"code":"71556","nom":"Varennes-lès-Mâcon","app":10.46,"app_bas":7.97,"app_haut":13.72,"app_ech":"maille","app_obs":31,"mai":9.21,"mai_bas":7.19,"mai_haut":11.8,"mai_ech":"maille","mai_obs":14},"geometry":{"type":"Polygon","coordinates":[[[4.8165,46.2654],[4.812,46.2619],[4.8108,46.2545],[4.7978,46.2551],[4.7944,46.2649],[4.7973,46.2724],[4.7872,46.2734],[4.7923,46.2781],[4.8067,46.2774],[4.8138,46.28],[4.8265,46.2763],[4.8165,46.2654]]]}},{"type":"Feature","properties":{"code":"71579","nom":"Villeneuve-en-Montagne","app":10,"app_bas":8.12,"app_haut":12.31,"app_ech":"maille","app_obs":0,"mai":8.51,"mai_bas":6.82,"mai_haut":10.63,"mai_ech":"maille","mai_obs":8},"geometry":{"type":"Polygon","coordinates":[[[4.6137,46.7858],[4.6237,46.7744],[4.6174,46.7712],[4.6086,46.7561],[4.6022,46.7492],[4.606,46.7451],[4.6011,46.7403],[4.5897,46.7456],[4.5742,46.7376],[4.5546,46.7527],[4.5548,46.7615],[4.5664,46.7607],[4.5742,46.764],[4.5638,46.7713],[4.6137,46.7858]]]}},{"type":"Feature","properties":{"code":"71584","nom":"Viré","app":10.68,"app_bas":8.23,"app_haut":13.86,"app_ech":"maille","app_obs":62,"mai":9.7,"mai_bas":7.39,"mai_haut":12.73,"mai_ech":"maille","mai_obs":38},"geometry":{"type":"Polygon","coordinates":[[[4.85,46.4262],[4.8414,46.4339],[4.8286,46.4384],[4.825,46.4367],[4.8238,46.4461],[4.8268,46.453],[4.8395,46.4617],[4.865,46.459],[4.8746,46.4542],[4.8688,46.4446],[4.8715,46.4317],[4.8636,46.4254],[4.85,46.4262]]]}},{"type":"Feature","properties":{"code":"71033","nom":"Bey","app":10.06,"app_bas":8.18,"app_haut":12.37,"app_ech":"maille","app_obs":5,"mai":9.12,"mai_bas":7.45,"mai_haut":11.15,"mai_ech":"maille","mai_obs":22},"geometry":{"type":"Polygon","coordinates":[[[4.9514,46.8314],[4.9618,46.8388],[4.9641,46.8447],[4.9698,46.8427],[4.9778,46.8292],[4.9887,46.8231],[4.9881,46.8112],[4.9806,46.7995],[4.9693,46.8064],[4.9579,46.8053],[4.9521,46.8104],[4.9583,46.8144],[4.9522,46.8259],[4.9474,46.8283],[4.9514,46.8314]]]}},{"type":"Feature","properties":{"code":"71062","nom":"Brion","app":8.27,"app_bas":6.53,"app_haut":10.48,"app_ech":"maille","app_obs":1,"mai":7.21,"mai_bas":5.88,"mai_haut":8.85,"mai_ech":"maille","mai_obs":6},"geometry":{"type":"Polygon","coordinates":[[[4.2444,46.8911],[4.2282,46.8955],[4.224,46.9053],[4.216,46.9038],[4.205,46.9056],[4.215,46.9173],[4.218,46.933],[4.2287,46.9324],[4.2461,46.9404],[4.252,46.9401],[4.2715,46.9237],[4.2696,46.9122],[4.272,46.9089],[4.2444,46.8911]]]}},{"type":"Feature","properties":{"code":"71165","nom":"Cussy-en-Morvan","app":7.65,"app_bas":6.08,"app_haut":9.63,"app_ech":"maille","app_obs":4,"mai":6.2,"mai_bas":4.72,"mai_haut":8.14,"mai_ech":"maille","mai_obs":10},"geometry":{"type":"Polygon","coordinates":[[[4.2301,47.0893],[4.2349,47.0734],[4.2281,47.0695],[4.2275,47.0609],[4.2179,47.0658],[4.2189,47.0804],[4.2096,47.0835],[4.2076,47.0769],[4.1851,47.0758],[4.1703,47.0672],[4.1526,47.0664],[4.1502,47.0643],[4.1464,47.0678],[4.132,47.0736],[4.1243,47.0887],[4.111,47.1029],[4.114,47.1191],[4.116,47.1233],[4.1268,47.1306],[4.1475,47.1139],[4.1538,47.1146],[4.1581,47.1212],[4.1676,47.1173],[4.1851,47.1025],[4.2039,47.1013],[4.2091,47.0932],[4.2186,47.0867],[4.2301,47.0893]]]}},{"type":"Feature","properties":{"code":"71169","nom":"Davayé","app":11.05,"app_bas":8.8,"app_haut":13.87,"app_ech":"maille","app_obs":8,"mai":9.94,"mai_bas":7.93,"mai_haut":12.47,"mai_ech":"maille","mai_obs":9},"geometry":{"type":"Polygon","coordinates":[[[4.7256,46.3065],[4.7307,46.311],[4.7463,46.3083],[4.7579,46.3099],[4.7604,46.3132],[4.7661,46.3029],[4.7604,46.2956],[4.7487,46.2944],[4.7256,46.3065]]]}},{"type":"Feature","properties":{"code":"71232","nom":"Hautefond","app":8.42,"app_bas":6.17,"app_haut":11.49,"app_ech":"maille","app_obs":0,"mai":8.19,"mai_bas":6.44,"mai_haut":10.43,"mai_ech":"maille","mai_obs":3},"geometry":{"type":"Polygon","coordinates":[[[4.1406,46.4429],[4.1458,46.4428],[4.171,46.4513],[4.185,46.4493],[4.1998,46.4449],[4.211,46.4366],[4.2055,46.4282],[4.1971,46.4208],[4.1921,46.426],[4.184,46.4272],[4.173,46.4219],[4.1467,46.4256],[4.1358,46.4238],[4.1332,46.4302],[4.1406,46.4429]]]}},{"type":"Feature","properties":{"code":"71460","nom":"Saint-Maurice-de-Satonnay","app":9.68,"app_bas":7.5,"app_haut":12.49,"app_ech":"maille","app_obs":5,"mai":9.94,"mai_bas":7.93,"mai_haut":12.47,"mai_ech":"maille","mai_obs":17},"geometry":{"type":"Polygon","coordinates":[[[4.776,46.4293],[4.8015,46.4241],[4.7982,46.4037],[4.7922,46.3872],[4.7829,46.3823],[4.7679,46.3859],[4.7621,46.3926],[4.771,46.4191],[4.7772,46.4242],[4.776,46.4293]]]}},{"type":"Feature","properties":{"code":"71191","nom":"Essertenne","app":8.07,"app_bas":6.31,"app_haut":10.3,"app_ech":"maille","app_obs":0,"mai":8.51,"mai_bas":6.82,"mai_haut":10.63,"mai_ech":"maille","mai_obs":4},"geometry":{"type":"Polygon","coordinates":[[[4.504,46.8129],[4.5211,46.8277],[4.5455,46.8378],[4.5493,46.8336],[4.5493,46.8238],[4.5563,46.8115],[4.5669,46.8064],[4.5781,46.808],[4.5576,46.7928],[4.5551,46.7853],[4.5446,46.7805],[4.5402,46.782],[4.545,46.7856],[4.5422,46.7942],[4.5317,46.8026],[4.5238,46.8129],[4.504,46.8129]]]}},{"type":"Feature","properties":{"code":"71269","nom":"Lux","app":11.99,"app_bas":9.91,"app_haut":14.51,"app_ech":"commune","app_obs":240,"mai":9.12,"mai_bas":7.45,"mai_haut":11.15,"mai_ech":"maille","mai_obs":76},"geometry":{"type":"Polygon","coordinates":[[[4.8587,46.7602],[4.8693,46.756],[4.8786,46.7541],[4.8839,46.7465],[4.8829,46.741],[4.855,46.7374],[4.8502,46.7485],[4.8277,46.7511],[4.8291,46.7529],[4.8554,46.761],[4.8587,46.7602]]]}},{"type":"Feature","properties":{"code":"71555","nom":"Varennes-le-Grand","app":11.77,"app_bas":9.36,"app_haut":14.8,"app_ech":"maille","app_obs":42,"mai":8.17,"mai_bas":6.43,"mai_haut":10.37,"mai_ech":"maille","mai_obs":51},"geometry":{"type":"Polygon","coordinates":[[[4.8747,46.6869],[4.8673,46.6972],[4.857,46.699],[4.8425,46.6957],[4.8158,46.7008],[4.8205,46.708],[4.8407,46.7042],[4.8473,46.7132],[4.8855,46.7317],[4.9008,46.7307],[4.9128,46.719],[4.9261,46.7139],[4.9242,46.7083],[4.9133,46.7066],[4.9025,46.6975],[4.8988,46.6983],[4.8812,46.6887],[4.8747,46.6869]]]}},{"type":"Feature","properties":{"code":"71074","nom":"Chaintré","app":11.05,"app_bas":8.8,"app_haut":13.87,"app_ech":"maille","app_obs":14,"mai":9.04,"mai_bas":6.81,"mai_haut":11.99,"mai_ech":"maille","mai_obs":5},"geometry":{"type":"Polygon","coordinates":[[[4.7503,46.2583],[4.7517,46.2639],[4.7568,46.266],[4.7971,46.257],[4.7978,46.2551],[4.7665,46.2519],[4.7503,46.2583]]]}},{"type":"Feature","properties":{"code":"71106","nom":"Charolles","app":8.41,"app_bas":6.41,"app_haut":11.03,"app_ech":"commune","app_obs":564,"mai":7.62,"mai_bas":5.85,"mai_haut":9.91,"mai_ech":"commune","mai_obs":114},"geometry":{"type":"Polygon","coordinates":[[[4.2379,46.446],[4.2661,46.454],[4.2706,46.4731],[4.275,46.4786],[4.2845,46.4802],[4.2892,46.469],[4.3066,46.4692],[4.3042,46.4438],[4.308,46.4312],[4.2909,46.4209],[4.284,46.4218],[4.2796,46.4212],[4.2762,46.424],[4.2575,46.4267],[4.248,46.439],[4.2379,46.446]]]}},{"type":"Feature","properties":{"code":"71216","nom":"Germagny","app":10,"app_bas":8.12,"app_haut":12.31,"app_ech":"maille","app_obs":10,"mai":7.24,"mai_bas":5.86,"mai_haut":8.95,"mai_ech":"maille","mai_obs":13},"geometry":{"type":"Polygon","coordinates":[[[4.6048,46.6636],[4.5915,46.6669],[4.5802,46.6675],[4.5859,46.6818],[4.6017,46.6781],[4.6148,46.6798],[4.6161,46.677],[4.6048,46.6636]]]}},{"type":"Feature","properties":{"code":"71364","nom":"Racineuse","app":9.12,"app_bas":7.19,"app_haut":11.57,"app_ech":"maille","app_obs":0,"mai":8.14,"mai_bas":6.32,"mai_haut":10.49,"mai_ech":"maille","mai_obs":2},"geometry":{"type":"Polygon","coordinates":[[[5.1495,46.8469],[5.1509,46.8485],[5.1736,46.8408],[5.1712,46.8317],[5.1849,46.8282],[5.1849,46.8197],[5.1651,46.8179],[5.1559,46.8222],[5.1388,46.8251],[5.1472,46.8443],[5.1495,46.8469]]]}},{"type":"Feature","properties":{"code":"71368","nom":"Reclesne","app":7.65,"app_bas":6.08,"app_haut":9.63,"app_ech":"maille","app_obs":0,"mai":7.21,"mai_bas":5.88,"mai_haut":8.85,"mai_ech":"maille","mai_obs":4},"geometry":{"type":"Polygon","coordinates":[[[4.3038,47.021],[4.2978,47.023],[4.2841,47.0215],[4.2613,47.0226],[4.2604,47.0294],[4.2525,47.0409],[4.2577,47.0491],[4.2542,47.0523],[4.2625,47.0616],[4.2736,47.0699],[4.295,47.0757],[4.3057,47.0726],[4.3145,47.0664],[4.3149,47.0474],[4.3091,47.0403],[4.2992,47.0308],[4.3038,47.021]]]}},{"type":"Feature","properties":{"code":"71497","nom":"Sancé","app":11.99,"app_bas":6.75,"app_haut":21.28,"app_ech":"maille","app_obs":75,"mai":9.94,"mai_bas":7.93,"mai_haut":12.47,"mai_ech":"maille","mai_obs":36},"geometry":{"type":"Polygon","coordinates":[[[4.8511,46.3523],[4.8534,46.3299],[4.8514,46.3261],[4.8208,46.3317],[4.8102,46.3383],[4.8125,46.3473],[4.8306,46.3477],[4.8416,46.3533],[4.8511,46.3523]]]}},{"type":"Feature","properties":{"code":"71508","nom":"Savigny-sur-Seille","app":8.64,"app_bas":6.98,"app_haut":10.7,"app_ech":"maille","app_obs":3,"mai":8.14,"mai_bas":6.47,"mai_haut":10.25,"mai_ech":"maille","mai_obs":7},"geometry":{"type":"Polygon","coordinates":[[[5.1228,46.6557],[5.1273,46.6461],[5.1304,46.631],[5.1247,46.6225],[5.1101,46.6133],[5.0886,46.6161],[5.0794,46.6159],[5.0645,46.6257],[5.0656,46.633],[5.0815,46.6358],[5.0972,46.6403],[5.0995,46.6548],[5.1086,46.6574],[5.1228,46.6557]]]}},{"type":"Feature","properties":{"code":"71563","nom":"Vaux-en-Pré","app":10,"app_bas":8.12,"app_haut":12.31,"app_ech":"maille","app_obs":3,"mai":7.24,"mai_bas":5.86,"mai_haut":8.95,"mai_ech":"maille","mai_obs":2},"geometry":{"type":"Polygon","coordinates":[[[4.5972,46.6392],[4.607,46.6309],[4.6172,46.6086],[4.6133,46.6041],[4.6067,46.6073],[4.6006,46.6146],[4.593,46.6181],[4.5851,46.6314],[4.5972,46.6392]]]}},{"type":"Feature","properties":{"code":"71042","nom":"Bonnay","app":9.1,"app_bas":6.94,"app_haut":11.93,"app_ech":"maille","app_obs":2,"mai":9.79,"mai_bas":7.33,"mai_haut":13.08,"mai_ech":"maille","mai_obs":9},"geometry":{"type":"Polygon","coordinates":[[[4.594,46.5509],[4.609,46.5517],[4.6184,46.5617],[4.6313,46.5614],[4.6359,46.5694],[4.643,46.5684],[4.6582,46.5624],[4.6566,46.5498],[4.6372,46.5436],[4.6255,46.5341],[4.6177,46.532],[4.6053,46.536],[4.5884,46.536],[4.594,46.5509]]]}},{"type":"Feature","properties":{"code":"71069","nom":"Bussières","app":9.82,"app_bas":7.96,"app_haut":12.12,"app_ech":"maille","app_obs":15,"mai":9.94,"mai_bas":7.93,"mai_haut":12.47,"mai_ech":"maille","mai_obs":14},"geometry":{"type":"Polygon","coordinates":[[[4.695,46.3401],[4.7097,46.3447],[4.7187,46.3377],[4.7302,46.3327],[4.716,46.3239],[4.7048,46.3237],[4.6991,46.3272],[4.695,46.3401]]]}},{"type":"Feature","properties":{"code":"71421","nom":"Saint-Germain-en-Brionnais","app":7.47,"app_bas":5.93,"app_haut":9.41,"app_ech":"maille","app_obs":2,"mai":7.38,"mai_bas":5.67,"mai_haut":9.6,"mai_ech":"maille","mai_obs":3},"geometry":{"type":"Polygon","coordinates":[[[4.2344,46.3555],[4.2389,46.3554],[4.26,46.3614],[4.2654,46.3525],[4.2671,46.3387],[4.2644,46.3316],[4.2417,46.3389],[4.2272,46.3417],[4.2344,46.3555]]]}},{"type":"Feature","properties":{"code":"71301","nom":"Mont","app":8.65,"app_bas":6.9,"app_haut":10.85,"app_ech":"maille","app_obs":4,"mai":7.88,"mai_bas":6.01,"mai_haut":10.34,"mai_ech":"maille","mai_obs":2},"geometry":{"type":"Polygon","coordinates":[[[3.8099,46.6021],[3.8009,46.6107],[3.8104,46.6141],[3.8089,46.6186],[3.7968,46.6233],[3.8164,46.6363],[3.8202,46.6509],[3.8138,46.6581],[3.8091,46.6578],[3.8086,46.6646],[3.8225,46.6625],[3.8394,46.6487],[3.8468,46.6478],[3.8649,46.6309],[3.8428,46.6211],[3.8215,46.6061],[3.8099,46.6021]]]}},{"type":"Feature","properties":{"code":"71570","nom":"Verjux","app":7.94,"app_bas":6.06,"app_haut":10.4,"app_ech":"maille","app_obs":7,"mai":9.12,"mai_bas":7.45,"mai_haut":11.15,"mai_ech":"maille","mai_obs":8},"geometry":{"type":"Polygon","coordinates":[[[4.9652,46.8932],[4.9839,46.8971],[4.9937,46.8965],[4.9991,46.8763],[4.9852,46.8558],[4.9715,46.8595],[4.9634,46.8565],[4.956,46.8619],[4.9645,46.87],[4.9631,46.8746],[4.9524,46.8815],[4.9562,46.8918],[4.9652,46.8932]]]}},{"type":"Feature","properties":{"code":"71141","nom":"Colombier-en-Brionnais","app":7.47,"app_bas":5.93,"app_haut":9.41,"app_ech":"maille","app_obs":2,"mai":7.38,"mai_bas":5.67,"mai_haut":9.6,"mai_ech":"maille","mai_obs":3},"geometry":{"type":"Polygon","coordinates":[[[4.3231,46.368],[4.3272,46.3733],[4.3363,46.3752],[4.3441,46.3734],[4.3441,46.3684],[4.3539,46.3617],[4.3531,46.3532],[4.357,46.3462],[4.3397,46.3252],[4.3325,46.3234],[4.3154,46.3273],[4.3099,46.3378],[4.3055,46.3414],[4.3118,46.3485],[4.3232,46.3493],[4.3204,46.3614],[4.3231,46.368]]]}},{"type":"Feature","properties":{"code":"71159","nom":"Culles-les-Roches","app":10,"app_bas":8.12,"app_haut":12.31,"app_ech":"maille","app_obs":0,"mai":7.24,"mai_bas":5.86,"mai_haut":8.95,"mai_ech":"maille","mai_obs":1},"geometry":{"type":"Polygon","coordinates":[[[4.6795,46.6452],[4.6697,46.6331],[4.643,46.6303],[4.6361,46.6367],[4.6322,46.645],[4.6228,46.6512],[4.6337,46.6523],[4.6363,46.6556],[4.6601,46.6634],[4.6672,46.6499],[4.6795,46.6452]]]}},{"type":"Feature","properties":{"code":"71160","nom":"Curbigny","app":7.38,"app_bas":5.66,"app_haut":9.63,"app_ech":"maille","app_obs":0,"mai":7.38,"mai_bas":5.67,"mai_haut":9.6,"mai_ech":"maille","mai_obs":0},"geometry":{"type":"Polygon","coordinates":[[[4.3325,46.3234],[4.3407,46.3137],[4.3426,46.3069],[4.323,46.2986],[4.319,46.3],[4.3023,46.2958],[4.2925,46.3089],[4.2958,46.3138],[4.2918,46.3198],[4.3046,46.3222],[4.3154,46.3273],[4.3325,46.3234]]]}},{"type":"Feature","properties":{"code":"71387","nom":"Saint-André-le-Désert","app":9.1,"app_bas":6.94,"app_haut":11.93,"app_ech":"maille","app_obs":0,"mai":7.32,"mai_bas":5.59,"mai_haut":9.58,"mai_ech":"maille","mai_obs":7},"geometry":{"type":"Polygon","coordinates":[[[4.4843,46.4933],[4.4801,46.4974],[4.4936,46.5001],[4.5112,46.5059],[4.5301,46.5159],[4.5323,46.5202],[4.5506,46.5173],[4.5757,46.5076],[4.576,46.5027],[4.5682,46.4873],[4.5616,46.4888],[4.5405,46.484],[4.5384,46.4858],[4.5142,46.4847],[4.4843,46.4933]]]}},{"type":"Feature","properties":{"code":"71330","nom":"Neuvy-Grandchamp","app":6.86,"app_bas":5.25,"app_haut":8.96,"app_ech":"maille","app_obs":9,"mai":6.7,"mai_bas":5.16,"mai_haut":8.69,"mai_ech":"maille","mai_obs":24},"geometry":{"type":"Polygon","coordinates":[[[3.8788,46.5734],[3.8916,46.591],[3.8932,46.6027],[3.888,46.6064],[3.891,46.6189],[3.8906,46.6281],[3.8939,46.6288],[3.9044,46.6408],[3.9131,46.6453],[3.9284,46.6332],[3.9365,46.6228],[3.9484,46.6142],[3.9746,46.6043],[3.9734,46.6019],[3.9848,46.5921],[3.9886,46.586],[3.986,46.5812],[3.9688,46.575],[3.9657,46.5624],[3.9611,46.5549],[3.9513,46.5576],[3.9415,46.5632],[3.9357,46.5575],[3.9242,46.5607],[3.8901,46.5595],[3.8788,46.5734]]]}},{"type":"Feature","properties":{"code":"71341","nom":"Palleau","app":10.38,"app_bas":8.25,"app_haut":13.06,"app_ech":"maille","app_obs":21,"mai":9.14,"mai_bas":7.3,"mai_haut":11.44,"mai_ech":"maille","mai_obs":12},"geometry":{"type":"Polygon","coordinates":[[[5.0401,46.9485],[5.0272,46.943],[5.0287,46.9527],[5.0242,46.9561],[5.0056,46.9592],[4.9956,46.9626],[5.0034,46.9721],[5.0149,46.9704],[5.0297,46.9804],[5.0493,46.9816],[5.0659,46.967],[5.0498,46.9603],[5.0401,46.9485]]]}},{"type":"Feature","properties":{"code":"71462","nom":"Saint-Maurice-en-Rivière","app":7.94,"app_bas":6.06,"app_haut":10.4,"app_ech":"maille","app_obs":2,"mai":9.12,"mai_bas":7.45,"mai_haut":11.15,"mai_ech":"maille","mai_obs":3},"geometry":{"type":"Polygon","coordinates":[[[5.0317,46.8215],[5.0232,46.8292],[5.0017,46.8404],[4.9852,46.8558],[4.9991,46.8763],[5.0227,46.8672],[5.0352,46.8673],[5.0523,46.8473],[5.0573,46.8384],[5.0521,46.8301],[5.0317,46.8215]]]}},{"type":"Feature","properties":{"code":"71016","nom":"Azé","app":9.68,"app_bas":7.5,"app_haut":12.49,"app_ech":"maille","app_obs":25,"mai":9.79,"mai_bas":7.33,"mai_haut":13.08,"mai_ech":"maille","mai_obs":38},"geometry":{"type":"Polygon","coordinates":[[[4.7383,46.4561],[4.7428,46.455],[4.7497,46.4496],[4.7787,46.4432],[4.776,46.4293],[4.7772,46.4242],[4.771,46.4191],[4.7674,46.4092],[4.7531,46.4127],[4.7259,46.4224],[4.7156,46.4286],[4.7147,46.4347],[4.721,46.4415],[4.7267,46.439],[4.7383,46.4561]]]}},{"type":"Feature","properties":{"code":"71201","nom":"Fley","app":9.32,"app_bas":7.69,"app_haut":11.28,"app_ech":"maille","app_obs":0,"mai":7.86,"mai_bas":6.15,"mai_haut":10.04,"mai_ech":"maille","mai_obs":4},"geometry":{"type":"Polygon","coordinates":[[[4.6161,46.677],[4.6148,46.6798],[4.6158,46.6854],[4.6285,46.6945],[4.6391,46.6969],[4.6464,46.6916],[4.6457,46.6829],[4.6564,46.6776],[4.6619,46.6737],[4.6601,46.6634],[4.6363,46.6556],[4.6273,46.6768],[4.6161,46.677]]]}},{"type":"Feature","properties":{"code":"71238","nom":"Iguerande","app":8.1,"app_bas":6.37,"app_haut":10.3,"app_ech":"maille","app_obs":45,"mai":7.86,"mai_bas":6.03,"mai_haut":10.24,"mai_ech":"maille","mai_obs":22},"geometry":{"type":"Polygon","coordinates":[[[4.06,46.1885],[4.0528,46.1945],[4.0563,46.2015],[4.0643,46.2065],[4.0602,46.2113],[4.0375,46.2248],[4.044,46.2328],[4.0508,46.2357],[4.0706,46.2373],[4.0791,46.2397],[4.0841,46.2455],[4.0962,46.2484],[4.0989,46.2334],[4.0952,46.2249],[4.1124,46.2137],[4.1073,46.2109],[4.1038,46.1984],[4.0836,46.1912],[4.0717,46.1881],[4.06,46.1885]]]}},{"type":"Feature","properties":{"code":"71285","nom":"Martigny-le-Comte","app":8.14,"app_bas":6.46,"app_haut":10.25,"app_ech":"maille","app_obs":0,"mai":7.32,"mai_bas":5.59,"mai_haut":9.58,"mai_ech":"maille","mai_obs":3},"geometry":{"type":"Polygon","coordinates":[[[4.3697,46.5583],[4.3655,46.5529],[4.3656,46.5416],[4.3579,46.5419],[4.3483,46.5281],[4.3609,46.5156],[4.3664,46.5157],[4.3677,46.5127],[4.3525,46.4958],[4.349,46.4883],[4.3412,46.4958],[4.3296,46.4972],[4.3096,46.4938],[4.3158,46.4979],[4.3165,46.5041],[4.3077,46.5065],[4.3022,46.5202],[4.3027,46.5434],[4.3043,46.5507],[4.3126,46.5645],[4.3097,46.5805],[4.3207,46.5737],[4.3397,46.5767],[4.3521,46.586],[4.361,46.5764],[4.3566,46.5691],[4.3582,46.5609],[4.3697,46.5583]]]}},{"type":"Feature","properties":{"code":"71520","nom":"Sevrey","app":11.77,"app_bas":9.36,"app_haut":14.8,"app_ech":"maille","app_obs":12,"mai":9.12,"mai_bas":7.45,"mai_haut":11.15,"mai_ech":"maille","mai_obs":14},"geometry":{"type":"Polygon","coordinates":[[[4.8277,46.7511],[4.8502,46.7485],[4.855,46.7374],[4.8298,46.7202],[4.8185,46.7244],[4.8076,46.7207],[4.8029,46.7281],[4.8132,46.7403],[4.8277,46.7511]]]}},{"type":"Feature","properties":{"code":"71144","nom":"Cordesse","app":7.65,"app_bas":6.08,"app_haut":9.63,"app_ech":"maille","app_obs":0,"mai":7.21,"mai_bas":5.88,"mai_haut":8.85,"mai_ech":"maille","mai_obs":7},"geometry":{"type":"Polygon","coordinates":[[[4.3091,47.0403],[4.3149,47.0474],[4.3145,47.0664],[4.3204,47.0666],[4.3346,47.0568],[4.3521,47.0505],[4.3601,47.0504],[4.3605,47.0323],[4.343,47.0301],[4.3314,47.0245],[4.3193,47.0297],[4.3091,47.0403]]]}},{"type":"Feature","properties":{"code":"71228","nom":"Guerfand","app":10.06,"app_bas":8.18,"app_haut":12.37,"app_ech":"maille","app_obs":1,"mai":9.12,"mai_bas":7.45,"mai_haut":11.15,"mai_ech":"maille","mai_obs":3},"geometry":{"type":"Polygon","coordinates":[[[5.0159,46.7935],[5.0241,46.7916],[5.0334,46.7987],[5.0382,46.7972],[5.0407,46.7888],[5.0465,46.7821],[5.0441,46.7707],[5.0327,46.7718],[5.021,46.7683],[5.0132,46.772],[5.0106,46.7775],[5.0159,46.7935]]]}},{"type":"Feature","properties":{"code":"71296","nom":"Messey-sur-Grosne","app":11.77,"app_bas":9.36,"app_haut":14.8,"app_ech":"maille","app_obs":2,"mai":8.17,"mai_bas":6.43,"mai_haut":10.37,"mai_ech":"maille","mai_obs":21},"geometry":{"type":"Polygon","coordinates":[[[4.7652,46.6752],[4.768,46.6687],[4.7834,46.6491],[4.7796,46.6459],[4.7564,46.636],[4.7513,46.6308],[4.734,46.6245],[4.7237,46.6327],[4.7315,46.6419],[4.7226,46.6484],[4.7314,46.6578],[4.7351,46.6656],[4.7403,46.6676],[4.7593,46.6786],[4.7652,46.6752]]]}},{"type":"Feature","properties":{"code":"71510","nom":"Semur-en-Brionnais","app":7.82,"app_bas":6.16,"app_haut":9.92,"app_ech":"maille","app_obs":11,"mai":8.19,"mai_bas":6.44,"mai_haut":10.43,"mai_ech":"maille","mai_obs":18},"geometry":{"type":"Polygon","coordinates":[[[4.0675,46.2894],[4.0817,46.2937],[4.1172,46.2945],[4.1192,46.2888],[4.1119,46.2662],[4.1058,46.266],[4.1051,46.2556],[4.0954,46.2527],[4.0842,46.2553],[4.073,46.2627],[4.059,46.2673],[4.057,46.2755],[4.0719,46.2829],[4.0668,46.289],[4.0675,46.2894]]]}},{"type":"Feature","properties":{"code":"71386","nom":"Saint-André-en-Bresse","app":8.64,"app_bas":6.98,"app_haut":10.7,"app_ech":"maille","app_obs":1,"mai":8.14,"mai_bas":6.47,"mai_haut":10.25,"mai_ech":"maille","mai_obs":9},"geometry":{"type":"Polygon","coordinates":[[[5.0942,46.6624],[5.0995,46.6548],[5.0972,46.6403],[5.0815,46.6358],[5.0799,46.6446],[5.0673,46.6538],[5.0826,46.6631],[5.0942,46.6624]]]}},{"type":"Feature","properties":{"code":"71433","nom":"Saint-Julien-de-Civry","app":8.42,"app_bas":6.17,"app_haut":11.49,"app_ech":"maille","app_obs":1,"mai":8.19,"mai_bas":6.44,"mai_haut":10.43,"mai_ech":"maille","mai_obs":10},"geometry":{"type":"Polygon","coordinates":[[[4.2344,46.3555],[4.223,46.3623],[4.2051,46.3563],[4.1984,46.3481],[4.1852,46.352],[4.1816,46.359],[4.184,46.3705],[4.1803,46.3765],[4.1936,46.3841],[4.2007,46.3848],[4.2085,46.3895],[4.2328,46.3945],[4.2434,46.3872],[4.2574,46.3913],[4.2659,46.3868],[4.261,46.3815],[4.2557,46.3686],[4.26,46.3614],[4.2389,46.3554],[4.2344,46.3555]]]}},{"type":"Feature","properties":{"code":"71533","nom":"Tancon","app":7.82,"app_bas":6.16,"app_haut":9.92,"app_ech":"maille","app_obs":0,"mai":7.23,"mai_bas":5.23,"mai_haut":9.99,"mai_ech":"maille","mai_obs":11},"geometry":{"type":"Polygon","coordinates":[[[4.2562,46.2045],[4.2639,46.2056],[4.271,46.2156],[4.2735,46.2249],[4.2938,46.2175],[4.2958,46.2014],[4.2861,46.198],[4.2789,46.1876],[4.2581,46.1845],[4.2525,46.1879],[4.2424,46.1888],[4.2335,46.18],[4.2266,46.1784],[4.2411,46.1924],[4.2536,46.1976],[4.2562,46.2045]]]}},{"type":"Feature","properties":{"code":"71587","nom":"Vitry-lès-Cluny","app":null,"app_bas":null,"app_haut":null,"app_ech":null,"app_obs":0,"mai":null,"mai_bas":null,"mai_haut":null,"mai_ech":null,"mai_obs":0},"geometry":{"type":"Polygon","coordinates":[[[4.5682,46.4873],[4.576,46.5027],[4.5842,46.5013],[4.5958,46.5052],[4.6009,46.5042],[4.6002,46.4969],[4.5949,46.4887],[4.5944,46.4813],[4.5902,46.4777],[4.5788,46.4827],[4.572,46.4829],[4.5682,46.4873]]]}},{"type":"Feature","properties":{"code":"71017","nom":"Ballore","app":8.14,"app_bas":6.46,"app_haut":10.25,"app_ech":"maille","app_obs":0,"mai":7.32,"mai_bas":5.59,"mai_haut":9.58,"mai_ech":"maille","mai_obs":1},"geometry":{"type":"Polygon","coordinates":[[[4.408,46.5333],[4.4095,46.525],[4.4042,46.5228],[4.3886,46.5278],[4.3664,46.5157],[4.3609,46.5156],[4.3483,46.5281],[4.3579,46.5419],[4.3656,46.5416],[4.3655,46.5529],[4.3697,46.5583],[4.3747,46.558],[4.3817,46.5502],[4.3819,46.5439],[4.3876,46.5406],[4.4014,46.5386],[4.408,46.5333]]]}},{"type":"Feature","properties":{"code":"71071","nom":"Céron","app":7.91,"app_bas":6.24,"app_haut":10.04,"app_ech":"maille","app_obs":0,"mai":7.5,"mai_bas":5.92,"mai_haut":9.51,"mai_ech":"maille","mai_obs":9},"geometry":{"type":"Polygon","coordinates":[[[3.9479,46.3037],[3.9655,46.3027],[3.9759,46.296],[3.973,46.2771],[3.9737,46.2709],[3.9538,46.2648],[3.9341,46.2547],[3.9275,46.2537],[3.924,46.2596],[3.9088,46.2606],[3.9055,46.2716],[3.8995,46.2759],[3.8912,46.2852],[3.8974,46.2915],[3.9136,46.2967],[3.9301,46.2958],[3.9428,46.2989],[3.9479,46.3037]]]}},{"type":"Feature","properties":{"code":"71072","nom":"Cersot","app":9.06,"app_bas":6.95,"app_haut":11.79,"app_ech":"maille","app_obs":0,"mai":7.86,"mai_bas":6.15,"mai_haut":10.04,"mai_ech":"maille","mai_obs":0},"geometry":{"type":"Polygon","coordinates":[[[4.6285,46.6945],[4.6162,46.6992],[4.6124,46.7181],[4.6287,46.7199],[4.6319,46.7121],[4.6566,46.7077],[4.6519,46.698],[4.6464,46.6916],[4.6391,46.6969],[4.6285,46.6945]]]}},{"type":"Feature","properties":{"code":"71245","nom":"Jugy","app":11.77,"app_bas":9.36,"app_haut":14.8,"app_ech":"maille","app_obs":0,"mai":8.54,"mai_bas":6.52,"mai_haut":11.2,"mai_ech":"maille","mai_obs":18},"geometry":{"type":"Polygon","coordinates":[[[4.8929,46.6136],[4.8818,46.6065],[4.8742,46.596],[4.8617,46.59],[4.836,46.5948],[4.8362,46.6002],[4.8513,46.6164],[4.8632,46.6146],[4.8785,46.6175],[4.8929,46.6136]]]}},{"type":"Feature","properties":{"code":"71325","nom":"Motte-Saint-Jean","app":6.86,"app_bas":5.25,"app_haut":8.96,"app_ech":"maille","app_obs":7,"mai":6.91,"mai_bas":5.42,"mai_haut":8.83,"mai_ech":"maille","mai_obs":37},"geometry":{"type":"Polygon","coordinates":[[[3.9358,46.5121],[3.9485,46.5243],[3.9532,46.5349],[3.954,46.547],[3.9513,46.5576],[3.9611,46.5549],[3.9692,46.5489],[3.9787,46.5365],[3.9796,46.5202],[3.99,46.5148],[3.9896,46.5001],[3.9771,46.4948],[3.9727,46.4901],[3.9641,46.4879],[3.9581,46.4906],[3.9496,46.4925],[3.9376,46.4908],[3.9165,46.4961],[3.9182,46.5005],[3.9358,46.5121]]]}},{"type":"Feature","properties":{"code":"71547","nom":"Trivy","app":7.47,"app_bas":5.93,"app_haut":9.41,"app_ech":"maille","app_obs":1,"mai":9.04,"mai_bas":6.81,"mai_haut":11.99,"mai_ech":"maille","mai_obs":5},"geometry":{"type":"Polygon","coordinates":[[[4.5129,46.3852],[4.4908,46.3732],[4.465,46.377],[4.4599,46.3834],[4.4656,46.3927],[4.4787,46.4058],[4.4806,46.4133],[4.4878,46.4086],[4.5066,46.4039],[4.5158,46.3895],[4.5129,46.3852]]]}},{"type":"Feature","properties":{"code":"71068","nom":"Burzy","app":10,"app_bas":8.12,"app_haut":12.31,"app_ech":"maille","app_obs":0,"mai":9.79,"mai_bas":7.33,"mai_haut":13.08,"mai_ech":"maille","mai_obs":1},"geometry":{"type":"Polygon","coordinates":[[[4.5702,46.6055],[4.5821,46.6014],[4.6111,46.599],[4.5999,46.5864],[4.5936,46.584],[4.5745,46.589],[4.5657,46.5883],[4.5645,46.5934],[4.5702,46.6055]]]}},{"type":"Feature","properties":{"code":"71164","nom":"Curtil-sous-Burnand","app":9.1,"app_bas":6.94,"app_haut":11.93,"app_ech":"maille","app_obs":0,"mai":9.79,"mai_bas":7.33,"mai_haut":13.08,"mai_ech":"maille","mai_obs":3},"geometry":{"type":"Polygon","coordinates":[[[4.5999,46.5864],[4.6111,46.599],[4.6332,46.5866],[4.6415,46.5894],[4.6443,46.5975],[4.6514,46.5986],[4.6566,46.5894],[4.6517,46.5831],[4.6514,46.5759],[4.643,46.5684],[4.623,46.5706],[4.5999,46.5864]]]}},{"type":"Feature","properties":{"code":"71182","nom":"Dracy-le-Fort","app":9.77,"app_bas":7.95,"app_haut":12.01,"app_ech":"maille","app_obs":43,"mai":8.65,"mai_bas":6.54,"mai_haut":11.45,"mai_ech":"maille","mai_obs":68},"geometry":{"type":"Polygon","coordinates":[[[4.7459,46.7952],[4.7489,46.8038],[4.7604,46.8087],[4.7706,46.805],[4.7969,46.799],[4.7949,46.7925],[4.7848,46.7852],[4.7806,46.7882],[4.7557,46.7899],[4.7459,46.7952]]]}},{"type":"Feature","properties":{"code":"71190","nom":"Épinac","app":10.46,"app_bas":8.28,"app_haut":13.21,"app_ech":"commune","app_obs":171,"mai":7.53,"mai_bas":5.53,"mai_haut":10.26,"mai_ech":"commune","mai_obs":111},"geometry":{"type":"Polygon","coordinates":[[[4.4869,46.9586],[4.4855,46.9704],[4.4933,46.9797],[4.4876,46.9872],[4.4843,47.0032],[4.5051,47.0161],[4.5122,47.0118],[4.5338,47.0133],[4.5548,47.0201],[4.5578,47.0164],[4.5559,47.003],[4.5474,46.9976],[4.5477,46.9925],[4.5643,46.9922],[4.5677,46.9825],[4.5466,46.9754],[4.5223,46.9761],[4.5186,46.9713],[4.5032,46.966],[4.4869,46.9586]]]}},{"type":"Feature","properties":{"code":"71234","nom":"Huilly-sur-Seille","app":8.64,"app_bas":6.98,"app_haut":10.7,"app_ech":"maille","app_obs":3,"mai":8.14,"mai_bas":6.47,"mai_haut":10.25,"mai_ech":"maille","mai_obs":12},"geometry":{"type":"Polygon","coordinates":[[[5.0425,46.6261],[5.057,46.624],[5.0645,46.6257],[5.0794,46.6159],[5.0685,46.6067],[5.0677,46.5932],[5.065,46.5873],[5.0565,46.5811],[5.0411,46.584],[5.0353,46.5861],[5.0321,46.5927],[5.0328,46.6008],[5.0392,46.6103],[5.0389,46.6199],[5.034,46.6212],[5.0425,46.6261]]]}},{"type":"Feature","properties":{"code":"71388","nom":"Saint-Aubin-en-Charollais","app":7.47,"app_bas":5.93,"app_haut":9.41,"app_ech":"maille","app_obs":6,"mai":7.38,"mai_bas":5.67,"mai_haut":9.6,"mai_ech":"maille","mai_obs":6},"geometry":{"type":"Polygon","coordinates":[[[4.1799,46.5269],[4.2153,46.5163],[4.2252,46.5182],[4.2334,46.525],[4.2416,46.5254],[4.2331,46.5167],[4.2335,46.5074],[4.2426,46.5046],[4.2438,46.4904],[4.2482,46.4862],[4.2464,46.4852],[4.2372,46.4898],[4.2113,46.4762],[4.1891,46.4763],[4.1876,46.4851],[4.182,46.4973],[4.1874,46.5091],[4.1753,46.5133],[4.1719,46.5205],[4.1799,46.5269]]]}},{"type":"Feature","properties":{"code":"71472","nom":"Saint-Prix","app":7.93,"app_bas":6.07,"app_haut":10.36,"app_ech":"maille","app_obs":3,"mai":7.21,"mai_bas":5.88,"mai_haut":8.85,"mai_ech":"maille","mai_obs":0},"geometry":{"type":"Polygon","coordinates":[[[4.0366,47.0021],[4.057,47.0055],[4.0613,47.0046],[4.0762,46.9923],[4.089,46.9985],[4.0987,46.9913],[4.0922,46.9844],[4.0988,46.9714],[4.1033,46.9464],[4.0871,46.9352],[4.0715,46.9382],[4.0451,46.9377],[4.0395,46.9414],[4.0408,46.9506],[4.0481,46.9513],[4.0557,46.9567],[4.0438,46.974],[4.0402,46.9761],[4.0394,46.9851],[4.0316,46.9848],[4.0178,46.9767],[4.0144,46.9725],[3.9957,46.9747],[3.996,46.9867],[4.0366,47.0021]]]}},{"type":"Feature","properties":{"code":"71037","nom":"Bissy-sur-Fley","app":9.32,"app_bas":7.69,"app_haut":11.28,"app_ech":"maille","app_obs":0,"mai":7.24,"mai_bas":5.86,"mai_haut":8.95,"mai_ech":"maille","mai_obs":0},"geometry":{"type":"Polygon","coordinates":[[[4.6048,46.6636],[4.6161,46.677],[4.6273,46.6768],[4.6363,46.6556],[4.6337,46.6523],[4.6228,46.6512],[4.6124,46.654],[4.6048,46.6636]]]}},{"type":"Feature","properties":{"code":"71084","nom":"Chânes","app":10.32,"app_bas":8.25,"app_haut":12.91,"app_ech":"maille","app_obs":13,"mai":11.44,"mai_bas":8.79,"mai_haut":14.9,"mai_ech":"maille","mai_obs":11},"geometry":{"type":"Polygon","coordinates":[[[4.7643,46.2274],[4.756,46.2321],[4.7584,46.2439],[4.7426,46.2546],[4.7503,46.2583],[4.7665,46.2519],[4.7643,46.2274]]]}},{"type":"Feature","properties":{"code":"71166","nom":"Cuzy","app":8.27,"app_bas":6.53,"app_haut":10.48,"app_ech":"maille","app_obs":11,"mai":6.7,"mai_bas":5.16,"mai_haut":8.69,"mai_ech":"maille","mai_obs":3},"geometry":{"type":"Polygon","coordinates":[[[4.0641,46.7667],[4.0553,46.7536],[4.0623,46.7409],[4.0586,46.7356],[4.045,46.7463],[4.0147,46.7421],[4.0055,46.7425],[3.9965,46.7511],[4.0064,46.7637],[3.9998,46.7777],[4.0209,46.7773],[4.0302,46.7839],[4.0396,46.7862],[4.0465,46.7784],[4.0641,46.7667]]]}},{"type":"Feature","properties":{"code":"71247","nom":"Jully-lès-Buxy","app":9.32,"app_bas":7.69,"app_haut":11.28,"app_ech":"maille","app_obs":2,"mai":7.86,"mai_bas":6.15,"mai_haut":10.04,"mai_ech":"maille","mai_obs":6},"geometry":{"type":"Polygon","coordinates":[[[4.7112,46.6766],[4.6875,46.6785],[4.6811,46.6815],[4.6805,46.6898],[4.685,46.6976],[4.6907,46.7009],[4.704,46.7001],[4.7224,46.705],[4.7432,46.704],[4.7373,46.6921],[4.7497,46.6859],[4.7706,46.6842],[4.7783,46.6777],[4.7652,46.6752],[4.7593,46.6786],[4.7403,46.6676],[4.7333,46.6719],[4.7112,46.6766]]]}},{"type":"Feature","properties":{"code":"71378","nom":"Rully","app":11.19,"app_bas":8.71,"app_haut":14.37,"app_ech":"commune","app_obs":102,"mai":8.65,"mai_bas":6.54,"mai_haut":11.45,"mai_ech":"maille","mai_obs":53},"geometry":{"type":"Polygon","coordinates":[[[4.7185,46.8764],[4.7361,46.8866],[4.7388,46.8902],[4.7664,46.8844],[4.789,46.8846],[4.8155,46.8793],[4.8146,46.8769],[4.8084,46.8767],[4.7936,46.8682],[4.7734,46.8739],[4.7554,46.8681],[4.7402,46.8594],[4.7224,46.8527],[4.7127,46.8527],[4.7051,46.8599],[4.7101,46.8684],[4.7185,46.8764]]]}},{"type":"Feature","properties":{"code":"71425","nom":"Saint-Gilles","app":9.93,"app_bas":7.87,"app_haut":12.55,"app_ech":"maille","app_obs":8,"mai":8.69,"mai_bas":6.39,"mai_haut":11.8,"mai_ech":"maille","mai_obs":7},"geometry":{"type":"Polygon","coordinates":[[[4.6464,46.8809],[4.6553,46.8863],[4.6726,46.8851],[4.6832,46.8802],[4.6643,46.8669],[4.6617,46.8671],[4.6464,46.8809]]]}},{"type":"Feature","properties":{"code":"71346","nom":"Perrecy-les-Forges","app":8.27,"app_bas":6.53,"app_haut":10.48,"app_ech":"maille","app_obs":41,"mai":6.7,"mai_bas":5.16,"mai_haut":8.69,"mai_ech":"maille","mai_obs":42},"geometry":{"type":"Polygon","coordinates":[[[4.2055,46.5856],[4.1989,46.5892],[4.2014,46.5969],[4.1877,46.5992],[4.1763,46.6076],[4.1765,46.618],[4.1844,46.6312],[4.1915,46.6391],[4.218,46.6399],[4.2377,46.648],[4.2474,46.6488],[4.2671,46.6483],[4.2874,46.6342],[4.2717,46.6358],[4.2775,46.6279],[4.2704,46.6171],[4.263,46.6124],[4.2527,46.6101],[4.2421,46.601],[4.2258,46.6017],[4.2055,46.5856]]]}},{"type":"Feature","properties":{"code":"71562","nom":"Vaudebarrier","app":9.1,"app_bas":6.94,"app_haut":11.93,"app_ech":"maille","app_obs":0,"mai":7.38,"mai_bas":5.67,"mai_haut":9.6,"mai_ech":"maille","mai_obs":5},"geometry":{"type":"Polygon","coordinates":[[[4.3346,46.3991],[4.3157,46.4082],[4.3038,46.4107],[4.2884,46.4085],[4.284,46.4218],[4.2909,46.4209],[4.308,46.4312],[4.3241,46.4303],[4.3286,46.4163],[4.3444,46.4005],[4.3346,46.3991]]]}},{"type":"Feature","properties":{"code":"71131","nom":"Ciel","app":null,"app_bas":null,"app_haut":null,"app_ech":null,"app_obs":0,"mai":null,"mai_bas":null,"mai_haut":null,"mai_ech":null,"mai_obs":0},"geometry":{"type":"Polygon","coordinates":[[[5.0397,46.8936],[5.0684,46.8927],[5.0733,46.8874],[5.0857,46.881],[5.0781,46.8725],[5.0692,46.8521],[5.0725,46.8429],[5.0701,46.839],[5.0573,46.8384],[5.0523,46.8473],[5.0352,46.8673],[5.0227,46.8672],[5.0096,46.8723],[5.0248,46.8857],[5.0389,46.8875],[5.0397,46.8936]]]}},{"type":"Feature","properties":{"code":"71181","nom":"Donzy-le-Pertuis","app":10.68,"app_bas":8.23,"app_haut":13.86,"app_ech":"maille","app_obs":4,"mai":9.79,"mai_bas":7.33,"mai_haut":13.08,"mai_ech":"maille","mai_obs":6},"geometry":{"type":"Polygon","coordinates":[[[4.7205,46.463],[4.7346,46.46],[4.7383,46.4561],[4.7267,46.439],[4.721,46.4415],[4.7147,46.4347],[4.7063,46.44],[4.699,46.4374],[4.6902,46.4396],[4.6934,46.4463],[4.7038,46.4488],[4.7169,46.4576],[4.7205,46.463]]]}},{"type":"Feature","properties":{"code":"71393","nom":"Saint-Bonnet-de-Cray","app":7.82,"app_bas":6.16,"app_haut":9.92,"app_ech":"maille","app_obs":13,"mai":7.86,"mai_bas":6.03,"mai_haut":10.24,"mai_ech":"maille","mai_obs":12},"geometry":{"type":"Polygon","coordinates":[[[4.1338,46.1773],[4.1449,46.1912],[4.1471,46.2015],[4.1378,46.2071],[4.1271,46.2178],[4.1352,46.2253],[4.1453,46.2269],[4.1624,46.2268],[4.1765,46.225],[4.1861,46.2259],[4.2,46.2205],[4.1919,46.2131],[4.1845,46.196],[4.1848,46.1799],[4.1884,46.1751],[4.1661,46.1729],[4.1338,46.1773]]]}},{"type":"Feature","properties":{"code":"71336","nom":"Ouroux-sur-Saône","app":10.66,"app_bas":8.68,"app_haut":13.08,"app_ech":"commune","app_obs":119,"mai":9.12,"mai_bas":7.45,"mai_haut":11.15,"mai_ech":"maille","mai_obs":83},"geometry":{"type":"Polygon","coordinates":[[[4.9261,46.7139],[4.9128,46.719],[4.9088,46.7226],[4.9241,46.7275],[4.9248,46.7492],[4.9408,46.7565],[4.9495,46.7527],[4.9558,46.7559],[4.9591,46.7494],[4.9529,46.7457],[4.9562,46.7394],[4.9726,46.7332],[4.9882,46.7305],[4.9886,46.722],[4.9801,46.7157],[4.9719,46.7027],[4.9633,46.6956],[4.9426,46.6944],[4.935,46.7085],[4.9261,46.7139]]]}},{"type":"Feature","properties":{"code":"71490","nom":"Saint-Vincent-Bragny","app":7.47,"app_bas":5.93,"app_haut":9.41,"app_ech":"maille","app_obs":18,"mai":7.32,"mai_bas":5.59,"mai_haut":9.58,"mai_ech":"maille","mai_obs":19},"geometry":{"type":"Polygon","coordinates":[[[4.1135,46.5678],[4.1586,46.5533],[4.1594,46.5479],[4.1713,46.5424],[4.1626,46.5294],[4.1618,46.524],[4.1799,46.5269],[4.1719,46.5205],[4.1753,46.5133],[4.1628,46.5061],[4.1568,46.4962],[4.1368,46.4956],[4.1333,46.4992],[4.1184,46.498],[4.1204,46.4901],[4.0891,46.5013],[4.0708,46.5145],[4.0656,46.516],[4.0709,46.5274],[4.0774,46.5246],[4.0882,46.536],[4.0987,46.5342],[4.1064,46.5366],[4.1135,46.5678]]]}},{"type":"Feature","properties":{"code":"71543","nom":"Tournus","app":11.03,"app_bas":8.3,"app_haut":14.65,"app_ech":"commune","app_obs":1194,"mai":9.04,"mai_bas":6.88,"mai_haut":11.87,"mai_ech":"commune","mai_obs":179},"geometry":{"type":"Polygon","coordinates":[[[4.9124,46.54],[4.9085,46.5484],[4.8984,46.5522],[4.8931,46.5435],[4.8831,46.5491],[4.8738,46.5487],[4.8718,46.5506],[4.8732,46.5583],[4.8691,46.5659],[4.8984,46.5866],[4.9246,46.592],[4.9361,46.5956],[4.9235,46.5855],[4.9173,46.5742],[4.9192,46.5562],[4.9233,46.5479],[4.9124,46.54]]]}},{"type":"Feature","properties":{"code":"71249","nom":"Laives","app":11.77,"app_bas":9.36,"app_haut":14.8,"app_ech":"maille","app_obs":11,"mai":8.17,"mai_bas":6.43,"mai_haut":10.37,"mai_ech":"maille","mai_obs":24},"geometry":{"type":"Polygon","coordinates":[[[4.8104,46.6468],[4.8112,46.6582],[4.8221,46.6712],[4.8342,46.6775],[4.8391,46.6775],[4.849,46.662],[4.8625,46.6528],[4.8608,46.6474],[4.852,46.6362],[4.8416,46.6298],[4.8372,46.6311],[4.8239,46.6382],[4.8174,46.6448],[4.8104,46.6468]]]}},{"type":"Feature","properties":{"code":"71267","nom":"Lugny","app":10.51,"app_bas":8,"app_haut":13.81,"app_ech":"maille","app_obs":75,"mai":9.79,"mai_bas":7.33,"mai_haut":13.08,"mai_ech":"maille","mai_obs":24},"geometry":{"type":"Polygon","coordinates":[[[4.8407,46.4992],[4.8467,46.4931],[4.847,46.4762],[4.8435,46.4752],[4.8349,46.4754],[4.826,46.4714],[4.8174,46.4567],[4.802,46.4561],[4.7929,46.4584],[4.7963,46.4626],[4.7956,46.4741],[4.7964,46.4837],[4.8037,46.4862],[4.8068,46.4997],[4.8127,46.5042],[4.8238,46.503],[4.8407,46.4992]]]}},{"type":"Feature","properties":{"code":"71404","nom":"Saint-Désert","app":9.32,"app_bas":7.69,"app_haut":11.28,"app_ech":"maille","app_obs":39,"mai":7.86,"mai_bas":6.15,"mai_haut":10.04,"mai_ech":"maille","mai_obs":31},"geometry":{"type":"Polygon","coordinates":[[[4.6968,46.7472],[4.6934,46.7636],[4.7163,46.7672],[4.7374,46.7601],[4.7209,46.7467],[4.7067,46.75],[4.6968,46.7472]]]}},{"type":"Feature","properties":{"code":"71414","nom":"Saint-Forgeot","app":8.27,"app_bas":6.53,"app_haut":10.48,"app_ech":"maille","app_obs":0,"mai":7.23,"mai_bas":5.63,"mai_haut":9.28,"mai_ech":"maille","mai_obs":18},"geometry":{"type":"Polygon","coordinates":[[[4.3038,47.021],[4.3123,47.0001],[4.3064,46.9816],[4.3003,46.977],[4.2909,46.9824],[4.2799,46.9772],[4.2656,46.9794],[4.2632,46.9818],[4.2678,46.9923],[4.263,47.0001],[4.2613,47.0226],[4.2841,47.0215],[4.2978,47.023],[4.3038,47.021]]]}},{"type":"Feature","properties":{"code":"71428","nom":"Saint-Igny-de-Roche","app":7.34,"app_bas":5.7,"app_haut":9.46,"app_ech":"maille","app_obs":16,"mai":7.86,"mai_bas":6.03,"mai_haut":10.24,"mai_ech":"maille","mai_obs":31},"geometry":{"type":"Polygon","coordinates":[[[4.3029,46.1743],[4.3005,46.1781],[4.2789,46.1876],[4.2861,46.198],[4.2958,46.2014],[4.3136,46.2047],[4.3164,46.1907],[4.3266,46.1849],[4.3157,46.172],[4.3118,46.1712],[4.3029,46.1743]]]}},{"type":"Feature","properties":{"code":"71270","nom":"Mâcon","app":10.74,"app_bas":8.32,"app_haut":13.84,"app_ech":"commune","app_obs":6251,"mai":9.2,"mai_bas":7.15,"mai_haut":11.82,"mai_ech":"commune","mai_obs":184},"geometry":{"type":"MultiPolygon","coordinates":[[[[4.8329,46.2994],[4.8265,46.2763],[4.8138,46.28],[4.8067,46.2774],[4.7923,46.2781],[4.7872,46.2734],[4.7579,46.2765],[4.7598,46.2876],[4.7734,46.2873],[4.7816,46.2848],[4.793,46.2886],[4.8052,46.299],[4.8178,46.3075],[4.8015,46.3225],[4.8088,46.3322],[4.8102,46.3383],[4.8208,46.3317],[4.8514,46.3261],[4.8329,46.2994]]],[[[4.8511,46.3523],[4.8416,46.3533],[4.8306,46.3477],[4.8125,46.3473],[4.8044,46.3545],[4.8177,46.3645],[4.8216,46.3762],[4.8395,46.3782],[4.8403,46.3708],[4.8585,46.368],[4.8511,46.3523]]]]}},{"type":"Feature","properties":{"code":"71038","nom":"Bizots","app":8.07,"app_bas":6.31,"app_haut":10.3,"app_ech":"maille","app_obs":0,"mai":7.21,"mai_bas":5.88,"mai_haut":8.85,"mai_ech":"maille","mai_obs":1},"geometry":{"type":"Polygon","coordinates":[[[4.3706,46.776],[4.3787,46.7726],[4.3972,46.7719],[4.4046,46.7669],[4.418,46.7498],[4.432,46.745],[4.4215,46.7379],[4.4212,46.7308],[4.3858,46.7362],[4.3645,46.7359],[4.3494,46.7335],[4.3414,46.7493],[4.3472,46.759],[4.3563,46.7615],[4.3591,46.772],[4.3706,46.776]]]}},{"type":"Feature","properties":{"code":"71057","nom":"Bray","app":10.68,"app_bas":8.23,"app_haut":13.86,"app_ech":"maille","app_obs":0,"mai":9.79,"mai_bas":7.33,"mai_haut":13.08,"mai_ech":"maille","mai_obs":3},"geometry":{"type":"Polygon","coordinates":[[[4.713,46.5208],[4.7244,46.5143],[4.7306,46.5071],[4.7258,46.4854],[4.717,46.4901],[4.6951,46.4922],[4.6856,46.4917],[4.6813,46.497],[4.6839,46.5114],[4.692,46.5159],[4.6891,46.5213],[4.6969,46.5172],[4.7053,46.5166],[4.713,46.5208]]]}},{"type":"Feature","properties":{"code":"71070","nom":"Buxy","app":9.39,"app_bas":7.22,"app_haut":12.21,"app_ech":"commune","app_obs":342,"mai":8.09,"mai_bas":6.32,"mai_haut":10.36,"mai_ech":"commune","mai_obs":153},"geometry":{"type":"Polygon","coordinates":[[[4.6644,46.719],[4.675,46.7239],[4.6852,46.7194],[4.6941,46.7256],[4.7048,46.7261],[4.7243,46.7183],[4.7418,46.7219],[4.7653,46.7144],[4.7505,46.7098],[4.7432,46.704],[4.7224,46.705],[4.704,46.7001],[4.6907,46.7009],[4.6866,46.7079],[4.6655,46.7151],[4.6644,46.719]]]}},{"type":"Feature","properties":{"code":"71155","nom":"Cronat","app":7.93,"app_bas":6.07,"app_haut":10.36,"app_ech":"maille","app_obs":15,"mai":6.93,"mai_bas":5.38,"mai_haut":8.93,"mai_ech":"maille","mai_obs":12},"geometry":{"type":"Polygon","coordinates":[[[3.6294,46.7495],[3.6389,46.7414],[3.6478,46.7426],[3.6621,46.7381],[3.6861,46.7413],[3.704,46.7468],[3.7362,46.7525],[3.7509,46.7457],[3.7837,46.736],[3.7846,46.7249],[3.7886,46.7212],[3.7947,46.7072],[3.7947,46.702],[3.7882,46.6986],[3.775,46.6973],[3.775,46.6997],[3.7564,46.7053],[3.7394,46.7006],[3.74,46.6927],[3.7266,46.6902],[3.7074,46.6925],[3.6849,46.7],[3.6792,46.6987],[3.6555,46.6877],[3.6514,46.7028],[3.6376,46.7075],[3.6381,46.7227],[3.6353,46.7285],[3.6226,46.7401],[3.6294,46.7495]]]}},{"type":"Feature","properties":{"code":"71257","nom":"Lessard-le-National","app":10.38,"app_bas":8.25,"app_haut":13.06,"app_ech":"maille","app_obs":1,"mai":10.06,"mai_bas":7.66,"mai_haut":13.21,"mai_ech":"maille","mai_obs":1},"geometry":{"type":"Polygon","coordinates":[[[4.8251,46.8647],[4.82,46.8746],[4.8218,46.8826],[4.8398,46.8828],[4.8532,46.8807],[4.8511,46.89],[4.8708,46.8993],[4.8745,46.8869],[4.8666,46.8805],[4.8581,46.8776],[4.8588,46.8636],[4.8507,46.8508],[4.8314,46.8531],[4.8251,46.8647]]]}},{"type":"Feature","properties":{"code":"71326","nom":"Mouthier-en-Bresse","app":9.31,"app_bas":7.58,"app_haut":11.42,"app_ech":"maille","app_obs":6,"mai":8.92,"mai_bas":6.98,"mai_haut":11.39,"mai_ech":"maille","mai_obs":7},"geometry":{"type":"Polygon","coordinates":[[[5.3821,46.8278],[5.3838,46.8336],[5.377,46.8363],[5.3724,46.843],[5.3805,46.8502],[5.3696,46.8635],[5.3591,46.8623],[5.3481,46.8693],[5.3425,46.8638],[5.3262,46.8644],[5.315,46.8701],[5.3355,46.8847],[5.3393,46.8897],[5.352,46.8923],[5.3634,46.8833],[5.3778,46.89],[5.3916,46.8941],[5.4038,46.8895],[5.3998,46.8813],[5.4043,46.8776],[5.4018,46.8683],[5.4147,46.8624],[5.4252,46.8599],[5.4313,46.8498],[5.4199,46.8433],[5.4217,46.8308],[5.4102,46.8326],[5.3888,46.8267],[5.3821,46.8278]]]}},{"type":"Feature","properties":{"code":"71565","nom":"Vendenesse-sur-Arroux","app":8.27,"app_bas":6.53,"app_haut":10.48,"app_ech":"maille","app_obs":14,"mai":7.32,"mai_bas":5.59,"mai_haut":9.58,"mai_ech":"maille","mai_obs":11},"geometry":{"type":"Polygon","coordinates":[[[4.103,46.6535],[4.1155,46.6462],[4.1124,46.6305],[4.0996,46.6326],[4.0896,46.6315],[4.0892,46.6224],[4.0727,46.616],[4.0615,46.6149],[4.0519,46.6193],[4.0317,46.6156],[4.0117,46.6325],[4.0154,46.6385],[4.0361,46.63],[4.0466,46.6419],[4.0533,46.6403],[4.0862,46.6442],[4.103,46.6535]]]}},{"type":"Feature","properties":{"code":"71589","nom":"Vitry-sur-Loire","app":8.65,"app_bas":6.9,"app_haut":10.85,"app_ech":"maille","app_obs":4,"mai":6.93,"mai_bas":5.38,"mai_haut":8.93,"mai_ech":"maille","mai_obs":15},"geometry":{"type":"Polygon","coordinates":[[[3.6555,46.6877],[3.6792,46.6987],[3.6849,46.7],[3.7074,46.6925],[3.7266,46.6902],[3.74,46.6927],[3.7394,46.7006],[3.7564,46.7053],[3.775,46.6997],[3.775,46.6973],[3.7651,46.6954],[3.7666,46.6867],[3.7574,46.6863],[3.7603,46.669],[3.753,46.6678],[3.7379,46.6587],[3.7246,46.6586],[3.6994,46.6549],[3.697,46.6606],[3.6801,46.6685],[3.6555,46.6877]]]}},{"type":"Feature","properties":{"code":"71066","nom":"Burgy","app":10.68,"app_bas":8.23,"app_haut":13.86,"app_ech":"maille","app_obs":1,"mai":9.7,"mai_bas":7.39,"mai_haut":12.73,"mai_ech":"maille","mai_obs":1},"geometry":{"type":"Polygon","coordinates":[[[4.8435,46.4752],[4.8395,46.4617],[4.8268,46.453],[4.8174,46.4567],[4.826,46.4714],[4.8349,46.4754],[4.8435,46.4752]]]}},{"type":"Feature","properties":{"code":"71173","nom":"Devrouze","app":9.12,"app_bas":7.19,"app_haut":11.57,"app_ech":"maille","app_obs":0,"mai":8.14,"mai_bas":6.47,"mai_haut":10.25,"mai_ech":"maille","mai_obs":4},"geometry":{"type":"Polygon","coordinates":[[[5.1549,46.7882],[5.1687,46.7782],[5.1839,46.7776],[5.1877,46.7736],[5.1858,46.7646],[5.1982,46.7512],[5.1955,46.7411],[5.1772,46.7462],[5.1668,46.7399],[5.1619,46.7405],[5.1391,46.7542],[5.1353,46.7587],[5.147,46.7639],[5.1483,46.771],[5.1431,46.7814],[5.1549,46.7882]]]}},{"type":"Feature","properties":{"code":"71573","nom":"Versaugues","app":8.42,"app_bas":6.17,"app_haut":11.49,"app_ech":"maille","app_obs":0,"mai":8.19,"mai_bas":6.44,"mai_haut":10.43,"mai_ech":"maille","mai_obs":5},"geometry":{"type":"Polygon","coordinates":[[[4.0964,46.3544],[4.0808,46.3551],[4.0669,46.3525],[4.0493,46.3553],[4.0469,46.3656],[4.0498,46.3761],[4.0442,46.3834],[4.0738,46.3829],[4.0848,46.378],[4.0877,46.372],[4.1012,46.3627],[4.0964,46.3544]]]}},{"type":"Feature","properties":{"code":"71117","nom":"Châtenoy-en-Bresse","app":10.38,"app_bas":8.25,"app_haut":13.06,"app_ech":"maille","app_obs":15,"mai":10.06,"mai_bas":7.66,"mai_haut":13.21,"mai_ech":"maille","mai_obs":49},"geometry":{"type":"Polygon","coordinates":[[[4.8812,46.7975],[4.8882,46.8025],[4.9077,46.7968],[4.915,46.7997],[4.9215,46.8073],[4.9321,46.7968],[4.9497,46.7887],[4.9482,46.7857],[4.9364,46.785],[4.9167,46.7882],[4.8952,46.7873],[4.882,46.7918],[4.8812,46.7975]]]}},{"type":"Feature","properties":{"code":"71223","nom":"Grande-Verrière","app":8.27,"app_bas":6.53,"app_haut":10.48,"app_ech":"maille","app_obs":4,"mai":7.21,"mai_bas":5.88,"mai_haut":8.85,"mai_ech":"maille","mai_obs":1},"geometry":{"type":"Polygon","coordinates":[[[4.1324,47.0049],[4.1392,46.9993],[4.1522,46.9949],[4.159,46.9959],[4.1705,46.9933],[4.1845,46.986],[4.1908,46.9785],[4.1827,46.9715],[4.1852,46.9688],[4.1842,46.954],[4.1955,46.9486],[4.1932,46.9414],[4.1768,46.9398],[4.1497,46.9317],[4.1431,46.9321],[4.1033,46.9464],[4.0988,46.9714],[4.0922,46.9844],[4.0987,46.9913],[4.089,46.9985],[4.095,47.0018],[4.1169,47.0079],[4.1324,47.0049]]]}},{"type":"Feature","properties":{"code":"71389","nom":"Saint-Aubin-sur-Loire","app":6.86,"app_bas":5.25,"app_haut":8.96,"app_ech":"maille","app_obs":2,"mai":6.91,"mai_bas":5.42,"mai_haut":8.83,"mai_ech":"maille","mai_obs":14},"geometry":{"type":"Polygon","coordinates":[[[3.741,46.5602],[3.7433,46.5676],[3.7404,46.5759],[3.739,46.5839],[3.7646,46.5832],[3.7726,46.5814],[3.7947,46.5693],[3.7923,46.5637],[3.7649,46.5527],[3.7579,46.5517],[3.7343,46.5544],[3.741,46.5602]]]}},{"type":"Feature","properties":{"code":"71412","nom":"Saint-Eusèbe","app":10,"app_bas":8.12,"app_haut":12.31,"app_ech":"maille","app_obs":13,"mai":7.24,"mai_bas":5.86,"mai_haut":8.95,"mai_ech":"maille","mai_obs":20},"geometry":{"type":"Polygon","coordinates":[[[4.4786,46.7349],[4.4933,46.7229],[4.5044,46.7201],[4.5004,46.7084],[4.4649,46.7032],[4.4561,46.7041],[4.4447,46.7018],[4.4412,46.707],[4.4245,46.708],[4.4076,46.7126],[4.4212,46.7308],[4.4215,46.7379],[4.432,46.745],[4.4445,46.7442],[4.4523,46.7465],[4.4623,46.7276],[4.472,46.7301],[4.4786,46.7349]]]}},{"type":"Feature","properties":{"code":"71331","nom":"Nochize","app":8.42,"app_bas":6.17,"app_haut":11.49,"app_ech":"maille","app_obs":0,"mai":8.19,"mai_bas":6.44,"mai_haut":10.43,"mai_ech":"maille","mai_obs":3},"geometry":{"type":"Polygon","coordinates":[[[4.1374,46.4218],[4.1358,46.4238],[4.1467,46.4256],[4.173,46.4219],[4.179,46.4015],[4.1916,46.39],[4.1936,46.3841],[4.1803,46.3765],[4.1749,46.3781],[4.1612,46.3949],[4.1453,46.4033],[4.1434,46.4118],[4.1374,46.4218]]]}},{"type":"Feature","properties":{"code":"71544","nom":"Toutenant","app":7.94,"app_bas":6.06,"app_haut":10.4,"app_ech":"maille","app_obs":2,"mai":8.92,"mai_bas":6.98,"mai_haut":11.39,"mai_ech":"maille","mai_obs":14},"geometry":{"type":"Polygon","coordinates":[[[5.1143,46.8854],[5.138,46.8843],[5.1438,46.8783],[5.1532,46.8777],[5.1525,46.8708],[5.1413,46.8566],[5.1067,46.8605],[5.0846,46.8609],[5.0743,46.864],[5.0781,46.8725],[5.0857,46.881],[5.1124,46.8819],[5.1143,46.8854]]]}},{"type":"Feature","properties":{"code":"71576","nom":"Villars","app":9.04,"app_bas":7.04,"app_haut":11.59,"app_ech":"maille","app_obs":2,"mai":8.54,"mai_bas":6.52,"mai_haut":11.2,"mai_ech":"maille","mai_obs":24},"geometry":{"type":"Polygon","coordinates":[[[4.9336,46.5124],[4.9332,46.5179],[4.9234,46.5204],[4.9138,46.5171],[4.9028,46.5198],[4.9124,46.54],[4.9233,46.5479],[4.9388,46.523],[4.9356,46.5142],[4.9336,46.5124]]]}},{"type":"Feature","properties":{"code":"71224","nom":"Grandvaux","app":7.47,"app_bas":5.93,"app_haut":9.41,"app_ech":"maille","app_obs":2,"mai":7.32,"mai_bas":5.59,"mai_haut":9.58,"mai_ech":"maille","mai_obs":2},"geometry":{"type":"Polygon","coordinates":[[[4.2482,46.4862],[4.2438,46.4904],[4.2426,46.5046],[4.252,46.5088],[4.2534,46.514],[4.2724,46.5194],[4.2893,46.5134],[4.2987,46.5138],[4.2924,46.5068],[4.279,46.5067],[4.2737,46.5016],[4.2572,46.5044],[4.2559,46.4934],[4.2482,46.4862]]]}},{"type":"Feature","properties":{"code":"71488","nom":"Saint-Vincent-des-Prés","app":9.1,"app_bas":6.94,"app_haut":11.93,"app_ech":"maille","app_obs":0,"mai":7.32,"mai_bas":5.59,"mai_haut":9.58,"mai_ech":"maille","mai_obs":2},"geometry":{"type":"Polygon","coordinates":[[[4.5447,46.4615],[4.5355,46.4642],[4.5405,46.484],[4.5616,46.4888],[4.5682,46.4873],[4.572,46.4829],[4.5772,46.4724],[4.576,46.467],[4.5596,46.4683],[4.5447,46.4615]]]}},{"type":"Feature","properties":{"code":"71526","nom":"Solutré-Pouilly","app":9.82,"app_bas":7.96,"app_haut":12.12,"app_ech":"maille","app_obs":43,"mai":9.94,"mai_bas":7.93,"mai_haut":12.47,"mai_ech":"maille","mai_obs":14},"geometry":{"type":"Polygon","coordinates":[[[4.7604,46.2956],[4.757,46.2929],[4.7488,46.2895],[4.729,46.2857],[4.7075,46.2847],[4.6939,46.2945],[4.7121,46.2991],[4.7256,46.3065],[4.7487,46.2944],[4.7604,46.2956]]]}},{"type":"Feature","properties":{"code":"71275","nom":"Marcigny","app":7.91,"app_bas":6.24,"app_haut":10.02,"app_ech":"commune","app_obs":235,"mai":8.19,"mai_bas":6.44,"mai_haut":10.43,"mai_ech":"maille","mai_obs":44},"geometry":{"type":"Polygon","coordinates":[[[4.022,46.2583],[4.0206,46.2675],[4.0144,46.282],[4.0171,46.2869],[4.0279,46.2899],[4.0331,46.2851],[4.0462,46.2825],[4.0668,46.289],[4.0719,46.2829],[4.057,46.2755],[4.059,46.2673],[4.0524,46.2638],[4.0423,46.2627],[4.0316,46.2668],[4.022,46.2583]]]}},{"type":"Feature","properties":{"code":"71504","nom":"Saunières","app":7.94,"app_bas":6.06,"app_haut":10.4,"app_ech":"maille","app_obs":0,"mai":9.14,"mai_bas":7.3,"mai_haut":11.44,"mai_ech":"maille","mai_obs":0},"geometry":{"type":"Polygon","coordinates":[[[5.0534,46.9214],[5.0701,46.9274],[5.085,46.9248],[5.094,46.9213],[5.0889,46.9143],[5.0848,46.9057],[5.0684,46.8927],[5.0603,46.8927],[5.0596,46.9055],[5.0546,46.9087],[5.0534,46.9214]]]}},{"type":"Feature","properties":{"code":"71109","nom":"Chassey-le-Camp","app":9.93,"app_bas":7.87,"app_haut":12.55,"app_ech":"maille","app_obs":7,"mai":8.69,"mai_bas":6.39,"mai_haut":11.8,"mai_ech":"maille","mai_obs":4},"geometry":{"type":"Polygon","coordinates":[[[4.6987,46.8645],[4.6928,46.8736],[4.6832,46.8802],[4.692,46.8906],[4.6852,46.901],[4.7132,46.9064],[4.7226,46.9004],[4.7133,46.8875],[4.7185,46.8764],[4.7101,46.8684],[4.6987,46.8645]]]}},{"type":"Feature","properties":{"code":"71134","nom":"Clermain","app":7.47,"app_bas":5.93,"app_haut":9.41,"app_ech":"maille","app_obs":19,"mai":9.04,"mai_bas":6.81,"mai_haut":11.99,"mai_ech":"maille","mai_obs":26},"geometry":{"type":"Polygon","coordinates":[[[4.5963,46.3512],[4.5877,46.3533],[4.5725,46.3611],[4.5758,46.3666],[4.5727,46.3753],[4.5728,46.3796],[4.5761,46.3819],[4.5964,46.3736],[4.6054,46.3745],[4.6128,46.369],[4.6057,46.3583],[4.5963,46.3512]]]}},{"type":"Feature","properties":{"code":"71422","nom":"Saint-Germain-lès-Buxy","app":9.32,"app_bas":7.69,"app_haut":11.28,"app_ech":"maille","app_obs":0,"mai":7.86,"mai_bas":6.15,"mai_haut":10.04,"mai_ech":"maille","mai_obs":8},"geometry":{"type":"Polygon","coordinates":[[[4.7432,46.704],[4.7505,46.7098],[4.7653,46.7144],[4.7735,46.714],[4.7881,46.6995],[4.8013,46.704],[4.8139,46.6982],[4.8112,46.6945],[4.7925,46.6837],[4.7888,46.6799],[4.7783,46.6777],[4.7706,46.6842],[4.7497,46.6859],[4.7373,46.6921],[4.7432,46.704]]]}},{"type":"Feature","properties":{"code":"71313","nom":"Monthelon","app":8.27,"app_bas":6.53,"app_haut":10.48,"app_ech":"maille","app_obs":4,"mai":7.21,"mai_bas":5.88,"mai_haut":8.85,"mai_ech":"maille","mai_obs":4},"geometry":{"type":"Polygon","coordinates":[[[4.218,46.933],[4.2089,46.9349],[4.1994,46.9419],[4.1955,46.9486],[4.1842,46.954],[4.1852,46.9688],[4.1827,46.9715],[4.1908,46.9785],[4.2053,46.9819],[4.2073,46.9899],[4.2198,46.9857],[4.2325,46.9747],[4.2361,46.9768],[4.2522,46.9764],[4.2551,46.9728],[4.2538,46.9591],[4.2628,46.9518],[4.2569,46.9426],[4.252,46.9401],[4.2461,46.9404],[4.2287,46.9324],[4.218,46.933]]]}},{"type":"Feature","properties":{"code":"71496","nom":"Sampigny-lès-Maranges","app":9.93,"app_bas":7.87,"app_haut":12.55,"app_ech":"maille","app_obs":4,"mai":8.69,"mai_bas":6.39,"mai_haut":11.8,"mai_ech":"maille","mai_obs":11},"geometry":{"type":"Polygon","coordinates":[[[4.6467,46.9073],[4.6671,46.9088],[4.6624,46.8948],[4.6459,46.8956],[4.6368,46.9011],[4.6467,46.9073]]]}},{"type":"Feature","properties":{"code":"71073","nom":"Chagny","app":11.05,"app_bas":8.89,"app_haut":13.74,"app_ech":"commune","app_obs":838,"mai":11.2,"mai_bas":8.83,"mai_haut":14.21,"mai_ech":"maille","mai_obs":99},"geometry":{"type":"Polygon","coordinates":[[[4.82,46.8746],[4.8146,46.8769],[4.8155,46.8793],[4.789,46.8846],[4.7664,46.8844],[4.7388,46.8902],[4.7424,46.901],[4.7339,46.905],[4.7281,46.9194],[4.7443,46.9244],[4.7557,46.9171],[4.7709,46.9178],[4.772,46.9067],[4.7791,46.901],[4.793,46.9013],[4.8042,46.906],[4.8158,46.907],[4.8212,46.8956],[4.818,46.8887],[4.8218,46.8826],[4.82,46.8746]]]}},{"type":"Feature","properties":{"code":"71079","nom":"Champagnat","app":9.53,"app_bas":7.45,"app_haut":12.2,"app_ech":"maille","app_obs":0,"mai":7.09,"mai_bas":5.42,"mai_haut":9.27,"mai_ech":"maille","mai_obs":8},"geometry":{"type":"Polygon","coordinates":[[[5.3763,46.4631],[5.3675,46.4673],[5.3631,46.4741],[5.3649,46.4806],[5.3594,46.4866],[5.3321,46.4893],[5.3181,46.4852],[5.3164,46.5027],[5.3218,46.5037],[5.3448,46.4966],[5.3605,46.4956],[5.373,46.4922],[5.3822,46.4855],[5.3998,46.4856],[5.4197,46.4813],[5.42,46.4802],[5.4157,46.4731],[5.3981,46.4666],[5.3885,46.4686],[5.3763,46.4631]]]}},{"type":"Feature","properties":{"code":"71177","nom":"Dommartin-lès-Cuiseaux","app":9.37,"app_bas":7.22,"app_haut":12.16,"app_ech":"maille","app_obs":30,"mai":7.09,"mai_bas":5.42,"mai_haut":9.27,"mai_ech":"maille","mai_obs":21},"geometry":{"type":"Polygon","coordinates":[[[5.2779,46.5263],[5.2809,46.5282],[5.2973,46.5279],[5.301,46.5217],[5.3034,46.5141],[5.3109,46.5054],[5.3164,46.5027],[5.3181,46.4852],[5.3156,46.4753],[5.3101,46.4733],[5.3009,46.4766],[5.2848,46.4758],[5.2789,46.4856],[5.2724,46.4899],[5.2579,46.4887],[5.2577,46.5045],[5.2603,46.5105],[5.2763,46.5215],[5.2779,46.5263]]]}},{"type":"Feature","properties":{"code":"71307","nom":"Montceaux-l'Étoile","app":8.42,"app_bas":6.17,"app_haut":11.49,"app_ech":"maille","app_obs":0,"mai":7.32,"mai_bas":5.59,"mai_haut":9.58,"mai_ech":"maille","mai_obs":7},"geometry":{"type":"Polygon","coordinates":[[[4.0407,46.3842],[4.0442,46.3834],[4.0498,46.3761],[4.0469,46.3656],[4.0493,46.3553],[4.0669,46.3525],[4.0808,46.3551],[4.0964,46.3544],[4.0963,46.352],[4.0808,46.3507],[4.0686,46.3461],[4.059,46.3496],[4.0518,46.3488],[4.0521,46.3388],[4.0467,46.3316],[4.0366,46.335],[4.0291,46.341],[4.0282,46.3479],[4.0306,46.3612],[4.0265,46.375],[4.0382,46.3803],[4.0407,46.3842]]]}},{"type":"Feature","properties":{"code":"71310","nom":"Montchanin","app":9.98,"app_bas":8.11,"app_haut":12.27,"app_ech":"commune","app_obs":351,"mai":8.09,"mai_bas":6.56,"mai_haut":9.99,"mai_ech":"commune","mai_obs":107},"geometry":{"type":"Polygon","coordinates":[[[4.4786,46.7349],[4.472,46.7301],[4.4623,46.7276],[4.4523,46.7465],[4.4702,46.7609],[4.4959,46.7618],[4.4927,46.7565],[4.4951,46.7445],[4.4786,46.7349]]]}},{"type":"Feature","properties":{"code":"71075","nom":"Chalmoux","app":6.86,"app_bas":5.25,"app_haut":8.96,"app_ech":"maille","app_obs":17,"mai":6.91,"mai_bas":5.42,"mai_haut":8.83,"mai_ech":"maille","mai_obs":25},"geometry":{"type":"Polygon","coordinates":[[[3.8364,46.5577],[3.8294,46.5635],[3.8336,46.5715],[3.8278,46.5727],[3.8094,46.5711],[3.8081,46.5793],[3.8005,46.59],[3.8006,46.5942],[3.8099,46.6021],[3.8215,46.6061],[3.8428,46.6211],[3.8649,46.6309],[3.8906,46.6281],[3.891,46.6189],[3.888,46.6064],[3.8932,46.6027],[3.8916,46.591],[3.8788,46.5734],[3.8724,46.5664],[3.8533,46.5552],[3.8474,46.5542],[3.8364,46.5577]]]}},{"type":"Feature","properties":{"code":"71086","nom":"Changy","app":7.47,"app_bas":5.93,"app_haut":9.41,"app_ech":"maille","app_obs":2,"mai":8.19,"mai_bas":6.44,"mai_haut":10.43,"mai_ech":"maille","mai_obs":4},"geometry":{"type":"Polygon","coordinates":[[[4.2342,46.4406],[4.2379,46.446],[4.248,46.439],[4.2575,46.4267],[4.2762,46.424],[4.2796,46.4212],[4.2836,46.4153],[4.2826,46.392],[4.2659,46.3868],[4.2574,46.3913],[4.2434,46.3872],[4.2328,46.3945],[4.2348,46.3968],[4.221,46.4139],[4.219,46.4211],[4.2212,46.4272],[4.2305,46.4311],[4.2342,46.4406]]]}},{"type":"Feature","properties":{"code":"71089","nom":"Chapelle-de-Bragny","app":11.77,"app_bas":9.36,"app_haut":14.8,"app_ech":"maille","app_obs":3,"mai":8.17,"mai_bas":6.43,"mai_haut":10.37,"mai_ech":"maille","mai_obs":8},"geometry":{"type":"Polygon","coordinates":[[[4.7103,46.6067],[4.7087,46.6097],[4.7093,46.6122],[4.7243,46.6159],[4.734,46.6245],[4.7513,46.6308],[4.7564,46.636],[4.7796,46.6459],[4.7788,46.6388],[4.7961,46.6329],[4.7879,46.6212],[4.7789,46.6163],[4.7748,46.612],[4.7753,46.6033],[4.7724,46.598],[4.7614,46.5946],[4.7577,46.5947],[4.7455,46.6067],[4.7332,46.6118],[4.7103,46.6067]]]}},{"type":"Feature","properties":{"code":"71143","nom":"Condal","app":9.37,"app_bas":7.22,"app_haut":12.16,"app_ech":"maille","app_obs":4,"mai":8.14,"mai_bas":6.32,"mai_haut":10.49,"mai_ech":"maille","mai_obs":6},"geometry":{"type":"Polygon","coordinates":[[[5.3231,46.4565],[5.3116,46.4509],[5.3106,46.4468],[5.2737,46.4486],[5.2546,46.4541],[5.248,46.4594],[5.2571,46.4775],[5.2579,46.4887],[5.2724,46.4899],[5.2789,46.4856],[5.2848,46.4758],[5.3009,46.4766],[5.305,46.4689],[5.3173,46.463],[5.3233,46.4625],[5.3231,46.4565]]]}},{"type":"Feature","properties":{"code":"71208","nom":"Frontenard","app":9.12,"app_bas":7.19,"app_haut":11.57,"app_ech":"maille","app_obs":2,"mai":8.92,"mai_bas":6.98,"mai_haut":11.39,"mai_ech":"maille","mai_obs":3},"geometry":{"type":"Polygon","coordinates":[[[5.1679,46.9255],[5.1684,46.9185],[5.186,46.9117],[5.1857,46.9052],[5.1809,46.8975],[5.1811,46.8882],[5.1685,46.8804],[5.1685,46.8761],[5.1438,46.8783],[5.138,46.8843],[5.1481,46.8957],[5.1503,46.9066],[5.1485,46.9124],[5.1558,46.9226],[5.1679,46.9255]]]}},{"type":"Feature","properties":{"code":"71324","nom":"Moroges","app":9.32,"app_bas":7.69,"app_haut":11.28,"app_ech":"maille","app_obs":13,"mai":8.51,"mai_bas":6.82,"mai_haut":10.63,"mai_ech":"maille","mai_obs":32},"geometry":{"type":"Polygon","coordinates":[[[4.6477,46.7421],[4.6624,46.7648],[4.6798,46.7652],[4.6934,46.7636],[4.6968,46.7472],[4.6931,46.7407],[4.6639,46.7376],[4.6477,46.7421]]]}},{"type":"Feature","properties":{"code":"71373","nom":"Romenay","app":8.29,"app_bas":6.69,"app_haut":10.26,"app_ech":"commune","app_obs":109,"mai":8.14,"mai_bas":6.47,"mai_haut":10.25,"mai_ech":"maille","mai_obs":55},"geometry":{"type":"Polygon","coordinates":[[[5.134,46.5014],[5.1316,46.5023],[5.1152,46.4941],[5.1074,46.4919],[5.0989,46.4972],[5.0714,46.4858],[5.0548,46.4843],[5.0142,46.5005],[5.0106,46.5111],[5.0197,46.5173],[5.0215,46.5322],[5.0344,46.5287],[5.0716,46.5463],[5.098,46.5355],[5.1186,46.5368],[5.1268,46.5304],[5.1451,46.5279],[5.1658,46.5177],[5.1664,46.5056],[5.142,46.5084],[5.1347,46.5069],[5.134,46.5014]]]}},{"type":"Feature","properties":{"code":"71461","nom":"Saint-Maurice-des-Champs","app":10,"app_bas":8.12,"app_haut":12.31,"app_ech":"maille","app_obs":0,"mai":7.24,"mai_bas":5.86,"mai_haut":8.95,"mai_ech":"maille","mai_obs":3},"geometry":{"type":"Polygon","coordinates":[[[4.6172,46.6086],[4.607,46.6309],[4.6191,46.6347],[4.6361,46.6367],[4.643,46.6303],[4.6425,46.6229],[4.637,46.6159],[4.6172,46.6086]]]}},{"type":"Feature","properties":{"code":"71464","nom":"Saint-Maurice-lès-Couches","app":8.07,"app_bas":6.31,"app_haut":10.3,"app_ech":"maille","app_obs":3,"mai":8.51,"mai_bas":6.82,"mai_haut":10.63,"mai_ech":"maille","mai_obs":0},"geometry":{"type":"Polygon","coordinates":[[[4.5802,46.8781],[4.5911,46.8911],[4.6084,46.8858],[4.6165,46.8812],[4.6218,46.8737],[4.6141,46.8658],[4.6054,46.8658],[4.5993,46.8704],[4.5802,46.8781]]]}},{"type":"Feature","properties":{"code":"71469","nom":"Saint-Pierre-le-Vieux","app":7.47,"app_bas":5.93,"app_haut":9.41,"app_ech":"maille","app_obs":8,"mai":9.04,"mai_bas":6.81,"mai_haut":11.99,"mai_ech":"maille","mai_obs":11},"geometry":{"type":"Polygon","coordinates":[[[4.5306,46.3102],[4.5501,46.3059],[4.5578,46.2946],[4.5481,46.2829],[4.5464,46.2739],[4.5373,46.2699],[4.5167,46.2693],[4.504,46.2671],[4.4924,46.2804],[4.4885,46.288],[4.5274,46.3046],[4.5306,46.3102]]]}},{"type":"Feature","properties":{"code":"71538","nom":"Thurey","app":7.94,"app_bas":6.06,"app_haut":10.4,"app_ech":"maille","app_obs":8,"mai":9.12,"mai_bas":7.45,"mai_haut":11.15,"mai_ech":"maille","mai_obs":17},"geometry":{"type":"Polygon","coordinates":[[[5.1527,46.7212],[5.1494,46.7191],[5.1286,46.7233],[5.1104,46.7225],[5.1048,46.7337],[5.11,46.7441],[5.1079,46.7487],[5.0819,46.7557],[5.0773,46.7624],[5.0845,46.768],[5.1353,46.7587],[5.1391,46.7542],[5.1619,46.7405],[5.1583,46.7328],[5.1681,46.7303],[5.1635,46.7247],[5.1527,46.7212]]]}},{"type":"Feature","properties":{"code":"71028","nom":"Beauvernois","app":9.12,"app_bas":7.19,"app_haut":11.57,"app_ech":"maille","app_obs":2,"mai":8.94,"mai_bas":7.2,"mai_haut":11.08,"mai_ech":"maille","mai_obs":7},"geometry":{"type":"Polygon","coordinates":[[[5.4252,46.8599],[5.4312,46.8606],[5.4445,46.8516],[5.4462,46.8579],[5.4333,46.8609],[5.4468,46.8603],[5.4593,46.8552],[5.4623,46.8387],[5.4568,46.831],[5.463,46.8285],[5.45,46.8271],[5.4166,46.8268],[5.4102,46.8326],[5.4217,46.8308],[5.4199,46.8433],[5.4313,46.8498],[5.4252,46.8599]]]}},{"type":"Feature","properties":{"code":"71122","nom":"Cheilly-lès-Maranges","app":9.93,"app_bas":7.87,"app_haut":12.55,"app_ech":"maille","app_obs":11,"mai":8.69,"mai_bas":6.39,"mai_haut":11.8,"mai_ech":"maille","mai_obs":19},"geometry":{"type":"Polygon","coordinates":[[[4.64,46.8809],[4.6357,46.889],[4.6459,46.8956],[4.6624,46.8948],[4.6671,46.9088],[4.6662,46.9123],[4.6852,46.901],[4.692,46.8906],[4.6832,46.8802],[4.6726,46.8851],[4.6553,46.8863],[4.6464,46.8809],[4.64,46.8809]]]}},{"type":"Feature","properties":{"code":"71397","nom":"Sainte-Cécile","app":9.82,"app_bas":7.96,"app_haut":12.12,"app_ech":"maille","app_obs":16,"mai":9.79,"mai_bas":7.33,"mai_haut":13.08,"mai_ech":"maille","mai_obs":3},"geometry":{"type":"Polygon","coordinates":[[[4.6054,46.3745],[4.6113,46.3853],[4.622,46.3917],[4.6505,46.4],[4.6534,46.3991],[4.6579,46.3899],[4.6593,46.3783],[4.648,46.378],[4.6356,46.3833],[4.6165,46.3759],[4.6128,46.369],[4.6054,46.3745]]]}},{"type":"Feature","properties":{"code":"71300","nom":"Miroir","app":9.37,"app_bas":7.22,"app_haut":12.16,"app_ech":"maille","app_obs":4,"mai":8.14,"mai_bas":6.32,"mai_haut":10.49,"mai_ech":"maille","mai_obs":21},"geometry":{"type":"Polygon","coordinates":[[[5.3601,46.5242],[5.3595,46.5236],[5.3455,46.5245],[5.3365,46.5205],[5.3153,46.5187],[5.301,46.5217],[5.2973,46.5279],[5.3029,46.5289],[5.3136,46.5434],[5.3327,46.5523],[5.3328,46.5644],[5.3435,46.5715],[5.3621,46.5773],[5.3679,46.5669],[5.3603,46.5627],[5.3626,46.5516],[5.3601,46.5242]]]}},{"type":"Feature","properties":{"code":"71306","nom":"Montceau-les-Mines","app":9.72,"app_bas":7.5,"app_haut":12.6,"app_ech":"commune","app_obs":2782,"mai":8.24,"mai_bas":6.72,"mai_haut":10.11,"mai_ech":"commune","mai_obs":531},"geometry":{"type":"Polygon","coordinates":[[[4.3272,46.6578],[4.3308,46.6619],[4.3248,46.6662],[4.3332,46.6704],[4.3202,46.6811],[4.3259,46.6855],[4.3392,46.6903],[4.3475,46.6982],[4.3531,46.6966],[4.3672,46.6985],[4.383,46.6832],[4.389,46.6816],[4.3852,46.671],[4.3644,46.6585],[4.3608,46.6537],[4.352,46.6525],[4.3272,46.6578]]]}},{"type":"Feature","properties":{"code":"71482","nom":"Saint-Symphorien-de-Marmagne","app":8.07,"app_bas":6.31,"app_haut":10.3,"app_ech":"maille","app_obs":9,"mai":7.21,"mai_bas":5.88,"mai_haut":8.85,"mai_ech":"maille","mai_obs":18},"geometry":{"type":"Polygon","coordinates":[[[4.2885,46.8638],[4.3057,46.8626],[4.3152,46.8594],[4.3477,46.8644],[4.3545,46.8625],[4.3531,46.8484],[4.3394,46.831],[4.3525,46.8139],[4.3579,46.8007],[4.3455,46.791],[4.3403,46.7902],[4.3148,46.7924],[4.3079,46.7996],[4.2923,46.801],[4.2813,46.8234],[4.2837,46.8407],[4.2801,46.8478],[4.2844,46.8595],[4.2885,46.8638]]]}},{"type":"Feature","properties":{"code":"71152","nom":"Cressy-sur-Somme","app":7.93,"app_bas":6.07,"app_haut":10.36,"app_ech":"maille","app_obs":4,"mai":7.88,"mai_bas":6.01,"mai_haut":10.34,"mai_ech":"maille","mai_obs":5},"geometry":{"type":"Polygon","coordinates":[[[3.8892,46.7282],[3.897,46.7217],[3.9,46.7122],[3.9114,46.7016],[3.8781,46.6784],[3.8721,46.6757],[3.8652,46.6676],[3.8542,46.6693],[3.8543,46.6748],[3.8366,46.6805],[3.8302,46.6853],[3.8264,46.6955],[3.8266,46.7038],[3.8379,46.7121],[3.8447,46.7209],[3.8535,46.7249],[3.8697,46.7264],[3.8764,46.7323],[3.8892,46.7282]]]}},{"type":"Feature","properties":{"code":"71295","nom":"Mervans","app":9.12,"app_bas":7.19,"app_haut":11.57,"app_ech":"maille","app_obs":80,"mai":8.14,"mai_bas":6.32,"mai_haut":10.49,"mai_ech":"maille","mai_obs":45},"geometry":{"type":"Polygon","coordinates":[[[5.1382,46.7973],[5.1308,46.8013],[5.1362,46.8047],[5.14,46.8184],[5.1388,46.8251],[5.1559,46.8222],[5.1651,46.8179],[5.1777,46.8193],[5.1809,46.8168],[5.1981,46.8125],[5.2143,46.8112],[5.2302,46.8126],[5.2358,46.8195],[5.2396,46.818],[5.242,46.816],[5.2389,46.8084],[5.2502,46.8065],[5.2488,46.8015],[5.2319,46.8064],[5.2273,46.811],[5.2175,46.8073],[5.205,46.7988],[5.2027,46.7899],[5.2136,46.7815],[5.2148,46.7724],[5.2214,46.7654],[5.2048,46.7535],[5.1982,46.7512],[5.1858,46.7646],[5.1877,46.7736],[5.1839,46.7776],[5.1687,46.7782],[5.1549,46.7882],[5.1589,46.7974],[5.1447,46.7958],[5.1382,46.7973]]]}},{"type":"Feature","properties":{"code":"71333","nom":"Oslon","app":10.38,"app_bas":8.25,"app_haut":13.06,"app_ech":"maille","app_obs":6,"mai":10.06,"mai_bas":7.66,"mai_haut":13.21,"mai_ech":"maille","mai_obs":18},"geometry":{"type":"Polygon","coordinates":[[[4.9148,46.777],[4.9167,46.7882],[4.9364,46.785],[4.9482,46.7857],[4.9552,46.7797],[4.9669,46.7776],[4.9649,46.7649],[4.9444,46.7703],[4.9344,46.7761],[4.9148,46.777]]]}},{"type":"Feature","properties":{"code":"71518","nom":"Serrières","app":9.82,"app_bas":7.96,"app_haut":12.12,"app_ech":"maille","app_obs":5,"mai":9.94,"mai_bas":7.93,"mai_haut":12.47,"mai_ech":"maille","mai_obs":3},"geometry":{"type":"Polygon","coordinates":[[[4.6411,46.3189],[4.6546,46.3203],[4.6711,46.3178],[4.6856,46.3173],[4.7048,46.3237],[4.6934,46.3023],[4.6794,46.304],[4.6694,46.2979],[4.6591,46.2991],[4.6547,46.3035],[4.6387,46.3014],[4.6323,46.3045],[4.6355,46.3137],[4.6411,46.3189]]]}},{"type":"Feature","properties":{"code":"71192","nom":"Étang-sur-Arroux","app":8.27,"app_bas":6.53,"app_haut":10.48,"app_ech":"maille","app_obs":80,"mai":6.7,"mai_bas":5.16,"mai_haut":8.69,"mai_ech":"maille","mai_obs":57},"geometry":{"type":"Polygon","coordinates":[[[4.1911,46.8391],[4.1769,46.8374],[4.1586,46.8283],[4.1559,46.8324],[4.1405,46.8323],[4.1275,46.836],[4.1228,46.8476],[4.1335,46.8504],[4.1313,46.8574],[4.1361,46.8663],[4.163,46.8739],[4.1572,46.8785],[4.1684,46.8811],[4.1727,46.8853],[4.1819,46.8869],[4.205,46.8857],[4.2214,46.8877],[4.2282,46.8955],[4.2444,46.8911],[4.2369,46.8836],[4.2236,46.8859],[4.2214,46.8653],[4.2157,46.8571],[4.2137,46.852],[4.2182,46.8463],[4.2019,46.833],[4.1911,46.8391]]]}},{"type":"Feature","properties":{"code":"71322","nom":"Morlet","app":8.07,"app_bas":6.31,"app_haut":10.3,"app_ech":"maille","app_obs":2,"mai":8.69,"mai_bas":6.39,"mai_haut":11.8,"mai_ech":"maille","mai_obs":3},"geometry":{"type":"Polygon","coordinates":[[[4.5186,46.9713],[4.5237,46.9562],[4.5226,46.951],[4.5058,46.9368],[4.5003,46.9386],[4.4846,46.9529],[4.4849,46.956],[4.4869,46.9586],[4.5032,46.966],[4.5186,46.9713]]]}},{"type":"Feature","properties":{"code":"71372","nom":"Romanèche-Thorins","app":10.12,"app_bas":7.9,"app_haut":12.97,"app_ech":"maille","app_obs":97,"mai":11.44,"mai_bas":8.79,"mai_haut":14.9,"mai_ech":"maille","mai_obs":42},"geometry":{"type":"Polygon","coordinates":[[[4.7357,46.2117],[4.7491,46.2061],[4.7494,46.2022],[4.7599,46.1873],[4.7755,46.1771],[4.7632,46.1757],[4.7575,46.1723],[4.7305,46.1784],[4.7244,46.1843],[4.7215,46.1968],[4.7227,46.2023],[4.7357,46.2117]]]}},{"type":"Feature","properties":{"code":"71506","nom":"Savigny-en-Revermont","app":9.53,"app_bas":7.45,"app_haut":12.2,"app_ech":"maille","app_obs":43,"mai":8.94,"mai_bas":7.2,"mai_haut":11.08,"mai_ech":"maille","mai_obs":41},"geometry":{"type":"Polygon","coordinates":[[[5.3384,46.6351],[5.3478,46.6376],[5.3682,46.6525],[5.3844,46.655],[5.4003,46.6541],[5.4073,46.6584],[5.4248,46.6613],[5.4271,46.6602],[5.4155,46.655],[5.4406,46.6379],[5.4335,46.6278],[5.4263,46.6212],[5.4138,46.6146],[5.3626,46.6097],[5.3548,46.6157],[5.3547,46.6216],[5.3384,46.6351]]]}},{"type":"Feature","properties":{"code":"71540","nom":"Torcy","app":9.77,"app_bas":7.95,"app_haut":12.01,"app_ech":"maille","app_obs":29,"mai":7.21,"mai_bas":5.88,"mai_haut":8.85,"mai_ech":"maille","mai_obs":10},"geometry":{"type":"Polygon","coordinates":[[[4.4512,46.7876],[4.4593,46.7807],[4.4763,46.77],[4.4833,46.7673],[4.4992,46.7718],[4.5146,46.7739],[4.4959,46.7618],[4.4702,46.7609],[4.4523,46.7465],[4.4445,46.7442],[4.432,46.745],[4.418,46.7498],[4.4046,46.7669],[4.4215,46.775],[4.4191,46.7804],[4.4234,46.787],[4.4512,46.7876]]]}},{"type":"Feature","properties":{"code":"71034","nom":"Bissey-sous-Cruchaud","app":9.06,"app_bas":6.95,"app_haut":11.79,"app_ech":"maille","app_obs":0,"mai":7.86,"mai_bas":6.15,"mai_haut":10.04,"mai_ech":"maille","mai_obs":33},"geometry":{"type":"Polygon","coordinates":[[[4.6644,46.719],[4.66,46.722],[4.653,46.7335],[4.6431,46.7398],[4.6477,46.7421],[4.6639,46.7376],[4.6931,46.7407],[4.7107,46.7334],[4.745,46.7302],[4.7418,46.7219],[4.7243,46.7183],[4.7048,46.7261],[4.6941,46.7256],[4.6852,46.7194],[4.675,46.7239],[4.6644,46.719]]]}},{"type":"Feature","properties":{"code":"71077","nom":"Chambilly","app":7.91,"app_bas":6.24,"app_haut":10.04,"app_ech":"maille","app_obs":4,"mai":7.5,"mai_bas":5.92,"mai_haut":9.51,"mai_ech":"maille","mai_obs":9},"geometry":{"type":"Polygon","coordinates":[[[3.9759,46.296],[4.0025,46.3021],[4.0185,46.3025],[4.0279,46.2899],[4.0171,46.2869],[4.0144,46.282],[4.0206,46.2675],[4.005,46.264],[3.9891,46.2628],[3.9737,46.2709],[3.973,46.2771],[3.9759,46.296]]]}},{"type":"Feature","properties":{"code":"71123","nom":"Chenay-le-Châtel","app":7.91,"app_bas":6.24,"app_haut":10.04,"app_ech":"maille","app_obs":15,"mai":7.5,"mai_bas":5.92,"mai_haut":9.51,"mai_ech":"maille","mai_obs":4},"geometry":{"type":"Polygon","coordinates":[[[3.9095,46.2079],[3.8901,46.2145],[3.8982,46.2267],[3.8966,46.2371],[3.9049,46.2379],[3.9077,46.2425],[3.9088,46.2606],[3.924,46.2596],[3.9275,46.2537],[3.9341,46.2547],[3.9482,46.2508],[3.9559,46.2458],[3.9796,46.2432],[3.9922,46.2286],[3.9702,46.2129],[3.9652,46.2029],[3.9335,46.2064],[3.918,46.2029],[3.9095,46.2079]]]}},{"type":"Feature","properties":{"code":"71198","nom":"Flacey-en-Bresse","app":8.63,"app_bas":6.85,"app_haut":10.88,"app_ech":"maille","app_obs":11,"mai":8.14,"mai_bas":6.32,"mai_haut":10.49,"mai_ech":"maille","mai_obs":13},"geometry":{"type":"Polygon","coordinates":[[[5.3755,46.5802],[5.3621,46.5773],[5.3435,46.5715],[5.3522,46.5752],[5.3582,46.5881],[5.3583,46.5983],[5.3626,46.6097],[5.3986,46.6127],[5.4134,46.6004],[5.4138,46.5974],[5.4052,46.5882],[5.4057,46.5817],[5.3976,46.5798],[5.3755,46.5802]]]}},{"type":"Feature","properties":{"code":"71383","nom":"Saint-Albain","app":11.38,"app_bas":8.7,"app_haut":14.9,"app_ech":"maille","app_obs":63,"mai":9.7,"mai_bas":7.39,"mai_haut":12.73,"mai_ech":"maille","mai_obs":9},"geometry":{"type":"Polygon","coordinates":[[[4.8918,46.4386],[4.8915,46.4275],[4.8887,46.4174],[4.8717,46.4168],[4.8534,46.4118],[4.837,46.4154],[4.85,46.4262],[4.8636,46.4254],[4.8715,46.4317],[4.8889,46.4317],[4.8918,46.4386]]]}},{"type":"Feature","properties":{"code":"71278","nom":"Marigny","app":8.14,"app_bas":6.46,"app_haut":10.25,"app_ech":"maille","app_obs":0,"mai":7.24,"mai_bas":5.86,"mai_haut":8.95,"mai_ech":"maille","mai_obs":3},"geometry":{"type":"Polygon","coordinates":[[[4.4862,46.7059],[4.4946,46.698],[4.4912,46.6906],[4.5097,46.6862],[4.5139,46.6815],[4.5074,46.673],[4.5116,46.6675],[4.4904,46.6616],[4.4838,46.6632],[4.4687,46.6603],[4.4645,46.6628],[4.4533,46.6623],[4.4368,46.6671],[4.422,46.6601],[4.4167,46.6621],[4.4163,46.6691],[4.4471,46.6789],[4.4497,46.6816],[4.4416,46.6941],[4.4447,46.7018],[4.4561,46.7041],[4.4649,46.7032],[4.4862,46.7059]]]}},{"type":"Feature","properties":{"code":"71139","nom":"Collonge-en-Charollais","app":9.1,"app_bas":6.94,"app_haut":11.93,"app_ech":"maille","app_obs":1,"mai":7.24,"mai_bas":5.86,"mai_haut":8.95,"mai_ech":"maille","mai_obs":3},"geometry":{"type":"Polygon","coordinates":[[[4.5224,46.6255],[4.5126,46.6305],[4.4919,46.6338],[4.501,46.6409],[4.5239,46.6532],[4.5264,46.6644],[4.5379,46.6668],[4.5347,46.6588],[4.5432,46.6537],[4.5573,46.6509],[4.5582,46.6395],[4.557,46.6324],[4.5302,46.6286],[4.5224,46.6255]]]}},{"type":"Feature","properties":{"code":"71209","nom":"Frontenaud","app":9.37,"app_bas":7.22,"app_haut":12.16,"app_ech":"maille","app_obs":11,"mai":7.09,"mai_bas":5.42,"mai_haut":9.27,"mai_ech":"maille","mai_obs":9},"geometry":{"type":"Polygon","coordinates":[[[5.2779,46.5263],[5.2692,46.5349],[5.264,46.5468],[5.2721,46.5573],[5.264,46.5625],[5.2652,46.5748],[5.268,46.5694],[5.2815,46.5662],[5.2889,46.5687],[5.2975,46.5651],[5.3102,46.5562],[5.3327,46.5523],[5.3136,46.5434],[5.3029,46.5289],[5.2973,46.5279],[5.2809,46.5282],[5.2779,46.5263]]]}},{"type":"Feature","properties":{"code":"71448","nom":"Saint-Martin-Belle-Roche","app":10.6,"app_bas":8.09,"app_haut":13.88,"app_ech":"maille","app_obs":40,"mai":9.21,"mai_bas":7.19,"mai_haut":11.8,"mai_ech":"maille","mai_obs":28},"geometry":{"type":"Polygon","coordinates":[[[4.8467,46.3931],[4.8739,46.385],[4.8585,46.368],[4.8403,46.3708],[4.8395,46.3782],[4.8467,46.3931]]]}},{"type":"Feature","properties":{"code":"71315","nom":"Mont-lès-Seurre","app":9.31,"app_bas":7.58,"app_haut":11.42,"app_ech":"maille","app_obs":0,"mai":8.92,"mai_bas":6.98,"mai_haut":11.39,"mai_ech":"maille","mai_obs":3},"geometry":{"type":"Polygon","coordinates":[[[5.1202,46.9632],[5.1354,46.9626],[5.1504,46.9664],[5.1551,46.9603],[5.1422,46.9523],[5.1477,46.9448],[5.1416,46.942],[5.1276,46.9434],[5.1168,46.9397],[5.1117,46.9325],[5.115,46.9402],[5.1144,46.9526],[5.1032,46.9488],[5.1063,46.9558],[5.1202,46.9632]]]}},{"type":"Feature","properties":{"code":"71358","nom":"Pressy-sous-Dondin","app":9.1,"app_bas":6.94,"app_haut":11.93,"app_ech":"maille","app_obs":0,"mai":7.32,"mai_bas":5.59,"mai_haut":9.58,"mai_ech":"maille","mai_obs":1},"geometry":{"type":"Polygon","coordinates":[[[4.4843,46.4933],[4.5142,46.4847],[4.5384,46.4858],[4.5405,46.484],[4.5355,46.4642],[4.5086,46.4644],[4.5004,46.467],[4.4756,46.4649],[4.47,46.4685],[4.4703,46.474],[4.4778,46.4823],[4.4843,46.4933]]]}},{"type":"Feature","properties":{"code":"71366","nom":"Ratenelle","app":9.04,"app_bas":7.04,"app_haut":11.59,"app_ech":"maille","app_obs":12,"mai":8.54,"mai_bas":6.52,"mai_haut":11.2,"mai_ech":"maille","mai_obs":17},"geometry":{"type":"Polygon","coordinates":[[[4.9849,46.5348],[4.9853,46.5375],[5.0145,46.5384],[5.0215,46.5322],[5.0197,46.5173],[5.0106,46.5111],[5.0043,46.5104],[4.9802,46.5152],[4.9776,46.524],[4.9849,46.5348]]]}},{"type":"Feature","properties":{"code":"71478","nom":"Saint-Romain-sous-Versigny","app":8.14,"app_bas":6.46,"app_haut":10.25,"app_ech":"maille","app_obs":3,"mai":7.32,"mai_bas":5.59,"mai_haut":9.58,"mai_ech":"maille","mai_obs":0},"geometry":{"type":"Polygon","coordinates":[[[4.1765,46.618],[4.1618,46.6247],[4.1593,46.6379],[4.1507,46.6459],[4.181,46.6611],[4.1735,46.6734],[4.179,46.6796],[4.1892,46.685],[4.2026,46.6856],[4.2045,46.6778],[4.2101,46.6707],[4.2097,46.6594],[4.2041,46.6504],[4.218,46.6399],[4.1915,46.6391],[4.1844,46.6312],[4.1765,46.618]]]}},{"type":"Feature","properties":{"code":"71487","nom":"Saint-Vérand","app":10.32,"app_bas":8.25,"app_haut":12.91,"app_ech":"maille","app_obs":8,"mai":11.44,"mai_bas":8.79,"mai_haut":14.9,"mai_ech":"maille","mai_obs":2},"geometry":{"type":"Polygon","coordinates":[[[4.7096,46.249],[4.7155,46.2584],[4.7294,46.2583],[4.7426,46.2546],[4.7478,46.2513],[4.7449,46.249],[4.7096,46.249]]]}},{"type":"Feature","properties":{"code":"71137","nom":"Cluny","app":10.8,"app_bas":8.14,"app_haut":14.32,"app_ech":"commune","app_obs":692,"mai":9.79,"mai_bas":7.33,"mai_haut":13.08,"mai_ech":"maille","mai_obs":95},"geometry":{"type":"Polygon","coordinates":[[[4.6563,46.4017],[4.6534,46.3991],[4.6505,46.4],[4.6594,46.4133],[4.651,46.4248],[4.6316,46.4348],[4.6134,46.4405],[4.6228,46.4475],[4.6356,46.4495],[4.6508,46.4489],[4.6868,46.4577],[4.688,46.4481],[4.6934,46.4463],[4.6902,46.4396],[4.699,46.4374],[4.7063,46.44],[4.7147,46.4347],[4.7156,46.4286],[4.7092,46.4255],[4.6975,46.4108],[4.6954,46.403],[4.6814,46.4093],[4.6563,46.4017]]]}},{"type":"Feature","properties":{"code":"71435","nom":"Saint-Julien-sur-Dheune","app":9.77,"app_bas":7.95,"app_haut":12.01,"app_ech":"maille","app_obs":1,"mai":8.51,"mai_bas":6.82,"mai_haut":10.63,"mai_ech":"maille","mai_obs":9},"geometry":{"type":"Polygon","coordinates":[[[4.5638,46.7713],[4.5742,46.764],[4.5664,46.7607],[4.5548,46.7615],[4.5489,46.7678],[4.5384,46.7699],[4.5286,46.7678],[4.5217,46.7753],[4.5302,46.7808],[4.5402,46.782],[4.5446,46.7805],[4.5551,46.7853],[4.5584,46.7765],[4.5638,46.7713]]]}},{"type":"Feature","properties":{"code":"71449","nom":"Saint-Martin-d'Auxy","app":9.06,"app_bas":6.95,"app_haut":11.79,"app_ech":"maille","app_obs":0,"mai":7.86,"mai_bas":6.15,"mai_haut":10.04,"mai_ech":"maille","mai_obs":5},"geometry":{"type":"Polygon","coordinates":[[[4.5313,46.7117],[4.5287,46.7172],[4.5321,46.7239],[4.5446,46.737],[4.5519,46.738],[4.5694,46.7249],[4.5712,46.7137],[4.56,46.7089],[4.5453,46.7119],[4.5383,46.7088],[4.5313,46.7117]]]}},{"type":"Feature","properties":{"code":"71011","nom":"Anzy-le-Duc","app":7.82,"app_bas":6.16,"app_haut":9.92,"app_ech":"maille","app_obs":2,"mai":6.91,"mai_bas":5.42,"mai_haut":8.83,"mai_ech":"maille","mai_obs":3},"geometry":{"type":"Polygon","coordinates":[[[4.0963,46.352],[4.1055,46.3376],[4.1081,46.3297],[4.103,46.328],[4.1042,46.3192],[4.0841,46.3103],[4.0817,46.2937],[4.0675,46.2894],[4.0573,46.2997],[4.0456,46.3035],[4.0401,46.3018],[4.0366,46.335],[4.0467,46.3316],[4.0521,46.3388],[4.0518,46.3488],[4.059,46.3496],[4.0686,46.3461],[4.0808,46.3507],[4.0963,46.352]]]}},{"type":"Feature","properties":{"code":"71127","nom":"Chevagny-sur-Guye","app":10,"app_bas":8.12,"app_haut":12.31,"app_ech":"maille","app_obs":0,"mai":7.32,"mai_bas":5.59,"mai_haut":9.58,"mai_ech":"maille","mai_obs":0},"geometry":{"type":"Polygon","coordinates":[[[4.4848,46.5499],[4.5018,46.5464],[4.5206,46.5492],[4.5262,46.5313],[4.516,46.5277],[4.5069,46.5297],[4.4712,46.5412],[4.4695,46.5485],[4.4848,46.5499]]]}},{"type":"Feature","properties":{"code":"71215","nom":"Gergy","app":10.38,"app_bas":8.25,"app_haut":13.06,"app_ech":"maille","app_obs":51,"mai":10.06,"mai_bas":7.66,"mai_haut":13.21,"mai_ech":"maille","mai_obs":53},"geometry":{"type":"Polygon","coordinates":[[[4.9514,46.8314],[4.9433,46.8413],[4.9429,46.8502],[4.9319,46.8538],[4.9134,46.8569],[4.9025,46.8539],[4.8889,46.8624],[4.8734,46.8778],[4.8666,46.8805],[4.8745,46.8869],[4.8708,46.8993],[4.8891,46.9035],[4.8881,46.907],[4.912,46.9131],[4.9296,46.9125],[4.9344,46.9105],[4.9442,46.9019],[4.9578,46.9018],[4.9652,46.8932],[4.9562,46.8918],[4.9524,46.8815],[4.9631,46.8746],[4.9645,46.87],[4.956,46.8619],[4.9634,46.8565],[4.9641,46.8447],[4.9618,46.8388],[4.9514,46.8314]]]}},{"type":"Feature","properties":{"code":"71379","nom":"Sagy","app":8.63,"app_bas":6.85,"app_haut":10.88,"app_ech":"maille","app_obs":15,"mai":8.14,"mai_bas":6.32,"mai_haut":10.49,"mai_ech":"maille","mai_obs":18},"geometry":{"type":"Polygon","coordinates":[[[5.3384,46.6351],[5.3547,46.6216],[5.3548,46.6157],[5.3626,46.6097],[5.3583,46.5983],[5.3582,46.5881],[5.3522,46.5752],[5.3435,46.5715],[5.3328,46.5644],[5.3327,46.5523],[5.3102,46.5562],[5.2975,46.5651],[5.2889,46.5687],[5.2867,46.5793],[5.2886,46.5944],[5.2922,46.6024],[5.302,46.6087],[5.3075,46.6195],[5.3209,46.6263],[5.3212,46.6297],[5.3323,46.6351],[5.3384,46.6351]]]}},{"type":"Feature","properties":{"code":"71282","nom":"Marmagne","app":8.33,"app_bas":6.61,"app_haut":10.49,"app_ech":"commune","app_obs":100,"mai":8.69,"mai_bas":6.39,"mai_haut":11.8,"mai_ech":"maille","mai_obs":23},"geometry":{"type":"Polygon","coordinates":[[[4.391,46.8071],[4.3779,46.8019],[4.3579,46.8007],[4.3525,46.8139],[4.3394,46.831],[4.3531,46.8484],[4.3545,46.8625],[4.3477,46.8644],[4.3417,46.8693],[4.3517,46.8825],[4.3626,46.8894],[4.3767,46.8771],[4.3946,46.8736],[4.3931,46.8651],[4.3982,46.8591],[4.4115,46.8522],[4.4051,46.8461],[4.394,46.8435],[4.3866,46.8277],[4.398,46.8251],[4.391,46.8071]]]}},{"type":"Feature","properties":{"code":"71317","nom":"Montmort","app":8.27,"app_bas":6.53,"app_haut":10.48,"app_ech":"maille","app_obs":1,"mai":6.7,"mai_bas":5.16,"mai_haut":8.69,"mai_ech":"maille","mai_obs":1},"geometry":{"type":"Polygon","coordinates":[[[4.08,46.7162],[4.0687,46.7236],[4.0586,46.7356],[4.0623,46.7409],[4.0553,46.7536],[4.0641,46.7667],[4.0857,46.7765],[4.1108,46.7743],[4.1237,46.7572],[4.1258,46.7519],[4.1246,46.7343],[4.1348,46.7162],[4.1342,46.7098],[4.1198,46.7051],[4.1034,46.7125],[4.0869,46.7168],[4.08,46.7162]]]}},{"type":"Feature","properties":{"code":"71509","nom":"Celle-en-Morvan","app":8.27,"app_bas":6.53,"app_haut":10.48,"app_ech":"maille","app_obs":0,"mai":7.21,"mai_bas":5.88,"mai_haut":8.85,"mai_ech":"maille","mai_obs":11},"geometry":{"type":"Polygon","coordinates":[[[4.1324,47.0049],[4.145,47.0115],[4.1523,47.021],[4.163,47.0251],[4.178,47.028],[4.1896,47.0371],[4.1995,47.0303],[4.1985,47.0287],[4.2065,47.0115],[4.2043,46.9974],[4.2073,46.9899],[4.2053,46.9819],[4.1908,46.9785],[4.1845,46.986],[4.1705,46.9933],[4.159,46.9959],[4.1522,46.9949],[4.1392,46.9993],[4.1324,47.0049]]]}},{"type":"Feature","properties":{"code":"71580","nom":"Vincelles","app":8.63,"app_bas":6.85,"app_haut":10.88,"app_ech":"maille","app_obs":4,"mai":8.14,"mai_bas":6.47,"mai_haut":10.25,"mai_ech":"maille","mai_obs":23},"geometry":{"type":"Polygon","coordinates":[[[5.2026,46.6708],[5.2315,46.6755],[5.2472,46.6627],[5.2492,46.6548],[5.2292,46.6553],[5.2202,46.6603],[5.2021,46.6581],[5.2026,46.6708]]]}},{"type":"Feature","properties":{"code":"71003","nom":"Allerey-sur-Saône","app":10.38,"app_bas":8.25,"app_haut":13.06,"app_ech":"maille","app_obs":28,"mai":9.14,"mai_bas":7.3,"mai_haut":11.44,"mai_ech":"maille","mai_obs":6},"geometry":{"type":"Polygon","coordinates":[[[4.9777,46.9303],[4.9899,46.9326],[5.0084,46.9284],[5.0053,46.9159],[5.0075,46.9069],[4.9937,46.8965],[4.9839,46.8971],[4.9652,46.8932],[4.9578,46.9018],[4.9442,46.9019],[4.9344,46.9105],[4.941,46.9159],[4.9446,46.9255],[4.9679,46.9278],[4.9777,46.9303]]]}},{"type":"Feature","properties":{"code":"71113","nom":"Châteauneuf","app":7.06,"app_bas":5.38,"app_haut":9.25,"app_ech":"maille","app_obs":3,"mai":7.23,"mai_bas":5.23,"mai_haut":9.99,"mai_ech":"maille","mai_obs":3},"geometry":{"type":"Polygon","coordinates":[[[4.2502,46.2133],[4.271,46.2156],[4.2639,46.2056],[4.2562,46.2045],[4.2502,46.2133]]]}},{"type":"Feature","properties":{"code":"71151","nom":"Créot","app":8.07,"app_bas":6.31,"app_haut":10.3,"app_ech":"maille","app_obs":0,"mai":8.51,"mai_bas":6.82,"mai_haut":10.63,"mai_ech":"maille","mai_obs":1},"geometry":{"type":"Polygon","coordinates":[[[4.5969,46.9174],[4.6087,46.924],[4.6303,46.9168],[4.631,46.9155],[4.6207,46.9153],[4.6115,46.9076],[4.5969,46.9174]]]}},{"type":"Feature","properties":{"code":"71175","nom":"Diconne","app":7.94,"app_bas":6.06,"app_haut":10.4,"app_ech":"maille","app_obs":1,"mai":9.12,"mai_bas":7.45,"mai_haut":11.15,"mai_ech":"maille","mai_obs":8},"geometry":{"type":"Polygon","coordinates":[[[5.0815,46.7877],[5.0946,46.7855],[5.1182,46.7884],[5.1382,46.7973],[5.1447,46.7958],[5.1589,46.7974],[5.1549,46.7882],[5.1431,46.7814],[5.1483,46.771],[5.147,46.7639],[5.1353,46.7587],[5.0845,46.768],[5.0776,46.7721],[5.0742,46.7786],[5.0815,46.7877]]]}},{"type":"Feature","properties":{"code":"71176","nom":"Digoin","app":7.89,"app_bas":6.1,"app_haut":10.2,"app_ech":"commune","app_obs":1152,"mai":8.07,"mai_bas":6.33,"mai_haut":10.29,"mai_ech":"commune","mai_obs":190},"geometry":{"type":"Polygon","coordinates":[[[3.9581,46.4906],[3.9641,46.4879],[3.9727,46.4901],[3.9771,46.4948],[3.9896,46.5001],[3.99,46.5148],[4.0077,46.509],[4.0265,46.5065],[4.0397,46.5071],[4.0579,46.5111],[4.0656,46.516],[4.0708,46.5145],[4.0891,46.5013],[4.0923,46.491],[4.079,46.4765],[4.0738,46.4742],[4.0669,46.4797],[4.0565,46.4812],[4.0499,46.4871],[4.0286,46.489],[4.0256,46.4864],[4.0318,46.4758],[4.0268,46.4725],[4.0299,46.4564],[4.0138,46.4562],[4.0015,46.4588],[3.998,46.4655],[3.9731,46.4775],[3.9651,46.478],[3.9566,46.4769],[3.9521,46.4814],[3.9581,46.4906]]]}},{"type":"Feature","properties":{"code":"71453","nom":"Saint-Martin-du-Lac","app":7.82,"app_bas":6.16,"app_haut":9.92,"app_ech":"maille","app_obs":0,"mai":8.19,"mai_bas":6.44,"mai_haut":10.43,"mai_ech":"maille","mai_obs":6},"geometry":{"type":"Polygon","coordinates":[[[4.0355,46.2281],[4.0243,46.2381],[4.0257,46.2419],[4.0389,46.2474],[4.0313,46.2557],[4.022,46.2583],[4.0316,46.2668],[4.0423,46.2627],[4.0524,46.2638],[4.059,46.2673],[4.073,46.2627],[4.0842,46.2553],[4.0954,46.2527],[4.0962,46.2484],[4.0841,46.2455],[4.0791,46.2397],[4.0706,46.2373],[4.0508,46.2357],[4.044,46.2328],[4.0375,46.2248],[4.0355,46.2281]]]}},{"type":"Feature","properties":{"code":"71541","nom":"Torpes","app":9.12,"app_bas":7.19,"app_haut":11.57,"app_ech":"maille","app_obs":5,"mai":8.92,"mai_bas":6.98,"mai_haut":11.39,"mai_ech":"maille","mai_obs":6},"geometry":{"type":"Polygon","coordinates":[[[5.3358,46.8207],[5.3295,46.8255],[5.3145,46.8228],[5.3059,46.8311],[5.3042,46.8385],[5.3084,46.845],[5.3172,46.8499],[5.3166,46.8582],[5.3262,46.8644],[5.3425,46.8638],[5.354,46.8463],[5.3543,46.8362],[5.3617,46.8318],[5.3698,46.8326],[5.3753,46.827],[5.3661,46.8242],[5.3622,46.8192],[5.3516,46.8136],[5.3469,46.8193],[5.3358,46.8207]]]}},{"type":"Feature","properties":{"code":"71168","nom":"Dampierre-en-Bresse","app":9.12,"app_bas":7.19,"app_haut":11.57,"app_ech":"maille","app_obs":0,"mai":8.14,"mai_bas":6.32,"mai_haut":10.49,"mai_ech":"maille","mai_obs":3},"geometry":{"type":"Polygon","coordinates":[[[5.1735,46.8391],[5.1787,46.8387],[5.1955,46.8433],[5.2133,46.8414],[5.2197,46.8375],[5.2226,46.8273],[5.2358,46.8195],[5.2302,46.8126],[5.2143,46.8112],[5.1981,46.8125],[5.1809,46.8168],[5.1777,46.8193],[5.1849,46.8197],[5.1849,46.8282],[5.1712,46.8317],[5.1735,46.8391]]]}},{"type":"Feature","properties":{"code":"71277","nom":"Marcilly-lès-Buxy","app":9.06,"app_bas":6.95,"app_haut":11.79,"app_ech":"maille","app_obs":4,"mai":7.86,"mai_bas":6.15,"mai_haut":10.04,"mai_ech":"maille","mai_obs":25},"geometry":{"type":"Polygon","coordinates":[[[4.5426,46.7368],[4.5494,46.7422],[4.5546,46.7527],[4.5742,46.7376],[4.5897,46.7456],[4.6011,46.7403],[4.606,46.7451],[4.6022,46.7492],[4.6184,46.7425],[4.6162,46.7379],[4.6262,46.7336],[4.6328,46.7266],[4.6287,46.7199],[4.6124,46.7181],[4.6162,46.6992],[4.6069,46.6974],[4.6008,46.6995],[4.5942,46.7067],[4.5855,46.7064],[4.5712,46.7137],[4.5694,46.7249],[4.5519,46.738],[4.5426,46.7368]]]}},{"type":"Feature","properties":{"code":"71539","nom":"Tintry","app":8.07,"app_bas":6.31,"app_haut":10.3,"app_ech":"maille","app_obs":0,"mai":8.69,"mai_bas":6.39,"mai_haut":11.8,"mai_ech":"maille","mai_obs":3},"geometry":{"type":"Polygon","coordinates":[[[4.4833,46.9135],[4.4691,46.9258],[4.4685,46.9364],[4.4721,46.9444],[4.4849,46.956],[4.4846,46.9529],[4.5003,46.9386],[4.5058,46.9368],[4.5169,46.9274],[4.5181,46.9243],[4.5164,46.9209],[4.5045,46.917],[4.4949,46.9217],[4.4896,46.915],[4.4833,46.9135]]]}},{"type":"Feature","properties":{"code":"71096","nom":"Chapelle-sous-Uchon","app":8.14,"app_bas":6.46,"app_haut":10.25,"app_ech":"maille","app_obs":5,"mai":6.7,"mai_bas":5.16,"mai_haut":8.69,"mai_ech":"maille","mai_obs":4},"geometry":{"type":"Polygon","coordinates":[[[4.2801,46.8478],[4.2837,46.8407],[4.2813,46.8234],[4.2527,46.8239],[4.2327,46.8161],[4.2185,46.8217],[4.2019,46.833],[4.2182,46.8463],[4.2137,46.852],[4.2157,46.8571],[4.2297,46.8462],[4.2375,46.8465],[4.2509,46.8539],[4.2551,46.8444],[4.2622,46.8426],[4.2801,46.8478]]]}},{"type":"Feature","properties":{"code":"71098","nom":"Charbonnat","app":8.27,"app_bas":6.53,"app_haut":10.48,"app_ech":"maille","app_obs":15,"mai":6.93,"mai_bas":5.38,"mai_haut":8.93,"mai_ech":"maille","mai_obs":2},"geometry":{"type":"Polygon","coordinates":[[[4.062,46.7917],[4.0755,46.7929],[4.0848,46.7916],[4.0985,46.7853],[4.1099,46.7975],[4.1301,46.8015],[4.1488,46.792],[4.1577,46.7811],[4.1606,46.7738],[4.1579,46.7653],[4.1477,46.7579],[4.1279,46.7562],[4.1258,46.7519],[4.1237,46.7572],[4.1108,46.7743],[4.0857,46.7765],[4.0641,46.7667],[4.0465,46.7784],[4.0553,46.7787],[4.0627,46.7885],[4.062,46.7917]]]}},{"type":"Feature","properties":{"code":"71199","nom":"Flagy","app":9.91,"app_bas":7.46,"app_haut":13.16,"app_ech":"maille","app_obs":1,"mai":9.79,"mai_bas":7.33,"mai_haut":13.08,"mai_ech":"maille","mai_obs":7},"geometry":{"type":"Polygon","coordinates":[[[4.6549,46.4852],[4.6423,46.4827],[4.6313,46.4682],[4.6254,46.4686],[4.6218,46.4818],[4.6259,46.4897],[4.6206,46.5057],[4.649,46.507],[4.6602,46.5116],[4.6638,46.5029],[4.6541,46.4985],[4.6549,46.4852]]]}},{"type":"Feature","properties":{"code":"71351","nom":"Pierre-de-Bresse","app":9.52,"app_bas":7.53,"app_haut":12.05,"app_ech":"commune","app_obs":263,"mai":8.92,"mai_bas":6.98,"mai_haut":11.39,"mai_ech":"maille","mai_obs":94},"geometry":{"type":"Polygon","coordinates":[[[5.2623,46.9126],[5.2752,46.9122],[5.2786,46.9082],[5.2787,46.8992],[5.2894,46.8917],[5.2907,46.8856],[5.3083,46.8655],[5.2796,46.8688],[5.2678,46.8655],[5.2619,46.8604],[5.2484,46.8628],[5.2389,46.8592],[5.2231,46.8591],[5.2196,46.8571],[5.2161,46.8636],[5.2069,46.8707],[5.2082,46.8875],[5.212,46.8936],[5.2398,46.8972],[5.2471,46.9058],[5.2623,46.9126]]]}},{"type":"Feature","properties":{"code":"71522","nom":"Simandre","app":10.06,"app_bas":8.18,"app_haut":12.37,"app_ech":"maille","app_obs":37,"mai":9.12,"mai_bas":7.45,"mai_haut":11.15,"mai_ech":"maille","mai_obs":31},"geometry":{"type":"Polygon","coordinates":[[[4.9909,46.6351],[5.0226,46.6357],[5.0425,46.6261],[5.034,46.6212],[5.0298,46.6201],[5.0165,46.6049],[5.0044,46.6016],[4.9742,46.5895],[4.9602,46.5899],[4.9387,46.596],[4.9246,46.592],[4.943,46.6128],[4.9541,46.6114],[4.9781,46.6225],[4.9909,46.6351]]]}},{"type":"Feature","properties":{"code":"71080","nom":"Champagny-sous-Uxelles","app":10.51,"app_bas":8,"app_haut":13.81,"app_ech":"maille","app_obs":1,"mai":8.17,"mai_bas":6.43,"mai_haut":10.37,"mai_ech":"maille","mai_obs":2},"geometry":{"type":"Polygon","coordinates":[[[4.7526,46.5926],[4.7617,46.5858],[4.7678,46.578],[4.7535,46.5713],[4.7469,46.5664],[4.7278,46.5757],[4.7298,46.5822],[4.7526,46.5926]]]}},{"type":"Feature","properties":{"code":"71101","nom":"Charette-Varennes","app":9.31,"app_bas":7.58,"app_haut":11.42,"app_ech":"maille","app_obs":1,"mai":8.92,"mai_bas":6.98,"mai_haut":11.39,"mai_ech":"maille","mai_obs":4},"geometry":{"type":"Polygon","coordinates":[[[5.1679,46.9255],[5.1819,46.9308],[5.188,46.9233],[5.1957,46.9216],[5.209,46.9093],[5.2228,46.9194],[5.2282,46.9125],[5.2257,46.8983],[5.2303,46.8962],[5.212,46.8936],[5.2082,46.8875],[5.2069,46.8707],[5.1966,46.8738],[5.1685,46.8761],[5.1685,46.8804],[5.1811,46.8882],[5.1809,46.8975],[5.1857,46.9052],[5.186,46.9117],[5.1684,46.9185],[5.1679,46.9255]]]}},{"type":"Feature","properties":{"code":"71107","nom":"Charrecey","app":9.77,"app_bas":7.95,"app_haut":12.01,"app_ech":"maille","app_obs":30,"mai":8.65,"mai_bas":6.54,"mai_haut":11.45,"mai_ech":"maille","mai_obs":8},"geometry":{"type":"Polygon","coordinates":[[[4.6897,46.8359],[4.6813,46.8291],[4.6617,46.8221],[4.6506,46.8308],[4.6529,46.8423],[4.6637,46.8492],[4.6642,46.8524],[4.6897,46.8359]]]}},{"type":"Feature","properties":{"code":"71126","nom":"Chevagny-les-Chevrières","app":11.05,"app_bas":8.8,"app_haut":13.87,"app_ech":"maille","app_obs":4,"mai":9.94,"mai_bas":7.93,"mai_haut":12.47,"mai_ech":"maille","mai_obs":26},"geometry":{"type":"Polygon","coordinates":[[[4.7809,46.3229],[4.7678,46.322],[4.7611,46.3363],[4.7625,46.3433],[4.7695,46.35],[4.7824,46.3457],[4.7809,46.3229]]]}},{"type":"Feature","properties":{"code":"71456","nom":"Saint-Martin-en-Bresse","app":7.94,"app_bas":6.06,"app_haut":10.4,"app_ech":"maille","app_obs":67,"mai":9.12,"mai_bas":7.45,"mai_haut":11.15,"mai_ech":"maille","mai_obs":43},"geometry":{"type":"Polygon","coordinates":[[[5.0815,46.7877],[5.0742,46.7786],[5.0776,46.7721],[5.0845,46.768],[5.0773,46.7624],[5.0574,46.7581],[5.0522,46.7609],[5.0441,46.7707],[5.0465,46.7821],[5.0407,46.7888],[5.0382,46.7972],[5.0334,46.7987],[5.0241,46.7916],[5.0159,46.7935],[5.0111,46.8082],[5.0187,46.8187],[5.0317,46.8215],[5.0521,46.8301],[5.0573,46.8384],[5.0701,46.839],[5.0725,46.8429],[5.0807,46.8405],[5.0958,46.8412],[5.1031,46.824],[5.1028,46.8201],[5.0854,46.8111],[5.0802,46.8024],[5.086,46.7932],[5.0815,46.7877]]]}},{"type":"Feature","properties":{"code":"71355","nom":"Pontoux","app":9.31,"app_bas":7.58,"app_haut":11.42,"app_ech":"maille","app_obs":0,"mai":9.14,"mai_bas":7.3,"mai_haut":11.44,"mai_ech":"maille","mai_obs":7},"geometry":{"type":"Polygon","coordinates":[[[5.0889,46.9143],[5.094,46.9213],[5.1117,46.9325],[5.1168,46.9397],[5.1292,46.935],[5.127,46.9234],[5.1287,46.9143],[5.1357,46.9068],[5.1503,46.9066],[5.1481,46.8957],[5.138,46.8843],[5.1143,46.8854],[5.1126,46.8967],[5.1007,46.9038],[5.1029,46.909],[5.0889,46.9143]]]}},{"type":"Feature","properties":{"code":"71019","nom":"Barizey","app":9.77,"app_bas":7.95,"app_haut":12.01,"app_ech":"maille","app_obs":2,"mai":8.51,"mai_bas":6.82,"mai_haut":10.63,"mai_ech":"maille","mai_obs":3},"geometry":{"type":"Polygon","coordinates":[[[4.6558,46.7993],[4.6617,46.802],[4.6833,46.8026],[4.6929,46.7977],[4.68,46.78],[4.6704,46.7791],[4.6546,46.7856],[4.6594,46.7903],[4.6558,46.7993]]]}},{"type":"Feature","properties":{"code":"71020","nom":"Barnay","app":7.65,"app_bas":6.08,"app_haut":9.63,"app_ech":"maille","app_obs":4,"mai":7.21,"mai_bas":5.88,"mai_haut":8.85,"mai_ech":"maille","mai_obs":0},"geometry":{"type":"Polygon","coordinates":[[[4.295,47.0757],[4.2936,47.0791],[4.2972,47.1018],[4.3021,47.1072],[4.3118,47.1039],[4.3355,47.103],[4.3494,47.0969],[4.3442,47.0724],[4.3387,47.0712],[4.3346,47.0568],[4.3204,47.0666],[4.3145,47.0664],[4.3057,47.0726],[4.295,47.0757]]]}},{"type":"Feature","properties":{"code":"71048","nom":"Bourg-le-Comte","app":7.91,"app_bas":6.24,"app_haut":10.04,"app_ech":"maille","app_obs":0,"mai":7.5,"mai_bas":5.92,"mai_haut":9.51,"mai_ech":"maille","mai_obs":5},"geometry":{"type":"Polygon","coordinates":[[[3.9759,46.296],[3.9655,46.3027],[3.9479,46.3037],[3.9481,46.3198],[3.965,46.3205],[3.9866,46.3192],[4.0046,46.3275],[4.0128,46.3173],[4.0185,46.3025],[4.0025,46.3021],[3.9759,46.296]]]}},{"type":"Feature","properties":{"code":"71060","nom":"Briant","app":8.42,"app_bas":6.17,"app_haut":11.49,"app_ech":"maille","app_obs":0,"mai":8.19,"mai_bas":6.44,"mai_haut":10.43,"mai_ech":"maille","mai_obs":4},"geometry":{"type":"Polygon","coordinates":[[[4.1641,46.3236],[4.1649,46.3157],[4.1812,46.3083],[4.1822,46.3009],[4.1785,46.2978],[4.1609,46.298],[4.1599,46.2819],[4.1652,46.2697],[4.1558,46.2712],[4.1491,46.2738],[4.1436,46.2865],[4.1303,46.2938],[4.1176,46.296],[4.123,46.3082],[4.134,46.317],[4.1537,46.3171],[4.1537,46.3232],[4.1641,46.3236]]]}},{"type":"Feature","properties":{"code":"71154","nom":"Crissey","app":10.38,"app_bas":8.25,"app_haut":13.06,"app_ech":"maille","app_obs":16,"mai":10.06,"mai_bas":7.66,"mai_haut":13.21,"mai_ech":"maille","mai_obs":62},"geometry":{"type":"Polygon","coordinates":[[[4.8812,46.7975],[4.8663,46.8054],[4.8603,46.8163],[4.8642,46.8274],[4.8786,46.834],[4.8889,46.8352],[4.8927,46.8391],[4.902,46.8304],[4.9058,46.8202],[4.9007,46.8142],[4.9014,46.8062],[4.9077,46.7968],[4.8882,46.8025],[4.8812,46.7975]]]}},{"type":"Feature","properties":{"code":"71196","nom":"Fay","app":8.63,"app_bas":6.85,"app_haut":10.88,"app_ech":"maille","app_obs":3,"mai":8.14,"mai_bas":6.32,"mai_haut":10.49,"mai_ech":"maille","mai_obs":4},"geometry":{"type":"Polygon","coordinates":[[[5.332,46.6885],[5.3448,46.6811],[5.3568,46.6815],[5.3684,46.6737],[5.3716,46.6662],[5.3682,46.6525],[5.3478,46.6376],[5.3384,46.6351],[5.3323,46.6351],[5.3309,46.6462],[5.3219,46.6528],[5.3073,46.6543],[5.3099,46.6603],[5.3055,46.6685],[5.2975,46.6736],[5.2976,46.6779],[5.3072,46.6786],[5.3176,46.6875],[5.3228,46.6947],[5.3239,46.6884],[5.332,46.6885]]]}},{"type":"Feature","properties":{"code":"71470","nom":"Saint-Point","app":9.82,"app_bas":7.96,"app_haut":12.12,"app_ech":"maille","app_obs":1,"mai":9.94,"mai_bas":7.93,"mai_haut":12.47,"mai_ech":"maille","mai_obs":3},"geometry":{"type":"Polygon","coordinates":[[[4.5927,46.3319],[4.593,46.3435],[4.5963,46.3512],[4.6057,46.3583],[4.6218,46.3552],[4.6503,46.3464],[4.6428,46.3288],[4.6411,46.3189],[4.6355,46.3137],[4.6174,46.3181],[4.605,46.3279],[4.5927,46.3319]]]}},{"type":"Feature","properties":{"code":"71479","nom":"Saint-Sernin-du-Bois","app":8.07,"app_bas":6.31,"app_haut":10.3,"app_ech":"maille","app_obs":19,"mai":8.69,"mai_bas":6.39,"mai_haut":11.8,"mai_ech":"maille","mai_obs":17},"geometry":{"type":"Polygon","coordinates":[[[4.398,46.8251],[4.3866,46.8277],[4.394,46.8435],[4.4051,46.8461],[4.4115,46.8522],[4.4228,46.8504],[4.43,46.8609],[4.4534,46.8502],[4.457,46.846],[4.4513,46.8267],[4.4435,46.8263],[4.4213,46.8218],[4.398,46.8251]]]}},{"type":"Feature","properties":{"code":"71091","nom":"Chapelle-du-Mont-de-France","app":7.47,"app_bas":5.93,"app_haut":9.41,"app_ech":"maille","app_obs":0,"mai":9.04,"mai_bas":6.81,"mai_haut":11.99,"mai_ech":"maille","mai_obs":7},"geometry":{"type":"Polygon","coordinates":[[[4.5129,46.3852],[4.5158,46.3895],[4.5267,46.3933],[4.5405,46.3956],[4.5573,46.3904],[4.5606,46.3861],[4.5728,46.3796],[4.5727,46.3753],[4.5637,46.3764],[4.5282,46.363],[4.5215,46.3789],[4.5129,46.3852]]]}},{"type":"Feature","properties":{"code":"71130","nom":"Chissey-lès-Mâcon","app":10.68,"app_bas":8.23,"app_haut":13.86,"app_ech":"maille","app_obs":0,"mai":8.17,"mai_bas":6.43,"mai_haut":10.37,"mai_ech":"maille","mai_obs":2},"geometry":{"type":"Polygon","coordinates":[[[4.7306,46.5071],[4.7244,46.5143],[4.713,46.5208],[4.7168,46.5228],[4.7179,46.5403],[4.7328,46.5436],[4.7399,46.5401],[4.7392,46.5356],[4.7495,46.5337],[4.7587,46.5417],[4.765,46.5337],[4.7722,46.5316],[4.7761,46.5245],[4.7725,46.5174],[4.7634,46.5151],[4.7623,46.5084],[4.767,46.4963],[4.7589,46.4936],[4.753,46.4948],[4.748,46.5018],[4.7306,46.5071]]]}},{"type":"Feature","properties":{"code":"71437","nom":"Saint-Laurent-en-Brionnais","app":7.38,"app_bas":5.66,"app_haut":9.63,"app_ech":"maille","app_obs":0,"mai":7.38,"mai_bas":5.67,"mai_haut":9.6,"mai_ech":"maille","mai_obs":4},"geometry":{"type":"Polygon","coordinates":[[[4.2642,46.2903],[4.27,46.2829],[4.2767,46.283],[4.2827,46.2779],[4.2753,46.2671],[4.2732,46.259],[4.2676,46.2459],[4.2637,46.2441],[4.2448,46.2439],[4.2503,46.253],[4.2451,46.2629],[4.2349,46.2733],[4.2282,46.2863],[4.2587,46.291],[4.2642,46.2903]]]}},{"type":"Feature","properties":{"code":"71452","nom":"Saint-Martin-de-Salencey","app":10,"app_bas":8.12,"app_haut":12.31,"app_ech":"maille","app_obs":2,"mai":7.32,"mai_bas":5.59,"mai_haut":9.58,"mai_ech":"maille","mai_obs":0},"geometry":{"type":"Polygon","coordinates":[[[4.4614,46.5099],[4.4706,46.5219],[4.4676,46.5305],[4.4712,46.5412],[4.5069,46.5297],[4.516,46.5277],[4.5262,46.5313],[4.5339,46.5287],[4.5323,46.5202],[4.5301,46.5159],[4.5112,46.5059],[4.4936,46.5001],[4.4801,46.4974],[4.4667,46.5031],[4.4614,46.5099]]]}},{"type":"Feature","properties":{"code":"71471","nom":"Saint-Privé","app":9.32,"app_bas":7.69,"app_haut":11.28,"app_ech":"maille","app_obs":0,"mai":7.24,"mai_bas":5.86,"mai_haut":8.95,"mai_ech":"maille","mai_obs":1},"geometry":{"type":"Polygon","coordinates":[[[4.5712,46.7137],[4.5855,46.7064],[4.5942,46.7067],[4.6008,46.6995],[4.5947,46.7009],[4.5805,46.6971],[4.5787,46.6853],[4.5619,46.691],[4.5594,46.699],[4.56,46.7089],[4.5712,46.7137]]]}},{"type":"Feature","properties":{"code":"71483","nom":"Saint-Symphorien-des-Bois","app":7.38,"app_bas":5.66,"app_haut":9.63,"app_ech":"maille","app_obs":7,"mai":8.19,"mai_bas":6.44,"mai_haut":10.43,"mai_ech":"maille","mai_obs":10},"geometry":{"type":"Polygon","coordinates":[[[4.2671,46.3387],[4.29,46.3442],[4.3055,46.3414],[4.3099,46.3378],[4.3154,46.3273],[4.3046,46.3222],[4.2918,46.3198],[4.2958,46.3138],[4.2925,46.3089],[4.2839,46.3117],[4.2687,46.3083],[4.2641,46.3176],[4.2644,46.3316],[4.2671,46.3387]]]}},{"type":"Feature","properties":{"code":"71485","nom":"Saint-Vallerin","app":9.06,"app_bas":6.95,"app_haut":11.79,"app_ech":"maille","app_obs":11,"mai":7.86,"mai_bas":6.15,"mai_haut":10.04,"mai_ech":"maille","mai_obs":6},"geometry":{"type":"Polygon","coordinates":[[[4.7112,46.6766],[4.6824,46.671],[4.6733,46.6772],[4.6564,46.6776],[4.6457,46.6829],[4.6464,46.6916],[4.6519,46.698],[4.6722,46.6943],[4.685,46.6976],[4.6805,46.6898],[4.6811,46.6815],[4.6875,46.6785],[4.7112,46.6766]]]}},{"type":"Feature","properties":{"code":"71515","nom":"Sercy","app":9.91,"app_bas":7.46,"app_haut":13.16,"app_ech":"maille","app_obs":2,"mai":8.17,"mai_bas":6.43,"mai_haut":10.37,"mai_ech":"maille","mai_obs":1},"geometry":{"type":"Polygon","coordinates":[[[4.6938,46.5887],[4.6787,46.5947],[4.6713,46.6031],[4.6767,46.6124],[4.6818,46.6108],[4.7087,46.6097],[4.7103,46.6067],[4.7023,46.5854],[4.6938,46.5887]]]}},{"type":"Feature","properties":{"code":"71210","nom":"Fuissé","app":11.05,"app_bas":8.8,"app_haut":13.87,"app_ech":"maille","app_obs":2,"mai":9.94,"mai_bas":7.93,"mai_haut":12.47,"mai_ech":"maille","mai_obs":9},"geometry":{"type":"Polygon","coordinates":[[[4.7579,46.2765],[4.7568,46.266],[4.7517,46.2639],[4.7441,46.2657],[4.7322,46.2737],[4.729,46.2857],[4.7488,46.2895],[4.757,46.2929],[4.7598,46.2876],[4.7579,46.2765]]]}},{"type":"Feature","properties":{"code":"71218","nom":"Gibles","app":7.38,"app_bas":5.66,"app_haut":9.63,"app_ech":"maille","app_obs":10,"mai":9.04,"mai_bas":6.81,"mai_haut":11.99,"mai_ech":"maille","mai_obs":13},"geometry":{"type":"Polygon","coordinates":[[[4.3606,46.3433],[4.3775,46.3501],[4.3955,46.3315],[4.395,46.321],[4.4016,46.3127],[4.4239,46.3107],[4.4342,46.3138],[4.4219,46.295],[4.4058,46.2961],[4.393,46.3023],[4.3792,46.3035],[4.37,46.3015],[4.3556,46.3017],[4.3464,46.3092],[4.3426,46.3069],[4.3407,46.3137],[4.3325,46.3234],[4.3397,46.3252],[4.356,46.3226],[4.363,46.3279],[4.3606,46.3433]]]}},{"type":"Feature","properties":{"code":"71226","nom":"Grevilly","app":10.51,"app_bas":8,"app_haut":13.81,"app_ech":"maille","app_obs":0,"mai":8.17,"mai_bas":6.43,"mai_haut":10.37,"mai_ech":"maille","mai_obs":2},"geometry":{"type":"Polygon","coordinates":[[[4.8074,46.5168],[4.8175,46.5202],[4.8233,46.5262],[4.8264,46.5166],[4.8313,46.5167],[4.8238,46.503],[4.8127,46.5042],[4.8074,46.5168]]]}},{"type":"Feature","properties":{"code":"71403","nom":"Saint-Denis-de-Vaux","app":9.06,"app_bas":6.95,"app_haut":11.79,"app_ech":"maille","app_obs":0,"mai":8.65,"mai_bas":6.54,"mai_haut":11.45,"mai_ech":"maille","mai_obs":8},"geometry":{"type":"Polygon","coordinates":[[[4.7094,46.8059],[4.7211,46.7945],[4.7169,46.7882],[4.6937,46.7861],[4.6923,46.7829],[4.68,46.78],[4.6929,46.7977],[4.7094,46.8059]]]}},{"type":"Feature","properties":{"code":"71434","nom":"Saint-Julien-de-Jonzy","app":8.42,"app_bas":6.17,"app_haut":11.49,"app_ech":"maille","app_obs":4,"mai":7.86,"mai_bas":6.03,"mai_haut":10.24,"mai_ech":"maille","mai_obs":6},"geometry":{"type":"Polygon","coordinates":[[[4.1352,46.2253],[4.1184,46.2303],[4.1088,46.2402],[4.0962,46.2484],[4.0954,46.2527],[4.1051,46.2556],[4.1058,46.266],[4.1119,46.2662],[4.1332,46.2615],[4.1437,46.2615],[4.1558,46.2712],[4.1652,46.2697],[4.1694,46.2664],[4.1709,46.2538],[4.1745,46.2454],[4.1861,46.2259],[4.1765,46.225],[4.1624,46.2268],[4.1453,46.2269],[4.1352,46.2253]]]}},{"type":"Feature","properties":{"code":"71273","nom":"Maltat","app":6.99,"app_bas":5.4,"app_haut":9.04,"app_ech":"maille","app_obs":5,"mai":7.88,"mai_bas":6.01,"mai_haut":10.34,"mai_ech":"maille","mai_obs":4},"geometry":{"type":"Polygon","coordinates":[[[3.7603,46.669],[3.7574,46.6863],[3.7666,46.6867],[3.7651,46.6954],[3.7882,46.6986],[3.7947,46.702],[3.8142,46.7053],[3.8266,46.7038],[3.8264,46.6955],[3.8302,46.6853],[3.8366,46.6805],[3.8543,46.6748],[3.8542,46.6693],[3.8652,46.6676],[3.861,46.6485],[3.8552,46.6405],[3.8468,46.6478],[3.8394,46.6487],[3.8225,46.6625],[3.8086,46.6646],[3.8091,46.6578],[3.7969,46.6537],[3.7619,46.6636],[3.7603,46.669]]]}},{"type":"Feature","properties":{"code":"71564","nom":"Vendenesse-lès-Charolles","app":9.1,"app_bas":6.94,"app_haut":11.93,"app_ech":"maille","app_obs":13,"mai":7.38,"mai_bas":5.67,"mai_haut":9.6,"mai_ech":"maille","mai_obs":34},"geometry":{"type":"Polygon","coordinates":[[[4.3678,46.4144],[4.3539,46.4183],[4.3412,46.4193],[4.3286,46.4163],[4.3241,46.4303],[4.308,46.4312],[4.3042,46.4438],[4.3051,46.45],[4.328,46.4509],[4.338,46.4555],[4.3404,46.46],[4.3603,46.4594],[4.375,46.4605],[4.3932,46.4647],[4.3977,46.4636],[4.4026,46.455],[4.4151,46.451],[4.3967,46.446],[4.3985,46.4323],[4.3893,46.4267],[4.38,46.4313],[4.3707,46.4222],[4.3678,46.4144]]]}},{"type":"Feature","properties":{"code":"71566","nom":"Verdun-sur-le-Doubs","app":9.05,"app_bas":6.91,"app_haut":11.85,"app_ech":"commune","app_obs":300,"mai":9.14,"mai_bas":7.3,"mai_haut":11.44,"mai_ech":"maille","mai_obs":54},"geometry":{"type":"Polygon","coordinates":[[[4.9991,46.8763],[4.9937,46.8965],[5.0075,46.9069],[5.0132,46.9062],[5.0296,46.8984],[5.0315,46.8918],[5.0397,46.8936],[5.0389,46.8875],[5.0248,46.8857],[5.0096,46.8723],[4.9991,46.8763]]]}},{"type":"Feature","properties":{"code":"71266","nom":"Lucenay-l'Évêque","app":8.07,"app_bas":6.3,"app_haut":10.33,"app_ech":"maille","app_obs":17,"mai":6.2,"mai_bas":4.72,"mai_haut":8.14,"mai_ech":"maille","mai_obs":5},"geometry":{"type":"Polygon","coordinates":[[[4.2301,47.0893],[4.2294,47.0974],[4.2418,47.1001],[4.2542,47.1117],[4.2597,47.114],[4.2734,47.1082],[4.2856,47.1084],[4.2988,47.112],[4.3021,47.1072],[4.2972,47.1018],[4.2936,47.0791],[4.295,47.0757],[4.2736,47.0699],[4.2625,47.0616],[4.2542,47.0523],[4.2372,47.0519],[4.2288,47.0554],[4.2275,47.0609],[4.2281,47.0695],[4.2349,47.0734],[4.2301,47.0893]]]}},{"type":"Feature","properties":{"code":"71381","nom":"Sailly","app":10,"app_bas":8.12,"app_haut":12.31,"app_ech":"maille","app_obs":0,"mai":9.79,"mai_bas":7.33,"mai_haut":13.08,"mai_ech":"maille","mai_obs":3},"geometry":{"type":"Polygon","coordinates":[[[4.5323,46.5202],[4.5339,46.5287],[4.5458,46.5303],[4.5488,46.5468],[4.563,46.5446],[4.5923,46.545],[4.5884,46.536],[4.5791,46.5225],[4.5528,46.5235],[4.5506,46.5173],[4.5323,46.5202]]]}},{"type":"Feature","properties":{"code":"71392","nom":"Saint-Boil","app":11.77,"app_bas":9.36,"app_haut":14.8,"app_ech":"maille","app_obs":6,"mai":8.17,"mai_bas":6.43,"mai_haut":10.37,"mai_ech":"maille","mai_obs":15},"geometry":{"type":"Polygon","coordinates":[[[4.6994,46.6576],[4.7107,46.6587],[4.7315,46.6419],[4.7237,46.6327],[4.6993,46.627],[4.6811,46.6263],[4.6729,46.6281],[4.6697,46.6331],[4.6795,46.6452],[4.6799,46.657],[4.6994,46.6576]]]}},{"type":"Feature","properties":{"code":"71286","nom":"Mary","app":9.1,"app_bas":6.94,"app_haut":11.93,"app_ech":"maille","app_obs":2,"mai":9.79,"mai_bas":7.33,"mai_haut":13.08,"mai_ech":"maille","mai_obs":4},"geometry":{"type":"Polygon","coordinates":[[[4.5224,46.6255],[4.527,46.6115],[4.52,46.6038],[4.5256,46.5991],[4.522,46.5906],[4.5159,46.593],[4.5069,46.5887],[4.4909,46.593],[4.4697,46.6037],[4.4712,46.6149],[4.4883,46.6219],[4.4866,46.6275],[4.4919,46.6338],[4.5126,46.6305],[4.5224,46.6255]]]}},{"type":"Feature","properties":{"code":"71332","nom":"Ormes","app":10.06,"app_bas":8.18,"app_haut":12.37,"app_ech":"maille","app_obs":0,"mai":9.12,"mai_bas":7.45,"mai_haut":11.15,"mai_ech":"maille","mai_obs":6},"geometry":{"type":"Polygon","coordinates":[[[4.943,46.6128],[4.9461,46.621],[4.9524,46.6262],[4.9561,46.6367],[4.9545,46.6537],[4.9735,46.6558],[4.9909,46.6351],[4.9781,46.6225],[4.9541,46.6114],[4.943,46.6128]]]}},{"type":"Feature","properties":{"code":"71531","nom":"Tagnière","app":8.27,"app_bas":6.53,"app_haut":10.48,"app_ech":"maille","app_obs":3,"mai":6.7,"mai_bas":5.16,"mai_haut":8.69,"mai_ech":"maille","mai_obs":2},"geometry":{"type":"Polygon","coordinates":[[[4.1911,46.8391],[4.2019,46.833],[4.2185,46.8217],[4.2327,46.8161],[4.2265,46.8086],[4.2348,46.8079],[4.2354,46.8011],[4.2609,46.7985],[4.2709,46.7829],[4.2649,46.7816],[4.2593,46.772],[4.2522,46.7679],[4.2434,46.7574],[4.2364,46.7599],[4.2272,46.7689],[4.2248,46.775],[4.2144,46.7794],[4.2017,46.7742],[4.1886,46.7883],[4.1744,46.7866],[4.1659,46.7992],[4.1656,46.8063],[4.1847,46.8214],[4.1838,46.8316],[4.1911,46.8391]]]}},{"type":"Feature","properties":{"code":"71007","nom":"Ameugny","app":9.91,"app_bas":7.46,"app_haut":13.16,"app_ech":"maille","app_obs":3,"mai":9.79,"mai_bas":7.33,"mai_haut":13.08,"mai_ech":"maille","mai_obs":4},"geometry":{"type":"Polygon","coordinates":[[[4.649,46.507],[4.6457,46.517],[4.6476,46.5265],[4.6527,46.5255],[4.6616,46.5373],[4.6711,46.5377],[4.6841,46.5356],[4.6891,46.5213],[4.692,46.5159],[4.6634,46.5181],[4.6602,46.5116],[4.649,46.507]]]}},{"type":"Feature","properties":{"code":"71059","nom":"Breuil","app":9.77,"app_bas":7.95,"app_haut":12.01,"app_ech":"maille","app_obs":78,"mai":8.51,"mai_bas":6.82,"mai_haut":10.63,"mai_ech":"maille","mai_obs":61},"geometry":{"type":"Polygon","coordinates":[[[4.4512,46.7876],[4.4575,46.7938],[4.46,46.8061],[4.4514,46.8134],[4.46,46.8205],[4.472,46.8263],[4.4915,46.8145],[4.504,46.8129],[4.5238,46.8129],[4.5317,46.8026],[4.5422,46.7942],[4.545,46.7856],[4.5402,46.782],[4.5302,46.7808],[4.5217,46.7753],[4.4992,46.7718],[4.4833,46.7673],[4.4763,46.77],[4.4593,46.7807],[4.4512,46.7876]]]}},{"type":"Feature","properties":{"code":"71244","nom":"Jouvençon","app":9.37,"app_bas":7.22,"app_haut":12.16,"app_ech":"maille","app_obs":1,"mai":8.14,"mai_bas":6.47,"mai_haut":10.25,"mai_ech":"maille","mai_obs":5},"geometry":{"type":"Polygon","coordinates":[[[5.0796,46.5875],[5.0783,46.5813],[5.0724,46.579],[5.0659,46.5692],[5.0454,46.5639],[5.0399,46.5661],[5.0236,46.5668],[5.0313,46.5786],[5.0411,46.584],[5.0565,46.5811],[5.065,46.5873],[5.0677,46.5932],[5.0796,46.5875]]]}},{"type":"Feature","properties":{"code":"71420","nom":"Saint-Germain-du-Plain","app":10.06,"app_bas":8.18,"app_haut":12.37,"app_ech":"maille","app_obs":53,"mai":9.12,"mai_bas":7.45,"mai_haut":11.15,"mai_ech":"maille","mai_obs":59},"geometry":{"type":"Polygon","coordinates":[[[4.9438,46.6877],[4.9426,46.6944],[4.9633,46.6956],[4.9719,46.7027],[4.9801,46.7157],[4.9886,46.722],[4.9979,46.7234],[5.0016,46.7157],[5.011,46.7134],[5.0241,46.7147],[5.0318,46.7128],[5.0359,46.7052],[5.0298,46.6979],[5.015,46.6895],[5.0048,46.6967],[4.9899,46.6845],[4.9675,46.6831],[4.9645,46.6733],[4.9615,46.6542],[4.9545,46.6537],[4.9438,46.6877]]]}},{"type":"Feature","properties":{"code":"71455","nom":"Saint-Martin-du-Tartre","app":10,"app_bas":8.12,"app_haut":12.31,"app_ech":"maille","app_obs":0,"mai":7.86,"mai_bas":6.15,"mai_haut":10.04,"mai_ech":"maille","mai_obs":16},"geometry":{"type":"Polygon","coordinates":[[[4.6048,46.6636],[4.6124,46.654],[4.6228,46.6512],[4.6322,46.645],[4.6361,46.6367],[4.6191,46.6347],[4.607,46.6309],[4.5972,46.6392],[4.5899,46.6489],[4.5883,46.6611],[4.5794,46.6666],[4.5802,46.6675],[4.5915,46.6669],[4.6048,46.6636]]]}},{"type":"Feature","properties":{"code":"71172","nom":"Dettey","app":8.14,"app_bas":6.46,"app_haut":10.25,"app_ech":"maille","app_obs":0,"mai":6.7,"mai_bas":5.16,"mai_haut":8.69,"mai_ech":"maille","mai_obs":3},"geometry":{"type":"Polygon","coordinates":[[[4.1713,46.7395],[4.163,46.7494],[4.1576,46.7617],[4.1534,46.7618],[4.1579,46.7653],[4.1606,46.7738],[4.1577,46.7811],[4.1488,46.792],[4.1602,46.8026],[4.1659,46.7992],[4.1744,46.7866],[4.1886,46.7883],[4.2017,46.7742],[4.2144,46.7794],[4.2248,46.775],[4.2272,46.7689],[4.2364,46.7599],[4.2434,46.7574],[4.2344,46.7566],[4.2054,46.7502],[4.1948,46.745],[4.1837,46.7468],[4.1713,46.7395]]]}},{"type":"Feature","properties":{"code":"71174","nom":"Dezize-lès-Maranges","app":11.15,"app_bas":8.7,"app_haut":14.28,"app_ech":"maille","app_obs":5,"mai":8.51,"mai_bas":6.82,"mai_haut":10.63,"mai_ech":"maille","mai_obs":11},"geometry":{"type":"Polygon","coordinates":[[[4.6523,46.9388],[4.6792,46.9291],[4.6793,46.9271],[4.6726,46.9232],[4.6662,46.9123],[4.6671,46.9088],[4.6467,46.9073],[4.6505,46.917],[4.6431,46.9242],[4.6523,46.9388]]]}},{"type":"Feature","properties":{"code":"71179","nom":"Dompierre-sous-Sanvignes","app":8.14,"app_bas":6.46,"app_haut":10.25,"app_ech":"maille","app_obs":1,"mai":7.32,"mai_bas":5.59,"mai_haut":9.58,"mai_ech":"maille","mai_obs":0},"geometry":{"type":"Polygon","coordinates":[[[4.2128,46.6875],[4.2225,46.6863],[4.2312,46.6801],[4.2337,46.6739],[4.2466,46.6758],[4.252,46.6723],[4.2523,46.6664],[4.2463,46.654],[4.2474,46.6488],[4.2377,46.648],[4.218,46.6399],[4.2041,46.6504],[4.2097,46.6594],[4.2101,46.6707],[4.2045,46.6778],[4.2026,46.6856],[4.2041,46.6873],[4.2128,46.6875]]]}},{"type":"Feature","properties":{"code":"71239","nom":"Issy-l'Évêque","app":6.99,"app_bas":5.4,"app_haut":9.04,"app_ech":"maille","app_obs":7,"mai":6.93,"mai_bas":5.38,"mai_haut":8.93,"mai_ech":"maille","mai_obs":34},"geometry":{"type":"Polygon","coordinates":[[[4.08,46.7162],[4.065,46.7152],[4.0497,46.7065],[4.0396,46.692],[4.0409,46.6782],[4.0296,46.6742],[4.0113,46.6711],[3.9987,46.6659],[3.981,46.6623],[3.974,46.6477],[3.963,46.6598],[3.9666,46.664],[3.9783,46.662],[3.9849,46.6706],[3.9578,46.6745],[3.9482,46.6888],[3.9556,46.6959],[3.9428,46.7013],[3.9414,46.707],[3.9397,46.7097],[3.9518,46.7303],[3.9628,46.7272],[3.9728,46.7283],[3.9748,46.7347],[3.9664,46.7429],[3.9726,46.75],[3.9645,46.7623],[3.9667,46.7655],[3.9731,46.7696],[3.992,46.7768],[3.9998,46.7777],[4.0064,46.7637],[3.9965,46.7511],[4.0055,46.7425],[4.0147,46.7421],[4.045,46.7463],[4.0586,46.7356],[4.0687,46.7236],[4.08,46.7162]]]}},{"type":"Feature","properties":{"code":"71241","nom":"Jambles","app":9.06,"app_bas":6.95,"app_haut":11.79,"app_ech":"maille","app_obs":14,"mai":8.65,"mai_bas":6.54,"mai_haut":11.45,"mai_ech":"maille","mai_obs":26},"geometry":{"type":"Polygon","coordinates":[[[4.6934,46.7636],[4.6798,46.7652],[4.6624,46.7648],[4.6639,46.7683],[4.6567,46.7772],[4.6501,46.7792],[4.6422,46.7762],[4.6309,46.7764],[4.6301,46.7812],[4.6471,46.7826],[4.6546,46.7856],[4.6704,46.7791],[4.68,46.78],[4.6923,46.7829],[4.7162,46.7744],[4.7163,46.7672],[4.6934,46.7636]]]}},{"type":"Feature","properties":{"code":"71398","nom":"Saint-Christophe-en-Bresse","app":10.38,"app_bas":8.25,"app_haut":13.06,"app_ech":"maille","app_obs":1,"mai":10.06,"mai_bas":7.66,"mai_haut":13.21,"mai_ech":"maille","mai_obs":17},"geometry":{"type":"Polygon","coordinates":[[[5.042,46.7272],[5.0283,46.722],[5.0241,46.7147],[5.011,46.7134],[5.0016,46.7157],[4.9979,46.7234],[4.9886,46.722],[4.9882,46.7305],[4.9726,46.7332],[4.9562,46.7394],[4.9529,46.7457],[4.9591,46.7494],[4.9558,46.7559],[4.9649,46.7649],[4.9669,46.7776],[4.9962,46.7797],[4.9999,46.7744],[4.9954,46.7682],[4.9984,46.7612],[4.9937,46.7489],[4.9869,46.7409],[5.0005,46.7337],[5.0091,46.7342],[5.0136,46.7411],[5.0221,46.7363],[5.0359,46.7319],[5.042,46.7272]]]}},{"type":"Feature","properties":{"code":"71409","nom":"Saint-Émiland","app":8.07,"app_bas":6.31,"app_haut":10.3,"app_ech":"maille","app_obs":7,"mai":8.51,"mai_bas":6.82,"mai_haut":10.63,"mai_ech":"maille","mai_obs":16},"geometry":{"type":"Polygon","coordinates":[[[4.4833,46.9135],[4.4972,46.9064],[4.5039,46.8964],[4.4973,46.8898],[4.5073,46.8781],[4.5175,46.872],[4.5226,46.8719],[4.52,46.8669],[4.5096,46.866],[4.4884,46.8707],[4.4705,46.8694],[4.4461,46.8817],[4.4539,46.9042],[4.4254,46.9115],[4.4274,46.9228],[4.4469,46.9189],[4.4691,46.9258],[4.4833,46.9135]]]}},{"type":"Feature","properties":{"code":"71276","nom":"Marcilly-la-Gueurce","app":7.47,"app_bas":5.93,"app_haut":9.41,"app_ech":"maille","app_obs":2,"mai":8.19,"mai_bas":6.44,"mai_haut":10.43,"mai_ech":"maille","mai_obs":0},"geometry":{"type":"Polygon","coordinates":[[[4.3066,46.3754],[4.2942,46.3831],[4.282,46.3848],[4.2758,46.3896],[4.2826,46.392],[4.2836,46.4153],[4.2796,46.4212],[4.284,46.4218],[4.2884,46.4085],[4.3038,46.4107],[4.3157,46.4082],[4.3346,46.3991],[4.3356,46.3961],[4.3203,46.3855],[4.3134,46.3742],[4.3066,46.3754]]]}},{"type":"Feature","properties":{"code":"71287","nom":"Massilly","app":10.68,"app_bas":8.23,"app_haut":13.86,"app_ech":"maille","app_obs":1,"mai":9.79,"mai_bas":7.33,"mai_haut":13.08,"mai_ech":"maille","mai_obs":11},"geometry":{"type":"Polygon","coordinates":[[[4.6549,46.4852],[4.6541,46.4985],[4.6638,46.5029],[4.6829,46.503],[4.6813,46.497],[4.6856,46.4917],[4.6807,46.4808],[4.6739,46.4769],[4.6667,46.4769],[4.6549,46.4852]]]}},{"type":"Feature","properties":{"code":"71374","nom":"Rosey","app":9.06,"app_bas":6.95,"app_haut":11.79,"app_ech":"maille","app_obs":0,"mai":7.86,"mai_bas":6.15,"mai_haut":10.04,"mai_ech":"maille","mai_obs":1},"geometry":{"type":"Polygon","coordinates":[[[4.7209,46.7467],[4.7317,46.7361],[4.7436,46.7335],[4.745,46.7302],[4.7107,46.7334],[4.6931,46.7407],[4.6968,46.7472],[4.7067,46.75],[4.7209,46.7467]]]}},{"type":"Feature","properties":{"code":"71535","nom":"Tavernay","app":8.27,"app_bas":6.53,"app_haut":10.48,"app_ech":"maille","app_obs":6,"mai":7.21,"mai_bas":5.88,"mai_haut":8.85,"mai_ech":"maille","mai_obs":24},"geometry":{"type":"Polygon","coordinates":[[[4.2073,46.9899],[4.2043,46.9974],[4.2065,47.0115],[4.1985,47.0287],[4.1995,47.0303],[4.2124,47.0327],[4.2233,47.0322],[4.2362,47.0349],[4.2525,47.0409],[4.2604,47.0294],[4.263,47.0001],[4.2678,46.9923],[4.2632,46.9818],[4.2656,46.9794],[4.249,46.9825],[4.2444,46.9853],[4.2361,46.9768],[4.2325,46.9747],[4.2198,46.9857],[4.2073,46.9899]]]}},{"type":"Feature","properties":{"code":"71581","nom":"Vindecy","app":8.42,"app_bas":6.17,"app_haut":11.49,"app_ech":"maille","app_obs":2,"mai":6.91,"mai_bas":5.42,"mai_haut":8.83,"mai_ech":"maille","mai_obs":10},"geometry":{"type":"Polygon","coordinates":[[[4.0265,46.375],[4.0306,46.3612],[4.0282,46.3479],[4.0291,46.341],[4.0366,46.335],[4.0369,46.3313],[4.0039,46.3332],[3.9944,46.3277],[3.9847,46.3297],[3.9874,46.3507],[3.9916,46.3696],[3.9843,46.3783],[3.9819,46.3852],[3.9979,46.3814],[4.0042,46.3747],[4.0135,46.372],[4.0265,46.375]]]}},{"type":"Feature","properties":{"code":"71036","nom":"Bissy-sous-Uxelles","app":10.51,"app_bas":8,"app_haut":13.81,"app_ech":"maille","app_obs":1,"mai":9.79,"mai_bas":7.33,"mai_haut":13.08,"mai_ech":"maille","mai_obs":8},"geometry":{"type":"Polygon","coordinates":[[[4.7073,46.5659],[4.7118,46.5678],[4.7162,46.5771],[4.7278,46.5757],[4.7469,46.5664],[4.7395,46.5596],[4.7073,46.5659]]]}},{"type":"Feature","properties":{"code":"71095","nom":"Chapelle-sous-Dun","app":7.34,"app_bas":5.7,"app_haut":9.46,"app_ech":"maille","app_obs":1,"mai":7.86,"mai_bas":6.03,"mai_haut":10.24,"mai_ech":"maille","mai_obs":12},"geometry":{"type":"Polygon","coordinates":[[[4.2827,46.2779],[4.2891,46.2726],[4.3102,46.2802],[4.3166,46.2702],[4.3267,46.2617],[4.3169,46.2509],[4.2831,46.2529],[4.2732,46.259],[4.2753,46.2671],[4.2827,46.2779]]]}},{"type":"Feature","properties":{"code":"71217","nom":"Germolles-sur-Grosne","app":10.94,"app_bas":8.74,"app_haut":13.69,"app_ech":"maille","app_obs":0,"mai":9.04,"mai_bas":6.81,"mai_haut":11.99,"mai_ech":"maille","mai_obs":1},"geometry":{"type":"Polygon","coordinates":[[[4.5865,46.2687],[4.5727,46.2771],[4.5716,46.2905],[4.585,46.2926],[4.5971,46.2845],[4.617,46.2806],[4.622,46.2701],[4.6186,46.2648],[4.601,46.2679],[4.5865,46.2687]]]}},{"type":"Feature","properties":{"code":"71219","nom":"Gigny-sur-Saône","app":10.06,"app_bas":8.18,"app_haut":12.37,"app_ech":"maille","app_obs":0,"mai":9.12,"mai_bas":7.45,"mai_haut":11.15,"mai_ech":"maille","mai_obs":18},"geometry":{"type":"Polygon","coordinates":[[[4.9199,46.662],[4.9211,46.676],[4.9337,46.686],[4.9438,46.6877],[4.9545,46.6537],[4.9561,46.6367],[4.9524,46.6262],[4.9461,46.621],[4.9259,46.6241],[4.9312,46.6412],[4.9154,46.65],[4.9263,46.6528],[4.9199,46.662]]]}},{"type":"Feature","properties":{"code":"71264","nom":"Lournand","app":9.91,"app_bas":7.46,"app_haut":13.16,"app_ech":"maille","app_obs":2,"mai":9.79,"mai_bas":7.33,"mai_haut":13.08,"mai_ech":"maille","mai_obs":7},"geometry":{"type":"Polygon","coordinates":[[[4.6549,46.4852],[4.6667,46.4769],[4.6739,46.4769],[4.6708,46.4571],[4.6679,46.4531],[4.6508,46.4489],[4.6356,46.4495],[4.6228,46.4475],[4.6279,46.4574],[4.6254,46.4686],[4.6313,46.4682],[4.6423,46.4827],[4.6549,46.4852]]]}},{"type":"Feature","properties":{"code":"71431","nom":"Saint-Jean-de-Trézy","app":8.07,"app_bas":6.31,"app_haut":10.3,"app_ech":"maille","app_obs":0,"mai":8.51,"mai_bas":6.82,"mai_haut":10.63,"mai_ech":"maille","mai_obs":14},"geometry":{"type":"Polygon","coordinates":[[[4.5493,46.8336],[4.5455,46.8378],[4.5539,46.8514],[4.5717,46.8491],[4.591,46.8556],[4.6158,46.8553],[4.6194,46.8496],[4.6232,46.8469],[4.6145,46.8391],[4.614,46.8336],[4.5969,46.8336],[4.5884,46.8274],[4.5669,46.8366],[4.5533,46.8368],[4.5493,46.8336]]]}},{"type":"Feature","properties":{"code":"71445","nom":"Saint-Marcel","app":11.76,"app_bas":9.57,"app_haut":14.45,"app_ech":"commune","app_obs":358,"mai":10.39,"mai_bas":8.5,"mai_haut":12.69,"mai_ech":"commune","mai_obs":232},"geometry":{"type":"Polygon","coordinates":[[[4.9045,46.7669],[4.8926,46.762],[4.8771,46.7625],[4.8693,46.756],[4.8587,46.7602],[4.8674,46.7739],[4.867,46.7784],[4.882,46.7918],[4.8952,46.7873],[4.9167,46.7882],[4.9148,46.777],[4.9045,46.7669]]]}},{"type":"Feature","properties":{"code":"71507","nom":"Savigny-sur-Grosne","app":9.91,"app_bas":7.46,"app_haut":13.16,"app_ech":"maille","app_obs":0,"mai":7.24,"mai_bas":5.86,"mai_haut":8.95,"mai_ech":"maille","mai_obs":3},"geometry":{"type":"Polygon","coordinates":[[[4.6518,46.5988],[4.6657,46.5976],[4.6857,46.5847],[4.6785,46.5748],[4.6582,46.5624],[4.643,46.5684],[4.6514,46.5759],[4.6517,46.5831],[4.6566,46.5894],[4.6518,46.5988]]]}},{"type":"Feature","properties":{"code":"71519","nom":"Serrigny-en-Bresse","app":7.94,"app_bas":6.06,"app_haut":10.4,"app_ech":"maille","app_obs":3,"mai":9.12,"mai_bas":7.45,"mai_haut":11.15,"mai_ech":"maille","mai_obs":6},"geometry":{"type":"Polygon","coordinates":[[[5.1031,46.824],[5.0958,46.8412],[5.1011,46.8437],[5.1192,46.842],[5.1288,46.839],[5.1421,46.8462],[5.1472,46.8443],[5.1388,46.8251],[5.14,46.8184],[5.1362,46.8047],[5.1308,46.8013],[5.1225,46.8003],[5.1079,46.8053],[5.1028,46.8125],[5.109,46.8184],[5.1031,46.824]]]}},{"type":"Feature","properties":{"code":"71022","nom":"Baudemont","app":7.38,"app_bas":5.66,"app_haut":9.63,"app_ech":"maille","app_obs":13,"mai":7.38,"mai_bas":5.67,"mai_haut":9.6,"mai_ech":"maille","mai_obs":13},"geometry":{"type":"Polygon","coordinates":[[[4.2827,46.2779],[4.2767,46.283],[4.27,46.2829],[4.2642,46.2903],[4.2685,46.2926],[4.2708,46.3023],[4.2687,46.3083],[4.2839,46.3117],[4.2925,46.3089],[4.3023,46.2958],[4.2985,46.2856],[4.2989,46.2762],[4.2891,46.2726],[4.2827,46.2779]]]}},{"type":"Feature","properties":{"code":"71112","nom":"Château","app":9.91,"app_bas":7.46,"app_haut":13.16,"app_ech":"maille","app_obs":0,"mai":9.04,"mai_bas":6.81,"mai_haut":11.99,"mai_ech":"maille","mai_obs":1},"geometry":{"type":"Polygon","coordinates":[[[4.5817,46.403],[4.5617,46.4148],[4.5654,46.418],[4.56,46.4272],[4.5659,46.4317],[4.5751,46.4323],[4.5913,46.4372],[4.6085,46.4347],[4.6134,46.4405],[4.6316,46.4348],[4.6155,46.4179],[4.6105,46.4079],[4.5817,46.403]]]}},{"type":"Feature","properties":{"code":"71227","nom":"Grury","app":6.99,"app_bas":5.4,"app_haut":9.04,"app_ech":"maille","app_obs":2,"mai":6.93,"mai_bas":5.38,"mai_haut":8.93,"mai_ech":"maille","mai_obs":36},"geometry":{"type":"Polygon","coordinates":[[[3.8552,46.6405],[3.861,46.6485],[3.8652,46.6676],[3.8721,46.6757],[3.8781,46.6784],[3.9114,46.7016],[3.9296,46.6986],[3.9414,46.707],[3.9428,46.7013],[3.9556,46.6959],[3.9482,46.6888],[3.9578,46.6745],[3.9849,46.6706],[3.9783,46.662],[3.9666,46.664],[3.963,46.6598],[3.9508,46.6565],[3.9454,46.6489],[3.945,46.6366],[3.9284,46.6332],[3.9131,46.6453],[3.9044,46.6408],[3.8939,46.6288],[3.8906,46.6281],[3.8649,46.6309],[3.8552,46.6405]]]}},{"type":"Feature","properties":{"code":"71261","nom":"Loisy","app":8.64,"app_bas":6.98,"app_haut":10.7,"app_ech":"maille","app_obs":3,"mai":9.12,"mai_bas":7.45,"mai_haut":11.15,"mai_ech":"maille","mai_obs":9},"geometry":{"type":"Polygon","coordinates":[[[4.9791,46.5759],[4.9742,46.5895],[5.0044,46.6016],[5.0165,46.6049],[5.0298,46.6201],[5.034,46.6212],[5.0389,46.6199],[5.0392,46.6103],[5.0328,46.6008],[5.0321,46.5927],[5.0353,46.5861],[5.0411,46.584],[5.0313,46.5786],[5.0236,46.5668],[5.0178,46.5664],[5.0113,46.575],[5.0012,46.577],[4.9791,46.5759]]]}},{"type":"Feature","properties":{"code":"71401","nom":"Sainte-Croix","app":9.37,"app_bas":7.22,"app_haut":12.16,"app_ech":"maille","app_obs":27,"mai":8.14,"mai_bas":6.47,"mai_haut":10.25,"mai_ech":"maille","mai_obs":9},"geometry":{"type":"Polygon","coordinates":[[[5.2063,46.5606],[5.224,46.5745],[5.2187,46.5818],[5.2291,46.5941],[5.2345,46.5919],[5.2395,46.5824],[5.2447,46.5829],[5.2652,46.5748],[5.264,46.5625],[5.2721,46.5573],[5.264,46.5468],[5.2692,46.5349],[5.2523,46.5362],[5.2465,46.5408],[5.2378,46.5409],[5.2297,46.5347],[5.2294,46.5307],[5.2236,46.5302],[5.2121,46.5374],[5.2099,46.5481],[5.2121,46.5563],[5.2063,46.5606]]]}},{"type":"Feature","properties":{"code":"71440","nom":"Saint-Léger-sous-Beuvray","app":7.93,"app_bas":6.07,"app_haut":10.36,"app_ech":"maille","app_obs":21,"mai":6.93,"mai_bas":5.38,"mai_haut":8.93,"mai_ech":"maille","mai_obs":2},"geometry":{"type":"Polygon","coordinates":[[[4.1033,46.9464],[4.1431,46.9321],[4.1497,46.9317],[4.1467,46.9131],[4.1416,46.9022],[4.1289,46.8994],[4.1017,46.9012],[4.0892,46.8997],[4.075,46.8919],[4.0635,46.8986],[4.0447,46.9012],[4.0371,46.9197],[4.0365,46.9278],[4.0451,46.9377],[4.0715,46.9382],[4.0871,46.9352],[4.1033,46.9464]]]}},{"type":"Feature","properties":{"code":"71454","nom":"Saint-Martin-du-Mont","app":9.37,"app_bas":7.22,"app_haut":12.16,"app_ech":"maille","app_obs":0,"mai":8.14,"mai_bas":6.47,"mai_haut":10.25,"mai_ech":"maille","mai_obs":10},"geometry":{"type":"Polygon","coordinates":[[[5.3212,46.6297],[5.3209,46.6263],[5.3075,46.6195],[5.302,46.6087],[5.2922,46.6024],[5.2917,46.6071],[5.2848,46.6145],[5.2737,46.6208],[5.2748,46.6283],[5.2803,46.6299],[5.2892,46.6308],[5.2948,46.6261],[5.3212,46.6297]]]}},{"type":"Feature","properties":{"code":"71551","nom":"Uchon","app":8.14,"app_bas":6.46,"app_haut":10.25,"app_ech":"maille","app_obs":0,"mai":7.21,"mai_bas":5.88,"mai_haut":8.85,"mai_ech":"maille","mai_obs":0},"geometry":{"type":"Polygon","coordinates":[[[4.2667,46.7884],[4.2609,46.7985],[4.2354,46.8011],[4.2348,46.8079],[4.2265,46.8086],[4.2327,46.8161],[4.2527,46.8239],[4.2813,46.8234],[4.2923,46.801],[4.2667,46.7884]]]}},{"type":"Feature","properties":{"code":"71088","nom":"Chapelle-au-Mans","app":6.99,"app_bas":5.4,"app_haut":9.04,"app_ech":"maille","app_obs":2,"mai":6.7,"mai_bas":5.16,"mai_haut":8.69,"mai_ech":"maille","mai_obs":6},"geometry":{"type":"Polygon","coordinates":[[[3.9284,46.6332],[3.945,46.6366],[3.9454,46.6489],[3.9508,46.6565],[3.963,46.6598],[3.974,46.6477],[3.9779,46.6549],[3.9915,46.6536],[3.9974,46.6502],[3.9993,46.6431],[4.0317,46.6156],[4.0257,46.6057],[4.0161,46.6148],[4.0099,46.6069],[4.0062,46.6082],[3.9846,46.6077],[3.9746,46.6043],[3.9484,46.6142],[3.9365,46.6228],[3.9284,46.6332]]]}},{"type":"Feature","properties":{"code":"71140","nom":"Collonge-la-Madeleine","app":8.07,"app_bas":6.31,"app_haut":10.3,"app_ech":"maille","app_obs":0,"mai":8.69,"mai_bas":6.39,"mai_haut":11.8,"mai_ech":"maille","mai_obs":1},"geometry":{"type":"Polygon","coordinates":[[[4.5058,46.9368],[4.5226,46.951],[4.5237,46.9562],[4.5472,46.9429],[4.5368,46.9336],[4.5169,46.9274],[4.5058,46.9368]]]}},{"type":"Feature","properties":{"code":"71553","nom":"Vareilles","app":7.38,"app_bas":5.66,"app_haut":9.63,"app_ech":"maille","app_obs":0,"mai":7.38,"mai_bas":5.67,"mai_haut":9.6,"mai_ech":"maille","mai_obs":2},"geometry":{"type":"Polygon","coordinates":[[[4.2282,46.3067],[4.2641,46.3176],[4.2708,46.3023],[4.2685,46.2926],[4.2642,46.2903],[4.2587,46.291],[4.2282,46.2863],[4.2284,46.2918],[4.2231,46.3034],[4.2282,46.3067]]]}},{"type":"Feature","properties":{"code":"71558","nom":"Varennes-Saint-Sauveur","app":9.04,"app_bas":7.04,"app_haut":11.59,"app_ech":"maille","app_obs":47,"mai":7.09,"mai_bas":5.42,"mai_haut":9.27,"mai_ech":"maille","mai_obs":24},"geometry":{"type":"Polygon","coordinates":[[[5.2692,46.5349],[5.2779,46.5263],[5.2763,46.5215],[5.2603,46.5105],[5.2577,46.5045],[5.2571,46.4775],[5.248,46.4594],[5.2363,46.4578],[5.2255,46.4683],[5.2151,46.4684],[5.213,46.4813],[5.2067,46.4862],[5.2091,46.4929],[5.2036,46.497],[5.2036,46.5048],[5.2294,46.5307],[5.2297,46.5347],[5.2378,46.5409],[5.2465,46.5408],[5.2523,46.5362],[5.2692,46.5349]]]}},{"type":"Feature","properties":{"code":"71092","nom":"Chapelle-Naude","app":8.64,"app_bas":6.98,"app_haut":10.7,"app_ech":"maille","app_obs":5,"mai":8.14,"mai_bas":6.47,"mai_haut":10.25,"mai_ech":"maille","mai_obs":11},"geometry":{"type":"Polygon","coordinates":[[[5.158,46.6013],[5.163,46.6071],[5.1851,46.6012],[5.2036,46.6122],[5.2154,46.6106],[5.2128,46.6026],[5.2174,46.5973],[5.2291,46.5941],[5.2187,46.5818],[5.224,46.5745],[5.2063,46.5606],[5.1922,46.567],[5.1766,46.5713],[5.1596,46.5785],[5.1561,46.5846],[5.1632,46.5902],[5.1631,46.5976],[5.158,46.6013]]]}},{"type":"Feature","properties":{"code":"71153","nom":"Creusot","app":9.05,"app_bas":7.09,"app_haut":11.55,"app_ech":"commune","app_obs":4314,"mai":9.49,"mai_bas":7.61,"mai_haut":11.85,"mai_ech":"commune","mai_obs":362},"geometry":{"type":"Polygon","coordinates":[[[4.4234,46.787],[4.4044,46.7927],[4.3949,46.7992],[4.391,46.8071],[4.398,46.8251],[4.4213,46.8218],[4.4435,46.8263],[4.46,46.8205],[4.4514,46.8134],[4.46,46.8061],[4.4575,46.7938],[4.4512,46.7876],[4.4234,46.787]]]}},{"type":"Feature","properties":{"code":"71321","nom":"Morey","app":9.77,"app_bas":7.95,"app_haut":12.01,"app_ech":"maille","app_obs":6,"mai":8.51,"mai_bas":6.82,"mai_haut":10.63,"mai_ech":"maille","mai_obs":3},"geometry":{"type":"Polygon","coordinates":[[[4.5551,46.7853],[4.5576,46.7928],[4.5803,46.8095],[4.5989,46.8065],[4.6225,46.7987],[4.6252,46.7934],[4.6137,46.7858],[4.5638,46.7713],[4.5584,46.7765],[4.5551,46.7853]]]}},{"type":"Feature","properties":{"code":"71335","nom":"Ouroux-sous-le-Bois-Sainte-Marie","app":7.47,"app_bas":5.93,"app_haut":9.41,"app_ech":"maille","app_obs":0,"mai":8.19,"mai_bas":6.44,"mai_haut":10.43,"mai_ech":"maille","mai_obs":1},"geometry":{"type":"Polygon","coordinates":[[[4.3231,46.368],[4.3204,46.3614],[4.3232,46.3493],[4.3118,46.3485],[4.3008,46.3529],[4.2934,46.3601],[4.3066,46.3754],[4.3134,46.3742],[4.3231,46.368]]]}},{"type":"Feature","properties":{"code":"71369","nom":"Remigny","app":11.15,"app_bas":8.7,"app_haut":14.28,"app_ech":"maille","app_obs":5,"mai":8.65,"mai_bas":6.54,"mai_haut":11.45,"mai_ech":"maille","mai_obs":11},"geometry":{"type":"Polygon","coordinates":[[[4.7185,46.9198],[4.7281,46.9194],[4.7339,46.905],[4.7206,46.8973],[4.7226,46.9004],[4.7132,46.9064],[4.7215,46.9142],[4.7185,46.9198]]]}},{"type":"Feature","properties":{"code":"71567","nom":"Vergisson","app":9.82,"app_bas":7.96,"app_haut":12.12,"app_ech":"maille","app_obs":15,"mai":9.04,"mai_bas":6.81,"mai_haut":11.99,"mai_ech":"maille","mai_obs":21},"geometry":{"type":"Polygon","coordinates":[[[4.716,46.3239],[4.7227,46.3206],[4.7307,46.311],[4.7256,46.3065],[4.7121,46.2991],[4.6939,46.2945],[4.6934,46.3023],[4.7048,46.3237],[4.716,46.3239]]]}},{"type":"Feature","properties":{"code":"71119","nom":"Chaudenay","app":11.27,"app_bas":9.07,"app_haut":14.01,"app_ech":"maille","app_obs":17,"mai":8.69,"mai_bas":6.39,"mai_haut":11.8,"mai_ech":"maille","mai_obs":17},"geometry":{"type":"Polygon","coordinates":[[[4.7793,46.9189],[4.7904,46.9245],[4.7888,46.9322],[4.8051,46.9329],[4.8087,46.9306],[4.8107,46.9212],[4.8209,46.9085],[4.8158,46.907],[4.8042,46.906],[4.793,46.9013],[4.7791,46.901],[4.772,46.9067],[4.7709,46.9178],[4.7793,46.9189]]]}},{"type":"Feature","properties":{"code":"71436","nom":"Saint-Laurent-d'Andenay","app":10,"app_bas":8.12,"app_haut":12.31,"app_ech":"maille","app_obs":5,"mai":7.24,"mai_bas":5.86,"mai_haut":8.95,"mai_ech":"maille","mai_obs":11},"geometry":{"type":"Polygon","coordinates":[[[4.4951,46.7445],[4.5047,46.7439],[4.5149,46.7482],[4.5251,46.7437],[4.535,46.7358],[4.5446,46.737],[4.5321,46.7239],[4.5287,46.7172],[4.5313,46.7117],[4.5207,46.7103],[4.5044,46.7201],[4.4933,46.7229],[4.4786,46.7349],[4.4951,46.7445]]]}},{"type":"Feature","properties":{"code":"71441","nom":"Saint-Léger-sous-la-Bussière","app":10.94,"app_bas":8.74,"app_haut":13.69,"app_ech":"maille","app_obs":4,"mai":9.04,"mai_bas":6.81,"mai_haut":11.99,"mai_ech":"maille","mai_obs":5},"geometry":{"type":"Polygon","coordinates":[[[4.5306,46.3102],[4.5446,46.3152],[4.5612,46.332],[4.5643,46.3317],[4.5727,46.3216],[4.5833,46.3133],[4.5854,46.3067],[4.5698,46.2934],[4.5578,46.2946],[4.5501,46.3059],[4.5306,46.3102]]]}},{"type":"Feature","properties":{"code":"71010","nom":"Antully","app":8.14,"app_bas":6.46,"app_haut":10.25,"app_ech":"maille","app_obs":9,"mai":8.69,"mai_bas":6.39,"mai_haut":11.8,"mai_ech":"maille","mai_obs":13},"geometry":{"type":"Polygon","coordinates":[[[4.3626,46.8894],[4.3483,46.9004],[4.355,46.9128],[4.3639,46.9237],[4.3812,46.9232],[4.3934,46.9137],[4.403,46.9154],[4.4129,46.9216],[4.4274,46.9228],[4.4254,46.9115],[4.4539,46.9042],[4.4461,46.8817],[4.4349,46.8748],[4.43,46.8609],[4.4228,46.8504],[4.4115,46.8522],[4.3982,46.8591],[4.3931,46.8651],[4.3946,46.8736],[4.3767,46.8771],[4.3626,46.8894]]]}},{"type":"Feature","properties":{"code":"71050","nom":"Bourgvilain","app":9.82,"app_bas":7.96,"app_haut":12.12,"app_ech":"maille","app_obs":4,"mai":9.94,"mai_bas":7.93,"mai_haut":12.47,"mai_ech":"maille","mai_obs":1},"geometry":{"type":"Polygon","coordinates":[[[4.6503,46.3464],[4.6218,46.3552],[4.6057,46.3583],[4.6165,46.3759],[4.6356,46.3833],[4.648,46.378],[4.6593,46.3783],[4.6626,46.3739],[4.6619,46.3655],[4.6568,46.3579],[4.6596,46.3519],[4.6503,46.3464]]]}},{"type":"Feature","properties":{"code":"71163","nom":"Curtil-sous-Buffières","app":7.47,"app_bas":5.93,"app_haut":9.41,"app_ech":"maille","app_obs":6,"mai":9.79,"mai_bas":7.33,"mai_haut":13.08,"mai_ech":"maille","mai_obs":3},"geometry":{"type":"Polygon","coordinates":[[[4.5178,46.4111],[4.5322,46.4152],[4.5449,46.4097],[4.5405,46.3956],[4.5267,46.3933],[4.5158,46.3895],[4.5066,46.4039],[4.5178,46.4111]]]}},{"type":"Feature","properties":{"code":"71262","nom":"Longepierre","app":9.12,"app_bas":7.19,"app_haut":11.57,"app_ech":"maille","app_obs":1,"mai":8.92,"mai_bas":6.98,"mai_haut":11.39,"mai_ech":"maille","mai_obs":9},"geometry":{"type":"Polygon","coordinates":[[[5.1679,46.9255],[5.1653,46.9295],[5.1669,46.9431],[5.1865,46.9412],[5.2166,46.9522],[5.2276,46.9503],[5.2334,46.9316],[5.2267,46.9272],[5.2167,46.926],[5.2228,46.9194],[5.209,46.9093],[5.1957,46.9216],[5.188,46.9233],[5.1819,46.9308],[5.1679,46.9255]]]}},{"type":"Feature","properties":{"code":"71337","nom":"Oyé","app":8.42,"app_bas":6.17,"app_haut":11.49,"app_ech":"maille","app_obs":4,"mai":8.19,"mai_bas":6.44,"mai_haut":10.43,"mai_ech":"maille","mai_obs":10},"geometry":{"type":"Polygon","coordinates":[[[4.2282,46.3067],[4.2231,46.3034],[4.1822,46.3009],[4.1812,46.3083],[4.1649,46.3157],[4.1641,46.3236],[4.17,46.3325],[4.1759,46.3519],[4.1816,46.359],[4.1852,46.352],[4.2129,46.3441],[4.2095,46.3407],[4.2218,46.3137],[4.2282,46.3067]]]}},{"type":"Feature","properties":{"code":"71357","nom":"Pourlans","app":9.31,"app_bas":7.58,"app_haut":11.42,"app_ech":"maille","app_obs":0,"mai":8.92,"mai_bas":6.98,"mai_haut":11.39,"mai_ech":"maille","mai_obs":5},"geometry":{"type":"Polygon","coordinates":[[[5.2552,46.9799],[5.2549,46.9716],[5.2632,46.9636],[5.2642,46.959],[5.2602,46.9456],[5.252,46.9443],[5.2489,46.937],[5.2334,46.9316],[5.2276,46.9503],[5.2166,46.9522],[5.2173,46.9605],[5.2077,46.9721],[5.2122,46.9801],[5.2221,46.9888],[5.2552,46.9799]]]}},{"type":"Feature","properties":{"code":"71521","nom":"Sigy-le-Châtel","app":10,"app_bas":8.12,"app_haut":12.31,"app_ech":"maille","app_obs":1,"mai":7.32,"mai_bas":5.59,"mai_haut":9.58,"mai_ech":"maille","mai_obs":0},"geometry":{"type":"Polygon","coordinates":[[[4.5491,46.5498],[4.5539,46.5648],[4.5607,46.567],[4.5771,46.5688],[4.5793,46.5619],[4.5903,46.5596],[4.594,46.5509],[4.5923,46.545],[4.563,46.5446],[4.5488,46.5468],[4.5491,46.5498]]]}},{"type":"Feature","properties":{"code":"71032","nom":"Berzé-la-Ville","app":9.82,"app_bas":7.96,"app_haut":12.12,"app_ech":"maille","app_obs":7,"mai":9.94,"mai_bas":7.93,"mai_haut":12.47,"mai_ech":"maille","mai_obs":15},"geometry":{"type":"Polygon","coordinates":[[[4.7078,46.3511],[4.6945,46.3602],[4.6849,46.3777],[4.6947,46.3821],[4.6957,46.3882],[4.701,46.3875],[4.7091,46.3744],[4.7165,46.3686],[4.7166,46.3601],[4.714,46.3514],[4.7078,46.3511]]]}},{"type":"Feature","properties":{"code":"71043","nom":"Bordes","app":7.94,"app_bas":6.06,"app_haut":10.4,"app_ech":"maille","app_obs":1,"mai":9.14,"mai_bas":7.3,"mai_haut":11.44,"mai_ech":"maille","mai_obs":5},"geometry":{"type":"Polygon","coordinates":[[[5.0296,46.8984],[5.0416,46.8987],[5.0546,46.9087],[5.0596,46.9055],[5.0603,46.8927],[5.0397,46.8936],[5.0315,46.8918],[5.0296,46.8984]]]}},{"type":"Feature","properties":{"code":"71047","nom":"Bourbon-Lancy","app":8.52,"app_bas":6.79,"app_haut":10.68,"app_ech":"commune","app_obs":463,"mai":8.34,"mai_bas":6.35,"mai_haut":10.96,"mai_ech":"commune","mai_obs":182},"geometry":{"type":"Polygon","coordinates":[[[3.7379,46.6587],[3.753,46.6678],[3.7603,46.669],[3.7619,46.6636],[3.7969,46.6537],[3.8091,46.6578],[3.8138,46.6581],[3.8202,46.6509],[3.8164,46.6363],[3.7968,46.6233],[3.8089,46.6186],[3.8104,46.6141],[3.8009,46.6107],[3.8099,46.6021],[3.8006,46.5942],[3.8005,46.59],[3.8081,46.5793],[3.8094,46.5711],[3.7947,46.5693],[3.7726,46.5814],[3.7646,46.5832],[3.739,46.5839],[3.7324,46.6049],[3.7176,46.6058],[3.7139,46.614],[3.723,46.6221],[3.7227,46.6276],[3.7162,46.631],[3.7046,46.6452],[3.7204,46.6393],[3.73,46.6327],[3.7345,46.6334],[3.735,46.6472],[3.7379,46.6587]]]}},{"type":"Feature","properties":{"code":"71118","nom":"Châtenoy-le-Royal","app":10.97,"app_bas":8.95,"app_haut":13.46,"app_ech":"commune","app_obs":213,"mai":9.82,"mai_bas":7.43,"mai_haut":12.97,"mai_ech":"commune","mai_obs":124},"geometry":{"type":"Polygon","coordinates":[[[4.7848,46.7852],[4.7949,46.7925],[4.7969,46.799],[4.7905,46.8015],[4.7922,46.8183],[4.8045,46.8096],[4.8314,46.8005],[4.8316,46.7938],[4.8267,46.7824],[4.8083,46.7705],[4.7999,46.7689],[4.7926,46.7638],[4.7858,46.7611],[4.7816,46.7702],[4.7884,46.7802],[4.7848,46.7852]]]}},{"type":"Feature","properties":{"code":"71297","nom":"Mesvres","app":8.27,"app_bas":6.53,"app_haut":10.48,"app_ech":"maille","app_obs":36,"mai":7.21,"mai_bas":5.88,"mai_haut":8.85,"mai_ech":"maille","mai_obs":25},"geometry":{"type":"Polygon","coordinates":[[[4.2733,46.9063],[4.2706,46.8968],[4.2779,46.8805],[4.2843,46.8731],[4.2885,46.8638],[4.2844,46.8595],[4.2801,46.8478],[4.2622,46.8426],[4.2551,46.8444],[4.2509,46.8539],[4.2375,46.8465],[4.2297,46.8462],[4.2157,46.8571],[4.2214,46.8653],[4.2236,46.8859],[4.2369,46.8836],[4.2444,46.8911],[4.272,46.9089],[4.2733,46.9063]]]}},{"type":"Feature","properties":{"code":"71344","nom":"Passy","app":10,"app_bas":8.12,"app_haut":12.31,"app_ech":"maille","app_obs":0,"mai":9.79,"mai_bas":7.33,"mai_haut":13.08,"mai_ech":"maille","mai_obs":4},"geometry":{"type":"Polygon","coordinates":[[[4.5262,46.5313],[4.5206,46.5492],[4.5383,46.5516],[4.5491,46.5498],[4.5458,46.5303],[4.5339,46.5287],[4.5262,46.5313]]]}},{"type":"Feature","properties":{"code":"71542","nom":"Toulon-sur-Arroux","app":7.32,"app_bas":5.75,"app_haut":9.33,"app_ech":"commune","app_obs":164,"mai":6.7,"mai_bas":5.16,"mai_haut":8.69,"mai_ech":"maille","mai_obs":53},"geometry":{"type":"Polygon","coordinates":[[[4.103,46.6535],[4.1091,46.6685],[4.1011,46.6739],[4.1099,46.6813],[4.115,46.6904],[4.1139,46.6962],[4.1198,46.7051],[4.1342,46.7098],[4.1348,46.7162],[4.1391,46.7224],[4.1394,46.7295],[4.1529,46.7304],[4.1591,46.7248],[4.1644,46.7118],[4.1776,46.7089],[4.1888,46.7099],[4.1978,46.7058],[4.1936,46.6999],[4.1974,46.6928],[4.2041,46.6873],[4.2026,46.6856],[4.1892,46.685],[4.179,46.6796],[4.1735,46.6734],[4.181,46.6611],[4.1507,46.6459],[4.1384,46.6421],[4.1223,46.6437],[4.1155,46.6462],[4.103,46.6535]]]}},{"type":"Feature","properties":{"code":"71549","nom":"Truchère","app":9.04,"app_bas":7.04,"app_haut":11.59,"app_ech":"maille","app_obs":0,"mai":8.14,"mai_bas":6.47,"mai_haut":10.25,"mai_ech":"maille","mai_obs":6},"geometry":{"type":"Polygon","coordinates":[[[4.9776,46.524],[4.9802,46.5152],[4.9646,46.5132],[4.9603,46.508],[4.9491,46.5014],[4.9442,46.5102],[4.9356,46.5142],[4.9388,46.523],[4.966,46.5254],[4.9776,46.524]]]}},{"type":"Feature","properties":{"code":"71233","nom":"Hôpital-le-Mercier","app":7.78,"app_bas":6.02,"app_haut":10.06,"app_ech":"maille","app_obs":3,"mai":6.91,"mai_bas":5.42,"mai_haut":8.83,"mai_ech":"maille","mai_obs":7},"geometry":{"type":"Polygon","coordinates":[[[4.0265,46.375],[4.0135,46.372],[4.0042,46.3747],[3.9979,46.3814],[3.9819,46.3852],[3.9776,46.3979],[3.9887,46.4088],[3.9846,46.4165],[4.0213,46.4147],[4.0231,46.4049],[4.0326,46.4029],[4.04,46.3921],[4.0407,46.3842],[4.0382,46.3803],[4.0265,46.375]]]}},{"type":"Feature","properties":{"code":"71274","nom":"Mancey","app":11.77,"app_bas":9.36,"app_haut":14.8,"app_ech":"maille","app_obs":0,"mai":8.17,"mai_bas":6.43,"mai_haut":10.37,"mai_ech":"maille","mai_obs":10},"geometry":{"type":"Polygon","coordinates":[[[4.8133,46.5694],[4.8181,46.5787],[4.8306,46.5902],[4.8388,46.5883],[4.8506,46.5761],[4.8632,46.5742],[4.8748,46.5702],[4.8691,46.5659],[4.8732,46.5583],[4.8718,46.5506],[4.8442,46.5547],[4.846,46.5611],[4.8411,46.5645],[4.8153,46.5681],[4.8133,46.5694]]]}},{"type":"Feature","properties":{"code":"71354","nom":"Poisson","app":8.42,"app_bas":6.17,"app_haut":11.49,"app_ech":"maille","app_obs":17,"mai":8.19,"mai_bas":6.44,"mai_haut":10.43,"mai_ech":"maille","mai_obs":23},"geometry":{"type":"Polygon","coordinates":[[[4.1374,46.4218],[4.1434,46.4118],[4.1453,46.4033],[4.1612,46.3949],[4.1749,46.3781],[4.1803,46.3765],[4.184,46.3705],[4.1816,46.359],[4.1759,46.3519],[4.1638,46.3593],[4.1476,46.3545],[4.139,46.3502],[4.1085,46.3613],[4.1012,46.3627],[4.0877,46.372],[4.0848,46.378],[4.087,46.3897],[4.0964,46.3926],[4.1074,46.408],[4.1374,46.4218]]]}},{"type":"Feature","properties":{"code":"71480","nom":"Saint-Sernin-du-Plain","app":8.07,"app_bas":6.31,"app_haut":10.3,"app_ech":"maille","app_obs":6,"mai":8.51,"mai_bas":6.82,"mai_haut":10.63,"mai_ech":"maille","mai_obs":8},"geometry":{"type":"Polygon","coordinates":[[[4.64,46.8809],[4.6363,46.8769],[4.635,46.8657],[4.6196,46.8573],[4.6141,46.8658],[4.6218,46.8737],[4.6165,46.8812],[4.6084,46.8858],[4.5911,46.8911],[4.5931,46.9023],[4.5872,46.9035],[4.59,46.9165],[4.5969,46.9174],[4.6115,46.9076],[4.6207,46.9153],[4.631,46.9155],[4.6286,46.9029],[4.6368,46.9011],[4.6459,46.8956],[4.6357,46.889],[4.64,46.8809]]]}},{"type":"Feature","properties":{"code":"71002","nom":"Abergement-Sainte-Colombe","app":10.06,"app_bas":8.18,"app_haut":12.37,"app_ech":"maille","app_obs":32,"mai":10.06,"mai_bas":7.66,"mai_haut":13.21,"mai_ech":"maille","mai_obs":34},"geometry":{"type":"Polygon","coordinates":[[[5.0383,46.7373],[5.0359,46.7319],[5.0221,46.7363],[5.0136,46.7411],[5.0091,46.7342],[5.0005,46.7337],[4.9869,46.7409],[4.9937,46.7489],[4.9984,46.7612],[4.9954,46.7682],[4.9999,46.7744],[5.0106,46.7775],[5.0132,46.772],[5.021,46.7683],[5.0327,46.7718],[5.0441,46.7707],[5.0522,46.7609],[5.0574,46.7581],[5.0773,46.7624],[5.0819,46.7557],[5.0772,46.7475],[5.0645,46.7487],[5.0556,46.7402],[5.0416,46.7434],[5.0383,46.7373]]]}},{"type":"Feature","properties":{"code":"71132","nom":"Ciry-le-Noble","app":7.47,"app_bas":5.93,"app_haut":9.41,"app_ech":"maille","app_obs":73,"mai":6.7,"mai_bas":5.16,"mai_haut":8.69,"mai_ech":"maille","mai_obs":67},"geometry":{"type":"Polygon","coordinates":[[[4.2774,46.5566],[4.2843,46.5613],[4.2872,46.5675],[4.2797,46.5764],[4.2721,46.5963],[4.2578,46.6022],[4.2527,46.6101],[4.263,46.6124],[4.2704,46.6171],[4.2775,46.6279],[4.2717,46.6358],[4.2874,46.6342],[4.2925,46.6314],[4.3038,46.6324],[4.3232,46.6302],[4.3259,46.6261],[4.3238,46.6147],[4.3266,46.5954],[4.3345,46.581],[4.3348,46.5758],[4.3207,46.5737],[4.3097,46.5805],[4.3126,46.5645],[4.3043,46.5507],[4.2872,46.5509],[4.2774,46.5566]]]}},{"type":"Feature","properties":{"code":"71263","nom":"Louhans","app":9.49,"app_bas":7.53,"app_haut":11.96,"app_ech":"commune","app_obs":1422,"mai":8.79,"mai_bas":6.97,"mai_haut":11.09,"mai_ech":"commune","mai_obs":306},"geometry":{"type":"Polygon","coordinates":[[[5.2055,46.6316],[5.2055,46.6488],[5.2021,46.6581],[5.2202,46.6603],[5.2292,46.6553],[5.2492,46.6548],[5.2719,46.651],[5.2688,46.6439],[5.2757,46.6357],[5.281,46.6358],[5.2803,46.6299],[5.2748,46.6283],[5.2737,46.6208],[5.2546,46.6142],[5.2373,46.6172],[5.2223,46.6178],[5.2154,46.6106],[5.2036,46.6122],[5.2103,46.626],[5.2055,46.6316]]]}},{"type":"Feature","properties":{"code":"71402","nom":"Saint-Cyr","app":11.77,"app_bas":9.36,"app_haut":14.8,"app_ech":"maille","app_obs":7,"mai":8.17,"mai_bas":6.43,"mai_haut":10.37,"mai_ech":"maille","mai_obs":28},"geometry":{"type":"Polygon","coordinates":[[[4.8747,46.6869],[4.8812,46.6887],[4.8988,46.6983],[4.9312,46.6884],[4.9337,46.686],[4.9211,46.676],[4.9199,46.662],[4.8994,46.6603],[4.8799,46.6623],[4.8753,46.6724],[4.8739,46.6864],[4.8747,46.6869]]]}},{"type":"Feature","properties":{"code":"71308","nom":"Montceaux-Ragny","app":10.51,"app_bas":8,"app_haut":13.81,"app_ech":"maille","app_obs":0,"mai":8.54,"mai_bas":6.52,"mai_haut":11.2,"mai_ech":"maille","mai_obs":0},"geometry":{"type":"Polygon","coordinates":[[[4.8372,46.6311],[4.8416,46.6298],[4.852,46.6216],[4.8513,46.6164],[4.8442,46.6091],[4.8317,46.6179],[4.8372,46.6311]]]}},{"type":"Feature","properties":{"code":"71348","nom":"Perrigny-sur-Loire","app":8.65,"app_bas":6.9,"app_haut":10.85,"app_ech":"maille","app_obs":0,"mai":6.7,"mai_bas":5.16,"mai_haut":8.69,"mai_ech":"maille","mai_obs":4},"geometry":{"type":"Polygon","coordinates":[[[3.8364,46.5577],[3.8474,46.5542],[3.8533,46.5552],[3.8724,46.5664],[3.8788,46.5734],[3.8901,46.5595],[3.8809,46.5583],[3.8891,46.5504],[3.8873,46.5431],[3.8797,46.5422],[3.8728,46.5486],[3.8628,46.5471],[3.8589,46.5293],[3.8609,46.5266],[3.8458,46.5129],[3.8412,46.5197],[3.8465,46.5244],[3.8426,46.5295],[3.834,46.5311],[3.8177,46.5252],[3.8117,46.5206],[3.8098,46.529],[3.8179,46.5414],[3.8291,46.5466],[3.8367,46.5536],[3.8364,46.5577]]]}},{"type":"Feature","properties":{"code":"71568","nom":"Vérissey","app":10.06,"app_bas":8.18,"app_haut":12.37,"app_ech":"maille","app_obs":0,"mai":9.12,"mai_bas":7.45,"mai_haut":11.15,"mai_ech":"maille","mai_obs":2},"geometry":{"type":"Polygon","coordinates":[[[5.1527,46.7212],[5.1465,46.7135],[5.15,46.7008],[5.148,46.6924],[5.0958,46.7137],[5.1084,46.7224],[5.1286,46.7233],[5.1494,46.7191],[5.1527,46.7212]]]}},{"type":"Feature","properties":{"code":"71588","nom":"Vitry-en-Charollais","app":8.42,"app_bas":6.17,"app_haut":11.49,"app_ech":"maille","app_obs":14,"mai":7.32,"mai_bas":5.59,"mai_haut":9.58,"mai_ech":"maille","mai_obs":39},"geometry":{"type":"Polygon","coordinates":[[[4.0299,46.4564],[4.0268,46.4725],[4.0318,46.4758],[4.0256,46.4864],[4.0286,46.489],[4.0499,46.4871],[4.0565,46.4812],[4.0669,46.4797],[4.0738,46.4742],[4.0865,46.4692],[4.1022,46.4608],[4.0992,46.4533],[4.0909,46.4502],[4.0885,46.4457],[4.0783,46.4438],[4.082,46.4341],[4.0686,46.4312],[4.0651,46.4412],[4.0433,46.4437],[4.0325,46.4498],[4.0299,46.4564]]]}},{"type":"Feature","properties":{"code":"71067","nom":"Burnand","app":9.1,"app_bas":6.94,"app_haut":11.93,"app_ech":"maille","app_obs":1,"mai":7.24,"mai_bas":5.86,"mai_haut":8.95,"mai_ech":"maille","mai_obs":3},"geometry":{"type":"Polygon","coordinates":[[[4.6111,46.599],[4.6133,46.6041],[4.6172,46.6086],[4.637,46.6159],[4.6483,46.6119],[4.6542,46.6068],[4.6518,46.5988],[4.6443,46.5975],[4.6415,46.5894],[4.6332,46.5866],[4.6111,46.599]]]}},{"type":"Feature","properties":{"code":"71090","nom":"Chapelle-de-Guinchay","app":10.51,"app_bas":8.41,"app_haut":13.15,"app_ech":"commune","app_obs":235,"mai":11.44,"mai_bas":8.79,"mai_haut":14.9,"mai_ech":"maille","mai_obs":75},"geometry":{"type":"Polygon","coordinates":[[[4.7357,46.2117],[4.7206,46.2224],[4.72,46.2285],[4.7327,46.227],[4.7362,46.2332],[4.7446,46.2306],[4.756,46.2321],[4.7643,46.2274],[4.7839,46.228],[4.7979,46.2245],[4.7955,46.2201],[4.7927,46.2075],[4.7744,46.2072],[4.7609,46.2041],[4.7491,46.2061],[4.7357,46.2117]]]}},{"type":"Feature","properties":{"code":"71251","nom":"Laizy","app":8.27,"app_bas":6.53,"app_haut":10.48,"app_ech":"maille","app_obs":3,"mai":7.21,"mai_bas":5.88,"mai_haut":8.85,"mai_ech":"maille","mai_obs":7},"geometry":{"type":"Polygon","coordinates":[[[4.1572,46.8785],[4.1533,46.8815],[4.1522,46.8929],[4.1568,46.8976],[4.1523,46.902],[4.1416,46.9022],[4.1467,46.9131],[4.1497,46.9317],[4.1768,46.9398],[4.1932,46.9414],[4.1955,46.9486],[4.1994,46.9419],[4.2089,46.9349],[4.218,46.933],[4.215,46.9173],[4.205,46.9056],[4.216,46.9038],[4.224,46.9053],[4.2282,46.8955],[4.2214,46.8877],[4.205,46.8857],[4.1819,46.8869],[4.1727,46.8853],[4.1684,46.8811],[4.1572,46.8785]]]}},{"type":"Feature","properties":{"code":"71501","nom":"Sassangy","app":9.06,"app_bas":6.95,"app_haut":11.79,"app_ech":"maille","app_obs":0,"mai":7.86,"mai_bas":6.15,"mai_haut":10.04,"mai_ech":"maille","mai_obs":7},"geometry":{"type":"Polygon","coordinates":[[[4.6431,46.7398],[4.653,46.7335],[4.66,46.722],[4.6644,46.719],[4.6495,46.7093],[4.6319,46.7121],[4.6287,46.7199],[4.6328,46.7266],[4.6262,46.7336],[4.6431,46.7398]]]}},{"type":"Feature","properties":{"code":"71013","nom":"Authumes","app":9.31,"app_bas":7.58,"app_haut":11.42,"app_ech":"maille","app_obs":0,"mai":8.92,"mai_bas":6.98,"mai_haut":11.39,"mai_ech":"maille","mai_obs":6},"geometry":{"type":"Polygon","coordinates":[[[5.3355,46.8847],[5.315,46.8701],[5.3262,46.8644],[5.3166,46.8582],[5.3083,46.8655],[5.2907,46.8856],[5.2894,46.8917],[5.2787,46.8992],[5.2786,46.9082],[5.2955,46.9083],[5.3121,46.9117],[5.317,46.9041],[5.3287,46.8943],[5.3355,46.8847]]]}},{"type":"Feature","properties":{"code":"71027","nom":"Beaurepaire-en-Bresse","app":9.53,"app_bas":7.45,"app_haut":12.2,"app_ech":"maille","app_obs":52,"mai":8.94,"mai_bas":7.2,"mai_haut":11.08,"mai_ech":"maille","mai_obs":40},"geometry":{"type":"Polygon","coordinates":[[[5.3684,46.6737],[5.3798,46.6799],[5.3954,46.6851],[5.4221,46.673],[5.4248,46.6613],[5.4073,46.6584],[5.4003,46.6541],[5.3844,46.655],[5.3682,46.6525],[5.3716,46.6662],[5.3684,46.6737]]]}},{"type":"Feature","properties":{"code":"71094","nom":"Chapelle-sous-Brancion","app":10.51,"app_bas":8,"app_haut":13.81,"app_ech":"maille","app_obs":1,"mai":8.54,"mai_bas":6.52,"mai_haut":11.2,"mai_ech":"maille","mai_obs":4},"geometry":{"type":"Polygon","coordinates":[[[4.8063,46.552],[4.7965,46.5524],[4.7878,46.5342],[4.7732,46.5369],[4.7638,46.5459],[4.7698,46.5519],[4.7716,46.5594],[4.7668,46.5649],[4.7768,46.5712],[4.7927,46.5725],[4.7988,46.5699],[4.8133,46.5694],[4.8153,46.5681],[4.8063,46.552]]]}},{"type":"Feature","properties":{"code":"71194","nom":"Farges-lès-Chalon","app":10.38,"app_bas":8.25,"app_haut":13.06,"app_ech":"maille","app_obs":13,"mai":10.06,"mai_bas":7.66,"mai_haut":13.21,"mai_ech":"maille","mai_obs":16},"geometry":{"type":"Polygon","coordinates":[[[4.8047,46.8191],[4.7963,46.8236],[4.7991,46.8347],[4.7944,46.8379],[4.7958,46.8451],[4.8109,46.8462],[4.8201,46.8355],[4.812,46.8217],[4.8047,46.8191]]]}},{"type":"Feature","properties":{"code":"71259","nom":"Ligny-en-Brionnais","app":8.42,"app_bas":6.17,"app_haut":11.49,"app_ech":"maille","app_obs":3,"mai":7.38,"mai_bas":5.67,"mai_haut":9.6,"mai_ech":"maille","mai_obs":6},"geometry":{"type":"Polygon","coordinates":[[[4.2237,46.2195],[4.2052,46.2162],[4.2,46.2205],[4.1861,46.2259],[4.1745,46.2454],[4.1709,46.2538],[4.1694,46.2664],[4.1808,46.2639],[4.1902,46.2602],[4.2048,46.2598],[4.2106,46.2535],[4.2096,46.2452],[4.2379,46.2437],[4.2321,46.2301],[4.2237,46.2195]]]}},{"type":"Feature","properties":{"code":"71516","nom":"Serley","app":7.94,"app_bas":6.06,"app_haut":10.4,"app_ech":"maille","app_obs":4,"mai":8.14,"mai_bas":6.32,"mai_haut":10.49,"mai_ech":"maille","mai_obs":15},"geometry":{"type":"Polygon","coordinates":[[[5.2805,46.7874],[5.2698,46.7809],[5.2739,46.7751],[5.2666,46.7694],[5.2461,46.7639],[5.2337,46.7621],[5.2214,46.7654],[5.2148,46.7724],[5.2136,46.7815],[5.2027,46.7899],[5.205,46.7988],[5.2175,46.8073],[5.2273,46.811],[5.2319,46.8064],[5.2488,46.8015],[5.2502,46.8065],[5.2389,46.8084],[5.242,46.816],[5.2641,46.8121],[5.2731,46.8071],[5.2639,46.7902],[5.2805,46.7874]]]}},{"type":"Feature","properties":{"code":"71110","nom":"Chassigny-sous-Dun","app":7.34,"app_bas":5.7,"app_haut":9.46,"app_ech":"maille","app_obs":8,"mai":7.86,"mai_bas":6.03,"mai_haut":10.24,"mai_ech":"maille","mai_obs":9},"geometry":{"type":"Polygon","coordinates":[[[4.2735,46.2249],[4.2753,46.2288],[4.2637,46.2441],[4.2676,46.2459],[4.2732,46.259],[4.2831,46.2529],[4.3169,46.2509],[4.3203,46.2421],[4.3125,46.232],[4.3148,46.2218],[4.2938,46.2175],[4.2735,46.2249]]]}},{"type":"Feature","properties":{"code":"71205","nom":"Frangy-en-Bresse","app":7.94,"app_bas":6.06,"app_haut":10.4,"app_ech":"maille","app_obs":16,"mai":8.14,"mai_bas":6.32,"mai_haut":10.49,"mai_ech":"maille","mai_obs":12},"geometry":{"type":"Polygon","coordinates":[[[5.332,46.6885],[5.3239,46.6884],[5.3228,46.6947],[5.3137,46.7095],[5.3007,46.7104],[5.2838,46.7147],[5.2789,46.7201],[5.2806,46.7273],[5.289,46.7314],[5.3169,46.7391],[5.3385,46.7374],[5.3464,46.7334],[5.3617,46.7331],[5.3936,46.7286],[5.3959,46.7156],[5.3874,46.7191],[5.3819,46.7157],[5.3603,46.7192],[5.3517,46.7165],[5.3538,46.7101],[5.341,46.6936],[5.332,46.6885]]]}},{"type":"Feature","properties":{"code":"71442","nom":"Saint-Léger-sur-Dheune","app":11.27,"app_bas":8.88,"app_haut":14.31,"app_ech":"commune","app_obs":117,"mai":8.51,"mai_bas":6.82,"mai_haut":10.63,"mai_ech":"maille","mai_obs":40},"geometry":{"type":"Polygon","coordinates":[[[4.6525,46.8128],[4.6446,46.8135],[4.6336,46.8182],[4.6266,46.8243],[4.6243,46.835],[4.6145,46.8391],[4.6232,46.8469],[4.6194,46.8496],[4.6303,46.8558],[4.6466,46.8616],[4.6605,46.8566],[4.6642,46.8524],[4.6637,46.8492],[4.6529,46.8423],[4.6506,46.8308],[4.6617,46.8221],[4.6577,46.8144],[4.6525,46.8128]]]}},{"type":"Feature","properties":{"code":"71586","nom":"Viry","app":9.1,"app_bas":6.94,"app_haut":11.93,"app_ech":"maille","app_obs":1,"mai":7.32,"mai_bas":5.59,"mai_haut":9.58,"mai_ech":"maille","mai_obs":17},"geometry":{"type":"Polygon","coordinates":[[[4.3902,46.4801],[4.3932,46.4647],[4.375,46.4605],[4.3603,46.4594],[4.3404,46.46],[4.338,46.4555],[4.328,46.4509],[4.3051,46.45],[4.3066,46.4692],[4.3136,46.4736],[4.3046,46.4812],[4.3011,46.4875],[4.3096,46.4938],[4.3296,46.4972],[4.3412,46.4958],[4.349,46.4883],[4.3494,46.4826],[4.3628,46.4677],[4.3718,46.4684],[4.374,46.479],[4.3902,46.4801]]]}},{"type":"Feature","properties":{"code":"71591","nom":"Fleurville","app":10.68,"app_bas":8.23,"app_haut":13.86,"app_ech":"maille","app_obs":45,"mai":9.7,"mai_bas":7.39,"mai_haut":12.73,"mai_ech":"maille","mai_obs":9},"geometry":{"type":"Polygon","coordinates":[[[4.8918,46.4386],[4.8889,46.4317],[4.8715,46.4317],[4.8688,46.4446],[4.8746,46.4542],[4.8856,46.4549],[4.8944,46.4454],[4.8918,46.4386]]]}},{"type":"Feature","properties":{"code":"71292","nom":"Mellecey","app":9.77,"app_bas":7.95,"app_haut":12.01,"app_ech":"maille","app_obs":15,"mai":8.65,"mai_bas":6.54,"mai_haut":11.45,"mai_ech":"maille","mai_obs":26},"geometry":{"type":"Polygon","coordinates":[[[4.8047,46.8191],[4.7972,46.815],[4.7922,46.8183],[4.7905,46.8015],[4.7969,46.799],[4.7706,46.805],[4.7604,46.8087],[4.7489,46.8038],[4.7459,46.7952],[4.7169,46.7882],[4.7211,46.7945],[4.7155,46.8048],[4.7225,46.8157],[4.7262,46.8173],[4.75,46.8197],[4.775,46.8272],[4.7963,46.8236],[4.8047,46.8191]]]}},{"type":"Feature","properties":{"code":"71312","nom":"Montcoy","app":10.06,"app_bas":8.18,"app_haut":12.37,"app_ech":"maille","app_obs":0,"mai":10.06,"mai_bas":7.66,"mai_haut":13.21,"mai_ech":"maille","mai_obs":16},"geometry":{"type":"Polygon","coordinates":[[[4.9855,46.7792],[4.9806,46.7995],[4.9881,46.8112],[4.9887,46.8231],[5.0111,46.8082],[5.0159,46.7935],[5.0106,46.7775],[4.9999,46.7744],[4.9962,46.7797],[4.9855,46.7792]]]}},{"type":"Feature","properties":{"code":"71327","nom":"Mussy-sous-Dun","app":7.38,"app_bas":5.66,"app_haut":9.63,"app_ech":"maille","app_obs":13,"mai":7.23,"mai_bas":5.23,"mai_haut":9.99,"mai_ech":"maille","mai_obs":16},"geometry":{"type":"Polygon","coordinates":[[[4.3148,46.2218],[4.3125,46.232],[4.3203,46.2421],[4.3169,46.2509],[4.329,46.2501],[4.3446,46.2554],[4.3477,46.2504],[4.3571,46.2492],[4.352,46.2399],[4.3474,46.2236],[4.3148,46.2218]]]}},{"type":"Feature","properties":{"code":"71559","nom":"Varennes-sous-Dun","app":7.34,"app_bas":5.7,"app_haut":9.46,"app_ech":"maille","app_obs":6,"mai":7.86,"mai_bas":6.03,"mai_haut":10.24,"mai_ech":"maille","mai_obs":6},"geometry":{"type":"Polygon","coordinates":[[[4.3426,46.3069],[4.3464,46.3092],[4.3556,46.3017],[4.3635,46.2916],[4.3667,46.2803],[4.3575,46.2721],[4.3557,46.2624],[4.3446,46.2554],[4.329,46.2501],[4.3169,46.2509],[4.3267,46.2617],[4.3166,46.2702],[4.3102,46.2802],[4.3217,46.2923],[4.323,46.2986],[4.3426,46.3069]]]}},{"type":"Feature","properties":{"code":"71044","nom":"Bosjean","app":7.94,"app_bas":6.06,"app_haut":10.4,"app_ech":"maille","app_obs":0,"mai":8.14,"mai_bas":6.32,"mai_haut":10.49,"mai_ech":"maille","mai_obs":15},"geometry":{"type":"Polygon","coordinates":[[[5.3902,46.7706],[5.3855,46.7621],[5.3698,46.7521],[5.345,46.7498],[5.3454,46.7531],[5.3315,46.7567],[5.3197,46.7551],[5.3132,46.757],[5.3056,46.7646],[5.2993,46.765],[5.3002,46.7721],[5.3164,46.7699],[5.3258,46.7831],[5.3415,46.7907],[5.3567,46.7898],[5.3693,46.7787],[5.3805,46.7763],[5.3902,46.7706]]]}},{"type":"Feature","properties":{"code":"71167","nom":"Damerey","app":10.06,"app_bas":8.18,"app_haut":12.37,"app_ech":"maille","app_obs":22,"mai":9.12,"mai_bas":7.45,"mai_haut":11.15,"mai_ech":"maille","mai_obs":3},"geometry":{"type":"Polygon","coordinates":[[[4.9641,46.8447],[4.9634,46.8565],[4.9715,46.8595],[4.9852,46.8558],[5.0017,46.8404],[5.0232,46.8292],[5.0317,46.8215],[5.0187,46.8187],[5.0111,46.8082],[4.9887,46.8231],[4.9778,46.8292],[4.9698,46.8427],[4.9641,46.8447]]]}}]}