{"type":"FeatureCollection","features":[{"type":"Feature","properties":{"code":"78269","nom":"Gazeran","app":16.76,"app_bas":14.53,"app_haut":19.34,"app_ech":"maille","app_obs":14,"mai":15.89,"mai_bas":12.23,"mai_haut":20.64,"mai_ech":"maille","mai_obs":14,"a12":17.5,"a3":13.65,"pxa":null,"pxm":2861,"napp":5,"nmai":35,"ra":null,"rm":5.56},"geometry":{"type":"Polygon","coordinates":[[[1.786,48.6746],[1.7873,48.6641],[1.7652,48.6523],[1.7731,48.6384],[1.786,48.6371],[1.8011,48.6395],[1.8177,48.6346],[1.8251,48.6352],[1.8276,48.6192],[1.81,48.6112],[1.794,48.6095],[1.7855,48.6053],[1.7752,48.6037],[1.7751,48.5983],[1.7632,48.6],[1.7664,48.6045],[1.7527,48.6086],[1.7608,48.6217],[1.7556,48.6338],[1.7411,48.638],[1.7295,48.6462],[1.7375,48.6525],[1.7595,48.6649],[1.7664,48.6738],[1.7722,48.6767],[1.786,48.6746]]]}},{"type":"Feature","properties":{"code":"78437","nom":"Mousseaux-sur-Seine","app":14.74,"app_bas":12.52,"app_haut":17.36,"app_ech":"maille","app_obs":27,"mai":11.62,"mai_bas":9.1,"mai_haut":14.83,"mai_ech":"maille","mai_obs":11,"a12":14.73,"a3":12.9,"pxa":null,"pxm":null,"napp":0,"nmai":0,"ra":null,"rm":null},"geometry":{"type":"Polygon","coordinates":[[[1.643,49.0374],[1.6283,49.0481],[1.6276,49.0577],[1.6449,49.0643],[1.6665,49.0587],[1.6832,49.0507],[1.643,49.0374]]]}},{"type":"Feature","properties":{"code":"78123","nom":"Carrières-sous-Poissy","app":18.56,"app_bas":16.16,"app_haut":21.31,"app_ech":"commune","app_obs":3226,"mai":15.26,"mai_bas":11.75,"mai_haut":19.82,"mai_ech":"commune","mai_obs":181,"a12":21.22,"a3":17.07,"pxa":3918,"pxm":3571,"napp":410,"nmai":200,"ra":4.64,"rm":4.3},"geometry":{"type":"Polygon","coordinates":[[[2.0353,48.9615],[2.0489,48.9592],[2.049,48.9571],[2.0474,48.9468],[2.0371,48.9348],[2.0235,48.9301],[2.0084,48.9347],[2.0036,48.9413],[2.0128,48.9465],[2.0282,48.9591],[2.0353,48.9615]]]}},{"type":"Feature","properties":{"code":"78349","nom":"Longvilliers","app":16.13,"app_bas":13.9,"app_haut":18.72,"app_ech":"maille","app_obs":4,"mai":14.04,"mai_bas":11.23,"mai_haut":17.56,"mai_ech":"maille","mai_obs":7,"a12":18.24,"a3":14.12,"pxa":null,"pxm":null,"napp":0,"nmai":0,"ra":null,"rm":null},"geometry":{"type":"Polygon","coordinates":[[[2.0176,48.5576],[1.9998,48.5554],[1.9818,48.5556],[1.9627,48.5605],[1.9583,48.5759],[2.0033,48.581],[2.0111,48.5867],[2.0096,48.5989],[2.0216,48.601],[2.033,48.5982],[2.0357,48.5889],[2.0303,48.5861],[2.0172,48.5695],[2.0176,48.5576]]]}},{"type":"Feature","properties":{"code":"78451","nom":"Nézel","app":14.88,"app_bas":12.56,"app_haut":17.63,"app_ech":"commune","app_obs":116,"mai":14.27,"mai_bas":11.17,"mai_haut":18.24,"mai_ech":"maille","mai_obs":23,"a12":18.09,"a3":13.77,"pxa":null,"pxm":2871,"napp":5,"nmai":32,"ra":null,"rm":5.04},"geometry":{"type":"Polygon","coordinates":[[[1.8302,48.9505],[1.8347,48.9524],[1.8497,48.9355],[1.8409,48.9338],[1.8371,48.9378],[1.8302,48.9505]]]}},{"type":"Feature","properties":{"code":"78009","nom":"Allainville","app":13.97,"app_bas":11.98,"app_haut":16.29,"app_ech":"maille","app_obs":0,"mai":10.59,"mai_bas":8.51,"mai_haut":13.19,"mai_ech":"maille","mai_obs":7,"a12":16.02,"a3":12.76,"pxa":null,"pxm":null,"napp":0,"nmai":0,"ra":null,"rm":null},"geometry":{"type":"Polygon","coordinates":[[[1.901,48.4922],[1.9123,48.4896],[1.9177,48.4949],[1.9343,48.4958],[1.9331,48.4814],[1.9149,48.4739],[1.9163,48.4649],[1.9221,48.4576],[1.9207,48.4478],[1.9066,48.4457],[1.9014,48.4385],[1.8794,48.4407],[1.8837,48.4521],[1.8814,48.4677],[1.8726,48.4767],[1.8875,48.4809],[1.8906,48.4893],[1.901,48.4922]]]}},{"type":"Feature","properties":{"code":"78050","nom":"Bazoches-sur-Guyonne","app":17.37,"app_bas":14.38,"app_haut":20.99,"app_ech":"maille","app_obs":1,"mai":15.89,"mai_bas":12.23,"mai_haut":20.64,"mai_ech":"maille","mai_obs":10,"a12":21.56,"a3":15.25,"pxa":null,"pxm":null,"napp":0,"nmai":0,"ra":null,"rm":null},"geometry":{"type":"Polygon","coordinates":[[[1.8343,48.7758],[1.836,48.781],[1.8551,48.7793],[1.8712,48.7992],[1.8726,48.7986],[1.8656,48.7769],[1.869,48.7655],[1.8664,48.7599],[1.859,48.7596],[1.8452,48.7667],[1.8352,48.7651],[1.8253,48.768],[1.8343,48.7758]]]}},{"type":"Feature","properties":{"code":"78120","nom":"Bullion","app":16.13,"app_bas":13.9,"app_haut":18.72,"app_ech":"maille","app_obs":9,"mai":15.89,"mai_bas":12.23,"mai_haut":20.64,"mai_ech":"maille","mai_obs":21,"a12":19.17,"a3":14.12,"pxa":null,"pxm":2560,"napp":6,"nmai":51,"ra":null,"rm":6.21},"geometry":{"type":"Polygon","coordinates":[[[1.9315,48.6109],[1.943,48.621],[1.9647,48.624],[1.9777,48.6305],[1.9816,48.6391],[1.9781,48.6445],[1.9878,48.6564],[1.993,48.6581],[2.0117,48.6536],[2.013,48.6477],[2.0203,48.6421],[2.0101,48.6247],[2.0149,48.6159],[2.0092,48.6042],[2.0041,48.6023],[1.9965,48.6027],[1.9892,48.6074],[1.9633,48.6101],[1.9592,48.6062],[1.9557,48.595],[1.9492,48.5983],[1.9326,48.6009],[1.9315,48.6109]]]}},{"type":"Feature","properties":{"code":"78208","nom":"Élancourt","app":18.26,"app_bas":15.88,"app_haut":20.99,"app_ech":"commune","app_obs":2791,"mai":16.09,"mai_bas":12.54,"mai_haut":20.64,"mai_ech":"commune","mai_obs":159,"a12":21.37,"a3":16.58,"pxa":2783,"pxm":3156,"napp":606,"nmai":362,"ra":6.44,"rm":5.09},"geometry":{"type":"Polygon","coordinates":[[[1.9365,48.7799],[1.9412,48.7915],[1.9491,48.79],[1.961,48.792],[1.9675,48.8002],[1.9859,48.7996],[1.969,48.7852],[1.9751,48.7764],[1.9744,48.7684],[1.9801,48.762],[1.9735,48.7534],[1.9678,48.757],[1.9665,48.7628],[1.9519,48.7594],[1.9491,48.7663],[1.9365,48.7799]]]}},{"type":"Feature","properties":{"code":"78601","nom":"Sonchamp","app":14.79,"app_bas":12.46,"app_haut":17.55,"app_ech":"maille","app_obs":60,"mai":10.59,"mai_bas":8.51,"mai_haut":13.19,"mai_ech":"maille","mai_obs":30,"a12":16.99,"a3":13.65,"pxa":null,"pxm":2297,"napp":2,"nmai":46,"ra":null,"rm":4.82},"geometry":{"type":"Polygon","coordinates":[[[1.9021,48.5577],[1.8958,48.5488],[1.8965,48.538],[1.8941,48.535],[1.8781,48.5407],[1.8658,48.5524],[1.8481,48.5607],[1.8326,48.5634],[1.8323,48.5712],[1.8243,48.5925],[1.8264,48.6049],[1.8313,48.6146],[1.8309,48.6203],[1.8576,48.6341],[1.8771,48.6351],[1.8924,48.6292],[1.8905,48.6227],[1.8778,48.6191],[1.8761,48.6123],[1.8948,48.6031],[1.9072,48.5927],[1.9286,48.582],[1.9141,48.5777],[1.9093,48.5661],[1.8987,48.5625],[1.9021,48.5577]]]}},{"type":"Feature","properties":{"code":"78090","nom":"Bouafle","app":15.09,"app_bas":12.78,"app_haut":17.82,"app_ech":"commune","app_obs":193,"mai":15.47,"mai_bas":12.04,"mai_haut":19.87,"mai_ech":"maille","mai_obs":78,"a12":18.47,"a3":14.43,"pxa":null,"pxm":3169,"napp":12,"nmai":60,"ra":null,"rm":4.91},"geometry":{"type":"Polygon","coordinates":[[[1.8937,48.9329],[1.8859,48.9349],[1.8848,48.9405],[1.8867,48.9644],[1.8859,48.9735],[1.8895,48.9758],[1.9063,48.9785],[1.9159,48.9703],[1.9092,48.9532],[1.9012,48.9535],[1.8956,48.9469],[1.8937,48.9329]]]}},{"type":"Feature","properties":{"code":"78140","nom":"Chapet","app":18.32,"app_bas":15.58,"app_haut":21.55,"app_ech":"maille","app_obs":29,"mai":15.97,"mai_bas":12.3,"mai_haut":20.73,"mai_ech":"maille","mai_obs":14,"a12":20.66,"a3":16.1,"pxa":null,"pxm":2874,"napp":0,"nmai":35,"ra":null,"rm":5.56},"geometry":{"type":"Polygon","coordinates":[[[1.9557,48.9568],[1.9515,48.9547],[1.9458,48.9575],[1.9337,48.9574],[1.9242,48.9627],[1.9208,48.9687],[1.9391,48.9809],[1.9497,48.9798],[1.9536,48.9699],[1.9517,48.9637],[1.9557,48.9568]]]}},{"type":"Feature","properties":{"code":"78472","nom":"Orsonville","app":14.68,"app_bas":12.34,"app_haut":17.48,"app_ech":"maille","app_obs":0,"mai":10.67,"mai_bas":8.53,"mai_haut":13.34,"mai_ech":"maille","mai_obs":12,"a12":16.02,"a3":11.24,"pxa":null,"pxm":null,"napp":0,"nmai":0,"ra":null,"rm":null},"geometry":{"type":"Polygon","coordinates":[[[1.8105,48.4661],[1.8015,48.4661],[1.7991,48.4754],[1.7929,48.4802],[1.7963,48.4842],[1.8081,48.4816],[1.8167,48.4831],[1.8271,48.4883],[1.8296,48.4966],[1.8428,48.4951],[1.85,48.4792],[1.8541,48.4676],[1.8441,48.4667],[1.8391,48.458],[1.8364,48.4665],[1.8105,48.4661]]]}},{"type":"Feature","properties":{"code":"78478","nom":"Paray-Douaville","app":14.68,"app_bas":12.34,"app_haut":17.48,"app_ech":"maille","app_obs":2,"mai":10.59,"mai_bas":8.51,"mai_haut":13.19,"mai_ech":"maille","mai_obs":6,"a12":15.39,"a3":11.24,"pxa":null,"pxm":null,"napp":0,"nmai":0,"ra":null,"rm":null},"geometry":{"type":"Polygon","coordinates":[[[1.8391,48.458],[1.8441,48.4667],[1.8541,48.4676],[1.85,48.4792],[1.8662,48.4809],[1.8726,48.4767],[1.8814,48.4677],[1.8837,48.4521],[1.8794,48.4407],[1.8611,48.4445],[1.8449,48.4494],[1.8391,48.458]]]}},{"type":"Feature","properties":{"code":"78401","nom":"Meulan-en-Yvelines","app":15.9,"app_bas":13.35,"app_haut":18.94,"app_ech":"commune","app_obs":1747,"mai":15.31,"mai_bas":11.7,"mai_haut":20.04,"mai_ech":"maille","mai_obs":65,"a12":18.33,"a3":13.89,"pxa":2518,"pxm":2744,"napp":241,"nmai":105,"ra":6.32,"rm":5.62},"geometry":{"type":"Polygon","coordinates":[[[1.9201,49.0155],[1.9361,49.0102],[1.9371,49.0066],[1.881,48.9938],[1.888,48.9984],[1.9008,49.0023],[1.8997,49.014],[1.9071,49.0123],[1.9201,49.0155]]]}},{"type":"Feature","properties":{"code":"78406","nom":"Milon-la-Chapelle","app":17.63,"app_bas":14.52,"app_haut":21.41,"app_ech":"maille","app_obs":3,"mai":17.43,"mai_bas":13.41,"mai_haut":22.64,"mai_ech":"maille","mai_obs":1,"a12":21.1,"a3":16.93,"pxa":null,"pxm":null,"napp":0,"nmai":0,"ra":null,"rm":null},"geometry":{"type":"Polygon","coordinates":[[[2.0666,48.7176],[2.0618,48.7234],[2.0471,48.7228],[2.0342,48.7259],[2.0259,48.731],[2.0188,48.7413],[2.0364,48.7312],[2.0551,48.7326],[2.0724,48.7232],[2.0666,48.7176]]]}},{"type":"Feature","properties":{"code":"78531","nom":"Rosny-sur-Seine","app":14.78,"app_bas":12.76,"app_haut":17.11,"app_ech":"commune","app_obs":654,"mai":12.68,"mai_bas":10.27,"mai_haut":15.66,"mai_ech":"commune","mai_obs":101,"a12":17.23,"a3":12.63,"pxa":2256,"pxm":2277,"napp":32,"nmai":127,"ra":6.63,"rm":5.66},"geometry":{"type":"Polygon","coordinates":[[[1.6447,48.9827],[1.631,48.9879],[1.6158,48.9865],[1.6079,48.9834],[1.5958,48.9841],[1.5855,48.9882],[1.5671,48.9834],[1.5633,48.9868],[1.5474,48.991],[1.5657,49.0002],[1.5844,49.0163],[1.597,49.0101],[1.6141,49.012],[1.6207,49.008],[1.6357,49.0042],[1.658,49.0061],[1.6561,48.9966],[1.664,48.9949],[1.6543,48.982],[1.6447,48.9827]]]}},{"type":"Feature","properties":{"code":"78688","nom":"Voisins-le-Bretonneux","app":19.56,"app_bas":16.81,"app_haut":22.76,"app_ech":"commune","app_obs":878,"mai":17.43,"mai_bas":13.41,"mai_haut":22.64,"mai_ech":"maille","mai_obs":89,"a12":22.85,"a3":18.84,"pxa":4545,"pxm":4369,"napp":250,"nmai":196,"ra":4.18,"rm":3.94},"geometry":{"type":"Polygon","coordinates":[[[2.0255,48.7559],[2.0293,48.7608],[2.043,48.7665],[2.0537,48.7675],[2.063,48.764],[2.0684,48.7567],[2.0595,48.7513],[2.0415,48.7516],[2.0255,48.7559]]]}},{"type":"Feature","properties":{"code":"78006","nom":"Adainville","app":15.4,"app_bas":12.58,"app_haut":18.85,"app_ech":"maille","app_obs":1,"mai":11.9,"mai_bas":9.6,"mai_haut":14.76,"mai_ech":"maille","mai_obs":9,"a12":17.5,"a3":12.33,"pxa":null,"pxm":null,"napp":0,"nmai":0,"ra":null,"rm":null},"geometry":{"type":"Polygon","coordinates":[[[1.6387,48.7318],[1.6583,48.7344],[1.6943,48.724],[1.6957,48.7131],[1.6643,48.7064],[1.649,48.7093],[1.6333,48.7138],[1.631,48.7226],[1.6387,48.7318]]]}},{"type":"Feature","properties":{"code":"78034","nom":"Auteuil","app":15.73,"app_bas":12.87,"app_haut":19.23,"app_ech":"maille","app_obs":1,"mai":14.28,"mai_bas":10.84,"mai_haut":18.8,"mai_ech":"maille","mai_obs":2,"a12":18.01,"a3":14.57,"pxa":null,"pxm":3003,"napp":0,"nmai":30,"ra":null,"rm":4.82},"geometry":{"type":"Polygon","coordinates":[[[1.8248,48.8507],[1.8346,48.8451],[1.8327,48.8338],[1.8169,48.8301],[1.8061,48.83],[1.7992,48.8314],[1.8097,48.8413],[1.8127,48.8531],[1.8248,48.8507]]]}},{"type":"Feature","properties":{"code":"78125","nom":"Celle-les-Bordes","app":16.23,"app_bas":13.85,"app_haut":19.01,"app_ech":"maille","app_obs":8,"mai":15.89,"mai_bas":12.23,"mai_haut":20.64,"mai_ech":"maille","mai_obs":17,"a12":18.24,"a3":14.8,"pxa":null,"pxm":null,"napp":0,"nmai":0,"ra":null,"rm":null},"geometry":{"type":"Polygon","coordinates":[[[1.9299,48.6637],[1.9383,48.6625],[1.9435,48.6539],[1.9502,48.6559],[1.9551,48.6637],[1.9681,48.6647],[1.9878,48.6564],[1.9781,48.6445],[1.9816,48.6391],[1.9777,48.6305],[1.9647,48.624],[1.943,48.621],[1.9315,48.6109],[1.9296,48.6195],[1.9242,48.6243],[1.9042,48.6337],[1.9097,48.6524],[1.909,48.6578],[1.9291,48.6593],[1.9299,48.6637]]]}},{"type":"Feature","properties":{"code":"78337","nom":"Limetz-Villez","app":13.06,"app_bas":10.95,"app_haut":15.58,"app_ech":"maille","app_obs":52,"mai":11.81,"mai_bas":9.56,"mai_haut":14.6,"mai_ech":"maille","mai_obs":66,"a12":14.73,"a3":12.09,"pxa":null,"pxm":1466,"napp":2,"nmai":59,"ra":null,"rm":8.28},"geometry":{"type":"Polygon","coordinates":[[[1.5213,49.0683],[1.5358,49.0718],[1.5465,49.0724],[1.5571,49.0696],[1.5692,49.0733],[1.5723,49.0768],[1.581,49.0623],[1.5694,49.0572],[1.5442,49.0397],[1.5332,49.0478],[1.5265,49.0628],[1.5213,49.0683]]]}},{"type":"Feature","properties":{"code":"78118","nom":"Buchelay","app":16.03,"app_bas":13.68,"app_haut":18.8,"app_ech":"commune","app_obs":214,"mai":11.81,"mai_bas":9.56,"mai_haut":14.6,"mai_ech":"maille","mai_obs":24,"a12":18.26,"a3":12.09,"pxa":null,"pxm":2680,"napp":19,"nmai":55,"ra":null,"rm":4.53},"geometry":{"type":"Polygon","coordinates":[[[1.6862,48.9785],[1.6773,48.9769],[1.6638,48.9696],[1.6543,48.982],[1.664,48.9949],[1.6758,48.9946],[1.6907,48.9895],[1.7026,48.9892],[1.6862,48.9785]]]}},{"type":"Feature","properties":{"code":"78460","nom":"Oinville-sur-Montcient","app":16.89,"app_bas":14.1,"app_haut":20.23,"app_ech":"maille","app_obs":91,"mai":14.15,"mai_bas":10.61,"mai_haut":18.87,"mai_ech":"maille","mai_obs":82,"a12":18.74,"a3":13.02,"pxa":null,"pxm":2468,"napp":0,"nmai":33,"ra":null,"rm":5.81},"geometry":{"type":"Polygon","coordinates":[[[1.8514,49.0168],[1.8431,49.0199],[1.8317,49.0202],[1.8309,49.0358],[1.8513,49.0334],[1.8621,49.0233],[1.8592,49.014],[1.8514,49.0168]]]}},{"type":"Feature","properties":{"code":"78567","nom":"Saint-Martin-la-Garenne","app":14.74,"app_bas":12.52,"app_haut":17.36,"app_ech":"maille","app_obs":37,"mai":11.62,"mai_bas":9.1,"mai_haut":14.83,"mai_ech":"maille","mai_obs":31,"a12":14.73,"a3":12.9,"pxa":null,"pxm":null,"napp":0,"nmai":0,"ra":null,"rm":null},"geometry":{"type":"Polygon","coordinates":[[[1.6832,49.0507],[1.6937,49.0567],[1.7171,49.049],[1.7235,49.045],[1.7171,49.0334],[1.7055,49.0274],[1.6999,49.0307],[1.6919,49.0279],[1.6851,49.0212],[1.6745,49.0192],[1.6611,49.0231],[1.6294,49.0246],[1.6183,49.0289],[1.6334,49.0356],[1.643,49.0374],[1.6832,49.0507]]]}},{"type":"Feature","properties":{"code":"78299","nom":"Hardricourt","app":16.33,"app_bas":13.72,"app_haut":19.43,"app_ech":"commune","app_obs":359,"mai":14.68,"mai_bas":11.53,"mai_haut":18.68,"mai_ech":"maille","mai_obs":35,"a12":18.75,"a3":14.51,"pxa":3384,"pxm":2880,"napp":72,"nmai":60,"ra":4.81,"rm":5.16},"geometry":{"type":"Polygon","coordinates":[[[1.888,48.9984],[1.8873,49.0054],[1.8822,49.0098],[1.8617,49.0141],[1.8691,49.0182],[1.8819,49.0195],[1.8997,49.014],[1.9008,49.0023],[1.888,48.9984]]]}},{"type":"Feature","properties":{"code":"78372","nom":"Marly-le-Roi","app":20.8,"app_bas":17.66,"app_haut":24.52,"app_ech":"commune","app_obs":2022,"mai":23.98,"mai_bas":16.99,"mai_haut":33.84,"mai_ech":"commune","mai_obs":125,"a12":24.17,"a3":19.37,"pxa":3748,"pxm":5393,"napp":480,"nmai":111,"ra":5.34,"rm":4.23},"geometry":{"type":"Polygon","coordinates":[[[2.1011,48.8855],[2.1094,48.8728],[2.1051,48.8646],[2.1075,48.8543],[2.0949,48.8541],[2.0927,48.8462],[2.0842,48.8502],[2.0837,48.8543],[2.0709,48.8546],[2.0778,48.8676],[2.0774,48.8736],[2.0842,48.8787],[2.0974,48.8813],[2.1011,48.8855]]]}},{"type":"Feature","properties":{"code":"78163","nom":"Civry-la-Forêt","app":15.87,"app_bas":13.43,"app_haut":18.76,"app_ech":"maille","app_obs":0,"mai":12.9,"mai_bas":10.14,"mai_haut":16.41,"mai_ech":"maille","mai_obs":3,"a12":17.38,"a3":13.84,"pxa":null,"pxm":null,"napp":0,"nmai":0,"ra":null,"rm":null},"geometry":{"type":"Polygon","coordinates":[[[1.607,48.8771],[1.6128,48.8767],[1.6207,48.8823],[1.6293,48.8821],[1.6368,48.8783],[1.6428,48.8706],[1.6432,48.8684],[1.6282,48.8595],[1.6237,48.8488],[1.6204,48.8448],[1.6107,48.8452],[1.5987,48.849],[1.5953,48.8564],[1.5998,48.862],[1.5959,48.8723],[1.607,48.8771]]]}},{"type":"Feature","properties":{"code":"78168","nom":"Coignières","app":17.64,"app_bas":15.23,"app_haut":20.43,"app_ech":"commune","app_obs":348,"mai":15.21,"mai_bas":12.16,"mai_haut":19.03,"mai_ech":"maille","mai_obs":55,"a12":20.31,"a3":14.79,"pxa":3500,"pxm":3495,"napp":32,"nmai":57,"ra":4.97,"rm":4.39},"geometry":{"type":"Polygon","coordinates":[[[1.9011,48.7681],[1.9164,48.7576],[1.9402,48.7567],[1.9371,48.7483],[1.9324,48.7417],[1.9245,48.7394],[1.92,48.7339],[1.9067,48.7353],[1.896,48.7458],[1.8935,48.7652],[1.9011,48.7681]]]}},{"type":"Feature","properties":{"code":"78171","nom":"Condé-sur-Vesgre","app":15.4,"app_bas":12.58,"app_haut":18.85,"app_ech":"maille","app_obs":35,"mai":13.78,"mai_bas":10.91,"mai_haut":17.4,"mai_ech":"maille","mai_obs":31,"a12":17.38,"a3":13.84,"pxa":null,"pxm":2189,"napp":6,"nmai":41,"ra":null,"rm":6.38},"geometry":{"type":"Polygon","coordinates":[[[1.6957,48.7131],[1.6943,48.724],[1.6583,48.7344],[1.6387,48.7318],[1.627,48.7273],[1.6167,48.7303],[1.6227,48.7402],[1.6373,48.7437],[1.6515,48.744],[1.6674,48.7419],[1.6751,48.7434],[1.6991,48.7377],[1.7115,48.7362],[1.7097,48.7126],[1.6957,48.7131]]]}},{"type":"Feature","properties":{"code":"78537","nom":"Saint-Arnoult-en-Yvelines","app":15.68,"app_bas":13.17,"app_haut":18.69,"app_ech":"commune","app_obs":620,"mai":13.69,"mai_bas":10.96,"mai_haut":17.12,"mai_ech":"commune","mai_obs":107,"a12":16.7,"a3":14.46,"pxa":2722,"pxm":2941,"napp":44,"nmai":180,"ra":5.78,"rm":4.72},"geometry":{"type":"Polygon","coordinates":[[[1.9286,48.582],[1.933,48.5915],[1.9326,48.6009],[1.9492,48.5983],[1.9557,48.595],[1.9496,48.5852],[1.9583,48.5759],[1.9627,48.5605],[1.9528,48.5595],[1.9379,48.5629],[1.9341,48.5486],[1.9277,48.5515],[1.9213,48.556],[1.9021,48.5577],[1.8987,48.5625],[1.9093,48.5661],[1.9141,48.5777],[1.9286,48.582]]]}},{"type":"Feature","properties":{"code":"78550","nom":"Saint-Germain-de-la-Grange","app":18.38,"app_bas":15.27,"app_haut":22.12,"app_ech":"maille","app_obs":34,"mai":14.28,"mai_bas":10.84,"mai_haut":18.8,"mai_ech":"maille","mai_obs":19,"a12":21.56,"a3":15.25,"pxa":null,"pxm":3438,"napp":6,"nmai":56,"ra":null,"rm":4.21},"geometry":{"type":"Polygon","coordinates":[[[1.8821,48.8346],[1.8888,48.8479],[1.8933,48.8474],[1.8998,48.8422],[1.9217,48.8343],[1.9217,48.8261],[1.9131,48.8199],[1.9013,48.822],[1.8821,48.8346]]]}},{"type":"Feature","properties":{"code":"78618","nom":"Tilly","app":15.87,"app_bas":13.43,"app_haut":18.76,"app_ech":"maille","app_obs":1,"mai":12.9,"mai_bas":10.14,"mai_haut":16.41,"mai_ech":"maille","mai_obs":2,"a12":17.38,"a3":12.83,"pxa":null,"pxm":null,"napp":0,"nmai":0,"ra":null,"rm":null},"geometry":{"type":"Polygon","coordinates":[[[1.5588,48.8642],[1.5462,48.8724],[1.5595,48.8821],[1.5637,48.8906],[1.5686,48.893],[1.5728,48.888],[1.5951,48.8885],[1.607,48.8771],[1.5959,48.8723],[1.5801,48.8684],[1.5721,48.8639],[1.5588,48.8642]]]}},{"type":"Feature","properties":{"code":"78624","nom":"Triel-sur-Seine","app":17.58,"app_bas":14.8,"app_haut":20.88,"app_ech":"commune","app_obs":1895,"mai":14.73,"mai_bas":11.37,"mai_haut":19.08,"mai_ech":"commune","mai_obs":181,"a12":20.53,"a3":15.01,"pxa":3253,"pxm":3497,"napp":150,"nmai":314,"ra":5.34,"rm":4.26},"geometry":{"type":"Polygon","coordinates":[[[2.0282,48.9591],[2.0128,48.9465],[2.0036,48.9413],[2.0025,48.954],[1.9961,48.9671],[1.9933,48.9834],[1.9825,48.9924],[1.9927,49.0031],[2.0049,49.0101],[2.0144,49.0011],[2.0236,48.9979],[2.0247,48.9956],[2.0204,48.9939],[2.0238,48.9828],[2.0235,48.9735],[2.0282,48.9591]]]}},{"type":"Feature","properties":{"code":"78202","nom":"Drocourt","app":14.68,"app_bas":12.41,"app_haut":17.37,"app_ech":"maille","app_obs":40,"mai":14.68,"mai_bas":11.53,"mai_haut":18.68,"mai_ech":"maille","mai_obs":8,"a12":17.21,"a3":13.02,"pxa":null,"pxm":null,"napp":0,"nmai":0,"ra":null,"rm":null},"geometry":{"type":"Polygon","coordinates":[[[1.7728,49.0421],[1.7512,49.0482],[1.7502,49.0541],[1.7594,49.0633],[1.7778,49.0566],[1.7894,49.0579],[1.7907,49.0539],[1.7772,49.0486],[1.7728,49.0421]]]}},{"type":"Feature","properties":{"code":"78128","nom":"Cernay-la-Ville","app":16.23,"app_bas":13.85,"app_haut":19.01,"app_ech":"maille","app_obs":76,"mai":15.89,"mai_bas":12.23,"mai_haut":20.64,"mai_ech":"maille","mai_obs":44,"a12":18.24,"a3":14.8,"pxa":null,"pxm":3276,"napp":5,"nmai":53,"ra":null,"rm":4.86},"geometry":{"type":"Polygon","coordinates":[[[2.0008,48.668],[1.993,48.6581],[1.9878,48.6564],[1.9681,48.6647],[1.9551,48.6637],[1.9502,48.6559],[1.9435,48.6539],[1.9383,48.6625],[1.9299,48.6637],[1.9242,48.6692],[1.9352,48.6856],[1.959,48.6768],[1.9773,48.6783],[1.9894,48.6771],[2.0008,48.668]]]}},{"type":"Feature","properties":{"code":"78209","nom":"Émancé","app":14.79,"app_bas":12.46,"app_haut":17.55,"app_ech":"maille","app_obs":13,"mai":13.78,"mai_bas":10.91,"mai_haut":17.4,"mai_ech":"maille","mai_obs":10,"a12":16.99,"a3":13.65,"pxa":null,"pxm":null,"napp":2,"nmai":28,"ra":null,"rm":null},"geometry":{"type":"Polygon","coordinates":[[[1.7181,48.6072],[1.7311,48.6049],[1.7527,48.6086],[1.7664,48.6045],[1.7632,48.6],[1.7588,48.5965],[1.7518,48.5801],[1.7482,48.5757],[1.7368,48.5723],[1.7092,48.578],[1.702,48.585],[1.7181,48.6072]]]}},{"type":"Feature","properties":{"code":"78310","nom":"Houdan","app":16.1,"app_bas":13.37,"app_haut":19.38,"app_ech":"commune","app_obs":1358,"mai":13.72,"mai_bas":10.79,"mai_haut":17.43,"mai_ech":"commune","mai_obs":340,"a12":18.53,"a3":14.34,"pxa":3219,"pxm":3111,"napp":87,"nmai":71,"ra":5,"rm":4.47},"geometry":{"type":"Polygon","coordinates":[[[1.5876,48.7736],[1.5804,48.7776],[1.5757,48.7905],[1.5834,48.8072],[1.5794,48.8089],[1.5905,48.8173],[1.6087,48.8198],[1.6196,48.8084],[1.6201,48.8014],[1.6067,48.7959],[1.6177,48.7889],[1.6019,48.7811],[1.5915,48.7801],[1.5876,48.7736]]]}},{"type":"Feature","properties":{"code":"78311","nom":"Houilles","app":21.2,"app_bas":17.24,"app_haut":26.08,"app_ech":"commune","app_obs":3754,"mai":18.97,"mai_bas":12.81,"mai_haut":28.1,"mai_ech":"commune","mai_obs":222,"a12":24.33,"a3":19.49,"pxa":4636,"pxm":5374,"napp":751,"nmai":514,"ra":4.39,"rm":3.45},"geometry":{"type":"Polygon","coordinates":[[[2.1989,48.9353],[2.2017,48.9305],[2.1992,48.919],[2.1782,48.9161],[2.1679,48.9266],[2.1773,48.9347],[2.1843,48.9369],[2.1989,48.9353]]]}},{"type":"Feature","properties":{"code":"78391","nom":"Méricourt","app":13.06,"app_bas":10.95,"app_haut":15.58,"app_ech":"maille","app_obs":7,"mai":11.81,"mai_bas":9.56,"mai_haut":14.6,"mai_ech":"maille","mai_obs":8,"a12":17.67,"a3":12.09,"pxa":null,"pxm":null,"napp":0,"nmai":0,"ra":null,"rm":null},"geometry":{"type":"Polygon","coordinates":[[[1.6112,49.026],[1.6109,49.0368],[1.6208,49.0454],[1.6283,49.0481],[1.643,49.0374],[1.6334,49.0356],[1.6112,49.026]]]}},{"type":"Feature","properties":{"code":"78443","nom":"Neauphle-le-Vieux","app":21.06,"app_bas":17.4,"app_haut":25.48,"app_ech":"commune","app_obs":100,"mai":15.15,"mai_bas":11.79,"mai_haut":19.47,"mai_ech":"maille","mai_obs":13,"a12":21.56,"a3":15.25,"pxa":null,"pxm":null,"napp":0,"nmai":0,"ra":null,"rm":null},"geometry":{"type":"Polygon","coordinates":[[[1.8859,48.8043],[1.8759,48.8063],[1.8726,48.7986],[1.8418,48.8006],[1.8479,48.8127],[1.8439,48.8159],[1.8415,48.8288],[1.8478,48.8339],[1.8658,48.8312],[1.8749,48.8344],[1.8667,48.8209],[1.8666,48.8137],[1.8781,48.8105],[1.8859,48.8043]]]}},{"type":"Feature","properties":{"code":"78548","nom":"Saint-Forget","app":17.63,"app_bas":14.52,"app_haut":21.41,"app_ech":"maille","app_obs":12,"mai":15.56,"mai_bas":12.41,"mai_haut":19.52,"mai_ech":"maille","mai_obs":5,"a12":21.1,"a3":15.11,"pxa":null,"pxm":null,"napp":0,"nmai":0,"ra":null,"rm":null},"geometry":{"type":"Polygon","coordinates":[[[1.9715,48.7209],[1.9887,48.729],[2.0044,48.7208],[2.0037,48.7127],[2.0239,48.7044],[2.0208,48.6964],[1.9988,48.6996],[1.9945,48.7065],[1.9871,48.7116],[1.972,48.7168],[1.9715,48.7209]]]}},{"type":"Feature","properties":{"code":"78062","nom":"Beynes","app":16.98,"app_bas":14.49,"app_haut":19.89,"app_ech":"commune","app_obs":562,"mai":14.28,"mai_bas":10.84,"mai_haut":18.8,"mai_ech":"maille","mai_obs":65,"a12":20.53,"a3":15.25,"pxa":2571,"pxm":3582,"napp":106,"nmai":192,"ra":6.55,"rm":4.04},"geometry":{"type":"Polygon","coordinates":[[[1.8747,48.877],[1.8831,48.8745],[1.8935,48.8683],[1.9088,48.8648],[1.9127,48.8608],[1.9087,48.8582],[1.9027,48.8452],[1.8888,48.8479],[1.8821,48.8346],[1.8749,48.8344],[1.8658,48.8312],[1.8478,48.8339],[1.8415,48.8288],[1.8392,48.8302],[1.8477,48.8505],[1.8375,48.8568],[1.8384,48.8713],[1.8558,48.8716],[1.8747,48.877]]]}},{"type":"Feature","properties":{"code":"78383","nom":"Maurepas","app":17.33,"app_bas":15.37,"app_haut":19.54,"app_ech":"commune","app_obs":3090,"mai":15.48,"mai_bas":12.38,"mai_haut":19.36,"mai_ech":"commune","mai_obs":273,"a12":20.73,"a3":15.34,"pxa":2819,"pxm":3177,"napp":388,"nmai":293,"ra":6.08,"rm":4.9},"geometry":{"type":"Polygon","coordinates":[[[1.9519,48.7594],[1.9402,48.7567],[1.9164,48.7576],[1.9011,48.7681],[1.8973,48.7765],[1.9085,48.7851],[1.9365,48.7799],[1.9491,48.7663],[1.9519,48.7594]]]}},{"type":"Feature","properties":{"code":"78417","nom":"Montchauvet","app":15.87,"app_bas":13.43,"app_haut":18.76,"app_ech":"maille","app_obs":1,"mai":12.9,"mai_bas":10.14,"mai_haut":16.41,"mai_ech":"maille","mai_obs":15,"a12":17.38,"a3":12.83,"pxa":null,"pxm":null,"napp":0,"nmai":0,"ra":null,"rm":null},"geometry":{"type":"Polygon","coordinates":[[[1.607,48.8771],[1.5951,48.8885],[1.5985,48.8977],[1.6232,48.8942],[1.6319,48.8962],[1.6552,48.9127],[1.6584,48.9076],[1.6534,48.9003],[1.652,48.8906],[1.6426,48.8866],[1.6368,48.8783],[1.6293,48.8821],[1.6207,48.8823],[1.6128,48.8767],[1.607,48.8771]]]}},{"type":"Feature","properties":{"code":"78043","nom":"Bailly","app":20.03,"app_bas":16.48,"app_haut":24.33,"app_ech":"commune","app_obs":300,"mai":23.73,"mai_bas":17.29,"mai_haut":32.56,"mai_ech":"maille","mai_obs":36,"a12":23.39,"a3":19.27,"pxa":3832,"pxm":5470,"napp":80,"nmai":49,"ra":5.06,"rm":4.13},"geometry":{"type":"Polygon","coordinates":[[[2.0891,48.8263],[2.0832,48.819],[2.0707,48.823],[2.0594,48.8294],[2.072,48.8375],[2.0696,48.8546],[2.0837,48.8543],[2.0842,48.8502],[2.1027,48.8427],[2.1008,48.8383],[2.0891,48.8263]]]}},{"type":"Feature","properties":{"code":"78389","nom":"Méré","app":15.73,"app_bas":12.87,"app_haut":19.23,"app_ech":"maille","app_obs":77,"mai":15.89,"mai_bas":12.23,"mai_haut":20.64,"mai_ech":"maille","mai_obs":30,"a12":21.56,"a3":14.06,"pxa":null,"pxm":3313,"napp":6,"nmai":52,"ra":null,"rm":4.8},"geometry":{"type":"Polygon","coordinates":[[[1.8112,48.815],[1.8329,48.811],[1.8479,48.8127],[1.8359,48.7889],[1.836,48.781],[1.8343,48.7758],[1.8269,48.781],[1.8159,48.7832],[1.7987,48.7777],[1.79,48.7821],[1.8121,48.8026],[1.8047,48.8103],[1.8112,48.815]]]}},{"type":"Feature","properties":{"code":"78536","nom":"Sailly","app":14.68,"app_bas":12.41,"app_haut":17.37,"app_ech":"maille","app_obs":3,"mai":11.62,"mai_bas":9.1,"mai_haut":14.83,"mai_ech":"maille","mai_obs":17,"a12":17.21,"a3":14.53,"pxa":null,"pxm":null,"napp":0,"nmai":0,"ra":null,"rm":null},"geometry":{"type":"Polygon","coordinates":[[[1.7894,49.0579],[1.7943,49.0582],[1.8126,49.0447],[1.8124,49.0407],[1.8021,49.0321],[1.7852,49.031],[1.7728,49.0421],[1.7772,49.0486],[1.7907,49.0539],[1.7894,49.0579]]]}},{"type":"Feature","properties":{"code":"78561","nom":"Saint-Lambert","app":17.63,"app_bas":14.52,"app_haut":21.41,"app_ech":"maille","app_obs":4,"mai":15.56,"mai_bas":12.41,"mai_haut":19.52,"mai_ech":"maille","mai_obs":1,"a12":21.1,"a3":14.46,"pxa":null,"pxm":null,"napp":0,"nmai":0,"ra":null,"rm":null},"geometry":{"type":"Polygon","coordinates":[[[1.9887,48.729],[1.9873,48.7396],[1.9917,48.7476],[2.0064,48.7465],[2.0188,48.7413],[2.0259,48.731],[2.0342,48.7259],[2.012,48.7207],[2.0044,48.7208],[1.9887,48.729]]]}},{"type":"Feature","properties":{"code":"78289","nom":"Grosrouvre","app":13.72,"app_bas":11.47,"app_haut":16.42,"app_ech":"maille","app_obs":10,"mai":15.69,"mai_bas":12.61,"mai_haut":19.53,"mai_ech":"maille","mai_obs":21,"a12":18.94,"a3":14.06,"pxa":null,"pxm":3512,"napp":2,"nmai":34,"ra":null,"rm":4.48},"geometry":{"type":"Polygon","coordinates":[[[1.7679,48.7918],[1.7843,48.7867],[1.79,48.7821],[1.7987,48.7777],[1.782,48.7662],[1.777,48.7691],[1.7673,48.7659],[1.7617,48.763],[1.7473,48.7613],[1.7268,48.7861],[1.7228,48.7973],[1.7291,48.7982],[1.7679,48.7918]]]}},{"type":"Feature","properties":{"code":"78307","nom":"Hermeray","app":13.72,"app_bas":11.47,"app_haut":16.42,"app_ech":"maille","app_obs":17,"mai":13.78,"mai_bas":10.91,"mai_haut":17.4,"mai_ech":"maille","mai_obs":34,"a12":17.5,"a3":13.65,"pxa":null,"pxm":2529,"napp":0,"nmai":42,"ra":null,"rm":5.53},"geometry":{"type":"Polygon","coordinates":[[[1.6711,48.6704],[1.6773,48.6725],[1.6873,48.6706],[1.6933,48.6727],[1.6994,48.6814],[1.7065,48.6859],[1.7136,48.6826],[1.7236,48.6604],[1.7375,48.6525],[1.7295,48.6462],[1.7228,48.6427],[1.7132,48.6313],[1.7096,48.6329],[1.7148,48.6431],[1.71,48.6447],[1.7206,48.6554],[1.7078,48.6614],[1.6903,48.6539],[1.6831,48.6388],[1.6849,48.632],[1.6799,48.6239],[1.6729,48.6246],[1.6674,48.6317],[1.641,48.6434],[1.6432,48.6513],[1.6593,48.6532],[1.6715,48.664],[1.6711,48.6704]]]}},{"type":"Feature","properties":{"code":"78398","nom":"Mesnuls","app":17.37,"app_bas":14.38,"app_haut":20.99,"app_ech":"maille","app_obs":6,"mai":15.89,"mai_bas":12.23,"mai_haut":20.64,"mai_ech":"maille","mai_obs":13,"a12":21.56,"a3":15.11,"pxa":null,"pxm":null,"napp":0,"nmai":0,"ra":null,"rm":null},"geometry":{"type":"Polygon","coordinates":[[[1.8198,48.7646],[1.8253,48.768],[1.8352,48.7651],[1.8452,48.7667],[1.859,48.7596],[1.8533,48.7498],[1.8182,48.7407],[1.8091,48.7465],[1.8187,48.7543],[1.8198,48.7646]]]}},{"type":"Feature","properties":{"code":"78420","nom":"Montfort-l'Amaury","app":18.51,"app_bas":15.13,"app_haut":22.65,"app_ech":"commune","app_obs":468,"mai":15.69,"mai_bas":12.61,"mai_haut":19.53,"mai_ech":"maille","mai_obs":83,"a12":20.07,"a3":17.42,"pxa":4027,"pxm":3880,"napp":30,"nmai":78,"ra":4.5,"rm":4.06},"geometry":{"type":"Polygon","coordinates":[[[1.8198,48.7646],[1.7944,48.7598],[1.782,48.7662],[1.7987,48.7777],[1.8159,48.7832],[1.8269,48.781],[1.8343,48.7758],[1.8253,48.768],[1.8198,48.7646]]]}},{"type":"Feature","properties":{"code":"78068","nom":"Blaru","app":13.5,"app_bas":11.66,"app_haut":15.63,"app_ech":"maille","app_obs":12,"mai":13.62,"mai_bas":11.01,"mai_haut":16.83,"mai_ech":"maille","mai_obs":41,"a12":14.73,"a3":10.93,"pxa":null,"pxm":null,"napp":0,"nmai":0,"ra":null,"rm":null},"geometry":{"type":"Polygon","coordinates":[[[1.4473,49.0535],[1.4608,49.0627],[1.4718,49.0584],[1.4785,49.0524],[1.4849,49.0515],[1.4971,49.0584],[1.5033,49.0591],[1.5044,49.0484],[1.5189,49.0411],[1.5231,49.0329],[1.5052,49.0308],[1.4935,49.0261],[1.4815,49.026],[1.4718,49.0186],[1.4578,49.0263],[1.458,49.0348],[1.4474,49.0452],[1.4473,49.0535]]]}},{"type":"Feature","properties":{"code":"78087","nom":"Bonnelles","app":16.99,"app_bas":14.39,"app_haut":20.07,"app_ech":"commune","app_obs":351,"mai":14.04,"mai_bas":11.23,"mai_haut":17.56,"mai_ech":"maille","mai_obs":78,"a12":19.32,"a3":15.97,"pxa":null,"pxm":2884,"napp":16,"nmai":57,"ra":null,"rm":4.94},"geometry":{"type":"Polygon","coordinates":[[[2.0041,48.6023],[2.0092,48.6042],[2.0149,48.6159],[2.0101,48.6247],[2.0203,48.6421],[2.036,48.6419],[2.0345,48.6325],[2.0426,48.6264],[2.0459,48.6227],[2.0602,48.6176],[2.0548,48.608],[2.0345,48.6035],[2.033,48.5982],[2.0216,48.601],[2.0096,48.5989],[2.0041,48.6023]]]}},{"type":"Feature","properties":{"code":"78217","nom":"Épône","app":16.25,"app_bas":13.92,"app_haut":18.97,"app_ech":"commune","app_obs":819,"mai":15.07,"mai_bas":11.8,"mai_haut":19.25,"mai_ech":"commune","mai_obs":171,"a12":18.62,"a3":14.44,"pxa":3466,"pxm":2913,"napp":57,"nmai":168,"ra":4.68,"rm":5.22},"geometry":{"type":"Polygon","coordinates":[[[1.8069,48.971],[1.8176,48.9755],[1.8336,48.9794],[1.8391,48.9739],[1.8398,48.9639],[1.8347,48.9524],[1.8221,48.9466],[1.8122,48.9268],[1.818,48.9227],[1.8081,48.9183],[1.805,48.9125],[1.7984,48.9149],[1.7917,48.9226],[1.7833,48.9256],[1.7908,48.9318],[1.795,48.9456],[1.8087,48.9557],[1.8069,48.971]]]}},{"type":"Feature","properties":{"code":"78325","nom":"Jumeauville","app":15.54,"app_bas":13.29,"app_haut":18.15,"app_ech":"maille","app_obs":23,"mai":14.28,"mai_bas":10.84,"mai_haut":18.8,"mai_ech":"maille","mai_obs":12,"a12":18.09,"a3":13.77,"pxa":null,"pxm":null,"napp":0,"nmai":0,"ra":null,"rm":null},"geometry":{"type":"Polygon","coordinates":[[[1.7831,48.8914],[1.7704,48.8961],[1.7616,48.9016],[1.7615,48.9089],[1.7848,48.9253],[1.7917,48.9226],[1.7984,48.9149],[1.805,48.9125],[1.8057,48.8988],[1.7831,48.8914]]]}},{"type":"Feature","properties":{"code":"78442","nom":"Neauphle-le-Château","app":18.73,"app_bas":15.57,"app_haut":22.52,"app_ech":"commune","app_obs":706,"mai":15.15,"mai_bas":11.79,"mai_haut":19.47,"mai_ech":"maille","mai_obs":45,"a12":21.8,"a3":16.69,"pxa":3492,"pxm":3462,"napp":86,"nmai":65,"ra":5.25,"rm":4.41},"geometry":{"type":"Polygon","coordinates":[[[1.8937,48.8087],[1.9013,48.822],[1.9131,48.8199],[1.9106,48.8162],[1.9149,48.8026],[1.9007,48.8088],[1.8937,48.8087]]]}},{"type":"Feature","properties":{"code":"78084","nom":"Boissy-sans-Avoir","app":15.73,"app_bas":12.87,"app_haut":19.23,"app_ech":"maille","app_obs":7,"mai":15.15,"mai_bas":11.79,"mai_haut":19.47,"mai_ech":"maille","mai_obs":10,"a12":18.01,"a3":14.57,"pxa":null,"pxm":null,"napp":0,"nmai":0,"ra":null,"rm":null},"geometry":{"type":"Polygon","coordinates":[[[1.8047,48.8103],[1.8012,48.8144],[1.7911,48.8096],[1.7812,48.8164],[1.7851,48.8199],[1.7852,48.8303],[1.7992,48.8314],[1.8061,48.83],[1.8146,48.823],[1.8112,48.815],[1.8047,48.8103]]]}},{"type":"Feature","properties":{"code":"78108","nom":"Bréviaires","app":16.76,"app_bas":14.53,"app_haut":19.34,"app_ech":"maille","app_obs":54,"mai":15.89,"mai_bas":12.23,"mai_haut":20.64,"mai_ech":"maille","mai_obs":34,"a12":17.5,"a3":14.06,"pxa":null,"pxm":null,"napp":6,"nmai":26,"ra":null,"rm":null},"geometry":{"type":"Polygon","coordinates":[[[1.8035,48.6843],[1.7969,48.698],[1.7862,48.7079],[1.7867,48.7178],[1.7906,48.7215],[1.7942,48.7336],[1.8091,48.7465],[1.8182,48.7407],[1.8533,48.7498],[1.8553,48.7458],[1.8534,48.7331],[1.8379,48.7209],[1.8259,48.7024],[1.8148,48.695],[1.8126,48.688],[1.8035,48.6843]]]}},{"type":"Feature","properties":{"code":"78575","nom":"Saint-Rémy-lès-Chevreuse","app":19.17,"app_bas":15.9,"app_haut":23.12,"app_ech":"commune","app_obs":578,"mai":15.56,"mai_bas":12.41,"mai_haut":19.52,"mai_ech":"maille","mai_obs":81,"a12":21.71,"a3":16.87,"pxa":4633,"pxm":3971,"napp":59,"nmai":172,"ra":4.03,"rm":3.94},"geometry":{"type":"Polygon","coordinates":[[[2.0666,48.7176],[2.0724,48.7232],[2.0732,48.7138],[2.0832,48.7212],[2.1055,48.7166],[2.1077,48.7177],[2.1103,48.7144],[2.0969,48.7027],[2.0979,48.694],[2.0858,48.6925],[2.0821,48.6854],[2.0706,48.6892],[2.0665,48.6869],[2.0557,48.6868],[2.0538,48.6967],[2.0632,48.7098],[2.0666,48.7176]]]}},{"type":"Feature","properties":{"code":"78672","nom":"Villennes-sur-Seine","app":20.2,"app_bas":16.43,"app_haut":24.84,"app_ech":"commune","app_obs":668,"mai":19.75,"mai_bas":15.24,"mai_haut":25.59,"mai_ech":"commune","mai_obs":196,"a12":23.02,"a3":18.16,"pxa":4142,"pxm":4654,"napp":77,"nmai":118,"ra":4.72,"rm":4.12},"geometry":{"type":"Polygon","coordinates":[[[2.0036,48.9413],[2.0084,48.9347],[2.0167,48.9282],[2.0166,48.9226],[2.0086,48.9207],[1.9998,48.928],[1.9823,48.9307],[1.9785,48.9455],[1.9989,48.9496],[2.0025,48.954],[2.0036,48.9413]]]}},{"type":"Feature","properties":{"code":"78305","nom":"Herbeville","app":16.88,"app_bas":13.47,"app_haut":21.14,"app_ech":"maille","app_obs":11,"mai":14.28,"mai_bas":10.84,"mai_haut":18.8,"mai_ech":"maille","mai_obs":8,"a12":18.23,"a3":14.77,"pxa":null,"pxm":null,"napp":0,"nmai":0,"ra":null,"rm":null},"geometry":{"type":"Polygon","coordinates":[[[1.912,48.9012],[1.9026,48.8884],[1.8895,48.8885],[1.8712,48.8992],[1.8693,48.9039],[1.8747,48.9085],[1.8782,48.919],[1.8836,48.9172],[1.8981,48.9168],[1.9024,48.9053],[1.912,48.9012]]]}},{"type":"Feature","properties":{"code":"78517","nom":"Rambouillet","app":17.45,"app_bas":14.71,"app_haut":20.7,"app_ech":"commune","app_obs":5624,"mai":15.58,"mai_bas":12.36,"mai_haut":19.64,"mai_ech":"commune","mai_obs":528,"a12":20.2,"a3":15.64,"pxa":3878,"pxm":3723,"napp":711,"nmai":389,"ra":4.45,"rm":4.2},"geometry":{"type":"Polygon","coordinates":[[[1.786,48.6746],[1.8035,48.6843],[1.8126,48.688],[1.8343,48.6767],[1.8483,48.6785],[1.8441,48.6637],[1.8554,48.6613],[1.8729,48.6615],[1.8853,48.6547],[1.9028,48.6509],[1.8839,48.6446],[1.8771,48.6351],[1.8576,48.6341],[1.8276,48.6192],[1.8251,48.6352],[1.8177,48.6346],[1.8011,48.6395],[1.786,48.6371],[1.7731,48.6384],[1.7652,48.6523],[1.7873,48.6641],[1.786,48.6746]]]}},{"type":"Feature","properties":{"code":"78590","nom":"Senlisse","app":16.23,"app_bas":13.85,"app_haut":19.01,"app_ech":"maille","app_obs":3,"mai":15.89,"mai_bas":12.23,"mai_haut":20.64,"mai_ech":"maille","mai_obs":4,"a12":18.24,"a3":14.8,"pxa":null,"pxm":null,"napp":0,"nmai":0,"ra":null,"rm":null},"geometry":{"type":"Polygon","coordinates":[[[2.0008,48.668],[1.9894,48.6771],[1.9773,48.6783],[1.959,48.6768],[1.9352,48.6856],[1.9379,48.6877],[1.9433,48.6951],[1.9535,48.6929],[1.9698,48.6968],[2.0034,48.6889],[1.995,48.6846],[2.0017,48.674],[2.0008,48.668]]]}},{"type":"Feature","properties":{"code":"78147","nom":"Chaufour-lès-Bonnières","app":13.5,"app_bas":11.66,"app_haut":15.63,"app_ech":"maille","app_obs":18,"mai":13.62,"mai_bas":11.01,"mai_haut":16.83,"mai_ech":"maille","mai_obs":11,"a12":14.73,"a3":10.93,"pxa":null,"pxm":null,"napp":0,"nmai":0,"ra":null,"rm":null},"geometry":{"type":"Polygon","coordinates":[[[1.4804,49.0056],[1.4741,49.0097],[1.4718,49.0186],[1.4815,49.026],[1.4935,49.0261],[1.4968,49.0188],[1.4909,49.0048],[1.4804,49.0056]]]}},{"type":"Feature","properties":{"code":"78329","nom":"Lainville-en-Vexin","app":16.2,"app_bas":13.6,"app_haut":19.29,"app_ech":"maille","app_obs":2,"mai":12.81,"mai_bas":9.93,"mai_haut":16.52,"mai_ech":"maille","mai_obs":4,"a12":19.52,"a3":14.53,"pxa":null,"pxm":1547,"napp":0,"nmai":30,"ra":null,"rm":8.4},"geometry":{"type":"Polygon","coordinates":[[[1.8406,49.0693],[1.8414,49.0648],[1.8376,49.0583],[1.8154,49.0555],[1.8218,49.0438],[1.8124,49.0407],[1.8126,49.0447],[1.7943,49.0582],[1.7998,49.0646],[1.7965,49.0722],[1.8106,49.073],[1.8154,49.0764],[1.8236,49.0767],[1.8406,49.0693]]]}},{"type":"Feature","properties":{"code":"78416","nom":"Montalet-le-Bois","app":16.89,"app_bas":14.1,"app_haut":20.23,"app_ech":"maille","app_obs":2,"mai":11.62,"mai_bas":9.1,"mai_haut":14.83,"mai_ech":"maille","mai_obs":12,"a12":18.74,"a3":14.53,"pxa":null,"pxm":null,"napp":0,"nmai":0,"ra":null,"rm":null},"geometry":{"type":"Polygon","coordinates":[[[1.8309,49.0358],[1.8228,49.0394],[1.8218,49.0438],[1.8154,49.0555],[1.8376,49.0583],[1.8419,49.0526],[1.8405,49.0468],[1.8309,49.0358]]]}},{"type":"Feature","properties":{"code":"78545","nom":"Saint-Cyr-l'École","app":19.62,"app_bas":16.55,"app_haut":23.26,"app_ech":"commune","app_obs":4038,"mai":19.88,"mai_bas":15.05,"mai_haut":26.26,"mai_ech":"commune","mai_obs":106,"a12":22.44,"a3":17.95,"pxa":4705,"pxm":4889,"napp":717,"nmai":114,"ra":4.05,"rm":3.94},"geometry":{"type":"Polygon","coordinates":[[[2.0832,48.819],[2.0798,48.8152],[2.0702,48.7898],[2.0536,48.7946],[2.0501,48.7984],[2.0485,48.8032],[2.0612,48.8178],[2.0707,48.823],[2.0832,48.819]]]}},{"type":"Feature","properties":{"code":"78616","nom":"Thoiry","app":16.59,"app_bas":14.09,"app_haut":19.54,"app_ech":"commune","app_obs":135,"mai":14.28,"mai_bas":10.84,"mai_haut":18.8,"mai_ech":"maille","mai_obs":87,"a12":19.73,"a3":14.57,"pxa":null,"pxm":2677,"napp":9,"nmai":33,"ra":null,"rm":5.41},"geometry":{"type":"Polygon","coordinates":[[[1.8232,48.8764],[1.8088,48.865],[1.806,48.8601],[1.7917,48.8544],[1.7812,48.8688],[1.7751,48.8726],[1.7891,48.886],[1.8135,48.8856],[1.8232,48.8764]]]}},{"type":"Feature","properties":{"code":"78358","nom":"Maisons-Laffitte","app":22.95,"app_bas":18.67,"app_haut":28.21,"app_ech":"commune","app_obs":2228,"mai":26.58,"mai_bas":19.72,"mai_haut":35.84,"mai_ech":"commune","mai_obs":211,"a12":24.89,"a3":22.08,"pxa":5610,"pxm":7650,"napp":717,"nmai":238,"ra":3.89,"rm":3.31},"geometry":{"type":"Polygon","coordinates":[[[2.1782,48.9635],[2.1781,48.9598],[2.1731,48.9533],[2.1424,48.9351],[2.1279,48.9432],[2.1331,48.9512],[2.1448,48.963],[2.1565,48.9648],[2.1782,48.9635]]]}},{"type":"Feature","properties":{"code":"78396","nom":"Mesnil-le-Roi","app":19.75,"app_bas":16.12,"app_haut":24.21,"app_ech":"commune","app_obs":362,"mai":24.48,"mai_bas":18.19,"mai_haut":32.96,"mai_ech":"maille","mai_obs":97,"a12":21.48,"a3":19.79,"pxa":4364,"pxm":6137,"napp":72,"nmai":94,"ra":4.39,"rm":3.8},"geometry":{"type":"Polygon","coordinates":[[[2.1041,48.9074],[2.1123,48.9233],[2.1178,48.9278],[2.1226,48.9423],[2.1279,48.9432],[2.1424,48.9351],[2.1244,48.9231],[2.1132,48.9063],[2.1041,48.9074]]]}},{"type":"Feature","properties":{"code":"78410","nom":"Moisson","app":14.74,"app_bas":12.52,"app_haut":17.36,"app_ech":"maille","app_obs":18,"mai":11.62,"mai_bas":9.1,"mai_haut":14.83,"mai_ech":"maille","mai_obs":16,"a12":14.73,"a3":12.9,"pxa":null,"pxm":1488,"napp":2,"nmai":31,"ra":null,"rm":8.05},"geometry":{"type":"Polygon","coordinates":[[[1.6449,49.0643],[1.6202,49.0739],[1.6293,49.0783],[1.6466,49.0813],[1.6602,49.0811],[1.6737,49.0782],[1.6876,49.0718],[1.6971,49.066],[1.6937,49.0567],[1.6832,49.0507],[1.6665,49.0587],[1.6449,49.0643]]]}},{"type":"Feature","properties":{"code":"78646","nom":"Versailles","app":24.31,"app_bas":19.29,"app_haut":30.63,"app_ech":"commune","app_obs":14588,"mai":24.34,"mai_bas":17.67,"mai_haut":33.55,"mai_ech":"commune","mai_obs":243,"a12":26.4,"a3":23.61,"pxa":6595,"pxm":8818,"napp":2523,"nmai":261,"ra":3.51,"rm":2.63},"geometry":{"type":"Polygon","coordinates":[[[2.0832,48.819],[2.0891,48.8263],[2.0967,48.8237],[2.1127,48.8285],[2.1141,48.8211],[2.1285,48.8155],[2.1362,48.8158],[2.1397,48.8236],[2.1485,48.8285],[2.1515,48.8214],[2.1507,48.8188],[2.1613,48.8128],[2.1622,48.7984],[2.1682,48.7879],[2.1619,48.7822],[2.1464,48.7908],[2.1406,48.7927],[2.1245,48.7799],[2.1055,48.7807],[2.0916,48.7824],[2.0702,48.7898],[2.0798,48.8152],[2.0832,48.819]]]}},{"type":"Feature","properties":{"code":"78335","nom":"Limay","app":15.15,"app_bas":12.82,"app_haut":17.91,"app_ech":"commune","app_obs":1486,"mai":12.86,"mai_bas":10.19,"mai_haut":16.23,"mai_ech":"commune","mai_obs":180,"a12":17.93,"a3":13.22,"pxa":2161,"pxm":2603,"napp":136,"nmai":235,"ra":7.07,"rm":5.01},"geometry":{"type":"Polygon","coordinates":[[[1.7554,49.006],[1.7647,48.9997],[1.7622,48.9897],[1.7527,48.9751],[1.7518,48.9674],[1.7425,48.9708],[1.7325,48.9779],[1.7273,48.9849],[1.7207,48.9999],[1.7084,49.0083],[1.73,49.0154],[1.7554,49.006]]]}},{"type":"Feature","properties":{"code":"78524","nom":"Rocquencourt","app":null,"app_bas":null,"app_haut":null,"app_ech":null,"app_obs":0,"mai":null,"mai_bas":null,"mai_haut":null,"mai_ech":null,"mai_obs":0,"a12":null,"a3":null,"pxa":null,"pxm":null,"napp":0,"nmai":0,"ra":null,"rm":null},"geometry":{"type":"Polygon","coordinates":[[[2.0891,48.8263],[2.1008,48.8383],[2.1027,48.8427],[2.1106,48.8411],[2.1205,48.836],[2.1127,48.8285],[2.0967,48.8237],[2.0891,48.8263]]]}},{"type":"Feature","properties":{"code":"78031","nom":"Auffreville-Brasseuil","app":15.74,"app_bas":13.42,"app_haut":18.45,"app_ech":"maille","app_obs":34,"mai":13.61,"mai_bas":10.52,"mai_haut":17.61,"mai_ech":"maille","mai_obs":34,"a12":18.67,"a3":12.76,"pxa":null,"pxm":null,"napp":0,"nmai":0,"ra":null,"rm":null},"geometry":{"type":"Polygon","coordinates":[[[1.6984,48.9437],[1.6919,48.9478],[1.6993,48.9577],[1.7024,48.9636],[1.7192,48.9614],[1.7119,48.9506],[1.6984,48.9437]]]}},{"type":"Feature","properties":{"code":"78681","nom":"Villiers-le-Mahieu","app":16.44,"app_bas":14.03,"app_haut":19.26,"app_ech":"maille","app_obs":17,"mai":14.28,"mai_bas":10.84,"mai_haut":18.8,"mai_ech":"maille","mai_obs":8,"a12":18.01,"a3":14.57,"pxa":null,"pxm":null,"napp":0,"nmai":0,"ra":null,"rm":null},"geometry":{"type":"Polygon","coordinates":[[[1.7586,48.8688],[1.7751,48.8726],[1.7812,48.8688],[1.7917,48.8544],[1.7807,48.84],[1.778,48.8323],[1.7747,48.8307],[1.7611,48.841],[1.7674,48.8496],[1.7603,48.8587],[1.7586,48.8688]]]}},{"type":"Feature","properties":{"code":"78057","nom":"Bennecourt","app":13.06,"app_bas":10.95,"app_haut":15.58,"app_ech":"maille","app_obs":44,"mai":13.62,"mai_bas":11.01,"mai_haut":16.83,"mai_ech":"maille","mai_obs":34,"a12":14.73,"a3":10.93,"pxa":null,"pxm":1939,"napp":5,"nmai":62,"ra":null,"rm":7.12},"geometry":{"type":"Polygon","coordinates":[[[1.5332,49.0478],[1.5442,49.0397],[1.5694,49.0572],[1.581,49.0623],[1.591,49.0626],[1.5993,49.0546],[1.583,49.0426],[1.5714,49.0369],[1.5619,49.0351],[1.549,49.0352],[1.537,49.0413],[1.5318,49.0466],[1.5332,49.0478]]]}},{"type":"Feature","properties":{"code":"78465","nom":"Orgerus","app":15.87,"app_bas":13.43,"app_haut":18.76,"app_ech":"maille","app_obs":57,"mai":15.69,"mai_bas":12.61,"mai_haut":19.53,"mai_ech":"maille","mai_obs":68,"a12":17.38,"a3":13.84,"pxa":null,"pxm":2638,"napp":6,"nmai":72,"ra":null,"rm":5.97},"geometry":{"type":"Polygon","coordinates":[[[1.6771,48.8319],[1.6782,48.8396],[1.6703,48.8446],[1.6859,48.8559],[1.6963,48.8686],[1.7019,48.8657],[1.7165,48.8549],[1.7189,48.8486],[1.7129,48.8378],[1.7133,48.8156],[1.7042,48.8128],[1.7083,48.8067],[1.7045,48.8019],[1.6994,48.809],[1.679,48.8206],[1.6771,48.8319]]]}},{"type":"Feature","properties":{"code":"78505","nom":"Prunay-le-Temple","app":15.87,"app_bas":13.43,"app_haut":18.76,"app_ech":"maille","app_obs":3,"mai":12.9,"mai_bas":10.14,"mai_haut":16.41,"mai_ech":"maille","mai_obs":5,"a12":17.38,"a3":13.84,"pxa":null,"pxm":null,"napp":0,"nmai":0,"ra":null,"rm":null},"geometry":{"type":"Polygon","coordinates":[[[1.6898,48.8729],[1.6963,48.8686],[1.6859,48.8559],[1.6703,48.8446],[1.6589,48.8416],[1.6522,48.8453],[1.6588,48.8671],[1.6641,48.8717],[1.6695,48.8699],[1.6836,48.8753],[1.6898,48.8729]]]}},{"type":"Feature","properties":{"code":"78506","nom":"Prunay-en-Yvelines","app":14.79,"app_bas":12.46,"app_haut":17.55,"app_ech":"maille","app_obs":7,"mai":10.59,"mai_bas":8.51,"mai_haut":13.19,"mai_ech":"maille","mai_obs":34,"a12":16.99,"a3":11.24,"pxa":null,"pxm":2467,"napp":0,"nmai":33,"ra":null,"rm":4.49},"geometry":{"type":"Polygon","coordinates":[[[1.7872,48.5537],[1.7995,48.5582],[1.8056,48.5644],[1.8202,48.5677],[1.8194,48.5712],[1.8323,48.5712],[1.8326,48.5634],[1.8295,48.5327],[1.8187,48.5294],[1.8115,48.5167],[1.8119,48.5101],[1.8222,48.5038],[1.8296,48.4966],[1.8271,48.4883],[1.8167,48.4831],[1.8081,48.4816],[1.7963,48.4842],[1.7857,48.4899],[1.7906,48.4974],[1.7786,48.5081],[1.7758,48.5277],[1.7872,48.5537]]]}},{"type":"Feature","properties":{"code":"78520","nom":"Richebourg","app":15.87,"app_bas":13.43,"app_haut":18.76,"app_ech":"maille","app_obs":3,"mai":15.69,"mai_bas":12.61,"mai_haut":19.53,"mai_ech":"maille","mai_obs":27,"a12":17.38,"a3":14.06,"pxa":null,"pxm":1743,"napp":1,"nmai":45,"ra":null,"rm":9.03},"geometry":{"type":"Polygon","coordinates":[[[1.6562,48.8215],[1.6541,48.8136],[1.6288,48.8037],[1.6201,48.8014],[1.6196,48.8084],[1.6087,48.8198],[1.616,48.8218],[1.6231,48.8308],[1.6204,48.8448],[1.6237,48.8488],[1.6402,48.8391],[1.649,48.8392],[1.6522,48.8453],[1.6589,48.8416],[1.6511,48.8256],[1.6562,48.8215]]]}},{"type":"Feature","properties":{"code":"78605","nom":"Tacoignières","app":15.87,"app_bas":13.43,"app_haut":18.76,"app_ech":"maille","app_obs":1,"mai":12.9,"mai_bas":10.14,"mai_haut":16.41,"mai_ech":"maille","mai_obs":9,"a12":17.38,"a3":13.84,"pxa":null,"pxm":2228,"napp":0,"nmai":34,"ra":null,"rm":5.87},"geometry":{"type":"Polygon","coordinates":[[[1.6589,48.8416],[1.6703,48.8446],[1.6782,48.8396],[1.6771,48.8319],[1.667,48.8235],[1.6562,48.8215],[1.6511,48.8256],[1.6589,48.8416]]]}},{"type":"Feature","properties":{"code":"78677","nom":"Villette","app":15.87,"app_bas":13.43,"app_haut":18.76,"app_ech":"maille","app_obs":3,"mai":14.28,"mai_bas":10.84,"mai_haut":18.8,"mai_ech":"maille","mai_obs":14,"a12":18.67,"a3":12.86,"pxa":null,"pxm":null,"napp":0,"nmai":0,"ra":null,"rm":null},"geometry":{"type":"Polygon","coordinates":[[[1.6738,48.9332],[1.7028,48.9363],[1.7094,48.9279],[1.7088,48.9181],[1.7023,48.9122],[1.6867,48.9211],[1.6764,48.9229],[1.6738,48.9332]]]}},{"type":"Feature","properties":{"code":"78053","nom":"Béhoust","app":15.07,"app_bas":12.8,"app_haut":17.74,"app_ech":"maille","app_obs":0,"mai":15.69,"mai_bas":12.61,"mai_haut":19.53,"mai_ech":"maille","mai_obs":2,"a12":18.94,"a3":14.06,"pxa":null,"pxm":null,"napp":0,"nmai":0,"ra":null,"rm":null},"geometry":{"type":"Polygon","coordinates":[[[1.7332,48.8209],[1.7133,48.8156],[1.7129,48.8378],[1.7189,48.8486],[1.7314,48.8456],[1.74,48.8378],[1.7332,48.8209]]]}},{"type":"Feature","properties":{"code":"78104","nom":"Breuil-Bois-Robert","app":15.87,"app_bas":13.43,"app_haut":18.76,"app_ech":"maille","app_obs":11,"mai":14.28,"mai_bas":10.84,"mai_haut":18.8,"mai_ech":"maille","mai_obs":15,"a12":17.21,"a3":12.76,"pxa":null,"pxm":null,"napp":0,"nmai":0,"ra":null,"rm":null},"geometry":{"type":"Polygon","coordinates":[[[1.7028,48.9363],[1.6984,48.9437],[1.7119,48.9506],[1.7192,48.9614],[1.7236,48.963],[1.7228,48.9442],[1.7242,48.9324],[1.7094,48.9279],[1.7028,48.9363]]]}},{"type":"Feature","properties":{"code":"78138","nom":"Chanteloup-les-Vignes","app":16.48,"app_bas":13.89,"app_haut":19.55,"app_ech":"commune","app_obs":878,"mai":15.32,"mai_bas":11.81,"mai_haut":19.86,"mai_ech":"maille","mai_obs":73,"a12":19.45,"a3":14.54,"pxa":2667,"pxm":3164,"napp":79,"nmai":130,"ra":6.15,"rm":4.87},"geometry":{"type":"Polygon","coordinates":[[[2.0247,48.9956],[2.0271,48.9887],[2.0384,48.9843],[2.0425,48.9794],[2.0405,48.9705],[2.0337,48.9658],[2.0353,48.9615],[2.0282,48.9591],[2.0235,48.9735],[2.0238,48.9828],[2.0204,48.9939],[2.0247,48.9956]]]}},{"type":"Feature","properties":{"code":"78220","nom":"Essarts-le-Roi","app":17.24,"app_bas":14.9,"app_haut":19.94,"app_ech":"commune","app_obs":406,"mai":15.21,"mai_bas":12.16,"mai_haut":19.03,"mai_ech":"maille","mai_obs":77,"a12":20.78,"a3":15.1,"pxa":2830,"pxm":3129,"napp":62,"nmai":150,"ra":6.03,"rm":4.9},"geometry":{"type":"Polygon","coordinates":[[[1.9433,48.6951],[1.9379,48.6877],[1.9194,48.6989],[1.8939,48.7046],[1.8691,48.7073],[1.8657,48.7117],[1.8379,48.7209],[1.8534,48.7331],[1.8687,48.7321],[1.9033,48.7382],[1.9067,48.7353],[1.9021,48.7214],[1.9155,48.7221],[1.933,48.7188],[1.9419,48.7093],[1.9385,48.6983],[1.9433,48.6951]]]}},{"type":"Feature","properties":{"code":"78077","nom":"Boissière-École","app":15.4,"app_bas":12.58,"app_haut":18.85,"app_ech":"maille","app_obs":11,"mai":13.78,"mai_bas":10.91,"mai_haut":17.4,"mai_ech":"maille","mai_obs":4,"a12":17.5,"a3":12.33,"pxa":null,"pxm":null,"napp":0,"nmai":0,"ra":null,"rm":null},"geometry":{"type":"Polygon","coordinates":[[[1.7097,48.7126],[1.7062,48.7102],[1.7167,48.6985],[1.7263,48.6955],[1.7131,48.6906],[1.6994,48.6814],[1.6933,48.6727],[1.6873,48.6706],[1.6773,48.6725],[1.6711,48.6704],[1.6517,48.672],[1.6249,48.6688],[1.6158,48.6768],[1.6062,48.6791],[1.6113,48.6885],[1.6237,48.6863],[1.6289,48.6887],[1.626,48.6948],[1.6426,48.6984],[1.649,48.7093],[1.6643,48.7064],[1.6957,48.7131],[1.7097,48.7126]]]}},{"type":"Feature","properties":{"code":"78143","nom":"Châteaufort","app":20.92,"app_bas":17.47,"app_haut":25.04,"app_ech":"maille","app_obs":59,"mai":18.98,"mai_bas":14.65,"mai_haut":24.58,"mai_ech":"maille","mai_obs":26,"a12":22.78,"a3":19.42,"pxa":null,"pxm":4133,"napp":13,"nmai":31,"ra":null,"rm":4.48},"geometry":{"type":"MultiPolygon","coordinates":[[[[2.1062,48.7193],[2.0951,48.7258],[2.0857,48.7279],[2.0823,48.7384],[2.0861,48.7468],[2.0786,48.7539],[2.1064,48.7574],[2.1019,48.7486],[2.1047,48.738],[2.098,48.7344],[2.1112,48.7242],[2.1062,48.7193]]],[[[2.1063,48.7189],[2.1077,48.7177],[2.1055,48.7166],[2.1063,48.7189]]]]}},{"type":"Feature","properties":{"code":"78234","nom":"Flacourt","app":15.74,"app_bas":13.42,"app_haut":18.45,"app_ech":"maille","app_obs":0,"mai":13.61,"mai_bas":10.52,"mai_haut":17.61,"mai_ech":"maille","mai_obs":3,"a12":15.97,"a3":12.86,"pxa":null,"pxm":null,"napp":0,"nmai":0,"ra":null,"rm":null},"geometry":{"type":"Polygon","coordinates":[[[1.6183,48.9331],[1.6292,48.941],[1.6474,48.9371],[1.6566,48.9398],[1.6651,48.9408],[1.6567,48.925],[1.6453,48.9216],[1.6183,48.9331]]]}},{"type":"Feature","properties":{"code":"78474","nom":"Orvilliers","app":15.87,"app_bas":13.43,"app_haut":18.76,"app_ech":"maille","app_obs":25,"mai":12.9,"mai_bas":10.14,"mai_haut":16.41,"mai_ech":"maille","mai_obs":20,"a12":17.38,"a3":13.84,"pxa":null,"pxm":2715,"napp":9,"nmai":32,"ra":null,"rm":4.82},"geometry":{"type":"Polygon","coordinates":[[[1.6428,48.8706],[1.6489,48.8714],[1.6588,48.8671],[1.6522,48.8453],[1.649,48.8392],[1.6402,48.8391],[1.6237,48.8488],[1.6282,48.8595],[1.6432,48.8684],[1.6428,48.8706]]]}},{"type":"Feature","properties":{"code":"78010","nom":"Alluets-le-Roi","app":16.88,"app_bas":13.47,"app_haut":21.14,"app_ech":"maille","app_obs":5,"mai":15.47,"mai_bas":12.04,"mai_haut":19.87,"mai_ech":"maille","mai_obs":15,"a12":18.23,"a3":14.77,"pxa":null,"pxm":3152,"napp":2,"nmai":38,"ra":null,"rm":4.93},"geometry":{"type":"Polygon","coordinates":[[[1.9177,48.9245],[1.9377,48.9184],[1.942,48.9138],[1.936,48.911],[1.9341,48.9046],[1.9294,48.9002],[1.912,48.9012],[1.9024,48.9053],[1.8981,48.9168],[1.8836,48.9172],[1.9011,48.9295],[1.9177,48.9245]]]}},{"type":"Feature","properties":{"code":"78361","nom":"Mantes-la-Jolie","app":15.85,"app_bas":13.47,"app_haut":18.66,"app_ech":"commune","app_obs":7048,"mai":13.92,"mai_bas":10.77,"mai_haut":17.98,"mai_ech":"commune","mai_obs":335,"a12":18.48,"a3":14.43,"pxa":2523,"pxm":2873,"napp":736,"nmai":223,"ra":6.29,"rm":4.91},"geometry":{"type":"Polygon","coordinates":[[[1.7084,49.0083],[1.7207,48.9999],[1.7273,48.9849],[1.7161,48.9831],[1.7026,48.9892],[1.6907,48.9895],[1.6758,48.9946],[1.664,48.9949],[1.6561,48.9966],[1.658,49.0061],[1.6706,49.0083],[1.7015,49.0101],[1.7084,49.0083]]]}},{"type":"Feature","properties":{"code":"78385","nom":"Ménerville","app":15.74,"app_bas":13.42,"app_haut":18.45,"app_ech":"maille","app_obs":1,"mai":14.28,"mai_bas":10.84,"mai_haut":18.8,"mai_ech":"maille","mai_obs":1,"a12":15.97,"a3":12.76,"pxa":null,"pxm":null,"napp":0,"nmai":0,"ra":null,"rm":null},"geometry":{"type":"Polygon","coordinates":[[[1.5892,48.9453],[1.579,48.9516],[1.5799,48.9569],[1.6022,48.9683],[1.614,48.9608],[1.6135,48.9552],[1.6054,48.9488],[1.6016,48.9522],[1.5896,48.9497],[1.5892,48.9453]]]}},{"type":"Feature","properties":{"code":"78404","nom":"Millemont","app":15.07,"app_bas":12.8,"app_haut":17.74,"app_ech":"maille","app_obs":7,"mai":15.69,"mai_bas":12.61,"mai_haut":19.53,"mai_ech":"maille","mai_obs":10,"a12":18.94,"a3":14.06,"pxa":null,"pxm":null,"napp":0,"nmai":0,"ra":null,"rm":null},"geometry":{"type":"Polygon","coordinates":[[[1.7332,48.8209],[1.7447,48.8107],[1.7483,48.8032],[1.7291,48.7982],[1.7031,48.7996],[1.7083,48.8067],[1.7042,48.8128],[1.7332,48.8209]]]}},{"type":"Feature","properties":{"code":"78647","nom":"Vert","app":15.74,"app_bas":13.42,"app_haut":18.45,"app_ech":"maille","app_obs":52,"mai":13.61,"mai_bas":10.52,"mai_haut":17.61,"mai_ech":"maille","mai_obs":24,"a12":18.67,"a3":12.86,"pxa":null,"pxm":null,"napp":0,"nmai":0,"ra":null,"rm":null},"geometry":{"type":"Polygon","coordinates":[[[1.6738,48.9332],[1.6602,48.9326],[1.6651,48.9408],[1.6948,48.9524],[1.6919,48.9478],[1.6984,48.9437],[1.7028,48.9363],[1.6738,48.9332]]]}},{"type":"Feature","properties":{"code":"78227","nom":"Évecquemont","app":14.65,"app_bas":12.45,"app_haut":17.24,"app_ech":"maille","app_obs":49,"mai":15.97,"mai_bas":12.3,"mai_haut":20.73,"mai_ech":"maille","mai_obs":3,"a12":18.34,"a3":14.15,"pxa":null,"pxm":null,"napp":0,"nmai":0,"ra":null,"rm":null},"geometry":{"type":"Polygon","coordinates":[[[1.9378,49.0218],[1.9549,49.0245],[1.9571,49.0218],[1.9556,49.0152],[1.9486,49.0119],[1.9361,49.0102],[1.9201,49.0155],[1.933,49.0177],[1.9378,49.0218]]]}},{"type":"Feature","properties":{"code":"78283","nom":"Grandchamp","app":15.4,"app_bas":12.58,"app_haut":18.85,"app_ech":"maille","app_obs":1,"mai":11.9,"mai_bas":9.6,"mai_haut":14.76,"mai_ech":"maille","mai_obs":7,"a12":14.37,"a3":12.33,"pxa":null,"pxm":null,"napp":0,"nmai":0,"ra":null,"rm":null},"geometry":{"type":"Polygon","coordinates":[[[1.5949,48.7093],[1.59,48.7129],[1.6113,48.7309],[1.6203,48.736],[1.6167,48.7303],[1.627,48.7273],[1.6387,48.7318],[1.631,48.7226],[1.6333,48.7138],[1.6272,48.7112],[1.6129,48.7117],[1.6023,48.705],[1.5949,48.7093]]]}},{"type":"Feature","properties":{"code":"78354","nom":"Magnanville","app":16.81,"app_bas":14.3,"app_haut":19.76,"app_ech":"commune","app_obs":186,"mai":11.81,"mai_bas":9.56,"mai_haut":14.6,"mai_ech":"maille","mai_obs":36,"a12":17.67,"a3":12.09,"pxa":null,"pxm":2528,"napp":18,"nmai":132,"ra":null,"rm":4.8},"geometry":{"type":"Polygon","coordinates":[[[1.6862,48.9785],[1.7003,48.9792],[1.6955,48.9669],[1.7024,48.9636],[1.6993,48.9577],[1.6878,48.9579],[1.6736,48.9633],[1.6659,48.9698],[1.6773,48.9769],[1.6862,48.9785]]]}},{"type":"Feature","properties":{"code":"78497","nom":"Poigny-la-Forêt","app":16.76,"app_bas":14.53,"app_haut":19.34,"app_ech":"maille","app_obs":3,"mai":15.89,"mai_bas":12.23,"mai_haut":20.64,"mai_ech":"maille","mai_obs":18,"a12":17.5,"a3":12.33,"pxa":null,"pxm":2500,"napp":0,"nmai":31,"ra":null,"rm":6.36},"geometry":{"type":"Polygon","coordinates":[[[1.786,48.6746],[1.7722,48.6767],[1.7664,48.6738],[1.7595,48.6649],[1.7375,48.6525],[1.7236,48.6604],[1.7136,48.6826],[1.7065,48.6859],[1.7131,48.6906],[1.7263,48.6955],[1.7582,48.7028],[1.7733,48.7035],[1.7862,48.7079],[1.7969,48.698],[1.8035,48.6843],[1.786,48.6746]]]}},{"type":"Feature","properties":{"code":"78516","nom":"Raizeux","app":12.89,"app_bas":11.07,"app_haut":14.99,"app_ech":"maille","app_obs":2,"mai":13.78,"mai_bas":10.91,"mai_haut":17.4,"mai_ech":"maille","mai_obs":20,"a12":16.99,"a3":13.65,"pxa":null,"pxm":1717,"napp":0,"nmai":34,"ra":null,"rm":8.14},"geometry":{"type":"Polygon","coordinates":[[[1.6516,48.6381],[1.6674,48.6317],[1.6729,48.6246],[1.6799,48.6239],[1.6849,48.632],[1.6831,48.6388],[1.6903,48.6539],[1.7078,48.6614],[1.7206,48.6554],[1.71,48.6447],[1.7148,48.6431],[1.7096,48.6329],[1.703,48.6295],[1.6947,48.6184],[1.6908,48.6172],[1.6839,48.6195],[1.6664,48.6137],[1.6563,48.6221],[1.6582,48.6276],[1.6496,48.6323],[1.6516,48.6381]]]}},{"type":"Feature","properties":{"code":"78013","nom":"Andelu","app":15.07,"app_bas":12.8,"app_haut":17.74,"app_ech":"maille","app_obs":2,"mai":14.28,"mai_bas":10.84,"mai_haut":18.8,"mai_ech":"maille","mai_obs":2,"a12":18.09,"a3":14.57,"pxa":null,"pxm":null,"napp":0,"nmai":0,"ra":null,"rm":null},"geometry":{"type":"Polygon","coordinates":[[[1.7831,48.8914],[1.8057,48.8988],[1.8211,48.89],[1.8355,48.8852],[1.8321,48.8787],[1.8232,48.8764],[1.8135,48.8856],[1.7891,48.886],[1.7831,48.8914]]]}},{"type":"Feature","properties":{"code":"78481","nom":"Pecq","app":21.66,"app_bas":17.36,"app_haut":27.03,"app_ech":"commune","app_obs":1398,"mai":22.99,"mai_bas":16.3,"mai_haut":32.42,"mai_ech":"maille","mai_obs":59,"a12":25.23,"a3":20.48,"pxa":4281,"pxm":5727,"napp":416,"nmai":117,"ra":4.84,"rm":3.82},"geometry":{"type":"Polygon","coordinates":[[[2.1041,48.9074],[2.1132,48.9063],[2.1202,48.9032],[2.1136,48.8991],[2.1182,48.8908],[2.1103,48.8874],[2.1011,48.8855],[2.0974,48.8813],[2.0842,48.8787],[2.0918,48.8859],[2.1003,48.8899],[2.1041,48.9074]]]}},{"type":"Feature","properties":{"code":"78030","nom":"Auffargis","app":16.76,"app_bas":14.53,"app_haut":19.34,"app_ech":"maille","app_obs":24,"mai":15.21,"mai_bas":12.16,"mai_haut":19.03,"mai_ech":"maille","mai_obs":13,"a12":20.7,"a3":14.8,"pxa":null,"pxm":3055,"napp":10,"nmai":54,"ra":null,"rm":5.02},"geometry":{"type":"Polygon","coordinates":[[[1.8691,48.7073],[1.8939,48.7046],[1.9194,48.6989],[1.9379,48.6877],[1.9352,48.6856],[1.9242,48.6692],[1.9299,48.6637],[1.9291,48.6593],[1.909,48.6578],[1.8956,48.6595],[1.8908,48.6656],[1.8948,48.6769],[1.888,48.6854],[1.8703,48.686],[1.8613,48.7011],[1.8691,48.7073]]]}},{"type":"Feature","properties":{"code":"78623","nom":"Tremblay-sur-Mauldre","app":17.37,"app_bas":14.38,"app_haut":20.99,"app_ech":"maille","app_obs":86,"mai":15.15,"mai_bas":11.79,"mai_haut":19.47,"mai_ech":"maille","mai_obs":10,"a12":20.7,"a3":16.49,"pxa":null,"pxm":null,"napp":0,"nmai":0,"ra":null,"rm":null},"geometry":{"type":"Polygon","coordinates":[[[1.8726,48.7986],[1.8759,48.8063],[1.8859,48.8043],[1.8881,48.788],[1.8865,48.7797],[1.89,48.7703],[1.8816,48.7663],[1.869,48.7655],[1.8656,48.7769],[1.8726,48.7986]]]}},{"type":"Feature","properties":{"code":"78048","nom":"Bazainville","app":13.72,"app_bas":11.47,"app_haut":16.42,"app_ech":"maille","app_obs":26,"mai":15.69,"mai_bas":12.61,"mai_haut":19.53,"mai_ech":"maille","mai_obs":26,"a12":17.38,"a3":14.06,"pxa":null,"pxm":1974,"napp":3,"nmai":43,"ra":null,"rm":7.97},"geometry":{"type":"Polygon","coordinates":[[[1.6771,48.8319],[1.679,48.8206],[1.6994,48.809],[1.7045,48.8019],[1.7031,48.7996],[1.683,48.7963],[1.6488,48.794],[1.6408,48.7922],[1.63,48.7995],[1.6288,48.8037],[1.6541,48.8136],[1.6562,48.8215],[1.667,48.8235],[1.6771,48.8319]]]}},{"type":"Feature","properties":{"code":"78255","nom":"Freneuse","app":14.69,"app_bas":12.31,"app_haut":17.53,"app_ech":"commune","app_obs":177,"mai":11.81,"mai_bas":9.56,"mai_haut":14.6,"mai_ech":"maille","mai_obs":71,"a12":16.87,"a3":12.09,"pxa":null,"pxm":2220,"napp":29,"nmai":110,"ra":null,"rm":5.47},"geometry":{"type":"Polygon","coordinates":[[[1.6112,49.026],[1.5877,49.0242],[1.5867,49.0318],[1.5911,49.037],[1.583,49.0426],[1.5993,49.0546],[1.6143,49.0712],[1.6202,49.0739],[1.6449,49.0643],[1.6276,49.0577],[1.6283,49.0481],[1.6208,49.0454],[1.6109,49.0368],[1.6112,49.026]]]}},{"type":"Feature","properties":{"code":"78475","nom":"Osmoy","app":15.07,"app_bas":12.8,"app_haut":17.74,"app_ech":"maille","app_obs":0,"mai":14.28,"mai_bas":10.84,"mai_haut":18.8,"mai_ech":"maille","mai_obs":3,"a12":18.94,"a3":13.84,"pxa":null,"pxm":null,"napp":0,"nmai":0,"ra":null,"rm":null},"geometry":{"type":"Polygon","coordinates":[[[1.7019,48.8657],[1.7206,48.8725],[1.7292,48.8712],[1.7286,48.8612],[1.7234,48.8558],[1.7165,48.8549],[1.7019,48.8657]]]}},{"type":"Feature","properties":{"code":"78559","nom":"Saint-Illiers-le-Bois","app":14.59,"app_bas":12.53,"app_haut":16.98,"app_ech":"maille","app_obs":13,"mai":12.38,"mai_bas":9.83,"mai_haut":15.6,"mai_ech":"maille","mai_obs":7,"a12":17.67,"a3":12.83,"pxa":null,"pxm":null,"napp":0,"nmai":0,"ra":null,"rm":null},"geometry":{"type":"Polygon","coordinates":[[[1.5184,48.9784],[1.5203,48.9782],[1.5284,48.9699],[1.5216,48.9613],[1.511,48.9536],[1.5011,48.9527],[1.4994,48.9605],[1.4926,48.965],[1.4966,48.9693],[1.5184,48.9784]]]}},{"type":"Feature","properties":{"code":"78686","nom":"Viroflay","app":23.67,"app_bas":19.38,"app_haut":28.92,"app_ech":"commune","app_obs":1747,"mai":23.93,"mai_bas":18.04,"mai_haut":31.74,"mai_ech":"maille","mai_obs":92,"a12":26.01,"a3":22.71,"pxa":5483,"pxm":7872,"napp":502,"nmai":153,"ra":4.11,"rm":2.89},"geometry":{"type":"Polygon","coordinates":[[[2.1682,48.7879],[2.1622,48.7984],[2.1613,48.8128],[2.1693,48.8159],[2.1767,48.814],[2.1829,48.7972],[2.1682,48.7879]]]}},{"type":"Feature","properties":{"code":"78172","nom":"Conflans-Sainte-Honorine","app":18.31,"app_bas":15.63,"app_haut":21.46,"app_ech":"commune","app_obs":4204,"mai":16.92,"mai_bas":13.21,"mai_haut":21.68,"mai_ech":"commune","mai_obs":478,"a12":21.52,"a3":16.46,"pxa":3219,"pxm":4259,"napp":590,"nmai":674,"ra":5.58,"rm":3.94},"geometry":{"type":"Polygon","coordinates":[[[2.0744,48.9848],[2.0719,48.9934],[2.0717,49.0017],[2.0755,49.0023],[2.0849,49.0147],[2.1102,49.0087],[2.121,49.0181],[2.1267,49.0122],[2.1207,48.9933],[2.1275,48.9891],[2.0852,48.9878],[2.0744,48.9848]]]}},{"type":"Feature","properties":{"code":"78317","nom":"Jambville","app":16.89,"app_bas":14.1,"app_haut":20.23,"app_ech":"maille","app_obs":16,"mai":11.62,"mai_bas":9.1,"mai_haut":14.83,"mai_ech":"maille","mai_obs":7,"a12":19.52,"a3":13.02,"pxa":null,"pxm":null,"napp":0,"nmai":0,"ra":null,"rm":null},"geometry":{"type":"Polygon","coordinates":[[[1.8513,49.0334],[1.8316,49.0359],[1.8405,49.0468],[1.8419,49.0526],[1.8376,49.0583],[1.8414,49.0648],[1.8553,49.0618],[1.8655,49.0575],[1.8606,49.0463],[1.8513,49.0334]]]}},{"type":"Feature","properties":{"code":"78344","nom":"Lommoye","app":14.59,"app_bas":12.53,"app_haut":16.98,"app_ech":"maille","app_obs":0,"mai":12.38,"mai_bas":9.83,"mai_haut":15.6,"mai_ech":"maille","mai_obs":5,"a12":15.97,"a3":12.83,"pxa":null,"pxm":null,"napp":0,"nmai":0,"ra":null,"rm":null},"geometry":{"type":"Polygon","coordinates":[[[1.5184,48.9784],[1.5079,48.9838],[1.4909,49.0048],[1.4968,49.0188],[1.5121,49.0101],[1.5225,49.0083],[1.5437,48.9994],[1.5461,48.9919],[1.5283,48.9861],[1.5203,48.9782],[1.5184,48.9784]]]}},{"type":"Feature","properties":{"code":"78638","nom":"Vaux-sur-Seine","app":16.26,"app_bas":13.83,"app_haut":19.13,"app_ech":"commune","app_obs":482,"mai":15.97,"mai_bas":12.3,"mai_haut":20.73,"mai_ech":"maille","mai_obs":87,"a12":19.51,"a3":14.87,"pxa":2694,"pxm":2836,"napp":42,"nmai":128,"ra":6.02,"rm":5.63},"geometry":{"type":"Polygon","coordinates":[[[1.9919,49.021],[2.0049,49.0101],[1.9927,49.0031],[1.9825,48.9924],[1.9652,49.0015],[1.9465,49.0064],[1.9371,49.0066],[1.9361,49.0102],[1.9486,49.0119],[1.9556,49.0152],[1.9571,49.0218],[1.9741,49.0194],[1.9919,49.021]]]}},{"type":"Feature","properties":{"code":"78239","nom":"Follainville-Dennemont","app":14.93,"app_bas":12.68,"app_haut":17.57,"app_ech":"commune","app_obs":144,"mai":11.62,"mai_bas":9.1,"mai_haut":14.83,"mai_ech":"maille","mai_obs":57,"a12":17.37,"a3":13.02,"pxa":null,"pxm":2125,"napp":9,"nmai":57,"ra":null,"rm":5.64},"geometry":{"type":"Polygon","coordinates":[[[1.73,49.0154],[1.7084,49.0083],[1.7015,49.0101],[1.6706,49.0083],[1.6745,49.0192],[1.6851,49.0212],[1.6919,49.0279],[1.6999,49.0307],[1.7055,49.0274],[1.7171,49.0334],[1.7235,49.045],[1.7321,49.0504],[1.7356,49.0487],[1.733,49.0396],[1.73,49.0154]]]}},{"type":"Feature","properties":{"code":"78265","nom":"Garancières","app":15.73,"app_bas":12.87,"app_haut":19.23,"app_ech":"maille","app_obs":77,"mai":15.69,"mai_bas":12.61,"mai_haut":19.53,"mai_ech":"maille","mai_obs":63,"a12":18.94,"a3":14.57,"pxa":null,"pxm":3120,"napp":7,"nmai":69,"ra":null,"rm":5.04},"geometry":{"type":"Polygon","coordinates":[[[1.7332,48.8209],[1.74,48.8378],[1.7611,48.841],[1.7747,48.8307],[1.778,48.8323],[1.7852,48.8303],[1.7851,48.8199],[1.7812,48.8164],[1.7611,48.8067],[1.7483,48.8032],[1.7447,48.8107],[1.7332,48.8209]]]}},{"type":"Feature","properties":{"code":"78322","nom":"Jouy-en-Josas","app":22.3,"app_bas":18.63,"app_haut":26.69,"app_ech":"commune","app_obs":584,"mai":18.98,"mai_bas":14.65,"mai_haut":24.58,"mai_ech":"maille","mai_obs":57,"a12":25.24,"a3":19.53,"pxa":3968,"pxm":5536,"napp":115,"nmai":71,"ra":5.35,"rm":3.35},"geometry":{"type":"Polygon","coordinates":[[[2.1895,48.7542],[2.182,48.7576],[2.168,48.7568],[2.1605,48.752],[2.1507,48.7537],[2.1384,48.7462],[2.1389,48.7431],[2.1284,48.7534],[2.1521,48.7603],[2.1577,48.7641],[2.1459,48.7707],[2.1482,48.7875],[2.1464,48.7908],[2.1619,48.7822],[2.1766,48.78],[2.1827,48.7751],[2.1907,48.775],[2.1923,48.7633],[2.1895,48.7542]]]}},{"type":"Feature","properties":{"code":"78402","nom":"Mézières-sur-Seine","app":15.19,"app_bas":13.01,"app_haut":17.74,"app_ech":"commune","app_obs":331,"mai":14.91,"mai_bas":11.67,"mai_haut":19.05,"mai_ech":"commune","mai_obs":159,"a12":17.93,"a3":14.53,"pxa":2938,"pxm":2976,"napp":33,"nmai":78,"ra":5.21,"rm":5.06},"geometry":{"type":"Polygon","coordinates":[[[1.7859,48.968],[1.7923,48.9697],[1.8069,48.971],[1.8087,48.9557],[1.795,48.9456],[1.7908,48.9318],[1.7833,48.9256],[1.7781,48.9354],[1.7686,48.9424],[1.7636,48.9442],[1.7558,48.958],[1.7629,48.9668],[1.7859,48.968]]]}},{"type":"Feature","properties":{"code":"78530","nom":"Rosay","app":15.54,"app_bas":13.29,"app_haut":18.15,"app_ech":"maille","app_obs":0,"mai":14.28,"mai_bas":10.84,"mai_haut":18.8,"mai_ech":"maille","mai_obs":4,"a12":18.67,"a3":12.86,"pxa":null,"pxm":null,"napp":0,"nmai":0,"ra":null,"rm":null},"geometry":{"type":"Polygon","coordinates":[[[1.6672,48.9062],[1.6671,48.9139],[1.6764,48.9229],[1.6867,48.9211],[1.7023,48.9122],[1.697,48.907],[1.6968,48.8994],[1.6672,48.9062]]]}},{"type":"Feature","properties":{"code":"78092","nom":"Bougival","app":20.3,"app_bas":16.45,"app_haut":25.05,"app_ech":"commune","app_obs":1672,"mai":22.67,"mai_bas":17.25,"mai_haut":29.8,"mai_ech":"maille","mai_obs":74,"a12":22.73,"a3":18.66,"pxa":4334,"pxm":5457,"napp":212,"nmai":73,"ra":4.53,"rm":3.95},"geometry":{"type":"Polygon","coordinates":[[[2.1244,48.8744],[2.1302,48.8713],[2.1504,48.8709],[2.1538,48.8644],[2.1372,48.8557],[2.1225,48.8508],[2.1256,48.8581],[2.134,48.8631],[2.1226,48.8709],[2.1244,48.8744]]]}},{"type":"Feature","properties":{"code":"78236","nom":"Flexanville","app":15.07,"app_bas":12.8,"app_haut":17.74,"app_ech":"maille","app_obs":6,"mai":14.28,"mai_bas":10.84,"mai_haut":18.8,"mai_ech":"maille","mai_obs":11,"a12":18.94,"a3":14.06,"pxa":null,"pxm":null,"napp":0,"nmai":0,"ra":null,"rm":null},"geometry":{"type":"Polygon","coordinates":[[[1.7611,48.841],[1.74,48.8378],[1.7314,48.8456],[1.7189,48.8486],[1.7165,48.8549],[1.7234,48.8558],[1.7286,48.8612],[1.7292,48.8712],[1.7399,48.8714],[1.7527,48.868],[1.7586,48.8688],[1.7603,48.8587],[1.7674,48.8496],[1.7611,48.841]]]}},{"type":"Feature","properties":{"code":"78285","nom":"Gressey","app":15.87,"app_bas":13.43,"app_haut":18.76,"app_ech":"maille","app_obs":16,"mai":12.9,"mai_bas":10.14,"mai_haut":16.41,"mai_ech":"maille","mai_obs":5,"a12":17.38,"a3":13.84,"pxa":null,"pxm":null,"napp":0,"nmai":0,"ra":null,"rm":null},"geometry":{"type":"Polygon","coordinates":[[[1.5866,48.8432],[1.5987,48.849],[1.6107,48.8452],[1.6204,48.8448],[1.6231,48.8308],[1.616,48.8218],[1.6087,48.8198],[1.5905,48.8173],[1.5841,48.8266],[1.5837,48.8321],[1.5942,48.8342],[1.5952,48.8397],[1.5866,48.8432]]]}},{"type":"Feature","properties":{"code":"78262","nom":"Galluis","app":15.73,"app_bas":12.87,"app_haut":19.23,"app_ech":"maille","app_obs":16,"mai":15.69,"mai_bas":12.61,"mai_haut":19.53,"mai_ech":"maille","mai_obs":25,"a12":18.01,"a3":14.57,"pxa":null,"pxm":3356,"napp":8,"nmai":38,"ra":null,"rm":4.69},"geometry":{"type":"Polygon","coordinates":[[[1.8047,48.8103],[1.8121,48.8026],[1.79,48.7821],[1.7843,48.7867],[1.7679,48.7918],[1.7685,48.7989],[1.7818,48.7946],[1.789,48.7982],[1.7911,48.8096],[1.8012,48.8144],[1.8047,48.8103]]]}},{"type":"Feature","properties":{"code":"78320","nom":"Jeufosse","app":13.06,"app_bas":10.95,"app_haut":15.58,"app_ech":"maille","app_obs":23,"mai":13.62,"mai_bas":11.01,"mai_haut":16.83,"mai_ech":"maille","mai_obs":2,"a12":14.73,"a3":10.93,"pxa":null,"pxm":null,"napp":0,"nmai":0,"ra":null,"rm":null},"geometry":{"type":"Polygon","coordinates":[[[1.5318,49.0466],[1.537,49.0413],[1.549,49.0352],[1.5619,49.0351],[1.5599,49.0313],[1.5456,49.0265],[1.5304,49.0275],[1.5231,49.0329],[1.5189,49.0411],[1.5318,49.0466]]]}},{"type":"Feature","properties":{"code":"78522","nom":"Rochefort-en-Yvelines","app":16.13,"app_bas":13.9,"app_haut":18.72,"app_ech":"maille","app_obs":90,"mai":15.89,"mai_bas":12.23,"mai_haut":20.64,"mai_ech":"maille","mai_obs":12,"a12":18.24,"a3":14.12,"pxa":null,"pxm":null,"napp":9,"nmai":25,"ra":null,"rm":null},"geometry":{"type":"Polygon","coordinates":[[[1.9557,48.595],[1.9592,48.6062],[1.9633,48.6101],[1.9892,48.6074],[1.9965,48.6027],[2.0041,48.6023],[2.0096,48.5989],[2.0111,48.5867],[2.0033,48.581],[1.9583,48.5759],[1.9496,48.5852],[1.9557,48.595]]]}},{"type":"Feature","properties":{"code":"78124","nom":"Carrières-sur-Seine","app":20.9,"app_bas":17.44,"app_haut":25.05,"app_ech":"commune","app_obs":1228,"mai":18.94,"mai_bas":12.82,"mai_haut":27.99,"mai_ech":"maille","mai_obs":98,"a12":23.9,"a3":20.36,"pxa":4831,"pxm":5504,"napp":238,"nmai":178,"ra":4.16,"rm":3.36},"geometry":{"type":"Polygon","coordinates":[[[2.1992,48.919],[2.2037,48.9144],[2.2006,48.9087],[2.1743,48.8991],[2.1614,48.908],[2.1608,48.9203],[2.1679,48.9266],[2.1782,48.9161],[2.1992,48.919]]]}},{"type":"Feature","properties":{"code":"78642","nom":"Verneuil-sur-Seine","app":17.72,"app_bas":15.21,"app_haut":20.64,"app_ech":"commune","app_obs":1942,"mai":17.71,"mai_bas":13.69,"mai_haut":22.92,"mai_ech":"commune","mai_obs":101,"a12":20.39,"a3":15.99,"pxa":3153,"pxm":3831,"napp":312,"nmai":211,"ra":5.54,"rm":4.56},"geometry":{"type":"Polygon","coordinates":[[[1.9391,48.9809],[1.9465,49.0064],[1.9652,49.0015],[1.9825,48.9924],[1.9933,48.9834],[1.9766,48.9748],[1.9597,48.969],[1.9536,48.9699],[1.9497,48.9798],[1.9391,48.9809]]]}},{"type":"Feature","properties":{"code":"78082","nom":"Boissy-Mauvoisin","app":15.74,"app_bas":13.42,"app_haut":18.45,"app_ech":"maille","app_obs":64,"mai":14.28,"mai_bas":10.84,"mai_haut":18.8,"mai_ech":"maille","mai_obs":14,"a12":15.97,"a3":12.76,"pxa":null,"pxm":null,"napp":0,"nmai":0,"ra":null,"rm":null},"geometry":{"type":"Polygon","coordinates":[[[1.579,48.9516],[1.5722,48.9531],[1.5585,48.961],[1.5616,48.9647],[1.5792,48.9757],[1.5952,48.9772],[1.6043,48.9757],[1.6022,48.9683],[1.5799,48.9569],[1.579,48.9516]]]}},{"type":"Feature","properties":{"code":"78117","nom":"Buc","app":20.48,"app_bas":17.03,"app_haut":24.62,"app_ech":"commune","app_obs":760,"mai":18.98,"mai_bas":14.65,"mai_haut":24.58,"mai_ech":"maille","mai_obs":69,"a12":23.49,"a3":20.22,"pxa":5143,"pxm":5193,"napp":105,"nmai":83,"ra":3.84,"rm":3.57},"geometry":{"type":"Polygon","coordinates":[[[2.1464,48.7908],[2.1482,48.7875],[2.1459,48.7707],[2.1334,48.7663],[2.1233,48.7535],[2.1064,48.7574],[2.1015,48.7565],[2.1055,48.7807],[2.1245,48.7799],[2.1406,48.7927],[2.1464,48.7908]]]}},{"type":"Feature","properties":{"code":"78513","nom":"Queue-les-Yvelines","app":16.55,"app_bas":13.47,"app_haut":20.33,"app_ech":"commune","app_obs":192,"mai":15.69,"mai_bas":12.61,"mai_haut":19.53,"mai_ech":"maille","mai_obs":86,"a12":19.38,"a3":14.57,"pxa":null,"pxm":3536,"napp":26,"nmai":65,"ra":null,"rm":4.45},"geometry":{"type":"Polygon","coordinates":[[[1.7679,48.7918],[1.7291,48.7982],[1.7611,48.8067],[1.7812,48.8164],[1.7911,48.8096],[1.789,48.7982],[1.7818,48.7946],[1.7685,48.7989],[1.7679,48.7918]]]}},{"type":"Feature","properties":{"code":"78264","nom":"Gambaiseuil","app":15.4,"app_bas":12.58,"app_haut":18.85,"app_ech":"maille","app_obs":5,"mai":13.78,"mai_bas":10.91,"mai_haut":17.4,"mai_ech":"maille","mai_obs":0,"a12":17.5,"a3":13.84,"pxa":null,"pxm":null,"napp":0,"nmai":0,"ra":null,"rm":null},"geometry":{"type":"Polygon","coordinates":[[[1.7115,48.7362],[1.6991,48.7377],[1.6751,48.7434],[1.6802,48.7501],[1.695,48.758],[1.7148,48.7562],[1.7165,48.7622],[1.7064,48.7683],[1.6931,48.7699],[1.7003,48.7808],[1.7197,48.7793],[1.7268,48.7861],[1.7473,48.7613],[1.7617,48.763],[1.7673,48.7659],[1.7692,48.7597],[1.7639,48.7379],[1.7412,48.7432],[1.7226,48.7435],[1.7115,48.7362]]]}},{"type":"Feature","properties":{"code":"78278","nom":"Goupillières","app":15.07,"app_bas":12.8,"app_haut":17.74,"app_ech":"maille","app_obs":1,"mai":14.28,"mai_bas":10.84,"mai_haut":18.8,"mai_ech":"maille","mai_obs":15,"a12":18.01,"a3":14.06,"pxa":null,"pxm":null,"napp":0,"nmai":0,"ra":null,"rm":null},"geometry":{"type":"Polygon","coordinates":[[[1.7586,48.8688],[1.7527,48.868],[1.7399,48.8714],[1.7488,48.8754],[1.7483,48.8795],[1.7521,48.8799],[1.7704,48.8961],[1.7831,48.8914],[1.7891,48.886],[1.7751,48.8726],[1.7586,48.8688]]]}},{"type":"Feature","properties":{"code":"78162","nom":"Choisel","app":16.23,"app_bas":13.85,"app_haut":19.01,"app_ech":"maille","app_obs":6,"mai":15.89,"mai_bas":12.23,"mai_haut":20.64,"mai_ech":"maille","mai_obs":3,"a12":19.17,"a3":14.8,"pxa":null,"pxm":null,"napp":0,"nmai":0,"ra":null,"rm":null},"geometry":{"type":"Polygon","coordinates":[[[2.0008,48.668],[2.0017,48.674],[1.995,48.6846],[2.0034,48.6889],[2.015,48.6902],[2.0195,48.697],[2.0376,48.6802],[2.0289,48.6637],[2.0282,48.6573],[2.0112,48.6598],[2.0117,48.6536],[1.993,48.6581],[2.0008,48.668]]]}},{"type":"Feature","properties":{"code":"78364","nom":"Marcq","app":16.44,"app_bas":14.03,"app_haut":19.26,"app_ech":"maille","app_obs":8,"mai":14.28,"mai_bas":10.84,"mai_haut":18.8,"mai_ech":"maille","mai_obs":13,"a12":18.01,"a3":14.06,"pxa":null,"pxm":null,"napp":0,"nmai":0,"ra":null,"rm":null},"geometry":{"type":"Polygon","coordinates":[[[1.8232,48.8764],[1.8321,48.8787],[1.8384,48.8713],[1.8375,48.8568],[1.8245,48.8538],[1.8248,48.8507],[1.8127,48.8531],[1.806,48.8601],[1.8088,48.865],[1.8232,48.8764]]]}},{"type":"Feature","properties":{"code":"78418","nom":"Montesson","app":20.61,"app_bas":17.22,"app_haut":24.68,"app_ech":"commune","app_obs":880,"mai":21.77,"mai_bas":16.13,"mai_haut":29.39,"mai_ech":"commune","mai_obs":113,"a12":23.64,"a3":19.29,"pxa":4166,"pxm":5302,"napp":266,"nmai":211,"ra":4.77,"rm":3.92},"geometry":{"type":"Polygon","coordinates":[[[2.1202,48.9032],[2.1132,48.9063],[2.1244,48.9231],[2.1424,48.9351],[2.1608,48.9203],[2.1614,48.908],[2.1453,48.9038],[2.136,48.9113],[2.126,48.9077],[2.1202,48.9032]]]}},{"type":"Feature","properties":{"code":"78591","nom":"Septeuil","app":15.78,"app_bas":13.35,"app_haut":18.64,"app_ech":"commune","app_obs":225,"mai":12.9,"mai_bas":10.14,"mai_haut":16.41,"mai_ech":"maille","mai_obs":55,"a12":19.07,"a3":12.83,"pxa":null,"pxm":2505,"napp":14,"nmai":68,"ra":null,"rm":5.22},"geometry":{"type":"Polygon","coordinates":[[[1.6898,48.8729],[1.6836,48.8753],[1.6695,48.8699],[1.6641,48.8717],[1.6622,48.8873],[1.6682,48.8906],[1.6628,48.9038],[1.6672,48.9062],[1.6968,48.8994],[1.7173,48.8907],[1.7107,48.8848],[1.6898,48.8729]]]}},{"type":"Feature","properties":{"code":"78189","nom":"Crespières","app":16.88,"app_bas":13.47,"app_haut":21.14,"app_ech":"maille","app_obs":68,"mai":14.28,"mai_bas":10.84,"mai_haut":18.8,"mai_ech":"maille","mai_obs":28,"a12":19.09,"a3":18.61,"pxa":4375,"pxm":4340,"napp":30,"nmai":54,"ra":3.83,"rm":3.34},"geometry":{"type":"Polygon","coordinates":[[[1.912,48.9012],[1.9294,48.9002],[1.9341,48.9046],[1.9538,48.8957],[1.9499,48.8817],[1.9374,48.8714],[1.9284,48.8666],[1.9217,48.8583],[1.9127,48.8608],[1.9088,48.8648],[1.8935,48.8683],[1.8831,48.8745],[1.8908,48.8778],[1.8895,48.8885],[1.9026,48.8884],[1.912,48.9012]]]}},{"type":"Feature","properties":{"code":"78296","nom":"Guitrancourt","app":15.05,"app_bas":12.9,"app_haut":17.57,"app_ech":"maille","app_obs":86,"mai":14.68,"mai_bas":11.53,"mai_haut":18.68,"mai_ech":"maille","mai_obs":18,"a12":17.21,"a3":13.02,"pxa":null,"pxm":null,"napp":0,"nmai":0,"ra":null,"rm":null},"geometry":{"type":"Polygon","coordinates":[[[1.7554,49.006],[1.77,49.0143],[1.7852,49.031],[1.7923,49.0192],[1.7991,49.0171],[1.7964,49.0028],[1.7901,48.9986],[1.7784,48.9956],[1.7755,48.9886],[1.7622,48.9897],[1.7647,48.9997],[1.7554,49.006]]]}},{"type":"Feature","properties":{"code":"78368","nom":"Mareil-sur-Mauldre","app":16.88,"app_bas":13.47,"app_haut":21.14,"app_ech":"maille","app_obs":37,"mai":14.28,"mai_bas":10.84,"mai_haut":18.8,"mai_ech":"maille","mai_obs":23,"a12":18.23,"a3":14.77,"pxa":null,"pxm":2633,"napp":5,"nmai":44,"ra":null,"rm":5.5},"geometry":{"type":"Polygon","coordinates":[[[1.8747,48.877],[1.866,48.8877],[1.8585,48.8909],[1.8581,48.8969],[1.8629,48.903],[1.8693,48.9039],[1.8712,48.8992],[1.8895,48.8885],[1.8908,48.8778],[1.8831,48.8745],[1.8747,48.877]]]}},{"type":"Feature","properties":{"code":"78498","nom":"Poissy","app":19.11,"app_bas":15.69,"app_haut":23.27,"app_ech":"commune","app_obs":7353,"mai":17.05,"mai_bas":13.05,"mai_haut":22.26,"mai_ech":"commune","mai_obs":105,"a12":21.99,"a3":18.02,"pxa":3837,"pxm":4398,"napp":1059,"nmai":227,"ra":4.86,"rm":3.84},"geometry":{"type":"Polygon","coordinates":[[[1.9984,48.8914],[1.9915,48.892],[1.9819,48.9003],[1.9922,48.911],[2.0086,48.9207],[2.0166,48.9226],[2.0167,48.9282],[2.0084,48.9347],[2.0235,48.9301],[2.0371,48.9348],[2.0474,48.9468],[2.049,48.9571],[2.0702,48.9463],[2.0614,48.9369],[2.0559,48.9267],[2.0423,48.9204],[2.0399,48.9169],[2.027,48.9126],[2.0219,48.9138],[2.0147,48.9048],[2.0047,48.902],[1.9958,48.8953],[1.9984,48.8914]]]}},{"type":"Feature","properties":{"code":"78683","nom":"Villiers-Saint-Frédéric","app":18.38,"app_bas":15.27,"app_haut":22.12,"app_ech":"maille","app_obs":28,"mai":15.15,"mai_bas":11.79,"mai_haut":19.47,"mai_ech":"maille","mai_obs":50,"a12":21.42,"a3":15.25,"pxa":null,"pxm":3627,"napp":7,"nmai":71,"ra":null,"rm":4.21},"geometry":{"type":"Polygon","coordinates":[[[1.8821,48.8346],[1.9013,48.822],[1.8937,48.8087],[1.8851,48.8054],[1.8781,48.8105],[1.8666,48.8137],[1.8667,48.8209],[1.8749,48.8344],[1.8821,48.8346]]]}},{"type":"Feature","properties":{"code":"78403","nom":"Mézy-sur-Seine","app":16.23,"app_bas":13.56,"app_haut":19.42,"app_ech":"commune","app_obs":452,"mai":14.68,"mai_bas":11.53,"mai_haut":18.68,"mai_ech":"maille","mai_obs":36,"a12":19.23,"a3":13.97,"pxa":null,"pxm":2813,"napp":14,"nmai":59,"ra":null,"rm":5.28},"geometry":{"type":"Polygon","coordinates":[[[1.8648,48.9899],[1.8587,49.0023],[1.8512,49.0103],[1.8514,49.0168],[1.8592,49.014],[1.8822,49.0098],[1.8873,49.0054],[1.888,48.9984],[1.881,48.9938],[1.8648,48.9899]]]}},{"type":"Feature","properties":{"code":"78640","nom":"Vélizy-Villacoublay","app":21.7,"app_bas":18.38,"app_haut":25.61,"app_ech":"commune","app_obs":1744,"mai":23.93,"mai_bas":18.04,"mai_haut":31.74,"mai_ech":"maille","mai_obs":60,"a12":25.36,"a3":19.03,"pxa":4214,"pxm":6321,"napp":427,"nmai":92,"ra":4.92,"rm":3.6},"geometry":{"type":"Polygon","coordinates":[[[2.1682,48.7879],[2.1829,48.7972],[2.2026,48.7984],[2.2115,48.7881],[2.2233,48.7859],[2.2266,48.7816],[2.2266,48.7761],[2.2201,48.7711],[2.2099,48.7692],[2.1975,48.7754],[2.1827,48.7751],[2.1766,48.78],[2.1619,48.7822],[2.1682,48.7879]]]}},{"type":"Feature","properties":{"code":"78071","nom":"Boinville-le-Gaillard","app":13.97,"app_bas":11.98,"app_haut":16.29,"app_ech":"maille","app_obs":5,"mai":10.59,"mai_bas":8.51,"mai_haut":13.19,"mai_ech":"maille","mai_obs":20,"a12":16.02,"a3":12.76,"pxa":null,"pxm":null,"napp":0,"nmai":0,"ra":null,"rm":null},"geometry":{"type":"Polygon","coordinates":[[[1.8826,48.5141],[1.8975,48.5051],[1.901,48.4922],[1.8906,48.4893],[1.8875,48.4809],[1.8726,48.4767],[1.8662,48.4809],[1.85,48.4792],[1.839,48.5017],[1.8663,48.5099],[1.8681,48.5158],[1.8826,48.5141]]]}},{"type":"Feature","properties":{"code":"78158","nom":"Chesnay","app":21.73,"app_bas":18.63,"app_haut":25.34,"app_ech":"commune","app_obs":4791,"mai":22.67,"mai_bas":17.25,"mai_haut":29.8,"mai_ech":"maille","mai_obs":66,"a12":24.57,"a3":20.27,"pxa":5188,"pxm":8211,"napp":368,"nmai":137,"ra":4,"rm":2.63},"geometry":{"type":"Polygon","coordinates":[[[2.1127,48.8285],[2.1205,48.836],[2.1261,48.835],[2.1459,48.8369],[2.1485,48.8285],[2.1397,48.8236],[2.1362,48.8158],[2.1285,48.8155],[2.1141,48.8211],[2.1127,48.8285]]]}},{"type":"Feature","properties":{"code":"78655","nom":"Vieille-Église-en-Yvelines","app":16.76,"app_bas":14.53,"app_haut":19.34,"app_ech":"maille","app_obs":46,"mai":15.89,"mai_bas":12.23,"mai_haut":20.64,"mai_ech":"maille","mai_obs":5,"a12":20.7,"a3":14.8,"pxa":null,"pxm":null,"napp":0,"nmai":0,"ra":null,"rm":null},"geometry":{"type":"Polygon","coordinates":[[[1.8703,48.686],[1.888,48.6854],[1.8948,48.6769],[1.8908,48.6656],[1.8956,48.6595],[1.909,48.6578],[1.9097,48.6524],[1.9028,48.6509],[1.8853,48.6547],[1.8729,48.6615],[1.8554,48.6613],[1.8441,48.6637],[1.8483,48.6785],[1.8532,48.6782],[1.8703,48.686]]]}},{"type":"Feature","properties":{"code":"78193","nom":"Dampierre-en-Yvelines","app":16.23,"app_bas":13.85,"app_haut":19.01,"app_ech":"maille","app_obs":59,"mai":15.89,"mai_bas":12.23,"mai_haut":20.64,"mai_ech":"maille","mai_obs":12,"a12":18.24,"a3":15.11,"pxa":null,"pxm":null,"napp":0,"nmai":0,"ra":null,"rm":null},"geometry":{"type":"Polygon","coordinates":[[[1.9433,48.6951],[1.9385,48.6983],[1.9419,48.7093],[1.9636,48.7253],[1.9715,48.7209],[1.972,48.7168],[1.9871,48.7116],[1.9945,48.7065],[1.9988,48.6996],[2.0195,48.697],[2.015,48.6902],[2.0034,48.6889],[1.9698,48.6968],[1.9535,48.6929],[1.9433,48.6951]]]}},{"type":"Feature","properties":{"code":"78470","nom":"Orphin","app":14.79,"app_bas":12.46,"app_haut":17.55,"app_ech":"maille","app_obs":43,"mai":13.78,"mai_bas":10.91,"mai_haut":17.4,"mai_ech":"maille","mai_obs":13,"a12":16.99,"a3":11.24,"pxa":null,"pxm":null,"napp":0,"nmai":0,"ra":null,"rm":null},"geometry":{"type":"Polygon","coordinates":[[[1.7872,48.5537],[1.7782,48.5526],[1.7674,48.5594],[1.7627,48.5651],[1.7653,48.5694],[1.7482,48.5757],[1.7518,48.5801],[1.7588,48.5965],[1.7632,48.6],[1.7816,48.598],[1.8186,48.5797],[1.8202,48.5677],[1.8056,48.5644],[1.7995,48.5582],[1.7872,48.5537]]]}},{"type":"Feature","properties":{"code":"78620","nom":"Toussus-le-Noble","app":20.92,"app_bas":17.47,"app_haut":25.04,"app_ech":"maille","app_obs":31,"mai":18.98,"mai_bas":14.65,"mai_haut":24.58,"mai_ech":"maille","mai_obs":1,"a12":24.21,"a3":19.42,"pxa":null,"pxm":null,"napp":0,"nmai":0,"ra":null,"rm":null},"geometry":{"type":"Polygon","coordinates":[[[2.1284,48.7534],[2.1389,48.7431],[2.135,48.7371],[2.1119,48.7396],[2.1047,48.738],[2.1019,48.7486],[2.1064,48.7574],[2.1233,48.7535],[2.1284,48.7534]]]}},{"type":"Feature","properties":{"code":"78238","nom":"Flins-sur-Seine","app":16.06,"app_bas":13.61,"app_haut":18.95,"app_ech":"commune","app_obs":310,"mai":15.47,"mai_bas":12.04,"mai_haut":19.87,"mai_ech":"maille","mai_obs":87,"a12":19.62,"a3":14.43,"pxa":null,"pxm":3074,"napp":10,"nmai":49,"ra":null,"rm":5.06},"geometry":{"type":"Polygon","coordinates":[[[1.8648,48.9899],[1.8758,48.9924],[1.8771,48.9831],[1.8895,48.9758],[1.8859,48.9735],[1.8867,48.9644],[1.8848,48.9405],[1.8699,48.9471],[1.8633,48.9563],[1.8596,48.9758],[1.855,48.9876],[1.8648,48.9899]]]}},{"type":"Feature","properties":{"code":"78276","nom":"Gommecourt","app":13.06,"app_bas":10.95,"app_haut":15.58,"app_ech":"maille","app_obs":8,"mai":13.62,"mai_bas":11.01,"mai_haut":16.83,"mai_ech":"maille","mai_obs":19,"a12":14.73,"a3":10.93,"pxa":null,"pxm":null,"napp":0,"nmai":0,"ra":null,"rm":null},"geometry":{"type":"Polygon","coordinates":[[[1.581,49.0623],[1.5723,49.0768],[1.5944,49.0827],[1.6045,49.083],[1.6143,49.0712],[1.5993,49.0546],[1.591,49.0626],[1.581,49.0623]]]}},{"type":"Feature","properties":{"code":"78343","nom":"Loges-en-Josas","app":20.22,"app_bas":16.81,"app_haut":24.32,"app_ech":"maille","app_obs":21,"mai":18.98,"mai_bas":14.65,"mai_haut":24.58,"mai_ech":"maille","mai_obs":8,"a12":22.78,"a3":19.42,"pxa":null,"pxm":4516,"napp":2,"nmai":33,"ra":null,"rm":4.1},"geometry":{"type":"Polygon","coordinates":[[[2.1233,48.7535],[2.1334,48.7663],[2.1459,48.7707],[2.1577,48.7641],[2.1521,48.7603],[2.1284,48.7534],[2.1233,48.7535]]]}},{"type":"Feature","properties":{"code":"78188","nom":"Cravent","app":13.5,"app_bas":11.66,"app_haut":15.63,"app_ech":"maille","app_obs":0,"mai":13.62,"mai_bas":11.01,"mai_haut":16.83,"mai_ech":"maille","mai_obs":9,"a12":15.97,"a3":10.93,"pxa":null,"pxm":null,"napp":0,"nmai":0,"ra":null,"rm":null},"geometry":{"type":"Polygon","coordinates":[[[1.4709,48.9748],[1.4609,48.9864],[1.4617,48.9889],[1.4678,48.9894],[1.4788,48.9989],[1.4804,49.0056],[1.4909,49.0048],[1.5079,48.9838],[1.4974,48.9796],[1.4771,48.9788],[1.4709,48.9748]]]}},{"type":"Feature","properties":{"code":"78321","nom":"Jouars-Pontchartrain","app":18.88,"app_bas":15.6,"app_haut":22.84,"app_ech":"commune","app_obs":349,"mai":16.91,"mai_bas":13.53,"mai_haut":21.14,"mai_ech":"commune","mai_obs":159,"a12":21.37,"a3":16.71,"pxa":4418,"pxm":3587,"napp":110,"nmai":160,"ra":4.18,"rm":4.68},"geometry":{"type":"Polygon","coordinates":[[[1.9365,48.7799],[1.9085,48.7851],[1.8973,48.7765],[1.9011,48.7681],[1.8935,48.7652],[1.89,48.7703],[1.8865,48.7797],[1.8881,48.788],[1.8859,48.8043],[1.8851,48.8054],[1.8937,48.8087],[1.9007,48.8088],[1.9149,48.8026],[1.9353,48.792],[1.9412,48.7915],[1.9365,48.7799]]]}},{"type":"Feature","properties":{"code":"78381","nom":"Maulette","app":14.89,"app_bas":12.37,"app_haut":17.92,"app_ech":"maille","app_obs":15,"mai":11.9,"mai_bas":9.6,"mai_haut":14.76,"mai_ech":"maille","mai_obs":15,"a12":17.38,"a3":13.84,"pxa":null,"pxm":null,"napp":3,"nmai":29,"ra":null,"rm":null},"geometry":{"type":"Polygon","coordinates":[[[1.615,48.7722],[1.603,48.774],[1.5941,48.7667],[1.5849,48.7633],[1.5829,48.7676],[1.5915,48.7801],[1.6019,48.7811],[1.6177,48.7889],[1.6067,48.7959],[1.6201,48.8014],[1.6288,48.8037],[1.63,48.7995],[1.6408,48.7922],[1.6336,48.7853],[1.6368,48.7772],[1.6197,48.7715],[1.615,48.7722]]]}},{"type":"Feature","properties":{"code":"78096","nom":"Bourdonné","app":13.72,"app_bas":11.47,"app_haut":16.42,"app_ech":"maille","app_obs":12,"mai":15.69,"mai_bas":12.61,"mai_haut":19.53,"mai_ech":"maille","mai_obs":5,"a12":17.38,"a3":14.06,"pxa":null,"pxm":null,"napp":0,"nmai":0,"ra":null,"rm":null},"geometry":{"type":"Polygon","coordinates":[[[1.615,48.7722],[1.6197,48.7715],[1.6273,48.765],[1.6352,48.7632],[1.6557,48.7638],[1.6684,48.7623],[1.6853,48.7642],[1.695,48.758],[1.6802,48.7501],[1.6751,48.7434],[1.6674,48.7419],[1.6515,48.744],[1.6373,48.7437],[1.6227,48.7402],[1.625,48.749],[1.6197,48.7652],[1.615,48.7722]]]}},{"type":"Feature","properties":{"code":"78431","nom":"Morainvilliers","app":18.48,"app_bas":15.04,"app_haut":22.71,"app_ech":"maille","app_obs":35,"mai":15.47,"mai_bas":12.04,"mai_haut":19.87,"mai_ech":"maille","mai_obs":68,"a12":19.09,"a3":14.77,"pxa":null,"pxm":3414,"napp":10,"nmai":77,"ra":null,"rm":4.55},"geometry":{"type":"Polygon","coordinates":[[[1.9177,48.9245],[1.9317,48.938],[1.9497,48.9442],[1.9548,48.9512],[1.9515,48.9547],[1.9557,48.9568],[1.9695,48.9461],[1.9697,48.9447],[1.9613,48.9342],[1.942,48.9138],[1.9377,48.9184],[1.9177,48.9245]]]}},{"type":"Feature","properties":{"code":"78586","nom":"Sartrouville","app":20.51,"app_bas":16.32,"app_haut":25.78,"app_ech":"commune","app_obs":4157,"mai":19.43,"mai_bas":14.11,"mai_haut":26.76,"mai_ech":"commune","mai_obs":238,"a12":23.44,"a3":18.38,"pxa":4040,"pxm":5301,"napp":1189,"nmai":643,"ra":4.9,"rm":3.57},"geometry":{"type":"Polygon","coordinates":[[[2.1731,48.9533],[2.2059,48.9497],[2.2061,48.9407],[2.1989,48.9353],[2.1843,48.9369],[2.1773,48.9347],[2.1608,48.9203],[2.1424,48.9351],[2.1731,48.9533]]]}},{"type":"Feature","properties":{"code":"78185","nom":"Courgent","app":15.87,"app_bas":13.43,"app_haut":18.76,"app_ech":"maille","app_obs":10,"mai":12.9,"mai_bas":10.14,"mai_haut":16.41,"mai_ech":"maille","mai_obs":23,"a12":17.38,"a3":12.83,"pxa":null,"pxm":null,"napp":0,"nmai":0,"ra":null,"rm":null},"geometry":{"type":"Polygon","coordinates":[[[1.6622,48.8873],[1.652,48.8906],[1.6534,48.9003],[1.6584,48.9076],[1.6628,48.9038],[1.6682,48.8906],[1.6622,48.8873]]]}},{"type":"Feature","properties":{"code":"78557","nom":"Saint-Hilarion","app":13.72,"app_bas":11.47,"app_haut":16.42,"app_ech":"maille","app_obs":29,"mai":13.78,"mai_bas":10.91,"mai_haut":17.4,"mai_ech":"maille","mai_obs":30,"a12":16.99,"a3":13.65,"pxa":null,"pxm":1984,"napp":13,"nmai":39,"ra":null,"rm":7.04},"geometry":{"type":"Polygon","coordinates":[[[1.7096,48.6329],[1.7132,48.6313],[1.7228,48.6427],[1.7295,48.6462],[1.7411,48.638],[1.7556,48.6338],[1.7608,48.6217],[1.7527,48.6086],[1.7311,48.6049],[1.7181,48.6072],[1.7149,48.6144],[1.6891,48.6115],[1.6908,48.6172],[1.6947,48.6184],[1.703,48.6295],[1.7096,48.6329]]]}},{"type":"Feature","properties":{"code":"78251","nom":"Fourqueux","app":null,"app_bas":null,"app_haut":null,"app_ech":null,"app_obs":0,"mai":null,"mai_bas":null,"mai_haut":null,"mai_ech":null,"mai_obs":0,"a12":null,"a3":null,"pxa":null,"pxm":null,"napp":0,"nmai":0,"ra":null,"rm":null},"geometry":{"type":"Polygon","coordinates":[[[2.0468,48.8747],[2.0372,48.8777],[2.046,48.8924],[2.0545,48.8977],[2.0751,48.8874],[2.0705,48.8867],[2.063,48.8785],[2.0468,48.8747]]]}},{"type":"Feature","properties":{"code":"78324","nom":"Jouy-Mauvoisin","app":15.74,"app_bas":13.42,"app_haut":18.45,"app_ech":"maille","app_obs":7,"mai":12.38,"mai_bas":9.83,"mai_haut":15.6,"mai_ech":"maille","mai_obs":6,"a12":17.67,"a3":12.76,"pxa":null,"pxm":null,"napp":0,"nmai":0,"ra":null,"rm":null},"geometry":{"type":"Polygon","coordinates":[[[1.6447,48.9827],[1.6543,48.982],[1.6638,48.9696],[1.6596,48.9681],[1.6371,48.9676],[1.6319,48.977],[1.6447,48.9827]]]}},{"type":"Feature","properties":{"code":"78152","nom":"Chavenay","app":21.26,"app_bas":17.35,"app_haut":26.05,"app_ech":"maille","app_obs":21,"mai":19.85,"mai_bas":15.11,"mai_haut":26.09,"mai_ech":"maille","mai_obs":35,"a12":23.02,"a3":16.12,"pxa":null,"pxm":3631,"napp":1,"nmai":51,"ra":null,"rm":5.3},"geometry":{"type":"Polygon","coordinates":[[[1.9836,48.8335],[1.9688,48.8348],[1.968,48.8449],[1.9614,48.8519],[1.9691,48.8606],[1.9788,48.8586],[1.9906,48.8595],[2.0097,48.8529],[2.0057,48.8495],[1.9927,48.8418],[1.9836,48.8335]]]}},{"type":"Feature","properties":{"code":"78290","nom":"Guernes","app":13.06,"app_bas":10.95,"app_haut":15.58,"app_ech":"maille","app_obs":51,"mai":11.81,"mai_bas":9.56,"mai_haut":14.6,"mai_ech":"maille","mai_obs":60,"a12":17.67,"a3":12.9,"pxa":null,"pxm":2460,"napp":1,"nmai":41,"ra":null,"rm":4.94},"geometry":{"type":"Polygon","coordinates":[[[1.617,49.0281],[1.6183,49.0289],[1.6294,49.0246],[1.6611,49.0231],[1.6745,49.0192],[1.6706,49.0083],[1.658,49.0061],[1.6357,49.0042],[1.6207,49.008],[1.6141,49.012],[1.6123,49.0188],[1.617,49.0281]]]}},{"type":"Feature","properties":{"code":"78314","nom":"Issou","app":16.5,"app_bas":14.21,"app_haut":19.16,"app_ech":"commune","app_obs":188,"mai":14.68,"mai_bas":11.53,"mai_haut":18.68,"mai_ech":"maille","mai_obs":86,"a12":17.36,"a3":14.53,"pxa":null,"pxm":2804,"napp":18,"nmai":106,"ra":null,"rm":5.3},"geometry":{"type":"Polygon","coordinates":[[[1.7859,48.968],[1.7837,48.9773],[1.7762,48.9834],[1.7755,48.9886],[1.7784,48.9956],[1.7901,48.9986],[1.7964,49.0028],[1.7979,49.0088],[1.8006,48.9939],[1.801,48.9813],[1.7923,48.9697],[1.7859,48.968]]]}},{"type":"Feature","properties":{"code":"78350","nom":"Louveciennes","app":20.35,"app_bas":16.75,"app_haut":24.71,"app_ech":"commune","app_obs":618,"mai":22.67,"mai_bas":17.25,"mai_haut":29.8,"mai_ech":"maille","mai_obs":51,"a12":24.01,"a3":19.85,"pxa":3983,"pxm":5252,"napp":153,"nmai":60,"ra":4.93,"rm":4.11},"geometry":{"type":"Polygon","coordinates":[[[2.1198,48.8781],[2.1244,48.8744],[2.1226,48.8709],[2.134,48.8631],[2.1256,48.8581],[2.1225,48.8508],[2.1095,48.8461],[2.1106,48.8411],[2.0927,48.8462],[2.0949,48.8541],[2.1075,48.8543],[2.1051,48.8646],[2.1094,48.8728],[2.1198,48.8781]]]}},{"type":"Feature","properties":{"code":"78440","nom":"Mureaux","app":16.34,"app_bas":13.71,"app_haut":19.47,"app_ech":"commune","app_obs":2249,"mai":14.85,"mai_bas":11.58,"mai_haut":19.05,"mai_ech":"commune","mai_obs":182,"a12":18.88,"a3":14.72,"pxa":1918,"pxm":2765,"napp":333,"nmai":213,"ra":8.49,"rm":5.43},"geometry":{"type":"Polygon","coordinates":[[[1.881,48.9938],[1.9371,49.0066],[1.9465,49.0064],[1.9391,48.9809],[1.9208,48.9687],[1.9159,48.9703],[1.9063,48.9785],[1.8895,48.9758],[1.8771,48.9831],[1.8758,48.9924],[1.881,48.9938]]]}},{"type":"Feature","properties":{"code":"78499","nom":"Ponthévrard","app":14.79,"app_bas":12.46,"app_haut":17.55,"app_ech":"maille","app_obs":1,"mai":10.59,"mai_bas":8.51,"mai_haut":13.19,"mai_ech":"maille","mai_obs":6,"a12":16.99,"a3":13.65,"pxa":null,"pxm":null,"napp":0,"nmai":0,"ra":null,"rm":null},"geometry":{"type":"Polygon","coordinates":[[[1.8965,48.538],[1.8958,48.5488],[1.9021,48.5577],[1.9213,48.556],[1.9277,48.5515],[1.9084,48.5493],[1.9173,48.5387],[1.9022,48.5442],[1.8965,48.538]]]}},{"type":"Feature","properties":{"code":"78503","nom":"Port-Villez","app":null,"app_bas":null,"app_haut":null,"app_ech":null,"app_obs":0,"mai":null,"mai_bas":null,"mai_haut":null,"mai_ech":null,"mai_obs":0,"a12":null,"a3":null,"pxa":null,"pxm":null,"napp":0,"nmai":0,"ra":null,"rm":null},"geometry":{"type":"Polygon","coordinates":[[[1.5332,49.0478],[1.5189,49.0411],[1.5044,49.0484],[1.5033,49.0591],[1.5116,49.0741],[1.5103,49.0843],[1.5213,49.0683],[1.5265,49.0628],[1.5332,49.0478]]]}},{"type":"Feature","properties":{"code":"78621","nom":"Trappes","app":17.73,"app_bas":15.18,"app_haut":20.72,"app_ech":"commune","app_obs":2896,"mai":17.43,"mai_bas":13.41,"mai_haut":22.64,"mai_ech":"maille","mai_obs":67,"a12":21,"a3":15.37,"pxa":2838,"pxm":3448,"napp":440,"nmai":97,"ra":6.16,"rm":5},"geometry":{"type":"Polygon","coordinates":[[[1.9917,48.7476],[1.9854,48.7514],[1.9735,48.7534],[1.9801,48.762],[1.9744,48.7684],[1.9751,48.7764],[1.969,48.7852],[1.9859,48.7996],[1.9944,48.7991],[2.0027,48.7942],[2.019,48.7906],[2.0238,48.7796],[2.0108,48.7756],[2.0112,48.762],[1.9917,48.7476]]]}},{"type":"Feature","properties":{"code":"78164","nom":"Clairefontaine-en-Yvelines","app":16.23,"app_bas":13.85,"app_haut":19.01,"app_ech":"maille","app_obs":64,"mai":15.89,"mai_bas":12.23,"mai_haut":20.64,"mai_ech":"maille","mai_obs":66,"a12":18.24,"a3":14.8,"pxa":null,"pxm":null,"napp":0,"nmai":0,"ra":null,"rm":null},"geometry":{"type":"Polygon","coordinates":[[[1.9286,48.582],[1.9072,48.5927],[1.8948,48.6031],[1.8761,48.6123],[1.8778,48.6191],[1.8905,48.6227],[1.8924,48.6292],[1.8771,48.6351],[1.8839,48.6446],[1.9097,48.6524],[1.9042,48.6337],[1.9242,48.6243],[1.9296,48.6195],[1.9315,48.6109],[1.933,48.5915],[1.9286,48.582]]]}},{"type":"Feature","properties":{"code":"78571","nom":"Saint-Nom-la-Bretèche","app":21.18,"app_bas":17.3,"app_haut":25.94,"app_ech":"commune","app_obs":167,"mai":19.28,"mai_bas":14.59,"mai_haut":25.47,"mai_ech":"maille","mai_obs":63,"a12":22.15,"a3":18.61,"pxa":null,"pxm":5093,"napp":25,"nmai":124,"ra":null,"rm":3.69},"geometry":{"type":"Polygon","coordinates":[[[2.0203,48.8826],[2.0468,48.8747],[2.0362,48.8678],[2.044,48.8638],[2.0355,48.8455],[2.0226,48.8418],[2.0185,48.8465],[2.0057,48.8495],[2.0097,48.8529],[1.9906,48.8595],[1.9866,48.8638],[1.9987,48.8763],[2.0148,48.8774],[2.0203,48.8826]]]}},{"type":"Feature","properties":{"code":"78007","nom":"Aigremont","app":19.5,"app_bas":16.45,"app_haut":23.12,"app_ech":"maille","app_obs":21,"mai":19.85,"mai_bas":15.11,"mai_haut":26.09,"mai_ech":"maille","mai_obs":20,"a12":20.93,"a3":18.46,"pxa":null,"pxm":3304,"napp":2,"nmai":34,"ra":null,"rm":5.83},"geometry":{"type":"Polygon","coordinates":[[[2.027,48.9126],[2.0299,48.9003],[2.0282,48.8951],[2.0208,48.893],[2.0129,48.8965],[1.9984,48.8914],[1.9958,48.8953],[2.0047,48.902],[2.0147,48.9048],[2.0219,48.9138],[2.027,48.9126]]]}},{"type":"Feature","properties":{"code":"78407","nom":"Mittainville","app":15.4,"app_bas":12.58,"app_haut":18.85,"app_ech":"maille","app_obs":6,"mai":13.78,"mai_bas":10.91,"mai_haut":17.4,"mai_ech":"maille","mai_obs":7,"a12":16.99,"a3":12.33,"pxa":null,"pxm":null,"napp":0,"nmai":0,"ra":null,"rm":null},"geometry":{"type":"Polygon","coordinates":[[[1.6711,48.6704],[1.6715,48.664],[1.6593,48.6532],[1.6298,48.6489],[1.6156,48.6528],[1.6027,48.6631],[1.6062,48.6791],[1.6158,48.6768],[1.6249,48.6688],[1.6517,48.672],[1.6711,48.6704]]]}},{"type":"Feature","properties":{"code":"78033","nom":"Aulnay-sur-Mauldre","app":15.54,"app_bas":13.29,"app_haut":18.15,"app_ech":"maille","app_obs":87,"mai":14.27,"mai_bas":11.17,"mai_haut":18.24,"mai_ech":"maille","mai_obs":10,"a12":18.09,"a3":13.77,"pxa":null,"pxm":3013,"napp":2,"nmai":35,"ra":null,"rm":4.8},"geometry":{"type":"Polygon","coordinates":[[[1.8522,48.9343],[1.8539,48.9259],[1.841,48.9212],[1.829,48.9267],[1.8371,48.9378],[1.8409,48.9338],[1.8497,48.9355],[1.8522,48.9343]]]}},{"type":"Feature","properties":{"code":"78194","nom":"Dannemarie","app":14.89,"app_bas":12.37,"app_haut":17.92,"app_ech":"maille","app_obs":0,"mai":15.69,"mai_bas":12.61,"mai_haut":19.53,"mai_ech":"maille","mai_obs":0,"a12":17.38,"a3":14.06,"pxa":null,"pxm":null,"napp":0,"nmai":0,"ra":null,"rm":null},"geometry":{"type":"Polygon","coordinates":[[[1.625,48.749],[1.6027,48.7605],[1.5849,48.7633],[1.5941,48.7667],[1.603,48.774],[1.615,48.7722],[1.6197,48.7652],[1.625,48.749]]]}},{"type":"Feature","properties":{"code":"78196","nom":"Davron","app":21.26,"app_bas":17.35,"app_haut":26.05,"app_ech":"maille","app_obs":1,"mai":19.85,"mai_bas":15.11,"mai_haut":26.09,"mai_ech":"maille","mai_obs":2,"a12":23.02,"a3":18.61,"pxa":null,"pxm":null,"napp":0,"nmai":0,"ra":null,"rm":null},"geometry":{"type":"Polygon","coordinates":[[[1.9499,48.8817],[1.9561,48.8783],[1.9522,48.873],[1.9651,48.8671],[1.9691,48.8606],[1.9614,48.8519],[1.951,48.8523],[1.9217,48.8583],[1.9284,48.8666],[1.9374,48.8714],[1.9499,48.8817]]]}},{"type":"Feature","properties":{"code":"78297","nom":"Guyancourt","app":19,"app_bas":15.99,"app_haut":22.57,"app_ech":"commune","app_obs":1912,"mai":17.43,"mai_bas":13.41,"mai_haut":22.64,"mai_ech":"maille","mai_obs":90,"a12":22.54,"a3":17.24,"pxa":3849,"pxm":4192,"napp":414,"nmai":148,"ra":4.82,"rm":4.11},"geometry":{"type":"Polygon","coordinates":[[[2.0536,48.7946],[2.0916,48.7824],[2.1055,48.7807],[2.1015,48.7565],[2.0786,48.7539],[2.0684,48.7567],[2.063,48.764],[2.0537,48.7675],[2.0459,48.7737],[2.0449,48.7789],[2.0536,48.7946]]]}},{"type":"Feature","properties":{"code":"78558","nom":"Saint-Illiers-la-Ville","app":14.59,"app_bas":12.53,"app_haut":16.98,"app_ech":"maille","app_obs":0,"mai":11.81,"mai_bas":9.56,"mai_haut":14.6,"mai_ech":"maille","mai_obs":0,"a12":17.67,"a3":12.09,"pxa":null,"pxm":null,"napp":0,"nmai":0,"ra":null,"rm":null},"geometry":{"type":"Polygon","coordinates":[[[1.5474,48.991],[1.5633,48.9868],[1.5671,48.9834],[1.5659,48.9777],[1.5551,48.9705],[1.5521,48.9646],[1.5435,48.9636],[1.5284,48.9699],[1.5203,48.9782],[1.5283,48.9861],[1.5461,48.9919],[1.5474,48.991]]]}},{"type":"Feature","properties":{"code":"78643","nom":"Vernouillet","app":17.82,"app_bas":15.16,"app_haut":20.94,"app_ech":"commune","app_obs":621,"mai":16.81,"mai_bas":12.98,"mai_haut":21.78,"mai_ech":"commune","mai_obs":128,"a12":20.84,"a3":15.96,"pxa":3682,"pxm":3859,"napp":88,"nmai":164,"ra":4.77,"rm":4.33},"geometry":{"type":"Polygon","coordinates":[[[1.9933,48.9834],[1.9961,48.9671],[1.9751,48.9565],[1.9695,48.9461],[1.9557,48.9568],[1.9517,48.9637],[1.9536,48.9699],[1.9597,48.969],[1.9766,48.9748],[1.9933,48.9834]]]}},{"type":"Feature","properties":{"code":"78029","nom":"Aubergenville","app":15.67,"app_bas":13.28,"app_haut":18.49,"app_ech":"commune","app_obs":927,"mai":15.75,"mai_bas":12.32,"mai_haut":20.12,"mai_ech":"commune","mai_obs":120,"a12":20.35,"a3":14.43,"pxa":1924,"pxm":3182,"napp":215,"nmai":160,"ra":8.17,"rm":4.96},"geometry":{"type":"Polygon","coordinates":[[[1.8522,48.9343],[1.8497,48.9355],[1.8347,48.9524],[1.8398,48.9639],[1.8391,48.9739],[1.8336,48.9794],[1.8176,48.9755],[1.8349,48.9843],[1.855,48.9876],[1.8596,48.9758],[1.8633,48.9563],[1.8699,48.9471],[1.8569,48.944],[1.8522,48.9343]]]}},{"type":"Feature","properties":{"code":"78160","nom":"Chevreuse","app":18.18,"app_bas":14.97,"app_haut":22.08,"app_ech":"commune","app_obs":557,"mai":15.56,"mai_bas":12.41,"mai_haut":19.52,"mai_ech":"maille","mai_obs":38,"a12":21.57,"a3":16.47,"pxa":4118,"pxm":3823,"napp":77,"nmai":126,"ra":4.34,"rm":4.09},"geometry":{"type":"Polygon","coordinates":[[[2.0376,48.6802],[2.0208,48.6964],[2.0239,48.7044],[2.0037,48.7127],[2.0044,48.7208],[2.012,48.7207],[2.0342,48.7259],[2.0471,48.7228],[2.0618,48.7234],[2.0666,48.7176],[2.0632,48.7098],[2.0538,48.6967],[2.0557,48.6868],[2.0457,48.6876],[2.0376,48.6802]]]}},{"type":"Feature","properties":{"code":"78267","nom":"Gargenville","app":17.08,"app_bas":14.72,"app_haut":19.82,"app_ech":"commune","app_obs":806,"mai":14.79,"mai_bas":11.62,"mai_haut":18.84,"mai_ech":"commune","mai_obs":148,"a12":19.65,"a3":15.28,"pxa":3810,"pxm":2825,"napp":77,"nmai":198,"ra":4.44,"rm":5.3},"geometry":{"type":"Polygon","coordinates":[[[1.8283,48.9815],[1.8176,48.9755],[1.8069,48.971],[1.7923,48.9697],[1.801,48.9813],[1.8006,48.9939],[1.7979,49.0088],[1.7991,49.0171],[1.8204,49.0118],[1.8185,49.0067],[1.8268,49.0022],[1.8283,48.9815]]]}},{"type":"Feature","properties":{"code":"78231","nom":"Favrieux","app":14.59,"app_bas":12.53,"app_haut":16.98,"app_ech":"maille","app_obs":0,"mai":13.61,"mai_bas":10.52,"mai_haut":17.61,"mai_ech":"maille","mai_obs":3,"a12":18.67,"a3":12.86,"pxa":null,"pxm":null,"napp":0,"nmai":0,"ra":null,"rm":null},"geometry":{"type":"Polygon","coordinates":[[[1.631,48.9516],[1.6485,48.951],[1.6591,48.9477],[1.6566,48.9398],[1.6474,48.9371],[1.6203,48.9436],[1.631,48.9516]]]}},{"type":"Feature","properties":{"code":"78382","nom":"Maurecourt","app":17.27,"app_bas":14.79,"app_haut":20.17,"app_ech":"commune","app_obs":234,"mai":17.16,"mai_bas":13.39,"mai_haut":22,"mai_ech":"maille","mai_obs":33,"a12":20.44,"a3":15.57,"pxa":3604,"pxm":3871,"napp":45,"nmai":99,"ra":4.74,"rm":4.39},"geometry":{"type":"Polygon","coordinates":[[[2.0247,48.9956],[2.0236,48.9979],[2.0499,49.0032],[2.0644,49.0082],[2.0717,49.0017],[2.0719,48.9934],[2.0518,48.9918],[2.0451,48.9954],[2.0247,48.9956]]]}},{"type":"Feature","properties":{"code":"78464","nom":"Orcemont","app":14.79,"app_bas":12.46,"app_haut":17.55,"app_ech":"maille","app_obs":16,"mai":13.78,"mai_bas":10.91,"mai_haut":17.4,"mai_ech":"maille","mai_obs":10,"a12":16.99,"a3":13.65,"pxa":null,"pxm":null,"napp":0,"nmai":0,"ra":null,"rm":null},"geometry":{"type":"Polygon","coordinates":[[[1.8194,48.5712],[1.8186,48.5797],[1.7816,48.598],[1.7751,48.5983],[1.7752,48.6037],[1.7855,48.6053],[1.794,48.6095],[1.81,48.6112],[1.8309,48.6203],[1.8313,48.6146],[1.8264,48.6049],[1.8243,48.5925],[1.8323,48.5712],[1.8194,48.5712]]]}},{"type":"Feature","properties":{"code":"78644","nom":"Verrière","app":16.97,"app_bas":14.73,"app_haut":19.54,"app_ech":"commune","app_obs":243,"mai":15.21,"mai_bas":12.16,"mai_haut":19.03,"mai_ech":"maille","mai_obs":43,"a12":20.57,"a3":14.79,"pxa":null,"pxm":3664,"napp":8,"nmai":41,"ra":null,"rm":4.18},"geometry":{"type":"Polygon","coordinates":[[[1.9519,48.7594],[1.9665,48.7628],[1.9678,48.757],[1.9564,48.7556],[1.9566,48.7475],[1.9371,48.7483],[1.9402,48.7567],[1.9519,48.7594]]]}},{"type":"Feature","properties":{"code":"78281","nom":"Goussonville","app":15.54,"app_bas":13.29,"app_haut":18.15,"app_ech":"maille","app_obs":5,"mai":14.27,"mai_bas":11.17,"mai_haut":18.24,"mai_ech":"maille","mai_obs":15,"a12":18.09,"a3":13.77,"pxa":null,"pxm":null,"napp":0,"nmai":0,"ra":null,"rm":null},"geometry":{"type":"Polygon","coordinates":[[[1.7615,48.9089],[1.749,48.9112],[1.7518,48.918],[1.7666,48.9293],[1.7686,48.9424],[1.7781,48.9354],[1.7833,48.9256],[1.7848,48.9253],[1.7615,48.9089]]]}},{"type":"Feature","properties":{"code":"78300","nom":"Hargeville","app":15.87,"app_bas":13.43,"app_haut":18.76,"app_ech":"maille","app_obs":18,"mai":14.28,"mai_bas":10.84,"mai_haut":18.8,"mai_ech":"maille","mai_obs":12,"a12":17.38,"a3":12.86,"pxa":null,"pxm":null,"napp":0,"nmai":0,"ra":null,"rm":null},"geometry":{"type":"Polygon","coordinates":[[[1.7221,48.8896],[1.7286,48.8997],[1.749,48.9112],[1.7615,48.9089],[1.7616,48.9016],[1.7704,48.8961],[1.7521,48.8799],[1.7483,48.8795],[1.735,48.886],[1.7221,48.8896]]]}},{"type":"Feature","properties":{"code":"78486","nom":"Perray-en-Yvelines","app":16.48,"app_bas":14.29,"app_haut":19,"app_ech":"commune","app_obs":821,"mai":15.96,"mai_bas":12.28,"mai_haut":20.73,"mai_ech":"commune","mai_obs":142,"a12":19.5,"a3":14.56,"pxa":3651,"pxm":3413,"napp":95,"nmai":155,"ra":4.49,"rm":4.68},"geometry":{"type":"Polygon","coordinates":[[[1.8703,48.686],[1.8532,48.6782],[1.8483,48.6785],[1.8343,48.6767],[1.8126,48.688],[1.8148,48.695],[1.8259,48.7024],[1.8379,48.7209],[1.8657,48.7117],[1.8691,48.7073],[1.8613,48.7011],[1.8703,48.686]]]}},{"type":"Feature","properties":{"code":"78565","nom":"Saint-Martin-des-Champs","app":15.87,"app_bas":13.43,"app_haut":18.76,"app_ech":"maille","app_obs":1,"mai":15.69,"mai_bas":12.61,"mai_haut":19.53,"mai_ech":"maille","mai_obs":0,"a12":18.01,"a3":14.06,"pxa":null,"pxm":null,"napp":0,"nmai":0,"ra":null,"rm":null},"geometry":{"type":"Polygon","coordinates":[[[1.6898,48.8729],[1.7107,48.8848],[1.7173,48.8907],[1.735,48.886],[1.7483,48.8795],[1.7488,48.8754],[1.7399,48.8714],[1.7292,48.8712],[1.7206,48.8725],[1.7019,48.8657],[1.6898,48.8729]]]}},{"type":"Feature","properties":{"code":"78073","nom":"Bois-d'Arcy","app":18.39,"app_bas":15.8,"app_haut":21.39,"app_ech":"commune","app_obs":2229,"mai":18.44,"mai_bas":13.94,"mai_haut":24.39,"mai_ech":"commune","mai_obs":114,"a12":21.84,"a3":16.26,"pxa":3123,"pxm":4377,"napp":443,"nmai":140,"ra":5.78,"rm":4.13},"geometry":{"type":"Polygon","coordinates":[[[1.9944,48.7991],[1.9952,48.8078],[2.0004,48.8139],[2.0109,48.8145],[2.0248,48.8119],[2.0485,48.8032],[2.0501,48.7984],[2.0308,48.7967],[1.9944,48.7991]]]}},{"type":"Feature","properties":{"code":"78224","nom":"Étang-la-Ville","app":20.72,"app_bas":16.54,"app_haut":25.95,"app_ech":"commune","app_obs":341,"mai":23.58,"mai_bas":17.11,"mai_haut":32.5,"mai_ech":"commune","mai_obs":118,"a12":23.02,"a3":19.05,"pxa":4414,"pxm":5052,"napp":62,"nmai":108,"ra":4.52,"rm":4.44},"geometry":{"type":"Polygon","coordinates":[[[2.0468,48.8747],[2.063,48.8785],[2.0774,48.8736],[2.0778,48.8676],[2.0709,48.8546],[2.0614,48.8548],[2.0362,48.8678],[2.0468,48.8747]]]}},{"type":"Feature","properties":{"code":"78327","nom":"Juziers","app":16.03,"app_bas":13.57,"app_haut":18.94,"app_ech":"commune","app_obs":492,"mai":14.68,"mai_bas":11.53,"mai_haut":18.68,"mai_ech":"maille","mai_obs":92,"a12":18.82,"a3":13.25,"pxa":2731,"pxm":2773,"napp":30,"nmai":100,"ra":5.87,"rm":5.36},"geometry":{"type":"Polygon","coordinates":[[[1.8514,49.0168],[1.8512,49.0103],[1.8587,49.0023],[1.8648,48.9899],[1.8349,48.9843],[1.8283,48.9815],[1.8268,49.0022],[1.8185,49.0067],[1.8204,49.0118],[1.8306,49.0146],[1.8317,49.0202],[1.8431,49.0199],[1.8514,49.0168]]]}},{"type":"Feature","properties":{"code":"78439","nom":"Mulcent","app":15.87,"app_bas":13.43,"app_haut":18.76,"app_ech":"maille","app_obs":2,"mai":12.9,"mai_bas":10.14,"mai_haut":16.41,"mai_ech":"maille","mai_obs":10,"a12":17.38,"a3":13.84,"pxa":null,"pxm":null,"napp":0,"nmai":0,"ra":null,"rm":null},"geometry":{"type":"Polygon","coordinates":[[[1.6622,48.8873],[1.6641,48.8717],[1.6588,48.8671],[1.6489,48.8714],[1.6428,48.8706],[1.6368,48.8783],[1.6426,48.8866],[1.652,48.8906],[1.6622,48.8873]]]}},{"type":"Feature","properties":{"code":"78466","nom":"Orgeval","app":20.04,"app_bas":15.99,"app_haut":25.12,"app_ech":"commune","app_obs":406,"mai":19.07,"mai_bas":14.52,"mai_haut":25.06,"mai_ech":"commune","mai_obs":263,"a12":21.77,"a3":17.77,"pxa":4237,"pxm":4400,"napp":41,"nmai":210,"ra":4.58,"rm":4.23},"geometry":{"type":"Polygon","coordinates":[[[1.9819,48.9003],[1.9704,48.8945],[1.9619,48.8929],[1.9538,48.8957],[1.9341,48.9046],[1.936,48.911],[1.942,48.9138],[1.9613,48.9342],[1.9697,48.9447],[1.9785,48.9455],[1.9823,48.9307],[1.9998,48.928],[2.0086,48.9207],[1.9922,48.911],[1.9819,48.9003]]]}},{"type":"Feature","properties":{"code":"78246","nom":"Fontenay-Saint-Père","app":13.99,"app_bas":11.83,"app_haut":16.54,"app_ech":"maille","app_obs":7,"mai":14.68,"mai_bas":11.53,"mai_haut":18.68,"mai_ech":"maille","mai_obs":19,"a12":19.52,"a3":13.02,"pxa":null,"pxm":1840,"napp":4,"nmai":35,"ra":null,"rm":8.08},"geometry":{"type":"Polygon","coordinates":[[[1.7356,49.0487],[1.7512,49.0482],[1.7728,49.0421],[1.7852,49.031],[1.77,49.0143],[1.7554,49.006],[1.73,49.0154],[1.733,49.0396],[1.7356,49.0487]]]}},{"type":"Feature","properties":{"code":"78334","nom":"Lévis-Saint-Nom","app":16.23,"app_bas":13.85,"app_haut":19.01,"app_ech":"maille","app_obs":15,"mai":15.89,"mai_bas":12.23,"mai_haut":20.64,"mai_ech":"maille","mai_obs":18,"a12":20.7,"a3":15.11,"pxa":null,"pxm":2408,"napp":0,"nmai":53,"ra":null,"rm":6.61},"geometry":{"type":"Polygon","coordinates":[[[1.9419,48.7093],[1.933,48.7188],[1.9155,48.7221],[1.9021,48.7214],[1.9067,48.7353],[1.92,48.7339],[1.9245,48.7394],[1.9324,48.7417],[1.9353,48.7373],[1.9515,48.7342],[1.959,48.7375],[1.9647,48.7337],[1.9636,48.7253],[1.9419,48.7093]]]}},{"type":"Feature","properties":{"code":"78501","nom":"Porcheville","app":15.05,"app_bas":12.9,"app_haut":17.57,"app_ech":"maille","app_obs":77,"mai":14.68,"mai_bas":11.53,"mai_haut":18.68,"mai_ech":"maille","mai_obs":52,"a12":17.93,"a3":14.53,"pxa":null,"pxm":2619,"napp":5,"nmai":78,"ra":null,"rm":5.68},"geometry":{"type":"Polygon","coordinates":[[[1.7755,48.9886],[1.7762,48.9834],[1.7837,48.9773],[1.7859,48.968],[1.7629,48.9668],[1.7518,48.9674],[1.7527,48.9751],[1.7622,48.9897],[1.7755,48.9886]]]}},{"type":"Feature","properties":{"code":"78415","nom":"Montainville","app":16.44,"app_bas":14.03,"app_haut":19.26,"app_ech":"maille","app_obs":6,"mai":14.28,"mai_bas":10.84,"mai_haut":18.8,"mai_ech":"maille","mai_obs":10,"a12":18.01,"a3":14.77,"pxa":null,"pxm":null,"napp":0,"nmai":0,"ra":null,"rm":null},"geometry":{"type":"Polygon","coordinates":[[[1.8321,48.8787],[1.8355,48.8852],[1.8585,48.8909],[1.866,48.8877],[1.8747,48.877],[1.8558,48.8716],[1.8384,48.8713],[1.8321,48.8787]]]}},{"type":"Feature","properties":{"code":"78015","nom":"Andrésy","app":18.06,"app_bas":15.46,"app_haut":21.09,"app_ech":"commune","app_obs":1846,"mai":16.93,"mai_bas":13.2,"mai_haut":21.72,"mai_ech":"commune","mai_obs":100,"a12":20.88,"a3":16.71,"pxa":3102,"pxm":3702,"napp":297,"nmai":243,"ra":5.73,"rm":4.54},"geometry":{"type":"Polygon","coordinates":[[[2.0247,48.9956],[2.0451,48.9954],[2.0518,48.9918],[2.0719,48.9934],[2.0744,48.9848],[2.0554,48.9701],[2.0489,48.9592],[2.0353,48.9615],[2.0337,48.9658],[2.0405,48.9705],[2.0425,48.9794],[2.0384,48.9843],[2.0271,48.9887],[2.0247,48.9956]]]}},{"type":"Feature","properties":{"code":"78206","nom":"Ecquevilly","app":15.76,"app_bas":13.35,"app_haut":18.61,"app_ech":"commune","app_obs":323,"mai":15.47,"mai_bas":12.04,"mai_haut":19.87,"mai_ech":"maille","mai_obs":41,"a12":18.28,"a3":14.42,"pxa":3055,"pxm":3156,"napp":40,"nmai":117,"ra":5.17,"rm":4.93},"geometry":{"type":"Polygon","coordinates":[[[1.9177,48.9245],[1.9011,48.9295],[1.8937,48.9329],[1.8956,48.9469],[1.9012,48.9535],[1.9092,48.9532],[1.9159,48.9703],[1.9208,48.9687],[1.9242,48.9627],[1.9337,48.9574],[1.9458,48.9575],[1.9515,48.9547],[1.9548,48.9512],[1.9497,48.9442],[1.9317,48.938],[1.9177,48.9245]]]}},{"type":"Feature","properties":{"code":"78076","nom":"Boissets","app":15.87,"app_bas":13.43,"app_haut":18.76,"app_ech":"maille","app_obs":1,"mai":12.9,"mai_bas":10.14,"mai_haut":16.41,"mai_ech":"maille","mai_obs":14,"a12":17.38,"a3":13.84,"pxa":null,"pxm":null,"napp":0,"nmai":0,"ra":null,"rm":null},"geometry":{"type":"Polygon","coordinates":[[[1.5721,48.8639],[1.5801,48.8684],[1.5959,48.8723],[1.5998,48.862],[1.5953,48.8564],[1.5987,48.849],[1.5866,48.8432],[1.5773,48.8444],[1.5814,48.8606],[1.5721,48.8639]]]}},{"type":"Feature","properties":{"code":"78233","nom":"Feucherolles","app":21.26,"app_bas":17.35,"app_haut":26.05,"app_ech":"maille","app_obs":36,"mai":19.85,"mai_bas":15.11,"mai_haut":26.09,"mai_ech":"maille","mai_obs":60,"a12":23.02,"a3":18.61,"pxa":null,"pxm":4028,"napp":3,"nmai":84,"ra":null,"rm":4.78},"geometry":{"type":"Polygon","coordinates":[[[2.0203,48.8826],[2.0148,48.8774],[1.9987,48.8763],[1.9866,48.8638],[1.9906,48.8595],[1.9788,48.8586],[1.9691,48.8606],[1.9651,48.8671],[1.9522,48.873],[1.9561,48.8783],[1.9499,48.8817],[1.9538,48.8957],[1.9619,48.8929],[1.9704,48.8945],[1.9819,48.9003],[1.9915,48.892],[1.9984,48.8914],[2.0203,48.8826]]]}},{"type":"Feature","properties":{"code":"78005","nom":"Achères","app":18.4,"app_bas":15.8,"app_haut":21.42,"app_ech":"commune","app_obs":1803,"mai":15.89,"mai_bas":12.27,"mai_haut":20.59,"mai_ech":"commune","mai_obs":107,"a12":21.28,"a3":16.92,"pxa":3734,"pxm":3840,"napp":296,"nmai":208,"ra":4.83,"rm":4.14},"geometry":{"type":"Polygon","coordinates":[[[2.1664,48.9815],[2.1755,48.9724],[2.1782,48.9635],[2.1729,48.9639],[2.1694,48.9747],[2.1597,48.9805],[2.1424,48.9861],[2.1211,48.9872],[2.11,48.9817],[2.0846,48.9852],[2.0895,48.9748],[2.0737,48.9646],[2.0765,48.9531],[2.0702,48.9463],[2.049,48.9571],[2.0489,48.9592],[2.0554,48.9701],[2.0744,48.9848],[2.0852,48.9878],[2.1275,48.9891],[2.1549,48.9857],[2.1664,48.9815]]]}},{"type":"Feature","properties":{"code":"78020","nom":"Arnouville-lès-Mantes","app":15.54,"app_bas":13.29,"app_haut":18.15,"app_ech":"maille","app_obs":26,"mai":14.28,"mai_bas":10.84,"mai_haut":18.8,"mai_ech":"maille","mai_obs":21,"a12":17.38,"a3":12.86,"pxa":null,"pxm":null,"napp":0,"nmai":0,"ra":null,"rm":null},"geometry":{"type":"Polygon","coordinates":[[[1.7295,48.9312],[1.7342,48.9211],[1.7492,48.9122],[1.749,48.9112],[1.7286,48.8997],[1.7221,48.8896],[1.7173,48.8907],[1.6968,48.8994],[1.697,48.907],[1.7088,48.9181],[1.7094,48.9279],[1.7242,48.9324],[1.7295,48.9312]]]}},{"type":"Feature","properties":{"code":"78049","nom":"Bazemont","app":16.88,"app_bas":13.47,"app_haut":21.14,"app_ech":"maille","app_obs":29,"mai":15.47,"mai_bas":12.04,"mai_haut":19.87,"mai_ech":"maille","mai_obs":27,"a12":18.23,"a3":14.57,"pxa":null,"pxm":2304,"napp":2,"nmai":50,"ra":null,"rm":6.75},"geometry":{"type":"Polygon","coordinates":[[[1.9011,48.9295],[1.8836,48.9172],[1.8782,48.919],[1.8712,48.9237],[1.8539,48.9259],[1.8522,48.9343],[1.8569,48.944],[1.8699,48.9471],[1.8848,48.9405],[1.8859,48.9349],[1.8937,48.9329],[1.9011,48.9295]]]}},{"type":"Feature","properties":{"code":"78230","nom":"Falaise","app":15.54,"app_bas":13.29,"app_haut":18.15,"app_ech":"maille","app_obs":58,"mai":14.27,"mai_bas":11.17,"mai_haut":18.24,"mai_ech":"maille","mai_obs":10,"a12":18.09,"a3":13.77,"pxa":null,"pxm":null,"napp":0,"nmai":0,"ra":null,"rm":null},"geometry":{"type":"Polygon","coordinates":[[[1.8302,48.9505],[1.8371,48.9378],[1.829,48.9267],[1.818,48.9227],[1.8122,48.9268],[1.8221,48.9466],[1.8302,48.9505]]]}},{"type":"Feature","properties":{"code":"78302","nom":"Hauteville","app":15.4,"app_bas":12.58,"app_haut":18.85,"app_ech":"maille","app_obs":0,"mai":11.9,"mai_bas":9.6,"mai_haut":14.76,"mai_ech":"maille","mai_obs":1,"a12":17.5,"a3":12.33,"pxa":null,"pxm":null,"napp":0,"nmai":0,"ra":null,"rm":null},"geometry":{"type":"Polygon","coordinates":[[[1.626,48.6948],[1.6175,48.6966],[1.6023,48.705],[1.6129,48.7117],[1.6272,48.7112],[1.6333,48.7138],[1.649,48.7093],[1.6426,48.6984],[1.626,48.6948]]]}},{"type":"Feature","properties":{"code":"78362","nom":"Mantes-la-Ville","app":16.12,"app_bas":13.78,"app_haut":18.85,"app_ech":"commune","app_obs":2350,"mai":13.82,"mai_bas":10.71,"mai_haut":17.84,"mai_ech":"commune","mai_obs":263,"a12":18.82,"a3":14.25,"pxa":2655,"pxm":2532,"napp":291,"nmai":310,"ra":6.06,"rm":5.53},"geometry":{"type":"Polygon","coordinates":[[[1.6862,48.9785],[1.7026,48.9892],[1.7161,48.9831],[1.7273,48.9849],[1.7325,48.9779],[1.7312,48.9704],[1.7236,48.963],[1.7192,48.9614],[1.7024,48.9636],[1.6955,48.9669],[1.7003,48.9792],[1.6862,48.9785]]]}},{"type":"Feature","properties":{"code":"78615","nom":"Thiverval-Grignon","app":18.33,"app_bas":15.74,"app_haut":21.35,"app_ech":"maille","app_obs":31,"mai":15.15,"mai_bas":11.79,"mai_haut":19.47,"mai_ech":"maille","mai_obs":5,"a12":21.42,"a3":16.12,"pxa":null,"pxm":null,"napp":0,"nmai":0,"ra":null,"rm":null},"geometry":{"type":"Polygon","coordinates":[[[1.9217,48.8583],[1.951,48.8523],[1.9614,48.8519],[1.968,48.8449],[1.9688,48.8348],[1.9442,48.8379],[1.9275,48.824],[1.9217,48.8261],[1.9217,48.8343],[1.8998,48.8422],[1.8933,48.8474],[1.9027,48.8452],[1.9087,48.8582],[1.9127,48.8608],[1.9217,48.8583]]]}},{"type":"Feature","properties":{"code":"78597","nom":"Soindres","app":14.59,"app_bas":12.53,"app_haut":16.98,"app_ech":"maille","app_obs":7,"mai":13.61,"mai_bas":10.52,"mai_haut":17.61,"mai_ech":"maille","mai_obs":6,"a12":18.67,"a3":12.76,"pxa":null,"pxm":null,"napp":0,"nmai":0,"ra":null,"rm":null},"geometry":{"type":"Polygon","coordinates":[[[1.6651,48.9408],[1.6566,48.9398],[1.6591,48.9477],[1.6485,48.951],[1.6608,48.96],[1.6659,48.9698],[1.6736,48.9633],[1.6878,48.9579],[1.6993,48.9577],[1.6948,48.9524],[1.6651,48.9408]]]}},{"type":"Feature","properties":{"code":"78413","nom":"Mondreville","app":13.5,"app_bas":11.66,"app_haut":15.63,"app_ech":"maille","app_obs":11,"mai":11.16,"mai_bas":8.92,"mai_haut":13.96,"mai_ech":"maille","mai_obs":0,"a12":17.38,"a3":12.83,"pxa":null,"pxm":null,"napp":0,"nmai":0,"ra":null,"rm":null},"geometry":{"type":"Polygon","coordinates":[[[1.5637,48.8906],[1.5573,48.8916],[1.5385,48.9067],[1.5417,48.9157],[1.5574,48.9149],[1.5709,48.9071],[1.5757,48.8989],[1.5686,48.893],[1.5637,48.8906]]]}},{"type":"Feature","properties":{"code":"78502","nom":"Port-Marly","app":20.19,"app_bas":16.47,"app_haut":24.74,"app_ech":"commune","app_obs":671,"mai":22.99,"mai_bas":16.3,"mai_haut":32.42,"mai_ech":"maille","mai_obs":23,"a12":23.06,"a3":18.55,"pxa":4567,"pxm":null,"napp":178,"nmai":17,"ra":4.28,"rm":null},"geometry":{"type":"Polygon","coordinates":[[[2.1011,48.8855],[2.1103,48.8874],[2.1198,48.8781],[2.1094,48.8728],[2.1011,48.8855]]]}},{"type":"Feature","properties":{"code":"78518","nom":"Rennemoulin","app":22.35,"app_bas":18.97,"app_haut":26.34,"app_ech":"maille","app_obs":1,"mai":23.73,"mai_bas":17.29,"mai_haut":32.56,"mai_ech":"maille","mai_obs":2,"a12":24.17,"a3":20.37,"pxa":null,"pxm":null,"napp":0,"nmai":0,"ra":null,"rm":null},"geometry":{"type":"Polygon","coordinates":[[[2.0348,48.8262],[2.0303,48.829],[2.0332,48.8362],[2.0415,48.843],[2.0529,48.8353],[2.0527,48.8307],[2.0468,48.8249],[2.0348,48.8262]]]}},{"type":"Feature","properties":{"code":"78564","nom":"Saint-Martin-de-Bréthencourt","app":14.68,"app_bas":12.34,"app_haut":17.48,"app_ech":"maille","app_obs":32,"mai":10.59,"mai_bas":8.51,"mai_haut":13.19,"mai_ech":"maille","mai_obs":10,"a12":16.99,"a3":13.65,"pxa":null,"pxm":null,"napp":0,"nmai":0,"ra":null,"rm":null},"geometry":{"type":"Polygon","coordinates":[[[1.8826,48.5141],[1.8826,48.5201],[1.9009,48.523],[1.9,48.5302],[1.8941,48.535],[1.9022,48.5442],[1.9173,48.5387],[1.9181,48.533],[1.9356,48.5257],[1.9529,48.5235],[1.946,48.5147],[1.9343,48.4958],[1.9177,48.4949],[1.9123,48.4896],[1.901,48.4922],[1.8975,48.5051],[1.8826,48.5141]]]}},{"type":"Feature","properties":{"code":"78606","nom":"Tartre-Gaudran","app":15.4,"app_bas":12.58,"app_haut":18.85,"app_ech":"maille","app_obs":0,"mai":13.78,"mai_bas":10.91,"mai_haut":17.4,"mai_ech":"maille","mai_obs":0,"a12":14.37,"a3":9.9,"pxa":null,"pxm":null,"napp":0,"nmai":0,"ra":null,"rm":null},"geometry":{"type":"Polygon","coordinates":[[[1.5949,48.7093],[1.6175,48.6966],[1.626,48.6948],[1.6289,48.6887],[1.6237,48.6863],[1.6113,48.6885],[1.5822,48.6961],[1.5795,48.7018],[1.5949,48.7093]]]}},{"type":"Feature","properties":{"code":"78653","nom":"Vicq","app":18.38,"app_bas":15.27,"app_haut":22.12,"app_ech":"maille","app_obs":8,"mai":15.15,"mai_bas":11.79,"mai_haut":19.47,"mai_ech":"maille","mai_obs":9,"a12":21.56,"a3":14.06,"pxa":null,"pxm":null,"napp":0,"nmai":0,"ra":null,"rm":null},"geometry":{"type":"Polygon","coordinates":[[[1.8112,48.815],[1.8146,48.823],[1.8061,48.83],[1.8169,48.8301],[1.8327,48.8338],[1.8415,48.8288],[1.8439,48.8159],[1.8479,48.8127],[1.8329,48.811],[1.8112,48.815]]]}},{"type":"Feature","properties":{"code":"78367","nom":"Mareil-Marly","app":21.13,"app_bas":16.87,"app_haut":26.46,"app_ech":"commune","app_obs":327,"mai":22.43,"mai_bas":16.28,"mai_haut":30.91,"mai_ech":"commune","mai_obs":140,"a12":23.64,"a3":19.52,"pxa":4634,"pxm":5382,"napp":36,"nmai":86,"ra":4.38,"rm":3.97},"geometry":{"type":"Polygon","coordinates":[[[2.0751,48.8874],[2.0918,48.8859],[2.0774,48.8736],[2.063,48.8785],[2.0705,48.8867],[2.0751,48.8874]]]}},{"type":"Feature","properties":{"code":"78562","nom":"Saint-Léger-en-Yvelines","app":15.4,"app_bas":12.58,"app_haut":18.85,"app_ech":"maille","app_obs":72,"mai":15.69,"mai_bas":12.61,"mai_haut":19.53,"mai_ech":"maille","mai_obs":35,"a12":17.5,"a3":14.06,"pxa":null,"pxm":2520,"napp":10,"nmai":42,"ra":null,"rm":6.25},"geometry":{"type":"Polygon","coordinates":[[[1.7097,48.7126],[1.7115,48.7362],[1.7226,48.7435],[1.7412,48.7432],[1.7639,48.7379],[1.7692,48.7597],[1.7673,48.7659],[1.777,48.7691],[1.7944,48.7598],[1.8198,48.7646],[1.8187,48.7543],[1.7942,48.7336],[1.7906,48.7215],[1.7867,48.7178],[1.7862,48.7079],[1.7733,48.7035],[1.7582,48.7028],[1.7263,48.6955],[1.7167,48.6985],[1.7062,48.7102],[1.7097,48.7126]]]}},{"type":"Feature","properties":{"code":"78072","nom":"Boinvilliers","app":15.87,"app_bas":13.43,"app_haut":18.76,"app_ech":"maille","app_obs":3,"mai":14.28,"mai_bas":10.84,"mai_haut":18.8,"mai_ech":"maille","mai_obs":16,"a12":17.38,"a3":12.86,"pxa":null,"pxm":null,"napp":0,"nmai":0,"ra":null,"rm":null},"geometry":{"type":"Polygon","coordinates":[[[1.6738,48.9332],[1.6764,48.9229],[1.6671,48.9139],[1.6672,48.9062],[1.6628,48.9038],[1.6584,48.9076],[1.6552,48.9127],[1.6453,48.9216],[1.6567,48.925],[1.6602,48.9326],[1.6738,48.9332]]]}},{"type":"Feature","properties":{"code":"78444","nom":"Neauphlette","app":13.5,"app_bas":11.66,"app_haut":15.63,"app_ech":"maille","app_obs":5,"mai":12.38,"mai_bas":9.83,"mai_haut":15.6,"mai_ech":"maille","mai_obs":4,"a12":15.97,"a3":12.76,"pxa":null,"pxm":null,"napp":0,"nmai":0,"ra":null,"rm":null},"geometry":{"type":"Polygon","coordinates":[[[1.5722,48.9531],[1.579,48.9516],[1.5881,48.9461],[1.5799,48.9401],[1.5657,48.9387],[1.552,48.9266],[1.5468,48.9192],[1.5405,48.9185],[1.5386,48.9218],[1.5241,48.9248],[1.5139,48.9218],[1.5085,48.9305],[1.509,48.9366],[1.5015,48.9411],[1.5225,48.9415],[1.5341,48.9374],[1.5406,48.9424],[1.559,48.9428],[1.5722,48.9531]]]}},{"type":"Feature","properties":{"code":"78113","nom":"Brueil-en-Vexin","app":14.68,"app_bas":12.41,"app_haut":17.37,"app_ech":"maille","app_obs":47,"mai":11.62,"mai_bas":9.1,"mai_haut":14.83,"mai_ech":"maille","mai_obs":12,"a12":19.52,"a3":14.53,"pxa":null,"pxm":null,"napp":0,"nmai":0,"ra":null,"rm":null},"geometry":{"type":"Polygon","coordinates":[[[1.8309,49.0358],[1.8317,49.0202],[1.8306,49.0146],[1.8204,49.0118],[1.7923,49.0192],[1.7852,49.031],[1.8021,49.0321],[1.8124,49.0407],[1.8218,49.0438],[1.8228,49.0394],[1.8309,49.0358]]]}},{"type":"Feature","properties":{"code":"78346","nom":"Longnes","app":15.87,"app_bas":13.43,"app_haut":18.76,"app_ech":"maille","app_obs":79,"mai":14.28,"mai_bas":10.84,"mai_haut":18.8,"mai_ech":"maille","mai_obs":50,"a12":15.97,"a3":12.76,"pxa":null,"pxm":1809,"napp":8,"nmai":47,"ra":null,"rm":8},"geometry":{"type":"Polygon","coordinates":[[[1.5832,48.8942],[1.5757,48.8989],[1.5709,48.9071],[1.5574,48.9149],[1.5417,48.9157],[1.5405,48.9185],[1.5468,48.9192],[1.552,48.9266],[1.5657,48.9387],[1.5799,48.9401],[1.5881,48.9461],[1.6061,48.9372],[1.6096,48.9274],[1.5973,48.9156],[1.5885,48.9046],[1.5881,48.8961],[1.5832,48.8942]]]}},{"type":"Feature","properties":{"code":"78608","nom":"Tertre-Saint-Denis","app":15.74,"app_bas":13.42,"app_haut":18.45,"app_ech":"maille","app_obs":0,"mai":12.38,"mai_bas":9.83,"mai_haut":15.6,"mai_ech":"maille","mai_obs":5,"a12":15.97,"a3":12.76,"pxa":null,"pxm":null,"napp":0,"nmai":0,"ra":null,"rm":null},"geometry":{"type":"Polygon","coordinates":[[[1.6183,48.9331],[1.6061,48.9372],[1.5892,48.9453],[1.5896,48.9497],[1.6016,48.9522],[1.6054,48.9488],[1.6292,48.941],[1.6183,48.9331]]]}},{"type":"Feature","properties":{"code":"78133","nom":"Chambourcy","app":20.61,"app_bas":17.38,"app_haut":24.43,"app_ech":"commune","app_obs":725,"mai":21.62,"mai_bas":16.46,"mai_haut":28.41,"mai_ech":"commune","mai_obs":150,"a12":22.19,"a3":18.92,"pxa":3750,"pxm":4677,"napp":121,"nmai":62,"ra":5.3,"rm":4.42},"geometry":{"type":"Polygon","coordinates":[[[1.9984,48.8914],[2.0129,48.8965],[2.0208,48.893],[2.0282,48.8951],[2.0299,48.9003],[2.027,48.9126],[2.0399,48.9169],[2.0542,48.9028],[2.0545,48.8977],[2.046,48.8924],[2.0372,48.8777],[2.0203,48.8826],[1.9984,48.8914]]]}},{"type":"Feature","properties":{"code":"78126","nom":"Celle-Saint-Cloud","app":21.55,"app_bas":17.79,"app_haut":26.11,"app_ech":"commune","app_obs":1732,"mai":23.89,"mai_bas":14.95,"mai_haut":38.17,"mai_ech":"commune","mai_obs":226,"a12":24.66,"a3":19.47,"pxa":3853,"pxm":6313,"napp":354,"nmai":155,"ra":5.35,"rm":3.6},"geometry":{"type":"Polygon","coordinates":[[[2.1106,48.8411],[2.1095,48.8461],[2.1372,48.8557],[2.1538,48.8644],[2.1543,48.853],[2.1599,48.8477],[2.1532,48.8489],[2.1459,48.8369],[2.1261,48.835],[2.1205,48.836],[2.1106,48.8411]]]}},{"type":"Feature","properties":{"code":"78165","nom":"Clayes-sous-Bois","app":18.61,"app_bas":16.19,"app_haut":21.39,"app_ech":"commune","app_obs":1275,"mai":19.28,"mai_bas":14.59,"mai_haut":25.47,"mai_ech":"maille","mai_obs":76,"a12":22.2,"a3":16.07,"pxa":2857,"pxm":4000,"napp":326,"nmai":219,"ra":6.38,"rm":4.7},"geometry":{"type":"Polygon","coordinates":[[[1.9836,48.8335],[1.9961,48.8273],[2.0004,48.8139],[1.9952,48.8078],[1.9944,48.7991],[1.9865,48.7997],[1.9856,48.8032],[1.9738,48.8129],[1.9668,48.8213],[1.9701,48.8349],[1.9836,48.8335]]]}},{"type":"Feature","properties":{"code":"78237","nom":"Flins-Neuve-Église","app":13.5,"app_bas":11.66,"app_haut":15.63,"app_ech":"maille","app_obs":0,"mai":11.16,"mai_bas":8.92,"mai_haut":13.96,"mai_ech":"maille","mai_obs":0,"a12":15.97,"a3":12.76,"pxa":null,"pxm":null,"napp":0,"nmai":0,"ra":null,"rm":null},"geometry":{"type":"Polygon","coordinates":[[[1.5832,48.8942],[1.5857,48.888],[1.5728,48.888],[1.5686,48.893],[1.5757,48.8989],[1.5832,48.8942]]]}},{"type":"Feature","properties":{"code":"78003","nom":"Ablis","app":15,"app_bas":12.58,"app_haut":17.87,"app_ech":"commune","app_obs":315,"mai":10.59,"mai_bas":8.51,"mai_haut":13.19,"mai_ech":"maille","mai_obs":93,"a12":17.71,"a3":12.51,"pxa":null,"pxm":2588,"napp":14,"nmai":98,"ra":null,"rm":4.28},"geometry":{"type":"Polygon","coordinates":[[[1.8296,48.4966],[1.8222,48.5038],[1.8119,48.5101],[1.8115,48.5167],[1.8187,48.5294],[1.8295,48.5327],[1.8326,48.5634],[1.8481,48.5607],[1.8658,48.5524],[1.8781,48.5407],[1.8941,48.535],[1.9,48.5302],[1.9009,48.523],[1.8826,48.5201],[1.8826,48.5141],[1.8681,48.5158],[1.8663,48.5099],[1.839,48.5017],[1.8428,48.4951],[1.8296,48.4966]]]}},{"type":"Feature","properties":{"code":"78190","nom":"Croissy-sur-Seine","app":23.19,"app_bas":19.36,"app_haut":27.77,"app_ech":"commune","app_obs":1339,"mai":24.33,"mai_bas":18.45,"mai_haut":32.07,"mai_ech":"commune","mai_obs":143,"a12":25.49,"a3":22.6,"pxa":5376,"pxm":7048,"napp":209,"nmai":118,"ra":4.1,"rm":3.28},"geometry":{"type":"Polygon","coordinates":[[[2.1244,48.8744],[2.1103,48.8874],[2.1182,48.8908],[2.1201,48.8849],[2.1297,48.8763],[2.1343,48.8842],[2.1449,48.8834],[2.1583,48.8806],[2.1504,48.8709],[2.1302,48.8713],[2.1244,48.8744]]]}},{"type":"Feature","properties":{"code":"78668","nom":"Villeneuve-en-Chevrie","app":13.5,"app_bas":11.66,"app_haut":15.63,"app_ech":"maille","app_obs":24,"mai":12.38,"mai_bas":9.83,"mai_haut":15.6,"mai_ech":"maille","mai_obs":14,"a12":14.73,"a3":10.93,"pxa":null,"pxm":null,"napp":0,"nmai":0,"ra":null,"rm":null},"geometry":{"type":"Polygon","coordinates":[[[1.4968,49.0188],[1.4935,49.0261],[1.5052,49.0308],[1.5231,49.0329],[1.5304,49.0275],[1.5456,49.0265],[1.5599,49.0313],[1.5576,49.0124],[1.5586,49.0028],[1.546,48.9926],[1.5437,48.9994],[1.5225,49.0083],[1.5121,49.0101],[1.4968,49.0188]]]}},{"type":"Feature","properties":{"code":"78263","nom":"Gambais","app":13.72,"app_bas":11.47,"app_haut":16.42,"app_ech":"maille","app_obs":10,"mai":15.69,"mai_bas":12.61,"mai_haut":19.53,"mai_ech":"maille","mai_obs":29,"a12":18.94,"a3":14.06,"pxa":null,"pxm":2136,"napp":3,"nmai":84,"ra":null,"rm":7.37},"geometry":{"type":"Polygon","coordinates":[[[1.695,48.758],[1.6853,48.7642],[1.6684,48.7623],[1.6557,48.7638],[1.6352,48.7632],[1.6273,48.765],[1.6197,48.7715],[1.6368,48.7772],[1.6336,48.7853],[1.6408,48.7922],[1.6488,48.794],[1.683,48.7963],[1.7031,48.7996],[1.7271,48.7983],[1.7228,48.7973],[1.7268,48.7861],[1.7197,48.7793],[1.7003,48.7808],[1.6931,48.7699],[1.7064,48.7683],[1.7165,48.7622],[1.7148,48.7562],[1.695,48.758]]]}},{"type":"Feature","properties":{"code":"78674","nom":"Villepreux","app":18.82,"app_bas":15.98,"app_haut":22.18,"app_ech":"commune","app_obs":673,"mai":19.28,"mai_bas":14.59,"mai_haut":25.47,"mai_ech":"maille","mai_obs":88,"a12":21.38,"a3":16.29,"pxa":4104,"pxm":3911,"napp":108,"nmai":230,"ra":4.48,"rm":4.8},"geometry":{"type":"Polygon","coordinates":[[[2.0348,48.8262],[2.0248,48.8119],[2.0109,48.8145],[2.0004,48.8139],[1.9961,48.8273],[1.9836,48.8335],[1.9927,48.8418],[2.0057,48.8495],[2.0185,48.8465],[2.0226,48.8418],[2.0355,48.8455],[2.0415,48.843],[2.0332,48.8362],[2.0303,48.829],[2.0348,48.8262]]]}},{"type":"Feature","properties":{"code":"78036","nom":"Autouillet","app":16.44,"app_bas":14.03,"app_haut":19.26,"app_ech":"maille","app_obs":1,"mai":14.28,"mai_bas":10.84,"mai_haut":18.8,"mai_ech":"maille","mai_obs":6,"a12":18.01,"a3":14.06,"pxa":null,"pxm":null,"napp":0,"nmai":0,"ra":null,"rm":null},"geometry":{"type":"Polygon","coordinates":[[[1.7917,48.8544],[1.806,48.8601],[1.8127,48.8531],[1.8097,48.8413],[1.7992,48.8314],[1.7852,48.8303],[1.778,48.8323],[1.7807,48.84],[1.7917,48.8544]]]}},{"type":"Feature","properties":{"code":"78089","nom":"Bonnières-sur-Seine","app":14.57,"app_bas":12.58,"app_haut":16.87,"app_ech":"commune","app_obs":855,"mai":12.75,"mai_bas":10.13,"mai_haut":16.07,"mai_ech":"commune","mai_obs":154,"a12":16.32,"a3":12.4,"pxa":2189,"pxm":2357,"napp":47,"nmai":98,"ra":6.75,"rm":5.49},"geometry":{"type":"Polygon","coordinates":[[[1.5474,48.991],[1.546,48.9926],[1.5586,49.0028],[1.5576,49.0124],[1.5599,49.0313],[1.5619,49.0351],[1.5714,49.0369],[1.583,49.0426],[1.5911,49.037],[1.5867,49.0318],[1.5877,49.0242],[1.5844,49.0163],[1.5657,49.0002],[1.5474,48.991]]]}},{"type":"Feature","properties":{"code":"78242","nom":"Fontenay-le-Fleury","app":18.72,"app_bas":15.97,"app_haut":21.93,"app_ech":"commune","app_obs":2311,"mai":19.28,"mai_bas":14.59,"mai_haut":25.47,"mai_ech":"maille","mai_obs":76,"a12":21.59,"a3":17.24,"pxa":3367,"pxm":4272,"napp":237,"nmai":79,"ra":5.44,"rm":4.4},"geometry":{"type":"Polygon","coordinates":[[[2.0248,48.8119],[2.0348,48.8262],[2.0468,48.8249],[2.0527,48.8307],[2.0594,48.8294],[2.0707,48.823],[2.0612,48.8178],[2.0485,48.8032],[2.0248,48.8119]]]}},{"type":"Feature","properties":{"code":"78356","nom":"Magny-les-Hameaux","app":17.66,"app_bas":15.05,"app_haut":20.74,"app_ech":"commune","app_obs":227,"mai":17.43,"mai_bas":13.41,"mai_haut":22.64,"mai_ech":"maille","mai_obs":53,"a12":21.48,"a3":16.93,"pxa":3003,"pxm":3672,"napp":82,"nmai":142,"ra":5.8,"rm":4.69},"geometry":{"type":"Polygon","coordinates":[[[2.1062,48.7193],[2.1055,48.7166],[2.0832,48.7212],[2.0732,48.7138],[2.0724,48.7232],[2.0551,48.7326],[2.0364,48.7312],[2.0188,48.7413],[2.0064,48.7465],[1.9917,48.7476],[2.0112,48.762],[2.0255,48.7559],[2.0415,48.7516],[2.0595,48.7513],[2.0684,48.7567],[2.0786,48.7539],[2.0861,48.7468],[2.0823,48.7384],[2.0857,48.7279],[2.0951,48.7258],[2.1062,48.7193]]]}},{"type":"Feature","properties":{"code":"78366","nom":"Mareil-le-Guyon","app":17.37,"app_bas":14.38,"app_haut":20.99,"app_ech":"maille","app_obs":15,"mai":15.89,"mai_bas":12.23,"mai_haut":20.64,"mai_ech":"maille","mai_obs":35,"a12":21.56,"a3":15.25,"pxa":null,"pxm":null,"napp":0,"nmai":0,"ra":null,"rm":null},"geometry":{"type":"Polygon","coordinates":[[[1.8418,48.8006],[1.8712,48.7992],[1.8551,48.7793],[1.836,48.781],[1.8359,48.7889],[1.8418,48.8006]]]}},{"type":"Feature","properties":{"code":"78576","nom":"Saint-Rémy-l'Honoré","app":18.66,"app_bas":15.44,"app_haut":22.55,"app_ech":"commune","app_obs":111,"mai":15.89,"mai_bas":12.23,"mai_haut":20.64,"mai_ech":"maille","mai_obs":20,"a12":20.7,"a3":15.11,"pxa":null,"pxm":2633,"napp":18,"nmai":48,"ra":null,"rm":6.04},"geometry":{"type":"Polygon","coordinates":[[[1.9033,48.7382],[1.8687,48.7321],[1.8534,48.7331],[1.8553,48.7458],[1.8533,48.7498],[1.859,48.7596],[1.8664,48.7599],[1.869,48.7655],[1.8816,48.7663],[1.89,48.7703],[1.8935,48.7652],[1.896,48.7458],[1.9033,48.7382]]]}},{"type":"Feature","properties":{"code":"78192","nom":"Dammartin-en-Serve","app":15.87,"app_bas":13.43,"app_haut":18.76,"app_ech":"maille","app_obs":12,"mai":14.28,"mai_bas":10.84,"mai_haut":18.8,"mai_ech":"maille","mai_obs":11,"a12":17.38,"a3":12.83,"pxa":null,"pxm":2348,"napp":1,"nmai":46,"ra":null,"rm":6.17},"geometry":{"type":"Polygon","coordinates":[[[1.6183,48.9331],[1.6453,48.9216],[1.6552,48.9127],[1.6319,48.8962],[1.6232,48.8942],[1.5985,48.8977],[1.5951,48.8885],[1.5857,48.888],[1.5832,48.8942],[1.5881,48.8961],[1.5885,48.9046],[1.5973,48.9156],[1.6096,48.9274],[1.6061,48.9372],[1.6183,48.9331]]]}},{"type":"Feature","properties":{"code":"78291","nom":"Guerville","app":14.34,"app_bas":12.27,"app_haut":16.75,"app_ech":"commune","app_obs":117,"mai":14.27,"mai_bas":11.17,"mai_haut":18.24,"mai_ech":"maille","mai_obs":45,"a12":17.21,"a3":12.86,"pxa":null,"pxm":2649,"napp":10,"nmai":72,"ra":null,"rm":5.46},"geometry":{"type":"Polygon","coordinates":[[[1.7636,48.9442],[1.7516,48.9376],[1.7409,48.9358],[1.7295,48.9312],[1.7242,48.9324],[1.7228,48.9442],[1.7236,48.963],[1.7312,48.9704],[1.7325,48.9779],[1.7425,48.9708],[1.7518,48.9674],[1.7629,48.9668],[1.7558,48.958],[1.7636,48.9442]]]}},{"type":"Feature","properties":{"code":"78490","nom":"Plaisir","app":18.24,"app_bas":15.67,"app_haut":21.23,"app_ech":"commune","app_obs":3812,"mai":16.67,"mai_bas":13.01,"mai_haut":21.37,"mai_ech":"commune","mai_obs":252,"a12":21.71,"a3":16.23,"pxa":3015,"pxm":3460,"napp":619,"nmai":347,"ra":5.94,"rm":4.79},"geometry":{"type":"Polygon","coordinates":[[[1.9149,48.8026],[1.9106,48.8162],[1.9131,48.8199],[1.9217,48.8261],[1.9275,48.824],[1.9442,48.8379],[1.9701,48.8349],[1.9668,48.8213],[1.9738,48.8129],[1.9856,48.8032],[1.9865,48.7997],[1.9675,48.8002],[1.961,48.792],[1.9491,48.79],[1.9353,48.792],[1.9149,48.8026]]]}},{"type":"Feature","properties":{"code":"78588","nom":"Saulx-Marchais","app":14.9,"app_bas":12.16,"app_haut":18.27,"app_ech":"commune","app_obs":119,"mai":14.28,"mai_bas":10.84,"mai_haut":18.8,"mai_ech":"maille","mai_obs":9,"a12":18.01,"a3":14.57,"pxa":null,"pxm":null,"napp":0,"nmai":0,"ra":null,"rm":null},"geometry":{"type":"Polygon","coordinates":[[[1.8248,48.8507],[1.8245,48.8538],[1.8375,48.8568],[1.8477,48.8505],[1.8392,48.8302],[1.8327,48.8338],[1.8346,48.8451],[1.8248,48.8507]]]}},{"type":"Feature","properties":{"code":"78609","nom":"Tessancourt-sur-Aubette","app":14.65,"app_bas":12.45,"app_haut":17.24,"app_ech":"maille","app_obs":16,"mai":15.97,"mai_bas":12.3,"mai_haut":20.73,"mai_ech":"maille","mai_obs":19,"a12":18.34,"a3":14.15,"pxa":null,"pxm":2886,"napp":0,"nmai":34,"ra":null,"rm":5.54},"geometry":{"type":"Polygon","coordinates":[[[1.9378,49.0218],[1.933,49.0177],[1.9071,49.0123],[1.9052,49.0261],[1.9125,49.0416],[1.9337,49.0264],[1.9378,49.0218]]]}},{"type":"Feature","properties":{"code":"78397","nom":"Mesnil-Saint-Denis","app":18.56,"app_bas":15.85,"app_haut":21.72,"app_ech":"commune","app_obs":502,"mai":15.93,"mai_bas":12.35,"mai_haut":20.56,"mai_ech":"commune","mai_obs":110,"a12":22.25,"a3":17.09,"pxa":3735,"pxm":3520,"napp":74,"nmai":149,"ra":4.87,"rm":4.53},"geometry":{"type":"Polygon","coordinates":[[[1.9636,48.7253],[1.9647,48.7337],[1.959,48.7375],[1.9515,48.7342],[1.9353,48.7373],[1.9324,48.7417],[1.9371,48.7483],[1.9566,48.7475],[1.9564,48.7556],[1.9678,48.757],[1.9735,48.7534],[1.9854,48.7514],[1.9917,48.7476],[1.9873,48.7396],[1.9887,48.729],[1.9715,48.7209],[1.9636,48.7253]]]}},{"type":"Feature","properties":{"code":"78070","nom":"Boinville-en-Mantois","app":15.05,"app_bas":12.9,"app_haut":17.57,"app_ech":"maille","app_obs":3,"mai":14.27,"mai_bas":11.17,"mai_haut":18.24,"mai_ech":"maille","mai_obs":10,"a12":18.09,"a3":13.77,"pxa":null,"pxm":null,"napp":0,"nmai":0,"ra":null,"rm":null},"geometry":{"type":"Polygon","coordinates":[[[1.7492,48.9122],[1.7342,48.9211],[1.7295,48.9312],[1.7409,48.9358],[1.7516,48.9376],[1.7636,48.9442],[1.7686,48.9424],[1.7666,48.9293],[1.7518,48.918],[1.7492,48.9122]]]}},{"type":"Feature","properties":{"code":"78384","nom":"Médan","app":18.48,"app_bas":15.04,"app_haut":22.71,"app_ech":"maille","app_obs":58,"mai":15.97,"mai_bas":12.3,"mai_haut":20.73,"mai_ech":"maille","mai_obs":45,"a12":21.32,"a3":14.77,"pxa":null,"pxm":3750,"napp":6,"nmai":42,"ra":null,"rm":4.26},"geometry":{"type":"Polygon","coordinates":[[[2.0025,48.954],[1.9989,48.9496],[1.9785,48.9455],[1.9697,48.9447],[1.9695,48.9461],[1.9751,48.9565],[1.9961,48.9671],[2.0025,48.954]]]}},{"type":"Feature","properties":{"code":"78528","nom":"Rolleboise","app":13.06,"app_bas":10.95,"app_haut":15.58,"app_ech":"maille","app_obs":20,"mai":11.81,"mai_bas":9.56,"mai_haut":14.6,"mai_ech":"maille","mai_obs":4,"a12":14.73,"a3":12.09,"pxa":null,"pxm":null,"napp":0,"nmai":0,"ra":null,"rm":null},"geometry":{"type":"Polygon","coordinates":[[[1.6112,49.026],[1.617,49.0281],[1.6123,49.0188],[1.6141,49.012],[1.597,49.0101],[1.5844,49.0163],[1.5877,49.0242],[1.6112,49.026]]]}},{"type":"Feature","properties":{"code":"78551","nom":"Saint-Germain-en-Laye","app":23.54,"app_bas":18.27,"app_haut":30.33,"app_ech":"commune","app_obs":10697,"mai":26.05,"mai_bas":18.47,"mai_haut":36.73,"mai_ech":"commune","mai_obs":550,"a12":26.4,"a3":22.14,"pxa":6417,"pxm":6681,"napp":1327,"nmai":260,"ra":3.49,"rm":3.71},"geometry":{"type":"Polygon","coordinates":[[[2.0751,48.8874],[2.0545,48.8977],[2.0542,48.9028],[2.0399,48.9169],[2.0423,48.9204],[2.0559,48.9267],[2.0614,48.9369],[2.0765,48.9531],[2.0737,48.9646],[2.0895,48.9748],[2.0846,48.9852],[2.11,48.9817],[2.1211,48.9872],[2.1424,48.9861],[2.1597,48.9805],[2.1694,48.9747],[2.1729,48.9639],[2.1565,48.9648],[2.1448,48.963],[2.1331,48.9512],[2.1279,48.9432],[2.1226,48.9423],[2.1178,48.9278],[2.1123,48.9233],[2.1041,48.9074],[2.1003,48.8899],[2.0918,48.8859],[2.0751,48.8874]]]}},{"type":"Feature","properties":{"code":"78107","nom":"Bréval","app":15.39,"app_bas":13.1,"app_haut":18.08,"app_ech":"commune","app_obs":146,"mai":12.55,"mai_bas":9.96,"mai_haut":15.82,"mai_ech":"commune","mai_obs":105,"a12":16.71,"a3":12.83,"pxa":null,"pxm":1782,"napp":8,"nmai":60,"ra":null,"rm":7.17},"geometry":{"type":"Polygon","coordinates":[[[1.5659,48.9777],[1.5792,48.9757],[1.5616,48.9647],[1.5585,48.961],[1.5722,48.9531],[1.559,48.9428],[1.5406,48.9424],[1.5341,48.9374],[1.5225,48.9415],[1.5015,48.9411],[1.511,48.9536],[1.5216,48.9613],[1.5284,48.9699],[1.5435,48.9636],[1.5521,48.9646],[1.5551,48.9705],[1.5659,48.9777]]]}},{"type":"Feature","properties":{"code":"78245","nom":"Fontenay-Mauvoisin","app":14.59,"app_bas":12.53,"app_haut":16.98,"app_ech":"maille","app_obs":0,"mai":13.61,"mai_bas":10.52,"mai_haut":17.61,"mai_ech":"maille","mai_obs":7,"a12":18.67,"a3":12.76,"pxa":null,"pxm":null,"napp":0,"nmai":0,"ra":null,"rm":null},"geometry":{"type":"Polygon","coordinates":[[[1.631,48.9516],[1.6371,48.9563],[1.6327,48.961],[1.6371,48.9676],[1.6596,48.9681],[1.666,48.9703],[1.6608,48.96],[1.6485,48.951],[1.631,48.9516]]]}},{"type":"Feature","properties":{"code":"78484","nom":"Perdreauville","app":14.59,"app_bas":12.53,"app_haut":16.98,"app_ech":"maille","app_obs":3,"mai":12.38,"mai_bas":9.83,"mai_haut":15.6,"mai_ech":"maille","mai_obs":18,"a12":15.97,"a3":12.76,"pxa":null,"pxm":null,"napp":0,"nmai":0,"ra":null,"rm":null},"geometry":{"type":"Polygon","coordinates":[[[1.5659,48.9777],[1.5671,48.9834],[1.5855,48.9882],[1.5958,48.9841],[1.6079,48.9834],[1.6158,48.9865],[1.631,48.9879],[1.6447,48.9827],[1.6319,48.977],[1.6371,48.9676],[1.6327,48.961],[1.6371,48.9563],[1.6203,48.9436],[1.6054,48.9488],[1.6135,48.9552],[1.614,48.9608],[1.6022,48.9683],[1.6043,48.9757],[1.5952,48.9772],[1.5792,48.9757],[1.5659,48.9777]]]}},{"type":"Feature","properties":{"code":"78455","nom":"Noisy-le-Roi","app":22.16,"app_bas":18.09,"app_haut":27.14,"app_ech":"commune","app_obs":523,"mai":23.73,"mai_bas":17.29,"mai_haut":32.56,"mai_ech":"maille","mai_obs":59,"a12":22.85,"a3":19.4,"pxa":4957,"pxm":5067,"napp":59,"nmai":115,"ra":4.25,"rm":4.46},"geometry":{"type":"Polygon","coordinates":[[[2.0527,48.8307],[2.0529,48.8353],[2.0415,48.843],[2.0355,48.8455],[2.044,48.8638],[2.0614,48.8548],[2.0696,48.8546],[2.072,48.8375],[2.0594,48.8294],[2.0527,48.8307]]]}},{"type":"Feature","properties":{"code":"78650","nom":"Vésinet","app":23.87,"app_bas":19.38,"app_haut":29.41,"app_ech":"commune","app_obs":2551,"mai":28.37,"mai_bas":21.11,"mai_haut":38.13,"mai_ech":"commune","mai_obs":230,"a12":26.79,"a3":22.66,"pxa":5597,"pxm":6971,"napp":414,"nmai":250,"ra":4.06,"rm":3.87},"geometry":{"type":"Polygon","coordinates":[[[2.1449,48.8834],[2.1343,48.8842],[2.1297,48.8763],[2.1201,48.8849],[2.1182,48.8908],[2.1136,48.8991],[2.126,48.9077],[2.1338,48.9096],[2.1406,48.8997],[2.1449,48.8834]]]}},{"type":"Feature","properties":{"code":"78261","nom":"Gaillon-sur-Montcient","app":16.2,"app_bas":13.6,"app_haut":19.29,"app_ech":"maille","app_obs":51,"mai":15.31,"mai_bas":11.7,"mai_haut":20.04,"mai_ech":"maille","mai_obs":12,"a12":18.34,"a3":12.72,"pxa":null,"pxm":null,"napp":0,"nmai":0,"ra":null,"rm":null},"geometry":{"type":"Polygon","coordinates":[[[1.9141,49.0458],[1.9052,49.0261],[1.9071,49.0123],[1.8819,49.0195],[1.8832,49.0335],[1.8912,49.0393],[1.9085,49.048],[1.9141,49.0458]]]}},{"type":"Feature","properties":{"code":"78569","nom":"Sainte-Mesme","app":14.68,"app_bas":12.34,"app_haut":17.48,"app_ech":"maille","app_obs":25,"mai":10.59,"mai_bas":8.51,"mai_haut":13.19,"mai_ech":"maille","mai_obs":18,"a12":16.99,"a3":13.65,"pxa":null,"pxm":null,"napp":0,"nmai":0,"ra":null,"rm":null},"geometry":{"type":"Polygon","coordinates":[[[1.9529,48.5235],[1.9356,48.5257],[1.9181,48.533],[1.9173,48.5387],[1.9084,48.5493],[1.9277,48.5515],[1.9674,48.5331],[1.9785,48.5331],[1.9756,48.5257],[1.9677,48.5262],[1.9529,48.5235]]]}},{"type":"Feature","properties":{"code":"78146","nom":"Chatou","app":22.24,"app_bas":17.93,"app_haut":27.6,"app_ech":"commune","app_obs":4234,"mai":22.7,"mai_bas":17.27,"mai_haut":29.83,"mai_ech":"commune","mai_obs":341,"a12":25.17,"a3":21.24,"pxa":4735,"pxm":6923,"napp":769,"nmai":323,"ra":4.47,"rm":3.12},"geometry":{"type":"Polygon","coordinates":[[[2.1583,48.8806],[2.1449,48.8834],[2.1406,48.8997],[2.1338,48.9096],[2.126,48.9077],[2.136,48.9113],[2.1453,48.9038],[2.1614,48.908],[2.1743,48.8991],[2.1693,48.8958],[2.1583,48.8806]]]}},{"type":"Feature","properties":{"code":"78380","nom":"Maule","app":16.39,"app_bas":13.93,"app_haut":19.28,"app_ech":"commune","app_obs":672,"mai":15.3,"mai_bas":11.99,"mai_haut":19.52,"mai_ech":"commune","mai_obs":152,"a12":18.34,"a3":14.07,"pxa":3050,"pxm":2912,"napp":32,"nmai":147,"ra":5.35,"rm":5.29},"geometry":{"type":"Polygon","coordinates":[[[1.8539,48.9259],[1.8712,48.9237],[1.8782,48.919],[1.8747,48.9085],[1.8693,48.9039],[1.8629,48.903],[1.8581,48.8969],[1.8585,48.8909],[1.8355,48.8852],[1.8211,48.89],[1.8057,48.8988],[1.805,48.9125],[1.8081,48.9183],[1.829,48.9267],[1.841,48.9212],[1.8539,48.9259]]]}},{"type":"Feature","properties":{"code":"78423","nom":"Montigny-le-Bretonneux","app":19.68,"app_bas":16.78,"app_haut":23.07,"app_ech":"commune","app_obs":4488,"mai":17.88,"mai_bas":13.75,"mai_haut":23.25,"mai_ech":"commune","mai_obs":152,"a12":23.34,"a3":18.04,"pxa":3832,"pxm":4379,"napp":664,"nmai":234,"ra":4.99,"rm":4.02},"geometry":{"type":"Polygon","coordinates":[[[1.9944,48.7991],[2.0308,48.7967],[2.0501,48.7984],[2.0536,48.7946],[2.0449,48.7789],[2.0459,48.7737],[2.0537,48.7675],[2.043,48.7665],[2.0293,48.7608],[2.0255,48.7559],[2.0112,48.762],[2.0108,48.7756],[2.0238,48.7796],[2.019,48.7906],[2.0027,48.7942],[1.9944,48.7991]]]}}]}