{"type":"FeatureCollection","features":[{"type":"Feature","properties":{"code":"83108","nom":"Roquebrussanne","app":13.09,"app_bas":10.63,"app_haut":16.12,"app_ech":"commune","app_obs":290,"mai":11.95,"mai_bas":8.27,"mai_haut":17.26,"mai_ech":"maille","mai_obs":85,"a12":14.35,"a3":11.41,"pxa":null,"pxm":1950,"napp":17,"nmai":99,"ra":null,"rm":6.29},"geometry":{"type":"Polygon","coordinates":[[[5.9336,43.3075],[5.9263,43.3098],[5.9231,43.3158],[5.9369,43.3205],[5.9582,43.3373],[5.9547,43.3458],[5.9558,43.3565],[5.9623,43.3634],[5.9867,43.3629],[5.9984,43.37],[6.0194,43.3699],[6.0345,43.3653],[6.026,43.3576],[6.0172,43.3444],[6.0249,43.3169],[6.0097,43.3155],[5.9981,43.3171],[5.9857,43.3093],[5.974,43.3078],[5.9336,43.3075]]]}},{"type":"Feature","properties":{"code":"83053","nom":"Évenos","app":15.13,"app_bas":11.67,"app_haut":19.62,"app_ech":"commune","app_obs":144,"mai":16.39,"mai_bas":12.36,"mai_haut":21.73,"mai_ech":"maille","mai_obs":40,"a12":16.43,"a3":12.91,"pxa":null,"pxm":3709,"napp":13,"nmai":60,"ra":null,"rm":4.4},"geometry":{"type":"Polygon","coordinates":[[[5.8009,43.159],[5.8104,43.1705],[5.8275,43.1775],[5.8381,43.1836],[5.8467,43.1939],[5.8555,43.2001],[5.8489,43.2165],[5.8596,43.2216],[5.8658,43.2136],[5.8895,43.2126],[5.9151,43.2173],[5.9396,43.216],[5.9333,43.2026],[5.9246,43.1954],[5.9041,43.1838],[5.9022,43.1714],[5.8899,43.161],[5.8625,43.1584],[5.8558,43.1539],[5.8447,43.1537],[5.8161,43.1583],[5.8009,43.159]]]}},{"type":"Feature","properties":{"code":"83115","nom":"Sainte-Maxime","app":18.45,"app_bas":14.44,"app_haut":23.58,"app_ech":"commune","app_obs":2007,"mai":17.57,"mai_bas":10.9,"mai_haut":28.32,"mai_ech":"commune","mai_obs":170,"a12":21.55,"a3":16.55,"pxa":5602,"pxm":5866,"napp":1128,"nmai":476,"ra":3.23,"rm":2.96},"geometry":{"type":"Polygon","coordinates":[[[6.5863,43.4209],[6.5965,43.4143],[6.6138,43.4076],[6.625,43.4053],[6.6451,43.3854],[6.6588,43.3682],[6.6619,43.3581],[6.6603,43.3441],[6.6781,43.3437],[6.6822,43.341],[6.6719,43.3358],[6.6652,43.3244],[6.666,43.3182],[6.6504,43.3093],[6.6286,43.3045],[6.6207,43.2959],[6.6084,43.3008],[6.5995,43.3072],[6.5919,43.3094],[6.5768,43.3055],[6.5713,43.3022],[6.5675,43.3119],[6.5736,43.3242],[6.5894,43.3388],[6.592,43.3446],[6.5827,43.3587],[6.5494,43.3734],[6.542,43.3748],[6.5414,43.3921],[6.543,43.3972],[6.5574,43.3939],[6.5802,43.4002],[6.5733,43.4118],[6.5863,43.4209]]]}},{"type":"Feature","properties":{"code":"83005","nom":"Artignosc-sur-Verdon","app":11.77,"app_bas":9.05,"app_haut":15.29,"app_ech":"maille","app_obs":0,"mai":9.74,"mai_bas":6.84,"mai_haut":13.88,"mai_ech":"maille","mai_obs":11,"a12":13.15,"a3":10.94,"pxa":null,"pxm":null,"napp":0,"nmai":0,"ra":null,"rm":null},"geometry":{"type":"Polygon","coordinates":[[[6.0704,43.7049],[6.0773,43.7079],[6.0883,43.7185],[6.0903,43.729],[6.0953,43.7296],[6.1062,43.7139],[6.1243,43.6996],[6.1319,43.6909],[6.1462,43.6818],[6.145,43.673],[6.128,43.6696],[6.1133,43.6692],[6.094,43.6811],[6.0852,43.693],[6.0704,43.7049]]]}},{"type":"Feature","properties":{"code":"83099","nom":"Puget-sur-Argens","app":16.19,"app_bas":13.19,"app_haut":19.88,"app_ech":"commune","app_obs":1141,"mai":15.92,"mai_bas":10.9,"mai_haut":23.24,"mai_ech":"commune","mai_obs":140,"a12":17.91,"a3":14.46,"pxa":3408,"pxm":3586,"napp":226,"nmai":218,"ra":4.74,"rm":4.44},"geometry":{"type":"Polygon","coordinates":[[[6.6859,43.4289],[6.6766,43.4393],[6.6593,43.4449],[6.6604,43.4509],[6.6573,43.4662],[6.6639,43.4753],[6.6702,43.4925],[6.68,43.5136],[6.6913,43.5128],[6.7063,43.5083],[6.7065,43.491],[6.7051,43.4731],[6.7072,43.4605],[6.7155,43.4466],[6.7068,43.4419],[6.6937,43.4416],[6.6859,43.4289]]]}},{"type":"Feature","properties":{"code":"83046","nom":"Cotignac","app":11.08,"app_bas":8.79,"app_haut":13.97,"app_ech":"commune","app_obs":192,"mai":11.62,"mai_bas":7.99,"mai_haut":16.91,"mai_ech":"maille","mai_obs":42,"a12":14.21,"a3":10.79,"pxa":2096,"pxm":2066,"napp":54,"nmai":160,"ra":5.49,"rm":5.8},"geometry":{"type":"Polygon","coordinates":[[[6.1109,43.5064],[6.1041,43.5168],[6.1003,43.518],[6.0911,43.5322],[6.0918,43.5392],[6.1012,43.5418],[6.1097,43.5478],[6.1205,43.5592],[6.1355,43.5571],[6.1566,43.5508],[6.1872,43.5361],[6.1944,43.52],[6.1963,43.5052],[6.1615,43.4912],[6.1486,43.4903],[6.1334,43.4927],[6.1163,43.5008],[6.1109,43.5064]]]}},{"type":"Feature","properties":{"code":"83127","nom":"Signes","app":12.81,"app_bas":10.04,"app_haut":16.34,"app_ech":"commune","app_obs":424,"mai":12.81,"mai_bas":9.3,"mai_haut":17.65,"mai_ech":"commune","mai_obs":125,"a12":15.05,"a3":10.38,"pxa":null,"pxm":3067,"napp":23,"nmai":78,"ra":null,"rm":4.24},"geometry":{"type":"Polygon","coordinates":[[[5.779,43.3306],[5.8015,43.3379],[5.8176,43.3395],[5.8243,43.3246],[5.8311,43.3155],[5.844,43.3272],[5.8534,43.3303],[5.8744,43.3224],[5.8829,43.3208],[5.8909,43.3246],[5.9035,43.3153],[5.9231,43.3158],[5.9263,43.3098],[5.9336,43.3075],[5.9358,43.3043],[5.9308,43.2965],[5.9298,43.2894],[5.9353,43.2769],[5.9327,43.2629],[5.9293,43.2304],[5.9396,43.216],[5.9151,43.2173],[5.8895,43.2126],[5.8658,43.2136],[5.8596,43.2216],[5.8608,43.2258],[5.8488,43.2383],[5.8265,43.2463],[5.8066,43.2505],[5.7933,43.257],[5.7725,43.2647],[5.7609,43.2673],[5.7628,43.2824],[5.7718,43.2875],[5.7754,43.3051],[5.7781,43.3079],[5.779,43.3306]]]}},{"type":"Feature","properties":{"code":"83043","nom":"Collobrières","app":11.28,"app_bas":9.05,"app_haut":14.05,"app_ech":"commune","app_obs":166,"mai":13.46,"mai_bas":9.37,"mai_haut":19.34,"mai_ech":"maille","mai_obs":70,"a12":14.93,"a3":12.3,"pxa":1758,"pxm":2215,"napp":41,"nmai":76,"ra":6.65,"rm":6.16},"geometry":{"type":"Polygon","coordinates":[[[6.388,43.2903],[6.3869,43.2864],[6.3917,43.2698],[6.3987,43.2698],[6.4048,43.2665],[6.4143,43.2697],[6.4363,43.2712],[6.446,43.2699],[6.4459,43.2601],[6.4516,43.2484],[6.4489,43.2369],[6.443,43.2248],[6.444,43.2209],[6.4104,43.2231],[6.3971,43.2289],[6.3866,43.2187],[6.3679,43.2188],[6.3441,43.2036],[6.3245,43.1983],[6.3107,43.2042],[6.303,43.2039],[6.2857,43.1996],[6.26,43.2053],[6.2512,43.2029],[6.2408,43.2152],[6.2395,43.2309],[6.2427,43.2418],[6.2476,43.2458],[6.248,43.2556],[6.2472,43.2644],[6.2785,43.2632],[6.3041,43.2707],[6.3156,43.2728],[6.33,43.2832],[6.3399,43.2798],[6.3555,43.282],[6.3664,43.2777],[6.3741,43.2823],[6.3831,43.2912],[6.388,43.2903]]]}},{"type":"Feature","properties":{"code":"83154","nom":"Saint-Antonin-du-Var","app":11.93,"app_bas":9.17,"app_haut":15.51,"app_ech":"maille","app_obs":5,"mai":12.3,"mai_bas":9.21,"mai_haut":16.43,"mai_ech":"maille","mai_obs":18,"a12":15.09,"a3":9.87,"pxa":null,"pxm":2030,"napp":4,"nmai":38,"ra":null,"rm":6.19},"geometry":{"type":"Polygon","coordinates":[[[6.2689,43.479],[6.2755,43.4878],[6.2642,43.4936],[6.2638,43.504],[6.2732,43.5129],[6.2712,43.5264],[6.273,43.5329],[6.2817,43.5321],[6.2891,43.5375],[6.3057,43.5364],[6.3248,43.5204],[6.3262,43.5173],[6.3121,43.5142],[6.3064,43.5094],[6.3015,43.4978],[6.2944,43.4958],[6.2881,43.4881],[6.2906,43.4812],[6.2823,43.479],[6.2689,43.479]]]}},{"type":"Feature","properties":{"code":"83055","nom":"Fayence","app":15.53,"app_bas":12.49,"app_haut":19.31,"app_ech":"commune","app_obs":412,"mai":16.59,"mai_bas":12.02,"mai_haut":22.88,"mai_ech":"commune","mai_obs":185,"a12":19.73,"a3":11.89,"pxa":3069,"pxm":2462,"napp":110,"nmai":240,"ra":5.08,"rm":6.7},"geometry":{"type":"Polygon","coordinates":[[[6.678,43.656],[6.6954,43.6562],[6.7013,43.6515],[6.7007,43.6318],[6.6984,43.6223],[6.6972,43.6036],[6.6993,43.5965],[6.7107,43.5865],[6.715,43.5766],[6.6992,43.5777],[6.6905,43.5862],[6.6794,43.5915],[6.6694,43.5827],[6.6635,43.5703],[6.6452,43.5678],[6.6391,43.5694],[6.6373,43.5841],[6.6524,43.5854],[6.6646,43.6027],[6.6626,43.6123],[6.6645,43.6387],[6.6753,43.6476],[6.678,43.656]]]}},{"type":"Feature","properties":{"code":"83072","nom":"Lorgues","app":13.22,"app_bas":10.28,"app_haut":17,"app_ech":"commune","app_obs":1278,"mai":14.73,"mai_bas":10.73,"mai_haut":20.24,"mai_ech":"commune","mai_obs":285,"a12":15.05,"a3":11.78,"pxa":2205,"pxm":2061,"napp":190,"nmai":426,"ra":6.08,"rm":7.23},"geometry":{"type":"Polygon","coordinates":[[[6.3981,43.4601],[6.3934,43.4488],[6.3864,43.4384],[6.3744,43.4301],[6.3642,43.4332],[6.371,43.4382],[6.3542,43.4448],[6.3501,43.4483],[6.3319,43.4549],[6.3329,43.4615],[6.3272,43.4667],[6.3131,43.4599],[6.309,43.4671],[6.298,43.4777],[6.2906,43.4812],[6.2881,43.4881],[6.2944,43.4958],[6.3015,43.4978],[6.3064,43.5094],[6.3121,43.5142],[6.3262,43.5173],[6.3461,43.5164],[6.3621,43.5127],[6.3752,43.5161],[6.3914,43.5067],[6.4019,43.5034],[6.4073,43.5077],[6.4134,43.5071],[6.4305,43.4964],[6.423,43.485],[6.4072,43.4668],[6.3981,43.4601]]]}},{"type":"Feature","properties":{"code":"83107","nom":"Roquebrune-sur-Argens","app":15.47,"app_bas":11.88,"app_haut":20.15,"app_ech":"commune","app_obs":1792,"mai":16.71,"mai_bas":11.47,"mai_haut":24.34,"mai_ech":"commune","mai_obs":530,"a12":19.58,"a3":14.35,"pxa":4618,"pxm":4135,"napp":567,"nmai":743,"ra":3.37,"rm":4.02},"geometry":{"type":"Polygon","coordinates":[[[6.6859,43.4289],[6.6949,43.4209],[6.7068,43.4134],[6.7053,43.4012],[6.7058,43.3835],[6.7145,43.3681],[6.7174,43.3559],[6.7165,43.3475],[6.71,43.3446],[6.6822,43.341],[6.6781,43.3437],[6.6603,43.3441],[6.6619,43.3581],[6.6588,43.3682],[6.6451,43.3854],[6.625,43.4053],[6.6138,43.4076],[6.5965,43.4143],[6.5863,43.4209],[6.5873,43.4284],[6.5859,43.4433],[6.5965,43.4614],[6.6097,43.4658],[6.6135,43.4821],[6.6061,43.4987],[6.6109,43.5049],[6.627,43.5134],[6.639,43.5165],[6.6669,43.5157],[6.68,43.5136],[6.6702,43.4925],[6.6639,43.4753],[6.6573,43.4662],[6.6604,43.4509],[6.6593,43.4449],[6.6766,43.4393],[6.6859,43.4289]]]}},{"type":"Feature","properties":{"code":"83119","nom":"Saint-Tropez","app":26.45,"app_bas":18.09,"app_haut":38.68,"app_ech":"commune","app_obs":192,"mai":17.75,"mai_bas":11.01,"mai_haut":28.61,"mai_ech":"maille","mai_obs":21,"a12":29.68,"a3":20.92,"pxa":11072,"pxm":15386,"napp":430,"nmai":181,"ra":2.27,"rm":1.14},"geometry":{"type":"Polygon","coordinates":[[[6.6364,43.2549],[6.6236,43.2653],[6.6458,43.2738],[6.6621,43.2649],[6.6695,43.2685],[6.6704,43.2764],[6.6773,43.2788],[6.6973,43.2655],[6.6904,43.2538],[6.6766,43.2448],[6.6706,43.2506],[6.6527,43.2529],[6.6382,43.2525],[6.6364,43.2549]]]}},{"type":"Feature","properties":{"code":"83149","nom":"Villecroze","app":11.95,"app_bas":9.22,"app_haut":15.49,"app_ech":"maille","app_obs":96,"mai":12.07,"mai_bas":9.01,"mai_haut":16.15,"mai_ech":"maille","mai_obs":26,"a12":15.09,"a3":10.69,"pxa":null,"pxm":1912,"napp":17,"nmai":75,"ra":null,"rm":6.47},"geometry":{"type":"Polygon","coordinates":[[[6.2891,43.5375],[6.2778,43.549],[6.265,43.5595],[6.2479,43.5805],[6.2453,43.587],[6.2556,43.5922],[6.2671,43.5944],[6.2728,43.5924],[6.2847,43.5832],[6.3128,43.564],[6.3259,43.5621],[6.3203,43.5472],[6.3113,43.5448],[6.3057,43.5364],[6.2891,43.5375]]]}},{"type":"Feature","properties":{"code":"83003","nom":"Ampus","app":10.61,"app_bas":8.61,"app_haut":13.06,"app_ech":"maille","app_obs":52,"mai":9.74,"mai_bas":6.84,"mai_haut":13.88,"mai_ech":"maille","mai_obs":52,"a12":13.15,"a3":8.44,"pxa":null,"pxm":1472,"napp":7,"nmai":48,"ra":null,"rm":6.93},"geometry":{"type":"Polygon","coordinates":[[[6.3132,43.6711],[6.3415,43.6759],[6.3544,43.6823],[6.3782,43.6845],[6.4182,43.6839],[6.4131,43.6705],[6.401,43.6629],[6.4057,43.6528],[6.4082,43.6381],[6.4134,43.6196],[6.4157,43.5899],[6.424,43.5841],[6.4216,43.57],[6.4229,43.566],[6.4216,43.5628],[6.4004,43.5586],[6.3916,43.5706],[6.3636,43.5817],[6.3525,43.584],[6.3315,43.6082],[6.3184,43.6193],[6.3144,43.626],[6.3117,43.6373],[6.3271,43.6516],[6.3251,43.6605],[6.3166,43.661],[6.3132,43.6711]]]}},{"type":"Feature","properties":{"code":"83007","nom":"Aups","app":10.45,"app_bas":8.37,"app_haut":13.05,"app_ech":"commune","app_obs":230,"mai":12.3,"mai_bas":9.21,"mai_haut":16.43,"mai_ech":"maille","mai_obs":43,"a12":11.28,"a3":8.44,"pxa":1670,"pxm":1900,"napp":52,"nmai":112,"ra":6.56,"rm":6.61},"geometry":{"type":"Polygon","coordinates":[[[6.138,43.613],[6.1521,43.617],[6.1688,43.6195],[6.1758,43.6328],[6.174,43.639],[6.1847,43.6509],[6.2084,43.6695],[6.2158,43.6692],[6.2454,43.6556],[6.271,43.6469],[6.2859,43.6341],[6.29,43.6255],[6.2837,43.6139],[6.2679,43.5972],[6.2671,43.5944],[6.2556,43.5922],[6.2453,43.587],[6.2438,43.5909],[6.2308,43.5961],[6.2229,43.5972],[6.1954,43.5963],[6.189,43.5927],[6.1757,43.5915],[6.1672,43.593],[6.1443,43.6077],[6.138,43.613]]]}},{"type":"Feature","properties":{"code":"83029","nom":"Callian","app":12.94,"app_bas":10.16,"app_haut":16.48,"app_ech":"commune","app_obs":207,"mai":11,"mai_bas":8,"mai_haut":15.12,"mai_ech":"maille","mai_obs":94,"a12":15.66,"a3":11.54,"pxa":3169,"pxm":2790,"napp":60,"nmai":146,"ra":4.14,"rm":4.1},"geometry":{"type":"Polygon","coordinates":[[[6.7611,43.6659],[6.7774,43.6583],[6.7897,43.6434],[6.7871,43.6398],[6.7747,43.6379],[6.768,43.6345],[6.7596,43.6231],[6.7585,43.6133],[6.7633,43.598],[6.7707,43.5873],[6.7717,43.58],[6.7618,43.5764],[6.7601,43.5704],[6.7723,43.5487],[6.7583,43.5511],[6.7517,43.5563],[6.7437,43.5579],[6.7424,43.5795],[6.7408,43.5842],[6.7426,43.608],[6.7376,43.6258],[6.7433,43.6456],[6.7526,43.6633],[6.7611,43.6659]]]}},{"type":"Feature","properties":{"code":"83042","nom":"Cogolin","app":17.18,"app_bas":13.89,"app_haut":21.23,"app_ech":"commune","app_obs":1478,"mai":15.71,"mai_bas":9.75,"mai_haut":25.3,"mai_ech":"commune","mai_obs":151,"a12":20.73,"a3":16.42,"pxa":4333,"pxm":4852,"napp":548,"nmai":210,"ra":3.93,"rm":3.25},"geometry":{"type":"Polygon","coordinates":[[[6.5304,43.208],[6.5244,43.2079],[6.5209,43.216],[6.5129,43.2261],[6.4922,43.2442],[6.4795,43.2525],[6.4711,43.2633],[6.4706,43.2673],[6.4767,43.2708],[6.4895,43.2731],[6.5024,43.2719],[6.5191,43.2648],[6.5385,43.2541],[6.5552,43.2546],[6.562,43.2585],[6.5727,43.2689],[6.5867,43.2692],[6.586,43.2645],[6.5935,43.2623],[6.5784,43.2637],[6.5713,43.261],[6.5654,43.2545],[6.5546,43.231],[6.5388,43.2238],[6.5304,43.208]]]}},{"type":"Feature","properties":{"code":"83083","nom":"Montfort-sur-Argens","app":11.74,"app_bas":9.01,"app_haut":15.29,"app_ech":"commune","app_obs":122,"mai":11.62,"mai_bas":7.99,"mai_haut":16.91,"mai_ech":"maille","mai_obs":49,"a12":14.21,"a3":9.87,"pxa":null,"pxm":2080,"napp":16,"nmai":58,"ra":null,"rm":5.76},"geometry":{"type":"Polygon","coordinates":[[[6.1109,43.5064],[6.1163,43.5008],[6.1334,43.4927],[6.1486,43.4903],[6.1534,43.484],[6.1491,43.4698],[6.1406,43.4672],[6.1159,43.4659],[6.1079,43.4702],[6.1015,43.4687],[6.0967,43.474],[6.1119,43.4936],[6.1085,43.5007],[6.1109,43.5064]]]}},{"type":"Feature","properties":{"code":"83123","nom":"Sanary-sur-Mer","app":17.78,"app_bas":14,"app_haut":22.6,"app_ech":"commune","app_obs":2116,"mai":17.11,"mai_bas":12.15,"mai_haut":24.1,"mai_ech":"commune","mai_obs":309,"a12":19.82,"a3":16.65,"pxa":6152,"pxm":5925,"napp":1029,"nmai":406,"ra":2.85,"rm":2.86},"geometry":{"type":"Polygon","coordinates":[[[5.7667,43.1587],[5.787,43.1625],[5.8009,43.159],[5.8161,43.1583],[5.8173,43.1489],[5.826,43.1414],[5.823,43.1204],[5.8156,43.1205],[5.8073,43.1157],[5.791,43.1124],[5.7887,43.1164],[5.7745,43.1169],[5.7737,43.1244],[5.7807,43.1296],[5.7791,43.1348],[5.7703,43.139],[5.7649,43.149],[5.7667,43.1587]]]}},{"type":"Feature","properties":{"code":"83151","nom":"Vins-sur-Caramy","app":11.97,"app_bas":9.66,"app_haut":14.84,"app_ech":"maille","app_obs":70,"mai":11.14,"mai_bas":8.12,"mai_haut":15.29,"mai_ech":"maille","mai_obs":46,"a12":13.55,"a3":9.87,"pxa":null,"pxm":2247,"napp":6,"nmai":35,"ra":null,"rm":5.14},"geometry":{"type":"Polygon","coordinates":[[[6.1913,43.4425],[6.1823,43.4352],[6.1752,43.4179],[6.1414,43.416],[6.1269,43.4216],[6.1079,43.4329],[6.1084,43.4379],[6.1262,43.4461],[6.1378,43.4446],[6.1573,43.4457],[6.1721,43.4448],[6.1872,43.4471],[6.1913,43.4425]]]}},{"type":"Feature","properties":{"code":"83087","nom":"Nans-les-Pins","app":14.17,"app_bas":11.18,"app_haut":17.97,"app_ech":"commune","app_obs":368,"mai":13.98,"mai_bas":10.29,"mai_haut":19.01,"mai_ech":"commune","mai_obs":117,"a12":16.01,"a3":11.74,"pxa":2752,"pxm":2535,"napp":40,"nmai":142,"ra":5.22,"rm":5.59},"geometry":{"type":"Polygon","coordinates":[[[5.8373,43.4004],[5.8217,43.3923],[5.8282,43.3846],[5.8268,43.3718],[5.821,43.3666],[5.8244,43.3542],[5.798,43.3458],[5.7605,43.3419],[5.7499,43.3432],[5.7427,43.3572],[5.7425,43.3651],[5.7386,43.3825],[5.7394,43.3922],[5.7433,43.3993],[5.7764,43.409],[5.7865,43.4145],[5.7883,43.4203],[5.8133,43.4148],[5.8283,43.4032],[5.8373,43.4004]]]}},{"type":"Feature","properties":{"code":"83089","nom":"Ollières","app":11.56,"app_bas":9.08,"app_haut":14.73,"app_ech":"maille","app_obs":38,"mai":14.03,"mai_bas":10.48,"mai_haut":18.8,"mai_ech":"maille","mai_obs":33,"a12":17.76,"a3":11.18,"pxa":null,"pxm":null,"napp":0,"nmai":0,"ra":null,"rm":null},"geometry":{"type":"Polygon","coordinates":[[[5.7835,43.5381],[5.7898,43.5381],[5.8277,43.5482],[5.8404,43.5429],[5.8472,43.533],[5.8534,43.5161],[5.8521,43.4971],[5.8389,43.4774],[5.8277,43.4709],[5.8148,43.4666],[5.8026,43.4809],[5.7885,43.4916],[5.7859,43.498],[5.7783,43.5065],[5.7759,43.5143],[5.7793,43.5178],[5.7778,43.528],[5.7835,43.5381]]]}},{"type":"Feature","properties":{"code":"83080","nom":"Mons","app":15.05,"app_bas":12.08,"app_haut":18.74,"app_ech":"maille","app_obs":2,"mai":11,"mai_bas":8,"mai_haut":15.12,"mai_ech":"maille","mai_obs":2,"a12":17.14,"a3":11.54,"pxa":null,"pxm":1645,"napp":10,"nmai":66,"ra":null,"rm":6.95},"geometry":{"type":"Polygon","coordinates":[[[6.7125,43.7404],[6.7194,43.7381],[6.7535,43.7382],[6.7565,43.7296],[6.7666,43.7202],[6.7676,43.7118],[6.7742,43.7036],[6.7747,43.6938],[6.7646,43.6874],[6.762,43.679],[6.7611,43.6659],[6.7526,43.6633],[6.7337,43.662],[6.7087,43.6564],[6.7013,43.6515],[6.6954,43.6562],[6.678,43.656],[6.6684,43.6643],[6.6442,43.6756],[6.6359,43.684],[6.6379,43.6939],[6.6436,43.6964],[6.663,43.7177],[6.6679,43.7203],[6.677,43.7123],[6.6991,43.7094],[6.6991,43.7152],[6.6871,43.7254],[6.6862,43.7315],[6.6914,43.7369],[6.691,43.7458],[6.6862,43.7484],[6.6703,43.7456],[6.6541,43.7475],[6.6707,43.7515],[6.6827,43.7579],[6.7008,43.7543],[6.7111,43.7471],[6.7125,43.7404]]]}},{"type":"Feature","properties":{"code":"83047","nom":"Crau","app":15.88,"app_bas":12.57,"app_haut":20.05,"app_ech":"commune","app_obs":1289,"mai":16.61,"mai_bas":12.43,"mai_haut":22.19,"mai_ech":"commune","mai_obs":316,"a12":17.87,"a3":13.9,"pxa":3447,"pxm":4190,"napp":188,"nmai":361,"ra":4.61,"rm":3.94},"geometry":{"type":"Polygon","coordinates":[[[6.0799,43.1145],[6.054,43.1159],[6.0451,43.1205],[6.0433,43.1493],[6.0641,43.1522],[6.0838,43.1653],[6.097,43.1881],[6.0936,43.1984],[6.1053,43.2084],[6.1049,43.2153],[6.1139,43.2275],[6.1325,43.2224],[6.1401,43.2157],[6.141,43.2113],[6.1347,43.2069],[6.1268,43.194],[6.1147,43.1888],[6.1104,43.1842],[6.1089,43.1704],[6.111,43.1661],[6.1235,43.16],[6.1279,43.1544],[6.1172,43.1481],[6.1198,43.1432],[6.113,43.1359],[6.0997,43.1377],[6.0869,43.1362],[6.0812,43.1299],[6.0836,43.1222],[6.0799,43.1145]]]}},{"type":"Feature","properties":{"code":"83032","nom":"Carcès","app":12.18,"app_bas":9.39,"app_haut":15.8,"app_ech":"commune","app_obs":403,"mai":12.27,"mai_bas":8.45,"mai_haut":17.83,"mai_ech":"commune","mai_obs":113,"a12":14.19,"a3":10.18,"pxa":1876,"pxm":2203,"napp":44,"nmai":156,"ra":6.64,"rm":5.69},"geometry":{"type":"Polygon","coordinates":[[[6.1913,43.4425],[6.1872,43.4471],[6.1721,43.4448],[6.1573,43.4457],[6.1378,43.4446],[6.1262,43.4461],[6.1222,43.4557],[6.1155,43.4641],[6.1159,43.4659],[6.1406,43.4672],[6.1491,43.4698],[6.1534,43.484],[6.1486,43.4903],[6.1615,43.4912],[6.1963,43.5052],[6.211,43.4978],[6.2138,43.4946],[6.2094,43.4873],[6.2132,43.476],[6.2103,43.4732],[6.2275,43.4651],[6.235,43.4597],[6.2316,43.4569],[6.2096,43.4532],[6.1913,43.4425]]]}},{"type":"Feature","properties":{"code":"83090","nom":"Ollioules","app":14.65,"app_bas":11.74,"app_haut":18.28,"app_ech":"commune","app_obs":1415,"mai":16.47,"mai_bas":12.39,"mai_haut":21.9,"mai_ech":"commune","mai_obs":205,"a12":16.19,"a3":13.22,"pxa":3095,"pxm":4151,"napp":229,"nmai":240,"ra":4.79,"rm":3.95},"geometry":{"type":"Polygon","coordinates":[[[5.8492,43.1215],[5.8274,43.1217],[5.823,43.1204],[5.826,43.1414],[5.8173,43.1489],[5.8161,43.1583],[5.8447,43.1537],[5.8558,43.1539],[5.8625,43.1584],[5.8822,43.1604],[5.8873,43.1161],[5.8856,43.1171],[5.8597,43.1214],[5.8492,43.1215]]]}},{"type":"Feature","properties":{"code":"83093","nom":"Plan-d'Aups-Sainte-Baume","app":14.13,"app_bas":11.37,"app_haut":17.56,"app_ech":"maille","app_obs":79,"mai":13.23,"mai_bas":9.61,"mai_haut":18.21,"mai_ech":"maille","mai_obs":66,"a12":16.6,"a3":13.21,"pxa":3000,"pxm":2062,"napp":33,"nmai":59,"ra":4.78,"rm":6.51},"geometry":{"type":"Polygon","coordinates":[[[5.779,43.3306],[5.7266,43.3174],[5.691,43.313],[5.6839,43.3181],[5.6692,43.3194],[5.6806,43.3206],[5.6898,43.3275],[5.6891,43.3352],[5.6946,43.3452],[5.7036,43.354],[5.7082,43.3495],[5.7377,43.3409],[5.7499,43.3432],[5.7605,43.3419],[5.798,43.3458],[5.8244,43.3542],[5.8251,43.3447],[5.8176,43.3395],[5.8015,43.3379],[5.779,43.3306]]]}},{"type":"Feature","properties":{"code":"83106","nom":"Rocbaron","app":13.92,"app_bas":10.71,"app_haut":18.08,"app_ech":"maille","app_obs":99,"mai":14.87,"mai_bas":11.09,"mai_haut":19.93,"mai_ech":"commune","mai_obs":149,"a12":15.19,"a3":12.04,"pxa":null,"pxm":2813,"napp":26,"nmai":199,"ra":null,"rm":5.34},"geometry":{"type":"Polygon","coordinates":[[[6.0677,43.287],[6.0642,43.2935],[6.0513,43.3095],[6.0506,43.3193],[6.0565,43.3281],[6.0705,43.3335],[6.075,43.3263],[6.082,43.3231],[6.1144,43.3175],[6.1231,43.308],[6.1167,43.2959],[6.1004,43.2901],[6.0836,43.2789],[6.0768,43.2848],[6.0677,43.287]]]}},{"type":"Feature","properties":{"code":"83129","nom":"Six-Fours-les-Plages","app":16.58,"app_bas":13.29,"app_haut":20.69,"app_ech":"commune","app_obs":3751,"mai":17.14,"mai_bas":12.94,"mai_haut":22.7,"mai_ech":"commune","mai_obs":623,"a12":18.96,"a3":15.01,"pxa":5094,"pxm":5018,"napp":1643,"nmai":802,"ra":3.24,"rm":3.38},"geometry":{"type":"Polygon","coordinates":[[[5.8492,43.1215],[5.85,43.1072],[5.8544,43.0911],[5.847,43.0747],[5.8476,43.0497],[5.8449,43.0477],[5.8276,43.0503],[5.8167,43.0623],[5.8076,43.0666],[5.7941,43.0688],[5.7958,43.0744],[5.8046,43.0783],[5.8105,43.0923],[5.8098,43.1009],[5.8127,43.1094],[5.8073,43.1157],[5.8156,43.1205],[5.823,43.1204],[5.8274,43.1217],[5.8492,43.1215]]]}},{"type":"Feature","properties":{"code":"83013","nom":"Bastide","app":15.05,"app_bas":12.08,"app_haut":18.74,"app_ech":"maille","app_obs":1,"mai":11.41,"mai_bas":7.98,"mai_haut":16.31,"mai_ech":"maille","mai_obs":1,"a12":13.35,"a3":9.85,"pxa":null,"pxm":null,"napp":0,"nmai":0,"ra":null,"rm":null},"geometry":{"type":"Polygon","coordinates":[[[6.6114,43.7486],[6.6274,43.767],[6.6419,43.7682],[6.6515,43.7659],[6.6574,43.7487],[6.6541,43.7475],[6.6442,43.7355],[6.6354,43.731],[6.6165,43.725],[6.6116,43.7251],[6.6078,43.7324],[6.6155,43.7352],[6.6114,43.7486]]]}},{"type":"Feature","properties":{"code":"83025","nom":"Brue-Auriac","app":12.76,"app_bas":10,"app_haut":16.3,"app_ech":"commune","app_obs":195,"mai":14.03,"mai_bas":10.48,"mai_haut":18.8,"mai_ech":"maille","mai_obs":30,"a12":15.2,"a3":11.89,"pxa":null,"pxm":2145,"napp":19,"nmai":33,"ra":null,"rm":6.63},"geometry":{"type":"Polygon","coordinates":[[[5.9636,43.513],[5.9536,43.5064],[5.9499,43.4988],[5.9421,43.4947],[5.9254,43.4905],[5.9141,43.494],[5.8999,43.5236],[5.897,43.539],[5.9083,43.5488],[5.9157,43.5605],[5.937,43.5597],[5.9524,43.5545],[5.9691,43.5471],[5.981,43.5371],[5.9831,43.527],[5.9829,43.5188],[5.9636,43.513]]]}},{"type":"Feature","properties":{"code":"83059","nom":"Forcalqueiret","app":13.21,"app_bas":10.62,"app_haut":16.43,"app_ech":"commune","app_obs":171,"mai":13.38,"mai_bas":9.26,"mai_haut":19.34,"mai_ech":"commune","mai_obs":107,"a12":14.73,"a3":11.04,"pxa":3765,"pxm":2391,"napp":41,"nmai":125,"ra":3.56,"rm":5.67},"geometry":{"type":"Polygon","coordinates":[[[6.1103,43.3528],[6.112,43.3372],[6.1077,43.319],[6.082,43.3231],[6.075,43.3263],[6.0705,43.3335],[6.0616,43.3429],[6.0694,43.3471],[6.0831,43.3482],[6.1014,43.3521],[6.1103,43.3528]]]}},{"type":"Feature","properties":{"code":"83135","nom":"Tavernes","app":10.95,"app_bas":8.79,"app_haut":13.65,"app_ech":"commune","app_obs":124,"mai":9.38,"mai_bas":6.1,"mai_haut":14.42,"mai_ech":"commune","mai_obs":132,"a12":11.47,"a3":8.51,"pxa":null,"pxm":1516,"napp":9,"nmai":82,"ra":null,"rm":6.48},"geometry":{"type":"Polygon","coordinates":[[[5.9924,43.6234],[6.0133,43.6289],[6.0268,43.6259],[6.0571,43.6169],[6.0644,43.6014],[6.0656,43.5868],[6.0434,43.5835],[6.0355,43.5777],[6.0228,43.573],[6.0075,43.5757],[5.9882,43.5759],[5.9806,43.6001],[5.991,43.6158],[5.9924,43.6234]]]}},{"type":"Feature","properties":{"code":"83104","nom":"Rians","app":11.6,"app_bas":9.28,"app_haut":14.49,"app_ech":"commune","app_obs":489,"mai":9.11,"mai_bas":6.52,"mai_haut":12.72,"mai_ech":"commune","mai_obs":142,"a12":13.55,"a3":10.79,"pxa":1792,"pxm":1793,"napp":40,"nmai":157,"ra":6.67,"rm":5.32},"geometry":{"type":"Polygon","coordinates":[[[5.7725,43.5442],[5.7409,43.5505],[5.7251,43.5513],[5.7067,43.5562],[5.6958,43.5621],[5.6693,43.5646],[5.656,43.574],[5.656,43.5774],[5.6916,43.5844],[5.6829,43.6012],[5.6821,43.6137],[5.6964,43.6341],[5.7002,43.6417],[5.7097,43.6409],[5.719,43.6498],[5.7232,43.6496],[5.7448,43.6568],[5.7686,43.6603],[5.7992,43.6599],[5.8069,43.6486],[5.8065,43.6335],[5.8121,43.6231],[5.8066,43.6164],[5.7855,43.5997],[5.7817,43.5933],[5.769,43.5633],[5.7725,43.5442]]]}},{"type":"Feature","properties":{"code":"83130","nom":"Solliès-Pont","app":13.81,"app_bas":10.97,"app_haut":17.4,"app_ech":"commune","app_obs":1353,"mai":14.7,"mai_bas":10.67,"mai_haut":20.26,"mai_ech":"commune","mai_obs":206,"a12":15.76,"a3":12.8,"pxa":2833,"pxm":3735,"napp":173,"nmai":257,"ra":4.94,"rm":3.98},"geometry":{"type":"Polygon","coordinates":[[[6.0353,43.2203],[6.0435,43.217],[6.0572,43.216],[6.0573,43.2084],[6.0645,43.2015],[6.0936,43.1984],[6.097,43.1881],[6.0838,43.1653],[6.0738,43.159],[6.0733,43.169],[6.0678,43.1738],[6.055,43.1762],[6.0395,43.1858],[6.0285,43.1984],[6.0373,43.2049],[6.0353,43.2203]]]}},{"type":"Feature","properties":{"code":"83020","nom":"Bourguet","app":11.75,"app_bas":9.25,"app_haut":14.91,"app_ech":"maille","app_obs":0,"mai":9.74,"mai_bas":6.84,"mai_haut":13.88,"mai_ech":"maille","mai_obs":0,"a12":14.73,"a3":11.81,"pxa":null,"pxm":null,"napp":0,"nmai":0,"ra":null,"rm":null},"geometry":{"type":"Polygon","coordinates":[[[6.4926,43.7516],[6.4799,43.7608],[6.473,43.7719],[6.4603,43.7868],[6.4568,43.7931],[6.4693,43.7987],[6.4821,43.7911],[6.4869,43.7917],[6.5094,43.8007],[6.5174,43.8068],[6.5248,43.8064],[6.5414,43.7929],[6.5457,43.7822],[6.5415,43.7757],[6.5193,43.767],[6.5139,43.7562],[6.5071,43.751],[6.4926,43.7516]]]}},{"type":"Feature","properties":{"code":"83145","nom":"Varages","app":10.38,"app_bas":8.16,"app_haut":13.21,"app_ech":"commune","app_obs":139,"mai":10.13,"mai_bas":6.6,"mai_haut":15.57,"mai_ech":"maille","mai_obs":59,"a12":11.47,"a3":8.51,"pxa":null,"pxm":1517,"napp":26,"nmai":74,"ra":null,"rm":7},"geometry":{"type":"Polygon","coordinates":[[[5.9924,43.6234],[5.991,43.6158],[5.9806,43.6001],[5.9882,43.5759],[5.9783,43.5706],[5.9381,43.5783],[5.9366,43.5722],[5.9276,43.5638],[5.9157,43.5605],[5.9094,43.5633],[5.9128,43.5956],[5.9116,43.6019],[5.895,43.6103],[5.8988,43.618],[5.9035,43.6195],[5.9316,43.6213],[5.9635,43.6171],[5.9803,43.6227],[5.9924,43.6234]]]}},{"type":"Feature","properties":{"code":"83006","nom":"Artigues","app":11.6,"app_bas":9.28,"app_haut":14.49,"app_ech":"maille","app_obs":0,"mai":10.09,"mai_bas":7.21,"mai_haut":14.11,"mai_ech":"maille","mai_obs":6,"a12":14.63,"a3":11.18,"pxa":null,"pxm":null,"napp":0,"nmai":0,"ra":null,"rm":null},"geometry":{"type":"Polygon","coordinates":[[[5.7725,43.5442],[5.769,43.5633],[5.7817,43.5933],[5.7855,43.5997],[5.8066,43.6164],[5.8121,43.6231],[5.8301,43.6178],[5.8301,43.5894],[5.8262,43.5822],[5.8252,43.5721],[5.8277,43.5482],[5.7898,43.5381],[5.7835,43.5381],[5.7725,43.5442]]]}},{"type":"Feature","properties":{"code":"83095","nom":"Pontevès","app":10.72,"app_bas":8.51,"app_haut":13.51,"app_ech":"maille","app_obs":12,"mai":11.62,"mai_bas":7.99,"mai_haut":16.91,"mai_ech":"maille","mai_obs":39,"a12":13.18,"a3":10.69,"pxa":null,"pxm":1610,"napp":0,"nmai":43,"ra":null,"rm":7.44},"geometry":{"type":"Polygon","coordinates":[[[6.0546,43.5152],[6.047,43.5211],[6.0303,43.525],[6.0263,43.5349],[6.0264,43.5452],[6.0203,43.558],[6.017,43.5734],[6.0228,43.573],[6.0355,43.5777],[6.0434,43.5835],[6.0656,43.5868],[6.0829,43.5716],[6.095,43.5645],[6.1066,43.5626],[6.1172,43.5636],[6.1205,43.5592],[6.1097,43.5478],[6.1012,43.5418],[6.0918,43.5392],[6.0911,43.5322],[6.1003,43.518],[6.0876,43.5208],[6.0546,43.5152]]]}},{"type":"Feature","properties":{"code":"83128","nom":"Sillans-la-Cascade","app":10.72,"app_bas":8.51,"app_haut":13.51,"app_ech":"maille","app_obs":19,"mai":11.62,"mai_bas":7.99,"mai_haut":16.91,"mai_ech":"maille","mai_obs":20,"a12":13.55,"a3":10.69,"pxa":null,"pxm":1659,"napp":8,"nmai":42,"ra":null,"rm":7.22},"geometry":{"type":"Polygon","coordinates":[[[6.1757,43.5915],[6.189,43.5927],[6.1912,43.555],[6.1872,43.5361],[6.1566,43.5508],[6.1355,43.5571],[6.1205,43.5592],[6.1172,43.5636],[6.1396,43.5767],[6.1577,43.5792],[6.1757,43.5915]]]}},{"type":"Feature","properties":{"code":"83073","nom":"Luc","app":12.93,"app_bas":10.44,"app_haut":16,"app_ech":"commune","app_obs":2119,"mai":12.97,"mai_bas":9.73,"mai_haut":17.28,"mai_ech":"commune","mai_obs":455,"a12":15.06,"a3":11.61,"pxa":2340,"pxm":2394,"napp":239,"nmai":300,"ra":5.6,"rm":5.49},"geometry":{"type":"Polygon","coordinates":[[[6.2561,43.395],[6.2723,43.4058],[6.2801,43.4148],[6.2795,43.429],[6.288,43.429],[6.2953,43.4345],[6.2969,43.425],[6.3034,43.4246],[6.321,43.4101],[6.3284,43.3861],[6.3334,43.3788],[6.3462,43.3694],[6.3661,43.3467],[6.3424,43.3368],[6.3232,43.3503],[6.2948,43.3506],[6.2757,43.3573],[6.2682,43.3715],[6.2646,43.3917],[6.2561,43.395]]]}},{"type":"Feature","properties":{"code":"83004","nom":"Arcs","app":14.07,"app_bas":11.52,"app_haut":17.17,"app_ech":"commune","app_obs":1142,"mai":15.07,"mai_bas":10.95,"mai_haut":20.75,"mai_ech":"commune","mai_obs":209,"a12":15.87,"a3":12.24,"pxa":2726,"pxm":2868,"napp":176,"nmai":205,"ra":5.23,"rm":5.3},"geometry":{"type":"Polygon","coordinates":[[[6.5214,43.4796],[6.5297,43.4648],[6.5287,43.4556],[6.5384,43.4442],[6.5355,43.4263],[6.5371,43.4046],[6.5098,43.4118],[6.4937,43.4106],[6.4598,43.4238],[6.4408,43.4342],[6.4579,43.4428],[6.4555,43.4552],[6.441,43.4771],[6.4339,43.4969],[6.4507,43.5019],[6.4497,43.4953],[6.4573,43.4916],[6.4767,43.4869],[6.5068,43.4828],[6.5214,43.4796]]]}},{"type":"Feature","properties":{"code":"83015","nom":"Bauduen","app":11.95,"app_bas":9.22,"app_haut":15.49,"app_ech":"maille","app_obs":4,"mai":9.74,"mai_bas":6.84,"mai_haut":13.88,"mai_ech":"maille","mai_obs":4,"a12":13.45,"a3":8.44,"pxa":null,"pxm":null,"napp":0,"nmai":0,"ra":null,"rm":null},"geometry":{"type":"Polygon","coordinates":[[[6.2028,43.675],[6.1935,43.6843],[6.1748,43.6974],[6.166,43.7061],[6.1542,43.7124],[6.1503,43.7281],[6.1434,43.7314],[6.1406,43.7376],[6.1543,43.7436],[6.1733,43.7548],[6.1842,43.7656],[6.1884,43.7571],[6.2032,43.7493],[6.2144,43.7376],[6.2207,43.7339],[6.2279,43.7316],[6.2438,43.7307],[6.2457,43.711],[6.2575,43.7069],[6.2654,43.7],[6.2697,43.6912],[6.2637,43.6888],[6.2028,43.675]]]}},{"type":"Feature","properties":{"code":"83150","nom":"Vinon-sur-Verdon","app":12.35,"app_bas":9.51,"app_haut":16.04,"app_ech":"commune","app_obs":401,"mai":12.27,"mai_bas":8.59,"mai_haut":17.53,"mai_ech":"commune","mai_obs":241,"a12":14.79,"a3":11.09,"pxa":2131,"pxm":2410,"napp":33,"nmai":115,"ra":5.91,"rm":5.2},"geometry":{"type":"Polygon","coordinates":[[[5.8133,43.6891],[5.7928,43.6926],[5.7822,43.7069],[5.7854,43.7135],[5.7788,43.7184],[5.7677,43.7225],[5.7536,43.7246],[5.7813,43.7557],[5.7995,43.751],[5.8237,43.7483],[5.8374,43.7415],[5.8474,43.7255],[5.849,43.7182],[5.8444,43.7149],[5.8414,43.7049],[5.8425,43.7],[5.8495,43.696],[5.8255,43.6876],[5.8133,43.6891]]]}},{"type":"Feature","properties":{"code":"83039","nom":"Châteauvert","app":12.25,"app_bas":9.63,"app_haut":15.57,"app_ech":"maille","app_obs":7,"mai":14.03,"mai_bas":10.48,"mai_haut":18.8,"mai_ech":"maille","mai_obs":3,"a12":14.21,"a3":11.89,"pxa":null,"pxm":null,"napp":0,"nmai":0,"ra":null,"rm":null},"geometry":{"type":"Polygon","coordinates":[[[5.9636,43.513],[5.9829,43.5188],[5.9831,43.527],[5.9927,43.5227],[6.0147,43.5212],[6.0303,43.525],[6.047,43.5211],[6.0546,43.5152],[6.0491,43.5088],[6.043,43.4961],[6.0424,43.4893],[6.0282,43.476],[6.0177,43.4719],[6.0012,43.4727],[5.9927,43.4709],[5.9968,43.4814],[5.9879,43.4836],[5.981,43.4904],[5.9773,43.5004],[5.9636,43.513]]]}},{"type":"Feature","properties":{"code":"83070","nom":"Lavandou","app":16.51,"app_bas":13.55,"app_haut":20.11,"app_ech":"commune","app_obs":1486,"mai":17.4,"mai_bas":12.64,"mai_haut":23.94,"mai_ech":"maille","mai_obs":30,"a12":18.61,"a3":15.34,"pxa":5931,"pxm":7285,"napp":838,"nmai":194,"ra":2.77,"rm":2.36},"geometry":{"type":"Polygon","coordinates":[[[6.4482,43.1527],[6.4443,43.1455],[6.4291,43.1514],[6.4221,43.1496],[6.4052,43.149],[6.3983,43.1454],[6.3876,43.1449],[6.3803,43.1386],[6.3687,43.137],[6.3639,43.1257],[6.3505,43.1302],[6.3518,43.1378],[6.3588,43.1421],[6.3743,43.1663],[6.3989,43.1681],[6.4164,43.1841],[6.4184,43.1894],[6.4158,43.199],[6.4258,43.2006],[6.4446,43.2071],[6.4511,43.2076],[6.4535,43.1962],[6.4443,43.1841],[6.4521,43.172],[6.4523,43.163],[6.4482,43.1527]]]}},{"type":"Feature","properties":{"code":"83068","nom":"Grimaud","app":18.27,"app_bas":13.99,"app_haut":23.85,"app_ech":"commune","app_obs":361,"mai":17.75,"mai_bas":11.01,"mai_haut":28.61,"mai_ech":"maille","mai_obs":66,"a12":21.13,"a3":16.75,"pxa":6646,"pxm":6734,"napp":385,"nmai":428,"ra":2.7,"rm":2.6},"geometry":{"type":"Polygon","coordinates":[[[6.3987,43.2698],[6.4062,43.2755],[6.4216,43.2773],[6.4549,43.2789],[6.4962,43.2894],[6.5141,43.3004],[6.525,43.3053],[6.5568,43.3001],[6.5713,43.3022],[6.5768,43.3055],[6.5919,43.3094],[6.5995,43.3072],[6.6084,43.3008],[6.6207,43.2959],[6.6017,43.2858],[6.59,43.2824],[6.5839,43.2773],[6.5867,43.2692],[6.5727,43.2689],[6.562,43.2585],[6.5552,43.2546],[6.5385,43.2541],[6.5191,43.2648],[6.5024,43.2719],[6.4895,43.2731],[6.4767,43.2708],[6.4706,43.2673],[6.4654,43.2707],[6.446,43.2699],[6.4363,43.2712],[6.4143,43.2697],[6.4048,43.2665],[6.3987,43.2698]]]}},{"type":"Feature","properties":{"code":"83038","nom":"Châteaudouble","app":11.01,"app_bas":8.81,"app_haut":13.75,"app_ech":"maille","app_obs":3,"mai":9.74,"mai_bas":6.84,"mai_haut":13.88,"mai_ech":"maille","mai_obs":5,"a12":14.87,"a3":8.88,"pxa":null,"pxm":null,"napp":0,"nmai":0,"ra":null,"rm":null},"geometry":{"type":"Polygon","coordinates":[[[6.4229,43.566],[6.4216,43.57],[6.424,43.5841],[6.4157,43.5899],[6.4134,43.6196],[6.4082,43.6381],[6.4057,43.6528],[6.401,43.6629],[6.4131,43.6705],[6.4182,43.6839],[6.4251,43.6857],[6.4331,43.6811],[6.4459,43.6776],[6.4352,43.653],[6.4515,43.6369],[6.4609,43.6299],[6.4622,43.6206],[6.4767,43.6063],[6.4868,43.6003],[6.4873,43.5965],[6.4577,43.5896],[6.4402,43.5779],[6.4419,43.5725],[6.4229,43.566]]]}},{"type":"Feature","properties":{"code":"83111","nom":"Sainte-Anastasie-sur-Issole","app":12.59,"app_bas":10.11,"app_haut":15.68,"app_ech":"maille","app_obs":89,"mai":14.25,"mai_bas":10.61,"mai_haut":19.13,"mai_ech":"maille","mai_obs":46,"a12":14.73,"a3":11.04,"pxa":null,"pxm":1994,"napp":11,"nmai":88,"ra":null,"rm":7.25},"geometry":{"type":"Polygon","coordinates":[[[6.1231,43.308],[6.1144,43.3175],[6.1077,43.319],[6.112,43.3372],[6.1103,43.3528],[6.1384,43.3589],[6.1409,43.355],[6.1342,43.3368],[6.1345,43.3303],[6.1392,43.3182],[6.1375,43.3081],[6.1231,43.308]]]}},{"type":"Feature","properties":{"code":"83146","nom":"Verdière","app":10.17,"app_bas":7.95,"app_haut":13,"app_ech":"commune","app_obs":121,"mai":10.13,"mai_bas":6.6,"mai_haut":15.57,"mai_ech":"maille","mai_obs":79,"a12":13.45,"a3":8.51,"pxa":null,"pxm":1391,"napp":16,"nmai":102,"ra":null,"rm":7.63},"geometry":{"type":"Polygon","coordinates":[[[5.8729,43.6141],[5.8731,43.6213],[5.8575,43.6313],[5.8481,43.6328],[5.8579,43.6367],[5.8746,43.6516],[5.8919,43.6531],[5.9086,43.6514],[5.9205,43.6536],[5.9336,43.6649],[5.9407,43.6655],[5.9564,43.6708],[5.9718,43.6862],[5.9878,43.6954],[6.005,43.6878],[6.0114,43.675],[6.0217,43.6683],[6.0258,43.6588],[6.0262,43.644],[6.0133,43.6289],[5.9924,43.6234],[5.9803,43.6227],[5.9635,43.6171],[5.9316,43.6213],[5.9035,43.6195],[5.8988,43.618],[5.895,43.6103],[5.8729,43.6141]]]}},{"type":"Feature","properties":{"code":"83011","nom":"Bargemon","app":10.99,"app_bas":8.63,"app_haut":13.99,"app_ech":"commune","app_obs":172,"mai":11.41,"mai_bas":7.98,"mai_haut":16.31,"mai_ech":"maille","mai_obs":27,"a12":13.35,"a3":11.81,"pxa":1446,"pxm":2344,"napp":70,"nmai":68,"ra":7.9,"rm":5.03},"geometry":{"type":"Polygon","coordinates":[[[6.5212,43.6085],[6.5095,43.6128],[6.5056,43.632],[6.4975,43.6465],[6.4955,43.6619],[6.5119,43.6597],[6.5269,43.6623],[6.5428,43.6565],[6.5609,43.6566],[6.5767,43.6529],[6.5711,43.6427],[6.5836,43.6392],[6.5878,43.6357],[6.5928,43.6182],[6.583,43.6097],[6.5593,43.6104],[6.5423,43.6062],[6.5212,43.6085]]]}},{"type":"Feature","properties":{"code":"83140","nom":"Tourves","app":11.96,"app_bas":9.56,"app_haut":14.97,"app_ech":"commune","app_obs":518,"mai":11.4,"mai_bas":8.31,"mai_haut":15.65,"mai_ech":"commune","mai_obs":125,"a12":13.9,"a3":10.78,"pxa":2056,"pxm":2129,"napp":38,"nmai":150,"ra":5.97,"rm":5.54},"geometry":{"type":"Polygon","coordinates":[[[5.9818,43.405],[5.9728,43.3942],[5.9611,43.3757],[5.9565,43.3721],[5.9301,43.3708],[5.889,43.3724],[5.8803,43.3713],[5.8754,43.3831],[5.874,43.3981],[5.8688,43.4048],[5.8682,43.4196],[5.8746,43.4246],[5.8888,43.4304],[5.9078,43.4476],[5.9143,43.4508],[5.9486,43.4455],[5.9697,43.4398],[5.9798,43.4329],[5.988,43.4313],[5.9886,43.4172],[5.9818,43.405]]]}},{"type":"Feature","properties":{"code":"83069","nom":"Hyères","app":15.73,"app_bas":12.1,"app_haut":20.45,"app_ech":"commune","app_obs":8003,"mai":17.93,"mai_bas":12.42,"mai_haut":25.88,"mai_ech":"commune","mai_obs":487,"a12":18.17,"a3":14.12,"pxa":3844,"pxm":4654,"napp":2579,"nmai":636,"ra":4.1,"rm":3.79},"geometry":{"type":"MultiPolygon","coordinates":[[[[6.0799,43.1145],[6.0836,43.1222],[6.0812,43.1299],[6.0869,43.1362],[6.0997,43.1377],[6.113,43.1359],[6.1198,43.1432],[6.1172,43.1481],[6.1279,43.1544],[6.1235,43.16],[6.111,43.1661],[6.1089,43.1704],[6.1104,43.1842],[6.1147,43.1888],[6.1268,43.194],[6.1347,43.2069],[6.1632,43.2026],[6.1617,43.1939],[6.1743,43.1873],[6.1805,43.1867],[6.203,43.1631],[6.2022,43.1426],[6.195,43.1333],[6.1951,43.1254],[6.2178,43.125],[6.2322,43.1197],[6.2343,43.113],[6.2081,43.1164],[6.2008,43.1158],[6.192,43.1099],[6.184,43.1085],[6.1705,43.0998],[6.1598,43.0885],[6.1503,43.0645],[6.15,43.0459],[6.1532,43.0352],[6.159,43.0292],[6.1479,43.027],[6.1369,43.0306],[6.134,43.0362],[6.1209,43.0322],[6.115,43.035],[6.1026,43.0288],[6.0918,43.0368],[6.0951,43.0403],[6.1047,43.042],[6.1167,43.0392],[6.1282,43.0427],[6.1316,43.048],[6.1323,43.0595],[6.1241,43.0793],[6.1096,43.0839],[6.107,43.0949],[6.0799,43.1145]]],[[[6.2441,43.02],[6.2485,43.0166],[6.2516,43.0055],[6.2505,42.9994],[6.2265,42.9924],[6.2164,42.9911],[6.2087,42.9834],[6.1979,42.982],[6.1939,42.9902],[6.1848,42.9918],[6.1774,42.9961],[6.1645,42.9978],[6.1713,43.0062],[6.184,43.0083],[6.2017,43.0008],[6.2117,43.0026],[6.2204,43.0124],[6.2282,43.0097],[6.234,43.0117],[6.2401,43.023],[6.2441,43.02]]],[[[6.4348,43.0155],[6.4339,43.0203],[6.4403,43.0248],[6.4552,43.0268],[6.4612,43.032],[6.4635,43.0389],[6.4702,43.0452],[6.4958,43.0503],[6.5042,43.0533],[6.5113,43.0468],[6.5047,43.0431],[6.4896,43.0426],[6.4841,43.039],[6.4801,43.0304],[6.471,43.0192],[6.4617,43.0139],[6.4528,43.0168],[6.4391,43.0045],[6.4337,43.0069],[6.4348,43.0155]]],[[[6.3973,42.9928],[6.385,42.9979],[6.3714,42.9971],[6.3697,43.0012],[6.3824,43.011],[6.4086,43.0186],[6.4207,43.0137],[6.4169,43.0067],[6.4069,42.9972],[6.3973,42.9928]]]]}},{"type":"Feature","properties":{"code":"83109","nom":"Roque-Esclapon","app":15.05,"app_bas":12.08,"app_haut":18.74,"app_ech":"maille","app_obs":2,"mai":11.41,"mai_bas":7.98,"mai_haut":16.31,"mai_ech":"maille","mai_obs":1,"a12":17.14,"a3":9.85,"pxa":null,"pxm":null,"napp":0,"nmai":0,"ra":null,"rm":null},"geometry":{"type":"Polygon","coordinates":[[[6.6078,43.7324],[6.6116,43.7251],[6.6165,43.725],[6.6354,43.731],[6.6442,43.7355],[6.6541,43.7475],[6.6703,43.7456],[6.6862,43.7484],[6.691,43.7458],[6.6914,43.7369],[6.6862,43.7315],[6.6871,43.7254],[6.6991,43.7152],[6.6991,43.7094],[6.677,43.7123],[6.6679,43.7203],[6.663,43.7177],[6.6436,43.6964],[6.6379,43.6939],[6.6191,43.6957],[6.6097,43.6984],[6.6037,43.7055],[6.6044,43.721],[6.6027,43.725],[6.6078,43.7324]]]}},{"type":"Feature","properties":{"code":"83142","nom":"Trigance","app":11.01,"app_bas":8.81,"app_haut":13.75,"app_ech":"maille","app_obs":0,"mai":9.74,"mai_bas":6.84,"mai_haut":13.88,"mai_ech":"maille","mai_obs":0,"a12":13.35,"a3":11.81,"pxa":null,"pxm":null,"napp":0,"nmai":0,"ra":null,"rm":null},"geometry":{"type":"Polygon","coordinates":[[[6.4251,43.6857],[6.4122,43.6959],[6.4006,43.7136],[6.3835,43.7344],[6.3944,43.7463],[6.4135,43.7604],[6.413,43.7781],[6.4144,43.7916],[6.434,43.7921],[6.4388,43.7977],[6.4568,43.7931],[6.4603,43.7868],[6.473,43.7719],[6.4799,43.7608],[6.4926,43.7516],[6.4801,43.7365],[6.4524,43.7147],[6.448,43.7081],[6.4452,43.6777],[6.4331,43.6811],[6.4251,43.6857]]]}},{"type":"Feature","properties":{"code":"83022","nom":"Brenon","app":9.85,"app_bas":7.73,"app_haut":12.55,"app_ech":"maille","app_obs":0,"mai":9.74,"mai_bas":6.84,"mai_haut":13.88,"mai_ech":"maille","mai_obs":0,"a12":14.73,"a3":11.81,"pxa":null,"pxm":null,"napp":0,"nmai":0,"ra":null,"rm":null},"geometry":{"type":"Polygon","coordinates":[[[6.5415,43.7757],[6.5465,43.7755],[6.5541,43.7834],[6.5589,43.7767],[6.5535,43.771],[6.5498,43.7594],[6.5377,43.7552],[6.5349,43.7573],[6.522,43.7544],[6.5139,43.7562],[6.5193,43.767],[6.5415,43.7757]]]}},{"type":"Feature","properties":{"code":"83138","nom":"Tourrettes","app":15.05,"app_bas":12.08,"app_haut":18.74,"app_ech":"maille","app_obs":94,"mai":14.22,"mai_bas":9.95,"mai_haut":20.32,"mai_ech":"commune","mai_obs":101,"a12":17.14,"a3":11.54,"pxa":2856,"pxm":3611,"napp":32,"nmai":187,"ra":5.32,"rm":3.99},"geometry":{"type":"Polygon","coordinates":[[[6.7526,43.6633],[6.7433,43.6456],[6.7376,43.6258],[6.7426,43.608],[6.7408,43.5842],[6.7424,43.5795],[6.7437,43.5579],[6.7319,43.5521],[6.717,43.5719],[6.7107,43.5865],[6.6993,43.5965],[6.6972,43.6036],[6.6984,43.6223],[6.7007,43.6318],[6.7013,43.6515],[6.7087,43.6564],[6.7337,43.662],[6.7526,43.6633]]]}},{"type":"Feature","properties":{"code":"83076","nom":"Mazaugues","app":12.52,"app_bas":9.99,"app_haut":15.69,"app_ech":"maille","app_obs":57,"mai":11.14,"mai_bas":8.12,"mai_haut":15.29,"mai_ech":"maille","mai_obs":23,"a12":14.26,"a3":10.9,"pxa":null,"pxm":2098,"napp":2,"nmai":32,"ra":null,"rm":5.51},"geometry":{"type":"Polygon","coordinates":[[[5.8244,43.3542],[5.8525,43.3602],[5.8643,43.3601],[5.8803,43.3713],[5.889,43.3724],[5.9301,43.3708],[5.9565,43.3721],[5.9623,43.3634],[5.9558,43.3565],[5.9547,43.3458],[5.9582,43.3373],[5.9369,43.3205],[5.9231,43.3158],[5.9035,43.3153],[5.8909,43.3246],[5.8829,43.3208],[5.8744,43.3224],[5.8534,43.3303],[5.844,43.3272],[5.8311,43.3155],[5.8243,43.3246],[5.8176,43.3395],[5.8251,43.3447],[5.8244,43.3542]]]}},{"type":"Feature","properties":{"code":"83049","nom":"Cuers","app":13.88,"app_bas":10.69,"app_haut":18.02,"app_ech":"commune","app_obs":1684,"mai":14.9,"mai_bas":11.09,"mai_haut":20.03,"mai_ech":"commune","mai_obs":371,"a12":15.4,"a3":12.3,"pxa":2893,"pxm":3493,"napp":234,"nmai":309,"ra":4.86,"rm":4.31},"geometry":{"type":"Polygon","coordinates":[[[6.0836,43.2789],[6.0812,43.2768],[6.0874,43.2644],[6.0926,43.2604],[6.1033,43.2625],[6.1145,43.252],[6.1125,43.2349],[6.1139,43.2275],[6.1049,43.2153],[6.1053,43.2084],[6.0936,43.1984],[6.0645,43.2015],[6.0573,43.2084],[6.0572,43.216],[6.0435,43.217],[6.0353,43.2203],[6.0181,43.231],[6.0217,43.2415],[6.0168,43.2488],[6.0168,43.2569],[6.0286,43.2628],[6.0444,43.2725],[6.0592,43.2857],[6.0677,43.287],[6.0768,43.2848],[6.0836,43.2789]]]}},{"type":"Feature","properties":{"code":"83096","nom":"Pourcieux","app":14.66,"app_bas":11.62,"app_haut":18.49,"app_ech":"commune","app_obs":202,"mai":14.03,"mai_bas":10.48,"mai_haut":18.8,"mai_ech":"maille","mai_obs":88,"a12":17.76,"a3":12.27,"pxa":null,"pxm":3016,"napp":10,"nmai":57,"ra":null,"rm":4.72},"geometry":{"type":"Polygon","coordinates":[[[5.7879,43.4204],[5.7825,43.4243],[5.7843,43.4343],[5.7742,43.4599],[5.7627,43.4761],[5.7639,43.4887],[5.7783,43.5065],[5.7859,43.498],[5.7885,43.4916],[5.8026,43.4809],[5.8148,43.4666],[5.811,43.4503],[5.8019,43.4417],[5.7963,43.4298],[5.7968,43.419],[5.7879,43.4204]]]}},{"type":"Feature","properties":{"code":"83094","nom":"Plan-de-la-Tour","app":16.53,"app_bas":12.69,"app_haut":21.54,"app_ech":"commune","app_obs":157,"mai":13.85,"mai_bas":10.37,"mai_haut":18.5,"mai_ech":"maille","mai_obs":50,"a12":19.57,"a3":15.86,"pxa":4194,"pxm":3773,"napp":55,"nmai":166,"ra":3.92,"rm":3.72},"geometry":{"type":"Polygon","coordinates":[[[6.5211,43.3727],[6.5278,43.3714],[6.542,43.3748],[6.5494,43.3734],[6.5827,43.3587],[6.592,43.3446],[6.5894,43.3388],[6.5736,43.3242],[6.5675,43.3119],[6.5713,43.3022],[6.5568,43.3001],[6.525,43.3053],[6.5285,43.3131],[6.5205,43.324],[6.5049,43.3273],[6.4999,43.3345],[6.5019,43.3392],[6.5165,43.3435],[6.5221,43.3488],[6.5195,43.366],[6.5211,43.3727]]]}},{"type":"Feature","properties":{"code":"83117","nom":"Saint-Paul-en-Forêt","app":12.8,"app_bas":10.05,"app_haut":16.31,"app_ech":"maille","app_obs":37,"mai":11.41,"mai_bas":7.98,"mai_haut":16.31,"mai_ech":"maille","mai_obs":35,"a12":17.14,"a3":11.54,"pxa":null,"pxm":2160,"napp":13,"nmai":81,"ra":null,"rm":5.46},"geometry":{"type":"Polygon","coordinates":[[[6.6458,43.5446],[6.6432,43.5514],[6.6326,43.5618],[6.6391,43.5694],[6.6452,43.5678],[6.6635,43.5703],[6.6694,43.5827],[6.6794,43.5915],[6.6905,43.5862],[6.6992,43.5777],[6.715,43.5766],[6.717,43.5719],[6.7319,43.5521],[6.6969,43.5512],[6.673,43.5543],[6.6458,43.5446]]]}},{"type":"Feature","properties":{"code":"83152","nom":"Rayol-Canadel-sur-Mer","app":17.95,"app_bas":14.3,"app_haut":22.54,"app_ech":"maille","app_obs":2,"mai":17.4,"mai_bas":12.64,"mai_haut":23.94,"mai_ech":"maille","mai_obs":5,"a12":22.5,"a3":16.13,"pxa":7361,"pxm":5862,"napp":45,"nmai":57,"ra":2.4,"rm":2.93},"geometry":{"type":"Polygon","coordinates":[[[6.4521,43.172],[6.4758,43.1691],[6.5009,43.1815],[6.497,43.1735],[6.4906,43.153],[6.4641,43.1575],[6.4482,43.1527],[6.4523,43.163],[6.4521,43.172]]]}},{"type":"Feature","properties":{"code":"83014","nom":"Baudinard-sur-Verdon","app":11.18,"app_bas":9.16,"app_haut":13.65,"app_ech":"maille","app_obs":6,"mai":10.13,"mai_bas":6.6,"mai_haut":15.57,"mai_ech":"maille","mai_obs":5,"a12":13.15,"a3":8.44,"pxa":null,"pxm":null,"napp":0,"nmai":0,"ra":null,"rm":null},"geometry":{"type":"Polygon","coordinates":[[[6.1286,43.7368],[6.1406,43.7376],[6.1434,43.7314],[6.1503,43.7281],[6.1542,43.7124],[6.166,43.7061],[6.1748,43.6974],[6.1595,43.686],[6.1462,43.6818],[6.1319,43.6909],[6.1243,43.6996],[6.1062,43.7139],[6.0953,43.7296],[6.1029,43.7363],[6.1068,43.7448],[6.1286,43.7368]]]}},{"type":"Feature","properties":{"code":"83088","nom":"Néoules","app":13.57,"app_bas":10.98,"app_haut":16.77,"app_ech":"commune","app_obs":184,"mai":11.95,"mai_bas":8.27,"mai_haut":17.26,"mai_ech":"maille","mai_obs":96,"a12":15.19,"a3":11.96,"pxa":null,"pxm":1816,"napp":9,"nmai":79,"ra":null,"rm":6.75},"geometry":{"type":"Polygon","coordinates":[[[5.9857,43.3093],[5.9981,43.3171],[6.0097,43.3155],[6.034,43.3174],[6.0439,43.3144],[6.0506,43.3193],[6.0513,43.3095],[6.0642,43.2935],[6.0677,43.287],[6.0592,43.2857],[6.0444,43.2725],[6.0286,43.2628],[6.0221,43.2689],[6.0059,43.2753],[5.9961,43.2937],[5.9857,43.3093]]]}},{"type":"Feature","properties":{"code":"83034","nom":"Carqueiranne","app":17.95,"app_bas":14.18,"app_haut":22.72,"app_ech":"commune","app_obs":896,"mai":17.84,"mai_bas":12.5,"mai_haut":25.46,"mai_ech":"commune","mai_obs":165,"a12":19.54,"a3":16.2,"pxa":5071,"pxm":6052,"napp":353,"nmai":228,"ra":3.48,"rm":2.9},"geometry":{"type":"Polygon","coordinates":[[[6.0799,43.1145],[6.107,43.0949],[6.1096,43.0839],[6.0813,43.0872],[6.0609,43.0817],[6.0326,43.0776],[6.0332,43.0808],[6.044,43.0857],[6.049,43.1004],[6.0459,43.11],[6.054,43.1159],[6.0799,43.1145]]]}},{"type":"Feature","properties":{"code":"83012","nom":"Barjols","app":11.09,"app_bas":8.92,"app_haut":13.79,"app_ech":"commune","app_obs":640,"mai":10.13,"mai_bas":6.6,"mai_haut":15.57,"mai_ech":"maille","mai_obs":85,"a12":13.31,"a3":9.03,"pxa":1656,"pxm":2258,"napp":117,"nmai":101,"ra":6.95,"rm":4.7},"geometry":{"type":"Polygon","coordinates":[[[6.017,43.5734],[6.0203,43.558],[6.0264,43.5452],[6.0263,43.5349],[6.0303,43.525],[6.0147,43.5212],[5.9927,43.5227],[5.9831,43.527],[5.981,43.5371],[5.9691,43.5471],[5.9524,43.5545],[5.937,43.5597],[5.9157,43.5605],[5.9276,43.5638],[5.9366,43.5722],[5.9381,43.5783],[5.9783,43.5706],[5.9882,43.5759],[6.0075,43.5757],[6.017,43.5734]]]}},{"type":"Feature","properties":{"code":"83064","nom":"Garéoult","app":13.28,"app_bas":10.22,"app_haut":17.25,"app_ech":"commune","app_obs":289,"mai":11.95,"mai_bas":8.27,"mai_haut":17.26,"mai_ech":"maille","mai_obs":90,"a12":15.05,"a3":11.79,"pxa":2429,"pxm":1999,"napp":30,"nmai":227,"ra":5.54,"rm":6.13},"geometry":{"type":"Polygon","coordinates":[[[6.0345,43.3653],[6.0556,43.3652],[6.0546,43.3584],[6.0616,43.3429],[6.0705,43.3335],[6.0565,43.3281],[6.0506,43.3193],[6.0439,43.3144],[6.034,43.3174],[6.0249,43.3169],[6.0172,43.3444],[6.026,43.3576],[6.0345,43.3653]]]}},{"type":"Feature","properties":{"code":"83066","nom":"Ginasservis","app":10.91,"app_bas":8.54,"app_haut":13.94,"app_ech":"commune","app_obs":115,"mai":10.66,"mai_bas":7.5,"mai_haut":15.16,"mai_ech":"commune","mai_obs":108,"a12":14.63,"a3":11.18,"pxa":null,"pxm":1961,"napp":7,"nmai":64,"ra":null,"rm":5.68},"geometry":{"type":"Polygon","coordinates":[[[5.8133,43.6891],[5.8255,43.6876],[5.8495,43.696],[5.8602,43.6882],[5.87,43.6839],[5.8767,43.6757],[5.8786,43.665],[5.8746,43.6516],[5.8579,43.6367],[5.8481,43.6328],[5.8301,43.6178],[5.8121,43.6231],[5.8065,43.6335],[5.8069,43.6486],[5.7992,43.6599],[5.8011,43.6714],[5.8133,43.6891]]]}},{"type":"Feature","properties":{"code":"83136","nom":"Thoronet","app":14.38,"app_bas":11.18,"app_haut":18.49,"app_ech":"maille","app_obs":54,"mai":12.3,"mai_bas":9.21,"mai_haut":16.43,"mai_ech":"maille","mai_obs":90,"a12":13.55,"a3":12.23,"pxa":null,"pxm":1992,"napp":12,"nmai":116,"ra":null,"rm":6.3},"geometry":{"type":"Polygon","coordinates":[[[6.2138,43.4946],[6.226,43.488],[6.2342,43.4811],[6.25,43.4779],[6.2531,43.4847],[6.2648,43.4786],[6.2823,43.479],[6.2906,43.4812],[6.298,43.4777],[6.309,43.4671],[6.3131,43.4599],[6.3272,43.4667],[6.3329,43.4615],[6.3319,43.4549],[6.3501,43.4483],[6.3542,43.4448],[6.371,43.4382],[6.3642,43.4332],[6.3528,43.4398],[6.3361,43.441],[6.326,43.4381],[6.3034,43.4246],[6.2969,43.425],[6.2953,43.4345],[6.2775,43.4397],[6.2617,43.4515],[6.2595,43.4581],[6.2532,43.4596],[6.235,43.4597],[6.2275,43.4651],[6.2103,43.4732],[6.2132,43.476],[6.2094,43.4873],[6.2138,43.4946]]]}},{"type":"Feature","properties":{"code":"83016","nom":"Beausset","app":15.1,"app_bas":11.66,"app_haut":19.55,"app_ech":"commune","app_obs":1545,"mai":15.08,"mai_bas":10.71,"mai_haut":21.24,"mai_ech":"commune","mai_obs":282,"a12":17.39,"a3":13.7,"pxa":3531,"pxm":3788,"napp":211,"nmai":255,"ra":4.31,"rm":4.02},"geometry":{"type":"Polygon","coordinates":[[[5.8009,43.159],[5.787,43.1625],[5.792,43.1826],[5.7933,43.2131],[5.8047,43.2368],[5.8066,43.2505],[5.8265,43.2463],[5.8488,43.2383],[5.8608,43.2258],[5.8596,43.2216],[5.8489,43.2165],[5.8555,43.2001],[5.8467,43.1939],[5.8381,43.1836],[5.8275,43.1775],[5.8104,43.1705],[5.8009,43.159]]]}},{"type":"Feature","properties":{"code":"83028","nom":"Callas","app":12,"app_bas":9.44,"app_haut":15.25,"app_ech":"commune","app_obs":211,"mai":11.41,"mai_bas":7.98,"mai_haut":16.31,"mai_ech":"maille","mai_obs":16,"a12":15.5,"a3":9.85,"pxa":1811,"pxm":1889,"napp":42,"nmai":77,"ra":6.79,"rm":6.24},"geometry":{"type":"Polygon","coordinates":[[[6.6458,43.5446],[6.6449,43.537],[6.6404,43.5344],[6.6294,43.539],[6.5992,43.5417],[6.5934,43.5379],[6.5867,43.5281],[6.5809,43.5292],[6.5832,43.5312],[6.5545,43.5383],[6.5443,43.5369],[6.542,43.5413],[6.5421,43.56],[6.5195,43.5758],[6.5145,43.5821],[6.5001,43.5918],[6.5138,43.5898],[6.5176,43.5937],[6.5168,43.6025],[6.5212,43.6085],[6.5423,43.6062],[6.5453,43.5983],[6.5581,43.5885],[6.5745,43.5863],[6.5974,43.5881],[6.6121,43.5801],[6.6173,43.5705],[6.6155,43.5652],[6.6182,43.5581],[6.6326,43.5618],[6.6432,43.5514],[6.6458,43.5446]]]}},{"type":"Feature","properties":{"code":"83144","nom":"Valette-du-Var","app":15.5,"app_bas":12.15,"app_haut":19.77,"app_ech":"commune","app_obs":3099,"mai":16.03,"mai_bas":11.38,"mai_haut":22.59,"mai_ech":"commune","mai_obs":252,"a12":17.52,"a3":13.82,"pxa":2867,"pxm":4025,"napp":849,"nmai":257,"ra":5.43,"rm":3.98},"geometry":{"type":"Polygon","coordinates":[[[5.9547,43.1601],[5.9592,43.1665],[5.971,43.168],[5.9852,43.164],[5.9907,43.1736],[5.9977,43.1646],[6.0256,43.1547],[6.0222,43.1512],[6.0173,43.1376],[5.9915,43.1248],[5.9856,43.1232],[5.9792,43.1454],[5.9748,43.1506],[5.961,43.1549],[5.9547,43.1601]]]}},{"type":"Feature","properties":{"code":"83030","nom":"Camps-la-Source","app":12.02,"app_bas":9.65,"app_haut":14.96,"app_ech":"commune","app_obs":185,"mai":11.95,"mai_bas":8.27,"mai_haut":17.26,"mai_ech":"maille","mai_obs":86,"a12":14.73,"a3":10.6,"pxa":null,"pxm":1972,"napp":18,"nmai":71,"ra":null,"rm":6.22},"geometry":{"type":"Polygon","coordinates":[[[6.1103,43.3528],[6.1014,43.3521],[6.1011,43.3562],[6.0927,43.3596],[6.0919,43.3662],[6.0771,43.3684],[6.0725,43.3709],[6.0763,43.3854],[6.0757,43.3903],[6.1239,43.3861],[6.1482,43.3825],[6.1572,43.385],[6.1732,43.3815],[6.1791,43.3778],[6.1752,43.3708],[6.155,43.3674],[6.1384,43.3589],[6.1103,43.3528]]]}},{"type":"Feature","properties":{"code":"83097","nom":"Pourrières","app":14.43,"app_bas":11.43,"app_haut":18.21,"app_ech":"commune","app_obs":319,"mai":13.86,"mai_bas":9.81,"mai_haut":19.6,"mai_ech":"commune","mai_obs":195,"a12":15.6,"a3":13.27,"pxa":2464,"pxm":2748,"napp":42,"nmai":137,"ra":5.94,"rm":5.11},"geometry":{"type":"Polygon","coordinates":[[[5.7725,43.5442],[5.7835,43.5381],[5.7778,43.528],[5.7793,43.5178],[5.7759,43.5143],[5.7783,43.5065],[5.7639,43.4887],[5.7627,43.4761],[5.7742,43.4599],[5.7843,43.4343],[5.7825,43.4243],[5.7879,43.4204],[5.7747,43.4211],[5.7519,43.4343],[5.727,43.4674],[5.7142,43.4748],[5.715,43.4772],[5.6988,43.4822],[5.7018,43.491],[5.7125,43.4986],[5.7161,43.5043],[5.7129,43.5121],[5.7174,43.5222],[5.7179,43.5382],[5.7251,43.5513],[5.7409,43.5505],[5.7725,43.5442]]]}},{"type":"Feature","properties":{"code":"83120","nom":"Saint-Zacharie","app":14.66,"app_bas":11.56,"app_haut":18.59,"app_ech":"commune","app_obs":554,"mai":14.52,"mai_bas":10.66,"mai_haut":19.76,"mai_ech":"maille","mai_obs":69,"a12":16.6,"a3":13.08,"pxa":3592,"pxm":3382,"napp":83,"nmai":108,"ra":4.13,"rm":4.35},"geometry":{"type":"Polygon","coordinates":[[[5.7036,43.354],[5.6946,43.3644],[5.6879,43.3918],[5.6828,43.3992],[5.6965,43.4071],[5.7244,43.4089],[5.75,43.4015],[5.7433,43.3993],[5.7394,43.3922],[5.7386,43.3825],[5.7425,43.3651],[5.7427,43.3572],[5.7499,43.3432],[5.7377,43.3409],[5.7082,43.3495],[5.7036,43.354]]]}},{"type":"Feature","properties":{"code":"83050","nom":"Draguignan","app":13.39,"app_bas":10.72,"app_haut":16.73,"app_ech":"commune","app_obs":8150,"mai":14.02,"mai_bas":10.48,"mai_haut":18.75,"mai_ech":"commune","mai_obs":672,"a12":15.35,"a3":11.73,"pxa":2046,"pxm":2503,"napp":1332,"nmai":647,"ra":6.64,"rm":5.68},"geometry":{"type":"Polygon","coordinates":[[[6.4305,43.4964],[6.4134,43.5071],[6.4073,43.5077],[6.4093,43.5311],[6.4062,43.5397],[6.3969,43.5495],[6.4004,43.5586],[6.4216,43.5628],[6.4229,43.566],[6.4419,43.5725],[6.4641,43.5687],[6.4853,43.5581],[6.4928,43.5515],[6.5335,43.5329],[6.5247,43.5195],[6.4992,43.5212],[6.4753,43.5151],[6.4558,43.5059],[6.4507,43.5019],[6.4305,43.4964]]]}},{"type":"Feature","properties":{"code":"83010","nom":"Bargème","app":9.85,"app_bas":7.73,"app_haut":12.55,"app_ech":"maille","app_obs":3,"mai":11,"mai_bas":8,"mai_haut":15.12,"mai_ech":"maille","mai_obs":7,"a12":13.35,"a3":11.81,"pxa":null,"pxm":null,"napp":0,"nmai":0,"ra":null,"rm":null},"geometry":{"type":"Polygon","coordinates":[[[6.563,43.7082],[6.5532,43.7095],[6.5438,43.7213],[6.5388,43.7338],[6.5243,43.7326],[6.5201,43.7445],[6.522,43.7544],[6.5349,43.7573],[6.5377,43.7552],[6.5394,43.7474],[6.5641,43.7508],[6.5856,43.7438],[6.6114,43.7486],[6.6155,43.7352],[6.6078,43.7324],[6.6027,43.725],[6.6044,43.721],[6.6037,43.7055],[6.6097,43.6984],[6.5882,43.7005],[6.563,43.7082]]]}},{"type":"Feature","properties":{"code":"83113","nom":"Saint-Julien","app":11.77,"app_bas":9.05,"app_haut":15.29,"app_ech":"maille","app_obs":46,"mai":11.44,"mai_bas":8.05,"mai_haut":16.26,"mai_ech":"commune","mai_obs":123,"a12":13.59,"a3":8.44,"pxa":null,"pxm":2155,"napp":8,"nmai":123,"ra":null,"rm":5.49},"geometry":{"type":"Polygon","coordinates":[[[5.8495,43.696],[5.8425,43.7],[5.8414,43.7049],[5.8444,43.7149],[5.8562,43.7236],[5.8818,43.7239],[5.9012,43.7326],[5.9057,43.7394],[5.9045,43.7482],[5.9103,43.7532],[5.9227,43.7575],[5.9257,43.756],[5.9275,43.7502],[5.9388,43.7488],[5.9416,43.7395],[5.938,43.7321],[5.9405,43.7273],[5.9564,43.7194],[5.9689,43.7197],[5.9729,43.716],[5.9845,43.7145],[5.9878,43.6954],[5.9718,43.6862],[5.9564,43.6708],[5.9407,43.6655],[5.9336,43.6649],[5.9205,43.6536],[5.9086,43.6514],[5.8919,43.6531],[5.8746,43.6516],[5.8786,43.665],[5.8767,43.6757],[5.87,43.6839],[5.8602,43.6882],[5.8495,43.696]]]}},{"type":"Feature","properties":{"code":"83125","nom":"Seillons-Source-d'Argens","app":13.47,"app_bas":10.54,"app_haut":17.21,"app_ech":"commune","app_obs":189,"mai":14.03,"mai_bas":10.48,"mai_haut":18.8,"mai_ech":"maille","mai_obs":98,"a12":16.6,"a3":11.57,"pxa":null,"pxm":2801,"napp":12,"nmai":102,"ra":null,"rm":5.08},"geometry":{"type":"Polygon","coordinates":[[[5.8581,43.5437],[5.8748,43.541],[5.897,43.539],[5.8999,43.5236],[5.9141,43.494],[5.9006,43.4893],[5.8752,43.4894],[5.8624,43.4881],[5.8521,43.4971],[5.8534,43.5161],[5.8472,43.533],[5.8404,43.5429],[5.8581,43.5437]]]}},{"type":"Feature","properties":{"code":"83051","nom":"Entrecasteaux","app":11.93,"app_bas":9.17,"app_haut":15.51,"app_ech":"maille","app_obs":56,"mai":12.3,"mai_bas":9.21,"mai_haut":16.43,"mai_ech":"maille","mai_obs":12,"a12":13.55,"a3":9.87,"pxa":null,"pxm":1751,"napp":11,"nmai":66,"ra":null,"rm":7.17},"geometry":{"type":"Polygon","coordinates":[[[6.2138,43.4946],[6.211,43.4978],[6.1963,43.5052],[6.1944,43.52],[6.1872,43.5361],[6.2088,43.5377],[6.2238,43.535],[6.2548,43.5328],[6.273,43.5329],[6.2712,43.5264],[6.2732,43.5129],[6.2638,43.504],[6.2642,43.4936],[6.2755,43.4878],[6.2689,43.479],[6.2648,43.4786],[6.2531,43.4847],[6.25,43.4779],[6.2342,43.4811],[6.226,43.488],[6.2138,43.4946]]]}},{"type":"Feature","properties":{"code":"83101","nom":"Ramatuelle","app":22.6,"app_bas":15.5,"app_haut":32.94,"app_ech":"maille","app_obs":46,"mai":17.75,"mai_bas":11.01,"mai_haut":28.61,"mai_ech":"maille","mai_obs":13,"a12":25.18,"a3":20.92,"pxa":9200,"pxm":11491,"napp":58,"nmai":143,"ra":2.34,"rm":1.52},"geometry":{"type":"Polygon","coordinates":[[[6.6364,43.2549],[6.6382,43.2525],[6.6527,43.2529],[6.6706,43.2506],[6.6766,43.2448],[6.6686,43.2456],[6.6636,43.238],[6.6627,43.2176],[6.6698,43.2059],[6.6801,43.2005],[6.677,43.1972],[6.6642,43.1947],[6.6593,43.1959],[6.642,43.1837],[6.6408,43.1749],[6.6466,43.1678],[6.6272,43.1846],[6.6158,43.1929],[6.6087,43.1953],[6.6039,43.2022],[6.6012,43.2164],[6.6094,43.2405],[6.618,43.2476],[6.6364,43.2549]]]}},{"type":"Feature","properties":{"code":"83078","nom":"Moissac-Bellevue","app":11.95,"app_bas":9.22,"app_haut":15.49,"app_ech":"maille","app_obs":0,"mai":12.07,"mai_bas":9.01,"mai_haut":16.15,"mai_ech":"maille","mai_obs":15,"a12":11.47,"a3":8.44,"pxa":null,"pxm":null,"napp":0,"nmai":0,"ra":null,"rm":null},"geometry":{"type":"Polygon","coordinates":[[[6.138,43.613],[6.1249,43.6211],[6.1479,43.644],[6.1598,43.6608],[6.1768,43.6779],[6.1935,43.6843],[6.2084,43.6695],[6.1847,43.6509],[6.174,43.639],[6.1758,43.6328],[6.1688,43.6195],[6.1521,43.617],[6.138,43.613]]]}},{"type":"Feature","properties":{"code":"83124","nom":"Seillans","app":13.28,"app_bas":10.43,"app_haut":16.92,"app_ech":"commune","app_obs":195,"mai":11.41,"mai_bas":7.98,"mai_haut":16.31,"mai_ech":"maille","mai_obs":41,"a12":13.35,"a3":12.46,"pxa":2407,"pxm":2136,"napp":35,"nmai":132,"ra":5.59,"rm":5.52},"geometry":{"type":"Polygon","coordinates":[[[6.6391,43.5694],[6.6326,43.5618],[6.6182,43.5581],[6.6155,43.5652],[6.6173,43.5705],[6.6121,43.5801],[6.6158,43.5884],[6.6283,43.5951],[6.6246,43.6014],[6.6129,43.6074],[6.6007,43.6105],[6.5977,43.6185],[6.5928,43.6182],[6.5878,43.6357],[6.5836,43.6392],[6.5711,43.6427],[6.5767,43.6529],[6.5609,43.6566],[6.5428,43.6565],[6.5269,43.6623],[6.5269,43.6769],[6.5481,43.6808],[6.5647,43.6883],[6.565,43.6996],[6.563,43.7082],[6.5882,43.7005],[6.6097,43.6984],[6.6191,43.6957],[6.6379,43.6939],[6.6359,43.684],[6.6442,43.6756],[6.6684,43.6643],[6.678,43.656],[6.6753,43.6476],[6.6645,43.6387],[6.6626,43.6123],[6.6646,43.6027],[6.6524,43.5854],[6.6373,43.5841],[6.6391,43.5694]]]}},{"type":"Feature","properties":{"code":"83134","nom":"Taradeau","app":14.38,"app_bas":11.18,"app_haut":18.49,"app_ech":"maille","app_obs":58,"mai":14.92,"mai_bas":10.85,"mai_haut":20.53,"mai_ech":"maille","mai_obs":43,"a12":15.92,"a3":12.23,"pxa":null,"pxm":2736,"napp":16,"nmai":99,"ra":null,"rm":5.51},"geometry":{"type":"Polygon","coordinates":[[[6.4305,43.4964],[6.4339,43.4969],[6.441,43.4771],[6.4555,43.4552],[6.4579,43.4428],[6.4408,43.4342],[6.409,43.4489],[6.3981,43.4601],[6.4072,43.4668],[6.423,43.485],[6.4305,43.4964]]]}},{"type":"Feature","properties":{"code":"83033","nom":"Carnoules","app":12.76,"app_bas":10.29,"app_haut":15.81,"app_ech":"commune","app_obs":347,"mai":13.46,"mai_bas":9.37,"mai_haut":19.34,"mai_ech":"maille","mai_obs":91,"a12":14.62,"a3":10.91,"pxa":2128,"pxm":2690,"napp":39,"nmai":152,"ra":6.08,"rm":5.07},"geometry":{"type":"Polygon","coordinates":[[[6.1485,43.306],[6.1568,43.308],[6.1619,43.3146],[6.1702,43.3176],[6.2072,43.3216],[6.2114,43.3195],[6.2141,43.3089],[6.2244,43.2904],[6.2306,43.2845],[6.241,43.2789],[6.2472,43.2644],[6.2232,43.2632],[6.211,43.2707],[6.2063,43.2765],[6.1876,43.2847],[6.162,43.2845],[6.1541,43.2949],[6.1485,43.306]]]}},{"type":"Feature","properties":{"code":"83052","nom":"Esparron","app":11.56,"app_bas":9.08,"app_haut":14.73,"app_ech":"maille","app_obs":21,"mai":10.13,"mai_bas":6.6,"mai_haut":15.57,"mai_ech":"maille","mai_obs":31,"a12":13.18,"a3":8.51,"pxa":null,"pxm":null,"napp":0,"nmai":0,"ra":null,"rm":null},"geometry":{"type":"Polygon","coordinates":[[[5.8581,43.5437],[5.8404,43.5429],[5.8277,43.5482],[5.8252,43.5721],[5.8262,43.5822],[5.8301,43.5894],[5.8301,43.6178],[5.8481,43.6328],[5.8575,43.6313],[5.8731,43.6213],[5.8717,43.6071],[5.8786,43.6003],[5.8651,43.5902],[5.8696,43.5637],[5.8591,43.5515],[5.8581,43.5437]]]}},{"type":"Feature","properties":{"code":"83060","nom":"Fox-Amphoux","app":10.89,"app_bas":8.75,"app_haut":13.55,"app_ech":"maille","app_obs":14,"mai":12.3,"mai_bas":9.21,"mai_haut":16.43,"mai_ech":"maille","mai_obs":11,"a12":11.47,"a3":8.44,"pxa":null,"pxm":null,"napp":0,"nmai":0,"ra":null,"rm":null},"geometry":{"type":"Polygon","coordinates":[[[6.138,43.613],[6.1443,43.6077],[6.1672,43.593],[6.1757,43.5915],[6.1577,43.5792],[6.1396,43.5767],[6.1172,43.5636],[6.1066,43.5626],[6.095,43.5645],[6.0829,43.5716],[6.0656,43.5868],[6.0644,43.6014],[6.0571,43.6169],[6.0978,43.626],[6.1079,43.6271],[6.1174,43.6244],[6.1249,43.6211],[6.138,43.613]]]}},{"type":"Feature","properties":{"code":"83133","nom":"Tanneron","app":17.37,"app_bas":14.38,"app_haut":20.98,"app_ech":"maille","app_obs":35,"mai":17.02,"mai_bas":11.68,"mai_haut":24.79,"mai_ech":"maille","mai_obs":19,"a12":20.69,"a3":14.14,"pxa":null,"pxm":3452,"napp":16,"nmai":45,"ra":null,"rm":4.89},"geometry":{"type":"Polygon","coordinates":[[[6.8387,43.6138],[6.8474,43.6099],[6.8593,43.6089],[6.8634,43.6051],[6.883,43.6064],[6.8945,43.611],[6.908,43.5991],[6.912,43.5983],[6.8984,43.5816],[6.9072,43.573],[6.9066,43.5641],[6.9029,43.5648],[6.8878,43.5527],[6.8791,43.5324],[6.863,43.5319],[6.859,43.5362],[6.8374,43.5413],[6.8246,43.5518],[6.813,43.5587],[6.7961,43.5642],[6.7956,43.5661],[6.8084,43.5857],[6.8131,43.5865],[6.8189,43.5975],[6.8286,43.6106],[6.8387,43.6138]]]}},{"type":"Feature","properties":{"code":"83041","nom":"Claviers","app":11.75,"app_bas":9.25,"app_haut":14.91,"app_ech":"maille","app_obs":68,"mai":11.41,"mai_bas":7.98,"mai_haut":16.31,"mai_ech":"maille","mai_obs":8,"a12":17.14,"a3":9.85,"pxa":null,"pxm":1769,"napp":19,"nmai":41,"ra":null,"rm":6.67},"geometry":{"type":"Polygon","coordinates":[[[6.5423,43.6062],[6.5593,43.6104],[6.583,43.6097],[6.5928,43.6182],[6.5977,43.6185],[6.6007,43.6105],[6.6129,43.6074],[6.6246,43.6014],[6.6283,43.5951],[6.6158,43.5884],[6.6121,43.5801],[6.5974,43.5881],[6.5745,43.5863],[6.5581,43.5885],[6.5453,43.5983],[6.5423,43.6062]]]}},{"type":"Feature","properties":{"code":"83084","nom":"Montmeyan","app":10.89,"app_bas":8.75,"app_haut":13.55,"app_ech":"maille","app_obs":27,"mai":10.13,"mai_bas":6.6,"mai_haut":15.57,"mai_ech":"maille","mai_obs":28,"a12":11.47,"a3":8.51,"pxa":null,"pxm":1518,"napp":1,"nmai":33,"ra":null,"rm":6.99},"geometry":{"type":"Polygon","coordinates":[[[6.0571,43.6169],[6.0268,43.6259],[6.0133,43.6289],[6.0262,43.644],[6.0258,43.6588],[6.0217,43.6683],[6.0319,43.6748],[6.038,43.6817],[6.0361,43.6942],[6.0516,43.6977],[6.059,43.6829],[6.053,43.6784],[6.0589,43.67],[6.0724,43.6699],[6.0884,43.6591],[6.1017,43.6579],[6.1093,43.6539],[6.1082,43.6494],[6.1118,43.6363],[6.1174,43.6244],[6.1079,43.6271],[6.0978,43.626],[6.0571,43.6169]]]}},{"type":"Feature","properties":{"code":"83100","nom":"Puget-Ville","app":12.9,"app_bas":10.43,"app_haut":15.96,"app_ech":"commune","app_obs":439,"mai":14,"mai_bas":9.71,"mai_haut":20.17,"mai_ech":"commune","mai_obs":153,"a12":14.89,"a3":11.41,"pxa":2571,"pxm":3081,"napp":39,"nmai":141,"ra":5.09,"rm":4.61},"geometry":{"type":"Polygon","coordinates":[[[6.1485,43.306],[6.1541,43.2949],[6.162,43.2845],[6.1876,43.2847],[6.2063,43.2765],[6.211,43.2707],[6.2232,43.2632],[6.2472,43.2644],[6.248,43.2556],[6.2132,43.2556],[6.1987,43.2569],[6.1655,43.2677],[6.1576,43.2673],[6.1239,43.2571],[6.1145,43.252],[6.1033,43.2625],[6.0926,43.2604],[6.0874,43.2644],[6.0812,43.2768],[6.1004,43.2901],[6.1167,43.2959],[6.1231,43.308],[6.1375,43.3081],[6.1485,43.306]]]}},{"type":"Feature","properties":{"code":"83098","nom":"Pradet","app":15.55,"app_bas":12.43,"app_haut":19.45,"app_ech":"commune","app_obs":987,"mai":16.79,"mai_bas":11.75,"mai_haut":24.01,"mai_ech":"commune","mai_obs":151,"a12":18.51,"a3":14.58,"pxa":3974,"pxm":5258,"napp":325,"nmai":172,"ra":3.93,"rm":3.17},"geometry":{"type":"Polygon","coordinates":[[[5.9933,43.105],[6.0029,43.1111],[6.0241,43.1178],[6.0459,43.11],[6.049,43.1004],[6.044,43.0857],[6.0332,43.0808],[6.0326,43.0776],[6.0215,43.0783],[6.0168,43.0836],[6.0241,43.0901],[6.0235,43.0948],[6.005,43.1038],[5.9933,43.105]]]}},{"type":"Feature","properties":{"code":"83074","nom":"Martre","app":15.05,"app_bas":12.08,"app_haut":18.74,"app_ech":"maille","app_obs":0,"mai":11,"mai_bas":8,"mai_haut":15.12,"mai_ech":"maille","mai_obs":0,"a12":13.35,"a3":9.85,"pxa":null,"pxm":null,"napp":0,"nmai":0,"ra":null,"rm":null},"geometry":{"type":"Polygon","coordinates":[[[6.6378,43.781],[6.6452,43.7746],[6.6419,43.7682],[6.6274,43.767],[6.6114,43.7486],[6.5856,43.7438],[6.5641,43.7508],[6.5394,43.7474],[6.5377,43.7552],[6.5498,43.7594],[6.5535,43.771],[6.5589,43.7767],[6.5774,43.77],[6.587,43.7721],[6.6043,43.7809],[6.6254,43.7823],[6.6378,43.781]]]}},{"type":"Feature","properties":{"code":"83112","nom":"Saint-Cyr-sur-Mer","app":17.9,"app_bas":14.04,"app_haut":22.81,"app_ech":"commune","app_obs":1152,"mai":18.4,"mai_bas":12.79,"mai_haut":26.49,"mai_ech":"commune","mai_obs":196,"a12":20.4,"a3":16.64,"pxa":5873,"pxm":6198,"napp":581,"nmai":284,"ra":3,"rm":2.91},"geometry":{"type":"Polygon","coordinates":[[[5.7259,43.1365],[5.719,43.1473],[5.6949,43.1436],[5.694,43.148],[5.6839,43.1562],[5.6827,43.1601],[5.6948,43.168],[5.6924,43.1749],[5.6846,43.1801],[5.6719,43.1793],[5.676,43.1906],[5.6948,43.1916],[5.7,43.1962],[5.7129,43.2003],[5.7273,43.203],[5.7305,43.2002],[5.7311,43.1852],[5.7281,43.1751],[5.7337,43.1656],[5.7288,43.1602],[5.7384,43.1583],[5.7287,43.1563],[5.7287,43.1463],[5.7259,43.1365]]]}},{"type":"Feature","properties":{"code":"83137","nom":"Toulon","app":14.43,"app_bas":11.17,"app_haut":18.66,"app_ech":"commune","app_obs":32136,"mai":16.48,"mai_bas":11.72,"mai_haut":23.17,"mai_ech":"commune","mai_obs":1326,"a12":16.6,"a3":13.22,"pxa":2633,"pxm":4436,"napp":7827,"nmai":1290,"ra":5.56,"rm":3.7},"geometry":{"type":"Polygon","coordinates":[[[5.9547,43.1601],[5.961,43.1549],[5.9748,43.1506],[5.9792,43.1454],[5.9856,43.1232],[5.9809,43.1158],[5.9791,43.1065],[5.9663,43.1056],[5.9412,43.1077],[5.9309,43.1028],[5.9258,43.104],[5.9343,43.1186],[5.9206,43.1239],[5.9198,43.12],[5.9075,43.1189],[5.8992,43.113],[5.8873,43.1161],[5.8822,43.1604],[5.8899,43.161],[5.9022,43.1714],[5.9089,43.1672],[5.9254,43.1633],[5.9425,43.1643],[5.9547,43.1601]]]}},{"type":"Feature","properties":{"code":"83021","nom":"Bras","app":12.59,"app_bas":9.87,"app_haut":16.05,"app_ech":"commune","app_obs":192,"mai":11.14,"mai_bas":8.12,"mai_haut":15.29,"mai_ech":"maille","mai_obs":59,"a12":14.8,"a3":11.89,"pxa":null,"pxm":2000,"napp":26,"nmai":99,"ra":null,"rm":5.78},"geometry":{"type":"Polygon","coordinates":[[[5.9636,43.513],[5.9773,43.5004],[5.981,43.4904],[5.9879,43.4836],[5.9968,43.4814],[5.9927,43.4709],[5.9976,43.4693],[5.9882,43.4452],[5.988,43.4313],[5.9798,43.4329],[5.9697,43.4398],[5.9486,43.4455],[5.9143,43.4508],[5.9159,43.4581],[5.922,43.4696],[5.9236,43.4871],[5.9254,43.4905],[5.9421,43.4947],[5.9499,43.4988],[5.9536,43.5064],[5.9636,43.513]]]}},{"type":"Feature","properties":{"code":"83081","nom":"Montauroux","app":13.57,"app_bas":10.65,"app_haut":17.3,"app_ech":"commune","app_obs":298,"mai":17.43,"mai_bas":12.85,"mai_haut":23.65,"mai_ech":"commune","mai_obs":146,"a12":16.59,"a3":11.54,"pxa":3456,"pxm":2458,"napp":84,"nmai":259,"ra":3.98,"rm":7.01},"geometry":{"type":"Polygon","coordinates":[[[6.7897,43.6434],[6.7987,43.6282],[6.8173,43.6287],[6.8246,43.6232],[6.8349,43.6199],[6.8387,43.6138],[6.8286,43.6106],[6.8189,43.5975],[6.8131,43.5865],[6.8084,43.5857],[6.7956,43.5661],[6.7961,43.5642],[6.7891,43.5474],[6.7768,43.5439],[6.7723,43.5487],[6.7601,43.5704],[6.7618,43.5764],[6.7717,43.58],[6.7707,43.5873],[6.7633,43.598],[6.7585,43.6133],[6.7596,43.6231],[6.768,43.6345],[6.7747,43.6379],[6.7871,43.6398],[6.7897,43.6434]]]}},{"type":"Feature","properties":{"code":"83114","nom":"Saint-Martin-de-Pallières","app":10.89,"app_bas":8.75,"app_haut":13.55,"app_ech":"maille","app_obs":2,"mai":10.13,"mai_bas":6.6,"mai_haut":15.57,"mai_ech":"maille","mai_obs":8,"a12":13.18,"a3":8.51,"pxa":null,"pxm":null,"napp":0,"nmai":0,"ra":null,"rm":null},"geometry":{"type":"Polygon","coordinates":[[[5.8729,43.6141],[5.895,43.6103],[5.9116,43.6019],[5.9128,43.5956],[5.9094,43.5633],[5.9157,43.5605],[5.9083,43.5488],[5.897,43.539],[5.8748,43.541],[5.8581,43.5437],[5.8591,43.5515],[5.8696,43.5637],[5.8651,43.5902],[5.8786,43.6003],[5.8717,43.6071],[5.8729,43.6141]]]}},{"type":"Feature","properties":{"code":"83118","nom":"Saint-Raphaël","app":17.84,"app_bas":14,"app_haut":22.74,"app_ech":"commune","app_obs":4478,"mai":19.61,"mai_bas":13.48,"mai_haut":28.54,"mai_ech":"commune","mai_obs":312,"a12":20.27,"a3":16.25,"pxa":4879,"pxm":4231,"napp":3153,"nmai":807,"ra":3.6,"rm":4.5},"geometry":{"type":"Polygon","coordinates":[[[6.9337,43.4801],[6.9239,43.471],[6.9244,43.4641],[6.918,43.4477],[6.9051,43.4454],[6.8939,43.4362],[6.8918,43.4286],[6.8745,43.4265],[6.8652,43.4339],[6.857,43.4305],[6.8595,43.4182],[6.855,43.4114],[6.8425,43.4163],[6.8268,43.4174],[6.805,43.4134],[6.7989,43.4137],[6.7897,43.4083],[6.7637,43.4245],[6.7673,43.4357],[6.7772,43.45],[6.811,43.4761],[6.8138,43.4862],[6.8183,43.4923],[6.8338,43.5063],[6.844,43.5098],[6.8577,43.5026],[6.8686,43.5052],[6.8936,43.5006],[6.9039,43.4951],[6.9207,43.4821],[6.9337,43.4801]]]}},{"type":"Feature","properties":{"code":"83086","nom":"Muy","app":13.71,"app_bas":11.02,"app_haut":17.07,"app_ech":"commune","app_obs":1187,"mai":13.22,"mai_bas":9.24,"mai_haut":18.91,"mai_ech":"commune","mai_obs":181,"a12":15.68,"a3":12.01,"pxa":2041,"pxm":2500,"napp":206,"nmai":225,"ra":6.81,"rm":5.36},"geometry":{"type":"Polygon","coordinates":[[[6.6404,43.5344],[6.6472,43.5162],[6.639,43.5165],[6.627,43.5134],[6.6109,43.5049],[6.6061,43.4987],[6.6135,43.4821],[6.6097,43.4658],[6.5965,43.4614],[6.5859,43.4433],[6.5873,43.4284],[6.5863,43.4209],[6.5733,43.4118],[6.5802,43.4002],[6.5574,43.3939],[6.543,43.3972],[6.5371,43.4046],[6.5355,43.4263],[6.5384,43.4442],[6.5287,43.4556],[6.5297,43.4648],[6.5214,43.4796],[6.5759,43.4913],[6.5917,43.4899],[6.5926,43.4951],[6.5874,43.5115],[6.5775,43.521],[6.5809,43.5292],[6.5867,43.5281],[6.5934,43.5379],[6.5992,43.5417],[6.6294,43.539],[6.6404,43.5344]]]}},{"type":"Feature","properties":{"code":"83018","nom":"Besse-sur-Issole","app":12.56,"app_bas":10.09,"app_haut":15.63,"app_ech":"commune","app_obs":203,"mai":11.95,"mai_bas":8.27,"mai_haut":17.26,"mai_ech":"maille","mai_obs":72,"a12":14.95,"a3":10.74,"pxa":null,"pxm":1639,"napp":23,"nmai":131,"ra":null,"rm":7.48},"geometry":{"type":"Polygon","coordinates":[[[6.1485,43.306],[6.1375,43.3081],[6.1392,43.3182],[6.1345,43.3303],[6.1342,43.3368],[6.1409,43.355],[6.1384,43.3589],[6.155,43.3674],[6.1752,43.3708],[6.1886,43.3642],[6.2219,43.3537],[6.234,43.3461],[6.2305,43.3362],[6.2265,43.3287],[6.2195,43.327],[6.2114,43.3195],[6.2072,43.3216],[6.1702,43.3176],[6.1619,43.3146],[6.1568,43.308],[6.1485,43.306]]]}},{"type":"Feature","properties":{"code":"83116","nom":"Saint-Maximin-la-Sainte-Baume","app":13.82,"app_bas":10.84,"app_haut":17.61,"app_ech":"commune","app_obs":1716,"mai":15.1,"mai_bas":11.3,"mai_haut":20.18,"mai_ech":"commune","mai_obs":596,"a12":16.01,"a3":12.09,"pxa":2654,"pxm":2498,"napp":147,"nmai":478,"ra":5.28,"rm":6.1},"geometry":{"type":"Polygon","coordinates":[[[5.8373,43.4004],[5.8283,43.4032],[5.8133,43.4148],[5.7968,43.419],[5.7963,43.4298],[5.8019,43.4417],[5.811,43.4503],[5.8148,43.4666],[5.8277,43.4709],[5.8389,43.4774],[5.8521,43.4971],[5.8624,43.4881],[5.8752,43.4894],[5.9006,43.4893],[5.9141,43.494],[5.9254,43.4905],[5.9236,43.4871],[5.922,43.4696],[5.9159,43.4581],[5.9143,43.4508],[5.9078,43.4476],[5.8888,43.4304],[5.8746,43.4246],[5.8682,43.4196],[5.8587,43.4149],[5.8554,43.4099],[5.8373,43.4004]]]}},{"type":"Feature","properties":{"code":"83026","nom":"Cabasse","app":11.21,"app_bas":9.04,"app_haut":13.91,"app_ech":"commune","app_obs":268,"mai":11.62,"mai_bas":7.99,"mai_haut":16.91,"mai_ech":"maille","mai_obs":80,"a12":12.67,"a3":9.26,"pxa":null,"pxm":2286,"napp":20,"nmai":91,"ra":null,"rm":5.24},"geometry":{"type":"Polygon","coordinates":[[[6.1913,43.4425],[6.2096,43.4532],[6.2316,43.4569],[6.235,43.4597],[6.2532,43.4596],[6.2595,43.4581],[6.2617,43.4515],[6.2775,43.4397],[6.2953,43.4345],[6.288,43.429],[6.2795,43.429],[6.2801,43.4148],[6.2723,43.4058],[6.2561,43.395],[6.236,43.3979],[6.2262,43.3971],[6.209,43.4058],[6.2004,43.4083],[6.1805,43.4102],[6.166,43.4088],[6.1655,43.4146],[6.1752,43.4179],[6.1823,43.4352],[6.1913,43.4425]]]}},{"type":"Feature","properties":{"code":"83027","nom":"Cadière-d'Azur","app":15.12,"app_bas":12.22,"app_haut":18.71,"app_ech":"commune","app_obs":209,"mai":16.53,"mai_bas":11.46,"mai_haut":23.86,"mai_ech":"commune","mai_obs":116,"a12":17.47,"a3":16.01,"pxa":3824,"pxm":4048,"napp":46,"nmai":158,"ra":3.99,"rm":4.06},"geometry":{"type":"Polygon","coordinates":[[[5.6824,43.2355],[5.7045,43.2417],[5.7175,43.2353],[5.7374,43.2284],[5.7553,43.2174],[5.7734,43.1685],[5.7647,43.1593],[5.7396,43.1649],[5.7384,43.1583],[5.7288,43.1602],[5.7337,43.1656],[5.7281,43.1751],[5.7311,43.1852],[5.7305,43.2002],[5.7273,43.203],[5.7129,43.2003],[5.7,43.1962],[5.6948,43.1916],[5.676,43.1906],[5.6785,43.2052],[5.6784,43.2167],[5.6824,43.2355]]]}},{"type":"Feature","properties":{"code":"83037","nom":"Celle","app":12.52,"app_bas":9.99,"app_haut":15.69,"app_ech":"maille","app_obs":43,"mai":11.95,"mai_bas":8.27,"mai_haut":17.26,"mai_ech":"maille","mai_obs":41,"a12":14.26,"a3":12.04,"pxa":null,"pxm":2392,"napp":7,"nmai":37,"ra":null,"rm":5.13},"geometry":{"type":"Polygon","coordinates":[[[5.9818,43.405],[5.9923,43.4005],[6.0079,43.4027],[6.0192,43.4006],[6.0324,43.4021],[6.0431,43.4009],[6.0456,43.3901],[6.0211,43.3746],[6.0194,43.3699],[5.9984,43.37],[5.9867,43.3629],[5.9623,43.3634],[5.9565,43.3721],[5.9611,43.3757],[5.9728,43.3942],[5.9818,43.405]]]}},{"type":"Feature","properties":{"code":"83061","nom":"Fréjus","app":17.02,"app_bas":13.6,"app_haut":21.3,"app_ech":"commune","app_obs":6923,"mai":18.17,"mai_bas":12.43,"mai_haut":26.56,"mai_ech":"commune","mai_obs":433,"a12":19.78,"a3":15.41,"pxa":4181,"pxm":4053,"napp":3442,"nmai":766,"ra":4.04,"rm":4.41},"geometry":{"type":"Polygon","coordinates":[[[6.7637,43.4245],[6.7507,43.4208],[6.7398,43.4129],[6.7295,43.3972],[6.7263,43.3831],[6.7145,43.3681],[6.7058,43.3835],[6.7053,43.4012],[6.7068,43.4134],[6.6949,43.4209],[6.6859,43.4289],[6.6937,43.4416],[6.7068,43.4419],[6.7155,43.4466],[6.7072,43.4605],[6.7051,43.4731],[6.7065,43.491],[6.7063,43.5083],[6.7156,43.5104],[6.722,43.5147],[6.7433,43.5143],[6.759,43.5161],[6.7721,43.5272],[6.7786,43.5213],[6.8038,43.5146],[6.8158,43.5163],[6.8259,43.521],[6.8493,43.5237],[6.863,43.5319],[6.8791,43.5324],[6.8833,43.5286],[6.8964,43.5272],[6.8917,43.513],[6.8842,43.5025],[6.8686,43.5052],[6.8577,43.5026],[6.844,43.5098],[6.8338,43.5063],[6.8183,43.4923],[6.8138,43.4862],[6.811,43.4761],[6.7772,43.45],[6.7673,43.4357],[6.7637,43.4245]]]}},{"type":"Feature","properties":{"code":"83071","nom":"Londe-les-Maures","app":16.35,"app_bas":13.2,"app_haut":20.25,"app_ech":"commune","app_obs":1005,"mai":17.47,"mai_bas":12.66,"mai_haut":24.1,"mai_ech":"commune","mai_obs":185,"a12":19.31,"a3":13.95,"pxa":5800,"pxm":5167,"napp":541,"nmai":349,"ra":2.81,"rm":3.34},"geometry":{"type":"Polygon","coordinates":[[[6.3245,43.1983],[6.3229,43.1859],[6.3075,43.1821],[6.2957,43.1824],[6.2913,43.1752],[6.2882,43.1627],[6.2875,43.1453],[6.2776,43.1319],[6.2718,43.121],[6.2653,43.121],[6.2413,43.1139],[6.2343,43.113],[6.2322,43.1197],[6.2178,43.125],[6.1951,43.1254],[6.195,43.1333],[6.2022,43.1426],[6.203,43.1631],[6.1805,43.1867],[6.1743,43.1873],[6.1617,43.1939],[6.1632,43.2026],[6.186,43.2031],[6.2111,43.2062],[6.2283,43.2099],[6.2408,43.2152],[6.2512,43.2029],[6.26,43.2053],[6.2857,43.1996],[6.303,43.2039],[6.3107,43.2042],[6.3245,43.1983]]]}},{"type":"Feature","properties":{"code":"83017","nom":"Belgentier","app":12.39,"app_bas":9.61,"app_haut":15.96,"app_ech":"commune","app_obs":242,"mai":14.25,"mai_bas":10.61,"mai_haut":19.13,"mai_ech":"maille","mai_obs":66,"a12":14.42,"a3":12.91,"pxa":2614,"pxm":2771,"napp":35,"nmai":55,"ra":4.83,"rm":5.21},"geometry":{"type":"Polygon","coordinates":[[[5.9702,43.2399],[5.9693,43.2462],[5.9784,43.2492],[5.9975,43.2586],[6.0048,43.2566],[6.0168,43.2569],[6.0168,43.2488],[6.0217,43.2415],[6.0181,43.231],[6.0044,43.2223],[5.9916,43.2231],[5.9801,43.2208],[5.9752,43.2268],[5.9702,43.2399]]]}},{"type":"Feature","properties":{"code":"83035","nom":"Castellet","app":15.71,"app_bas":12.72,"app_haut":19.4,"app_ech":"commune","app_obs":344,"mai":14.84,"mai_bas":10.54,"mai_haut":20.91,"mai_ech":"commune","mai_obs":133,"a12":19.01,"a3":15.1,"pxa":4293,"pxm":4301,"napp":45,"nmai":184,"ra":3.67,"rm":3.49},"geometry":{"type":"Polygon","coordinates":[[[5.7667,43.1587],[5.7647,43.1593],[5.7734,43.1685],[5.7553,43.2174],[5.7374,43.2284],[5.7175,43.2353],[5.7045,43.2417],[5.7012,43.2472],[5.7208,43.2564],[5.742,43.2631],[5.7609,43.2673],[5.7725,43.2647],[5.7933,43.257],[5.8066,43.2505],[5.8047,43.2368],[5.7933,43.2131],[5.792,43.1826],[5.787,43.1625],[5.7667,43.1587]]]}},{"type":"Feature","properties":{"code":"83057","nom":"Flassans-sur-Issole","app":12.45,"app_bas":9.86,"app_haut":15.73,"app_ech":"commune","app_obs":279,"mai":13.34,"mai_bas":9.28,"mai_haut":19.18,"mai_ech":"commune","mai_obs":129,"a12":14.48,"a3":10.3,"pxa":2048,"pxm":1818,"napp":40,"nmai":129,"ra":6.19,"rm":7.44},"geometry":{"type":"Polygon","coordinates":[[[6.1752,43.3708],[6.1791,43.3778],[6.1732,43.3815],[6.1572,43.385],[6.1628,43.3948],[6.166,43.4088],[6.1805,43.4102],[6.2004,43.4083],[6.209,43.4058],[6.2262,43.3971],[6.236,43.3979],[6.2561,43.395],[6.2646,43.3917],[6.2682,43.3715],[6.2757,43.3573],[6.2736,43.3524],[6.2644,43.3478],[6.2488,43.3337],[6.2305,43.3362],[6.234,43.3461],[6.2219,43.3537],[6.1886,43.3642],[6.1752,43.3708]]]}},{"type":"Feature","properties":{"code":"83058","nom":"Flayosc","app":11.53,"app_bas":9.36,"app_haut":14.21,"app_ech":"commune","app_obs":449,"mai":12.07,"mai_bas":9.01,"mai_haut":16.15,"mai_ech":"maille","mai_obs":86,"a12":14.68,"a3":11.15,"pxa":2066,"pxm":2013,"napp":92,"nmai":211,"ra":5.76,"rm":6.14},"geometry":{"type":"Polygon","coordinates":[[[6.3262,43.5173],[6.3248,43.5204],[6.3057,43.5364],[6.3113,43.5448],[6.3203,43.5472],[6.3259,43.5621],[6.3384,43.5643],[6.3443,43.5751],[6.3525,43.584],[6.3636,43.5817],[6.3916,43.5706],[6.4004,43.5586],[6.3969,43.5495],[6.4062,43.5397],[6.4093,43.5311],[6.4073,43.5077],[6.4019,43.5034],[6.3914,43.5067],[6.3752,43.5161],[6.3621,43.5127],[6.3461,43.5164],[6.3262,43.5173]]]}},{"type":"Feature","properties":{"code":"83141","nom":"Trans-en-Provence","app":12.03,"app_bas":9.83,"app_haut":14.71,"app_ech":"commune","app_obs":712,"mai":15,"mai_bas":10.9,"mai_haut":20.63,"mai_ech":"commune","mai_obs":133,"a12":14.61,"a3":13.07,"pxa":1932,"pxm":2178,"napp":85,"nmai":169,"ra":6.38,"rm":6.95},"geometry":{"type":"Polygon","coordinates":[[[6.4507,43.5019],[6.4558,43.5059],[6.4753,43.5151],[6.4992,43.5212],[6.5247,43.5195],[6.5191,43.512],[6.5151,43.4907],[6.5068,43.4828],[6.4767,43.4869],[6.4573,43.4916],[6.4497,43.4953],[6.4507,43.5019]]]}},{"type":"Feature","properties":{"code":"83126","nom":"Seyne-sur-Mer","app":14.81,"app_bas":11.46,"app_haut":19.15,"app_ech":"commune","app_obs":8340,"mai":16.71,"mai_bas":11.58,"mai_haut":24.1,"mai_ech":"commune","mai_obs":608,"a12":16.73,"a3":13.53,"pxa":3066,"pxm":4405,"napp":2573,"nmai":731,"ra":4.89,"rm":3.77},"geometry":{"type":"Polygon","coordinates":[[[5.8492,43.1215],[5.8597,43.1214],[5.8856,43.1171],[5.889,43.1101],[5.8868,43.1035],[5.901,43.104],[5.9091,43.1005],[5.907,43.0939],[5.9013,43.0916],[5.8948,43.0817],[5.9039,43.0789],[5.9036,43.0734],[5.8985,43.0776],[5.8871,43.0772],[5.8658,43.0599],[5.8575,43.0466],[5.8476,43.0497],[5.847,43.0747],[5.8544,43.0911],[5.85,43.1072],[5.8492,43.1215]]]}},{"type":"Feature","properties":{"code":"83102","nom":"Régusse","app":11.18,"app_bas":9.16,"app_haut":13.65,"app_ech":"maille","app_obs":48,"mai":10.13,"mai_bas":6.6,"mai_haut":15.57,"mai_ech":"maille","mai_obs":72,"a12":13.45,"a3":8.44,"pxa":null,"pxm":1736,"napp":17,"nmai":172,"ra":null,"rm":6.11},"geometry":{"type":"Polygon","coordinates":[[[6.1462,43.6818],[6.1595,43.686],[6.1748,43.6974],[6.1935,43.6843],[6.1768,43.6779],[6.1598,43.6608],[6.1479,43.644],[6.1249,43.6211],[6.1174,43.6244],[6.1118,43.6363],[6.1082,43.6494],[6.1093,43.6539],[6.1017,43.6579],[6.0884,43.6591],[6.0724,43.6699],[6.0589,43.67],[6.053,43.6784],[6.059,43.6829],[6.0516,43.6977],[6.0704,43.7049],[6.0852,43.693],[6.094,43.6811],[6.1133,43.6692],[6.128,43.6696],[6.145,43.673],[6.1462,43.6818]]]}},{"type":"Feature","properties":{"code":"83139","nom":"Tourtour","app":11.95,"app_bas":9.22,"app_haut":15.49,"app_ech":"maille","app_obs":16,"mai":12.07,"mai_bas":9.01,"mai_haut":16.15,"mai_ech":"maille","mai_obs":6,"a12":13.45,"a3":10.69,"pxa":null,"pxm":1606,"napp":7,"nmai":40,"ra":null,"rm":7.7},"geometry":{"type":"Polygon","coordinates":[[[6.29,43.6255],[6.3144,43.626],[6.3184,43.6193],[6.3315,43.6082],[6.3525,43.584],[6.3443,43.5751],[6.3384,43.5643],[6.3259,43.5621],[6.3128,43.564],[6.2847,43.5832],[6.2728,43.5924],[6.2671,43.5944],[6.2679,43.5972],[6.2837,43.6139],[6.29,43.6255]]]}},{"type":"Feature","properties":{"code":"83148","nom":"Vidauban","app":12.82,"app_bas":10.15,"app_haut":16.19,"app_ech":"commune","app_obs":1289,"mai":13.26,"mai_bas":9.94,"mai_haut":17.68,"mai_ech":"commune","mai_obs":301,"a12":15.15,"a3":11.84,"pxa":2400,"pxm":2418,"napp":233,"nmai":454,"ra":5.42,"rm":5.56},"geometry":{"type":"Polygon","coordinates":[[[6.5211,43.3727],[6.51,43.3786],[6.5,43.3793],[6.4887,43.3772],[6.4748,43.3772],[6.4504,43.3626],[6.4355,43.3561],[6.4276,43.3548],[6.417,43.3589],[6.4133,43.3655],[6.4155,43.3716],[6.4089,43.3804],[6.3878,43.3974],[6.381,43.4097],[6.3812,43.4269],[6.3744,43.4301],[6.3864,43.4384],[6.3934,43.4488],[6.3981,43.4601],[6.409,43.4489],[6.4408,43.4342],[6.4598,43.4238],[6.4937,43.4106],[6.5098,43.4118],[6.5371,43.4046],[6.543,43.3972],[6.5414,43.3921],[6.542,43.3748],[6.5278,43.3714],[6.5211,43.3727]]]}},{"type":"Feature","properties":{"code":"83001","nom":"Adrets-de-l'Estérel","app":17.37,"app_bas":14.38,"app_haut":20.98,"app_ech":"maille","app_obs":54,"mai":18.46,"mai_bas":13.61,"mai_haut":25.04,"mai_ech":"maille","mai_obs":22,"a12":19.96,"a3":16.46,"pxa":null,"pxm":2906,"napp":22,"nmai":90,"ra":null,"rm":6.23},"geometry":{"type":"Polygon","coordinates":[[[6.7961,43.5642],[6.813,43.5587],[6.8246,43.5518],[6.8374,43.5413],[6.859,43.5362],[6.863,43.5319],[6.8493,43.5237],[6.8259,43.521],[6.8158,43.5163],[6.8038,43.5146],[6.7786,43.5213],[6.7721,43.5272],[6.7768,43.5439],[6.7891,43.5474],[6.7961,43.5642]]]}},{"type":"Feature","properties":{"code":"83122","nom":"Salles-sur-Verdon","app":11.95,"app_bas":9.22,"app_haut":15.49,"app_ech":"maille","app_obs":7,"mai":9.74,"mai_bas":6.84,"mai_haut":13.88,"mai_ech":"maille","mai_obs":1,"a12":13.15,"a3":8.44,"pxa":null,"pxm":null,"napp":15,"nmai":19,"ra":null,"rm":null},"geometry":{"type":"Polygon","coordinates":[[[6.1884,43.7761],[6.1982,43.7881],[6.2095,43.7969],[6.2242,43.7998],[6.2146,43.7848],[6.2182,43.759],[6.2232,43.7453],[6.2207,43.7339],[6.2144,43.7376],[6.2032,43.7493],[6.1884,43.7571],[6.1842,43.7656],[6.1884,43.7761]]]}},{"type":"Feature","properties":{"code":"83019","nom":"Bormes-les-Mimosas","app":17,"app_bas":13.58,"app_haut":21.29,"app_ech":"commune","app_obs":902,"mai":17.4,"mai_bas":12.64,"mai_haut":23.94,"mai_ech":"maille","mai_obs":95,"a12":18.84,"a3":15.16,"pxa":5400,"pxm":5636,"napp":654,"nmai":312,"ra":3.12,"rm":3.05},"geometry":{"type":"Polygon","coordinates":[[[6.3245,43.1983],[6.3441,43.2036],[6.3679,43.2188],[6.3866,43.2187],[6.3971,43.2289],[6.4104,43.2231],[6.444,43.2209],[6.4511,43.2076],[6.4446,43.2071],[6.4258,43.2006],[6.4158,43.199],[6.4184,43.1894],[6.4164,43.1841],[6.3989,43.1681],[6.3743,43.1663],[6.3588,43.1421],[6.3518,43.1378],[6.3505,43.1302],[6.3639,43.1257],[6.3598,43.1199],[6.3599,43.1051],[6.3684,43.1023],[6.3657,43.0957],[6.3683,43.0899],[6.3493,43.0882],[6.3325,43.0911],[6.3254,43.0954],[6.3167,43.1062],[6.3092,43.1083],[6.2882,43.1087],[6.2882,43.1142],[6.2718,43.121],[6.2776,43.1319],[6.2875,43.1453],[6.2882,43.1627],[6.2913,43.1752],[6.2957,43.1824],[6.3075,43.1821],[6.3229,43.1859],[6.3245,43.1983]]]}},{"type":"Feature","properties":{"code":"83062","nom":"Garde","app":16.21,"app_bas":13.01,"app_haut":20.2,"app_ech":"commune","app_obs":2602,"mai":16.37,"mai_bas":11.46,"mai_haut":23.39,"mai_ech":"commune","mai_obs":249,"a12":18.68,"a3":14.22,"pxa":3134,"pxm":4531,"napp":666,"nmai":291,"ra":5.16,"rm":3.6},"geometry":{"type":"Polygon","coordinates":[[[6.0459,43.11],[6.0241,43.1178],[6.0029,43.1111],[5.9933,43.105],[5.9791,43.1065],[5.9809,43.1158],[5.9856,43.1232],[5.9915,43.1248],[6.0173,43.1376],[6.0222,43.1512],[6.0256,43.1547],[6.0433,43.1493],[6.0451,43.1205],[6.054,43.1159],[6.0459,43.11]]]}},{"type":"Feature","properties":{"code":"83054","nom":"Farlède","app":15.34,"app_bas":12.15,"app_haut":19.37,"app_ech":"commune","app_obs":992,"mai":16.19,"mai_bas":12.14,"mai_haut":21.6,"mai_ech":"commune","mai_obs":128,"a12":17.41,"a3":13.85,"pxa":3657,"pxm":3988,"napp":159,"nmai":177,"ra":4.22,"rm":4.05},"geometry":{"type":"Polygon","coordinates":[[[6.0093,43.161],[6.0278,43.1661],[6.0346,43.1759],[6.0391,43.1769],[6.0593,43.1692],[6.0631,43.1606],[6.0738,43.159],[6.0641,43.1522],[6.0433,43.1493],[6.0256,43.1547],[6.0093,43.161]]]}},{"type":"Feature","properties":{"code":"83056","nom":"Figanières","app":11.75,"app_bas":9.25,"app_haut":14.91,"app_ech":"maille","app_obs":76,"mai":12.07,"mai_bas":9.01,"mai_haut":16.15,"mai_ech":"maille","mai_obs":76,"a12":14.87,"a3":11.81,"pxa":null,"pxm":1970,"napp":16,"nmai":100,"ra":null,"rm":6.28},"geometry":{"type":"Polygon","coordinates":[[[6.4419,43.5725],[6.4402,43.5779],[6.4577,43.5896],[6.4873,43.5965],[6.5001,43.5918],[6.5145,43.5821],[6.5195,43.5758],[6.5421,43.56],[6.542,43.5413],[6.5443,43.5369],[6.5335,43.5329],[6.4928,43.5515],[6.4853,43.5581],[6.4641,43.5687],[6.4419,43.5725]]]}},{"type":"Feature","properties":{"code":"83091","nom":"Pierrefeu-du-Var","app":13.25,"app_bas":10.47,"app_haut":16.79,"app_ech":"commune","app_obs":502,"mai":14.41,"mai_bas":10.45,"mai_haut":19.85,"mai_ech":"commune","mai_obs":130,"a12":14.8,"a3":11.74,"pxa":3103,"pxm":3409,"napp":108,"nmai":163,"ra":4.33,"rm":4.29},"geometry":{"type":"Polygon","coordinates":[[[6.248,43.2556],[6.2476,43.2458],[6.2427,43.2418],[6.2395,43.2309],[6.2408,43.2152],[6.2283,43.2099],[6.2111,43.2062],[6.186,43.2031],[6.1632,43.2026],[6.1347,43.2069],[6.141,43.2113],[6.1401,43.2157],[6.1325,43.2224],[6.1139,43.2275],[6.1125,43.2349],[6.1145,43.252],[6.1239,43.2571],[6.1576,43.2673],[6.1655,43.2677],[6.1987,43.2569],[6.2132,43.2556],[6.248,43.2556]]]}},{"type":"Feature","properties":{"code":"83002","nom":"Aiguines","app":10.61,"app_bas":8.61,"app_haut":13.06,"app_ech":"maille","app_obs":1,"mai":9.74,"mai_bas":6.84,"mai_haut":13.88,"mai_ech":"maille","mai_obs":2,"a12":13.15,"a3":8.88,"pxa":null,"pxm":null,"napp":0,"nmai":0,"ra":null,"rm":null},"geometry":{"type":"Polygon","coordinates":[[[6.2697,43.6912],[6.2654,43.7],[6.2575,43.7069],[6.2457,43.711],[6.2438,43.7307],[6.2279,43.7316],[6.2207,43.7339],[6.2232,43.7453],[6.2182,43.759],[6.2146,43.7848],[6.2242,43.7998],[6.2496,43.8016],[6.2542,43.8004],[6.2599,43.7926],[6.2629,43.7819],[6.2995,43.7644],[6.3054,43.7632],[6.319,43.7545],[6.3263,43.7469],[6.3406,43.7431],[6.3494,43.7378],[6.357,43.7364],[6.3747,43.743],[6.3835,43.7344],[6.4006,43.7136],[6.4122,43.6959],[6.4251,43.6857],[6.4182,43.6839],[6.3782,43.6845],[6.3544,43.6823],[6.3415,43.6759],[6.3132,43.6711],[6.3034,43.6751],[6.298,43.6857],[6.2841,43.6925],[6.2697,43.6912]]]}},{"type":"Feature","properties":{"code":"83044","nom":"Comps-sur-Artuby","app":11.75,"app_bas":9.25,"app_haut":14.91,"app_ech":"maille","app_obs":25,"mai":11,"mai_bas":8,"mai_haut":15.12,"mai_ech":"maille","mai_obs":1,"a12":13.35,"a3":11.81,"pxa":null,"pxm":null,"napp":0,"nmai":0,"ra":null,"rm":null},"geometry":{"type":"Polygon","coordinates":[[[6.4459,43.6776],[6.4452,43.6777],[6.448,43.7081],[6.4524,43.7147],[6.4801,43.7365],[6.4926,43.7516],[6.5071,43.751],[6.5139,43.7562],[6.522,43.7544],[6.5201,43.7445],[6.5243,43.7326],[6.5388,43.7338],[6.5438,43.7213],[6.5532,43.7095],[6.563,43.7082],[6.565,43.6996],[6.5647,43.6883],[6.5481,43.6808],[6.5269,43.6769],[6.5269,43.6623],[6.5119,43.6597],[6.4955,43.6619],[6.4876,43.672],[6.4751,43.6694],[6.4459,43.6776]]]}},{"type":"Feature","properties":{"code":"83065","nom":"Gassin","app":22.6,"app_bas":15.5,"app_haut":32.94,"app_ech":"maille","app_obs":73,"mai":17.75,"mai_bas":11.01,"mai_haut":28.61,"mai_ech":"maille","mai_obs":47,"a12":25.18,"a3":20.92,"pxa":6977,"pxm":7041,"napp":87,"nmai":192,"ra":3.08,"rm":2.49},"geometry":{"type":"Polygon","coordinates":[[[6.6236,43.2653],[6.6364,43.2549],[6.618,43.2476],[6.6094,43.2405],[6.6012,43.2164],[6.5957,43.2176],[6.5794,43.2135],[6.5549,43.2151],[6.5388,43.2238],[6.5546,43.231],[6.5654,43.2545],[6.5713,43.261],[6.5784,43.2637],[6.5935,43.2623],[6.6236,43.2653]]]}},{"type":"Feature","properties":{"code":"83132","nom":"Solliès-Ville","app":13.17,"app_bas":9.92,"app_haut":17.47,"app_ech":"commune","app_obs":228,"mai":16.16,"mai_bas":12.1,"mai_haut":21.57,"mai_ech":"maille","mai_obs":37,"a12":16.44,"a3":13.23,"pxa":null,"pxm":2884,"napp":20,"nmai":56,"ra":null,"rm":5.6},"geometry":{"type":"Polygon","coordinates":[[[5.9719,43.1964],[5.9743,43.1995],[5.9963,43.193],[6.0021,43.1847],[6.0089,43.1793],[6.0207,43.1815],[6.0232,43.1955],[6.0285,43.1984],[6.0395,43.1858],[6.055,43.1762],[6.0678,43.1738],[6.0733,43.169],[6.0738,43.159],[6.0631,43.1606],[6.0593,43.1692],[6.0391,43.1769],[6.0346,43.1759],[6.0278,43.1661],[6.0093,43.161],[5.9977,43.1646],[5.9719,43.1964]]]}},{"type":"Feature","properties":{"code":"83031","nom":"Cannet-des-Maures","app":14.28,"app_bas":11.36,"app_haut":17.96,"app_ech":"commune","app_obs":296,"mai":12.94,"mai_bas":9.68,"mai_haut":17.3,"mai_ech":"commune","mai_obs":226,"a12":14.35,"a3":12.82,"pxa":2138,"pxm":2683,"napp":46,"nmai":139,"ra":6.77,"rm":4.89},"geometry":{"type":"Polygon","coordinates":[[[6.3661,43.3467],[6.3462,43.3694],[6.3334,43.3788],[6.3284,43.3861],[6.321,43.4101],[6.3034,43.4246],[6.326,43.4381],[6.3361,43.441],[6.3528,43.4398],[6.3642,43.4332],[6.3744,43.4301],[6.3812,43.4269],[6.381,43.4097],[6.3878,43.3974],[6.4089,43.3804],[6.4155,43.3716],[6.4133,43.3655],[6.417,43.3589],[6.4276,43.3548],[6.429,43.3448],[6.4258,43.341],[6.425,43.3315],[6.4273,43.3246],[6.4332,43.3196],[6.4368,43.3091],[6.4328,43.3011],[6.4213,43.3024],[6.4095,43.2975],[6.403,43.2993],[6.3788,43.3276],[6.3661,43.3467]]]}},{"type":"Feature","properties":{"code":"83143","nom":"Val","app":11.33,"app_bas":9,"app_haut":14.28,"app_ech":"commune","app_obs":416,"mai":12.98,"mai_bas":8.9,"mai_haut":18.95,"mai_ech":"commune","mai_obs":132,"a12":13.42,"a3":10.82,"pxa":2498,"pxm":2041,"napp":30,"nmai":179,"ra":4.69,"rm":6.45},"geometry":{"type":"Polygon","coordinates":[[[6.1079,43.4329],[6.0772,43.4306],[6.0429,43.4247],[6.0268,43.4242],[5.988,43.4307],[5.9882,43.4452],[5.9976,43.4693],[6.0122,43.4625],[6.0188,43.4629],[6.0431,43.4558],[6.048,43.4618],[6.0593,43.4568],[6.0608,43.4631],[6.0676,43.47],[6.078,43.4631],[6.0858,43.4614],[6.1091,43.4598],[6.1155,43.4641],[6.1222,43.4557],[6.1262,43.4461],[6.1084,43.4379],[6.1079,43.4329]]]}},{"type":"Feature","properties":{"code":"83147","nom":"Vérignon","app":11.95,"app_bas":9.22,"app_haut":15.49,"app_ech":"maille","app_obs":0,"mai":12.07,"mai_bas":9.01,"mai_haut":16.15,"mai_ech":"maille","mai_obs":0,"a12":13.45,"a3":8.44,"pxa":null,"pxm":null,"napp":0,"nmai":0,"ra":null,"rm":null},"geometry":{"type":"Polygon","coordinates":[[[6.2697,43.6912],[6.2841,43.6925],[6.298,43.6857],[6.3034,43.6751],[6.3132,43.6711],[6.3166,43.661],[6.3251,43.6605],[6.3271,43.6516],[6.3117,43.6373],[6.3144,43.626],[6.29,43.6255],[6.2859,43.6341],[6.271,43.6469],[6.2454,43.6556],[6.2158,43.6692],[6.2084,43.6695],[6.2028,43.675],[6.2637,43.6888],[6.2697,43.6912]]]}},{"type":"Feature","properties":{"code":"83110","nom":"Rougiers","app":13.15,"app_bas":10.31,"app_haut":16.77,"app_ech":"commune","app_obs":301,"mai":13.23,"mai_bas":9.61,"mai_haut":18.21,"mai_ech":"maille","mai_obs":38,"a12":15.09,"a3":11.43,"pxa":null,"pxm":2635,"napp":25,"nmai":53,"ra":null,"rm":5.09},"geometry":{"type":"Polygon","coordinates":[[[5.8244,43.3542],[5.821,43.3666],[5.8268,43.3718],[5.8282,43.3846],[5.8217,43.3923],[5.8554,43.4099],[5.8587,43.4149],[5.8682,43.4196],[5.8688,43.4048],[5.874,43.3981],[5.8754,43.3831],[5.8803,43.3713],[5.8643,43.3601],[5.8525,43.3602],[5.8244,43.3542]]]}},{"type":"Feature","properties":{"code":"83045","nom":"Correns","app":10.72,"app_bas":8.51,"app_haut":13.51,"app_ech":"maille","app_obs":59,"mai":11.62,"mai_bas":7.99,"mai_haut":16.91,"mai_ech":"maille","mai_obs":33,"a12":14.21,"a3":9.87,"pxa":null,"pxm":1717,"napp":11,"nmai":47,"ra":null,"rm":6.98},"geometry":{"type":"Polygon","coordinates":[[[6.1159,43.4659],[6.1155,43.4641],[6.1091,43.4598],[6.0858,43.4614],[6.078,43.4631],[6.0676,43.47],[6.0608,43.4631],[6.0593,43.4568],[6.048,43.4618],[6.0431,43.4558],[6.0188,43.4629],[6.0122,43.4625],[5.9927,43.4709],[6.0012,43.4727],[6.0177,43.4719],[6.0282,43.476],[6.0424,43.4893],[6.043,43.4961],[6.0491,43.5088],[6.0546,43.5152],[6.0876,43.5208],[6.1041,43.5168],[6.1109,43.5064],[6.1085,43.5007],[6.1119,43.4936],[6.0967,43.474],[6.1015,43.4687],[6.1079,43.4702],[6.1159,43.4659]]]}},{"type":"Feature","properties":{"code":"83105","nom":"Riboux","app":12.95,"app_bas":10.16,"app_haut":16.52,"app_ech":"maille","app_obs":22,"mai":13.23,"mai_bas":9.61,"mai_haut":18.21,"mai_ech":"maille","mai_obs":15,"a12":16.6,"a3":10.9,"pxa":null,"pxm":null,"napp":0,"nmai":0,"ra":null,"rm":null},"geometry":{"type":"Polygon","coordinates":[[[5.7266,43.3174],[5.779,43.3306],[5.7781,43.3079],[5.7754,43.3051],[5.7718,43.2875],[5.7628,43.2824],[5.7498,43.2893],[5.7375,43.3015],[5.7266,43.3174]]]}},{"type":"Feature","properties":{"code":"83077","nom":"Méounes-lès-Montrieux","app":12.69,"app_bas":9.94,"app_haut":16.2,"app_ech":"commune","app_obs":250,"mai":14.25,"mai_bas":10.61,"mai_haut":19.13,"mai_ech":"maille","mai_obs":43,"a12":14.73,"a3":12.04,"pxa":null,"pxm":1965,"napp":12,"nmai":69,"ra":null,"rm":7.35},"geometry":{"type":"Polygon","coordinates":[[[5.9336,43.3075],[5.974,43.3078],[5.9857,43.3093],[5.9961,43.2937],[6.0059,43.2753],[6.0221,43.2689],[6.0286,43.2628],[6.0168,43.2569],[6.0048,43.2566],[5.9975,43.2586],[5.9784,43.2492],[5.9693,43.2462],[5.9702,43.2399],[5.9453,43.2386],[5.9293,43.2304],[5.9327,43.2629],[5.9353,43.2769],[5.9298,43.2894],[5.9308,43.2965],[5.9358,43.3043],[5.9336,43.3075]]]}},{"type":"Feature","properties":{"code":"83103","nom":"Revest-les-Eaux","app":13.72,"app_bas":10.34,"app_haut":18.21,"app_ech":"commune","app_obs":255,"mai":16.16,"mai_bas":12.1,"mai_haut":21.57,"mai_ech":"maille","mai_obs":76,"a12":16.68,"a3":13.23,"pxa":null,"pxm":3766,"napp":28,"nmai":109,"ra":null,"rm":4.28},"geometry":{"type":"Polygon","coordinates":[[[5.9719,43.1964],[5.9907,43.1736],[5.9852,43.164],[5.971,43.168],[5.9592,43.1665],[5.9547,43.1601],[5.9425,43.1643],[5.9254,43.1633],[5.9089,43.1672],[5.9022,43.1714],[5.9041,43.1838],[5.9246,43.1954],[5.9333,43.2026],[5.9396,43.216],[5.9644,43.1977],[5.9719,43.1964]]]}},{"type":"Feature","properties":{"code":"83079","nom":"Môle","app":17.31,"app_bas":13.81,"app_haut":21.69,"app_ech":"maille","app_obs":58,"mai":17.4,"mai_bas":12.64,"mai_haut":23.94,"mai_ech":"maille","mai_obs":40,"a12":20.96,"a3":15.86,"pxa":4078,"pxm":4176,"napp":32,"nmai":53,"ra":4.2,"rm":4.12},"geometry":{"type":"Polygon","coordinates":[[[6.5009,43.1815],[6.4758,43.1691],[6.4521,43.172],[6.4443,43.1841],[6.4535,43.1962],[6.4511,43.2076],[6.444,43.2209],[6.443,43.2248],[6.4489,43.2369],[6.4516,43.2484],[6.4459,43.2601],[6.446,43.2699],[6.4654,43.2707],[6.4706,43.2673],[6.4711,43.2633],[6.4795,43.2525],[6.4922,43.2442],[6.5129,43.2261],[6.5209,43.216],[6.5244,43.2079],[6.5165,43.204],[6.508,43.1924],[6.5008,43.1886],[6.5009,43.1815]]]}},{"type":"Feature","properties":{"code":"83153","nom":"Saint-Mandrier-sur-Mer","app":15.92,"app_bas":12.85,"app_haut":19.73,"app_ech":"commune","app_obs":773,"mai":16.97,"mai_bas":11.77,"mai_haut":24.47,"mai_ech":"maille","mai_obs":43,"a12":18.25,"a3":14.85,"pxa":4694,"pxm":5049,"napp":455,"nmai":63,"ra":3.39,"rm":3.33},"geometry":{"type":"Polygon","coordinates":[[[5.9039,43.0789],[5.9096,43.0794],[5.9171,43.0858],[5.929,43.0829],[5.9377,43.0846],[5.951,43.0768],[5.9511,43.072],[5.9439,43.0664],[5.9366,43.0717],[5.9286,43.0717],[5.9113,43.0658],[5.9036,43.0734],[5.9039,43.0789]]]}},{"type":"Feature","properties":{"code":"83009","nom":"Bandol","app":18.16,"app_bas":13.88,"app_haut":23.76,"app_ech":"commune","app_obs":1495,"mai":18.69,"mai_bas":13,"mai_haut":26.88,"mai_ech":"commune","mai_obs":176,"a12":19.5,"a3":17.13,"pxa":6466,"pxm":6613,"napp":894,"nmai":182,"ra":2.76,"rm":2.77},"geometry":{"type":"Polygon","coordinates":[[[5.7667,43.1587],[5.7649,43.149],[5.7703,43.139],[5.7523,43.1332],[5.7259,43.1365],[5.7287,43.1463],[5.7287,43.1563],[5.7384,43.1583],[5.7396,43.1649],[5.7667,43.1587]]]}},{"type":"Feature","properties":{"code":"83040","nom":"Châteauvieux","app":15.05,"app_bas":12.08,"app_haut":18.74,"app_ech":"maille","app_obs":0,"mai":9.74,"mai_bas":6.84,"mai_haut":13.88,"mai_ech":"maille","mai_obs":0,"a12":14.73,"a3":9.85,"pxa":null,"pxm":null,"napp":0,"nmai":0,"ra":null,"rm":null},"geometry":{"type":"Polygon","coordinates":[[[6.6378,43.781],[6.6254,43.7823],[6.6043,43.7809],[6.587,43.7721],[6.5774,43.77],[6.5589,43.7767],[6.5541,43.7834],[6.5736,43.7925],[6.5812,43.7981],[6.5869,43.8053],[6.5995,43.8036],[6.62,43.8055],[6.6237,43.8035],[6.6279,43.7916],[6.6364,43.7889],[6.6378,43.781]]]}},{"type":"Feature","properties":{"code":"83131","nom":"Solliès-Toucas","app":13.12,"app_bas":10.22,"app_haut":16.86,"app_ech":"commune","app_obs":411,"mai":14.17,"mai_bas":10.3,"mai_haut":19.49,"mai_ech":"commune","mai_obs":142,"a12":15.71,"a3":12.53,"pxa":2593,"pxm":3384,"napp":52,"nmai":194,"ra":5.13,"rm":4.25},"geometry":{"type":"Polygon","coordinates":[[[5.9719,43.1964],[5.9644,43.1977],[5.9396,43.216],[5.9293,43.2304],[5.9453,43.2386],[5.9702,43.2399],[5.9752,43.2268],[5.9801,43.2208],[5.9916,43.2231],[6.0044,43.2223],[6.0181,43.231],[6.0353,43.2203],[6.0373,43.2049],[6.0232,43.1955],[6.0207,43.1815],[6.0089,43.1793],[6.0021,43.1847],[5.9963,43.193],[5.9743,43.1995],[5.9719,43.1964]]]}},{"type":"Feature","properties":{"code":"83085","nom":"Motte","app":13.97,"app_bas":10.99,"app_haut":17.75,"app_ech":"commune","app_obs":229,"mai":11.41,"mai_bas":7.98,"mai_haut":16.31,"mai_ech":"maille","mai_obs":93,"a12":15.71,"a3":11.81,"pxa":3347,"pxm":2613,"napp":46,"nmai":151,"ra":4.23,"rm":4.51},"geometry":{"type":"Polygon","coordinates":[[[6.5247,43.5195],[6.5335,43.5329],[6.5443,43.5369],[6.5545,43.5383],[6.5832,43.5312],[6.5809,43.5292],[6.5775,43.521],[6.5874,43.5115],[6.5926,43.4951],[6.5917,43.4899],[6.5759,43.4913],[6.5214,43.4796],[6.5068,43.4828],[6.5151,43.4907],[6.5191,43.512],[6.5247,43.5195]]]}},{"type":"Feature","properties":{"code":"83121","nom":"Salernes","app":11.95,"app_bas":9.25,"app_haut":15.43,"app_ech":"commune","app_obs":666,"mai":12.3,"mai_bas":9.21,"mai_haut":16.43,"mai_ech":"maille","mai_obs":69,"a12":11.63,"a3":10.94,"pxa":1732,"pxm":2231,"napp":110,"nmai":154,"ra":7.08,"rm":5.63},"geometry":{"type":"Polygon","coordinates":[[[6.2891,43.5375],[6.2817,43.5321],[6.2548,43.5328],[6.2238,43.535],[6.2088,43.5377],[6.1872,43.5361],[6.1912,43.555],[6.189,43.5927],[6.1954,43.5963],[6.2229,43.5972],[6.2308,43.5961],[6.2438,43.5909],[6.2479,43.5805],[6.265,43.5595],[6.2778,43.549],[6.2891,43.5375]]]}},{"type":"Feature","properties":{"code":"83008","nom":"Bagnols-en-Forêt","app":12.58,"app_bas":9.87,"app_haut":16.03,"app_ech":"commune","app_obs":209,"mai":17.02,"mai_bas":11.68,"mai_haut":24.79,"mai_ech":"maille","mai_obs":55,"a12":16.91,"a3":11.54,"pxa":3515,"pxm":2217,"napp":63,"nmai":134,"ra":3.64,"rm":7.61},"geometry":{"type":"Polygon","coordinates":[[[6.6404,43.5344],[6.6449,43.537],[6.6458,43.5446],[6.673,43.5543],[6.6969,43.5512],[6.7319,43.5521],[6.7437,43.5579],[6.7517,43.5563],[6.7583,43.5511],[6.7723,43.5487],[6.7768,43.5439],[6.7721,43.5272],[6.759,43.5161],[6.7433,43.5143],[6.722,43.5147],[6.7156,43.5104],[6.7063,43.5083],[6.6913,43.5128],[6.6669,43.5157],[6.6472,43.5162],[6.6404,43.5344]]]}},{"type":"Feature","properties":{"code":"83023","nom":"Brignoles","app":13.07,"app_bas":10.09,"app_haut":16.93,"app_ech":"commune","app_obs":2799,"mai":12.62,"mai_bas":9.19,"mai_haut":17.32,"mai_ech":"commune","mai_obs":467,"a12":14.91,"a3":11.68,"pxa":2198,"pxm":2825,"napp":450,"nmai":374,"ra":6.03,"rm":4.54},"geometry":{"type":"Polygon","coordinates":[[[5.9818,43.405],[5.9886,43.4172],[5.988,43.4307],[6.0268,43.4242],[6.0429,43.4247],[6.0772,43.4306],[6.1079,43.4329],[6.1269,43.4216],[6.1414,43.416],[6.1752,43.4179],[6.1655,43.4146],[6.166,43.4088],[6.1628,43.3948],[6.1572,43.385],[6.1482,43.3825],[6.1239,43.3861],[6.0757,43.3903],[6.0763,43.3854],[6.0725,43.3709],[6.0771,43.3684],[6.0919,43.3662],[6.0927,43.3596],[6.1011,43.3562],[6.1014,43.3521],[6.0831,43.3482],[6.0694,43.3471],[6.0616,43.3429],[6.0546,43.3584],[6.0556,43.3652],[6.0345,43.3653],[6.0194,43.3699],[6.0211,43.3746],[6.0456,43.3901],[6.0431,43.4009],[6.0324,43.4021],[6.0192,43.4006],[6.0079,43.4027],[5.9923,43.4005],[5.9818,43.405]]]}},{"type":"Feature","properties":{"code":"83048","nom":"Croix-Valmer","app":19.44,"app_bas":13.31,"app_haut":28.4,"app_ech":"commune","app_obs":269,"mai":17.75,"mai_bas":11.01,"mai_haut":28.61,"mai_ech":"maille","mai_obs":31,"a12":21.4,"a3":16.13,"pxa":6107,"pxm":6873,"napp":298,"nmai":243,"ra":3.1,"rm":2.55},"geometry":{"type":"Polygon","coordinates":[[[6.5304,43.208],[6.5388,43.2238],[6.5549,43.2151],[6.5794,43.2135],[6.5957,43.2176],[6.6012,43.2164],[6.6039,43.2022],[6.6087,43.1953],[6.6158,43.1929],[6.6272,43.1846],[6.6466,43.1678],[6.6355,43.1725],[6.6237,43.1653],[6.6129,43.1659],[6.6005,43.1826],[6.5919,43.1855],[6.5596,43.1886],[6.5523,43.1874],[6.549,43.198],[6.5366,43.2087],[6.5304,43.208]]]}},{"type":"Feature","properties":{"code":"83067","nom":"Gonfaron","app":12.04,"app_bas":9.67,"app_haut":15.01,"app_ech":"commune","app_obs":538,"mai":13.44,"mai_bas":9.32,"mai_haut":19.38,"mai_ech":"commune","mai_obs":204,"a12":14.23,"a3":11.55,"pxa":1687,"pxm":1961,"napp":57,"nmai":175,"ra":7.31,"rm":6.95},"geometry":{"type":"Polygon","coordinates":[[[6.2757,43.3573],[6.2948,43.3506],[6.3232,43.3503],[6.3424,43.3368],[6.3466,43.3381],[6.3462,43.3254],[6.3401,43.3192],[6.3281,43.3116],[6.3248,43.3067],[6.3226,43.2915],[6.33,43.2832],[6.3156,43.2728],[6.3026,43.2759],[6.2955,43.28],[6.2819,43.2965],[6.2711,43.314],[6.2488,43.3337],[6.2644,43.3478],[6.2736,43.3524],[6.2757,43.3573]]]}},{"type":"Feature","properties":{"code":"83075","nom":"Mayons","app":13.7,"app_bas":10.88,"app_haut":17.24,"app_ech":"maille","app_obs":34,"mai":13.46,"mai_bas":9.37,"mai_haut":19.34,"mai_ech":"maille","mai_obs":24,"a12":14.35,"a3":11.82,"pxa":null,"pxm":2287,"napp":5,"nmai":32,"ra":null,"rm":5.97},"geometry":{"type":"Polygon","coordinates":[[[6.3661,43.3467],[6.3788,43.3276],[6.403,43.2993],[6.3987,43.2949],[6.388,43.2903],[6.3831,43.2912],[6.3741,43.2823],[6.3664,43.2777],[6.3555,43.282],[6.3399,43.2798],[6.33,43.2832],[6.3226,43.2915],[6.3248,43.3067],[6.3281,43.3116],[6.3401,43.3192],[6.3462,43.3254],[6.3466,43.3381],[6.3661,43.3467]]]}},{"type":"Feature","properties":{"code":"83036","nom":"Cavalaire-sur-Mer","app":18.37,"app_bas":14.66,"app_haut":23.02,"app_ech":"commune","app_obs":901,"mai":17.75,"mai_bas":11.01,"mai_haut":28.61,"mai_ech":"maille","mai_obs":51,"a12":20.69,"a3":17.01,"pxa":5563,"pxm":5655,"napp":888,"nmai":279,"ra":3.24,"rm":3.09},"geometry":{"type":"Polygon","coordinates":[[[6.5009,43.1815],[6.5008,43.1886],[6.508,43.1924],[6.5165,43.204],[6.5244,43.2079],[6.5366,43.2087],[6.549,43.198],[6.5523,43.1874],[6.5414,43.1823],[6.5341,43.1728],[6.5363,43.1651],[6.5228,43.1653],[6.5088,43.1566],[6.4935,43.1502],[6.4906,43.153],[6.497,43.1735],[6.5009,43.1815]]]}},{"type":"Feature","properties":{"code":"83063","nom":"Garde-Freinet","app":14.99,"app_bas":11.91,"app_haut":18.87,"app_ech":"commune","app_obs":174,"mai":13.85,"mai_bas":10.37,"mai_haut":18.5,"mai_ech":"maille","mai_obs":27,"a12":16.38,"a3":12.3,"pxa":3110,"pxm":2811,"napp":53,"nmai":131,"ra":4.87,"rm":5},"geometry":{"type":"Polygon","coordinates":[[[6.388,43.2903],[6.3987,43.2949],[6.403,43.2993],[6.4095,43.2975],[6.4213,43.3024],[6.4328,43.3011],[6.4368,43.3091],[6.4332,43.3196],[6.4273,43.3246],[6.425,43.3315],[6.4258,43.341],[6.429,43.3448],[6.4276,43.3548],[6.4355,43.3561],[6.4504,43.3626],[6.4748,43.3772],[6.4887,43.3772],[6.5,43.3793],[6.51,43.3786],[6.5211,43.3727],[6.5195,43.366],[6.5221,43.3488],[6.5165,43.3435],[6.5019,43.3392],[6.4999,43.3345],[6.5049,43.3273],[6.5205,43.324],[6.5285,43.3131],[6.525,43.3053],[6.5141,43.3004],[6.4962,43.2894],[6.4549,43.2789],[6.4216,43.2773],[6.4062,43.2755],[6.3987,43.2698],[6.3917,43.2698],[6.3869,43.2864],[6.388,43.2903]]]}},{"type":"Feature","properties":{"code":"83082","nom":"Montferrat","app":11.75,"app_bas":9.25,"app_haut":14.91,"app_ech":"maille","app_obs":71,"mai":12.07,"mai_bas":9.01,"mai_haut":16.15,"mai_ech":"maille","mai_obs":15,"a12":13.35,"a3":11.81,"pxa":null,"pxm":null,"napp":19,"nmai":18,"ra":null,"rm":null},"geometry":{"type":"Polygon","coordinates":[[[6.4459,43.6776],[6.4751,43.6694],[6.4876,43.672],[6.4955,43.6619],[6.4975,43.6465],[6.5056,43.632],[6.5095,43.6128],[6.5212,43.6085],[6.5168,43.6025],[6.5176,43.5937],[6.5138,43.5898],[6.5001,43.5918],[6.4873,43.5965],[6.4868,43.6003],[6.4767,43.6063],[6.4622,43.6206],[6.4609,43.6299],[6.4515,43.6369],[6.4352,43.653],[6.4459,43.6776]]]}},{"type":"Feature","properties":{"code":"83092","nom":"Pignans","app":11.8,"app_bas":9.36,"app_haut":14.89,"app_ech":"commune","app_obs":536,"mai":13.76,"mai_bas":9.55,"mai_haut":19.84,"mai_ech":"commune","mai_obs":187,"a12":13.31,"a3":10,"pxa":1807,"pxm":2636,"napp":63,"nmai":189,"ra":6.71,"rm":5.29},"geometry":{"type":"Polygon","coordinates":[[[6.2114,43.3195],[6.2195,43.327],[6.2265,43.3287],[6.2305,43.3362],[6.2488,43.3337],[6.2711,43.314],[6.2819,43.2965],[6.2955,43.28],[6.3026,43.2759],[6.3156,43.2728],[6.3041,43.2707],[6.2785,43.2632],[6.2472,43.2644],[6.241,43.2789],[6.2306,43.2845],[6.2244,43.2904],[6.2141,43.3089],[6.2114,43.3195]]]}}]}